ts,metric,labels,value
1783695010,replicas_status,deployment=workload-cloud,1.0
1783695020,replicas_status,deployment=workload-cloud,1.0
1783695030,replicas_status,deployment=workload-cloud,1.0
1783695040,replicas_status,deployment=workload-cloud,1.0
1783695050,replicas_status,deployment=workload-cloud,1.0
1783695060,replicas_status,deployment=workload-cloud,1.0
1783695070,replicas_status,deployment=workload-cloud,1.0
1783695080,replicas_status,deployment=workload-cloud,1.0
1783695090,replicas_status,deployment=workload-cloud,1.0
1783695100,replicas_status,deployment=workload-cloud,1.0
1783695110,replicas_status,deployment=workload-cloud,2.0
1783695120,replicas_status,deployment=workload-cloud,2.0
1783695130,replicas_status,deployment=workload-cloud,2.0
1783695140,replicas_status,deployment=workload-cloud,2.0
1783695150,replicas_status,deployment=workload-cloud,2.0
1783695160,replicas_status,deployment=workload-cloud,2.0
1783695170,replicas_status,deployment=workload-cloud,3.0
1783695180,replicas_status,deployment=workload-cloud,3.0
1783695190,replicas_status,deployment=workload-cloud,3.0
1783695200,replicas_status,deployment=workload-cloud,3.0
1783695210,replicas_status,deployment=workload-cloud,3.0
1783695220,replicas_status,deployment=workload-cloud,5.0
1783695230,replicas_status,deployment=workload-cloud,5.0
1783695240,replicas_status,deployment=workload-cloud,5.0
1783695250,replicas_status,deployment=workload-cloud,6.0
1783695260,replicas_status,deployment=workload-cloud,6.0
1783695270,replicas_status,deployment=workload-cloud,6.0
1783695280,replicas_status,deployment=workload-cloud,6.0
1783695290,replicas_status,deployment=workload-cloud,6.0
1783695300,replicas_status,deployment=workload-cloud,6.0
1783695310,replicas_status,deployment=workload-cloud,6.0
1783695320,replicas_status,deployment=workload-cloud,6.0
1783695330,replicas_status,deployment=workload-cloud,6.0
1783695340,replicas_status,deployment=workload-cloud,6.0
1783695350,replicas_status,deployment=workload-cloud,6.0
1783695360,replicas_status,deployment=workload-cloud,6.0
1783695370,replicas_status,deployment=workload-cloud,6.0
1783695380,replicas_status,deployment=workload-cloud,6.0
1783695390,replicas_status,deployment=workload-cloud,6.0
1783695400,replicas_status,deployment=workload-cloud,6.0
1783695410,replicas_status,deployment=workload-cloud,6.0
1783695420,replicas_status,deployment=workload-cloud,6.0
1783695430,replicas_status,deployment=workload-cloud,6.0
1783695440,replicas_status,deployment=workload-cloud,6.0
1783695450,replicas_status,deployment=workload-cloud,6.0
1783695460,replicas_status,deployment=workload-cloud,6.0
1783695470,replicas_status,deployment=workload-cloud,6.0
1783695480,replicas_status,deployment=workload-cloud,6.0
1783695490,replicas_status,deployment=workload-cloud,6.0
1783695500,replicas_status,deployment=workload-cloud,6.0
1783695510,replicas_status,deployment=workload-cloud,6.0
1783695520,replicas_status,deployment=workload-cloud,6.0
1783695530,replicas_status,deployment=workload-cloud,6.0
1783695540,replicas_status,deployment=workload-cloud,6.0
1783695550,replicas_status,deployment=workload-cloud,6.0
1783695560,replicas_status,deployment=workload-cloud,6.0
1783695570,replicas_status,deployment=workload-cloud,6.0
1783695580,replicas_status,deployment=workload-cloud,6.0
1783695590,replicas_status,deployment=workload-cloud,6.0
1783695600,replicas_status,deployment=workload-cloud,6.0
1783695610,replicas_status,deployment=workload-cloud,6.0
1783695620,replicas_status,deployment=workload-cloud,6.0
1783695630,replicas_status,deployment=workload-cloud,6.0
1783695640,replicas_status,deployment=workload-cloud,6.0
1783695650,replicas_status,deployment=workload-cloud,6.0
1783695010,replicas_status,deployment=workload-edge,1.0
1783695020,replicas_status,deployment=workload-edge,1.0
1783695030,replicas_status,deployment=workload-edge,1.0
1783695040,replicas_status,deployment=workload-edge,1.0
1783695050,replicas_status,deployment=workload-edge,1.0
1783695060,replicas_status,deployment=workload-edge,1.0
1783695070,replicas_status,deployment=workload-edge,1.0
1783695080,replicas_status,deployment=workload-edge,1.0
1783695090,replicas_status,deployment=workload-edge,1.0
1783695100,replicas_status,deployment=workload-edge,1.0
1783695110,replicas_status,deployment=workload-edge,1.0
1783695120,replicas_status,deployment=workload-edge,1.0
1783695130,replicas_status,deployment=workload-edge,1.0
1783695140,replicas_status,deployment=workload-edge,1.0
1783695150,replicas_status,deployment=workload-edge,1.0
1783695160,replicas_status,deployment=workload-edge,1.0
1783695170,replicas_status,deployment=workload-edge,1.0
1783695180,replicas_status,deployment=workload-edge,1.0
1783695190,replicas_status,deployment=workload-edge,1.0
1783695200,replicas_status,deployment=workload-edge,1.0
1783695210,replicas_status,deployment=workload-edge,1.0
1783695220,replicas_status,deployment=workload-edge,1.0
1783695230,replicas_status,deployment=workload-edge,1.0
1783695240,replicas_status,deployment=workload-edge,1.0
1783695250,replicas_status,deployment=workload-edge,1.0
1783695260,replicas_status,deployment=workload-edge,1.0
1783695270,replicas_status,deployment=workload-edge,1.0
1783695280,replicas_status,deployment=workload-edge,1.0
1783695290,replicas_status,deployment=workload-edge,1.0
1783695300,replicas_status,deployment=workload-edge,1.0
1783695310,replicas_status,deployment=workload-edge,1.0
1783695320,replicas_status,deployment=workload-edge,1.0
1783695330,replicas_status,deployment=workload-edge,1.0
1783695340,replicas_status,deployment=workload-edge,1.0
1783695350,replicas_status,deployment=workload-edge,1.0
1783695360,replicas_status,deployment=workload-edge,1.0
1783695370,replicas_status,deployment=workload-edge,1.0
1783695380,replicas_status,deployment=workload-edge,1.0
1783695390,replicas_status,deployment=workload-edge,1.0
1783695400,replicas_status,deployment=workload-edge,1.0
1783695410,replicas_status,deployment=workload-edge,1.0
1783695420,replicas_status,deployment=workload-edge,1.0
1783695430,replicas_status,deployment=workload-edge,1.0
1783695440,replicas_status,deployment=workload-edge,1.0
1783695450,replicas_status,deployment=workload-edge,1.0
1783695460,replicas_status,deployment=workload-edge,1.0
1783695470,replicas_status,deployment=workload-edge,1.0
1783695480,replicas_status,deployment=workload-edge,1.0
1783695490,replicas_status,deployment=workload-edge,1.0
1783695500,replicas_status,deployment=workload-edge,1.0
1783695510,replicas_status,deployment=workload-edge,1.0
1783695520,replicas_status,deployment=workload-edge,1.0
1783695530,replicas_status,deployment=workload-edge,1.0
1783695540,replicas_status,deployment=workload-edge,1.0
1783695550,replicas_status,deployment=workload-edge,1.0
1783695560,replicas_status,deployment=workload-edge,1.0
1783695570,replicas_status,deployment=workload-edge,1.0
1783695580,replicas_status,deployment=workload-edge,1.0
1783695590,replicas_status,deployment=workload-edge,1.0
1783695600,replicas_status,deployment=workload-edge,1.0
1783695610,replicas_status,deployment=workload-edge,1.0
1783695620,replicas_status,deployment=workload-edge,1.0
1783695630,replicas_status,deployment=workload-edge,1.0
1783695640,replicas_status,deployment=workload-edge,1.0
1783695650,replicas_status,deployment=workload-edge,1.0
1783695010,replicas_spec,deployment=workload-cloud,1.0
1783695020,replicas_spec,deployment=workload-cloud,1.0
1783695030,replicas_spec,deployment=workload-cloud,1.0
1783695040,replicas_spec,deployment=workload-cloud,1.0
1783695050,replicas_spec,deployment=workload-cloud,1.0
1783695060,replicas_spec,deployment=workload-cloud,1.0
1783695070,replicas_spec,deployment=workload-cloud,1.0
1783695080,replicas_spec,deployment=workload-cloud,1.0
1783695090,replicas_spec,deployment=workload-cloud,1.0
1783695100,replicas_spec,deployment=workload-cloud,1.0
1783695110,replicas_spec,deployment=workload-cloud,2.0
1783695120,replicas_spec,deployment=workload-cloud,2.0
1783695130,replicas_spec,deployment=workload-cloud,2.0
1783695140,replicas_spec,deployment=workload-cloud,2.0
1783695150,replicas_spec,deployment=workload-cloud,2.0
1783695160,replicas_spec,deployment=workload-cloud,2.0
1783695170,replicas_spec,deployment=workload-cloud,3.0
1783695180,replicas_spec,deployment=workload-cloud,3.0
1783695190,replicas_spec,deployment=workload-cloud,3.0
1783695200,replicas_spec,deployment=workload-cloud,3.0
1783695210,replicas_spec,deployment=workload-cloud,3.0
1783695220,replicas_spec,deployment=workload-cloud,5.0
1783695230,replicas_spec,deployment=workload-cloud,5.0
1783695240,replicas_spec,deployment=workload-cloud,5.0
1783695250,replicas_spec,deployment=workload-cloud,6.0
1783695260,replicas_spec,deployment=workload-cloud,6.0
1783695270,replicas_spec,deployment=workload-cloud,6.0
1783695280,replicas_spec,deployment=workload-cloud,6.0
1783695290,replicas_spec,deployment=workload-cloud,6.0
1783695300,replicas_spec,deployment=workload-cloud,6.0
1783695310,replicas_spec,deployment=workload-cloud,6.0
1783695320,replicas_spec,deployment=workload-cloud,6.0
1783695330,replicas_spec,deployment=workload-cloud,6.0
1783695340,replicas_spec,deployment=workload-cloud,6.0
1783695350,replicas_spec,deployment=workload-cloud,6.0
1783695360,replicas_spec,deployment=workload-cloud,6.0
1783695370,replicas_spec,deployment=workload-cloud,6.0
1783695380,replicas_spec,deployment=workload-cloud,6.0
1783695390,replicas_spec,deployment=workload-cloud,6.0
1783695400,replicas_spec,deployment=workload-cloud,6.0
1783695410,replicas_spec,deployment=workload-cloud,6.0
1783695420,replicas_spec,deployment=workload-cloud,6.0
1783695430,replicas_spec,deployment=workload-cloud,6.0
1783695440,replicas_spec,deployment=workload-cloud,6.0
1783695450,replicas_spec,deployment=workload-cloud,6.0
1783695460,replicas_spec,deployment=workload-cloud,6.0
1783695470,replicas_spec,deployment=workload-cloud,6.0
1783695480,replicas_spec,deployment=workload-cloud,6.0
1783695490,replicas_spec,deployment=workload-cloud,6.0
1783695500,replicas_spec,deployment=workload-cloud,6.0
1783695510,replicas_spec,deployment=workload-cloud,6.0
1783695520,replicas_spec,deployment=workload-cloud,6.0
1783695530,replicas_spec,deployment=workload-cloud,6.0
1783695540,replicas_spec,deployment=workload-cloud,6.0
1783695550,replicas_spec,deployment=workload-cloud,6.0
1783695560,replicas_spec,deployment=workload-cloud,6.0
1783695570,replicas_spec,deployment=workload-cloud,6.0
1783695580,replicas_spec,deployment=workload-cloud,6.0
1783695590,replicas_spec,deployment=workload-cloud,6.0
1783695600,replicas_spec,deployment=workload-cloud,6.0
1783695610,replicas_spec,deployment=workload-cloud,6.0
1783695620,replicas_spec,deployment=workload-cloud,6.0
1783695630,replicas_spec,deployment=workload-cloud,6.0
1783695640,replicas_spec,deployment=workload-cloud,6.0
1783695650,replicas_spec,deployment=workload-cloud,6.0
1783695010,replicas_spec,deployment=workload-edge,1.0
1783695020,replicas_spec,deployment=workload-edge,1.0
1783695030,replicas_spec,deployment=workload-edge,1.0
1783695040,replicas_spec,deployment=workload-edge,1.0
1783695050,replicas_spec,deployment=workload-edge,1.0
1783695060,replicas_spec,deployment=workload-edge,1.0
1783695070,replicas_spec,deployment=workload-edge,1.0
1783695080,replicas_spec,deployment=workload-edge,1.0
1783695090,replicas_spec,deployment=workload-edge,1.0
1783695100,replicas_spec,deployment=workload-edge,1.0
1783695110,replicas_spec,deployment=workload-edge,1.0
1783695120,replicas_spec,deployment=workload-edge,1.0
1783695130,replicas_spec,deployment=workload-edge,1.0
1783695140,replicas_spec,deployment=workload-edge,1.0
1783695150,replicas_spec,deployment=workload-edge,1.0
1783695160,replicas_spec,deployment=workload-edge,1.0
1783695170,replicas_spec,deployment=workload-edge,1.0
1783695180,replicas_spec,deployment=workload-edge,1.0
1783695190,replicas_spec,deployment=workload-edge,1.0
1783695200,replicas_spec,deployment=workload-edge,1.0
1783695210,replicas_spec,deployment=workload-edge,1.0
1783695220,replicas_spec,deployment=workload-edge,1.0
1783695230,replicas_spec,deployment=workload-edge,1.0
1783695240,replicas_spec,deployment=workload-edge,1.0
1783695250,replicas_spec,deployment=workload-edge,1.0
1783695260,replicas_spec,deployment=workload-edge,1.0
1783695270,replicas_spec,deployment=workload-edge,1.0
1783695280,replicas_spec,deployment=workload-edge,1.0
1783695290,replicas_spec,deployment=workload-edge,1.0
1783695300,replicas_spec,deployment=workload-edge,1.0
1783695310,replicas_spec,deployment=workload-edge,1.0
1783695320,replicas_spec,deployment=workload-edge,1.0
1783695330,replicas_spec,deployment=workload-edge,1.0
1783695340,replicas_spec,deployment=workload-edge,1.0
1783695350,replicas_spec,deployment=workload-edge,1.0
1783695360,replicas_spec,deployment=workload-edge,1.0
1783695370,replicas_spec,deployment=workload-edge,1.0
1783695380,replicas_spec,deployment=workload-edge,1.0
1783695390,replicas_spec,deployment=workload-edge,1.0
1783695400,replicas_spec,deployment=workload-edge,1.0
1783695410,replicas_spec,deployment=workload-edge,1.0
1783695420,replicas_spec,deployment=workload-edge,1.0
1783695430,replicas_spec,deployment=workload-edge,1.0
1783695440,replicas_spec,deployment=workload-edge,1.0
1783695450,replicas_spec,deployment=workload-edge,1.0
1783695460,replicas_spec,deployment=workload-edge,1.0
1783695470,replicas_spec,deployment=workload-edge,1.0
1783695480,replicas_spec,deployment=workload-edge,1.0
1783695490,replicas_spec,deployment=workload-edge,1.0
1783695500,replicas_spec,deployment=workload-edge,1.0
1783695510,replicas_spec,deployment=workload-edge,1.0
1783695520,replicas_spec,deployment=workload-edge,1.0
1783695530,replicas_spec,deployment=workload-edge,1.0
1783695540,replicas_spec,deployment=workload-edge,1.0
1783695550,replicas_spec,deployment=workload-edge,1.0
1783695560,replicas_spec,deployment=workload-edge,1.0
1783695570,replicas_spec,deployment=workload-edge,1.0
1783695580,replicas_spec,deployment=workload-edge,1.0
1783695590,replicas_spec,deployment=workload-edge,1.0
1783695600,replicas_spec,deployment=workload-edge,1.0
1783695610,replicas_spec,deployment=workload-edge,1.0
1783695620,replicas_spec,deployment=workload-edge,1.0
1783695630,replicas_spec,deployment=workload-edge,1.0
1783695640,replicas_spec,deployment=workload-edge,1.0
1783695650,replicas_spec,deployment=workload-edge,1.0
1783695110,cpu_cores,pod=workload-cloud-6f545f89ff-ltws2,0.011727368811591993
1783695120,cpu_cores,pod=workload-cloud-6f545f89ff-ltws2,0.019310943433150464
1783695130,cpu_cores,pod=workload-cloud-6f545f89ff-ltws2,0.018724140921181864
1783695140,cpu_cores,pod=workload-cloud-6f545f89ff-ltws2,0.024137564062449195
1783695150,cpu_cores,pod=workload-cloud-6f545f89ff-ltws2,0.029384243248219685
1783695160,cpu_cores,pod=workload-cloud-6f545f89ff-ltws2,0.03438071471351568
1783695170,cpu_cores,pod=workload-cloud-6f545f89ff-ltws2,0.04767401023083866
1783695180,cpu_cores,pod=workload-cloud-6f545f89ff-ltws2,0.051036486281898163
1783695190,cpu_cores,pod=workload-cloud-6f545f89ff-ltws2,0.058426409197975704
1783695200,cpu_cores,pod=workload-cloud-6f545f89ff-ltws2,0.055519356332539904
1783695210,cpu_cores,pod=workload-cloud-6f545f89ff-ltws2,0.1129240600075959
1783695220,cpu_cores,pod=workload-cloud-6f545f89ff-ltws2,0.17719263651406508
1783695230,cpu_cores,pod=workload-cloud-6f545f89ff-ltws2,0.2707624024000159
1783695240,cpu_cores,pod=workload-cloud-6f545f89ff-ltws2,0.33693193895447765
1783695250,cpu_cores,pod=workload-cloud-6f545f89ff-ltws2,0.36998404656469364
1783695260,cpu_cores,pod=workload-cloud-6f545f89ff-ltws2,0.4278245255474452
1783695270,cpu_cores,pod=workload-cloud-6f545f89ff-ltws2,0.4467084711457768
1783695280,cpu_cores,pod=workload-cloud-6f545f89ff-ltws2,0.4481183599272874
1783695290,cpu_cores,pod=workload-cloud-6f545f89ff-ltws2,0.44145514864560165
1783695300,cpu_cores,pod=workload-cloud-6f545f89ff-ltws2,0.44445763747855754
1783695310,cpu_cores,pod=workload-cloud-6f545f89ff-ltws2,0.44722696409353285
1783695320,cpu_cores,pod=workload-cloud-6f545f89ff-ltws2,0.4494247324269599
1783695330,cpu_cores,pod=workload-cloud-6f545f89ff-ltws2,0.4436171190425306
1783695340,cpu_cores,pod=workload-cloud-6f545f89ff-ltws2,0.4446640303023083
1783695350,cpu_cores,pod=workload-cloud-6f545f89ff-ltws2,0.4400785025891831
1783695360,cpu_cores,pod=workload-cloud-6f545f89ff-ltws2,0.4365481137636311
1783695370,cpu_cores,pod=workload-cloud-6f545f89ff-ltws2,0.39201831646290675
1783695380,cpu_cores,pod=workload-cloud-6f545f89ff-ltws2,0.39201831646290675
1783695390,cpu_cores,pod=workload-cloud-6f545f89ff-ltws2,0.2541764301457951
1783695400,cpu_cores,pod=workload-cloud-6f545f89ff-ltws2,0.18875420226726966
1783695410,cpu_cores,pod=workload-cloud-6f545f89ff-ltws2,0.06780417434008594
1783695420,cpu_cores,pod=workload-cloud-6f545f89ff-ltws2,0.06565870173584627
1783695430,cpu_cores,pod=workload-cloud-6f545f89ff-ltws2,0.05941072087020652
1783695440,cpu_cores,pod=workload-cloud-6f545f89ff-ltws2,0.05941072087020652
1783695450,cpu_cores,pod=workload-cloud-6f545f89ff-ltws2,0.059616964430918136
1783695460,cpu_cores,pod=workload-cloud-6f545f89ff-ltws2,0.059616964430918136
1783695470,cpu_cores,pod=workload-cloud-6f545f89ff-ltws2,0.05897058632696766
1783695480,cpu_cores,pod=workload-cloud-6f545f89ff-ltws2,0.059537886762854035
1783695490,cpu_cores,pod=workload-cloud-6f545f89ff-ltws2,0.04941563729289569
1783695500,cpu_cores,pod=workload-cloud-6f545f89ff-ltws2,0.05958753788189034
1783695510,cpu_cores,pod=workload-cloud-6f545f89ff-ltws2,0.060507599489499866
1783695520,cpu_cores,pod=workload-cloud-6f545f89ff-ltws2,0.06050759948949988
1783695530,cpu_cores,pod=workload-cloud-6f545f89ff-ltws2,0.059925730391435277
1783695540,cpu_cores,pod=workload-cloud-6f545f89ff-ltws2,0.0507085351820885
1783695550,cpu_cores,pod=workload-cloud-6f545f89ff-ltws2,0.06038244977491097
1783695560,cpu_cores,pod=workload-cloud-6f545f89ff-ltws2,0.06018380980228985
1783695570,cpu_cores,pod=workload-cloud-6f545f89ff-ltws2,0.05595788626609431
1783695580,cpu_cores,pod=workload-cloud-6f545f89ff-ltws2,0.05595788626609431
1783695590,cpu_cores,pod=workload-cloud-6f545f89ff-ltws2,0.030291975829741837
1783695600,cpu_cores,pod=workload-cloud-6f545f89ff-ltws2,0.024422022692597748
1783695610,cpu_cores,pod=workload-cloud-6f545f89ff-ltws2,0.013306888484533265
1783695620,cpu_cores,pod=workload-cloud-6f545f89ff-ltws2,0.002409950157337482
1783695630,cpu_cores,pod=workload-cloud-6f545f89ff-ltws2,0.002130778772468496
1783695640,cpu_cores,pod=workload-cloud-6f545f89ff-ltws2,0.0025058568122720494
1783695650,cpu_cores,pod=workload-cloud-6f545f89ff-ltws2,0.002551692452346452
1783695230,cpu_cores,pod=workload-cloud-6f545f89ff-qcvc6,0.06601384489155074
1783695240,cpu_cores,pod=workload-cloud-6f545f89ff-qcvc6,0.09654623680831481
1783695250,cpu_cores,pod=workload-cloud-6f545f89ff-qcvc6,0.12453903093586548
1783695260,cpu_cores,pod=workload-cloud-6f545f89ff-qcvc6,0.15747729427680315
1783695270,cpu_cores,pod=workload-cloud-6f545f89ff-qcvc6,0.17721980145407115
1783695280,cpu_cores,pod=workload-cloud-6f545f89ff-qcvc6,0.1764114217208871
1783695290,cpu_cores,pod=workload-cloud-6f545f89ff-qcvc6,0.176758505702687
1783695300,cpu_cores,pod=workload-cloud-6f545f89ff-qcvc6,0.17521946224136117
1783695310,cpu_cores,pod=workload-cloud-6f545f89ff-qcvc6,0.17508686835915316
1783695320,cpu_cores,pod=workload-cloud-6f545f89ff-qcvc6,0.1774077578051088
1783695330,cpu_cores,pod=workload-cloud-6f545f89ff-qcvc6,0.1785187047133518
1783695340,cpu_cores,pod=workload-cloud-6f545f89ff-qcvc6,0.17868271833594535
1783695350,cpu_cores,pod=workload-cloud-6f545f89ff-qcvc6,0.17686512398954077
1783695360,cpu_cores,pod=workload-cloud-6f545f89ff-qcvc6,0.1773943656014044
1783695370,cpu_cores,pod=workload-cloud-6f545f89ff-qcvc6,0.13924715882185817
1783695380,cpu_cores,pod=workload-cloud-6f545f89ff-qcvc6,0.07697931791700277
1783695390,cpu_cores,pod=workload-cloud-6f545f89ff-qcvc6,0.07697931791700277
1783695400,cpu_cores,pod=workload-cloud-6f545f89ff-qcvc6,0.013809236521221967
1783695410,cpu_cores,pod=workload-cloud-6f545f89ff-qcvc6,0.0022878402696449494
1783695420,cpu_cores,pod=workload-cloud-6f545f89ff-qcvc6,0.0022895012345678805
1783695430,cpu_cores,pod=workload-cloud-6f545f89ff-qcvc6,0.0022491376161681365
1783695440,cpu_cores,pod=workload-cloud-6f545f89ff-qcvc6,0.0019287351969280472
1783695450,cpu_cores,pod=workload-cloud-6f545f89ff-qcvc6,0.002290002113718011
1783695460,cpu_cores,pod=workload-cloud-6f545f89ff-qcvc6,0.002282278592117974
1783695470,cpu_cores,pod=workload-cloud-6f545f89ff-qcvc6,0.002282278592117974
1783695480,cpu_cores,pod=workload-cloud-6f545f89ff-qcvc6,0.002134767090276671
1783695490,cpu_cores,pod=workload-cloud-6f545f89ff-qcvc6,0.002213502012650961
1783695500,cpu_cores,pod=workload-cloud-6f545f89ff-qcvc6,0.001728988690153812
1783695510,cpu_cores,pod=workload-cloud-6f545f89ff-qcvc6,0.0022108577906536898
1783695520,cpu_cores,pod=workload-cloud-6f545f89ff-qcvc6,0.00195353091022734
1783695530,cpu_cores,pod=workload-cloud-6f545f89ff-qcvc6,0.002257652961235458
1783695540,cpu_cores,pod=workload-cloud-6f545f89ff-qcvc6,0.002210726085588382
1783695550,cpu_cores,pod=workload-cloud-6f545f89ff-qcvc6,0.002226304761904749
1783695560,cpu_cores,pod=workload-cloud-6f545f89ff-qcvc6,0.002174870686515002
1783695570,cpu_cores,pod=workload-cloud-6f545f89ff-qcvc6,0.0021554236778846547
1783695580,cpu_cores,pod=workload-cloud-6f545f89ff-qcvc6,0.0022129766716017804
1783695590,cpu_cores,pod=workload-cloud-6f545f89ff-qcvc6,0.00225420160097119
1783695600,cpu_cores,pod=workload-cloud-6f545f89ff-qcvc6,0.0023186474390850206
1783695610,cpu_cores,pod=workload-cloud-6f545f89ff-qcvc6,0.002105868480940063
1783695620,cpu_cores,pod=workload-cloud-6f545f89ff-qcvc6,0.00253468116455598
1783695630,cpu_cores,pod=workload-cloud-6f545f89ff-qcvc6,0.002556103830529466
1783695640,cpu_cores,pod=workload-cloud-6f545f89ff-qcvc6,0.00251676991150444
1783695650,cpu_cores,pod=workload-cloud-6f545f89ff-qcvc6,0.0025006496050813966
1783695010,cpu_cores,pod=workload-cloud-6f545f89ff-r28zz,0.006086112517784461
1783695020,cpu_cores,pod=workload-cloud-6f545f89ff-r28zz,0.009530245663467636
1783695030,cpu_cores,pod=workload-cloud-6f545f89ff-r28zz,0.010529730727520047
1783695040,cpu_cores,pod=workload-cloud-6f545f89ff-r28zz,0.02921729282020782
1783695050,cpu_cores,pod=workload-cloud-6f545f89ff-r28zz,0.06943702242477873
1783695060,cpu_cores,pod=workload-cloud-6f545f89ff-r28zz,0.06943702242477873
1783695070,cpu_cores,pod=workload-cloud-6f545f89ff-r28zz,0.11842014315826453
1783695080,cpu_cores,pod=workload-cloud-6f545f89ff-r28zz,0.1497536582706362
1783695090,cpu_cores,pod=workload-cloud-6f545f89ff-r28zz,0.1497536582706362
1783695100,cpu_cores,pod=workload-cloud-6f545f89ff-r28zz,0.1893858855415404
1783695110,cpu_cores,pod=workload-cloud-6f545f89ff-r28zz,0.2071314406562419
1783695120,cpu_cores,pod=workload-cloud-6f545f89ff-r28zz,0.21963000742233046
1783695130,cpu_cores,pod=workload-cloud-6f545f89ff-r28zz,0.24838115573936298
1783695140,cpu_cores,pod=workload-cloud-6f545f89ff-r28zz,0.22046108585548405
1783695150,cpu_cores,pod=workload-cloud-6f545f89ff-r28zz,0.2657962912141762
1783695160,cpu_cores,pod=workload-cloud-6f545f89ff-r28zz,0.24105986173966945
1783695170,cpu_cores,pod=workload-cloud-6f545f89ff-r28zz,0.2833405820403569
1783695180,cpu_cores,pod=workload-cloud-6f545f89ff-r28zz,0.2895531788813696
1783695190,cpu_cores,pod=workload-cloud-6f545f89ff-r28zz,0.3019274090129141
1783695200,cpu_cores,pod=workload-cloud-6f545f89ff-r28zz,0.3087930822080075
1783695210,cpu_cores,pod=workload-cloud-6f545f89ff-r28zz,0.37321706203600924
1783695220,cpu_cores,pod=workload-cloud-6f545f89ff-r28zz,0.37321706203600924
1783695230,cpu_cores,pod=workload-cloud-6f545f89ff-r28zz,0.47499430700322437
1783695240,cpu_cores,pod=workload-cloud-6f545f89ff-r28zz,0.5440484949832787
1783695250,cpu_cores,pod=workload-cloud-6f545f89ff-r28zz,0.5620871584850259
1783695260,cpu_cores,pod=workload-cloud-6f545f89ff-r28zz,0.6810175736831223
1783695270,cpu_cores,pod=workload-cloud-6f545f89ff-r28zz,0.696544564236931
1783695280,cpu_cores,pod=workload-cloud-6f545f89ff-r28zz,0.696544564236931
1783695290,cpu_cores,pod=workload-cloud-6f545f89ff-r28zz,0.7028763969751727
1783695300,cpu_cores,pod=workload-cloud-6f545f89ff-r28zz,0.7028763969751727
1783695310,cpu_cores,pod=workload-cloud-6f545f89ff-r28zz,0.692957425601595
1783695320,cpu_cores,pod=workload-cloud-6f545f89ff-r28zz,0.6785164461965942
1783695330,cpu_cores,pod=workload-cloud-6f545f89ff-r28zz,0.5566475304780225
1783695340,cpu_cores,pod=workload-cloud-6f545f89ff-r28zz,0.6579461341443889
1783695350,cpu_cores,pod=workload-cloud-6f545f89ff-r28zz,0.5587649848419229
1783695360,cpu_cores,pod=workload-cloud-6f545f89ff-r28zz,0.6446580428077398
1783695370,cpu_cores,pod=workload-cloud-6f545f89ff-r28zz,0.6423364296415816
1783695380,cpu_cores,pod=workload-cloud-6f545f89ff-r28zz,0.594740944155627
1783695390,cpu_cores,pod=workload-cloud-6f545f89ff-r28zz,0.4930083894217018
1783695400,cpu_cores,pod=workload-cloud-6f545f89ff-r28zz,0.41716226516211496
1783695410,cpu_cores,pod=workload-cloud-6f545f89ff-r28zz,0.3824636012437567
1783695420,cpu_cores,pod=workload-cloud-6f545f89ff-r28zz,0.3280874905517755
1783695430,cpu_cores,pod=workload-cloud-6f545f89ff-r28zz,0.32810983588378745
1783695440,cpu_cores,pod=workload-cloud-6f545f89ff-r28zz,0.3278563795545261
1783695450,cpu_cores,pod=workload-cloud-6f545f89ff-r28zz,0.22486402500000083
1783695460,cpu_cores,pod=workload-cloud-6f545f89ff-r28zz,0.32867513195666265
1783695470,cpu_cores,pod=workload-cloud-6f545f89ff-r28zz,0.2808090889844111
1783695480,cpu_cores,pod=workload-cloud-6f545f89ff-r28zz,0.3238742943244608
1783695490,cpu_cores,pod=workload-cloud-6f545f89ff-r28zz,0.32649054280271644
1783695500,cpu_cores,pod=workload-cloud-6f545f89ff-r28zz,0.32583188241231453
1783695510,cpu_cores,pod=workload-cloud-6f545f89ff-r28zz,0.32583188241231453
1783695520,cpu_cores,pod=workload-cloud-6f545f89ff-r28zz,0.3253017684733771
1783695530,cpu_cores,pod=workload-cloud-6f545f89ff-r28zz,0.271325556849818
1783695540,cpu_cores,pod=workload-cloud-6f545f89ff-r28zz,0.3262846713751915
1783695550,cpu_cores,pod=workload-cloud-6f545f89ff-r28zz,0.3295097538215418
1783695560,cpu_cores,pod=workload-cloud-6f545f89ff-r28zz,0.282167759163125
1783695570,cpu_cores,pod=workload-cloud-6f545f89ff-r28zz,0.3335113650793655
1783695580,cpu_cores,pod=workload-cloud-6f545f89ff-r28zz,0.30757546862061275
1783695590,cpu_cores,pod=workload-cloud-6f545f89ff-r28zz,0.2588241500354976
1783695600,cpu_cores,pod=workload-cloud-6f545f89ff-r28zz,0.20082059187433612
1783695610,cpu_cores,pod=workload-cloud-6f545f89ff-r28zz,0.09403250661607945
1783695620,cpu_cores,pod=workload-cloud-6f545f89ff-r28zz,0.0785759133410614
1783695630,cpu_cores,pod=workload-cloud-6f545f89ff-r28zz,0.01961271368615033
1783695640,cpu_cores,pod=workload-cloud-6f545f89ff-r28zz,0.0024440836613633587
1783695650,cpu_cores,pod=workload-cloud-6f545f89ff-r28zz,0.0024079611759415523
1783695260,cpu_cores,pod=workload-cloud-6f545f89ff-t8wqb,0.0146373353577044
1783695270,cpu_cores,pod=workload-cloud-6f545f89ff-t8wqb,0.013473729018376367
1783695280,cpu_cores,pod=workload-cloud-6f545f89ff-t8wqb,0.013253267664096414
1783695290,cpu_cores,pod=workload-cloud-6f545f89ff-t8wqb,0.016016136410262387
1783695300,cpu_cores,pod=workload-cloud-6f545f89ff-t8wqb,0.0018564106313048048
1783695310,cpu_cores,pod=workload-cloud-6f545f89ff-t8wqb,0.0022474916387959887
1783695320,cpu_cores,pod=workload-cloud-6f545f89ff-t8wqb,0.0018476116973601825
1783695330,cpu_cores,pod=workload-cloud-6f545f89ff-t8wqb,0.0022359486900552974
1783695340,cpu_cores,pod=workload-cloud-6f545f89ff-t8wqb,0.0022656429589444156
1783695350,cpu_cores,pod=workload-cloud-6f545f89ff-t8wqb,0.0022656429589444156
1783695360,cpu_cores,pod=workload-cloud-6f545f89ff-t8wqb,0.002239864302364302
1783695370,cpu_cores,pod=workload-cloud-6f545f89ff-t8wqb,0.002201740427647937
1783695380,cpu_cores,pod=workload-cloud-6f545f89ff-t8wqb,0.0021623776384215357
1783695390,cpu_cores,pod=workload-cloud-6f545f89ff-t8wqb,0.0018901320482018176
1783695400,cpu_cores,pod=workload-cloud-6f545f89ff-t8wqb,0.0021993991547431136
1783695410,cpu_cores,pod=workload-cloud-6f545f89ff-t8wqb,0.0017893334012254532
1783695420,cpu_cores,pod=workload-cloud-6f545f89ff-t8wqb,0.002154410513780197
1783695430,cpu_cores,pod=workload-cloud-6f545f89ff-t8wqb,0.0022374232872709055
1783695440,cpu_cores,pod=workload-cloud-6f545f89ff-t8wqb,0.0021883598568163192
1783695450,cpu_cores,pod=workload-cloud-6f545f89ff-t8wqb,0.0021883598568163192
1783695460,cpu_cores,pod=workload-cloud-6f545f89ff-t8wqb,0.00220685617641319
1783695470,cpu_cores,pod=workload-cloud-6f545f89ff-t8wqb,0.002210087629218869
1783695480,cpu_cores,pod=workload-cloud-6f545f89ff-t8wqb,0.002142798537411933
1783695490,cpu_cores,pod=workload-cloud-6f545f89ff-t8wqb,0.002127716854376605
1783695500,cpu_cores,pod=workload-cloud-6f545f89ff-t8wqb,0.0018229935330538191
1783695510,cpu_cores,pod=workload-cloud-6f545f89ff-t8wqb,0.002165325476019515
1783695520,cpu_cores,pod=workload-cloud-6f545f89ff-t8wqb,0.002111978595552434
1783695530,cpu_cores,pod=workload-cloud-6f545f89ff-t8wqb,0.002139534219174167
1783695540,cpu_cores,pod=workload-cloud-6f545f89ff-t8wqb,0.002145271011630454
1783695550,cpu_cores,pod=workload-cloud-6f545f89ff-t8wqb,0.0021541083410148124
1783695560,cpu_cores,pod=workload-cloud-6f545f89ff-t8wqb,0.0018587189603430742
1783695570,cpu_cores,pod=workload-cloud-6f545f89ff-t8wqb,0.0021822144370213454
1783695580,cpu_cores,pod=workload-cloud-6f545f89ff-t8wqb,0.0022100508702694102
1783695590,cpu_cores,pod=workload-cloud-6f545f89ff-t8wqb,0.0022100508702694102
1783695600,cpu_cores,pod=workload-cloud-6f545f89ff-t8wqb,0.0022602703318399266
1783695610,cpu_cores,pod=workload-cloud-6f545f89ff-t8wqb,0.0023298480540524056
1783695620,cpu_cores,pod=workload-cloud-6f545f89ff-t8wqb,0.002393747275825177
1783695630,cpu_cores,pod=workload-cloud-6f545f89ff-t8wqb,0.0025098630193934593
1783695640,cpu_cores,pod=workload-cloud-6f545f89ff-t8wqb,0.0026236544347766244
1783695650,cpu_cores,pod=workload-cloud-6f545f89ff-t8wqb,0.0025749858754106607
1783695230,cpu_cores,pod=workload-cloud-6f545f89ff-wp2g4,0.05468387551793273
1783695240,cpu_cores,pod=workload-cloud-6f545f89ff-wp2g4,0.08876347494967889
1783695250,cpu_cores,pod=workload-cloud-6f545f89ff-wp2g4,0.1144493541577473
1783695260,cpu_cores,pod=workload-cloud-6f545f89ff-wp2g4,0.1494404554556625
1783695270,cpu_cores,pod=workload-cloud-6f545f89ff-wp2g4,0.18095590349899082
1783695280,cpu_cores,pod=workload-cloud-6f545f89ff-wp2g4,0.1818888838112647
1783695290,cpu_cores,pod=workload-cloud-6f545f89ff-wp2g4,0.17732142350197713
1783695300,cpu_cores,pod=workload-cloud-6f545f89ff-wp2g4,0.1474218461543981
1783695310,cpu_cores,pod=workload-cloud-6f545f89ff-wp2g4,0.17287774773976244
1783695320,cpu_cores,pod=workload-cloud-6f545f89ff-wp2g4,0.17240117873367986
1783695330,cpu_cores,pod=workload-cloud-6f545f89ff-wp2g4,0.14621910672975558
1783695340,cpu_cores,pod=workload-cloud-6f545f89ff-wp2g4,0.1736036331645148
1783695350,cpu_cores,pod=workload-cloud-6f545f89ff-wp2g4,0.17700763983628923
1783695360,cpu_cores,pod=workload-cloud-6f545f89ff-wp2g4,0.15509402512248127
1783695370,cpu_cores,pod=workload-cloud-6f545f89ff-wp2g4,0.1463659436662148
1783695380,cpu_cores,pod=workload-cloud-6f545f89ff-wp2g4,0.08104024256969597
1783695390,cpu_cores,pod=workload-cloud-6f545f89ff-wp2g4,0.023240498101330758
1783695400,cpu_cores,pod=workload-cloud-6f545f89ff-wp2g4,0.015109228935315869
1783695410,cpu_cores,pod=workload-cloud-6f545f89ff-wp2g4,0.002299193659681004
1783695420,cpu_cores,pod=workload-cloud-6f545f89ff-wp2g4,0.0022837426188021164
1783695430,cpu_cores,pod=workload-cloud-6f545f89ff-wp2g4,0.0022837426188021164
1783695440,cpu_cores,pod=workload-cloud-6f545f89ff-wp2g4,0.0019015398705130586
1783695450,cpu_cores,pod=workload-cloud-6f545f89ff-wp2g4,0.0021945427414197254
1783695460,cpu_cores,pod=workload-cloud-6f545f89ff-wp2g4,0.0016706199698228814
1783695470,cpu_cores,pod=workload-cloud-6f545f89ff-wp2g4,0.002236422856333623
1783695480,cpu_cores,pod=workload-cloud-6f545f89ff-wp2g4,0.0022862396443726085
1783695490,cpu_cores,pod=workload-cloud-6f545f89ff-wp2g4,0.0022862396443726085
1783695500,cpu_cores,pod=workload-cloud-6f545f89ff-wp2g4,0.002300555012630705
1783695510,cpu_cores,pod=workload-cloud-6f545f89ff-wp2g4,0.002267068388882524
1783695520,cpu_cores,pod=workload-cloud-6f545f89ff-wp2g4,0.0023001605728945897
1783695530,cpu_cores,pod=workload-cloud-6f545f89ff-wp2g4,0.002337019453450645
1783695540,cpu_cores,pod=workload-cloud-6f545f89ff-wp2g4,0.0022286736003057266
1783695550,cpu_cores,pod=workload-cloud-6f545f89ff-wp2g4,0.002308445212637655
1783695560,cpu_cores,pod=workload-cloud-6f545f89ff-wp2g4,0.0022397407712741835
1783695570,cpu_cores,pod=workload-cloud-6f545f89ff-wp2g4,0.0022397407712741835
1783695580,cpu_cores,pod=workload-cloud-6f545f89ff-wp2g4,0.002292919944470178
1783695590,cpu_cores,pod=workload-cloud-6f545f89ff-wp2g4,0.0022850570378052243
1783695600,cpu_cores,pod=workload-cloud-6f545f89ff-wp2g4,0.0018826005061134629
1783695610,cpu_cores,pod=workload-cloud-6f545f89ff-wp2g4,0.002340230980910436
1783695620,cpu_cores,pod=workload-cloud-6f545f89ff-wp2g4,0.0025244171358838326
1783695630,cpu_cores,pod=workload-cloud-6f545f89ff-wp2g4,0.0025244171358838326
1783695640,cpu_cores,pod=workload-cloud-6f545f89ff-wp2g4,0.0024927477543807783
1783695650,cpu_cores,pod=workload-cloud-6f545f89ff-wp2g4,0.0024929065743944582
1783695170,cpu_cores,pod=workload-cloud-6f545f89ff-xhksr,0.015534864606346111
1783695180,cpu_cores,pod=workload-cloud-6f545f89ff-xhksr,0.02582159029402209
1783695190,cpu_cores,pod=workload-cloud-6f545f89ff-xhksr,0.0324532221197954
1783695200,cpu_cores,pod=workload-cloud-6f545f89ff-xhksr,0.04615335640067684
1783695210,cpu_cores,pod=workload-cloud-6f545f89ff-xhksr,0.08439330902598585
1783695220,cpu_cores,pod=workload-cloud-6f545f89ff-xhksr,0.10150795582338178
1783695230,cpu_cores,pod=workload-cloud-6f545f89ff-xhksr,0.22252090790817808
1783695240,cpu_cores,pod=workload-cloud-6f545f89ff-xhksr,0.2480116663764583
1783695250,cpu_cores,pod=workload-cloud-6f545f89ff-xhksr,0.37505783497519846
1783695260,cpu_cores,pod=workload-cloud-6f545f89ff-xhksr,0.44048035357385695
1783695270,cpu_cores,pod=workload-cloud-6f545f89ff-xhksr,0.3762338733559964
1783695280,cpu_cores,pod=workload-cloud-6f545f89ff-xhksr,0.4558308769848512
1783695290,cpu_cores,pod=workload-cloud-6f545f89ff-xhksr,0.447518934638882
1783695300,cpu_cores,pod=workload-cloud-6f545f89ff-xhksr,0.447518934638882
1783695310,cpu_cores,pod=workload-cloud-6f545f89ff-xhksr,0.45563430015481277
1783695320,cpu_cores,pod=workload-cloud-6f545f89ff-xhksr,0.452206790561309
1783695330,cpu_cores,pod=workload-cloud-6f545f89ff-xhksr,0.448122578977493
1783695340,cpu_cores,pod=workload-cloud-6f545f89ff-xhksr,0.4463416336079748
1783695350,cpu_cores,pod=workload-cloud-6f545f89ff-xhksr,0.4394940687191226
1783695360,cpu_cores,pod=workload-cloud-6f545f89ff-xhksr,0.4224915568022441
1783695370,cpu_cores,pod=workload-cloud-6f545f89ff-xhksr,0.3595189959376236
1783695380,cpu_cores,pod=workload-cloud-6f545f89ff-xhksr,0.31523935784125373
1783695390,cpu_cores,pod=workload-cloud-6f545f89ff-xhksr,0.2738209603340293
1783695400,cpu_cores,pod=workload-cloud-6f545f89ff-xhksr,0.12370823318101376
1783695410,cpu_cores,pod=workload-cloud-6f545f89ff-xhksr,0.12370823318101375
1783695420,cpu_cores,pod=workload-cloud-6f545f89ff-xhksr,0.0874161119026031
1783695430,cpu_cores,pod=workload-cloud-6f545f89ff-xhksr,0.08743061741171251
1783695440,cpu_cores,pod=workload-cloud-6f545f89ff-xhksr,0.08812812614436809
1783695450,cpu_cores,pod=workload-cloud-6f545f89ff-xhksr,0.08824189395133739
1783695460,cpu_cores,pod=workload-cloud-6f545f89ff-xhksr,0.08817255149222365
1783695470,cpu_cores,pod=workload-cloud-6f545f89ff-xhksr,0.08737735228433431
1783695480,cpu_cores,pod=workload-cloud-6f545f89ff-xhksr,0.08734455094071696
1783695490,cpu_cores,pod=workload-cloud-6f545f89ff-xhksr,0.08704003863578871
1783695500,cpu_cores,pod=workload-cloud-6f545f89ff-xhksr,0.08648858892714596
1783695510,cpu_cores,pod=workload-cloud-6f545f89ff-xhksr,0.07003940690023452
1783695520,cpu_cores,pod=workload-cloud-6f545f89ff-xhksr,0.08676656511015785
1783695530,cpu_cores,pod=workload-cloud-6f545f89ff-xhksr,0.08743148973160934
1783695540,cpu_cores,pod=workload-cloud-6f545f89ff-xhksr,0.08743148973160934
1783695550,cpu_cores,pod=workload-cloud-6f545f89ff-xhksr,0.08837751937984503
1783695560,cpu_cores,pod=workload-cloud-6f545f89ff-xhksr,0.08837751937984505
1783695570,cpu_cores,pod=workload-cloud-6f545f89ff-xhksr,0.06937925204709326
1783695580,cpu_cores,pod=workload-cloud-6f545f89ff-xhksr,0.06338604480737009
1783695590,cpu_cores,pod=workload-cloud-6f545f89ff-xhksr,0.019078866727595317
1783695600,cpu_cores,pod=workload-cloud-6f545f89ff-xhksr,0.019078866727595317
1783695610,cpu_cores,pod=workload-cloud-6f545f89ff-xhksr,0.0022111257642970054
1783695620,cpu_cores,pod=workload-cloud-6f545f89ff-xhksr,0.0022012448132781074
1783695630,cpu_cores,pod=workload-cloud-6f545f89ff-xhksr,0.0021663109558919154
1783695640,cpu_cores,pod=workload-cloud-6f545f89ff-xhksr,0.0021871573333331375
1783695650,cpu_cores,pod=workload-cloud-6f545f89ff-xhksr,0.002240170324548743
1783695010,cpu_cores,pod=workload-edge-7b875fd8c6-pxwvc,0.005535103385326783
1783695020,cpu_cores,pod=workload-edge-7b875fd8c6-pxwvc,0.005704090781731315
1783695030,cpu_cores,pod=workload-edge-7b875fd8c6-pxwvc,0.004794667373641735
1783695040,cpu_cores,pod=workload-edge-7b875fd8c6-pxwvc,0.003797949265054081
1783695050,cpu_cores,pod=workload-edge-7b875fd8c6-pxwvc,0.0034633866824723305
1783695060,cpu_cores,pod=workload-edge-7b875fd8c6-pxwvc,0.0027976491039272177
1783695070,cpu_cores,pod=workload-edge-7b875fd8c6-pxwvc,0.0027423489825368556
1783695080,cpu_cores,pod=workload-edge-7b875fd8c6-pxwvc,0.0027023992866994375
1783695090,cpu_cores,pod=workload-edge-7b875fd8c6-pxwvc,0.0026548242103350797
1783695100,cpu_cores,pod=workload-edge-7b875fd8c6-pxwvc,0.002628070746751842
1783695110,cpu_cores,pod=workload-edge-7b875fd8c6-pxwvc,0.0026351367349355535
1783695120,cpu_cores,pod=workload-edge-7b875fd8c6-pxwvc,0.002635944558837778
1783695130,cpu_cores,pod=workload-edge-7b875fd8c6-pxwvc,0.0026511181174707884
1783695140,cpu_cores,pod=workload-edge-7b875fd8c6-pxwvc,0.0026914144712975856
1783695150,cpu_cores,pod=workload-edge-7b875fd8c6-pxwvc,0.002194287789994994
1783695160,cpu_cores,pod=workload-edge-7b875fd8c6-pxwvc,0.0026498930310874516
1783695170,cpu_cores,pod=workload-edge-7b875fd8c6-pxwvc,0.002657343914526146
1783695180,cpu_cores,pod=workload-edge-7b875fd8c6-pxwvc,0.0026733551961179037
1783695190,cpu_cores,pod=workload-edge-7b875fd8c6-pxwvc,0.0026690596654363814
1783695200,cpu_cores,pod=workload-edge-7b875fd8c6-pxwvc,0.0027052486187850657
1783695210,cpu_cores,pod=workload-edge-7b875fd8c6-pxwvc,0.0023083435589323176
1783695220,cpu_cores,pod=workload-edge-7b875fd8c6-pxwvc,0.002700706804729236
1783695230,cpu_cores,pod=workload-edge-7b875fd8c6-pxwvc,0.0026914672216416372
1783695240,cpu_cores,pod=workload-edge-7b875fd8c6-pxwvc,0.0027284312289438703
1783695250,cpu_cores,pod=workload-edge-7b875fd8c6-pxwvc,0.0026769142070720287
1783695260,cpu_cores,pod=workload-edge-7b875fd8c6-pxwvc,0.002663328472776848
1783695270,cpu_cores,pod=workload-edge-7b875fd8c6-pxwvc,0.0027460742098045932
1783695280,cpu_cores,pod=workload-edge-7b875fd8c6-pxwvc,0.0027651792942546536
1783695290,cpu_cores,pod=workload-edge-7b875fd8c6-pxwvc,0.0027425882873909737
1783695300,cpu_cores,pod=workload-edge-7b875fd8c6-pxwvc,0.0028408714957349006
1783695310,cpu_cores,pod=workload-edge-7b875fd8c6-pxwvc,0.002382162607148555
1783695320,cpu_cores,pod=workload-edge-7b875fd8c6-pxwvc,0.002819247826414278
1783695330,cpu_cores,pod=workload-edge-7b875fd8c6-pxwvc,0.0028449920691466283
1783695340,cpu_cores,pod=workload-edge-7b875fd8c6-pxwvc,0.0024104274333402284
1783695350,cpu_cores,pod=workload-edge-7b875fd8c6-pxwvc,0.0028054357204491506
1783695360,cpu_cores,pod=workload-edge-7b875fd8c6-pxwvc,0.0027988548617947397
1783695370,cpu_cores,pod=workload-edge-7b875fd8c6-pxwvc,0.0027901257802472623
1783695380,cpu_cores,pod=workload-edge-7b875fd8c6-pxwvc,0.0027603263423171052
1783695390,cpu_cores,pod=workload-edge-7b875fd8c6-pxwvc,0.002712161605652954
1783695400,cpu_cores,pod=workload-edge-7b875fd8c6-pxwvc,0.002712161605652954
1783695410,cpu_cores,pod=workload-edge-7b875fd8c6-pxwvc,0.0026645494017938595
1783695420,cpu_cores,pod=workload-edge-7b875fd8c6-pxwvc,0.0026518253968280804
1783695430,cpu_cores,pod=workload-edge-7b875fd8c6-pxwvc,0.002622838424624289
1783695440,cpu_cores,pod=workload-edge-7b875fd8c6-pxwvc,0.002629646338829329
1783695450,cpu_cores,pod=workload-edge-7b875fd8c6-pxwvc,0.002151377826918115
1783695460,cpu_cores,pod=workload-edge-7b875fd8c6-pxwvc,0.0026485360850384354
1783695470,cpu_cores,pod=workload-edge-7b875fd8c6-pxwvc,0.0026924567102783424
1783695480,cpu_cores,pod=workload-edge-7b875fd8c6-pxwvc,0.0027145015410012453
1783695490,cpu_cores,pod=workload-edge-7b875fd8c6-pxwvc,0.0027368341306114536
1783695500,cpu_cores,pod=workload-edge-7b875fd8c6-pxwvc,0.002320023418503013
1783695510,cpu_cores,pod=workload-edge-7b875fd8c6-pxwvc,0.0027320109944186295
1783695520,cpu_cores,pod=workload-edge-7b875fd8c6-pxwvc,0.002700855298420368
1783695530,cpu_cores,pod=workload-edge-7b875fd8c6-pxwvc,0.0026749066901754423
1783695540,cpu_cores,pod=workload-edge-7b875fd8c6-pxwvc,0.0026433917629710402
1783695550,cpu_cores,pod=workload-edge-7b875fd8c6-pxwvc,0.0018464444444463068
1783695560,cpu_cores,pod=workload-edge-7b875fd8c6-pxwvc,0.002653955617091763
1783695570,cpu_cores,pod=workload-edge-7b875fd8c6-pxwvc,0.00265113335634528
1783695580,cpu_cores,pod=workload-edge-7b875fd8c6-pxwvc,0.002671881738459354
1783695590,cpu_cores,pod=workload-edge-7b875fd8c6-pxwvc,0.0027227847248715528
1783695600,cpu_cores,pod=workload-edge-7b875fd8c6-pxwvc,0.0021507782942271347
1783695610,cpu_cores,pod=workload-edge-7b875fd8c6-pxwvc,0.0026996998284726866
1783695620,cpu_cores,pod=workload-edge-7b875fd8c6-pxwvc,0.0022615054532541773
1783695630,cpu_cores,pod=workload-edge-7b875fd8c6-pxwvc,0.002611151044663847
1783695640,cpu_cores,pod=workload-edge-7b875fd8c6-pxwvc,0.0026727090957112667
1783695650,cpu_cores,pod=workload-edge-7b875fd8c6-pxwvc,0.0026866716280382606
1783695110,cpu_utilisation,pod=workload-cloud-6f545f89ff-ltws2,0.058636844057959964
1783695120,cpu_utilisation,pod=workload-cloud-6f545f89ff-ltws2,0.09655471716575231
1783695130,cpu_utilisation,pod=workload-cloud-6f545f89ff-ltws2,0.09362070460590931
1783695140,cpu_utilisation,pod=workload-cloud-6f545f89ff-ltws2,0.12068782031224597
1783695150,cpu_utilisation,pod=workload-cloud-6f545f89ff-ltws2,0.1469212162410984
1783695160,cpu_utilisation,pod=workload-cloud-6f545f89ff-ltws2,0.17190357356757838
1783695170,cpu_utilisation,pod=workload-cloud-6f545f89ff-ltws2,0.2383700511541933
1783695180,cpu_utilisation,pod=workload-cloud-6f545f89ff-ltws2,0.2551824314094908
1783695190,cpu_utilisation,pod=workload-cloud-6f545f89ff-ltws2,0.2921320459898785
1783695200,cpu_utilisation,pod=workload-cloud-6f545f89ff-ltws2,0.2775967816626995
1783695210,cpu_utilisation,pod=workload-cloud-6f545f89ff-ltws2,0.5646203000379795
1783695220,cpu_utilisation,pod=workload-cloud-6f545f89ff-ltws2,0.8859631825703254
1783695230,cpu_utilisation,pod=workload-cloud-6f545f89ff-ltws2,1.3538120120000796
1783695240,cpu_utilisation,pod=workload-cloud-6f545f89ff-ltws2,1.6846596947723882
1783695250,cpu_utilisation,pod=workload-cloud-6f545f89ff-ltws2,1.849920232823468
1783695260,cpu_utilisation,pod=workload-cloud-6f545f89ff-ltws2,2.1391226277372257
1783695270,cpu_utilisation,pod=workload-cloud-6f545f89ff-ltws2,2.2335423557288836
1783695280,cpu_utilisation,pod=workload-cloud-6f545f89ff-ltws2,2.240591799636437
1783695290,cpu_utilisation,pod=workload-cloud-6f545f89ff-ltws2,2.207275743228008
1783695300,cpu_utilisation,pod=workload-cloud-6f545f89ff-ltws2,2.2222881873927878
1783695310,cpu_utilisation,pod=workload-cloud-6f545f89ff-ltws2,2.2361348204676643
1783695320,cpu_utilisation,pod=workload-cloud-6f545f89ff-ltws2,2.247123662134799
1783695330,cpu_utilisation,pod=workload-cloud-6f545f89ff-ltws2,2.218085595212653
1783695340,cpu_utilisation,pod=workload-cloud-6f545f89ff-ltws2,2.2233201515115413
1783695350,cpu_utilisation,pod=workload-cloud-6f545f89ff-ltws2,2.2003925129459154
1783695360,cpu_utilisation,pod=workload-cloud-6f545f89ff-ltws2,2.1827405688181556
1783695370,cpu_utilisation,pod=workload-cloud-6f545f89ff-ltws2,1.9600915823145337
1783695380,cpu_utilisation,pod=workload-cloud-6f545f89ff-ltws2,1.9600915823145337
1783695390,cpu_utilisation,pod=workload-cloud-6f545f89ff-ltws2,1.2708821507289754
1783695400,cpu_utilisation,pod=workload-cloud-6f545f89ff-ltws2,0.9437710113363482
1783695410,cpu_utilisation,pod=workload-cloud-6f545f89ff-ltws2,0.33902087170042966
1783695420,cpu_utilisation,pod=workload-cloud-6f545f89ff-ltws2,0.32829350867923135
1783695430,cpu_utilisation,pod=workload-cloud-6f545f89ff-ltws2,0.29705360435103256
1783695440,cpu_utilisation,pod=workload-cloud-6f545f89ff-ltws2,0.29705360435103256
1783695450,cpu_utilisation,pod=workload-cloud-6f545f89ff-ltws2,0.29808482215459065
1783695460,cpu_utilisation,pod=workload-cloud-6f545f89ff-ltws2,0.29808482215459065
1783695470,cpu_utilisation,pod=workload-cloud-6f545f89ff-ltws2,0.2948529316348383
1783695480,cpu_utilisation,pod=workload-cloud-6f545f89ff-ltws2,0.29768943381427015
1783695490,cpu_utilisation,pod=workload-cloud-6f545f89ff-ltws2,0.24707818646447846
1783695500,cpu_utilisation,pod=workload-cloud-6f545f89ff-ltws2,0.2979376894094517
1783695510,cpu_utilisation,pod=workload-cloud-6f545f89ff-ltws2,0.3025379974474993
1783695520,cpu_utilisation,pod=workload-cloud-6f545f89ff-ltws2,0.3025379974474994
1783695530,cpu_utilisation,pod=workload-cloud-6f545f89ff-ltws2,0.29962865195717636
1783695540,cpu_utilisation,pod=workload-cloud-6f545f89ff-ltws2,0.2535426759104425
1783695550,cpu_utilisation,pod=workload-cloud-6f545f89ff-ltws2,0.30191224887455487
1783695560,cpu_utilisation,pod=workload-cloud-6f545f89ff-ltws2,0.3009190490114492
1783695570,cpu_utilisation,pod=workload-cloud-6f545f89ff-ltws2,0.2797894313304715
1783695580,cpu_utilisation,pod=workload-cloud-6f545f89ff-ltws2,0.2797894313304715
1783695590,cpu_utilisation,pod=workload-cloud-6f545f89ff-ltws2,0.15145987914870918
1783695600,cpu_utilisation,pod=workload-cloud-6f545f89ff-ltws2,0.12211011346298874
1783695610,cpu_utilisation,pod=workload-cloud-6f545f89ff-ltws2,0.06653444242266632
1783695620,cpu_utilisation,pod=workload-cloud-6f545f89ff-ltws2,0.01204975078668741
1783695630,cpu_utilisation,pod=workload-cloud-6f545f89ff-ltws2,0.01065389386234248
1783695640,cpu_utilisation,pod=workload-cloud-6f545f89ff-ltws2,0.012529284061360247
1783695650,cpu_utilisation,pod=workload-cloud-6f545f89ff-ltws2,0.012758462261732259
1783695230,cpu_utilisation,pod=workload-cloud-6f545f89ff-qcvc6,0.33006922445775366
1783695240,cpu_utilisation,pod=workload-cloud-6f545f89ff-qcvc6,0.48273118404157406
1783695250,cpu_utilisation,pod=workload-cloud-6f545f89ff-qcvc6,0.6226951546793273
1783695260,cpu_utilisation,pod=workload-cloud-6f545f89ff-qcvc6,0.7873864713840157
1783695270,cpu_utilisation,pod=workload-cloud-6f545f89ff-qcvc6,0.8860990072703557
1783695280,cpu_utilisation,pod=workload-cloud-6f545f89ff-qcvc6,0.8820571086044355
1783695290,cpu_utilisation,pod=workload-cloud-6f545f89ff-qcvc6,0.8837925285134349
1783695300,cpu_utilisation,pod=workload-cloud-6f545f89ff-qcvc6,0.8760973112068058
1783695310,cpu_utilisation,pod=workload-cloud-6f545f89ff-qcvc6,0.8754343417957657
1783695320,cpu_utilisation,pod=workload-cloud-6f545f89ff-qcvc6,0.887038789025544
1783695330,cpu_utilisation,pod=workload-cloud-6f545f89ff-qcvc6,0.8925935235667589
1783695340,cpu_utilisation,pod=workload-cloud-6f545f89ff-qcvc6,0.8934135916797267
1783695350,cpu_utilisation,pod=workload-cloud-6f545f89ff-qcvc6,0.8843256199477038
1783695360,cpu_utilisation,pod=workload-cloud-6f545f89ff-qcvc6,0.8869718280070219
1783695370,cpu_utilisation,pod=workload-cloud-6f545f89ff-qcvc6,0.6962357941092908
1783695380,cpu_utilisation,pod=workload-cloud-6f545f89ff-qcvc6,0.3848965895850138
1783695390,cpu_utilisation,pod=workload-cloud-6f545f89ff-qcvc6,0.3848965895850138
1783695400,cpu_utilisation,pod=workload-cloud-6f545f89ff-qcvc6,0.06904618260610983
1783695410,cpu_utilisation,pod=workload-cloud-6f545f89ff-qcvc6,0.011439201348224745
1783695420,cpu_utilisation,pod=workload-cloud-6f545f89ff-qcvc6,0.011447506172839402
1783695430,cpu_utilisation,pod=workload-cloud-6f545f89ff-qcvc6,0.011245688080840682
1783695440,cpu_utilisation,pod=workload-cloud-6f545f89ff-qcvc6,0.009643675984640235
1783695450,cpu_utilisation,pod=workload-cloud-6f545f89ff-qcvc6,0.011450010568590054
1783695460,cpu_utilisation,pod=workload-cloud-6f545f89ff-qcvc6,0.01141139296058987
1783695470,cpu_utilisation,pod=workload-cloud-6f545f89ff-qcvc6,0.01141139296058987
1783695480,cpu_utilisation,pod=workload-cloud-6f545f89ff-qcvc6,0.010673835451383356
1783695490,cpu_utilisation,pod=workload-cloud-6f545f89ff-qcvc6,0.011067510063254805
1783695500,cpu_utilisation,pod=workload-cloud-6f545f89ff-qcvc6,0.00864494345076906
1783695510,cpu_utilisation,pod=workload-cloud-6f545f89ff-qcvc6,0.011054288953268447
1783695520,cpu_utilisation,pod=workload-cloud-6f545f89ff-qcvc6,0.0097676545511367
1783695530,cpu_utilisation,pod=workload-cloud-6f545f89ff-qcvc6,0.01128826480617729
1783695540,cpu_utilisation,pod=workload-cloud-6f545f89ff-qcvc6,0.01105363042794191
1783695550,cpu_utilisation,pod=workload-cloud-6f545f89ff-qcvc6,0.011131523809523744
1783695560,cpu_utilisation,pod=workload-cloud-6f545f89ff-qcvc6,0.01087435343257501
1783695570,cpu_utilisation,pod=workload-cloud-6f545f89ff-qcvc6,0.010777118389423274
1783695580,cpu_utilisation,pod=workload-cloud-6f545f89ff-qcvc6,0.011064883358008901
1783695590,cpu_utilisation,pod=workload-cloud-6f545f89ff-qcvc6,0.011271008004855948
1783695600,cpu_utilisation,pod=workload-cloud-6f545f89ff-qcvc6,0.011593237195425102
1783695610,cpu_utilisation,pod=workload-cloud-6f545f89ff-qcvc6,0.010529342404700314
1783695620,cpu_utilisation,pod=workload-cloud-6f545f89ff-qcvc6,0.012673405822779898
1783695630,cpu_utilisation,pod=workload-cloud-6f545f89ff-qcvc6,0.01278051915264733
1783695640,cpu_utilisation,pod=workload-cloud-6f545f89ff-qcvc6,0.0125838495575222
1783695650,cpu_utilisation,pod=workload-cloud-6f545f89ff-qcvc6,0.012503248025406982
1783695010,cpu_utilisation,pod=workload-cloud-6f545f89ff-r28zz,0.030430562588922305
1783695020,cpu_utilisation,pod=workload-cloud-6f545f89ff-r28zz,0.04765122831733818
1783695030,cpu_utilisation,pod=workload-cloud-6f545f89ff-r28zz,0.05264865363760023
1783695040,cpu_utilisation,pod=workload-cloud-6f545f89ff-r28zz,0.1460864641010391
1783695050,cpu_utilisation,pod=workload-cloud-6f545f89ff-r28zz,0.34718511212389364
1783695060,cpu_utilisation,pod=workload-cloud-6f545f89ff-r28zz,0.34718511212389364
1783695070,cpu_utilisation,pod=workload-cloud-6f545f89ff-r28zz,0.5921007157913226
1783695080,cpu_utilisation,pod=workload-cloud-6f545f89ff-r28zz,0.7487682913531809
1783695090,cpu_utilisation,pod=workload-cloud-6f545f89ff-r28zz,0.7487682913531809
1783695100,cpu_utilisation,pod=workload-cloud-6f545f89ff-r28zz,0.9469294277077019
1783695110,cpu_utilisation,pod=workload-cloud-6f545f89ff-r28zz,1.0356572032812095
1783695120,cpu_utilisation,pod=workload-cloud-6f545f89ff-r28zz,1.0981500371116522
1783695130,cpu_utilisation,pod=workload-cloud-6f545f89ff-r28zz,1.2419057786968148
1783695140,cpu_utilisation,pod=workload-cloud-6f545f89ff-r28zz,1.1023054292774201
1783695150,cpu_utilisation,pod=workload-cloud-6f545f89ff-r28zz,1.3289814560708808
1783695160,cpu_utilisation,pod=workload-cloud-6f545f89ff-r28zz,1.2052993086983472
1783695170,cpu_utilisation,pod=workload-cloud-6f545f89ff-r28zz,1.4167029102017843
1783695180,cpu_utilisation,pod=workload-cloud-6f545f89ff-r28zz,1.4477658944068479
1783695190,cpu_utilisation,pod=workload-cloud-6f545f89ff-r28zz,1.5096370450645704
1783695200,cpu_utilisation,pod=workload-cloud-6f545f89ff-r28zz,1.5439654110400374
1783695210,cpu_utilisation,pod=workload-cloud-6f545f89ff-r28zz,1.866085310180046
1783695220,cpu_utilisation,pod=workload-cloud-6f545f89ff-r28zz,1.866085310180046
1783695230,cpu_utilisation,pod=workload-cloud-6f545f89ff-r28zz,2.3749715350161216
1783695240,cpu_utilisation,pod=workload-cloud-6f545f89ff-r28zz,2.720242474916393
1783695250,cpu_utilisation,pod=workload-cloud-6f545f89ff-r28zz,2.810435792425129
1783695260,cpu_utilisation,pod=workload-cloud-6f545f89ff-r28zz,3.4050878684156114
1783695270,cpu_utilisation,pod=workload-cloud-6f545f89ff-r28zz,3.482722821184655
1783695280,cpu_utilisation,pod=workload-cloud-6f545f89ff-r28zz,3.482722821184655
1783695290,cpu_utilisation,pod=workload-cloud-6f545f89ff-r28zz,3.5143819848758633
1783695300,cpu_utilisation,pod=workload-cloud-6f545f89ff-r28zz,3.5143819848758633
1783695310,cpu_utilisation,pod=workload-cloud-6f545f89ff-r28zz,3.4647871280079747
1783695320,cpu_utilisation,pod=workload-cloud-6f545f89ff-r28zz,3.392582230982971
1783695330,cpu_utilisation,pod=workload-cloud-6f545f89ff-r28zz,2.7832376523901123
1783695340,cpu_utilisation,pod=workload-cloud-6f545f89ff-r28zz,3.2897306707219443
1783695350,cpu_utilisation,pod=workload-cloud-6f545f89ff-r28zz,2.7938249242096145
1783695360,cpu_utilisation,pod=workload-cloud-6f545f89ff-r28zz,3.2232902140386988
1783695370,cpu_utilisation,pod=workload-cloud-6f545f89ff-r28zz,3.2116821482079074
1783695380,cpu_utilisation,pod=workload-cloud-6f545f89ff-r28zz,2.9737047207781346
1783695390,cpu_utilisation,pod=workload-cloud-6f545f89ff-r28zz,2.4650419471085088
1783695400,cpu_utilisation,pod=workload-cloud-6f545f89ff-r28zz,2.0858113258105746
1783695410,cpu_utilisation,pod=workload-cloud-6f545f89ff-r28zz,1.9123180062187835
1783695420,cpu_utilisation,pod=workload-cloud-6f545f89ff-r28zz,1.6404374527588774
1783695430,cpu_utilisation,pod=workload-cloud-6f545f89ff-r28zz,1.640549179418937
1783695440,cpu_utilisation,pod=workload-cloud-6f545f89ff-r28zz,1.6392818977726304
1783695450,cpu_utilisation,pod=workload-cloud-6f545f89ff-r28zz,1.1243201250000041
1783695460,cpu_utilisation,pod=workload-cloud-6f545f89ff-r28zz,1.6433756597833131
1783695470,cpu_utilisation,pod=workload-cloud-6f545f89ff-r28zz,1.4040454449220554
1783695480,cpu_utilisation,pod=workload-cloud-6f545f89ff-r28zz,1.619371471622304
1783695490,cpu_utilisation,pod=workload-cloud-6f545f89ff-r28zz,1.632452714013582
1783695500,cpu_utilisation,pod=workload-cloud-6f545f89ff-r28zz,1.6291594120615727
1783695510,cpu_utilisation,pod=workload-cloud-6f545f89ff-r28zz,1.6291594120615727
1783695520,cpu_utilisation,pod=workload-cloud-6f545f89ff-r28zz,1.6265088423668854
1783695530,cpu_utilisation,pod=workload-cloud-6f545f89ff-r28zz,1.35662778424909
1783695540,cpu_utilisation,pod=workload-cloud-6f545f89ff-r28zz,1.6314233568759575
1783695550,cpu_utilisation,pod=workload-cloud-6f545f89ff-r28zz,1.6475487691077089
1783695560,cpu_utilisation,pod=workload-cloud-6f545f89ff-r28zz,1.4108387958156248
1783695570,cpu_utilisation,pod=workload-cloud-6f545f89ff-r28zz,1.6675568253968276
1783695580,cpu_utilisation,pod=workload-cloud-6f545f89ff-r28zz,1.5378773431030637
1783695590,cpu_utilisation,pod=workload-cloud-6f545f89ff-r28zz,1.2941207501774878
1783695600,cpu_utilisation,pod=workload-cloud-6f545f89ff-r28zz,1.0041029593716806
1783695610,cpu_utilisation,pod=workload-cloud-6f545f89ff-r28zz,0.47016253308039724
1783695620,cpu_utilisation,pod=workload-cloud-6f545f89ff-r28zz,0.392879566705307
1783695630,cpu_utilisation,pod=workload-cloud-6f545f89ff-r28zz,0.09806356843075165
1783695640,cpu_utilisation,pod=workload-cloud-6f545f89ff-r28zz,0.012220418306816793
1783695650,cpu_utilisation,pod=workload-cloud-6f545f89ff-r28zz,0.01203980587970776
1783695260,cpu_utilisation,pod=workload-cloud-6f545f89ff-t8wqb,0.073186676788522
1783695270,cpu_utilisation,pod=workload-cloud-6f545f89ff-t8wqb,0.06736864509188183
1783695280,cpu_utilisation,pod=workload-cloud-6f545f89ff-t8wqb,0.06626633832048207
1783695290,cpu_utilisation,pod=workload-cloud-6f545f89ff-t8wqb,0.08008068205131193
1783695300,cpu_utilisation,pod=workload-cloud-6f545f89ff-t8wqb,0.009282053156524023
1783695310,cpu_utilisation,pod=workload-cloud-6f545f89ff-t8wqb,0.011237458193979942
1783695320,cpu_utilisation,pod=workload-cloud-6f545f89ff-t8wqb,0.009238058486800912
1783695330,cpu_utilisation,pod=workload-cloud-6f545f89ff-t8wqb,0.011179743450276487
1783695340,cpu_utilisation,pod=workload-cloud-6f545f89ff-t8wqb,0.011328214794722078
1783695350,cpu_utilisation,pod=workload-cloud-6f545f89ff-t8wqb,0.011328214794722078
1783695360,cpu_utilisation,pod=workload-cloud-6f545f89ff-t8wqb,0.011199321511821509
1783695370,cpu_utilisation,pod=workload-cloud-6f545f89ff-t8wqb,0.011008702138239684
1783695380,cpu_utilisation,pod=workload-cloud-6f545f89ff-t8wqb,0.010811888192107677
1783695390,cpu_utilisation,pod=workload-cloud-6f545f89ff-t8wqb,0.009450660241009087
1783695400,cpu_utilisation,pod=workload-cloud-6f545f89ff-t8wqb,0.010996995773715568
1783695410,cpu_utilisation,pod=workload-cloud-6f545f89ff-t8wqb,0.008946667006127266
1783695420,cpu_utilisation,pod=workload-cloud-6f545f89ff-t8wqb,0.010772052568900984
1783695430,cpu_utilisation,pod=workload-cloud-6f545f89ff-t8wqb,0.011187116436354528
1783695440,cpu_utilisation,pod=workload-cloud-6f545f89ff-t8wqb,0.010941799284081595
1783695450,cpu_utilisation,pod=workload-cloud-6f545f89ff-t8wqb,0.010941799284081595
1783695460,cpu_utilisation,pod=workload-cloud-6f545f89ff-t8wqb,0.01103428088206595
1783695470,cpu_utilisation,pod=workload-cloud-6f545f89ff-t8wqb,0.011050438146094346
1783695480,cpu_utilisation,pod=workload-cloud-6f545f89ff-t8wqb,0.010713992687059665
1783695490,cpu_utilisation,pod=workload-cloud-6f545f89ff-t8wqb,0.010638584271883024
1783695500,cpu_utilisation,pod=workload-cloud-6f545f89ff-t8wqb,0.009114967665269095
1783695510,cpu_utilisation,pod=workload-cloud-6f545f89ff-t8wqb,0.010826627380097575
1783695520,cpu_utilisation,pod=workload-cloud-6f545f89ff-t8wqb,0.010559892977762168
1783695530,cpu_utilisation,pod=workload-cloud-6f545f89ff-t8wqb,0.010697671095870834
1783695540,cpu_utilisation,pod=workload-cloud-6f545f89ff-t8wqb,0.010726355058152268
1783695550,cpu_utilisation,pod=workload-cloud-6f545f89ff-t8wqb,0.010770541705074061
1783695560,cpu_utilisation,pod=workload-cloud-6f545f89ff-t8wqb,0.00929359480171537
1783695570,cpu_utilisation,pod=workload-cloud-6f545f89ff-t8wqb,0.010911072185106726
1783695580,cpu_utilisation,pod=workload-cloud-6f545f89ff-t8wqb,0.011050254351347051
1783695590,cpu_utilisation,pod=workload-cloud-6f545f89ff-t8wqb,0.011050254351347051
1783695600,cpu_utilisation,pod=workload-cloud-6f545f89ff-t8wqb,0.011301351659199632
1783695610,cpu_utilisation,pod=workload-cloud-6f545f89ff-t8wqb,0.011649240270262028
1783695620,cpu_utilisation,pod=workload-cloud-6f545f89ff-t8wqb,0.011968736379125884
1783695630,cpu_utilisation,pod=workload-cloud-6f545f89ff-t8wqb,0.012549315096967295
1783695640,cpu_utilisation,pod=workload-cloud-6f545f89ff-t8wqb,0.013118272173883122
1783695650,cpu_utilisation,pod=workload-cloud-6f545f89ff-t8wqb,0.012874929377053304
1783695230,cpu_utilisation,pod=workload-cloud-6f545f89ff-wp2g4,0.2734193775896636
1783695240,cpu_utilisation,pod=workload-cloud-6f545f89ff-wp2g4,0.4438173747483944
1783695250,cpu_utilisation,pod=workload-cloud-6f545f89ff-wp2g4,0.5722467707887365
1783695260,cpu_utilisation,pod=workload-cloud-6f545f89ff-wp2g4,0.7472022772783125
1783695270,cpu_utilisation,pod=workload-cloud-6f545f89ff-wp2g4,0.9047795174949541
1783695280,cpu_utilisation,pod=workload-cloud-6f545f89ff-wp2g4,0.9094444190563234
1783695290,cpu_utilisation,pod=workload-cloud-6f545f89ff-wp2g4,0.8866071175098856
1783695300,cpu_utilisation,pod=workload-cloud-6f545f89ff-wp2g4,0.7371092307719904
1783695310,cpu_utilisation,pod=workload-cloud-6f545f89ff-wp2g4,0.8643887386988122
1783695320,cpu_utilisation,pod=workload-cloud-6f545f89ff-wp2g4,0.8620058936683992
1783695330,cpu_utilisation,pod=workload-cloud-6f545f89ff-wp2g4,0.7310955336487779
1783695340,cpu_utilisation,pod=workload-cloud-6f545f89ff-wp2g4,0.868018165822574
1783695350,cpu_utilisation,pod=workload-cloud-6f545f89ff-wp2g4,0.8850381991814461
1783695360,cpu_utilisation,pod=workload-cloud-6f545f89ff-wp2g4,0.7754701256124064
1783695370,cpu_utilisation,pod=workload-cloud-6f545f89ff-wp2g4,0.731829718331074
1783695380,cpu_utilisation,pod=workload-cloud-6f545f89ff-wp2g4,0.4052012128484798
1783695390,cpu_utilisation,pod=workload-cloud-6f545f89ff-wp2g4,0.11620249050665378
1783695400,cpu_utilisation,pod=workload-cloud-6f545f89ff-wp2g4,0.07554614467657934
1783695410,cpu_utilisation,pod=workload-cloud-6f545f89ff-wp2g4,0.01149596829840502
1783695420,cpu_utilisation,pod=workload-cloud-6f545f89ff-wp2g4,0.011418713094010581
1783695430,cpu_utilisation,pod=workload-cloud-6f545f89ff-wp2g4,0.011418713094010581
1783695440,cpu_utilisation,pod=workload-cloud-6f545f89ff-wp2g4,0.009507699352565293
1783695450,cpu_utilisation,pod=workload-cloud-6f545f89ff-wp2g4,0.010972713707098626
1783695460,cpu_utilisation,pod=workload-cloud-6f545f89ff-wp2g4,0.008353099849114407
1783695470,cpu_utilisation,pod=workload-cloud-6f545f89ff-wp2g4,0.011182114281668114
1783695480,cpu_utilisation,pod=workload-cloud-6f545f89ff-wp2g4,0.011431198221863042
1783695490,cpu_utilisation,pod=workload-cloud-6f545f89ff-wp2g4,0.011431198221863042
1783695500,cpu_utilisation,pod=workload-cloud-6f545f89ff-wp2g4,0.011502775063153526
1783695510,cpu_utilisation,pod=workload-cloud-6f545f89ff-wp2g4,0.01133534194441262
1783695520,cpu_utilisation,pod=workload-cloud-6f545f89ff-wp2g4,0.011500802864472947
1783695530,cpu_utilisation,pod=workload-cloud-6f545f89ff-wp2g4,0.011685097267253225
1783695540,cpu_utilisation,pod=workload-cloud-6f545f89ff-wp2g4,0.011143368001528632
1783695550,cpu_utilisation,pod=workload-cloud-6f545f89ff-wp2g4,0.011542226063188275
1783695560,cpu_utilisation,pod=workload-cloud-6f545f89ff-wp2g4,0.011198703856370916
1783695570,cpu_utilisation,pod=workload-cloud-6f545f89ff-wp2g4,0.011198703856370916
1783695580,cpu_utilisation,pod=workload-cloud-6f545f89ff-wp2g4,0.011464599722350888
1783695590,cpu_utilisation,pod=workload-cloud-6f545f89ff-wp2g4,0.011425285189026121
1783695600,cpu_utilisation,pod=workload-cloud-6f545f89ff-wp2g4,0.009413002530567314
1783695610,cpu_utilisation,pod=workload-cloud-6f545f89ff-wp2g4,0.01170115490455218
1783695620,cpu_utilisation,pod=workload-cloud-6f545f89ff-wp2g4,0.012622085679419161
1783695630,cpu_utilisation,pod=workload-cloud-6f545f89ff-wp2g4,0.012622085679419161
1783695640,cpu_utilisation,pod=workload-cloud-6f545f89ff-wp2g4,0.012463738771903892
1783695650,cpu_utilisation,pod=workload-cloud-6f545f89ff-wp2g4,0.01246453287197229
1783695170,cpu_utilisation,pod=workload-cloud-6f545f89ff-xhksr,0.07767432303173055
1783695180,cpu_utilisation,pod=workload-cloud-6f545f89ff-xhksr,0.12910795147011045
1783695190,cpu_utilisation,pod=workload-cloud-6f545f89ff-xhksr,0.162266110598977
1783695200,cpu_utilisation,pod=workload-cloud-6f545f89ff-xhksr,0.23076678200338419
1783695210,cpu_utilisation,pod=workload-cloud-6f545f89ff-xhksr,0.42196654512992926
1783695220,cpu_utilisation,pod=workload-cloud-6f545f89ff-xhksr,0.5075397791169088
1783695230,cpu_utilisation,pod=workload-cloud-6f545f89ff-xhksr,1.1126045395408903
1783695240,cpu_utilisation,pod=workload-cloud-6f545f89ff-xhksr,1.2400583318822915
1783695250,cpu_utilisation,pod=workload-cloud-6f545f89ff-xhksr,1.8752891748759921
1783695260,cpu_utilisation,pod=workload-cloud-6f545f89ff-xhksr,2.2024017678692847
1783695270,cpu_utilisation,pod=workload-cloud-6f545f89ff-xhksr,1.8811693667799818
1783695280,cpu_utilisation,pod=workload-cloud-6f545f89ff-xhksr,2.2791543849242557
1783695290,cpu_utilisation,pod=workload-cloud-6f545f89ff-xhksr,2.2375946731944096
1783695300,cpu_utilisation,pod=workload-cloud-6f545f89ff-xhksr,2.2375946731944096
1783695310,cpu_utilisation,pod=workload-cloud-6f545f89ff-xhksr,2.2781715007740635
1783695320,cpu_utilisation,pod=workload-cloud-6f545f89ff-xhksr,2.261033952806545
1783695330,cpu_utilisation,pod=workload-cloud-6f545f89ff-xhksr,2.240612894887465
1783695340,cpu_utilisation,pod=workload-cloud-6f545f89ff-xhksr,2.231708168039874
1783695350,cpu_utilisation,pod=workload-cloud-6f545f89ff-xhksr,2.197470343595613
1783695360,cpu_utilisation,pod=workload-cloud-6f545f89ff-xhksr,2.1124577840112204
1783695370,cpu_utilisation,pod=workload-cloud-6f545f89ff-xhksr,1.7975949796881179
1783695380,cpu_utilisation,pod=workload-cloud-6f545f89ff-xhksr,1.5761967892062685
1783695390,cpu_utilisation,pod=workload-cloud-6f545f89ff-xhksr,1.3691048016701464
1783695400,cpu_utilisation,pod=workload-cloud-6f545f89ff-xhksr,0.6185411659050688
1783695410,cpu_utilisation,pod=workload-cloud-6f545f89ff-xhksr,0.6185411659050687
1783695420,cpu_utilisation,pod=workload-cloud-6f545f89ff-xhksr,0.43708055951301544
1783695430,cpu_utilisation,pod=workload-cloud-6f545f89ff-xhksr,0.43715308705856254
1783695440,cpu_utilisation,pod=workload-cloud-6f545f89ff-xhksr,0.4406406307218404
1783695450,cpu_utilisation,pod=workload-cloud-6f545f89ff-xhksr,0.4412094697566869
1783695460,cpu_utilisation,pod=workload-cloud-6f545f89ff-xhksr,0.44086275746111825
1783695470,cpu_utilisation,pod=workload-cloud-6f545f89ff-xhksr,0.43688676142167154
1783695480,cpu_utilisation,pod=workload-cloud-6f545f89ff-xhksr,0.43672275470358474
1783695490,cpu_utilisation,pod=workload-cloud-6f545f89ff-xhksr,0.43520019317894354
1783695500,cpu_utilisation,pod=workload-cloud-6f545f89ff-xhksr,0.4324429446357298
1783695510,cpu_utilisation,pod=workload-cloud-6f545f89ff-xhksr,0.3501970345011726
1783695520,cpu_utilisation,pod=workload-cloud-6f545f89ff-xhksr,0.4338328255507892
1783695530,cpu_utilisation,pod=workload-cloud-6f545f89ff-xhksr,0.4371574486580467
1783695540,cpu_utilisation,pod=workload-cloud-6f545f89ff-xhksr,0.4371574486580467
1783695550,cpu_utilisation,pod=workload-cloud-6f545f89ff-xhksr,0.44188759689922513
1783695560,cpu_utilisation,pod=workload-cloud-6f545f89ff-xhksr,0.4418875968992252
1783695570,cpu_utilisation,pod=workload-cloud-6f545f89ff-xhksr,0.34689626023546627
1783695580,cpu_utilisation,pod=workload-cloud-6f545f89ff-xhksr,0.31693022403685045
1783695590,cpu_utilisation,pod=workload-cloud-6f545f89ff-xhksr,0.09539433363797659
1783695600,cpu_utilisation,pod=workload-cloud-6f545f89ff-xhksr,0.09539433363797659
1783695610,cpu_utilisation,pod=workload-cloud-6f545f89ff-xhksr,0.011055628821485027
1783695620,cpu_utilisation,pod=workload-cloud-6f545f89ff-xhksr,0.011006224066390536
1783695630,cpu_utilisation,pod=workload-cloud-6f545f89ff-xhksr,0.010831554779459577
1783695640,cpu_utilisation,pod=workload-cloud-6f545f89ff-xhksr,0.010935786666665687
1783695650,cpu_utilisation,pod=workload-cloud-6f545f89ff-xhksr,0.011200851622743714
1783695010,cpu_utilisation,pod=workload-edge-7b875fd8c6-pxwvc,0.055351033853267825
1783695020,cpu_utilisation,pod=workload-edge-7b875fd8c6-pxwvc,0.05704090781731315
1783695030,cpu_utilisation,pod=workload-edge-7b875fd8c6-pxwvc,0.047946673736417346
1783695040,cpu_utilisation,pod=workload-edge-7b875fd8c6-pxwvc,0.037979492650540805
1783695050,cpu_utilisation,pod=workload-edge-7b875fd8c6-pxwvc,0.0346338668247233
1783695060,cpu_utilisation,pod=workload-edge-7b875fd8c6-pxwvc,0.027976491039272175
1783695070,cpu_utilisation,pod=workload-edge-7b875fd8c6-pxwvc,0.027423489825368554
1783695080,cpu_utilisation,pod=workload-edge-7b875fd8c6-pxwvc,0.027023992866994372
1783695090,cpu_utilisation,pod=workload-edge-7b875fd8c6-pxwvc,0.026548242103350796
1783695100,cpu_utilisation,pod=workload-edge-7b875fd8c6-pxwvc,0.026280707467518417
1783695110,cpu_utilisation,pod=workload-edge-7b875fd8c6-pxwvc,0.026351367349355535
1783695120,cpu_utilisation,pod=workload-edge-7b875fd8c6-pxwvc,0.02635944558837778
1783695130,cpu_utilisation,pod=workload-edge-7b875fd8c6-pxwvc,0.026511181174707882
1783695140,cpu_utilisation,pod=workload-edge-7b875fd8c6-pxwvc,0.026914144712975856
1783695150,cpu_utilisation,pod=workload-edge-7b875fd8c6-pxwvc,0.021942877899949937
1783695160,cpu_utilisation,pod=workload-edge-7b875fd8c6-pxwvc,0.026498930310874514
1783695170,cpu_utilisation,pod=workload-edge-7b875fd8c6-pxwvc,0.02657343914526146
1783695180,cpu_utilisation,pod=workload-edge-7b875fd8c6-pxwvc,0.026733551961179037
1783695190,cpu_utilisation,pod=workload-edge-7b875fd8c6-pxwvc,0.026690596654363814
1783695200,cpu_utilisation,pod=workload-edge-7b875fd8c6-pxwvc,0.027052486187850656
1783695210,cpu_utilisation,pod=workload-edge-7b875fd8c6-pxwvc,0.023083435589323173
1783695220,cpu_utilisation,pod=workload-edge-7b875fd8c6-pxwvc,0.02700706804729236
1783695230,cpu_utilisation,pod=workload-edge-7b875fd8c6-pxwvc,0.02691467221641637
1783695240,cpu_utilisation,pod=workload-edge-7b875fd8c6-pxwvc,0.0272843122894387
1783695250,cpu_utilisation,pod=workload-edge-7b875fd8c6-pxwvc,0.026769142070720287
1783695260,cpu_utilisation,pod=workload-edge-7b875fd8c6-pxwvc,0.026633284727768478
1783695270,cpu_utilisation,pod=workload-edge-7b875fd8c6-pxwvc,0.027460742098045932
1783695280,cpu_utilisation,pod=workload-edge-7b875fd8c6-pxwvc,0.027651792942546535
1783695290,cpu_utilisation,pod=workload-edge-7b875fd8c6-pxwvc,0.027425882873909735
1783695300,cpu_utilisation,pod=workload-edge-7b875fd8c6-pxwvc,0.028408714957349004
1783695310,cpu_utilisation,pod=workload-edge-7b875fd8c6-pxwvc,0.02382162607148555
1783695320,cpu_utilisation,pod=workload-edge-7b875fd8c6-pxwvc,0.02819247826414278
1783695330,cpu_utilisation,pod=workload-edge-7b875fd8c6-pxwvc,0.02844992069146628
1783695340,cpu_utilisation,pod=workload-edge-7b875fd8c6-pxwvc,0.024104274333402283
1783695350,cpu_utilisation,pod=workload-edge-7b875fd8c6-pxwvc,0.028054357204491506
1783695360,cpu_utilisation,pod=workload-edge-7b875fd8c6-pxwvc,0.027988548617947397
1783695370,cpu_utilisation,pod=workload-edge-7b875fd8c6-pxwvc,0.027901257802472622
1783695380,cpu_utilisation,pod=workload-edge-7b875fd8c6-pxwvc,0.02760326342317105
1783695390,cpu_utilisation,pod=workload-edge-7b875fd8c6-pxwvc,0.027121616056529536
1783695400,cpu_utilisation,pod=workload-edge-7b875fd8c6-pxwvc,0.027121616056529536
1783695410,cpu_utilisation,pod=workload-edge-7b875fd8c6-pxwvc,0.026645494017938594
1783695420,cpu_utilisation,pod=workload-edge-7b875fd8c6-pxwvc,0.0265182539682808
1783695430,cpu_utilisation,pod=workload-edge-7b875fd8c6-pxwvc,0.026228384246242888
1783695440,cpu_utilisation,pod=workload-edge-7b875fd8c6-pxwvc,0.02629646338829329
1783695450,cpu_utilisation,pod=workload-edge-7b875fd8c6-pxwvc,0.02151377826918115
1783695460,cpu_utilisation,pod=workload-edge-7b875fd8c6-pxwvc,0.026485360850384353
1783695470,cpu_utilisation,pod=workload-edge-7b875fd8c6-pxwvc,0.026924567102783424
1783695480,cpu_utilisation,pod=workload-edge-7b875fd8c6-pxwvc,0.027145015410012453
1783695490,cpu_utilisation,pod=workload-edge-7b875fd8c6-pxwvc,0.027368341306114534
1783695500,cpu_utilisation,pod=workload-edge-7b875fd8c6-pxwvc,0.02320023418503013
1783695510,cpu_utilisation,pod=workload-edge-7b875fd8c6-pxwvc,0.027320109944186294
1783695520,cpu_utilisation,pod=workload-edge-7b875fd8c6-pxwvc,0.02700855298420368
1783695530,cpu_utilisation,pod=workload-edge-7b875fd8c6-pxwvc,0.026749066901754423
1783695540,cpu_utilisation,pod=workload-edge-7b875fd8c6-pxwvc,0.0264339176297104
1783695550,cpu_utilisation,pod=workload-edge-7b875fd8c6-pxwvc,0.018464444444463067
1783695560,cpu_utilisation,pod=workload-edge-7b875fd8c6-pxwvc,0.02653955617091763
1783695570,cpu_utilisation,pod=workload-edge-7b875fd8c6-pxwvc,0.0265113335634528
1783695580,cpu_utilisation,pod=workload-edge-7b875fd8c6-pxwvc,0.02671881738459354
1783695590,cpu_utilisation,pod=workload-edge-7b875fd8c6-pxwvc,0.027227847248715527
1783695600,cpu_utilisation,pod=workload-edge-7b875fd8c6-pxwvc,0.021507782942271347
1783695610,cpu_utilisation,pod=workload-edge-7b875fd8c6-pxwvc,0.026996998284726865
1783695620,cpu_utilisation,pod=workload-edge-7b875fd8c6-pxwvc,0.02261505453254177
1783695630,cpu_utilisation,pod=workload-edge-7b875fd8c6-pxwvc,0.02611151044663847
1783695640,cpu_utilisation,pod=workload-edge-7b875fd8c6-pxwvc,0.026727090957112665
1783695650,cpu_utilisation,pod=workload-edge-7b875fd8c6-pxwvc,0.026866716280382605
1783695100,mem_mib,pod=workload-cloud-6f545f89ff-ltws2,3.75
1783695110,mem_mib,pod=workload-cloud-6f545f89ff-ltws2,35.125
1783695120,mem_mib,pod=workload-cloud-6f545f89ff-ltws2,35.125
1783695130,mem_mib,pod=workload-cloud-6f545f89ff-ltws2,35.44921875
1783695140,mem_mib,pod=workload-cloud-6f545f89ff-ltws2,35.52734375
1783695150,mem_mib,pod=workload-cloud-6f545f89ff-ltws2,35.52734375
1783695160,mem_mib,pod=workload-cloud-6f545f89ff-ltws2,35.33984375
1783695170,mem_mib,pod=workload-cloud-6f545f89ff-ltws2,35.48828125
1783695180,mem_mib,pod=workload-cloud-6f545f89ff-ltws2,35.703125
1783695190,mem_mib,pod=workload-cloud-6f545f89ff-ltws2,35.703125
1783695200,mem_mib,pod=workload-cloud-6f545f89ff-ltws2,35.4609375
1783695210,mem_mib,pod=workload-cloud-6f545f89ff-ltws2,37.0
1783695220,mem_mib,pod=workload-cloud-6f545f89ff-ltws2,37.26953125
1783695230,mem_mib,pod=workload-cloud-6f545f89ff-ltws2,37.79296875
1783695240,mem_mib,pod=workload-cloud-6f545f89ff-ltws2,37.79296875
1783695250,mem_mib,pod=workload-cloud-6f545f89ff-ltws2,37.88671875
1783695260,mem_mib,pod=workload-cloud-6f545f89ff-ltws2,37.94921875
1783695270,mem_mib,pod=workload-cloud-6f545f89ff-ltws2,37.94921875
1783695280,mem_mib,pod=workload-cloud-6f545f89ff-ltws2,37.94921875
1783695290,mem_mib,pod=workload-cloud-6f545f89ff-ltws2,37.94921875
1783695300,mem_mib,pod=workload-cloud-6f545f89ff-ltws2,39.2265625
1783695310,mem_mib,pod=workload-cloud-6f545f89ff-ltws2,38.01953125
1783695320,mem_mib,pod=workload-cloud-6f545f89ff-ltws2,38.01953125
1783695330,mem_mib,pod=workload-cloud-6f545f89ff-ltws2,38.0546875
1783695340,mem_mib,pod=workload-cloud-6f545f89ff-ltws2,38.78125
1783695350,mem_mib,pod=workload-cloud-6f545f89ff-ltws2,38.12890625
1783695360,mem_mib,pod=workload-cloud-6f545f89ff-ltws2,38.12890625
1783695370,mem_mib,pod=workload-cloud-6f545f89ff-ltws2,38.26171875
1783695380,mem_mib,pod=workload-cloud-6f545f89ff-ltws2,38.26171875
1783695390,mem_mib,pod=workload-cloud-6f545f89ff-ltws2,37.75390625
1783695400,mem_mib,pod=workload-cloud-6f545f89ff-ltws2,37.75390625
1783695410,mem_mib,pod=workload-cloud-6f545f89ff-ltws2,37.44921875
1783695420,mem_mib,pod=workload-cloud-6f545f89ff-ltws2,37.45703125
1783695430,mem_mib,pod=workload-cloud-6f545f89ff-ltws2,37.46484375
1783695440,mem_mib,pod=workload-cloud-6f545f89ff-ltws2,37.46484375
1783695450,mem_mib,pod=workload-cloud-6f545f89ff-ltws2,37.21875
1783695460,mem_mib,pod=workload-cloud-6f545f89ff-ltws2,37.21875
1783695470,mem_mib,pod=workload-cloud-6f545f89ff-ltws2,37.22265625
1783695480,mem_mib,pod=workload-cloud-6f545f89ff-ltws2,37.22265625
1783695490,mem_mib,pod=workload-cloud-6f545f89ff-ltws2,37.22265625
1783695500,mem_mib,pod=workload-cloud-6f545f89ff-ltws2,37.22265625
1783695510,mem_mib,pod=workload-cloud-6f545f89ff-ltws2,37.5078125
1783695520,mem_mib,pod=workload-cloud-6f545f89ff-ltws2,37.5078125
1783695530,mem_mib,pod=workload-cloud-6f545f89ff-ltws2,37.25390625
1783695540,mem_mib,pod=workload-cloud-6f545f89ff-ltws2,37.25390625
1783695550,mem_mib,pod=workload-cloud-6f545f89ff-ltws2,37.21875
1783695560,mem_mib,pod=workload-cloud-6f545f89ff-ltws2,37.23828125
1783695570,mem_mib,pod=workload-cloud-6f545f89ff-ltws2,37.2421875
1783695580,mem_mib,pod=workload-cloud-6f545f89ff-ltws2,37.2421875
1783695590,mem_mib,pod=workload-cloud-6f545f89ff-ltws2,37.19921875
1783695600,mem_mib,pod=workload-cloud-6f545f89ff-ltws2,37.19921875
1783695610,mem_mib,pod=workload-cloud-6f545f89ff-ltws2,37.19921875
1783695620,mem_mib,pod=workload-cloud-6f545f89ff-ltws2,37.19921875
1783695630,mem_mib,pod=workload-cloud-6f545f89ff-ltws2,37.1953125
1783695640,mem_mib,pod=workload-cloud-6f545f89ff-ltws2,37.1953125
1783695650,mem_mib,pod=workload-cloud-6f545f89ff-ltws2,37.453125
1783695210,mem_mib,pod=workload-cloud-6f545f89ff-qcvc6,3.49609375
1783695220,mem_mib,pod=workload-cloud-6f545f89ff-qcvc6,3.49609375
1783695230,mem_mib,pod=workload-cloud-6f545f89ff-qcvc6,35.828125
1783695240,mem_mib,pod=workload-cloud-6f545f89ff-qcvc6,35.8984375
1783695250,mem_mib,pod=workload-cloud-6f545f89ff-qcvc6,35.8984375
1783695260,mem_mib,pod=workload-cloud-6f545f89ff-qcvc6,36.02734375
1783695270,mem_mib,pod=workload-cloud-6f545f89ff-qcvc6,36.1640625
1783695280,mem_mib,pod=workload-cloud-6f545f89ff-qcvc6,36.4296875
1783695290,mem_mib,pod=workload-cloud-6f545f89ff-qcvc6,36.4296875
1783695300,mem_mib,pod=workload-cloud-6f545f89ff-qcvc6,36.4375
1783695310,mem_mib,pod=workload-cloud-6f545f89ff-qcvc6,36.4609375
1783695320,mem_mib,pod=workload-cloud-6f545f89ff-qcvc6,36.6640625
1783695330,mem_mib,pod=workload-cloud-6f545f89ff-qcvc6,36.6640625
1783695340,mem_mib,pod=workload-cloud-6f545f89ff-qcvc6,36.37890625
1783695350,mem_mib,pod=workload-cloud-6f545f89ff-qcvc6,36.421875
1783695360,mem_mib,pod=workload-cloud-6f545f89ff-qcvc6,36.421875
1783695370,mem_mib,pod=workload-cloud-6f545f89ff-qcvc6,36.1640625
1783695380,mem_mib,pod=workload-cloud-6f545f89ff-qcvc6,36.06640625
1783695390,mem_mib,pod=workload-cloud-6f545f89ff-qcvc6,36.06640625
1783695400,mem_mib,pod=workload-cloud-6f545f89ff-qcvc6,36.06640625
1783695410,mem_mib,pod=workload-cloud-6f545f89ff-qcvc6,36.06640625
1783695420,mem_mib,pod=workload-cloud-6f545f89ff-qcvc6,36.06640625
1783695430,mem_mib,pod=workload-cloud-6f545f89ff-qcvc6,36.0703125
1783695440,mem_mib,pod=workload-cloud-6f545f89ff-qcvc6,36.06640625
1783695450,mem_mib,pod=workload-cloud-6f545f89ff-qcvc6,36.06640625
1783695460,mem_mib,pod=workload-cloud-6f545f89ff-qcvc6,36.06640625
1783695470,mem_mib,pod=workload-cloud-6f545f89ff-qcvc6,36.06640625
1783695480,mem_mib,pod=workload-cloud-6f545f89ff-qcvc6,36.06640625
1783695490,mem_mib,pod=workload-cloud-6f545f89ff-qcvc6,36.06640625
1783695500,mem_mib,pod=workload-cloud-6f545f89ff-qcvc6,36.06640625
1783695510,mem_mib,pod=workload-cloud-6f545f89ff-qcvc6,36.0703125
1783695520,mem_mib,pod=workload-cloud-6f545f89ff-qcvc6,36.0703125
1783695530,mem_mib,pod=workload-cloud-6f545f89ff-qcvc6,36.0703125
1783695540,mem_mib,pod=workload-cloud-6f545f89ff-qcvc6,36.0703125
1783695550,mem_mib,pod=workload-cloud-6f545f89ff-qcvc6,36.0703125
1783695560,mem_mib,pod=workload-cloud-6f545f89ff-qcvc6,36.0703125
1783695570,mem_mib,pod=workload-cloud-6f545f89ff-qcvc6,36.0703125
1783695580,mem_mib,pod=workload-cloud-6f545f89ff-qcvc6,36.06640625
1783695590,mem_mib,pod=workload-cloud-6f545f89ff-qcvc6,36.06640625
1783695600,mem_mib,pod=workload-cloud-6f545f89ff-qcvc6,36.06640625
1783695610,mem_mib,pod=workload-cloud-6f545f89ff-qcvc6,36.06640625
1783695620,mem_mib,pod=workload-cloud-6f545f89ff-qcvc6,36.06640625
1783695630,mem_mib,pod=workload-cloud-6f545f89ff-qcvc6,36.06640625
1783695640,mem_mib,pod=workload-cloud-6f545f89ff-qcvc6,36.0703125
1783695650,mem_mib,pod=workload-cloud-6f545f89ff-qcvc6,36.0703125
1783695010,mem_mib,pod=workload-cloud-6f545f89ff-r28zz,39.3984375
1783695020,mem_mib,pod=workload-cloud-6f545f89ff-r28zz,39.64453125
1783695030,mem_mib,pod=workload-cloud-6f545f89ff-r28zz,39.64453125
1783695040,mem_mib,pod=workload-cloud-6f545f89ff-r28zz,39.65234375
1783695050,mem_mib,pod=workload-cloud-6f545f89ff-r28zz,39.47265625
1783695060,mem_mib,pod=workload-cloud-6f545f89ff-r28zz,39.47265625
1783695070,mem_mib,pod=workload-cloud-6f545f89ff-r28zz,39.99609375
1783695080,mem_mib,pod=workload-cloud-6f545f89ff-r28zz,40.11328125
1783695090,mem_mib,pod=workload-cloud-6f545f89ff-r28zz,40.11328125
1783695100,mem_mib,pod=workload-cloud-6f545f89ff-r28zz,39.62109375
1783695110,mem_mib,pod=workload-cloud-6f545f89ff-r28zz,39.62109375
1783695120,mem_mib,pod=workload-cloud-6f545f89ff-r28zz,39.7734375
1783695130,mem_mib,pod=workload-cloud-6f545f89ff-r28zz,40.56640625
1783695140,mem_mib,pod=workload-cloud-6f545f89ff-r28zz,40.37109375
1783695150,mem_mib,pod=workload-cloud-6f545f89ff-r28zz,40.66796875
1783695160,mem_mib,pod=workload-cloud-6f545f89ff-r28zz,40.66796875
1783695170,mem_mib,pod=workload-cloud-6f545f89ff-r28zz,40.21875
1783695180,mem_mib,pod=workload-cloud-6f545f89ff-r28zz,40.18359375
1783695190,mem_mib,pod=workload-cloud-6f545f89ff-r28zz,40.5078125
1783695200,mem_mib,pod=workload-cloud-6f545f89ff-r28zz,40.5078125
1783695210,mem_mib,pod=workload-cloud-6f545f89ff-r28zz,41.17578125
1783695220,mem_mib,pod=workload-cloud-6f545f89ff-r28zz,41.17578125
1783695230,mem_mib,pod=workload-cloud-6f545f89ff-r28zz,41.23046875
1783695240,mem_mib,pod=workload-cloud-6f545f89ff-r28zz,41.23046875
1783695250,mem_mib,pod=workload-cloud-6f545f89ff-r28zz,41.328125
1783695260,mem_mib,pod=workload-cloud-6f545f89ff-r28zz,41.3515625
1783695270,mem_mib,pod=workload-cloud-6f545f89ff-r28zz,41.34375
1783695280,mem_mib,pod=workload-cloud-6f545f89ff-r28zz,41.34375
1783695290,mem_mib,pod=workload-cloud-6f545f89ff-r28zz,41.28125
1783695300,mem_mib,pod=workload-cloud-6f545f89ff-r28zz,41.28125
1783695310,mem_mib,pod=workload-cloud-6f545f89ff-r28zz,41.28125
1783695320,mem_mib,pod=workload-cloud-6f545f89ff-r28zz,41.33203125
1783695330,mem_mib,pod=workload-cloud-6f545f89ff-r28zz,41.3203125
1783695340,mem_mib,pod=workload-cloud-6f545f89ff-r28zz,41.56640625
1783695350,mem_mib,pod=workload-cloud-6f545f89ff-r28zz,41.56640625
1783695360,mem_mib,pod=workload-cloud-6f545f89ff-r28zz,42.828125
1783695370,mem_mib,pod=workload-cloud-6f545f89ff-r28zz,42.828125
1783695380,mem_mib,pod=workload-cloud-6f545f89ff-r28zz,41.29296875
1783695390,mem_mib,pod=workload-cloud-6f545f89ff-r28zz,40.2265625
1783695400,mem_mib,pod=workload-cloud-6f545f89ff-r28zz,40.2265625
1783695410,mem_mib,pod=workload-cloud-6f545f89ff-r28zz,40.24609375
1783695420,mem_mib,pod=workload-cloud-6f545f89ff-r28zz,40.24609375
1783695430,mem_mib,pod=workload-cloud-6f545f89ff-r28zz,40.47265625
1783695440,mem_mib,pod=workload-cloud-6f545f89ff-r28zz,40.21484375
1783695450,mem_mib,pod=workload-cloud-6f545f89ff-r28zz,40.21484375
1783695460,mem_mib,pod=workload-cloud-6f545f89ff-r28zz,41.5078125
1783695470,mem_mib,pod=workload-cloud-6f545f89ff-r28zz,40.25390625
1783695480,mem_mib,pod=workload-cloud-6f545f89ff-r28zz,41.51171875
1783695490,mem_mib,pod=workload-cloud-6f545f89ff-r28zz,40.4921875
1783695500,mem_mib,pod=workload-cloud-6f545f89ff-r28zz,40.5
1783695510,mem_mib,pod=workload-cloud-6f545f89ff-r28zz,40.5
1783695520,mem_mib,pod=workload-cloud-6f545f89ff-r28zz,40.2734375
1783695530,mem_mib,pod=workload-cloud-6f545f89ff-r28zz,40.2734375
1783695540,mem_mib,pod=workload-cloud-6f545f89ff-r28zz,40.98828125
1783695550,mem_mib,pod=workload-cloud-6f545f89ff-r28zz,40.5
1783695560,mem_mib,pod=workload-cloud-6f545f89ff-r28zz,40.5
1783695570,mem_mib,pod=workload-cloud-6f545f89ff-r28zz,40.453125
1783695580,mem_mib,pod=workload-cloud-6f545f89ff-r28zz,40.20703125
1783695590,mem_mib,pod=workload-cloud-6f545f89ff-r28zz,39.765625
1783695600,mem_mib,pod=workload-cloud-6f545f89ff-r28zz,39.765625
1783695610,mem_mib,pod=workload-cloud-6f545f89ff-r28zz,39.58203125
1783695620,mem_mib,pod=workload-cloud-6f545f89ff-r28zz,39.58203125
1783695630,mem_mib,pod=workload-cloud-6f545f89ff-r28zz,39.58203125
1783695640,mem_mib,pod=workload-cloud-6f545f89ff-r28zz,39.58203125
1783695650,mem_mib,pod=workload-cloud-6f545f89ff-r28zz,39.58203125
1783695240,mem_mib,pod=workload-cloud-6f545f89ff-t8wqb,3.47265625
1783695250,mem_mib,pod=workload-cloud-6f545f89ff-t8wqb,3.47265625
1783695260,mem_mib,pod=workload-cloud-6f545f89ff-t8wqb,35.140625
1783695270,mem_mib,pod=workload-cloud-6f545f89ff-t8wqb,35.1640625
1783695280,mem_mib,pod=workload-cloud-6f545f89ff-t8wqb,35.171875
1783695290,mem_mib,pod=workload-cloud-6f545f89ff-t8wqb,35.171875
1783695300,mem_mib,pod=workload-cloud-6f545f89ff-t8wqb,35.171875
1783695310,mem_mib,pod=workload-cloud-6f545f89ff-t8wqb,35.17578125
1783695320,mem_mib,pod=workload-cloud-6f545f89ff-t8wqb,35.17578125
1783695330,mem_mib,pod=workload-cloud-6f545f89ff-t8wqb,35.19140625
1783695340,mem_mib,pod=workload-cloud-6f545f89ff-t8wqb,35.19140625
1783695350,mem_mib,pod=workload-cloud-6f545f89ff-t8wqb,35.19140625
1783695360,mem_mib,pod=workload-cloud-6f545f89ff-t8wqb,35.19140625
1783695370,mem_mib,pod=workload-cloud-6f545f89ff-t8wqb,35.203125
1783695380,mem_mib,pod=workload-cloud-6f545f89ff-t8wqb,35.20703125
1783695390,mem_mib,pod=workload-cloud-6f545f89ff-t8wqb,35.20703125
1783695400,mem_mib,pod=workload-cloud-6f545f89ff-t8wqb,35.20703125
1783695410,mem_mib,pod=workload-cloud-6f545f89ff-t8wqb,35.20703125
1783695420,mem_mib,pod=workload-cloud-6f545f89ff-t8wqb,35.2109375
1783695430,mem_mib,pod=workload-cloud-6f545f89ff-t8wqb,35.22265625
1783695440,mem_mib,pod=workload-cloud-6f545f89ff-t8wqb,35.22265625
1783695450,mem_mib,pod=workload-cloud-6f545f89ff-t8wqb,35.22265625
1783695460,mem_mib,pod=workload-cloud-6f545f89ff-t8wqb,35.22265625
1783695470,mem_mib,pod=workload-cloud-6f545f89ff-t8wqb,35.23828125
1783695480,mem_mib,pod=workload-cloud-6f545f89ff-t8wqb,35.23828125
1783695490,mem_mib,pod=workload-cloud-6f545f89ff-t8wqb,35.23828125
1783695500,mem_mib,pod=workload-cloud-6f545f89ff-t8wqb,35.23828125
1783695510,mem_mib,pod=workload-cloud-6f545f89ff-t8wqb,35.23828125
1783695520,mem_mib,pod=workload-cloud-6f545f89ff-t8wqb,35.2421875
1783695530,mem_mib,pod=workload-cloud-6f545f89ff-t8wqb,35.2421875
1783695540,mem_mib,pod=workload-cloud-6f545f89ff-t8wqb,35.24609375
1783695550,mem_mib,pod=workload-cloud-6f545f89ff-t8wqb,35.24609375
1783695560,mem_mib,pod=workload-cloud-6f545f89ff-t8wqb,35.24609375
1783695570,mem_mib,pod=workload-cloud-6f545f89ff-t8wqb,35.25390625
1783695580,mem_mib,pod=workload-cloud-6f545f89ff-t8wqb,35.25390625
1783695590,mem_mib,pod=workload-cloud-6f545f89ff-t8wqb,35.25390625
1783695600,mem_mib,pod=workload-cloud-6f545f89ff-t8wqb,35.25390625
1783695610,mem_mib,pod=workload-cloud-6f545f89ff-t8wqb,35.25390625
1783695620,mem_mib,pod=workload-cloud-6f545f89ff-t8wqb,35.25390625
1783695630,mem_mib,pod=workload-cloud-6f545f89ff-t8wqb,35.25390625
1783695640,mem_mib,pod=workload-cloud-6f545f89ff-t8wqb,35.25390625
1783695650,mem_mib,pod=workload-cloud-6f545f89ff-t8wqb,35.25390625
1783695210,mem_mib,pod=workload-cloud-6f545f89ff-wp2g4,3.14453125
1783695220,mem_mib,pod=workload-cloud-6f545f89ff-wp2g4,3.14453125
1783695230,mem_mib,pod=workload-cloud-6f545f89ff-wp2g4,36.359375
1783695240,mem_mib,pod=workload-cloud-6f545f89ff-wp2g4,35.78515625
1783695250,mem_mib,pod=workload-cloud-6f545f89ff-wp2g4,35.78515625
1783695260,mem_mib,pod=workload-cloud-6f545f89ff-wp2g4,35.890625
1783695270,mem_mib,pod=workload-cloud-6f545f89ff-wp2g4,36.79296875
1783695280,mem_mib,pod=workload-cloud-6f545f89ff-wp2g4,36.79296875
1783695290,mem_mib,pod=workload-cloud-6f545f89ff-wp2g4,36.15234375
1783695300,mem_mib,pod=workload-cloud-6f545f89ff-wp2g4,36.15234375
1783695310,mem_mib,pod=workload-cloud-6f545f89ff-wp2g4,36.16015625
1783695320,mem_mib,pod=workload-cloud-6f545f89ff-wp2g4,36.12109375
1783695330,mem_mib,pod=workload-cloud-6f545f89ff-wp2g4,36.47265625
1783695340,mem_mib,pod=workload-cloud-6f545f89ff-wp2g4,36.47265625
1783695350,mem_mib,pod=workload-cloud-6f545f89ff-wp2g4,36.1015625
1783695360,mem_mib,pod=workload-cloud-6f545f89ff-wp2g4,36.17578125
1783695370,mem_mib,pod=workload-cloud-6f545f89ff-wp2g4,36.17578125
1783695380,mem_mib,pod=workload-cloud-6f545f89ff-wp2g4,36.06640625
1783695390,mem_mib,pod=workload-cloud-6f545f89ff-wp2g4,36.06640625
1783695400,mem_mib,pod=workload-cloud-6f545f89ff-wp2g4,36.078125
1783695410,mem_mib,pod=workload-cloud-6f545f89ff-wp2g4,36.078125
1783695420,mem_mib,pod=workload-cloud-6f545f89ff-wp2g4,36.078125
1783695430,mem_mib,pod=workload-cloud-6f545f89ff-wp2g4,36.078125
1783695440,mem_mib,pod=workload-cloud-6f545f89ff-wp2g4,36.07421875
1783695450,mem_mib,pod=workload-cloud-6f545f89ff-wp2g4,36.07421875
1783695460,mem_mib,pod=workload-cloud-6f545f89ff-wp2g4,36.07421875
1783695470,mem_mib,pod=workload-cloud-6f545f89ff-wp2g4,36.07421875
1783695480,mem_mib,pod=workload-cloud-6f545f89ff-wp2g4,36.07421875
1783695490,mem_mib,pod=workload-cloud-6f545f89ff-wp2g4,36.07421875
1783695500,mem_mib,pod=workload-cloud-6f545f89ff-wp2g4,36.07421875
1783695510,mem_mib,pod=workload-cloud-6f545f89ff-wp2g4,36.07421875
1783695520,mem_mib,pod=workload-cloud-6f545f89ff-wp2g4,36.07421875
1783695530,mem_mib,pod=workload-cloud-6f545f89ff-wp2g4,36.07421875
1783695540,mem_mib,pod=workload-cloud-6f545f89ff-wp2g4,36.07421875
1783695550,mem_mib,pod=workload-cloud-6f545f89ff-wp2g4,36.07421875
1783695560,mem_mib,pod=workload-cloud-6f545f89ff-wp2g4,36.07421875
1783695570,mem_mib,pod=workload-cloud-6f545f89ff-wp2g4,36.07421875
1783695580,mem_mib,pod=workload-cloud-6f545f89ff-wp2g4,36.078125
1783695590,mem_mib,pod=workload-cloud-6f545f89ff-wp2g4,36.07421875
1783695600,mem_mib,pod=workload-cloud-6f545f89ff-wp2g4,36.07421875
1783695610,mem_mib,pod=workload-cloud-6f545f89ff-wp2g4,36.078125
1783695620,mem_mib,pod=workload-cloud-6f545f89ff-wp2g4,36.07421875
1783695630,mem_mib,pod=workload-cloud-6f545f89ff-wp2g4,36.07421875
1783695640,mem_mib,pod=workload-cloud-6f545f89ff-wp2g4,36.07421875
1783695650,mem_mib,pod=workload-cloud-6f545f89ff-wp2g4,36.07421875
1783695160,mem_mib,pod=workload-cloud-6f545f89ff-xhksr,3.22265625
1783695170,mem_mib,pod=workload-cloud-6f545f89ff-xhksr,35.20703125
1783695180,mem_mib,pod=workload-cloud-6f545f89ff-xhksr,35.20703125
1783695190,mem_mib,pod=workload-cloud-6f545f89ff-xhksr,35.875
1783695200,mem_mib,pod=workload-cloud-6f545f89ff-xhksr,35.8046875
1783695210,mem_mib,pod=workload-cloud-6f545f89ff-xhksr,36.4765625
1783695220,mem_mib,pod=workload-cloud-6f545f89ff-xhksr,36.4765625
1783695230,mem_mib,pod=workload-cloud-6f545f89ff-xhksr,38.52734375
1783695240,mem_mib,pod=workload-cloud-6f545f89ff-xhksr,38.52734375
1783695250,mem_mib,pod=workload-cloud-6f545f89ff-xhksr,37.79296875
1783695260,mem_mib,pod=workload-cloud-6f545f89ff-xhksr,37.9375
1783695270,mem_mib,pod=workload-cloud-6f545f89ff-xhksr,37.9375
1783695280,mem_mib,pod=workload-cloud-6f545f89ff-xhksr,38.25
1783695290,mem_mib,pod=workload-cloud-6f545f89ff-xhksr,39.2578125
1783695300,mem_mib,pod=workload-cloud-6f545f89ff-xhksr,39.2578125
1783695310,mem_mib,pod=workload-cloud-6f545f89ff-xhksr,38.02734375
1783695320,mem_mib,pod=workload-cloud-6f545f89ff-xhksr,38.0546875
1783695330,mem_mib,pod=workload-cloud-6f545f89ff-xhksr,38.328125
1783695340,mem_mib,pod=workload-cloud-6f545f89ff-xhksr,38.078125
1783695350,mem_mib,pod=workload-cloud-6f545f89ff-xhksr,38.078125
1783695360,mem_mib,pod=workload-cloud-6f545f89ff-xhksr,37.9921875
1783695370,mem_mib,pod=workload-cloud-6f545f89ff-xhksr,37.9921875
1783695380,mem_mib,pod=workload-cloud-6f545f89ff-xhksr,37.28515625
1783695390,mem_mib,pod=workload-cloud-6f545f89ff-xhksr,37.28515625
1783695400,mem_mib,pod=workload-cloud-6f545f89ff-xhksr,37.296875
1783695410,mem_mib,pod=workload-cloud-6f545f89ff-xhksr,37.296875
1783695420,mem_mib,pod=workload-cloud-6f545f89ff-xhksr,37.53515625
1783695430,mem_mib,pod=workload-cloud-6f545f89ff-xhksr,37.296875
1783695440,mem_mib,pod=workload-cloud-6f545f89ff-xhksr,37.546875
1783695450,mem_mib,pod=workload-cloud-6f545f89ff-xhksr,37.265625
1783695460,mem_mib,pod=workload-cloud-6f545f89ff-xhksr,37.265625
1783695470,mem_mib,pod=workload-cloud-6f545f89ff-xhksr,37.296875
1783695480,mem_mib,pod=workload-cloud-6f545f89ff-xhksr,37.296875
1783695490,mem_mib,pod=workload-cloud-6f545f89ff-xhksr,37.30078125
1783695500,mem_mib,pod=workload-cloud-6f545f89ff-xhksr,37.30078125
1783695510,mem_mib,pod=workload-cloud-6f545f89ff-xhksr,37.80078125
1783695520,mem_mib,pod=workload-cloud-6f545f89ff-xhksr,37.30078125
1783695530,mem_mib,pod=workload-cloud-6f545f89ff-xhksr,37.296875
1783695540,mem_mib,pod=workload-cloud-6f545f89ff-xhksr,37.296875
1783695550,mem_mib,pod=workload-cloud-6f545f89ff-xhksr,37.30078125
1783695560,mem_mib,pod=workload-cloud-6f545f89ff-xhksr,37.30078125
1783695570,mem_mib,pod=workload-cloud-6f545f89ff-xhksr,37.2109375
1783695580,mem_mib,pod=workload-cloud-6f545f89ff-xhksr,37.2109375
1783695590,mem_mib,pod=workload-cloud-6f545f89ff-xhksr,37.2109375
1783695600,mem_mib,pod=workload-cloud-6f545f89ff-xhksr,37.2109375
1783695610,mem_mib,pod=workload-cloud-6f545f89ff-xhksr,37.21875
1783695620,mem_mib,pod=workload-cloud-6f545f89ff-xhksr,37.2109375
1783695630,mem_mib,pod=workload-cloud-6f545f89ff-xhksr,37.2109375
1783695640,mem_mib,pod=workload-cloud-6f545f89ff-xhksr,37.2109375
1783695650,mem_mib,pod=workload-cloud-6f545f89ff-xhksr,37.2109375
1783695010,mem_mib,pod=workload-edge-7b875fd8c6-pxwvc,39.26171875
1783695020,mem_mib,pod=workload-edge-7b875fd8c6-pxwvc,39.26171875
1783695030,mem_mib,pod=workload-edge-7b875fd8c6-pxwvc,39.265625
1783695040,mem_mib,pod=workload-edge-7b875fd8c6-pxwvc,39.265625
1783695050,mem_mib,pod=workload-edge-7b875fd8c6-pxwvc,39.26171875
1783695060,mem_mib,pod=workload-edge-7b875fd8c6-pxwvc,39.26171875
1783695070,mem_mib,pod=workload-edge-7b875fd8c6-pxwvc,39.26171875
1783695080,mem_mib,pod=workload-edge-7b875fd8c6-pxwvc,39.26953125
1783695090,mem_mib,pod=workload-edge-7b875fd8c6-pxwvc,39.26953125
1783695100,mem_mib,pod=workload-edge-7b875fd8c6-pxwvc,39.26171875
1783695110,mem_mib,pod=workload-edge-7b875fd8c6-pxwvc,39.26171875
1783695120,mem_mib,pod=workload-edge-7b875fd8c6-pxwvc,39.26171875
1783695130,mem_mib,pod=workload-edge-7b875fd8c6-pxwvc,39.26171875
1783695140,mem_mib,pod=workload-edge-7b875fd8c6-pxwvc,39.26171875
1783695150,mem_mib,pod=workload-edge-7b875fd8c6-pxwvc,39.26171875
1783695160,mem_mib,pod=workload-edge-7b875fd8c6-pxwvc,39.26171875
1783695170,mem_mib,pod=workload-edge-7b875fd8c6-pxwvc,39.26171875
1783695180,mem_mib,pod=workload-edge-7b875fd8c6-pxwvc,39.26171875
1783695190,mem_mib,pod=workload-edge-7b875fd8c6-pxwvc,39.26171875
1783695200,mem_mib,pod=workload-edge-7b875fd8c6-pxwvc,39.26171875
1783695210,mem_mib,pod=workload-edge-7b875fd8c6-pxwvc,39.26171875
1783695220,mem_mib,pod=workload-edge-7b875fd8c6-pxwvc,39.26171875
1783695230,mem_mib,pod=workload-edge-7b875fd8c6-pxwvc,39.26171875
1783695240,mem_mib,pod=workload-edge-7b875fd8c6-pxwvc,39.26171875
1783695250,mem_mib,pod=workload-edge-7b875fd8c6-pxwvc,39.26171875
1783695260,mem_mib,pod=workload-edge-7b875fd8c6-pxwvc,39.26171875
1783695270,mem_mib,pod=workload-edge-7b875fd8c6-pxwvc,39.26171875
1783695280,mem_mib,pod=workload-edge-7b875fd8c6-pxwvc,39.26171875
1783695290,mem_mib,pod=workload-edge-7b875fd8c6-pxwvc,39.26171875
1783695300,mem_mib,pod=workload-edge-7b875fd8c6-pxwvc,39.5078125
1783695310,mem_mib,pod=workload-edge-7b875fd8c6-pxwvc,39.26171875
1783695320,mem_mib,pod=workload-edge-7b875fd8c6-pxwvc,39.26171875
1783695330,mem_mib,pod=workload-edge-7b875fd8c6-pxwvc,39.26171875
1783695340,mem_mib,pod=workload-edge-7b875fd8c6-pxwvc,39.26171875
1783695350,mem_mib,pod=workload-edge-7b875fd8c6-pxwvc,39.26171875
1783695360,mem_mib,pod=workload-edge-7b875fd8c6-pxwvc,39.26171875
1783695370,mem_mib,pod=workload-edge-7b875fd8c6-pxwvc,39.26171875
1783695380,mem_mib,pod=workload-edge-7b875fd8c6-pxwvc,39.26171875
1783695390,mem_mib,pod=workload-edge-7b875fd8c6-pxwvc,39.26171875
1783695400,mem_mib,pod=workload-edge-7b875fd8c6-pxwvc,39.26171875
1783695410,mem_mib,pod=workload-edge-7b875fd8c6-pxwvc,39.26171875
1783695420,mem_mib,pod=workload-edge-7b875fd8c6-pxwvc,39.26171875
1783695430,mem_mib,pod=workload-edge-7b875fd8c6-pxwvc,39.26171875
1783695440,mem_mib,pod=workload-edge-7b875fd8c6-pxwvc,39.26171875
1783695450,mem_mib,pod=workload-edge-7b875fd8c6-pxwvc,39.26171875
1783695460,mem_mib,pod=workload-edge-7b875fd8c6-pxwvc,39.26171875
1783695470,mem_mib,pod=workload-edge-7b875fd8c6-pxwvc,39.26171875
1783695480,mem_mib,pod=workload-edge-7b875fd8c6-pxwvc,39.26171875
1783695490,mem_mib,pod=workload-edge-7b875fd8c6-pxwvc,39.26171875
1783695500,mem_mib,pod=workload-edge-7b875fd8c6-pxwvc,39.26171875
1783695510,mem_mib,pod=workload-edge-7b875fd8c6-pxwvc,39.26171875
1783695520,mem_mib,pod=workload-edge-7b875fd8c6-pxwvc,39.26171875
1783695530,mem_mib,pod=workload-edge-7b875fd8c6-pxwvc,39.26171875
1783695540,mem_mib,pod=workload-edge-7b875fd8c6-pxwvc,39.26171875
1783695550,mem_mib,pod=workload-edge-7b875fd8c6-pxwvc,39.26171875
1783695560,mem_mib,pod=workload-edge-7b875fd8c6-pxwvc,39.26171875
1783695570,mem_mib,pod=workload-edge-7b875fd8c6-pxwvc,39.26171875
1783695580,mem_mib,pod=workload-edge-7b875fd8c6-pxwvc,39.26171875
1783695590,mem_mib,pod=workload-edge-7b875fd8c6-pxwvc,39.26171875
1783695600,mem_mib,pod=workload-edge-7b875fd8c6-pxwvc,39.26171875
1783695610,mem_mib,pod=workload-edge-7b875fd8c6-pxwvc,39.26171875
1783695620,mem_mib,pod=workload-edge-7b875fd8c6-pxwvc,39.26171875
1783695630,mem_mib,pod=workload-edge-7b875fd8c6-pxwvc,39.26171875
1783695640,mem_mib,pod=workload-edge-7b875fd8c6-pxwvc,39.26171875
1783695650,mem_mib,pod=workload-edge-7b875fd8c6-pxwvc,39.26171875
1783695010,rps,tier=cloud,0.0
1783695020,rps,tier=cloud,0.920084808048779
1783695030,rps,tier=cloud,5.840584058405841
1783695040,rps,tier=cloud,14.761147295000317
1783695050,rps,tier=cloud,27.722262595681734
1783695060,rps,tier=cloud,44.60446044604461
1783695070,rps,tier=cloud,64.22508322796598
1783695080,rps,tier=cloud,83.22676628311682
1783695090,rps,tier=cloud,102.39123684341072
1783695100,rps,tier=cloud,121.38965881707279
1783695110,rps,tier=cloud,138.6539142517728
1783695120,rps,tier=cloud,156.17874144897388
1783695130,rps,tier=cloud,171.57538793448543
1783695140,rps,tier=cloud,189.74692638275738
1783695150,rps,tier=cloud,203.6993717381566
1783695160,rps,tier=cloud,220.76129000866294
1783695170,rps,tier=cloud,235.57461710029003
1783695180,rps,tier=cloud,252.89423316531654
1783695190,rps,tier=cloud,273.16501379717505
1783695200,rps,tier=cloud,294.40824053912894
1783695210,rps,tier=cloud,364.79664030623115
1783695220,rps,tier=cloud,483.2180247685719
1783695230,rps,tier=cloud,700.9254677394997
1783695240,rps,tier=cloud,912.66187676098
1783695250,rps,tier=cloud,1112.4398103763058
1783695260,rps,tier=cloud,1253.313035062026
1783695270,rps,tier=cloud,1344.4446834744347
1783695280,rps,tier=cloud,1366.2313093334901
1783695290,rps,tier=cloud,1364.4597648325655
1783695300,rps,tier=cloud,1364.244797484509
1783695310,rps,tier=cloud,1359.1487801123296
1783695320,rps,tier=cloud,1355.6191857790022
1783695330,rps,tier=cloud,1350.0544429768015
1783695340,rps,tier=cloud,1345.2216082083519
1783695350,rps,tier=cloud,1338.4620510776808
1783695360,rps,tier=cloud,1299.1249434980703
1783695370,rps,tier=cloud,1197.3033497104236
1783695380,rps,tier=cloud,1024.0506053559373
1783695390,rps,tier=cloud,822.2760767156002
1783695400,rps,tier=cloud,622.8406787784683
1783695410,rps,tier=cloud,463.0558953878223
1783695420,rps,tier=cloud,363.99540156210617
1783695430,rps,tier=cloud,339.3805490063219
1783695440,rps,tier=cloud,339.82454622038654
1783695450,rps,tier=cloud,339.99456712483266
1783695460,rps,tier=cloud,339.7839767447252
1783695470,rps,tier=cloud,340.5325338646219
1783695480,rps,tier=cloud,338.4498225654936
1783695490,rps,tier=cloud,338.2624702649904
1783695500,rps,tier=cloud,337.6707680368805
1783695510,rps,tier=cloud,339.0567284115698
1783695520,rps,tier=cloud,337.6447512147811
1783695530,rps,tier=cloud,337.7568983575254
1783695540,rps,tier=cloud,338.6248334814032
1783695550,rps,tier=cloud,338.7676567662092
1783695560,rps,tier=cloud,340.1107798539564
1783695570,rps,tier=cloud,329.53574390923114
1783695580,rps,tier=cloud,294.8075215876983
1783695590,rps,tier=cloud,233.83694926889814
1783695600,rps,tier=cloud,166.45564070674118
1783695610,rps,tier=cloud,97.20603602272857
1783695620,rps,tier=cloud,40.882336149738514
1783695630,rps,tier=cloud,9.000720057604608
1783695640,rps,tier=cloud,0.0
1783695650,rps,tier=cloud,0.0
1783695010,rps,tier=edge,0.0
1783695020,rps,tier=edge,0.0
1783695030,rps,tier=edge,0.0
1783695040,rps,tier=edge,0.0
1783695050,rps,tier=edge,0.0
1783695060,rps,tier=edge,0.0
1783695070,rps,tier=edge,0.0
1783695080,rps,tier=edge,0.0
1783695090,rps,tier=edge,0.0
1783695100,rps,tier=edge,0.0
1783695110,rps,tier=edge,0.0
1783695120,rps,tier=edge,0.0
1783695130,rps,tier=edge,0.0
1783695140,rps,tier=edge,0.0
1783695150,rps,tier=edge,0.0
1783695160,rps,tier=edge,0.0
1783695170,rps,tier=edge,0.0
1783695180,rps,tier=edge,0.0
1783695190,rps,tier=edge,0.0
1783695200,rps,tier=edge,0.0
1783695210,rps,tier=edge,0.0
1783695220,rps,tier=edge,0.0
1783695230,rps,tier=edge,0.0
1783695240,rps,tier=edge,0.0
1783695250,rps,tier=edge,0.0
1783695260,rps,tier=edge,0.0
1783695270,rps,tier=edge,0.0
1783695280,rps,tier=edge,0.0
1783695290,rps,tier=edge,0.0
1783695300,rps,tier=edge,0.0
1783695310,rps,tier=edge,0.0
1783695320,rps,tier=edge,0.0
1783695330,rps,tier=edge,0.0
1783695340,rps,tier=edge,0.0
1783695350,rps,tier=edge,0.0
1783695360,rps,tier=edge,0.0
1783695370,rps,tier=edge,0.0
1783695380,rps,tier=edge,0.0
1783695390,rps,tier=edge,0.0
1783695400,rps,tier=edge,0.0
1783695410,rps,tier=edge,0.0
1783695420,rps,tier=edge,0.0
1783695430,rps,tier=edge,0.0
1783695440,rps,tier=edge,0.0
1783695450,rps,tier=edge,0.0
1783695460,rps,tier=edge,0.0
1783695470,rps,tier=edge,0.0
1783695480,rps,tier=edge,0.0
1783695490,rps,tier=edge,0.0
1783695500,rps,tier=edge,0.0
1783695510,rps,tier=edge,0.0
1783695520,rps,tier=edge,0.0
1783695530,rps,tier=edge,0.0
1783695540,rps,tier=edge,0.0
1783695550,rps,tier=edge,0.0
1783695560,rps,tier=edge,0.0
1783695570,rps,tier=edge,0.0
1783695580,rps,tier=edge,0.0
1783695590,rps,tier=edge,0.0
1783695600,rps,tier=edge,0.0
1783695610,rps,tier=edge,0.0
1783695620,rps,tier=edge,0.0
1783695630,rps,tier=edge,0.0
1783695640,rps,tier=edge,0.0
1783695650,rps,tier=edge,0.0
1783695010,lat50_ms,tier=cloud,9.142855055494621
1783695020,lat50_ms,tier=cloud,3.5
1783695030,lat50_ms,tier=cloud,3.4680850528773943
1783695040,lat50_ms,tier=cloud,3.543352527793832
1783695050,lat50_ms,tier=cloud,3.527565042233725
1783695060,lat50_ms,tier=cloud,3.5568862275449105
1783695070,lat50_ms,tier=cloud,3.744627304049126
1783695080,lat50_ms,tier=cloud,4.066150276284538
1783695090,lat50_ms,tier=cloud,4.240387237523862
1783695100,lat50_ms,tier=cloud,4.421373910457337
1783695110,lat50_ms,tier=cloud,4.706357871184878
1783695120,lat50_ms,tier=cloud,4.967149114454389
1783695130,lat50_ms,tier=cloud,5.568117721740792
1783695140,lat50_ms,tier=cloud,6.415104355651808
1783695150,lat50_ms,tier=cloud,7.481953627012095
1783695160,lat50_ms,tier=cloud,8.39002942872843
1783695170,lat50_ms,tier=cloud,9.459191662068857
1783695180,lat50_ms,tier=cloud,10.37923341137629
1783695190,lat50_ms,tier=cloud,11.123002738215629
1783695200,lat50_ms,tier=cloud,11.852877256690821
1783695210,lat50_ms,tier=cloud,12.983848765009508
1783695220,lat50_ms,tier=cloud,15.858544487307475
1783695230,lat50_ms,tier=cloud,18.461827700587353
1783695240,lat50_ms,tier=cloud,21.774709914160496
1783695250,lat50_ms,tier=cloud,24.590287601664635
1783695260,lat50_ms,tier=cloud,26.797418226210205
1783695270,lat50_ms,tier=cloud,28.73300328584081
1783695280,lat50_ms,tier=cloud,30.02037586791116
1783695290,lat50_ms,tier=cloud,31.021766450339577
1783695300,lat50_ms,tier=cloud,31.646369776351374
1783695310,lat50_ms,tier=cloud,32.67515929603813
1783695320,lat50_ms,tier=cloud,33.6225148737625
1783695330,lat50_ms,tier=cloud,33.85540151067019
1783695340,lat50_ms,tier=cloud,33.90825404452528
1783695350,lat50_ms,tier=cloud,34.23076940218857
1783695360,lat50_ms,tier=cloud,34.389707782918855
1783695370,lat50_ms,tier=cloud,33.72058190995655
1783695380,lat50_ms,tier=cloud,32.79595600848012
1783695390,lat50_ms,tier=cloud,31.872925634107574
1783695400,lat50_ms,tier=cloud,31.051541334058236
1783695410,lat50_ms,tier=cloud,30.316166508173584
1783695420,lat50_ms,tier=cloud,28.88360239849417
1783695430,lat50_ms,tier=cloud,26.73439020884604
1783695440,lat50_ms,tier=cloud,23.461682175714
1783695450,lat50_ms,tier=cloud,20.314693238919766
1783695460,lat50_ms,tier=cloud,17.242535794965214
1783695470,lat50_ms,tier=cloud,13.978432746710459
1783695480,lat50_ms,tier=cloud,12.581448482746515
1783695490,lat50_ms,tier=cloud,12.432050013142948
1783695500,lat50_ms,tier=cloud,12.883956950689
1783695510,lat50_ms,tier=cloud,12.83763982753038
1783695520,lat50_ms,tier=cloud,12.874306511445287
1783695530,lat50_ms,tier=cloud,13.050793098348105
1783695540,lat50_ms,tier=cloud,12.62098359889211
1783695550,lat50_ms,tier=cloud,12.91775410534197
1783695560,lat50_ms,tier=cloud,12.51424745295018
1783695570,lat50_ms,tier=cloud,11.772342941687798
1783695580,lat50_ms,tier=cloud,11.390733674226952
1783695590,lat50_ms,tier=cloud,10.774502532143519
1783695600,lat50_ms,tier=cloud,11.020723888295954
1783695610,lat50_ms,tier=cloud,10.631135627886145
1783695620,lat50_ms,tier=cloud,10.39648391476589
1783695630,lat50_ms,tier=cloud,9.830954101724046
1783695640,lat50_ms,tier=cloud,9.204449726789452
1783695650,lat50_ms,tier=cloud,9.517553563441787
1783695010,lat95_ms,tier=cloud,18.7735842793771
1783695020,lat95_ms,tier=cloud,4.8500000000000005
1783695030,lat95_ms,tier=cloud,4.865957299462362
1783695040,lat95_ms,tier=cloud,4.983092231948179
1783695050,lat95_ms,tier=cloud,4.960260250384536
1783695060,lat95_ms,tier=cloud,6.420863309352519
1783695070,lat95_ms,tier=cloud,8.85956662845544
1783695080,lat95_ms,tier=cloud,12.849492996076913
1783695090,lat95_ms,tier=cloud,14.539447731755418
1783695100,lat95_ms,tier=cloud,15.058865298131826
1783695110,lat95_ms,tier=cloud,17.721765378633513
1783695120,lat95_ms,tier=cloud,18.691996594295443
1783695130,lat95_ms,tier=cloud,18.887007535619585
1783695140,lat95_ms,tier=cloud,25.46015851290359
1783695150,lat95_ms,tier=cloud,35.92927352973949
1783695160,lat95_ms,tier=cloud,38.8168724140633
1783695170,lat95_ms,tier=cloud,41.217879556843585
1783695180,lat95_ms,tier=cloud,42.28207045444939
1783695190,lat95_ms,tier=cloud,43.408293267780564
1783695200,lat95_ms,tier=cloud,43.90594936157297
1783695210,lat95_ms,tier=cloud,46.7039877516474
1783695220,lat95_ms,tier=cloud,62.52582175748192
1783695230,lat95_ms,tier=cloud,70.22893803874359
1783695240,lat95_ms,tier=cloud,75.71963338183551
1783695250,lat95_ms,tier=cloud,83.80951856706726
1783695260,lat95_ms,tier=cloud,86.32551462465973
1783695270,lat95_ms,tier=cloud,88.01978641581226
1783695280,lat95_ms,tier=cloud,88.90809166477288
1783695290,lat95_ms,tier=cloud,89.30610525205962
1783695300,lat95_ms,tier=cloud,90.40050228459836
1783695310,lat95_ms,tier=cloud,91.48895629721935
1783695320,lat95_ms,tier=cloud,92.34932153639417
1783695330,lat95_ms,tier=cloud,92.85075558856627
1783695340,lat95_ms,tier=cloud,93.46955162548421
1783695350,lat95_ms,tier=cloud,93.62800037087251
1783695360,lat95_ms,tier=cloud,93.28253494206562
1783695370,lat95_ms,tier=cloud,92.68788811648857
1783695380,lat95_ms,tier=cloud,92.30172789668381
1783695390,lat95_ms,tier=cloud,92.1238642909302
1783695400,lat95_ms,tier=cloud,92.10482533463374
1783695410,lat95_ms,tier=cloud,91.41270110830091
1783695420,lat95_ms,tier=cloud,90.048979165808
1783695430,lat95_ms,tier=cloud,88.38098781184328
1783695440,lat95_ms,tier=cloud,85.45740039527503
1783695450,lat95_ms,tier=cloud,78.42218211869107
1783695460,lat95_ms,tier=cloud,65.94410508914824
1783695470,lat95_ms,tier=cloud,48.64229037117078
1783695480,lat95_ms,tier=cloud,46.139972593864
1783695490,lat95_ms,tier=cloud,45.93313272969017
1783695500,lat95_ms,tier=cloud,46.08344339666777
1783695510,lat95_ms,tier=cloud,46.09168685903178
1783695520,lat95_ms,tier=cloud,46.11657807797988
1783695530,lat95_ms,tier=cloud,46.16076479548558
1783695540,lat95_ms,tier=cloud,46.017319618102015
1783695550,lat95_ms,tier=cloud,46.20706064488645
1783695560,lat95_ms,tier=cloud,46.05789680623232
1783695570,lat95_ms,tier=cloud,45.7098330807939
1783695580,lat95_ms,tier=cloud,45.479075478081306
1783695590,lat95_ms,tier=cloud,45.1524381698068
1783695600,lat95_ms,tier=cloud,45.32147991151857
1783695610,lat95_ms,tier=cloud,45.13759368509104
1783695620,lat95_ms,tier=cloud,44.89826137437601
1783695630,lat95_ms,tier=cloud,44.26025035578105
1783695640,lat95_ms,tier=cloud,43.10796603332577
1783695650,lat95_ms,tier=cloud,43.2113748411885
1783695010,lat99_ms,tier=cloud,19.75471685587542
1783695020,lat99_ms,tier=cloud,4.970000000000001
1783695030,lat99_ms,tier=cloud,4.990212610269915
1783695040,lat99_ms,tier=cloud,9.003121146653609
1783695050,lat99_ms,tier=cloud,8.813998981725598
1783695060,lat99_ms,tier=cloud,9.629496402877706
1783695070,lat99_ms,tier=cloud,14.415915909648882
1783695080,lat99_ms,tier=cloud,19.012804149502593
1783695090,lat99_ms,tier=cloud,19.160355029585794
1783695100,lat99_ms,tier=cloud,19.189058396045397
1783695110,lat99_ms,tier=cloud,22.239389408275734
1783695120,lat99_ms,tier=cloud,36.50609756097564
1783695130,lat99_ms,tier=cloud,37.831232752666025
1783695140,lat99_ms,tier=cloud,45.09203170258074
1783695150,lat99_ms,tier=cloud,47.18585470594791
1783695160,lat99_ms,tier=cloud,47.82054005584954
1783695170,lat99_ms,tier=cloud,48.28447335944192
1783695180,lat99_ms,tier=cloud,48.489381123856916
1783695190,lat99_ms,tier=cloud,48.7074836320891
1783695200,lat99_ms,tier=cloud,48.825545613153416
1783695210,lat99_ms,tier=cloud,62.041666224602224
1783695220,lat99_ms,tier=cloud,83.80379836531247
1783695230,lat99_ms,tier=cloud,93.87917349625774
1783695240,lat99_ms,tier=cloud,98.66268925299866
1783695250,lat99_ms,tier=cloud,104.70909607226035
1783695260,lat99_ms,tier=cloud,115.40363957370286
1783695270,lat99_ms,tier=cloud,118.47717996871093
1783695280,lat99_ms,tier=cloud,119.64197178285652
1783695290,lat99_ms,tier=cloud,119.37612266299516
1783695300,lat99_ms,tier=cloud,120.32134980215174
1783695310,lat99_ms,tier=cloud,123.0532403255367
1783695320,lat99_ms,tier=cloud,124.03828091286458
1783695330,lat99_ms,tier=cloud,124.08161768392974
1783695340,lat99_ms,tier=cloud,125.65193413013986
1783695350,lat99_ms,tier=cloud,124.7342779378453
1783695360,lat99_ms,tier=cloud,124.00642024561263
1783695370,lat99_ms,tier=cloud,120.6381903854133
1783695380,lat99_ms,tier=cloud,118.67252452023416
1783695390,lat99_ms,tier=cloud,117.49834317025457
1783695400,lat99_ms,tier=cloud,117.51080245002096
1783695410,lat99_ms,tier=cloud,115.732809584599
1783695420,lat99_ms,tier=cloud,107.9885942744887
1783695430,lat99_ms,tier=cloud,102.43410459893302
1783695440,lat99_ms,tier=cloud,99.81747799232528
1783695450,lat99_ms,tier=cloud,98.30325411111312
1783695460,lat99_ms,tier=cloud,92.4710003731693
1783695470,lat99_ms,tier=cloud,70.41395829563926
1783695480,lat99_ms,tier=cloud,49.42569339539101
1783695490,lat99_ms,tier=cloud,49.31335205335656
1783695500,lat99_ms,tier=cloud,49.33896832207854
1783695510,lat99_ms,tier=cloud,49.3622285731961
1783695520,lat99_ms,tier=cloud,49.38093382549173
1783695530,lat99_ms,tier=cloud,49.388165958438904
1783695540,lat99_ms,tier=cloud,49.32401348521942
1783695550,lat99_ms,tier=cloud,49.39204332674966
1783695560,lat99_ms,tier=cloud,49.35672268871235
1783695570,lat99_ms,tier=cloud,49.28590049694914
1783695580,lat99_ms,tier=cloud,49.25574301259003
1783695590,lat99_ms,tier=cloud,49.155279658127185
1783695600,lat99_ms,tier=cloud,49.177465412149324
1783695610,lat99_ms,tier=cloud,49.161329952503635
1783695620,lat99_ms,tier=cloud,49.09481547810057
1783695630,lat99_ms,tier=cloud,48.96377247987524
1783695640,lat99_ms,tier=cloud,48.78607904588206
1783695650,lat99_ms,tier=cloud,48.85466452431159
1783695010,inflight,tier=cloud,0.0
1783695020,inflight,tier=cloud,0.0
1783695030,inflight,tier=cloud,0.0
1783695040,inflight,tier=cloud,0.0
1783695050,inflight,tier=cloud,0.0
1783695060,inflight,tier=cloud,0.0
1783695070,inflight,tier=cloud,0.0
1783695080,inflight,tier=cloud,0.0
1783695090,inflight,tier=cloud,0.0
1783695100,inflight,tier=cloud,0.0
1783695110,inflight,tier=cloud,1.0
1783695120,inflight,tier=cloud,0.0
1783695130,inflight,tier=cloud,5.0
1783695140,inflight,tier=cloud,0.0
1783695150,inflight,tier=cloud,0.0
1783695160,inflight,tier=cloud,0.0
1783695170,inflight,tier=cloud,0.0
1783695180,inflight,tier=cloud,0.0
1783695190,inflight,tier=cloud,0.0
1783695200,inflight,tier=cloud,1.0
1783695210,inflight,tier=cloud,19.0
1783695220,inflight,tier=cloud,17.0
1783695230,inflight,tier=cloud,28.0
1783695240,inflight,tier=cloud,23.0
1783695250,inflight,tier=cloud,43.0
1783695260,inflight,tier=cloud,12.0
1783695270,inflight,tier=cloud,27.0
1783695280,inflight,tier=cloud,0.0
1783695290,inflight,tier=cloud,1.0
1783695300,inflight,tier=cloud,50.0
1783695310,inflight,tier=cloud,23.0
1783695320,inflight,tier=cloud,40.0
1783695330,inflight,tier=cloud,15.0
1783695340,inflight,tier=cloud,1.0
1783695350,inflight,tier=cloud,5.0
1783695360,inflight,tier=cloud,18.0
1783695370,inflight,tier=cloud,11.0
1783695380,inflight,tier=cloud,0.0
1783695390,inflight,tier=cloud,10.0
1783695400,inflight,tier=cloud,1.0
1783695410,inflight,tier=cloud,0.0
1783695420,inflight,tier=cloud,0.0
1783695430,inflight,tier=cloud,0.0
1783695440,inflight,tier=cloud,4.0
1783695450,inflight,tier=cloud,0.0
1783695460,inflight,tier=cloud,0.0
1783695470,inflight,tier=cloud,0.0
1783695480,inflight,tier=cloud,0.0
1783695490,inflight,tier=cloud,0.0
1783695500,inflight,tier=cloud,0.0
1783695510,inflight,tier=cloud,0.0
1783695520,inflight,tier=cloud,5.0
1783695530,inflight,tier=cloud,0.0
1783695540,inflight,tier=cloud,0.0
1783695550,inflight,tier=cloud,0.0
1783695560,inflight,tier=cloud,7.0
1783695570,inflight,tier=cloud,0.0
1783695580,inflight,tier=cloud,0.0
1783695590,inflight,tier=cloud,0.0
1783695600,inflight,tier=cloud,0.0
1783695610,inflight,tier=cloud,0.0
1783695620,inflight,tier=cloud,0.0
1783695630,inflight,tier=cloud,0.0
1783695640,inflight,tier=cloud,0.0
1783695650,inflight,tier=cloud,0.0
1783695010,inflight,tier=edge,0.0
1783695020,inflight,tier=edge,0.0
1783695030,inflight,tier=edge,0.0
1783695040,inflight,tier=edge,0.0
1783695050,inflight,tier=edge,0.0
1783695060,inflight,tier=edge,0.0
1783695070,inflight,tier=edge,0.0
1783695080,inflight,tier=edge,0.0
1783695090,inflight,tier=edge,0.0
1783695100,inflight,tier=edge,0.0
1783695110,inflight,tier=edge,0.0
1783695120,inflight,tier=edge,0.0
1783695130,inflight,tier=edge,0.0
1783695140,inflight,tier=edge,0.0
1783695150,inflight,tier=edge,0.0
1783695160,inflight,tier=edge,0.0
1783695170,inflight,tier=edge,0.0
1783695180,inflight,tier=edge,0.0
1783695190,inflight,tier=edge,0.0
1783695200,inflight,tier=edge,0.0
1783695210,inflight,tier=edge,0.0
1783695220,inflight,tier=edge,0.0
1783695230,inflight,tier=edge,0.0
1783695240,inflight,tier=edge,0.0
1783695250,inflight,tier=edge,0.0
1783695260,inflight,tier=edge,0.0
1783695270,inflight,tier=edge,0.0
1783695280,inflight,tier=edge,0.0
1783695290,inflight,tier=edge,0.0
1783695300,inflight,tier=edge,0.0
1783695310,inflight,tier=edge,0.0
1783695320,inflight,tier=edge,0.0
1783695330,inflight,tier=edge,0.0
1783695340,inflight,tier=edge,0.0
1783695350,inflight,tier=edge,0.0
1783695360,inflight,tier=edge,0.0
1783695370,inflight,tier=edge,0.0
1783695380,inflight,tier=edge,0.0
1783695390,inflight,tier=edge,0.0
1783695400,inflight,tier=edge,0.0
1783695410,inflight,tier=edge,0.0
1783695420,inflight,tier=edge,0.0
1783695430,inflight,tier=edge,0.0
1783695440,inflight,tier=edge,0.0
1783695450,inflight,tier=edge,0.0
1783695460,inflight,tier=edge,0.0
1783695470,inflight,tier=edge,0.0
1783695480,inflight,tier=edge,0.0
1783695490,inflight,tier=edge,0.0
1783695500,inflight,tier=edge,0.0
1783695510,inflight,tier=edge,0.0
1783695520,inflight,tier=edge,0.0
1783695530,inflight,tier=edge,0.0
1783695540,inflight,tier=edge,0.0
1783695550,inflight,tier=edge,0.0
1783695560,inflight,tier=edge,0.0
1783695570,inflight,tier=edge,0.0
1783695580,inflight,tier=edge,0.0
1783695590,inflight,tier=edge,0.0
1783695600,inflight,tier=edge,0.0
1783695610,inflight,tier=edge,0.0
1783695620,inflight,tier=edge,0.0
1783695630,inflight,tier=edge,0.0
1783695640,inflight,tier=edge,0.0
1783695650,inflight,tier=edge,0.0
