ts,metric,labels,value
1783699804,replicas_status,deployment=workload-cloud,1.0
1783699814,replicas_status,deployment=workload-cloud,1.0
1783699824,replicas_status,deployment=workload-cloud,1.0
1783699834,replicas_status,deployment=workload-cloud,1.0
1783699844,replicas_status,deployment=workload-cloud,1.0
1783699854,replicas_status,deployment=workload-cloud,1.0
1783699864,replicas_status,deployment=workload-cloud,1.0
1783699874,replicas_status,deployment=workload-cloud,1.0
1783699884,replicas_status,deployment=workload-cloud,1.0
1783699894,replicas_status,deployment=workload-cloud,1.0
1783699904,replicas_status,deployment=workload-cloud,1.0
1783699914,replicas_status,deployment=workload-cloud,1.0
1783699924,replicas_status,deployment=workload-cloud,2.0
1783699934,replicas_status,deployment=workload-cloud,2.0
1783699944,replicas_status,deployment=workload-cloud,2.0
1783699954,replicas_status,deployment=workload-cloud,2.0
1783699964,replicas_status,deployment=workload-cloud,2.0
1783699974,replicas_status,deployment=workload-cloud,2.0
1783699984,replicas_status,deployment=workload-cloud,2.0
1783699994,replicas_status,deployment=workload-cloud,2.0
1783700004,replicas_status,deployment=workload-cloud,3.0
1783700014,replicas_status,deployment=workload-cloud,3.0
1783700024,replicas_status,deployment=workload-cloud,3.0
1783700034,replicas_status,deployment=workload-cloud,4.0
1783700044,replicas_status,deployment=workload-cloud,4.0
1783700054,replicas_status,deployment=workload-cloud,4.0
1783700064,replicas_status,deployment=workload-cloud,5.0
1783700074,replicas_status,deployment=workload-cloud,5.0
1783700084,replicas_status,deployment=workload-cloud,5.0
1783700094,replicas_status,deployment=workload-cloud,6.0
1783700104,replicas_status,deployment=workload-cloud,6.0
1783700114,replicas_status,deployment=workload-cloud,6.0
1783700124,replicas_status,deployment=workload-cloud,6.0
1783700134,replicas_status,deployment=workload-cloud,6.0
1783700144,replicas_status,deployment=workload-cloud,6.0
1783700154,replicas_status,deployment=workload-cloud,6.0
1783700164,replicas_status,deployment=workload-cloud,6.0
1783700174,replicas_status,deployment=workload-cloud,6.0
1783700184,replicas_status,deployment=workload-cloud,6.0
1783700194,replicas_status,deployment=workload-cloud,6.0
1783700204,replicas_status,deployment=workload-cloud,6.0
1783700214,replicas_status,deployment=workload-cloud,6.0
1783700224,replicas_status,deployment=workload-cloud,6.0
1783700234,replicas_status,deployment=workload-cloud,6.0
1783700244,replicas_status,deployment=workload-cloud,6.0
1783700254,replicas_status,deployment=workload-cloud,6.0
1783700264,replicas_status,deployment=workload-cloud,6.0
1783700274,replicas_status,deployment=workload-cloud,6.0
1783700284,replicas_status,deployment=workload-cloud,6.0
1783700294,replicas_status,deployment=workload-cloud,6.0
1783700304,replicas_status,deployment=workload-cloud,6.0
1783700314,replicas_status,deployment=workload-cloud,6.0
1783700324,replicas_status,deployment=workload-cloud,6.0
1783700334,replicas_status,deployment=workload-cloud,6.0
1783700344,replicas_status,deployment=workload-cloud,6.0
1783700354,replicas_status,deployment=workload-cloud,6.0
1783700364,replicas_status,deployment=workload-cloud,6.0
1783700374,replicas_status,deployment=workload-cloud,6.0
1783700384,replicas_status,deployment=workload-cloud,5.0
1783700394,replicas_status,deployment=workload-cloud,5.0
1783700404,replicas_status,deployment=workload-cloud,5.0
1783700414,replicas_status,deployment=workload-cloud,5.0
1783700424,replicas_status,deployment=workload-cloud,5.0
1783700434,replicas_status,deployment=workload-cloud,5.0
1783700444,replicas_status,deployment=workload-cloud,4.0
1783699804,replicas_status,deployment=workload-edge,1.0
1783699814,replicas_status,deployment=workload-edge,1.0
1783699824,replicas_status,deployment=workload-edge,1.0
1783699834,replicas_status,deployment=workload-edge,1.0
1783699844,replicas_status,deployment=workload-edge,1.0
1783699854,replicas_status,deployment=workload-edge,1.0
1783699864,replicas_status,deployment=workload-edge,1.0
1783699874,replicas_status,deployment=workload-edge,1.0
1783699884,replicas_status,deployment=workload-edge,1.0
1783699894,replicas_status,deployment=workload-edge,1.0
1783699904,replicas_status,deployment=workload-edge,1.0
1783699914,replicas_status,deployment=workload-edge,1.0
1783699924,replicas_status,deployment=workload-edge,1.0
1783699934,replicas_status,deployment=workload-edge,1.0
1783699944,replicas_status,deployment=workload-edge,1.0
1783699954,replicas_status,deployment=workload-edge,1.0
1783699964,replicas_status,deployment=workload-edge,1.0
1783699974,replicas_status,deployment=workload-edge,1.0
1783699984,replicas_status,deployment=workload-edge,1.0
1783699994,replicas_status,deployment=workload-edge,1.0
1783700004,replicas_status,deployment=workload-edge,1.0
1783700014,replicas_status,deployment=workload-edge,1.0
1783700024,replicas_status,deployment=workload-edge,1.0
1783700034,replicas_status,deployment=workload-edge,1.0
1783700044,replicas_status,deployment=workload-edge,1.0
1783700054,replicas_status,deployment=workload-edge,1.0
1783700064,replicas_status,deployment=workload-edge,1.0
1783700074,replicas_status,deployment=workload-edge,1.0
1783700084,replicas_status,deployment=workload-edge,1.0
1783700094,replicas_status,deployment=workload-edge,1.0
1783700104,replicas_status,deployment=workload-edge,1.0
1783700114,replicas_status,deployment=workload-edge,1.0
1783700124,replicas_status,deployment=workload-edge,1.0
1783700134,replicas_status,deployment=workload-edge,1.0
1783700144,replicas_status,deployment=workload-edge,1.0
1783700154,replicas_status,deployment=workload-edge,1.0
1783700164,replicas_status,deployment=workload-edge,1.0
1783700174,replicas_status,deployment=workload-edge,1.0
1783700184,replicas_status,deployment=workload-edge,1.0
1783700194,replicas_status,deployment=workload-edge,1.0
1783700204,replicas_status,deployment=workload-edge,1.0
1783700214,replicas_status,deployment=workload-edge,1.0
1783700224,replicas_status,deployment=workload-edge,1.0
1783700234,replicas_status,deployment=workload-edge,1.0
1783700244,replicas_status,deployment=workload-edge,1.0
1783700254,replicas_status,deployment=workload-edge,1.0
1783700264,replicas_status,deployment=workload-edge,1.0
1783700274,replicas_status,deployment=workload-edge,1.0
1783700284,replicas_status,deployment=workload-edge,1.0
1783700294,replicas_status,deployment=workload-edge,1.0
1783700304,replicas_status,deployment=workload-edge,1.0
1783700314,replicas_status,deployment=workload-edge,1.0
1783700324,replicas_status,deployment=workload-edge,1.0
1783700334,replicas_status,deployment=workload-edge,1.0
1783700344,replicas_status,deployment=workload-edge,1.0
1783700354,replicas_status,deployment=workload-edge,1.0
1783700364,replicas_status,deployment=workload-edge,1.0
1783700374,replicas_status,deployment=workload-edge,1.0
1783700384,replicas_status,deployment=workload-edge,1.0
1783700394,replicas_status,deployment=workload-edge,1.0
1783700404,replicas_status,deployment=workload-edge,1.0
1783700414,replicas_status,deployment=workload-edge,1.0
1783700424,replicas_status,deployment=workload-edge,1.0
1783700434,replicas_status,deployment=workload-edge,1.0
1783700444,replicas_status,deployment=workload-edge,1.0
1783699804,replicas_spec,deployment=workload-cloud,1.0
1783699814,replicas_spec,deployment=workload-cloud,1.0
1783699824,replicas_spec,deployment=workload-cloud,1.0
1783699834,replicas_spec,deployment=workload-cloud,1.0
1783699844,replicas_spec,deployment=workload-cloud,1.0
1783699854,replicas_spec,deployment=workload-cloud,1.0
1783699864,replicas_spec,deployment=workload-cloud,1.0
1783699874,replicas_spec,deployment=workload-cloud,1.0
1783699884,replicas_spec,deployment=workload-cloud,1.0
1783699894,replicas_spec,deployment=workload-cloud,1.0
1783699904,replicas_spec,deployment=workload-cloud,1.0
1783699914,replicas_spec,deployment=workload-cloud,1.0
1783699924,replicas_spec,deployment=workload-cloud,2.0
1783699934,replicas_spec,deployment=workload-cloud,2.0
1783699944,replicas_spec,deployment=workload-cloud,2.0
1783699954,replicas_spec,deployment=workload-cloud,2.0
1783699964,replicas_spec,deployment=workload-cloud,2.0
1783699974,replicas_spec,deployment=workload-cloud,2.0
1783699984,replicas_spec,deployment=workload-cloud,2.0
1783699994,replicas_spec,deployment=workload-cloud,2.0
1783700004,replicas_spec,deployment=workload-cloud,3.0
1783700014,replicas_spec,deployment=workload-cloud,3.0
1783700024,replicas_spec,deployment=workload-cloud,3.0
1783700034,replicas_spec,deployment=workload-cloud,4.0
1783700044,replicas_spec,deployment=workload-cloud,4.0
1783700054,replicas_spec,deployment=workload-cloud,4.0
1783700064,replicas_spec,deployment=workload-cloud,5.0
1783700074,replicas_spec,deployment=workload-cloud,5.0
1783700084,replicas_spec,deployment=workload-cloud,5.0
1783700094,replicas_spec,deployment=workload-cloud,6.0
1783700104,replicas_spec,deployment=workload-cloud,6.0
1783700114,replicas_spec,deployment=workload-cloud,6.0
1783700124,replicas_spec,deployment=workload-cloud,6.0
1783700134,replicas_spec,deployment=workload-cloud,6.0
1783700144,replicas_spec,deployment=workload-cloud,6.0
1783700154,replicas_spec,deployment=workload-cloud,6.0
1783700164,replicas_spec,deployment=workload-cloud,6.0
1783700174,replicas_spec,deployment=workload-cloud,6.0
1783700184,replicas_spec,deployment=workload-cloud,6.0
1783700194,replicas_spec,deployment=workload-cloud,6.0
1783700204,replicas_spec,deployment=workload-cloud,6.0
1783700214,replicas_spec,deployment=workload-cloud,6.0
1783700224,replicas_spec,deployment=workload-cloud,6.0
1783700234,replicas_spec,deployment=workload-cloud,6.0
1783700244,replicas_spec,deployment=workload-cloud,6.0
1783700254,replicas_spec,deployment=workload-cloud,6.0
1783700264,replicas_spec,deployment=workload-cloud,6.0
1783700274,replicas_spec,deployment=workload-cloud,6.0
1783700284,replicas_spec,deployment=workload-cloud,6.0
1783700294,replicas_spec,deployment=workload-cloud,6.0
1783700304,replicas_spec,deployment=workload-cloud,6.0
1783700314,replicas_spec,deployment=workload-cloud,6.0
1783700324,replicas_spec,deployment=workload-cloud,6.0
1783700334,replicas_spec,deployment=workload-cloud,6.0
1783700344,replicas_spec,deployment=workload-cloud,6.0
1783700354,replicas_spec,deployment=workload-cloud,6.0
1783700364,replicas_spec,deployment=workload-cloud,6.0
1783700374,replicas_spec,deployment=workload-cloud,6.0
1783700384,replicas_spec,deployment=workload-cloud,5.0
1783700394,replicas_spec,deployment=workload-cloud,5.0
1783700404,replicas_spec,deployment=workload-cloud,5.0
1783700414,replicas_spec,deployment=workload-cloud,5.0
1783700424,replicas_spec,deployment=workload-cloud,5.0
1783700434,replicas_spec,deployment=workload-cloud,5.0
1783700444,replicas_spec,deployment=workload-cloud,4.0
1783699804,replicas_spec,deployment=workload-edge,1.0
1783699814,replicas_spec,deployment=workload-edge,1.0
1783699824,replicas_spec,deployment=workload-edge,1.0
1783699834,replicas_spec,deployment=workload-edge,1.0
1783699844,replicas_spec,deployment=workload-edge,1.0
1783699854,replicas_spec,deployment=workload-edge,1.0
1783699864,replicas_spec,deployment=workload-edge,1.0
1783699874,replicas_spec,deployment=workload-edge,1.0
1783699884,replicas_spec,deployment=workload-edge,1.0
1783699894,replicas_spec,deployment=workload-edge,1.0
1783699904,replicas_spec,deployment=workload-edge,1.0
1783699914,replicas_spec,deployment=workload-edge,1.0
1783699924,replicas_spec,deployment=workload-edge,1.0
1783699934,replicas_spec,deployment=workload-edge,1.0
1783699944,replicas_spec,deployment=workload-edge,1.0
1783699954,replicas_spec,deployment=workload-edge,1.0
1783699964,replicas_spec,deployment=workload-edge,1.0
1783699974,replicas_spec,deployment=workload-edge,1.0
1783699984,replicas_spec,deployment=workload-edge,1.0
1783699994,replicas_spec,deployment=workload-edge,1.0
1783700004,replicas_spec,deployment=workload-edge,1.0
1783700014,replicas_spec,deployment=workload-edge,1.0
1783700024,replicas_spec,deployment=workload-edge,1.0
1783700034,replicas_spec,deployment=workload-edge,1.0
1783700044,replicas_spec,deployment=workload-edge,1.0
1783700054,replicas_spec,deployment=workload-edge,1.0
1783700064,replicas_spec,deployment=workload-edge,1.0
1783700074,replicas_spec,deployment=workload-edge,1.0
1783700084,replicas_spec,deployment=workload-edge,1.0
1783700094,replicas_spec,deployment=workload-edge,1.0
1783700104,replicas_spec,deployment=workload-edge,1.0
1783700114,replicas_spec,deployment=workload-edge,1.0
1783700124,replicas_spec,deployment=workload-edge,1.0
1783700134,replicas_spec,deployment=workload-edge,1.0
1783700144,replicas_spec,deployment=workload-edge,1.0
1783700154,replicas_spec,deployment=workload-edge,1.0
1783700164,replicas_spec,deployment=workload-edge,1.0
1783700174,replicas_spec,deployment=workload-edge,1.0
1783700184,replicas_spec,deployment=workload-edge,1.0
1783700194,replicas_spec,deployment=workload-edge,1.0
1783700204,replicas_spec,deployment=workload-edge,1.0
1783700214,replicas_spec,deployment=workload-edge,1.0
1783700224,replicas_spec,deployment=workload-edge,1.0
1783700234,replicas_spec,deployment=workload-edge,1.0
1783700244,replicas_spec,deployment=workload-edge,1.0
1783700254,replicas_spec,deployment=workload-edge,1.0
1783700264,replicas_spec,deployment=workload-edge,1.0
1783700274,replicas_spec,deployment=workload-edge,1.0
1783700284,replicas_spec,deployment=workload-edge,1.0
1783700294,replicas_spec,deployment=workload-edge,1.0
1783700304,replicas_spec,deployment=workload-edge,1.0
1783700314,replicas_spec,deployment=workload-edge,1.0
1783700324,replicas_spec,deployment=workload-edge,1.0
1783700334,replicas_spec,deployment=workload-edge,1.0
1783700344,replicas_spec,deployment=workload-edge,1.0
1783700354,replicas_spec,deployment=workload-edge,1.0
1783700364,replicas_spec,deployment=workload-edge,1.0
1783700374,replicas_spec,deployment=workload-edge,1.0
1783700384,replicas_spec,deployment=workload-edge,1.0
1783700394,replicas_spec,deployment=workload-edge,1.0
1783700404,replicas_spec,deployment=workload-edge,1.0
1783700414,replicas_spec,deployment=workload-edge,1.0
1783700424,replicas_spec,deployment=workload-edge,1.0
1783700434,replicas_spec,deployment=workload-edge,1.0
1783700444,replicas_spec,deployment=workload-edge,1.0
1783699944,cpu_cores,pod=workload-cloud-6f545f89ff-46s5q,0.031431497038183695
1783699954,cpu_cores,pod=workload-cloud-6f545f89ff-46s5q,0.045935728204334364
1783699964,cpu_cores,pod=workload-cloud-6f545f89ff-46s5q,0.048416217882685596
1783699974,cpu_cores,pod=workload-cloud-6f545f89ff-46s5q,0.059986970594703495
1783699984,cpu_cores,pod=workload-cloud-6f545f89ff-46s5q,0.0734457704365236
1783699994,cpu_cores,pod=workload-cloud-6f545f89ff-46s5q,0.11003389238294897
1783700004,cpu_cores,pod=workload-cloud-6f545f89ff-46s5q,0.14176766122946538
1783700014,cpu_cores,pod=workload-cloud-6f545f89ff-46s5q,0.25956753059061566
1783700024,cpu_cores,pod=workload-cloud-6f545f89ff-46s5q,0.34273207450826937
1783700034,cpu_cores,pod=workload-cloud-6f545f89ff-46s5q,0.4509037397283247
1783700044,cpu_cores,pod=workload-cloud-6f545f89ff-46s5q,0.5747240231726859
1783700054,cpu_cores,pod=workload-cloud-6f545f89ff-46s5q,0.6207581393859847
1783700064,cpu_cores,pod=workload-cloud-6f545f89ff-46s5q,0.6370332430097392
1783700074,cpu_cores,pod=workload-cloud-6f545f89ff-46s5q,0.643471193085055
1783700084,cpu_cores,pod=workload-cloud-6f545f89ff-46s5q,0.646934730538922
1783700094,cpu_cores,pod=workload-cloud-6f545f89ff-46s5q,0.6502315214919262
1783700104,cpu_cores,pod=workload-cloud-6f545f89ff-46s5q,0.5168918753277191
1783700114,cpu_cores,pod=workload-cloud-6f545f89ff-46s5q,0.6327851494020023
1783700124,cpu_cores,pod=workload-cloud-6f545f89ff-46s5q,0.5191726357360001
1783700134,cpu_cores,pod=workload-cloud-6f545f89ff-46s5q,0.6186334245714799
1783700144,cpu_cores,pod=workload-cloud-6f545f89ff-46s5q,0.6272660835539188
1783700154,cpu_cores,pod=workload-cloud-6f545f89ff-46s5q,0.6004330842586044
1783700164,cpu_cores,pod=workload-cloud-6f545f89ff-46s5q,0.5953949990087233
1783700174,cpu_cores,pod=workload-cloud-6f545f89ff-46s5q,0.518768964431854
1783700184,cpu_cores,pod=workload-cloud-6f545f89ff-46s5q,0.25613911138763656
1783700194,cpu_cores,pod=workload-cloud-6f545f89ff-46s5q,0.26001188486524396
1783700204,cpu_cores,pod=workload-cloud-6f545f89ff-46s5q,0.19917097677089074
1783700214,cpu_cores,pod=workload-cloud-6f545f89ff-46s5q,0.15060369872517554
1783700224,cpu_cores,pod=workload-cloud-6f545f89ff-46s5q,0.1547040306491764
1783700234,cpu_cores,pod=workload-cloud-6f545f89ff-46s5q,0.1540978073147804
1783700244,cpu_cores,pod=workload-cloud-6f545f89ff-46s5q,0.1577950229536161
1783700254,cpu_cores,pod=workload-cloud-6f545f89ff-46s5q,0.15773918389166067
1783700264,cpu_cores,pod=workload-cloud-6f545f89ff-46s5q,0.15972556754745051
1783700274,cpu_cores,pod=workload-cloud-6f545f89ff-46s5q,0.15543132954052133
1783700284,cpu_cores,pod=workload-cloud-6f545f89ff-46s5q,0.15055501464759616
1783700294,cpu_cores,pod=workload-cloud-6f545f89ff-46s5q,0.15055501464759616
1783700304,cpu_cores,pod=workload-cloud-6f545f89ff-46s5q,0.14849541598662053
1783700314,cpu_cores,pod=workload-cloud-6f545f89ff-46s5q,0.14554022440392658
1783700324,cpu_cores,pod=workload-cloud-6f545f89ff-46s5q,0.1491712776254231
1783700334,cpu_cores,pod=workload-cloud-6f545f89ff-46s5q,0.1961059267749983
1783700344,cpu_cores,pod=workload-cloud-6f545f89ff-46s5q,0.25174734606407057
1783700354,cpu_cores,pod=workload-cloud-6f545f89ff-46s5q,0.25527275073240446
1783700364,cpu_cores,pod=workload-cloud-6f545f89ff-46s5q,0.3671894209301227
1783700374,cpu_cores,pod=workload-cloud-6f545f89ff-46s5q,0.3072763470816909
1783700384,cpu_cores,pod=workload-cloud-6f545f89ff-46s5q,0.2615437702858481
1783700394,cpu_cores,pod=workload-cloud-6f545f89ff-46s5q,0.18009750608010774
1783699804,cpu_cores,pod=workload-cloud-6f545f89ff-bp8kc,0.001270897044408587
1783700054,cpu_cores,pod=workload-cloud-6f545f89ff-gjm8r,0.021018565588432955
1783700064,cpu_cores,pod=workload-cloud-6f545f89ff-gjm8r,0.02080000833333333
1783700074,cpu_cores,pod=workload-cloud-6f545f89ff-gjm8r,0.018629822629659454
1783700084,cpu_cores,pod=workload-cloud-6f545f89ff-gjm8r,0.017009369119540457
1783700094,cpu_cores,pod=workload-cloud-6f545f89ff-gjm8r,0.002275727348295928
1783700104,cpu_cores,pod=workload-cloud-6f545f89ff-gjm8r,0.0022757273482959276
1783700114,cpu_cores,pod=workload-cloud-6f545f89ff-gjm8r,0.0023410389297336396
1783700124,cpu_cores,pod=workload-cloud-6f545f89ff-gjm8r,0.0023083851325637434
1783700134,cpu_cores,pod=workload-cloud-6f545f89ff-gjm8r,0.002231034806267004
1783700144,cpu_cores,pod=workload-cloud-6f545f89ff-gjm8r,0.0022343025054129273
1783700154,cpu_cores,pod=workload-cloud-6f545f89ff-gjm8r,0.0022641639479851106
1783700164,cpu_cores,pod=workload-cloud-6f545f89ff-gjm8r,0.00223934839255207
1783700174,cpu_cores,pod=workload-cloud-6f545f89ff-gjm8r,0.00224859331570741
1783700184,cpu_cores,pod=workload-cloud-6f545f89ff-gjm8r,0.002313032691769037
1783700194,cpu_cores,pod=workload-cloud-6f545f89ff-gjm8r,0.002246059585613397
1783700204,cpu_cores,pod=workload-cloud-6f545f89ff-gjm8r,0.002217419704010601
1783700214,cpu_cores,pod=workload-cloud-6f545f89ff-gjm8r,0.002236925434116447
1783700224,cpu_cores,pod=workload-cloud-6f545f89ff-gjm8r,0.0019106700318645734
1783700234,cpu_cores,pod=workload-cloud-6f545f89ff-gjm8r,0.002366390907490759
1783700244,cpu_cores,pod=workload-cloud-6f545f89ff-gjm8r,0.0023544289767689283
1783700254,cpu_cores,pod=workload-cloud-6f545f89ff-gjm8r,0.0024195964134636795
1783700264,cpu_cores,pod=workload-cloud-6f545f89ff-gjm8r,0.0019008244170227238
1783700274,cpu_cores,pod=workload-cloud-6f545f89ff-gjm8r,0.002326717046106753
1783700284,cpu_cores,pod=workload-cloud-6f545f89ff-gjm8r,0.0023999840315111565
1783700294,cpu_cores,pod=workload-cloud-6f545f89ff-gjm8r,0.002350251715427199
1783700304,cpu_cores,pod=workload-cloud-6f545f89ff-gjm8r,0.0023361096778948894
1783700314,cpu_cores,pod=workload-cloud-6f545f89ff-gjm8r,0.0023539569522874246
1783700324,cpu_cores,pod=workload-cloud-6f545f89ff-gjm8r,0.002340767621116202
1783700334,cpu_cores,pod=workload-cloud-6f545f89ff-gjm8r,0.0027253853413022936
1783700344,cpu_cores,pod=workload-cloud-6f545f89ff-gjm8r,0.00390082563203216
1783700354,cpu_cores,pod=workload-cloud-6f545f89ff-gjm8r,0.003950357344051771
1783700364,cpu_cores,pod=workload-cloud-6f545f89ff-gjm8r,0.0053467565172783645
1783700374,cpu_cores,pod=workload-cloud-6f545f89ff-gjm8r,0.00632578077158604
1783700384,cpu_cores,pod=workload-cloud-6f545f89ff-gjm8r,0.006587655573470533
1783700394,cpu_cores,pod=workload-cloud-6f545f89ff-gjm8r,0.007102209274095652
1783700404,cpu_cores,pod=workload-cloud-6f545f89ff-gjm8r,0.006666377106549849
1783700414,cpu_cores,pod=workload-cloud-6f545f89ff-gjm8r,0.005392673171772575
1783700424,cpu_cores,pod=workload-cloud-6f545f89ff-gjm8r,0.006295130961769956
1783700434,cpu_cores,pod=workload-cloud-6f545f89ff-gjm8r,0.005773625494974115
1783700444,cpu_cores,pod=workload-cloud-6f545f89ff-gjm8r,0.005923067279565402
1783700014,cpu_cores,pod=workload-cloud-6f545f89ff-mn4bl,0.041941129590919314
1783700024,cpu_cores,pod=workload-cloud-6f545f89ff-mn4bl,0.06797367623061362
1783700034,cpu_cores,pod=workload-cloud-6f545f89ff-mn4bl,0.1336194902634536
1783700044,cpu_cores,pod=workload-cloud-6f545f89ff-mn4bl,0.1879733470921088
1783700054,cpu_cores,pod=workload-cloud-6f545f89ff-mn4bl,0.22886310042007138
1783700064,cpu_cores,pod=workload-cloud-6f545f89ff-mn4bl,0.2926558480339589
1783700074,cpu_cores,pod=workload-cloud-6f545f89ff-mn4bl,0.3070560285000462
1783700084,cpu_cores,pod=workload-cloud-6f545f89ff-mn4bl,0.30901227132001124
1783700094,cpu_cores,pod=workload-cloud-6f545f89ff-mn4bl,0.31356054859209764
1783700104,cpu_cores,pod=workload-cloud-6f545f89ff-mn4bl,0.3075903986718624
1783700114,cpu_cores,pod=workload-cloud-6f545f89ff-mn4bl,0.3075903986718624
1783700124,cpu_cores,pod=workload-cloud-6f545f89ff-mn4bl,0.2989665559875924
1783700134,cpu_cores,pod=workload-cloud-6f545f89ff-mn4bl,0.29385539404809075
1783700144,cpu_cores,pod=workload-cloud-6f545f89ff-mn4bl,0.24968230950188003
1783700154,cpu_cores,pod=workload-cloud-6f545f89ff-mn4bl,0.29453027010245264
1783700164,cpu_cores,pod=workload-cloud-6f545f89ff-mn4bl,0.18184118055711168
1783700174,cpu_cores,pod=workload-cloud-6f545f89ff-mn4bl,0.18184118055711168
1783700184,cpu_cores,pod=workload-cloud-6f545f89ff-mn4bl,0.10150787093893049
1783700194,cpu_cores,pod=workload-cloud-6f545f89ff-mn4bl,0.016348291029417712
1783700204,cpu_cores,pod=workload-cloud-6f545f89ff-mn4bl,0.0019811370641738693
1783700214,cpu_cores,pod=workload-cloud-6f545f89ff-mn4bl,0.0024066399471118806
1783700224,cpu_cores,pod=workload-cloud-6f545f89ff-mn4bl,0.0023685366099304214
1783700234,cpu_cores,pod=workload-cloud-6f545f89ff-mn4bl,0.0023685366099304214
1783700244,cpu_cores,pod=workload-cloud-6f545f89ff-mn4bl,0.002358696944477454
1783700254,cpu_cores,pod=workload-cloud-6f545f89ff-mn4bl,0.0023229596497305995
1783700264,cpu_cores,pod=workload-cloud-6f545f89ff-mn4bl,0.0024103088984871713
1783700274,cpu_cores,pod=workload-cloud-6f545f89ff-mn4bl,0.0024130879345603947
1783700284,cpu_cores,pod=workload-cloud-6f545f89ff-mn4bl,0.0024543827731217734
1783700294,cpu_cores,pod=workload-cloud-6f545f89ff-mn4bl,0.002417774967823499
1783700304,cpu_cores,pod=workload-cloud-6f545f89ff-mn4bl,0.002335305862259817
1783700314,cpu_cores,pod=workload-cloud-6f545f89ff-mn4bl,0.0023274092146006843
1783700324,cpu_cores,pod=workload-cloud-6f545f89ff-mn4bl,0.002325610417796988
1783700334,cpu_cores,pod=workload-cloud-6f545f89ff-mn4bl,0.003015719760389904
1783700344,cpu_cores,pod=workload-cloud-6f545f89ff-mn4bl,0.004002347024308479
1783700354,cpu_cores,pod=workload-cloud-6f545f89ff-mn4bl,0.0046024378451280665
1783700364,cpu_cores,pod=workload-cloud-6f545f89ff-mn4bl,0.005723542927842353
1783700374,cpu_cores,pod=workload-cloud-6f545f89ff-mn4bl,0.005447657904446285
1783700384,cpu_cores,pod=workload-cloud-6f545f89ff-mn4bl,0.00722993031744284
1783700394,cpu_cores,pod=workload-cloud-6f545f89ff-mn4bl,0.006991735371808155
1783700404,cpu_cores,pod=workload-cloud-6f545f89ff-mn4bl,0.007563837364134629
1783700414,cpu_cores,pod=workload-cloud-6f545f89ff-mn4bl,0.007187855164632273
1783700424,cpu_cores,pod=workload-cloud-6f545f89ff-mn4bl,0.006297140450226907
1783700434,cpu_cores,pod=workload-cloud-6f545f89ff-mn4bl,0.006272146267952087
1783700444,cpu_cores,pod=workload-cloud-6f545f89ff-mn4bl,0.0061923474924914165
1783699804,cpu_cores,pod=workload-cloud-6f545f89ff-qxmq8,0.0013420289311947473
1783699814,cpu_cores,pod=workload-cloud-6f545f89ff-qxmq8,0.0008979425873182592
1783699804,cpu_cores,pod=workload-cloud-6f545f89ff-r28zz,0.002651036821105161
1783699814,cpu_cores,pod=workload-cloud-6f545f89ff-r28zz,0.006152493712862885
1783699824,cpu_cores,pod=workload-cloud-6f545f89ff-r28zz,0.006152493712862885
1783699834,cpu_cores,pod=workload-cloud-6f545f89ff-r28zz,0.03082973228491464
1783699844,cpu_cores,pod=workload-cloud-6f545f89ff-r28zz,0.03082973228491464
1783699854,cpu_cores,pod=workload-cloud-6f545f89ff-r28zz,0.06593393915282832
1783699864,cpu_cores,pod=workload-cloud-6f545f89ff-r28zz,0.0989241866726467
1783699874,cpu_cores,pod=workload-cloud-6f545f89ff-r28zz,0.15240619883040873
1783699884,cpu_cores,pod=workload-cloud-6f545f89ff-r28zz,0.15240619883040873
1783699894,cpu_cores,pod=workload-cloud-6f545f89ff-r28zz,0.20358685658789388
1783699904,cpu_cores,pod=workload-cloud-6f545f89ff-r28zz,0.20959660443222197
1783699914,cpu_cores,pod=workload-cloud-6f545f89ff-r28zz,0.23214870149919434
1783699924,cpu_cores,pod=workload-cloud-6f545f89ff-r28zz,0.24578481555619144
1783699934,cpu_cores,pod=workload-cloud-6f545f89ff-r28zz,0.22286324448620615
1783699944,cpu_cores,pod=workload-cloud-6f545f89ff-r28zz,0.23509968661852662
1783699954,cpu_cores,pod=workload-cloud-6f545f89ff-r28zz,0.3011432223983082
1783699964,cpu_cores,pod=workload-cloud-6f545f89ff-r28zz,0.3123741180423365
1783699974,cpu_cores,pod=workload-cloud-6f545f89ff-r28zz,0.3273860397620079
1783699984,cpu_cores,pod=workload-cloud-6f545f89ff-r28zz,0.32722558956754905
1783699994,cpu_cores,pod=workload-cloud-6f545f89ff-r28zz,0.3265189718482231
1783700004,cpu_cores,pod=workload-cloud-6f545f89ff-r28zz,0.3612881987330171
1783700014,cpu_cores,pod=workload-cloud-6f545f89ff-r28zz,0.43911198118951045
1783700024,cpu_cores,pod=workload-cloud-6f545f89ff-r28zz,0.43911198118951045
1783700034,cpu_cores,pod=workload-cloud-6f545f89ff-r28zz,0.5716407009588254
1783700044,cpu_cores,pod=workload-cloud-6f545f89ff-r28zz,0.6698351936147688
1783700054,cpu_cores,pod=workload-cloud-6f545f89ff-r28zz,0.6818640325148752
1783700064,cpu_cores,pod=workload-cloud-6f545f89ff-r28zz,0.7096106359775037
1783700074,cpu_cores,pod=workload-cloud-6f545f89ff-r28zz,0.7121039012738822
1783700084,cpu_cores,pod=workload-cloud-6f545f89ff-r28zz,0.7139054152073425
1783700094,cpu_cores,pod=workload-cloud-6f545f89ff-r28zz,0.7174608989108751
1783700104,cpu_cores,pod=workload-cloud-6f545f89ff-r28zz,0.711198500144216
1783700114,cpu_cores,pod=workload-cloud-6f545f89ff-r28zz,0.7079565471611015
1783700124,cpu_cores,pod=workload-cloud-6f545f89ff-r28zz,0.7077822190666265
1783700134,cpu_cores,pod=workload-cloud-6f545f89ff-r28zz,0.7031206632241397
1783700144,cpu_cores,pod=workload-cloud-6f545f89ff-r28zz,0.7036386041097703
1783700154,cpu_cores,pod=workload-cloud-6f545f89ff-r28zz,0.7036386041097703
1783700164,cpu_cores,pod=workload-cloud-6f545f89ff-r28zz,0.636820688225538
1783700174,cpu_cores,pod=workload-cloud-6f545f89ff-r28zz,0.5784117647058843
1783700184,cpu_cores,pod=workload-cloud-6f545f89ff-r28zz,0.5497655556054057
1783700194,cpu_cores,pod=workload-cloud-6f545f89ff-r28zz,0.4278990281241952
1783700204,cpu_cores,pod=workload-cloud-6f545f89ff-r28zz,0.28592021774525195
1783700214,cpu_cores,pod=workload-cloud-6f545f89ff-r28zz,0.34839522342065066
1783700224,cpu_cores,pod=workload-cloud-6f545f89ff-r28zz,0.35322967571019176
1783700234,cpu_cores,pod=workload-cloud-6f545f89ff-r28zz,0.304177413289296
1783700244,cpu_cores,pod=workload-cloud-6f545f89ff-r28zz,0.3054760150115557
1783700254,cpu_cores,pod=workload-cloud-6f545f89ff-r28zz,0.3593660165384822
1783700264,cpu_cores,pod=workload-cloud-6f545f89ff-r28zz,0.35430384167636503
1783700274,cpu_cores,pod=workload-cloud-6f545f89ff-r28zz,0.34796176693151615
1783700284,cpu_cores,pod=workload-cloud-6f545f89ff-r28zz,0.2945526003939486
1783700294,cpu_cores,pod=workload-cloud-6f545f89ff-r28zz,0.3378961664564928
1783700304,cpu_cores,pod=workload-cloud-6f545f89ff-r28zz,0.3387426900584802
1783700314,cpu_cores,pod=workload-cloud-6f545f89ff-r28zz,0.3327167925962371
1783700324,cpu_cores,pod=workload-cloud-6f545f89ff-r28zz,0.34414426038816803
1783700334,cpu_cores,pod=workload-cloud-6f545f89ff-r28zz,0.44766438899665345
1783700344,cpu_cores,pod=workload-cloud-6f545f89ff-r28zz,0.44766438899665345
1783700354,cpu_cores,pod=workload-cloud-6f545f89ff-r28zz,0.6352347898900493
1783700364,cpu_cores,pod=workload-cloud-6f545f89ff-r28zz,0.7542703300672791
1783700374,cpu_cores,pod=workload-cloud-6f545f89ff-r28zz,0.7419193447909437
1783700384,cpu_cores,pod=workload-cloud-6f545f89ff-r28zz,0.7772811903566039
1783700394,cpu_cores,pod=workload-cloud-6f545f89ff-r28zz,0.47635262225001845
1783700404,cpu_cores,pod=workload-cloud-6f545f89ff-r28zz,0.3472346286276428
1783700414,cpu_cores,pod=workload-cloud-6f545f89ff-r28zz,0.17296533765407518
1783700424,cpu_cores,pod=workload-cloud-6f545f89ff-r28zz,0.0453383863904364
1783700434,cpu_cores,pod=workload-cloud-6f545f89ff-r28zz,0.005974468629961025
1783700444,cpu_cores,pod=workload-cloud-6f545f89ff-r28zz,0.006043674345608249
1783699804,cpu_cores,pod=workload-cloud-6f545f89ff-sfz7x,0.0011950904607663073
1783700104,cpu_cores,pod=workload-cloud-6f545f89ff-tw9qv,0.015940611732487748
1783700114,cpu_cores,pod=workload-cloud-6f545f89ff-tw9qv,0.025589321735370426
1783700124,cpu_cores,pod=workload-cloud-6f545f89ff-tw9qv,0.016770436097375423
1783700134,cpu_cores,pod=workload-cloud-6f545f89ff-tw9qv,0.02122695209416339
1783700144,cpu_cores,pod=workload-cloud-6f545f89ff-tw9qv,0.01758912776704426
1783700154,cpu_cores,pod=workload-cloud-6f545f89ff-tw9qv,0.00234296384454385
1783700164,cpu_cores,pod=workload-cloud-6f545f89ff-tw9qv,0.0023800785525722764
1783700174,cpu_cores,pod=workload-cloud-6f545f89ff-tw9qv,0.0023745269447825604
1783700184,cpu_cores,pod=workload-cloud-6f545f89ff-tw9qv,0.0019126944497859343
1783700194,cpu_cores,pod=workload-cloud-6f545f89ff-tw9qv,0.0023436052839369143
1783700204,cpu_cores,pod=workload-cloud-6f545f89ff-tw9qv,0.0022497693083542557
1783700214,cpu_cores,pod=workload-cloud-6f545f89ff-tw9qv,0.0022501938593733647
1783700224,cpu_cores,pod=workload-cloud-6f545f89ff-tw9qv,0.0022501938593733647
1783700234,cpu_cores,pod=workload-cloud-6f545f89ff-tw9qv,0.0022617424508632644
1783700244,cpu_cores,pod=workload-cloud-6f545f89ff-tw9qv,0.0018947181946494282
1783700254,cpu_cores,pod=workload-cloud-6f545f89ff-tw9qv,0.0023430498058128147
1783700264,cpu_cores,pod=workload-cloud-6f545f89ff-tw9qv,0.0023642088749439715
1783700274,cpu_cores,pod=workload-cloud-6f545f89ff-tw9qv,0.0023645909590043934
1783700284,cpu_cores,pod=workload-cloud-6f545f89ff-tw9qv,0.002364590959004393
1783700294,cpu_cores,pod=workload-cloud-6f545f89ff-tw9qv,0.0023629599981164467
1783700304,cpu_cores,pod=workload-cloud-6f545f89ff-tw9qv,0.0019712928146508736
1783700314,cpu_cores,pod=workload-cloud-6f545f89ff-tw9qv,0.0023801233692264667
1783700324,cpu_cores,pod=workload-cloud-6f545f89ff-tw9qv,0.0024331808278867093
1783700334,cpu_cores,pod=workload-cloud-6f545f89ff-tw9qv,0.003403643715288272
1783700344,cpu_cores,pod=workload-cloud-6f545f89ff-tw9qv,0.003403643715288272
1783700354,cpu_cores,pod=workload-cloud-6f545f89ff-tw9qv,0.004869960988296489
1783700364,cpu_cores,pod=workload-cloud-6f545f89ff-tw9qv,0.005348039710583882
1783700374,cpu_cores,pod=workload-cloud-6f545f89ff-tw9qv,0.006121380846325167
1783700384,cpu_cores,pod=workload-cloud-6f545f89ff-tw9qv,0.0066773356746617695
1783700394,cpu_cores,pod=workload-cloud-6f545f89ff-tw9qv,0.006718463515014263
1783700404,cpu_cores,pod=workload-cloud-6f545f89ff-tw9qv,0.006718463515014263
1783700414,cpu_cores,pod=workload-cloud-6f545f89ff-tw9qv,0.006740667454935931
1783700424,cpu_cores,pod=workload-cloud-6f545f89ff-tw9qv,0.005043534184467735
1783700434,cpu_cores,pod=workload-cloud-6f545f89ff-tw9qv,0.005036596008801024
1783700444,cpu_cores,pod=workload-cloud-6f545f89ff-tw9qv,0.003983444571581322
1783700084,cpu_cores,pod=workload-cloud-6f545f89ff-xvhld,0.01822261484746629
1783700094,cpu_cores,pod=workload-cloud-6f545f89ff-xvhld,0.013787063874267704
1783700104,cpu_cores,pod=workload-cloud-6f545f89ff-xvhld,0.017384574802985695
1783700114,cpu_cores,pod=workload-cloud-6f545f89ff-xvhld,0.014861311470987786
1783700124,cpu_cores,pod=workload-cloud-6f545f89ff-xvhld,0.0024404952658412236
1783700134,cpu_cores,pod=workload-cloud-6f545f89ff-xvhld,0.002349945235487406
1783700144,cpu_cores,pod=workload-cloud-6f545f89ff-xvhld,0.0023733422829712793
1783700154,cpu_cores,pod=workload-cloud-6f545f89ff-xvhld,0.0023493398501967773
1783700164,cpu_cores,pod=workload-cloud-6f545f89ff-xvhld,0.002254823100609566
1783700174,cpu_cores,pod=workload-cloud-6f545f89ff-xvhld,0.002306208412184847
1783700184,cpu_cores,pod=workload-cloud-6f545f89ff-xvhld,0.0023115222392638022
1783700194,cpu_cores,pod=workload-cloud-6f545f89ff-xvhld,0.002206994302394116
1783700204,cpu_cores,pod=workload-cloud-6f545f89ff-xvhld,0.0023421631798053698
1783700214,cpu_cores,pod=workload-cloud-6f545f89ff-xvhld,0.0023873895062817246
1783700224,cpu_cores,pod=workload-cloud-6f545f89ff-xvhld,0.0025228268932497118
1783700234,cpu_cores,pod=workload-cloud-6f545f89ff-xvhld,0.0025228268932497118
1783700244,cpu_cores,pod=workload-cloud-6f545f89ff-xvhld,0.002403725408120556
1783700254,cpu_cores,pod=workload-cloud-6f545f89ff-xvhld,0.0024304387099059557
1783700264,cpu_cores,pod=workload-cloud-6f545f89ff-xvhld,0.00240418974347091
1783700274,cpu_cores,pod=workload-cloud-6f545f89ff-xvhld,0.0022459108368218933
1783700284,cpu_cores,pod=workload-cloud-6f545f89ff-xvhld,0.002367269351487555
1783700294,cpu_cores,pod=workload-cloud-6f545f89ff-xvhld,0.002367269351487555
1783700304,cpu_cores,pod=workload-cloud-6f545f89ff-xvhld,0.0023970021586071926
1783700314,cpu_cores,pod=workload-cloud-6f545f89ff-xvhld,0.0024778016469745776
1783700324,cpu_cores,pod=workload-cloud-6f545f89ff-xvhld,0.0024449646231411233
1783700334,cpu_cores,pod=workload-cloud-6f545f89ff-xvhld,0.003282756368386674
1783700344,cpu_cores,pod=workload-cloud-6f545f89ff-xvhld,0.003109824237256016
1783700354,cpu_cores,pod=workload-cloud-6f545f89ff-xvhld,0.0044906602907584916
1783700364,cpu_cores,pod=workload-cloud-6f545f89ff-xvhld,0.00575140519094065
1783700374,cpu_cores,pod=workload-cloud-6f545f89ff-xvhld,0.00575140519094065
1783700384,cpu_cores,pod=workload-cloud-6f545f89ff-xvhld,0.006242326500884406
1783700394,cpu_cores,pod=workload-cloud-6f545f89ff-xvhld,0.006996324906367042
1783700404,cpu_cores,pod=workload-cloud-6f545f89ff-xvhld,0.006996324906367042
1783700414,cpu_cores,pod=workload-cloud-6f545f89ff-xvhld,0.006774909440055865
1783700424,cpu_cores,pod=workload-cloud-6f545f89ff-xvhld,0.006379628834092275
1783700434,cpu_cores,pod=workload-cloud-6f545f89ff-xvhld,0.006379628834092275
1783700444,cpu_cores,pod=workload-cloud-6f545f89ff-xvhld,0.005981188463349229
1783699804,cpu_cores,pod=workload-edge-7b875fd8c6-pxwvc,0.002804827915869444
1783699814,cpu_cores,pod=workload-edge-7b875fd8c6-pxwvc,0.002804827915869444
1783699824,cpu_cores,pod=workload-edge-7b875fd8c6-pxwvc,0.0026786829032390985
1783699834,cpu_cores,pod=workload-edge-7b875fd8c6-pxwvc,0.002720043165151029
1783699844,cpu_cores,pod=workload-edge-7b875fd8c6-pxwvc,0.002720043165151029
1783699854,cpu_cores,pod=workload-edge-7b875fd8c6-pxwvc,0.0026256451216511
1783699864,cpu_cores,pod=workload-edge-7b875fd8c6-pxwvc,0.0026599440775778816
1783699874,cpu_cores,pod=workload-edge-7b875fd8c6-pxwvc,0.00274696745977088
1783699884,cpu_cores,pod=workload-edge-7b875fd8c6-pxwvc,0.00279646716037323
1783699894,cpu_cores,pod=workload-edge-7b875fd8c6-pxwvc,0.002891815495312695
1783699904,cpu_cores,pod=workload-edge-7b875fd8c6-pxwvc,0.0028172343820805986
1783699914,cpu_cores,pod=workload-edge-7b875fd8c6-pxwvc,0.0027095639461833156
1783699924,cpu_cores,pod=workload-edge-7b875fd8c6-pxwvc,0.002709563946183315
1783699934,cpu_cores,pod=workload-edge-7b875fd8c6-pxwvc,0.002676443063934449
1783699944,cpu_cores,pod=workload-edge-7b875fd8c6-pxwvc,0.0026620146424377556
1783699954,cpu_cores,pod=workload-edge-7b875fd8c6-pxwvc,0.0026458081244614675
1783699964,cpu_cores,pod=workload-edge-7b875fd8c6-pxwvc,0.0026945508680509124
1783699974,cpu_cores,pod=workload-edge-7b875fd8c6-pxwvc,0.002220644456453658
1783699984,cpu_cores,pod=workload-edge-7b875fd8c6-pxwvc,0.0027392445970494065
1783699994,cpu_cores,pod=workload-edge-7b875fd8c6-pxwvc,0.0027927608394103243
1783700004,cpu_cores,pod=workload-edge-7b875fd8c6-pxwvc,0.0027809427161667984
1783700014,cpu_cores,pod=workload-edge-7b875fd8c6-pxwvc,0.002790065103002629
1783700024,cpu_cores,pod=workload-edge-7b875fd8c6-pxwvc,0.002745333194283629
1783700034,cpu_cores,pod=workload-edge-7b875fd8c6-pxwvc,0.002768402379586924
1783700044,cpu_cores,pod=workload-edge-7b875fd8c6-pxwvc,0.0027695823095841804
1783700054,cpu_cores,pod=workload-edge-7b875fd8c6-pxwvc,0.0027833704859590064
1783700064,cpu_cores,pod=workload-edge-7b875fd8c6-pxwvc,0.0028378170318146888
1783700074,cpu_cores,pod=workload-edge-7b875fd8c6-pxwvc,0.0028378170318146888
1783700084,cpu_cores,pod=workload-edge-7b875fd8c6-pxwvc,0.0028418728122710777
1783700094,cpu_cores,pod=workload-edge-7b875fd8c6-pxwvc,0.0024950681745867184
1783700104,cpu_cores,pod=workload-edge-7b875fd8c6-pxwvc,0.0028695741887068914
1783700114,cpu_cores,pod=workload-edge-7b875fd8c6-pxwvc,0.0028486135398440417
1783700124,cpu_cores,pod=workload-edge-7b875fd8c6-pxwvc,0.0027797606695759785
1783700134,cpu_cores,pod=workload-edge-7b875fd8c6-pxwvc,0.0023480406729185824
1783700144,cpu_cores,pod=workload-edge-7b875fd8c6-pxwvc,0.002812152708373866
1783700154,cpu_cores,pod=workload-edge-7b875fd8c6-pxwvc,0.0023273080972161706
1783700164,cpu_cores,pod=workload-edge-7b875fd8c6-pxwvc,0.002901734723967917
1783700174,cpu_cores,pod=workload-edge-7b875fd8c6-pxwvc,0.0028457921777529436
1783700184,cpu_cores,pod=workload-edge-7b875fd8c6-pxwvc,0.0027854716595022816
1783700194,cpu_cores,pod=workload-edge-7b875fd8c6-pxwvc,0.0027854716595022816
1783700204,cpu_cores,pod=workload-edge-7b875fd8c6-pxwvc,0.002756021547544101
1783700214,cpu_cores,pod=workload-edge-7b875fd8c6-pxwvc,0.002756021547544101
1783700224,cpu_cores,pod=workload-edge-7b875fd8c6-pxwvc,0.0028379460086840652
1783700234,cpu_cores,pod=workload-edge-7b875fd8c6-pxwvc,0.0028288132333163124
1783700244,cpu_cores,pod=workload-edge-7b875fd8c6-pxwvc,0.0023760592755887066
1783700254,cpu_cores,pod=workload-edge-7b875fd8c6-pxwvc,0.0028382139373603716
1783700264,cpu_cores,pod=workload-edge-7b875fd8c6-pxwvc,0.002360671708094867
1783700274,cpu_cores,pod=workload-edge-7b875fd8c6-pxwvc,0.0027798862812072585
1783700284,cpu_cores,pod=workload-edge-7b875fd8c6-pxwvc,0.0027321075565985226
1783700294,cpu_cores,pod=workload-edge-7b875fd8c6-pxwvc,0.0027321075565985226
1783700304,cpu_cores,pod=workload-edge-7b875fd8c6-pxwvc,0.0027662526915619313
1783700314,cpu_cores,pod=workload-edge-7b875fd8c6-pxwvc,0.0027584861797918516
1783700324,cpu_cores,pod=workload-edge-7b875fd8c6-pxwvc,0.002310618880606361
1783700334,cpu_cores,pod=workload-edge-7b875fd8c6-pxwvc,0.0034185529550048058
1783700344,cpu_cores,pod=workload-edge-7b875fd8c6-pxwvc,0.004796607653980319
1783700354,cpu_cores,pod=workload-edge-7b875fd8c6-pxwvc,0.004796607653980319
1783700364,cpu_cores,pod=workload-edge-7b875fd8c6-pxwvc,0.0063010047760647505
1783700374,cpu_cores,pod=workload-edge-7b875fd8c6-pxwvc,0.007344395009634748
1783700384,cpu_cores,pod=workload-edge-7b875fd8c6-pxwvc,0.007344395009634748
1783700394,cpu_cores,pod=workload-edge-7b875fd8c6-pxwvc,0.007207672688628638
1783700404,cpu_cores,pod=workload-edge-7b875fd8c6-pxwvc,0.007154164474001329
1783700414,cpu_cores,pod=workload-edge-7b875fd8c6-pxwvc,0.007108387769156047
1783700424,cpu_cores,pod=workload-edge-7b875fd8c6-pxwvc,0.006805944144233131
1783700434,cpu_cores,pod=workload-edge-7b875fd8c6-pxwvc,0.005476809684856474
1783700444,cpu_cores,pod=workload-edge-7b875fd8c6-pxwvc,0.006304405148058316
1783699944,cpu_utilisation,pod=workload-cloud-6f545f89ff-46s5q,0.15715748519091846
1783699954,cpu_utilisation,pod=workload-cloud-6f545f89ff-46s5q,0.22967864102167182
1783699964,cpu_utilisation,pod=workload-cloud-6f545f89ff-46s5q,0.24208108941342796
1783699974,cpu_utilisation,pod=workload-cloud-6f545f89ff-46s5q,0.29993485297351746
1783699984,cpu_utilisation,pod=workload-cloud-6f545f89ff-46s5q,0.36722885218261797
1783699994,cpu_utilisation,pod=workload-cloud-6f545f89ff-46s5q,0.5501694619147448
1783700004,cpu_utilisation,pod=workload-cloud-6f545f89ff-46s5q,0.7088383061473269
1783700014,cpu_utilisation,pod=workload-cloud-6f545f89ff-46s5q,1.2978376529530782
1783700024,cpu_utilisation,pod=workload-cloud-6f545f89ff-46s5q,1.7136603725413468
1783700034,cpu_utilisation,pod=workload-cloud-6f545f89ff-46s5q,2.2545186986416232
1783700044,cpu_utilisation,pod=workload-cloud-6f545f89ff-46s5q,2.8736201158634294
1783700054,cpu_utilisation,pod=workload-cloud-6f545f89ff-46s5q,3.103790696929923
1783700064,cpu_utilisation,pod=workload-cloud-6f545f89ff-46s5q,3.185166215048696
1783700074,cpu_utilisation,pod=workload-cloud-6f545f89ff-46s5q,3.217355965425275
1783700084,cpu_utilisation,pod=workload-cloud-6f545f89ff-46s5q,3.23467365269461
1783700094,cpu_utilisation,pod=workload-cloud-6f545f89ff-46s5q,3.2511576074596307
1783700104,cpu_utilisation,pod=workload-cloud-6f545f89ff-46s5q,2.5844593766385953
1783700114,cpu_utilisation,pod=workload-cloud-6f545f89ff-46s5q,3.163925747010011
1783700124,cpu_utilisation,pod=workload-cloud-6f545f89ff-46s5q,2.5958631786800006
1783700134,cpu_utilisation,pod=workload-cloud-6f545f89ff-46s5q,3.093167122857399
1783700144,cpu_utilisation,pod=workload-cloud-6f545f89ff-46s5q,3.1363304177695936
1783700154,cpu_utilisation,pod=workload-cloud-6f545f89ff-46s5q,3.002165421293022
1783700164,cpu_utilisation,pod=workload-cloud-6f545f89ff-46s5q,2.976974995043616
1783700174,cpu_utilisation,pod=workload-cloud-6f545f89ff-46s5q,2.5938448221592703
1783700184,cpu_utilisation,pod=workload-cloud-6f545f89ff-46s5q,1.2806955569381828
1783700194,cpu_utilisation,pod=workload-cloud-6f545f89ff-46s5q,1.3000594243262198
1783700204,cpu_utilisation,pod=workload-cloud-6f545f89ff-46s5q,0.9958548838544536
1783700214,cpu_utilisation,pod=workload-cloud-6f545f89ff-46s5q,0.7530184936258777
1783700224,cpu_utilisation,pod=workload-cloud-6f545f89ff-46s5q,0.773520153245882
1783700234,cpu_utilisation,pod=workload-cloud-6f545f89ff-46s5q,0.770489036573902
1783700244,cpu_utilisation,pod=workload-cloud-6f545f89ff-46s5q,0.7889751147680805
1783700254,cpu_utilisation,pod=workload-cloud-6f545f89ff-46s5q,0.7886959194583033
1783700264,cpu_utilisation,pod=workload-cloud-6f545f89ff-46s5q,0.7986278377372525
1783700274,cpu_utilisation,pod=workload-cloud-6f545f89ff-46s5q,0.7771566477026066
1783700284,cpu_utilisation,pod=workload-cloud-6f545f89ff-46s5q,0.7527750732379808
1783700294,cpu_utilisation,pod=workload-cloud-6f545f89ff-46s5q,0.7527750732379808
1783700304,cpu_utilisation,pod=workload-cloud-6f545f89ff-46s5q,0.7424770799331026
1783700314,cpu_utilisation,pod=workload-cloud-6f545f89ff-46s5q,0.7277011220196329
1783700324,cpu_utilisation,pod=workload-cloud-6f545f89ff-46s5q,0.7458563881271154
1783700334,cpu_utilisation,pod=workload-cloud-6f545f89ff-46s5q,0.9805296338749915
1783700344,cpu_utilisation,pod=workload-cloud-6f545f89ff-46s5q,1.2587367303203527
1783700354,cpu_utilisation,pod=workload-cloud-6f545f89ff-46s5q,1.2763637536620223
1783700364,cpu_utilisation,pod=workload-cloud-6f545f89ff-46s5q,1.8359471046506133
1783700374,cpu_utilisation,pod=workload-cloud-6f545f89ff-46s5q,1.5363817354084544
1783700054,cpu_utilisation,pod=workload-cloud-6f545f89ff-gjm8r,0.10509282794216476
1783700064,cpu_utilisation,pod=workload-cloud-6f545f89ff-gjm8r,0.10400004166666665
1783700074,cpu_utilisation,pod=workload-cloud-6f545f89ff-gjm8r,0.09314911314829727
1783700084,cpu_utilisation,pod=workload-cloud-6f545f89ff-gjm8r,0.08504684559770229
1783700094,cpu_utilisation,pod=workload-cloud-6f545f89ff-gjm8r,0.011378636741479639
1783700104,cpu_utilisation,pod=workload-cloud-6f545f89ff-gjm8r,0.011378636741479637
1783700114,cpu_utilisation,pod=workload-cloud-6f545f89ff-gjm8r,0.011705194648668198
1783700124,cpu_utilisation,pod=workload-cloud-6f545f89ff-gjm8r,0.011541925662818716
1783700134,cpu_utilisation,pod=workload-cloud-6f545f89ff-gjm8r,0.011155174031335018
1783700144,cpu_utilisation,pod=workload-cloud-6f545f89ff-gjm8r,0.011171512527064636
1783700154,cpu_utilisation,pod=workload-cloud-6f545f89ff-gjm8r,0.011320819739925552
1783700164,cpu_utilisation,pod=workload-cloud-6f545f89ff-gjm8r,0.011196741962760349
1783700174,cpu_utilisation,pod=workload-cloud-6f545f89ff-gjm8r,0.01124296657853705
1783700184,cpu_utilisation,pod=workload-cloud-6f545f89ff-gjm8r,0.011565163458845184
1783700194,cpu_utilisation,pod=workload-cloud-6f545f89ff-gjm8r,0.011230297928066985
1783700204,cpu_utilisation,pod=workload-cloud-6f545f89ff-gjm8r,0.011087098520053004
1783700214,cpu_utilisation,pod=workload-cloud-6f545f89ff-gjm8r,0.011184627170582235
1783700224,cpu_utilisation,pod=workload-cloud-6f545f89ff-gjm8r,0.009553350159322866
1783700234,cpu_utilisation,pod=workload-cloud-6f545f89ff-gjm8r,0.011831954537453795
1783700244,cpu_utilisation,pod=workload-cloud-6f545f89ff-gjm8r,0.011772144883844642
1783700254,cpu_utilisation,pod=workload-cloud-6f545f89ff-gjm8r,0.012097982067318398
1783700264,cpu_utilisation,pod=workload-cloud-6f545f89ff-gjm8r,0.009504122085113618
1783700274,cpu_utilisation,pod=workload-cloud-6f545f89ff-gjm8r,0.011633585230533764
1783700284,cpu_utilisation,pod=workload-cloud-6f545f89ff-gjm8r,0.011999920157555782
1783700294,cpu_utilisation,pod=workload-cloud-6f545f89ff-gjm8r,0.011751258577135994
1783700304,cpu_utilisation,pod=workload-cloud-6f545f89ff-gjm8r,0.011680548389474446
1783700314,cpu_utilisation,pod=workload-cloud-6f545f89ff-gjm8r,0.011769784761437122
1783700324,cpu_utilisation,pod=workload-cloud-6f545f89ff-gjm8r,0.011703838105581009
1783700334,cpu_utilisation,pod=workload-cloud-6f545f89ff-gjm8r,0.013626926706511467
1783700344,cpu_utilisation,pod=workload-cloud-6f545f89ff-gjm8r,0.019504128160160797
1783700354,cpu_utilisation,pod=workload-cloud-6f545f89ff-gjm8r,0.019751786720258856
1783700364,cpu_utilisation,pod=workload-cloud-6f545f89ff-gjm8r,0.02673378258639182
1783700374,cpu_utilisation,pod=workload-cloud-6f545f89ff-gjm8r,0.0316289038579302
1783700384,cpu_utilisation,pod=workload-cloud-6f545f89ff-gjm8r,0.032938277867352664
1783700394,cpu_utilisation,pod=workload-cloud-6f545f89ff-gjm8r,0.03551104637047826
1783700404,cpu_utilisation,pod=workload-cloud-6f545f89ff-gjm8r,0.033331885532749246
1783700414,cpu_utilisation,pod=workload-cloud-6f545f89ff-gjm8r,0.026963365858862873
1783700424,cpu_utilisation,pod=workload-cloud-6f545f89ff-gjm8r,0.03147565480884978
1783700434,cpu_utilisation,pod=workload-cloud-6f545f89ff-gjm8r,0.028868127474870574
1783700444,cpu_utilisation,pod=workload-cloud-6f545f89ff-gjm8r,0.029615336397827006
1783700014,cpu_utilisation,pod=workload-cloud-6f545f89ff-mn4bl,0.20970564795459656
1783700024,cpu_utilisation,pod=workload-cloud-6f545f89ff-mn4bl,0.3398683811530681
1783700034,cpu_utilisation,pod=workload-cloud-6f545f89ff-mn4bl,0.6680974513172679
1783700044,cpu_utilisation,pod=workload-cloud-6f545f89ff-mn4bl,0.939866735460544
1783700054,cpu_utilisation,pod=workload-cloud-6f545f89ff-mn4bl,1.1443155021003568
1783700064,cpu_utilisation,pod=workload-cloud-6f545f89ff-mn4bl,1.4632792401697943
1783700074,cpu_utilisation,pod=workload-cloud-6f545f89ff-mn4bl,1.535280142500231
1783700084,cpu_utilisation,pod=workload-cloud-6f545f89ff-mn4bl,1.5450613566000562
1783700094,cpu_utilisation,pod=workload-cloud-6f545f89ff-mn4bl,1.5678027429604882
1783700104,cpu_utilisation,pod=workload-cloud-6f545f89ff-mn4bl,1.5379519933593118
1783700114,cpu_utilisation,pod=workload-cloud-6f545f89ff-mn4bl,1.5379519933593118
1783700124,cpu_utilisation,pod=workload-cloud-6f545f89ff-mn4bl,1.494832779937962
1783700134,cpu_utilisation,pod=workload-cloud-6f545f89ff-mn4bl,1.4692769702404536
1783700144,cpu_utilisation,pod=workload-cloud-6f545f89ff-mn4bl,1.2484115475094
1783700154,cpu_utilisation,pod=workload-cloud-6f545f89ff-mn4bl,1.4726513505122631
1783700164,cpu_utilisation,pod=workload-cloud-6f545f89ff-mn4bl,0.9092059027855584
1783700174,cpu_utilisation,pod=workload-cloud-6f545f89ff-mn4bl,0.9092059027855584
1783700184,cpu_utilisation,pod=workload-cloud-6f545f89ff-mn4bl,0.5075393546946524
1783700194,cpu_utilisation,pod=workload-cloud-6f545f89ff-mn4bl,0.08174145514708855
1783700204,cpu_utilisation,pod=workload-cloud-6f545f89ff-mn4bl,0.009905685320869346
1783700214,cpu_utilisation,pod=workload-cloud-6f545f89ff-mn4bl,0.012033199735559403
1783700224,cpu_utilisation,pod=workload-cloud-6f545f89ff-mn4bl,0.011842683049652107
1783700234,cpu_utilisation,pod=workload-cloud-6f545f89ff-mn4bl,0.011842683049652107
1783700244,cpu_utilisation,pod=workload-cloud-6f545f89ff-mn4bl,0.01179348472238727
1783700254,cpu_utilisation,pod=workload-cloud-6f545f89ff-mn4bl,0.011614798248652997
1783700264,cpu_utilisation,pod=workload-cloud-6f545f89ff-mn4bl,0.012051544492435855
1783700274,cpu_utilisation,pod=workload-cloud-6f545f89ff-mn4bl,0.012065439672801973
1783700284,cpu_utilisation,pod=workload-cloud-6f545f89ff-mn4bl,0.012271913865608866
1783700294,cpu_utilisation,pod=workload-cloud-6f545f89ff-mn4bl,0.012088874839117494
1783700304,cpu_utilisation,pod=workload-cloud-6f545f89ff-mn4bl,0.011676529311299085
1783700314,cpu_utilisation,pod=workload-cloud-6f545f89ff-mn4bl,0.01163704607300342
1783700324,cpu_utilisation,pod=workload-cloud-6f545f89ff-mn4bl,0.011628052088984939
1783700334,cpu_utilisation,pod=workload-cloud-6f545f89ff-mn4bl,0.01507859880194952
1783700344,cpu_utilisation,pod=workload-cloud-6f545f89ff-mn4bl,0.020011735121542393
1783700354,cpu_utilisation,pod=workload-cloud-6f545f89ff-mn4bl,0.02301218922564033
1783700364,cpu_utilisation,pod=workload-cloud-6f545f89ff-mn4bl,0.028617714639211766
1783700374,cpu_utilisation,pod=workload-cloud-6f545f89ff-mn4bl,0.027238289522231424
1783700384,cpu_utilisation,pod=workload-cloud-6f545f89ff-mn4bl,0.0361496515872142
1783700394,cpu_utilisation,pod=workload-cloud-6f545f89ff-mn4bl,0.03495867685904078
1783700404,cpu_utilisation,pod=workload-cloud-6f545f89ff-mn4bl,0.037819186820673145
1783700414,cpu_utilisation,pod=workload-cloud-6f545f89ff-mn4bl,0.035939275823161365
1783700424,cpu_utilisation,pod=workload-cloud-6f545f89ff-mn4bl,0.031485702251134534
1783700434,cpu_utilisation,pod=workload-cloud-6f545f89ff-mn4bl,0.03136073133976043
1783700444,cpu_utilisation,pod=workload-cloud-6f545f89ff-mn4bl,0.030961737462457083
1783699804,cpu_utilisation,pod=workload-cloud-6f545f89ff-r28zz,0.013255184105525805
1783699814,cpu_utilisation,pod=workload-cloud-6f545f89ff-r28zz,0.030762468564314426
1783699824,cpu_utilisation,pod=workload-cloud-6f545f89ff-r28zz,0.030762468564314426
1783699834,cpu_utilisation,pod=workload-cloud-6f545f89ff-r28zz,0.15414866142457317
1783699844,cpu_utilisation,pod=workload-cloud-6f545f89ff-r28zz,0.15414866142457317
1783699854,cpu_utilisation,pod=workload-cloud-6f545f89ff-r28zz,0.32966969576414157
1783699864,cpu_utilisation,pod=workload-cloud-6f545f89ff-r28zz,0.4946209333632335
1783699874,cpu_utilisation,pod=workload-cloud-6f545f89ff-r28zz,0.7620309941520437
1783699884,cpu_utilisation,pod=workload-cloud-6f545f89ff-r28zz,0.7620309941520437
1783699894,cpu_utilisation,pod=workload-cloud-6f545f89ff-r28zz,1.0179342829394693
1783699904,cpu_utilisation,pod=workload-cloud-6f545f89ff-r28zz,1.0479830221611097
1783699914,cpu_utilisation,pod=workload-cloud-6f545f89ff-r28zz,1.1607435074959715
1783699924,cpu_utilisation,pod=workload-cloud-6f545f89ff-r28zz,1.2289240777809571
1783699934,cpu_utilisation,pod=workload-cloud-6f545f89ff-r28zz,1.1143162224310306
1783699944,cpu_utilisation,pod=workload-cloud-6f545f89ff-r28zz,1.175498433092633
1783699954,cpu_utilisation,pod=workload-cloud-6f545f89ff-r28zz,1.505716111991541
1783699964,cpu_utilisation,pod=workload-cloud-6f545f89ff-r28zz,1.5618705902116825
1783699974,cpu_utilisation,pod=workload-cloud-6f545f89ff-r28zz,1.6369301988100395
1783699984,cpu_utilisation,pod=workload-cloud-6f545f89ff-r28zz,1.636127947837745
1783699994,cpu_utilisation,pod=workload-cloud-6f545f89ff-r28zz,1.6325948592411155
1783700004,cpu_utilisation,pod=workload-cloud-6f545f89ff-r28zz,1.8064409936650854
1783700014,cpu_utilisation,pod=workload-cloud-6f545f89ff-r28zz,2.195559905947552
1783700024,cpu_utilisation,pod=workload-cloud-6f545f89ff-r28zz,2.195559905947552
1783700034,cpu_utilisation,pod=workload-cloud-6f545f89ff-r28zz,2.8582035047941265
1783700044,cpu_utilisation,pod=workload-cloud-6f545f89ff-r28zz,3.349175968073844
1783700054,cpu_utilisation,pod=workload-cloud-6f545f89ff-r28zz,3.4093201625743754
1783700064,cpu_utilisation,pod=workload-cloud-6f545f89ff-r28zz,3.5480531798875186
1783700074,cpu_utilisation,pod=workload-cloud-6f545f89ff-r28zz,3.560519506369411
1783700084,cpu_utilisation,pod=workload-cloud-6f545f89ff-r28zz,3.5695270760367124
1783700094,cpu_utilisation,pod=workload-cloud-6f545f89ff-r28zz,3.5873044945543753
1783700104,cpu_utilisation,pod=workload-cloud-6f545f89ff-r28zz,3.55599250072108
1783700114,cpu_utilisation,pod=workload-cloud-6f545f89ff-r28zz,3.539782735805507
1783700124,cpu_utilisation,pod=workload-cloud-6f545f89ff-r28zz,3.5389110953331326
1783700134,cpu_utilisation,pod=workload-cloud-6f545f89ff-r28zz,3.515603316120698
1783700144,cpu_utilisation,pod=workload-cloud-6f545f89ff-r28zz,3.518193020548851
1783700154,cpu_utilisation,pod=workload-cloud-6f545f89ff-r28zz,3.518193020548851
1783700164,cpu_utilisation,pod=workload-cloud-6f545f89ff-r28zz,3.1841034411276894
1783700174,cpu_utilisation,pod=workload-cloud-6f545f89ff-r28zz,2.892058823529421
1783700184,cpu_utilisation,pod=workload-cloud-6f545f89ff-r28zz,2.7488277780270285
1783700194,cpu_utilisation,pod=workload-cloud-6f545f89ff-r28zz,2.139495140620976
1783700204,cpu_utilisation,pod=workload-cloud-6f545f89ff-r28zz,1.4296010887262596
1783700214,cpu_utilisation,pod=workload-cloud-6f545f89ff-r28zz,1.7419761171032533
1783700224,cpu_utilisation,pod=workload-cloud-6f545f89ff-r28zz,1.7661483785509586
1783700234,cpu_utilisation,pod=workload-cloud-6f545f89ff-r28zz,1.5208870664464798
1783700244,cpu_utilisation,pod=workload-cloud-6f545f89ff-r28zz,1.5273800750577784
1783700254,cpu_utilisation,pod=workload-cloud-6f545f89ff-r28zz,1.796830082692411
1783700264,cpu_utilisation,pod=workload-cloud-6f545f89ff-r28zz,1.771519208381825
1783700274,cpu_utilisation,pod=workload-cloud-6f545f89ff-r28zz,1.7398088346575806
1783700284,cpu_utilisation,pod=workload-cloud-6f545f89ff-r28zz,1.4727630019697429
1783700294,cpu_utilisation,pod=workload-cloud-6f545f89ff-r28zz,1.689480832282464
1783700304,cpu_utilisation,pod=workload-cloud-6f545f89ff-r28zz,1.6937134502924007
1783700314,cpu_utilisation,pod=workload-cloud-6f545f89ff-r28zz,1.6635839629811855
1783700324,cpu_utilisation,pod=workload-cloud-6f545f89ff-r28zz,1.72072130194084
1783700334,cpu_utilisation,pod=workload-cloud-6f545f89ff-r28zz,2.238321944983267
1783700344,cpu_utilisation,pod=workload-cloud-6f545f89ff-r28zz,2.238321944983267
1783700354,cpu_utilisation,pod=workload-cloud-6f545f89ff-r28zz,3.1761739494502463
1783700364,cpu_utilisation,pod=workload-cloud-6f545f89ff-r28zz,3.771351650336395
1783700374,cpu_utilisation,pod=workload-cloud-6f545f89ff-r28zz,3.7095967239547183
1783700384,cpu_utilisation,pod=workload-cloud-6f545f89ff-r28zz,3.8864059517830194
1783700394,cpu_utilisation,pod=workload-cloud-6f545f89ff-r28zz,2.381763111250092
1783700404,cpu_utilisation,pod=workload-cloud-6f545f89ff-r28zz,1.736173143138214
1783700414,cpu_utilisation,pod=workload-cloud-6f545f89ff-r28zz,0.8648266882703759
1783700424,cpu_utilisation,pod=workload-cloud-6f545f89ff-r28zz,0.22669193195218199
1783700434,cpu_utilisation,pod=workload-cloud-6f545f89ff-r28zz,0.029872343149805126
1783700444,cpu_utilisation,pod=workload-cloud-6f545f89ff-r28zz,0.030218371728041246
1783700104,cpu_utilisation,pod=workload-cloud-6f545f89ff-tw9qv,0.07970305866243874
1783700114,cpu_utilisation,pod=workload-cloud-6f545f89ff-tw9qv,0.12794660867685212
1783700124,cpu_utilisation,pod=workload-cloud-6f545f89ff-tw9qv,0.0838521804868771
1783700134,cpu_utilisation,pod=workload-cloud-6f545f89ff-tw9qv,0.10613476047081694
1783700144,cpu_utilisation,pod=workload-cloud-6f545f89ff-tw9qv,0.0879456388352213
1783700154,cpu_utilisation,pod=workload-cloud-6f545f89ff-tw9qv,0.01171481922271925
1783700164,cpu_utilisation,pod=workload-cloud-6f545f89ff-tw9qv,0.011900392762861381
1783700174,cpu_utilisation,pod=workload-cloud-6f545f89ff-tw9qv,0.011872634723912801
1783700184,cpu_utilisation,pod=workload-cloud-6f545f89ff-tw9qv,0.009563472248929672
1783700194,cpu_utilisation,pod=workload-cloud-6f545f89ff-tw9qv,0.011718026419684571
1783700204,cpu_utilisation,pod=workload-cloud-6f545f89ff-tw9qv,0.011248846541771279
1783700214,cpu_utilisation,pod=workload-cloud-6f545f89ff-tw9qv,0.011250969296866822
1783700224,cpu_utilisation,pod=workload-cloud-6f545f89ff-tw9qv,0.011250969296866822
1783700234,cpu_utilisation,pod=workload-cloud-6f545f89ff-tw9qv,0.011308712254316322
1783700244,cpu_utilisation,pod=workload-cloud-6f545f89ff-tw9qv,0.00947359097324714
1783700254,cpu_utilisation,pod=workload-cloud-6f545f89ff-tw9qv,0.011715249029064073
1783700264,cpu_utilisation,pod=workload-cloud-6f545f89ff-tw9qv,0.011821044374719857
1783700274,cpu_utilisation,pod=workload-cloud-6f545f89ff-tw9qv,0.011822954795021967
1783700284,cpu_utilisation,pod=workload-cloud-6f545f89ff-tw9qv,0.011822954795021965
1783700294,cpu_utilisation,pod=workload-cloud-6f545f89ff-tw9qv,0.011814799990582233
1783700304,cpu_utilisation,pod=workload-cloud-6f545f89ff-tw9qv,0.009856464073254367
1783700314,cpu_utilisation,pod=workload-cloud-6f545f89ff-tw9qv,0.011900616846132334
1783700324,cpu_utilisation,pod=workload-cloud-6f545f89ff-tw9qv,0.012165904139433546
1783700334,cpu_utilisation,pod=workload-cloud-6f545f89ff-tw9qv,0.017018218576441358
1783700344,cpu_utilisation,pod=workload-cloud-6f545f89ff-tw9qv,0.017018218576441358
1783700354,cpu_utilisation,pod=workload-cloud-6f545f89ff-tw9qv,0.024349804941482447
1783700364,cpu_utilisation,pod=workload-cloud-6f545f89ff-tw9qv,0.02674019855291941
1783700374,cpu_utilisation,pod=workload-cloud-6f545f89ff-tw9qv,0.030606904231625834
1783700384,cpu_utilisation,pod=workload-cloud-6f545f89ff-tw9qv,0.033386678373308845
1783700394,cpu_utilisation,pod=workload-cloud-6f545f89ff-tw9qv,0.033592317575071313
1783700404,cpu_utilisation,pod=workload-cloud-6f545f89ff-tw9qv,0.033592317575071313
1783700414,cpu_utilisation,pod=workload-cloud-6f545f89ff-tw9qv,0.033703337274679654
1783700424,cpu_utilisation,pod=workload-cloud-6f545f89ff-tw9qv,0.025217670922338675
1783700434,cpu_utilisation,pod=workload-cloud-6f545f89ff-tw9qv,0.02518298004400512
1783700084,cpu_utilisation,pod=workload-cloud-6f545f89ff-xvhld,0.09111307423733145
1783700094,cpu_utilisation,pod=workload-cloud-6f545f89ff-xvhld,0.06893531937133851
1783700104,cpu_utilisation,pod=workload-cloud-6f545f89ff-xvhld,0.08692287401492847
1783700114,cpu_utilisation,pod=workload-cloud-6f545f89ff-xvhld,0.07430655735493892
1783700124,cpu_utilisation,pod=workload-cloud-6f545f89ff-xvhld,0.012202476329206118
1783700134,cpu_utilisation,pod=workload-cloud-6f545f89ff-xvhld,0.011749726177437029
1783700144,cpu_utilisation,pod=workload-cloud-6f545f89ff-xvhld,0.011866711414856396
1783700154,cpu_utilisation,pod=workload-cloud-6f545f89ff-xvhld,0.011746699250983886
1783700164,cpu_utilisation,pod=workload-cloud-6f545f89ff-xvhld,0.011274115503047829
1783700174,cpu_utilisation,pod=workload-cloud-6f545f89ff-xvhld,0.011531042060924234
1783700184,cpu_utilisation,pod=workload-cloud-6f545f89ff-xvhld,0.01155761119631901
1783700194,cpu_utilisation,pod=workload-cloud-6f545f89ff-xvhld,0.01103497151197058
1783700204,cpu_utilisation,pod=workload-cloud-6f545f89ff-xvhld,0.011710815899026849
1783700214,cpu_utilisation,pod=workload-cloud-6f545f89ff-xvhld,0.011936947531408622
1783700224,cpu_utilisation,pod=workload-cloud-6f545f89ff-xvhld,0.012614134466248558
1783700234,cpu_utilisation,pod=workload-cloud-6f545f89ff-xvhld,0.012614134466248558
1783700244,cpu_utilisation,pod=workload-cloud-6f545f89ff-xvhld,0.012018627040602779
1783700254,cpu_utilisation,pod=workload-cloud-6f545f89ff-xvhld,0.012152193549529778
1783700264,cpu_utilisation,pod=workload-cloud-6f545f89ff-xvhld,0.012020948717354549
1783700274,cpu_utilisation,pod=workload-cloud-6f545f89ff-xvhld,0.011229554184109466
1783700284,cpu_utilisation,pod=workload-cloud-6f545f89ff-xvhld,0.011836346757437775
1783700294,cpu_utilisation,pod=workload-cloud-6f545f89ff-xvhld,0.011836346757437775
1783700304,cpu_utilisation,pod=workload-cloud-6f545f89ff-xvhld,0.011985010793035962
1783700314,cpu_utilisation,pod=workload-cloud-6f545f89ff-xvhld,0.012389008234872887
1783700324,cpu_utilisation,pod=workload-cloud-6f545f89ff-xvhld,0.012224823115705616
1783700334,cpu_utilisation,pod=workload-cloud-6f545f89ff-xvhld,0.01641378184193337
1783700344,cpu_utilisation,pod=workload-cloud-6f545f89ff-xvhld,0.015549121186280079
1783700354,cpu_utilisation,pod=workload-cloud-6f545f89ff-xvhld,0.022453301453792457
1783700364,cpu_utilisation,pod=workload-cloud-6f545f89ff-xvhld,0.02875702595470325
1783700374,cpu_utilisation,pod=workload-cloud-6f545f89ff-xvhld,0.02875702595470325
1783700384,cpu_utilisation,pod=workload-cloud-6f545f89ff-xvhld,0.03121163250442203
1783700394,cpu_utilisation,pod=workload-cloud-6f545f89ff-xvhld,0.03498162453183521
1783700404,cpu_utilisation,pod=workload-cloud-6f545f89ff-xvhld,0.03498162453183521
1783700414,cpu_utilisation,pod=workload-cloud-6f545f89ff-xvhld,0.033874547200279326
1783700424,cpu_utilisation,pod=workload-cloud-6f545f89ff-xvhld,0.03189814417046138
1783700434,cpu_utilisation,pod=workload-cloud-6f545f89ff-xvhld,0.03189814417046138
1783700444,cpu_utilisation,pod=workload-cloud-6f545f89ff-xvhld,0.029905942316746145
1783699804,cpu_utilisation,pod=workload-edge-7b875fd8c6-pxwvc,0.02804827915869444
1783699814,cpu_utilisation,pod=workload-edge-7b875fd8c6-pxwvc,0.02804827915869444
1783699824,cpu_utilisation,pod=workload-edge-7b875fd8c6-pxwvc,0.026786829032390984
1783699834,cpu_utilisation,pod=workload-edge-7b875fd8c6-pxwvc,0.027200431651510287
1783699844,cpu_utilisation,pod=workload-edge-7b875fd8c6-pxwvc,0.027200431651510287
1783699854,cpu_utilisation,pod=workload-edge-7b875fd8c6-pxwvc,0.026256451216511
1783699864,cpu_utilisation,pod=workload-edge-7b875fd8c6-pxwvc,0.026599440775778815
1783699874,cpu_utilisation,pod=workload-edge-7b875fd8c6-pxwvc,0.0274696745977088
1783699884,cpu_utilisation,pod=workload-edge-7b875fd8c6-pxwvc,0.027964671603732297
1783699894,cpu_utilisation,pod=workload-edge-7b875fd8c6-pxwvc,0.02891815495312695
1783699904,cpu_utilisation,pod=workload-edge-7b875fd8c6-pxwvc,0.028172343820805985
1783699914,cpu_utilisation,pod=workload-edge-7b875fd8c6-pxwvc,0.027095639461833156
1783699924,cpu_utilisation,pod=workload-edge-7b875fd8c6-pxwvc,0.02709563946183315
1783699934,cpu_utilisation,pod=workload-edge-7b875fd8c6-pxwvc,0.02676443063934449
1783699944,cpu_utilisation,pod=workload-edge-7b875fd8c6-pxwvc,0.026620146424377555
1783699954,cpu_utilisation,pod=workload-edge-7b875fd8c6-pxwvc,0.026458081244614674
1783699964,cpu_utilisation,pod=workload-edge-7b875fd8c6-pxwvc,0.02694550868050912
1783699974,cpu_utilisation,pod=workload-edge-7b875fd8c6-pxwvc,0.02220644456453658
1783699984,cpu_utilisation,pod=workload-edge-7b875fd8c6-pxwvc,0.027392445970494065
1783699994,cpu_utilisation,pod=workload-edge-7b875fd8c6-pxwvc,0.027927608394103243
1783700004,cpu_utilisation,pod=workload-edge-7b875fd8c6-pxwvc,0.027809427161667982
1783700014,cpu_utilisation,pod=workload-edge-7b875fd8c6-pxwvc,0.02790065103002629
1783700024,cpu_utilisation,pod=workload-edge-7b875fd8c6-pxwvc,0.02745333194283629
1783700034,cpu_utilisation,pod=workload-edge-7b875fd8c6-pxwvc,0.02768402379586924
1783700044,cpu_utilisation,pod=workload-edge-7b875fd8c6-pxwvc,0.0276958230958418
1783700054,cpu_utilisation,pod=workload-edge-7b875fd8c6-pxwvc,0.027833704859590063
1783700064,cpu_utilisation,pod=workload-edge-7b875fd8c6-pxwvc,0.028378170318146885
1783700074,cpu_utilisation,pod=workload-edge-7b875fd8c6-pxwvc,0.028378170318146885
1783700084,cpu_utilisation,pod=workload-edge-7b875fd8c6-pxwvc,0.028418728122710776
1783700094,cpu_utilisation,pod=workload-edge-7b875fd8c6-pxwvc,0.024950681745867183
1783700104,cpu_utilisation,pod=workload-edge-7b875fd8c6-pxwvc,0.02869574188706891
1783700114,cpu_utilisation,pod=workload-edge-7b875fd8c6-pxwvc,0.028486135398440415
1783700124,cpu_utilisation,pod=workload-edge-7b875fd8c6-pxwvc,0.027797606695759782
1783700134,cpu_utilisation,pod=workload-edge-7b875fd8c6-pxwvc,0.02348040672918582
1783700144,cpu_utilisation,pod=workload-edge-7b875fd8c6-pxwvc,0.02812152708373866
1783700154,cpu_utilisation,pod=workload-edge-7b875fd8c6-pxwvc,0.023273080972161703
1783700164,cpu_utilisation,pod=workload-edge-7b875fd8c6-pxwvc,0.029017347239679168
1783700174,cpu_utilisation,pod=workload-edge-7b875fd8c6-pxwvc,0.028457921777529434
1783700184,cpu_utilisation,pod=workload-edge-7b875fd8c6-pxwvc,0.027854716595022814
1783700194,cpu_utilisation,pod=workload-edge-7b875fd8c6-pxwvc,0.027854716595022814
1783700204,cpu_utilisation,pod=workload-edge-7b875fd8c6-pxwvc,0.027560215475441012
1783700214,cpu_utilisation,pod=workload-edge-7b875fd8c6-pxwvc,0.027560215475441012
1783700224,cpu_utilisation,pod=workload-edge-7b875fd8c6-pxwvc,0.02837946008684065
1783700234,cpu_utilisation,pod=workload-edge-7b875fd8c6-pxwvc,0.028288132333163123
1783700244,cpu_utilisation,pod=workload-edge-7b875fd8c6-pxwvc,0.023760592755887065
1783700254,cpu_utilisation,pod=workload-edge-7b875fd8c6-pxwvc,0.028382139373603715
1783700264,cpu_utilisation,pod=workload-edge-7b875fd8c6-pxwvc,0.023606717080948667
1783700274,cpu_utilisation,pod=workload-edge-7b875fd8c6-pxwvc,0.027798862812072583
1783700284,cpu_utilisation,pod=workload-edge-7b875fd8c6-pxwvc,0.027321075565985224
1783700294,cpu_utilisation,pod=workload-edge-7b875fd8c6-pxwvc,0.027321075565985224
1783700304,cpu_utilisation,pod=workload-edge-7b875fd8c6-pxwvc,0.027662526915619313
1783700314,cpu_utilisation,pod=workload-edge-7b875fd8c6-pxwvc,0.027584861797918515
1783700324,cpu_utilisation,pod=workload-edge-7b875fd8c6-pxwvc,0.023106188806063608
1783700334,cpu_utilisation,pod=workload-edge-7b875fd8c6-pxwvc,0.034185529550048055
1783700344,cpu_utilisation,pod=workload-edge-7b875fd8c6-pxwvc,0.04796607653980319
1783700354,cpu_utilisation,pod=workload-edge-7b875fd8c6-pxwvc,0.04796607653980319
1783700364,cpu_utilisation,pod=workload-edge-7b875fd8c6-pxwvc,0.0630100477606475
1783700374,cpu_utilisation,pod=workload-edge-7b875fd8c6-pxwvc,0.07344395009634748
1783700384,cpu_utilisation,pod=workload-edge-7b875fd8c6-pxwvc,0.07344395009634748
1783700394,cpu_utilisation,pod=workload-edge-7b875fd8c6-pxwvc,0.07207672688628637
1783700404,cpu_utilisation,pod=workload-edge-7b875fd8c6-pxwvc,0.07154164474001329
1783700414,cpu_utilisation,pod=workload-edge-7b875fd8c6-pxwvc,0.07108387769156047
1783700424,cpu_utilisation,pod=workload-edge-7b875fd8c6-pxwvc,0.06805944144233131
1783700434,cpu_utilisation,pod=workload-edge-7b875fd8c6-pxwvc,0.054768096848564735
1783700444,cpu_utilisation,pod=workload-edge-7b875fd8c6-pxwvc,0.06304405148058316
1783699924,mem_mib,pod=workload-cloud-6f545f89ff-46s5q,2.9921875
1783699934,mem_mib,pod=workload-cloud-6f545f89ff-46s5q,2.9921875
1783699944,mem_mib,pod=workload-cloud-6f545f89ff-46s5q,35.32421875
1783699954,mem_mib,pod=workload-cloud-6f545f89ff-46s5q,35.32421875
1783699964,mem_mib,pod=workload-cloud-6f545f89ff-46s5q,35.453125
1783699974,mem_mib,pod=workload-cloud-6f545f89ff-46s5q,35.453125
1783699984,mem_mib,pod=workload-cloud-6f545f89ff-46s5q,35.89453125
1783699994,mem_mib,pod=workload-cloud-6f545f89ff-46s5q,37.7265625
1783700004,mem_mib,pod=workload-cloud-6f545f89ff-46s5q,37.7265625
1783700014,mem_mib,pod=workload-cloud-6f545f89ff-46s5q,40.3515625
1783700024,mem_mib,pod=workload-cloud-6f545f89ff-46s5q,40.3515625
1783700034,mem_mib,pod=workload-cloud-6f545f89ff-46s5q,39.87890625
1783700044,mem_mib,pod=workload-cloud-6f545f89ff-46s5q,39.73828125
1783700054,mem_mib,pod=workload-cloud-6f545f89ff-46s5q,39.73828125
1783700064,mem_mib,pod=workload-cloud-6f545f89ff-46s5q,40.02734375
1783700074,mem_mib,pod=workload-cloud-6f545f89ff-46s5q,40.02734375
1783700084,mem_mib,pod=workload-cloud-6f545f89ff-46s5q,40.21875
1783700094,mem_mib,pod=workload-cloud-6f545f89ff-46s5q,40.046875
1783700104,mem_mib,pod=workload-cloud-6f545f89ff-46s5q,40.0078125
1783700114,mem_mib,pod=workload-cloud-6f545f89ff-46s5q,40.3515625
1783700124,mem_mib,pod=workload-cloud-6f545f89ff-46s5q,40.0546875
1783700134,mem_mib,pod=workload-cloud-6f545f89ff-46s5q,40.0546875
1783700144,mem_mib,pod=workload-cloud-6f545f89ff-46s5q,40.05078125
1783700154,mem_mib,pod=workload-cloud-6f545f89ff-46s5q,39.8828125
1783700164,mem_mib,pod=workload-cloud-6f545f89ff-46s5q,39.8828125
1783700174,mem_mib,pod=workload-cloud-6f545f89ff-46s5q,39.375
1783700184,mem_mib,pod=workload-cloud-6f545f89ff-46s5q,38.4921875
1783700194,mem_mib,pod=workload-cloud-6f545f89ff-46s5q,38.4921875
1783700204,mem_mib,pod=workload-cloud-6f545f89ff-46s5q,39.01171875
1783700214,mem_mib,pod=workload-cloud-6f545f89ff-46s5q,38.70703125
1783700224,mem_mib,pod=workload-cloud-6f545f89ff-46s5q,38.46875
1783700234,mem_mib,pod=workload-cloud-6f545f89ff-46s5q,38.46875
1783700244,mem_mib,pod=workload-cloud-6f545f89ff-46s5q,38.50390625
1783700254,mem_mib,pod=workload-cloud-6f545f89ff-46s5q,38.50390625
1783700264,mem_mib,pod=workload-cloud-6f545f89ff-46s5q,38.50390625
1783700274,mem_mib,pod=workload-cloud-6f545f89ff-46s5q,39.0390625
1783700284,mem_mib,pod=workload-cloud-6f545f89ff-46s5q,38.546875
1783700294,mem_mib,pod=workload-cloud-6f545f89ff-46s5q,38.546875
1783700304,mem_mib,pod=workload-cloud-6f545f89ff-46s5q,38.734375
1783700314,mem_mib,pod=workload-cloud-6f545f89ff-46s5q,38.734375
1783700324,mem_mib,pod=workload-cloud-6f545f89ff-46s5q,38.796875
1783700334,mem_mib,pod=workload-cloud-6f545f89ff-46s5q,38.80859375
1783700344,mem_mib,pod=workload-cloud-6f545f89ff-46s5q,39.3046875
1783700354,mem_mib,pod=workload-cloud-6f545f89ff-46s5q,39.3046875
1783700364,mem_mib,pod=workload-cloud-6f545f89ff-46s5q,38.55078125
1783700374,mem_mib,pod=workload-cloud-6f545f89ff-46s5q,38.55078125
1783700034,mem_mib,pod=workload-cloud-6f545f89ff-gjm8r,3.08203125
1783700044,mem_mib,pod=workload-cloud-6f545f89ff-gjm8r,3.08203125
1783700054,mem_mib,pod=workload-cloud-6f545f89ff-gjm8r,35.14453125
1783700064,mem_mib,pod=workload-cloud-6f545f89ff-gjm8r,35.14453125
1783700074,mem_mib,pod=workload-cloud-6f545f89ff-gjm8r,35.15625
1783700084,mem_mib,pod=workload-cloud-6f545f89ff-gjm8r,35.16796875
1783700094,mem_mib,pod=workload-cloud-6f545f89ff-gjm8r,35.171875
1783700104,mem_mib,pod=workload-cloud-6f545f89ff-gjm8r,35.171875
1783700114,mem_mib,pod=workload-cloud-6f545f89ff-gjm8r,35.19921875
1783700124,mem_mib,pod=workload-cloud-6f545f89ff-gjm8r,35.19921875
1783700134,mem_mib,pod=workload-cloud-6f545f89ff-gjm8r,35.19921875
1783700144,mem_mib,pod=workload-cloud-6f545f89ff-gjm8r,35.19921875
1783700154,mem_mib,pod=workload-cloud-6f545f89ff-gjm8r,35.20703125
1783700164,mem_mib,pod=workload-cloud-6f545f89ff-gjm8r,35.21875
1783700174,mem_mib,pod=workload-cloud-6f545f89ff-gjm8r,35.21875
1783700184,mem_mib,pod=workload-cloud-6f545f89ff-gjm8r,35.21875
1783700194,mem_mib,pod=workload-cloud-6f545f89ff-gjm8r,35.21875
1783700204,mem_mib,pod=workload-cloud-6f545f89ff-gjm8r,35.22265625
1783700214,mem_mib,pod=workload-cloud-6f545f89ff-gjm8r,35.22265625
1783700224,mem_mib,pod=workload-cloud-6f545f89ff-gjm8r,35.22265625
1783700234,mem_mib,pod=workload-cloud-6f545f89ff-gjm8r,35.22265625
1783700244,mem_mib,pod=workload-cloud-6f545f89ff-gjm8r,35.22265625
1783700254,mem_mib,pod=workload-cloud-6f545f89ff-gjm8r,35.2265625
1783700264,mem_mib,pod=workload-cloud-6f545f89ff-gjm8r,35.23828125
1783700274,mem_mib,pod=workload-cloud-6f545f89ff-gjm8r,35.23828125
1783700284,mem_mib,pod=workload-cloud-6f545f89ff-gjm8r,35.23828125
1783700294,mem_mib,pod=workload-cloud-6f545f89ff-gjm8r,35.23828125
1783700304,mem_mib,pod=workload-cloud-6f545f89ff-gjm8r,35.23828125
1783700314,mem_mib,pod=workload-cloud-6f545f89ff-gjm8r,35.25
1783700324,mem_mib,pod=workload-cloud-6f545f89ff-gjm8r,35.25
1783700334,mem_mib,pod=workload-cloud-6f545f89ff-gjm8r,35.25
1783700344,mem_mib,pod=workload-cloud-6f545f89ff-gjm8r,35.25
1783700354,mem_mib,pod=workload-cloud-6f545f89ff-gjm8r,35.25
1783700364,mem_mib,pod=workload-cloud-6f545f89ff-gjm8r,35.2578125
1783700374,mem_mib,pod=workload-cloud-6f545f89ff-gjm8r,35.2578125
1783700384,mem_mib,pod=workload-cloud-6f545f89ff-gjm8r,35.2578125
1783700394,mem_mib,pod=workload-cloud-6f545f89ff-gjm8r,35.2578125
1783700404,mem_mib,pod=workload-cloud-6f545f89ff-gjm8r,35.2578125
1783700414,mem_mib,pod=workload-cloud-6f545f89ff-gjm8r,35.2578125
1783700424,mem_mib,pod=workload-cloud-6f545f89ff-gjm8r,35.25390625
1783700434,mem_mib,pod=workload-cloud-6f545f89ff-gjm8r,35.2578125
1783700444,mem_mib,pod=workload-cloud-6f545f89ff-gjm8r,35.2578125
1783700004,mem_mib,pod=workload-cloud-6f545f89ff-mn4bl,3.09375
1783700014,mem_mib,pod=workload-cloud-6f545f89ff-mn4bl,36.30078125
1783700024,mem_mib,pod=workload-cloud-6f545f89ff-mn4bl,36.30078125
1783700034,mem_mib,pod=workload-cloud-6f545f89ff-mn4bl,36.68359375
1783700044,mem_mib,pod=workload-cloud-6f545f89ff-mn4bl,36.75390625
1783700054,mem_mib,pod=workload-cloud-6f545f89ff-mn4bl,36.75390625
1783700064,mem_mib,pod=workload-cloud-6f545f89ff-mn4bl,36.7890625
1783700074,mem_mib,pod=workload-cloud-6f545f89ff-mn4bl,36.8125
1783700084,mem_mib,pod=workload-cloud-6f545f89ff-mn4bl,37.6015625
1783700094,mem_mib,pod=workload-cloud-6f545f89ff-mn4bl,37.6015625
1783700104,mem_mib,pod=workload-cloud-6f545f89ff-mn4bl,37.3671875
1783700114,mem_mib,pod=workload-cloud-6f545f89ff-mn4bl,37.3671875
1783700124,mem_mib,pod=workload-cloud-6f545f89ff-mn4bl,36.8828125
1783700134,mem_mib,pod=workload-cloud-6f545f89ff-mn4bl,37.38671875
1783700144,mem_mib,pod=workload-cloud-6f545f89ff-mn4bl,37.140625
1783700154,mem_mib,pod=workload-cloud-6f545f89ff-mn4bl,37.140625
1783700164,mem_mib,pod=workload-cloud-6f545f89ff-mn4bl,36.4609375
1783700174,mem_mib,pod=workload-cloud-6f545f89ff-mn4bl,36.4609375
1783700184,mem_mib,pod=workload-cloud-6f545f89ff-mn4bl,36.47265625
1783700194,mem_mib,pod=workload-cloud-6f545f89ff-mn4bl,36.46875
1783700204,mem_mib,pod=workload-cloud-6f545f89ff-mn4bl,36.46875
1783700214,mem_mib,pod=workload-cloud-6f545f89ff-mn4bl,36.46875
1783700224,mem_mib,pod=workload-cloud-6f545f89ff-mn4bl,36.47265625
1783700234,mem_mib,pod=workload-cloud-6f545f89ff-mn4bl,36.47265625
1783700244,mem_mib,pod=workload-cloud-6f545f89ff-mn4bl,36.46875
1783700254,mem_mib,pod=workload-cloud-6f545f89ff-mn4bl,36.46875
1783700264,mem_mib,pod=workload-cloud-6f545f89ff-mn4bl,36.46875
1783700274,mem_mib,pod=workload-cloud-6f545f89ff-mn4bl,36.46875
1783700284,mem_mib,pod=workload-cloud-6f545f89ff-mn4bl,36.47265625
1783700294,mem_mib,pod=workload-cloud-6f545f89ff-mn4bl,36.47265625
1783700304,mem_mib,pod=workload-cloud-6f545f89ff-mn4bl,36.46875
1783700314,mem_mib,pod=workload-cloud-6f545f89ff-mn4bl,36.46875
1783700324,mem_mib,pod=workload-cloud-6f545f89ff-mn4bl,36.46875
1783700334,mem_mib,pod=workload-cloud-6f545f89ff-mn4bl,36.46875
1783700344,mem_mib,pod=workload-cloud-6f545f89ff-mn4bl,36.46875
1783700354,mem_mib,pod=workload-cloud-6f545f89ff-mn4bl,36.46875
1783700364,mem_mib,pod=workload-cloud-6f545f89ff-mn4bl,36.47265625
1783700374,mem_mib,pod=workload-cloud-6f545f89ff-mn4bl,36.47265625
1783700384,mem_mib,pod=workload-cloud-6f545f89ff-mn4bl,36.47265625
1783700394,mem_mib,pod=workload-cloud-6f545f89ff-mn4bl,36.46875
1783700404,mem_mib,pod=workload-cloud-6f545f89ff-mn4bl,36.46875
1783700414,mem_mib,pod=workload-cloud-6f545f89ff-mn4bl,36.47265625
1783700424,mem_mib,pod=workload-cloud-6f545f89ff-mn4bl,36.47265625
1783700434,mem_mib,pod=workload-cloud-6f545f89ff-mn4bl,36.47265625
1783700444,mem_mib,pod=workload-cloud-6f545f89ff-mn4bl,36.47265625
1783699804,mem_mib,pod=workload-cloud-6f545f89ff-r28zz,40.2109375
1783699814,mem_mib,pod=workload-cloud-6f545f89ff-r28zz,40.45703125
1783699824,mem_mib,pod=workload-cloud-6f545f89ff-r28zz,40.45703125
1783699834,mem_mib,pod=workload-cloud-6f545f89ff-r28zz,40.24609375
1783699844,mem_mib,pod=workload-cloud-6f545f89ff-r28zz,40.24609375
1783699854,mem_mib,pod=workload-cloud-6f545f89ff-r28zz,41.015625
1783699864,mem_mib,pod=workload-cloud-6f545f89ff-r28zz,40.34375
1783699874,mem_mib,pod=workload-cloud-6f545f89ff-r28zz,40.4296875
1783699884,mem_mib,pod=workload-cloud-6f545f89ff-r28zz,40.4296875
1783699894,mem_mib,pod=workload-cloud-6f545f89ff-r28zz,40.69140625
1783699904,mem_mib,pod=workload-cloud-6f545f89ff-r28zz,41.125
1783699914,mem_mib,pod=workload-cloud-6f545f89ff-r28zz,40.94140625
1783699924,mem_mib,pod=workload-cloud-6f545f89ff-r28zz,40.94140625
1783699934,mem_mib,pod=workload-cloud-6f545f89ff-r28zz,41.234375
1783699944,mem_mib,pod=workload-cloud-6f545f89ff-r28zz,41.234375
1783699954,mem_mib,pod=workload-cloud-6f545f89ff-r28zz,41.28515625
1783699964,mem_mib,pod=workload-cloud-6f545f89ff-r28zz,41.28515625
1783699974,mem_mib,pod=workload-cloud-6f545f89ff-r28zz,41.2421875
1783699984,mem_mib,pod=workload-cloud-6f545f89ff-r28zz,41.08984375
1783699994,mem_mib,pod=workload-cloud-6f545f89ff-r28zz,41.08984375
1783700004,mem_mib,pod=workload-cloud-6f545f89ff-r28zz,41.46875
1783700014,mem_mib,pod=workload-cloud-6f545f89ff-r28zz,42.0390625
1783700024,mem_mib,pod=workload-cloud-6f545f89ff-r28zz,42.0390625
1783700034,mem_mib,pod=workload-cloud-6f545f89ff-r28zz,42.14453125
1783700044,mem_mib,pod=workload-cloud-6f545f89ff-r28zz,42.14453125
1783700054,mem_mib,pod=workload-cloud-6f545f89ff-r28zz,42.15234375
1783700064,mem_mib,pod=workload-cloud-6f545f89ff-r28zz,42.15234375
1783700074,mem_mib,pod=workload-cloud-6f545f89ff-r28zz,42.36328125
1783700084,mem_mib,pod=workload-cloud-6f545f89ff-r28zz,42.453125
1783700094,mem_mib,pod=workload-cloud-6f545f89ff-r28zz,42.453125
1783700104,mem_mib,pod=workload-cloud-6f545f89ff-r28zz,42.58203125
1783700114,mem_mib,pod=workload-cloud-6f545f89ff-r28zz,42.58203125
1783700124,mem_mib,pod=workload-cloud-6f545f89ff-r28zz,42.92578125
1783700134,mem_mib,pod=workload-cloud-6f545f89ff-r28zz,42.5625
1783700144,mem_mib,pod=workload-cloud-6f545f89ff-r28zz,42.3984375
1783700154,mem_mib,pod=workload-cloud-6f545f89ff-r28zz,42.3984375
1783700164,mem_mib,pod=workload-cloud-6f545f89ff-r28zz,42.51953125
1783700174,mem_mib,pod=workload-cloud-6f545f89ff-r28zz,42.35546875
1783700184,mem_mib,pod=workload-cloud-6f545f89ff-r28zz,42.35546875
1783700194,mem_mib,pod=workload-cloud-6f545f89ff-r28zz,41.76171875
1783700204,mem_mib,pod=workload-cloud-6f545f89ff-r28zz,41.1875
1783700214,mem_mib,pod=workload-cloud-6f545f89ff-r28zz,41.1875
1783700224,mem_mib,pod=workload-cloud-6f545f89ff-r28zz,41.4296875
1783700234,mem_mib,pod=workload-cloud-6f545f89ff-r28zz,41.1953125
1783700244,mem_mib,pod=workload-cloud-6f545f89ff-r28zz,41.1953125
1783700254,mem_mib,pod=workload-cloud-6f545f89ff-r28zz,42.70703125
1783700264,mem_mib,pod=workload-cloud-6f545f89ff-r28zz,41.1953125
1783700274,mem_mib,pod=workload-cloud-6f545f89ff-r28zz,42.7109375
1783700284,mem_mib,pod=workload-cloud-6f545f89ff-r28zz,42.7109375
1783700294,mem_mib,pod=workload-cloud-6f545f89ff-r28zz,41.6796875
1783700304,mem_mib,pod=workload-cloud-6f545f89ff-r28zz,41.46875
1783700314,mem_mib,pod=workload-cloud-6f545f89ff-r28zz,41.46875
1783700324,mem_mib,pod=workload-cloud-6f545f89ff-r28zz,41.73828125
1783700334,mem_mib,pod=workload-cloud-6f545f89ff-r28zz,41.4609375
1783700344,mem_mib,pod=workload-cloud-6f545f89ff-r28zz,41.4609375
1783700354,mem_mib,pod=workload-cloud-6f545f89ff-r28zz,41.234375
1783700364,mem_mib,pod=workload-cloud-6f545f89ff-r28zz,41.19140625
1783700374,mem_mib,pod=workload-cloud-6f545f89ff-r28zz,41.0
1783700384,mem_mib,pod=workload-cloud-6f545f89ff-r28zz,41.0
1783700394,mem_mib,pod=workload-cloud-6f545f89ff-r28zz,40.56640625
1783700404,mem_mib,pod=workload-cloud-6f545f89ff-r28zz,40.5390625
1783700414,mem_mib,pod=workload-cloud-6f545f89ff-r28zz,40.54296875
1783700424,mem_mib,pod=workload-cloud-6f545f89ff-r28zz,40.54296875
1783700434,mem_mib,pod=workload-cloud-6f545f89ff-r28zz,40.54296875
1783700444,mem_mib,pod=workload-cloud-6f545f89ff-r28zz,40.54296875
1783700094,mem_mib,pod=workload-cloud-6f545f89ff-tw9qv,3.37109375
1783700104,mem_mib,pod=workload-cloud-6f545f89ff-tw9qv,35.1484375
1783700114,mem_mib,pod=workload-cloud-6f545f89ff-tw9qv,35.1484375
1783700124,mem_mib,pod=workload-cloud-6f545f89ff-tw9qv,35.1640625
1783700134,mem_mib,pod=workload-cloud-6f545f89ff-tw9qv,35.1640625
1783700144,mem_mib,pod=workload-cloud-6f545f89ff-tw9qv,35.17578125
1783700154,mem_mib,pod=workload-cloud-6f545f89ff-tw9qv,35.17578125
1783700164,mem_mib,pod=workload-cloud-6f545f89ff-tw9qv,35.17578125
1783700174,mem_mib,pod=workload-cloud-6f545f89ff-tw9qv,35.19921875
1783700184,mem_mib,pod=workload-cloud-6f545f89ff-tw9qv,35.19921875
1783700194,mem_mib,pod=workload-cloud-6f545f89ff-tw9qv,35.20703125
1783700204,mem_mib,pod=workload-cloud-6f545f89ff-tw9qv,35.20703125
1783700214,mem_mib,pod=workload-cloud-6f545f89ff-tw9qv,35.2109375
1783700224,mem_mib,pod=workload-cloud-6f545f89ff-tw9qv,35.2109375
1783700234,mem_mib,pod=workload-cloud-6f545f89ff-tw9qv,35.21875
1783700244,mem_mib,pod=workload-cloud-6f545f89ff-tw9qv,35.21875
1783700254,mem_mib,pod=workload-cloud-6f545f89ff-tw9qv,35.21875
1783700264,mem_mib,pod=workload-cloud-6f545f89ff-tw9qv,35.21875
1783700274,mem_mib,pod=workload-cloud-6f545f89ff-tw9qv,35.22265625
1783700284,mem_mib,pod=workload-cloud-6f545f89ff-tw9qv,35.22265625
1783700294,mem_mib,pod=workload-cloud-6f545f89ff-tw9qv,35.2265625
1783700304,mem_mib,pod=workload-cloud-6f545f89ff-tw9qv,35.2265625
1783700314,mem_mib,pod=workload-cloud-6f545f89ff-tw9qv,35.2265625
1783700324,mem_mib,pod=workload-cloud-6f545f89ff-tw9qv,35.23046875
1783700334,mem_mib,pod=workload-cloud-6f545f89ff-tw9qv,35.23828125
1783700344,mem_mib,pod=workload-cloud-6f545f89ff-tw9qv,35.23828125
1783700354,mem_mib,pod=workload-cloud-6f545f89ff-tw9qv,35.23828125
1783700364,mem_mib,pod=workload-cloud-6f545f89ff-tw9qv,35.2421875
1783700374,mem_mib,pod=workload-cloud-6f545f89ff-tw9qv,35.2421875
1783700384,mem_mib,pod=workload-cloud-6f545f89ff-tw9qv,35.25
1783700394,mem_mib,pod=workload-cloud-6f545f89ff-tw9qv,35.25
1783700404,mem_mib,pod=workload-cloud-6f545f89ff-tw9qv,35.25
1783700414,mem_mib,pod=workload-cloud-6f545f89ff-tw9qv,35.25
1783700424,mem_mib,pod=workload-cloud-6f545f89ff-tw9qv,35.25390625
1783700434,mem_mib,pod=workload-cloud-6f545f89ff-tw9qv,35.25390625
1783700064,mem_mib,pod=workload-cloud-6f545f89ff-xvhld,2.671875
1783700074,mem_mib,pod=workload-cloud-6f545f89ff-xvhld,2.671875
1783700084,mem_mib,pod=workload-cloud-6f545f89ff-xvhld,35.1328125
1783700094,mem_mib,pod=workload-cloud-6f545f89ff-xvhld,35.1640625
1783700104,mem_mib,pod=workload-cloud-6f545f89ff-xvhld,35.1640625
1783700114,mem_mib,pod=workload-cloud-6f545f89ff-xvhld,35.171875
1783700124,mem_mib,pod=workload-cloud-6f545f89ff-xvhld,35.171875
1783700134,mem_mib,pod=workload-cloud-6f545f89ff-xvhld,35.171875
1783700144,mem_mib,pod=workload-cloud-6f545f89ff-xvhld,35.1953125
1783700154,mem_mib,pod=workload-cloud-6f545f89ff-xvhld,35.1953125
1783700164,mem_mib,pod=workload-cloud-6f545f89ff-xvhld,35.19140625
1783700174,mem_mib,pod=workload-cloud-6f545f89ff-xvhld,35.19140625
1783700184,mem_mib,pod=workload-cloud-6f545f89ff-xvhld,35.19140625
1783700194,mem_mib,pod=workload-cloud-6f545f89ff-xvhld,35.19140625
1783700204,mem_mib,pod=workload-cloud-6f545f89ff-xvhld,35.20703125
1783700214,mem_mib,pod=workload-cloud-6f545f89ff-xvhld,35.2109375
1783700224,mem_mib,pod=workload-cloud-6f545f89ff-xvhld,35.2109375
1783700234,mem_mib,pod=workload-cloud-6f545f89ff-xvhld,35.2109375
1783700244,mem_mib,pod=workload-cloud-6f545f89ff-xvhld,35.21484375
1783700254,mem_mib,pod=workload-cloud-6f545f89ff-xvhld,35.22265625
1783700264,mem_mib,pod=workload-cloud-6f545f89ff-xvhld,35.22265625
1783700274,mem_mib,pod=workload-cloud-6f545f89ff-xvhld,35.21875
1783700284,mem_mib,pod=workload-cloud-6f545f89ff-xvhld,35.2265625
1783700294,mem_mib,pod=workload-cloud-6f545f89ff-xvhld,35.2265625
1783700304,mem_mib,pod=workload-cloud-6f545f89ff-xvhld,35.23828125
1783700314,mem_mib,pod=workload-cloud-6f545f89ff-xvhld,35.23828125
1783700324,mem_mib,pod=workload-cloud-6f545f89ff-xvhld,35.234375
1783700334,mem_mib,pod=workload-cloud-6f545f89ff-xvhld,35.2421875
1783700344,mem_mib,pod=workload-cloud-6f545f89ff-xvhld,35.2421875
1783700354,mem_mib,pod=workload-cloud-6f545f89ff-xvhld,35.25
1783700364,mem_mib,pod=workload-cloud-6f545f89ff-xvhld,35.25
1783700374,mem_mib,pod=workload-cloud-6f545f89ff-xvhld,35.25
1783700384,mem_mib,pod=workload-cloud-6f545f89ff-xvhld,35.25
1783700394,mem_mib,pod=workload-cloud-6f545f89ff-xvhld,35.2578125
1783700404,mem_mib,pod=workload-cloud-6f545f89ff-xvhld,35.2578125
1783700414,mem_mib,pod=workload-cloud-6f545f89ff-xvhld,35.2578125
1783700424,mem_mib,pod=workload-cloud-6f545f89ff-xvhld,35.2578125
1783700434,mem_mib,pod=workload-cloud-6f545f89ff-xvhld,35.2578125
1783700444,mem_mib,pod=workload-cloud-6f545f89ff-xvhld,35.2578125
1783699804,mem_mib,pod=workload-edge-7b875fd8c6-pxwvc,39.26171875
1783699814,mem_mib,pod=workload-edge-7b875fd8c6-pxwvc,39.26171875
1783699824,mem_mib,pod=workload-edge-7b875fd8c6-pxwvc,39.26171875
1783699834,mem_mib,pod=workload-edge-7b875fd8c6-pxwvc,39.26171875
1783699844,mem_mib,pod=workload-edge-7b875fd8c6-pxwvc,39.26171875
1783699854,mem_mib,pod=workload-edge-7b875fd8c6-pxwvc,39.26171875
1783699864,mem_mib,pod=workload-edge-7b875fd8c6-pxwvc,39.26171875
1783699874,mem_mib,pod=workload-edge-7b875fd8c6-pxwvc,39.26171875
1783699884,mem_mib,pod=workload-edge-7b875fd8c6-pxwvc,39.26171875
1783699894,mem_mib,pod=workload-edge-7b875fd8c6-pxwvc,39.26171875
1783699904,mem_mib,pod=workload-edge-7b875fd8c6-pxwvc,39.265625
1783699914,mem_mib,pod=workload-edge-7b875fd8c6-pxwvc,39.26171875
1783699924,mem_mib,pod=workload-edge-7b875fd8c6-pxwvc,39.26171875
1783699934,mem_mib,pod=workload-edge-7b875fd8c6-pxwvc,39.26171875
1783699944,mem_mib,pod=workload-edge-7b875fd8c6-pxwvc,39.26171875
1783699954,mem_mib,pod=workload-edge-7b875fd8c6-pxwvc,39.26171875
1783699964,mem_mib,pod=workload-edge-7b875fd8c6-pxwvc,39.26171875
1783699974,mem_mib,pod=workload-edge-7b875fd8c6-pxwvc,39.26171875
1783699984,mem_mib,pod=workload-edge-7b875fd8c6-pxwvc,39.26171875
1783699994,mem_mib,pod=workload-edge-7b875fd8c6-pxwvc,39.26171875
1783700004,mem_mib,pod=workload-edge-7b875fd8c6-pxwvc,39.26171875
1783700014,mem_mib,pod=workload-edge-7b875fd8c6-pxwvc,39.26171875
1783700024,mem_mib,pod=workload-edge-7b875fd8c6-pxwvc,39.26171875
1783700034,mem_mib,pod=workload-edge-7b875fd8c6-pxwvc,39.26171875
1783700044,mem_mib,pod=workload-edge-7b875fd8c6-pxwvc,39.26171875
1783700054,mem_mib,pod=workload-edge-7b875fd8c6-pxwvc,39.26171875
1783700064,mem_mib,pod=workload-edge-7b875fd8c6-pxwvc,39.26171875
1783700074,mem_mib,pod=workload-edge-7b875fd8c6-pxwvc,39.26171875
1783700084,mem_mib,pod=workload-edge-7b875fd8c6-pxwvc,39.26171875
1783700094,mem_mib,pod=workload-edge-7b875fd8c6-pxwvc,39.265625
1783700104,mem_mib,pod=workload-edge-7b875fd8c6-pxwvc,39.26171875
1783700114,mem_mib,pod=workload-edge-7b875fd8c6-pxwvc,39.26171875
1783700124,mem_mib,pod=workload-edge-7b875fd8c6-pxwvc,39.26171875
1783700134,mem_mib,pod=workload-edge-7b875fd8c6-pxwvc,39.26171875
1783700144,mem_mib,pod=workload-edge-7b875fd8c6-pxwvc,39.26171875
1783700154,mem_mib,pod=workload-edge-7b875fd8c6-pxwvc,39.26171875
1783700164,mem_mib,pod=workload-edge-7b875fd8c6-pxwvc,39.26171875
1783700174,mem_mib,pod=workload-edge-7b875fd8c6-pxwvc,39.26171875
1783700184,mem_mib,pod=workload-edge-7b875fd8c6-pxwvc,39.26171875
1783700194,mem_mib,pod=workload-edge-7b875fd8c6-pxwvc,39.26171875
1783700204,mem_mib,pod=workload-edge-7b875fd8c6-pxwvc,39.26171875
1783700214,mem_mib,pod=workload-edge-7b875fd8c6-pxwvc,39.26171875
1783700224,mem_mib,pod=workload-edge-7b875fd8c6-pxwvc,39.26171875
1783700234,mem_mib,pod=workload-edge-7b875fd8c6-pxwvc,39.26171875
1783700244,mem_mib,pod=workload-edge-7b875fd8c6-pxwvc,39.26171875
1783700254,mem_mib,pod=workload-edge-7b875fd8c6-pxwvc,39.26171875
1783700264,mem_mib,pod=workload-edge-7b875fd8c6-pxwvc,39.26171875
1783700274,mem_mib,pod=workload-edge-7b875fd8c6-pxwvc,39.26171875
1783700284,mem_mib,pod=workload-edge-7b875fd8c6-pxwvc,39.26171875
1783700294,mem_mib,pod=workload-edge-7b875fd8c6-pxwvc,39.26171875
1783700304,mem_mib,pod=workload-edge-7b875fd8c6-pxwvc,39.26171875
1783700314,mem_mib,pod=workload-edge-7b875fd8c6-pxwvc,39.26171875
1783700324,mem_mib,pod=workload-edge-7b875fd8c6-pxwvc,39.26171875
1783700334,mem_mib,pod=workload-edge-7b875fd8c6-pxwvc,39.26171875
1783700344,mem_mib,pod=workload-edge-7b875fd8c6-pxwvc,39.26171875
1783700354,mem_mib,pod=workload-edge-7b875fd8c6-pxwvc,39.26171875
1783700364,mem_mib,pod=workload-edge-7b875fd8c6-pxwvc,39.26171875
1783700374,mem_mib,pod=workload-edge-7b875fd8c6-pxwvc,39.26171875
1783700384,mem_mib,pod=workload-edge-7b875fd8c6-pxwvc,39.26171875
1783700394,mem_mib,pod=workload-edge-7b875fd8c6-pxwvc,39.26171875
1783700404,mem_mib,pod=workload-edge-7b875fd8c6-pxwvc,39.26171875
1783700414,mem_mib,pod=workload-edge-7b875fd8c6-pxwvc,39.26171875
1783700424,mem_mib,pod=workload-edge-7b875fd8c6-pxwvc,39.26171875
1783700434,mem_mib,pod=workload-edge-7b875fd8c6-pxwvc,39.26171875
1783700444,mem_mib,pod=workload-edge-7b875fd8c6-pxwvc,39.26171875
1783699804,rps,tier=cloud,0.0
1783699814,rps,tier=cloud,1.2800512020480819
1783699824,rps,tier=cloud,6.460646064606461
1783699834,rps,tier=cloud,15.7416553799561
1783699844,rps,tier=cloud,28.941500080548458
1783699854,rps,tier=cloud,45.84458445844585
1783699864,rps,tier=cloud,64.96591014409866
1783699874,rps,tier=cloud,83.62257048733119
1783699884,rps,tier=cloud,101.98911762525961
1783699894,rps,tier=cloud,120.18961516921354
1783699904,rps,tier=cloud,137.92551702068084
1783699914,rps,tier=cloud,155.39553955395542
1783699924,rps,tier=cloud,172.5172517251725
1783699934,rps,tier=cloud,188.10752430097205
1783699944,rps,tier=cloud,203.38062306230626
1783699954,rps,tier=cloud,219.27443234600975
1783699964,rps,tier=cloud,235.59209840521558
1783699974,rps,tier=cloud,251.51185104621575
1783699984,rps,tier=cloud,267.6632012856692
1783699994,rps,tier=cloud,292.08920901920783
1783700004,rps,tier=cloud,362.0485611345157
1783700014,rps,tier=cloud,490.305909945361
1783700024,rps,tier=cloud,662.7141229799281
1783700034,rps,tier=cloud,834.6810022425868
1783700044,rps,tier=cloud,988.2216328879688
1783700054,rps,tier=cloud,1087.7126201519131
1783700064,rps,tier=cloud,1151.3660257189013
1783700074,rps,tier=cloud,1167.8274272742035
1783700084,rps,tier=cloud,1157.802679152755
1783700094,rps,tier=cloud,1161.6369457571407
1783700104,rps,tier=cloud,1174.824231605985
1783700114,rps,tier=cloud,1181.2050551110751
1783700124,rps,tier=cloud,1180.8914581832626
1783700134,rps,tier=cloud,1189.5676243367245
1783700144,rps,tier=cloud,1176.8889594808268
1783700154,rps,tier=cloud,1124.0886095370827
1783700164,rps,tier=cloud,1028.8437635295068
1783700174,rps,tier=cloud,879.3848617534899
1783700184,rps,tier=cloud,708.2766621329706
1783700194,rps,tier=cloud,554.3921797572189
1783700204,rps,tier=cloud,437.79900484976736
1783700214,rps,tier=cloud,362.8274685472931
1783700224,rps,tier=cloud,340.1696706193541
1783700234,rps,tier=cloud,340.7170448867678
1783700244,rps,tier=cloud,340.2887628923568
1783700254,rps,tier=cloud,337.23278800397844
1783700264,rps,tier=cloud,333.8357472109401
1783700274,rps,tier=cloud,334.28672663319395
1783700284,rps,tier=cloud,333.58576970297236
1783700294,rps,tier=cloud,333.5142678263484
1783700304,rps,tier=cloud,333.8257792067252
1783700314,rps,tier=cloud,334.7101191437649
1783700324,rps,tier=cloud,332.62374584414994
1783700334,rps,tier=cloud,313.27328293069775
1783700344,rps,tier=cloud,288.0647896275416
1783700354,rps,tier=cloud,263.4233477371739
1783700364,rps,tier=cloud,227.77966949408994
1783700374,rps,tier=cloud,180.39313464191812
1783700384,rps,tier=cloud,140.40250537163973
1783700394,rps,tier=cloud,99.24469797740424
1783700404,rps,tier=cloud,56.79804087927495
1783700414,rps,tier=cloud,24.001602509143588
1783700424,rps,tier=cloud,6.520746486698174
1783700434,rps,tier=cloud,0.060006000600060005
1783700444,rps,tier=cloud,0.0
1783699804,rps,tier=edge,0.0
1783699814,rps,tier=edge,0.0
1783699824,rps,tier=edge,0.0
1783699834,rps,tier=edge,0.0
1783699844,rps,tier=edge,0.0
1783699854,rps,tier=edge,0.0
1783699864,rps,tier=edge,0.0
1783699874,rps,tier=edge,0.0
1783699884,rps,tier=edge,0.0
1783699894,rps,tier=edge,0.0
1783699904,rps,tier=edge,0.0
1783699914,rps,tier=edge,0.0
1783699924,rps,tier=edge,0.0
1783699934,rps,tier=edge,0.0
1783699944,rps,tier=edge,0.0
1783699954,rps,tier=edge,0.0
1783699964,rps,tier=edge,0.0
1783699974,rps,tier=edge,0.0
1783699984,rps,tier=edge,0.0
1783699994,rps,tier=edge,0.0
1783700004,rps,tier=edge,0.0
1783700014,rps,tier=edge,0.0
1783700024,rps,tier=edge,0.0
1783700034,rps,tier=edge,0.0
1783700044,rps,tier=edge,0.0
1783700054,rps,tier=edge,0.0
1783700064,rps,tier=edge,0.0
1783700074,rps,tier=edge,0.0
1783700084,rps,tier=edge,0.0
1783700094,rps,tier=edge,0.0
1783700104,rps,tier=edge,0.0
1783700114,rps,tier=edge,0.0
1783700124,rps,tier=edge,0.0
1783700134,rps,tier=edge,0.0
1783700144,rps,tier=edge,0.0
1783700154,rps,tier=edge,0.0
1783700164,rps,tier=edge,0.0
1783700174,rps,tier=edge,0.0
1783700184,rps,tier=edge,0.0
1783700194,rps,tier=edge,0.0
1783700204,rps,tier=edge,0.0
1783700214,rps,tier=edge,0.0
1783700224,rps,tier=edge,0.0
1783700234,rps,tier=edge,0.0
1783700244,rps,tier=edge,0.0
1783700254,rps,tier=edge,0.0
1783700264,rps,tier=edge,0.0
1783700274,rps,tier=edge,0.0
1783700284,rps,tier=edge,0.0
1783700294,rps,tier=edge,0.0
1783700304,rps,tier=edge,0.0
1783700314,rps,tier=edge,0.0
1783700324,rps,tier=edge,0.0
1783700334,rps,tier=edge,0.0
1783700344,rps,tier=edge,0.0
1783700354,rps,tier=edge,0.0
1783700364,rps,tier=edge,0.0
1783700374,rps,tier=edge,0.0
1783700384,rps,tier=edge,0.0
1783700394,rps,tier=edge,0.0
1783700404,rps,tier=edge,0.0
1783700414,rps,tier=edge,0.0
1783700424,rps,tier=edge,0.0
1783700434,rps,tier=edge,0.0
1783700444,rps,tier=edge,0.0
1783699804,lat50_ms,tier=cloud,4.834837545126353
1783699814,lat50_ms,tier=cloud,3.5670391061452515
1783699824,lat50_ms,tier=cloud,3.4716088655141726
1783699834,lat50_ms,tier=cloud,3.4217914156494436
1783699844,lat50_ms,tier=cloud,3.524609375
1783699854,lat50_ms,tier=cloud,3.7266775777414076
1783699864,lat50_ms,tier=cloud,4.087365591397849
1783699874,lat50_ms,tier=cloud,4.39362981197286
1783699884,lat50_ms,tier=cloud,4.750992063492063
1783699894,lat50_ms,tier=cloud,5.052384010838778
1783699904,lat50_ms,tier=cloud,5.897494935588655
1783699914,lat50_ms,tier=cloud,6.869470308293076
1783699924,lat50_ms,tier=cloud,7.753714351685544
1783699934,lat50_ms,tier=cloud,8.777424483306834
1783699944,lat50_ms,tier=cloud,9.49283789935044
1783699954,lat50_ms,tier=cloud,10.587843059949632
1783699964,lat50_ms,tier=cloud,11.529057419814023
1783699974,lat50_ms,tier=cloud,12.219698912883272
1783699984,lat50_ms,tier=cloud,12.716512324408358
1783699994,lat50_ms,tier=cloud,13.225496691269464
1783700004,lat50_ms,tier=cloud,15.666110367390864
1783700014,lat50_ms,tier=cloud,19.3446929988465
1783700024,lat50_ms,tier=cloud,27.074094566820186
1783700034,lat50_ms,tier=cloud,33.43430026694988
1783700044,lat50_ms,tier=cloud,39.540464122701444
1783700054,lat50_ms,tier=cloud,43.99344338828698
1783700064,lat50_ms,tier=cloud,47.12220468334975
1783700074,lat50_ms,tier=cloud,50.49108168801556
1783700084,lat50_ms,tier=cloud,53.09442203166361
1783700094,lat50_ms,tier=cloud,55.092882976885655
1783700104,lat50_ms,tier=cloud,56.615449846532265
1783700114,lat50_ms,tier=cloud,58.261389516944405
1783700124,lat50_ms,tier=cloud,58.90189112412251
1783700134,lat50_ms,tier=cloud,59.23657071416094
1783700144,lat50_ms,tier=cloud,59.34468348475347
1783700154,lat50_ms,tier=cloud,58.30920854193843
1783700164,lat50_ms,tier=cloud,56.10579413757241
1783700174,lat50_ms,tier=cloud,54.2754621429873
1783700184,lat50_ms,tier=cloud,52.34836188040995
1783700194,lat50_ms,tier=cloud,49.64282958907605
1783700204,lat50_ms,tier=cloud,45.76537204161324
1783700214,lat50_ms,tier=cloud,41.64882144356404
1783700224,lat50_ms,tier=cloud,36.79083450890624
1783700234,lat50_ms,tier=cloud,31.584009961579355
1783700244,lat50_ms,tier=cloud,25.570493255016146
1783700254,lat50_ms,tier=cloud,19.78562687660243
1783700264,lat50_ms,tier=cloud,15.578925265175462
1783700274,lat50_ms,tier=cloud,12.777683831374166
1783700284,lat50_ms,tier=cloud,12.311915462210978
1783700294,lat50_ms,tier=cloud,12.440745894078141
1783700304,lat50_ms,tier=cloud,12.839591829530121
1783700314,lat50_ms,tier=cloud,13.439842907401143
1783700324,lat50_ms,tier=cloud,14.366992298269235
1783700334,lat50_ms,tier=cloud,15.732716185186037
1783700344,lat50_ms,tier=cloud,17.69160470559146
1783700354,lat50_ms,tier=cloud,20.00837905349827
1783700364,lat50_ms,tier=cloud,21.724955131179804
1783700374,lat50_ms,tier=cloud,23.77660036168139
1783700384,lat50_ms,tier=cloud,25.201571562503524
1783700394,lat50_ms,tier=cloud,26.75042794252191
1783700404,lat50_ms,tier=cloud,29.72781361087702
1783700414,lat50_ms,tier=cloud,32.932228745531624
1783700424,lat50_ms,tier=cloud,39.451162736071645
1783700434,lat50_ms,tier=cloud,50.266805997933936
1783700444,lat50_ms,tier=cloud,57.818810722537265
1783699804,lat95_ms,tier=cloud,22.41525423728811
1783699814,lat95_ms,tier=cloud,5.937499999999995
1783699824,lat95_ms,tier=cloud,4.847160886551417
1783699834,lat95_ms,tier=cloud,4.8421791415649444
1783699844,lat95_ms,tier=cloud,6.176630434782601
1783699854,lat95_ms,tier=cloud,8.726470588235298
1783699864,lat95_ms,tier=cloud,13.03773584905658
1783699874,lat95_ms,tier=cloud,17.61587586136096
1783699884,lat95_ms,tier=cloud,18.40120793787748
1783699894,lat95_ms,tier=cloud,18.800719960506473
1783699904,lat95_ms,tier=cloud,19.217462123738997
1783699914,lat95_ms,tier=cloud,19.567503797562296
1783699924,lat95_ms,tier=cloud,20.966684969915022
1783699934,lat95_ms,tier=cloud,32.335169158143145
1783699944,lat95_ms,tier=cloud,37.229017882695366
1783699954,lat95_ms,tier=cloud,40.784658809692054
1783699964,lat95_ms,tier=cloud,42.39959965220802
1783699974,lat95_ms,tier=cloud,43.67316261315325
1783699984,lat95_ms,tier=cloud,44.46541814132398
1783699994,lat95_ms,tier=cloud,45.04807402120896
1783700004,lat95_ms,tier=cloud,49.30453805718704
1783700014,lat95_ms,tier=cloud,69.52187441049034
1783700024,lat95_ms,tier=cloud,82.7123632474079
1783700034,lat95_ms,tier=cloud,92.00885990121735
1783700044,lat95_ms,tier=cloud,95.97442796897128
1783700054,lat95_ms,tier=cloud,99.21653441701984
1783700064,lat95_ms,tier=cloud,105.5455622990582
1783700074,lat95_ms,tier=cloud,106.56209402334576
1783700084,lat95_ms,tier=cloud,112.69120774323636
1783700094,lat95_ms,tier=cloud,115.33334477219387
1783700104,lat95_ms,tier=cloud,115.63839676832744
1783700114,lat95_ms,tier=cloud,115.06467904175395
1783700124,lat95_ms,tier=cloud,116.09590588483022
1783700134,lat95_ms,tier=cloud,117.1365903904083
1783700144,lat95_ms,tier=cloud,119.74993764768205
1783700154,lat95_ms,tier=cloud,118.29169946034447
1783700164,lat95_ms,tier=cloud,111.81900284539329
1783700174,lat95_ms,tier=cloud,105.74576766349956
1783700184,lat95_ms,tier=cloud,104.45539577036557
1783700194,lat95_ms,tier=cloud,99.40597717421893
1783700204,lat95_ms,tier=cloud,98.48291909242829
1783700214,lat95_ms,tier=cloud,97.68465860478862
1783700224,lat95_ms,tier=cloud,97.1942182562866
1783700234,lat95_ms,tier=cloud,95.68925222892392
1783700244,lat95_ms,tier=cloud,91.09110972587045
1783700254,lat95_ms,tier=cloud,71.58641086760916
1783700264,lat95_ms,tier=cloud,49.315442503798714
1783700274,lat95_ms,tier=cloud,46.2463513204783
1783700284,lat95_ms,tier=cloud,46.20993175560777
1783700294,lat95_ms,tier=cloud,46.13526576530201
1783700304,lat95_ms,tier=cloud,46.29096653177416
1783700314,lat95_ms,tier=cloud,46.48905182896226
1783700324,lat95_ms,tier=cloud,46.934155823455114
1783700334,lat95_ms,tier=cloud,48.714066645210664
1783700344,lat95_ms,tier=cloud,67.93602348738395
1783700354,lat95_ms,tier=cloud,100.00377534491943
1783700364,lat95_ms,tier=cloud,117.63063077219806
1783700374,lat95_ms,tier=cloud,127.41545343292346
1783700384,lat95_ms,tier=cloud,132.70038103964595
1783700394,lat95_ms,tier=cloud,138.2945256233264
1783700404,lat95_ms,tier=cloud,143.9202863149175
1783700414,lat95_ms,tier=cloud,149.51012101223463
1783700424,lat95_ms,tier=cloud,162.13436599601337
1783700434,lat95_ms,tier=cloud,175.03227310685986
1783700444,lat95_ms,tier=cloud,176.4800536167349
1783699804,lat99_ms,tier=cloud,44.48305084745767
1783699814,lat99_ms,tier=cloud,9.187499999999998
1783699824,lat99_ms,tier=cloud,4.969432177310284
1783699834,lat99_ms,tier=cloud,4.968435828312989
1783699844,lat99_ms,tier=cloud,9.322282608695648
1783699854,lat99_ms,tier=cloud,12.208695652174047
1783699864,lat99_ms,tier=cloud,19.28679245283018
1783699874,lat99_ms,tier=cloud,31.984006122053906
1783699884,lat99_ms,tier=cloud,33.80000000000005
1783699894,lat99_ms,tier=cloud,37.070517911160074
1783699904,lat99_ms,tier=cloud,39.55909955112062
1783699914,lat99_ms,tier=cloud,41.66842292133891
1783699924,lat99_ms,tier=cloud,44.19333699398298
1783699934,lat99_ms,tier=cloud,46.467033831628605
1783699944,lat99_ms,tier=cloud,47.732555696494444
1783699954,lat99_ms,tier=cloud,48.679220652756904
1783699964,lat99_ms,tier=cloud,48.97686730894757
1783699974,lat99_ms,tier=cloud,49.23875113877562
1783699984,lat99_ms,tier=cloud,49.33293729030978
1783699994,lat99_ms,tier=cloud,49.36874961583206
1783700004,lat99_ms,tier=cloud,73.23694207591664
1783700014,lat99_ms,tier=cloud,91.1673704810883
1783700024,lat99_ms,tier=cloud,99.50749128301214
1783700034,lat99_ms,tier=cloud,124.88692949306206
1783700044,lat99_ms,tier=cloud,133.99221795217017
1783700054,lat99_ms,tier=cloud,144.00999969082133
1783700064,lat99_ms,tier=cloud,147.4051729872579
1783700074,lat99_ms,tier=cloud,146.75956643943388
1783700084,lat99_ms,tier=cloud,148.69062669012715
1783700094,lat99_ms,tier=cloud,149.6393790624201
1783700104,lat99_ms,tier=cloud,149.1428860879137
1783700114,lat99_ms,tier=cloud,148.78201075770946
1783700124,lat99_ms,tier=cloud,148.62746059698478
1783700134,lat99_ms,tier=cloud,149.11405344984368
1783700144,lat99_ms,tier=cloud,155.2330454139113
1783700154,lat99_ms,tier=cloud,155.85068341886918
1783700164,lat99_ms,tier=cloud,149.10674913455622
1783700174,lat99_ms,tier=cloud,147.39552931563543
1783700184,lat99_ms,tier=cloud,147.9364400834612
1783700194,lat99_ms,tier=cloud,145.299765279707
1783700204,lat99_ms,tier=cloud,142.52255895622895
1783700214,lat99_ms,tier=cloud,142.13221798768302
1783700224,lat99_ms,tier=cloud,142.97044137086644
1783700234,lat99_ms,tier=cloud,143.20955751553598
1783700244,lat99_ms,tier=cloud,139.93598256736178
1783700254,lat99_ms,tier=cloud,95.68048699026416
1783700264,lat99_ms,tier=cloud,71.24246807287025
1783700274,lat99_ms,tier=cloud,49.77853230905448
1783700284,lat99_ms,tier=cloud,49.73023155280673
1783700294,lat99_ms,tier=cloud,49.68697002538805
1783700304,lat99_ms,tier=cloud,49.65446676016742
1783700314,lat99_ms,tier=cloud,49.70169828897624
1783700324,lat99_ms,tier=cloud,49.9986987955552
1783700334,lat99_ms,tier=cloud,117.59885190238614
1783700344,lat99_ms,tier=cloud,161.97508850039222
1783700354,lat99_ms,tier=cloud,180.85003268118837
1783700364,lat99_ms,tier=cloud,186.66342929425815
1783700374,lat99_ms,tier=cloud,190.09403055967113
1783700384,lat99_ms,tier=cloud,192.49334165054321
1783700394,lat99_ms,tier=cloud,195.1170490782887
1783700404,lat99_ms,tier=cloud,197.75558476367368
1783700414,lat99_ms,tier=cloud,202.84544011074743
1783700424,lat99_ms,tier=cloud,222.8822002735046
1783700434,lat99_ms,tier=cloud,242.3378384696252
1783700444,lat99_ms,tier=cloud,240.98002337727087
1783699804,inflight,tier=cloud,0.0
1783699814,inflight,tier=cloud,0.0
1783699824,inflight,tier=cloud,0.0
1783699834,inflight,tier=cloud,0.0
1783699844,inflight,tier=cloud,0.0
1783699854,inflight,tier=cloud,0.0
1783699864,inflight,tier=cloud,0.0
1783699874,inflight,tier=cloud,0.0
1783699884,inflight,tier=cloud,0.0
1783699894,inflight,tier=cloud,0.0
1783699904,inflight,tier=cloud,0.0
1783699914,inflight,tier=cloud,0.0
1783699924,inflight,tier=cloud,0.0
1783699934,inflight,tier=cloud,0.0
1783699944,inflight,tier=cloud,0.0
1783699954,inflight,tier=cloud,0.0
1783699964,inflight,tier=cloud,0.0
1783699974,inflight,tier=cloud,0.0
1783699984,inflight,tier=cloud,7.0
1783699994,inflight,tier=cloud,2.0
1783700004,inflight,tier=cloud,8.0
1783700014,inflight,tier=cloud,8.0
1783700024,inflight,tier=cloud,56.0
1783700034,inflight,tier=cloud,40.0
1783700044,inflight,tier=cloud,75.0
1783700054,inflight,tier=cloud,35.0
1783700064,inflight,tier=cloud,0.0
1783700074,inflight,tier=cloud,45.0
1783700084,inflight,tier=cloud,49.0
1783700094,inflight,tier=cloud,29.0
1783700104,inflight,tier=cloud,35.0
1783700114,inflight,tier=cloud,43.0
1783700124,inflight,tier=cloud,0.0
1783700134,inflight,tier=cloud,51.0
1783700144,inflight,tier=cloud,44.0
1783700154,inflight,tier=cloud,42.0
1783700164,inflight,tier=cloud,0.0
1783700174,inflight,tier=cloud,0.0
1783700184,inflight,tier=cloud,0.0
1783700194,inflight,tier=cloud,0.0
1783700204,inflight,tier=cloud,0.0
1783700214,inflight,tier=cloud,0.0
1783700224,inflight,tier=cloud,0.0
1783700234,inflight,tier=cloud,0.0
1783700244,inflight,tier=cloud,8.0
1783700254,inflight,tier=cloud,0.0
1783700264,inflight,tier=cloud,6.0
1783700274,inflight,tier=cloud,4.0
1783700284,inflight,tier=cloud,0.0
1783700294,inflight,tier=cloud,7.0
1783700304,inflight,tier=cloud,0.0
1783700314,inflight,tier=cloud,8.0
1783700324,inflight,tier=cloud,7.0
1783700334,inflight,tier=cloud,5.0
1783700344,inflight,tier=cloud,10.0
1783700354,inflight,tier=cloud,14.0
1783700364,inflight,tier=cloud,0.0
1783700374,inflight,tier=cloud,0.0
1783700384,inflight,tier=cloud,0.0
1783700394,inflight,tier=cloud,0.0
1783700404,inflight,tier=cloud,0.0
1783700414,inflight,tier=cloud,0.0
1783700424,inflight,tier=cloud,0.0
1783700434,inflight,tier=cloud,0.0
1783700444,inflight,tier=cloud,0.0
1783699804,inflight,tier=edge,0.0
1783699814,inflight,tier=edge,0.0
1783699824,inflight,tier=edge,0.0
1783699834,inflight,tier=edge,0.0
1783699844,inflight,tier=edge,0.0
1783699854,inflight,tier=edge,0.0
1783699864,inflight,tier=edge,0.0
1783699874,inflight,tier=edge,0.0
1783699884,inflight,tier=edge,0.0
1783699894,inflight,tier=edge,0.0
1783699904,inflight,tier=edge,0.0
1783699914,inflight,tier=edge,0.0
1783699924,inflight,tier=edge,0.0
1783699934,inflight,tier=edge,0.0
1783699944,inflight,tier=edge,0.0
1783699954,inflight,tier=edge,0.0
1783699964,inflight,tier=edge,0.0
1783699974,inflight,tier=edge,0.0
1783699984,inflight,tier=edge,0.0
1783699994,inflight,tier=edge,0.0
1783700004,inflight,tier=edge,0.0
1783700014,inflight,tier=edge,0.0
1783700024,inflight,tier=edge,0.0
1783700034,inflight,tier=edge,0.0
1783700044,inflight,tier=edge,0.0
1783700054,inflight,tier=edge,0.0
1783700064,inflight,tier=edge,0.0
1783700074,inflight,tier=edge,0.0
1783700084,inflight,tier=edge,0.0
1783700094,inflight,tier=edge,0.0
1783700104,inflight,tier=edge,0.0
1783700114,inflight,tier=edge,0.0
1783700124,inflight,tier=edge,0.0
1783700134,inflight,tier=edge,0.0
1783700144,inflight,tier=edge,0.0
1783700154,inflight,tier=edge,0.0
1783700164,inflight,tier=edge,0.0
1783700174,inflight,tier=edge,0.0
1783700184,inflight,tier=edge,0.0
1783700194,inflight,tier=edge,0.0
1783700204,inflight,tier=edge,0.0
1783700214,inflight,tier=edge,0.0
1783700224,inflight,tier=edge,0.0
1783700234,inflight,tier=edge,0.0
1783700244,inflight,tier=edge,0.0
1783700254,inflight,tier=edge,0.0
1783700264,inflight,tier=edge,0.0
1783700274,inflight,tier=edge,0.0
1783700284,inflight,tier=edge,0.0
1783700294,inflight,tier=edge,0.0
1783700304,inflight,tier=edge,0.0
1783700314,inflight,tier=edge,0.0
1783700324,inflight,tier=edge,0.0
1783700334,inflight,tier=edge,0.0
1783700344,inflight,tier=edge,0.0
1783700354,inflight,tier=edge,0.0
1783700364,inflight,tier=edge,0.0
1783700374,inflight,tier=edge,0.0
1783700384,inflight,tier=edge,0.0
1783700394,inflight,tier=edge,0.0
1783700404,inflight,tier=edge,0.0
1783700414,inflight,tier=edge,0.0
1783700424,inflight,tier=edge,0.0
1783700434,inflight,tier=edge,0.0
1783700444,inflight,tier=edge,0.0
