ts,metric,labels,value
1783734213,replicas_status,deployment=workload-cloud,1.0
1783734223,replicas_status,deployment=workload-cloud,1.0
1783734233,replicas_status,deployment=workload-cloud,1.0
1783734243,replicas_status,deployment=workload-cloud,1.0
1783734253,replicas_status,deployment=workload-cloud,1.0
1783734263,replicas_status,deployment=workload-cloud,1.0
1783734273,replicas_status,deployment=workload-cloud,1.0
1783734283,replicas_status,deployment=workload-cloud,1.0
1783734293,replicas_status,deployment=workload-cloud,1.0
1783734303,replicas_status,deployment=workload-cloud,1.0
1783734313,replicas_status,deployment=workload-cloud,1.0
1783734323,replicas_status,deployment=workload-cloud,2.0
1783734333,replicas_status,deployment=workload-cloud,2.0
1783734343,replicas_status,deployment=workload-cloud,2.0
1783734353,replicas_status,deployment=workload-cloud,2.0
1783734363,replicas_status,deployment=workload-cloud,2.0
1783734373,replicas_status,deployment=workload-cloud,2.0
1783734383,replicas_status,deployment=workload-cloud,3.0
1783734393,replicas_status,deployment=workload-cloud,3.0
1783734403,replicas_status,deployment=workload-cloud,3.0
1783734413,replicas_status,deployment=workload-cloud,3.0
1783734423,replicas_status,deployment=workload-cloud,3.0
1783734433,replicas_status,deployment=workload-cloud,3.0
1783734443,replicas_status,deployment=workload-cloud,5.0
1783734453,replicas_status,deployment=workload-cloud,5.0
1783734463,replicas_status,deployment=workload-cloud,5.0
1783734473,replicas_status,deployment=workload-cloud,5.0
1783734483,replicas_status,deployment=workload-cloud,5.0
1783734493,replicas_status,deployment=workload-cloud,5.0
1783734503,replicas_status,deployment=workload-cloud,6.0
1783734513,replicas_status,deployment=workload-cloud,6.0
1783734523,replicas_status,deployment=workload-cloud,6.0
1783734533,replicas_status,deployment=workload-cloud,6.0
1783734543,replicas_status,deployment=workload-cloud,6.0
1783734553,replicas_status,deployment=workload-cloud,6.0
1783734563,replicas_status,deployment=workload-cloud,6.0
1783734573,replicas_status,deployment=workload-cloud,6.0
1783734583,replicas_status,deployment=workload-cloud,6.0
1783734593,replicas_status,deployment=workload-cloud,6.0
1783734603,replicas_status,deployment=workload-cloud,6.0
1783734613,replicas_status,deployment=workload-cloud,6.0
1783734623,replicas_status,deployment=workload-cloud,6.0
1783734633,replicas_status,deployment=workload-cloud,6.0
1783734643,replicas_status,deployment=workload-cloud,6.0
1783734653,replicas_status,deployment=workload-cloud,6.0
1783734663,replicas_status,deployment=workload-cloud,6.0
1783734673,replicas_status,deployment=workload-cloud,6.0
1783734683,replicas_status,deployment=workload-cloud,6.0
1783734693,replicas_status,deployment=workload-cloud,6.0
1783734703,replicas_status,deployment=workload-cloud,6.0
1783734713,replicas_status,deployment=workload-cloud,6.0
1783734723,replicas_status,deployment=workload-cloud,6.0
1783734733,replicas_status,deployment=workload-cloud,6.0
1783734743,replicas_status,deployment=workload-cloud,6.0
1783734753,replicas_status,deployment=workload-cloud,6.0
1783734763,replicas_status,deployment=workload-cloud,6.0
1783734773,replicas_status,deployment=workload-cloud,6.0
1783734783,replicas_status,deployment=workload-cloud,5.0
1783734793,replicas_status,deployment=workload-cloud,5.0
1783734803,replicas_status,deployment=workload-cloud,5.0
1783734813,replicas_status,deployment=workload-cloud,5.0
1783734823,replicas_status,deployment=workload-cloud,5.0
1783734833,replicas_status,deployment=workload-cloud,5.0
1783734843,replicas_status,deployment=workload-cloud,5.0
1783734853,replicas_status,deployment=workload-cloud,4.0
1783734863,replicas_status,deployment=workload-cloud,4.0
1783734213,replicas_status,deployment=workload-edge,1.0
1783734223,replicas_status,deployment=workload-edge,1.0
1783734233,replicas_status,deployment=workload-edge,1.0
1783734243,replicas_status,deployment=workload-edge,1.0
1783734253,replicas_status,deployment=workload-edge,1.0
1783734263,replicas_status,deployment=workload-edge,1.0
1783734273,replicas_status,deployment=workload-edge,1.0
1783734283,replicas_status,deployment=workload-edge,1.0
1783734293,replicas_status,deployment=workload-edge,1.0
1783734303,replicas_status,deployment=workload-edge,1.0
1783734313,replicas_status,deployment=workload-edge,1.0
1783734323,replicas_status,deployment=workload-edge,1.0
1783734333,replicas_status,deployment=workload-edge,1.0
1783734343,replicas_status,deployment=workload-edge,1.0
1783734353,replicas_status,deployment=workload-edge,1.0
1783734363,replicas_status,deployment=workload-edge,1.0
1783734373,replicas_status,deployment=workload-edge,1.0
1783734383,replicas_status,deployment=workload-edge,1.0
1783734393,replicas_status,deployment=workload-edge,1.0
1783734403,replicas_status,deployment=workload-edge,1.0
1783734413,replicas_status,deployment=workload-edge,1.0
1783734423,replicas_status,deployment=workload-edge,1.0
1783734433,replicas_status,deployment=workload-edge,1.0
1783734443,replicas_status,deployment=workload-edge,1.0
1783734453,replicas_status,deployment=workload-edge,1.0
1783734463,replicas_status,deployment=workload-edge,1.0
1783734473,replicas_status,deployment=workload-edge,1.0
1783734483,replicas_status,deployment=workload-edge,1.0
1783734493,replicas_status,deployment=workload-edge,1.0
1783734503,replicas_status,deployment=workload-edge,1.0
1783734513,replicas_status,deployment=workload-edge,1.0
1783734523,replicas_status,deployment=workload-edge,1.0
1783734533,replicas_status,deployment=workload-edge,1.0
1783734543,replicas_status,deployment=workload-edge,1.0
1783734553,replicas_status,deployment=workload-edge,1.0
1783734563,replicas_status,deployment=workload-edge,1.0
1783734573,replicas_status,deployment=workload-edge,1.0
1783734583,replicas_status,deployment=workload-edge,1.0
1783734593,replicas_status,deployment=workload-edge,1.0
1783734603,replicas_status,deployment=workload-edge,1.0
1783734613,replicas_status,deployment=workload-edge,1.0
1783734623,replicas_status,deployment=workload-edge,1.0
1783734633,replicas_status,deployment=workload-edge,1.0
1783734643,replicas_status,deployment=workload-edge,1.0
1783734653,replicas_status,deployment=workload-edge,1.0
1783734663,replicas_status,deployment=workload-edge,1.0
1783734673,replicas_status,deployment=workload-edge,1.0
1783734683,replicas_status,deployment=workload-edge,1.0
1783734693,replicas_status,deployment=workload-edge,1.0
1783734703,replicas_status,deployment=workload-edge,1.0
1783734713,replicas_status,deployment=workload-edge,1.0
1783734723,replicas_status,deployment=workload-edge,1.0
1783734733,replicas_status,deployment=workload-edge,1.0
1783734743,replicas_status,deployment=workload-edge,1.0
1783734753,replicas_status,deployment=workload-edge,1.0
1783734763,replicas_status,deployment=workload-edge,1.0
1783734773,replicas_status,deployment=workload-edge,1.0
1783734783,replicas_status,deployment=workload-edge,1.0
1783734793,replicas_status,deployment=workload-edge,1.0
1783734803,replicas_status,deployment=workload-edge,1.0
1783734813,replicas_status,deployment=workload-edge,1.0
1783734823,replicas_status,deployment=workload-edge,1.0
1783734833,replicas_status,deployment=workload-edge,1.0
1783734843,replicas_status,deployment=workload-edge,1.0
1783734853,replicas_status,deployment=workload-edge,1.0
1783734863,replicas_status,deployment=workload-edge,1.0
1783734213,replicas_spec,deployment=workload-cloud,1.0
1783734223,replicas_spec,deployment=workload-cloud,1.0
1783734233,replicas_spec,deployment=workload-cloud,1.0
1783734243,replicas_spec,deployment=workload-cloud,1.0
1783734253,replicas_spec,deployment=workload-cloud,1.0
1783734263,replicas_spec,deployment=workload-cloud,1.0
1783734273,replicas_spec,deployment=workload-cloud,1.0
1783734283,replicas_spec,deployment=workload-cloud,1.0
1783734293,replicas_spec,deployment=workload-cloud,1.0
1783734303,replicas_spec,deployment=workload-cloud,1.0
1783734313,replicas_spec,deployment=workload-cloud,1.0
1783734323,replicas_spec,deployment=workload-cloud,2.0
1783734333,replicas_spec,deployment=workload-cloud,2.0
1783734343,replicas_spec,deployment=workload-cloud,2.0
1783734353,replicas_spec,deployment=workload-cloud,2.0
1783734363,replicas_spec,deployment=workload-cloud,2.0
1783734373,replicas_spec,deployment=workload-cloud,2.0
1783734383,replicas_spec,deployment=workload-cloud,3.0
1783734393,replicas_spec,deployment=workload-cloud,3.0
1783734403,replicas_spec,deployment=workload-cloud,3.0
1783734413,replicas_spec,deployment=workload-cloud,3.0
1783734423,replicas_spec,deployment=workload-cloud,3.0
1783734433,replicas_spec,deployment=workload-cloud,3.0
1783734443,replicas_spec,deployment=workload-cloud,5.0
1783734453,replicas_spec,deployment=workload-cloud,5.0
1783734463,replicas_spec,deployment=workload-cloud,5.0
1783734473,replicas_spec,deployment=workload-cloud,5.0
1783734483,replicas_spec,deployment=workload-cloud,5.0
1783734493,replicas_spec,deployment=workload-cloud,5.0
1783734503,replicas_spec,deployment=workload-cloud,6.0
1783734513,replicas_spec,deployment=workload-cloud,6.0
1783734523,replicas_spec,deployment=workload-cloud,6.0
1783734533,replicas_spec,deployment=workload-cloud,6.0
1783734543,replicas_spec,deployment=workload-cloud,6.0
1783734553,replicas_spec,deployment=workload-cloud,6.0
1783734563,replicas_spec,deployment=workload-cloud,6.0
1783734573,replicas_spec,deployment=workload-cloud,6.0
1783734583,replicas_spec,deployment=workload-cloud,6.0
1783734593,replicas_spec,deployment=workload-cloud,6.0
1783734603,replicas_spec,deployment=workload-cloud,6.0
1783734613,replicas_spec,deployment=workload-cloud,6.0
1783734623,replicas_spec,deployment=workload-cloud,6.0
1783734633,replicas_spec,deployment=workload-cloud,6.0
1783734643,replicas_spec,deployment=workload-cloud,6.0
1783734653,replicas_spec,deployment=workload-cloud,6.0
1783734663,replicas_spec,deployment=workload-cloud,6.0
1783734673,replicas_spec,deployment=workload-cloud,6.0
1783734683,replicas_spec,deployment=workload-cloud,6.0
1783734693,replicas_spec,deployment=workload-cloud,6.0
1783734703,replicas_spec,deployment=workload-cloud,6.0
1783734713,replicas_spec,deployment=workload-cloud,6.0
1783734723,replicas_spec,deployment=workload-cloud,6.0
1783734733,replicas_spec,deployment=workload-cloud,6.0
1783734743,replicas_spec,deployment=workload-cloud,6.0
1783734753,replicas_spec,deployment=workload-cloud,6.0
1783734763,replicas_spec,deployment=workload-cloud,6.0
1783734773,replicas_spec,deployment=workload-cloud,6.0
1783734783,replicas_spec,deployment=workload-cloud,5.0
1783734793,replicas_spec,deployment=workload-cloud,5.0
1783734803,replicas_spec,deployment=workload-cloud,5.0
1783734813,replicas_spec,deployment=workload-cloud,5.0
1783734823,replicas_spec,deployment=workload-cloud,5.0
1783734833,replicas_spec,deployment=workload-cloud,5.0
1783734843,replicas_spec,deployment=workload-cloud,5.0
1783734853,replicas_spec,deployment=workload-cloud,4.0
1783734863,replicas_spec,deployment=workload-cloud,4.0
1783734213,replicas_spec,deployment=workload-edge,1.0
1783734223,replicas_spec,deployment=workload-edge,1.0
1783734233,replicas_spec,deployment=workload-edge,1.0
1783734243,replicas_spec,deployment=workload-edge,1.0
1783734253,replicas_spec,deployment=workload-edge,1.0
1783734263,replicas_spec,deployment=workload-edge,1.0
1783734273,replicas_spec,deployment=workload-edge,1.0
1783734283,replicas_spec,deployment=workload-edge,1.0
1783734293,replicas_spec,deployment=workload-edge,1.0
1783734303,replicas_spec,deployment=workload-edge,1.0
1783734313,replicas_spec,deployment=workload-edge,1.0
1783734323,replicas_spec,deployment=workload-edge,1.0
1783734333,replicas_spec,deployment=workload-edge,1.0
1783734343,replicas_spec,deployment=workload-edge,1.0
1783734353,replicas_spec,deployment=workload-edge,1.0
1783734363,replicas_spec,deployment=workload-edge,1.0
1783734373,replicas_spec,deployment=workload-edge,1.0
1783734383,replicas_spec,deployment=workload-edge,1.0
1783734393,replicas_spec,deployment=workload-edge,1.0
1783734403,replicas_spec,deployment=workload-edge,1.0
1783734413,replicas_spec,deployment=workload-edge,1.0
1783734423,replicas_spec,deployment=workload-edge,1.0
1783734433,replicas_spec,deployment=workload-edge,1.0
1783734443,replicas_spec,deployment=workload-edge,1.0
1783734453,replicas_spec,deployment=workload-edge,1.0
1783734463,replicas_spec,deployment=workload-edge,1.0
1783734473,replicas_spec,deployment=workload-edge,1.0
1783734483,replicas_spec,deployment=workload-edge,1.0
1783734493,replicas_spec,deployment=workload-edge,1.0
1783734503,replicas_spec,deployment=workload-edge,1.0
1783734513,replicas_spec,deployment=workload-edge,1.0
1783734523,replicas_spec,deployment=workload-edge,1.0
1783734533,replicas_spec,deployment=workload-edge,1.0
1783734543,replicas_spec,deployment=workload-edge,1.0
1783734553,replicas_spec,deployment=workload-edge,1.0
1783734563,replicas_spec,deployment=workload-edge,1.0
1783734573,replicas_spec,deployment=workload-edge,1.0
1783734583,replicas_spec,deployment=workload-edge,1.0
1783734593,replicas_spec,deployment=workload-edge,1.0
1783734603,replicas_spec,deployment=workload-edge,1.0
1783734613,replicas_spec,deployment=workload-edge,1.0
1783734623,replicas_spec,deployment=workload-edge,1.0
1783734633,replicas_spec,deployment=workload-edge,1.0
1783734643,replicas_spec,deployment=workload-edge,1.0
1783734653,replicas_spec,deployment=workload-edge,1.0
1783734663,replicas_spec,deployment=workload-edge,1.0
1783734673,replicas_spec,deployment=workload-edge,1.0
1783734683,replicas_spec,deployment=workload-edge,1.0
1783734693,replicas_spec,deployment=workload-edge,1.0
1783734703,replicas_spec,deployment=workload-edge,1.0
1783734713,replicas_spec,deployment=workload-edge,1.0
1783734723,replicas_spec,deployment=workload-edge,1.0
1783734733,replicas_spec,deployment=workload-edge,1.0
1783734743,replicas_spec,deployment=workload-edge,1.0
1783734753,replicas_spec,deployment=workload-edge,1.0
1783734763,replicas_spec,deployment=workload-edge,1.0
1783734773,replicas_spec,deployment=workload-edge,1.0
1783734783,replicas_spec,deployment=workload-edge,1.0
1783734793,replicas_spec,deployment=workload-edge,1.0
1783734803,replicas_spec,deployment=workload-edge,1.0
1783734813,replicas_spec,deployment=workload-edge,1.0
1783734823,replicas_spec,deployment=workload-edge,1.0
1783734833,replicas_spec,deployment=workload-edge,1.0
1783734843,replicas_spec,deployment=workload-edge,1.0
1783734853,replicas_spec,deployment=workload-edge,1.0
1783734863,replicas_spec,deployment=workload-edge,1.0
1783734333,cpu_cores,pod=workload-cloud-6f545f89ff-4snll,0.013328877600619194
1783734343,cpu_cores,pod=workload-cloud-6f545f89ff-4snll,0.020079992151702787
1783734353,cpu_cores,pod=workload-cloud-6f545f89ff-4snll,0.022055119556957953
1783734363,cpu_cores,pod=workload-cloud-6f545f89ff-4snll,0.025127197864956693
1783734373,cpu_cores,pod=workload-cloud-6f545f89ff-4snll,0.030124994820370447
1783734383,cpu_cores,pod=workload-cloud-6f545f89ff-4snll,0.028738718888414245
1783734393,cpu_cores,pod=workload-cloud-6f545f89ff-4snll,0.02502776242221583
1783734403,cpu_cores,pod=workload-cloud-6f545f89ff-4snll,0.04021323270960405
1783734413,cpu_cores,pod=workload-cloud-6f545f89ff-4snll,0.08240290960334894
1783734423,cpu_cores,pod=workload-cloud-6f545f89ff-4snll,0.09745320814643522
1783734433,cpu_cores,pod=workload-cloud-6f545f89ff-4snll,0.16294318065898197
1783734443,cpu_cores,pod=workload-cloud-6f545f89ff-4snll,0.3006444667512974
1783734453,cpu_cores,pod=workload-cloud-6f545f89ff-4snll,0.3039747786310798
1783734463,cpu_cores,pod=workload-cloud-6f545f89ff-4snll,0.39471049986292606
1783734473,cpu_cores,pod=workload-cloud-6f545f89ff-4snll,0.41533920886763753
1783734483,cpu_cores,pod=workload-cloud-6f545f89ff-4snll,0.41533920886763753
1783734493,cpu_cores,pod=workload-cloud-6f545f89ff-4snll,0.40746173295517013
1783734503,cpu_cores,pod=workload-cloud-6f545f89ff-4snll,0.41068453678041755
1783734513,cpu_cores,pod=workload-cloud-6f545f89ff-4snll,0.4135860276028126
1783734523,cpu_cores,pod=workload-cloud-6f545f89ff-4snll,0.4140274919917091
1783734533,cpu_cores,pod=workload-cloud-6f545f89ff-4snll,0.36198610118738134
1783734543,cpu_cores,pod=workload-cloud-6f545f89ff-4snll,0.42093877429236376
1783734553,cpu_cores,pod=workload-cloud-6f545f89ff-4snll,0.42372234811697423
1783734563,cpu_cores,pod=workload-cloud-6f545f89ff-4snll,0.39049544743492054
1783734573,cpu_cores,pod=workload-cloud-6f545f89ff-4snll,0.3840763969544459
1783734583,cpu_cores,pod=workload-cloud-6f545f89ff-4snll,0.259596358300861
1783734593,cpu_cores,pod=workload-cloud-6f545f89ff-4snll,0.22025200103757495
1783734603,cpu_cores,pod=workload-cloud-6f545f89ff-4snll,0.16987368053128277
1783734613,cpu_cores,pod=workload-cloud-6f545f89ff-4snll,0.10161606918741291
1783734623,cpu_cores,pod=workload-cloud-6f545f89ff-4snll,0.07553557211723493
1783734633,cpu_cores,pod=workload-cloud-6f545f89ff-4snll,0.08742765629696418
1783734643,cpu_cores,pod=workload-cloud-6f545f89ff-4snll,0.08715695253955026
1783734653,cpu_cores,pod=workload-cloud-6f545f89ff-4snll,0.08640667249781314
1783734663,cpu_cores,pod=workload-cloud-6f545f89ff-4snll,0.08677065373890548
1783734673,cpu_cores,pod=workload-cloud-6f545f89ff-4snll,0.08680531107356329
1783734683,cpu_cores,pod=workload-cloud-6f545f89ff-4snll,0.08980610355469225
1783734693,cpu_cores,pod=workload-cloud-6f545f89ff-4snll,0.09092446687642035
1783734703,cpu_cores,pod=workload-cloud-6f545f89ff-4snll,0.09131325408883723
1783734713,cpu_cores,pod=workload-cloud-6f545f89ff-4snll,0.0926009101749772
1783734723,cpu_cores,pod=workload-cloud-6f545f89ff-4snll,0.09153273610978725
1783734733,cpu_cores,pod=workload-cloud-6f545f89ff-4snll,0.09195059012875527
1783734743,cpu_cores,pod=workload-cloud-6f545f89ff-4snll,0.09239932894246299
1783734753,cpu_cores,pod=workload-cloud-6f545f89ff-4snll,0.09314559953361519
1783734763,cpu_cores,pod=workload-cloud-6f545f89ff-4snll,0.09010175961269906
1783734773,cpu_cores,pod=workload-cloud-6f545f89ff-4snll,0.09010175961269908
1783734783,cpu_cores,pod=workload-cloud-6f545f89ff-4snll,0.06313360971543158
1783734793,cpu_cores,pod=workload-cloud-6f545f89ff-4snll,0.027474175000000052
1783734803,cpu_cores,pod=workload-cloud-6f545f89ff-4snll,0.02528956946293841
1783734813,cpu_cores,pod=workload-cloud-6f545f89ff-4snll,0.006193274734260089
1783734823,cpu_cores,pod=workload-cloud-6f545f89ff-4snll,0.0021453521294669035
1783734833,cpu_cores,pod=workload-cloud-6f545f89ff-4snll,0.0021046412686133243
1783734843,cpu_cores,pod=workload-cloud-6f545f89ff-4snll,0.002064303429919301
1783734853,cpu_cores,pod=workload-cloud-6f545f89ff-4snll,0.002092202618098859
1783734863,cpu_cores,pod=workload-cloud-6f545f89ff-4snll,0.0017118859839314413
1783734453,cpu_cores,pod=workload-cloud-6f545f89ff-5z8f5,0.00879872756465429
1783734463,cpu_cores,pod=workload-cloud-6f545f89ff-5z8f5,0.013181448167957707
1783734473,cpu_cores,pod=workload-cloud-6f545f89ff-5z8f5,0.009269666073423081
1783734483,cpu_cores,pod=workload-cloud-6f545f89ff-5z8f5,0.009352477966825362
1783734493,cpu_cores,pod=workload-cloud-6f545f89ff-5z8f5,0.010718499206529132
1783734503,cpu_cores,pod=workload-cloud-6f545f89ff-5z8f5,0.0016774370568738053
1783734513,cpu_cores,pod=workload-cloud-6f545f89ff-5z8f5,0.001529901662255454
1783734523,cpu_cores,pod=workload-cloud-6f545f89ff-5z8f5,0.0017883186789098074
1783734533,cpu_cores,pod=workload-cloud-6f545f89ff-5z8f5,0.0018278787878787887
1783734543,cpu_cores,pod=workload-cloud-6f545f89ff-5z8f5,0.001831701269753814
1783734553,cpu_cores,pod=workload-cloud-6f545f89ff-5z8f5,0.0018266661698123773
1783734563,cpu_cores,pod=workload-cloud-6f545f89ff-5z8f5,0.0018260546826673286
1783734573,cpu_cores,pod=workload-cloud-6f545f89ff-5z8f5,0.00174454143361962
1783734583,cpu_cores,pod=workload-cloud-6f545f89ff-5z8f5,0.0017775596748208368
1783734593,cpu_cores,pod=workload-cloud-6f545f89ff-5z8f5,0.001785128157846211
1783734603,cpu_cores,pod=workload-cloud-6f545f89ff-5z8f5,0.0017352284473847411
1783734613,cpu_cores,pod=workload-cloud-6f545f89ff-5z8f5,0.0017611840789385957
1783734623,cpu_cores,pod=workload-cloud-6f545f89ff-5z8f5,0.001782182438192669
1783734633,cpu_cores,pod=workload-cloud-6f545f89ff-5z8f5,0.0016923854725546842
1783734643,cpu_cores,pod=workload-cloud-6f545f89ff-5z8f5,0.0017027108838961397
1783734653,cpu_cores,pod=workload-cloud-6f545f89ff-5z8f5,0.001714384370335718
1783734663,cpu_cores,pod=workload-cloud-6f545f89ff-5z8f5,0.0017009799141965674
1783734673,cpu_cores,pod=workload-cloud-6f545f89ff-5z8f5,0.0017343416753086655
1783734683,cpu_cores,pod=workload-cloud-6f545f89ff-5z8f5,0.00186217499087188
1783734693,cpu_cores,pod=workload-cloud-6f545f89ff-5z8f5,0.001948935364416764
1783734703,cpu_cores,pod=workload-cloud-6f545f89ff-5z8f5,0.001948935364416764
1783734713,cpu_cores,pod=workload-cloud-6f545f89ff-5z8f5,0.0019824088748019025
1783734723,cpu_cores,pod=workload-cloud-6f545f89ff-5z8f5,0.001956342225254011
1783734733,cpu_cores,pod=workload-cloud-6f545f89ff-5z8f5,0.0019272268026497615
1783734743,cpu_cores,pod=workload-cloud-6f545f89ff-5z8f5,0.001900415910022846
1783734753,cpu_cores,pod=workload-cloud-6f545f89ff-5z8f5,0.0018824849448926249
1783734763,cpu_cores,pod=workload-cloud-6f545f89ff-5z8f5,0.0018580779702253346
1783734773,cpu_cores,pod=workload-cloud-6f545f89ff-5z8f5,0.0018767543859649113
1783734783,cpu_cores,pod=workload-cloud-6f545f89ff-5z8f5,0.0015947859435188959
1783734793,cpu_cores,pod=workload-cloud-6f545f89ff-5z8f5,0.0018472503337496218
1783734803,cpu_cores,pod=workload-cloud-6f545f89ff-5z8f5,0.0019295589960661634
1783734813,cpu_cores,pod=workload-cloud-6f545f89ff-5z8f5,0.0019295589960661634
1783734823,cpu_cores,pod=workload-cloud-6f545f89ff-5z8f5,0.0019181656954649138
1783734833,cpu_cores,pod=workload-cloud-6f545f89ff-5z8f5,0.0019181656954649138
1783734843,cpu_cores,pod=workload-cloud-6f545f89ff-5z8f5,0.0015041251378651846
1783734853,cpu_cores,pod=workload-cloud-6f545f89ff-5z8f5,0.0011872319828722033
1783734213,cpu_cores,pod=workload-cloud-6f545f89ff-9hvzm,0.0020886540645790367
1783734223,cpu_cores,pod=workload-cloud-6f545f89ff-9hvzm,0.006002178696703209
1783734233,cpu_cores,pod=workload-cloud-6f545f89ff-9hvzm,0.006002178696703209
1783734243,cpu_cores,pod=workload-cloud-6f545f89ff-9hvzm,0.01959362981045773
1783734253,cpu_cores,pod=workload-cloud-6f545f89ff-9hvzm,0.04386044774430203
1783734263,cpu_cores,pod=workload-cloud-6f545f89ff-9hvzm,0.05559334076090036
1783734273,cpu_cores,pod=workload-cloud-6f545f89ff-9hvzm,0.07329648514339117
1783734283,cpu_cores,pod=workload-cloud-6f545f89ff-9hvzm,0.10169403598971552
1783734293,cpu_cores,pod=workload-cloud-6f545f89ff-9hvzm,0.11370803736874828
1783734303,cpu_cores,pod=workload-cloud-6f545f89ff-9hvzm,0.1084876707329835
1783734313,cpu_cores,pod=workload-cloud-6f545f89ff-9hvzm,0.15826587702177786
1783734323,cpu_cores,pod=workload-cloud-6f545f89ff-9hvzm,0.17777298924329832
1783734333,cpu_cores,pod=workload-cloud-6f545f89ff-9hvzm,0.1843159372682013
1783734343,cpu_cores,pod=workload-cloud-6f545f89ff-9hvzm,0.19886815524640825
1783734353,cpu_cores,pod=workload-cloud-6f545f89ff-9hvzm,0.20529582531582125
1783734363,cpu_cores,pod=workload-cloud-6f545f89ff-9hvzm,0.2166862261944559
1783734373,cpu_cores,pod=workload-cloud-6f545f89ff-9hvzm,0.23261618421306715
1783734383,cpu_cores,pod=workload-cloud-6f545f89ff-9hvzm,0.24804941458655158
1783734393,cpu_cores,pod=workload-cloud-6f545f89ff-9hvzm,0.25619681371287545
1783734403,cpu_cores,pod=workload-cloud-6f545f89ff-9hvzm,0.26398275662806403
1783734413,cpu_cores,pod=workload-cloud-6f545f89ff-9hvzm,0.22349440133023465
1783734423,cpu_cores,pod=workload-cloud-6f545f89ff-9hvzm,0.3291208753778676
1783734433,cpu_cores,pod=workload-cloud-6f545f89ff-9hvzm,0.39236160632795997
1783734443,cpu_cores,pod=workload-cloud-6f545f89ff-9hvzm,0.4522471475948559
1783734453,cpu_cores,pod=workload-cloud-6f545f89ff-9hvzm,0.4826796164885999
1783734463,cpu_cores,pod=workload-cloud-6f545f89ff-9hvzm,0.5354714702562232
1783734473,cpu_cores,pod=workload-cloud-6f545f89ff-9hvzm,0.5354714702562232
1783734483,cpu_cores,pod=workload-cloud-6f545f89ff-9hvzm,0.5338337427356028
1783734493,cpu_cores,pod=workload-cloud-6f545f89ff-9hvzm,0.5303183510313648
1783734503,cpu_cores,pod=workload-cloud-6f545f89ff-9hvzm,0.5241089962084914
1783734513,cpu_cores,pod=workload-cloud-6f545f89ff-9hvzm,0.5224546965406913
1783734523,cpu_cores,pod=workload-cloud-6f545f89ff-9hvzm,0.5292502097771798
1783734533,cpu_cores,pod=workload-cloud-6f545f89ff-9hvzm,0.5369328838616664
1783734543,cpu_cores,pod=workload-cloud-6f545f89ff-9hvzm,0.5521350317188631
1783734553,cpu_cores,pod=workload-cloud-6f545f89ff-9hvzm,0.5531570372894379
1783734563,cpu_cores,pod=workload-cloud-6f545f89ff-9hvzm,0.5393923711247214
1783734573,cpu_cores,pod=workload-cloud-6f545f89ff-9hvzm,0.42552642825833425
1783734583,cpu_cores,pod=workload-cloud-6f545f89ff-9hvzm,0.4619077067515688
1783734593,cpu_cores,pod=workload-cloud-6f545f89ff-9hvzm,0.32918922775129233
1783734603,cpu_cores,pod=workload-cloud-6f545f89ff-9hvzm,0.32277548274703965
1783734613,cpu_cores,pod=workload-cloud-6f545f89ff-9hvzm,0.31501652578782435
1783734623,cpu_cores,pod=workload-cloud-6f545f89ff-9hvzm,0.2837684144080123
1783734633,cpu_cores,pod=workload-cloud-6f545f89ff-9hvzm,0.2326365173910058
1783734643,cpu_cores,pod=workload-cloud-6f545f89ff-9hvzm,0.2714623784559845
1783734653,cpu_cores,pod=workload-cloud-6f545f89ff-9hvzm,0.2779658891285471
1783734663,cpu_cores,pod=workload-cloud-6f545f89ff-9hvzm,0.2779658891285471
1783734673,cpu_cores,pod=workload-cloud-6f545f89ff-9hvzm,0.2759926287331602
1783734683,cpu_cores,pod=workload-cloud-6f545f89ff-9hvzm,0.2834165907221792
1783734693,cpu_cores,pod=workload-cloud-6f545f89ff-9hvzm,0.2834165907221792
1783734703,cpu_cores,pod=workload-cloud-6f545f89ff-9hvzm,0.27833373020846985
1783734713,cpu_cores,pod=workload-cloud-6f545f89ff-9hvzm,0.27852473030734537
1783734723,cpu_cores,pod=workload-cloud-6f545f89ff-9hvzm,0.2813670731932284
1783734733,cpu_cores,pod=workload-cloud-6f545f89ff-9hvzm,0.27857524497163394
1783734743,cpu_cores,pod=workload-cloud-6f545f89ff-9hvzm,0.2834240987200992
1783734753,cpu_cores,pod=workload-cloud-6f545f89ff-9hvzm,0.282189338303823
1783734763,cpu_cores,pod=workload-cloud-6f545f89ff-9hvzm,0.27978216417470103
1783734773,cpu_cores,pod=workload-cloud-6f545f89ff-9hvzm,0.2738551252093703
1783734783,cpu_cores,pod=workload-cloud-6f545f89ff-9hvzm,0.26940646052859135
1783734793,cpu_cores,pod=workload-cloud-6f545f89ff-9hvzm,0.22601978377421159
1783734803,cpu_cores,pod=workload-cloud-6f545f89ff-9hvzm,0.13852917701312403
1783734813,cpu_cores,pod=workload-cloud-6f545f89ff-9hvzm,0.08085945009318468
1783734823,cpu_cores,pod=workload-cloud-6f545f89ff-9hvzm,0.05204694855152348
1783734833,cpu_cores,pod=workload-cloud-6f545f89ff-9hvzm,0.0027718530812215424
1783734843,cpu_cores,pod=workload-cloud-6f545f89ff-9hvzm,0.002907478427611301
1783734853,cpu_cores,pod=workload-cloud-6f545f89ff-9hvzm,0.002154179653161874
1783734863,cpu_cores,pod=workload-cloud-6f545f89ff-9hvzm,0.0021967238400845517
1783734513,cpu_cores,pod=workload-cloud-6f545f89ff-mj9gz,0.011841261075310184
1783734523,cpu_cores,pod=workload-cloud-6f545f89ff-mj9gz,0.01010225
1783734533,cpu_cores,pod=workload-cloud-6f545f89ff-mj9gz,0.009578798915534684
1783734543,cpu_cores,pod=workload-cloud-6f545f89ff-mj9gz,0.00852887818126202
1783734553,cpu_cores,pod=workload-cloud-6f545f89ff-mj9gz,0.009817558119209927
1783734563,cpu_cores,pod=workload-cloud-6f545f89ff-mj9gz,0.0019282397329850542
1783734573,cpu_cores,pod=workload-cloud-6f545f89ff-mj9gz,0.0019225987118454229
1783734583,cpu_cores,pod=workload-cloud-6f545f89ff-mj9gz,0.0019071114154357812
1783734593,cpu_cores,pod=workload-cloud-6f545f89ff-mj9gz,0.0018795519973103035
1783734603,cpu_cores,pod=workload-cloud-6f545f89ff-mj9gz,0.0015662817512216145
1783734613,cpu_cores,pod=workload-cloud-6f545f89ff-mj9gz,0.001856495076869926
1783734623,cpu_cores,pod=workload-cloud-6f545f89ff-mj9gz,0.0018378622574597393
1783734633,cpu_cores,pod=workload-cloud-6f545f89ff-mj9gz,0.0018378622574597389
1783734643,cpu_cores,pod=workload-cloud-6f545f89ff-mj9gz,0.0017660704723144475
1783734653,cpu_cores,pod=workload-cloud-6f545f89ff-mj9gz,0.0018022667829119435
1783734663,cpu_cores,pod=workload-cloud-6f545f89ff-mj9gz,0.0015085824043398234
1783734673,cpu_cores,pod=workload-cloud-6f545f89ff-mj9gz,0.0018401993497604362
1783734683,cpu_cores,pod=workload-cloud-6f545f89ff-mj9gz,0.001949028059676507
1783734693,cpu_cores,pod=workload-cloud-6f545f89ff-mj9gz,0.001949028059676507
1783734703,cpu_cores,pod=workload-cloud-6f545f89ff-mj9gz,0.001922598858154086
1783734713,cpu_cores,pod=workload-cloud-6f545f89ff-mj9gz,0.0020557213690848702
1783734723,cpu_cores,pod=workload-cloud-6f545f89ff-mj9gz,0.0020557213690848702
1783734733,cpu_cores,pod=workload-cloud-6f545f89ff-mj9gz,0.0019995279201510657
1783734743,cpu_cores,pod=workload-cloud-6f545f89ff-mj9gz,0.002022183495643259
1783734753,cpu_cores,pod=workload-cloud-6f545f89ff-mj9gz,0.002022183495643259
1783734763,cpu_cores,pod=workload-cloud-6f545f89ff-mj9gz,0.0019184387737019334
1783734773,cpu_cores,pod=workload-cloud-6f545f89ff-mj9gz,0.001967015511119418
1783734783,cpu_cores,pod=workload-cloud-6f545f89ff-mj9gz,0.001944820415879017
1783734793,cpu_cores,pod=workload-cloud-6f545f89ff-mj9gz,0.0019607866650677543
1783734803,cpu_cores,pod=workload-cloud-6f545f89ff-mj9gz,0.00197127350750978
1783734813,cpu_cores,pod=workload-cloud-6f545f89ff-mj9gz,0.0020049916805324466
1783734823,cpu_cores,pod=workload-cloud-6f545f89ff-mj9gz,0.0020073691796266605
1783734833,cpu_cores,pod=workload-cloud-6f545f89ff-mj9gz,0.002122059786166268
1783734843,cpu_cores,pod=workload-cloud-6f545f89ff-mj9gz,0.0021464755410201095
1783734853,cpu_cores,pod=workload-cloud-6f545f89ff-mj9gz,0.0012834499999999972
1783734863,cpu_cores,pod=workload-cloud-6f545f89ff-mj9gz,0.002131263720530683
1783734213,cpu_cores,pod=workload-cloud-6f545f89ff-phx9t,0.0006187370003424315
1783734213,cpu_cores,pod=workload-cloud-6f545f89ff-rqx5x,0.0007105162261574395
1783734453,cpu_cores,pod=workload-cloud-6f545f89ff-rvjdz,0.008892742554609563
1783734463,cpu_cores,pod=workload-cloud-6f545f89ff-rvjdz,0.013348732406690746
1783734473,cpu_cores,pod=workload-cloud-6f545f89ff-rvjdz,0.009643663903813738
1783734483,cpu_cores,pod=workload-cloud-6f545f89ff-rvjdz,0.008900210358246953
1783734493,cpu_cores,pod=workload-cloud-6f545f89ff-rvjdz,0.010209187124931804
1783734503,cpu_cores,pod=workload-cloud-6f545f89ff-rvjdz,0.001680727949352153
1783734513,cpu_cores,pod=workload-cloud-6f545f89ff-rvjdz,0.0016766548364814324
1783734523,cpu_cores,pod=workload-cloud-6f545f89ff-rvjdz,0.0016945977011494258
1783734533,cpu_cores,pod=workload-cloud-6f545f89ff-rvjdz,0.0014540279878556721
1783734543,cpu_cores,pod=workload-cloud-6f545f89ff-rvjdz,0.0018711714986821759
1783734553,cpu_cores,pod=workload-cloud-6f545f89ff-rvjdz,0.0018711714986821759
1783734563,cpu_cores,pod=workload-cloud-6f545f89ff-rvjdz,0.0018790062937498705
1783734573,cpu_cores,pod=workload-cloud-6f545f89ff-rvjdz,0.0018593225389887736
1783734583,cpu_cores,pod=workload-cloud-6f545f89ff-rvjdz,0.0017873161163779014
1783734593,cpu_cores,pod=workload-cloud-6f545f89ff-rvjdz,0.001826086956521741
1783734603,cpu_cores,pod=workload-cloud-6f545f89ff-rvjdz,0.0018030645800778972
1783734613,cpu_cores,pod=workload-cloud-6f545f89ff-rvjdz,0.0017931177212093846
1783734623,cpu_cores,pod=workload-cloud-6f545f89ff-rvjdz,0.0018190319571940513
1783734633,cpu_cores,pod=workload-cloud-6f545f89ff-rvjdz,0.001788025769221201
1783734643,cpu_cores,pod=workload-cloud-6f545f89ff-rvjdz,0.0017905312413982928
1783734653,cpu_cores,pod=workload-cloud-6f545f89ff-rvjdz,0.0017314675455809797
1783734663,cpu_cores,pod=workload-cloud-6f545f89ff-rvjdz,0.0017265663863555616
1783734673,cpu_cores,pod=workload-cloud-6f545f89ff-rvjdz,0.0016849694668240368
1783734683,cpu_cores,pod=workload-cloud-6f545f89ff-rvjdz,0.0017992829033668563
1783734693,cpu_cores,pod=workload-cloud-6f545f89ff-rvjdz,0.0017991228824490496
1783734703,cpu_cores,pod=workload-cloud-6f545f89ff-rvjdz,0.001953599440064228
1783734713,cpu_cores,pod=workload-cloud-6f545f89ff-rvjdz,0.002032477651111294
1783734723,cpu_cores,pod=workload-cloud-6f545f89ff-rvjdz,0.002023411180266087
1783734733,cpu_cores,pod=workload-cloud-6f545f89ff-rvjdz,0.0020124643252373447
1783734743,cpu_cores,pod=workload-cloud-6f545f89ff-rvjdz,0.001957272512965582
1783734753,cpu_cores,pod=workload-cloud-6f545f89ff-rvjdz,0.002031197301854975
1783734763,cpu_cores,pod=workload-cloud-6f545f89ff-rvjdz,0.0019396236340594466
1783734773,cpu_cores,pod=workload-cloud-6f545f89ff-rvjdz,0.0019396236340594466
1783734783,cpu_cores,pod=workload-cloud-6f545f89ff-rvjdz,0.001923851142465308
1783734793,cpu_cores,pod=workload-cloud-6f545f89ff-rvjdz,0.0018940665025957912
1783734803,cpu_cores,pod=workload-cloud-6f545f89ff-rvjdz,0.0018034579544178703
1783734813,cpu_cores,pod=workload-cloud-6f545f89ff-rvjdz,0.001841733213820076
1783734823,cpu_cores,pod=workload-cloud-6f545f89ff-rvjdz,0.0018186211972522097
1783734833,cpu_cores,pod=workload-cloud-6f545f89ff-rvjdz,0.0015674797133627752
1783734843,cpu_cores,pod=workload-cloud-6f545f89ff-rvjdz,0.0018721189281475797
1783734853,cpu_cores,pod=workload-cloud-6f545f89ff-rvjdz,0.0018792525369931599
1783734863,cpu_cores,pod=workload-cloud-6f545f89ff-rvjdz,0.0018792525369931599
1783734393,cpu_cores,pod=workload-cloud-6f545f89ff-w5bsc,0.007385108935322271
1783734403,cpu_cores,pod=workload-cloud-6f545f89ff-w5bsc,0.01101538623200551
1783734413,cpu_cores,pod=workload-cloud-6f545f89ff-w5bsc,0.04037696812419811
1783734423,cpu_cores,pod=workload-cloud-6f545f89ff-w5bsc,0.11546452439559197
1783734433,cpu_cores,pod=workload-cloud-6f545f89ff-w5bsc,0.13906533215917613
1783734443,cpu_cores,pod=workload-cloud-6f545f89ff-w5bsc,0.24006364112401737
1783734453,cpu_cores,pod=workload-cloud-6f545f89ff-w5bsc,0.24481783333333326
1783734463,cpu_cores,pod=workload-cloud-6f545f89ff-w5bsc,0.3919406413846835
1783734473,cpu_cores,pod=workload-cloud-6f545f89ff-w5bsc,0.350379812591352
1783734483,cpu_cores,pod=workload-cloud-6f545f89ff-w5bsc,0.4316155807660283
1783734493,cpu_cores,pod=workload-cloud-6f545f89ff-w5bsc,0.42728958126969846
1783734503,cpu_cores,pod=workload-cloud-6f545f89ff-w5bsc,0.42221054528317586
1783734513,cpu_cores,pod=workload-cloud-6f545f89ff-w5bsc,0.41865154548292893
1783734523,cpu_cores,pod=workload-cloud-6f545f89ff-w5bsc,0.41564647671761334
1783734533,cpu_cores,pod=workload-cloud-6f545f89ff-w5bsc,0.4156464767176133
1783734543,cpu_cores,pod=workload-cloud-6f545f89ff-w5bsc,0.4286182434566549
1783734553,cpu_cores,pod=workload-cloud-6f545f89ff-w5bsc,0.43931828954147345
1783734563,cpu_cores,pod=workload-cloud-6f545f89ff-w5bsc,0.42886934489153394
1783734573,cpu_cores,pod=workload-cloud-6f545f89ff-w5bsc,0.38641895507983837
1783734583,cpu_cores,pod=workload-cloud-6f545f89ff-w5bsc,0.233412455910338
1783734593,cpu_cores,pod=workload-cloud-6f545f89ff-w5bsc,0.23261517299600953
1783734603,cpu_cores,pod=workload-cloud-6f545f89ff-w5bsc,0.09728530504800241
1783734613,cpu_cores,pod=workload-cloud-6f545f89ff-w5bsc,0.06993511724137937
1783734623,cpu_cores,pod=workload-cloud-6f545f89ff-w5bsc,0.02214277062125851
1783734633,cpu_cores,pod=workload-cloud-6f545f89ff-w5bsc,0.001959775509405835
1783734643,cpu_cores,pod=workload-cloud-6f545f89ff-w5bsc,0.0019662749105775275
1783734653,cpu_cores,pod=workload-cloud-6f545f89ff-w5bsc,0.00192873200185787
1783734663,cpu_cores,pod=workload-cloud-6f545f89ff-w5bsc,0.001858096284539965
1783734673,cpu_cores,pod=workload-cloud-6f545f89ff-w5bsc,0.0016778118907593903
1783734683,cpu_cores,pod=workload-cloud-6f545f89ff-w5bsc,0.0019658082616729874
1783734693,cpu_cores,pod=workload-cloud-6f545f89ff-w5bsc,0.0020766140466962693
1783734703,cpu_cores,pod=workload-cloud-6f545f89ff-w5bsc,0.002074744584457027
1783734713,cpu_cores,pod=workload-cloud-6f545f89ff-w5bsc,0.0021229257992702987
1783734723,cpu_cores,pod=workload-cloud-6f545f89ff-w5bsc,0.002181483501499645
1783734733,cpu_cores,pod=workload-cloud-6f545f89ff-w5bsc,0.0017908170841902694
1783734743,cpu_cores,pod=workload-cloud-6f545f89ff-w5bsc,0.0021438352963171624
1783734753,cpu_cores,pod=workload-cloud-6f545f89ff-w5bsc,0.0022317864986153117
1783734763,cpu_cores,pod=workload-cloud-6f545f89ff-w5bsc,0.002135444553270478
1783734773,cpu_cores,pod=workload-cloud-6f545f89ff-w5bsc,0.002135444553270478
1783734783,cpu_cores,pod=workload-cloud-6f545f89ff-w5bsc,0.0017368238341978375
1783734793,cpu_cores,pod=workload-cloud-6f545f89ff-w5bsc,0.0013640635791624645
1783734803,cpu_cores,pod=workload-cloud-6f545f89ff-w5bsc,0.0010167703594250953
1783734213,cpu_cores,pod=workload-edge-7b875fd8c6-pxwvc,0.002099009010629271
1783734223,cpu_cores,pod=workload-edge-7b875fd8c6-pxwvc,0.002021215684269683
1783734233,cpu_cores,pod=workload-edge-7b875fd8c6-pxwvc,0.0020452465873652755
1783734243,cpu_cores,pod=workload-edge-7b875fd8c6-pxwvc,0.0017400003388697296
1783734253,cpu_cores,pod=workload-edge-7b875fd8c6-pxwvc,0.0021245840605003128
1783734263,cpu_cores,pod=workload-edge-7b875fd8c6-pxwvc,0.0021657532607395405
1783734273,cpu_cores,pod=workload-edge-7b875fd8c6-pxwvc,0.00213477306557015
1783734283,cpu_cores,pod=workload-edge-7b875fd8c6-pxwvc,0.001773468654147584
1783734293,cpu_cores,pod=workload-edge-7b875fd8c6-pxwvc,0.0021570689740910668
1783734303,cpu_cores,pod=workload-edge-7b875fd8c6-pxwvc,0.002131666236319817
1783734313,cpu_cores,pod=workload-edge-7b875fd8c6-pxwvc,0.0020748685817447605
1783734323,cpu_cores,pod=workload-edge-7b875fd8c6-pxwvc,0.002095458862906408
1783734333,cpu_cores,pod=workload-edge-7b875fd8c6-pxwvc,0.002071956206305255
1783734343,cpu_cores,pod=workload-edge-7b875fd8c6-pxwvc,0.002071956206305255
1783734353,cpu_cores,pod=workload-edge-7b875fd8c6-pxwvc,0.0020547248576850987
1783734363,cpu_cores,pod=workload-edge-7b875fd8c6-pxwvc,0.0020716028589320866
1783734373,cpu_cores,pod=workload-edge-7b875fd8c6-pxwvc,0.0013967000000000953
1783734383,cpu_cores,pod=workload-edge-7b875fd8c6-pxwvc,0.0021186094523498564
1783734393,cpu_cores,pod=workload-edge-7b875fd8c6-pxwvc,0.0021156680197669375
1783734403,cpu_cores,pod=workload-edge-7b875fd8c6-pxwvc,0.0021156680197669375
1783734413,cpu_cores,pod=workload-edge-7b875fd8c6-pxwvc,0.0021422112197716286
1783734423,cpu_cores,pod=workload-edge-7b875fd8c6-pxwvc,0.0020702256444041825
1783734433,cpu_cores,pod=workload-edge-7b875fd8c6-pxwvc,0.0020702256444041825
1783734443,cpu_cores,pod=workload-edge-7b875fd8c6-pxwvc,0.0021393519553073127
1783734453,cpu_cores,pod=workload-edge-7b875fd8c6-pxwvc,0.002145539222820469
1783734463,cpu_cores,pod=workload-edge-7b875fd8c6-pxwvc,0.002153007485689095
1783734473,cpu_cores,pod=workload-edge-7b875fd8c6-pxwvc,0.002168548306524026
1783734483,cpu_cores,pod=workload-edge-7b875fd8c6-pxwvc,0.002174229303775561
1783734493,cpu_cores,pod=workload-edge-7b875fd8c6-pxwvc,0.002174229303775561
1783734503,cpu_cores,pod=workload-edge-7b875fd8c6-pxwvc,0.0022196222523045146
1783734513,cpu_cores,pod=workload-edge-7b875fd8c6-pxwvc,0.0021668766393359005
1783734523,cpu_cores,pod=workload-edge-7b875fd8c6-pxwvc,0.002147856322572506
1783734533,cpu_cores,pod=workload-edge-7b875fd8c6-pxwvc,0.0021957571720031942
1783734543,cpu_cores,pod=workload-edge-7b875fd8c6-pxwvc,0.0021868591583956575
1783734553,cpu_cores,pod=workload-edge-7b875fd8c6-pxwvc,0.002186859158395657
1783734563,cpu_cores,pod=workload-edge-7b875fd8c6-pxwvc,0.0022402628085411375
1783734573,cpu_cores,pod=workload-edge-7b875fd8c6-pxwvc,0.002215776607747263
1783734583,cpu_cores,pod=workload-edge-7b875fd8c6-pxwvc,0.002215776607747263
1783734593,cpu_cores,pod=workload-edge-7b875fd8c6-pxwvc,0.002213095154370848
1783734603,cpu_cores,pod=workload-edge-7b875fd8c6-pxwvc,0.0022153681105003425
1783734613,cpu_cores,pod=workload-edge-7b875fd8c6-pxwvc,0.0022174457727826094
1783734623,cpu_cores,pod=workload-edge-7b875fd8c6-pxwvc,0.002216116235488738
1783734633,cpu_cores,pod=workload-edge-7b875fd8c6-pxwvc,0.00215355954757156
1783734643,cpu_cores,pod=workload-edge-7b875fd8c6-pxwvc,0.0021548034708058694
1783734653,cpu_cores,pod=workload-edge-7b875fd8c6-pxwvc,0.0021476289819741434
1783734663,cpu_cores,pod=workload-edge-7b875fd8c6-pxwvc,0.002115594399587767
1783734673,cpu_cores,pod=workload-edge-7b875fd8c6-pxwvc,0.0018765442871756402
1783734683,cpu_cores,pod=workload-edge-7b875fd8c6-pxwvc,0.0022586894446632827
1783734693,cpu_cores,pod=workload-edge-7b875fd8c6-pxwvc,0.002236397081878731
1783734703,cpu_cores,pod=workload-edge-7b875fd8c6-pxwvc,0.0022960546374778236
1783734713,cpu_cores,pod=workload-edge-7b875fd8c6-pxwvc,0.00237188485804407
1783734723,cpu_cores,pod=workload-edge-7b875fd8c6-pxwvc,0.002232800947039544
1783734733,cpu_cores,pod=workload-edge-7b875fd8c6-pxwvc,0.0019225545166403626
1783734743,cpu_cores,pod=workload-edge-7b875fd8c6-pxwvc,0.0023653298941636444
1783734753,cpu_cores,pod=workload-edge-7b875fd8c6-pxwvc,0.0022811135900670052
1783734763,cpu_cores,pod=workload-edge-7b875fd8c6-pxwvc,0.0023248687928946955
1783734773,cpu_cores,pod=workload-edge-7b875fd8c6-pxwvc,0.0023843923908672304
1783734783,cpu_cores,pod=workload-edge-7b875fd8c6-pxwvc,0.002316555407209569
1783734793,cpu_cores,pod=workload-edge-7b875fd8c6-pxwvc,0.002298375859966966
1783734803,cpu_cores,pod=workload-edge-7b875fd8c6-pxwvc,0.002215085388994245
1783734813,cpu_cores,pod=workload-edge-7b875fd8c6-pxwvc,0.002215085388994245
1783734823,cpu_cores,pod=workload-edge-7b875fd8c6-pxwvc,0.00219607136802846
1783734833,cpu_cores,pod=workload-edge-7b875fd8c6-pxwvc,0.002200405836312667
1783734843,cpu_cores,pod=workload-edge-7b875fd8c6-pxwvc,0.001855724486531156
1783734853,cpu_cores,pod=workload-edge-7b875fd8c6-pxwvc,0.0022471677074041166
1783734863,cpu_cores,pod=workload-edge-7b875fd8c6-pxwvc,0.0022544110399211736
1783734333,cpu_utilisation,pod=workload-cloud-6f545f89ff-4snll,0.06664438800309597
1783734343,cpu_utilisation,pod=workload-cloud-6f545f89ff-4snll,0.10039996075851393
1783734353,cpu_utilisation,pod=workload-cloud-6f545f89ff-4snll,0.11027559778478976
1783734363,cpu_utilisation,pod=workload-cloud-6f545f89ff-4snll,0.12563598932478345
1783734373,cpu_utilisation,pod=workload-cloud-6f545f89ff-4snll,0.15062497410185222
1783734383,cpu_utilisation,pod=workload-cloud-6f545f89ff-4snll,0.14369359444207122
1783734393,cpu_utilisation,pod=workload-cloud-6f545f89ff-4snll,0.12513881211107913
1783734403,cpu_utilisation,pod=workload-cloud-6f545f89ff-4snll,0.20106616354802023
1783734413,cpu_utilisation,pod=workload-cloud-6f545f89ff-4snll,0.41201454801674464
1783734423,cpu_utilisation,pod=workload-cloud-6f545f89ff-4snll,0.4872660407321761
1783734433,cpu_utilisation,pod=workload-cloud-6f545f89ff-4snll,0.8147159032949098
1783734443,cpu_utilisation,pod=workload-cloud-6f545f89ff-4snll,1.503222333756487
1783734453,cpu_utilisation,pod=workload-cloud-6f545f89ff-4snll,1.519873893155399
1783734463,cpu_utilisation,pod=workload-cloud-6f545f89ff-4snll,1.9735524993146303
1783734473,cpu_utilisation,pod=workload-cloud-6f545f89ff-4snll,2.0766960443381874
1783734483,cpu_utilisation,pod=workload-cloud-6f545f89ff-4snll,2.0766960443381874
1783734493,cpu_utilisation,pod=workload-cloud-6f545f89ff-4snll,2.0373086647758507
1783734503,cpu_utilisation,pod=workload-cloud-6f545f89ff-4snll,2.0534226839020877
1783734513,cpu_utilisation,pod=workload-cloud-6f545f89ff-4snll,2.067930138014063
1783734523,cpu_utilisation,pod=workload-cloud-6f545f89ff-4snll,2.0701374599585454
1783734533,cpu_utilisation,pod=workload-cloud-6f545f89ff-4snll,1.8099305059369066
1783734543,cpu_utilisation,pod=workload-cloud-6f545f89ff-4snll,2.104693871461819
1783734553,cpu_utilisation,pod=workload-cloud-6f545f89ff-4snll,2.1186117405848712
1783734563,cpu_utilisation,pod=workload-cloud-6f545f89ff-4snll,1.9524772371746026
1783734573,cpu_utilisation,pod=workload-cloud-6f545f89ff-4snll,1.9203819847722294
1783734583,cpu_utilisation,pod=workload-cloud-6f545f89ff-4snll,1.2979817915043048
1783734593,cpu_utilisation,pod=workload-cloud-6f545f89ff-4snll,1.1012600051878747
1783734603,cpu_utilisation,pod=workload-cloud-6f545f89ff-4snll,0.8493684026564138
1783734613,cpu_utilisation,pod=workload-cloud-6f545f89ff-4snll,0.5080803459370645
1783734623,cpu_utilisation,pod=workload-cloud-6f545f89ff-4snll,0.3776778605861746
1783734633,cpu_utilisation,pod=workload-cloud-6f545f89ff-4snll,0.43713828148482087
1783734643,cpu_utilisation,pod=workload-cloud-6f545f89ff-4snll,0.4357847626977513
1783734653,cpu_utilisation,pod=workload-cloud-6f545f89ff-4snll,0.4320333624890657
1783734663,cpu_utilisation,pod=workload-cloud-6f545f89ff-4snll,0.4338532686945274
1783734673,cpu_utilisation,pod=workload-cloud-6f545f89ff-4snll,0.4340265553678164
1783734683,cpu_utilisation,pod=workload-cloud-6f545f89ff-4snll,0.4490305177734612
1783734693,cpu_utilisation,pod=workload-cloud-6f545f89ff-4snll,0.4546223343821017
1783734703,cpu_utilisation,pod=workload-cloud-6f545f89ff-4snll,0.45656627044418613
1783734713,cpu_utilisation,pod=workload-cloud-6f545f89ff-4snll,0.46300455087488596
1783734723,cpu_utilisation,pod=workload-cloud-6f545f89ff-4snll,0.45766368054893625
1783734733,cpu_utilisation,pod=workload-cloud-6f545f89ff-4snll,0.4597529506437763
1783734743,cpu_utilisation,pod=workload-cloud-6f545f89ff-4snll,0.4619966447123149
1783734753,cpu_utilisation,pod=workload-cloud-6f545f89ff-4snll,0.46572799766807593
1783734763,cpu_utilisation,pod=workload-cloud-6f545f89ff-4snll,0.4505087980634953
1783734773,cpu_utilisation,pod=workload-cloud-6f545f89ff-4snll,0.45050879806349536
1783734783,cpu_utilisation,pod=workload-cloud-6f545f89ff-4snll,0.3156680485771579
1783734793,cpu_utilisation,pod=workload-cloud-6f545f89ff-4snll,0.13737087500000025
1783734803,cpu_utilisation,pod=workload-cloud-6f545f89ff-4snll,0.12644784731469205
1783734813,cpu_utilisation,pod=workload-cloud-6f545f89ff-4snll,0.030966373671300444
1783734823,cpu_utilisation,pod=workload-cloud-6f545f89ff-4snll,0.010726760647334516
1783734833,cpu_utilisation,pod=workload-cloud-6f545f89ff-4snll,0.01052320634306662
1783734843,cpu_utilisation,pod=workload-cloud-6f545f89ff-4snll,0.010321517149596504
1783734853,cpu_utilisation,pod=workload-cloud-6f545f89ff-4snll,0.010461013090494294
1783734863,cpu_utilisation,pod=workload-cloud-6f545f89ff-4snll,0.008559429919657207
1783734453,cpu_utilisation,pod=workload-cloud-6f545f89ff-5z8f5,0.043993637823271446
1783734463,cpu_utilisation,pod=workload-cloud-6f545f89ff-5z8f5,0.06590724083978854
1783734473,cpu_utilisation,pod=workload-cloud-6f545f89ff-5z8f5,0.0463483303671154
1783734483,cpu_utilisation,pod=workload-cloud-6f545f89ff-5z8f5,0.04676238983412681
1783734493,cpu_utilisation,pod=workload-cloud-6f545f89ff-5z8f5,0.05359249603264565
1783734503,cpu_utilisation,pod=workload-cloud-6f545f89ff-5z8f5,0.008387185284369027
1783734513,cpu_utilisation,pod=workload-cloud-6f545f89ff-5z8f5,0.00764950831127727
1783734523,cpu_utilisation,pod=workload-cloud-6f545f89ff-5z8f5,0.008941593394549037
1783734533,cpu_utilisation,pod=workload-cloud-6f545f89ff-5z8f5,0.009139393939393944
1783734543,cpu_utilisation,pod=workload-cloud-6f545f89ff-5z8f5,0.00915850634876907
1783734553,cpu_utilisation,pod=workload-cloud-6f545f89ff-5z8f5,0.009133330849061885
1783734563,cpu_utilisation,pod=workload-cloud-6f545f89ff-5z8f5,0.009130273413336642
1783734573,cpu_utilisation,pod=workload-cloud-6f545f89ff-5z8f5,0.0087227071680981
1783734583,cpu_utilisation,pod=workload-cloud-6f545f89ff-5z8f5,0.008887798374104184
1783734593,cpu_utilisation,pod=workload-cloud-6f545f89ff-5z8f5,0.008925640789231054
1783734603,cpu_utilisation,pod=workload-cloud-6f545f89ff-5z8f5,0.008676142236923706
1783734613,cpu_utilisation,pod=workload-cloud-6f545f89ff-5z8f5,0.008805920394692978
1783734623,cpu_utilisation,pod=workload-cloud-6f545f89ff-5z8f5,0.008910912190963344
1783734633,cpu_utilisation,pod=workload-cloud-6f545f89ff-5z8f5,0.00846192736277342
1783734643,cpu_utilisation,pod=workload-cloud-6f545f89ff-5z8f5,0.008513554419480698
1783734653,cpu_utilisation,pod=workload-cloud-6f545f89ff-5z8f5,0.00857192185167859
1783734663,cpu_utilisation,pod=workload-cloud-6f545f89ff-5z8f5,0.008504899570982837
1783734673,cpu_utilisation,pod=workload-cloud-6f545f89ff-5z8f5,0.008671708376543326
1783734683,cpu_utilisation,pod=workload-cloud-6f545f89ff-5z8f5,0.009310874954359399
1783734693,cpu_utilisation,pod=workload-cloud-6f545f89ff-5z8f5,0.00974467682208382
1783734703,cpu_utilisation,pod=workload-cloud-6f545f89ff-5z8f5,0.00974467682208382
1783734713,cpu_utilisation,pod=workload-cloud-6f545f89ff-5z8f5,0.009912044374009513
1783734723,cpu_utilisation,pod=workload-cloud-6f545f89ff-5z8f5,0.009781711126270054
1783734733,cpu_utilisation,pod=workload-cloud-6f545f89ff-5z8f5,0.009636134013248808
1783734743,cpu_utilisation,pod=workload-cloud-6f545f89ff-5z8f5,0.00950207955011423
1783734753,cpu_utilisation,pod=workload-cloud-6f545f89ff-5z8f5,0.009412424724463124
1783734763,cpu_utilisation,pod=workload-cloud-6f545f89ff-5z8f5,0.009290389851126672
1783734773,cpu_utilisation,pod=workload-cloud-6f545f89ff-5z8f5,0.009383771929824557
1783734783,cpu_utilisation,pod=workload-cloud-6f545f89ff-5z8f5,0.007973929717594478
1783734793,cpu_utilisation,pod=workload-cloud-6f545f89ff-5z8f5,0.009236251668748108
1783734803,cpu_utilisation,pod=workload-cloud-6f545f89ff-5z8f5,0.009647794980330816
1783734813,cpu_utilisation,pod=workload-cloud-6f545f89ff-5z8f5,0.009647794980330816
1783734823,cpu_utilisation,pod=workload-cloud-6f545f89ff-5z8f5,0.009590828477324568
1783734833,cpu_utilisation,pod=workload-cloud-6f545f89ff-5z8f5,0.009590828477324568
1783734843,cpu_utilisation,pod=workload-cloud-6f545f89ff-5z8f5,0.007520625689325922
1783734213,cpu_utilisation,pod=workload-cloud-6f545f89ff-9hvzm,0.010443270322895182
1783734223,cpu_utilisation,pod=workload-cloud-6f545f89ff-9hvzm,0.030010893483516047
1783734233,cpu_utilisation,pod=workload-cloud-6f545f89ff-9hvzm,0.030010893483516047
1783734243,cpu_utilisation,pod=workload-cloud-6f545f89ff-9hvzm,0.09796814905228865
1783734253,cpu_utilisation,pod=workload-cloud-6f545f89ff-9hvzm,0.2193022387215101
1783734263,cpu_utilisation,pod=workload-cloud-6f545f89ff-9hvzm,0.2779667038045018
1783734273,cpu_utilisation,pod=workload-cloud-6f545f89ff-9hvzm,0.36648242571695583
1783734283,cpu_utilisation,pod=workload-cloud-6f545f89ff-9hvzm,0.5084701799485776
1783734293,cpu_utilisation,pod=workload-cloud-6f545f89ff-9hvzm,0.5685401868437414
1783734303,cpu_utilisation,pod=workload-cloud-6f545f89ff-9hvzm,0.5424383536649174
1783734313,cpu_utilisation,pod=workload-cloud-6f545f89ff-9hvzm,0.7913293851088893
1783734323,cpu_utilisation,pod=workload-cloud-6f545f89ff-9hvzm,0.8888649462164916
1783734333,cpu_utilisation,pod=workload-cloud-6f545f89ff-9hvzm,0.9215796863410065
1783734343,cpu_utilisation,pod=workload-cloud-6f545f89ff-9hvzm,0.9943407762320412
1783734353,cpu_utilisation,pod=workload-cloud-6f545f89ff-9hvzm,1.0264791265791062
1783734363,cpu_utilisation,pod=workload-cloud-6f545f89ff-9hvzm,1.0834311309722795
1783734373,cpu_utilisation,pod=workload-cloud-6f545f89ff-9hvzm,1.1630809210653357
1783734383,cpu_utilisation,pod=workload-cloud-6f545f89ff-9hvzm,1.240247072932758
1783734393,cpu_utilisation,pod=workload-cloud-6f545f89ff-9hvzm,1.2809840685643772
1783734403,cpu_utilisation,pod=workload-cloud-6f545f89ff-9hvzm,1.31991378314032
1783734413,cpu_utilisation,pod=workload-cloud-6f545f89ff-9hvzm,1.1174720066511732
1783734423,cpu_utilisation,pod=workload-cloud-6f545f89ff-9hvzm,1.645604376889338
1783734433,cpu_utilisation,pod=workload-cloud-6f545f89ff-9hvzm,1.9618080316397997
1783734443,cpu_utilisation,pod=workload-cloud-6f545f89ff-9hvzm,2.2612357379742796
1783734453,cpu_utilisation,pod=workload-cloud-6f545f89ff-9hvzm,2.4133980824429995
1783734463,cpu_utilisation,pod=workload-cloud-6f545f89ff-9hvzm,2.677357351281116
1783734473,cpu_utilisation,pod=workload-cloud-6f545f89ff-9hvzm,2.677357351281116
1783734483,cpu_utilisation,pod=workload-cloud-6f545f89ff-9hvzm,2.669168713678014
1783734493,cpu_utilisation,pod=workload-cloud-6f545f89ff-9hvzm,2.651591755156824
1783734503,cpu_utilisation,pod=workload-cloud-6f545f89ff-9hvzm,2.620544981042457
1783734513,cpu_utilisation,pod=workload-cloud-6f545f89ff-9hvzm,2.6122734827034564
1783734523,cpu_utilisation,pod=workload-cloud-6f545f89ff-9hvzm,2.6462510488858992
1783734533,cpu_utilisation,pod=workload-cloud-6f545f89ff-9hvzm,2.6846644193083318
1783734543,cpu_utilisation,pod=workload-cloud-6f545f89ff-9hvzm,2.7606751585943154
1783734553,cpu_utilisation,pod=workload-cloud-6f545f89ff-9hvzm,2.7657851864471894
1783734563,cpu_utilisation,pod=workload-cloud-6f545f89ff-9hvzm,2.6969618556236066
1783734573,cpu_utilisation,pod=workload-cloud-6f545f89ff-9hvzm,2.127632141291671
1783734583,cpu_utilisation,pod=workload-cloud-6f545f89ff-9hvzm,2.3095385337578436
1783734593,cpu_utilisation,pod=workload-cloud-6f545f89ff-9hvzm,1.6459461387564616
1783734603,cpu_utilisation,pod=workload-cloud-6f545f89ff-9hvzm,1.613877413735198
1783734613,cpu_utilisation,pod=workload-cloud-6f545f89ff-9hvzm,1.5750826289391218
1783734623,cpu_utilisation,pod=workload-cloud-6f545f89ff-9hvzm,1.4188420720400614
1783734633,cpu_utilisation,pod=workload-cloud-6f545f89ff-9hvzm,1.163182586955029
1783734643,cpu_utilisation,pod=workload-cloud-6f545f89ff-9hvzm,1.3573118922799223
1783734653,cpu_utilisation,pod=workload-cloud-6f545f89ff-9hvzm,1.3898294456427354
1783734663,cpu_utilisation,pod=workload-cloud-6f545f89ff-9hvzm,1.3898294456427354
1783734673,cpu_utilisation,pod=workload-cloud-6f545f89ff-9hvzm,1.379963143665801
1783734683,cpu_utilisation,pod=workload-cloud-6f545f89ff-9hvzm,1.4170829536108958
1783734693,cpu_utilisation,pod=workload-cloud-6f545f89ff-9hvzm,1.4170829536108958
1783734703,cpu_utilisation,pod=workload-cloud-6f545f89ff-9hvzm,1.3916686510423493
1783734713,cpu_utilisation,pod=workload-cloud-6f545f89ff-9hvzm,1.3926236515367267
1783734723,cpu_utilisation,pod=workload-cloud-6f545f89ff-9hvzm,1.406835365966142
1783734733,cpu_utilisation,pod=workload-cloud-6f545f89ff-9hvzm,1.3928762248581696
1783734743,cpu_utilisation,pod=workload-cloud-6f545f89ff-9hvzm,1.417120493600496
1783734753,cpu_utilisation,pod=workload-cloud-6f545f89ff-9hvzm,1.410946691519115
1783734763,cpu_utilisation,pod=workload-cloud-6f545f89ff-9hvzm,1.398910820873505
1783734773,cpu_utilisation,pod=workload-cloud-6f545f89ff-9hvzm,1.3692756260468513
1783734783,cpu_utilisation,pod=workload-cloud-6f545f89ff-9hvzm,1.3470323026429567
1783734793,cpu_utilisation,pod=workload-cloud-6f545f89ff-9hvzm,1.130098918871058
1783734803,cpu_utilisation,pod=workload-cloud-6f545f89ff-9hvzm,0.6926458850656201
1783734813,cpu_utilisation,pod=workload-cloud-6f545f89ff-9hvzm,0.4042972504659234
1783734823,cpu_utilisation,pod=workload-cloud-6f545f89ff-9hvzm,0.2602347427576174
1783734833,cpu_utilisation,pod=workload-cloud-6f545f89ff-9hvzm,0.01385926540610771
1783734843,cpu_utilisation,pod=workload-cloud-6f545f89ff-9hvzm,0.014537392138056505
1783734853,cpu_utilisation,pod=workload-cloud-6f545f89ff-9hvzm,0.010770898265809369
1783734863,cpu_utilisation,pod=workload-cloud-6f545f89ff-9hvzm,0.010983619200422758
1783734513,cpu_utilisation,pod=workload-cloud-6f545f89ff-mj9gz,0.059206305376550916
1783734523,cpu_utilisation,pod=workload-cloud-6f545f89ff-mj9gz,0.05051125
1783734533,cpu_utilisation,pod=workload-cloud-6f545f89ff-mj9gz,0.04789399457767342
1783734543,cpu_utilisation,pod=workload-cloud-6f545f89ff-mj9gz,0.042644390906310094
1783734553,cpu_utilisation,pod=workload-cloud-6f545f89ff-mj9gz,0.04908779059604963
1783734563,cpu_utilisation,pod=workload-cloud-6f545f89ff-mj9gz,0.00964119866492527
1783734573,cpu_utilisation,pod=workload-cloud-6f545f89ff-mj9gz,0.009612993559227115
1783734583,cpu_utilisation,pod=workload-cloud-6f545f89ff-mj9gz,0.009535557077178906
1783734593,cpu_utilisation,pod=workload-cloud-6f545f89ff-mj9gz,0.009397759986551516
1783734603,cpu_utilisation,pod=workload-cloud-6f545f89ff-mj9gz,0.007831408756108072
1783734613,cpu_utilisation,pod=workload-cloud-6f545f89ff-mj9gz,0.009282475384349629
1783734623,cpu_utilisation,pod=workload-cloud-6f545f89ff-mj9gz,0.009189311287298696
1783734633,cpu_utilisation,pod=workload-cloud-6f545f89ff-mj9gz,0.009189311287298694
1783734643,cpu_utilisation,pod=workload-cloud-6f545f89ff-mj9gz,0.008830352361572237
1783734653,cpu_utilisation,pod=workload-cloud-6f545f89ff-mj9gz,0.009011333914559716
1783734663,cpu_utilisation,pod=workload-cloud-6f545f89ff-mj9gz,0.007542912021699117
1783734673,cpu_utilisation,pod=workload-cloud-6f545f89ff-mj9gz,0.00920099674880218
1783734683,cpu_utilisation,pod=workload-cloud-6f545f89ff-mj9gz,0.009745140298382535
1783734693,cpu_utilisation,pod=workload-cloud-6f545f89ff-mj9gz,0.009745140298382535
1783734703,cpu_utilisation,pod=workload-cloud-6f545f89ff-mj9gz,0.00961299429077043
1783734713,cpu_utilisation,pod=workload-cloud-6f545f89ff-mj9gz,0.010278606845424351
1783734723,cpu_utilisation,pod=workload-cloud-6f545f89ff-mj9gz,0.010278606845424351
1783734733,cpu_utilisation,pod=workload-cloud-6f545f89ff-mj9gz,0.009997639600755328
1783734743,cpu_utilisation,pod=workload-cloud-6f545f89ff-mj9gz,0.010110917478216293
1783734753,cpu_utilisation,pod=workload-cloud-6f545f89ff-mj9gz,0.010110917478216293
1783734763,cpu_utilisation,pod=workload-cloud-6f545f89ff-mj9gz,0.009592193868509666
1783734773,cpu_utilisation,pod=workload-cloud-6f545f89ff-mj9gz,0.009835077555597089
1783734783,cpu_utilisation,pod=workload-cloud-6f545f89ff-mj9gz,0.009724102079395084
1783734793,cpu_utilisation,pod=workload-cloud-6f545f89ff-mj9gz,0.00980393332533877
1783734803,cpu_utilisation,pod=workload-cloud-6f545f89ff-mj9gz,0.009856367537548899
1783734813,cpu_utilisation,pod=workload-cloud-6f545f89ff-mj9gz,0.010024958402662232
1783734823,cpu_utilisation,pod=workload-cloud-6f545f89ff-mj9gz,0.010036845898133301
1783734833,cpu_utilisation,pod=workload-cloud-6f545f89ff-mj9gz,0.010610298930831338
1783734843,cpu_utilisation,pod=workload-cloud-6f545f89ff-mj9gz,0.010732377705100547
1783734853,cpu_utilisation,pod=workload-cloud-6f545f89ff-mj9gz,0.0064172499999999855
1783734863,cpu_utilisation,pod=workload-cloud-6f545f89ff-mj9gz,0.010656318602653413
1783734453,cpu_utilisation,pod=workload-cloud-6f545f89ff-rvjdz,0.044463712773047816
1783734463,cpu_utilisation,pod=workload-cloud-6f545f89ff-rvjdz,0.06674366203345372
1783734473,cpu_utilisation,pod=workload-cloud-6f545f89ff-rvjdz,0.048218319519068686
1783734483,cpu_utilisation,pod=workload-cloud-6f545f89ff-rvjdz,0.044501051791234765
1783734493,cpu_utilisation,pod=workload-cloud-6f545f89ff-rvjdz,0.05104593562465902
1783734503,cpu_utilisation,pod=workload-cloud-6f545f89ff-rvjdz,0.008403639746760765
1783734513,cpu_utilisation,pod=workload-cloud-6f545f89ff-rvjdz,0.008383274182407162
1783734523,cpu_utilisation,pod=workload-cloud-6f545f89ff-rvjdz,0.008472988505747129
1783734533,cpu_utilisation,pod=workload-cloud-6f545f89ff-rvjdz,0.00727013993927836
1783734543,cpu_utilisation,pod=workload-cloud-6f545f89ff-rvjdz,0.009355857493410879
1783734553,cpu_utilisation,pod=workload-cloud-6f545f89ff-rvjdz,0.009355857493410879
1783734563,cpu_utilisation,pod=workload-cloud-6f545f89ff-rvjdz,0.009395031468749352
1783734573,cpu_utilisation,pod=workload-cloud-6f545f89ff-rvjdz,0.009296612694943867
1783734583,cpu_utilisation,pod=workload-cloud-6f545f89ff-rvjdz,0.008936580581889507
1783734593,cpu_utilisation,pod=workload-cloud-6f545f89ff-rvjdz,0.009130434782608703
1783734603,cpu_utilisation,pod=workload-cloud-6f545f89ff-rvjdz,0.009015322900389486
1783734613,cpu_utilisation,pod=workload-cloud-6f545f89ff-rvjdz,0.008965588606046923
1783734623,cpu_utilisation,pod=workload-cloud-6f545f89ff-rvjdz,0.009095159785970256
1783734633,cpu_utilisation,pod=workload-cloud-6f545f89ff-rvjdz,0.008940128846106005
1783734643,cpu_utilisation,pod=workload-cloud-6f545f89ff-rvjdz,0.008952656206991464
1783734653,cpu_utilisation,pod=workload-cloud-6f545f89ff-rvjdz,0.008657337727904897
1783734663,cpu_utilisation,pod=workload-cloud-6f545f89ff-rvjdz,0.008632831931777808
1783734673,cpu_utilisation,pod=workload-cloud-6f545f89ff-rvjdz,0.008424847334120184
1783734683,cpu_utilisation,pod=workload-cloud-6f545f89ff-rvjdz,0.008996414516834281
1783734693,cpu_utilisation,pod=workload-cloud-6f545f89ff-rvjdz,0.008995614412245247
1783734703,cpu_utilisation,pod=workload-cloud-6f545f89ff-rvjdz,0.009767997200321139
1783734713,cpu_utilisation,pod=workload-cloud-6f545f89ff-rvjdz,0.01016238825555647
1783734723,cpu_utilisation,pod=workload-cloud-6f545f89ff-rvjdz,0.010117055901330434
1783734733,cpu_utilisation,pod=workload-cloud-6f545f89ff-rvjdz,0.010062321626186723
1783734743,cpu_utilisation,pod=workload-cloud-6f545f89ff-rvjdz,0.009786362564827908
1783734753,cpu_utilisation,pod=workload-cloud-6f545f89ff-rvjdz,0.010155986509274873
1783734763,cpu_utilisation,pod=workload-cloud-6f545f89ff-rvjdz,0.009698118170297232
1783734773,cpu_utilisation,pod=workload-cloud-6f545f89ff-rvjdz,0.009698118170297232
1783734783,cpu_utilisation,pod=workload-cloud-6f545f89ff-rvjdz,0.00961925571232654
1783734793,cpu_utilisation,pod=workload-cloud-6f545f89ff-rvjdz,0.009470332512978956
1783734803,cpu_utilisation,pod=workload-cloud-6f545f89ff-rvjdz,0.00901728977208935
1783734813,cpu_utilisation,pod=workload-cloud-6f545f89ff-rvjdz,0.009208666069100379
1783734823,cpu_utilisation,pod=workload-cloud-6f545f89ff-rvjdz,0.009093105986261047
1783734833,cpu_utilisation,pod=workload-cloud-6f545f89ff-rvjdz,0.007837398566813876
1783734843,cpu_utilisation,pod=workload-cloud-6f545f89ff-rvjdz,0.009360594640737898
1783734853,cpu_utilisation,pod=workload-cloud-6f545f89ff-rvjdz,0.009396262684965798
1783734863,cpu_utilisation,pod=workload-cloud-6f545f89ff-rvjdz,0.009396262684965798
1783734393,cpu_utilisation,pod=workload-cloud-6f545f89ff-w5bsc,0.03692554467661135
1783734403,cpu_utilisation,pod=workload-cloud-6f545f89ff-w5bsc,0.05507693116002755
1783734413,cpu_utilisation,pod=workload-cloud-6f545f89ff-w5bsc,0.20188484062099055
1783734423,cpu_utilisation,pod=workload-cloud-6f545f89ff-w5bsc,0.5773226219779598
1783734433,cpu_utilisation,pod=workload-cloud-6f545f89ff-w5bsc,0.6953266607958806
1783734443,cpu_utilisation,pod=workload-cloud-6f545f89ff-w5bsc,1.2003182056200867
1783734453,cpu_utilisation,pod=workload-cloud-6f545f89ff-w5bsc,1.2240891666666662
1783734463,cpu_utilisation,pod=workload-cloud-6f545f89ff-w5bsc,1.9597032069234173
1783734473,cpu_utilisation,pod=workload-cloud-6f545f89ff-w5bsc,1.75189906295676
1783734483,cpu_utilisation,pod=workload-cloud-6f545f89ff-w5bsc,2.1580779038301414
1783734493,cpu_utilisation,pod=workload-cloud-6f545f89ff-w5bsc,2.1364479063484922
1783734503,cpu_utilisation,pod=workload-cloud-6f545f89ff-w5bsc,2.1110527264158794
1783734513,cpu_utilisation,pod=workload-cloud-6f545f89ff-w5bsc,2.0932577274146444
1783734523,cpu_utilisation,pod=workload-cloud-6f545f89ff-w5bsc,2.0782323835880665
1783734533,cpu_utilisation,pod=workload-cloud-6f545f89ff-w5bsc,2.0782323835880665
1783734543,cpu_utilisation,pod=workload-cloud-6f545f89ff-w5bsc,2.143091217283274
1783734553,cpu_utilisation,pod=workload-cloud-6f545f89ff-w5bsc,2.196591447707367
1783734563,cpu_utilisation,pod=workload-cloud-6f545f89ff-w5bsc,2.1443467244576695
1783734573,cpu_utilisation,pod=workload-cloud-6f545f89ff-w5bsc,1.9320947753991917
1783734583,cpu_utilisation,pod=workload-cloud-6f545f89ff-w5bsc,1.1670622795516898
1783734593,cpu_utilisation,pod=workload-cloud-6f545f89ff-w5bsc,1.1630758649800477
1783734603,cpu_utilisation,pod=workload-cloud-6f545f89ff-w5bsc,0.486426525240012
1783734613,cpu_utilisation,pod=workload-cloud-6f545f89ff-w5bsc,0.3496755862068968
1783734623,cpu_utilisation,pod=workload-cloud-6f545f89ff-w5bsc,0.11071385310629255
1783734633,cpu_utilisation,pod=workload-cloud-6f545f89ff-w5bsc,0.009798877547029175
1783734643,cpu_utilisation,pod=workload-cloud-6f545f89ff-w5bsc,0.009831374552887637
1783734653,cpu_utilisation,pod=workload-cloud-6f545f89ff-w5bsc,0.009643660009289349
1783734663,cpu_utilisation,pod=workload-cloud-6f545f89ff-w5bsc,0.009290481422699825
1783734673,cpu_utilisation,pod=workload-cloud-6f545f89ff-w5bsc,0.00838905945379695
1783734683,cpu_utilisation,pod=workload-cloud-6f545f89ff-w5bsc,0.009829041308364936
1783734693,cpu_utilisation,pod=workload-cloud-6f545f89ff-w5bsc,0.010383070233481347
1783734703,cpu_utilisation,pod=workload-cloud-6f545f89ff-w5bsc,0.010373722922285134
1783734713,cpu_utilisation,pod=workload-cloud-6f545f89ff-w5bsc,0.010614628996351494
1783734723,cpu_utilisation,pod=workload-cloud-6f545f89ff-w5bsc,0.010907417507498223
1783734733,cpu_utilisation,pod=workload-cloud-6f545f89ff-w5bsc,0.008954085420951347
1783734743,cpu_utilisation,pod=workload-cloud-6f545f89ff-w5bsc,0.010719176481585812
1783734753,cpu_utilisation,pod=workload-cloud-6f545f89ff-w5bsc,0.011158932493076559
1783734763,cpu_utilisation,pod=workload-cloud-6f545f89ff-w5bsc,0.010677222766352388
1783734773,cpu_utilisation,pod=workload-cloud-6f545f89ff-w5bsc,0.010677222766352388
1783734783,cpu_utilisation,pod=workload-cloud-6f545f89ff-w5bsc,0.008684119170989187
1783734213,cpu_utilisation,pod=workload-edge-7b875fd8c6-pxwvc,0.02099009010629271
1783734223,cpu_utilisation,pod=workload-edge-7b875fd8c6-pxwvc,0.020212156842696827
1783734233,cpu_utilisation,pod=workload-edge-7b875fd8c6-pxwvc,0.020452465873652754
1783734243,cpu_utilisation,pod=workload-edge-7b875fd8c6-pxwvc,0.017400003388697294
1783734253,cpu_utilisation,pod=workload-edge-7b875fd8c6-pxwvc,0.021245840605003126
1783734263,cpu_utilisation,pod=workload-edge-7b875fd8c6-pxwvc,0.021657532607395405
1783734273,cpu_utilisation,pod=workload-edge-7b875fd8c6-pxwvc,0.0213477306557015
1783734283,cpu_utilisation,pod=workload-edge-7b875fd8c6-pxwvc,0.01773468654147584
1783734293,cpu_utilisation,pod=workload-edge-7b875fd8c6-pxwvc,0.021570689740910667
1783734303,cpu_utilisation,pod=workload-edge-7b875fd8c6-pxwvc,0.02131666236319817
1783734313,cpu_utilisation,pod=workload-edge-7b875fd8c6-pxwvc,0.020748685817447605
1783734323,cpu_utilisation,pod=workload-edge-7b875fd8c6-pxwvc,0.02095458862906408
1783734333,cpu_utilisation,pod=workload-edge-7b875fd8c6-pxwvc,0.020719562063052546
1783734343,cpu_utilisation,pod=workload-edge-7b875fd8c6-pxwvc,0.020719562063052546
1783734353,cpu_utilisation,pod=workload-edge-7b875fd8c6-pxwvc,0.020547248576850984
1783734363,cpu_utilisation,pod=workload-edge-7b875fd8c6-pxwvc,0.020716028589320864
1783734373,cpu_utilisation,pod=workload-edge-7b875fd8c6-pxwvc,0.013967000000000953
1783734383,cpu_utilisation,pod=workload-edge-7b875fd8c6-pxwvc,0.021186094523498563
1783734393,cpu_utilisation,pod=workload-edge-7b875fd8c6-pxwvc,0.021156680197669375
1783734403,cpu_utilisation,pod=workload-edge-7b875fd8c6-pxwvc,0.021156680197669375
1783734413,cpu_utilisation,pod=workload-edge-7b875fd8c6-pxwvc,0.021422112197716284
1783734423,cpu_utilisation,pod=workload-edge-7b875fd8c6-pxwvc,0.020702256444041823
1783734433,cpu_utilisation,pod=workload-edge-7b875fd8c6-pxwvc,0.020702256444041823
1783734443,cpu_utilisation,pod=workload-edge-7b875fd8c6-pxwvc,0.021393519553073125
1783734453,cpu_utilisation,pod=workload-edge-7b875fd8c6-pxwvc,0.021455392228204688
1783734463,cpu_utilisation,pod=workload-edge-7b875fd8c6-pxwvc,0.02153007485689095
1783734473,cpu_utilisation,pod=workload-edge-7b875fd8c6-pxwvc,0.02168548306524026
1783734483,cpu_utilisation,pod=workload-edge-7b875fd8c6-pxwvc,0.021742293037755607
1783734493,cpu_utilisation,pod=workload-edge-7b875fd8c6-pxwvc,0.021742293037755607
1783734503,cpu_utilisation,pod=workload-edge-7b875fd8c6-pxwvc,0.022196222523045143
1783734513,cpu_utilisation,pod=workload-edge-7b875fd8c6-pxwvc,0.021668766393359004
1783734523,cpu_utilisation,pod=workload-edge-7b875fd8c6-pxwvc,0.02147856322572506
1783734533,cpu_utilisation,pod=workload-edge-7b875fd8c6-pxwvc,0.021957571720031942
1783734543,cpu_utilisation,pod=workload-edge-7b875fd8c6-pxwvc,0.021868591583956574
1783734553,cpu_utilisation,pod=workload-edge-7b875fd8c6-pxwvc,0.02186859158395657
1783734563,cpu_utilisation,pod=workload-edge-7b875fd8c6-pxwvc,0.022402628085411373
1783734573,cpu_utilisation,pod=workload-edge-7b875fd8c6-pxwvc,0.02215776607747263
1783734583,cpu_utilisation,pod=workload-edge-7b875fd8c6-pxwvc,0.02215776607747263
1783734593,cpu_utilisation,pod=workload-edge-7b875fd8c6-pxwvc,0.02213095154370848
1783734603,cpu_utilisation,pod=workload-edge-7b875fd8c6-pxwvc,0.022153681105003424
1783734613,cpu_utilisation,pod=workload-edge-7b875fd8c6-pxwvc,0.022174457727826093
1783734623,cpu_utilisation,pod=workload-edge-7b875fd8c6-pxwvc,0.022161162354887378
1783734633,cpu_utilisation,pod=workload-edge-7b875fd8c6-pxwvc,0.021535595475715597
1783734643,cpu_utilisation,pod=workload-edge-7b875fd8c6-pxwvc,0.021548034708058692
1783734653,cpu_utilisation,pod=workload-edge-7b875fd8c6-pxwvc,0.021476289819741434
1783734663,cpu_utilisation,pod=workload-edge-7b875fd8c6-pxwvc,0.02115594399587767
1783734673,cpu_utilisation,pod=workload-edge-7b875fd8c6-pxwvc,0.0187654428717564
1783734683,cpu_utilisation,pod=workload-edge-7b875fd8c6-pxwvc,0.022586894446632824
1783734693,cpu_utilisation,pod=workload-edge-7b875fd8c6-pxwvc,0.02236397081878731
1783734703,cpu_utilisation,pod=workload-edge-7b875fd8c6-pxwvc,0.022960546374778235
1783734713,cpu_utilisation,pod=workload-edge-7b875fd8c6-pxwvc,0.0237188485804407
1783734723,cpu_utilisation,pod=workload-edge-7b875fd8c6-pxwvc,0.02232800947039544
1783734733,cpu_utilisation,pod=workload-edge-7b875fd8c6-pxwvc,0.019225545166403624
1783734743,cpu_utilisation,pod=workload-edge-7b875fd8c6-pxwvc,0.023653298941636442
1783734753,cpu_utilisation,pod=workload-edge-7b875fd8c6-pxwvc,0.022811135900670052
1783734763,cpu_utilisation,pod=workload-edge-7b875fd8c6-pxwvc,0.023248687928946955
1783734773,cpu_utilisation,pod=workload-edge-7b875fd8c6-pxwvc,0.023843923908672304
1783734783,cpu_utilisation,pod=workload-edge-7b875fd8c6-pxwvc,0.02316555407209569
1783734793,cpu_utilisation,pod=workload-edge-7b875fd8c6-pxwvc,0.02298375859966966
1783734803,cpu_utilisation,pod=workload-edge-7b875fd8c6-pxwvc,0.02215085388994245
1783734813,cpu_utilisation,pod=workload-edge-7b875fd8c6-pxwvc,0.02215085388994245
1783734823,cpu_utilisation,pod=workload-edge-7b875fd8c6-pxwvc,0.0219607136802846
1783734833,cpu_utilisation,pod=workload-edge-7b875fd8c6-pxwvc,0.022004058363126668
1783734843,cpu_utilisation,pod=workload-edge-7b875fd8c6-pxwvc,0.01855724486531156
1783734853,cpu_utilisation,pod=workload-edge-7b875fd8c6-pxwvc,0.022471677074041164
1783734863,cpu_utilisation,pod=workload-edge-7b875fd8c6-pxwvc,0.022544110399211736
1783734323,mem_mib,pod=workload-cloud-6f545f89ff-4snll,3.75
1783734333,mem_mib,pod=workload-cloud-6f545f89ff-4snll,35.234375
1783734343,mem_mib,pod=workload-cloud-6f545f89ff-4snll,35.234375
1783734353,mem_mib,pod=workload-cloud-6f545f89ff-4snll,35.29296875
1783734363,mem_mib,pod=workload-cloud-6f545f89ff-4snll,35.34375
1783734373,mem_mib,pod=workload-cloud-6f545f89ff-4snll,35.34375
1783734383,mem_mib,pod=workload-cloud-6f545f89ff-4snll,35.7109375
1783734393,mem_mib,pod=workload-cloud-6f545f89ff-4snll,35.7109375
1783734403,mem_mib,pod=workload-cloud-6f545f89ff-4snll,35.55859375
1783734413,mem_mib,pod=workload-cloud-6f545f89ff-4snll,37.0234375
1783734423,mem_mib,pod=workload-cloud-6f545f89ff-4snll,37.0234375
1783734433,mem_mib,pod=workload-cloud-6f545f89ff-4snll,38.99609375
1783734443,mem_mib,pod=workload-cloud-6f545f89ff-4snll,38.296875
1783734453,mem_mib,pod=workload-cloud-6f545f89ff-4snll,38.296875
1783734463,mem_mib,pod=workload-cloud-6f545f89ff-4snll,38.76953125
1783734473,mem_mib,pod=workload-cloud-6f545f89ff-4snll,38.83984375
1783734483,mem_mib,pod=workload-cloud-6f545f89ff-4snll,38.83984375
1783734493,mem_mib,pod=workload-cloud-6f545f89ff-4snll,38.75
1783734503,mem_mib,pod=workload-cloud-6f545f89ff-4snll,39.0390625
1783734513,mem_mib,pod=workload-cloud-6f545f89ff-4snll,39.03515625
1783734523,mem_mib,pod=workload-cloud-6f545f89ff-4snll,39.0625
1783734533,mem_mib,pod=workload-cloud-6f545f89ff-4snll,39.0625
1783734543,mem_mib,pod=workload-cloud-6f545f89ff-4snll,38.80859375
1783734553,mem_mib,pod=workload-cloud-6f545f89ff-4snll,38.8828125
1783734563,mem_mib,pod=workload-cloud-6f545f89ff-4snll,38.546875
1783734573,mem_mib,pod=workload-cloud-6f545f89ff-4snll,38.546875
1783734583,mem_mib,pod=workload-cloud-6f545f89ff-4snll,38.03515625
1783734593,mem_mib,pod=workload-cloud-6f545f89ff-4snll,37.7421875
1783734603,mem_mib,pod=workload-cloud-6f545f89ff-4snll,37.7421875
1783734613,mem_mib,pod=workload-cloud-6f545f89ff-4snll,37.734375
1783734623,mem_mib,pod=workload-cloud-6f545f89ff-4snll,38.04296875
1783734633,mem_mib,pod=workload-cloud-6f545f89ff-4snll,37.76171875
1783734643,mem_mib,pod=workload-cloud-6f545f89ff-4snll,37.76171875
1783734653,mem_mib,pod=workload-cloud-6f545f89ff-4snll,37.95703125
1783734663,mem_mib,pod=workload-cloud-6f545f89ff-4snll,38.24609375
1783734673,mem_mib,pod=workload-cloud-6f545f89ff-4snll,38.24609375
1783734683,mem_mib,pod=workload-cloud-6f545f89ff-4snll,37.7109375
1783734693,mem_mib,pod=workload-cloud-6f545f89ff-4snll,37.96875
1783734703,mem_mib,pod=workload-cloud-6f545f89ff-4snll,37.77734375
1783734713,mem_mib,pod=workload-cloud-6f545f89ff-4snll,37.77734375
1783734723,mem_mib,pod=workload-cloud-6f545f89ff-4snll,38.2421875
1783734733,mem_mib,pod=workload-cloud-6f545f89ff-4snll,37.75390625
1783734743,mem_mib,pod=workload-cloud-6f545f89ff-4snll,37.75390625
1783734753,mem_mib,pod=workload-cloud-6f545f89ff-4snll,37.79296875
1783734763,mem_mib,pod=workload-cloud-6f545f89ff-4snll,38.2890625
1783734773,mem_mib,pod=workload-cloud-6f545f89ff-4snll,38.2890625
1783734783,mem_mib,pod=workload-cloud-6f545f89ff-4snll,37.67578125
1783734793,mem_mib,pod=workload-cloud-6f545f89ff-4snll,37.67578125
1783734803,mem_mib,pod=workload-cloud-6f545f89ff-4snll,37.68359375
1783734813,mem_mib,pod=workload-cloud-6f545f89ff-4snll,37.6875
1783734823,mem_mib,pod=workload-cloud-6f545f89ff-4snll,37.6875
1783734833,mem_mib,pod=workload-cloud-6f545f89ff-4snll,37.6875
1783734843,mem_mib,pod=workload-cloud-6f545f89ff-4snll,37.6875
1783734853,mem_mib,pod=workload-cloud-6f545f89ff-4snll,37.6875
1783734863,mem_mib,pod=workload-cloud-6f545f89ff-4snll,37.6875
1783734443,mem_mib,pod=workload-cloud-6f545f89ff-5z8f5,3.09375
1783734453,mem_mib,pod=workload-cloud-6f545f89ff-5z8f5,35.140625
1783734463,mem_mib,pod=workload-cloud-6f545f89ff-5z8f5,35.140625
1783734473,mem_mib,pod=workload-cloud-6f545f89ff-5z8f5,35.15234375
1783734483,mem_mib,pod=workload-cloud-6f545f89ff-5z8f5,35.16796875
1783734493,mem_mib,pod=workload-cloud-6f545f89ff-5z8f5,35.16796875
1783734503,mem_mib,pod=workload-cloud-6f545f89ff-5z8f5,35.16796875
1783734513,mem_mib,pod=workload-cloud-6f545f89ff-5z8f5,35.1953125
1783734523,mem_mib,pod=workload-cloud-6f545f89ff-5z8f5,35.1953125
1783734533,mem_mib,pod=workload-cloud-6f545f89ff-5z8f5,35.203125
1783734543,mem_mib,pod=workload-cloud-6f545f89ff-5z8f5,35.203125
1783734553,mem_mib,pod=workload-cloud-6f545f89ff-5z8f5,35.203125
1783734563,mem_mib,pod=workload-cloud-6f545f89ff-5z8f5,35.203125
1783734573,mem_mib,pod=workload-cloud-6f545f89ff-5z8f5,35.20703125
1783734583,mem_mib,pod=workload-cloud-6f545f89ff-5z8f5,35.21484375
1783734593,mem_mib,pod=workload-cloud-6f545f89ff-5z8f5,35.21484375
1783734603,mem_mib,pod=workload-cloud-6f545f89ff-5z8f5,35.21484375
1783734613,mem_mib,pod=workload-cloud-6f545f89ff-5z8f5,35.21484375
1783734623,mem_mib,pod=workload-cloud-6f545f89ff-5z8f5,35.21875
1783734633,mem_mib,pod=workload-cloud-6f545f89ff-5z8f5,35.2265625
1783734643,mem_mib,pod=workload-cloud-6f545f89ff-5z8f5,35.2265625
1783734653,mem_mib,pod=workload-cloud-6f545f89ff-5z8f5,35.2265625
1783734663,mem_mib,pod=workload-cloud-6f545f89ff-5z8f5,35.2265625
1783734673,mem_mib,pod=workload-cloud-6f545f89ff-5z8f5,35.23046875
1783734683,mem_mib,pod=workload-cloud-6f545f89ff-5z8f5,35.2421875
1783734693,mem_mib,pod=workload-cloud-6f545f89ff-5z8f5,35.2421875
1783734703,mem_mib,pod=workload-cloud-6f545f89ff-5z8f5,35.2421875
1783734713,mem_mib,pod=workload-cloud-6f545f89ff-5z8f5,35.2421875
1783734723,mem_mib,pod=workload-cloud-6f545f89ff-5z8f5,35.25390625
1783734733,mem_mib,pod=workload-cloud-6f545f89ff-5z8f5,35.25390625
1783734743,mem_mib,pod=workload-cloud-6f545f89ff-5z8f5,35.25390625
1783734753,mem_mib,pod=workload-cloud-6f545f89ff-5z8f5,35.25390625
1783734763,mem_mib,pod=workload-cloud-6f545f89ff-5z8f5,35.25390625
1783734773,mem_mib,pod=workload-cloud-6f545f89ff-5z8f5,35.25390625
1783734783,mem_mib,pod=workload-cloud-6f545f89ff-5z8f5,35.26171875
1783734793,mem_mib,pod=workload-cloud-6f545f89ff-5z8f5,35.26171875
1783734803,mem_mib,pod=workload-cloud-6f545f89ff-5z8f5,35.26171875
1783734813,mem_mib,pod=workload-cloud-6f545f89ff-5z8f5,35.26171875
1783734823,mem_mib,pod=workload-cloud-6f545f89ff-5z8f5,35.5078125
1783734833,mem_mib,pod=workload-cloud-6f545f89ff-5z8f5,35.5078125
1783734843,mem_mib,pod=workload-cloud-6f545f89ff-5z8f5,35.5078125
1783734213,mem_mib,pod=workload-cloud-6f545f89ff-9hvzm,40.61328125
1783734223,mem_mib,pod=workload-cloud-6f545f89ff-9hvzm,40.86328125
1783734233,mem_mib,pod=workload-cloud-6f545f89ff-9hvzm,40.86328125
1783734243,mem_mib,pod=workload-cloud-6f545f89ff-9hvzm,40.90625
1783734253,mem_mib,pod=workload-cloud-6f545f89ff-9hvzm,41.734375
1783734263,mem_mib,pod=workload-cloud-6f545f89ff-9hvzm,41.40625
1783734273,mem_mib,pod=workload-cloud-6f545f89ff-9hvzm,41.40625
1783734283,mem_mib,pod=workload-cloud-6f545f89ff-9hvzm,41.6875
1783734293,mem_mib,pod=workload-cloud-6f545f89ff-9hvzm,41.640625
1783734303,mem_mib,pod=workload-cloud-6f545f89ff-9hvzm,41.640625
1783734313,mem_mib,pod=workload-cloud-6f545f89ff-9hvzm,41.19921875
1783734323,mem_mib,pod=workload-cloud-6f545f89ff-9hvzm,41.53515625
1783734333,mem_mib,pod=workload-cloud-6f545f89ff-9hvzm,41.3515625
1783734343,mem_mib,pod=workload-cloud-6f545f89ff-9hvzm,41.60546875
1783734353,mem_mib,pod=workload-cloud-6f545f89ff-9hvzm,41.60546875
1783734363,mem_mib,pod=workload-cloud-6f545f89ff-9hvzm,41.9296875
1783734373,mem_mib,pod=workload-cloud-6f545f89ff-9hvzm,41.50390625
1783734383,mem_mib,pod=workload-cloud-6f545f89ff-9hvzm,42.79296875
1783734393,mem_mib,pod=workload-cloud-6f545f89ff-9hvzm,42.79296875
1783734403,mem_mib,pod=workload-cloud-6f545f89ff-9hvzm,41.60546875
1783734413,mem_mib,pod=workload-cloud-6f545f89ff-9hvzm,41.60546875
1783734423,mem_mib,pod=workload-cloud-6f545f89ff-9hvzm,43.3671875
1783734433,mem_mib,pod=workload-cloud-6f545f89ff-9hvzm,43.71484375
1783734443,mem_mib,pod=workload-cloud-6f545f89ff-9hvzm,43.71484375
1783734453,mem_mib,pod=workload-cloud-6f545f89ff-9hvzm,42.73046875
1783734463,mem_mib,pod=workload-cloud-6f545f89ff-9hvzm,42.44921875
1783734473,mem_mib,pod=workload-cloud-6f545f89ff-9hvzm,42.44921875
1783734483,mem_mib,pod=workload-cloud-6f545f89ff-9hvzm,42.703125
1783734493,mem_mib,pod=workload-cloud-6f545f89ff-9hvzm,42.703125
1783734503,mem_mib,pod=workload-cloud-6f545f89ff-9hvzm,44.1796875
1783734513,mem_mib,pod=workload-cloud-6f545f89ff-9hvzm,42.6875
1783734523,mem_mib,pod=workload-cloud-6f545f89ff-9hvzm,42.6875
1783734533,mem_mib,pod=workload-cloud-6f545f89ff-9hvzm,43.9921875
1783734543,mem_mib,pod=workload-cloud-6f545f89ff-9hvzm,43.9921875
1783734553,mem_mib,pod=workload-cloud-6f545f89ff-9hvzm,42.4921875
1783734563,mem_mib,pod=workload-cloud-6f545f89ff-9hvzm,42.703125
1783734573,mem_mib,pod=workload-cloud-6f545f89ff-9hvzm,42.21875
1783734583,mem_mib,pod=workload-cloud-6f545f89ff-9hvzm,42.2421875
1783734593,mem_mib,pod=workload-cloud-6f545f89ff-9hvzm,42.06640625
1783734603,mem_mib,pod=workload-cloud-6f545f89ff-9hvzm,42.06640625
1783734613,mem_mib,pod=workload-cloud-6f545f89ff-9hvzm,41.34765625
1783734623,mem_mib,pod=workload-cloud-6f545f89ff-9hvzm,42.0859375
1783734633,mem_mib,pod=workload-cloud-6f545f89ff-9hvzm,42.0859375
1783734643,mem_mib,pod=workload-cloud-6f545f89ff-9hvzm,42.08984375
1783734653,mem_mib,pod=workload-cloud-6f545f89ff-9hvzm,42.5625
1783734663,mem_mib,pod=workload-cloud-6f545f89ff-9hvzm,42.5625
1783734673,mem_mib,pod=workload-cloud-6f545f89ff-9hvzm,42.08984375
1783734683,mem_mib,pod=workload-cloud-6f545f89ff-9hvzm,41.5859375
1783734693,mem_mib,pod=workload-cloud-6f545f89ff-9hvzm,41.5859375
1783734703,mem_mib,pod=workload-cloud-6f545f89ff-9hvzm,41.33984375
1783734713,mem_mib,pod=workload-cloud-6f545f89ff-9hvzm,41.33984375
1783734723,mem_mib,pod=workload-cloud-6f545f89ff-9hvzm,41.8046875
1783734733,mem_mib,pod=workload-cloud-6f545f89ff-9hvzm,41.8046875
1783734743,mem_mib,pod=workload-cloud-6f545f89ff-9hvzm,42.08203125
1783734753,mem_mib,pod=workload-cloud-6f545f89ff-9hvzm,41.3671875
1783734763,mem_mib,pod=workload-cloud-6f545f89ff-9hvzm,41.3671875
1783734773,mem_mib,pod=workload-cloud-6f545f89ff-9hvzm,41.5390625
1783734783,mem_mib,pod=workload-cloud-6f545f89ff-9hvzm,41.5390625
1783734793,mem_mib,pod=workload-cloud-6f545f89ff-9hvzm,40.74609375
1783734803,mem_mib,pod=workload-cloud-6f545f89ff-9hvzm,40.6328125
1783734813,mem_mib,pod=workload-cloud-6f545f89ff-9hvzm,40.6328125
1783734823,mem_mib,pod=workload-cloud-6f545f89ff-9hvzm,40.6328125
1783734833,mem_mib,pod=workload-cloud-6f545f89ff-9hvzm,40.6328125
1783734843,mem_mib,pod=workload-cloud-6f545f89ff-9hvzm,40.6328125
1783734853,mem_mib,pod=workload-cloud-6f545f89ff-9hvzm,40.6328125
1783734863,mem_mib,pod=workload-cloud-6f545f89ff-9hvzm,40.6328125
1783734503,mem_mib,pod=workload-cloud-6f545f89ff-mj9gz,4.16015625
1783734513,mem_mib,pod=workload-cloud-6f545f89ff-mj9gz,35.0859375
1783734523,mem_mib,pod=workload-cloud-6f545f89ff-mj9gz,35.0859375
1783734533,mem_mib,pod=workload-cloud-6f545f89ff-mj9gz,35.16015625
1783734543,mem_mib,pod=workload-cloud-6f545f89ff-mj9gz,35.171875
1783734553,mem_mib,pod=workload-cloud-6f545f89ff-mj9gz,35.171875
1783734563,mem_mib,pod=workload-cloud-6f545f89ff-mj9gz,35.17578125
1783734573,mem_mib,pod=workload-cloud-6f545f89ff-mj9gz,35.17578125
1783734583,mem_mib,pod=workload-cloud-6f545f89ff-mj9gz,35.1953125
1783734593,mem_mib,pod=workload-cloud-6f545f89ff-mj9gz,35.19921875
1783734603,mem_mib,pod=workload-cloud-6f545f89ff-mj9gz,35.19921875
1783734613,mem_mib,pod=workload-cloud-6f545f89ff-mj9gz,35.19921875
1783734623,mem_mib,pod=workload-cloud-6f545f89ff-mj9gz,35.203125
1783734633,mem_mib,pod=workload-cloud-6f545f89ff-mj9gz,35.203125
1783734643,mem_mib,pod=workload-cloud-6f545f89ff-mj9gz,35.2109375
1783734653,mem_mib,pod=workload-cloud-6f545f89ff-mj9gz,35.46875
1783734663,mem_mib,pod=workload-cloud-6f545f89ff-mj9gz,35.46875
1783734673,mem_mib,pod=workload-cloud-6f545f89ff-mj9gz,35.2109375
1783734683,mem_mib,pod=workload-cloud-6f545f89ff-mj9gz,35.22265625
1783734693,mem_mib,pod=workload-cloud-6f545f89ff-mj9gz,35.22265625
1783734703,mem_mib,pod=workload-cloud-6f545f89ff-mj9gz,35.22265625
1783734713,mem_mib,pod=workload-cloud-6f545f89ff-mj9gz,35.22265625
1783734723,mem_mib,pod=workload-cloud-6f545f89ff-mj9gz,35.22265625
1783734733,mem_mib,pod=workload-cloud-6f545f89ff-mj9gz,35.2421875
1783734743,mem_mib,pod=workload-cloud-6f545f89ff-mj9gz,35.2421875
1783734753,mem_mib,pod=workload-cloud-6f545f89ff-mj9gz,35.2421875
1783734763,mem_mib,pod=workload-cloud-6f545f89ff-mj9gz,35.2421875
1783734773,mem_mib,pod=workload-cloud-6f545f89ff-mj9gz,35.2421875
1783734783,mem_mib,pod=workload-cloud-6f545f89ff-mj9gz,35.25
1783734793,mem_mib,pod=workload-cloud-6f545f89ff-mj9gz,35.25
1783734803,mem_mib,pod=workload-cloud-6f545f89ff-mj9gz,35.25
1783734813,mem_mib,pod=workload-cloud-6f545f89ff-mj9gz,35.25
1783734823,mem_mib,pod=workload-cloud-6f545f89ff-mj9gz,35.25
1783734833,mem_mib,pod=workload-cloud-6f545f89ff-mj9gz,35.25390625
1783734843,mem_mib,pod=workload-cloud-6f545f89ff-mj9gz,35.25390625
1783734853,mem_mib,pod=workload-cloud-6f545f89ff-mj9gz,35.25390625
1783734863,mem_mib,pod=workload-cloud-6f545f89ff-mj9gz,35.25390625
1783734443,mem_mib,pod=workload-cloud-6f545f89ff-rvjdz,3.48046875
1783734453,mem_mib,pod=workload-cloud-6f545f89ff-rvjdz,35.125
1783734463,mem_mib,pod=workload-cloud-6f545f89ff-rvjdz,35.125
1783734473,mem_mib,pod=workload-cloud-6f545f89ff-rvjdz,35.15625
1783734483,mem_mib,pod=workload-cloud-6f545f89ff-rvjdz,35.16796875
1783734493,mem_mib,pod=workload-cloud-6f545f89ff-rvjdz,35.16796875
1783734503,mem_mib,pod=workload-cloud-6f545f89ff-rvjdz,35.16796875
1783734513,mem_mib,pod=workload-cloud-6f545f89ff-rvjdz,35.18359375
1783734523,mem_mib,pod=workload-cloud-6f545f89ff-rvjdz,35.1953125
1783734533,mem_mib,pod=workload-cloud-6f545f89ff-rvjdz,35.1953125
1783734543,mem_mib,pod=workload-cloud-6f545f89ff-rvjdz,35.1953125
1783734553,mem_mib,pod=workload-cloud-6f545f89ff-rvjdz,35.1953125
1783734563,mem_mib,pod=workload-cloud-6f545f89ff-rvjdz,35.19921875
1783734573,mem_mib,pod=workload-cloud-6f545f89ff-rvjdz,35.21484375
1783734583,mem_mib,pod=workload-cloud-6f545f89ff-rvjdz,35.21484375
1783734593,mem_mib,pod=workload-cloud-6f545f89ff-rvjdz,35.22265625
1783734603,mem_mib,pod=workload-cloud-6f545f89ff-rvjdz,35.21484375
1783734613,mem_mib,pod=workload-cloud-6f545f89ff-rvjdz,35.21484375
1783734623,mem_mib,pod=workload-cloud-6f545f89ff-rvjdz,35.21484375
1783734633,mem_mib,pod=workload-cloud-6f545f89ff-rvjdz,35.2265625
1783734643,mem_mib,pod=workload-cloud-6f545f89ff-rvjdz,35.23046875
1783734653,mem_mib,pod=workload-cloud-6f545f89ff-rvjdz,35.2265625
1783734663,mem_mib,pod=workload-cloud-6f545f89ff-rvjdz,35.2265625
1783734673,mem_mib,pod=workload-cloud-6f545f89ff-rvjdz,35.234375
1783734683,mem_mib,pod=workload-cloud-6f545f89ff-rvjdz,35.23828125
1783734693,mem_mib,pod=workload-cloud-6f545f89ff-rvjdz,35.23828125
1783734703,mem_mib,pod=workload-cloud-6f545f89ff-rvjdz,35.23828125
1783734713,mem_mib,pod=workload-cloud-6f545f89ff-rvjdz,35.23828125
1783734723,mem_mib,pod=workload-cloud-6f545f89ff-rvjdz,35.24609375
1783734733,mem_mib,pod=workload-cloud-6f545f89ff-rvjdz,35.24609375
1783734743,mem_mib,pod=workload-cloud-6f545f89ff-rvjdz,35.24609375
1783734753,mem_mib,pod=workload-cloud-6f545f89ff-rvjdz,35.24609375
1783734763,mem_mib,pod=workload-cloud-6f545f89ff-rvjdz,35.24609375
1783734773,mem_mib,pod=workload-cloud-6f545f89ff-rvjdz,35.24609375
1783734783,mem_mib,pod=workload-cloud-6f545f89ff-rvjdz,35.25390625
1783734793,mem_mib,pod=workload-cloud-6f545f89ff-rvjdz,35.25390625
1783734803,mem_mib,pod=workload-cloud-6f545f89ff-rvjdz,35.25390625
1783734813,mem_mib,pod=workload-cloud-6f545f89ff-rvjdz,35.25390625
1783734823,mem_mib,pod=workload-cloud-6f545f89ff-rvjdz,35.25390625
1783734833,mem_mib,pod=workload-cloud-6f545f89ff-rvjdz,35.25390625
1783734843,mem_mib,pod=workload-cloud-6f545f89ff-rvjdz,35.25390625
1783734853,mem_mib,pod=workload-cloud-6f545f89ff-rvjdz,35.25390625
1783734863,mem_mib,pod=workload-cloud-6f545f89ff-rvjdz,35.25390625
1783734383,mem_mib,pod=workload-cloud-6f545f89ff-w5bsc,3.25
1783734393,mem_mib,pod=workload-cloud-6f545f89ff-w5bsc,35.14453125
1783734403,mem_mib,pod=workload-cloud-6f545f89ff-w5bsc,35.14453125
1783734413,mem_mib,pod=workload-cloud-6f545f89ff-w5bsc,35.9296875
1783734423,mem_mib,pod=workload-cloud-6f545f89ff-w5bsc,38.1796875
1783734433,mem_mib,pod=workload-cloud-6f545f89ff-w5bsc,38.1796875
1783734443,mem_mib,pod=workload-cloud-6f545f89ff-w5bsc,39.80078125
1783734453,mem_mib,pod=workload-cloud-6f545f89ff-w5bsc,39.80078125
1783734463,mem_mib,pod=workload-cloud-6f545f89ff-w5bsc,38.59375
1783734473,mem_mib,pod=workload-cloud-6f545f89ff-w5bsc,38.59375
1783734483,mem_mib,pod=workload-cloud-6f545f89ff-w5bsc,39.7265625
1783734493,mem_mib,pod=workload-cloud-6f545f89ff-w5bsc,38.71484375
1783734503,mem_mib,pod=workload-cloud-6f545f89ff-w5bsc,38.71484375
1783734513,mem_mib,pod=workload-cloud-6f545f89ff-w5bsc,39.0078125
1783734523,mem_mib,pod=workload-cloud-6f545f89ff-w5bsc,40.0703125
1783734533,mem_mib,pod=workload-cloud-6f545f89ff-w5bsc,40.0703125
1783734543,mem_mib,pod=workload-cloud-6f545f89ff-w5bsc,39.37109375
1783734553,mem_mib,pod=workload-cloud-6f545f89ff-w5bsc,39.37109375
1783734563,mem_mib,pod=workload-cloud-6f545f89ff-w5bsc,38.91796875
1783734573,mem_mib,pod=workload-cloud-6f545f89ff-w5bsc,38.3046875
1783734583,mem_mib,pod=workload-cloud-6f545f89ff-w5bsc,37.93359375
1783734593,mem_mib,pod=workload-cloud-6f545f89ff-w5bsc,37.93359375
1783734603,mem_mib,pod=workload-cloud-6f545f89ff-w5bsc,37.62890625
1783734613,mem_mib,pod=workload-cloud-6f545f89ff-w5bsc,37.63671875
1783734623,mem_mib,pod=workload-cloud-6f545f89ff-w5bsc,37.63671875
1783734633,mem_mib,pod=workload-cloud-6f545f89ff-w5bsc,37.63671875
1783734643,mem_mib,pod=workload-cloud-6f545f89ff-w5bsc,37.63671875
1783734653,mem_mib,pod=workload-cloud-6f545f89ff-w5bsc,37.63671875
1783734663,mem_mib,pod=workload-cloud-6f545f89ff-w5bsc,37.63671875
1783734673,mem_mib,pod=workload-cloud-6f545f89ff-w5bsc,37.63671875
1783734683,mem_mib,pod=workload-cloud-6f545f89ff-w5bsc,37.63671875
1783734693,mem_mib,pod=workload-cloud-6f545f89ff-w5bsc,37.63671875
1783734703,mem_mib,pod=workload-cloud-6f545f89ff-w5bsc,37.63671875
1783734713,mem_mib,pod=workload-cloud-6f545f89ff-w5bsc,37.63671875
1783734723,mem_mib,pod=workload-cloud-6f545f89ff-w5bsc,37.63671875
1783734733,mem_mib,pod=workload-cloud-6f545f89ff-w5bsc,37.63671875
1783734743,mem_mib,pod=workload-cloud-6f545f89ff-w5bsc,37.63671875
1783734753,mem_mib,pod=workload-cloud-6f545f89ff-w5bsc,37.63671875
1783734763,mem_mib,pod=workload-cloud-6f545f89ff-w5bsc,37.63671875
1783734773,mem_mib,pod=workload-cloud-6f545f89ff-w5bsc,37.63671875
1783734783,mem_mib,pod=workload-cloud-6f545f89ff-w5bsc,37.63671875
1783734213,mem_mib,pod=workload-edge-7b875fd8c6-pxwvc,35.98046875
1783734223,mem_mib,pod=workload-edge-7b875fd8c6-pxwvc,35.98046875
1783734233,mem_mib,pod=workload-edge-7b875fd8c6-pxwvc,35.98046875
1783734243,mem_mib,pod=workload-edge-7b875fd8c6-pxwvc,35.98046875
1783734253,mem_mib,pod=workload-edge-7b875fd8c6-pxwvc,35.98046875
1783734263,mem_mib,pod=workload-edge-7b875fd8c6-pxwvc,35.98046875
1783734273,mem_mib,pod=workload-edge-7b875fd8c6-pxwvc,35.98046875
1783734283,mem_mib,pod=workload-edge-7b875fd8c6-pxwvc,35.98046875
1783734293,mem_mib,pod=workload-edge-7b875fd8c6-pxwvc,35.98046875
1783734303,mem_mib,pod=workload-edge-7b875fd8c6-pxwvc,35.98046875
1783734313,mem_mib,pod=workload-edge-7b875fd8c6-pxwvc,35.98046875
1783734323,mem_mib,pod=workload-edge-7b875fd8c6-pxwvc,35.98046875
1783734333,mem_mib,pod=workload-edge-7b875fd8c6-pxwvc,35.98046875
1783734343,mem_mib,pod=workload-edge-7b875fd8c6-pxwvc,35.98046875
1783734353,mem_mib,pod=workload-edge-7b875fd8c6-pxwvc,35.98046875
1783734363,mem_mib,pod=workload-edge-7b875fd8c6-pxwvc,35.98046875
1783734373,mem_mib,pod=workload-edge-7b875fd8c6-pxwvc,35.98046875
1783734383,mem_mib,pod=workload-edge-7b875fd8c6-pxwvc,35.98046875
1783734393,mem_mib,pod=workload-edge-7b875fd8c6-pxwvc,35.98046875
1783734403,mem_mib,pod=workload-edge-7b875fd8c6-pxwvc,35.98046875
1783734413,mem_mib,pod=workload-edge-7b875fd8c6-pxwvc,35.98046875
1783734423,mem_mib,pod=workload-edge-7b875fd8c6-pxwvc,35.98046875
1783734433,mem_mib,pod=workload-edge-7b875fd8c6-pxwvc,35.98046875
1783734443,mem_mib,pod=workload-edge-7b875fd8c6-pxwvc,35.98046875
1783734453,mem_mib,pod=workload-edge-7b875fd8c6-pxwvc,35.98046875
1783734463,mem_mib,pod=workload-edge-7b875fd8c6-pxwvc,35.9765625
1783734473,mem_mib,pod=workload-edge-7b875fd8c6-pxwvc,35.9765625
1783734483,mem_mib,pod=workload-edge-7b875fd8c6-pxwvc,35.98046875
1783734493,mem_mib,pod=workload-edge-7b875fd8c6-pxwvc,35.98046875
1783734503,mem_mib,pod=workload-edge-7b875fd8c6-pxwvc,35.98046875
1783734513,mem_mib,pod=workload-edge-7b875fd8c6-pxwvc,35.98046875
1783734523,mem_mib,pod=workload-edge-7b875fd8c6-pxwvc,35.98046875
1783734533,mem_mib,pod=workload-edge-7b875fd8c6-pxwvc,35.98046875
1783734543,mem_mib,pod=workload-edge-7b875fd8c6-pxwvc,35.9765625
1783734553,mem_mib,pod=workload-edge-7b875fd8c6-pxwvc,35.9765625
1783734563,mem_mib,pod=workload-edge-7b875fd8c6-pxwvc,35.98046875
1783734573,mem_mib,pod=workload-edge-7b875fd8c6-pxwvc,35.98046875
1783734583,mem_mib,pod=workload-edge-7b875fd8c6-pxwvc,35.98046875
1783734593,mem_mib,pod=workload-edge-7b875fd8c6-pxwvc,35.98046875
1783734603,mem_mib,pod=workload-edge-7b875fd8c6-pxwvc,35.98046875
1783734613,mem_mib,pod=workload-edge-7b875fd8c6-pxwvc,35.98046875
1783734623,mem_mib,pod=workload-edge-7b875fd8c6-pxwvc,35.98046875
1783734633,mem_mib,pod=workload-edge-7b875fd8c6-pxwvc,35.98046875
1783734643,mem_mib,pod=workload-edge-7b875fd8c6-pxwvc,35.98046875
1783734653,mem_mib,pod=workload-edge-7b875fd8c6-pxwvc,35.98046875
1783734663,mem_mib,pod=workload-edge-7b875fd8c6-pxwvc,35.98046875
1783734673,mem_mib,pod=workload-edge-7b875fd8c6-pxwvc,35.98046875
1783734683,mem_mib,pod=workload-edge-7b875fd8c6-pxwvc,35.98046875
1783734693,mem_mib,pod=workload-edge-7b875fd8c6-pxwvc,35.984375
1783734703,mem_mib,pod=workload-edge-7b875fd8c6-pxwvc,35.984375
1783734713,mem_mib,pod=workload-edge-7b875fd8c6-pxwvc,35.984375
1783734723,mem_mib,pod=workload-edge-7b875fd8c6-pxwvc,35.984375
1783734733,mem_mib,pod=workload-edge-7b875fd8c6-pxwvc,35.984375
1783734743,mem_mib,pod=workload-edge-7b875fd8c6-pxwvc,35.984375
1783734753,mem_mib,pod=workload-edge-7b875fd8c6-pxwvc,35.984375
1783734763,mem_mib,pod=workload-edge-7b875fd8c6-pxwvc,35.984375
1783734773,mem_mib,pod=workload-edge-7b875fd8c6-pxwvc,35.984375
1783734783,mem_mib,pod=workload-edge-7b875fd8c6-pxwvc,35.984375
1783734793,mem_mib,pod=workload-edge-7b875fd8c6-pxwvc,35.984375
1783734803,mem_mib,pod=workload-edge-7b875fd8c6-pxwvc,35.984375
1783734813,mem_mib,pod=workload-edge-7b875fd8c6-pxwvc,35.984375
1783734823,mem_mib,pod=workload-edge-7b875fd8c6-pxwvc,35.984375
1783734833,mem_mib,pod=workload-edge-7b875fd8c6-pxwvc,35.984375
1783734843,mem_mib,pod=workload-edge-7b875fd8c6-pxwvc,35.984375
1783734853,mem_mib,pod=workload-edge-7b875fd8c6-pxwvc,35.984375
1783734863,mem_mib,pod=workload-edge-7b875fd8c6-pxwvc,36.2421875
1783734213,rps,tier=cloud,0.0
1783734223,rps,tier=cloud,1.1400684041042464
1783734233,rps,tier=cloud,6.160159604648152
1783734243,rps,tier=cloud,15.260685236506099
1783734253,rps,tier=cloud,28.36170170210213
1783734263,rps,tier=cloud,45.54169728113246
1783734273,rps,tier=cloud,65.62215892953577
1783734283,rps,tier=cloud,85.62605323644806
1783734293,rps,tier=cloud,105.30619320620492
1783734303,rps,tier=cloud,125.14631673132197
1783734313,rps,tier=cloud,143.8686321179271
1783734323,rps,tier=cloud,161.2879037323126
1783734333,rps,tier=cloud,176.12704508180326
1783734343,rps,tier=cloud,195.5803598003117
1783734353,rps,tier=cloud,212.62350798132445
1783734363,rps,tier=cloud,230.24508868306845
1783734373,rps,tier=cloud,247.59019887701305
1783734383,rps,tier=cloud,267.912626238866
1783734393,rps,tier=cloud,286.5346571897808
1783734403,rps,tier=cloud,306.31837910274623
1783734413,rps,tier=cloud,361.48015886232696
1783734423,rps,tier=cloud,559.6020278135047
1783734433,rps,tier=cloud,768.1754859870732
1783734443,rps,tier=cloud,991.8875923948522
1783734453,rps,tier=cloud,1208.715781147267
1783734463,rps,tier=cloud,1375.5065080727056
1783734473,rps,tier=cloud,1457.2699236773296
1783734483,rps,tier=cloud,1476.1647567134717
1783734493,rps,tier=cloud,1466.3163997208128
1783734503,rps,tier=cloud,1455.4510670567593
1783734513,rps,tier=cloud,1458.2178208867056
1783734523,rps,tier=cloud,1462.4162037105723
1783734533,rps,tier=cloud,1456.3768889995877
1783734543,rps,tier=cloud,1463.2901363121891
1783734553,rps,tier=cloud,1466.822546515764
1783734563,rps,tier=cloud,1412.4354039775494
1783734573,rps,tier=cloud,1290.4000134632856
1783734583,rps,tier=cloud,1106.7402473685604
1783734593,rps,tier=cloud,883.4253161356119
1783734603,rps,tier=cloud,661.3046246888141
1783734613,rps,tier=cloud,488.50712246271905
1783734623,rps,tier=cloud,386.03152039919974
1783734633,rps,tier=cloud,353.06193548713935
1783734643,rps,tier=cloud,352.9819453780396
1783734653,rps,tier=cloud,355.2769960469399
1783734663,rps,tier=cloud,356.3193539108671
1783734673,rps,tier=cloud,354.4248137726891
1783734683,rps,tier=cloud,355.16633063791323
1783734693,rps,tier=cloud,353.59487715057764
1783734703,rps,tier=cloud,350.9348006378203
1783734713,rps,tier=cloud,349.65323662411345
1783734723,rps,tier=cloud,350.9356091572391
1783734733,rps,tier=cloud,349.2279382350588
1783734743,rps,tier=cloud,348.9724365761592
1783734753,rps,tier=cloud,349.0417041631827
1783734763,rps,tier=cloud,347.1042933349663
1783734773,rps,tier=cloud,329.05801386536234
1783734783,rps,tier=cloud,291.6349647965557
1783734793,rps,tier=cloud,231.83605273456982
1783734803,rps,tier=cloud,162.50811922190272
1783734813,rps,tier=cloud,94.66266808435495
1783734823,rps,tier=cloud,41.52138886128324
1783734833,rps,tier=cloud,9.680356813664535
1783734843,rps,tier=cloud,0.12
1783734853,rps,tier=cloud,0.0
1783734863,rps,tier=cloud,0.0
1783734213,lat50_ms,tier=cloud,3.4000000000000004
1783734223,lat50_ms,tier=cloud,1.6627906976744187
1783734233,lat50_ms,tier=cloud,1.5923077299639583
1783734243,lat50_ms,tier=cloud,1.8257584407023137
1783734253,lat50_ms,tier=cloud,2.1373701765098567
1783734263,lat50_ms,tier=cloud,2.491276275241598
1783734273,lat50_ms,tier=cloud,2.5734160592458655
1783734283,lat50_ms,tier=cloud,2.636929117802329
1783734293,lat50_ms,tier=cloud,2.7999319162421163
1783734303,lat50_ms,tier=cloud,2.901769433956855
1783734313,lat50_ms,tier=cloud,3.230463266261114
1783734323,lat50_ms,tier=cloud,3.604834207457812
1783734333,lat50_ms,tier=cloud,3.9616806558493405
1783734343,lat50_ms,tier=cloud,4.298570086878248
1783734353,lat50_ms,tier=cloud,4.52586640999982
1783734363,lat50_ms,tier=cloud,4.887614652788415
1783734373,lat50_ms,tier=cloud,6.0257986431007104
1783734383,lat50_ms,tier=cloud,7.138608978521664
1783734393,lat50_ms,tier=cloud,7.988603123742727
1783734403,lat50_ms,tier=cloud,8.956154098163593
1783734413,lat50_ms,tier=cloud,10.120349747226152
1783734423,lat50_ms,tier=cloud,10.778502794830242
1783734433,lat50_ms,tier=cloud,13.823078099725407
1783734443,lat50_ms,tier=cloud,16.568929802991878
1783734453,lat50_ms,tier=cloud,18.372777101336993
1783734463,lat50_ms,tier=cloud,20.784242788396615
1783734473,lat50_ms,tier=cloud,23.193587589178286
1783734483,lat50_ms,tier=cloud,24.74387944213749
1783734493,lat50_ms,tier=cloud,26.520655326292996
1783734503,lat50_ms,tier=cloud,27.862258015187532
1783734513,lat50_ms,tier=cloud,28.396040808767342
1783734523,lat50_ms,tier=cloud,28.891070795012016
1783734533,lat50_ms,tier=cloud,29.857186691078486
1783734543,lat50_ms,tier=cloud,30.128302722860344
1783734553,lat50_ms,tier=cloud,30.14692644615996
1783734563,lat50_ms,tier=cloud,30.27639768486242
1783734573,lat50_ms,tier=cloud,29.638777454143366
1783734583,lat50_ms,tier=cloud,28.930013849607647
1783734593,lat50_ms,tier=cloud,28.16473673703064
1783734603,lat50_ms,tier=cloud,26.89666788471496
1783734613,lat50_ms,tier=cloud,25.31999017723302
1783734623,lat50_ms,tier=cloud,23.759703556520346
1783734633,lat50_ms,tier=cloud,21.840645096606575
1783734643,lat50_ms,tier=cloud,18.626159315049286
1783734653,lat50_ms,tier=cloud,16.001613676543442
1783734663,lat50_ms,tier=cloud,13.343263145708827
1783734673,lat50_ms,tier=cloud,10.734128535798556
1783734683,lat50_ms,tier=cloud,8.952161682840325
1783734693,lat50_ms,tier=cloud,9.130895698329109
1783734703,lat50_ms,tier=cloud,9.529281946160243
1783734713,lat50_ms,tier=cloud,9.504861365535001
1783734723,lat50_ms,tier=cloud,9.131185536469857
1783734733,lat50_ms,tier=cloud,9.85183841315917
1783734743,lat50_ms,tier=cloud,9.886492222938722
1783734753,lat50_ms,tier=cloud,10.213816235559241
1783734763,lat50_ms,tier=cloud,10.814803999952646
1783734773,lat50_ms,tier=cloud,10.923447451008094
1783734783,lat50_ms,tier=cloud,10.463806128272777
1783734793,lat50_ms,tier=cloud,10.547026407563152
1783734803,lat50_ms,tier=cloud,10.432989663008502
1783734813,lat50_ms,tier=cloud,10.153021268097786
1783734823,lat50_ms,tier=cloud,9.924799279323802
1783734833,lat50_ms,tier=cloud,10.213638862858456
1783734843,lat50_ms,tier=cloud,9.906193689024779
1783734853,lat50_ms,tier=cloud,8.961879081340363
1783734863,lat50_ms,tier=cloud,7.8098665122104745
1783734213,lat95_ms,tier=cloud,8.409090909090908
1783734223,lat95_ms,tier=cloud,4.389285714285713
1783734233,lat95_ms,tier=cloud,4.0375003314534545
1783734243,lat95_ms,tier=cloud,4.655051312515691
1783734253,lat95_ms,tier=cloud,4.964992410582453
1783734263,lat95_ms,tier=cloud,4.928985159867868
1783734273,lat95_ms,tier=cloud,4.895054134196646
1783734283,lat95_ms,tier=cloud,6.770256842201775
1783734293,lat95_ms,tier=cloud,9.188428088010015
1783734303,lat95_ms,tier=cloud,9.603328706491217
1783734313,lat95_ms,tier=cloud,13.837516512549529
1783734323,lat95_ms,tier=cloud,16.77927070746694
1783734333,lat95_ms,tier=cloud,17.566371458159885
1783734343,lat95_ms,tier=cloud,18.151903550143587
1783734353,lat95_ms,tier=cloud,18.368437379886476
1783734363,lat95_ms,tier=cloud,18.62756306625569
1783734373,lat95_ms,tier=cloud,19.13448124663888
1783734383,lat95_ms,tier=cloud,19.409132485696126
1783734393,lat95_ms,tier=cloud,19.63914002985289
1783734403,lat95_ms,tier=cloud,25.694310561887512
1783734413,lat95_ms,tier=cloud,38.28064216317931
1783734423,lat95_ms,tier=cloud,44.18197419966143
1783734433,lat95_ms,tier=cloud,48.75298587281303
1783734443,lat95_ms,tier=cloud,50.619276848793554
1783734453,lat95_ms,tier=cloud,54.65104259226505
1783734463,lat95_ms,tier=cloud,56.72646412603711
1783734473,lat95_ms,tier=cloud,59.53134577161235
1783734483,lat95_ms,tier=cloud,61.7772012106054
1783734493,lat95_ms,tier=cloud,63.05458732417359
1783734503,lat95_ms,tier=cloud,63.71852965574011
1783734513,lat95_ms,tier=cloud,63.72873841813149
1783734523,lat95_ms,tier=cloud,64.0456834896208
1783734533,lat95_ms,tier=cloud,64.75176647719674
1783734543,lat95_ms,tier=cloud,64.6481834336063
1783734553,lat95_ms,tier=cloud,64.97956915068674
1783734563,lat95_ms,tier=cloud,64.7315072170363
1783734573,lat95_ms,tier=cloud,64.41218253717211
1783734583,lat95_ms,tier=cloud,63.77470815705573
1783734593,lat95_ms,tier=cloud,62.69911493864791
1783734603,lat95_ms,tier=cloud,61.319894205474625
1783734613,lat95_ms,tier=cloud,59.79181436013836
1783734623,lat95_ms,tier=cloud,59.13726292144327
1783734633,lat95_ms,tier=cloud,57.60982247344346
1783734643,lat95_ms,tier=cloud,51.548453845542724
1783734653,lat95_ms,tier=cloud,49.25829341724223
1783734663,lat95_ms,tier=cloud,46.3021824680932
1783734673,lat95_ms,tier=cloud,42.49421233738933
1783734683,lat95_ms,tier=cloud,38.92365992534137
1783734693,lat95_ms,tier=cloud,37.672925260541405
1783734703,lat95_ms,tier=cloud,38.675151358920424
1783734713,lat95_ms,tier=cloud,38.9782242552667
1783734723,lat95_ms,tier=cloud,38.30104706893803
1783734733,lat95_ms,tier=cloud,39.224540901502515
1783734743,lat95_ms,tier=cloud,39.679819554281
1783734753,lat95_ms,tier=cloud,40.13149052930193
1783734763,lat95_ms,tier=cloud,40.914554015610655
1783734773,lat95_ms,tier=cloud,40.83427667645992
1783734783,lat95_ms,tier=cloud,40.38426399068656
1783734793,lat95_ms,tier=cloud,40.49308959224002
1783734803,lat95_ms,tier=cloud,40.32264379159786
1783734813,lat95_ms,tier=cloud,39.8481072004969
1783734823,lat95_ms,tier=cloud,39.43204790667945
1783734833,lat95_ms,tier=cloud,40.40332478108005
1783734843,lat95_ms,tier=cloud,39.91045824307302
1783734853,lat95_ms,tier=cloud,38.13402628682502
1783734863,lat95_ms,tier=cloud,35.84495484663172
1783734213,lat99_ms,tier=cloud,9.681818181818183
1783734223,lat99_ms,tier=cloud,4.877857142857143
1783734233,lat99_ms,tier=cloud,4.80750006629069
1783734243,lat99_ms,tier=cloud,4.963333666986667
1783734253,lat99_ms,tier=cloud,8.874602371283693
1783734263,lat99_ms,tier=cloud,8.64464454011978
1783734273,lat99_ms,tier=cloud,8.314141709486137
1783734283,lat99_ms,tier=cloud,10.023954211357522
1783734293,lat99_ms,tier=cloud,16.860417850437976
1783734303,lat99_ms,tier=cloud,17.60552321534774
1783734313,lat99_ms,tier=cloud,18.841479524438576
1783734323,lat99_ms,tier=cloud,19.449531102079483
1783734333,lat99_ms,tier=cloud,19.630921313202972
1783734343,lat99_ms,tier=cloud,19.770000402657008
1783734353,lat99_ms,tier=cloud,19.879916802971795
1783734363,lat99_ms,tier=cloud,20.1112483610798
1783734373,lat99_ms,tier=cloud,36.16150708494494
1783734383,lat99_ms,tier=cloud,39.45348831135076
1783734393,lat99_ms,tier=cloud,41.650381358010954
1783734403,lat99_ms,tier=cloud,45.1388621123775
1783734413,lat99_ms,tier=cloud,47.76497194038219
1783734423,lat99_ms,tier=cloud,56.818674448180545
1783734433,lat99_ms,tier=cloud,68.55719433693012
1783734443,lat99_ms,tier=cloud,70.28862407395867
1783734453,lat99_ms,tier=cloud,71.18457558517939
1783734463,lat99_ms,tier=cloud,71.54689501399777
1783734473,lat99_ms,tier=cloud,72.05741537436012
1783734483,lat99_ms,tier=cloud,72.48097021738779
1783734493,lat99_ms,tier=cloud,72.73128268266166
1783734503,lat99_ms,tier=cloud,72.88745010509989
1783734513,lat99_ms,tier=cloud,72.88331255082272
1783734523,lat99_ms,tier=cloud,72.94218193659201
1783734533,lat99_ms,tier=cloud,73.1483001011261
1783734543,lat99_ms,tier=cloud,73.1704859709641
1783734553,lat99_ms,tier=cloud,73.21262736126056
1783734563,lat99_ms,tier=cloud,73.13642358706527
1783734573,lat99_ms,tier=cloud,73.08518154188407
1783734583,lat99_ms,tier=cloud,72.98455975178307
1783734593,lat99_ms,tier=cloud,72.80532319217625
1783734603,lat99_ms,tier=cloud,72.56551465209022
1783734613,lat99_ms,tier=cloud,72.26012120981599
1783734623,lat99_ms,tier=cloud,72.16831640684055
1783734633,lat99_ms,tier=cloud,71.9251112448613
1783734643,lat99_ms,tier=cloud,70.5630448156065
1783734653,lat99_ms,tier=cloud,69.00346175599904
1783734663,lat99_ms,tier=cloud,56.94545174525911
1783734673,lat99_ms,tier=cloud,48.733494657259875
1783734683,lat99_ms,tier=cloud,47.78473198506829
1783734693,lat99_ms,tier=cloud,47.534585052108284
1783734703,lat99_ms,tier=cloud,47.73503027178407
1783734713,lat99_ms,tier=cloud,47.79564485105333
1783734723,lat99_ms,tier=cloud,47.6602094137876
1783734733,lat99_ms,tier=cloud,47.8449081803005
1783734743,lat99_ms,tier=cloud,47.93596391085621
1783734753,lat99_ms,tier=cloud,48.0262981058604
1783734763,lat99_ms,tier=cloud,48.18291080312215
1783734773,lat99_ms,tier=cloud,48.166855335292
1783734783,lat99_ms,tier=cloud,48.0768527981373
1783734793,lat99_ms,tier=cloud,48.09861791844801
1783734803,lat99_ms,tier=cloud,48.0645287583196
1783734813,lat99_ms,tier=cloud,47.96962144009938
1783734823,lat99_ms,tier=cloud,47.88640958133588
1783734833,lat99_ms,tier=cloud,48.08066495621602
1783734843,lat99_ms,tier=cloud,47.9820916486146
1783734853,lat99_ms,tier=cloud,47.626805257365014
1783734863,lat99_ms,tier=cloud,47.16899096932632
1783734213,inflight,tier=cloud,0.0
1783734223,inflight,tier=cloud,0.0
1783734233,inflight,tier=cloud,0.0
1783734243,inflight,tier=cloud,0.0
1783734253,inflight,tier=cloud,0.0
1783734263,inflight,tier=cloud,0.0
1783734273,inflight,tier=cloud,0.0
1783734283,inflight,tier=cloud,0.0
1783734293,inflight,tier=cloud,0.0
1783734303,inflight,tier=cloud,0.0
1783734313,inflight,tier=cloud,0.0
1783734323,inflight,tier=cloud,0.0
1783734333,inflight,tier=cloud,1.0
1783734343,inflight,tier=cloud,0.0
1783734353,inflight,tier=cloud,0.0
1783734363,inflight,tier=cloud,0.0
1783734373,inflight,tier=cloud,0.0
1783734383,inflight,tier=cloud,1.0
1783734393,inflight,tier=cloud,0.0
1783734403,inflight,tier=cloud,0.0
1783734413,inflight,tier=cloud,1.0
1783734423,inflight,tier=cloud,28.0
1783734433,inflight,tier=cloud,12.0
1783734443,inflight,tier=cloud,16.0
1783734453,inflight,tier=cloud,19.0
1783734463,inflight,tier=cloud,49.0
1783734473,inflight,tier=cloud,1.0
1783734483,inflight,tier=cloud,9.0
1783734493,inflight,tier=cloud,24.0
1783734503,inflight,tier=cloud,7.0
1783734513,inflight,tier=cloud,0.0
1783734523,inflight,tier=cloud,24.0
1783734533,inflight,tier=cloud,8.0
1783734543,inflight,tier=cloud,8.0
1783734553,inflight,tier=cloud,1.0
1783734563,inflight,tier=cloud,1.0
1783734573,inflight,tier=cloud,0.0
1783734583,inflight,tier=cloud,6.0
1783734593,inflight,tier=cloud,18.0
1783734603,inflight,tier=cloud,6.0
1783734613,inflight,tier=cloud,0.0
1783734623,inflight,tier=cloud,0.0
1783734633,inflight,tier=cloud,1.0
1783734643,inflight,tier=cloud,0.0
1783734653,inflight,tier=cloud,0.0
1783734663,inflight,tier=cloud,1.0
1783734673,inflight,tier=cloud,1.0
1783734683,inflight,tier=cloud,1.0
1783734693,inflight,tier=cloud,0.0
1783734703,inflight,tier=cloud,0.0
1783734713,inflight,tier=cloud,0.0
1783734723,inflight,tier=cloud,0.0
1783734733,inflight,tier=cloud,2.0
1783734743,inflight,tier=cloud,0.0
1783734753,inflight,tier=cloud,0.0
1783734763,inflight,tier=cloud,0.0
1783734773,inflight,tier=cloud,0.0
1783734783,inflight,tier=cloud,0.0
1783734793,inflight,tier=cloud,0.0
1783734803,inflight,tier=cloud,0.0
1783734813,inflight,tier=cloud,0.0
1783734823,inflight,tier=cloud,0.0
1783734833,inflight,tier=cloud,0.0
1783734843,inflight,tier=cloud,0.0
1783734853,inflight,tier=cloud,0.0
1783734863,inflight,tier=cloud,0.0
1783734213,inflight,tier=edge,0.0
1783734223,inflight,tier=edge,0.0
1783734233,inflight,tier=edge,0.0
1783734243,inflight,tier=edge,0.0
1783734253,inflight,tier=edge,0.0
1783734263,inflight,tier=edge,0.0
1783734273,inflight,tier=edge,0.0
1783734283,inflight,tier=edge,0.0
1783734293,inflight,tier=edge,0.0
1783734303,inflight,tier=edge,0.0
1783734313,inflight,tier=edge,0.0
1783734323,inflight,tier=edge,0.0
1783734333,inflight,tier=edge,0.0
1783734343,inflight,tier=edge,0.0
1783734353,inflight,tier=edge,0.0
1783734363,inflight,tier=edge,0.0
1783734373,inflight,tier=edge,0.0
1783734383,inflight,tier=edge,0.0
1783734393,inflight,tier=edge,0.0
1783734403,inflight,tier=edge,0.0
1783734413,inflight,tier=edge,0.0
1783734423,inflight,tier=edge,0.0
1783734433,inflight,tier=edge,0.0
1783734443,inflight,tier=edge,0.0
1783734453,inflight,tier=edge,0.0
1783734463,inflight,tier=edge,0.0
1783734473,inflight,tier=edge,0.0
1783734483,inflight,tier=edge,0.0
1783734493,inflight,tier=edge,0.0
1783734503,inflight,tier=edge,0.0
1783734513,inflight,tier=edge,0.0
1783734523,inflight,tier=edge,0.0
1783734533,inflight,tier=edge,0.0
1783734543,inflight,tier=edge,0.0
1783734553,inflight,tier=edge,0.0
1783734563,inflight,tier=edge,0.0
1783734573,inflight,tier=edge,0.0
1783734583,inflight,tier=edge,0.0
1783734593,inflight,tier=edge,0.0
1783734603,inflight,tier=edge,0.0
1783734613,inflight,tier=edge,0.0
1783734623,inflight,tier=edge,0.0
1783734633,inflight,tier=edge,0.0
1783734643,inflight,tier=edge,0.0
1783734653,inflight,tier=edge,0.0
1783734663,inflight,tier=edge,0.0
1783734673,inflight,tier=edge,0.0
1783734683,inflight,tier=edge,0.0
1783734693,inflight,tier=edge,0.0
1783734703,inflight,tier=edge,0.0
1783734713,inflight,tier=edge,0.0
1783734723,inflight,tier=edge,0.0
1783734733,inflight,tier=edge,0.0
1783734743,inflight,tier=edge,0.0
1783734753,inflight,tier=edge,0.0
1783734763,inflight,tier=edge,0.0
1783734773,inflight,tier=edge,0.0
1783734783,inflight,tier=edge,0.0
1783734793,inflight,tier=edge,0.0
1783734803,inflight,tier=edge,0.0
1783734813,inflight,tier=edge,0.0
1783734823,inflight,tier=edge,0.0
1783734833,inflight,tier=edge,0.0
1783734843,inflight,tier=edge,0.0
1783734853,inflight,tier=edge,0.0
1783734863,inflight,tier=edge,0.0
