ts,metric,labels,value
1783732153,replicas_status,deployment=workload-cloud,1.0
1783732163,replicas_status,deployment=workload-cloud,1.0
1783732173,replicas_status,deployment=workload-cloud,1.0
1783732183,replicas_status,deployment=workload-cloud,1.0
1783732193,replicas_status,deployment=workload-cloud,1.0
1783732203,replicas_status,deployment=workload-cloud,1.0
1783732213,replicas_status,deployment=workload-cloud,1.0
1783732223,replicas_status,deployment=workload-cloud,1.0
1783732233,replicas_status,deployment=workload-cloud,1.0
1783732243,replicas_status,deployment=workload-cloud,1.0
1783732253,replicas_status,deployment=workload-cloud,1.0
1783732263,replicas_status,deployment=workload-cloud,1.0
1783732273,replicas_status,deployment=workload-cloud,2.0
1783732283,replicas_status,deployment=workload-cloud,2.0
1783732293,replicas_status,deployment=workload-cloud,2.0
1783732303,replicas_status,deployment=workload-cloud,2.0
1783732313,replicas_status,deployment=workload-cloud,2.0
1783732323,replicas_status,deployment=workload-cloud,2.0
1783732333,replicas_status,deployment=workload-cloud,2.0
1783732343,replicas_status,deployment=workload-cloud,2.0
1783732353,replicas_status,deployment=workload-cloud,3.0
1783732363,replicas_status,deployment=workload-cloud,3.0
1783732373,replicas_status,deployment=workload-cloud,3.0
1783732383,replicas_status,deployment=workload-cloud,4.0
1783732393,replicas_status,deployment=workload-cloud,4.0
1783732403,replicas_status,deployment=workload-cloud,4.0
1783732413,replicas_status,deployment=workload-cloud,5.0
1783732423,replicas_status,deployment=workload-cloud,5.0
1783732433,replicas_status,deployment=workload-cloud,5.0
1783732443,replicas_status,deployment=workload-cloud,6.0
1783732453,replicas_status,deployment=workload-cloud,6.0
1783732463,replicas_status,deployment=workload-cloud,6.0
1783732473,replicas_status,deployment=workload-cloud,6.0
1783732483,replicas_status,deployment=workload-cloud,6.0
1783732493,replicas_status,deployment=workload-cloud,6.0
1783732503,replicas_status,deployment=workload-cloud,6.0
1783732513,replicas_status,deployment=workload-cloud,6.0
1783732523,replicas_status,deployment=workload-cloud,6.0
1783732533,replicas_status,deployment=workload-cloud,6.0
1783732543,replicas_status,deployment=workload-cloud,6.0
1783732553,replicas_status,deployment=workload-cloud,6.0
1783732563,replicas_status,deployment=workload-cloud,6.0
1783732573,replicas_status,deployment=workload-cloud,6.0
1783732583,replicas_status,deployment=workload-cloud,6.0
1783732593,replicas_status,deployment=workload-cloud,6.0
1783732603,replicas_status,deployment=workload-cloud,6.0
1783732613,replicas_status,deployment=workload-cloud,6.0
1783732623,replicas_status,deployment=workload-cloud,6.0
1783732633,replicas_status,deployment=workload-cloud,6.0
1783732643,replicas_status,deployment=workload-cloud,6.0
1783732653,replicas_status,deployment=workload-cloud,6.0
1783732663,replicas_status,deployment=workload-cloud,6.0
1783732673,replicas_status,deployment=workload-cloud,6.0
1783732683,replicas_status,deployment=workload-cloud,6.0
1783732693,replicas_status,deployment=workload-cloud,6.0
1783732703,replicas_status,deployment=workload-cloud,6.0
1783732713,replicas_status,deployment=workload-cloud,6.0
1783732723,replicas_status,deployment=workload-cloud,5.0
1783732733,replicas_status,deployment=workload-cloud,5.0
1783732743,replicas_status,deployment=workload-cloud,5.0
1783732753,replicas_status,deployment=workload-cloud,5.0
1783732763,replicas_status,deployment=workload-cloud,5.0
1783732773,replicas_status,deployment=workload-cloud,5.0
1783732783,replicas_status,deployment=workload-cloud,4.0
1783732793,replicas_status,deployment=workload-cloud,4.0
1783732803,replicas_status,deployment=workload-cloud,4.0
1783732153,replicas_status,deployment=workload-edge,1.0
1783732163,replicas_status,deployment=workload-edge,1.0
1783732173,replicas_status,deployment=workload-edge,1.0
1783732183,replicas_status,deployment=workload-edge,1.0
1783732193,replicas_status,deployment=workload-edge,1.0
1783732203,replicas_status,deployment=workload-edge,1.0
1783732213,replicas_status,deployment=workload-edge,1.0
1783732223,replicas_status,deployment=workload-edge,1.0
1783732233,replicas_status,deployment=workload-edge,1.0
1783732243,replicas_status,deployment=workload-edge,1.0
1783732253,replicas_status,deployment=workload-edge,1.0
1783732263,replicas_status,deployment=workload-edge,1.0
1783732273,replicas_status,deployment=workload-edge,1.0
1783732283,replicas_status,deployment=workload-edge,1.0
1783732293,replicas_status,deployment=workload-edge,1.0
1783732303,replicas_status,deployment=workload-edge,1.0
1783732313,replicas_status,deployment=workload-edge,1.0
1783732323,replicas_status,deployment=workload-edge,1.0
1783732333,replicas_status,deployment=workload-edge,1.0
1783732343,replicas_status,deployment=workload-edge,1.0
1783732353,replicas_status,deployment=workload-edge,1.0
1783732363,replicas_status,deployment=workload-edge,1.0
1783732373,replicas_status,deployment=workload-edge,1.0
1783732383,replicas_status,deployment=workload-edge,1.0
1783732393,replicas_status,deployment=workload-edge,1.0
1783732403,replicas_status,deployment=workload-edge,1.0
1783732413,replicas_status,deployment=workload-edge,1.0
1783732423,replicas_status,deployment=workload-edge,1.0
1783732433,replicas_status,deployment=workload-edge,1.0
1783732443,replicas_status,deployment=workload-edge,1.0
1783732453,replicas_status,deployment=workload-edge,1.0
1783732463,replicas_status,deployment=workload-edge,1.0
1783732473,replicas_status,deployment=workload-edge,1.0
1783732483,replicas_status,deployment=workload-edge,1.0
1783732493,replicas_status,deployment=workload-edge,1.0
1783732503,replicas_status,deployment=workload-edge,1.0
1783732513,replicas_status,deployment=workload-edge,1.0
1783732523,replicas_status,deployment=workload-edge,1.0
1783732533,replicas_status,deployment=workload-edge,1.0
1783732543,replicas_status,deployment=workload-edge,1.0
1783732553,replicas_status,deployment=workload-edge,1.0
1783732563,replicas_status,deployment=workload-edge,1.0
1783732573,replicas_status,deployment=workload-edge,1.0
1783732583,replicas_status,deployment=workload-edge,1.0
1783732593,replicas_status,deployment=workload-edge,1.0
1783732603,replicas_status,deployment=workload-edge,1.0
1783732613,replicas_status,deployment=workload-edge,1.0
1783732623,replicas_status,deployment=workload-edge,1.0
1783732633,replicas_status,deployment=workload-edge,1.0
1783732643,replicas_status,deployment=workload-edge,1.0
1783732653,replicas_status,deployment=workload-edge,1.0
1783732663,replicas_status,deployment=workload-edge,1.0
1783732673,replicas_status,deployment=workload-edge,1.0
1783732683,replicas_status,deployment=workload-edge,1.0
1783732693,replicas_status,deployment=workload-edge,1.0
1783732703,replicas_status,deployment=workload-edge,1.0
1783732713,replicas_status,deployment=workload-edge,1.0
1783732723,replicas_status,deployment=workload-edge,1.0
1783732733,replicas_status,deployment=workload-edge,1.0
1783732743,replicas_status,deployment=workload-edge,1.0
1783732753,replicas_status,deployment=workload-edge,1.0
1783732763,replicas_status,deployment=workload-edge,1.0
1783732773,replicas_status,deployment=workload-edge,1.0
1783732783,replicas_status,deployment=workload-edge,1.0
1783732793,replicas_status,deployment=workload-edge,1.0
1783732803,replicas_status,deployment=workload-edge,1.0
1783732153,replicas_spec,deployment=workload-cloud,1.0
1783732163,replicas_spec,deployment=workload-cloud,1.0
1783732173,replicas_spec,deployment=workload-cloud,1.0
1783732183,replicas_spec,deployment=workload-cloud,1.0
1783732193,replicas_spec,deployment=workload-cloud,1.0
1783732203,replicas_spec,deployment=workload-cloud,1.0
1783732213,replicas_spec,deployment=workload-cloud,1.0
1783732223,replicas_spec,deployment=workload-cloud,1.0
1783732233,replicas_spec,deployment=workload-cloud,1.0
1783732243,replicas_spec,deployment=workload-cloud,1.0
1783732253,replicas_spec,deployment=workload-cloud,1.0
1783732263,replicas_spec,deployment=workload-cloud,1.0
1783732273,replicas_spec,deployment=workload-cloud,2.0
1783732283,replicas_spec,deployment=workload-cloud,2.0
1783732293,replicas_spec,deployment=workload-cloud,2.0
1783732303,replicas_spec,deployment=workload-cloud,2.0
1783732313,replicas_spec,deployment=workload-cloud,2.0
1783732323,replicas_spec,deployment=workload-cloud,2.0
1783732333,replicas_spec,deployment=workload-cloud,2.0
1783732343,replicas_spec,deployment=workload-cloud,2.0
1783732353,replicas_spec,deployment=workload-cloud,3.0
1783732363,replicas_spec,deployment=workload-cloud,3.0
1783732373,replicas_spec,deployment=workload-cloud,3.0
1783732383,replicas_spec,deployment=workload-cloud,4.0
1783732393,replicas_spec,deployment=workload-cloud,4.0
1783732403,replicas_spec,deployment=workload-cloud,4.0
1783732413,replicas_spec,deployment=workload-cloud,5.0
1783732423,replicas_spec,deployment=workload-cloud,5.0
1783732433,replicas_spec,deployment=workload-cloud,5.0
1783732443,replicas_spec,deployment=workload-cloud,6.0
1783732453,replicas_spec,deployment=workload-cloud,6.0
1783732463,replicas_spec,deployment=workload-cloud,6.0
1783732473,replicas_spec,deployment=workload-cloud,6.0
1783732483,replicas_spec,deployment=workload-cloud,6.0
1783732493,replicas_spec,deployment=workload-cloud,6.0
1783732503,replicas_spec,deployment=workload-cloud,6.0
1783732513,replicas_spec,deployment=workload-cloud,6.0
1783732523,replicas_spec,deployment=workload-cloud,6.0
1783732533,replicas_spec,deployment=workload-cloud,6.0
1783732543,replicas_spec,deployment=workload-cloud,6.0
1783732553,replicas_spec,deployment=workload-cloud,6.0
1783732563,replicas_spec,deployment=workload-cloud,6.0
1783732573,replicas_spec,deployment=workload-cloud,6.0
1783732583,replicas_spec,deployment=workload-cloud,6.0
1783732593,replicas_spec,deployment=workload-cloud,6.0
1783732603,replicas_spec,deployment=workload-cloud,6.0
1783732613,replicas_spec,deployment=workload-cloud,6.0
1783732623,replicas_spec,deployment=workload-cloud,6.0
1783732633,replicas_spec,deployment=workload-cloud,6.0
1783732643,replicas_spec,deployment=workload-cloud,6.0
1783732653,replicas_spec,deployment=workload-cloud,6.0
1783732663,replicas_spec,deployment=workload-cloud,6.0
1783732673,replicas_spec,deployment=workload-cloud,6.0
1783732683,replicas_spec,deployment=workload-cloud,6.0
1783732693,replicas_spec,deployment=workload-cloud,6.0
1783732703,replicas_spec,deployment=workload-cloud,6.0
1783732713,replicas_spec,deployment=workload-cloud,6.0
1783732723,replicas_spec,deployment=workload-cloud,5.0
1783732733,replicas_spec,deployment=workload-cloud,5.0
1783732743,replicas_spec,deployment=workload-cloud,5.0
1783732753,replicas_spec,deployment=workload-cloud,5.0
1783732763,replicas_spec,deployment=workload-cloud,5.0
1783732773,replicas_spec,deployment=workload-cloud,5.0
1783732783,replicas_spec,deployment=workload-cloud,4.0
1783732793,replicas_spec,deployment=workload-cloud,4.0
1783732803,replicas_spec,deployment=workload-cloud,4.0
1783732153,replicas_spec,deployment=workload-edge,1.0
1783732163,replicas_spec,deployment=workload-edge,1.0
1783732173,replicas_spec,deployment=workload-edge,1.0
1783732183,replicas_spec,deployment=workload-edge,1.0
1783732193,replicas_spec,deployment=workload-edge,1.0
1783732203,replicas_spec,deployment=workload-edge,1.0
1783732213,replicas_spec,deployment=workload-edge,1.0
1783732223,replicas_spec,deployment=workload-edge,1.0
1783732233,replicas_spec,deployment=workload-edge,1.0
1783732243,replicas_spec,deployment=workload-edge,1.0
1783732253,replicas_spec,deployment=workload-edge,1.0
1783732263,replicas_spec,deployment=workload-edge,1.0
1783732273,replicas_spec,deployment=workload-edge,1.0
1783732283,replicas_spec,deployment=workload-edge,1.0
1783732293,replicas_spec,deployment=workload-edge,1.0
1783732303,replicas_spec,deployment=workload-edge,1.0
1783732313,replicas_spec,deployment=workload-edge,1.0
1783732323,replicas_spec,deployment=workload-edge,1.0
1783732333,replicas_spec,deployment=workload-edge,1.0
1783732343,replicas_spec,deployment=workload-edge,1.0
1783732353,replicas_spec,deployment=workload-edge,1.0
1783732363,replicas_spec,deployment=workload-edge,1.0
1783732373,replicas_spec,deployment=workload-edge,1.0
1783732383,replicas_spec,deployment=workload-edge,1.0
1783732393,replicas_spec,deployment=workload-edge,1.0
1783732403,replicas_spec,deployment=workload-edge,1.0
1783732413,replicas_spec,deployment=workload-edge,1.0
1783732423,replicas_spec,deployment=workload-edge,1.0
1783732433,replicas_spec,deployment=workload-edge,1.0
1783732443,replicas_spec,deployment=workload-edge,1.0
1783732453,replicas_spec,deployment=workload-edge,1.0
1783732463,replicas_spec,deployment=workload-edge,1.0
1783732473,replicas_spec,deployment=workload-edge,1.0
1783732483,replicas_spec,deployment=workload-edge,1.0
1783732493,replicas_spec,deployment=workload-edge,1.0
1783732503,replicas_spec,deployment=workload-edge,1.0
1783732513,replicas_spec,deployment=workload-edge,1.0
1783732523,replicas_spec,deployment=workload-edge,1.0
1783732533,replicas_spec,deployment=workload-edge,1.0
1783732543,replicas_spec,deployment=workload-edge,1.0
1783732553,replicas_spec,deployment=workload-edge,1.0
1783732563,replicas_spec,deployment=workload-edge,1.0
1783732573,replicas_spec,deployment=workload-edge,1.0
1783732583,replicas_spec,deployment=workload-edge,1.0
1783732593,replicas_spec,deployment=workload-edge,1.0
1783732603,replicas_spec,deployment=workload-edge,1.0
1783732613,replicas_spec,deployment=workload-edge,1.0
1783732623,replicas_spec,deployment=workload-edge,1.0
1783732633,replicas_spec,deployment=workload-edge,1.0
1783732643,replicas_spec,deployment=workload-edge,1.0
1783732653,replicas_spec,deployment=workload-edge,1.0
1783732663,replicas_spec,deployment=workload-edge,1.0
1783732673,replicas_spec,deployment=workload-edge,1.0
1783732683,replicas_spec,deployment=workload-edge,1.0
1783732693,replicas_spec,deployment=workload-edge,1.0
1783732703,replicas_spec,deployment=workload-edge,1.0
1783732713,replicas_spec,deployment=workload-edge,1.0
1783732723,replicas_spec,deployment=workload-edge,1.0
1783732733,replicas_spec,deployment=workload-edge,1.0
1783732743,replicas_spec,deployment=workload-edge,1.0
1783732753,replicas_spec,deployment=workload-edge,1.0
1783732763,replicas_spec,deployment=workload-edge,1.0
1783732773,replicas_spec,deployment=workload-edge,1.0
1783732783,replicas_spec,deployment=workload-edge,1.0
1783732793,replicas_spec,deployment=workload-edge,1.0
1783732803,replicas_spec,deployment=workload-edge,1.0
1783732283,cpu_cores,pod=workload-cloud-6f545f89ff-7sfxr,0.010021601272857655
1783732293,cpu_cores,pod=workload-cloud-6f545f89ff-7sfxr,0.01642831813672762
1783732303,cpu_cores,pod=workload-cloud-6f545f89ff-7sfxr,0.019149382987312575
1783732313,cpu_cores,pod=workload-cloud-6f545f89ff-7sfxr,0.02725325807642053
1783732323,cpu_cores,pod=workload-cloud-6f545f89ff-7sfxr,0.04091508977389689
1783732333,cpu_cores,pod=workload-cloud-6f545f89ff-7sfxr,0.0397087328676773
1783732343,cpu_cores,pod=workload-cloud-6f545f89ff-7sfxr,0.0749615669636676
1783732353,cpu_cores,pod=workload-cloud-6f545f89ff-7sfxr,0.10717069618990623
1783732363,cpu_cores,pod=workload-cloud-6f545f89ff-7sfxr,0.10179689595527826
1783732373,cpu_cores,pod=workload-cloud-6f545f89ff-7sfxr,0.2242847657201036
1783732383,cpu_cores,pod=workload-cloud-6f545f89ff-7sfxr,0.33058596338574936
1783732393,cpu_cores,pod=workload-cloud-6f545f89ff-7sfxr,0.3680037382846411
1783732403,cpu_cores,pod=workload-cloud-6f545f89ff-7sfxr,0.40514114843094845
1783732413,cpu_cores,pod=workload-cloud-6f545f89ff-7sfxr,0.441665421592139
1783732423,cpu_cores,pod=workload-cloud-6f545f89ff-7sfxr,0.441665421592139
1783732433,cpu_cores,pod=workload-cloud-6f545f89ff-7sfxr,0.43655101140254876
1783732443,cpu_cores,pod=workload-cloud-6f545f89ff-7sfxr,0.4307086033576568
1783732453,cpu_cores,pod=workload-cloud-6f545f89ff-7sfxr,0.4286917750563446
1783732463,cpu_cores,pod=workload-cloud-6f545f89ff-7sfxr,0.42805033320915614
1783732473,cpu_cores,pod=workload-cloud-6f545f89ff-7sfxr,0.3592467331361434
1783732483,cpu_cores,pod=workload-cloud-6f545f89ff-7sfxr,0.43026040640535146
1783732493,cpu_cores,pod=workload-cloud-6f545f89ff-7sfxr,0.4292156939484371
1783732503,cpu_cores,pod=workload-cloud-6f545f89ff-7sfxr,0.4292156939484371
1783732513,cpu_cores,pod=workload-cloud-6f545f89ff-7sfxr,0.39918682104989267
1783732523,cpu_cores,pod=workload-cloud-6f545f89ff-7sfxr,0.30833163407971437
1783732533,cpu_cores,pod=workload-cloud-6f545f89ff-7sfxr,0.30833163407971437
1783732543,cpu_cores,pod=workload-cloud-6f545f89ff-7sfxr,0.20681260134846802
1783732553,cpu_cores,pod=workload-cloud-6f545f89ff-7sfxr,0.10811803242203054
1783732563,cpu_cores,pod=workload-cloud-6f545f89ff-7sfxr,0.12089793506779613
1783732573,cpu_cores,pod=workload-cloud-6f545f89ff-7sfxr,0.10700956128844194
1783732583,cpu_cores,pod=workload-cloud-6f545f89ff-7sfxr,0.1067756853637602
1783732593,cpu_cores,pod=workload-cloud-6f545f89ff-7sfxr,0.10738197350372437
1783732603,cpu_cores,pod=workload-cloud-6f545f89ff-7sfxr,0.10803784348552928
1783732613,cpu_cores,pod=workload-cloud-6f545f89ff-7sfxr,0.10803784348552928
1783732623,cpu_cores,pod=workload-cloud-6f545f89ff-7sfxr,0.10795153183643567
1783732633,cpu_cores,pod=workload-cloud-6f545f89ff-7sfxr,0.10783054429815209
1783732643,cpu_cores,pod=workload-cloud-6f545f89ff-7sfxr,0.10879838142153396
1783732653,cpu_cores,pod=workload-cloud-6f545f89ff-7sfxr,0.09285486145930366
1783732663,cpu_cores,pod=workload-cloud-6f545f89ff-7sfxr,0.11359611832105707
1783732673,cpu_cores,pod=workload-cloud-6f545f89ff-7sfxr,0.09703664417280496
1783732683,cpu_cores,pod=workload-cloud-6f545f89ff-7sfxr,0.11322104875353049
1783732693,cpu_cores,pod=workload-cloud-6f545f89ff-7sfxr,0.11246277032575962
1783732703,cpu_cores,pod=workload-cloud-6f545f89ff-7sfxr,0.10434376381154407
1783732713,cpu_cores,pod=workload-cloud-6f545f89ff-7sfxr,0.10434376381154407
1783732723,cpu_cores,pod=workload-cloud-6f545f89ff-7sfxr,0.07200513676965527
1783732733,cpu_cores,pod=workload-cloud-6f545f89ff-7sfxr,0.05796713531360456
1783732743,cpu_cores,pod=workload-cloud-6f545f89ff-7sfxr,0.029396549040535472
1783732753,cpu_cores,pod=workload-cloud-6f545f89ff-7sfxr,0.0033550256853209248
1783732763,cpu_cores,pod=workload-cloud-6f545f89ff-7sfxr,0.0019956406368462102
1783732773,cpu_cores,pod=workload-cloud-6f545f89ff-7sfxr,0.002027322722944585
1783732783,cpu_cores,pod=workload-cloud-6f545f89ff-7sfxr,0.0021053986997899192
1783732793,cpu_cores,pod=workload-cloud-6f545f89ff-7sfxr,0.001443435031092221
1783732803,cpu_cores,pod=workload-cloud-6f545f89ff-7sfxr,0.0011455318007373122
1783732453,cpu_cores,pod=workload-cloud-6f545f89ff-7vswv,0.013129003333655425
1783732463,cpu_cores,pod=workload-cloud-6f545f89ff-7vswv,0.009128304720191665
1783732473,cpu_cores,pod=workload-cloud-6f545f89ff-7vswv,0.008751877016845808
1783732483,cpu_cores,pod=workload-cloud-6f545f89ff-7vswv,0.01081618398082396
1783732493,cpu_cores,pod=workload-cloud-6f545f89ff-7vswv,0.009466842912495964
1783732503,cpu_cores,pod=workload-cloud-6f545f89ff-7vswv,0.001711386138613861
1783732513,cpu_cores,pod=workload-cloud-6f545f89ff-7vswv,0.001770782383733856
1783732523,cpu_cores,pod=workload-cloud-6f545f89ff-7vswv,0.0014661698009601205
1783732533,cpu_cores,pod=workload-cloud-6f545f89ff-7vswv,0.0017975603805806299
1783732543,cpu_cores,pod=workload-cloud-6f545f89ff-7vswv,0.0018100987925356742
1783732553,cpu_cores,pod=workload-cloud-6f545f89ff-7vswv,0.0018284883720930223
1783732563,cpu_cores,pod=workload-cloud-6f545f89ff-7vswv,0.001774528404754116
1783732573,cpu_cores,pod=workload-cloud-6f545f89ff-7vswv,0.0017522418527789233
1783732583,cpu_cores,pod=workload-cloud-6f545f89ff-7vswv,0.001727230004518752
1783732593,cpu_cores,pod=workload-cloud-6f545f89ff-7vswv,0.0016791017933302508
1783732603,cpu_cores,pod=workload-cloud-6f545f89ff-7vswv,0.001778146641750028
1783732613,cpu_cores,pod=workload-cloud-6f545f89ff-7vswv,0.001778146641750028
1783732623,cpu_cores,pod=workload-cloud-6f545f89ff-7vswv,0.0018108388186301796
1783732633,cpu_cores,pod=workload-cloud-6f545f89ff-7vswv,0.0018681597873671059
1783732643,cpu_cores,pod=workload-cloud-6f545f89ff-7vswv,0.001587244836796561
1783732653,cpu_cores,pod=workload-cloud-6f545f89ff-7vswv,0.001863467687352674
1783732663,cpu_cores,pod=workload-cloud-6f545f89ff-7vswv,0.001931540632187998
1783732673,cpu_cores,pod=workload-cloud-6f545f89ff-7vswv,0.001931540632187998
1783732683,cpu_cores,pod=workload-cloud-6f545f89ff-7vswv,0.0019481619664215946
1783732693,cpu_cores,pod=workload-cloud-6f545f89ff-7vswv,0.0019305512645098652
1783732703,cpu_cores,pod=workload-cloud-6f545f89ff-7vswv,0.0013074000000000002
1783732713,cpu_cores,pod=workload-cloud-6f545f89ff-7vswv,0.0018802468043699414
1783732723,cpu_cores,pod=workload-cloud-6f545f89ff-7vswv,0.0018391220207781627
1783732733,cpu_cores,pod=workload-cloud-6f545f89ff-7vswv,0.0015064963686313125
1783732743,cpu_cores,pod=workload-cloud-6f545f89ff-7vswv,0.0018809337534095958
1783732753,cpu_cores,pod=workload-cloud-6f545f89ff-7vswv,0.0019073388031546153
1783732763,cpu_cores,pod=workload-cloud-6f545f89ff-7vswv,0.0019331668493199883
1783732773,cpu_cores,pod=workload-cloud-6f545f89ff-7vswv,0.0019286578628926188
1783732783,cpu_cores,pod=workload-cloud-6f545f89ff-7vswv,0.0019128622000786674
1783732793,cpu_cores,pod=workload-cloud-6f545f89ff-7vswv,0.001889697549227936
1783732803,cpu_cores,pod=workload-cloud-6f545f89ff-7vswv,0.0018796441653584533
1783732153,cpu_cores,pod=workload-cloud-6f545f89ff-9hvzm,0.0022794676411350104
1783732163,cpu_cores,pod=workload-cloud-6f545f89ff-9hvzm,0.002321228721213315
1783732173,cpu_cores,pod=workload-cloud-6f545f89ff-9hvzm,0.008093204501176952
1783732183,cpu_cores,pod=workload-cloud-6f545f89ff-9hvzm,0.025400500704770908
1783732193,cpu_cores,pod=workload-cloud-6f545f89ff-9hvzm,0.03754613778705589
1783732203,cpu_cores,pod=workload-cloud-6f545f89ff-9hvzm,0.0584127165086606
1783732213,cpu_cores,pod=workload-cloud-6f545f89ff-9hvzm,0.07702686159148664
1783732223,cpu_cores,pod=workload-cloud-6f545f89ff-9hvzm,0.09738604129682943
1783732233,cpu_cores,pod=workload-cloud-6f545f89ff-9hvzm,0.12840256053542015
1783732243,cpu_cores,pod=workload-cloud-6f545f89ff-9hvzm,0.14793524425413035
1783732253,cpu_cores,pod=workload-cloud-6f545f89ff-9hvzm,0.1613143817115754
1783732263,cpu_cores,pod=workload-cloud-6f545f89ff-9hvzm,0.18978899845550862
1783732273,cpu_cores,pod=workload-cloud-6f545f89ff-9hvzm,0.18978899845550862
1783732283,cpu_cores,pod=workload-cloud-6f545f89ff-9hvzm,0.2115225416607658
1783732293,cpu_cores,pod=workload-cloud-6f545f89ff-9hvzm,0.22047261196299175
1783732303,cpu_cores,pod=workload-cloud-6f545f89ff-9hvzm,0.22047261196299175
1783732313,cpu_cores,pod=workload-cloud-6f545f89ff-9hvzm,0.23917770667392613
1783732323,cpu_cores,pod=workload-cloud-6f545f89ff-9hvzm,0.19752834469466643
1783732333,cpu_cores,pod=workload-cloud-6f545f89ff-9hvzm,0.2461572826784192
1783732343,cpu_cores,pod=workload-cloud-6f545f89ff-9hvzm,0.2530165766180019
1783732353,cpu_cores,pod=workload-cloud-6f545f89ff-9hvzm,0.2847418739895269
1783732363,cpu_cores,pod=workload-cloud-6f545f89ff-9hvzm,0.3260627923678676
1783732373,cpu_cores,pod=workload-cloud-6f545f89ff-9hvzm,0.4156167381876812
1783732383,cpu_cores,pod=workload-cloud-6f545f89ff-9hvzm,0.45209073935121347
1783732393,cpu_cores,pod=workload-cloud-6f545f89ff-9hvzm,0.4939606602475914
1783732403,cpu_cores,pod=workload-cloud-6f545f89ff-9hvzm,0.5549043500282475
1783732413,cpu_cores,pod=workload-cloud-6f545f89ff-9hvzm,0.48593376676981587
1783732423,cpu_cores,pod=workload-cloud-6f545f89ff-9hvzm,0.5999851446099892
1783732433,cpu_cores,pod=workload-cloud-6f545f89ff-9hvzm,0.4923300675912189
1783732443,cpu_cores,pod=workload-cloud-6f545f89ff-9hvzm,0.6120624267128302
1783732453,cpu_cores,pod=workload-cloud-6f545f89ff-9hvzm,0.6063589680286399
1783732463,cpu_cores,pod=workload-cloud-6f545f89ff-9hvzm,0.5835413879160296
1783732473,cpu_cores,pod=workload-cloud-6f545f89ff-9hvzm,0.5835413879160296
1783732483,cpu_cores,pod=workload-cloud-6f545f89ff-9hvzm,0.5952628350650456
1783732493,cpu_cores,pod=workload-cloud-6f545f89ff-9hvzm,0.583750453422694
1783732503,cpu_cores,pod=workload-cloud-6f545f89ff-9hvzm,0.5615124858316825
1783732513,cpu_cores,pod=workload-cloud-6f545f89ff-9hvzm,0.5584912585304714
1783732523,cpu_cores,pod=workload-cloud-6f545f89ff-9hvzm,0.37726751784958834
1783732533,cpu_cores,pod=workload-cloud-6f545f89ff-9hvzm,0.38005001352031365
1783732543,cpu_cores,pod=workload-cloud-6f545f89ff-9hvzm,0.34359235668789656
1783732553,cpu_cores,pod=workload-cloud-6f545f89ff-9hvzm,0.2982316476345815
1783732563,cpu_cores,pod=workload-cloud-6f545f89ff-9hvzm,0.2622146044397007
1783732573,cpu_cores,pod=workload-cloud-6f545f89ff-9hvzm,0.2601315371744814
1783732583,cpu_cores,pod=workload-cloud-6f545f89ff-9hvzm,0.20906185732426935
1783732593,cpu_cores,pod=workload-cloud-6f545f89ff-9hvzm,0.25941976550130585
1783732603,cpu_cores,pod=workload-cloud-6f545f89ff-9hvzm,0.2542299723471898
1783732613,cpu_cores,pod=workload-cloud-6f545f89ff-9hvzm,0.2542299723471898
1783732623,cpu_cores,pod=workload-cloud-6f545f89ff-9hvzm,0.2565016279152055
1783732633,cpu_cores,pod=workload-cloud-6f545f89ff-9hvzm,0.2559020260551505
1783732643,cpu_cores,pod=workload-cloud-6f545f89ff-9hvzm,0.2559020260551505
1783732653,cpu_cores,pod=workload-cloud-6f545f89ff-9hvzm,0.26048927243649467
1783732663,cpu_cores,pod=workload-cloud-6f545f89ff-9hvzm,0.21595348080607635
1783732673,cpu_cores,pod=workload-cloud-6f545f89ff-9hvzm,0.2673000304997618
1783732683,cpu_cores,pod=workload-cloud-6f545f89ff-9hvzm,0.27234684238148044
1783732693,cpu_cores,pod=workload-cloud-6f545f89ff-9hvzm,0.2728694101053669
1783732703,cpu_cores,pod=workload-cloud-6f545f89ff-9hvzm,0.2728694101053669
1783732713,cpu_cores,pod=workload-cloud-6f545f89ff-9hvzm,0.26498011944694033
1783732723,cpu_cores,pod=workload-cloud-6f545f89ff-9hvzm,0.2537144354974008
1783732733,cpu_cores,pod=workload-cloud-6f545f89ff-9hvzm,0.18388347547472067
1783732743,cpu_cores,pod=workload-cloud-6f545f89ff-9hvzm,0.18388347547472067
1783732753,cpu_cores,pod=workload-cloud-6f545f89ff-9hvzm,0.07583354726322958
1783732763,cpu_cores,pod=workload-cloud-6f545f89ff-9hvzm,0.06181693907875355
1783732773,cpu_cores,pod=workload-cloud-6f545f89ff-9hvzm,0.017867033962543147
1783732783,cpu_cores,pod=workload-cloud-6f545f89ff-9hvzm,0.0017597128583458394
1783732793,cpu_cores,pod=workload-cloud-6f545f89ff-9hvzm,0.0018853148680389041
1783732803,cpu_cores,pod=workload-cloud-6f545f89ff-9hvzm,0.0018906644578670139
1783732153,cpu_cores,pod=workload-cloud-6f545f89ff-kgncq,0.0007885583645736019
1783732423,cpu_cores,pod=workload-cloud-6f545f89ff-qg8th,0.010658472503461067
1783732433,cpu_cores,pod=workload-cloud-6f545f89ff-qg8th,0.009111773391106297
1783732443,cpu_cores,pod=workload-cloud-6f545f89ff-qg8th,0.008953395635987994
1783732453,cpu_cores,pod=workload-cloud-6f545f89ff-qg8th,0.00907117777777778
1783732463,cpu_cores,pod=workload-cloud-6f545f89ff-qg8th,0.009069370958259847
1783732473,cpu_cores,pod=workload-cloud-6f545f89ff-qg8th,0.0017681113446211187
1783732483,cpu_cores,pod=workload-cloud-6f545f89ff-qg8th,0.0017212598425196863
1783732493,cpu_cores,pod=workload-cloud-6f545f89ff-qg8th,0.0017118086142148456
1783732503,cpu_cores,pod=workload-cloud-6f545f89ff-qg8th,0.0017656031056899359
1783732513,cpu_cores,pod=workload-cloud-6f545f89ff-qg8th,0.0017656031056899359
1783732523,cpu_cores,pod=workload-cloud-6f545f89ff-qg8th,0.0017431118981920037
1783732533,cpu_cores,pod=workload-cloud-6f545f89ff-qg8th,0.0018232873714160646
1783732543,cpu_cores,pod=workload-cloud-6f545f89ff-qg8th,0.001560819792581405
1783732553,cpu_cores,pod=workload-cloud-6f545f89ff-qg8th,0.0018013470244010166
1783732563,cpu_cores,pod=workload-cloud-6f545f89ff-qg8th,0.0017587674147278838
1783732573,cpu_cores,pod=workload-cloud-6f545f89ff-qg8th,0.0017587674147278838
1783732583,cpu_cores,pod=workload-cloud-6f545f89ff-qg8th,0.0017687335648473412
1783732593,cpu_cores,pod=workload-cloud-6f545f89ff-qg8th,0.0017884609557286143
1783732603,cpu_cores,pod=workload-cloud-6f545f89ff-qg8th,0.001802526180241256
1783732613,cpu_cores,pod=workload-cloud-6f545f89ff-qg8th,0.0018343508781366832
1783732623,cpu_cores,pod=workload-cloud-6f545f89ff-qg8th,0.0017220653489310193
1783732633,cpu_cores,pod=workload-cloud-6f545f89ff-qg8th,0.0017477758849138735
1783732643,cpu_cores,pod=workload-cloud-6f545f89ff-qg8th,0.0017008842054263547
1783732653,cpu_cores,pod=workload-cloud-6f545f89ff-qg8th,0.001820892975637501
1783732663,cpu_cores,pod=workload-cloud-6f545f89ff-qg8th,0.0019918880638654037
1783732673,cpu_cores,pod=workload-cloud-6f545f89ff-qg8th,0.0019522481272915468
1783732683,cpu_cores,pod=workload-cloud-6f545f89ff-qg8th,0.0020064800038686603
1783732693,cpu_cores,pod=workload-cloud-6f545f89ff-qg8th,0.001660624595983681
1783732703,cpu_cores,pod=workload-cloud-6f545f89ff-qg8th,0.0019380863039399618
1783732713,cpu_cores,pod=workload-cloud-6f545f89ff-qg8th,0.0018953987247106979
1783732723,cpu_cores,pod=workload-cloud-6f545f89ff-qg8th,0.0019178321678321678
1783732733,cpu_cores,pod=workload-cloud-6f545f89ff-qg8th,0.001644303431090755
1783732743,cpu_cores,pod=workload-cloud-6f545f89ff-qg8th,0.002021856987958681
1783732753,cpu_cores,pod=workload-cloud-6f545f89ff-qg8th,0.0020662135284917078
1783732763,cpu_cores,pod=workload-cloud-6f545f89ff-qg8th,0.0020811215133674367
1783732773,cpu_cores,pod=workload-cloud-6f545f89ff-qg8th,0.002093567393844956
1783732783,cpu_cores,pod=workload-cloud-6f545f89ff-qg8th,0.001745967194287648
1783732793,cpu_cores,pod=workload-cloud-6f545f89ff-qg8th,0.0017869636695887429
1783732803,cpu_cores,pod=workload-cloud-6f545f89ff-qg8th,0.002141618367255245
1783732393,cpu_cores,pod=workload-cloud-6f545f89ff-smq59,0.010516990424929177
1783732403,cpu_cores,pod=workload-cloud-6f545f89ff-smq59,0.009044103969969287
1783732413,cpu_cores,pod=workload-cloud-6f545f89ff-smq59,0.011894689796382661
1783732423,cpu_cores,pod=workload-cloud-6f545f89ff-smq59,0.009677933068019012
1783732433,cpu_cores,pod=workload-cloud-6f545f89ff-smq59,0.009135732957973054
1783732443,cpu_cores,pod=workload-cloud-6f545f89ff-smq59,0.0017180018776404313
1783732453,cpu_cores,pod=workload-cloud-6f545f89ff-smq59,0.0017399211218229612
1783732463,cpu_cores,pod=workload-cloud-6f545f89ff-smq59,0.0015215571160809604
1783732473,cpu_cores,pod=workload-cloud-6f545f89ff-smq59,0.0017776962043902786
1783732483,cpu_cores,pod=workload-cloud-6f545f89ff-smq59,0.0017989440965397445
1783732493,cpu_cores,pod=workload-cloud-6f545f89ff-smq59,0.0018592789326195172
1783732503,cpu_cores,pod=workload-cloud-6f545f89ff-smq59,0.0018212274831186004
1783732513,cpu_cores,pod=workload-cloud-6f545f89ff-smq59,0.0017840929265261608
1783732523,cpu_cores,pod=workload-cloud-6f545f89ff-smq59,0.0018035941511329381
1783732533,cpu_cores,pod=workload-cloud-6f545f89ff-smq59,0.0017767409122902596
1783732543,cpu_cores,pod=workload-cloud-6f545f89ff-smq59,0.0017767409122902596
1783732553,cpu_cores,pod=workload-cloud-6f545f89ff-smq59,0.0018130552870229712
1783732563,cpu_cores,pod=workload-cloud-6f545f89ff-smq59,0.00179644374969469
1783732573,cpu_cores,pod=workload-cloud-6f545f89ff-smq59,0.0015446322372027637
1783732583,cpu_cores,pod=workload-cloud-6f545f89ff-smq59,0.001747075025306622
1783732593,cpu_cores,pod=workload-cloud-6f545f89ff-smq59,0.0017842299755243098
1783732603,cpu_cores,pod=workload-cloud-6f545f89ff-smq59,0.0018087940473436666
1783732613,cpu_cores,pod=workload-cloud-6f545f89ff-smq59,0.0018332469500039871
1783732623,cpu_cores,pod=workload-cloud-6f545f89ff-smq59,0.0015930888697152726
1783732633,cpu_cores,pod=workload-cloud-6f545f89ff-smq59,0.0018154073781811023
1783732643,cpu_cores,pod=workload-cloud-6f545f89ff-smq59,0.0018315454754424944
1783732653,cpu_cores,pod=workload-cloud-6f545f89ff-smq59,0.0015522849860324114
1783732663,cpu_cores,pod=workload-cloud-6f545f89ff-smq59,0.001918173106242105
1783732673,cpu_cores,pod=workload-cloud-6f545f89ff-smq59,0.002048596938775509
1783732683,cpu_cores,pod=workload-cloud-6f545f89ff-smq59,0.002048596938775509
1783732693,cpu_cores,pod=workload-cloud-6f545f89ff-smq59,0.0019578486527642644
1783732703,cpu_cores,pod=workload-cloud-6f545f89ff-smq59,0.0018929110105580704
1783732713,cpu_cores,pod=workload-cloud-6f545f89ff-smq59,0.001880803148458566
1783732723,cpu_cores,pod=workload-cloud-6f545f89ff-smq59,0.0018029834117355803
1783732733,cpu_cores,pod=workload-cloud-6f545f89ff-smq59,0.0019475048465442493
1783732743,cpu_cores,pod=workload-cloud-6f545f89ff-smq59,0.0019842017397416747
1783732753,cpu_cores,pod=workload-cloud-6f545f89ff-smq59,0.0019925563635583574
1783732763,cpu_cores,pod=workload-cloud-6f545f89ff-smq59,0.002066663766665946
1783732773,cpu_cores,pod=workload-cloud-6f545f89ff-smq59,0.002035682611567127
1783732783,cpu_cores,pod=workload-cloud-6f545f89ff-smq59,0.0019834378440476775
1783732793,cpu_cores,pod=workload-cloud-6f545f89ff-smq59,0.001914289144091873
1783732803,cpu_cores,pod=workload-cloud-6f545f89ff-smq59,0.0018492020410378856
1783732363,cpu_cores,pod=workload-cloud-6f545f89ff-xmrsk,0.054396868682575046
1783732373,cpu_cores,pod=workload-cloud-6f545f89ff-xmrsk,0.08199946210033615
1783732383,cpu_cores,pod=workload-cloud-6f545f89ff-xmrsk,0.15268647997853993
1783732393,cpu_cores,pod=workload-cloud-6f545f89ff-xmrsk,0.20931115108622175
1783732403,cpu_cores,pod=workload-cloud-6f545f89ff-xmrsk,0.25967957723945934
1783732413,cpu_cores,pod=workload-cloud-6f545f89ff-xmrsk,0.25263046425584124
1783732423,cpu_cores,pod=workload-cloud-6f545f89ff-xmrsk,0.31006543250081414
1783732433,cpu_cores,pod=workload-cloud-6f545f89ff-xmrsk,0.3071545021008031
1783732443,cpu_cores,pod=workload-cloud-6f545f89ff-xmrsk,0.30344822817631806
1783732453,cpu_cores,pod=workload-cloud-6f545f89ff-xmrsk,0.299748907476617
1783732463,cpu_cores,pod=workload-cloud-6f545f89ff-xmrsk,0.29753134261338127
1783732473,cpu_cores,pod=workload-cloud-6f545f89ff-xmrsk,0.2975313426133813
1783732483,cpu_cores,pod=workload-cloud-6f545f89ff-xmrsk,0.2986746639687817
1783732493,cpu_cores,pod=workload-cloud-6f545f89ff-xmrsk,0.2444377874528221
1783732503,cpu_cores,pod=workload-cloud-6f545f89ff-xmrsk,0.2934509568093469
1783732513,cpu_cores,pod=workload-cloud-6f545f89ff-xmrsk,0.2099305757473164
1783732523,cpu_cores,pod=workload-cloud-6f545f89ff-xmrsk,0.1753951729204648
1783732533,cpu_cores,pod=workload-cloud-6f545f89ff-xmrsk,0.12052831733273792
1783732543,cpu_cores,pod=workload-cloud-6f545f89ff-xmrsk,0.024919471675197324
1783732553,cpu_cores,pod=workload-cloud-6f545f89ff-xmrsk,0.02038295272016201
1783732563,cpu_cores,pod=workload-cloud-6f545f89ff-xmrsk,0.0018506920068198085
1783732573,cpu_cores,pod=workload-cloud-6f545f89ff-xmrsk,0.0015833429745607942
1783732583,cpu_cores,pod=workload-cloud-6f545f89ff-xmrsk,0.0015340271044929966
1783732593,cpu_cores,pod=workload-cloud-6f545f89ff-xmrsk,0.0018510270419807738
1783732603,cpu_cores,pod=workload-cloud-6f545f89ff-xmrsk,0.0019429315884334172
1783732613,cpu_cores,pod=workload-cloud-6f545f89ff-xmrsk,0.0019675735169610883
1783732623,cpu_cores,pod=workload-cloud-6f545f89ff-xmrsk,0.0019306093694963903
1783732633,cpu_cores,pod=workload-cloud-6f545f89ff-xmrsk,0.0018877193812384067
1783732643,cpu_cores,pod=workload-cloud-6f545f89ff-xmrsk,0.0019226246472248008
1783732653,cpu_cores,pod=workload-cloud-6f545f89ff-xmrsk,0.0018946747597867325
1783732663,cpu_cores,pod=workload-cloud-6f545f89ff-xmrsk,0.002019466790428978
1783732673,cpu_cores,pod=workload-cloud-6f545f89ff-xmrsk,0.0019598829612999203
1783732683,cpu_cores,pod=workload-cloud-6f545f89ff-xmrsk,0.002001074850778767
1783732693,cpu_cores,pod=workload-cloud-6f545f89ff-xmrsk,0.0019887098285392953
1783732703,cpu_cores,pod=workload-cloud-6f545f89ff-xmrsk,0.0015861115599689066
1783732713,cpu_cores,pod=workload-cloud-6f545f89ff-xmrsk,0.0018838950554995238
1783732723,cpu_cores,pod=workload-cloud-6f545f89ff-xmrsk,0.0015510062601123734
1783732733,cpu_cores,pod=workload-cloud-6f545f89ff-xmrsk,0.001209073534705921
1783732743,cpu_cores,pod=workload-cloud-6f545f89ff-xmrsk,0.0008985211666104953
1783732153,cpu_cores,pod=workload-cloud-6f545f89ff-xmz7g,0.0007301723885351045
1783732153,cpu_cores,pod=workload-edge-7b875fd8c6-pxwvc,0.0022349609866600113
1783732163,cpu_cores,pod=workload-edge-7b875fd8c6-pxwvc,0.0022349609866600113
1783732173,cpu_cores,pod=workload-edge-7b875fd8c6-pxwvc,0.0023085049621172377
1783732183,cpu_cores,pod=workload-edge-7b875fd8c6-pxwvc,0.0022210292794206947
1783732193,cpu_cores,pod=workload-edge-7b875fd8c6-pxwvc,0.0022210292794206947
1783732203,cpu_cores,pod=workload-edge-7b875fd8c6-pxwvc,0.0022210160561396543
1783732213,cpu_cores,pod=workload-edge-7b875fd8c6-pxwvc,0.0018270068224001382
1783732223,cpu_cores,pod=workload-edge-7b875fd8c6-pxwvc,0.0021423346841949165
1783732233,cpu_cores,pod=workload-edge-7b875fd8c6-pxwvc,0.00219498495957887
1783732243,cpu_cores,pod=workload-edge-7b875fd8c6-pxwvc,0.0021975886193038455
1783732253,cpu_cores,pod=workload-edge-7b875fd8c6-pxwvc,0.0021975886193038455
1783732263,cpu_cores,pod=workload-edge-7b875fd8c6-pxwvc,0.0022470898213938144
1783732273,cpu_cores,pod=workload-edge-7b875fd8c6-pxwvc,0.00220229699778358
1783732283,cpu_cores,pod=workload-edge-7b875fd8c6-pxwvc,0.00220229699778358
1783732293,cpu_cores,pod=workload-edge-7b875fd8c6-pxwvc,0.002206030745908062
1783732303,cpu_cores,pod=workload-edge-7b875fd8c6-pxwvc,0.002098660501801847
1783732313,cpu_cores,pod=workload-edge-7b875fd8c6-pxwvc,0.002098660501801847
1783732323,cpu_cores,pod=workload-edge-7b875fd8c6-pxwvc,0.0020262978212741544
1783732333,cpu_cores,pod=workload-edge-7b875fd8c6-pxwvc,0.0019336936826264515
1783732343,cpu_cores,pod=workload-edge-7b875fd8c6-pxwvc,0.0020298757449459946
1783732353,cpu_cores,pod=workload-edge-7b875fd8c6-pxwvc,0.0021320363218013593
1783732363,cpu_cores,pod=workload-edge-7b875fd8c6-pxwvc,0.002249580576008876
1783732373,cpu_cores,pod=workload-edge-7b875fd8c6-pxwvc,0.002249580576008876
1783732383,cpu_cores,pod=workload-edge-7b875fd8c6-pxwvc,0.0022089077169681697
1783732393,cpu_cores,pod=workload-edge-7b875fd8c6-pxwvc,0.0022089077169681697
1783732403,cpu_cores,pod=workload-edge-7b875fd8c6-pxwvc,0.002127574382456167
1783732413,cpu_cores,pod=workload-edge-7b875fd8c6-pxwvc,0.002102610155594162
1783732423,cpu_cores,pod=workload-edge-7b875fd8c6-pxwvc,0.0017675611690838775
1783732433,cpu_cores,pod=workload-edge-7b875fd8c6-pxwvc,0.0020866643084542424
1783732443,cpu_cores,pod=workload-edge-7b875fd8c6-pxwvc,0.0021156435446067776
1783732453,cpu_cores,pod=workload-edge-7b875fd8c6-pxwvc,0.0017854386015946507
1783732463,cpu_cores,pod=workload-edge-7b875fd8c6-pxwvc,0.002169247866077177
1783732473,cpu_cores,pod=workload-edge-7b875fd8c6-pxwvc,0.002134552985847402
1783732483,cpu_cores,pod=workload-edge-7b875fd8c6-pxwvc,0.002131025066336963
1783732493,cpu_cores,pod=workload-edge-7b875fd8c6-pxwvc,0.0020917078328077394
1783732503,cpu_cores,pod=workload-edge-7b875fd8c6-pxwvc,0.002005726872246651
1783732513,cpu_cores,pod=workload-edge-7b875fd8c6-pxwvc,0.0020303821421688126
1783732523,cpu_cores,pod=workload-edge-7b875fd8c6-pxwvc,0.00207700341154354
1783732533,cpu_cores,pod=workload-edge-7b875fd8c6-pxwvc,0.002071836193814488
1783732543,cpu_cores,pod=workload-edge-7b875fd8c6-pxwvc,0.0021312797101752756
1783732553,cpu_cores,pod=workload-edge-7b875fd8c6-pxwvc,0.001802955672474592
1783732563,cpu_cores,pod=workload-edge-7b875fd8c6-pxwvc,0.0021087931329005294
1783732573,cpu_cores,pod=workload-edge-7b875fd8c6-pxwvc,0.002092334393983205
1783732583,cpu_cores,pod=workload-edge-7b875fd8c6-pxwvc,0.00206733779553065
1783732593,cpu_cores,pod=workload-edge-7b875fd8c6-pxwvc,0.00206733779553065
1783732603,cpu_cores,pod=workload-edge-7b875fd8c6-pxwvc,0.002191791161313879
1783732613,cpu_cores,pod=workload-edge-7b875fd8c6-pxwvc,0.0021582800386600663
1783732623,cpu_cores,pod=workload-edge-7b875fd8c6-pxwvc,0.0021651489166405282
1783732633,cpu_cores,pod=workload-edge-7b875fd8c6-pxwvc,0.0021651489166405282
1783732643,cpu_cores,pod=workload-edge-7b875fd8c6-pxwvc,0.0021619477858906395
1783732653,cpu_cores,pod=workload-edge-7b875fd8c6-pxwvc,0.0021963552308422586
1783732663,cpu_cores,pod=workload-edge-7b875fd8c6-pxwvc,0.0022359320046893374
1783732673,cpu_cores,pod=workload-edge-7b875fd8c6-pxwvc,0.002247154098861633
1783732683,cpu_cores,pod=workload-edge-7b875fd8c6-pxwvc,0.0022104935711323233
1783732693,cpu_cores,pod=workload-edge-7b875fd8c6-pxwvc,0.0022104935711323233
1783732703,cpu_cores,pod=workload-edge-7b875fd8c6-pxwvc,0.0022381183611532587
1783732713,cpu_cores,pod=workload-edge-7b875fd8c6-pxwvc,0.002199722494286679
1783732723,cpu_cores,pod=workload-edge-7b875fd8c6-pxwvc,0.002215738303472828
1783732733,cpu_cores,pod=workload-edge-7b875fd8c6-pxwvc,0.0018789079175668961
1783732743,cpu_cores,pod=workload-edge-7b875fd8c6-pxwvc,0.002233663124465631
1783732753,cpu_cores,pod=workload-edge-7b875fd8c6-pxwvc,0.0022456270657704234
1783732763,cpu_cores,pod=workload-edge-7b875fd8c6-pxwvc,0.0019597860226108934
1783732773,cpu_cores,pod=workload-edge-7b875fd8c6-pxwvc,0.0022323693556570152
1783732783,cpu_cores,pod=workload-edge-7b875fd8c6-pxwvc,0.002182469769485044
1783732793,cpu_cores,pod=workload-edge-7b875fd8c6-pxwvc,0.002182469769485044
1783732803,cpu_cores,pod=workload-edge-7b875fd8c6-pxwvc,0.0021309071600702336
1783732283,cpu_utilisation,pod=workload-cloud-6f545f89ff-7sfxr,0.05010800636428827
1783732293,cpu_utilisation,pod=workload-cloud-6f545f89ff-7sfxr,0.08214159068363809
1783732303,cpu_utilisation,pod=workload-cloud-6f545f89ff-7sfxr,0.09574691493656287
1783732313,cpu_utilisation,pod=workload-cloud-6f545f89ff-7sfxr,0.13626629038210264
1783732323,cpu_utilisation,pod=workload-cloud-6f545f89ff-7sfxr,0.20457544886948445
1783732333,cpu_utilisation,pod=workload-cloud-6f545f89ff-7sfxr,0.1985436643383865
1783732343,cpu_utilisation,pod=workload-cloud-6f545f89ff-7sfxr,0.37480783481833796
1783732353,cpu_utilisation,pod=workload-cloud-6f545f89ff-7sfxr,0.5358534809495311
1783732363,cpu_utilisation,pod=workload-cloud-6f545f89ff-7sfxr,0.5089844797763913
1783732373,cpu_utilisation,pod=workload-cloud-6f545f89ff-7sfxr,1.121423828600518
1783732383,cpu_utilisation,pod=workload-cloud-6f545f89ff-7sfxr,1.6529298169287467
1783732393,cpu_utilisation,pod=workload-cloud-6f545f89ff-7sfxr,1.8400186914232055
1783732403,cpu_utilisation,pod=workload-cloud-6f545f89ff-7sfxr,2.025705742154742
1783732413,cpu_utilisation,pod=workload-cloud-6f545f89ff-7sfxr,2.2083271079606948
1783732423,cpu_utilisation,pod=workload-cloud-6f545f89ff-7sfxr,2.2083271079606948
1783732433,cpu_utilisation,pod=workload-cloud-6f545f89ff-7sfxr,2.1827550570127436
1783732443,cpu_utilisation,pod=workload-cloud-6f545f89ff-7sfxr,2.153543016788284
1783732453,cpu_utilisation,pod=workload-cloud-6f545f89ff-7sfxr,2.143458875281723
1783732463,cpu_utilisation,pod=workload-cloud-6f545f89ff-7sfxr,2.1402516660457804
1783732473,cpu_utilisation,pod=workload-cloud-6f545f89ff-7sfxr,1.796233665680717
1783732483,cpu_utilisation,pod=workload-cloud-6f545f89ff-7sfxr,2.151302032026757
1783732493,cpu_utilisation,pod=workload-cloud-6f545f89ff-7sfxr,2.1460784697421853
1783732503,cpu_utilisation,pod=workload-cloud-6f545f89ff-7sfxr,2.1460784697421853
1783732513,cpu_utilisation,pod=workload-cloud-6f545f89ff-7sfxr,1.9959341052494632
1783732523,cpu_utilisation,pod=workload-cloud-6f545f89ff-7sfxr,1.5416581703985717
1783732533,cpu_utilisation,pod=workload-cloud-6f545f89ff-7sfxr,1.5416581703985717
1783732543,cpu_utilisation,pod=workload-cloud-6f545f89ff-7sfxr,1.03406300674234
1783732553,cpu_utilisation,pod=workload-cloud-6f545f89ff-7sfxr,0.5405901621101526
1783732563,cpu_utilisation,pod=workload-cloud-6f545f89ff-7sfxr,0.6044896753389806
1783732573,cpu_utilisation,pod=workload-cloud-6f545f89ff-7sfxr,0.5350478064422096
1783732583,cpu_utilisation,pod=workload-cloud-6f545f89ff-7sfxr,0.5338784268188009
1783732593,cpu_utilisation,pod=workload-cloud-6f545f89ff-7sfxr,0.5369098675186218
1783732603,cpu_utilisation,pod=workload-cloud-6f545f89ff-7sfxr,0.5401892174276464
1783732613,cpu_utilisation,pod=workload-cloud-6f545f89ff-7sfxr,0.5401892174276464
1783732623,cpu_utilisation,pod=workload-cloud-6f545f89ff-7sfxr,0.5397576591821783
1783732633,cpu_utilisation,pod=workload-cloud-6f545f89ff-7sfxr,0.5391527214907604
1783732643,cpu_utilisation,pod=workload-cloud-6f545f89ff-7sfxr,0.5439919071076698
1783732653,cpu_utilisation,pod=workload-cloud-6f545f89ff-7sfxr,0.4642743072965183
1783732663,cpu_utilisation,pod=workload-cloud-6f545f89ff-7sfxr,0.5679805916052852
1783732673,cpu_utilisation,pod=workload-cloud-6f545f89ff-7sfxr,0.48518322086402477
1783732683,cpu_utilisation,pod=workload-cloud-6f545f89ff-7sfxr,0.5661052437676525
1783732693,cpu_utilisation,pod=workload-cloud-6f545f89ff-7sfxr,0.5623138516287981
1783732703,cpu_utilisation,pod=workload-cloud-6f545f89ff-7sfxr,0.5217188190577203
1783732713,cpu_utilisation,pod=workload-cloud-6f545f89ff-7sfxr,0.5217188190577203
1783732723,cpu_utilisation,pod=workload-cloud-6f545f89ff-7sfxr,0.3600256838482763
1783732733,cpu_utilisation,pod=workload-cloud-6f545f89ff-7sfxr,0.2898356765680228
1783732743,cpu_utilisation,pod=workload-cloud-6f545f89ff-7sfxr,0.14698274520267735
1783732753,cpu_utilisation,pod=workload-cloud-6f545f89ff-7sfxr,0.016775128426604623
1783732763,cpu_utilisation,pod=workload-cloud-6f545f89ff-7sfxr,0.00997820318423105
1783732773,cpu_utilisation,pod=workload-cloud-6f545f89ff-7sfxr,0.010136613614722925
1783732783,cpu_utilisation,pod=workload-cloud-6f545f89ff-7sfxr,0.010526993498949595
1783732453,cpu_utilisation,pod=workload-cloud-6f545f89ff-7vswv,0.06564501666827711
1783732463,cpu_utilisation,pod=workload-cloud-6f545f89ff-7vswv,0.04564152360095832
1783732473,cpu_utilisation,pod=workload-cloud-6f545f89ff-7vswv,0.04375938508422904
1783732483,cpu_utilisation,pod=workload-cloud-6f545f89ff-7vswv,0.0540809199041198
1783732493,cpu_utilisation,pod=workload-cloud-6f545f89ff-7vswv,0.04733421456247982
1783732503,cpu_utilisation,pod=workload-cloud-6f545f89ff-7vswv,0.008556930693069304
1783732513,cpu_utilisation,pod=workload-cloud-6f545f89ff-7vswv,0.008853911918669279
1783732523,cpu_utilisation,pod=workload-cloud-6f545f89ff-7vswv,0.007330849004800602
1783732533,cpu_utilisation,pod=workload-cloud-6f545f89ff-7vswv,0.008987801902903148
1783732543,cpu_utilisation,pod=workload-cloud-6f545f89ff-7vswv,0.00905049396267837
1783732553,cpu_utilisation,pod=workload-cloud-6f545f89ff-7vswv,0.00914244186046511
1783732563,cpu_utilisation,pod=workload-cloud-6f545f89ff-7vswv,0.00887264202377058
1783732573,cpu_utilisation,pod=workload-cloud-6f545f89ff-7vswv,0.008761209263894615
1783732583,cpu_utilisation,pod=workload-cloud-6f545f89ff-7vswv,0.00863615002259376
1783732593,cpu_utilisation,pod=workload-cloud-6f545f89ff-7vswv,0.008395508966651253
1783732603,cpu_utilisation,pod=workload-cloud-6f545f89ff-7vswv,0.00889073320875014
1783732613,cpu_utilisation,pod=workload-cloud-6f545f89ff-7vswv,0.00889073320875014
1783732623,cpu_utilisation,pod=workload-cloud-6f545f89ff-7vswv,0.009054194093150898
1783732633,cpu_utilisation,pod=workload-cloud-6f545f89ff-7vswv,0.009340798936835528
1783732643,cpu_utilisation,pod=workload-cloud-6f545f89ff-7vswv,0.007936224183982805
1783732653,cpu_utilisation,pod=workload-cloud-6f545f89ff-7vswv,0.00931733843676337
1783732663,cpu_utilisation,pod=workload-cloud-6f545f89ff-7vswv,0.009657703160939989
1783732673,cpu_utilisation,pod=workload-cloud-6f545f89ff-7vswv,0.009657703160939989
1783732683,cpu_utilisation,pod=workload-cloud-6f545f89ff-7vswv,0.009740809832107972
1783732693,cpu_utilisation,pod=workload-cloud-6f545f89ff-7vswv,0.009652756322549326
1783732703,cpu_utilisation,pod=workload-cloud-6f545f89ff-7vswv,0.006537000000000001
1783732713,cpu_utilisation,pod=workload-cloud-6f545f89ff-7vswv,0.009401234021849707
1783732723,cpu_utilisation,pod=workload-cloud-6f545f89ff-7vswv,0.009195610103890813
1783732733,cpu_utilisation,pod=workload-cloud-6f545f89ff-7vswv,0.0075324818431565625
1783732743,cpu_utilisation,pod=workload-cloud-6f545f89ff-7vswv,0.009404668767047979
1783732753,cpu_utilisation,pod=workload-cloud-6f545f89ff-7vswv,0.009536694015773076
1783732763,cpu_utilisation,pod=workload-cloud-6f545f89ff-7vswv,0.009665834246599942
1783732773,cpu_utilisation,pod=workload-cloud-6f545f89ff-7vswv,0.009643289314463094
1783732783,cpu_utilisation,pod=workload-cloud-6f545f89ff-7vswv,0.009564311000393337
1783732793,cpu_utilisation,pod=workload-cloud-6f545f89ff-7vswv,0.00944848774613968
1783732803,cpu_utilisation,pod=workload-cloud-6f545f89ff-7vswv,0.009398220826792265
1783732153,cpu_utilisation,pod=workload-cloud-6f545f89ff-9hvzm,0.011397338205675052
1783732163,cpu_utilisation,pod=workload-cloud-6f545f89ff-9hvzm,0.011606143606066575
1783732173,cpu_utilisation,pod=workload-cloud-6f545f89ff-9hvzm,0.040466022505884755
1783732183,cpu_utilisation,pod=workload-cloud-6f545f89ff-9hvzm,0.12700250352385453
1783732193,cpu_utilisation,pod=workload-cloud-6f545f89ff-9hvzm,0.18773068893527944
1783732203,cpu_utilisation,pod=workload-cloud-6f545f89ff-9hvzm,0.292063582543303
1783732213,cpu_utilisation,pod=workload-cloud-6f545f89ff-9hvzm,0.3851343079574332
1783732223,cpu_utilisation,pod=workload-cloud-6f545f89ff-9hvzm,0.48693020648414714
1783732233,cpu_utilisation,pod=workload-cloud-6f545f89ff-9hvzm,0.6420128026771007
1783732243,cpu_utilisation,pod=workload-cloud-6f545f89ff-9hvzm,0.7396762212706517
1783732253,cpu_utilisation,pod=workload-cloud-6f545f89ff-9hvzm,0.8065719085578769
1783732263,cpu_utilisation,pod=workload-cloud-6f545f89ff-9hvzm,0.948944992277543
1783732273,cpu_utilisation,pod=workload-cloud-6f545f89ff-9hvzm,0.948944992277543
1783732283,cpu_utilisation,pod=workload-cloud-6f545f89ff-9hvzm,1.057612708303829
1783732293,cpu_utilisation,pod=workload-cloud-6f545f89ff-9hvzm,1.1023630598149587
1783732303,cpu_utilisation,pod=workload-cloud-6f545f89ff-9hvzm,1.1023630598149587
1783732313,cpu_utilisation,pod=workload-cloud-6f545f89ff-9hvzm,1.1958885333696305
1783732323,cpu_utilisation,pod=workload-cloud-6f545f89ff-9hvzm,0.9876417234733321
1783732333,cpu_utilisation,pod=workload-cloud-6f545f89ff-9hvzm,1.2307864133920958
1783732343,cpu_utilisation,pod=workload-cloud-6f545f89ff-9hvzm,1.2650828830900096
1783732353,cpu_utilisation,pod=workload-cloud-6f545f89ff-9hvzm,1.4237093699476344
1783732363,cpu_utilisation,pod=workload-cloud-6f545f89ff-9hvzm,1.630313961839338
1783732373,cpu_utilisation,pod=workload-cloud-6f545f89ff-9hvzm,2.078083690938406
1783732383,cpu_utilisation,pod=workload-cloud-6f545f89ff-9hvzm,2.260453696756067
1783732393,cpu_utilisation,pod=workload-cloud-6f545f89ff-9hvzm,2.469803301237957
1783732403,cpu_utilisation,pod=workload-cloud-6f545f89ff-9hvzm,2.774521750141237
1783732413,cpu_utilisation,pod=workload-cloud-6f545f89ff-9hvzm,2.429668833849079
1783732423,cpu_utilisation,pod=workload-cloud-6f545f89ff-9hvzm,2.999925723049946
1783732433,cpu_utilisation,pod=workload-cloud-6f545f89ff-9hvzm,2.4616503379560943
1783732443,cpu_utilisation,pod=workload-cloud-6f545f89ff-9hvzm,3.0603121335641505
1783732453,cpu_utilisation,pod=workload-cloud-6f545f89ff-9hvzm,3.031794840143199
1783732463,cpu_utilisation,pod=workload-cloud-6f545f89ff-9hvzm,2.917706939580148
1783732473,cpu_utilisation,pod=workload-cloud-6f545f89ff-9hvzm,2.917706939580148
1783732483,cpu_utilisation,pod=workload-cloud-6f545f89ff-9hvzm,2.976314175325228
1783732493,cpu_utilisation,pod=workload-cloud-6f545f89ff-9hvzm,2.91875226711347
1783732503,cpu_utilisation,pod=workload-cloud-6f545f89ff-9hvzm,2.8075624291584123
1783732513,cpu_utilisation,pod=workload-cloud-6f545f89ff-9hvzm,2.792456292652357
1783732523,cpu_utilisation,pod=workload-cloud-6f545f89ff-9hvzm,1.8863375892479417
1783732533,cpu_utilisation,pod=workload-cloud-6f545f89ff-9hvzm,1.9002500676015681
1783732543,cpu_utilisation,pod=workload-cloud-6f545f89ff-9hvzm,1.7179617834394827
1783732553,cpu_utilisation,pod=workload-cloud-6f545f89ff-9hvzm,1.4911582381729074
1783732563,cpu_utilisation,pod=workload-cloud-6f545f89ff-9hvzm,1.3110730221985034
1783732573,cpu_utilisation,pod=workload-cloud-6f545f89ff-9hvzm,1.3006576858724068
1783732583,cpu_utilisation,pod=workload-cloud-6f545f89ff-9hvzm,1.0453092866213467
1783732593,cpu_utilisation,pod=workload-cloud-6f545f89ff-9hvzm,1.2970988275065292
1783732603,cpu_utilisation,pod=workload-cloud-6f545f89ff-9hvzm,1.271149861735949
1783732613,cpu_utilisation,pod=workload-cloud-6f545f89ff-9hvzm,1.271149861735949
1783732623,cpu_utilisation,pod=workload-cloud-6f545f89ff-9hvzm,1.2825081395760274
1783732633,cpu_utilisation,pod=workload-cloud-6f545f89ff-9hvzm,1.2795101302757523
1783732643,cpu_utilisation,pod=workload-cloud-6f545f89ff-9hvzm,1.2795101302757523
1783732653,cpu_utilisation,pod=workload-cloud-6f545f89ff-9hvzm,1.3024463621824733
1783732663,cpu_utilisation,pod=workload-cloud-6f545f89ff-9hvzm,1.0797674040303817
1783732673,cpu_utilisation,pod=workload-cloud-6f545f89ff-9hvzm,1.336500152498809
1783732683,cpu_utilisation,pod=workload-cloud-6f545f89ff-9hvzm,1.361734211907402
1783732693,cpu_utilisation,pod=workload-cloud-6f545f89ff-9hvzm,1.3643470505268345
1783732703,cpu_utilisation,pod=workload-cloud-6f545f89ff-9hvzm,1.3643470505268345
1783732713,cpu_utilisation,pod=workload-cloud-6f545f89ff-9hvzm,1.3249005972347017
1783732723,cpu_utilisation,pod=workload-cloud-6f545f89ff-9hvzm,1.268572177487004
1783732733,cpu_utilisation,pod=workload-cloud-6f545f89ff-9hvzm,0.9194173773736033
1783732743,cpu_utilisation,pod=workload-cloud-6f545f89ff-9hvzm,0.9194173773736033
1783732753,cpu_utilisation,pod=workload-cloud-6f545f89ff-9hvzm,0.37916773631614786
1783732763,cpu_utilisation,pod=workload-cloud-6f545f89ff-9hvzm,0.3090846953937677
1783732773,cpu_utilisation,pod=workload-cloud-6f545f89ff-9hvzm,0.08933516981271573
1783732783,cpu_utilisation,pod=workload-cloud-6f545f89ff-9hvzm,0.008798564291729196
1783732793,cpu_utilisation,pod=workload-cloud-6f545f89ff-9hvzm,0.00942657434019452
1783732803,cpu_utilisation,pod=workload-cloud-6f545f89ff-9hvzm,0.009453322289335068
1783732423,cpu_utilisation,pod=workload-cloud-6f545f89ff-qg8th,0.05329236251730533
1783732433,cpu_utilisation,pod=workload-cloud-6f545f89ff-qg8th,0.045558866955531484
1783732443,cpu_utilisation,pod=workload-cloud-6f545f89ff-qg8th,0.04476697817993997
1783732453,cpu_utilisation,pod=workload-cloud-6f545f89ff-qg8th,0.0453558888888889
1783732463,cpu_utilisation,pod=workload-cloud-6f545f89ff-qg8th,0.04534685479129923
1783732473,cpu_utilisation,pod=workload-cloud-6f545f89ff-qg8th,0.008840556723105592
1783732483,cpu_utilisation,pod=workload-cloud-6f545f89ff-qg8th,0.008606299212598431
1783732493,cpu_utilisation,pod=workload-cloud-6f545f89ff-qg8th,0.008559043071074227
1783732503,cpu_utilisation,pod=workload-cloud-6f545f89ff-qg8th,0.00882801552844968
1783732513,cpu_utilisation,pod=workload-cloud-6f545f89ff-qg8th,0.00882801552844968
1783732523,cpu_utilisation,pod=workload-cloud-6f545f89ff-qg8th,0.008715559490960019
1783732533,cpu_utilisation,pod=workload-cloud-6f545f89ff-qg8th,0.009116436857080322
1783732543,cpu_utilisation,pod=workload-cloud-6f545f89ff-qg8th,0.007804098962907025
1783732553,cpu_utilisation,pod=workload-cloud-6f545f89ff-qg8th,0.009006735122005083
1783732563,cpu_utilisation,pod=workload-cloud-6f545f89ff-qg8th,0.008793837073639418
1783732573,cpu_utilisation,pod=workload-cloud-6f545f89ff-qg8th,0.008793837073639418
1783732583,cpu_utilisation,pod=workload-cloud-6f545f89ff-qg8th,0.008843667824236706
1783732593,cpu_utilisation,pod=workload-cloud-6f545f89ff-qg8th,0.00894230477864307
1783732603,cpu_utilisation,pod=workload-cloud-6f545f89ff-qg8th,0.009012630901206279
1783732613,cpu_utilisation,pod=workload-cloud-6f545f89ff-qg8th,0.009171754390683415
1783732623,cpu_utilisation,pod=workload-cloud-6f545f89ff-qg8th,0.008610326744655096
1783732633,cpu_utilisation,pod=workload-cloud-6f545f89ff-qg8th,0.008738879424569367
1783732643,cpu_utilisation,pod=workload-cloud-6f545f89ff-qg8th,0.008504421027131772
1783732653,cpu_utilisation,pod=workload-cloud-6f545f89ff-qg8th,0.009104464878187505
1783732663,cpu_utilisation,pod=workload-cloud-6f545f89ff-qg8th,0.009959440319327018
1783732673,cpu_utilisation,pod=workload-cloud-6f545f89ff-qg8th,0.009761240636457733
1783732683,cpu_utilisation,pod=workload-cloud-6f545f89ff-qg8th,0.010032400019343302
1783732693,cpu_utilisation,pod=workload-cloud-6f545f89ff-qg8th,0.008303122979918405
1783732703,cpu_utilisation,pod=workload-cloud-6f545f89ff-qg8th,0.009690431519699809
1783732713,cpu_utilisation,pod=workload-cloud-6f545f89ff-qg8th,0.00947699362355349
1783732723,cpu_utilisation,pod=workload-cloud-6f545f89ff-qg8th,0.009589160839160839
1783732733,cpu_utilisation,pod=workload-cloud-6f545f89ff-qg8th,0.008221517155453774
1783732743,cpu_utilisation,pod=workload-cloud-6f545f89ff-qg8th,0.010109284939793404
1783732753,cpu_utilisation,pod=workload-cloud-6f545f89ff-qg8th,0.010331067642458539
1783732763,cpu_utilisation,pod=workload-cloud-6f545f89ff-qg8th,0.010405607566837182
1783732773,cpu_utilisation,pod=workload-cloud-6f545f89ff-qg8th,0.01046783696922478
1783732783,cpu_utilisation,pod=workload-cloud-6f545f89ff-qg8th,0.008729835971438239
1783732793,cpu_utilisation,pod=workload-cloud-6f545f89ff-qg8th,0.008934818347943714
1783732803,cpu_utilisation,pod=workload-cloud-6f545f89ff-qg8th,0.010708091836276225
1783732393,cpu_utilisation,pod=workload-cloud-6f545f89ff-smq59,0.05258495212464588
1783732403,cpu_utilisation,pod=workload-cloud-6f545f89ff-smq59,0.04522051984984643
1783732413,cpu_utilisation,pod=workload-cloud-6f545f89ff-smq59,0.059473448981913306
1783732423,cpu_utilisation,pod=workload-cloud-6f545f89ff-smq59,0.048389665340095055
1783732433,cpu_utilisation,pod=workload-cloud-6f545f89ff-smq59,0.045678664789865264
1783732443,cpu_utilisation,pod=workload-cloud-6f545f89ff-smq59,0.008590009388202155
1783732453,cpu_utilisation,pod=workload-cloud-6f545f89ff-smq59,0.008699605609114805
1783732463,cpu_utilisation,pod=workload-cloud-6f545f89ff-smq59,0.007607785580404801
1783732473,cpu_utilisation,pod=workload-cloud-6f545f89ff-smq59,0.008888481021951392
1783732483,cpu_utilisation,pod=workload-cloud-6f545f89ff-smq59,0.008994720482698722
1783732493,cpu_utilisation,pod=workload-cloud-6f545f89ff-smq59,0.009296394663097585
1783732503,cpu_utilisation,pod=workload-cloud-6f545f89ff-smq59,0.009106137415593001
1783732513,cpu_utilisation,pod=workload-cloud-6f545f89ff-smq59,0.008920464632630803
1783732523,cpu_utilisation,pod=workload-cloud-6f545f89ff-smq59,0.00901797075566469
1783732533,cpu_utilisation,pod=workload-cloud-6f545f89ff-smq59,0.008883704561451298
1783732543,cpu_utilisation,pod=workload-cloud-6f545f89ff-smq59,0.008883704561451298
1783732553,cpu_utilisation,pod=workload-cloud-6f545f89ff-smq59,0.009065276435114856
1783732563,cpu_utilisation,pod=workload-cloud-6f545f89ff-smq59,0.00898221874847345
1783732573,cpu_utilisation,pod=workload-cloud-6f545f89ff-smq59,0.007723161186013818
1783732583,cpu_utilisation,pod=workload-cloud-6f545f89ff-smq59,0.00873537512653311
1783732593,cpu_utilisation,pod=workload-cloud-6f545f89ff-smq59,0.008921149877621548
1783732603,cpu_utilisation,pod=workload-cloud-6f545f89ff-smq59,0.009043970236718333
1783732613,cpu_utilisation,pod=workload-cloud-6f545f89ff-smq59,0.009166234750019936
1783732623,cpu_utilisation,pod=workload-cloud-6f545f89ff-smq59,0.007965444348576363
1783732633,cpu_utilisation,pod=workload-cloud-6f545f89ff-smq59,0.009077036890905511
1783732643,cpu_utilisation,pod=workload-cloud-6f545f89ff-smq59,0.00915772737721247
1783732653,cpu_utilisation,pod=workload-cloud-6f545f89ff-smq59,0.007761424930162057
1783732663,cpu_utilisation,pod=workload-cloud-6f545f89ff-smq59,0.009590865531210524
1783732673,cpu_utilisation,pod=workload-cloud-6f545f89ff-smq59,0.010242984693877544
1783732683,cpu_utilisation,pod=workload-cloud-6f545f89ff-smq59,0.010242984693877544
1783732693,cpu_utilisation,pod=workload-cloud-6f545f89ff-smq59,0.009789243263821322
1783732703,cpu_utilisation,pod=workload-cloud-6f545f89ff-smq59,0.009464555052790351
1783732713,cpu_utilisation,pod=workload-cloud-6f545f89ff-smq59,0.00940401574229283
1783732723,cpu_utilisation,pod=workload-cloud-6f545f89ff-smq59,0.0090149170586779
1783732733,cpu_utilisation,pod=workload-cloud-6f545f89ff-smq59,0.009737524232721246
1783732743,cpu_utilisation,pod=workload-cloud-6f545f89ff-smq59,0.009921008698708373
1783732753,cpu_utilisation,pod=workload-cloud-6f545f89ff-smq59,0.009962781817791786
1783732763,cpu_utilisation,pod=workload-cloud-6f545f89ff-smq59,0.01033331883332973
1783732773,cpu_utilisation,pod=workload-cloud-6f545f89ff-smq59,0.010178413057835633
1783732783,cpu_utilisation,pod=workload-cloud-6f545f89ff-smq59,0.009917189220238386
1783732793,cpu_utilisation,pod=workload-cloud-6f545f89ff-smq59,0.009571445720459364
1783732803,cpu_utilisation,pod=workload-cloud-6f545f89ff-smq59,0.009246010205189427
1783732363,cpu_utilisation,pod=workload-cloud-6f545f89ff-xmrsk,0.2719843434128752
1783732373,cpu_utilisation,pod=workload-cloud-6f545f89ff-xmrsk,0.40999731050168076
1783732383,cpu_utilisation,pod=workload-cloud-6f545f89ff-xmrsk,0.7634323998926996
1783732393,cpu_utilisation,pod=workload-cloud-6f545f89ff-xmrsk,1.0465557554311087
1783732403,cpu_utilisation,pod=workload-cloud-6f545f89ff-xmrsk,1.2983978861972967
1783732413,cpu_utilisation,pod=workload-cloud-6f545f89ff-xmrsk,1.2631523212792062
1783732423,cpu_utilisation,pod=workload-cloud-6f545f89ff-xmrsk,1.5503271625040707
1783732433,cpu_utilisation,pod=workload-cloud-6f545f89ff-xmrsk,1.5357725105040154
1783732443,cpu_utilisation,pod=workload-cloud-6f545f89ff-xmrsk,1.5172411408815902
1783732453,cpu_utilisation,pod=workload-cloud-6f545f89ff-xmrsk,1.4987445373830848
1783732463,cpu_utilisation,pod=workload-cloud-6f545f89ff-xmrsk,1.4876567130669063
1783732473,cpu_utilisation,pod=workload-cloud-6f545f89ff-xmrsk,1.4876567130669065
1783732483,cpu_utilisation,pod=workload-cloud-6f545f89ff-xmrsk,1.4933733198439083
1783732493,cpu_utilisation,pod=workload-cloud-6f545f89ff-xmrsk,1.2221889372641104
1783732503,cpu_utilisation,pod=workload-cloud-6f545f89ff-xmrsk,1.4672547840467345
1783732513,cpu_utilisation,pod=workload-cloud-6f545f89ff-xmrsk,1.049652878736582
1783732523,cpu_utilisation,pod=workload-cloud-6f545f89ff-xmrsk,0.876975864602324
1783732533,cpu_utilisation,pod=workload-cloud-6f545f89ff-xmrsk,0.6026415866636895
1783732543,cpu_utilisation,pod=workload-cloud-6f545f89ff-xmrsk,0.12459735837598661
1783732553,cpu_utilisation,pod=workload-cloud-6f545f89ff-xmrsk,0.10191476360081005
1783732563,cpu_utilisation,pod=workload-cloud-6f545f89ff-xmrsk,0.009253460034099043
1783732573,cpu_utilisation,pod=workload-cloud-6f545f89ff-xmrsk,0.00791671487280397
1783732583,cpu_utilisation,pod=workload-cloud-6f545f89ff-xmrsk,0.0076701355224649825
1783732593,cpu_utilisation,pod=workload-cloud-6f545f89ff-xmrsk,0.009255135209903868
1783732603,cpu_utilisation,pod=workload-cloud-6f545f89ff-xmrsk,0.009714657942167085
1783732613,cpu_utilisation,pod=workload-cloud-6f545f89ff-xmrsk,0.00983786758480544
1783732623,cpu_utilisation,pod=workload-cloud-6f545f89ff-xmrsk,0.009653046847481951
1783732633,cpu_utilisation,pod=workload-cloud-6f545f89ff-xmrsk,0.009438596906192033
1783732643,cpu_utilisation,pod=workload-cloud-6f545f89ff-xmrsk,0.009613123236124003
1783732653,cpu_utilisation,pod=workload-cloud-6f545f89ff-xmrsk,0.009473373798933662
1783732663,cpu_utilisation,pod=workload-cloud-6f545f89ff-xmrsk,0.010097333952144889
1783732673,cpu_utilisation,pod=workload-cloud-6f545f89ff-xmrsk,0.0097994148064996
1783732683,cpu_utilisation,pod=workload-cloud-6f545f89ff-xmrsk,0.010005374253893836
1783732693,cpu_utilisation,pod=workload-cloud-6f545f89ff-xmrsk,0.009943549142696476
1783732703,cpu_utilisation,pod=workload-cloud-6f545f89ff-xmrsk,0.007930557799844532
1783732713,cpu_utilisation,pod=workload-cloud-6f545f89ff-xmrsk,0.009419475277497619
1783732153,cpu_utilisation,pod=workload-edge-7b875fd8c6-pxwvc,0.02234960986660011
1783732163,cpu_utilisation,pod=workload-edge-7b875fd8c6-pxwvc,0.02234960986660011
1783732173,cpu_utilisation,pod=workload-edge-7b875fd8c6-pxwvc,0.023085049621172377
1783732183,cpu_utilisation,pod=workload-edge-7b875fd8c6-pxwvc,0.022210292794206946
1783732193,cpu_utilisation,pod=workload-edge-7b875fd8c6-pxwvc,0.022210292794206946
1783732203,cpu_utilisation,pod=workload-edge-7b875fd8c6-pxwvc,0.02221016056139654
1783732213,cpu_utilisation,pod=workload-edge-7b875fd8c6-pxwvc,0.01827006822400138
1783732223,cpu_utilisation,pod=workload-edge-7b875fd8c6-pxwvc,0.021423346841949163
1783732233,cpu_utilisation,pod=workload-edge-7b875fd8c6-pxwvc,0.0219498495957887
1783732243,cpu_utilisation,pod=workload-edge-7b875fd8c6-pxwvc,0.021975886193038453
1783732253,cpu_utilisation,pod=workload-edge-7b875fd8c6-pxwvc,0.021975886193038453
1783732263,cpu_utilisation,pod=workload-edge-7b875fd8c6-pxwvc,0.02247089821393814
1783732273,cpu_utilisation,pod=workload-edge-7b875fd8c6-pxwvc,0.0220229699778358
1783732283,cpu_utilisation,pod=workload-edge-7b875fd8c6-pxwvc,0.0220229699778358
1783732293,cpu_utilisation,pod=workload-edge-7b875fd8c6-pxwvc,0.022060307459080622
1783732303,cpu_utilisation,pod=workload-edge-7b875fd8c6-pxwvc,0.02098660501801847
1783732313,cpu_utilisation,pod=workload-edge-7b875fd8c6-pxwvc,0.02098660501801847
1783732323,cpu_utilisation,pod=workload-edge-7b875fd8c6-pxwvc,0.020262978212741544
1783732333,cpu_utilisation,pod=workload-edge-7b875fd8c6-pxwvc,0.019336936826264514
1783732343,cpu_utilisation,pod=workload-edge-7b875fd8c6-pxwvc,0.020298757449459946
1783732353,cpu_utilisation,pod=workload-edge-7b875fd8c6-pxwvc,0.02132036321801359
1783732363,cpu_utilisation,pod=workload-edge-7b875fd8c6-pxwvc,0.02249580576008876
1783732373,cpu_utilisation,pod=workload-edge-7b875fd8c6-pxwvc,0.02249580576008876
1783732383,cpu_utilisation,pod=workload-edge-7b875fd8c6-pxwvc,0.022089077169681694
1783732393,cpu_utilisation,pod=workload-edge-7b875fd8c6-pxwvc,0.022089077169681694
1783732403,cpu_utilisation,pod=workload-edge-7b875fd8c6-pxwvc,0.02127574382456167
1783732413,cpu_utilisation,pod=workload-edge-7b875fd8c6-pxwvc,0.02102610155594162
1783732423,cpu_utilisation,pod=workload-edge-7b875fd8c6-pxwvc,0.017675611690838772
1783732433,cpu_utilisation,pod=workload-edge-7b875fd8c6-pxwvc,0.020866643084542422
1783732443,cpu_utilisation,pod=workload-edge-7b875fd8c6-pxwvc,0.021156435446067774
1783732453,cpu_utilisation,pod=workload-edge-7b875fd8c6-pxwvc,0.017854386015946504
1783732463,cpu_utilisation,pod=workload-edge-7b875fd8c6-pxwvc,0.02169247866077177
1783732473,cpu_utilisation,pod=workload-edge-7b875fd8c6-pxwvc,0.02134552985847402
1783732483,cpu_utilisation,pod=workload-edge-7b875fd8c6-pxwvc,0.02131025066336963
1783732493,cpu_utilisation,pod=workload-edge-7b875fd8c6-pxwvc,0.020917078328077394
1783732503,cpu_utilisation,pod=workload-edge-7b875fd8c6-pxwvc,0.02005726872246651
1783732513,cpu_utilisation,pod=workload-edge-7b875fd8c6-pxwvc,0.020303821421688125
1783732523,cpu_utilisation,pod=workload-edge-7b875fd8c6-pxwvc,0.0207700341154354
1783732533,cpu_utilisation,pod=workload-edge-7b875fd8c6-pxwvc,0.02071836193814488
1783732543,cpu_utilisation,pod=workload-edge-7b875fd8c6-pxwvc,0.021312797101752753
1783732553,cpu_utilisation,pod=workload-edge-7b875fd8c6-pxwvc,0.018029556724745918
1783732563,cpu_utilisation,pod=workload-edge-7b875fd8c6-pxwvc,0.021087931329005292
1783732573,cpu_utilisation,pod=workload-edge-7b875fd8c6-pxwvc,0.02092334393983205
1783732583,cpu_utilisation,pod=workload-edge-7b875fd8c6-pxwvc,0.020673377955306497
1783732593,cpu_utilisation,pod=workload-edge-7b875fd8c6-pxwvc,0.020673377955306497
1783732603,cpu_utilisation,pod=workload-edge-7b875fd8c6-pxwvc,0.02191791161313879
1783732613,cpu_utilisation,pod=workload-edge-7b875fd8c6-pxwvc,0.02158280038660066
1783732623,cpu_utilisation,pod=workload-edge-7b875fd8c6-pxwvc,0.02165148916640528
1783732633,cpu_utilisation,pod=workload-edge-7b875fd8c6-pxwvc,0.02165148916640528
1783732643,cpu_utilisation,pod=workload-edge-7b875fd8c6-pxwvc,0.021619477858906392
1783732653,cpu_utilisation,pod=workload-edge-7b875fd8c6-pxwvc,0.021963552308422583
1783732663,cpu_utilisation,pod=workload-edge-7b875fd8c6-pxwvc,0.022359320046893373
1783732673,cpu_utilisation,pod=workload-edge-7b875fd8c6-pxwvc,0.02247154098861633
1783732683,cpu_utilisation,pod=workload-edge-7b875fd8c6-pxwvc,0.022104935711323232
1783732693,cpu_utilisation,pod=workload-edge-7b875fd8c6-pxwvc,0.022104935711323232
1783732703,cpu_utilisation,pod=workload-edge-7b875fd8c6-pxwvc,0.022381183611532584
1783732713,cpu_utilisation,pod=workload-edge-7b875fd8c6-pxwvc,0.02199722494286679
1783732723,cpu_utilisation,pod=workload-edge-7b875fd8c6-pxwvc,0.02215738303472828
1783732733,cpu_utilisation,pod=workload-edge-7b875fd8c6-pxwvc,0.01878907917566896
1783732743,cpu_utilisation,pod=workload-edge-7b875fd8c6-pxwvc,0.022336631244656308
1783732753,cpu_utilisation,pod=workload-edge-7b875fd8c6-pxwvc,0.022456270657704232
1783732763,cpu_utilisation,pod=workload-edge-7b875fd8c6-pxwvc,0.019597860226108932
1783732773,cpu_utilisation,pod=workload-edge-7b875fd8c6-pxwvc,0.02232369355657015
1783732783,cpu_utilisation,pod=workload-edge-7b875fd8c6-pxwvc,0.021824697694850438
1783732793,cpu_utilisation,pod=workload-edge-7b875fd8c6-pxwvc,0.021824697694850438
1783732803,cpu_utilisation,pod=workload-edge-7b875fd8c6-pxwvc,0.021309071600702334
1783732273,mem_mib,pod=workload-cloud-6f545f89ff-7sfxr,3.6328125
1783732283,mem_mib,pod=workload-cloud-6f545f89ff-7sfxr,35.51171875
1783732293,mem_mib,pod=workload-cloud-6f545f89ff-7sfxr,35.51171875
1783732303,mem_mib,pod=workload-cloud-6f545f89ff-7sfxr,35.296875
1783732313,mem_mib,pod=workload-cloud-6f545f89ff-7sfxr,35.4140625
1783732323,mem_mib,pod=workload-cloud-6f545f89ff-7sfxr,35.5703125
1783732333,mem_mib,pod=workload-cloud-6f545f89ff-7sfxr,35.5703125
1783732343,mem_mib,pod=workload-cloud-6f545f89ff-7sfxr,35.77734375
1783732353,mem_mib,pod=workload-cloud-6f545f89ff-7sfxr,37.4140625
1783732363,mem_mib,pod=workload-cloud-6f545f89ff-7sfxr,37.4140625
1783732373,mem_mib,pod=workload-cloud-6f545f89ff-7sfxr,38.94921875
1783732383,mem_mib,pod=workload-cloud-6f545f89ff-7sfxr,38.73828125
1783732393,mem_mib,pod=workload-cloud-6f545f89ff-7sfxr,39.37109375
1783732403,mem_mib,pod=workload-cloud-6f545f89ff-7sfxr,39.37109375
1783732413,mem_mib,pod=workload-cloud-6f545f89ff-7sfxr,39.390625
1783732423,mem_mib,pod=workload-cloud-6f545f89ff-7sfxr,39.390625
1783732433,mem_mib,pod=workload-cloud-6f545f89ff-7sfxr,39.04296875
1783732443,mem_mib,pod=workload-cloud-6f545f89ff-7sfxr,39.04296875
1783732453,mem_mib,pod=workload-cloud-6f545f89ff-7sfxr,39.54296875
1783732463,mem_mib,pod=workload-cloud-6f545f89ff-7sfxr,39.0703125
1783732473,mem_mib,pod=workload-cloud-6f545f89ff-7sfxr,39.0703125
1783732483,mem_mib,pod=workload-cloud-6f545f89ff-7sfxr,40.39453125
1783732493,mem_mib,pod=workload-cloud-6f545f89ff-7sfxr,39.19140625
1783732503,mem_mib,pod=workload-cloud-6f545f89ff-7sfxr,39.19140625
1783732513,mem_mib,pod=workload-cloud-6f545f89ff-7sfxr,38.7734375
1783732523,mem_mib,pod=workload-cloud-6f545f89ff-7sfxr,38.13671875
1783732533,mem_mib,pod=workload-cloud-6f545f89ff-7sfxr,38.13671875
1783732543,mem_mib,pod=workload-cloud-6f545f89ff-7sfxr,38.2265625
1783732553,mem_mib,pod=workload-cloud-6f545f89ff-7sfxr,38.2265625
1783732563,mem_mib,pod=workload-cloud-6f545f89ff-7sfxr,38.18359375
1783732573,mem_mib,pod=workload-cloud-6f545f89ff-7sfxr,38.18359375
1783732583,mem_mib,pod=workload-cloud-6f545f89ff-7sfxr,38.1875
1783732593,mem_mib,pod=workload-cloud-6f545f89ff-7sfxr,37.98828125
1783732603,mem_mib,pod=workload-cloud-6f545f89ff-7sfxr,37.95703125
1783732613,mem_mib,pod=workload-cloud-6f545f89ff-7sfxr,37.95703125
1783732623,mem_mib,pod=workload-cloud-6f545f89ff-7sfxr,37.95703125
1783732633,mem_mib,pod=workload-cloud-6f545f89ff-7sfxr,38.0
1783732643,mem_mib,pod=workload-cloud-6f545f89ff-7sfxr,37.9765625
1783732653,mem_mib,pod=workload-cloud-6f545f89ff-7sfxr,37.9765625
1783732663,mem_mib,pod=workload-cloud-6f545f89ff-7sfxr,38.26171875
1783732673,mem_mib,pod=workload-cloud-6f545f89ff-7sfxr,38.26171875
1783732683,mem_mib,pod=workload-cloud-6f545f89ff-7sfxr,38.21875
1783732693,mem_mib,pod=workload-cloud-6f545f89ff-7sfxr,38.0078125
1783732703,mem_mib,pod=workload-cloud-6f545f89ff-7sfxr,38.2265625
1783732713,mem_mib,pod=workload-cloud-6f545f89ff-7sfxr,38.2265625
1783732723,mem_mib,pod=workload-cloud-6f545f89ff-7sfxr,37.8828125
1783732733,mem_mib,pod=workload-cloud-6f545f89ff-7sfxr,37.8828125
1783732743,mem_mib,pod=workload-cloud-6f545f89ff-7sfxr,37.8671875
1783732753,mem_mib,pod=workload-cloud-6f545f89ff-7sfxr,37.8671875
1783732763,mem_mib,pod=workload-cloud-6f545f89ff-7sfxr,37.8671875
1783732773,mem_mib,pod=workload-cloud-6f545f89ff-7sfxr,37.8671875
1783732783,mem_mib,pod=workload-cloud-6f545f89ff-7sfxr,37.8671875
1783732443,mem_mib,pod=workload-cloud-6f545f89ff-7vswv,3.10546875
1783732453,mem_mib,pod=workload-cloud-6f545f89ff-7vswv,35.1796875
1783732463,mem_mib,pod=workload-cloud-6f545f89ff-7vswv,35.19921875
1783732473,mem_mib,pod=workload-cloud-6f545f89ff-7vswv,35.21875
1783732483,mem_mib,pod=workload-cloud-6f545f89ff-7vswv,35.21875
1783732493,mem_mib,pod=workload-cloud-6f545f89ff-7vswv,35.21875
1783732503,mem_mib,pod=workload-cloud-6f545f89ff-7vswv,35.21875
1783732513,mem_mib,pod=workload-cloud-6f545f89ff-7vswv,35.2421875
1783732523,mem_mib,pod=workload-cloud-6f545f89ff-7vswv,35.2421875
1783732533,mem_mib,pod=workload-cloud-6f545f89ff-7vswv,35.25390625
1783732543,mem_mib,pod=workload-cloud-6f545f89ff-7vswv,35.25390625
1783732553,mem_mib,pod=workload-cloud-6f545f89ff-7vswv,35.25390625
1783732563,mem_mib,pod=workload-cloud-6f545f89ff-7vswv,35.25390625
1783732573,mem_mib,pod=workload-cloud-6f545f89ff-7vswv,35.2578125
1783732583,mem_mib,pod=workload-cloud-6f545f89ff-7vswv,35.26953125
1783732593,mem_mib,pod=workload-cloud-6f545f89ff-7vswv,35.26953125
1783732603,mem_mib,pod=workload-cloud-6f545f89ff-7vswv,35.26953125
1783732613,mem_mib,pod=workload-cloud-6f545f89ff-7vswv,35.26953125
1783732623,mem_mib,pod=workload-cloud-6f545f89ff-7vswv,35.27734375
1783732633,mem_mib,pod=workload-cloud-6f545f89ff-7vswv,35.27734375
1783732643,mem_mib,pod=workload-cloud-6f545f89ff-7vswv,35.27734375
1783732653,mem_mib,pod=workload-cloud-6f545f89ff-7vswv,35.27734375
1783732663,mem_mib,pod=workload-cloud-6f545f89ff-7vswv,35.52734375
1783732673,mem_mib,pod=workload-cloud-6f545f89ff-7vswv,35.52734375
1783732683,mem_mib,pod=workload-cloud-6f545f89ff-7vswv,35.30078125
1783732693,mem_mib,pod=workload-cloud-6f545f89ff-7vswv,35.29296875
1783732703,mem_mib,pod=workload-cloud-6f545f89ff-7vswv,35.29296875
1783732713,mem_mib,pod=workload-cloud-6f545f89ff-7vswv,35.29296875
1783732723,mem_mib,pod=workload-cloud-6f545f89ff-7vswv,35.296875
1783732733,mem_mib,pod=workload-cloud-6f545f89ff-7vswv,35.296875
1783732743,mem_mib,pod=workload-cloud-6f545f89ff-7vswv,35.30078125
1783732753,mem_mib,pod=workload-cloud-6f545f89ff-7vswv,35.30078125
1783732763,mem_mib,pod=workload-cloud-6f545f89ff-7vswv,35.3046875
1783732773,mem_mib,pod=workload-cloud-6f545f89ff-7vswv,35.30859375
1783732783,mem_mib,pod=workload-cloud-6f545f89ff-7vswv,35.30859375
1783732793,mem_mib,pod=workload-cloud-6f545f89ff-7vswv,35.30859375
1783732803,mem_mib,pod=workload-cloud-6f545f89ff-7vswv,35.30859375
1783732153,mem_mib,pod=workload-cloud-6f545f89ff-9hvzm,40.12109375
1783732163,mem_mib,pod=workload-cloud-6f545f89ff-9hvzm,40.12109375
1783732173,mem_mib,pod=workload-cloud-6f545f89ff-9hvzm,40.125
1783732183,mem_mib,pod=workload-cloud-6f545f89ff-9hvzm,40.40234375
1783732193,mem_mib,pod=workload-cloud-6f545f89ff-9hvzm,40.40234375
1783732203,mem_mib,pod=workload-cloud-6f545f89ff-9hvzm,40.75390625
1783732213,mem_mib,pod=workload-cloud-6f545f89ff-9hvzm,40.75390625
1783732223,mem_mib,pod=workload-cloud-6f545f89ff-9hvzm,40.55859375
1783732233,mem_mib,pod=workload-cloud-6f545f89ff-9hvzm,40.86328125
1783732243,mem_mib,pod=workload-cloud-6f545f89ff-9hvzm,40.86328125
1783732253,mem_mib,pod=workload-cloud-6f545f89ff-9hvzm,40.75390625
1783732263,mem_mib,pod=workload-cloud-6f545f89ff-9hvzm,40.5546875
1783732273,mem_mib,pod=workload-cloud-6f545f89ff-9hvzm,40.5546875
1783732283,mem_mib,pod=workload-cloud-6f545f89ff-9hvzm,40.859375
1783732293,mem_mib,pod=workload-cloud-6f545f89ff-9hvzm,41.19140625
1783732303,mem_mib,pod=workload-cloud-6f545f89ff-9hvzm,41.19140625
1783732313,mem_mib,pod=workload-cloud-6f545f89ff-9hvzm,41.19140625
1783732323,mem_mib,pod=workload-cloud-6f545f89ff-9hvzm,41.19140625
1783732333,mem_mib,pod=workload-cloud-6f545f89ff-9hvzm,41.16796875
1783732343,mem_mib,pod=workload-cloud-6f545f89ff-9hvzm,40.6796875
1783732353,mem_mib,pod=workload-cloud-6f545f89ff-9hvzm,42.15234375
1783732363,mem_mib,pod=workload-cloud-6f545f89ff-9hvzm,42.46875
1783732373,mem_mib,pod=workload-cloud-6f545f89ff-9hvzm,42.27734375
1783732383,mem_mib,pod=workload-cloud-6f545f89ff-9hvzm,42.609375
1783732393,mem_mib,pod=workload-cloud-6f545f89ff-9hvzm,42.609375
1783732403,mem_mib,pod=workload-cloud-6f545f89ff-9hvzm,42.375
1783732413,mem_mib,pod=workload-cloud-6f545f89ff-9hvzm,42.375
1783732423,mem_mib,pod=workload-cloud-6f545f89ff-9hvzm,42.4609375
1783732433,mem_mib,pod=workload-cloud-6f545f89ff-9hvzm,42.4609375
1783732443,mem_mib,pod=workload-cloud-6f545f89ff-9hvzm,42.4609375
1783732453,mem_mib,pod=workload-cloud-6f545f89ff-9hvzm,42.65234375
1783732463,mem_mib,pod=workload-cloud-6f545f89ff-9hvzm,42.77734375
1783732473,mem_mib,pod=workload-cloud-6f545f89ff-9hvzm,42.77734375
1783732483,mem_mib,pod=workload-cloud-6f545f89ff-9hvzm,42.7890625
1783732493,mem_mib,pod=workload-cloud-6f545f89ff-9hvzm,42.50390625
1783732503,mem_mib,pod=workload-cloud-6f545f89ff-9hvzm,42.6640625
1783732513,mem_mib,pod=workload-cloud-6f545f89ff-9hvzm,42.6640625
1783732523,mem_mib,pod=workload-cloud-6f545f89ff-9hvzm,42.734375
1783732533,mem_mib,pod=workload-cloud-6f545f89ff-9hvzm,42.734375
1783732543,mem_mib,pod=workload-cloud-6f545f89ff-9hvzm,41.7109375
1783732553,mem_mib,pod=workload-cloud-6f545f89ff-9hvzm,41.7109375
1783732563,mem_mib,pod=workload-cloud-6f545f89ff-9hvzm,41.453125
1783732573,mem_mib,pod=workload-cloud-6f545f89ff-9hvzm,41.2421875
1783732583,mem_mib,pod=workload-cloud-6f545f89ff-9hvzm,41.2421875
1783732593,mem_mib,pod=workload-cloud-6f545f89ff-9hvzm,41.20703125
1783732603,mem_mib,pod=workload-cloud-6f545f89ff-9hvzm,42.01171875
1783732613,mem_mib,pod=workload-cloud-6f545f89ff-9hvzm,42.01171875
1783732623,mem_mib,pod=workload-cloud-6f545f89ff-9hvzm,41.54296875
1783732633,mem_mib,pod=workload-cloud-6f545f89ff-9hvzm,42.015625
1783732643,mem_mib,pod=workload-cloud-6f545f89ff-9hvzm,42.015625
1783732653,mem_mib,pod=workload-cloud-6f545f89ff-9hvzm,42.3046875
1783732663,mem_mib,pod=workload-cloud-6f545f89ff-9hvzm,42.3046875
1783732673,mem_mib,pod=workload-cloud-6f545f89ff-9hvzm,42.06640625
1783732683,mem_mib,pod=workload-cloud-6f545f89ff-9hvzm,42.06640625
1783732693,mem_mib,pod=workload-cloud-6f545f89ff-9hvzm,42.75
1783732703,mem_mib,pod=workload-cloud-6f545f89ff-9hvzm,42.75
1783732713,mem_mib,pod=workload-cloud-6f545f89ff-9hvzm,41.15234375
1783732723,mem_mib,pod=workload-cloud-6f545f89ff-9hvzm,41.703125
1783732733,mem_mib,pod=workload-cloud-6f545f89ff-9hvzm,40.68359375
1783732743,mem_mib,pod=workload-cloud-6f545f89ff-9hvzm,40.68359375
1783732753,mem_mib,pod=workload-cloud-6f545f89ff-9hvzm,40.59375
1783732763,mem_mib,pod=workload-cloud-6f545f89ff-9hvzm,40.59375
1783732773,mem_mib,pod=workload-cloud-6f545f89ff-9hvzm,40.58984375
1783732783,mem_mib,pod=workload-cloud-6f545f89ff-9hvzm,40.58984375
1783732793,mem_mib,pod=workload-cloud-6f545f89ff-9hvzm,40.58984375
1783732803,mem_mib,pod=workload-cloud-6f545f89ff-9hvzm,40.58984375
1783732413,mem_mib,pod=workload-cloud-6f545f89ff-qg8th,2.9453125
1783732423,mem_mib,pod=workload-cloud-6f545f89ff-qg8th,35.140625
1783732433,mem_mib,pod=workload-cloud-6f545f89ff-qg8th,35.1484375
1783732443,mem_mib,pod=workload-cloud-6f545f89ff-qg8th,35.1640625
1783732453,mem_mib,pod=workload-cloud-6f545f89ff-qg8th,35.1640625
1783732463,mem_mib,pod=workload-cloud-6f545f89ff-qg8th,35.1640625
1783732473,mem_mib,pod=workload-cloud-6f545f89ff-qg8th,35.171875
1783732483,mem_mib,pod=workload-cloud-6f545f89ff-qg8th,35.1875
1783732493,mem_mib,pod=workload-cloud-6f545f89ff-qg8th,35.1875
1783732503,mem_mib,pod=workload-cloud-6f545f89ff-qg8th,35.19140625
1783732513,mem_mib,pod=workload-cloud-6f545f89ff-qg8th,35.19140625
1783732523,mem_mib,pod=workload-cloud-6f545f89ff-qg8th,35.44921875
1783732533,mem_mib,pod=workload-cloud-6f545f89ff-qg8th,35.1953125
1783732543,mem_mib,pod=workload-cloud-6f545f89ff-qg8th,35.1953125
1783732553,mem_mib,pod=workload-cloud-6f545f89ff-qg8th,35.203125
1783732563,mem_mib,pod=workload-cloud-6f545f89ff-qg8th,35.203125
1783732573,mem_mib,pod=workload-cloud-6f545f89ff-qg8th,35.203125
1783732583,mem_mib,pod=workload-cloud-6f545f89ff-qg8th,35.20703125
1783732593,mem_mib,pod=workload-cloud-6f545f89ff-qg8th,35.20703125
1783732603,mem_mib,pod=workload-cloud-6f545f89ff-qg8th,35.22265625
1783732613,mem_mib,pod=workload-cloud-6f545f89ff-qg8th,35.22265625
1783732623,mem_mib,pod=workload-cloud-6f545f89ff-qg8th,35.22265625
1783732633,mem_mib,pod=workload-cloud-6f545f89ff-qg8th,35.22265625
1783732643,mem_mib,pod=workload-cloud-6f545f89ff-qg8th,35.22265625
1783732653,mem_mib,pod=workload-cloud-6f545f89ff-qg8th,35.23046875
1783732663,mem_mib,pod=workload-cloud-6f545f89ff-qg8th,35.23046875
1783732673,mem_mib,pod=workload-cloud-6f545f89ff-qg8th,35.23046875
1783732683,mem_mib,pod=workload-cloud-6f545f89ff-qg8th,35.23046875
1783732693,mem_mib,pod=workload-cloud-6f545f89ff-qg8th,35.23828125
1783732703,mem_mib,pod=workload-cloud-6f545f89ff-qg8th,35.23828125
1783732713,mem_mib,pod=workload-cloud-6f545f89ff-qg8th,35.23828125
1783732723,mem_mib,pod=workload-cloud-6f545f89ff-qg8th,35.23828125
1783732733,mem_mib,pod=workload-cloud-6f545f89ff-qg8th,35.23828125
1783732743,mem_mib,pod=workload-cloud-6f545f89ff-qg8th,35.2421875
1783732753,mem_mib,pod=workload-cloud-6f545f89ff-qg8th,35.2421875
1783732763,mem_mib,pod=workload-cloud-6f545f89ff-qg8th,35.2421875
1783732773,mem_mib,pod=workload-cloud-6f545f89ff-qg8th,35.2421875
1783732783,mem_mib,pod=workload-cloud-6f545f89ff-qg8th,35.2421875
1783732793,mem_mib,pod=workload-cloud-6f545f89ff-qg8th,35.2421875
1783732803,mem_mib,pod=workload-cloud-6f545f89ff-qg8th,35.2421875
1783732383,mem_mib,pod=workload-cloud-6f545f89ff-smq59,3.3359375
1783732393,mem_mib,pod=workload-cloud-6f545f89ff-smq59,35.12890625
1783732403,mem_mib,pod=workload-cloud-6f545f89ff-smq59,35.140625
1783732413,mem_mib,pod=workload-cloud-6f545f89ff-smq59,35.140625
1783732423,mem_mib,pod=workload-cloud-6f545f89ff-smq59,35.16796875
1783732433,mem_mib,pod=workload-cloud-6f545f89ff-smq59,35.16796875
1783732443,mem_mib,pod=workload-cloud-6f545f89ff-smq59,35.1796875
1783732453,mem_mib,pod=workload-cloud-6f545f89ff-smq59,35.19140625
1783732463,mem_mib,pod=workload-cloud-6f545f89ff-smq59,35.1953125
1783732473,mem_mib,pod=workload-cloud-6f545f89ff-smq59,35.1953125
1783732483,mem_mib,pod=workload-cloud-6f545f89ff-smq59,35.1953125
1783732493,mem_mib,pod=workload-cloud-6f545f89ff-smq59,35.1953125
1783732503,mem_mib,pod=workload-cloud-6f545f89ff-smq59,35.19921875
1783732513,mem_mib,pod=workload-cloud-6f545f89ff-smq59,35.19921875
1783732523,mem_mib,pod=workload-cloud-6f545f89ff-smq59,35.2109375
1783732533,mem_mib,pod=workload-cloud-6f545f89ff-smq59,35.2109375
1783732543,mem_mib,pod=workload-cloud-6f545f89ff-smq59,35.2109375
1783732553,mem_mib,pod=workload-cloud-6f545f89ff-smq59,35.2109375
1783732563,mem_mib,pod=workload-cloud-6f545f89ff-smq59,35.2265625
1783732573,mem_mib,pod=workload-cloud-6f545f89ff-smq59,35.2265625
1783732583,mem_mib,pod=workload-cloud-6f545f89ff-smq59,35.2265625
1783732593,mem_mib,pod=workload-cloud-6f545f89ff-smq59,35.2265625
1783732603,mem_mib,pod=workload-cloud-6f545f89ff-smq59,35.22265625
1783732613,mem_mib,pod=workload-cloud-6f545f89ff-smq59,35.234375
1783732623,mem_mib,pod=workload-cloud-6f545f89ff-smq59,35.234375
1783732633,mem_mib,pod=workload-cloud-6f545f89ff-smq59,35.234375
1783732643,mem_mib,pod=workload-cloud-6f545f89ff-smq59,35.234375
1783732653,mem_mib,pod=workload-cloud-6f545f89ff-smq59,35.234375
1783732663,mem_mib,pod=workload-cloud-6f545f89ff-smq59,35.23828125
1783732673,mem_mib,pod=workload-cloud-6f545f89ff-smq59,35.24609375
1783732683,mem_mib,pod=workload-cloud-6f545f89ff-smq59,35.24609375
1783732693,mem_mib,pod=workload-cloud-6f545f89ff-smq59,35.24609375
1783732703,mem_mib,pod=workload-cloud-6f545f89ff-smq59,35.24609375
1783732713,mem_mib,pod=workload-cloud-6f545f89ff-smq59,35.25390625
1783732723,mem_mib,pod=workload-cloud-6f545f89ff-smq59,35.25390625
1783732733,mem_mib,pod=workload-cloud-6f545f89ff-smq59,35.26171875
1783732743,mem_mib,pod=workload-cloud-6f545f89ff-smq59,35.25390625
1783732753,mem_mib,pod=workload-cloud-6f545f89ff-smq59,35.25390625
1783732763,mem_mib,pod=workload-cloud-6f545f89ff-smq59,35.25390625
1783732773,mem_mib,pod=workload-cloud-6f545f89ff-smq59,35.25390625
1783732783,mem_mib,pod=workload-cloud-6f545f89ff-smq59,35.25390625
1783732793,mem_mib,pod=workload-cloud-6f545f89ff-smq59,35.25390625
1783732803,mem_mib,pod=workload-cloud-6f545f89ff-smq59,35.25390625
1783732353,mem_mib,pod=workload-cloud-6f545f89ff-xmrsk,3.1015625
1783732363,mem_mib,pod=workload-cloud-6f545f89ff-xmrsk,36.828125
1783732373,mem_mib,pod=workload-cloud-6f545f89ff-xmrsk,36.828125
1783732383,mem_mib,pod=workload-cloud-6f545f89ff-xmrsk,37.3828125
1783732393,mem_mib,pod=workload-cloud-6f545f89ff-xmrsk,38.89453125
1783732403,mem_mib,pod=workload-cloud-6f545f89ff-xmrsk,37.71484375
1783732413,mem_mib,pod=workload-cloud-6f545f89ff-xmrsk,37.71484375
1783732423,mem_mib,pod=workload-cloud-6f545f89ff-xmrsk,37.7734375
1783732433,mem_mib,pod=workload-cloud-6f545f89ff-xmrsk,37.609375
1783732443,mem_mib,pod=workload-cloud-6f545f89ff-xmrsk,37.609375
1783732453,mem_mib,pod=workload-cloud-6f545f89ff-xmrsk,37.5546875
1783732463,mem_mib,pod=workload-cloud-6f545f89ff-xmrsk,38.0859375
1783732473,mem_mib,pod=workload-cloud-6f545f89ff-xmrsk,38.0859375
1783732483,mem_mib,pod=workload-cloud-6f545f89ff-xmrsk,37.6015625
1783732493,mem_mib,pod=workload-cloud-6f545f89ff-xmrsk,37.6015625
1783732503,mem_mib,pod=workload-cloud-6f545f89ff-xmrsk,37.5703125
1783732513,mem_mib,pod=workload-cloud-6f545f89ff-xmrsk,36.90625
1783732523,mem_mib,pod=workload-cloud-6f545f89ff-xmrsk,36.90625
1783732533,mem_mib,pod=workload-cloud-6f545f89ff-xmrsk,36.8671875
1783732543,mem_mib,pod=workload-cloud-6f545f89ff-xmrsk,36.8671875
1783732553,mem_mib,pod=workload-cloud-6f545f89ff-xmrsk,36.8671875
1783732563,mem_mib,pod=workload-cloud-6f545f89ff-xmrsk,36.8671875
1783732573,mem_mib,pod=workload-cloud-6f545f89ff-xmrsk,36.8671875
1783732583,mem_mib,pod=workload-cloud-6f545f89ff-xmrsk,36.8671875
1783732593,mem_mib,pod=workload-cloud-6f545f89ff-xmrsk,36.8671875
1783732603,mem_mib,pod=workload-cloud-6f545f89ff-xmrsk,36.8671875
1783732613,mem_mib,pod=workload-cloud-6f545f89ff-xmrsk,36.8671875
1783732623,mem_mib,pod=workload-cloud-6f545f89ff-xmrsk,36.8671875
1783732633,mem_mib,pod=workload-cloud-6f545f89ff-xmrsk,36.8671875
1783732643,mem_mib,pod=workload-cloud-6f545f89ff-xmrsk,36.8671875
1783732653,mem_mib,pod=workload-cloud-6f545f89ff-xmrsk,36.8671875
1783732663,mem_mib,pod=workload-cloud-6f545f89ff-xmrsk,36.8671875
1783732673,mem_mib,pod=workload-cloud-6f545f89ff-xmrsk,36.875
1783732683,mem_mib,pod=workload-cloud-6f545f89ff-xmrsk,36.875
1783732693,mem_mib,pod=workload-cloud-6f545f89ff-xmrsk,36.8671875
1783732703,mem_mib,pod=workload-cloud-6f545f89ff-xmrsk,36.8671875
1783732713,mem_mib,pod=workload-cloud-6f545f89ff-xmrsk,36.8671875
1783732723,mem_mib,pod=workload-cloud-6f545f89ff-xmrsk,36.8671875
1783732153,mem_mib,pod=workload-edge-7b875fd8c6-pxwvc,35.9609375
1783732163,mem_mib,pod=workload-edge-7b875fd8c6-pxwvc,35.9609375
1783732173,mem_mib,pod=workload-edge-7b875fd8c6-pxwvc,35.9609375
1783732183,mem_mib,pod=workload-edge-7b875fd8c6-pxwvc,35.9609375
1783732193,mem_mib,pod=workload-edge-7b875fd8c6-pxwvc,35.9609375
1783732203,mem_mib,pod=workload-edge-7b875fd8c6-pxwvc,35.9609375
1783732213,mem_mib,pod=workload-edge-7b875fd8c6-pxwvc,35.9609375
1783732223,mem_mib,pod=workload-edge-7b875fd8c6-pxwvc,35.9609375
1783732233,mem_mib,pod=workload-edge-7b875fd8c6-pxwvc,35.9609375
1783732243,mem_mib,pod=workload-edge-7b875fd8c6-pxwvc,35.9609375
1783732253,mem_mib,pod=workload-edge-7b875fd8c6-pxwvc,35.9609375
1783732263,mem_mib,pod=workload-edge-7b875fd8c6-pxwvc,35.9609375
1783732273,mem_mib,pod=workload-edge-7b875fd8c6-pxwvc,35.9609375
1783732283,mem_mib,pod=workload-edge-7b875fd8c6-pxwvc,35.9609375
1783732293,mem_mib,pod=workload-edge-7b875fd8c6-pxwvc,35.96484375
1783732303,mem_mib,pod=workload-edge-7b875fd8c6-pxwvc,35.96484375
1783732313,mem_mib,pod=workload-edge-7b875fd8c6-pxwvc,35.96484375
1783732323,mem_mib,pod=workload-edge-7b875fd8c6-pxwvc,35.96484375
1783732333,mem_mib,pod=workload-edge-7b875fd8c6-pxwvc,35.96484375
1783732343,mem_mib,pod=workload-edge-7b875fd8c6-pxwvc,35.96484375
1783732353,mem_mib,pod=workload-edge-7b875fd8c6-pxwvc,35.96484375
1783732363,mem_mib,pod=workload-edge-7b875fd8c6-pxwvc,35.96484375
1783732373,mem_mib,pod=workload-edge-7b875fd8c6-pxwvc,35.96484375
1783732383,mem_mib,pod=workload-edge-7b875fd8c6-pxwvc,35.96484375
1783732393,mem_mib,pod=workload-edge-7b875fd8c6-pxwvc,35.96484375
1783732403,mem_mib,pod=workload-edge-7b875fd8c6-pxwvc,35.96484375
1783732413,mem_mib,pod=workload-edge-7b875fd8c6-pxwvc,35.96484375
1783732423,mem_mib,pod=workload-edge-7b875fd8c6-pxwvc,35.96484375
1783732433,mem_mib,pod=workload-edge-7b875fd8c6-pxwvc,35.96484375
1783732443,mem_mib,pod=workload-edge-7b875fd8c6-pxwvc,35.96484375
1783732453,mem_mib,pod=workload-edge-7b875fd8c6-pxwvc,35.96484375
1783732463,mem_mib,pod=workload-edge-7b875fd8c6-pxwvc,35.96484375
1783732473,mem_mib,pod=workload-edge-7b875fd8c6-pxwvc,35.96484375
1783732483,mem_mib,pod=workload-edge-7b875fd8c6-pxwvc,35.96484375
1783732493,mem_mib,pod=workload-edge-7b875fd8c6-pxwvc,35.96484375
1783732503,mem_mib,pod=workload-edge-7b875fd8c6-pxwvc,35.96484375
1783732513,mem_mib,pod=workload-edge-7b875fd8c6-pxwvc,35.96484375
1783732523,mem_mib,pod=workload-edge-7b875fd8c6-pxwvc,35.9609375
1783732533,mem_mib,pod=workload-edge-7b875fd8c6-pxwvc,35.9609375
1783732543,mem_mib,pod=workload-edge-7b875fd8c6-pxwvc,35.96484375
1783732553,mem_mib,pod=workload-edge-7b875fd8c6-pxwvc,35.96484375
1783732563,mem_mib,pod=workload-edge-7b875fd8c6-pxwvc,35.96484375
1783732573,mem_mib,pod=workload-edge-7b875fd8c6-pxwvc,35.96484375
1783732583,mem_mib,pod=workload-edge-7b875fd8c6-pxwvc,35.96484375
1783732593,mem_mib,pod=workload-edge-7b875fd8c6-pxwvc,35.96484375
1783732603,mem_mib,pod=workload-edge-7b875fd8c6-pxwvc,35.96484375
1783732613,mem_mib,pod=workload-edge-7b875fd8c6-pxwvc,35.96484375
1783732623,mem_mib,pod=workload-edge-7b875fd8c6-pxwvc,35.96484375
1783732633,mem_mib,pod=workload-edge-7b875fd8c6-pxwvc,35.96484375
1783732643,mem_mib,pod=workload-edge-7b875fd8c6-pxwvc,35.96484375
1783732653,mem_mib,pod=workload-edge-7b875fd8c6-pxwvc,35.96484375
1783732663,mem_mib,pod=workload-edge-7b875fd8c6-pxwvc,35.96484375
1783732673,mem_mib,pod=workload-edge-7b875fd8c6-pxwvc,35.96484375
1783732683,mem_mib,pod=workload-edge-7b875fd8c6-pxwvc,35.96484375
1783732693,mem_mib,pod=workload-edge-7b875fd8c6-pxwvc,35.96484375
1783732703,mem_mib,pod=workload-edge-7b875fd8c6-pxwvc,35.96484375
1783732713,mem_mib,pod=workload-edge-7b875fd8c6-pxwvc,35.96484375
1783732723,mem_mib,pod=workload-edge-7b875fd8c6-pxwvc,35.96484375
1783732733,mem_mib,pod=workload-edge-7b875fd8c6-pxwvc,35.96484375
1783732743,mem_mib,pod=workload-edge-7b875fd8c6-pxwvc,35.96484375
1783732753,mem_mib,pod=workload-edge-7b875fd8c6-pxwvc,36.21484375
1783732763,mem_mib,pod=workload-edge-7b875fd8c6-pxwvc,36.21484375
1783732773,mem_mib,pod=workload-edge-7b875fd8c6-pxwvc,35.96484375
1783732783,mem_mib,pod=workload-edge-7b875fd8c6-pxwvc,36.21484375
1783732793,mem_mib,pod=workload-edge-7b875fd8c6-pxwvc,36.21484375
1783732803,mem_mib,pod=workload-edge-7b875fd8c6-pxwvc,35.96484375
1783732153,rps,tier=cloud,0.0
1783732163,rps,tier=cloud,1.2800520021440909
1783732173,rps,tier=cloud,6.6603580198171235
1783732183,rps,tier=cloud,16.000837245322526
1783732193,rps,tier=cloud,29.361418471379736
1783732203,rps,tier=cloud,46.722398527719015
1783732213,rps,tier=cloud,66.88267530701228
1783732223,rps,tier=cloud,86.8017360347207
1783732233,rps,tier=cloud,105.90423616944678
1783732243,rps,tier=cloud,125.70634793309807
1783732253,rps,tier=cloud,144.34577383095325
1783732263,rps,tier=cloud,161.28656593173068
1783732273,rps,tier=cloud,178.28885605771254
1783732283,rps,tier=cloud,195.62782511300452
1783732293,rps,tier=cloud,211.16536763600757
1783732303,rps,tier=cloud,229.74998372492792
1783732313,rps,tier=cloud,249.4824922698794
1783732323,rps,tier=cloud,268.7684240733251
1783732333,rps,tier=cloud,287.5432826713123
1783732343,rps,tier=cloud,316.27605919175403
1783732353,rps,tier=cloud,393.92723742059894
1783732363,rps,tier=cloud,556.3253918210903
1783732373,rps,tier=cloud,758.1846549603536
1783732383,rps,tier=cloud,963.2300670148711
1783732393,rps,tier=cloud,1161.4083216904355
1783732403,rps,tier=cloud,1302.9167865595523
1783732413,rps,tier=cloud,1415.7637029373009
1783732423,rps,tier=cloud,1429.3835052313802
1783732433,rps,tier=cloud,1431.166433503061
1783732443,rps,tier=cloud,1426.2176536399957
1783732453,rps,tier=cloud,1426.4647085105732
1783732463,rps,tier=cloud,1408.5792200263384
1783732473,rps,tier=cloud,1413.887879579911
1783732483,rps,tier=cloud,1423.2992929133732
1783732493,rps,tier=cloud,1419.3341608976261
1783732503,rps,tier=cloud,1359.0169566172726
1783732513,rps,tier=cloud,1237.758352628128
1783732523,rps,tier=cloud,1044.6224840018076
1783732533,rps,tier=cloud,823.5749210652322
1783732543,rps,tier=cloud,618.1316228787721
1783732553,rps,tier=cloud,468.2189280249662
1783732563,rps,tier=cloud,382.3352934117365
1783732573,rps,tier=cloud,358.0378989306021
1783732583,rps,tier=cloud,357.87431471572813
1783732593,rps,tier=cloud,357.4152479718187
1783732603,rps,tier=cloud,355.8194402900624
1783732613,rps,tier=cloud,354.8741949677987
1783732623,rps,tier=cloud,356.0952059700666
1783732633,rps,tier=cloud,356.42138528311705
1783732643,rps,tier=cloud,356.55521557024264
1783732653,rps,tier=cloud,356.11520106543
1783732663,rps,tier=cloud,355.3029575468119
1783732673,rps,tier=cloud,356.4142439118159
1783732683,rps,tier=cloud,358.493401422865
1783732693,rps,tier=cloud,358.4222310681339
1783732703,rps,tier=cloud,358.1343334789796
1783732713,rps,tier=cloud,341.9692236162275
1783732723,rps,tier=cloud,299.2354876305979
1783732733,rps,tier=cloud,234.61022812856572
1783732743,rps,tier=cloud,163.606426711681
1783732753,rps,tier=cloud,93.58639764784805
1783732763,rps,tier=cloud,39.16209811582255
1783732773,rps,tier=cloud,8.260352415416696
1783732783,rps,tier=cloud,0.0
1783732793,rps,tier=cloud,0.0
1783732803,rps,tier=cloud,0.0
1783732163,lat50_ms,tier=cloud,1.7111112121258036
1783732173,lat50_ms,tier=cloud,1.7672814347816215
1783732183,lat50_ms,tier=cloud,2.1967213114754096
1783732193,lat50_ms,tier=cloud,2.43848913393882
1783732203,lat50_ms,tier=cloud,2.4975841763037336
1783732213,lat50_ms,tier=cloud,2.5974304068522485
1783732223,lat50_ms,tier=cloud,2.7170696416757125
1783732233,lat50_ms,tier=cloud,3.1556574903203183
1783732243,lat50_ms,tier=cloud,3.294160750727805
1783732253,lat50_ms,tier=cloud,3.6057492195629552
1783732263,lat50_ms,tier=cloud,4.02582850095527
1783732273,lat50_ms,tier=cloud,4.452521206409049
1783732283,lat50_ms,tier=cloud,4.834847501622323
1783732293,lat50_ms,tier=cloud,5.747302392192994
1783732303,lat50_ms,tier=cloud,6.680706138657181
1783732313,lat50_ms,tier=cloud,7.196157161785385
1783732323,lat50_ms,tier=cloud,7.52434464875198
1783732333,lat50_ms,tier=cloud,7.759726023523261
1783732343,lat50_ms,tier=cloud,7.718593526201544
1783732353,lat50_ms,tier=cloud,9.415840084877543
1783732363,lat50_ms,tier=cloud,11.514336502939372
1783732373,lat50_ms,tier=cloud,14.23348928884119
1783732383,lat50_ms,tier=cloud,17.154213824650625
1783732393,lat50_ms,tier=cloud,19.381027996321347
1783732403,lat50_ms,tier=cloud,22.787249563546375
1783732413,lat50_ms,tier=cloud,24.35368260495102
1783732423,lat50_ms,tier=cloud,26.479662635964385
1783732433,lat50_ms,tier=cloud,28.414545252882313
1783732443,lat50_ms,tier=cloud,29.933617649997323
1783732453,lat50_ms,tier=cloud,31.046551763830195
1783732463,lat50_ms,tier=cloud,31.939181336148163
1783732473,lat50_ms,tier=cloud,31.89149056467964
1783732483,lat50_ms,tier=cloud,31.768468934867894
1783732493,lat50_ms,tier=cloud,31.46149698036778
1783732503,lat50_ms,tier=cloud,31.195543423268703
1783732513,lat50_ms,tier=cloud,30.354278315484944
1783732523,lat50_ms,tier=cloud,29.98493072577954
1783732533,lat50_ms,tier=cloud,28.85259082322414
1783732543,lat50_ms,tier=cloud,27.19308267577358
1783732553,lat50_ms,tier=cloud,24.92900654541796
1783732563,lat50_ms,tier=cloud,22.08760524282073
1783732573,lat50_ms,tier=cloud,19.24904974074264
1783732583,lat50_ms,tier=cloud,17.294369231135747
1783732593,lat50_ms,tier=cloud,15.056667009043757
1783732603,lat50_ms,tier=cloud,12.742006341317184
1783732613,lat50_ms,tier=cloud,10.966789684240707
1783732623,lat50_ms,tier=cloud,9.157404953660748
1783732633,lat50_ms,tier=cloud,8.596910706326101
1783732643,lat50_ms,tier=cloud,8.497016205974726
1783732653,lat50_ms,tier=cloud,8.681148158410947
1783732663,lat50_ms,tier=cloud,9.012949472637484
1783732673,lat50_ms,tier=cloud,8.418610233892366
1783732683,lat50_ms,tier=cloud,7.905324642983918
1783732693,lat50_ms,tier=cloud,7.840979046116522
1783732703,lat50_ms,tier=cloud,7.7423496291313345
1783732713,lat50_ms,tier=cloud,7.604201140653802
1783732723,lat50_ms,tier=cloud,7.226369910266993
1783732733,lat50_ms,tier=cloud,7.142610614196324
1783732743,lat50_ms,tier=cloud,6.921123146579982
1783732753,lat50_ms,tier=cloud,6.700083178761159
1783732763,lat50_ms,tier=cloud,6.457400420114562
1783732773,lat50_ms,tier=cloud,6.03018789903495
1783732783,lat50_ms,tier=cloud,6.313606564751351
1783732793,lat50_ms,tier=cloud,6.823908359272426
1783732803,lat50_ms,tier=cloud,5.972859987343986
1783732163,lat95_ms,tier=cloud,4.49473701209528
1783732173,lat95_ms,tier=cloud,4.56939689690278
1783732183,lat95_ms,tier=cloud,4.72599531615925
1783732193,lat95_ms,tier=cloud,4.852374326742894
1783732203,lat95_ms,tier=cloud,5.575755803818595
1783732213,lat95_ms,tier=cloud,5.917073170731706
1783732223,lat95_ms,tier=cloud,7.790444814942641
1783732233,lat95_ms,tier=cloud,9.949719024872486
1783732243,lat95_ms,tier=cloud,9.748459469820856
1783732253,lat95_ms,tier=cloud,14.672196796338657
1783732263,lat95_ms,tier=cloud,17.299301935848977
1783732273,lat95_ms,tier=cloud,18.068068535825542
1783732283,lat95_ms,tier=cloud,18.460293432696783
1783732293,lat95_ms,tier=cloud,18.81533609151763
1783732303,lat95_ms,tier=cloud,19.0228315744701
1783732313,lat95_ms,tier=cloud,19.09035622511742
1783732323,lat95_ms,tier=cloud,19.099995798051424
1783732333,lat95_ms,tier=cloud,19.130363143298556
1783732343,lat95_ms,tier=cloud,19.499379772309283
1783732353,lat95_ms,tier=cloud,37.38857461499721
1783732363,lat95_ms,tier=cloud,48.16665758457961
1783732373,lat95_ms,tier=cloud,62.535000010376585
1783732383,lat95_ms,tier=cloud,67.31527531741622
1783732393,lat95_ms,tier=cloud,68.80360019442112
1783732403,lat95_ms,tier=cloud,69.6877049782016
1783732413,lat95_ms,tier=cloud,69.68200552363784
1783732423,lat95_ms,tier=cloud,70.2344758071289
1783732433,lat95_ms,tier=cloud,70.43225767964594
1783732443,lat95_ms,tier=cloud,70.64214508197155
1783732453,lat95_ms,tier=cloud,70.90919460707488
1783732463,lat95_ms,tier=cloud,71.32683033240268
1783732473,lat95_ms,tier=cloud,71.33181808265479
1783732483,lat95_ms,tier=cloud,71.13539277233657
1783732493,lat95_ms,tier=cloud,70.94117692591064
1783732503,lat95_ms,tier=cloud,70.76854021729447
1783732513,lat95_ms,tier=cloud,70.35921784168707
1783732523,lat95_ms,tier=cloud,70.32382676759626
1783732533,lat95_ms,tier=cloud,69.89455725688593
1783732543,lat95_ms,tier=cloud,69.59831220803902
1783732553,lat95_ms,tier=cloud,69.09423667009139
1783732563,lat95_ms,tier=cloud,68.23512931895772
1783732573,lat95_ms,tier=cloud,66.37870052850907
1783732583,lat95_ms,tier=cloud,65.13574525875322
1783732593,lat95_ms,tier=cloud,63.11103934021711
1783732603,lat95_ms,tier=cloud,51.20810026708534
1783732613,lat95_ms,tier=cloud,41.36908177200893
1783732623,lat95_ms,tier=cloud,30.818837539083813
1783732633,lat95_ms,tier=cloud,25.543179567943298
1783732643,lat95_ms,tier=cloud,25.334762862663062
1783732653,lat95_ms,tier=cloud,27.447071357394506
1783732663,lat95_ms,tier=cloud,30.093017782092037
1783732673,lat95_ms,tier=cloud,29.063036105679384
1783732683,lat95_ms,tier=cloud,28.857316226544825
1783732693,lat95_ms,tier=cloud,28.729391054006875
1783732703,lat95_ms,tier=cloud,27.475333623030576
1783732713,lat95_ms,tier=cloud,25.574725163058282
1783732723,lat95_ms,tier=cloud,24.670425676573267
1783732733,lat95_ms,tier=cloud,24.648169144006353
1783732743,lat95_ms,tier=cloud,24.538659057802015
1783732753,lat95_ms,tier=cloud,23.037241383694802
1783732763,lat95_ms,tier=cloud,19.921273977878457
1783732773,lat95_ms,tier=cloud,19.435179029119336
1783732783,lat95_ms,tier=cloud,19.69093287909685
1783732793,lat95_ms,tier=cloud,19.661611519670156
1783732803,lat95_ms,tier=cloud,19.325798762197362
1783732163,lat99_ms,tier=cloud,4.898947402419055
1783732173,lat99_ms,tier=cloud,4.913879379380556
1783732183,lat99_ms,tier=cloud,4.950819672131146
1783732193,lat99_ms,tier=cloud,7.775741995986575
1783732203,lat99_ms,tier=cloud,9.115151160763721
1783732213,lat99_ms,tier=cloud,9.241951219512199
1783732223,lat99_ms,tier=cloud,9.890672587709881
1783732233,lat99_ms,tier=cloud,17.926870181466917
1783732243,lat99_ms,tier=cloud,17.4663392617338
1783732253,lat99_ms,tier=cloud,19.044279176201375
1783732263,lat99_ms,tier=cloud,19.595996315171657
1783732273,lat99_ms,tier=cloud,19.75317757009346
1783732283,lat99_ms,tier=cloud,19.908174196553325
1783732293,lat99_ms,tier=cloud,23.85010462527576
1783732303,lat99_ms,tier=cloud,29.2805404069828
1783732313,lat99_ms,tier=cloud,30.74773011999389
1783732323,lat99_ms,tier=cloud,29.927434340797472
1783732333,lat99_ms,tier=cloud,30.214544154491296
1783732343,lat99_ms,tier=cloud,40.1466420435728
1783732353,lat99_ms,tier=cloud,48.47742923189265
1783732363,lat99_ms,tier=cloud,68.45373650432862
1783732373,lat99_ms,tier=cloud,73.04265643160142
1783732383,lat99_ms,tier=cloud,74.61531819143005
1783732393,lat99_ms,tier=cloud,75.94826460168555
1783732403,lat99_ms,tier=cloud,78.59543607405506
1783732413,lat99_ms,tier=cloud,79.07049100906893
1783732423,lat99_ms,tier=cloud,81.47581600472412
1783732433,lat99_ms,tier=cloud,82.0289347107789
1783732443,lat99_ms,tier=cloud,82.2348289126536
1783732453,lat99_ms,tier=cloud,83.31905221287307
1783732463,lat99_ms,tier=cloud,85.05397674625615
1783732473,lat99_ms,tier=cloud,85.32627598216267
1783732483,lat99_ms,tier=cloud,84.89879093384586
1783732493,lat99_ms,tier=cloud,83.60986533837989
1783732503,lat99_ms,tier=cloud,82.2681110347186
1783732513,lat99_ms,tier=cloud,80.94971353925179
1783732523,lat99_ms,tier=cloud,80.57592968037793
1783732533,lat99_ms,tier=cloud,78.33052060487438
1783732543,lat99_ms,tier=cloud,77.013561882029
1783732553,lat99_ms,tier=cloud,75.78520479802647
1783732563,lat99_ms,tier=cloud,74.77297220429807
1783732573,lat99_ms,tier=cloud,74.0972081271982
1783732583,lat99_ms,tier=cloud,73.73718047144389
1783732593,lat99_ms,tier=cloud,73.37630598183439
1783732603,lat99_ms,tier=cloud,70.67316743576028
1783732613,lat99_ms,tier=cloud,49.459180283560876
1783732623,lat99_ms,tier=cloud,46.16376750781677
1783732633,lat99_ms,tier=cloud,45.1086359135887
1783732643,lat99_ms,tier=cloud,45.06695257253265
1783732653,lat99_ms,tier=cloud,45.48941427147893
1783732663,lat99_ms,tier=cloud,46.01860355641843
1783732673,lat99_ms,tier=cloud,45.81260722113588
1783732683,lat99_ms,tier=cloud,45.77146324530895
1783732693,lat99_ms,tier=cloud,45.74587821080139
1783732703,lat99_ms,tier=cloud,45.49506672460613
1783732713,lat99_ms,tier=cloud,45.11494503261162
1783732723,lat99_ms,tier=cloud,44.93408513531469
1783732733,lat99_ms,tier=cloud,44.929633828801286
1783732743,lat99_ms,tier=cloud,44.90773181156041
1783732753,lat99_ms,tier=cloud,44.60744827673896
1783732763,lat99_ms,tier=cloud,43.69720873389417
1783732773,lat99_ms,tier=cloud,40.96870572897509
1783732783,lat99_ms,tier=cloud,42.5233793184812
1783732793,lat99_ms,tier=cloud,42.16230118006648
1783732803,lat99_ms,tier=cloud,39.409031050613756
1783732153,inflight,tier=cloud,0.0
1783732163,inflight,tier=cloud,0.0
1783732173,inflight,tier=cloud,0.0
1783732183,inflight,tier=cloud,0.0
1783732193,inflight,tier=cloud,0.0
1783732203,inflight,tier=cloud,0.0
1783732213,inflight,tier=cloud,0.0
1783732223,inflight,tier=cloud,0.0
1783732233,inflight,tier=cloud,0.0
1783732243,inflight,tier=cloud,0.0
1783732253,inflight,tier=cloud,0.0
1783732263,inflight,tier=cloud,0.0
1783732273,inflight,tier=cloud,0.0
1783732283,inflight,tier=cloud,0.0
1783732293,inflight,tier=cloud,3.0
1783732303,inflight,tier=cloud,0.0
1783732313,inflight,tier=cloud,0.0
1783732323,inflight,tier=cloud,0.0
1783732333,inflight,tier=cloud,0.0
1783732343,inflight,tier=cloud,5.0
1783732353,inflight,tier=cloud,8.0
1783732363,inflight,tier=cloud,0.0
1783732373,inflight,tier=cloud,14.0
1783732383,inflight,tier=cloud,15.0
1783732393,inflight,tier=cloud,20.0
1783732403,inflight,tier=cloud,13.0
1783732413,inflight,tier=cloud,10.0
1783732423,inflight,tier=cloud,38.0
1783732433,inflight,tier=cloud,53.0
1783732443,inflight,tier=cloud,0.0
1783732453,inflight,tier=cloud,25.0
1783732463,inflight,tier=cloud,0.0
1783732473,inflight,tier=cloud,0.0
1783732483,inflight,tier=cloud,6.0
1783732493,inflight,tier=cloud,11.0
1783732503,inflight,tier=cloud,2.0
1783732513,inflight,tier=cloud,0.0
1783732523,inflight,tier=cloud,0.0
1783732533,inflight,tier=cloud,0.0
1783732543,inflight,tier=cloud,0.0
1783732553,inflight,tier=cloud,0.0
1783732563,inflight,tier=cloud,5.0
1783732573,inflight,tier=cloud,1.0
1783732583,inflight,tier=cloud,0.0
1783732593,inflight,tier=cloud,5.0
1783732603,inflight,tier=cloud,0.0
1783732613,inflight,tier=cloud,0.0
1783732623,inflight,tier=cloud,0.0
1783732633,inflight,tier=cloud,0.0
1783732643,inflight,tier=cloud,0.0
1783732653,inflight,tier=cloud,0.0
1783732663,inflight,tier=cloud,0.0
1783732673,inflight,tier=cloud,0.0
1783732683,inflight,tier=cloud,0.0
1783732693,inflight,tier=cloud,0.0
1783732703,inflight,tier=cloud,0.0
1783732713,inflight,tier=cloud,3.0
1783732723,inflight,tier=cloud,0.0
1783732733,inflight,tier=cloud,0.0
1783732743,inflight,tier=cloud,0.0
1783732753,inflight,tier=cloud,0.0
1783732763,inflight,tier=cloud,0.0
1783732773,inflight,tier=cloud,0.0
1783732783,inflight,tier=cloud,0.0
1783732793,inflight,tier=cloud,0.0
1783732803,inflight,tier=cloud,0.0
1783732153,inflight,tier=edge,0.0
1783732163,inflight,tier=edge,0.0
1783732173,inflight,tier=edge,0.0
1783732183,inflight,tier=edge,0.0
1783732193,inflight,tier=edge,0.0
1783732203,inflight,tier=edge,0.0
1783732213,inflight,tier=edge,0.0
1783732223,inflight,tier=edge,0.0
1783732233,inflight,tier=edge,0.0
1783732243,inflight,tier=edge,0.0
1783732253,inflight,tier=edge,0.0
1783732263,inflight,tier=edge,0.0
1783732273,inflight,tier=edge,0.0
1783732283,inflight,tier=edge,0.0
1783732293,inflight,tier=edge,0.0
1783732303,inflight,tier=edge,0.0
1783732313,inflight,tier=edge,0.0
1783732323,inflight,tier=edge,0.0
1783732333,inflight,tier=edge,0.0
1783732343,inflight,tier=edge,0.0
1783732353,inflight,tier=edge,0.0
1783732363,inflight,tier=edge,0.0
1783732373,inflight,tier=edge,0.0
1783732383,inflight,tier=edge,0.0
1783732393,inflight,tier=edge,0.0
1783732403,inflight,tier=edge,0.0
1783732413,inflight,tier=edge,0.0
1783732423,inflight,tier=edge,0.0
1783732433,inflight,tier=edge,0.0
1783732443,inflight,tier=edge,0.0
1783732453,inflight,tier=edge,0.0
1783732463,inflight,tier=edge,0.0
1783732473,inflight,tier=edge,0.0
1783732483,inflight,tier=edge,0.0
1783732493,inflight,tier=edge,0.0
1783732503,inflight,tier=edge,0.0
1783732513,inflight,tier=edge,0.0
1783732523,inflight,tier=edge,0.0
1783732533,inflight,tier=edge,0.0
1783732543,inflight,tier=edge,0.0
1783732553,inflight,tier=edge,0.0
1783732563,inflight,tier=edge,0.0
1783732573,inflight,tier=edge,0.0
1783732583,inflight,tier=edge,0.0
1783732593,inflight,tier=edge,0.0
1783732603,inflight,tier=edge,0.0
1783732613,inflight,tier=edge,0.0
1783732623,inflight,tier=edge,0.0
1783732633,inflight,tier=edge,0.0
1783732643,inflight,tier=edge,0.0
1783732653,inflight,tier=edge,0.0
1783732663,inflight,tier=edge,0.0
1783732673,inflight,tier=edge,0.0
1783732683,inflight,tier=edge,0.0
1783732693,inflight,tier=edge,0.0
1783732703,inflight,tier=edge,0.0
1783732713,inflight,tier=edge,0.0
1783732723,inflight,tier=edge,0.0
1783732733,inflight,tier=edge,0.0
1783732743,inflight,tier=edge,0.0
1783732753,inflight,tier=edge,0.0
1783732763,inflight,tier=edge,0.0
1783732773,inflight,tier=edge,0.0
1783732783,inflight,tier=edge,0.0
1783732793,inflight,tier=edge,0.0
1783732803,inflight,tier=edge,0.0
