ts,metric,labels,value
1783730079,replicas_status,deployment=workload-cloud,1.0
1783730089,replicas_status,deployment=workload-cloud,1.0
1783730099,replicas_status,deployment=workload-cloud,1.0
1783730109,replicas_status,deployment=workload-cloud,1.0
1783730119,replicas_status,deployment=workload-cloud,1.0
1783730129,replicas_status,deployment=workload-cloud,1.0
1783730139,replicas_status,deployment=workload-cloud,1.0
1783730149,replicas_status,deployment=workload-cloud,1.0
1783730159,replicas_status,deployment=workload-cloud,1.0
1783730169,replicas_status,deployment=workload-cloud,1.0
1783730179,replicas_status,deployment=workload-cloud,1.0
1783730189,replicas_status,deployment=workload-cloud,2.0
1783730199,replicas_status,deployment=workload-cloud,2.0
1783730209,replicas_status,deployment=workload-cloud,2.0
1783730219,replicas_status,deployment=workload-cloud,2.0
1783730229,replicas_status,deployment=workload-cloud,2.0
1783730239,replicas_status,deployment=workload-cloud,2.0
1783730249,replicas_status,deployment=workload-cloud,3.0
1783730259,replicas_status,deployment=workload-cloud,3.0
1783730269,replicas_status,deployment=workload-cloud,3.0
1783730279,replicas_status,deployment=workload-cloud,3.0
1783730289,replicas_status,deployment=workload-cloud,3.0
1783730299,replicas_status,deployment=workload-cloud,3.0
1783730309,replicas_status,deployment=workload-cloud,5.0
1783730319,replicas_status,deployment=workload-cloud,5.0
1783730329,replicas_status,deployment=workload-cloud,5.0
1783730339,replicas_status,deployment=workload-cloud,5.0
1783730349,replicas_status,deployment=workload-cloud,5.0
1783730359,replicas_status,deployment=workload-cloud,5.0
1783730369,replicas_status,deployment=workload-cloud,6.0
1783730379,replicas_status,deployment=workload-cloud,6.0
1783730389,replicas_status,deployment=workload-cloud,6.0
1783730399,replicas_status,deployment=workload-cloud,6.0
1783730409,replicas_status,deployment=workload-cloud,6.0
1783730419,replicas_status,deployment=workload-cloud,6.0
1783730429,replicas_status,deployment=workload-cloud,6.0
1783730439,replicas_status,deployment=workload-cloud,6.0
1783730449,replicas_status,deployment=workload-cloud,6.0
1783730459,replicas_status,deployment=workload-cloud,6.0
1783730469,replicas_status,deployment=workload-cloud,6.0
1783730479,replicas_status,deployment=workload-cloud,6.0
1783730489,replicas_status,deployment=workload-cloud,6.0
1783730499,replicas_status,deployment=workload-cloud,6.0
1783730509,replicas_status,deployment=workload-cloud,6.0
1783730519,replicas_status,deployment=workload-cloud,6.0
1783730529,replicas_status,deployment=workload-cloud,6.0
1783730539,replicas_status,deployment=workload-cloud,6.0
1783730549,replicas_status,deployment=workload-cloud,6.0
1783730559,replicas_status,deployment=workload-cloud,6.0
1783730569,replicas_status,deployment=workload-cloud,6.0
1783730579,replicas_status,deployment=workload-cloud,6.0
1783730589,replicas_status,deployment=workload-cloud,6.0
1783730599,replicas_status,deployment=workload-cloud,6.0
1783730609,replicas_status,deployment=workload-cloud,6.0
1783730619,replicas_status,deployment=workload-cloud,6.0
1783730629,replicas_status,deployment=workload-cloud,6.0
1783730639,replicas_status,deployment=workload-cloud,6.0
1783730649,replicas_status,deployment=workload-cloud,6.0
1783730659,replicas_status,deployment=workload-cloud,5.0
1783730669,replicas_status,deployment=workload-cloud,5.0
1783730679,replicas_status,deployment=workload-cloud,5.0
1783730689,replicas_status,deployment=workload-cloud,5.0
1783730699,replicas_status,deployment=workload-cloud,5.0
1783730709,replicas_status,deployment=workload-cloud,5.0
1783730719,replicas_status,deployment=workload-cloud,4.0
1783730729,replicas_status,deployment=workload-cloud,4.0
1783730079,replicas_status,deployment=workload-edge,1.0
1783730089,replicas_status,deployment=workload-edge,1.0
1783730099,replicas_status,deployment=workload-edge,1.0
1783730109,replicas_status,deployment=workload-edge,1.0
1783730119,replicas_status,deployment=workload-edge,1.0
1783730129,replicas_status,deployment=workload-edge,1.0
1783730139,replicas_status,deployment=workload-edge,1.0
1783730149,replicas_status,deployment=workload-edge,1.0
1783730159,replicas_status,deployment=workload-edge,1.0
1783730169,replicas_status,deployment=workload-edge,1.0
1783730179,replicas_status,deployment=workload-edge,1.0
1783730189,replicas_status,deployment=workload-edge,1.0
1783730199,replicas_status,deployment=workload-edge,1.0
1783730209,replicas_status,deployment=workload-edge,1.0
1783730219,replicas_status,deployment=workload-edge,1.0
1783730229,replicas_status,deployment=workload-edge,1.0
1783730239,replicas_status,deployment=workload-edge,1.0
1783730249,replicas_status,deployment=workload-edge,1.0
1783730259,replicas_status,deployment=workload-edge,1.0
1783730269,replicas_status,deployment=workload-edge,1.0
1783730279,replicas_status,deployment=workload-edge,1.0
1783730289,replicas_status,deployment=workload-edge,1.0
1783730299,replicas_status,deployment=workload-edge,1.0
1783730309,replicas_status,deployment=workload-edge,1.0
1783730319,replicas_status,deployment=workload-edge,1.0
1783730329,replicas_status,deployment=workload-edge,1.0
1783730339,replicas_status,deployment=workload-edge,1.0
1783730349,replicas_status,deployment=workload-edge,1.0
1783730359,replicas_status,deployment=workload-edge,1.0
1783730369,replicas_status,deployment=workload-edge,1.0
1783730379,replicas_status,deployment=workload-edge,1.0
1783730389,replicas_status,deployment=workload-edge,1.0
1783730399,replicas_status,deployment=workload-edge,1.0
1783730409,replicas_status,deployment=workload-edge,1.0
1783730419,replicas_status,deployment=workload-edge,1.0
1783730429,replicas_status,deployment=workload-edge,1.0
1783730439,replicas_status,deployment=workload-edge,1.0
1783730449,replicas_status,deployment=workload-edge,1.0
1783730459,replicas_status,deployment=workload-edge,1.0
1783730469,replicas_status,deployment=workload-edge,1.0
1783730479,replicas_status,deployment=workload-edge,1.0
1783730489,replicas_status,deployment=workload-edge,1.0
1783730499,replicas_status,deployment=workload-edge,1.0
1783730509,replicas_status,deployment=workload-edge,1.0
1783730519,replicas_status,deployment=workload-edge,1.0
1783730529,replicas_status,deployment=workload-edge,1.0
1783730539,replicas_status,deployment=workload-edge,1.0
1783730549,replicas_status,deployment=workload-edge,1.0
1783730559,replicas_status,deployment=workload-edge,1.0
1783730569,replicas_status,deployment=workload-edge,1.0
1783730579,replicas_status,deployment=workload-edge,1.0
1783730589,replicas_status,deployment=workload-edge,1.0
1783730599,replicas_status,deployment=workload-edge,1.0
1783730609,replicas_status,deployment=workload-edge,1.0
1783730619,replicas_status,deployment=workload-edge,1.0
1783730629,replicas_status,deployment=workload-edge,1.0
1783730639,replicas_status,deployment=workload-edge,1.0
1783730649,replicas_status,deployment=workload-edge,1.0
1783730659,replicas_status,deployment=workload-edge,1.0
1783730669,replicas_status,deployment=workload-edge,1.0
1783730679,replicas_status,deployment=workload-edge,1.0
1783730689,replicas_status,deployment=workload-edge,1.0
1783730699,replicas_status,deployment=workload-edge,1.0
1783730709,replicas_status,deployment=workload-edge,1.0
1783730719,replicas_status,deployment=workload-edge,1.0
1783730729,replicas_status,deployment=workload-edge,1.0
1783730079,replicas_spec,deployment=workload-cloud,1.0
1783730089,replicas_spec,deployment=workload-cloud,1.0
1783730099,replicas_spec,deployment=workload-cloud,1.0
1783730109,replicas_spec,deployment=workload-cloud,1.0
1783730119,replicas_spec,deployment=workload-cloud,1.0
1783730129,replicas_spec,deployment=workload-cloud,1.0
1783730139,replicas_spec,deployment=workload-cloud,1.0
1783730149,replicas_spec,deployment=workload-cloud,1.0
1783730159,replicas_spec,deployment=workload-cloud,1.0
1783730169,replicas_spec,deployment=workload-cloud,1.0
1783730179,replicas_spec,deployment=workload-cloud,1.0
1783730189,replicas_spec,deployment=workload-cloud,2.0
1783730199,replicas_spec,deployment=workload-cloud,2.0
1783730209,replicas_spec,deployment=workload-cloud,2.0
1783730219,replicas_spec,deployment=workload-cloud,2.0
1783730229,replicas_spec,deployment=workload-cloud,2.0
1783730239,replicas_spec,deployment=workload-cloud,2.0
1783730249,replicas_spec,deployment=workload-cloud,3.0
1783730259,replicas_spec,deployment=workload-cloud,3.0
1783730269,replicas_spec,deployment=workload-cloud,3.0
1783730279,replicas_spec,deployment=workload-cloud,3.0
1783730289,replicas_spec,deployment=workload-cloud,3.0
1783730299,replicas_spec,deployment=workload-cloud,3.0
1783730309,replicas_spec,deployment=workload-cloud,5.0
1783730319,replicas_spec,deployment=workload-cloud,5.0
1783730329,replicas_spec,deployment=workload-cloud,5.0
1783730339,replicas_spec,deployment=workload-cloud,5.0
1783730349,replicas_spec,deployment=workload-cloud,5.0
1783730359,replicas_spec,deployment=workload-cloud,5.0
1783730369,replicas_spec,deployment=workload-cloud,6.0
1783730379,replicas_spec,deployment=workload-cloud,6.0
1783730389,replicas_spec,deployment=workload-cloud,6.0
1783730399,replicas_spec,deployment=workload-cloud,6.0
1783730409,replicas_spec,deployment=workload-cloud,6.0
1783730419,replicas_spec,deployment=workload-cloud,6.0
1783730429,replicas_spec,deployment=workload-cloud,6.0
1783730439,replicas_spec,deployment=workload-cloud,6.0
1783730449,replicas_spec,deployment=workload-cloud,6.0
1783730459,replicas_spec,deployment=workload-cloud,6.0
1783730469,replicas_spec,deployment=workload-cloud,6.0
1783730479,replicas_spec,deployment=workload-cloud,6.0
1783730489,replicas_spec,deployment=workload-cloud,6.0
1783730499,replicas_spec,deployment=workload-cloud,6.0
1783730509,replicas_spec,deployment=workload-cloud,6.0
1783730519,replicas_spec,deployment=workload-cloud,6.0
1783730529,replicas_spec,deployment=workload-cloud,6.0
1783730539,replicas_spec,deployment=workload-cloud,6.0
1783730549,replicas_spec,deployment=workload-cloud,6.0
1783730559,replicas_spec,deployment=workload-cloud,6.0
1783730569,replicas_spec,deployment=workload-cloud,6.0
1783730579,replicas_spec,deployment=workload-cloud,6.0
1783730589,replicas_spec,deployment=workload-cloud,6.0
1783730599,replicas_spec,deployment=workload-cloud,6.0
1783730609,replicas_spec,deployment=workload-cloud,6.0
1783730619,replicas_spec,deployment=workload-cloud,6.0
1783730629,replicas_spec,deployment=workload-cloud,6.0
1783730639,replicas_spec,deployment=workload-cloud,6.0
1783730649,replicas_spec,deployment=workload-cloud,6.0
1783730659,replicas_spec,deployment=workload-cloud,5.0
1783730669,replicas_spec,deployment=workload-cloud,5.0
1783730679,replicas_spec,deployment=workload-cloud,5.0
1783730689,replicas_spec,deployment=workload-cloud,5.0
1783730699,replicas_spec,deployment=workload-cloud,5.0
1783730709,replicas_spec,deployment=workload-cloud,5.0
1783730719,replicas_spec,deployment=workload-cloud,4.0
1783730729,replicas_spec,deployment=workload-cloud,4.0
1783730079,replicas_spec,deployment=workload-edge,1.0
1783730089,replicas_spec,deployment=workload-edge,1.0
1783730099,replicas_spec,deployment=workload-edge,1.0
1783730109,replicas_spec,deployment=workload-edge,1.0
1783730119,replicas_spec,deployment=workload-edge,1.0
1783730129,replicas_spec,deployment=workload-edge,1.0
1783730139,replicas_spec,deployment=workload-edge,1.0
1783730149,replicas_spec,deployment=workload-edge,1.0
1783730159,replicas_spec,deployment=workload-edge,1.0
1783730169,replicas_spec,deployment=workload-edge,1.0
1783730179,replicas_spec,deployment=workload-edge,1.0
1783730189,replicas_spec,deployment=workload-edge,1.0
1783730199,replicas_spec,deployment=workload-edge,1.0
1783730209,replicas_spec,deployment=workload-edge,1.0
1783730219,replicas_spec,deployment=workload-edge,1.0
1783730229,replicas_spec,deployment=workload-edge,1.0
1783730239,replicas_spec,deployment=workload-edge,1.0
1783730249,replicas_spec,deployment=workload-edge,1.0
1783730259,replicas_spec,deployment=workload-edge,1.0
1783730269,replicas_spec,deployment=workload-edge,1.0
1783730279,replicas_spec,deployment=workload-edge,1.0
1783730289,replicas_spec,deployment=workload-edge,1.0
1783730299,replicas_spec,deployment=workload-edge,1.0
1783730309,replicas_spec,deployment=workload-edge,1.0
1783730319,replicas_spec,deployment=workload-edge,1.0
1783730329,replicas_spec,deployment=workload-edge,1.0
1783730339,replicas_spec,deployment=workload-edge,1.0
1783730349,replicas_spec,deployment=workload-edge,1.0
1783730359,replicas_spec,deployment=workload-edge,1.0
1783730369,replicas_spec,deployment=workload-edge,1.0
1783730379,replicas_spec,deployment=workload-edge,1.0
1783730389,replicas_spec,deployment=workload-edge,1.0
1783730399,replicas_spec,deployment=workload-edge,1.0
1783730409,replicas_spec,deployment=workload-edge,1.0
1783730419,replicas_spec,deployment=workload-edge,1.0
1783730429,replicas_spec,deployment=workload-edge,1.0
1783730439,replicas_spec,deployment=workload-edge,1.0
1783730449,replicas_spec,deployment=workload-edge,1.0
1783730459,replicas_spec,deployment=workload-edge,1.0
1783730469,replicas_spec,deployment=workload-edge,1.0
1783730479,replicas_spec,deployment=workload-edge,1.0
1783730489,replicas_spec,deployment=workload-edge,1.0
1783730499,replicas_spec,deployment=workload-edge,1.0
1783730509,replicas_spec,deployment=workload-edge,1.0
1783730519,replicas_spec,deployment=workload-edge,1.0
1783730529,replicas_spec,deployment=workload-edge,1.0
1783730539,replicas_spec,deployment=workload-edge,1.0
1783730549,replicas_spec,deployment=workload-edge,1.0
1783730559,replicas_spec,deployment=workload-edge,1.0
1783730569,replicas_spec,deployment=workload-edge,1.0
1783730579,replicas_spec,deployment=workload-edge,1.0
1783730589,replicas_spec,deployment=workload-edge,1.0
1783730599,replicas_spec,deployment=workload-edge,1.0
1783730609,replicas_spec,deployment=workload-edge,1.0
1783730619,replicas_spec,deployment=workload-edge,1.0
1783730629,replicas_spec,deployment=workload-edge,1.0
1783730639,replicas_spec,deployment=workload-edge,1.0
1783730649,replicas_spec,deployment=workload-edge,1.0
1783730659,replicas_spec,deployment=workload-edge,1.0
1783730669,replicas_spec,deployment=workload-edge,1.0
1783730679,replicas_spec,deployment=workload-edge,1.0
1783730689,replicas_spec,deployment=workload-edge,1.0
1783730699,replicas_spec,deployment=workload-edge,1.0
1783730709,replicas_spec,deployment=workload-edge,1.0
1783730719,replicas_spec,deployment=workload-edge,1.0
1783730729,replicas_spec,deployment=workload-edge,1.0
1783730319,cpu_cores,pod=workload-cloud-6f545f89ff-5d228,0.010505676609256004
1783730329,cpu_cores,pod=workload-cloud-6f545f89ff-5d228,0.009674879535019958
1783730339,cpu_cores,pod=workload-cloud-6f545f89ff-5d228,0.009990420833333334
1783730349,cpu_cores,pod=workload-cloud-6f545f89ff-5d228,0.010455908644471457
1783730359,cpu_cores,pod=workload-cloud-6f545f89ff-5d228,0.00927473668595164
1783730369,cpu_cores,pod=workload-cloud-6f545f89ff-5d228,0.0017889778978863052
1783730379,cpu_cores,pod=workload-cloud-6f545f89ff-5d228,0.001800038495777495
1783730389,cpu_cores,pod=workload-cloud-6f545f89ff-5d228,0.0017377537212449258
1783730399,cpu_cores,pod=workload-cloud-6f545f89ff-5d228,0.0017377537212449258
1783730409,cpu_cores,pod=workload-cloud-6f545f89ff-5d228,0.0018152351474507774
1783730419,cpu_cores,pod=workload-cloud-6f545f89ff-5d228,0.0017937934613388674
1783730429,cpu_cores,pod=workload-cloud-6f545f89ff-5d228,0.0015660165943923502
1783730439,cpu_cores,pod=workload-cloud-6f545f89ff-5d228,0.0015654999361053143
1783730449,cpu_cores,pod=workload-cloud-6f545f89ff-5d228,0.001782553903260545
1783730459,cpu_cores,pod=workload-cloud-6f545f89ff-5d228,0.0017704379562043793
1783730469,cpu_cores,pod=workload-cloud-6f545f89ff-5d228,0.0017932613832923236
1783730479,cpu_cores,pod=workload-cloud-6f545f89ff-5d228,0.0018447107978644837
1783730489,cpu_cores,pod=workload-cloud-6f545f89ff-5d228,0.0015287674298992387
1783730499,cpu_cores,pod=workload-cloud-6f545f89ff-5d228,0.0018477280391165076
1783730509,cpu_cores,pod=workload-cloud-6f545f89ff-5d228,0.0018094338902876319
1783730519,cpu_cores,pod=workload-cloud-6f545f89ff-5d228,0.0017401221314446635
1783730529,cpu_cores,pod=workload-cloud-6f545f89ff-5d228,0.001786228775514277
1783730539,cpu_cores,pod=workload-cloud-6f545f89ff-5d228,0.0017321665464193451
1783730549,cpu_cores,pod=workload-cloud-6f545f89ff-5d228,0.0017321665464193451
1783730559,cpu_cores,pod=workload-cloud-6f545f89ff-5d228,0.0018618274736194574
1783730569,cpu_cores,pod=workload-cloud-6f545f89ff-5d228,0.0018470462524805373
1783730579,cpu_cores,pod=workload-cloud-6f545f89ff-5d228,0.0018389694365235536
1783730589,cpu_cores,pod=workload-cloud-6f545f89ff-5d228,0.0018637556221889045
1783730599,cpu_cores,pod=workload-cloud-6f545f89ff-5d228,0.0017793890268472123
1783730609,cpu_cores,pod=workload-cloud-6f545f89ff-5d228,0.0017658055212911971
1783730619,cpu_cores,pod=workload-cloud-6f545f89ff-5d228,0.00174247238614011
1783730629,cpu_cores,pod=workload-cloud-6f545f89ff-5d228,0.0017295165066081733
1783730639,cpu_cores,pod=workload-cloud-6f545f89ff-5d228,0.001726312397873467
1783730649,cpu_cores,pod=workload-cloud-6f545f89ff-5d228,0.0018313337456194573
1783730659,cpu_cores,pod=workload-cloud-6f545f89ff-5d228,0.0018353574558657815
1783730669,cpu_cores,pod=workload-cloud-6f545f89ff-5d228,0.0016022221120985617
1783730679,cpu_cores,pod=workload-cloud-6f545f89ff-5d228,0.0018937489874794626
1783730689,cpu_cores,pod=workload-cloud-6f545f89ff-5d228,0.0018627934689440376
1783730699,cpu_cores,pod=workload-cloud-6f545f89ff-5d228,0.0018627934689440376
1783730709,cpu_cores,pod=workload-cloud-6f545f89ff-5d228,0.0019291537871086871
1783730719,cpu_cores,pod=workload-cloud-6f545f89ff-5d228,0.0019434603322104743
1783730729,cpu_cores,pod=workload-cloud-6f545f89ff-5d228,0.0016239603474840817
1783730319,cpu_cores,pod=workload-cloud-6f545f89ff-8fdtl,0.010839327944126075
1783730329,cpu_cores,pod=workload-cloud-6f545f89ff-8fdtl,0.009774625992377245
1783730339,cpu_cores,pod=workload-cloud-6f545f89ff-8fdtl,0.009423719418256433
1783730349,cpu_cores,pod=workload-cloud-6f545f89ff-8fdtl,0.009981966666666666
1783730359,cpu_cores,pod=workload-cloud-6f545f89ff-8fdtl,0.009870633919036986
1783730369,cpu_cores,pod=workload-cloud-6f545f89ff-8fdtl,0.001537089721445376
1783730379,cpu_cores,pod=workload-cloud-6f545f89ff-8fdtl,0.0018699656296818543
1783730389,cpu_cores,pod=workload-cloud-6f545f89ff-8fdtl,0.0018149592103484018
1783730399,cpu_cores,pod=workload-cloud-6f545f89ff-8fdtl,0.0018333333333333346
1783730409,cpu_cores,pod=workload-cloud-6f545f89ff-8fdtl,0.0018004400106209474
1783730419,cpu_cores,pod=workload-cloud-6f545f89ff-8fdtl,0.0015082355428775774
1783730429,cpu_cores,pod=workload-cloud-6f545f89ff-8fdtl,0.0018312336534430098
1783730439,cpu_cores,pod=workload-cloud-6f545f89ff-8fdtl,0.0018132574988150856
1783730449,cpu_cores,pod=workload-cloud-6f545f89ff-8fdtl,0.0017931877066964376
1783730459,cpu_cores,pod=workload-cloud-6f545f89ff-8fdtl,0.0018557282747112798
1783730469,cpu_cores,pod=workload-cloud-6f545f89ff-8fdtl,0.0018097710800777788
1783730479,cpu_cores,pod=workload-cloud-6f545f89ff-8fdtl,0.0018097710800777788
1783730489,cpu_cores,pod=workload-cloud-6f545f89ff-8fdtl,0.0018631798649478208
1783730499,cpu_cores,pod=workload-cloud-6f545f89ff-8fdtl,0.0018950112154191246
1783730509,cpu_cores,pod=workload-cloud-6f545f89ff-8fdtl,0.0018950112154191249
1783730519,cpu_cores,pod=workload-cloud-6f545f89ff-8fdtl,0.001908412523757128
1783730529,cpu_cores,pod=workload-cloud-6f545f89ff-8fdtl,0.0018977175463623396
1783730539,cpu_cores,pod=workload-cloud-6f545f89ff-8fdtl,0.0018977175463623396
1783730549,cpu_cores,pod=workload-cloud-6f545f89ff-8fdtl,0.001875946042204612
1783730559,cpu_cores,pod=workload-cloud-6f545f89ff-8fdtl,0.0016396041725493672
1783730569,cpu_cores,pod=workload-cloud-6f545f89ff-8fdtl,0.0019264467410508984
1783730579,cpu_cores,pod=workload-cloud-6f545f89ff-8fdtl,0.001873931021520534
1783730589,cpu_cores,pod=workload-cloud-6f545f89ff-8fdtl,0.0018155118617205685
1783730599,cpu_cores,pod=workload-cloud-6f545f89ff-8fdtl,0.0018355619106507968
1783730609,cpu_cores,pod=workload-cloud-6f545f89ff-8fdtl,0.0018309793226961907
1783730619,cpu_cores,pod=workload-cloud-6f545f89ff-8fdtl,0.0016285307051640704
1783730629,cpu_cores,pod=workload-cloud-6f545f89ff-8fdtl,0.001826872718616092
1783730639,cpu_cores,pod=workload-cloud-6f545f89ff-8fdtl,0.0018501151727591384
1783730649,cpu_cores,pod=workload-cloud-6f545f89ff-8fdtl,0.0015285367310047685
1783730659,cpu_cores,pod=workload-cloud-6f545f89ff-8fdtl,0.001852491494035056
1783730669,cpu_cores,pod=workload-cloud-6f545f89ff-8fdtl,0.001948194776065408
1783730679,cpu_cores,pod=workload-cloud-6f545f89ff-8fdtl,0.0016590664363408342
1783730689,cpu_cores,pod=workload-cloud-6f545f89ff-8fdtl,0.002039071443714228
1783730699,cpu_cores,pod=workload-cloud-6f545f89ff-8fdtl,0.0020618452252640675
1783730709,cpu_cores,pod=workload-cloud-6f545f89ff-8fdtl,0.0020618452252640675
1783730719,cpu_cores,pod=workload-cloud-6f545f89ff-8fdtl,0.0020250055100282534
1783730729,cpu_cores,pod=workload-cloud-6f545f89ff-8fdtl,0.002004465156605614
1783730079,cpu_cores,pod=workload-cloud-6f545f89ff-9hvzm,0.0021642074288905394
1783730089,cpu_cores,pod=workload-cloud-6f545f89ff-9hvzm,0.0021642074288905394
1783730099,cpu_cores,pod=workload-cloud-6f545f89ff-9hvzm,0.014677340868063866
1783730109,cpu_cores,pod=workload-cloud-6f545f89ff-9hvzm,0.021037133242813946
1783730119,cpu_cores,pod=workload-cloud-6f545f89ff-9hvzm,0.041220234011737564
1783730129,cpu_cores,pod=workload-cloud-6f545f89ff-9hvzm,0.05547753072276199
1783730139,cpu_cores,pod=workload-cloud-6f545f89ff-9hvzm,0.07517974534534853
1783730149,cpu_cores,pod=workload-cloud-6f545f89ff-9hvzm,0.10930627600991973
1783730159,cpu_cores,pod=workload-cloud-6f545f89ff-9hvzm,0.11432786551044269
1783730169,cpu_cores,pod=workload-cloud-6f545f89ff-9hvzm,0.1403848543002912
1783730179,cpu_cores,pod=workload-cloud-6f545f89ff-9hvzm,0.1621446813388337
1783730189,cpu_cores,pod=workload-cloud-6f545f89ff-9hvzm,0.1621446813388337
1783730199,cpu_cores,pod=workload-cloud-6f545f89ff-9hvzm,0.18808992562542293
1783730209,cpu_cores,pod=workload-cloud-6f545f89ff-9hvzm,0.19322715632321574
1783730219,cpu_cores,pod=workload-cloud-6f545f89ff-9hvzm,0.21267117772352073
1783730229,cpu_cores,pod=workload-cloud-6f545f89ff-9hvzm,0.2173730727228977
1783730239,cpu_cores,pod=workload-cloud-6f545f89ff-9hvzm,0.22301239874842457
1783730249,cpu_cores,pod=workload-cloud-6f545f89ff-9hvzm,0.22400324355395015
1783730259,cpu_cores,pod=workload-cloud-6f545f89ff-9hvzm,0.23579940055662324
1783730269,cpu_cores,pod=workload-cloud-6f545f89ff-9hvzm,0.23579940055662324
1783730279,cpu_cores,pod=workload-cloud-6f545f89ff-9hvzm,0.27186598966177217
1783730289,cpu_cores,pod=workload-cloud-6f545f89ff-9hvzm,0.2909528348207844
1783730299,cpu_cores,pod=workload-cloud-6f545f89ff-9hvzm,0.34159953497775847
1783730309,cpu_cores,pod=workload-cloud-6f545f89ff-9hvzm,0.38797383667744406
1783730319,cpu_cores,pod=workload-cloud-6f545f89ff-9hvzm,0.48225263093489923
1783730329,cpu_cores,pod=workload-cloud-6f545f89ff-9hvzm,0.49154740375537676
1783730339,cpu_cores,pod=workload-cloud-6f545f89ff-9hvzm,0.5059020957719054
1783730349,cpu_cores,pod=workload-cloud-6f545f89ff-9hvzm,0.5016122955578249
1783730359,cpu_cores,pod=workload-cloud-6f545f89ff-9hvzm,0.5005355489614216
1783730369,cpu_cores,pod=workload-cloud-6f545f89ff-9hvzm,0.5038588796813045
1783730379,cpu_cores,pod=workload-cloud-6f545f89ff-9hvzm,0.5018920148542739
1783730389,cpu_cores,pod=workload-cloud-6f545f89ff-9hvzm,0.44030491007539424
1783730399,cpu_cores,pod=workload-cloud-6f545f89ff-9hvzm,0.5049807804196871
1783730409,cpu_cores,pod=workload-cloud-6f545f89ff-9hvzm,0.42818867218403805
1783730419,cpu_cores,pod=workload-cloud-6f545f89ff-9hvzm,0.4967826725104481
1783730429,cpu_cores,pod=workload-cloud-6f545f89ff-9hvzm,0.4779361913021932
1783730439,cpu_cores,pod=workload-cloud-6f545f89ff-9hvzm,0.46423861157449203
1783730449,cpu_cores,pod=workload-cloud-6f545f89ff-9hvzm,0.4047183386380639
1783730459,cpu_cores,pod=workload-cloud-6f545f89ff-9hvzm,0.3253900548142654
1783730469,cpu_cores,pod=workload-cloud-6f545f89ff-9hvzm,0.3253900548142654
1783730479,cpu_cores,pod=workload-cloud-6f545f89ff-9hvzm,0.27150700191631416
1783730489,cpu_cores,pod=workload-cloud-6f545f89ff-9hvzm,0.2003549301965857
1783730499,cpu_cores,pod=workload-cloud-6f545f89ff-9hvzm,0.24538781425240888
1783730509,cpu_cores,pod=workload-cloud-6f545f89ff-9hvzm,0.24656320049174976
1783730519,cpu_cores,pod=workload-cloud-6f545f89ff-9hvzm,0.24727889285635235
1783730529,cpu_cores,pod=workload-cloud-6f545f89ff-9hvzm,0.24504430502783348
1783730539,cpu_cores,pod=workload-cloud-6f545f89ff-9hvzm,0.24357191081588517
1783730549,cpu_cores,pod=workload-cloud-6f545f89ff-9hvzm,0.24150949945877342
1783730559,cpu_cores,pod=workload-cloud-6f545f89ff-9hvzm,0.23990139449821096
1783730569,cpu_cores,pod=workload-cloud-6f545f89ff-9hvzm,0.2394201153809471
1783730579,cpu_cores,pod=workload-cloud-6f545f89ff-9hvzm,0.24310757921107526
1783730589,cpu_cores,pod=workload-cloud-6f545f89ff-9hvzm,0.24633158555730184
1783730599,cpu_cores,pod=workload-cloud-6f545f89ff-9hvzm,0.2439017677113702
1783730609,cpu_cores,pod=workload-cloud-6f545f89ff-9hvzm,0.24313797661005904
1783730619,cpu_cores,pod=workload-cloud-6f545f89ff-9hvzm,0.20161804861399943
1783730629,cpu_cores,pod=workload-cloud-6f545f89ff-9hvzm,0.23896731723731665
1783730639,cpu_cores,pod=workload-cloud-6f545f89ff-9hvzm,0.1904266106408719
1783730649,cpu_cores,pod=workload-cloud-6f545f89ff-9hvzm,0.22960408285650039
1783730659,cpu_cores,pod=workload-cloud-6f545f89ff-9hvzm,0.1650792579735334
1783730669,cpu_cores,pod=workload-cloud-6f545f89ff-9hvzm,0.0826842512759161
1783730679,cpu_cores,pod=workload-cloud-6f545f89ff-9hvzm,0.07456045167667917
1783730689,cpu_cores,pod=workload-cloud-6f545f89ff-9hvzm,0.036237419922737116
1783730699,cpu_cores,pod=workload-cloud-6f545f89ff-9hvzm,0.001720155983675682
1783730709,cpu_cores,pod=workload-cloud-6f545f89ff-9hvzm,0.0020052722808008884
1783730719,cpu_cores,pod=workload-cloud-6f545f89ff-9hvzm,0.00197541335623786
1783730729,cpu_cores,pod=workload-cloud-6f545f89ff-9hvzm,0.0020215332291902174
1783730199,cpu_cores,pod=workload-cloud-6f545f89ff-h7mt5,0.009829080932900172
1783730209,cpu_cores,pod=workload-cloud-6f545f89ff-h7mt5,0.014450365976817873
1783730219,cpu_cores,pod=workload-cloud-6f545f89ff-h7mt5,0.024122718743369707
1783730229,cpu_cores,pod=workload-cloud-6f545f89ff-h7mt5,0.030012319599624915
1783730239,cpu_cores,pod=workload-cloud-6f545f89ff-h7mt5,0.04772149180144176
1783730249,cpu_cores,pod=workload-cloud-6f545f89ff-h7mt5,0.05672205069873253
1783730259,cpu_cores,pod=workload-cloud-6f545f89ff-h7mt5,0.08012461560569048
1783730269,cpu_cores,pod=workload-cloud-6f545f89ff-h7mt5,0.09900149882903982
1783730279,cpu_cores,pod=workload-cloud-6f545f89ff-h7mt5,0.11343225493275462
1783730289,cpu_cores,pod=workload-cloud-6f545f89ff-h7mt5,0.18663990410131584
1783730299,cpu_cores,pod=workload-cloud-6f545f89ff-h7mt5,0.22832327225130883
1783730309,cpu_cores,pod=workload-cloud-6f545f89ff-h7mt5,0.2767405513476104
1783730319,cpu_cores,pod=workload-cloud-6f545f89ff-h7mt5,0.3738478507838804
1783730329,cpu_cores,pod=workload-cloud-6f545f89ff-h7mt5,0.3314703682535573
1783730339,cpu_cores,pod=workload-cloud-6f545f89ff-h7mt5,0.408272849273911
1783730349,cpu_cores,pod=workload-cloud-6f545f89ff-h7mt5,0.405056489736007
1783730359,cpu_cores,pod=workload-cloud-6f545f89ff-h7mt5,0.40684552760490206
1783730369,cpu_cores,pod=workload-cloud-6f545f89ff-h7mt5,0.40431265924318205
1783730379,cpu_cores,pod=workload-cloud-6f545f89ff-h7mt5,0.40721029421163635
1783730389,cpu_cores,pod=workload-cloud-6f545f89ff-h7mt5,0.4102234705640984
1783730399,cpu_cores,pod=workload-cloud-6f545f89ff-h7mt5,0.413566151517371
1783730409,cpu_cores,pod=workload-cloud-6f545f89ff-h7mt5,0.4115537039005208
1783730419,cpu_cores,pod=workload-cloud-6f545f89ff-h7mt5,0.40809178652535955
1783730429,cpu_cores,pod=workload-cloud-6f545f89ff-h7mt5,0.4075457064302307
1783730439,cpu_cores,pod=workload-cloud-6f545f89ff-h7mt5,0.3536749647433933
1783730449,cpu_cores,pod=workload-cloud-6f545f89ff-h7mt5,0.32413579625845
1783730459,cpu_cores,pod=workload-cloud-6f545f89ff-h7mt5,0.25661052117661404
1783730469,cpu_cores,pod=workload-cloud-6f545f89ff-h7mt5,0.18946365966473205
1783730479,cpu_cores,pod=workload-cloud-6f545f89ff-h7mt5,0.16947137273387944
1783730489,cpu_cores,pod=workload-cloud-6f545f89ff-h7mt5,0.13118468665326452
1783730499,cpu_cores,pod=workload-cloud-6f545f89ff-h7mt5,0.1291856879640169
1783730509,cpu_cores,pod=workload-cloud-6f545f89ff-h7mt5,0.12879686165458346
1783730519,cpu_cores,pod=workload-cloud-6f545f89ff-h7mt5,0.12894321335646136
1783730529,cpu_cores,pod=workload-cloud-6f545f89ff-h7mt5,0.12894321335646136
1783730539,cpu_cores,pod=workload-cloud-6f545f89ff-h7mt5,0.12814320194913117
1783730549,cpu_cores,pod=workload-cloud-6f545f89ff-h7mt5,0.12814320194913117
1783730559,cpu_cores,pod=workload-cloud-6f545f89ff-h7mt5,0.12706855209197057
1783730569,cpu_cores,pod=workload-cloud-6f545f89ff-h7mt5,0.12500579838531067
1783730579,cpu_cores,pod=workload-cloud-6f545f89ff-h7mt5,0.123926384018036
1783730589,cpu_cores,pod=workload-cloud-6f545f89ff-h7mt5,0.12444552709126519
1783730599,cpu_cores,pod=workload-cloud-6f545f89ff-h7mt5,0.12564584683167043
1783730609,cpu_cores,pod=workload-cloud-6f545f89ff-h7mt5,0.12564584683167043
1783730619,cpu_cores,pod=workload-cloud-6f545f89ff-h7mt5,0.12793776906355256
1783730629,cpu_cores,pod=workload-cloud-6f545f89ff-h7mt5,0.12899595266784078
1783730639,cpu_cores,pod=workload-cloud-6f545f89ff-h7mt5,0.12017608186771071
1783730649,cpu_cores,pod=workload-cloud-6f545f89ff-h7mt5,0.08893098249983608
1783730659,cpu_cores,pod=workload-cloud-6f545f89ff-h7mt5,0.04215927499999986
1783730669,cpu_cores,pod=workload-cloud-6f545f89ff-h7mt5,0.0378952563088014
1783730679,cpu_cores,pod=workload-cloud-6f545f89ff-h7mt5,0.002664135112609457
1783730689,cpu_cores,pod=workload-cloud-6f545f89ff-h7mt5,0.0027754340651454587
1783730699,cpu_cores,pod=workload-cloud-6f545f89ff-h7mt5,0.002006956659222576
1783730709,cpu_cores,pod=workload-cloud-6f545f89ff-h7mt5,0.0019709243231590227
1783730719,cpu_cores,pod=workload-cloud-6f545f89ff-h7mt5,0.0013633129908831353
1783730729,cpu_cores,pod=workload-cloud-6f545f89ff-h7mt5,0.0009983999736250576
1783730259,cpu_cores,pod=workload-cloud-6f545f89ff-q4cfn,0.013503085618570214
1783730269,cpu_cores,pod=workload-cloud-6f545f89ff-q4cfn,0.016750693993446236
1783730279,cpu_cores,pod=workload-cloud-6f545f89ff-q4cfn,0.05274392524264672
1783730289,cpu_cores,pod=workload-cloud-6f545f89ff-q4cfn,0.0559227388888889
1783730299,cpu_cores,pod=workload-cloud-6f545f89ff-q4cfn,0.15697750159836013
1783730309,cpu_cores,pod=workload-cloud-6f545f89ff-q4cfn,0.15076920064638671
1783730319,cpu_cores,pod=workload-cloud-6f545f89ff-q4cfn,0.33474694438515185
1783730329,cpu_cores,pod=workload-cloud-6f545f89ff-q4cfn,0.41396010608660777
1783730339,cpu_cores,pod=workload-cloud-6f545f89ff-q4cfn,0.44276227606052176
1783730349,cpu_cores,pod=workload-cloud-6f545f89ff-q4cfn,0.44227360734938875
1783730359,cpu_cores,pod=workload-cloud-6f545f89ff-q4cfn,0.37993203004158593
1783730369,cpu_cores,pod=workload-cloud-6f545f89ff-q4cfn,0.43403802590526613
1783730379,cpu_cores,pod=workload-cloud-6f545f89ff-q4cfn,0.36782114382668507
1783730389,cpu_cores,pod=workload-cloud-6f545f89ff-q4cfn,0.434364421380384
1783730399,cpu_cores,pod=workload-cloud-6f545f89ff-q4cfn,0.4364219509076962
1783730409,cpu_cores,pod=workload-cloud-6f545f89ff-q4cfn,0.4425943656221293
1783730419,cpu_cores,pod=workload-cloud-6f545f89ff-q4cfn,0.43131513392020976
1783730429,cpu_cores,pod=workload-cloud-6f545f89ff-q4cfn,0.37724775076231304
1783730439,cpu_cores,pod=workload-cloud-6f545f89ff-q4cfn,0.3833921544131426
1783730449,cpu_cores,pod=workload-cloud-6f545f89ff-q4cfn,0.28406604416833975
1783730459,cpu_cores,pod=workload-cloud-6f545f89ff-q4cfn,0.24589788378346775
1783730469,cpu_cores,pod=workload-cloud-6f545f89ff-q4cfn,0.10406479065988103
1783730479,cpu_cores,pod=workload-cloud-6f545f89ff-q4cfn,0.03797968933088958
1783730489,cpu_cores,pod=workload-cloud-6f545f89ff-q4cfn,0.024732273745775035
1783730499,cpu_cores,pod=workload-cloud-6f545f89ff-q4cfn,0.0019363259006972228
1783730509,cpu_cores,pod=workload-cloud-6f545f89ff-q4cfn,0.001953248469141542
1783730519,cpu_cores,pod=workload-cloud-6f545f89ff-q4cfn,0.001953248469141542
1783730529,cpu_cores,pod=workload-cloud-6f545f89ff-q4cfn,0.0019929702173327743
1783730539,cpu_cores,pod=workload-cloud-6f545f89ff-q4cfn,0.0019315521093942385
1783730549,cpu_cores,pod=workload-cloud-6f545f89ff-q4cfn,0.0018661867316424807
1783730559,cpu_cores,pod=workload-cloud-6f545f89ff-q4cfn,0.0018661867316424807
1783730569,cpu_cores,pod=workload-cloud-6f545f89ff-q4cfn,0.0018643803585346342
1783730579,cpu_cores,pod=workload-cloud-6f545f89ff-q4cfn,0.001877898290614816
1783730589,cpu_cores,pod=workload-cloud-6f545f89ff-q4cfn,0.0019050583011742906
1783730599,cpu_cores,pod=workload-cloud-6f545f89ff-q4cfn,0.0019442782593505578
1783730609,cpu_cores,pod=workload-cloud-6f545f89ff-q4cfn,0.0015655398963960478
1783730619,cpu_cores,pod=workload-cloud-6f545f89ff-q4cfn,0.001929732472144787
1783730629,cpu_cores,pod=workload-cloud-6f545f89ff-q4cfn,0.0019379816809909883
1783730639,cpu_cores,pod=workload-cloud-6f545f89ff-q4cfn,0.0018835090997287311
1783730649,cpu_cores,pod=workload-cloud-6f545f89ff-q4cfn,0.00189853856682411
1783730659,cpu_cores,pod=workload-cloud-6f545f89ff-q4cfn,0.0014112290556748083
1783730669,cpu_cores,pod=workload-cloud-6f545f89ff-q4cfn,0.001110041563133952
1783730679,cpu_cores,pod=workload-cloud-6f545f89ff-q4cfn,0.0008249761487812311
1783730379,cpu_cores,pod=workload-cloud-6f545f89ff-w8f86,0.0076384593108105745
1783730389,cpu_cores,pod=workload-cloud-6f545f89ff-w8f86,0.011235198422178953
1783730399,cpu_cores,pod=workload-cloud-6f545f89ff-w8f86,0.009951230055810898
1783730409,cpu_cores,pod=workload-cloud-6f545f89ff-w8f86,0.009420948880608673
1783730419,cpu_cores,pod=workload-cloud-6f545f89ff-w8f86,0.008272633691903855
1783730429,cpu_cores,pod=workload-cloud-6f545f89ff-w8f86,0.0018352000814581
1783730439,cpu_cores,pod=workload-cloud-6f545f89ff-w8f86,0.001870071043722881
1783730449,cpu_cores,pod=workload-cloud-6f545f89ff-w8f86,0.0018426366305523592
1783730459,cpu_cores,pod=workload-cloud-6f545f89ff-w8f86,0.0018289556583892751
1783730469,cpu_cores,pod=workload-cloud-6f545f89ff-w8f86,0.001889306230667255
1783730479,cpu_cores,pod=workload-cloud-6f545f89ff-w8f86,0.0018244581630840289
1783730489,cpu_cores,pod=workload-cloud-6f545f89ff-w8f86,0.0018244581630840286
1783730499,cpu_cores,pod=workload-cloud-6f545f89ff-w8f86,0.0018717975706797464
1783730509,cpu_cores,pod=workload-cloud-6f545f89ff-w8f86,0.0018238356248277544
1783730519,cpu_cores,pod=workload-cloud-6f545f89ff-w8f86,0.0018227011063793373
1783730529,cpu_cores,pod=workload-cloud-6f545f89ff-w8f86,0.0019012516742875631
1783730539,cpu_cores,pod=workload-cloud-6f545f89ff-w8f86,0.0015278473369891021
1783730549,cpu_cores,pod=workload-cloud-6f545f89ff-w8f86,0.001507744150694038
1783730559,cpu_cores,pod=workload-cloud-6f545f89ff-w8f86,0.001843999595591953
1783730569,cpu_cores,pod=workload-cloud-6f545f89ff-w8f86,0.0017897311808965342
1783730579,cpu_cores,pod=workload-cloud-6f545f89ff-w8f86,0.0017718035856711869
1783730589,cpu_cores,pod=workload-cloud-6f545f89ff-w8f86,0.0017699679135172396
1783730599,cpu_cores,pod=workload-cloud-6f545f89ff-w8f86,0.0017649377821825768
1783730609,cpu_cores,pod=workload-cloud-6f545f89ff-w8f86,0.0017649377821825768
1783730619,cpu_cores,pod=workload-cloud-6f545f89ff-w8f86,0.0018427853715940975
1783730629,cpu_cores,pod=workload-cloud-6f545f89ff-w8f86,0.001815477492453737
1783730639,cpu_cores,pod=workload-cloud-6f545f89ff-w8f86,0.0018408972894381574
1783730649,cpu_cores,pod=workload-cloud-6f545f89ff-w8f86,0.0018437811165445976
1783730659,cpu_cores,pod=workload-cloud-6f545f89ff-w8f86,0.001473355939160649
1783730669,cpu_cores,pod=workload-cloud-6f545f89ff-w8f86,0.001900340439328849
1783730679,cpu_cores,pod=workload-cloud-6f545f89ff-w8f86,0.0019733939498570896
1783730689,cpu_cores,pod=workload-cloud-6f545f89ff-w8f86,0.0020300628053035587
1783730699,cpu_cores,pod=workload-cloud-6f545f89ff-w8f86,0.0020558033094707196
1783730709,cpu_cores,pod=workload-cloud-6f545f89ff-w8f86,0.0020391074464863857
1783730719,cpu_cores,pod=workload-cloud-6f545f89ff-w8f86,0.0020271907604556007
1783730729,cpu_cores,pod=workload-cloud-6f545f89ff-w8f86,0.00205206650831354
1783730079,cpu_cores,pod=workload-edge-7b875fd8c6-pxwvc,0.0022410485152144556
1783730089,cpu_cores,pod=workload-edge-7b875fd8c6-pxwvc,0.0022624308624475983
1783730099,cpu_cores,pod=workload-edge-7b875fd8c6-pxwvc,0.0022288973180895543
1783730109,cpu_cores,pod=workload-edge-7b875fd8c6-pxwvc,0.00224433359427625
1783730119,cpu_cores,pod=workload-edge-7b875fd8c6-pxwvc,0.002277203255526606
1783730129,cpu_cores,pod=workload-edge-7b875fd8c6-pxwvc,0.0022750148073138418
1783730139,cpu_cores,pod=workload-edge-7b875fd8c6-pxwvc,0.002273778486642295
1783730149,cpu_cores,pod=workload-edge-7b875fd8c6-pxwvc,0.002258060805888892
1783730159,cpu_cores,pod=workload-edge-7b875fd8c6-pxwvc,0.0022356174943200064
1783730169,cpu_cores,pod=workload-edge-7b875fd8c6-pxwvc,0.0022205873749488064
1783730179,cpu_cores,pod=workload-edge-7b875fd8c6-pxwvc,0.002235526708445225
1783730189,cpu_cores,pod=workload-edge-7b875fd8c6-pxwvc,0.0022376295774233696
1783730199,cpu_cores,pod=workload-edge-7b875fd8c6-pxwvc,0.00225677121136871
1783730209,cpu_cores,pod=workload-edge-7b875fd8c6-pxwvc,0.002244162425917811
1783730219,cpu_cores,pod=workload-edge-7b875fd8c6-pxwvc,0.0018468851426503916
1783730229,cpu_cores,pod=workload-edge-7b875fd8c6-pxwvc,0.0022346857597454373
1783730239,cpu_cores,pod=workload-edge-7b875fd8c6-pxwvc,0.0018476724113170042
1783730249,cpu_cores,pod=workload-edge-7b875fd8c6-pxwvc,0.002216279417817208
1783730259,cpu_cores,pod=workload-edge-7b875fd8c6-pxwvc,0.002246412824153641
1783730269,cpu_cores,pod=workload-edge-7b875fd8c6-pxwvc,0.001893765239182839
1783730279,cpu_cores,pod=workload-edge-7b875fd8c6-pxwvc,0.002253745921975407
1783730289,cpu_cores,pod=workload-edge-7b875fd8c6-pxwvc,0.002308519394999437
1783730299,cpu_cores,pod=workload-edge-7b875fd8c6-pxwvc,0.002247796699228549
1783730309,cpu_cores,pod=workload-edge-7b875fd8c6-pxwvc,0.0022740871483728276
1783730319,cpu_cores,pod=workload-edge-7b875fd8c6-pxwvc,0.0018593077118052126
1783730329,cpu_cores,pod=workload-edge-7b875fd8c6-pxwvc,0.0019298500157618637
1783730339,cpu_cores,pod=workload-edge-7b875fd8c6-pxwvc,0.002221647130461268
1783730349,cpu_cores,pod=workload-edge-7b875fd8c6-pxwvc,0.0022167628907027587
1783730359,cpu_cores,pod=workload-edge-7b875fd8c6-pxwvc,0.0021545446053246628
1783730369,cpu_cores,pod=workload-edge-7b875fd8c6-pxwvc,0.002174629247231142
1783730379,cpu_cores,pod=workload-edge-7b875fd8c6-pxwvc,0.0022345797904824325
1783730389,cpu_cores,pod=workload-edge-7b875fd8c6-pxwvc,0.0018674259165739995
1783730399,cpu_cores,pod=workload-edge-7b875fd8c6-pxwvc,0.002278008045836886
1783730409,cpu_cores,pod=workload-edge-7b875fd8c6-pxwvc,0.002349428559289597
1783730419,cpu_cores,pod=workload-edge-7b875fd8c6-pxwvc,0.002267200461340585
1783730429,cpu_cores,pod=workload-edge-7b875fd8c6-pxwvc,0.0023039309337995776
1783730439,cpu_cores,pod=workload-edge-7b875fd8c6-pxwvc,0.0022896930805039596
1783730449,cpu_cores,pod=workload-edge-7b875fd8c6-pxwvc,0.002270494638533368
1783730459,cpu_cores,pod=workload-edge-7b875fd8c6-pxwvc,0.0022438606084708274
1783730469,cpu_cores,pod=workload-edge-7b875fd8c6-pxwvc,0.0022208035714285247
1783730479,cpu_cores,pod=workload-edge-7b875fd8c6-pxwvc,0.0021847346278987575
1783730489,cpu_cores,pod=workload-edge-7b875fd8c6-pxwvc,0.001861168246447123
1783730499,cpu_cores,pod=workload-edge-7b875fd8c6-pxwvc,0.002166003099296763
1783730509,cpu_cores,pod=workload-edge-7b875fd8c6-pxwvc,0.002269723283547522
1783730519,cpu_cores,pod=workload-edge-7b875fd8c6-pxwvc,0.0022697232835475214
1783730529,cpu_cores,pod=workload-edge-7b875fd8c6-pxwvc,0.0022451490771414734
1783730539,cpu_cores,pod=workload-edge-7b875fd8c6-pxwvc,0.0018732247372316136
1783730549,cpu_cores,pod=workload-edge-7b875fd8c6-pxwvc,0.0022426018251261023
1783730559,cpu_cores,pod=workload-edge-7b875fd8c6-pxwvc,0.0022345818892739785
1783730569,cpu_cores,pod=workload-edge-7b875fd8c6-pxwvc,0.002252083634934759
1783730579,cpu_cores,pod=workload-edge-7b875fd8c6-pxwvc,0.002252083634934759
1783730589,cpu_cores,pod=workload-edge-7b875fd8c6-pxwvc,0.0021969114650861737
1783730599,cpu_cores,pod=workload-edge-7b875fd8c6-pxwvc,0.0018602958083801917
1783730609,cpu_cores,pod=workload-edge-7b875fd8c6-pxwvc,0.002221323300062404
1783730619,cpu_cores,pod=workload-edge-7b875fd8c6-pxwvc,0.0022103117617084784
1783730629,cpu_cores,pod=workload-edge-7b875fd8c6-pxwvc,0.002305179856115064
1783730639,cpu_cores,pod=workload-edge-7b875fd8c6-pxwvc,0.002305179856115064
1783730649,cpu_cores,pod=workload-edge-7b875fd8c6-pxwvc,0.0022112669222184456
1783730659,cpu_cores,pod=workload-edge-7b875fd8c6-pxwvc,0.0022519154864174716
1783730669,cpu_cores,pod=workload-edge-7b875fd8c6-pxwvc,0.002254437034684739
1783730679,cpu_cores,pod=workload-edge-7b875fd8c6-pxwvc,0.002208984020337806
1783730689,cpu_cores,pod=workload-edge-7b875fd8c6-pxwvc,0.0022259887005650026
1783730699,cpu_cores,pod=workload-edge-7b875fd8c6-pxwvc,0.00227811175337189
1783730709,cpu_cores,pod=workload-edge-7b875fd8c6-pxwvc,0.002244292127238508
1783730719,cpu_cores,pod=workload-edge-7b875fd8c6-pxwvc,0.002203242903341668
1783730729,cpu_cores,pod=workload-edge-7b875fd8c6-pxwvc,0.002266788842641426
1783730319,cpu_utilisation,pod=workload-cloud-6f545f89ff-5d228,0.05252838304628001
1783730329,cpu_utilisation,pod=workload-cloud-6f545f89ff-5d228,0.04837439767509979
1783730339,cpu_utilisation,pod=workload-cloud-6f545f89ff-5d228,0.04995210416666667
1783730349,cpu_utilisation,pod=workload-cloud-6f545f89ff-5d228,0.05227954322235728
1783730359,cpu_utilisation,pod=workload-cloud-6f545f89ff-5d228,0.04637368342975819
1783730369,cpu_utilisation,pod=workload-cloud-6f545f89ff-5d228,0.008944889489431526
1783730379,cpu_utilisation,pod=workload-cloud-6f545f89ff-5d228,0.009000192478887474
1783730389,cpu_utilisation,pod=workload-cloud-6f545f89ff-5d228,0.008688768606224629
1783730399,cpu_utilisation,pod=workload-cloud-6f545f89ff-5d228,0.008688768606224629
1783730409,cpu_utilisation,pod=workload-cloud-6f545f89ff-5d228,0.009076175737253887
1783730419,cpu_utilisation,pod=workload-cloud-6f545f89ff-5d228,0.008968967306694336
1783730429,cpu_utilisation,pod=workload-cloud-6f545f89ff-5d228,0.007830082971961751
1783730439,cpu_utilisation,pod=workload-cloud-6f545f89ff-5d228,0.00782749968052657
1783730449,cpu_utilisation,pod=workload-cloud-6f545f89ff-5d228,0.008912769516302724
1783730459,cpu_utilisation,pod=workload-cloud-6f545f89ff-5d228,0.008852189781021896
1783730469,cpu_utilisation,pod=workload-cloud-6f545f89ff-5d228,0.008966306916461617
1783730479,cpu_utilisation,pod=workload-cloud-6f545f89ff-5d228,0.009223553989322418
1783730489,cpu_utilisation,pod=workload-cloud-6f545f89ff-5d228,0.007643837149496193
1783730499,cpu_utilisation,pod=workload-cloud-6f545f89ff-5d228,0.009238640195582537
1783730509,cpu_utilisation,pod=workload-cloud-6f545f89ff-5d228,0.009047169451438158
1783730519,cpu_utilisation,pod=workload-cloud-6f545f89ff-5d228,0.008700610657223317
1783730529,cpu_utilisation,pod=workload-cloud-6f545f89ff-5d228,0.008931143877571384
1783730539,cpu_utilisation,pod=workload-cloud-6f545f89ff-5d228,0.008660832732096726
1783730549,cpu_utilisation,pod=workload-cloud-6f545f89ff-5d228,0.008660832732096726
1783730559,cpu_utilisation,pod=workload-cloud-6f545f89ff-5d228,0.009309137368097286
1783730569,cpu_utilisation,pod=workload-cloud-6f545f89ff-5d228,0.009235231262402686
1783730579,cpu_utilisation,pod=workload-cloud-6f545f89ff-5d228,0.009194847182617767
1783730589,cpu_utilisation,pod=workload-cloud-6f545f89ff-5d228,0.009318778110944522
1783730599,cpu_utilisation,pod=workload-cloud-6f545f89ff-5d228,0.008896945134236061
1783730609,cpu_utilisation,pod=workload-cloud-6f545f89ff-5d228,0.008829027606455986
1783730619,cpu_utilisation,pod=workload-cloud-6f545f89ff-5d228,0.00871236193070055
1783730629,cpu_utilisation,pod=workload-cloud-6f545f89ff-5d228,0.008647582533040866
1783730639,cpu_utilisation,pod=workload-cloud-6f545f89ff-5d228,0.008631561989367334
1783730649,cpu_utilisation,pod=workload-cloud-6f545f89ff-5d228,0.009156668728097285
1783730659,cpu_utilisation,pod=workload-cloud-6f545f89ff-5d228,0.009176787279328906
1783730669,cpu_utilisation,pod=workload-cloud-6f545f89ff-5d228,0.008011110560492809
1783730679,cpu_utilisation,pod=workload-cloud-6f545f89ff-5d228,0.009468744937397312
1783730689,cpu_utilisation,pod=workload-cloud-6f545f89ff-5d228,0.009313967344720188
1783730699,cpu_utilisation,pod=workload-cloud-6f545f89ff-5d228,0.009313967344720188
1783730709,cpu_utilisation,pod=workload-cloud-6f545f89ff-5d228,0.009645768935543435
1783730719,cpu_utilisation,pod=workload-cloud-6f545f89ff-5d228,0.009717301661052372
1783730729,cpu_utilisation,pod=workload-cloud-6f545f89ff-5d228,0.008119801737420407
1783730319,cpu_utilisation,pod=workload-cloud-6f545f89ff-8fdtl,0.05419663972063037
1783730329,cpu_utilisation,pod=workload-cloud-6f545f89ff-8fdtl,0.048873129961886225
1783730339,cpu_utilisation,pod=workload-cloud-6f545f89ff-8fdtl,0.04711859709128217
1783730349,cpu_utilisation,pod=workload-cloud-6f545f89ff-8fdtl,0.04990983333333333
1783730359,cpu_utilisation,pod=workload-cloud-6f545f89ff-8fdtl,0.049353169595184924
1783730369,cpu_utilisation,pod=workload-cloud-6f545f89ff-8fdtl,0.00768544860722688
1783730379,cpu_utilisation,pod=workload-cloud-6f545f89ff-8fdtl,0.00934982814840927
1783730389,cpu_utilisation,pod=workload-cloud-6f545f89ff-8fdtl,0.009074796051742008
1783730399,cpu_utilisation,pod=workload-cloud-6f545f89ff-8fdtl,0.009166666666666672
1783730409,cpu_utilisation,pod=workload-cloud-6f545f89ff-8fdtl,0.009002200053104736
1783730419,cpu_utilisation,pod=workload-cloud-6f545f89ff-8fdtl,0.007541177714387887
1783730429,cpu_utilisation,pod=workload-cloud-6f545f89ff-8fdtl,0.009156168267215048
1783730439,cpu_utilisation,pod=workload-cloud-6f545f89ff-8fdtl,0.009066287494075427
1783730449,cpu_utilisation,pod=workload-cloud-6f545f89ff-8fdtl,0.008965938533482187
1783730459,cpu_utilisation,pod=workload-cloud-6f545f89ff-8fdtl,0.009278641373556398
1783730469,cpu_utilisation,pod=workload-cloud-6f545f89ff-8fdtl,0.009048855400388894
1783730479,cpu_utilisation,pod=workload-cloud-6f545f89ff-8fdtl,0.009048855400388894
1783730489,cpu_utilisation,pod=workload-cloud-6f545f89ff-8fdtl,0.009315899324739103
1783730499,cpu_utilisation,pod=workload-cloud-6f545f89ff-8fdtl,0.009475056077095622
1783730509,cpu_utilisation,pod=workload-cloud-6f545f89ff-8fdtl,0.009475056077095624
1783730519,cpu_utilisation,pod=workload-cloud-6f545f89ff-8fdtl,0.00954206261878564
1783730529,cpu_utilisation,pod=workload-cloud-6f545f89ff-8fdtl,0.009488587731811698
1783730539,cpu_utilisation,pod=workload-cloud-6f545f89ff-8fdtl,0.009488587731811698
1783730549,cpu_utilisation,pod=workload-cloud-6f545f89ff-8fdtl,0.00937973021102306
1783730559,cpu_utilisation,pod=workload-cloud-6f545f89ff-8fdtl,0.008198020862746836
1783730569,cpu_utilisation,pod=workload-cloud-6f545f89ff-8fdtl,0.009632233705254492
1783730579,cpu_utilisation,pod=workload-cloud-6f545f89ff-8fdtl,0.00936965510760267
1783730589,cpu_utilisation,pod=workload-cloud-6f545f89ff-8fdtl,0.009077559308602842
1783730599,cpu_utilisation,pod=workload-cloud-6f545f89ff-8fdtl,0.009177809553253983
1783730609,cpu_utilisation,pod=workload-cloud-6f545f89ff-8fdtl,0.009154896613480953
1783730619,cpu_utilisation,pod=workload-cloud-6f545f89ff-8fdtl,0.00814265352582035
1783730629,cpu_utilisation,pod=workload-cloud-6f545f89ff-8fdtl,0.00913436359308046
1783730639,cpu_utilisation,pod=workload-cloud-6f545f89ff-8fdtl,0.009250575863795692
1783730649,cpu_utilisation,pod=workload-cloud-6f545f89ff-8fdtl,0.007642683655023842
1783730659,cpu_utilisation,pod=workload-cloud-6f545f89ff-8fdtl,0.00926245747017528
1783730669,cpu_utilisation,pod=workload-cloud-6f545f89ff-8fdtl,0.009740973880327039
1783730679,cpu_utilisation,pod=workload-cloud-6f545f89ff-8fdtl,0.00829533218170417
1783730689,cpu_utilisation,pod=workload-cloud-6f545f89ff-8fdtl,0.010195357218571139
1783730699,cpu_utilisation,pod=workload-cloud-6f545f89ff-8fdtl,0.010309226126320337
1783730709,cpu_utilisation,pod=workload-cloud-6f545f89ff-8fdtl,0.010309226126320337
1783730719,cpu_utilisation,pod=workload-cloud-6f545f89ff-8fdtl,0.010125027550141266
1783730729,cpu_utilisation,pod=workload-cloud-6f545f89ff-8fdtl,0.010022325783028068
1783730079,cpu_utilisation,pod=workload-cloud-6f545f89ff-9hvzm,0.010821037144452697
1783730089,cpu_utilisation,pod=workload-cloud-6f545f89ff-9hvzm,0.010821037144452697
1783730099,cpu_utilisation,pod=workload-cloud-6f545f89ff-9hvzm,0.07338670434031933
1783730109,cpu_utilisation,pod=workload-cloud-6f545f89ff-9hvzm,0.10518566621406972
1783730119,cpu_utilisation,pod=workload-cloud-6f545f89ff-9hvzm,0.2061011700586878
1783730129,cpu_utilisation,pod=workload-cloud-6f545f89ff-9hvzm,0.27738765361380996
1783730139,cpu_utilisation,pod=workload-cloud-6f545f89ff-9hvzm,0.3758987267267426
1783730149,cpu_utilisation,pod=workload-cloud-6f545f89ff-9hvzm,0.5465313800495986
1783730159,cpu_utilisation,pod=workload-cloud-6f545f89ff-9hvzm,0.5716393275522134
1783730169,cpu_utilisation,pod=workload-cloud-6f545f89ff-9hvzm,0.701924271501456
1783730179,cpu_utilisation,pod=workload-cloud-6f545f89ff-9hvzm,0.8107234066941684
1783730189,cpu_utilisation,pod=workload-cloud-6f545f89ff-9hvzm,0.8107234066941684
1783730199,cpu_utilisation,pod=workload-cloud-6f545f89ff-9hvzm,0.9404496281271146
1783730209,cpu_utilisation,pod=workload-cloud-6f545f89ff-9hvzm,0.9661357816160787
1783730219,cpu_utilisation,pod=workload-cloud-6f545f89ff-9hvzm,1.0633558886176036
1783730229,cpu_utilisation,pod=workload-cloud-6f545f89ff-9hvzm,1.0868653636144883
1783730239,cpu_utilisation,pod=workload-cloud-6f545f89ff-9hvzm,1.115061993742123
1783730249,cpu_utilisation,pod=workload-cloud-6f545f89ff-9hvzm,1.1200162177697508
1783730259,cpu_utilisation,pod=workload-cloud-6f545f89ff-9hvzm,1.178997002783116
1783730269,cpu_utilisation,pod=workload-cloud-6f545f89ff-9hvzm,1.178997002783116
1783730279,cpu_utilisation,pod=workload-cloud-6f545f89ff-9hvzm,1.3593299483088608
1783730289,cpu_utilisation,pod=workload-cloud-6f545f89ff-9hvzm,1.454764174103922
1783730299,cpu_utilisation,pod=workload-cloud-6f545f89ff-9hvzm,1.7079976748887922
1783730309,cpu_utilisation,pod=workload-cloud-6f545f89ff-9hvzm,1.9398691833872201
1783730319,cpu_utilisation,pod=workload-cloud-6f545f89ff-9hvzm,2.411263154674496
1783730329,cpu_utilisation,pod=workload-cloud-6f545f89ff-9hvzm,2.4577370187768834
1783730339,cpu_utilisation,pod=workload-cloud-6f545f89ff-9hvzm,2.529510478859527
1783730349,cpu_utilisation,pod=workload-cloud-6f545f89ff-9hvzm,2.5080614777891244
1783730359,cpu_utilisation,pod=workload-cloud-6f545f89ff-9hvzm,2.502677744807108
1783730369,cpu_utilisation,pod=workload-cloud-6f545f89ff-9hvzm,2.5192943984065224
1783730379,cpu_utilisation,pod=workload-cloud-6f545f89ff-9hvzm,2.5094600742713693
1783730389,cpu_utilisation,pod=workload-cloud-6f545f89ff-9hvzm,2.201524550376971
1783730399,cpu_utilisation,pod=workload-cloud-6f545f89ff-9hvzm,2.524903902098435
1783730409,cpu_utilisation,pod=workload-cloud-6f545f89ff-9hvzm,2.14094336092019
1783730419,cpu_utilisation,pod=workload-cloud-6f545f89ff-9hvzm,2.4839133625522405
1783730429,cpu_utilisation,pod=workload-cloud-6f545f89ff-9hvzm,2.389680956510966
1783730439,cpu_utilisation,pod=workload-cloud-6f545f89ff-9hvzm,2.32119305787246
1783730449,cpu_utilisation,pod=workload-cloud-6f545f89ff-9hvzm,2.0235916931903195
1783730459,cpu_utilisation,pod=workload-cloud-6f545f89ff-9hvzm,1.626950274071327
1783730469,cpu_utilisation,pod=workload-cloud-6f545f89ff-9hvzm,1.626950274071327
1783730479,cpu_utilisation,pod=workload-cloud-6f545f89ff-9hvzm,1.3575350095815708
1783730489,cpu_utilisation,pod=workload-cloud-6f545f89ff-9hvzm,1.0017746509829284
1783730499,cpu_utilisation,pod=workload-cloud-6f545f89ff-9hvzm,1.2269390712620443
1783730509,cpu_utilisation,pod=workload-cloud-6f545f89ff-9hvzm,1.2328160024587487
1783730519,cpu_utilisation,pod=workload-cloud-6f545f89ff-9hvzm,1.2363944642817617
1783730529,cpu_utilisation,pod=workload-cloud-6f545f89ff-9hvzm,1.2252215251391674
1783730539,cpu_utilisation,pod=workload-cloud-6f545f89ff-9hvzm,1.2178595540794257
1783730549,cpu_utilisation,pod=workload-cloud-6f545f89ff-9hvzm,1.2075474972938671
1783730559,cpu_utilisation,pod=workload-cloud-6f545f89ff-9hvzm,1.1995069724910548
1783730569,cpu_utilisation,pod=workload-cloud-6f545f89ff-9hvzm,1.1971005769047354
1783730579,cpu_utilisation,pod=workload-cloud-6f545f89ff-9hvzm,1.2155378960553762
1783730589,cpu_utilisation,pod=workload-cloud-6f545f89ff-9hvzm,1.2316579277865092
1783730599,cpu_utilisation,pod=workload-cloud-6f545f89ff-9hvzm,1.2195088385568509
1783730609,cpu_utilisation,pod=workload-cloud-6f545f89ff-9hvzm,1.2156898830502951
1783730619,cpu_utilisation,pod=workload-cloud-6f545f89ff-9hvzm,1.0080902430699972
1783730629,cpu_utilisation,pod=workload-cloud-6f545f89ff-9hvzm,1.1948365861865833
1783730639,cpu_utilisation,pod=workload-cloud-6f545f89ff-9hvzm,0.9521330532043595
1783730649,cpu_utilisation,pod=workload-cloud-6f545f89ff-9hvzm,1.148020414282502
1783730659,cpu_utilisation,pod=workload-cloud-6f545f89ff-9hvzm,0.825396289867667
1783730669,cpu_utilisation,pod=workload-cloud-6f545f89ff-9hvzm,0.41342125637958044
1783730679,cpu_utilisation,pod=workload-cloud-6f545f89ff-9hvzm,0.3728022583833958
1783730689,cpu_utilisation,pod=workload-cloud-6f545f89ff-9hvzm,0.18118709961368556
1783730699,cpu_utilisation,pod=workload-cloud-6f545f89ff-9hvzm,0.00860077991837841
1783730709,cpu_utilisation,pod=workload-cloud-6f545f89ff-9hvzm,0.010026361404004442
1783730719,cpu_utilisation,pod=workload-cloud-6f545f89ff-9hvzm,0.0098770667811893
1783730729,cpu_utilisation,pod=workload-cloud-6f545f89ff-9hvzm,0.010107666145951086
1783730199,cpu_utilisation,pod=workload-cloud-6f545f89ff-h7mt5,0.04914540466450086
1783730209,cpu_utilisation,pod=workload-cloud-6f545f89ff-h7mt5,0.07225182988408936
1783730219,cpu_utilisation,pod=workload-cloud-6f545f89ff-h7mt5,0.12061359371684853
1783730229,cpu_utilisation,pod=workload-cloud-6f545f89ff-h7mt5,0.15006159799812457
1783730239,cpu_utilisation,pod=workload-cloud-6f545f89ff-h7mt5,0.23860745900720878
1783730249,cpu_utilisation,pod=workload-cloud-6f545f89ff-h7mt5,0.28361025349366265
1783730259,cpu_utilisation,pod=workload-cloud-6f545f89ff-h7mt5,0.4006230780284524
1783730269,cpu_utilisation,pod=workload-cloud-6f545f89ff-h7mt5,0.49500749414519907
1783730279,cpu_utilisation,pod=workload-cloud-6f545f89ff-h7mt5,0.5671612746637731
1783730289,cpu_utilisation,pod=workload-cloud-6f545f89ff-h7mt5,0.9331995205065792
1783730299,cpu_utilisation,pod=workload-cloud-6f545f89ff-h7mt5,1.141616361256544
1783730309,cpu_utilisation,pod=workload-cloud-6f545f89ff-h7mt5,1.3837027567380518
1783730319,cpu_utilisation,pod=workload-cloud-6f545f89ff-h7mt5,1.8692392539194018
1783730329,cpu_utilisation,pod=workload-cloud-6f545f89ff-h7mt5,1.6573518412677863
1783730339,cpu_utilisation,pod=workload-cloud-6f545f89ff-h7mt5,2.0413642463695547
1783730349,cpu_utilisation,pod=workload-cloud-6f545f89ff-h7mt5,2.0252824486800347
1783730359,cpu_utilisation,pod=workload-cloud-6f545f89ff-h7mt5,2.03422763802451
1783730369,cpu_utilisation,pod=workload-cloud-6f545f89ff-h7mt5,2.02156329621591
1783730379,cpu_utilisation,pod=workload-cloud-6f545f89ff-h7mt5,2.0360514710581814
1783730389,cpu_utilisation,pod=workload-cloud-6f545f89ff-h7mt5,2.051117352820492
1783730399,cpu_utilisation,pod=workload-cloud-6f545f89ff-h7mt5,2.067830757586855
1783730409,cpu_utilisation,pod=workload-cloud-6f545f89ff-h7mt5,2.057768519502604
1783730419,cpu_utilisation,pod=workload-cloud-6f545f89ff-h7mt5,2.0404589326267977
1783730429,cpu_utilisation,pod=workload-cloud-6f545f89ff-h7mt5,2.0377285321511533
1783730439,cpu_utilisation,pod=workload-cloud-6f545f89ff-h7mt5,1.7683748237169665
1783730449,cpu_utilisation,pod=workload-cloud-6f545f89ff-h7mt5,1.62067898129225
1783730459,cpu_utilisation,pod=workload-cloud-6f545f89ff-h7mt5,1.28305260588307
1783730469,cpu_utilisation,pod=workload-cloud-6f545f89ff-h7mt5,0.9473182983236602
1783730479,cpu_utilisation,pod=workload-cloud-6f545f89ff-h7mt5,0.8473568636693971
1783730489,cpu_utilisation,pod=workload-cloud-6f545f89ff-h7mt5,0.6559234332663225
1783730499,cpu_utilisation,pod=workload-cloud-6f545f89ff-h7mt5,0.6459284398200844
1783730509,cpu_utilisation,pod=workload-cloud-6f545f89ff-h7mt5,0.6439843082729172
1783730519,cpu_utilisation,pod=workload-cloud-6f545f89ff-h7mt5,0.6447160667823068
1783730529,cpu_utilisation,pod=workload-cloud-6f545f89ff-h7mt5,0.6447160667823068
1783730539,cpu_utilisation,pod=workload-cloud-6f545f89ff-h7mt5,0.6407160097456558
1783730549,cpu_utilisation,pod=workload-cloud-6f545f89ff-h7mt5,0.6407160097456558
1783730559,cpu_utilisation,pod=workload-cloud-6f545f89ff-h7mt5,0.6353427604598528
1783730569,cpu_utilisation,pod=workload-cloud-6f545f89ff-h7mt5,0.6250289919265534
1783730579,cpu_utilisation,pod=workload-cloud-6f545f89ff-h7mt5,0.61963192009018
1783730589,cpu_utilisation,pod=workload-cloud-6f545f89ff-h7mt5,0.6222276354563259
1783730599,cpu_utilisation,pod=workload-cloud-6f545f89ff-h7mt5,0.6282292341583521
1783730609,cpu_utilisation,pod=workload-cloud-6f545f89ff-h7mt5,0.6282292341583521
1783730619,cpu_utilisation,pod=workload-cloud-6f545f89ff-h7mt5,0.6396888453177627
1783730629,cpu_utilisation,pod=workload-cloud-6f545f89ff-h7mt5,0.6449797633392038
1783730639,cpu_utilisation,pod=workload-cloud-6f545f89ff-h7mt5,0.6008804093385536
1783730649,cpu_utilisation,pod=workload-cloud-6f545f89ff-h7mt5,0.4446549124991804
1783730659,cpu_utilisation,pod=workload-cloud-6f545f89ff-h7mt5,0.2107963749999993
1783730669,cpu_utilisation,pod=workload-cloud-6f545f89ff-h7mt5,0.189476281544007
1783730679,cpu_utilisation,pod=workload-cloud-6f545f89ff-h7mt5,0.013320675563047285
1783730689,cpu_utilisation,pod=workload-cloud-6f545f89ff-h7mt5,0.013877170325727294
1783730699,cpu_utilisation,pod=workload-cloud-6f545f89ff-h7mt5,0.01003478329611288
1783730709,cpu_utilisation,pod=workload-cloud-6f545f89ff-h7mt5,0.009854621615795114
1783730259,cpu_utilisation,pod=workload-cloud-6f545f89ff-q4cfn,0.06751542809285106
1783730269,cpu_utilisation,pod=workload-cloud-6f545f89ff-q4cfn,0.08375346996723117
1783730279,cpu_utilisation,pod=workload-cloud-6f545f89ff-q4cfn,0.2637196262132336
1783730289,cpu_utilisation,pod=workload-cloud-6f545f89ff-q4cfn,0.2796136944444445
1783730299,cpu_utilisation,pod=workload-cloud-6f545f89ff-q4cfn,0.7848875079918006
1783730309,cpu_utilisation,pod=workload-cloud-6f545f89ff-q4cfn,0.7538460032319335
1783730319,cpu_utilisation,pod=workload-cloud-6f545f89ff-q4cfn,1.6737347219257592
1783730329,cpu_utilisation,pod=workload-cloud-6f545f89ff-q4cfn,2.0698005304330387
1783730339,cpu_utilisation,pod=workload-cloud-6f545f89ff-q4cfn,2.2138113803026087
1783730349,cpu_utilisation,pod=workload-cloud-6f545f89ff-q4cfn,2.2113680367469435
1783730359,cpu_utilisation,pod=workload-cloud-6f545f89ff-q4cfn,1.8996601502079296
1783730369,cpu_utilisation,pod=workload-cloud-6f545f89ff-q4cfn,2.1701901295263304
1783730379,cpu_utilisation,pod=workload-cloud-6f545f89ff-q4cfn,1.8391057191334252
1783730389,cpu_utilisation,pod=workload-cloud-6f545f89ff-q4cfn,2.17182210690192
1783730399,cpu_utilisation,pod=workload-cloud-6f545f89ff-q4cfn,2.1821097545384807
1783730409,cpu_utilisation,pod=workload-cloud-6f545f89ff-q4cfn,2.2129718281106463
1783730419,cpu_utilisation,pod=workload-cloud-6f545f89ff-q4cfn,2.1565756696010485
1783730429,cpu_utilisation,pod=workload-cloud-6f545f89ff-q4cfn,1.886238753811565
1783730439,cpu_utilisation,pod=workload-cloud-6f545f89ff-q4cfn,1.916960772065713
1783730449,cpu_utilisation,pod=workload-cloud-6f545f89ff-q4cfn,1.4203302208416986
1783730459,cpu_utilisation,pod=workload-cloud-6f545f89ff-q4cfn,1.2294894189173387
1783730469,cpu_utilisation,pod=workload-cloud-6f545f89ff-q4cfn,0.5203239532994051
1783730479,cpu_utilisation,pod=workload-cloud-6f545f89ff-q4cfn,0.18989844665444788
1783730489,cpu_utilisation,pod=workload-cloud-6f545f89ff-q4cfn,0.12366136872887516
1783730499,cpu_utilisation,pod=workload-cloud-6f545f89ff-q4cfn,0.009681629503486113
1783730509,cpu_utilisation,pod=workload-cloud-6f545f89ff-q4cfn,0.009766242345707709
1783730519,cpu_utilisation,pod=workload-cloud-6f545f89ff-q4cfn,0.009766242345707709
1783730529,cpu_utilisation,pod=workload-cloud-6f545f89ff-q4cfn,0.00996485108666387
1783730539,cpu_utilisation,pod=workload-cloud-6f545f89ff-q4cfn,0.009657760546971192
1783730549,cpu_utilisation,pod=workload-cloud-6f545f89ff-q4cfn,0.009330933658212403
1783730559,cpu_utilisation,pod=workload-cloud-6f545f89ff-q4cfn,0.009330933658212403
1783730569,cpu_utilisation,pod=workload-cloud-6f545f89ff-q4cfn,0.00932190179267317
1783730579,cpu_utilisation,pod=workload-cloud-6f545f89ff-q4cfn,0.00938949145307408
1783730589,cpu_utilisation,pod=workload-cloud-6f545f89ff-q4cfn,0.009525291505871452
1783730599,cpu_utilisation,pod=workload-cloud-6f545f89ff-q4cfn,0.009721391296752788
1783730609,cpu_utilisation,pod=workload-cloud-6f545f89ff-q4cfn,0.00782769948198024
1783730619,cpu_utilisation,pod=workload-cloud-6f545f89ff-q4cfn,0.009648662360723934
1783730629,cpu_utilisation,pod=workload-cloud-6f545f89ff-q4cfn,0.009689908404954942
1783730639,cpu_utilisation,pod=workload-cloud-6f545f89ff-q4cfn,0.009417545498643655
1783730649,cpu_utilisation,pod=workload-cloud-6f545f89ff-q4cfn,0.00949269283412055
1783730379,cpu_utilisation,pod=workload-cloud-6f545f89ff-w8f86,0.038192296554052874
1783730389,cpu_utilisation,pod=workload-cloud-6f545f89ff-w8f86,0.05617599211089477
1783730399,cpu_utilisation,pod=workload-cloud-6f545f89ff-w8f86,0.04975615027905449
1783730409,cpu_utilisation,pod=workload-cloud-6f545f89ff-w8f86,0.04710474440304336
1783730419,cpu_utilisation,pod=workload-cloud-6f545f89ff-w8f86,0.041363168459519276
1783730429,cpu_utilisation,pod=workload-cloud-6f545f89ff-w8f86,0.0091760004072905
1783730439,cpu_utilisation,pod=workload-cloud-6f545f89ff-w8f86,0.009350355218614406
1783730449,cpu_utilisation,pod=workload-cloud-6f545f89ff-w8f86,0.009213183152761796
1783730459,cpu_utilisation,pod=workload-cloud-6f545f89ff-w8f86,0.009144778291946374
1783730469,cpu_utilisation,pod=workload-cloud-6f545f89ff-w8f86,0.009446531153336274
1783730479,cpu_utilisation,pod=workload-cloud-6f545f89ff-w8f86,0.009122290815420145
1783730489,cpu_utilisation,pod=workload-cloud-6f545f89ff-w8f86,0.009122290815420143
1783730499,cpu_utilisation,pod=workload-cloud-6f545f89ff-w8f86,0.009358987853398731
1783730509,cpu_utilisation,pod=workload-cloud-6f545f89ff-w8f86,0.00911917812413877
1783730519,cpu_utilisation,pod=workload-cloud-6f545f89ff-w8f86,0.009113505531896686
1783730529,cpu_utilisation,pod=workload-cloud-6f545f89ff-w8f86,0.009506258371437815
1783730539,cpu_utilisation,pod=workload-cloud-6f545f89ff-w8f86,0.007639236684945511
1783730549,cpu_utilisation,pod=workload-cloud-6f545f89ff-w8f86,0.00753872075347019
1783730559,cpu_utilisation,pod=workload-cloud-6f545f89ff-w8f86,0.009219997977959764
1783730569,cpu_utilisation,pod=workload-cloud-6f545f89ff-w8f86,0.00894865590448267
1783730579,cpu_utilisation,pod=workload-cloud-6f545f89ff-w8f86,0.008859017928355934
1783730589,cpu_utilisation,pod=workload-cloud-6f545f89ff-w8f86,0.008849839567586197
1783730599,cpu_utilisation,pod=workload-cloud-6f545f89ff-w8f86,0.008824688910912884
1783730609,cpu_utilisation,pod=workload-cloud-6f545f89ff-w8f86,0.008824688910912884
1783730619,cpu_utilisation,pod=workload-cloud-6f545f89ff-w8f86,0.009213926857970487
1783730629,cpu_utilisation,pod=workload-cloud-6f545f89ff-w8f86,0.009077387462268684
1783730639,cpu_utilisation,pod=workload-cloud-6f545f89ff-w8f86,0.009204486447190787
1783730649,cpu_utilisation,pod=workload-cloud-6f545f89ff-w8f86,0.009218905582722987
1783730659,cpu_utilisation,pod=workload-cloud-6f545f89ff-w8f86,0.007366779695803244
1783730669,cpu_utilisation,pod=workload-cloud-6f545f89ff-w8f86,0.009501702196644245
1783730679,cpu_utilisation,pod=workload-cloud-6f545f89ff-w8f86,0.009866969749285448
1783730689,cpu_utilisation,pod=workload-cloud-6f545f89ff-w8f86,0.010150314026517792
1783730699,cpu_utilisation,pod=workload-cloud-6f545f89ff-w8f86,0.010279016547353597
1783730709,cpu_utilisation,pod=workload-cloud-6f545f89ff-w8f86,0.010195537232431927
1783730719,cpu_utilisation,pod=workload-cloud-6f545f89ff-w8f86,0.010135953802278002
1783730729,cpu_utilisation,pod=workload-cloud-6f545f89ff-w8f86,0.0102603325415677
1783730079,cpu_utilisation,pod=workload-edge-7b875fd8c6-pxwvc,0.022410485152144555
1783730089,cpu_utilisation,pod=workload-edge-7b875fd8c6-pxwvc,0.02262430862447598
1783730099,cpu_utilisation,pod=workload-edge-7b875fd8c6-pxwvc,0.02228897318089554
1783730109,cpu_utilisation,pod=workload-edge-7b875fd8c6-pxwvc,0.0224433359427625
1783730119,cpu_utilisation,pod=workload-edge-7b875fd8c6-pxwvc,0.02277203255526606
1783730129,cpu_utilisation,pod=workload-edge-7b875fd8c6-pxwvc,0.022750148073138417
1783730139,cpu_utilisation,pod=workload-edge-7b875fd8c6-pxwvc,0.02273778486642295
1783730149,cpu_utilisation,pod=workload-edge-7b875fd8c6-pxwvc,0.02258060805888892
1783730159,cpu_utilisation,pod=workload-edge-7b875fd8c6-pxwvc,0.022356174943200063
1783730169,cpu_utilisation,pod=workload-edge-7b875fd8c6-pxwvc,0.022205873749488063
1783730179,cpu_utilisation,pod=workload-edge-7b875fd8c6-pxwvc,0.02235526708445225
1783730189,cpu_utilisation,pod=workload-edge-7b875fd8c6-pxwvc,0.022376295774233695
1783730199,cpu_utilisation,pod=workload-edge-7b875fd8c6-pxwvc,0.0225677121136871
1783730209,cpu_utilisation,pod=workload-edge-7b875fd8c6-pxwvc,0.02244162425917811
1783730219,cpu_utilisation,pod=workload-edge-7b875fd8c6-pxwvc,0.018468851426503917
1783730229,cpu_utilisation,pod=workload-edge-7b875fd8c6-pxwvc,0.022346857597454372
1783730239,cpu_utilisation,pod=workload-edge-7b875fd8c6-pxwvc,0.01847672411317004
1783730249,cpu_utilisation,pod=workload-edge-7b875fd8c6-pxwvc,0.02216279417817208
1783730259,cpu_utilisation,pod=workload-edge-7b875fd8c6-pxwvc,0.02246412824153641
1783730269,cpu_utilisation,pod=workload-edge-7b875fd8c6-pxwvc,0.01893765239182839
1783730279,cpu_utilisation,pod=workload-edge-7b875fd8c6-pxwvc,0.022537459219754072
1783730289,cpu_utilisation,pod=workload-edge-7b875fd8c6-pxwvc,0.02308519394999437
1783730299,cpu_utilisation,pod=workload-edge-7b875fd8c6-pxwvc,0.02247796699228549
1783730309,cpu_utilisation,pod=workload-edge-7b875fd8c6-pxwvc,0.022740871483728275
1783730319,cpu_utilisation,pod=workload-edge-7b875fd8c6-pxwvc,0.018593077118052123
1783730329,cpu_utilisation,pod=workload-edge-7b875fd8c6-pxwvc,0.019298500157618637
1783730339,cpu_utilisation,pod=workload-edge-7b875fd8c6-pxwvc,0.022216471304612677
1783730349,cpu_utilisation,pod=workload-edge-7b875fd8c6-pxwvc,0.022167628907027587
1783730359,cpu_utilisation,pod=workload-edge-7b875fd8c6-pxwvc,0.021545446053246625
1783730369,cpu_utilisation,pod=workload-edge-7b875fd8c6-pxwvc,0.02174629247231142
1783730379,cpu_utilisation,pod=workload-edge-7b875fd8c6-pxwvc,0.022345797904824324
1783730389,cpu_utilisation,pod=workload-edge-7b875fd8c6-pxwvc,0.018674259165739993
1783730399,cpu_utilisation,pod=workload-edge-7b875fd8c6-pxwvc,0.02278008045836886
1783730409,cpu_utilisation,pod=workload-edge-7b875fd8c6-pxwvc,0.02349428559289597
1783730419,cpu_utilisation,pod=workload-edge-7b875fd8c6-pxwvc,0.02267200461340585
1783730429,cpu_utilisation,pod=workload-edge-7b875fd8c6-pxwvc,0.023039309337995775
1783730439,cpu_utilisation,pod=workload-edge-7b875fd8c6-pxwvc,0.022896930805039593
1783730449,cpu_utilisation,pod=workload-edge-7b875fd8c6-pxwvc,0.022704946385333682
1783730459,cpu_utilisation,pod=workload-edge-7b875fd8c6-pxwvc,0.02243860608470827
1783730469,cpu_utilisation,pod=workload-edge-7b875fd8c6-pxwvc,0.022208035714285247
1783730479,cpu_utilisation,pod=workload-edge-7b875fd8c6-pxwvc,0.021847346278987573
1783730489,cpu_utilisation,pod=workload-edge-7b875fd8c6-pxwvc,0.01861168246447123
1783730499,cpu_utilisation,pod=workload-edge-7b875fd8c6-pxwvc,0.021660030992967632
1783730509,cpu_utilisation,pod=workload-edge-7b875fd8c6-pxwvc,0.022697232835475218
1783730519,cpu_utilisation,pod=workload-edge-7b875fd8c6-pxwvc,0.02269723283547521
1783730529,cpu_utilisation,pod=workload-edge-7b875fd8c6-pxwvc,0.02245149077141473
1783730539,cpu_utilisation,pod=workload-edge-7b875fd8c6-pxwvc,0.018732247372316133
1783730549,cpu_utilisation,pod=workload-edge-7b875fd8c6-pxwvc,0.02242601825126102
1783730559,cpu_utilisation,pod=workload-edge-7b875fd8c6-pxwvc,0.022345818892739785
1783730569,cpu_utilisation,pod=workload-edge-7b875fd8c6-pxwvc,0.022520836349347588
1783730579,cpu_utilisation,pod=workload-edge-7b875fd8c6-pxwvc,0.022520836349347588
1783730589,cpu_utilisation,pod=workload-edge-7b875fd8c6-pxwvc,0.021969114650861737
1783730599,cpu_utilisation,pod=workload-edge-7b875fd8c6-pxwvc,0.018602958083801916
1783730609,cpu_utilisation,pod=workload-edge-7b875fd8c6-pxwvc,0.022213233000624038
1783730619,cpu_utilisation,pod=workload-edge-7b875fd8c6-pxwvc,0.02210311761708478
1783730629,cpu_utilisation,pod=workload-edge-7b875fd8c6-pxwvc,0.023051798561150638
1783730639,cpu_utilisation,pod=workload-edge-7b875fd8c6-pxwvc,0.023051798561150638
1783730649,cpu_utilisation,pod=workload-edge-7b875fd8c6-pxwvc,0.022112669222184456
1783730659,cpu_utilisation,pod=workload-edge-7b875fd8c6-pxwvc,0.022519154864174714
1783730669,cpu_utilisation,pod=workload-edge-7b875fd8c6-pxwvc,0.022544370346847392
1783730679,cpu_utilisation,pod=workload-edge-7b875fd8c6-pxwvc,0.022089840203378057
1783730689,cpu_utilisation,pod=workload-edge-7b875fd8c6-pxwvc,0.022259887005650025
1783730699,cpu_utilisation,pod=workload-edge-7b875fd8c6-pxwvc,0.022781117533718896
1783730709,cpu_utilisation,pod=workload-edge-7b875fd8c6-pxwvc,0.02244292127238508
1783730719,cpu_utilisation,pod=workload-edge-7b875fd8c6-pxwvc,0.022032429033416682
1783730729,cpu_utilisation,pod=workload-edge-7b875fd8c6-pxwvc,0.02266788842641426
1783730309,mem_mib,pod=workload-cloud-6f545f89ff-5d228,1.09765625
1783730319,mem_mib,pod=workload-cloud-6f545f89ff-5d228,35.1328125
1783730329,mem_mib,pod=workload-cloud-6f545f89ff-5d228,35.140625
1783730339,mem_mib,pod=workload-cloud-6f545f89ff-5d228,35.140625
1783730349,mem_mib,pod=workload-cloud-6f545f89ff-5d228,35.171875
1783730359,mem_mib,pod=workload-cloud-6f545f89ff-5d228,35.17578125
1783730369,mem_mib,pod=workload-cloud-6f545f89ff-5d228,35.17578125
1783730379,mem_mib,pod=workload-cloud-6f545f89ff-5d228,35.17578125
1783730389,mem_mib,pod=workload-cloud-6f545f89ff-5d228,35.1953125
1783730399,mem_mib,pod=workload-cloud-6f545f89ff-5d228,35.1953125
1783730409,mem_mib,pod=workload-cloud-6f545f89ff-5d228,35.19921875
1783730419,mem_mib,pod=workload-cloud-6f545f89ff-5d228,35.19921875
1783730429,mem_mib,pod=workload-cloud-6f545f89ff-5d228,35.19921875
1783730439,mem_mib,pod=workload-cloud-6f545f89ff-5d228,35.19921875
1783730449,mem_mib,pod=workload-cloud-6f545f89ff-5d228,35.2109375
1783730459,mem_mib,pod=workload-cloud-6f545f89ff-5d228,35.2109375
1783730469,mem_mib,pod=workload-cloud-6f545f89ff-5d228,35.2109375
1783730479,mem_mib,pod=workload-cloud-6f545f89ff-5d228,35.2109375
1783730489,mem_mib,pod=workload-cloud-6f545f89ff-5d228,35.2109375
1783730499,mem_mib,pod=workload-cloud-6f545f89ff-5d228,35.21875
1783730509,mem_mib,pod=workload-cloud-6f545f89ff-5d228,35.22265625
1783730519,mem_mib,pod=workload-cloud-6f545f89ff-5d228,35.22265625
1783730529,mem_mib,pod=workload-cloud-6f545f89ff-5d228,35.21875
1783730539,mem_mib,pod=workload-cloud-6f545f89ff-5d228,35.21875
1783730549,mem_mib,pod=workload-cloud-6f545f89ff-5d228,35.21875
1783730559,mem_mib,pod=workload-cloud-6f545f89ff-5d228,35.234375
1783730569,mem_mib,pod=workload-cloud-6f545f89ff-5d228,35.234375
1783730579,mem_mib,pod=workload-cloud-6f545f89ff-5d228,35.234375
1783730589,mem_mib,pod=workload-cloud-6f545f89ff-5d228,35.234375
1783730599,mem_mib,pod=workload-cloud-6f545f89ff-5d228,35.24609375
1783730609,mem_mib,pod=workload-cloud-6f545f89ff-5d228,35.24609375
1783730619,mem_mib,pod=workload-cloud-6f545f89ff-5d228,35.24609375
1783730629,mem_mib,pod=workload-cloud-6f545f89ff-5d228,35.24609375
1783730639,mem_mib,pod=workload-cloud-6f545f89ff-5d228,35.24609375
1783730649,mem_mib,pod=workload-cloud-6f545f89ff-5d228,35.25390625
1783730659,mem_mib,pod=workload-cloud-6f545f89ff-5d228,35.25390625
1783730669,mem_mib,pod=workload-cloud-6f545f89ff-5d228,35.25390625
1783730679,mem_mib,pod=workload-cloud-6f545f89ff-5d228,35.25390625
1783730689,mem_mib,pod=workload-cloud-6f545f89ff-5d228,35.25390625
1783730699,mem_mib,pod=workload-cloud-6f545f89ff-5d228,35.25390625
1783730709,mem_mib,pod=workload-cloud-6f545f89ff-5d228,35.25390625
1783730719,mem_mib,pod=workload-cloud-6f545f89ff-5d228,35.25390625
1783730729,mem_mib,pod=workload-cloud-6f545f89ff-5d228,35.25390625
1783730309,mem_mib,pod=workload-cloud-6f545f89ff-8fdtl,2.875
1783730319,mem_mib,pod=workload-cloud-6f545f89ff-8fdtl,35.12890625
1783730329,mem_mib,pod=workload-cloud-6f545f89ff-8fdtl,35.1484375
1783730339,mem_mib,pod=workload-cloud-6f545f89ff-8fdtl,35.16796875
1783730349,mem_mib,pod=workload-cloud-6f545f89ff-8fdtl,35.16796875
1783730359,mem_mib,pod=workload-cloud-6f545f89ff-8fdtl,35.16796875
1783730369,mem_mib,pod=workload-cloud-6f545f89ff-8fdtl,35.16796875
1783730379,mem_mib,pod=workload-cloud-6f545f89ff-8fdtl,35.17578125
1783730389,mem_mib,pod=workload-cloud-6f545f89ff-8fdtl,35.1953125
1783730399,mem_mib,pod=workload-cloud-6f545f89ff-8fdtl,35.19921875
1783730409,mem_mib,pod=workload-cloud-6f545f89ff-8fdtl,35.19921875
1783730419,mem_mib,pod=workload-cloud-6f545f89ff-8fdtl,35.19921875
1783730429,mem_mib,pod=workload-cloud-6f545f89ff-8fdtl,35.19921875
1783730439,mem_mib,pod=workload-cloud-6f545f89ff-8fdtl,35.21484375
1783730449,mem_mib,pod=workload-cloud-6f545f89ff-8fdtl,35.21484375
1783730459,mem_mib,pod=workload-cloud-6f545f89ff-8fdtl,35.21484375
1783730469,mem_mib,pod=workload-cloud-6f545f89ff-8fdtl,35.21484375
1783730479,mem_mib,pod=workload-cloud-6f545f89ff-8fdtl,35.21484375
1783730489,mem_mib,pod=workload-cloud-6f545f89ff-8fdtl,35.21875
1783730499,mem_mib,pod=workload-cloud-6f545f89ff-8fdtl,35.22265625
1783730509,mem_mib,pod=workload-cloud-6f545f89ff-8fdtl,35.22265625
1783730519,mem_mib,pod=workload-cloud-6f545f89ff-8fdtl,35.22265625
1783730529,mem_mib,pod=workload-cloud-6f545f89ff-8fdtl,35.2265625
1783730539,mem_mib,pod=workload-cloud-6f545f89ff-8fdtl,35.2265625
1783730549,mem_mib,pod=workload-cloud-6f545f89ff-8fdtl,35.234375
1783730559,mem_mib,pod=workload-cloud-6f545f89ff-8fdtl,35.234375
1783730569,mem_mib,pod=workload-cloud-6f545f89ff-8fdtl,35.234375
1783730579,mem_mib,pod=workload-cloud-6f545f89ff-8fdtl,35.234375
1783730589,mem_mib,pod=workload-cloud-6f545f89ff-8fdtl,35.23828125
1783730599,mem_mib,pod=workload-cloud-6f545f89ff-8fdtl,35.50390625
1783730609,mem_mib,pod=workload-cloud-6f545f89ff-8fdtl,35.24609375
1783730619,mem_mib,pod=workload-cloud-6f545f89ff-8fdtl,35.24609375
1783730629,mem_mib,pod=workload-cloud-6f545f89ff-8fdtl,35.24609375
1783730639,mem_mib,pod=workload-cloud-6f545f89ff-8fdtl,35.25
1783730649,mem_mib,pod=workload-cloud-6f545f89ff-8fdtl,35.25
1783730659,mem_mib,pod=workload-cloud-6f545f89ff-8fdtl,35.25390625
1783730669,mem_mib,pod=workload-cloud-6f545f89ff-8fdtl,35.25390625
1783730679,mem_mib,pod=workload-cloud-6f545f89ff-8fdtl,35.25390625
1783730689,mem_mib,pod=workload-cloud-6f545f89ff-8fdtl,35.25390625
1783730699,mem_mib,pod=workload-cloud-6f545f89ff-8fdtl,35.25390625
1783730709,mem_mib,pod=workload-cloud-6f545f89ff-8fdtl,35.25390625
1783730719,mem_mib,pod=workload-cloud-6f545f89ff-8fdtl,35.25390625
1783730729,mem_mib,pod=workload-cloud-6f545f89ff-8fdtl,35.25390625
1783730079,mem_mib,pod=workload-cloud-6f545f89ff-9hvzm,40.05859375
1783730089,mem_mib,pod=workload-cloud-6f545f89ff-9hvzm,40.05859375
1783730099,mem_mib,pod=workload-cloud-6f545f89ff-9hvzm,40.34375
1783730109,mem_mib,pod=workload-cloud-6f545f89ff-9hvzm,40.34375
1783730119,mem_mib,pod=workload-cloud-6f545f89ff-9hvzm,40.41015625
1783730129,mem_mib,pod=workload-cloud-6f545f89ff-9hvzm,40.41015625
1783730139,mem_mib,pod=workload-cloud-6f545f89ff-9hvzm,40.6640625
1783730149,mem_mib,pod=workload-cloud-6f545f89ff-9hvzm,41.1640625
1783730159,mem_mib,pod=workload-cloud-6f545f89ff-9hvzm,40.78515625
1783730169,mem_mib,pod=workload-cloud-6f545f89ff-9hvzm,40.78515625
1783730179,mem_mib,pod=workload-cloud-6f545f89ff-9hvzm,40.9296875
1783730189,mem_mib,pod=workload-cloud-6f545f89ff-9hvzm,40.9296875
1783730199,mem_mib,pod=workload-cloud-6f545f89ff-9hvzm,40.80859375
1783730209,mem_mib,pod=workload-cloud-6f545f89ff-9hvzm,40.80859375
1783730219,mem_mib,pod=workload-cloud-6f545f89ff-9hvzm,40.7734375
1783730229,mem_mib,pod=workload-cloud-6f545f89ff-9hvzm,40.7734375
1783730239,mem_mib,pod=workload-cloud-6f545f89ff-9hvzm,40.7734375
1783730249,mem_mib,pod=workload-cloud-6f545f89ff-9hvzm,41.07421875
1783730259,mem_mib,pod=workload-cloud-6f545f89ff-9hvzm,41.37109375
1783730269,mem_mib,pod=workload-cloud-6f545f89ff-9hvzm,41.37109375
1783730279,mem_mib,pod=workload-cloud-6f545f89ff-9hvzm,42.2421875
1783730289,mem_mib,pod=workload-cloud-6f545f89ff-9hvzm,42.2421875
1783730299,mem_mib,pod=workload-cloud-6f545f89ff-9hvzm,42.11328125
1783730309,mem_mib,pod=workload-cloud-6f545f89ff-9hvzm,42.11328125
1783730319,mem_mib,pod=workload-cloud-6f545f89ff-9hvzm,41.82421875
1783730329,mem_mib,pod=workload-cloud-6f545f89ff-9hvzm,41.82421875
1783730339,mem_mib,pod=workload-cloud-6f545f89ff-9hvzm,41.82421875
1783730349,mem_mib,pod=workload-cloud-6f545f89ff-9hvzm,42.36328125
1783730359,mem_mib,pod=workload-cloud-6f545f89ff-9hvzm,42.078125
1783730369,mem_mib,pod=workload-cloud-6f545f89ff-9hvzm,42.8125
1783730379,mem_mib,pod=workload-cloud-6f545f89ff-9hvzm,41.83984375
1783730389,mem_mib,pod=workload-cloud-6f545f89ff-9hvzm,41.83984375
1783730399,mem_mib,pod=workload-cloud-6f545f89ff-9hvzm,41.90625
1783730409,mem_mib,pod=workload-cloud-6f545f89ff-9hvzm,41.90625
1783730419,mem_mib,pod=workload-cloud-6f545f89ff-9hvzm,41.8828125
1783730429,mem_mib,pod=workload-cloud-6f545f89ff-9hvzm,42.22265625
1783730439,mem_mib,pod=workload-cloud-6f545f89ff-9hvzm,42.22265625
1783730449,mem_mib,pod=workload-cloud-6f545f89ff-9hvzm,41.375
1783730459,mem_mib,pod=workload-cloud-6f545f89ff-9hvzm,41.73046875
1783730469,mem_mib,pod=workload-cloud-6f545f89ff-9hvzm,41.73046875
1783730479,mem_mib,pod=workload-cloud-6f545f89ff-9hvzm,40.70703125
1783730489,mem_mib,pod=workload-cloud-6f545f89ff-9hvzm,40.70703125
1783730499,mem_mib,pod=workload-cloud-6f545f89ff-9hvzm,40.9609375
1783730509,mem_mib,pod=workload-cloud-6f545f89ff-9hvzm,41.3203125
1783730519,mem_mib,pod=workload-cloud-6f545f89ff-9hvzm,40.67578125
1783730529,mem_mib,pod=workload-cloud-6f545f89ff-9hvzm,40.69921875
1783730539,mem_mib,pod=workload-cloud-6f545f89ff-9hvzm,40.69921875
1783730549,mem_mib,pod=workload-cloud-6f545f89ff-9hvzm,40.68359375
1783730559,mem_mib,pod=workload-cloud-6f545f89ff-9hvzm,40.9375
1783730569,mem_mib,pod=workload-cloud-6f545f89ff-9hvzm,40.9375
1783730579,mem_mib,pod=workload-cloud-6f545f89ff-9hvzm,41.95703125
1783730589,mem_mib,pod=workload-cloud-6f545f89ff-9hvzm,41.95703125
1783730599,mem_mib,pod=workload-cloud-6f545f89ff-9hvzm,40.69140625
1783730609,mem_mib,pod=workload-cloud-6f545f89ff-9hvzm,42.984375
1783730619,mem_mib,pod=workload-cloud-6f545f89ff-9hvzm,42.984375
1783730629,mem_mib,pod=workload-cloud-6f545f89ff-9hvzm,40.9140625
1783730639,mem_mib,pod=workload-cloud-6f545f89ff-9hvzm,41.3828125
1783730649,mem_mib,pod=workload-cloud-6f545f89ff-9hvzm,41.3828125
1783730659,mem_mib,pod=workload-cloud-6f545f89ff-9hvzm,40.53125
1783730669,mem_mib,pod=workload-cloud-6f545f89ff-9hvzm,40.09765625
1783730679,mem_mib,pod=workload-cloud-6f545f89ff-9hvzm,40.1015625
1783730689,mem_mib,pod=workload-cloud-6f545f89ff-9hvzm,40.1015625
1783730699,mem_mib,pod=workload-cloud-6f545f89ff-9hvzm,40.09765625
1783730709,mem_mib,pod=workload-cloud-6f545f89ff-9hvzm,40.09765625
1783730719,mem_mib,pod=workload-cloud-6f545f89ff-9hvzm,40.09765625
1783730729,mem_mib,pod=workload-cloud-6f545f89ff-9hvzm,40.09765625
1783730189,mem_mib,pod=workload-cloud-6f545f89ff-h7mt5,3.69140625
1783730199,mem_mib,pod=workload-cloud-6f545f89ff-h7mt5,35.1640625
1783730209,mem_mib,pod=workload-cloud-6f545f89ff-h7mt5,35.1640625
1783730219,mem_mib,pod=workload-cloud-6f545f89ff-h7mt5,35.65234375
1783730229,mem_mib,pod=workload-cloud-6f545f89ff-h7mt5,35.65234375
1783730239,mem_mib,pod=workload-cloud-6f545f89ff-h7mt5,35.83984375
1783730249,mem_mib,pod=workload-cloud-6f545f89ff-h7mt5,35.83984375
1783730259,mem_mib,pod=workload-cloud-6f545f89ff-h7mt5,35.8828125
1783730269,mem_mib,pod=workload-cloud-6f545f89ff-h7mt5,36.7578125
1783730279,mem_mib,pod=workload-cloud-6f545f89ff-h7mt5,36.7578125
1783730289,mem_mib,pod=workload-cloud-6f545f89ff-h7mt5,38.52734375
1783730299,mem_mib,pod=workload-cloud-6f545f89ff-h7mt5,38.52734375
1783730309,mem_mib,pod=workload-cloud-6f545f89ff-h7mt5,38.63671875
1783730319,mem_mib,pod=workload-cloud-6f545f89ff-h7mt5,40.76953125
1783730329,mem_mib,pod=workload-cloud-6f545f89ff-h7mt5,38.83203125
1783730339,mem_mib,pod=workload-cloud-6f545f89ff-h7mt5,39.4375
1783730349,mem_mib,pod=workload-cloud-6f545f89ff-h7mt5,39.18359375
1783730359,mem_mib,pod=workload-cloud-6f545f89ff-h7mt5,38.9765625
1783730369,mem_mib,pod=workload-cloud-6f545f89ff-h7mt5,38.9765625
1783730379,mem_mib,pod=workload-cloud-6f545f89ff-h7mt5,38.99609375
1783730389,mem_mib,pod=workload-cloud-6f545f89ff-h7mt5,39.26171875
1783730399,mem_mib,pod=workload-cloud-6f545f89ff-h7mt5,39.26171875
1783730409,mem_mib,pod=workload-cloud-6f545f89ff-h7mt5,40.6015625
1783730419,mem_mib,pod=workload-cloud-6f545f89ff-h7mt5,40.6015625
1783730429,mem_mib,pod=workload-cloud-6f545f89ff-h7mt5,40.08203125
1783730439,mem_mib,pod=workload-cloud-6f545f89ff-h7mt5,38.6796875
1783730449,mem_mib,pod=workload-cloud-6f545f89ff-h7mt5,38.6796875
1783730459,mem_mib,pod=workload-cloud-6f545f89ff-h7mt5,38.25390625
1783730469,mem_mib,pod=workload-cloud-6f545f89ff-h7mt5,38.25390625
1783730479,mem_mib,pod=workload-cloud-6f545f89ff-h7mt5,37.93359375
1783730489,mem_mib,pod=workload-cloud-6f545f89ff-h7mt5,37.93359375
1783730499,mem_mib,pod=workload-cloud-6f545f89ff-h7mt5,38.02734375
1783730509,mem_mib,pod=workload-cloud-6f545f89ff-h7mt5,38.28125
1783730519,mem_mib,pod=workload-cloud-6f545f89ff-h7mt5,37.94140625
1783730529,mem_mib,pod=workload-cloud-6f545f89ff-h7mt5,37.94140625
1783730539,mem_mib,pod=workload-cloud-6f545f89ff-h7mt5,38.03515625
1783730549,mem_mib,pod=workload-cloud-6f545f89ff-h7mt5,38.03515625
1783730559,mem_mib,pod=workload-cloud-6f545f89ff-h7mt5,37.97265625
1783730569,mem_mib,pod=workload-cloud-6f545f89ff-h7mt5,38.28515625
1783730579,mem_mib,pod=workload-cloud-6f545f89ff-h7mt5,38.28515625
1783730589,mem_mib,pod=workload-cloud-6f545f89ff-h7mt5,38.2890625
1783730599,mem_mib,pod=workload-cloud-6f545f89ff-h7mt5,38.7890625
1783730609,mem_mib,pod=workload-cloud-6f545f89ff-h7mt5,38.7890625
1783730619,mem_mib,pod=workload-cloud-6f545f89ff-h7mt5,38.54296875
1783730629,mem_mib,pod=workload-cloud-6f545f89ff-h7mt5,38.54296875
1783730639,mem_mib,pod=workload-cloud-6f545f89ff-h7mt5,38.453125
1783730649,mem_mib,pod=workload-cloud-6f545f89ff-h7mt5,37.890625
1783730659,mem_mib,pod=workload-cloud-6f545f89ff-h7mt5,37.890625
1783730669,mem_mib,pod=workload-cloud-6f545f89ff-h7mt5,37.84765625
1783730679,mem_mib,pod=workload-cloud-6f545f89ff-h7mt5,37.84765625
1783730689,mem_mib,pod=workload-cloud-6f545f89ff-h7mt5,37.84765625
1783730699,mem_mib,pod=workload-cloud-6f545f89ff-h7mt5,37.84765625
1783730709,mem_mib,pod=workload-cloud-6f545f89ff-h7mt5,37.84765625
1783730249,mem_mib,pod=workload-cloud-6f545f89ff-q4cfn,4.24609375
1783730259,mem_mib,pod=workload-cloud-6f545f89ff-q4cfn,35.15234375
1783730269,mem_mib,pod=workload-cloud-6f545f89ff-q4cfn,35.2890625
1783730279,mem_mib,pod=workload-cloud-6f545f89ff-q4cfn,36.58203125
1783730289,mem_mib,pod=workload-cloud-6f545f89ff-q4cfn,36.58203125
1783730299,mem_mib,pod=workload-cloud-6f545f89ff-q4cfn,38.53515625
1783730309,mem_mib,pod=workload-cloud-6f545f89ff-q4cfn,38.53515625
1783730319,mem_mib,pod=workload-cloud-6f545f89ff-q4cfn,39.0234375
1783730329,mem_mib,pod=workload-cloud-6f545f89ff-q4cfn,39.25
1783730339,mem_mib,pod=workload-cloud-6f545f89ff-q4cfn,39.01953125
1783730349,mem_mib,pod=workload-cloud-6f545f89ff-q4cfn,39.0703125
1783730359,mem_mib,pod=workload-cloud-6f545f89ff-q4cfn,39.0703125
1783730369,mem_mib,pod=workload-cloud-6f545f89ff-q4cfn,39.40625
1783730379,mem_mib,pod=workload-cloud-6f545f89ff-q4cfn,39.40625
1783730389,mem_mib,pod=workload-cloud-6f545f89ff-q4cfn,39.70703125
1783730399,mem_mib,pod=workload-cloud-6f545f89ff-q4cfn,39.21484375
1783730409,mem_mib,pod=workload-cloud-6f545f89ff-q4cfn,39.24609375
1783730419,mem_mib,pod=workload-cloud-6f545f89ff-q4cfn,39.234375
1783730429,mem_mib,pod=workload-cloud-6f545f89ff-q4cfn,39.234375
1783730439,mem_mib,pod=workload-cloud-6f545f89ff-q4cfn,38.609375
1783730449,mem_mib,pod=workload-cloud-6f545f89ff-q4cfn,37.953125
1783730459,mem_mib,pod=workload-cloud-6f545f89ff-q4cfn,37.953125
1783730469,mem_mib,pod=workload-cloud-6f545f89ff-q4cfn,37.8515625
1783730479,mem_mib,pod=workload-cloud-6f545f89ff-q4cfn,37.8515625
1783730489,mem_mib,pod=workload-cloud-6f545f89ff-q4cfn,37.859375
1783730499,mem_mib,pod=workload-cloud-6f545f89ff-q4cfn,37.859375
1783730509,mem_mib,pod=workload-cloud-6f545f89ff-q4cfn,37.859375
1783730519,mem_mib,pod=workload-cloud-6f545f89ff-q4cfn,37.859375
1783730529,mem_mib,pod=workload-cloud-6f545f89ff-q4cfn,37.859375
1783730539,mem_mib,pod=workload-cloud-6f545f89ff-q4cfn,37.85546875
1783730549,mem_mib,pod=workload-cloud-6f545f89ff-q4cfn,37.85546875
1783730559,mem_mib,pod=workload-cloud-6f545f89ff-q4cfn,37.85546875
1783730569,mem_mib,pod=workload-cloud-6f545f89ff-q4cfn,37.859375
1783730579,mem_mib,pod=workload-cloud-6f545f89ff-q4cfn,37.859375
1783730589,mem_mib,pod=workload-cloud-6f545f89ff-q4cfn,37.859375
1783730599,mem_mib,pod=workload-cloud-6f545f89ff-q4cfn,37.859375
1783730609,mem_mib,pod=workload-cloud-6f545f89ff-q4cfn,37.859375
1783730619,mem_mib,pod=workload-cloud-6f545f89ff-q4cfn,37.859375
1783730629,mem_mib,pod=workload-cloud-6f545f89ff-q4cfn,37.859375
1783730639,mem_mib,pod=workload-cloud-6f545f89ff-q4cfn,37.85546875
1783730649,mem_mib,pod=workload-cloud-6f545f89ff-q4cfn,37.85546875
1783730369,mem_mib,pod=workload-cloud-6f545f89ff-w8f86,3.42578125
1783730379,mem_mib,pod=workload-cloud-6f545f89ff-w8f86,35.14453125
1783730389,mem_mib,pod=workload-cloud-6f545f89ff-w8f86,35.14453125
1783730399,mem_mib,pod=workload-cloud-6f545f89ff-w8f86,35.16015625
1783730409,mem_mib,pod=workload-cloud-6f545f89ff-w8f86,35.171875
1783730419,mem_mib,pod=workload-cloud-6f545f89ff-w8f86,35.17578125
1783730429,mem_mib,pod=workload-cloud-6f545f89ff-w8f86,35.17578125
1783730439,mem_mib,pod=workload-cloud-6f545f89ff-w8f86,35.1875
1783730449,mem_mib,pod=workload-cloud-6f545f89ff-w8f86,35.203125
1783730459,mem_mib,pod=workload-cloud-6f545f89ff-w8f86,35.203125
1783730469,mem_mib,pod=workload-cloud-6f545f89ff-w8f86,35.203125
1783730479,mem_mib,pod=workload-cloud-6f545f89ff-w8f86,35.203125
1783730489,mem_mib,pod=workload-cloud-6f545f89ff-w8f86,35.203125
1783730499,mem_mib,pod=workload-cloud-6f545f89ff-w8f86,35.21875
1783730509,mem_mib,pod=workload-cloud-6f545f89ff-w8f86,35.21875
1783730519,mem_mib,pod=workload-cloud-6f545f89ff-w8f86,35.21875
1783730529,mem_mib,pod=workload-cloud-6f545f89ff-w8f86,35.21875
1783730539,mem_mib,pod=workload-cloud-6f545f89ff-w8f86,35.22265625
1783730549,mem_mib,pod=workload-cloud-6f545f89ff-w8f86,35.22265625
1783730559,mem_mib,pod=workload-cloud-6f545f89ff-w8f86,35.2265625
1783730569,mem_mib,pod=workload-cloud-6f545f89ff-w8f86,35.2265625
1783730579,mem_mib,pod=workload-cloud-6f545f89ff-w8f86,35.2265625
1783730589,mem_mib,pod=workload-cloud-6f545f89ff-w8f86,35.2265625
1783730599,mem_mib,pod=workload-cloud-6f545f89ff-w8f86,35.2421875
1783730609,mem_mib,pod=workload-cloud-6f545f89ff-w8f86,35.2421875
1783730619,mem_mib,pod=workload-cloud-6f545f89ff-w8f86,35.2421875
1783730629,mem_mib,pod=workload-cloud-6f545f89ff-w8f86,35.2421875
1783730639,mem_mib,pod=workload-cloud-6f545f89ff-w8f86,35.2421875
1783730649,mem_mib,pod=workload-cloud-6f545f89ff-w8f86,35.24609375
1783730659,mem_mib,pod=workload-cloud-6f545f89ff-w8f86,35.24609375
1783730669,mem_mib,pod=workload-cloud-6f545f89ff-w8f86,35.25
1783730679,mem_mib,pod=workload-cloud-6f545f89ff-w8f86,35.25
1783730689,mem_mib,pod=workload-cloud-6f545f89ff-w8f86,35.25
1783730699,mem_mib,pod=workload-cloud-6f545f89ff-w8f86,35.5078125
1783730709,mem_mib,pod=workload-cloud-6f545f89ff-w8f86,35.26171875
1783730719,mem_mib,pod=workload-cloud-6f545f89ff-w8f86,35.26171875
1783730729,mem_mib,pod=workload-cloud-6f545f89ff-w8f86,35.26171875
1783730079,mem_mib,pod=workload-edge-7b875fd8c6-pxwvc,35.9453125
1783730089,mem_mib,pod=workload-edge-7b875fd8c6-pxwvc,35.9453125
1783730099,mem_mib,pod=workload-edge-7b875fd8c6-pxwvc,35.9453125
1783730109,mem_mib,pod=workload-edge-7b875fd8c6-pxwvc,35.9453125
1783730119,mem_mib,pod=workload-edge-7b875fd8c6-pxwvc,35.9453125
1783730129,mem_mib,pod=workload-edge-7b875fd8c6-pxwvc,36.203125
1783730139,mem_mib,pod=workload-edge-7b875fd8c6-pxwvc,36.203125
1783730149,mem_mib,pod=workload-edge-7b875fd8c6-pxwvc,35.9453125
1783730159,mem_mib,pod=workload-edge-7b875fd8c6-pxwvc,35.9453125
1783730169,mem_mib,pod=workload-edge-7b875fd8c6-pxwvc,35.9453125
1783730179,mem_mib,pod=workload-edge-7b875fd8c6-pxwvc,35.9453125
1783730189,mem_mib,pod=workload-edge-7b875fd8c6-pxwvc,35.9453125
1783730199,mem_mib,pod=workload-edge-7b875fd8c6-pxwvc,35.9453125
1783730209,mem_mib,pod=workload-edge-7b875fd8c6-pxwvc,35.9453125
1783730219,mem_mib,pod=workload-edge-7b875fd8c6-pxwvc,35.9453125
1783730229,mem_mib,pod=workload-edge-7b875fd8c6-pxwvc,35.9453125
1783730239,mem_mib,pod=workload-edge-7b875fd8c6-pxwvc,35.9453125
1783730249,mem_mib,pod=workload-edge-7b875fd8c6-pxwvc,36.19140625
1783730259,mem_mib,pod=workload-edge-7b875fd8c6-pxwvc,35.9453125
1783730269,mem_mib,pod=workload-edge-7b875fd8c6-pxwvc,35.9453125
1783730279,mem_mib,pod=workload-edge-7b875fd8c6-pxwvc,35.9453125
1783730289,mem_mib,pod=workload-edge-7b875fd8c6-pxwvc,35.9453125
1783730299,mem_mib,pod=workload-edge-7b875fd8c6-pxwvc,35.9453125
1783730309,mem_mib,pod=workload-edge-7b875fd8c6-pxwvc,35.9453125
1783730319,mem_mib,pod=workload-edge-7b875fd8c6-pxwvc,35.9453125
1783730329,mem_mib,pod=workload-edge-7b875fd8c6-pxwvc,35.9453125
1783730339,mem_mib,pod=workload-edge-7b875fd8c6-pxwvc,35.9453125
1783730349,mem_mib,pod=workload-edge-7b875fd8c6-pxwvc,35.9453125
1783730359,mem_mib,pod=workload-edge-7b875fd8c6-pxwvc,35.9453125
1783730369,mem_mib,pod=workload-edge-7b875fd8c6-pxwvc,35.9453125
1783730379,mem_mib,pod=workload-edge-7b875fd8c6-pxwvc,35.9453125
1783730389,mem_mib,pod=workload-edge-7b875fd8c6-pxwvc,35.9453125
1783730399,mem_mib,pod=workload-edge-7b875fd8c6-pxwvc,35.9453125
1783730409,mem_mib,pod=workload-edge-7b875fd8c6-pxwvc,35.9453125
1783730419,mem_mib,pod=workload-edge-7b875fd8c6-pxwvc,35.9453125
1783730429,mem_mib,pod=workload-edge-7b875fd8c6-pxwvc,35.9453125
1783730439,mem_mib,pod=workload-edge-7b875fd8c6-pxwvc,35.9453125
1783730449,mem_mib,pod=workload-edge-7b875fd8c6-pxwvc,35.9453125
1783730459,mem_mib,pod=workload-edge-7b875fd8c6-pxwvc,35.9453125
1783730469,mem_mib,pod=workload-edge-7b875fd8c6-pxwvc,35.9453125
1783730479,mem_mib,pod=workload-edge-7b875fd8c6-pxwvc,35.94921875
1783730489,mem_mib,pod=workload-edge-7b875fd8c6-pxwvc,35.94921875
1783730499,mem_mib,pod=workload-edge-7b875fd8c6-pxwvc,35.94921875
1783730509,mem_mib,pod=workload-edge-7b875fd8c6-pxwvc,35.94921875
1783730519,mem_mib,pod=workload-edge-7b875fd8c6-pxwvc,35.94921875
1783730529,mem_mib,pod=workload-edge-7b875fd8c6-pxwvc,35.94921875
1783730539,mem_mib,pod=workload-edge-7b875fd8c6-pxwvc,35.94921875
1783730549,mem_mib,pod=workload-edge-7b875fd8c6-pxwvc,35.94921875
1783730559,mem_mib,pod=workload-edge-7b875fd8c6-pxwvc,35.94921875
1783730569,mem_mib,pod=workload-edge-7b875fd8c6-pxwvc,35.953125
1783730579,mem_mib,pod=workload-edge-7b875fd8c6-pxwvc,35.953125
1783730589,mem_mib,pod=workload-edge-7b875fd8c6-pxwvc,35.9453125
1783730599,mem_mib,pod=workload-edge-7b875fd8c6-pxwvc,35.9453125
1783730609,mem_mib,pod=workload-edge-7b875fd8c6-pxwvc,35.94921875
1783730619,mem_mib,pod=workload-edge-7b875fd8c6-pxwvc,35.94921875
1783730629,mem_mib,pod=workload-edge-7b875fd8c6-pxwvc,35.94921875
1783730639,mem_mib,pod=workload-edge-7b875fd8c6-pxwvc,35.94921875
1783730649,mem_mib,pod=workload-edge-7b875fd8c6-pxwvc,35.9453125
1783730659,mem_mib,pod=workload-edge-7b875fd8c6-pxwvc,35.94921875
1783730669,mem_mib,pod=workload-edge-7b875fd8c6-pxwvc,35.94921875
1783730679,mem_mib,pod=workload-edge-7b875fd8c6-pxwvc,35.94921875
1783730689,mem_mib,pod=workload-edge-7b875fd8c6-pxwvc,35.94921875
1783730699,mem_mib,pod=workload-edge-7b875fd8c6-pxwvc,35.94921875
1783730709,mem_mib,pod=workload-edge-7b875fd8c6-pxwvc,35.94921875
1783730719,mem_mib,pod=workload-edge-7b875fd8c6-pxwvc,35.94921875
1783730729,mem_mib,pod=workload-edge-7b875fd8c6-pxwvc,35.94921875
1783730079,rps,tier=cloud,0.0
1783730089,rps,tier=cloud,1.0800568032481919
1783730099,rps,tier=cloud,6.2400976039041565
1783730109,rps,tier=cloud,15.360921655299318
1783730119,rps,tier=cloud,28.462018946034757
1783730129,rps,tier=cloud,45.60140124759374
1783730139,rps,tier=cloud,65.74325376759295
1783730149,rps,tier=cloud,85.68603083302368
1783730159,rps,tier=cloud,105.46421856874275
1783730169,rps,tier=cloud,124.50619512069721
1783730179,rps,tier=cloud,142.1270783667317
1783730189,rps,tier=cloud,159.16792801079805
1783730199,rps,tier=cloud,176.20704828193126
1783730209,rps,tier=cloud,196.10266982491174
1783730219,rps,tier=cloud,214.86004011919658
1783730229,rps,tier=cloud,233.67018281372532
1783730239,rps,tier=cloud,252.28808157877114
1783730249,rps,tier=cloud,268.67504959771844
1783730259,rps,tier=cloud,289.62437464423925
1783730269,rps,tier=cloud,316.1717612527377
1783730279,rps,tier=cloud,379.3928821220242
1783730289,rps,tier=cloud,579.443648337709
1783730299,rps,tier=cloud,782.6851579696241
1783730309,rps,tier=cloud,1003.5468802062392
1783730319,rps,tier=cloud,1202.2612799569881
1783730329,rps,tier=cloud,1351.6873463042139
1783730339,rps,tier=cloud,1424.471605556756
1783730349,rps,tier=cloud,1438.1372790763783
1783730359,rps,tier=cloud,1433.807381296992
1783730369,rps,tier=cloud,1439.5267658280989
1783730379,rps,tier=cloud,1433.0765806072448
1783730389,rps,tier=cloud,1435.3071100662696
1783730399,rps,tier=cloud,1449.2377376820334
1783730409,rps,tier=cloud,1449.827255433717
1783730419,rps,tier=cloud,1441.6538999189072
1783730429,rps,tier=cloud,1395.8156453949575
1783730439,rps,tier=cloud,1279.6538921091128
1783730449,rps,tier=cloud,1090.6793662404841
1783730459,rps,tier=cloud,872.8111526571574
1783730469,rps,tier=cloud,660.257829459036
1783730479,rps,tier=cloud,489.4474652854477
1783730489,rps,tier=cloud,390.67045890706765
1783730499,rps,tier=cloud,356.89784092753797
1783730509,rps,tier=cloud,357.65447192533384
1783730519,rps,tier=cloud,358.76945232566277
1783730529,rps,tier=cloud,358.0990414447068
1783730539,rps,tier=cloud,357.2591499547653
1783730549,rps,tier=cloud,356.8105420898957
1783730559,rps,tier=cloud,355.2213132787968
1783730569,rps,tier=cloud,355.4390678989051
1783730579,rps,tier=cloud,357.048269410526
1783730589,rps,tier=cloud,356.6013973814706
1783730599,rps,tier=cloud,357.1427383143607
1783730609,rps,tier=cloud,357.1754206848475
1783730619,rps,tier=cloud,355.4613276796608
1783730629,rps,tier=cloud,351.25517787477503
1783730639,rps,tier=cloud,330.08837627399595
1783730649,rps,tier=cloud,289.85159406376255
1783730659,rps,tier=cloud,227.24908996359855
1783730669,rps,tier=cloud,156.50523859725612
1783730679,rps,tier=cloud,88.46528071575491
1783730689,rps,tier=cloud,39.282356941416495
1783730699,rps,tier=cloud,8.320332813312532
1783730709,rps,tier=cloud,0.0
1783730719,rps,tier=cloud,0.0
1783730729,rps,tier=cloud,0.0
1783730079,lat50_ms,tier=cloud,1.5555555555555556
1783730089,lat50_ms,tier=cloud,1.5744680069101893
1783730099,lat50_ms,tier=cloud,1.619047608740128
1783730109,lat50_ms,tier=cloud,1.9297823264126874
1783730119,lat50_ms,tier=cloud,2.4356938033174673
1783730129,lat50_ms,tier=cloud,2.7453126669656602
1783730139,lat50_ms,tier=cloud,2.7977121565172305
1783730149,lat50_ms,tier=cloud,2.864490060057834
1783730159,lat50_ms,tier=cloud,3.076808702950271
1783730169,lat50_ms,tier=cloud,3.2945317867477595
1783730179,lat50_ms,tier=cloud,3.7507553068831543
1783730189,lat50_ms,tier=cloud,4.232585376728794
1783730199,lat50_ms,tier=cloud,4.661504004024015
1783730209,lat50_ms,tier=cloud,5.051181523077393
1783730219,lat50_ms,tier=cloud,5.812007683605603
1783730229,lat50_ms,tier=cloud,6.281460133397202
1783730239,lat50_ms,tier=cloud,6.987428738227394
1783730249,lat50_ms,tier=cloud,7.881898523523827
1783730259,lat50_ms,tier=cloud,8.793856407231512
1783730269,lat50_ms,tier=cloud,9.284927820417382
1783730279,lat50_ms,tier=cloud,10.858482592669802
1783730289,lat50_ms,tier=cloud,12.56784584962285
1783730299,lat50_ms,tier=cloud,15.043476422922792
1783730309,lat50_ms,tier=cloud,17.58381583698787
1783730319,lat50_ms,tier=cloud,20.640185249287583
1783730329,lat50_ms,tier=cloud,23.408630089043605
1783730339,lat50_ms,tier=cloud,25.94109223075524
1783730349,lat50_ms,tier=cloud,27.83886060294914
1783730359,lat50_ms,tier=cloud,28.86425250166317
1783730369,lat50_ms,tier=cloud,29.527572839159106
1783730379,lat50_ms,tier=cloud,30.25520330664279
1783730389,lat50_ms,tier=cloud,31.127744948210623
1783730399,lat50_ms,tier=cloud,31.42537084128548
1783730409,lat50_ms,tier=cloud,31.608298881609834
1783730419,lat50_ms,tier=cloud,31.770671514765258
1783730429,lat50_ms,tier=cloud,31.48126663783405
1783730439,lat50_ms,tier=cloud,31.03462035436685
1783730449,lat50_ms,tier=cloud,30.117257184345583
1783730459,lat50_ms,tier=cloud,29.01664793152429
1783730469,lat50_ms,tier=cloud,27.999615047594503
1783730479,lat50_ms,tier=cloud,26.903065501233705
1783730489,lat50_ms,tier=cloud,24.96998709633097
1783730499,lat50_ms,tier=cloud,22.040382551293177
1783730509,lat50_ms,tier=cloud,18.927905125168724
1783730519,lat50_ms,tier=cloud,15.748888135438971
1783730529,lat50_ms,tier=cloud,12.612116634691683
1783730539,lat50_ms,tier=cloud,10.283616474527165
1783730549,lat50_ms,tier=cloud,8.657157089659657
1783730559,lat50_ms,tier=cloud,8.677420703258353
1783730569,lat50_ms,tier=cloud,8.502709022171397
1783730579,lat50_ms,tier=cloud,8.300060647600791
1783730589,lat50_ms,tier=cloud,8.46517234318309
1783730599,lat50_ms,tier=cloud,8.581819612704484
1783730609,lat50_ms,tier=cloud,8.659588671250717
1783730619,lat50_ms,tier=cloud,8.897916666666665
1783730629,lat50_ms,tier=cloud,9.189255627827205
1783730639,lat50_ms,tier=cloud,9.384187698194442
1783730649,lat50_ms,tier=cloud,9.298281174758953
1783730659,lat50_ms,tier=cloud,9.052112666294743
1783730669,lat50_ms,tier=cloud,9.0244940169935
1783730679,lat50_ms,tier=cloud,9.532183581422695
1783730689,lat50_ms,tier=cloud,10.23692847825752
1783730699,lat50_ms,tier=cloud,10.2049082916007
1783730709,lat50_ms,tier=cloud,10.162929459060923
1783730719,lat50_ms,tier=cloud,10.269914081192878
1783730729,lat50_ms,tier=cloud,10.471158900605184
1783730079,lat95_ms,tier=cloud,3.5
1783730089,lat95_ms,tier=cloud,3.8428560852924107
1783730099,lat95_ms,tier=cloud,4.219999945452751
1783730109,lat95_ms,tier=cloud,4.996214295498041
1783730119,lat95_ms,tier=cloud,7.035417653150973
1783730129,lat95_ms,tier=cloud,6.797753057618717
1783730139,lat95_ms,tier=cloud,7.647183148078691
1783730149,lat95_ms,tier=cloud,7.92599380143396
1783730159,lat95_ms,tier=cloud,8.725814008440695
1783730169,lat95_ms,tier=cloud,10.197901160328575
1783730179,lat95_ms,tier=cloud,16.936186667713446
1783730189,lat95_ms,tier=cloud,18.022927119745887
1783730199,lat95_ms,tier=cloud,18.391124504733973
1783730209,lat95_ms,tier=cloud,18.561067203252307
1783730219,lat95_ms,tier=cloud,18.657617111794742
1783730229,lat95_ms,tier=cloud,18.70870549297752
1783730239,lat95_ms,tier=cloud,18.849705319140433
1783730249,lat95_ms,tier=cloud,19.100489112065656
1783730259,lat95_ms,tier=cloud,19.292231434327864
1783730269,lat95_ms,tier=cloud,19.49222976637132
1783730279,lat95_ms,tier=cloud,29.728124131728887
1783730289,lat95_ms,tier=cloud,42.320448278927906
1783730299,lat95_ms,tier=cloud,46.73926650825699
1783730309,lat95_ms,tier=cloud,48.269559440188985
1783730319,lat95_ms,tier=cloud,49.363469483407485
1783730329,lat95_ms,tier=cloud,49.55409867590599
1783730339,lat95_ms,tier=cloud,49.87968783750157
1783730349,lat95_ms,tier=cloud,52.3423678032553
1783730359,lat95_ms,tier=cloud,53.664284146211926
1783730369,lat95_ms,tier=cloud,54.56775295142396
1783730379,lat95_ms,tier=cloud,55.486003158005154
1783730389,lat95_ms,tier=cloud,57.000441197977715
1783730399,lat95_ms,tier=cloud,57.88784759945399
1783730409,lat95_ms,tier=cloud,58.4791003032056
1783730419,lat95_ms,tier=cloud,59.29832345862117
1783730429,lat95_ms,tier=cloud,58.18838490826961
1783730439,lat95_ms,tier=cloud,57.828435928708686
1783730449,lat95_ms,tier=cloud,57.151075708540965
1783730459,lat95_ms,tier=cloud,55.805783299315365
1783730469,lat95_ms,tier=cloud,54.91731953220827
1783730479,lat95_ms,tier=cloud,53.9528950032729
1783730489,lat95_ms,tier=cloud,52.34445506396781
1783730499,lat95_ms,tier=cloud,49.820925534636324
1783730509,lat95_ms,tier=cloud,49.43307595088031
1783730519,lat95_ms,tier=cloud,48.23569005178124
1783730529,lat95_ms,tier=cloud,44.97057270062267
1783730539,lat95_ms,tier=cloud,38.753420007415166
1783730549,lat95_ms,tier=cloud,25.0842907481659
1783730559,lat95_ms,tier=cloud,20.564239737427396
1783730569,lat95_ms,tier=cloud,19.914937637691484
1783730579,lat95_ms,tier=cloud,19.83601735836273
1783730589,lat95_ms,tier=cloud,19.86471065332205
1783730599,lat95_ms,tier=cloud,19.850743639165618
1783730609,lat95_ms,tier=cloud,19.900723019864046
1783730619,lat95_ms,tier=cloud,20.48542713567841
1783730629,lat95_ms,tier=cloud,21.887631655547132
1783730639,lat95_ms,tier=cloud,20.73172223621741
1783730649,lat95_ms,tier=cloud,20.605444997315686
1783730659,lat95_ms,tier=cloud,20.988229575631
1783730669,lat95_ms,tier=cloud,19.951373239924955
1783730679,lat95_ms,tier=cloud,21.994493801511915
1783730689,lat95_ms,tier=cloud,23.533368814389036
1783730699,lat95_ms,tier=cloud,22.62648310637178
1783730709,lat95_ms,tier=cloud,20.59917003400778
1783730719,lat95_ms,tier=cloud,19.916305662107007
1783730729,lat95_ms,tier=cloud,19.688468151631756
1783730079,lat99_ms,tier=cloud,4.700000000000002
1783730089,lat99_ms,tier=cloud,4.768571217058483
1783730099,lat99_ms,tier=cloud,4.843999989090551
1783730109,lat99_ms,tier=cloud,8.989473074132171
1783730119,lat99_ms,tier=cloud,9.407083530630198
1783730129,lat99_ms,tier=cloud,9.359550611523746
1783730139,lat99_ms,tier=cloud,9.529436629615736
1783730149,lat99_ms,tier=cloud,9.585198760286794
1783730159,lat99_ms,tier=cloud,9.883093845779861
1783730169,lat99_ms,tier=cloud,18.16457987397101
1783730179,lat99_ms,tier=cloud,19.484997082495333
1783730189,lat99_ms,tier=cloud,19.68088771921045
1783730199,lat99_ms,tier=cloud,19.76904014582289
1783730209,lat99_ms,tier=cloud,19.801474249576547
1783730219,lat99_ms,tier=cloud,19.813862917799568
1783730229,lat99_ms,tier=cloud,19.84523480346635
1783730239,lat99_ms,tier=cloud,19.897764519668087
1783730249,lat99_ms,tier=cloud,26.494356119821617
1783730259,lat99_ms,tier=cloud,33.95563454159014
1783730269,lat99_ms,tier=cloud,38.91345540546319
1783730279,lat99_ms,tier=cloud,45.94562482634579
1783730289,lat99_ms,tier=cloud,48.66100316593106
1783730299,lat99_ms,tier=cloud,59.169801884487576
1783730309,lat99_ms,tier=cloud,65.6498906903498
1783730319,lat99_ms,tier=cloud,68.7543168450258
1783730329,lat99_ms,tier=cloud,69.0933835070797
1783730339,lat99_ms,tier=cloud,69.76312136986859
1783730349,lat99_ms,tier=cloud,70.46847356065105
1783730359,lat99_ms,tier=cloud,70.73285682924238
1783730369,lat99_ms,tier=cloud,70.91355059028476
1783730379,lat99_ms,tier=cloud,71.0993360585596
1783730389,lat99_ms,tier=cloud,71.41135161932294
1783730399,lat99_ms,tier=cloud,71.58799614384763
1783730409,lat99_ms,tier=cloud,71.70581173566082
1783730419,lat99_ms,tier=cloud,71.8723661370168
1783730429,lat99_ms,tier=cloud,71.65492430611418
1783730439,lat99_ms,tier=cloud,71.5840290751077
1783730449,lat99_ms,tier=cloud,71.45049913199286
1783730459,lat99_ms,tier=cloud,71.184711001656
1783730469,lat99_ms,tier=cloud,71.0103528505811
1783730479,lat99_ms,tier=cloud,70.821620460184
1783730489,lat99_ms,tier=cloud,70.50229236826766
1783730499,lat99_ms,tier=cloud,69.71128466513827
1783730509,lat99_ms,tier=cloud,69.04365191020345
1783730519,lat99_ms,tier=cloud,66.3759768815615
1783730529,lat99_ms,tier=cloud,49.59504527050959
1783730539,lat99_ms,tier=cloud,47.754604285599974
1783730549,lat99_ms,tier=cloud,45.01685814963318
1783730559,lat99_ms,tier=cloud,44.112847947485506
1783730569,lat99_ms,tier=cloud,43.56314201781328
1783730579,lat99_ms,tier=cloud,43.12881952061175
1783730589,lat99_ms,tier=cloud,43.29047052461984
1783730599,lat99_ms,tier=cloud,43.18562007479632
1783730609,lat99_ms,tier=cloud,43.477764494932906
1783730619,lat99_ms,tier=cloud,44.0970854271357
1783730629,lat99_ms,tier=cloud,44.377526331109394
1783730639,lat99_ms,tier=cloud,44.14634444724352
1783730649,lat99_ms,tier=cloud,44.12108899946316
1783730659,lat99_ms,tier=cloud,44.19764591512616
1783730669,lat99_ms,tier=cloud,43.74748766682891
1783730679,lat99_ms,tier=cloud,44.398898760302394
1783730689,lat99_ms,tier=cloud,44.70667376287778
1783730699,lat99_ms,tier=cloud,44.52529662127434
1783730709,lat99_ms,tier=cloud,44.11983400680153
1783730719,lat99_ms,tier=cloud,43.49180008911857
1783730729,lat99_ms,tier=cloud,41.376992205395574
1783730079,inflight,tier=cloud,0.0
1783730089,inflight,tier=cloud,0.0
1783730099,inflight,tier=cloud,0.0
1783730109,inflight,tier=cloud,0.0
1783730119,inflight,tier=cloud,0.0
1783730129,inflight,tier=cloud,0.0
1783730139,inflight,tier=cloud,0.0
1783730149,inflight,tier=cloud,0.0
1783730159,inflight,tier=cloud,0.0
1783730169,inflight,tier=cloud,0.0
1783730179,inflight,tier=cloud,0.0
1783730189,inflight,tier=cloud,0.0
1783730199,inflight,tier=cloud,0.0
1783730209,inflight,tier=cloud,0.0
1783730219,inflight,tier=cloud,0.0
1783730229,inflight,tier=cloud,0.0
1783730239,inflight,tier=cloud,0.0
1783730249,inflight,tier=cloud,0.0
1783730259,inflight,tier=cloud,0.0
1783730269,inflight,tier=cloud,4.0
1783730279,inflight,tier=cloud,0.0
1783730289,inflight,tier=cloud,0.0
1783730299,inflight,tier=cloud,29.0
1783730309,inflight,tier=cloud,42.0
1783730319,inflight,tier=cloud,6.0
1783730329,inflight,tier=cloud,32.0
1783730339,inflight,tier=cloud,8.0
1783730349,inflight,tier=cloud,6.0
1783730359,inflight,tier=cloud,23.0
1783730369,inflight,tier=cloud,31.0
1783730379,inflight,tier=cloud,11.0
1783730389,inflight,tier=cloud,26.0
1783730399,inflight,tier=cloud,0.0
1783730409,inflight,tier=cloud,16.0
1783730419,inflight,tier=cloud,4.0
1783730429,inflight,tier=cloud,6.0
1783730439,inflight,tier=cloud,0.0
1783730449,inflight,tier=cloud,0.0
1783730459,inflight,tier=cloud,0.0
1783730469,inflight,tier=cloud,5.0
1783730479,inflight,tier=cloud,0.0
1783730489,inflight,tier=cloud,0.0
1783730499,inflight,tier=cloud,0.0
1783730509,inflight,tier=cloud,1.0
1783730519,inflight,tier=cloud,0.0
1783730529,inflight,tier=cloud,0.0
1783730539,inflight,tier=cloud,0.0
1783730549,inflight,tier=cloud,0.0
1783730559,inflight,tier=cloud,0.0
1783730569,inflight,tier=cloud,0.0
1783730579,inflight,tier=cloud,0.0
1783730589,inflight,tier=cloud,0.0
1783730599,inflight,tier=cloud,0.0
1783730609,inflight,tier=cloud,0.0
1783730619,inflight,tier=cloud,0.0
1783730629,inflight,tier=cloud,0.0
1783730639,inflight,tier=cloud,0.0
1783730649,inflight,tier=cloud,0.0
1783730659,inflight,tier=cloud,0.0
1783730669,inflight,tier=cloud,0.0
1783730679,inflight,tier=cloud,0.0
1783730689,inflight,tier=cloud,0.0
1783730699,inflight,tier=cloud,0.0
1783730709,inflight,tier=cloud,0.0
1783730719,inflight,tier=cloud,0.0
1783730729,inflight,tier=cloud,0.0
1783730079,inflight,tier=edge,0.0
1783730089,inflight,tier=edge,0.0
1783730099,inflight,tier=edge,0.0
1783730109,inflight,tier=edge,0.0
1783730119,inflight,tier=edge,0.0
1783730129,inflight,tier=edge,0.0
1783730139,inflight,tier=edge,0.0
1783730149,inflight,tier=edge,0.0
1783730159,inflight,tier=edge,0.0
1783730169,inflight,tier=edge,0.0
1783730179,inflight,tier=edge,0.0
1783730189,inflight,tier=edge,0.0
1783730199,inflight,tier=edge,0.0
1783730209,inflight,tier=edge,0.0
1783730219,inflight,tier=edge,0.0
1783730229,inflight,tier=edge,0.0
1783730239,inflight,tier=edge,0.0
1783730249,inflight,tier=edge,0.0
1783730259,inflight,tier=edge,0.0
1783730269,inflight,tier=edge,0.0
1783730279,inflight,tier=edge,0.0
1783730289,inflight,tier=edge,0.0
1783730299,inflight,tier=edge,0.0
1783730309,inflight,tier=edge,0.0
1783730319,inflight,tier=edge,0.0
1783730329,inflight,tier=edge,0.0
1783730339,inflight,tier=edge,0.0
1783730349,inflight,tier=edge,0.0
1783730359,inflight,tier=edge,0.0
1783730369,inflight,tier=edge,0.0
1783730379,inflight,tier=edge,0.0
1783730389,inflight,tier=edge,0.0
1783730399,inflight,tier=edge,0.0
1783730409,inflight,tier=edge,0.0
1783730419,inflight,tier=edge,0.0
1783730429,inflight,tier=edge,0.0
1783730439,inflight,tier=edge,0.0
1783730449,inflight,tier=edge,0.0
1783730459,inflight,tier=edge,0.0
1783730469,inflight,tier=edge,0.0
1783730479,inflight,tier=edge,0.0
1783730489,inflight,tier=edge,0.0
1783730499,inflight,tier=edge,0.0
1783730509,inflight,tier=edge,0.0
1783730519,inflight,tier=edge,0.0
1783730529,inflight,tier=edge,0.0
1783730539,inflight,tier=edge,0.0
1783730549,inflight,tier=edge,0.0
1783730559,inflight,tier=edge,0.0
1783730569,inflight,tier=edge,0.0
1783730579,inflight,tier=edge,0.0
1783730589,inflight,tier=edge,0.0
1783730599,inflight,tier=edge,0.0
1783730609,inflight,tier=edge,0.0
1783730619,inflight,tier=edge,0.0
1783730629,inflight,tier=edge,0.0
1783730639,inflight,tier=edge,0.0
1783730649,inflight,tier=edge,0.0
1783730659,inflight,tier=edge,0.0
1783730669,inflight,tier=edge,0.0
1783730679,inflight,tier=edge,0.0
1783730689,inflight,tier=edge,0.0
1783730699,inflight,tier=edge,0.0
1783730709,inflight,tier=edge,0.0
1783730719,inflight,tier=edge,0.0
1783730729,inflight,tier=edge,0.0
