ts,metric,labels,value
1783697076,replicas_status,deployment=workload-cloud,1.0
1783697086,replicas_status,deployment=workload-cloud,1.0
1783697096,replicas_status,deployment=workload-cloud,1.0
1783697106,replicas_status,deployment=workload-cloud,1.0
1783697116,replicas_status,deployment=workload-cloud,1.0
1783697126,replicas_status,deployment=workload-cloud,1.0
1783697136,replicas_status,deployment=workload-cloud,1.0
1783697146,replicas_status,deployment=workload-cloud,1.0
1783697156,replicas_status,deployment=workload-cloud,1.0
1783697166,replicas_status,deployment=workload-cloud,2.0
1783697176,replicas_status,deployment=workload-cloud,2.0
1783697186,replicas_status,deployment=workload-cloud,2.0
1783697196,replicas_status,deployment=workload-cloud,3.0
1783697206,replicas_status,deployment=workload-cloud,3.0
1783697216,replicas_status,deployment=workload-cloud,3.0
1783697226,replicas_status,deployment=workload-cloud,3.0
1783697236,replicas_status,deployment=workload-cloud,4.0
1783697246,replicas_status,deployment=workload-cloud,4.0
1783697256,replicas_status,deployment=workload-cloud,4.0
1783697266,replicas_status,deployment=workload-cloud,5.0
1783697276,replicas_status,deployment=workload-cloud,5.0
1783697286,replicas_status,deployment=workload-cloud,5.0
1783697296,replicas_status,deployment=workload-cloud,6.0
1783697306,replicas_status,deployment=workload-cloud,6.0
1783697316,replicas_status,deployment=workload-cloud,6.0
1783697326,replicas_status,deployment=workload-cloud,6.0
1783697336,replicas_status,deployment=workload-cloud,6.0
1783697346,replicas_status,deployment=workload-cloud,6.0
1783697356,replicas_status,deployment=workload-cloud,6.0
1783697366,replicas_status,deployment=workload-cloud,6.0
1783697376,replicas_status,deployment=workload-cloud,6.0
1783697386,replicas_status,deployment=workload-cloud,6.0
1783697396,replicas_status,deployment=workload-cloud,6.0
1783697406,replicas_status,deployment=workload-cloud,6.0
1783697416,replicas_status,deployment=workload-cloud,6.0
1783697426,replicas_status,deployment=workload-cloud,6.0
1783697436,replicas_status,deployment=workload-cloud,6.0
1783697446,replicas_status,deployment=workload-cloud,6.0
1783697456,replicas_status,deployment=workload-cloud,6.0
1783697466,replicas_status,deployment=workload-cloud,6.0
1783697476,replicas_status,deployment=workload-cloud,6.0
1783697486,replicas_status,deployment=workload-cloud,6.0
1783697496,replicas_status,deployment=workload-cloud,6.0
1783697506,replicas_status,deployment=workload-cloud,6.0
1783697516,replicas_status,deployment=workload-cloud,6.0
1783697526,replicas_status,deployment=workload-cloud,6.0
1783697536,replicas_status,deployment=workload-cloud,6.0
1783697546,replicas_status,deployment=workload-cloud,6.0
1783697556,replicas_status,deployment=workload-cloud,6.0
1783697566,replicas_status,deployment=workload-cloud,6.0
1783697576,replicas_status,deployment=workload-cloud,6.0
1783697586,replicas_status,deployment=workload-cloud,6.0
1783697596,replicas_status,deployment=workload-cloud,6.0
1783697606,replicas_status,deployment=workload-cloud,6.0
1783697616,replicas_status,deployment=workload-cloud,6.0
1783697626,replicas_status,deployment=workload-cloud,6.0
1783697636,replicas_status,deployment=workload-cloud,6.0
1783697646,replicas_status,deployment=workload-cloud,6.0
1783697656,replicas_status,deployment=workload-cloud,6.0
1783697666,replicas_status,deployment=workload-cloud,6.0
1783697676,replicas_status,deployment=workload-cloud,6.0
1783697686,replicas_status,deployment=workload-cloud,6.0
1783697696,replicas_status,deployment=workload-cloud,6.0
1783697706,replicas_status,deployment=workload-cloud,6.0
1783697716,replicas_status,deployment=workload-cloud,6.0
1783697076,replicas_status,deployment=workload-edge,1.0
1783697086,replicas_status,deployment=workload-edge,1.0
1783697096,replicas_status,deployment=workload-edge,1.0
1783697106,replicas_status,deployment=workload-edge,1.0
1783697116,replicas_status,deployment=workload-edge,1.0
1783697126,replicas_status,deployment=workload-edge,1.0
1783697136,replicas_status,deployment=workload-edge,1.0
1783697146,replicas_status,deployment=workload-edge,1.0
1783697156,replicas_status,deployment=workload-edge,1.0
1783697166,replicas_status,deployment=workload-edge,1.0
1783697176,replicas_status,deployment=workload-edge,1.0
1783697186,replicas_status,deployment=workload-edge,1.0
1783697196,replicas_status,deployment=workload-edge,1.0
1783697206,replicas_status,deployment=workload-edge,1.0
1783697216,replicas_status,deployment=workload-edge,1.0
1783697226,replicas_status,deployment=workload-edge,1.0
1783697236,replicas_status,deployment=workload-edge,1.0
1783697246,replicas_status,deployment=workload-edge,1.0
1783697256,replicas_status,deployment=workload-edge,1.0
1783697266,replicas_status,deployment=workload-edge,1.0
1783697276,replicas_status,deployment=workload-edge,1.0
1783697286,replicas_status,deployment=workload-edge,1.0
1783697296,replicas_status,deployment=workload-edge,1.0
1783697306,replicas_status,deployment=workload-edge,1.0
1783697316,replicas_status,deployment=workload-edge,1.0
1783697326,replicas_status,deployment=workload-edge,1.0
1783697336,replicas_status,deployment=workload-edge,1.0
1783697346,replicas_status,deployment=workload-edge,1.0
1783697356,replicas_status,deployment=workload-edge,1.0
1783697366,replicas_status,deployment=workload-edge,1.0
1783697376,replicas_status,deployment=workload-edge,1.0
1783697386,replicas_status,deployment=workload-edge,1.0
1783697396,replicas_status,deployment=workload-edge,1.0
1783697406,replicas_status,deployment=workload-edge,1.0
1783697416,replicas_status,deployment=workload-edge,1.0
1783697426,replicas_status,deployment=workload-edge,1.0
1783697436,replicas_status,deployment=workload-edge,1.0
1783697446,replicas_status,deployment=workload-edge,1.0
1783697456,replicas_status,deployment=workload-edge,1.0
1783697466,replicas_status,deployment=workload-edge,1.0
1783697476,replicas_status,deployment=workload-edge,1.0
1783697486,replicas_status,deployment=workload-edge,1.0
1783697496,replicas_status,deployment=workload-edge,1.0
1783697506,replicas_status,deployment=workload-edge,1.0
1783697516,replicas_status,deployment=workload-edge,1.0
1783697526,replicas_status,deployment=workload-edge,1.0
1783697536,replicas_status,deployment=workload-edge,1.0
1783697546,replicas_status,deployment=workload-edge,1.0
1783697556,replicas_status,deployment=workload-edge,1.0
1783697566,replicas_status,deployment=workload-edge,1.0
1783697576,replicas_status,deployment=workload-edge,1.0
1783697586,replicas_status,deployment=workload-edge,1.0
1783697596,replicas_status,deployment=workload-edge,1.0
1783697606,replicas_status,deployment=workload-edge,1.0
1783697616,replicas_status,deployment=workload-edge,1.0
1783697626,replicas_status,deployment=workload-edge,1.0
1783697636,replicas_status,deployment=workload-edge,1.0
1783697646,replicas_status,deployment=workload-edge,1.0
1783697656,replicas_status,deployment=workload-edge,1.0
1783697666,replicas_status,deployment=workload-edge,1.0
1783697676,replicas_status,deployment=workload-edge,1.0
1783697686,replicas_status,deployment=workload-edge,1.0
1783697696,replicas_status,deployment=workload-edge,1.0
1783697706,replicas_status,deployment=workload-edge,1.0
1783697716,replicas_status,deployment=workload-edge,1.0
1783697076,replicas_spec,deployment=workload-cloud,1.0
1783697086,replicas_spec,deployment=workload-cloud,1.0
1783697096,replicas_spec,deployment=workload-cloud,1.0
1783697106,replicas_spec,deployment=workload-cloud,1.0
1783697116,replicas_spec,deployment=workload-cloud,1.0
1783697126,replicas_spec,deployment=workload-cloud,1.0
1783697136,replicas_spec,deployment=workload-cloud,1.0
1783697146,replicas_spec,deployment=workload-cloud,1.0
1783697156,replicas_spec,deployment=workload-cloud,1.0
1783697166,replicas_spec,deployment=workload-cloud,2.0
1783697176,replicas_spec,deployment=workload-cloud,2.0
1783697186,replicas_spec,deployment=workload-cloud,2.0
1783697196,replicas_spec,deployment=workload-cloud,3.0
1783697206,replicas_spec,deployment=workload-cloud,3.0
1783697216,replicas_spec,deployment=workload-cloud,3.0
1783697226,replicas_spec,deployment=workload-cloud,3.0
1783697236,replicas_spec,deployment=workload-cloud,4.0
1783697246,replicas_spec,deployment=workload-cloud,4.0
1783697256,replicas_spec,deployment=workload-cloud,4.0
1783697266,replicas_spec,deployment=workload-cloud,5.0
1783697276,replicas_spec,deployment=workload-cloud,5.0
1783697286,replicas_spec,deployment=workload-cloud,5.0
1783697296,replicas_spec,deployment=workload-cloud,6.0
1783697306,replicas_spec,deployment=workload-cloud,6.0
1783697316,replicas_spec,deployment=workload-cloud,6.0
1783697326,replicas_spec,deployment=workload-cloud,6.0
1783697336,replicas_spec,deployment=workload-cloud,6.0
1783697346,replicas_spec,deployment=workload-cloud,6.0
1783697356,replicas_spec,deployment=workload-cloud,6.0
1783697366,replicas_spec,deployment=workload-cloud,6.0
1783697376,replicas_spec,deployment=workload-cloud,6.0
1783697386,replicas_spec,deployment=workload-cloud,6.0
1783697396,replicas_spec,deployment=workload-cloud,6.0
1783697406,replicas_spec,deployment=workload-cloud,6.0
1783697416,replicas_spec,deployment=workload-cloud,6.0
1783697426,replicas_spec,deployment=workload-cloud,6.0
1783697436,replicas_spec,deployment=workload-cloud,6.0
1783697446,replicas_spec,deployment=workload-cloud,6.0
1783697456,replicas_spec,deployment=workload-cloud,6.0
1783697466,replicas_spec,deployment=workload-cloud,6.0
1783697476,replicas_spec,deployment=workload-cloud,6.0
1783697486,replicas_spec,deployment=workload-cloud,6.0
1783697496,replicas_spec,deployment=workload-cloud,6.0
1783697506,replicas_spec,deployment=workload-cloud,6.0
1783697516,replicas_spec,deployment=workload-cloud,6.0
1783697526,replicas_spec,deployment=workload-cloud,6.0
1783697536,replicas_spec,deployment=workload-cloud,6.0
1783697546,replicas_spec,deployment=workload-cloud,6.0
1783697556,replicas_spec,deployment=workload-cloud,6.0
1783697566,replicas_spec,deployment=workload-cloud,6.0
1783697576,replicas_spec,deployment=workload-cloud,6.0
1783697586,replicas_spec,deployment=workload-cloud,6.0
1783697596,replicas_spec,deployment=workload-cloud,6.0
1783697606,replicas_spec,deployment=workload-cloud,6.0
1783697616,replicas_spec,deployment=workload-cloud,6.0
1783697626,replicas_spec,deployment=workload-cloud,6.0
1783697636,replicas_spec,deployment=workload-cloud,6.0
1783697646,replicas_spec,deployment=workload-cloud,6.0
1783697656,replicas_spec,deployment=workload-cloud,6.0
1783697666,replicas_spec,deployment=workload-cloud,6.0
1783697676,replicas_spec,deployment=workload-cloud,6.0
1783697686,replicas_spec,deployment=workload-cloud,6.0
1783697696,replicas_spec,deployment=workload-cloud,6.0
1783697706,replicas_spec,deployment=workload-cloud,6.0
1783697716,replicas_spec,deployment=workload-cloud,6.0
1783697076,replicas_spec,deployment=workload-edge,1.0
1783697086,replicas_spec,deployment=workload-edge,1.0
1783697096,replicas_spec,deployment=workload-edge,1.0
1783697106,replicas_spec,deployment=workload-edge,1.0
1783697116,replicas_spec,deployment=workload-edge,1.0
1783697126,replicas_spec,deployment=workload-edge,1.0
1783697136,replicas_spec,deployment=workload-edge,1.0
1783697146,replicas_spec,deployment=workload-edge,1.0
1783697156,replicas_spec,deployment=workload-edge,1.0
1783697166,replicas_spec,deployment=workload-edge,1.0
1783697176,replicas_spec,deployment=workload-edge,1.0
1783697186,replicas_spec,deployment=workload-edge,1.0
1783697196,replicas_spec,deployment=workload-edge,1.0
1783697206,replicas_spec,deployment=workload-edge,1.0
1783697216,replicas_spec,deployment=workload-edge,1.0
1783697226,replicas_spec,deployment=workload-edge,1.0
1783697236,replicas_spec,deployment=workload-edge,1.0
1783697246,replicas_spec,deployment=workload-edge,1.0
1783697256,replicas_spec,deployment=workload-edge,1.0
1783697266,replicas_spec,deployment=workload-edge,1.0
1783697276,replicas_spec,deployment=workload-edge,1.0
1783697286,replicas_spec,deployment=workload-edge,1.0
1783697296,replicas_spec,deployment=workload-edge,1.0
1783697306,replicas_spec,deployment=workload-edge,1.0
1783697316,replicas_spec,deployment=workload-edge,1.0
1783697326,replicas_spec,deployment=workload-edge,1.0
1783697336,replicas_spec,deployment=workload-edge,1.0
1783697346,replicas_spec,deployment=workload-edge,1.0
1783697356,replicas_spec,deployment=workload-edge,1.0
1783697366,replicas_spec,deployment=workload-edge,1.0
1783697376,replicas_spec,deployment=workload-edge,1.0
1783697386,replicas_spec,deployment=workload-edge,1.0
1783697396,replicas_spec,deployment=workload-edge,1.0
1783697406,replicas_spec,deployment=workload-edge,1.0
1783697416,replicas_spec,deployment=workload-edge,1.0
1783697426,replicas_spec,deployment=workload-edge,1.0
1783697436,replicas_spec,deployment=workload-edge,1.0
1783697446,replicas_spec,deployment=workload-edge,1.0
1783697456,replicas_spec,deployment=workload-edge,1.0
1783697466,replicas_spec,deployment=workload-edge,1.0
1783697476,replicas_spec,deployment=workload-edge,1.0
1783697486,replicas_spec,deployment=workload-edge,1.0
1783697496,replicas_spec,deployment=workload-edge,1.0
1783697506,replicas_spec,deployment=workload-edge,1.0
1783697516,replicas_spec,deployment=workload-edge,1.0
1783697526,replicas_spec,deployment=workload-edge,1.0
1783697536,replicas_spec,deployment=workload-edge,1.0
1783697546,replicas_spec,deployment=workload-edge,1.0
1783697556,replicas_spec,deployment=workload-edge,1.0
1783697566,replicas_spec,deployment=workload-edge,1.0
1783697576,replicas_spec,deployment=workload-edge,1.0
1783697586,replicas_spec,deployment=workload-edge,1.0
1783697596,replicas_spec,deployment=workload-edge,1.0
1783697606,replicas_spec,deployment=workload-edge,1.0
1783697616,replicas_spec,deployment=workload-edge,1.0
1783697626,replicas_spec,deployment=workload-edge,1.0
1783697636,replicas_spec,deployment=workload-edge,1.0
1783697646,replicas_spec,deployment=workload-edge,1.0
1783697656,replicas_spec,deployment=workload-edge,1.0
1783697666,replicas_spec,deployment=workload-edge,1.0
1783697676,replicas_spec,deployment=workload-edge,1.0
1783697686,replicas_spec,deployment=workload-edge,1.0
1783697696,replicas_spec,deployment=workload-edge,1.0
1783697706,replicas_spec,deployment=workload-edge,1.0
1783697716,replicas_spec,deployment=workload-edge,1.0
1783697246,cpu_cores,pod=workload-cloud-6f545f89ff-bkbg5,0.08398664620504669
1783697256,cpu_cores,pod=workload-cloud-6f545f89ff-bkbg5,0.072417425
1783697266,cpu_cores,pod=workload-cloud-6f545f89ff-bkbg5,0.09754965536945594
1783697276,cpu_cores,pod=workload-cloud-6f545f89ff-bkbg5,0.1924545421555206
1783697286,cpu_cores,pod=workload-cloud-6f545f89ff-bkbg5,0.2992201671616699
1783697296,cpu_cores,pod=workload-cloud-6f545f89ff-bkbg5,0.31488485905012964
1783697306,cpu_cores,pod=workload-cloud-6f545f89ff-bkbg5,0.45686616441774575
1783697316,cpu_cores,pod=workload-cloud-6f545f89ff-bkbg5,0.4053586512257777
1783697326,cpu_cores,pod=workload-cloud-6f545f89ff-bkbg5,0.45209534555117364
1783697336,cpu_cores,pod=workload-cloud-6f545f89ff-bkbg5,0.4185994434680727
1783697346,cpu_cores,pod=workload-cloud-6f545f89ff-bkbg5,0.47454231424021087
1783697356,cpu_cores,pod=workload-cloud-6f545f89ff-bkbg5,0.5412755647978035
1783697366,cpu_cores,pod=workload-cloud-6f545f89ff-bkbg5,0.6853808297631467
1783697376,cpu_cores,pod=workload-cloud-6f545f89ff-bkbg5,0.6853808297631467
1783697386,cpu_cores,pod=workload-cloud-6f545f89ff-bkbg5,0.7550330776925642
1783697396,cpu_cores,pod=workload-cloud-6f545f89ff-bkbg5,0.7550330776925642
1783697406,cpu_cores,pod=workload-cloud-6f545f89ff-bkbg5,0.728475784025954
1783697416,cpu_cores,pod=workload-cloud-6f545f89ff-bkbg5,0.712025178780216
1783697426,cpu_cores,pod=workload-cloud-6f545f89ff-bkbg5,0.5375279872309977
1783697436,cpu_cores,pod=workload-cloud-6f545f89ff-bkbg5,0.46798238709677403
1783697446,cpu_cores,pod=workload-cloud-6f545f89ff-bkbg5,0.21683428818467165
1783697456,cpu_cores,pod=workload-cloud-6f545f89ff-bkbg5,0.19861855670103085
1783697466,cpu_cores,pod=workload-cloud-6f545f89ff-bkbg5,0.1087621415584131
1783697476,cpu_cores,pod=workload-cloud-6f545f89ff-bkbg5,0.1087621415584131
1783697486,cpu_cores,pod=workload-cloud-6f545f89ff-bkbg5,0.07847440636099756
1783697496,cpu_cores,pod=workload-cloud-6f545f89ff-bkbg5,0.07034810137999442
1783697506,cpu_cores,pod=workload-cloud-6f545f89ff-bkbg5,0.08133650786111221
1783697516,cpu_cores,pod=workload-cloud-6f545f89ff-bkbg5,0.0673270477174524
1783697526,cpu_cores,pod=workload-cloud-6f545f89ff-bkbg5,0.03803949742771725
1783697536,cpu_cores,pod=workload-cloud-6f545f89ff-bkbg5,0.043196442914515173
1783697546,cpu_cores,pod=workload-cloud-6f545f89ff-bkbg5,0.03435513396161276
1783697556,cpu_cores,pod=workload-cloud-6f545f89ff-bkbg5,0.03375257582052342
1783697566,cpu_cores,pod=workload-cloud-6f545f89ff-bkbg5,0.03375257582052342
1783697576,cpu_cores,pod=workload-cloud-6f545f89ff-bkbg5,0.03584582018124434
1783697586,cpu_cores,pod=workload-cloud-6f545f89ff-bkbg5,0.03587509498686472
1783697596,cpu_cores,pod=workload-cloud-6f545f89ff-bkbg5,0.030430513054630057
1783697606,cpu_cores,pod=workload-cloud-6f545f89ff-bkbg5,0.035964386309320855
1783697616,cpu_cores,pod=workload-cloud-6f545f89ff-bkbg5,0.0338298785869332
1783697626,cpu_cores,pod=workload-cloud-6f545f89ff-bkbg5,0.033564431585473335
1783697636,cpu_cores,pod=workload-cloud-6f545f89ff-bkbg5,0.03358052031821084
1783697646,cpu_cores,pod=workload-cloud-6f545f89ff-bkbg5,0.01816351590936401
1783697656,cpu_cores,pod=workload-cloud-6f545f89ff-bkbg5,0.015733500417710777
1783697666,cpu_cores,pod=workload-cloud-6f545f89ff-bkbg5,0.01067002610208795
1783697676,cpu_cores,pod=workload-cloud-6f545f89ff-bkbg5,0.002485349966626221
1783697686,cpu_cores,pod=workload-cloud-6f545f89ff-bkbg5,0.002543692909960728
1783697696,cpu_cores,pod=workload-cloud-6f545f89ff-bkbg5,0.002543692909960728
1783697706,cpu_cores,pod=workload-cloud-6f545f89ff-bkbg5,0.0025550414455507834
1783697716,cpu_cores,pod=workload-cloud-6f545f89ff-bkbg5,0.0025361653272100984
1783697306,cpu_cores,pod=workload-cloud-6f545f89ff-c8n7f,0.05187495092089814
1783697316,cpu_cores,pod=workload-cloud-6f545f89ff-c8n7f,0.07949625754451618
1783697326,cpu_cores,pod=workload-cloud-6f545f89ff-c8n7f,0.050473168212113076
1783697336,cpu_cores,pod=workload-cloud-6f545f89ff-c8n7f,0.04451569483022226
1783697346,cpu_cores,pod=workload-cloud-6f545f89ff-c8n7f,0.05348621572535865
1783697356,cpu_cores,pod=workload-cloud-6f545f89ff-c8n7f,0.004112877488331275
1783697366,cpu_cores,pod=workload-cloud-6f545f89ff-c8n7f,0.004849207751664014
1783697376,cpu_cores,pod=workload-cloud-6f545f89ff-c8n7f,0.005194554891783369
1783697386,cpu_cores,pod=workload-cloud-6f545f89ff-c8n7f,0.0057179818887451465
1783697396,cpu_cores,pod=workload-cloud-6f545f89ff-c8n7f,0.00503775991477881
1783697406,cpu_cores,pod=workload-cloud-6f545f89ff-c8n7f,0.005564514783769128
1783697416,cpu_cores,pod=workload-cloud-6f545f89ff-c8n7f,0.0053895388404575926
1783697426,cpu_cores,pod=workload-cloud-6f545f89ff-c8n7f,0.004580836535207337
1783697436,cpu_cores,pod=workload-cloud-6f545f89ff-c8n7f,0.0036310302042630426
1783697446,cpu_cores,pod=workload-cloud-6f545f89ff-c8n7f,0.0028551444441179035
1783697456,cpu_cores,pod=workload-cloud-6f545f89ff-c8n7f,0.0026635940767293998
1783697466,cpu_cores,pod=workload-cloud-6f545f89ff-c8n7f,0.0028391986142134364
1783697476,cpu_cores,pod=workload-cloud-6f545f89ff-c8n7f,0.0028391986142134364
1783697486,cpu_cores,pod=workload-cloud-6f545f89ff-c8n7f,0.0036043831515929006
1783697496,cpu_cores,pod=workload-cloud-6f545f89ff-c8n7f,0.0040082263568410785
1783697506,cpu_cores,pod=workload-cloud-6f545f89ff-c8n7f,0.0040082263568410785
1783697516,cpu_cores,pod=workload-cloud-6f545f89ff-c8n7f,0.0036019808041277655
1783697526,cpu_cores,pod=workload-cloud-6f545f89ff-c8n7f,0.002774356878505096
1783697536,cpu_cores,pod=workload-cloud-6f545f89ff-c8n7f,0.002774356878505096
1783697546,cpu_cores,pod=workload-cloud-6f545f89ff-c8n7f,0.0022721486434357716
1783697556,cpu_cores,pod=workload-cloud-6f545f89ff-c8n7f,0.0022229295591152695
1783697566,cpu_cores,pod=workload-cloud-6f545f89ff-c8n7f,0.002251628743209544
1783697576,cpu_cores,pod=workload-cloud-6f545f89ff-c8n7f,0.002375465081469445
1783697586,cpu_cores,pod=workload-cloud-6f545f89ff-c8n7f,0.0020912868621299273
1783697596,cpu_cores,pod=workload-cloud-6f545f89ff-c8n7f,0.002333417572234853
1783697606,cpu_cores,pod=workload-cloud-6f545f89ff-c8n7f,0.0023091234979299206
1783697616,cpu_cores,pod=workload-cloud-6f545f89ff-c8n7f,0.0019347760935238484
1783697626,cpu_cores,pod=workload-cloud-6f545f89ff-c8n7f,0.002137556953786074
1783697636,cpu_cores,pod=workload-cloud-6f545f89ff-c8n7f,0.0022076426822377104
1783697646,cpu_cores,pod=workload-cloud-6f545f89ff-c8n7f,0.0022076426822377104
1783697656,cpu_cores,pod=workload-cloud-6f545f89ff-c8n7f,0.0021706841924987144
1783697666,cpu_cores,pod=workload-cloud-6f545f89ff-c8n7f,0.002272418548171319
1783697676,cpu_cores,pod=workload-cloud-6f545f89ff-c8n7f,0.002272418548171319
1783697686,cpu_cores,pod=workload-cloud-6f545f89ff-c8n7f,0.0022795440675630486
1783697696,cpu_cores,pod=workload-cloud-6f545f89ff-c8n7f,0.0023604112405757353
1783697706,cpu_cores,pod=workload-cloud-6f545f89ff-c8n7f,0.0023535650707392506
1783697716,cpu_cores,pod=workload-cloud-6f545f89ff-c8n7f,0.0023754217723317345
1783697176,cpu_cores,pod=workload-cloud-6f545f89ff-m69zj,0.0851915271251283
1783697186,cpu_cores,pod=workload-cloud-6f545f89ff-m69zj,0.07774741666666667
1783697196,cpu_cores,pod=workload-cloud-6f545f89ff-m69zj,0.10495484465819387
1783697206,cpu_cores,pod=workload-cloud-6f545f89ff-m69zj,0.14884763390035163
1783697216,cpu_cores,pod=workload-cloud-6f545f89ff-m69zj,0.1487700361111111
1783697226,cpu_cores,pod=workload-cloud-6f545f89ff-m69zj,0.21574066903973857
1783697236,cpu_cores,pod=workload-cloud-6f545f89ff-m69zj,0.33419639063283285
1783697246,cpu_cores,pod=workload-cloud-6f545f89ff-m69zj,0.3629731572812832
1783697256,cpu_cores,pod=workload-cloud-6f545f89ff-m69zj,0.3972762856639662
1783697266,cpu_cores,pod=workload-cloud-6f545f89ff-m69zj,0.465056338639025
1783697276,cpu_cores,pod=workload-cloud-6f545f89ff-m69zj,0.465056338639025
1783697286,cpu_cores,pod=workload-cloud-6f545f89ff-m69zj,0.563657170276424
1783697296,cpu_cores,pod=workload-cloud-6f545f89ff-m69zj,0.629692657393698
1783697306,cpu_cores,pod=workload-cloud-6f545f89ff-m69zj,0.5959345551576761
1783697316,cpu_cores,pod=workload-cloud-6f545f89ff-m69zj,0.6063104872859475
1783697326,cpu_cores,pod=workload-cloud-6f545f89ff-m69zj,0.5272738632890761
1783697336,cpu_cores,pod=workload-cloud-6f545f89ff-m69zj,0.5570761572921853
1783697346,cpu_cores,pod=workload-cloud-6f545f89ff-m69zj,0.5810007585039967
1783697356,cpu_cores,pod=workload-cloud-6f545f89ff-m69zj,0.6627065801668208
1783697366,cpu_cores,pod=workload-cloud-6f545f89ff-m69zj,0.7396274934778246
1783697376,cpu_cores,pod=workload-cloud-6f545f89ff-m69zj,0.813754909868129
1783697386,cpu_cores,pod=workload-cloud-6f545f89ff-m69zj,0.813754909868129
1783697396,cpu_cores,pod=workload-cloud-6f545f89ff-m69zj,0.8784757812673031
1783697406,cpu_cores,pod=workload-cloud-6f545f89ff-m69zj,0.7086063209857871
1783697416,cpu_cores,pod=workload-cloud-6f545f89ff-m69zj,0.7432680990881231
1783697426,cpu_cores,pod=workload-cloud-6f545f89ff-m69zj,0.6976656917374746
1783697436,cpu_cores,pod=workload-cloud-6f545f89ff-m69zj,0.49373082974211646
1783697446,cpu_cores,pod=workload-cloud-6f545f89ff-m69zj,0.49373082974211646
1783697456,cpu_cores,pod=workload-cloud-6f545f89ff-m69zj,0.3318282654558793
1783697466,cpu_cores,pod=workload-cloud-6f545f89ff-m69zj,0.2943374962576452
1783697476,cpu_cores,pod=workload-cloud-6f545f89ff-m69zj,0.26327120712892943
1783697486,cpu_cores,pod=workload-cloud-6f545f89ff-m69zj,0.31720286463739134
1783697496,cpu_cores,pod=workload-cloud-6f545f89ff-m69zj,0.3563979599565737
1783697506,cpu_cores,pod=workload-cloud-6f545f89ff-m69zj,0.33763655030800815
1783697516,cpu_cores,pod=workload-cloud-6f545f89ff-m69zj,0.33716673581452083
1783697526,cpu_cores,pod=workload-cloud-6f545f89ff-m69zj,0.25186443294667415
1783697536,cpu_cores,pod=workload-cloud-6f545f89ff-m69zj,0.23079462089471509
1783697546,cpu_cores,pod=workload-cloud-6f545f89ff-m69zj,0.17551566919651657
1783697556,cpu_cores,pod=workload-cloud-6f545f89ff-m69zj,0.17393383769186513
1783697566,cpu_cores,pod=workload-cloud-6f545f89ff-m69zj,0.14698826879920668
1783697576,cpu_cores,pod=workload-cloud-6f545f89ff-m69zj,0.1833518911938687
1783697586,cpu_cores,pod=workload-cloud-6f545f89ff-m69zj,0.18165696766748884
1783697596,cpu_cores,pod=workload-cloud-6f545f89ff-m69zj,0.18165696766748884
1783697606,cpu_cores,pod=workload-cloud-6f545f89ff-m69zj,0.17958815238746034
1783697616,cpu_cores,pod=workload-cloud-6f545f89ff-m69zj,0.16749803749069458
1783697626,cpu_cores,pod=workload-cloud-6f545f89ff-m69zj,0.16748098905197545
1783697636,cpu_cores,pod=workload-cloud-6f545f89ff-m69zj,0.16559175073147264
1783697646,cpu_cores,pod=workload-cloud-6f545f89ff-m69zj,0.13810842782327343
1783697656,cpu_cores,pod=workload-cloud-6f545f89ff-m69zj,0.1052265811144088
1783697666,cpu_cores,pod=workload-cloud-6f545f89ff-m69zj,0.05544151787795405
1783697676,cpu_cores,pod=workload-cloud-6f545f89ff-m69zj,0.0413138169700075
1783697686,cpu_cores,pod=workload-cloud-6f545f89ff-m69zj,0.008483955069850245
1783697696,cpu_cores,pod=workload-cloud-6f545f89ff-m69zj,0.0025526231487642496
1783697706,cpu_cores,pod=workload-cloud-6f545f89ff-m69zj,0.0021148270068916076
1783697716,cpu_cores,pod=workload-cloud-6f545f89ff-m69zj,0.002525568061159662
1783697206,cpu_cores,pod=workload-cloud-6f545f89ff-ncql2,0.04874342374277457
1783697216,cpu_cores,pod=workload-cloud-6f545f89ff-ncql2,0.07391287460982658
1783697226,cpu_cores,pod=workload-cloud-6f545f89ff-ncql2,0.06193582798728186
1783697236,cpu_cores,pod=workload-cloud-6f545f89ff-ncql2,0.05813200967464914
1783697246,cpu_cores,pod=workload-cloud-6f545f89ff-ncql2,0.05630395467961092
1783697256,cpu_cores,pod=workload-cloud-6f545f89ff-ncql2,0.005544244890323177
1783697266,cpu_cores,pod=workload-cloud-6f545f89ff-ncql2,0.011943415051311287
1783697276,cpu_cores,pod=workload-cloud-6f545f89ff-ncql2,0.010133788614120103
1783697286,cpu_cores,pod=workload-cloud-6f545f89ff-ncql2,0.21014033217491418
1783697296,cpu_cores,pod=workload-cloud-6f545f89ff-ncql2,0.41916030237863655
1783697306,cpu_cores,pod=workload-cloud-6f545f89ff-ncql2,0.4641124748164787
1783697316,cpu_cores,pod=workload-cloud-6f545f89ff-ncql2,0.564681454498146
1783697326,cpu_cores,pod=workload-cloud-6f545f89ff-ncql2,0.5453687140296254
1783697336,cpu_cores,pod=workload-cloud-6f545f89ff-ncql2,0.5846283622285812
1783697346,cpu_cores,pod=workload-cloud-6f545f89ff-ncql2,0.557886272362176
1783697356,cpu_cores,pod=workload-cloud-6f545f89ff-ncql2,0.6718564574980855
1783697366,cpu_cores,pod=workload-cloud-6f545f89ff-ncql2,0.7095869973694101
1783697376,cpu_cores,pod=workload-cloud-6f545f89ff-ncql2,0.7648891862584501
1783697386,cpu_cores,pod=workload-cloud-6f545f89ff-ncql2,0.8343239926095373
1783697396,cpu_cores,pod=workload-cloud-6f545f89ff-ncql2,0.8435737988877747
1783697406,cpu_cores,pod=workload-cloud-6f545f89ff-ncql2,0.8435737988877747
1783697416,cpu_cores,pod=workload-cloud-6f545f89ff-ncql2,0.777153629032258
1783697426,cpu_cores,pod=workload-cloud-6f545f89ff-ncql2,0.6024890826487402
1783697436,cpu_cores,pod=workload-cloud-6f545f89ff-ncql2,0.5693267643876877
1783697446,cpu_cores,pod=workload-cloud-6f545f89ff-ncql2,0.3570928892124741
1783697456,cpu_cores,pod=workload-cloud-6f545f89ff-ncql2,0.2369489904663151
1783697466,cpu_cores,pod=workload-cloud-6f545f89ff-ncql2,0.18635234631233713
1783697476,cpu_cores,pod=workload-cloud-6f545f89ff-ncql2,0.08233596855019895
1783697486,cpu_cores,pod=workload-cloud-6f545f89ff-ncql2,0.08233596855019895
1783697496,cpu_cores,pod=workload-cloud-6f545f89ff-ncql2,0.0743563726075366
1783697506,cpu_cores,pod=workload-cloud-6f545f89ff-ncql2,0.08285723067055074
1783697516,cpu_cores,pod=workload-cloud-6f545f89ff-ncql2,0.06743442391265923
1783697526,cpu_cores,pod=workload-cloud-6f545f89ff-ncql2,0.058356397541195065
1783697536,cpu_cores,pod=workload-cloud-6f545f89ff-ncql2,0.03555600256544788
1783697546,cpu_cores,pod=workload-cloud-6f545f89ff-ncql2,0.035082257262128616
1783697556,cpu_cores,pod=workload-cloud-6f545f89ff-ncql2,0.02760072486953184
1783697566,cpu_cores,pod=workload-cloud-6f545f89ff-ncql2,0.0334370730980353
1783697576,cpu_cores,pod=workload-cloud-6f545f89ff-ncql2,0.03364600484261522
1783697586,cpu_cores,pod=workload-cloud-6f545f89ff-ncql2,0.03577028733510782
1783697596,cpu_cores,pod=workload-cloud-6f545f89ff-ncql2,0.035662577639751704
1783697606,cpu_cores,pod=workload-cloud-6f545f89ff-ncql2,0.03166983624723352
1783697616,cpu_cores,pod=workload-cloud-6f545f89ff-ncql2,0.03656977211123355
1783697626,cpu_cores,pod=workload-cloud-6f545f89ff-ncql2,0.029265366462815887
1783697636,cpu_cores,pod=workload-cloud-6f545f89ff-ncql2,0.02961181198822243
1783697646,cpu_cores,pod=workload-cloud-6f545f89ff-ncql2,0.021333733164983153
1783697656,cpu_cores,pod=workload-cloud-6f545f89ff-ncql2,0.014933023955851258
1783697666,cpu_cores,pod=workload-cloud-6f545f89ff-ncql2,0.0100973775474419
1783697676,cpu_cores,pod=workload-cloud-6f545f89ff-ncql2,0.0022704595450967666
1783697686,cpu_cores,pod=workload-cloud-6f545f89ff-ncql2,0.0022704595450967666
1783697696,cpu_cores,pod=workload-cloud-6f545f89ff-ncql2,0.002226435647634184
1783697706,cpu_cores,pod=workload-cloud-6f545f89ff-ncql2,0.002332813923383152
1783697716,cpu_cores,pod=workload-cloud-6f545f89ff-ncql2,0.0022986935111659742
1783697076,cpu_cores,pod=workload-cloud-6f545f89ff-qs9mn,0.0007922983457022635
1783697076,cpu_cores,pod=workload-cloud-6f545f89ff-r28zz,0.002330762067545453
1783697086,cpu_cores,pod=workload-cloud-6f545f89ff-r28zz,0.0038377758857814017
1783697096,cpu_cores,pod=workload-cloud-6f545f89ff-r28zz,0.0043595340703257305
1783697106,cpu_cores,pod=workload-cloud-6f545f89ff-r28zz,0.05168391192759703
1783697116,cpu_cores,pod=workload-cloud-6f545f89ff-r28zz,0.13022204883421926
1783697126,cpu_cores,pod=workload-cloud-6f545f89ff-r28zz,0.19156610438687605
1783697136,cpu_cores,pod=workload-cloud-6f545f89ff-r28zz,0.23262943425545318
1783697146,cpu_cores,pod=workload-cloud-6f545f89ff-r28zz,0.372278985277653
1783697156,cpu_cores,pod=workload-cloud-6f545f89ff-r28zz,0.372278985277653
1783697166,cpu_cores,pod=workload-cloud-6f545f89ff-r28zz,0.4837761339878199
1783697176,cpu_cores,pod=workload-cloud-6f545f89ff-r28zz,0.5710088735365906
1783697186,cpu_cores,pod=workload-cloud-6f545f89ff-r28zz,0.5710088735365906
1783697196,cpu_cores,pod=workload-cloud-6f545f89ff-r28zz,0.63531160660694
1783697206,cpu_cores,pod=workload-cloud-6f545f89ff-r28zz,0.6401083774229513
1783697216,cpu_cores,pod=workload-cloud-6f545f89ff-r28zz,0.6295804085019712
1783697226,cpu_cores,pod=workload-cloud-6f545f89ff-r28zz,0.6244156537088308
1783697236,cpu_cores,pod=workload-cloud-6f545f89ff-r28zz,0.5218536188664042
1783697246,cpu_cores,pod=workload-cloud-6f545f89ff-r28zz,0.6296201363218739
1783697256,cpu_cores,pod=workload-cloud-6f545f89ff-r28zz,0.6433711596625277
1783697266,cpu_cores,pod=workload-cloud-6f545f89ff-r28zz,0.6794492285746466
1783697276,cpu_cores,pod=workload-cloud-6f545f89ff-r28zz,0.6988051568716318
1783697286,cpu_cores,pod=workload-cloud-6f545f89ff-r28zz,0.735016337303147
1783697296,cpu_cores,pod=workload-cloud-6f545f89ff-r28zz,0.7297960207642518
1783697306,cpu_cores,pod=workload-cloud-6f545f89ff-r28zz,0.7488239139410102
1783697316,cpu_cores,pod=workload-cloud-6f545f89ff-r28zz,0.6530346945104908
1783697326,cpu_cores,pod=workload-cloud-6f545f89ff-r28zz,0.4843172052697006
1783697336,cpu_cores,pod=workload-cloud-6f545f89ff-r28zz,0.6084237595242489
1783697346,cpu_cores,pod=workload-cloud-6f545f89ff-r28zz,0.6432991432018459
1783697356,cpu_cores,pod=workload-cloud-6f545f89ff-r28zz,0.6122836788089746
1783697366,cpu_cores,pod=workload-cloud-6f545f89ff-r28zz,0.7835489962961285
1783697376,cpu_cores,pod=workload-cloud-6f545f89ff-r28zz,0.8417726895808323
1783697386,cpu_cores,pod=workload-cloud-6f545f89ff-r28zz,0.8417726895808323
1783697396,cpu_cores,pod=workload-cloud-6f545f89ff-r28zz,0.8823331808826917
1783697406,cpu_cores,pod=workload-cloud-6f545f89ff-r28zz,0.7201162178734483
1783697416,cpu_cores,pod=workload-cloud-6f545f89ff-r28zz,0.8239524334730403
1783697426,cpu_cores,pod=workload-cloud-6f545f89ff-r28zz,0.697235912908746
1783697436,cpu_cores,pod=workload-cloud-6f545f89ff-r28zz,0.6290616099243385
1783697446,cpu_cores,pod=workload-cloud-6f545f89ff-r28zz,0.5411037969572953
1783697456,cpu_cores,pod=workload-cloud-6f545f89ff-r28zz,0.4072929460580894
1783697466,cpu_cores,pod=workload-cloud-6f545f89ff-r28zz,0.4072929460580894
1783697476,cpu_cores,pod=workload-cloud-6f545f89ff-r28zz,0.45648947046843413
1783697486,cpu_cores,pod=workload-cloud-6f545f89ff-r28zz,0.5086341742744007
1783697496,cpu_cores,pod=workload-cloud-6f545f89ff-r28zz,0.5145644111175935
1783697506,cpu_cores,pod=workload-cloud-6f545f89ff-r28zz,0.5756883245781795
1783697516,cpu_cores,pod=workload-cloud-6f545f89ff-r28zz,0.36236986814234995
1783697526,cpu_cores,pod=workload-cloud-6f545f89ff-r28zz,0.43259578567128154
1783697536,cpu_cores,pod=workload-cloud-6f545f89ff-r28zz,0.3429620117146364
1783697546,cpu_cores,pod=workload-cloud-6f545f89ff-r28zz,0.3429620117146364
1783697556,cpu_cores,pod=workload-cloud-6f545f89ff-r28zz,0.29061690688429476
1783697566,cpu_cores,pod=workload-cloud-6f545f89ff-r28zz,0.28814354114713336
1783697576,cpu_cores,pod=workload-cloud-6f545f89ff-r28zz,0.23882511338197163
1783697586,cpu_cores,pod=workload-cloud-6f545f89ff-r28zz,0.30287611458926345
1783697596,cpu_cores,pod=workload-cloud-6f545f89ff-r28zz,0.23823107001400676
1783697606,cpu_cores,pod=workload-cloud-6f545f89ff-r28zz,0.2942112595682686
1783697616,cpu_cores,pod=workload-cloud-6f545f89ff-r28zz,0.29837562558842257
1783697626,cpu_cores,pod=workload-cloud-6f545f89ff-r28zz,0.28610899532122475
1783697636,cpu_cores,pod=workload-cloud-6f545f89ff-r28zz,0.28329421966457147
1783697646,cpu_cores,pod=workload-cloud-6f545f89ff-r28zz,0.27486337286907514
1783697656,cpu_cores,pod=workload-cloud-6f545f89ff-r28zz,0.22143660236254267
1783697666,cpu_cores,pod=workload-cloud-6f545f89ff-r28zz,0.14301892217977158
1783697676,cpu_cores,pod=workload-cloud-6f545f89ff-r28zz,0.14301892217977158
1783697686,cpu_cores,pod=workload-cloud-6f545f89ff-r28zz,0.08189576740506428
1783697696,cpu_cores,pod=workload-cloud-6f545f89ff-r28zz,0.017662705756308104
1783697706,cpu_cores,pod=workload-cloud-6f545f89ff-r28zz,0.0024455122081656756
1783697716,cpu_cores,pod=workload-cloud-6f545f89ff-r28zz,0.002351066458041518
1783697276,cpu_cores,pod=workload-cloud-6f545f89ff-sn5cs,0.1207475339507677
1783697286,cpu_cores,pod=workload-cloud-6f545f89ff-sn5cs,0.12481345
1783697296,cpu_cores,pod=workload-cloud-6f545f89ff-sn5cs,0.3337240736982014
1783697306,cpu_cores,pod=workload-cloud-6f545f89ff-sn5cs,0.4049690102508596
1783697316,cpu_cores,pod=workload-cloud-6f545f89ff-sn5cs,0.48885321939952175
1783697326,cpu_cores,pod=workload-cloud-6f545f89ff-sn5cs,0.5208397654742468
1783697336,cpu_cores,pod=workload-cloud-6f545f89ff-sn5cs,0.4740770216765888
1783697346,cpu_cores,pod=workload-cloud-6f545f89ff-sn5cs,0.5255944753991849
1783697356,cpu_cores,pod=workload-cloud-6f545f89ff-sn5cs,0.553785971067844
1783697366,cpu_cores,pod=workload-cloud-6f545f89ff-sn5cs,0.6106203962134199
1783697376,cpu_cores,pod=workload-cloud-6f545f89ff-sn5cs,0.7614448711025779
1783697386,cpu_cores,pod=workload-cloud-6f545f89ff-sn5cs,0.8165328554360811
1783697396,cpu_cores,pod=workload-cloud-6f545f89ff-sn5cs,0.8114924275112184
1783697406,cpu_cores,pod=workload-cloud-6f545f89ff-sn5cs,0.7788134730608184
1783697416,cpu_cores,pod=workload-cloud-6f545f89ff-sn5cs,0.7788134730608184
1783697426,cpu_cores,pod=workload-cloud-6f545f89ff-sn5cs,0.6284773403602825
1783697436,cpu_cores,pod=workload-cloud-6f545f89ff-sn5cs,0.4744272239568353
1783697446,cpu_cores,pod=workload-cloud-6f545f89ff-sn5cs,0.4007674744525549
1783697456,cpu_cores,pod=workload-cloud-6f545f89ff-sn5cs,0.195929510044911
1783697466,cpu_cores,pod=workload-cloud-6f545f89ff-sn5cs,0.07110219566425786
1783697476,cpu_cores,pod=workload-cloud-6f545f89ff-sn5cs,0.04757903595473435
1783697486,cpu_cores,pod=workload-cloud-6f545f89ff-sn5cs,0.003857127183959926
1783697496,cpu_cores,pod=workload-cloud-6f545f89ff-sn5cs,0.004080927183843812
1783697506,cpu_cores,pod=workload-cloud-6f545f89ff-sn5cs,0.004334386529954935
1783697516,cpu_cores,pod=workload-cloud-6f545f89ff-sn5cs,0.0027671462708771136
1783697526,cpu_cores,pod=workload-cloud-6f545f89ff-sn5cs,0.003427867786778709
1783697536,cpu_cores,pod=workload-cloud-6f545f89ff-sn5cs,0.0020500272566255345
1783697546,cpu_cores,pod=workload-cloud-6f545f89ff-sn5cs,0.0019285487776611343
1783697556,cpu_cores,pod=workload-cloud-6f545f89ff-sn5cs,0.002342847157502329
1783697566,cpu_cores,pod=workload-cloud-6f545f89ff-sn5cs,0.0024568645640074805
1783697576,cpu_cores,pod=workload-cloud-6f545f89ff-sn5cs,0.0025184841812492856
1783697586,cpu_cores,pod=workload-cloud-6f545f89ff-sn5cs,0.0021417119519450004
1783697596,cpu_cores,pod=workload-cloud-6f545f89ff-sn5cs,0.0024637396025305692
1783697606,cpu_cores,pod=workload-cloud-6f545f89ff-sn5cs,0.0024864849718865857
1783697616,cpu_cores,pod=workload-cloud-6f545f89ff-sn5cs,0.002337702894756539
1783697626,cpu_cores,pod=workload-cloud-6f545f89ff-sn5cs,0.002253372898849891
1783697636,cpu_cores,pod=workload-cloud-6f545f89ff-sn5cs,0.0022749833754487697
1783697646,cpu_cores,pod=workload-cloud-6f545f89ff-sn5cs,0.0023309365482690556
1783697656,cpu_cores,pod=workload-cloud-6f545f89ff-sn5cs,0.002259830927051816
1783697666,cpu_cores,pod=workload-cloud-6f545f89ff-sn5cs,0.0024420573653588817
1783697676,cpu_cores,pod=workload-cloud-6f545f89ff-sn5cs,0.0024519047433752975
1783697686,cpu_cores,pod=workload-cloud-6f545f89ff-sn5cs,0.002453734105426597
1783697696,cpu_cores,pod=workload-cloud-6f545f89ff-sn5cs,0.0024554040703418435
1783697706,cpu_cores,pod=workload-cloud-6f545f89ff-sn5cs,0.0024143272296363633
1783697716,cpu_cores,pod=workload-cloud-6f545f89ff-sn5cs,0.0024345833080913143
1783697076,cpu_cores,pod=workload-edge-7b875fd8c6-pxwvc,0.003675603155146321
1783697086,cpu_cores,pod=workload-edge-7b875fd8c6-pxwvc,0.003675603155146321
1783697096,cpu_cores,pod=workload-edge-7b875fd8c6-pxwvc,0.0043861715578618725
1783697106,cpu_cores,pod=workload-edge-7b875fd8c6-pxwvc,0.005563589862823372
1783697116,cpu_cores,pod=workload-edge-7b875fd8c6-pxwvc,0.005545174864035575
1783697126,cpu_cores,pod=workload-edge-7b875fd8c6-pxwvc,0.00550660634208689
1783697136,cpu_cores,pod=workload-edge-7b875fd8c6-pxwvc,0.0055687974290407356
1783697146,cpu_cores,pod=workload-edge-7b875fd8c6-pxwvc,0.005639781118409189
1783697156,cpu_cores,pod=workload-edge-7b875fd8c6-pxwvc,0.005771688932139976
1783697166,cpu_cores,pod=workload-edge-7b875fd8c6-pxwvc,0.005846550109274348
1783697176,cpu_cores,pod=workload-edge-7b875fd8c6-pxwvc,0.006067957977674077
1783697186,cpu_cores,pod=workload-edge-7b875fd8c6-pxwvc,0.006075074610370863
1783697196,cpu_cores,pod=workload-edge-7b875fd8c6-pxwvc,0.006211489621079443
1783697206,cpu_cores,pod=workload-edge-7b875fd8c6-pxwvc,0.006199436118121691
1783697216,cpu_cores,pod=workload-edge-7b875fd8c6-pxwvc,0.005977864000399069
1783697226,cpu_cores,pod=workload-edge-7b875fd8c6-pxwvc,0.005974909584090136
1783697236,cpu_cores,pod=workload-edge-7b875fd8c6-pxwvc,0.006045818155192732
1783697246,cpu_cores,pod=workload-edge-7b875fd8c6-pxwvc,0.005838439292190473
1783697256,cpu_cores,pod=workload-edge-7b875fd8c6-pxwvc,0.006110106583353226
1783697266,cpu_cores,pod=workload-edge-7b875fd8c6-pxwvc,0.006110106583353226
1783697276,cpu_cores,pod=workload-edge-7b875fd8c6-pxwvc,0.006497799915119577
1783697286,cpu_cores,pod=workload-edge-7b875fd8c6-pxwvc,0.006595139991555862
1783697296,cpu_cores,pod=workload-edge-7b875fd8c6-pxwvc,0.006793384269125512
1783697306,cpu_cores,pod=workload-edge-7b875fd8c6-pxwvc,0.006367330570776432
1783697316,cpu_cores,pod=workload-edge-7b875fd8c6-pxwvc,0.005012196935891552
1783697326,cpu_cores,pod=workload-edge-7b875fd8c6-pxwvc,0.0047166174496650025
1783697336,cpu_cores,pod=workload-edge-7b875fd8c6-pxwvc,0.00390718217897886
1783697346,cpu_cores,pod=workload-edge-7b875fd8c6-pxwvc,0.004278093945630024
1783697356,cpu_cores,pod=workload-edge-7b875fd8c6-pxwvc,0.004918938835668371
1783697366,cpu_cores,pod=workload-edge-7b875fd8c6-pxwvc,0.005488324519600118
1783697376,cpu_cores,pod=workload-edge-7b875fd8c6-pxwvc,0.006263613778287764
1783697386,cpu_cores,pod=workload-edge-7b875fd8c6-pxwvc,0.005817755735657972
1783697396,cpu_cores,pod=workload-edge-7b875fd8c6-pxwvc,0.006758548512930059
1783697406,cpu_cores,pod=workload-edge-7b875fd8c6-pxwvc,0.006608654231848715
1783697416,cpu_cores,pod=workload-edge-7b875fd8c6-pxwvc,0.006331015845716153
1783697426,cpu_cores,pod=workload-edge-7b875fd8c6-pxwvc,0.00536576454926109
1783697436,cpu_cores,pod=workload-edge-7b875fd8c6-pxwvc,0.004549294903514531
1783697446,cpu_cores,pod=workload-edge-7b875fd8c6-pxwvc,0.00393483351419257
1783697456,cpu_cores,pod=workload-edge-7b875fd8c6-pxwvc,0.0027360762669342573
1783697466,cpu_cores,pod=workload-edge-7b875fd8c6-pxwvc,0.0027360762669342573
1783697476,cpu_cores,pod=workload-edge-7b875fd8c6-pxwvc,0.0036903161837623898
1783697486,cpu_cores,pod=workload-edge-7b875fd8c6-pxwvc,0.004196218635661659
1783697496,cpu_cores,pod=workload-edge-7b875fd8c6-pxwvc,0.004814172404775297
1783697506,cpu_cores,pod=workload-edge-7b875fd8c6-pxwvc,0.004814172404775297
1783697516,cpu_cores,pod=workload-edge-7b875fd8c6-pxwvc,0.0039973411870566355
1783697526,cpu_cores,pod=workload-edge-7b875fd8c6-pxwvc,0.003997341187056636
1783697536,cpu_cores,pod=workload-edge-7b875fd8c6-pxwvc,0.0030924821424381946
1783697546,cpu_cores,pod=workload-edge-7b875fd8c6-pxwvc,0.0027272124627140374
1783697556,cpu_cores,pod=workload-edge-7b875fd8c6-pxwvc,0.0017325749999997698
1783697566,cpu_cores,pod=workload-edge-7b875fd8c6-pxwvc,0.0026319146571817617
1783697576,cpu_cores,pod=workload-edge-7b875fd8c6-pxwvc,0.0027546898462435273
1783697586,cpu_cores,pod=workload-edge-7b875fd8c6-pxwvc,0.0027546898462435273
1783697596,cpu_cores,pod=workload-edge-7b875fd8c6-pxwvc,0.0026720199334132407
1783697606,cpu_cores,pod=workload-edge-7b875fd8c6-pxwvc,0.0027596611290639007
1783697616,cpu_cores,pod=workload-edge-7b875fd8c6-pxwvc,0.002302438940055522
1783697626,cpu_cores,pod=workload-edge-7b875fd8c6-pxwvc,0.002652653278668678
1783697636,cpu_cores,pod=workload-edge-7b875fd8c6-pxwvc,0.002719711085041968
1783697646,cpu_cores,pod=workload-edge-7b875fd8c6-pxwvc,0.002719711085041968
1783697656,cpu_cores,pod=workload-edge-7b875fd8c6-pxwvc,0.002683144615851327
1783697666,cpu_cores,pod=workload-edge-7b875fd8c6-pxwvc,0.0027008921009552956
1783697676,cpu_cores,pod=workload-edge-7b875fd8c6-pxwvc,0.0026829859617577166
1783697686,cpu_cores,pod=workload-edge-7b875fd8c6-pxwvc,0.0026595887835678743
1783697696,cpu_cores,pod=workload-edge-7b875fd8c6-pxwvc,0.002272754596310779
1783697706,cpu_cores,pod=workload-edge-7b875fd8c6-pxwvc,0.0026876258207738906
1783697716,cpu_cores,pod=workload-edge-7b875fd8c6-pxwvc,0.002706522029549025
1783697246,cpu_utilisation,pod=workload-cloud-6f545f89ff-bkbg5,0.4199332310252334
1783697256,cpu_utilisation,pod=workload-cloud-6f545f89ff-bkbg5,0.36208712499999995
1783697266,cpu_utilisation,pod=workload-cloud-6f545f89ff-bkbg5,0.48774827684727967
1783697276,cpu_utilisation,pod=workload-cloud-6f545f89ff-bkbg5,0.962272710777603
1783697286,cpu_utilisation,pod=workload-cloud-6f545f89ff-bkbg5,1.4961008358083494
1783697296,cpu_utilisation,pod=workload-cloud-6f545f89ff-bkbg5,1.5744242952506482
1783697306,cpu_utilisation,pod=workload-cloud-6f545f89ff-bkbg5,2.2843308220887284
1783697316,cpu_utilisation,pod=workload-cloud-6f545f89ff-bkbg5,2.0267932561288884
1783697326,cpu_utilisation,pod=workload-cloud-6f545f89ff-bkbg5,2.260476727755868
1783697336,cpu_utilisation,pod=workload-cloud-6f545f89ff-bkbg5,2.0929972173403635
1783697346,cpu_utilisation,pod=workload-cloud-6f545f89ff-bkbg5,2.3727115712010542
1783697356,cpu_utilisation,pod=workload-cloud-6f545f89ff-bkbg5,2.7063778239890173
1783697366,cpu_utilisation,pod=workload-cloud-6f545f89ff-bkbg5,3.4269041488157335
1783697376,cpu_utilisation,pod=workload-cloud-6f545f89ff-bkbg5,3.4269041488157335
1783697386,cpu_utilisation,pod=workload-cloud-6f545f89ff-bkbg5,3.775165388462821
1783697396,cpu_utilisation,pod=workload-cloud-6f545f89ff-bkbg5,3.775165388462821
1783697406,cpu_utilisation,pod=workload-cloud-6f545f89ff-bkbg5,3.64237892012977
1783697416,cpu_utilisation,pod=workload-cloud-6f545f89ff-bkbg5,3.5601258939010796
1783697426,cpu_utilisation,pod=workload-cloud-6f545f89ff-bkbg5,2.6876399361549885
1783697436,cpu_utilisation,pod=workload-cloud-6f545f89ff-bkbg5,2.33991193548387
1783697446,cpu_utilisation,pod=workload-cloud-6f545f89ff-bkbg5,1.0841714409233583
1783697456,cpu_utilisation,pod=workload-cloud-6f545f89ff-bkbg5,0.9930927835051542
1783697466,cpu_utilisation,pod=workload-cloud-6f545f89ff-bkbg5,0.5438107077920654
1783697476,cpu_utilisation,pod=workload-cloud-6f545f89ff-bkbg5,0.5438107077920654
1783697486,cpu_utilisation,pod=workload-cloud-6f545f89ff-bkbg5,0.3923720318049878
1783697496,cpu_utilisation,pod=workload-cloud-6f545f89ff-bkbg5,0.3517405068999721
1783697506,cpu_utilisation,pod=workload-cloud-6f545f89ff-bkbg5,0.40668253930556103
1783697516,cpu_utilisation,pod=workload-cloud-6f545f89ff-bkbg5,0.336635238587262
1783697526,cpu_utilisation,pod=workload-cloud-6f545f89ff-bkbg5,0.19019748713858622
1783697536,cpu_utilisation,pod=workload-cloud-6f545f89ff-bkbg5,0.21598221457257585
1783697546,cpu_utilisation,pod=workload-cloud-6f545f89ff-bkbg5,0.17177566980806377
1783697556,cpu_utilisation,pod=workload-cloud-6f545f89ff-bkbg5,0.16876287910261709
1783697566,cpu_utilisation,pod=workload-cloud-6f545f89ff-bkbg5,0.16876287910261709
1783697576,cpu_utilisation,pod=workload-cloud-6f545f89ff-bkbg5,0.17922910090622168
1783697586,cpu_utilisation,pod=workload-cloud-6f545f89ff-bkbg5,0.17937547493432357
1783697596,cpu_utilisation,pod=workload-cloud-6f545f89ff-bkbg5,0.15215256527315027
1783697606,cpu_utilisation,pod=workload-cloud-6f545f89ff-bkbg5,0.17982193154660425
1783697616,cpu_utilisation,pod=workload-cloud-6f545f89ff-bkbg5,0.16914939293466597
1783697626,cpu_utilisation,pod=workload-cloud-6f545f89ff-bkbg5,0.16782215792736666
1783697636,cpu_utilisation,pod=workload-cloud-6f545f89ff-bkbg5,0.1679026015910542
1783697646,cpu_utilisation,pod=workload-cloud-6f545f89ff-bkbg5,0.09081757954682004
1783697656,cpu_utilisation,pod=workload-cloud-6f545f89ff-bkbg5,0.07866750208855387
1783697666,cpu_utilisation,pod=workload-cloud-6f545f89ff-bkbg5,0.05335013051043975
1783697676,cpu_utilisation,pod=workload-cloud-6f545f89ff-bkbg5,0.012426749833131103
1783697686,cpu_utilisation,pod=workload-cloud-6f545f89ff-bkbg5,0.012718464549803639
1783697696,cpu_utilisation,pod=workload-cloud-6f545f89ff-bkbg5,0.012718464549803639
1783697706,cpu_utilisation,pod=workload-cloud-6f545f89ff-bkbg5,0.012775207227753917
1783697716,cpu_utilisation,pod=workload-cloud-6f545f89ff-bkbg5,0.012680826636050491
1783697306,cpu_utilisation,pod=workload-cloud-6f545f89ff-c8n7f,0.25937475460449066
1783697316,cpu_utilisation,pod=workload-cloud-6f545f89ff-c8n7f,0.3974812877225809
1783697326,cpu_utilisation,pod=workload-cloud-6f545f89ff-c8n7f,0.25236584106056537
1783697336,cpu_utilisation,pod=workload-cloud-6f545f89ff-c8n7f,0.2225784741511113
1783697346,cpu_utilisation,pod=workload-cloud-6f545f89ff-c8n7f,0.2674310786267932
1783697356,cpu_utilisation,pod=workload-cloud-6f545f89ff-c8n7f,0.02056438744165637
1783697366,cpu_utilisation,pod=workload-cloud-6f545f89ff-c8n7f,0.02424603875832007
1783697376,cpu_utilisation,pod=workload-cloud-6f545f89ff-c8n7f,0.025972774458916843
1783697386,cpu_utilisation,pod=workload-cloud-6f545f89ff-c8n7f,0.02858990944372573
1783697396,cpu_utilisation,pod=workload-cloud-6f545f89ff-c8n7f,0.025188799573894048
1783697406,cpu_utilisation,pod=workload-cloud-6f545f89ff-c8n7f,0.027822573918845638
1783697416,cpu_utilisation,pod=workload-cloud-6f545f89ff-c8n7f,0.026947694202287962
1783697426,cpu_utilisation,pod=workload-cloud-6f545f89ff-c8n7f,0.022904182676036684
1783697436,cpu_utilisation,pod=workload-cloud-6f545f89ff-c8n7f,0.01815515102131521
1783697446,cpu_utilisation,pod=workload-cloud-6f545f89ff-c8n7f,0.014275722220589517
1783697456,cpu_utilisation,pod=workload-cloud-6f545f89ff-c8n7f,0.013317970383646998
1783697466,cpu_utilisation,pod=workload-cloud-6f545f89ff-c8n7f,0.014195993071067182
1783697476,cpu_utilisation,pod=workload-cloud-6f545f89ff-c8n7f,0.014195993071067182
1783697486,cpu_utilisation,pod=workload-cloud-6f545f89ff-c8n7f,0.018021915757964503
1783697496,cpu_utilisation,pod=workload-cloud-6f545f89ff-c8n7f,0.020041131784205392
1783697506,cpu_utilisation,pod=workload-cloud-6f545f89ff-c8n7f,0.020041131784205392
1783697516,cpu_utilisation,pod=workload-cloud-6f545f89ff-c8n7f,0.018009904020638828
1783697526,cpu_utilisation,pod=workload-cloud-6f545f89ff-c8n7f,0.013871784392525479
1783697536,cpu_utilisation,pod=workload-cloud-6f545f89ff-c8n7f,0.013871784392525479
1783697546,cpu_utilisation,pod=workload-cloud-6f545f89ff-c8n7f,0.011360743217178858
1783697556,cpu_utilisation,pod=workload-cloud-6f545f89ff-c8n7f,0.011114647795576346
1783697566,cpu_utilisation,pod=workload-cloud-6f545f89ff-c8n7f,0.01125814371604772
1783697576,cpu_utilisation,pod=workload-cloud-6f545f89ff-c8n7f,0.011877325407347225
1783697586,cpu_utilisation,pod=workload-cloud-6f545f89ff-c8n7f,0.010456434310649635
1783697596,cpu_utilisation,pod=workload-cloud-6f545f89ff-c8n7f,0.011667087861174265
1783697606,cpu_utilisation,pod=workload-cloud-6f545f89ff-c8n7f,0.011545617489649601
1783697616,cpu_utilisation,pod=workload-cloud-6f545f89ff-c8n7f,0.009673880467619241
1783697626,cpu_utilisation,pod=workload-cloud-6f545f89ff-c8n7f,0.01068778476893037
1783697636,cpu_utilisation,pod=workload-cloud-6f545f89ff-c8n7f,0.011038213411188552
1783697646,cpu_utilisation,pod=workload-cloud-6f545f89ff-c8n7f,0.011038213411188552
1783697656,cpu_utilisation,pod=workload-cloud-6f545f89ff-c8n7f,0.010853420962493572
1783697666,cpu_utilisation,pod=workload-cloud-6f545f89ff-c8n7f,0.011362092740856596
1783697676,cpu_utilisation,pod=workload-cloud-6f545f89ff-c8n7f,0.011362092740856596
1783697686,cpu_utilisation,pod=workload-cloud-6f545f89ff-c8n7f,0.011397720337815243
1783697696,cpu_utilisation,pod=workload-cloud-6f545f89ff-c8n7f,0.011802056202878676
1783697706,cpu_utilisation,pod=workload-cloud-6f545f89ff-c8n7f,0.011767825353696252
1783697716,cpu_utilisation,pod=workload-cloud-6f545f89ff-c8n7f,0.011877108861658672
1783697176,cpu_utilisation,pod=workload-cloud-6f545f89ff-m69zj,0.4259576356256415
1783697186,cpu_utilisation,pod=workload-cloud-6f545f89ff-m69zj,0.3887370833333333
1783697196,cpu_utilisation,pod=workload-cloud-6f545f89ff-m69zj,0.5247742232909693
1783697206,cpu_utilisation,pod=workload-cloud-6f545f89ff-m69zj,0.7442381695017581
1783697216,cpu_utilisation,pod=workload-cloud-6f545f89ff-m69zj,0.7438501805555554
1783697226,cpu_utilisation,pod=workload-cloud-6f545f89ff-m69zj,1.0787033451986927
1783697236,cpu_utilisation,pod=workload-cloud-6f545f89ff-m69zj,1.670981953164164
1783697246,cpu_utilisation,pod=workload-cloud-6f545f89ff-m69zj,1.814865786406416
1783697256,cpu_utilisation,pod=workload-cloud-6f545f89ff-m69zj,1.986381428319831
1783697266,cpu_utilisation,pod=workload-cloud-6f545f89ff-m69zj,2.325281693195125
1783697276,cpu_utilisation,pod=workload-cloud-6f545f89ff-m69zj,2.325281693195125
1783697286,cpu_utilisation,pod=workload-cloud-6f545f89ff-m69zj,2.81828585138212
1783697296,cpu_utilisation,pod=workload-cloud-6f545f89ff-m69zj,3.1484632869684894
1783697306,cpu_utilisation,pod=workload-cloud-6f545f89ff-m69zj,2.9796727757883805
1783697316,cpu_utilisation,pod=workload-cloud-6f545f89ff-m69zj,3.0315524364297373
1783697326,cpu_utilisation,pod=workload-cloud-6f545f89ff-m69zj,2.6363693164453803
1783697336,cpu_utilisation,pod=workload-cloud-6f545f89ff-m69zj,2.785380786460926
1783697346,cpu_utilisation,pod=workload-cloud-6f545f89ff-m69zj,2.905003792519983
1783697356,cpu_utilisation,pod=workload-cloud-6f545f89ff-m69zj,3.313532900834104
1783697366,cpu_utilisation,pod=workload-cloud-6f545f89ff-m69zj,3.698137467389123
1783697376,cpu_utilisation,pod=workload-cloud-6f545f89ff-m69zj,4.068774549340645
1783697386,cpu_utilisation,pod=workload-cloud-6f545f89ff-m69zj,4.068774549340645
1783697396,cpu_utilisation,pod=workload-cloud-6f545f89ff-m69zj,4.392378906336515
1783697406,cpu_utilisation,pod=workload-cloud-6f545f89ff-m69zj,3.5430316049289354
1783697416,cpu_utilisation,pod=workload-cloud-6f545f89ff-m69zj,3.7163404954406154
1783697426,cpu_utilisation,pod=workload-cloud-6f545f89ff-m69zj,3.488328458687373
1783697436,cpu_utilisation,pod=workload-cloud-6f545f89ff-m69zj,2.468654148710582
1783697446,cpu_utilisation,pod=workload-cloud-6f545f89ff-m69zj,2.468654148710582
1783697456,cpu_utilisation,pod=workload-cloud-6f545f89ff-m69zj,1.6591413272793964
1783697466,cpu_utilisation,pod=workload-cloud-6f545f89ff-m69zj,1.471687481288226
1783697476,cpu_utilisation,pod=workload-cloud-6f545f89ff-m69zj,1.316356035644647
1783697486,cpu_utilisation,pod=workload-cloud-6f545f89ff-m69zj,1.5860143231869566
1783697496,cpu_utilisation,pod=workload-cloud-6f545f89ff-m69zj,1.7819897997828684
1783697506,cpu_utilisation,pod=workload-cloud-6f545f89ff-m69zj,1.6881827515400407
1783697516,cpu_utilisation,pod=workload-cloud-6f545f89ff-m69zj,1.685833679072604
1783697526,cpu_utilisation,pod=workload-cloud-6f545f89ff-m69zj,1.2593221647333708
1783697536,cpu_utilisation,pod=workload-cloud-6f545f89ff-m69zj,1.1539731044735753
1783697546,cpu_utilisation,pod=workload-cloud-6f545f89ff-m69zj,0.8775783459825828
1783697556,cpu_utilisation,pod=workload-cloud-6f545f89ff-m69zj,0.8696691884593256
1783697566,cpu_utilisation,pod=workload-cloud-6f545f89ff-m69zj,0.7349413439960334
1783697576,cpu_utilisation,pod=workload-cloud-6f545f89ff-m69zj,0.9167594559693434
1783697586,cpu_utilisation,pod=workload-cloud-6f545f89ff-m69zj,0.9082848383374442
1783697596,cpu_utilisation,pod=workload-cloud-6f545f89ff-m69zj,0.9082848383374442
1783697606,cpu_utilisation,pod=workload-cloud-6f545f89ff-m69zj,0.8979407619373017
1783697616,cpu_utilisation,pod=workload-cloud-6f545f89ff-m69zj,0.8374901874534729
1783697626,cpu_utilisation,pod=workload-cloud-6f545f89ff-m69zj,0.8374049452598772
1783697636,cpu_utilisation,pod=workload-cloud-6f545f89ff-m69zj,0.8279587536573632
1783697646,cpu_utilisation,pod=workload-cloud-6f545f89ff-m69zj,0.6905421391163671
1783697656,cpu_utilisation,pod=workload-cloud-6f545f89ff-m69zj,0.526132905572044
1783697666,cpu_utilisation,pod=workload-cloud-6f545f89ff-m69zj,0.27720758938977025
1783697676,cpu_utilisation,pod=workload-cloud-6f545f89ff-m69zj,0.2065690848500375
1783697686,cpu_utilisation,pod=workload-cloud-6f545f89ff-m69zj,0.042419775349251225
1783697696,cpu_utilisation,pod=workload-cloud-6f545f89ff-m69zj,0.012763115743821248
1783697706,cpu_utilisation,pod=workload-cloud-6f545f89ff-m69zj,0.010574135034458037
1783697716,cpu_utilisation,pod=workload-cloud-6f545f89ff-m69zj,0.01262784030579831
1783697206,cpu_utilisation,pod=workload-cloud-6f545f89ff-ncql2,0.24371711871387286
1783697216,cpu_utilisation,pod=workload-cloud-6f545f89ff-ncql2,0.36956437304913287
1783697226,cpu_utilisation,pod=workload-cloud-6f545f89ff-ncql2,0.3096791399364093
1783697236,cpu_utilisation,pod=workload-cloud-6f545f89ff-ncql2,0.29066004837324566
1783697246,cpu_utilisation,pod=workload-cloud-6f545f89ff-ncql2,0.28151977339805456
1783697256,cpu_utilisation,pod=workload-cloud-6f545f89ff-ncql2,0.027721224451615886
1783697266,cpu_utilisation,pod=workload-cloud-6f545f89ff-ncql2,0.05971707525655644
1783697276,cpu_utilisation,pod=workload-cloud-6f545f89ff-ncql2,0.05066894307060051
1783697286,cpu_utilisation,pod=workload-cloud-6f545f89ff-ncql2,1.0507016608745707
1783697296,cpu_utilisation,pod=workload-cloud-6f545f89ff-ncql2,2.0958015118931828
1783697306,cpu_utilisation,pod=workload-cloud-6f545f89ff-ncql2,2.3205623740823933
1783697316,cpu_utilisation,pod=workload-cloud-6f545f89ff-ncql2,2.82340727249073
1783697326,cpu_utilisation,pod=workload-cloud-6f545f89ff-ncql2,2.7268435701481266
1783697336,cpu_utilisation,pod=workload-cloud-6f545f89ff-ncql2,2.9231418111429055
1783697346,cpu_utilisation,pod=workload-cloud-6f545f89ff-ncql2,2.78943136181088
1783697356,cpu_utilisation,pod=workload-cloud-6f545f89ff-ncql2,3.3592822874904273
1783697366,cpu_utilisation,pod=workload-cloud-6f545f89ff-ncql2,3.5479349868470504
1783697376,cpu_utilisation,pod=workload-cloud-6f545f89ff-ncql2,3.8244459312922507
1783697386,cpu_utilisation,pod=workload-cloud-6f545f89ff-ncql2,4.171619963047686
1783697396,cpu_utilisation,pod=workload-cloud-6f545f89ff-ncql2,4.217868994438874
1783697406,cpu_utilisation,pod=workload-cloud-6f545f89ff-ncql2,4.217868994438874
1783697416,cpu_utilisation,pod=workload-cloud-6f545f89ff-ncql2,3.88576814516129
1783697426,cpu_utilisation,pod=workload-cloud-6f545f89ff-ncql2,3.012445413243701
1783697436,cpu_utilisation,pod=workload-cloud-6f545f89ff-ncql2,2.8466338219384384
1783697446,cpu_utilisation,pod=workload-cloud-6f545f89ff-ncql2,1.7854644460623705
1783697456,cpu_utilisation,pod=workload-cloud-6f545f89ff-ncql2,1.1847449523315754
1783697466,cpu_utilisation,pod=workload-cloud-6f545f89ff-ncql2,0.9317617315616856
1783697476,cpu_utilisation,pod=workload-cloud-6f545f89ff-ncql2,0.41167984275099473
1783697486,cpu_utilisation,pod=workload-cloud-6f545f89ff-ncql2,0.41167984275099473
1783697496,cpu_utilisation,pod=workload-cloud-6f545f89ff-ncql2,0.37178186303768296
1783697506,cpu_utilisation,pod=workload-cloud-6f545f89ff-ncql2,0.4142861533527537
1783697516,cpu_utilisation,pod=workload-cloud-6f545f89ff-ncql2,0.3371721195632961
1783697526,cpu_utilisation,pod=workload-cloud-6f545f89ff-ncql2,0.2917819877059753
1783697536,cpu_utilisation,pod=workload-cloud-6f545f89ff-ncql2,0.17778001282723938
1783697546,cpu_utilisation,pod=workload-cloud-6f545f89ff-ncql2,0.17541128631064307
1783697556,cpu_utilisation,pod=workload-cloud-6f545f89ff-ncql2,0.1380036243476592
1783697566,cpu_utilisation,pod=workload-cloud-6f545f89ff-ncql2,0.16718536549017649
1783697576,cpu_utilisation,pod=workload-cloud-6f545f89ff-ncql2,0.1682300242130761
1783697586,cpu_utilisation,pod=workload-cloud-6f545f89ff-ncql2,0.1788514366755391
1783697596,cpu_utilisation,pod=workload-cloud-6f545f89ff-ncql2,0.1783128881987585
1783697606,cpu_utilisation,pod=workload-cloud-6f545f89ff-ncql2,0.1583491812361676
1783697616,cpu_utilisation,pod=workload-cloud-6f545f89ff-ncql2,0.18284886055616775
1783697626,cpu_utilisation,pod=workload-cloud-6f545f89ff-ncql2,0.14632683231407942
1783697636,cpu_utilisation,pod=workload-cloud-6f545f89ff-ncql2,0.14805905994111213
1783697646,cpu_utilisation,pod=workload-cloud-6f545f89ff-ncql2,0.10666866582491576
1783697656,cpu_utilisation,pod=workload-cloud-6f545f89ff-ncql2,0.07466511977925629
1783697666,cpu_utilisation,pod=workload-cloud-6f545f89ff-ncql2,0.050486887737209496
1783697676,cpu_utilisation,pod=workload-cloud-6f545f89ff-ncql2,0.011352297725483832
1783697686,cpu_utilisation,pod=workload-cloud-6f545f89ff-ncql2,0.011352297725483832
1783697696,cpu_utilisation,pod=workload-cloud-6f545f89ff-ncql2,0.011132178238170918
1783697706,cpu_utilisation,pod=workload-cloud-6f545f89ff-ncql2,0.011664069616915759
1783697716,cpu_utilisation,pod=workload-cloud-6f545f89ff-ncql2,0.01149346755582987
1783697076,cpu_utilisation,pod=workload-cloud-6f545f89ff-r28zz,0.011653810337727263
1783697086,cpu_utilisation,pod=workload-cloud-6f545f89ff-r28zz,0.019188879428907006
1783697096,cpu_utilisation,pod=workload-cloud-6f545f89ff-r28zz,0.02179767035162865
1783697106,cpu_utilisation,pod=workload-cloud-6f545f89ff-r28zz,0.25841955963798513
1783697116,cpu_utilisation,pod=workload-cloud-6f545f89ff-r28zz,0.6511102441710962
1783697126,cpu_utilisation,pod=workload-cloud-6f545f89ff-r28zz,0.9578305219343802
1783697136,cpu_utilisation,pod=workload-cloud-6f545f89ff-r28zz,1.1631471712772659
1783697146,cpu_utilisation,pod=workload-cloud-6f545f89ff-r28zz,1.861394926388265
1783697156,cpu_utilisation,pod=workload-cloud-6f545f89ff-r28zz,1.861394926388265
1783697166,cpu_utilisation,pod=workload-cloud-6f545f89ff-r28zz,2.4188806699390994
1783697176,cpu_utilisation,pod=workload-cloud-6f545f89ff-r28zz,2.855044367682953
1783697186,cpu_utilisation,pod=workload-cloud-6f545f89ff-r28zz,2.855044367682953
1783697196,cpu_utilisation,pod=workload-cloud-6f545f89ff-r28zz,3.1765580330347
1783697206,cpu_utilisation,pod=workload-cloud-6f545f89ff-r28zz,3.2005418871147566
1783697216,cpu_utilisation,pod=workload-cloud-6f545f89ff-r28zz,3.147902042509856
1783697226,cpu_utilisation,pod=workload-cloud-6f545f89ff-r28zz,3.1220782685441537
1783697236,cpu_utilisation,pod=workload-cloud-6f545f89ff-r28zz,2.609268094332021
1783697246,cpu_utilisation,pod=workload-cloud-6f545f89ff-r28zz,3.1481006816093693
1783697256,cpu_utilisation,pod=workload-cloud-6f545f89ff-r28zz,3.216855798312638
1783697266,cpu_utilisation,pod=workload-cloud-6f545f89ff-r28zz,3.397246142873233
1783697276,cpu_utilisation,pod=workload-cloud-6f545f89ff-r28zz,3.494025784358159
1783697286,cpu_utilisation,pod=workload-cloud-6f545f89ff-r28zz,3.6750816865157345
1783697296,cpu_utilisation,pod=workload-cloud-6f545f89ff-r28zz,3.6489801038212586
1783697306,cpu_utilisation,pod=workload-cloud-6f545f89ff-r28zz,3.744119569705051
1783697316,cpu_utilisation,pod=workload-cloud-6f545f89ff-r28zz,3.265173472552454
1783697326,cpu_utilisation,pod=workload-cloud-6f545f89ff-r28zz,2.421586026348503
1783697336,cpu_utilisation,pod=workload-cloud-6f545f89ff-r28zz,3.042118797621244
1783697346,cpu_utilisation,pod=workload-cloud-6f545f89ff-r28zz,3.2164957160092293
1783697356,cpu_utilisation,pod=workload-cloud-6f545f89ff-r28zz,3.061418394044873
1783697366,cpu_utilisation,pod=workload-cloud-6f545f89ff-r28zz,3.9177449814806424
1783697376,cpu_utilisation,pod=workload-cloud-6f545f89ff-r28zz,4.208863447904161
1783697386,cpu_utilisation,pod=workload-cloud-6f545f89ff-r28zz,4.208863447904161
1783697396,cpu_utilisation,pod=workload-cloud-6f545f89ff-r28zz,4.411665904413458
1783697406,cpu_utilisation,pod=workload-cloud-6f545f89ff-r28zz,3.600581089367241
1783697416,cpu_utilisation,pod=workload-cloud-6f545f89ff-r28zz,4.119762167365201
1783697426,cpu_utilisation,pod=workload-cloud-6f545f89ff-r28zz,3.48617956454373
1783697436,cpu_utilisation,pod=workload-cloud-6f545f89ff-r28zz,3.145308049621692
1783697446,cpu_utilisation,pod=workload-cloud-6f545f89ff-r28zz,2.705518984786476
1783697456,cpu_utilisation,pod=workload-cloud-6f545f89ff-r28zz,2.036464730290447
1783697466,cpu_utilisation,pod=workload-cloud-6f545f89ff-r28zz,2.036464730290447
1783697476,cpu_utilisation,pod=workload-cloud-6f545f89ff-r28zz,2.2824473523421704
1783697486,cpu_utilisation,pod=workload-cloud-6f545f89ff-r28zz,2.5431708713720034
1783697496,cpu_utilisation,pod=workload-cloud-6f545f89ff-r28zz,2.5728220555879675
1783697506,cpu_utilisation,pod=workload-cloud-6f545f89ff-r28zz,2.8784416228908976
1783697516,cpu_utilisation,pod=workload-cloud-6f545f89ff-r28zz,1.8118493407117497
1783697526,cpu_utilisation,pod=workload-cloud-6f545f89ff-r28zz,2.1629789283564076
1783697536,cpu_utilisation,pod=workload-cloud-6f545f89ff-r28zz,1.714810058573182
1783697546,cpu_utilisation,pod=workload-cloud-6f545f89ff-r28zz,1.714810058573182
1783697556,cpu_utilisation,pod=workload-cloud-6f545f89ff-r28zz,1.4530845344214738
1783697566,cpu_utilisation,pod=workload-cloud-6f545f89ff-r28zz,1.4407177057356668
1783697576,cpu_utilisation,pod=workload-cloud-6f545f89ff-r28zz,1.194125566909858
1783697586,cpu_utilisation,pod=workload-cloud-6f545f89ff-r28zz,1.5143805729463171
1783697596,cpu_utilisation,pod=workload-cloud-6f545f89ff-r28zz,1.1911553500700338
1783697606,cpu_utilisation,pod=workload-cloud-6f545f89ff-r28zz,1.4710562978413428
1783697616,cpu_utilisation,pod=workload-cloud-6f545f89ff-r28zz,1.4918781279421127
1783697626,cpu_utilisation,pod=workload-cloud-6f545f89ff-r28zz,1.4305449766061236
1783697636,cpu_utilisation,pod=workload-cloud-6f545f89ff-r28zz,1.4164710983228572
1783697646,cpu_utilisation,pod=workload-cloud-6f545f89ff-r28zz,1.3743168643453756
1783697656,cpu_utilisation,pod=workload-cloud-6f545f89ff-r28zz,1.1071830118127133
1783697666,cpu_utilisation,pod=workload-cloud-6f545f89ff-r28zz,0.7150946108988578
1783697676,cpu_utilisation,pod=workload-cloud-6f545f89ff-r28zz,0.7150946108988578
1783697686,cpu_utilisation,pod=workload-cloud-6f545f89ff-r28zz,0.4094788370253214
1783697696,cpu_utilisation,pod=workload-cloud-6f545f89ff-r28zz,0.08831352878154052
1783697706,cpu_utilisation,pod=workload-cloud-6f545f89ff-r28zz,0.012227561040828377
1783697716,cpu_utilisation,pod=workload-cloud-6f545f89ff-r28zz,0.01175533229020759
1783697276,cpu_utilisation,pod=workload-cloud-6f545f89ff-sn5cs,0.6037376697538385
1783697286,cpu_utilisation,pod=workload-cloud-6f545f89ff-sn5cs,0.62406725
1783697296,cpu_utilisation,pod=workload-cloud-6f545f89ff-sn5cs,1.6686203684910068
1783697306,cpu_utilisation,pod=workload-cloud-6f545f89ff-sn5cs,2.0248450512542977
1783697316,cpu_utilisation,pod=workload-cloud-6f545f89ff-sn5cs,2.4442660969976084
1783697326,cpu_utilisation,pod=workload-cloud-6f545f89ff-sn5cs,2.604198827371234
1783697336,cpu_utilisation,pod=workload-cloud-6f545f89ff-sn5cs,2.3703851083829437
1783697346,cpu_utilisation,pod=workload-cloud-6f545f89ff-sn5cs,2.6279723769959245
1783697356,cpu_utilisation,pod=workload-cloud-6f545f89ff-sn5cs,2.76892985533922
1783697366,cpu_utilisation,pod=workload-cloud-6f545f89ff-sn5cs,3.0531019810670994
1783697376,cpu_utilisation,pod=workload-cloud-6f545f89ff-sn5cs,3.807224355512889
1783697386,cpu_utilisation,pod=workload-cloud-6f545f89ff-sn5cs,4.082664277180405
1783697396,cpu_utilisation,pod=workload-cloud-6f545f89ff-sn5cs,4.057462137556092
1783697406,cpu_utilisation,pod=workload-cloud-6f545f89ff-sn5cs,3.8940673653040916
1783697416,cpu_utilisation,pod=workload-cloud-6f545f89ff-sn5cs,3.8940673653040916
1783697426,cpu_utilisation,pod=workload-cloud-6f545f89ff-sn5cs,3.142386701801412
1783697436,cpu_utilisation,pod=workload-cloud-6f545f89ff-sn5cs,2.372136119784176
1783697446,cpu_utilisation,pod=workload-cloud-6f545f89ff-sn5cs,2.0038373722627743
1783697456,cpu_utilisation,pod=workload-cloud-6f545f89ff-sn5cs,0.979647550224555
1783697466,cpu_utilisation,pod=workload-cloud-6f545f89ff-sn5cs,0.3555109783212893
1783697476,cpu_utilisation,pod=workload-cloud-6f545f89ff-sn5cs,0.23789517977367175
1783697486,cpu_utilisation,pod=workload-cloud-6f545f89ff-sn5cs,0.019285635919799628
1783697496,cpu_utilisation,pod=workload-cloud-6f545f89ff-sn5cs,0.02040463591921906
1783697506,cpu_utilisation,pod=workload-cloud-6f545f89ff-sn5cs,0.021671932649774673
1783697516,cpu_utilisation,pod=workload-cloud-6f545f89ff-sn5cs,0.013835731354385566
1783697526,cpu_utilisation,pod=workload-cloud-6f545f89ff-sn5cs,0.017139338933893543
1783697536,cpu_utilisation,pod=workload-cloud-6f545f89ff-sn5cs,0.010250136283127672
1783697546,cpu_utilisation,pod=workload-cloud-6f545f89ff-sn5cs,0.00964274388830567
1783697556,cpu_utilisation,pod=workload-cloud-6f545f89ff-sn5cs,0.011714235787511643
1783697566,cpu_utilisation,pod=workload-cloud-6f545f89ff-sn5cs,0.012284322820037401
1783697576,cpu_utilisation,pod=workload-cloud-6f545f89ff-sn5cs,0.012592420906246427
1783697586,cpu_utilisation,pod=workload-cloud-6f545f89ff-sn5cs,0.010708559759725001
1783697596,cpu_utilisation,pod=workload-cloud-6f545f89ff-sn5cs,0.012318698012652845
1783697606,cpu_utilisation,pod=workload-cloud-6f545f89ff-sn5cs,0.012432424859432929
1783697616,cpu_utilisation,pod=workload-cloud-6f545f89ff-sn5cs,0.011688514473782694
1783697626,cpu_utilisation,pod=workload-cloud-6f545f89ff-sn5cs,0.011266864494249454
1783697636,cpu_utilisation,pod=workload-cloud-6f545f89ff-sn5cs,0.011374916877243848
1783697646,cpu_utilisation,pod=workload-cloud-6f545f89ff-sn5cs,0.011654682741345278
1783697656,cpu_utilisation,pod=workload-cloud-6f545f89ff-sn5cs,0.011299154635259078
1783697666,cpu_utilisation,pod=workload-cloud-6f545f89ff-sn5cs,0.012210286826794408
1783697676,cpu_utilisation,pod=workload-cloud-6f545f89ff-sn5cs,0.012259523716876487
1783697686,cpu_utilisation,pod=workload-cloud-6f545f89ff-sn5cs,0.012268670527132985
1783697696,cpu_utilisation,pod=workload-cloud-6f545f89ff-sn5cs,0.012277020351709217
1783697706,cpu_utilisation,pod=workload-cloud-6f545f89ff-sn5cs,0.012071636148181816
1783697716,cpu_utilisation,pod=workload-cloud-6f545f89ff-sn5cs,0.01217291654045657
1783697076,cpu_utilisation,pod=workload-edge-7b875fd8c6-pxwvc,0.03675603155146321
1783697086,cpu_utilisation,pod=workload-edge-7b875fd8c6-pxwvc,0.03675603155146321
1783697096,cpu_utilisation,pod=workload-edge-7b875fd8c6-pxwvc,0.043861715578618725
1783697106,cpu_utilisation,pod=workload-edge-7b875fd8c6-pxwvc,0.05563589862823371
1783697116,cpu_utilisation,pod=workload-edge-7b875fd8c6-pxwvc,0.05545174864035574
1783697126,cpu_utilisation,pod=workload-edge-7b875fd8c6-pxwvc,0.055066063420868894
1783697136,cpu_utilisation,pod=workload-edge-7b875fd8c6-pxwvc,0.05568797429040735
1783697146,cpu_utilisation,pod=workload-edge-7b875fd8c6-pxwvc,0.05639781118409189
1783697156,cpu_utilisation,pod=workload-edge-7b875fd8c6-pxwvc,0.057716889321399754
1783697166,cpu_utilisation,pod=workload-edge-7b875fd8c6-pxwvc,0.058465501092743476
1783697176,cpu_utilisation,pod=workload-edge-7b875fd8c6-pxwvc,0.060679579776740766
1783697186,cpu_utilisation,pod=workload-edge-7b875fd8c6-pxwvc,0.060750746103708626
1783697196,cpu_utilisation,pod=workload-edge-7b875fd8c6-pxwvc,0.062114896210794426
1783697206,cpu_utilisation,pod=workload-edge-7b875fd8c6-pxwvc,0.06199436118121691
1783697216,cpu_utilisation,pod=workload-edge-7b875fd8c6-pxwvc,0.05977864000399069
1783697226,cpu_utilisation,pod=workload-edge-7b875fd8c6-pxwvc,0.05974909584090136
1783697236,cpu_utilisation,pod=workload-edge-7b875fd8c6-pxwvc,0.060458181551927316
1783697246,cpu_utilisation,pod=workload-edge-7b875fd8c6-pxwvc,0.058384392921904726
1783697256,cpu_utilisation,pod=workload-edge-7b875fd8c6-pxwvc,0.06110106583353225
1783697266,cpu_utilisation,pod=workload-edge-7b875fd8c6-pxwvc,0.06110106583353225
1783697276,cpu_utilisation,pod=workload-edge-7b875fd8c6-pxwvc,0.06497799915119576
1783697286,cpu_utilisation,pod=workload-edge-7b875fd8c6-pxwvc,0.06595139991555861
1783697296,cpu_utilisation,pod=workload-edge-7b875fd8c6-pxwvc,0.06793384269125512
1783697306,cpu_utilisation,pod=workload-edge-7b875fd8c6-pxwvc,0.06367330570776432
1783697316,cpu_utilisation,pod=workload-edge-7b875fd8c6-pxwvc,0.05012196935891552
1783697326,cpu_utilisation,pod=workload-edge-7b875fd8c6-pxwvc,0.047166174496650025
1783697336,cpu_utilisation,pod=workload-edge-7b875fd8c6-pxwvc,0.039071821789788595
1783697346,cpu_utilisation,pod=workload-edge-7b875fd8c6-pxwvc,0.04278093945630024
1783697356,cpu_utilisation,pod=workload-edge-7b875fd8c6-pxwvc,0.049189388356683704
1783697366,cpu_utilisation,pod=workload-edge-7b875fd8c6-pxwvc,0.05488324519600118
1783697376,cpu_utilisation,pod=workload-edge-7b875fd8c6-pxwvc,0.06263613778287763
1783697386,cpu_utilisation,pod=workload-edge-7b875fd8c6-pxwvc,0.058177557356579715
1783697396,cpu_utilisation,pod=workload-edge-7b875fd8c6-pxwvc,0.06758548512930058
1783697406,cpu_utilisation,pod=workload-edge-7b875fd8c6-pxwvc,0.06608654231848715
1783697416,cpu_utilisation,pod=workload-edge-7b875fd8c6-pxwvc,0.06331015845716152
1783697426,cpu_utilisation,pod=workload-edge-7b875fd8c6-pxwvc,0.0536576454926109
1783697436,cpu_utilisation,pod=workload-edge-7b875fd8c6-pxwvc,0.04549294903514531
1783697446,cpu_utilisation,pod=workload-edge-7b875fd8c6-pxwvc,0.0393483351419257
1783697456,cpu_utilisation,pod=workload-edge-7b875fd8c6-pxwvc,0.02736076266934257
1783697466,cpu_utilisation,pod=workload-edge-7b875fd8c6-pxwvc,0.02736076266934257
1783697476,cpu_utilisation,pod=workload-edge-7b875fd8c6-pxwvc,0.0369031618376239
1783697486,cpu_utilisation,pod=workload-edge-7b875fd8c6-pxwvc,0.04196218635661659
1783697496,cpu_utilisation,pod=workload-edge-7b875fd8c6-pxwvc,0.048141724047752965
1783697506,cpu_utilisation,pod=workload-edge-7b875fd8c6-pxwvc,0.048141724047752965
1783697516,cpu_utilisation,pod=workload-edge-7b875fd8c6-pxwvc,0.039973411870566355
1783697526,cpu_utilisation,pod=workload-edge-7b875fd8c6-pxwvc,0.03997341187056636
1783697536,cpu_utilisation,pod=workload-edge-7b875fd8c6-pxwvc,0.030924821424381944
1783697546,cpu_utilisation,pod=workload-edge-7b875fd8c6-pxwvc,0.027272124627140373
1783697556,cpu_utilisation,pod=workload-edge-7b875fd8c6-pxwvc,0.017325749999997697
1783697566,cpu_utilisation,pod=workload-edge-7b875fd8c6-pxwvc,0.026319146571817616
1783697576,cpu_utilisation,pod=workload-edge-7b875fd8c6-pxwvc,0.02754689846243527
1783697586,cpu_utilisation,pod=workload-edge-7b875fd8c6-pxwvc,0.02754689846243527
1783697596,cpu_utilisation,pod=workload-edge-7b875fd8c6-pxwvc,0.026720199334132406
1783697606,cpu_utilisation,pod=workload-edge-7b875fd8c6-pxwvc,0.027596611290639006
1783697616,cpu_utilisation,pod=workload-edge-7b875fd8c6-pxwvc,0.02302438940055522
1783697626,cpu_utilisation,pod=workload-edge-7b875fd8c6-pxwvc,0.02652653278668678
1783697636,cpu_utilisation,pod=workload-edge-7b875fd8c6-pxwvc,0.02719711085041968
1783697646,cpu_utilisation,pod=workload-edge-7b875fd8c6-pxwvc,0.02719711085041968
1783697656,cpu_utilisation,pod=workload-edge-7b875fd8c6-pxwvc,0.02683144615851327
1783697666,cpu_utilisation,pod=workload-edge-7b875fd8c6-pxwvc,0.027008921009552954
1783697676,cpu_utilisation,pod=workload-edge-7b875fd8c6-pxwvc,0.026829859617577164
1783697686,cpu_utilisation,pod=workload-edge-7b875fd8c6-pxwvc,0.02659588783567874
1783697696,cpu_utilisation,pod=workload-edge-7b875fd8c6-pxwvc,0.02272754596310779
1783697706,cpu_utilisation,pod=workload-edge-7b875fd8c6-pxwvc,0.026876258207738906
1783697716,cpu_utilisation,pod=workload-edge-7b875fd8c6-pxwvc,0.027065220295490248
1783697236,mem_mib,pod=workload-cloud-6f545f89ff-bkbg5,2.6796875
1783697246,mem_mib,pod=workload-cloud-6f545f89ff-bkbg5,35.1015625
1783697256,mem_mib,pod=workload-cloud-6f545f89ff-bkbg5,35.1015625
1783697266,mem_mib,pod=workload-cloud-6f545f89ff-bkbg5,35.30859375
1783697276,mem_mib,pod=workload-cloud-6f545f89ff-bkbg5,35.8984375
1783697286,mem_mib,pod=workload-cloud-6f545f89ff-bkbg5,36.58984375
1783697296,mem_mib,pod=workload-cloud-6f545f89ff-bkbg5,36.58984375
1783697306,mem_mib,pod=workload-cloud-6f545f89ff-bkbg5,36.828125
1783697316,mem_mib,pod=workload-cloud-6f545f89ff-bkbg5,36.828125
1783697326,mem_mib,pod=workload-cloud-6f545f89ff-bkbg5,37.13671875
1783697336,mem_mib,pod=workload-cloud-6f545f89ff-bkbg5,37.13671875
1783697346,mem_mib,pod=workload-cloud-6f545f89ff-bkbg5,37.20703125
1783697356,mem_mib,pod=workload-cloud-6f545f89ff-bkbg5,37.28125
1783697366,mem_mib,pod=workload-cloud-6f545f89ff-bkbg5,37.0625
1783697376,mem_mib,pod=workload-cloud-6f545f89ff-bkbg5,37.0625
1783697386,mem_mib,pod=workload-cloud-6f545f89ff-bkbg5,37.3125
1783697396,mem_mib,pod=workload-cloud-6f545f89ff-bkbg5,37.3125
1783697406,mem_mib,pod=workload-cloud-6f545f89ff-bkbg5,37.328125
1783697416,mem_mib,pod=workload-cloud-6f545f89ff-bkbg5,37.328125
1783697426,mem_mib,pod=workload-cloud-6f545f89ff-bkbg5,38.0625
1783697436,mem_mib,pod=workload-cloud-6f545f89ff-bkbg5,36.91015625
1783697446,mem_mib,pod=workload-cloud-6f545f89ff-bkbg5,36.6875
1783697456,mem_mib,pod=workload-cloud-6f545f89ff-bkbg5,36.59765625
1783697466,mem_mib,pod=workload-cloud-6f545f89ff-bkbg5,36.87890625
1783697476,mem_mib,pod=workload-cloud-6f545f89ff-bkbg5,36.87890625
1783697486,mem_mib,pod=workload-cloud-6f545f89ff-bkbg5,36.6015625
1783697496,mem_mib,pod=workload-cloud-6f545f89ff-bkbg5,36.61328125
1783697506,mem_mib,pod=workload-cloud-6f545f89ff-bkbg5,36.61328125
1783697516,mem_mib,pod=workload-cloud-6f545f89ff-bkbg5,36.61328125
1783697526,mem_mib,pod=workload-cloud-6f545f89ff-bkbg5,36.640625
1783697536,mem_mib,pod=workload-cloud-6f545f89ff-bkbg5,36.859375
1783697546,mem_mib,pod=workload-cloud-6f545f89ff-bkbg5,36.859375
1783697556,mem_mib,pod=workload-cloud-6f545f89ff-bkbg5,36.61328125
1783697566,mem_mib,pod=workload-cloud-6f545f89ff-bkbg5,36.61328125
1783697576,mem_mib,pod=workload-cloud-6f545f89ff-bkbg5,36.609375
1783697586,mem_mib,pod=workload-cloud-6f545f89ff-bkbg5,36.640625
1783697596,mem_mib,pod=workload-cloud-6f545f89ff-bkbg5,36.640625
1783697606,mem_mib,pod=workload-cloud-6f545f89ff-bkbg5,36.609375
1783697616,mem_mib,pod=workload-cloud-6f545f89ff-bkbg5,36.62109375
1783697626,mem_mib,pod=workload-cloud-6f545f89ff-bkbg5,36.609375
1783697636,mem_mib,pod=workload-cloud-6f545f89ff-bkbg5,36.609375
1783697646,mem_mib,pod=workload-cloud-6f545f89ff-bkbg5,36.609375
1783697656,mem_mib,pod=workload-cloud-6f545f89ff-bkbg5,36.609375
1783697666,mem_mib,pod=workload-cloud-6f545f89ff-bkbg5,36.609375
1783697676,mem_mib,pod=workload-cloud-6f545f89ff-bkbg5,36.609375
1783697686,mem_mib,pod=workload-cloud-6f545f89ff-bkbg5,36.609375
1783697696,mem_mib,pod=workload-cloud-6f545f89ff-bkbg5,36.609375
1783697706,mem_mib,pod=workload-cloud-6f545f89ff-bkbg5,36.609375
1783697716,mem_mib,pod=workload-cloud-6f545f89ff-bkbg5,36.609375
1783697296,mem_mib,pod=workload-cloud-6f545f89ff-c8n7f,2.87890625
1783697306,mem_mib,pod=workload-cloud-6f545f89ff-c8n7f,35.1328125
1783697316,mem_mib,pod=workload-cloud-6f545f89ff-c8n7f,35.1328125
1783697326,mem_mib,pod=workload-cloud-6f545f89ff-c8n7f,35.15234375
1783697336,mem_mib,pod=workload-cloud-6f545f89ff-c8n7f,35.16796875
1783697346,mem_mib,pod=workload-cloud-6f545f89ff-c8n7f,35.16796875
1783697356,mem_mib,pod=workload-cloud-6f545f89ff-c8n7f,35.171875
1783697366,mem_mib,pod=workload-cloud-6f545f89ff-c8n7f,35.171875
1783697376,mem_mib,pod=workload-cloud-6f545f89ff-c8n7f,35.19921875
1783697386,mem_mib,pod=workload-cloud-6f545f89ff-c8n7f,35.203125
1783697396,mem_mib,pod=workload-cloud-6f545f89ff-c8n7f,35.203125
1783697406,mem_mib,pod=workload-cloud-6f545f89ff-c8n7f,35.19921875
1783697416,mem_mib,pod=workload-cloud-6f545f89ff-c8n7f,35.19921875
1783697426,mem_mib,pod=workload-cloud-6f545f89ff-c8n7f,35.20703125
1783697436,mem_mib,pod=workload-cloud-6f545f89ff-c8n7f,35.21484375
1783697446,mem_mib,pod=workload-cloud-6f545f89ff-c8n7f,35.21484375
1783697456,mem_mib,pod=workload-cloud-6f545f89ff-c8n7f,35.21484375
1783697466,mem_mib,pod=workload-cloud-6f545f89ff-c8n7f,35.21875
1783697476,mem_mib,pod=workload-cloud-6f545f89ff-c8n7f,35.21875
1783697486,mem_mib,pod=workload-cloud-6f545f89ff-c8n7f,35.2265625
1783697496,mem_mib,pod=workload-cloud-6f545f89ff-c8n7f,35.2265625
1783697506,mem_mib,pod=workload-cloud-6f545f89ff-c8n7f,35.2265625
1783697516,mem_mib,pod=workload-cloud-6f545f89ff-c8n7f,35.2265625
1783697526,mem_mib,pod=workload-cloud-6f545f89ff-c8n7f,35.234375
1783697536,mem_mib,pod=workload-cloud-6f545f89ff-c8n7f,35.234375
1783697546,mem_mib,pod=workload-cloud-6f545f89ff-c8n7f,35.234375
1783697556,mem_mib,pod=workload-cloud-6f545f89ff-c8n7f,35.234375
1783697566,mem_mib,pod=workload-cloud-6f545f89ff-c8n7f,35.23828125
1783697576,mem_mib,pod=workload-cloud-6f545f89ff-c8n7f,35.2421875
1783697586,mem_mib,pod=workload-cloud-6f545f89ff-c8n7f,35.2421875
1783697596,mem_mib,pod=workload-cloud-6f545f89ff-c8n7f,35.2421875
1783697606,mem_mib,pod=workload-cloud-6f545f89ff-c8n7f,35.2421875
1783697616,mem_mib,pod=workload-cloud-6f545f89ff-c8n7f,35.2421875
1783697626,mem_mib,pod=workload-cloud-6f545f89ff-c8n7f,35.25390625
1783697636,mem_mib,pod=workload-cloud-6f545f89ff-c8n7f,35.25390625
1783697646,mem_mib,pod=workload-cloud-6f545f89ff-c8n7f,35.25390625
1783697656,mem_mib,pod=workload-cloud-6f545f89ff-c8n7f,35.25390625
1783697666,mem_mib,pod=workload-cloud-6f545f89ff-c8n7f,35.25390625
1783697676,mem_mib,pod=workload-cloud-6f545f89ff-c8n7f,35.25390625
1783697686,mem_mib,pod=workload-cloud-6f545f89ff-c8n7f,35.25390625
1783697696,mem_mib,pod=workload-cloud-6f545f89ff-c8n7f,35.25390625
1783697706,mem_mib,pod=workload-cloud-6f545f89ff-c8n7f,35.25390625
1783697716,mem_mib,pod=workload-cloud-6f545f89ff-c8n7f,35.26171875
1783697166,mem_mib,pod=workload-cloud-6f545f89ff-m69zj,2.7421875
1783697176,mem_mib,pod=workload-cloud-6f545f89ff-m69zj,35.12890625
1783697186,mem_mib,pod=workload-cloud-6f545f89ff-m69zj,35.12890625
1783697196,mem_mib,pod=workload-cloud-6f545f89ff-m69zj,35.2734375
1783697206,mem_mib,pod=workload-cloud-6f545f89ff-m69zj,36.0078125
1783697216,mem_mib,pod=workload-cloud-6f545f89ff-m69zj,36.0078125
1783697226,mem_mib,pod=workload-cloud-6f545f89ff-m69zj,36.2578125
1783697236,mem_mib,pod=workload-cloud-6f545f89ff-m69zj,36.6015625
1783697246,mem_mib,pod=workload-cloud-6f545f89ff-m69zj,36.38671875
1783697256,mem_mib,pod=workload-cloud-6f545f89ff-m69zj,36.38671875
1783697266,mem_mib,pod=workload-cloud-6f545f89ff-m69zj,36.42578125
1783697276,mem_mib,pod=workload-cloud-6f545f89ff-m69zj,36.42578125
1783697286,mem_mib,pod=workload-cloud-6f545f89ff-m69zj,37.296875
1783697296,mem_mib,pod=workload-cloud-6f545f89ff-m69zj,38.4453125
1783697306,mem_mib,pod=workload-cloud-6f545f89ff-m69zj,38.4453125
1783697316,mem_mib,pod=workload-cloud-6f545f89ff-m69zj,38.22265625
1783697326,mem_mib,pod=workload-cloud-6f545f89ff-m69zj,38.22265625
1783697336,mem_mib,pod=workload-cloud-6f545f89ff-m69zj,37.9765625
1783697346,mem_mib,pod=workload-cloud-6f545f89ff-m69zj,38.1484375
1783697356,mem_mib,pod=workload-cloud-6f545f89ff-m69zj,38.1484375
1783697366,mem_mib,pod=workload-cloud-6f545f89ff-m69zj,38.11328125
1783697376,mem_mib,pod=workload-cloud-6f545f89ff-m69zj,38.18359375
1783697386,mem_mib,pod=workload-cloud-6f545f89ff-m69zj,38.18359375
1783697396,mem_mib,pod=workload-cloud-6f545f89ff-m69zj,38.1796875
1783697406,mem_mib,pod=workload-cloud-6f545f89ff-m69zj,38.21484375
1783697416,mem_mib,pod=workload-cloud-6f545f89ff-m69zj,38.47265625
1783697426,mem_mib,pod=workload-cloud-6f545f89ff-m69zj,38.47265625
1783697436,mem_mib,pod=workload-cloud-6f545f89ff-m69zj,37.76953125
1783697446,mem_mib,pod=workload-cloud-6f545f89ff-m69zj,37.76953125
1783697456,mem_mib,pod=workload-cloud-6f545f89ff-m69zj,38.03515625
1783697466,mem_mib,pod=workload-cloud-6f545f89ff-m69zj,37.5
1783697476,mem_mib,pod=workload-cloud-6f545f89ff-m69zj,37.5
1783697486,mem_mib,pod=workload-cloud-6f545f89ff-m69zj,37.50390625
1783697496,mem_mib,pod=workload-cloud-6f545f89ff-m69zj,37.50390625
1783697506,mem_mib,pod=workload-cloud-6f545f89ff-m69zj,37.53515625
1783697516,mem_mib,pod=workload-cloud-6f545f89ff-m69zj,37.53515625
1783697526,mem_mib,pod=workload-cloud-6f545f89ff-m69zj,37.75
1783697536,mem_mib,pod=workload-cloud-6f545f89ff-m69zj,37.75
1783697546,mem_mib,pod=workload-cloud-6f545f89ff-m69zj,37.93359375
1783697556,mem_mib,pod=workload-cloud-6f545f89ff-m69zj,37.9921875
1783697566,mem_mib,pod=workload-cloud-6f545f89ff-m69zj,37.9921875
1783697576,mem_mib,pod=workload-cloud-6f545f89ff-m69zj,38.015625
1783697586,mem_mib,pod=workload-cloud-6f545f89ff-m69zj,37.98046875
1783697596,mem_mib,pod=workload-cloud-6f545f89ff-m69zj,37.98046875
1783697606,mem_mib,pod=workload-cloud-6f545f89ff-m69zj,37.53125
1783697616,mem_mib,pod=workload-cloud-6f545f89ff-m69zj,37.53125
1783697626,mem_mib,pod=workload-cloud-6f545f89ff-m69zj,37.4609375
1783697636,mem_mib,pod=workload-cloud-6f545f89ff-m69zj,37.46484375
1783697646,mem_mib,pod=workload-cloud-6f545f89ff-m69zj,37.46484375
1783697656,mem_mib,pod=workload-cloud-6f545f89ff-m69zj,37.34765625
1783697666,mem_mib,pod=workload-cloud-6f545f89ff-m69zj,37.3515625
1783697676,mem_mib,pod=workload-cloud-6f545f89ff-m69zj,37.35546875
1783697686,mem_mib,pod=workload-cloud-6f545f89ff-m69zj,37.35546875
1783697696,mem_mib,pod=workload-cloud-6f545f89ff-m69zj,37.35546875
1783697706,mem_mib,pod=workload-cloud-6f545f89ff-m69zj,37.35546875
1783697716,mem_mib,pod=workload-cloud-6f545f89ff-m69zj,37.3515625
1783697196,mem_mib,pod=workload-cloud-6f545f89ff-ncql2,2.73828125
1783697206,mem_mib,pod=workload-cloud-6f545f89ff-ncql2,35.13671875
1783697216,mem_mib,pod=workload-cloud-6f545f89ff-ncql2,35.13671875
1783697226,mem_mib,pod=workload-cloud-6f545f89ff-ncql2,35.15625
1783697236,mem_mib,pod=workload-cloud-6f545f89ff-ncql2,35.1796875
1783697246,mem_mib,pod=workload-cloud-6f545f89ff-ncql2,35.1796875
1783697256,mem_mib,pod=workload-cloud-6f545f89ff-ncql2,35.1796875
1783697266,mem_mib,pod=workload-cloud-6f545f89ff-ncql2,35.21875
1783697276,mem_mib,pod=workload-cloud-6f545f89ff-ncql2,35.21875
1783697286,mem_mib,pod=workload-cloud-6f545f89ff-ncql2,36.37109375
1783697296,mem_mib,pod=workload-cloud-6f545f89ff-ncql2,37.7265625
1783697306,mem_mib,pod=workload-cloud-6f545f89ff-ncql2,37.7265625
1783697316,mem_mib,pod=workload-cloud-6f545f89ff-ncql2,37.76953125
1783697326,mem_mib,pod=workload-cloud-6f545f89ff-ncql2,37.8203125
1783697336,mem_mib,pod=workload-cloud-6f545f89ff-ncql2,37.8359375
1783697346,mem_mib,pod=workload-cloud-6f545f89ff-ncql2,37.8359375
1783697356,mem_mib,pod=workload-cloud-6f545f89ff-ncql2,37.8671875
1783697366,mem_mib,pod=workload-cloud-6f545f89ff-ncql2,37.953125
1783697376,mem_mib,pod=workload-cloud-6f545f89ff-ncql2,37.953125
1783697386,mem_mib,pod=workload-cloud-6f545f89ff-ncql2,37.95703125
1783697396,mem_mib,pod=workload-cloud-6f545f89ff-ncql2,38.2734375
1783697406,mem_mib,pod=workload-cloud-6f545f89ff-ncql2,38.2734375
1783697416,mem_mib,pod=workload-cloud-6f545f89ff-ncql2,39.0078125
1783697426,mem_mib,pod=workload-cloud-6f545f89ff-ncql2,39.0078125
1783697436,mem_mib,pod=workload-cloud-6f545f89ff-ncql2,37.67578125
1783697446,mem_mib,pod=workload-cloud-6f545f89ff-ncql2,37.3359375
1783697456,mem_mib,pod=workload-cloud-6f545f89ff-ncql2,37.3359375
1783697466,mem_mib,pod=workload-cloud-6f545f89ff-ncql2,37.16796875
1783697476,mem_mib,pod=workload-cloud-6f545f89ff-ncql2,37.14453125
1783697486,mem_mib,pod=workload-cloud-6f545f89ff-ncql2,37.14453125
1783697496,mem_mib,pod=workload-cloud-6f545f89ff-ncql2,37.1484375
1783697506,mem_mib,pod=workload-cloud-6f545f89ff-ncql2,37.1484375
1783697516,mem_mib,pod=workload-cloud-6f545f89ff-ncql2,37.39453125
1783697526,mem_mib,pod=workload-cloud-6f545f89ff-ncql2,37.39453125
1783697536,mem_mib,pod=workload-cloud-6f545f89ff-ncql2,37.15234375
1783697546,mem_mib,pod=workload-cloud-6f545f89ff-ncql2,37.15234375
1783697556,mem_mib,pod=workload-cloud-6f545f89ff-ncql2,37.15234375
1783697566,mem_mib,pod=workload-cloud-6f545f89ff-ncql2,37.15234375
1783697576,mem_mib,pod=workload-cloud-6f545f89ff-ncql2,37.15625
1783697586,mem_mib,pod=workload-cloud-6f545f89ff-ncql2,37.1875
1783697596,mem_mib,pod=workload-cloud-6f545f89ff-ncql2,37.15625
1783697606,mem_mib,pod=workload-cloud-6f545f89ff-ncql2,37.15625
1783697616,mem_mib,pod=workload-cloud-6f545f89ff-ncql2,37.1640625
1783697626,mem_mib,pod=workload-cloud-6f545f89ff-ncql2,37.1640625
1783697636,mem_mib,pod=workload-cloud-6f545f89ff-ncql2,37.16015625
1783697646,mem_mib,pod=workload-cloud-6f545f89ff-ncql2,37.41015625
1783697656,mem_mib,pod=workload-cloud-6f545f89ff-ncql2,37.41015625
1783697666,mem_mib,pod=workload-cloud-6f545f89ff-ncql2,37.16015625
1783697676,mem_mib,pod=workload-cloud-6f545f89ff-ncql2,37.16015625
1783697686,mem_mib,pod=workload-cloud-6f545f89ff-ncql2,37.16015625
1783697696,mem_mib,pod=workload-cloud-6f545f89ff-ncql2,37.16015625
1783697706,mem_mib,pod=workload-cloud-6f545f89ff-ncql2,37.16015625
1783697716,mem_mib,pod=workload-cloud-6f545f89ff-ncql2,37.16015625
1783697076,mem_mib,pod=workload-cloud-6f545f89ff-r28zz,40.06640625
1783697086,mem_mib,pod=workload-cloud-6f545f89ff-r28zz,40.06640625
1783697096,mem_mib,pod=workload-cloud-6f545f89ff-r28zz,40.06640625
1783697106,mem_mib,pod=workload-cloud-6f545f89ff-r28zz,40.1015625
1783697116,mem_mib,pod=workload-cloud-6f545f89ff-r28zz,40.421875
1783697126,mem_mib,pod=workload-cloud-6f545f89ff-r28zz,40.421875
1783697136,mem_mib,pod=workload-cloud-6f545f89ff-r28zz,40.49609375
1783697146,mem_mib,pod=workload-cloud-6f545f89ff-r28zz,40.79296875
1783697156,mem_mib,pod=workload-cloud-6f545f89ff-r28zz,40.79296875
1783697166,mem_mib,pod=workload-cloud-6f545f89ff-r28zz,40.3828125
1783697176,mem_mib,pod=workload-cloud-6f545f89ff-r28zz,40.4453125
1783697186,mem_mib,pod=workload-cloud-6f545f89ff-r28zz,40.4453125
1783697196,mem_mib,pod=workload-cloud-6f545f89ff-r28zz,40.6796875
1783697206,mem_mib,pod=workload-cloud-6f545f89ff-r28zz,40.71875
1783697216,mem_mib,pod=workload-cloud-6f545f89ff-r28zz,40.703125
1783697226,mem_mib,pod=workload-cloud-6f545f89ff-r28zz,40.5
1783697236,mem_mib,pod=workload-cloud-6f545f89ff-r28zz,40.5
1783697246,mem_mib,pod=workload-cloud-6f545f89ff-r28zz,41.05859375
1783697256,mem_mib,pod=workload-cloud-6f545f89ff-r28zz,40.54296875
1783697266,mem_mib,pod=workload-cloud-6f545f89ff-r28zz,41.0078125
1783697276,mem_mib,pod=workload-cloud-6f545f89ff-r28zz,41.0078125
1783697286,mem_mib,pod=workload-cloud-6f545f89ff-r28zz,41.328125
1783697296,mem_mib,pod=workload-cloud-6f545f89ff-r28zz,41.23046875
1783697306,mem_mib,pod=workload-cloud-6f545f89ff-r28zz,41.23046875
1783697316,mem_mib,pod=workload-cloud-6f545f89ff-r28zz,41.48828125
1783697326,mem_mib,pod=workload-cloud-6f545f89ff-r28zz,41.48828125
1783697336,mem_mib,pod=workload-cloud-6f545f89ff-r28zz,41.2265625
1783697346,mem_mib,pod=workload-cloud-6f545f89ff-r28zz,41.23828125
1783697356,mem_mib,pod=workload-cloud-6f545f89ff-r28zz,41.23828125
1783697366,mem_mib,pod=workload-cloud-6f545f89ff-r28zz,41.23828125
1783697376,mem_mib,pod=workload-cloud-6f545f89ff-r28zz,41.25
1783697386,mem_mib,pod=workload-cloud-6f545f89ff-r28zz,41.25
1783697396,mem_mib,pod=workload-cloud-6f545f89ff-r28zz,41.35546875
1783697406,mem_mib,pod=workload-cloud-6f545f89ff-r28zz,41.35546875
1783697416,mem_mib,pod=workload-cloud-6f545f89ff-r28zz,41.50390625
1783697426,mem_mib,pod=workload-cloud-6f545f89ff-r28zz,41.1484375
1783697436,mem_mib,pod=workload-cloud-6f545f89ff-r28zz,41.1484375
1783697446,mem_mib,pod=workload-cloud-6f545f89ff-r28zz,40.9296875
1783697456,mem_mib,pod=workload-cloud-6f545f89ff-r28zz,41.62109375
1783697466,mem_mib,pod=workload-cloud-6f545f89ff-r28zz,41.62109375
1783697476,mem_mib,pod=workload-cloud-6f545f89ff-r28zz,40.6796875
1783697486,mem_mib,pod=workload-cloud-6f545f89ff-r28zz,40.6796875
1783697496,mem_mib,pod=workload-cloud-6f545f89ff-r28zz,40.6640625
1783697506,mem_mib,pod=workload-cloud-6f545f89ff-r28zz,41.140625
1783697516,mem_mib,pod=workload-cloud-6f545f89ff-r28zz,40.62890625
1783697526,mem_mib,pod=workload-cloud-6f545f89ff-r28zz,40.62890625
1783697536,mem_mib,pod=workload-cloud-6f545f89ff-r28zz,40.6015625
1783697546,mem_mib,pod=workload-cloud-6f545f89ff-r28zz,40.6015625
1783697556,mem_mib,pod=workload-cloud-6f545f89ff-r28zz,40.85546875
1783697566,mem_mib,pod=workload-cloud-6f545f89ff-r28zz,40.5703125
1783697576,mem_mib,pod=workload-cloud-6f545f89ff-r28zz,40.5703125
1783697586,mem_mib,pod=workload-cloud-6f545f89ff-r28zz,40.59765625
1783697596,mem_mib,pod=workload-cloud-6f545f89ff-r28zz,41.87890625
1783697606,mem_mib,pod=workload-cloud-6f545f89ff-r28zz,42.109375
1783697616,mem_mib,pod=workload-cloud-6f545f89ff-r28zz,42.109375
1783697626,mem_mib,pod=workload-cloud-6f545f89ff-r28zz,40.55859375
1783697636,mem_mib,pod=workload-cloud-6f545f89ff-r28zz,41.09375
1783697646,mem_mib,pod=workload-cloud-6f545f89ff-r28zz,40.6484375
1783697656,mem_mib,pod=workload-cloud-6f545f89ff-r28zz,40.28125
1783697666,mem_mib,pod=workload-cloud-6f545f89ff-r28zz,40.109375
1783697676,mem_mib,pod=workload-cloud-6f545f89ff-r28zz,40.109375
1783697686,mem_mib,pod=workload-cloud-6f545f89ff-r28zz,40.109375
1783697696,mem_mib,pod=workload-cloud-6f545f89ff-r28zz,40.109375
1783697706,mem_mib,pod=workload-cloud-6f545f89ff-r28zz,40.109375
1783697716,mem_mib,pod=workload-cloud-6f545f89ff-r28zz,40.109375
1783697266,mem_mib,pod=workload-cloud-6f545f89ff-sn5cs,2.7734375
1783697276,mem_mib,pod=workload-cloud-6f545f89ff-sn5cs,35.73046875
1783697286,mem_mib,pod=workload-cloud-6f545f89ff-sn5cs,35.73046875
1783697296,mem_mib,pod=workload-cloud-6f545f89ff-sn5cs,37.13671875
1783697306,mem_mib,pod=workload-cloud-6f545f89ff-sn5cs,37.28515625
1783697316,mem_mib,pod=workload-cloud-6f545f89ff-sn5cs,37.28515625
1783697326,mem_mib,pod=workload-cloud-6f545f89ff-sn5cs,37.9296875
1783697336,mem_mib,pod=workload-cloud-6f545f89ff-sn5cs,37.9296875
1783697346,mem_mib,pod=workload-cloud-6f545f89ff-sn5cs,37.5859375
1783697356,mem_mib,pod=workload-cloud-6f545f89ff-sn5cs,37.5859375
1783697366,mem_mib,pod=workload-cloud-6f545f89ff-sn5cs,37.69140625
1783697376,mem_mib,pod=workload-cloud-6f545f89ff-sn5cs,37.7109375
1783697386,mem_mib,pod=workload-cloud-6f545f89ff-sn5cs,37.7109375
1783697396,mem_mib,pod=workload-cloud-6f545f89ff-sn5cs,37.71484375
1783697406,mem_mib,pod=workload-cloud-6f545f89ff-sn5cs,37.71875
1783697416,mem_mib,pod=workload-cloud-6f545f89ff-sn5cs,37.71875
1783697426,mem_mib,pod=workload-cloud-6f545f89ff-sn5cs,37.69140625
1783697436,mem_mib,pod=workload-cloud-6f545f89ff-sn5cs,37.69140625
1783697446,mem_mib,pod=workload-cloud-6f545f89ff-sn5cs,37.0546875
1783697456,mem_mib,pod=workload-cloud-6f545f89ff-sn5cs,37.015625
1783697466,mem_mib,pod=workload-cloud-6f545f89ff-sn5cs,37.015625
1783697476,mem_mib,pod=workload-cloud-6f545f89ff-sn5cs,37.0234375
1783697486,mem_mib,pod=workload-cloud-6f545f89ff-sn5cs,37.0234375
1783697496,mem_mib,pod=workload-cloud-6f545f89ff-sn5cs,37.0234375
1783697506,mem_mib,pod=workload-cloud-6f545f89ff-sn5cs,37.0234375
1783697516,mem_mib,pod=workload-cloud-6f545f89ff-sn5cs,37.0234375
1783697526,mem_mib,pod=workload-cloud-6f545f89ff-sn5cs,37.0234375
1783697536,mem_mib,pod=workload-cloud-6f545f89ff-sn5cs,37.0234375
1783697546,mem_mib,pod=workload-cloud-6f545f89ff-sn5cs,37.0234375
1783697556,mem_mib,pod=workload-cloud-6f545f89ff-sn5cs,37.0234375
1783697566,mem_mib,pod=workload-cloud-6f545f89ff-sn5cs,37.0234375
1783697576,mem_mib,pod=workload-cloud-6f545f89ff-sn5cs,37.0234375
1783697586,mem_mib,pod=workload-cloud-6f545f89ff-sn5cs,37.0234375
1783697596,mem_mib,pod=workload-cloud-6f545f89ff-sn5cs,37.0234375
1783697606,mem_mib,pod=workload-cloud-6f545f89ff-sn5cs,37.0234375
1783697616,mem_mib,pod=workload-cloud-6f545f89ff-sn5cs,37.0234375
1783697626,mem_mib,pod=workload-cloud-6f545f89ff-sn5cs,37.0234375
1783697636,mem_mib,pod=workload-cloud-6f545f89ff-sn5cs,37.0234375
1783697646,mem_mib,pod=workload-cloud-6f545f89ff-sn5cs,37.0234375
1783697656,mem_mib,pod=workload-cloud-6f545f89ff-sn5cs,37.0234375
1783697666,mem_mib,pod=workload-cloud-6f545f89ff-sn5cs,37.0234375
1783697676,mem_mib,pod=workload-cloud-6f545f89ff-sn5cs,37.0234375
1783697686,mem_mib,pod=workload-cloud-6f545f89ff-sn5cs,37.0234375
1783697696,mem_mib,pod=workload-cloud-6f545f89ff-sn5cs,37.0234375
1783697706,mem_mib,pod=workload-cloud-6f545f89ff-sn5cs,37.0234375
1783697716,mem_mib,pod=workload-cloud-6f545f89ff-sn5cs,37.0234375
1783697076,mem_mib,pod=workload-edge-7b875fd8c6-pxwvc,39.26171875
1783697086,mem_mib,pod=workload-edge-7b875fd8c6-pxwvc,39.26171875
1783697096,mem_mib,pod=workload-edge-7b875fd8c6-pxwvc,39.26171875
1783697106,mem_mib,pod=workload-edge-7b875fd8c6-pxwvc,39.26171875
1783697116,mem_mib,pod=workload-edge-7b875fd8c6-pxwvc,39.26171875
1783697126,mem_mib,pod=workload-edge-7b875fd8c6-pxwvc,39.26171875
1783697136,mem_mib,pod=workload-edge-7b875fd8c6-pxwvc,39.26171875
1783697146,mem_mib,pod=workload-edge-7b875fd8c6-pxwvc,39.26171875
1783697156,mem_mib,pod=workload-edge-7b875fd8c6-pxwvc,39.26171875
1783697166,mem_mib,pod=workload-edge-7b875fd8c6-pxwvc,39.26171875
1783697176,mem_mib,pod=workload-edge-7b875fd8c6-pxwvc,39.26171875
1783697186,mem_mib,pod=workload-edge-7b875fd8c6-pxwvc,39.26171875
1783697196,mem_mib,pod=workload-edge-7b875fd8c6-pxwvc,39.26171875
1783697206,mem_mib,pod=workload-edge-7b875fd8c6-pxwvc,39.26171875
1783697216,mem_mib,pod=workload-edge-7b875fd8c6-pxwvc,39.26171875
1783697226,mem_mib,pod=workload-edge-7b875fd8c6-pxwvc,39.26171875
1783697236,mem_mib,pod=workload-edge-7b875fd8c6-pxwvc,39.26171875
1783697246,mem_mib,pod=workload-edge-7b875fd8c6-pxwvc,39.26171875
1783697256,mem_mib,pod=workload-edge-7b875fd8c6-pxwvc,39.26171875
1783697266,mem_mib,pod=workload-edge-7b875fd8c6-pxwvc,39.26171875
1783697276,mem_mib,pod=workload-edge-7b875fd8c6-pxwvc,39.26171875
1783697286,mem_mib,pod=workload-edge-7b875fd8c6-pxwvc,39.265625
1783697296,mem_mib,pod=workload-edge-7b875fd8c6-pxwvc,39.265625
1783697306,mem_mib,pod=workload-edge-7b875fd8c6-pxwvc,39.26171875
1783697316,mem_mib,pod=workload-edge-7b875fd8c6-pxwvc,39.26171875
1783697326,mem_mib,pod=workload-edge-7b875fd8c6-pxwvc,39.26171875
1783697336,mem_mib,pod=workload-edge-7b875fd8c6-pxwvc,39.26171875
1783697346,mem_mib,pod=workload-edge-7b875fd8c6-pxwvc,39.26171875
1783697356,mem_mib,pod=workload-edge-7b875fd8c6-pxwvc,39.26171875
1783697366,mem_mib,pod=workload-edge-7b875fd8c6-pxwvc,39.26171875
1783697376,mem_mib,pod=workload-edge-7b875fd8c6-pxwvc,39.26171875
1783697386,mem_mib,pod=workload-edge-7b875fd8c6-pxwvc,39.26171875
1783697396,mem_mib,pod=workload-edge-7b875fd8c6-pxwvc,39.26171875
1783697406,mem_mib,pod=workload-edge-7b875fd8c6-pxwvc,39.26171875
1783697416,mem_mib,pod=workload-edge-7b875fd8c6-pxwvc,39.26171875
1783697426,mem_mib,pod=workload-edge-7b875fd8c6-pxwvc,39.26171875
1783697436,mem_mib,pod=workload-edge-7b875fd8c6-pxwvc,39.26171875
1783697446,mem_mib,pod=workload-edge-7b875fd8c6-pxwvc,39.26171875
1783697456,mem_mib,pod=workload-edge-7b875fd8c6-pxwvc,39.26171875
1783697466,mem_mib,pod=workload-edge-7b875fd8c6-pxwvc,39.26171875
1783697476,mem_mib,pod=workload-edge-7b875fd8c6-pxwvc,39.26171875
1783697486,mem_mib,pod=workload-edge-7b875fd8c6-pxwvc,39.26171875
1783697496,mem_mib,pod=workload-edge-7b875fd8c6-pxwvc,39.26171875
1783697506,mem_mib,pod=workload-edge-7b875fd8c6-pxwvc,39.26171875
1783697516,mem_mib,pod=workload-edge-7b875fd8c6-pxwvc,39.26171875
1783697526,mem_mib,pod=workload-edge-7b875fd8c6-pxwvc,39.26171875
1783697536,mem_mib,pod=workload-edge-7b875fd8c6-pxwvc,39.26171875
1783697546,mem_mib,pod=workload-edge-7b875fd8c6-pxwvc,39.26171875
1783697556,mem_mib,pod=workload-edge-7b875fd8c6-pxwvc,39.26171875
1783697566,mem_mib,pod=workload-edge-7b875fd8c6-pxwvc,39.26171875
1783697576,mem_mib,pod=workload-edge-7b875fd8c6-pxwvc,39.26171875
1783697586,mem_mib,pod=workload-edge-7b875fd8c6-pxwvc,39.26171875
1783697596,mem_mib,pod=workload-edge-7b875fd8c6-pxwvc,39.26171875
1783697606,mem_mib,pod=workload-edge-7b875fd8c6-pxwvc,39.26171875
1783697616,mem_mib,pod=workload-edge-7b875fd8c6-pxwvc,39.26171875
1783697626,mem_mib,pod=workload-edge-7b875fd8c6-pxwvc,39.26171875
1783697636,mem_mib,pod=workload-edge-7b875fd8c6-pxwvc,39.26171875
1783697646,mem_mib,pod=workload-edge-7b875fd8c6-pxwvc,39.26171875
1783697656,mem_mib,pod=workload-edge-7b875fd8c6-pxwvc,39.26171875
1783697666,mem_mib,pod=workload-edge-7b875fd8c6-pxwvc,39.26171875
1783697676,mem_mib,pod=workload-edge-7b875fd8c6-pxwvc,39.265625
1783697686,mem_mib,pod=workload-edge-7b875fd8c6-pxwvc,39.26171875
1783697696,mem_mib,pod=workload-edge-7b875fd8c6-pxwvc,39.26171875
1783697706,mem_mib,pod=workload-edge-7b875fd8c6-pxwvc,39.26171875
1783697716,mem_mib,pod=workload-edge-7b875fd8c6-pxwvc,39.26171875
1783697076,rps,tier=cloud,0.0
1783697086,rps,tier=cloud,1.820143612825221
1783697096,rps,tier=cloud,7.420742074207421
1783697106,rps,tier=cloud,16.54111048930406
1783697116,rps,tier=cloud,28.542323000426133
1783697126,rps,tier=cloud,43.80438043804381
1783697136,rps,tier=cloud,58.76465959294692
1783697146,rps,tier=cloud,73.06159469758501
1783697156,rps,tier=cloud,87.12785591704223
1783697166,rps,tier=cloud,96.66670495202646
1783697176,rps,tier=cloud,108.32656217080739
1783697186,rps,tier=cloud,118.14942999990342
1783697196,rps,tier=cloud,134.21938289306433
1783697206,rps,tier=cloud,146.2905073493547
1783697216,rps,tier=cloud,162.69433409315957
1783697226,rps,tier=cloud,174.44220956828056
1783697236,rps,tier=cloud,187.70994221453898
1783697246,rps,tier=cloud,202.3859571797983
1783697256,rps,tier=cloud,217.04460556856765
1783697266,rps,tier=cloud,226.19734162928077
1783697276,rps,tier=cloud,261.47449969013286
1783697286,rps,tier=cloud,365.89903562836935
1783697296,rps,tier=cloud,509.30979551031066
1783697306,rps,tier=cloud,720.4651606216603
1783697316,rps,tier=cloud,945.7389144076899
1783697326,rps,tier=cloud,1136.6627537883346
1783697336,rps,tier=cloud,1226.0431882121559
1783697346,rps,tier=cloud,1245.8255263606607
1783697356,rps,tier=cloud,1127.1565142736224
1783697366,rps,tier=cloud,977.9910231344543
1783697376,rps,tier=cloud,862.5932820799248
1783697386,rps,tier=cloud,790.5801068517575
1783697396,rps,tier=cloud,728.2655199525209
1783697406,rps,tier=cloud,777.7164239545201
1783697416,rps,tier=cloud,889.4318674484396
1783697426,rps,tier=cloud,999.0489652328575
1783697436,rps,tier=cloud,1046.6351771051498
1783697446,rps,tier=cloud,999.7292661515127
1783697456,rps,tier=cloud,867.1699745814036
1783697466,rps,tier=cloud,673.2469087576299
1783697476,rps,tier=cloud,474.61249087473084
1783697486,rps,tier=cloud,345.4411467124619
1783697496,rps,tier=cloud,298.2636270883019
1783697506,rps,tier=cloud,295.9850647661947
1783697516,rps,tier=cloud,310.1759559095659
1783697526,rps,tier=cloud,325.6238799183809
1783697536,rps,tier=cloud,339.57158768417395
1783697546,rps,tier=cloud,352.97115698493366
1783697556,rps,tier=cloud,357.0209769701154
1783697566,rps,tier=cloud,357.7331966407898
1783697576,rps,tier=cloud,354.1845665049672
1783697586,rps,tier=cloud,353.1718013113462
1783697596,rps,tier=cloud,351.8686362156905
1783697606,rps,tier=cloud,351.7686552750543
1783697616,rps,tier=cloud,352.2024349702843
1783697626,rps,tier=cloud,354.4190896786187
1783697636,rps,tier=cloud,342.1309654930102
1783697646,rps,tier=cloud,301.3190607317993
1783697656,rps,tier=cloud,234.13754957900423
1783697666,rps,tier=cloud,162.8815991746935
1783697676,rps,tier=cloud,92.308439331459
1783697686,rps,tier=cloud,34.50275025270593
1783697696,rps,tier=cloud,4.440489655350429
1783697706,rps,tier=cloud,0.0
1783697716,rps,tier=cloud,0.0
1783697076,rps,tier=edge,0.0
1783697086,rps,tier=edge,0.0
1783697096,rps,tier=edge,0.0
1783697106,rps,tier=edge,0.0
1783697116,rps,tier=edge,0.0
1783697126,rps,tier=edge,0.0
1783697136,rps,tier=edge,0.0
1783697146,rps,tier=edge,0.0
1783697156,rps,tier=edge,0.0
1783697166,rps,tier=edge,0.0
1783697176,rps,tier=edge,0.0
1783697186,rps,tier=edge,0.0
1783697196,rps,tier=edge,0.0
1783697206,rps,tier=edge,0.0
1783697216,rps,tier=edge,0.0
1783697226,rps,tier=edge,0.0
1783697236,rps,tier=edge,0.0
1783697246,rps,tier=edge,0.0
1783697256,rps,tier=edge,0.0
1783697266,rps,tier=edge,0.0
1783697276,rps,tier=edge,0.0
1783697286,rps,tier=edge,0.0
1783697296,rps,tier=edge,0.0
1783697306,rps,tier=edge,0.0
1783697316,rps,tier=edge,0.0
1783697326,rps,tier=edge,0.0
1783697336,rps,tier=edge,0.0
1783697346,rps,tier=edge,0.0
1783697356,rps,tier=edge,0.0
1783697366,rps,tier=edge,0.0
1783697376,rps,tier=edge,0.0
1783697386,rps,tier=edge,0.0
1783697396,rps,tier=edge,0.0
1783697406,rps,tier=edge,0.0
1783697416,rps,tier=edge,0.0
1783697426,rps,tier=edge,0.0
1783697436,rps,tier=edge,0.0
1783697446,rps,tier=edge,0.0
1783697456,rps,tier=edge,0.0
1783697466,rps,tier=edge,0.0
1783697476,rps,tier=edge,0.0
1783697486,rps,tier=edge,0.0
1783697496,rps,tier=edge,0.0
1783697506,rps,tier=edge,0.0
1783697516,rps,tier=edge,0.0
1783697526,rps,tier=edge,0.0
1783697536,rps,tier=edge,0.0
1783697546,rps,tier=edge,0.0
1783697556,rps,tier=edge,0.0
1783697566,rps,tier=edge,0.0
1783697576,rps,tier=edge,0.0
1783697586,rps,tier=edge,0.0
1783697596,rps,tier=edge,0.0
1783697606,rps,tier=edge,0.0
1783697616,rps,tier=edge,0.0
1783697626,rps,tier=edge,0.0
1783697636,rps,tier=edge,0.0
1783697646,rps,tier=edge,0.0
1783697656,rps,tier=edge,0.0
1783697666,rps,tier=edge,0.0
1783697676,rps,tier=edge,0.0
1783697686,rps,tier=edge,0.0
1783697696,rps,tier=edge,0.0
1783697706,rps,tier=edge,0.0
1783697716,rps,tier=edge,0.0
1783697076,lat50_ms,tier=cloud,3.5596041203237814
1783697086,lat50_ms,tier=cloud,7.226557572479126
1783697096,lat50_ms,tier=cloud,7.585227272727273
1783697106,lat50_ms,tier=cloud,8.129528217272044
1783697116,lat50_ms,tier=cloud,9.385654113315926
1783697126,lat50_ms,tier=cloud,11.156249700346885
1783697136,lat50_ms,tier=cloud,14.167717528373268
1783697146,lat50_ms,tier=cloud,16.74297994248468
1783697156,lat50_ms,tier=cloud,18.249158249158246
1783697166,lat50_ms,tier=cloud,21.64633661970618
1783697176,lat50_ms,tier=cloud,25.127528113852463
1783697186,lat50_ms,tier=cloud,27.233233776812387
1783697196,lat50_ms,tier=cloud,27.02104607753871
1783697206,lat50_ms,tier=cloud,27.907552303083172
1783697216,lat50_ms,tier=cloud,29.026606826977076
1783697226,lat50_ms,tier=cloud,30.415425114735058
1783697236,lat50_ms,tier=cloud,31.84747639179242
1783697246,lat50_ms,tier=cloud,32.57027166310934
1783697256,lat50_ms,tier=cloud,33.03000455694616
1783697266,lat50_ms,tier=cloud,34.423134565367924
1783697276,lat50_ms,tier=cloud,35.80332037465083
1783697286,lat50_ms,tier=cloud,38.66574366970221
1783697296,lat50_ms,tier=cloud,39.56413896125447
1783697306,lat50_ms,tier=cloud,36.9357631611807
1783697316,lat50_ms,tier=cloud,35.28766025170977
1783697326,lat50_ms,tier=cloud,35.22188082236275
1783697336,lat50_ms,tier=cloud,35.69133278208121
1783697346,lat50_ms,tier=cloud,36.35819218816588
1783697356,lat50_ms,tier=cloud,38.11064731159651
1783697366,lat50_ms,tier=cloud,39.901810606805796
1783697376,lat50_ms,tier=cloud,41.850276795572476
1783697386,lat50_ms,tier=cloud,43.6931976126772
1783697396,lat50_ms,tier=cloud,45.26785702837261
1783697406,lat50_ms,tier=cloud,45.618085530686194
1783697416,lat50_ms,tier=cloud,46.222293642193854
1783697426,lat50_ms,tier=cloud,45.68029565509994
1783697436,lat50_ms,tier=cloud,44.20213990405537
1783697446,lat50_ms,tier=cloud,42.17542148001989
1783697456,lat50_ms,tier=cloud,40.51067406012963
1783697466,lat50_ms,tier=cloud,37.41031000912197
1783697476,lat50_ms,tier=cloud,33.9874247867545
1783697486,lat50_ms,tier=cloud,30.17914967818426
1783697496,lat50_ms,tier=cloud,26.31779382558639
1783697506,lat50_ms,tier=cloud,21.36150699566827
1783697516,lat50_ms,tier=cloud,17.66287173667021
1783697526,lat50_ms,tier=cloud,14.701309152000153
1783697536,lat50_ms,tier=cloud,11.70760248210795
1783697546,lat50_ms,tier=cloud,10.19390550937256
1783697556,lat50_ms,tier=cloud,10.205722451795385
1783697566,lat50_ms,tier=cloud,10.444510298385724
1783697576,lat50_ms,tier=cloud,9.905124956208287
1783697586,lat50_ms,tier=cloud,9.247750452474328
1783697596,lat50_ms,tier=cloud,8.382774496449388
1783697606,lat50_ms,tier=cloud,7.58819029798884
1783697616,lat50_ms,tier=cloud,7.314892148887824
1783697626,lat50_ms,tier=cloud,7.057737066433934
1783697636,lat50_ms,tier=cloud,6.9257742004293785
1783697646,lat50_ms,tier=cloud,6.769566850042387
1783697656,lat50_ms,tier=cloud,6.870664830813132
1783697666,lat50_ms,tier=cloud,6.998821977627984
1783697676,lat50_ms,tier=cloud,6.878759743297115
1783697686,lat50_ms,tier=cloud,6.627922224478047
1783697696,lat50_ms,tier=cloud,6.225128927649705
1783697706,lat50_ms,tier=cloud,6.058264547056804
1783697716,lat50_ms,tier=cloud,5.796711833315933
1783697076,lat95_ms,tier=cloud,6.910733767296391
1783697086,lat95_ms,tier=cloud,15.449981589653829
1783697096,lat95_ms,tier=cloud,16.801724137931032
1783697106,lat95_ms,tier=cloud,19.25419107841448
1783697116,lat95_ms,tier=cloud,40.84801558542775
1783697126,lat95_ms,tier=cloud,43.9258557856882
1783697136,lat95_ms,tier=cloud,48.894652406417116
1783697146,lat95_ms,tier=cloud,56.96889059139365
1783697156,lat95_ms,tier=cloud,64.33933933933926
1783697166,lat95_ms,tier=cloud,79.0879913451734
1783697176,lat95_ms,tier=cloud,79.08556895178313
1783697186,lat95_ms,tier=cloud,77.13166144200622
1783697196,lat95_ms,tier=cloud,82.1079868340323
1783697206,lat95_ms,tier=cloud,83.83854283037515
1783697216,lat95_ms,tier=cloud,84.65576911888591
1783697226,lat95_ms,tier=cloud,88.34228547271884
1783697236,lat95_ms,tier=cloud,92.81339297746898
1783697246,lat95_ms,tier=cloud,93.92681159179192
1783697256,lat95_ms,tier=cloud,95.30554649258103
1783697266,lat95_ms,tier=cloud,99.3891701304646
1783697276,lat95_ms,tier=cloud,135.41790164366003
1783697286,lat95_ms,tier=cloud,162.6990895935375
1783697296,lat95_ms,tier=cloud,189.5933045229749
1783697306,lat95_ms,tier=cloud,179.67014596541628
1783697316,lat95_ms,tier=cloud,163.37361391419665
1783697326,lat95_ms,tier=cloud,161.50375853270285
1783697336,lat95_ms,tier=cloud,181.9243607571786
1783697346,lat95_ms,tier=cloud,192.41644600403924
1783697356,lat95_ms,tier=cloud,224.77934110145878
1783697366,lat95_ms,tier=cloud,251.4796193525644
1783697376,lat95_ms,tier=cloud,262.670881406527
1783697386,lat95_ms,tier=cloud,270.42694265209013
1783697396,lat95_ms,tier=cloud,277.23557193842026
1783697406,lat95_ms,tier=cloud,278.2699991562361
1783697416,lat95_ms,tier=cloud,279.7614688336425
1783697426,lat95_ms,tier=cloud,280.5744529187551
1783697436,lat95_ms,tier=cloud,282.2892960560158
1783697446,lat95_ms,tier=cloud,279.9518949518003
1783697456,lat95_ms,tier=cloud,279.8813275335643
1783697466,lat95_ms,tier=cloud,270.9987668986423
1783697476,lat95_ms,tier=cloud,254.16432770468623
1783697486,lat95_ms,tier=cloud,232.69146378917847
1783697496,lat95_ms,tier=cloud,188.11577362627537
1783697506,lat95_ms,tier=cloud,127.61515492896544
1783697516,lat95_ms,tier=cloud,71.69302825677073
1783697526,lat95_ms,tier=cloud,53.67833379350955
1783697536,lat95_ms,tier=cloud,57.838280727109236
1783697546,lat95_ms,tier=cloud,62.04833305565265
1783697556,lat95_ms,tier=cloud,63.382448899808544
1783697566,lat95_ms,tier=cloud,62.65734155929957
1783697576,lat95_ms,tier=cloud,50.265736150929136
1783697586,lat95_ms,tier=cloud,47.14812521965639
1783697596,lat95_ms,tier=cloud,43.69139251743268
1783697606,lat95_ms,tier=cloud,39.653585356079354
1783697616,lat95_ms,tier=cloud,38.26208507909066
1783697626,lat95_ms,tier=cloud,37.77406954242121
1783697636,lat95_ms,tier=cloud,37.563437907942465
1783697646,lat95_ms,tier=cloud,36.89787475879188
1783697656,lat95_ms,tier=cloud,37.03036241344861
1783697666,lat95_ms,tier=cloud,37.55748624844652
1783697676,lat95_ms,tier=cloud,37.221250598567124
1783697686,lat95_ms,tier=cloud,35.38842977436013
1783697696,lat95_ms,tier=cloud,32.923463036272764
1783697706,lat95_ms,tier=cloud,29.431477932908884
1783697716,lat95_ms,tier=cloud,26.23963893328034
1783697076,lat99_ms,tier=cloud,9.38214675345928
1783697086,lat99_ms,tier=cloud,19.08999631793077
1783697096,lat99_ms,tier=cloud,19.360344827586204
1783697106,lat99_ms,tier=cloud,41.13929725728047
1783697116,lat99_ms,tier=cloud,48.38105676842077
1783697126,lat99_ms,tier=cloud,48.922053102659625
1783697136,lat99_ms,tier=cloud,73.8214285714286
1783697146,lat99_ms,tier=cloud,87.36361094902647
1783697156,lat99_ms,tier=cloud,95.12345679012326
1783697166,lat99_ms,tier=cloud,129.47873791214602
1783697176,lat99_ms,tier=cloud,125.67290615485486
1783697186,lat99_ms,tier=cloud,127.12396694214864
1783697196,lat99_ms,tier=cloud,131.81492731223508
1783697206,lat99_ms,tier=cloud,131.89798171134188
1783697216,lat99_ms,tier=cloud,131.5998304741468
1783697226,lat99_ms,tier=cloud,135.6317168269327
1783697236,lat99_ms,tier=cloud,139.86631227515272
1783697246,lat99_ms,tier=cloud,139.9063742682838
1783697256,lat99_ms,tier=cloud,141.5447439864869
1783697266,lat99_ms,tier=cloud,148.45314770322875
1783697276,lat99_ms,tier=cloud,251.230019467518
1783697286,lat99_ms,tier=cloud,285.97768193553895
1783697296,lat99_ms,tier=cloud,326.9784828038335
1783697306,lat99_ms,tier=cloud,299.0702786799111
1783697316,lat99_ms,tier=cloud,289.79382232859473
1783697326,lat99_ms,tier=cloud,283.4649163120105
1783697336,lat99_ms,tier=cloud,299.642791499384
1783697346,lat99_ms,tier=cloud,327.6508313242181
1783697356,lat99_ms,tier=cloud,382.58096097819333
1783697366,lat99_ms,tier=cloud,414.7368607253983
1783697376,lat99_ms,tier=cloud,421.8494029099822
1783697386,lat99_ms,tier=cloud,429.9356002251451
1783697396,lat99_ms,tier=cloud,437.95868438347253
1783697406,lat99_ms,tier=cloud,439.83543685876145
1783697416,lat99_ms,tier=cloud,441.27719547836534
1783697426,lat99_ms,tier=cloud,442.2210698233232
1783697436,lat99_ms,tier=cloud,444.36796680777525
1783697446,lat99_ms,tier=cloud,441.9151279927139
1783697456,lat99_ms,tier=cloud,442.10485094428844
1783697466,lat99_ms,tier=cloud,432.0817891615273
1783697476,lat99_ms,tier=cloud,407.8189305119292
1783697486,lat99_ms,tier=cloud,392.57872252298125
1783697496,lat99_ms,tier=cloud,344.2993428212536
1783697506,lat99_ms,tier=cloud,272.5499181991261
1783697516,lat99_ms,tier=cloud,181.2530715245691
1783697526,lat99_ms,tier=cloud,93.45563861335299
1783697536,lat99_ms,tier=cloud,96.44061688551619
1783697546,lat99_ms,tier=cloud,98.39937020387846
1783697556,lat99_ms,tier=cloud,98.98874905652008
1783697566,lat99_ms,tier=cloud,98.96825749498467
1783697576,lat99_ms,tier=cloud,93.31991522266522
1783697586,lat99_ms,tier=cloud,85.51665713052088
1783697596,lat99_ms,tier=cloud,72.12996521914629
1783697606,lat99_ms,tier=cloud,48.988834742378856
1783697616,lat99_ms,tier=cloud,48.26820475291288
1783697626,lat99_ms,tier=cloud,48.19579468941095
1783697636,lat99_ms,tier=cloud,48.177503676704134
1783697646,lat99_ms,tier=cloud,48.12242883865147
1783697656,lat99_ms,tier=cloud,48.22308953320924
1783697666,lat99_ms,tier=cloud,48.399848909391544
1783697676,lat99_ms,tier=cloud,48.49496122181949
1783697686,lat99_ms,tier=cloud,47.247588320221055
1783697696,lat99_ms,tier=cloud,46.584692607254574
1783697706,lat99_ms,tier=cloud,45.886295586581795
1783697716,lat99_ms,tier=cloud,45.247927786656064
1783697076,inflight,tier=cloud,0.0
1783697086,inflight,tier=cloud,0.0
1783697096,inflight,tier=cloud,0.0
1783697106,inflight,tier=cloud,0.0
1783697116,inflight,tier=cloud,2.0
1783697126,inflight,tier=cloud,0.0
1783697136,inflight,tier=cloud,0.0
1783697146,inflight,tier=cloud,0.0
1783697156,inflight,tier=cloud,3.0
1783697166,inflight,tier=cloud,2.0
1783697176,inflight,tier=cloud,0.0
1783697186,inflight,tier=cloud,0.0
1783697196,inflight,tier=cloud,0.0
1783697206,inflight,tier=cloud,0.0
1783697216,inflight,tier=cloud,0.0
1783697226,inflight,tier=cloud,4.0
1783697236,inflight,tier=cloud,2.0
1783697246,inflight,tier=cloud,3.0
1783697256,inflight,tier=cloud,0.0
1783697266,inflight,tier=cloud,6.0
1783697276,inflight,tier=cloud,15.0
1783697286,inflight,tier=cloud,14.0
1783697296,inflight,tier=cloud,46.0
1783697306,inflight,tier=cloud,28.0
1783697316,inflight,tier=cloud,6.0
1783697326,inflight,tier=cloud,4.0
1783697336,inflight,tier=cloud,49.0
1783697346,inflight,tier=cloud,24.0
1783697356,inflight,tier=cloud,54.0
1783697366,inflight,tier=cloud,22.0
1783697376,inflight,tier=cloud,64.0
1783697386,inflight,tier=cloud,37.0
1783697396,inflight,tier=cloud,27.0
1783697406,inflight,tier=cloud,48.0
1783697416,inflight,tier=cloud,19.0
1783697426,inflight,tier=cloud,1.0
1783697436,inflight,tier=cloud,6.0
1783697446,inflight,tier=cloud,0.0
1783697456,inflight,tier=cloud,0.0
1783697466,inflight,tier=cloud,1.0
1783697476,inflight,tier=cloud,2.0
1783697486,inflight,tier=cloud,6.0
1783697496,inflight,tier=cloud,0.0
1783697506,inflight,tier=cloud,0.0
1783697516,inflight,tier=cloud,0.0
1783697526,inflight,tier=cloud,0.0
1783697536,inflight,tier=cloud,0.0
1783697546,inflight,tier=cloud,0.0
1783697556,inflight,tier=cloud,0.0
1783697566,inflight,tier=cloud,0.0
1783697576,inflight,tier=cloud,0.0
1783697586,inflight,tier=cloud,0.0
1783697596,inflight,tier=cloud,3.0
1783697606,inflight,tier=cloud,0.0
1783697616,inflight,tier=cloud,0.0
1783697626,inflight,tier=cloud,0.0
1783697636,inflight,tier=cloud,0.0
1783697646,inflight,tier=cloud,0.0
1783697656,inflight,tier=cloud,0.0
1783697666,inflight,tier=cloud,0.0
1783697676,inflight,tier=cloud,0.0
1783697686,inflight,tier=cloud,0.0
1783697696,inflight,tier=cloud,0.0
1783697706,inflight,tier=cloud,0.0
1783697716,inflight,tier=cloud,0.0
1783697076,inflight,tier=edge,0.0
1783697086,inflight,tier=edge,0.0
1783697096,inflight,tier=edge,0.0
1783697106,inflight,tier=edge,0.0
1783697116,inflight,tier=edge,0.0
1783697126,inflight,tier=edge,0.0
1783697136,inflight,tier=edge,0.0
1783697146,inflight,tier=edge,0.0
1783697156,inflight,tier=edge,0.0
1783697166,inflight,tier=edge,0.0
1783697176,inflight,tier=edge,0.0
1783697186,inflight,tier=edge,0.0
1783697196,inflight,tier=edge,0.0
1783697206,inflight,tier=edge,0.0
1783697216,inflight,tier=edge,0.0
1783697226,inflight,tier=edge,0.0
1783697236,inflight,tier=edge,0.0
1783697246,inflight,tier=edge,0.0
1783697256,inflight,tier=edge,0.0
1783697266,inflight,tier=edge,0.0
1783697276,inflight,tier=edge,0.0
1783697286,inflight,tier=edge,0.0
1783697296,inflight,tier=edge,0.0
1783697306,inflight,tier=edge,0.0
1783697316,inflight,tier=edge,0.0
1783697326,inflight,tier=edge,0.0
1783697336,inflight,tier=edge,0.0
1783697346,inflight,tier=edge,0.0
1783697356,inflight,tier=edge,0.0
1783697366,inflight,tier=edge,0.0
1783697376,inflight,tier=edge,0.0
1783697386,inflight,tier=edge,0.0
1783697396,inflight,tier=edge,0.0
1783697406,inflight,tier=edge,0.0
1783697416,inflight,tier=edge,0.0
1783697426,inflight,tier=edge,0.0
1783697436,inflight,tier=edge,0.0
1783697446,inflight,tier=edge,0.0
1783697456,inflight,tier=edge,0.0
1783697466,inflight,tier=edge,0.0
1783697476,inflight,tier=edge,0.0
1783697486,inflight,tier=edge,0.0
1783697496,inflight,tier=edge,0.0
1783697506,inflight,tier=edge,0.0
1783697516,inflight,tier=edge,0.0
1783697526,inflight,tier=edge,0.0
1783697536,inflight,tier=edge,0.0
1783697546,inflight,tier=edge,0.0
1783697556,inflight,tier=edge,0.0
1783697566,inflight,tier=edge,0.0
1783697576,inflight,tier=edge,0.0
1783697586,inflight,tier=edge,0.0
1783697596,inflight,tier=edge,0.0
1783697606,inflight,tier=edge,0.0
1783697616,inflight,tier=edge,0.0
1783697626,inflight,tier=edge,0.0
1783697636,inflight,tier=edge,0.0
1783697646,inflight,tier=edge,0.0
1783697656,inflight,tier=edge,0.0
1783697666,inflight,tier=edge,0.0
1783697676,inflight,tier=edge,0.0
1783697686,inflight,tier=edge,0.0
1783697696,inflight,tier=edge,0.0
1783697706,inflight,tier=edge,0.0
1783697716,inflight,tier=edge,0.0
