ts,metric,labels,value
1783719262,replicas_status,deployment=workload-cloud,1.0
1783719272,replicas_status,deployment=workload-cloud,1.0
1783719282,replicas_status,deployment=workload-cloud,1.0
1783719292,replicas_status,deployment=workload-cloud,1.0
1783719302,replicas_status,deployment=workload-cloud,1.0
1783719312,replicas_status,deployment=workload-cloud,1.0
1783719322,replicas_status,deployment=workload-cloud,2.0
1783719332,replicas_status,deployment=workload-cloud,2.0
1783719342,replicas_status,deployment=workload-cloud,2.0
1783719352,replicas_status,deployment=workload-cloud,2.0
1783719362,replicas_status,deployment=workload-cloud,3.0
1783719372,replicas_status,deployment=workload-cloud,3.0
1783719382,replicas_status,deployment=workload-cloud,3.0
1783719392,replicas_status,deployment=workload-cloud,3.0
1783719402,replicas_status,deployment=workload-cloud,5.0
1783719412,replicas_status,deployment=workload-cloud,4.0
1783719422,replicas_status,deployment=workload-cloud,4.0
1783719432,replicas_status,deployment=workload-cloud,4.0
1783719442,replicas_status,deployment=workload-cloud,6.0
1783719452,replicas_status,deployment=workload-cloud,6.0
1783719462,replicas_status,deployment=workload-cloud,6.0
1783719472,replicas_status,deployment=workload-cloud,6.0
1783719482,replicas_status,deployment=workload-cloud,6.0
1783719492,replicas_status,deployment=workload-cloud,6.0
1783719502,replicas_status,deployment=workload-cloud,6.0
1783719512,replicas_status,deployment=workload-cloud,6.0
1783719522,replicas_status,deployment=workload-cloud,6.0
1783719532,replicas_status,deployment=workload-cloud,6.0
1783719542,replicas_status,deployment=workload-cloud,6.0
1783719552,replicas_status,deployment=workload-cloud,6.0
1783719562,replicas_status,deployment=workload-cloud,6.0
1783719572,replicas_status,deployment=workload-cloud,6.0
1783719582,replicas_status,deployment=workload-cloud,6.0
1783719592,replicas_status,deployment=workload-cloud,6.0
1783719602,replicas_status,deployment=workload-cloud,6.0
1783719612,replicas_status,deployment=workload-cloud,6.0
1783719622,replicas_status,deployment=workload-cloud,6.0
1783719632,replicas_status,deployment=workload-cloud,6.0
1783719642,replicas_status,deployment=workload-cloud,6.0
1783719652,replicas_status,deployment=workload-cloud,6.0
1783719662,replicas_status,deployment=workload-cloud,6.0
1783719672,replicas_status,deployment=workload-cloud,6.0
1783719682,replicas_status,deployment=workload-cloud,6.0
1783719692,replicas_status,deployment=workload-cloud,6.0
1783719702,replicas_status,deployment=workload-cloud,6.0
1783719712,replicas_status,deployment=workload-cloud,6.0
1783719722,replicas_status,deployment=workload-cloud,6.0
1783719732,replicas_status,deployment=workload-cloud,6.0
1783719742,replicas_status,deployment=workload-cloud,6.0
1783719752,replicas_status,deployment=workload-cloud,6.0
1783719762,replicas_status,deployment=workload-cloud,6.0
1783719772,replicas_status,deployment=workload-cloud,6.0
1783719782,replicas_status,deployment=workload-cloud,6.0
1783719792,replicas_status,deployment=workload-cloud,6.0
1783719802,replicas_status,deployment=workload-cloud,6.0
1783719812,replicas_status,deployment=workload-cloud,6.0
1783719822,replicas_status,deployment=workload-cloud,6.0
1783719832,replicas_status,deployment=workload-cloud,6.0
1783719842,replicas_status,deployment=workload-cloud,6.0
1783719852,replicas_status,deployment=workload-cloud,6.0
1783719862,replicas_status,deployment=workload-cloud,6.0
1783719872,replicas_status,deployment=workload-cloud,6.0
1783719882,replicas_status,deployment=workload-cloud,6.0
1783719892,replicas_status,deployment=workload-cloud,6.0
1783719902,replicas_status,deployment=workload-cloud,5.0
1783719912,replicas_status,deployment=workload-cloud,5.0
1783719262,replicas_status,deployment=workload-edge,1.0
1783719272,replicas_status,deployment=workload-edge,1.0
1783719282,replicas_status,deployment=workload-edge,1.0
1783719292,replicas_status,deployment=workload-edge,1.0
1783719302,replicas_status,deployment=workload-edge,1.0
1783719312,replicas_status,deployment=workload-edge,1.0
1783719322,replicas_status,deployment=workload-edge,1.0
1783719332,replicas_status,deployment=workload-edge,1.0
1783719342,replicas_status,deployment=workload-edge,1.0
1783719352,replicas_status,deployment=workload-edge,1.0
1783719362,replicas_status,deployment=workload-edge,1.0
1783719372,replicas_status,deployment=workload-edge,1.0
1783719382,replicas_status,deployment=workload-edge,1.0
1783719392,replicas_status,deployment=workload-edge,1.0
1783719402,replicas_status,deployment=workload-edge,1.0
1783719412,replicas_status,deployment=workload-edge,1.0
1783719422,replicas_status,deployment=workload-edge,1.0
1783719432,replicas_status,deployment=workload-edge,1.0
1783719442,replicas_status,deployment=workload-edge,1.0
1783719452,replicas_status,deployment=workload-edge,1.0
1783719462,replicas_status,deployment=workload-edge,1.0
1783719472,replicas_status,deployment=workload-edge,1.0
1783719482,replicas_status,deployment=workload-edge,1.0
1783719492,replicas_status,deployment=workload-edge,1.0
1783719502,replicas_status,deployment=workload-edge,1.0
1783719512,replicas_status,deployment=workload-edge,1.0
1783719522,replicas_status,deployment=workload-edge,1.0
1783719532,replicas_status,deployment=workload-edge,1.0
1783719542,replicas_status,deployment=workload-edge,1.0
1783719552,replicas_status,deployment=workload-edge,1.0
1783719562,replicas_status,deployment=workload-edge,1.0
1783719572,replicas_status,deployment=workload-edge,1.0
1783719582,replicas_status,deployment=workload-edge,1.0
1783719592,replicas_status,deployment=workload-edge,1.0
1783719602,replicas_status,deployment=workload-edge,1.0
1783719612,replicas_status,deployment=workload-edge,1.0
1783719622,replicas_status,deployment=workload-edge,1.0
1783719632,replicas_status,deployment=workload-edge,1.0
1783719642,replicas_status,deployment=workload-edge,1.0
1783719652,replicas_status,deployment=workload-edge,1.0
1783719662,replicas_status,deployment=workload-edge,1.0
1783719672,replicas_status,deployment=workload-edge,1.0
1783719682,replicas_status,deployment=workload-edge,1.0
1783719692,replicas_status,deployment=workload-edge,1.0
1783719702,replicas_status,deployment=workload-edge,1.0
1783719712,replicas_status,deployment=workload-edge,1.0
1783719722,replicas_status,deployment=workload-edge,1.0
1783719732,replicas_status,deployment=workload-edge,1.0
1783719742,replicas_status,deployment=workload-edge,1.0
1783719752,replicas_status,deployment=workload-edge,1.0
1783719762,replicas_status,deployment=workload-edge,1.0
1783719772,replicas_status,deployment=workload-edge,1.0
1783719782,replicas_status,deployment=workload-edge,1.0
1783719792,replicas_status,deployment=workload-edge,1.0
1783719802,replicas_status,deployment=workload-edge,1.0
1783719812,replicas_status,deployment=workload-edge,1.0
1783719822,replicas_status,deployment=workload-edge,1.0
1783719832,replicas_status,deployment=workload-edge,1.0
1783719842,replicas_status,deployment=workload-edge,1.0
1783719852,replicas_status,deployment=workload-edge,1.0
1783719862,replicas_status,deployment=workload-edge,1.0
1783719872,replicas_status,deployment=workload-edge,1.0
1783719882,replicas_status,deployment=workload-edge,1.0
1783719892,replicas_status,deployment=workload-edge,1.0
1783719902,replicas_status,deployment=workload-edge,1.0
1783719912,replicas_status,deployment=workload-edge,1.0
1783719262,replicas_spec,deployment=workload-cloud,1.0
1783719272,replicas_spec,deployment=workload-cloud,1.0
1783719282,replicas_spec,deployment=workload-cloud,1.0
1783719292,replicas_spec,deployment=workload-cloud,1.0
1783719302,replicas_spec,deployment=workload-cloud,1.0
1783719312,replicas_spec,deployment=workload-cloud,1.0
1783719322,replicas_spec,deployment=workload-cloud,2.0
1783719332,replicas_spec,deployment=workload-cloud,2.0
1783719342,replicas_spec,deployment=workload-cloud,2.0
1783719352,replicas_spec,deployment=workload-cloud,2.0
1783719362,replicas_spec,deployment=workload-cloud,3.0
1783719372,replicas_spec,deployment=workload-cloud,3.0
1783719382,replicas_spec,deployment=workload-cloud,3.0
1783719392,replicas_spec,deployment=workload-cloud,3.0
1783719402,replicas_spec,deployment=workload-cloud,5.0
1783719412,replicas_spec,deployment=workload-cloud,4.0
1783719422,replicas_spec,deployment=workload-cloud,4.0
1783719432,replicas_spec,deployment=workload-cloud,4.0
1783719442,replicas_spec,deployment=workload-cloud,6.0
1783719452,replicas_spec,deployment=workload-cloud,6.0
1783719462,replicas_spec,deployment=workload-cloud,6.0
1783719472,replicas_spec,deployment=workload-cloud,6.0
1783719482,replicas_spec,deployment=workload-cloud,6.0
1783719492,replicas_spec,deployment=workload-cloud,6.0
1783719502,replicas_spec,deployment=workload-cloud,6.0
1783719512,replicas_spec,deployment=workload-cloud,6.0
1783719522,replicas_spec,deployment=workload-cloud,6.0
1783719532,replicas_spec,deployment=workload-cloud,6.0
1783719542,replicas_spec,deployment=workload-cloud,6.0
1783719552,replicas_spec,deployment=workload-cloud,6.0
1783719562,replicas_spec,deployment=workload-cloud,6.0
1783719572,replicas_spec,deployment=workload-cloud,6.0
1783719582,replicas_spec,deployment=workload-cloud,6.0
1783719592,replicas_spec,deployment=workload-cloud,6.0
1783719602,replicas_spec,deployment=workload-cloud,6.0
1783719612,replicas_spec,deployment=workload-cloud,6.0
1783719622,replicas_spec,deployment=workload-cloud,6.0
1783719632,replicas_spec,deployment=workload-cloud,6.0
1783719642,replicas_spec,deployment=workload-cloud,6.0
1783719652,replicas_spec,deployment=workload-cloud,6.0
1783719662,replicas_spec,deployment=workload-cloud,6.0
1783719672,replicas_spec,deployment=workload-cloud,6.0
1783719682,replicas_spec,deployment=workload-cloud,6.0
1783719692,replicas_spec,deployment=workload-cloud,6.0
1783719702,replicas_spec,deployment=workload-cloud,6.0
1783719712,replicas_spec,deployment=workload-cloud,6.0
1783719722,replicas_spec,deployment=workload-cloud,6.0
1783719732,replicas_spec,deployment=workload-cloud,6.0
1783719742,replicas_spec,deployment=workload-cloud,6.0
1783719752,replicas_spec,deployment=workload-cloud,6.0
1783719762,replicas_spec,deployment=workload-cloud,6.0
1783719772,replicas_spec,deployment=workload-cloud,6.0
1783719782,replicas_spec,deployment=workload-cloud,6.0
1783719792,replicas_spec,deployment=workload-cloud,6.0
1783719802,replicas_spec,deployment=workload-cloud,6.0
1783719812,replicas_spec,deployment=workload-cloud,6.0
1783719822,replicas_spec,deployment=workload-cloud,6.0
1783719832,replicas_spec,deployment=workload-cloud,6.0
1783719842,replicas_spec,deployment=workload-cloud,6.0
1783719852,replicas_spec,deployment=workload-cloud,6.0
1783719862,replicas_spec,deployment=workload-cloud,6.0
1783719872,replicas_spec,deployment=workload-cloud,6.0
1783719882,replicas_spec,deployment=workload-cloud,6.0
1783719892,replicas_spec,deployment=workload-cloud,6.0
1783719902,replicas_spec,deployment=workload-cloud,5.0
1783719912,replicas_spec,deployment=workload-cloud,5.0
1783719262,replicas_spec,deployment=workload-edge,1.0
1783719272,replicas_spec,deployment=workload-edge,1.0
1783719282,replicas_spec,deployment=workload-edge,1.0
1783719292,replicas_spec,deployment=workload-edge,1.0
1783719302,replicas_spec,deployment=workload-edge,1.0
1783719312,replicas_spec,deployment=workload-edge,1.0
1783719322,replicas_spec,deployment=workload-edge,1.0
1783719332,replicas_spec,deployment=workload-edge,1.0
1783719342,replicas_spec,deployment=workload-edge,1.0
1783719352,replicas_spec,deployment=workload-edge,1.0
1783719362,replicas_spec,deployment=workload-edge,1.0
1783719372,replicas_spec,deployment=workload-edge,1.0
1783719382,replicas_spec,deployment=workload-edge,1.0
1783719392,replicas_spec,deployment=workload-edge,1.0
1783719402,replicas_spec,deployment=workload-edge,1.0
1783719412,replicas_spec,deployment=workload-edge,1.0
1783719422,replicas_spec,deployment=workload-edge,1.0
1783719432,replicas_spec,deployment=workload-edge,1.0
1783719442,replicas_spec,deployment=workload-edge,1.0
1783719452,replicas_spec,deployment=workload-edge,1.0
1783719462,replicas_spec,deployment=workload-edge,1.0
1783719472,replicas_spec,deployment=workload-edge,1.0
1783719482,replicas_spec,deployment=workload-edge,1.0
1783719492,replicas_spec,deployment=workload-edge,1.0
1783719502,replicas_spec,deployment=workload-edge,1.0
1783719512,replicas_spec,deployment=workload-edge,1.0
1783719522,replicas_spec,deployment=workload-edge,1.0
1783719532,replicas_spec,deployment=workload-edge,1.0
1783719542,replicas_spec,deployment=workload-edge,1.0
1783719552,replicas_spec,deployment=workload-edge,1.0
1783719562,replicas_spec,deployment=workload-edge,1.0
1783719572,replicas_spec,deployment=workload-edge,1.0
1783719582,replicas_spec,deployment=workload-edge,1.0
1783719592,replicas_spec,deployment=workload-edge,1.0
1783719602,replicas_spec,deployment=workload-edge,1.0
1783719612,replicas_spec,deployment=workload-edge,1.0
1783719622,replicas_spec,deployment=workload-edge,1.0
1783719632,replicas_spec,deployment=workload-edge,1.0
1783719642,replicas_spec,deployment=workload-edge,1.0
1783719652,replicas_spec,deployment=workload-edge,1.0
1783719662,replicas_spec,deployment=workload-edge,1.0
1783719672,replicas_spec,deployment=workload-edge,1.0
1783719682,replicas_spec,deployment=workload-edge,1.0
1783719692,replicas_spec,deployment=workload-edge,1.0
1783719702,replicas_spec,deployment=workload-edge,1.0
1783719712,replicas_spec,deployment=workload-edge,1.0
1783719722,replicas_spec,deployment=workload-edge,1.0
1783719732,replicas_spec,deployment=workload-edge,1.0
1783719742,replicas_spec,deployment=workload-edge,1.0
1783719752,replicas_spec,deployment=workload-edge,1.0
1783719762,replicas_spec,deployment=workload-edge,1.0
1783719772,replicas_spec,deployment=workload-edge,1.0
1783719782,replicas_spec,deployment=workload-edge,1.0
1783719792,replicas_spec,deployment=workload-edge,1.0
1783719802,replicas_spec,deployment=workload-edge,1.0
1783719812,replicas_spec,deployment=workload-edge,1.0
1783719822,replicas_spec,deployment=workload-edge,1.0
1783719832,replicas_spec,deployment=workload-edge,1.0
1783719842,replicas_spec,deployment=workload-edge,1.0
1783719852,replicas_spec,deployment=workload-edge,1.0
1783719862,replicas_spec,deployment=workload-edge,1.0
1783719872,replicas_spec,deployment=workload-edge,1.0
1783719882,replicas_spec,deployment=workload-edge,1.0
1783719892,replicas_spec,deployment=workload-edge,1.0
1783719902,replicas_spec,deployment=workload-edge,1.0
1783719912,replicas_spec,deployment=workload-edge,1.0
1783719342,cpu_cores,pod=workload-cloud-6f545f89ff-9hvzm,0.013184193258998887
1783719352,cpu_cores,pod=workload-cloud-6f545f89ff-9hvzm,0.01733557830600348
1783719362,cpu_cores,pod=workload-cloud-6f545f89ff-9hvzm,0.021263295184458936
1783719372,cpu_cores,pod=workload-cloud-6f545f89ff-9hvzm,0.025753361610956572
1783719382,cpu_cores,pod=workload-cloud-6f545f89ff-9hvzm,0.027985248407643316
1783719392,cpu_cores,pod=workload-cloud-6f545f89ff-9hvzm,0.03288094654935282
1783719402,cpu_cores,pod=workload-cloud-6f545f89ff-9hvzm,0.03773606178977273
1783719412,cpu_cores,pod=workload-cloud-6f545f89ff-9hvzm,0.04214762531403278
1783719422,cpu_cores,pod=workload-cloud-6f545f89ff-9hvzm,0.05349734717416378
1783719432,cpu_cores,pod=workload-cloud-6f545f89ff-9hvzm,0.05349734717416378
1783719442,cpu_cores,pod=workload-cloud-6f545f89ff-9hvzm,0.07192441196620233
1783719452,cpu_cores,pod=workload-cloud-6f545f89ff-9hvzm,0.08265956705781495
1783719462,cpu_cores,pod=workload-cloud-6f545f89ff-9hvzm,0.090207885940534
1783719472,cpu_cores,pod=workload-cloud-6f545f89ff-9hvzm,0.14880626555764678
1783719482,cpu_cores,pod=workload-cloud-6f545f89ff-9hvzm,0.15034494356833647
1783719492,cpu_cores,pod=workload-cloud-6f545f89ff-9hvzm,0.2168045412703283
1783719502,cpu_cores,pod=workload-cloud-6f545f89ff-9hvzm,0.22000978205606583
1783719512,cpu_cores,pod=workload-cloud-6f545f89ff-9hvzm,0.2751174016565254
1783719522,cpu_cores,pod=workload-cloud-6f545f89ff-9hvzm,0.30160929127985714
1783719532,cpu_cores,pod=workload-cloud-6f545f89ff-9hvzm,0.3038468430980915
1783719542,cpu_cores,pod=workload-cloud-6f545f89ff-9hvzm,0.3003559946664692
1783719552,cpu_cores,pod=workload-cloud-6f545f89ff-9hvzm,0.29877978163186475
1783719562,cpu_cores,pod=workload-cloud-6f545f89ff-9hvzm,0.29877978163186475
1783719572,cpu_cores,pod=workload-cloud-6f545f89ff-9hvzm,0.30335958021612625
1783719582,cpu_cores,pod=workload-cloud-6f545f89ff-9hvzm,0.26205642051016453
1783719592,cpu_cores,pod=workload-cloud-6f545f89ff-9hvzm,0.3100243163000753
1783719602,cpu_cores,pod=workload-cloud-6f545f89ff-9hvzm,0.3161418531267929
1783719612,cpu_cores,pod=workload-cloud-6f545f89ff-9hvzm,0.30060963174374455
1783719622,cpu_cores,pod=workload-cloud-6f545f89ff-9hvzm,0.3006096317437446
1783719632,cpu_cores,pod=workload-cloud-6f545f89ff-9hvzm,0.2284050321856886
1783719642,cpu_cores,pod=workload-cloud-6f545f89ff-9hvzm,0.2284050321856886
1783719652,cpu_cores,pod=workload-cloud-6f545f89ff-9hvzm,0.13850362642560574
1783719662,cpu_cores,pod=workload-cloud-6f545f89ff-9hvzm,0.13850362642560574
1783719672,cpu_cores,pod=workload-cloud-6f545f89ff-9hvzm,0.10943046965090683
1783719682,cpu_cores,pod=workload-cloud-6f545f89ff-9hvzm,0.10916312229032744
1783719692,cpu_cores,pod=workload-cloud-6f545f89ff-9hvzm,0.11035777641169751
1783719702,cpu_cores,pod=workload-cloud-6f545f89ff-9hvzm,0.11035777641169751
1783719712,cpu_cores,pod=workload-cloud-6f545f89ff-9hvzm,0.10997237328692644
1783719722,cpu_cores,pod=workload-cloud-6f545f89ff-9hvzm,0.10963652547781394
1783719732,cpu_cores,pod=workload-cloud-6f545f89ff-9hvzm,0.11003191055990577
1783719742,cpu_cores,pod=workload-cloud-6f545f89ff-9hvzm,0.10919528854824159
1783719752,cpu_cores,pod=workload-cloud-6f545f89ff-9hvzm,0.091130353808275
1783719762,cpu_cores,pod=workload-cloud-6f545f89ff-9hvzm,0.10947258007327738
1783719772,cpu_cores,pod=workload-cloud-6f545f89ff-9hvzm,0.10982784857772787
1783719782,cpu_cores,pod=workload-cloud-6f545f89ff-9hvzm,0.10770209818792871
1783719792,cpu_cores,pod=workload-cloud-6f545f89ff-9hvzm,0.10770209818792871
1783719802,cpu_cores,pod=workload-cloud-6f545f89ff-9hvzm,0.10677320483290903
1783719812,cpu_cores,pod=workload-cloud-6f545f89ff-9hvzm,0.10704131654189471
1783719822,cpu_cores,pod=workload-cloud-6f545f89ff-9hvzm,0.09620395875484475
1783719832,cpu_cores,pod=workload-cloud-6f545f89ff-9hvzm,0.09620395875484473
1783719842,cpu_cores,pod=workload-cloud-6f545f89ff-9hvzm,0.05489525091060958
1783719852,cpu_cores,pod=workload-cloud-6f545f89ff-9hvzm,0.05489525091060958
1783719862,cpu_cores,pod=workload-cloud-6f545f89ff-9hvzm,0.022755452994883064
1783719872,cpu_cores,pod=workload-cloud-6f545f89ff-9hvzm,0.004234446230965722
1783719882,cpu_cores,pod=workload-cloud-6f545f89ff-9hvzm,0.0018182028985505156
1783719892,cpu_cores,pod=workload-cloud-6f545f89ff-9hvzm,0.0018866336728995577
1783719902,cpu_cores,pod=workload-cloud-6f545f89ff-9hvzm,0.001918910114023731
1783719912,cpu_cores,pod=workload-cloud-6f545f89ff-9hvzm,0.0019353135444065066
1783719422,cpu_cores,pod=workload-cloud-6f545f89ff-9k5kt,0.010014454029898943
1783719432,cpu_cores,pod=workload-cloud-6f545f89ff-9k5kt,0.008028799672569496
1783719442,cpu_cores,pod=workload-cloud-6f545f89ff-9k5kt,0.01009398810907623
1783719452,cpu_cores,pod=workload-cloud-6f545f89ff-9k5kt,0.018143727868741282
1783719462,cpu_cores,pod=workload-cloud-6f545f89ff-9k5kt,0.05347565235773999
1783719472,cpu_cores,pod=workload-cloud-6f545f89ff-9k5kt,0.05769152154911585
1783719482,cpu_cores,pod=workload-cloud-6f545f89ff-9k5kt,0.13202127472207115
1783719492,cpu_cores,pod=workload-cloud-6f545f89ff-9k5kt,0.18209221106674012
1783719502,cpu_cores,pod=workload-cloud-6f545f89ff-9k5kt,0.21941067246396767
1783719512,cpu_cores,pod=workload-cloud-6f545f89ff-9k5kt,0.2416378226590344
1783719522,cpu_cores,pod=workload-cloud-6f545f89ff-9k5kt,0.2529279867518335
1783719532,cpu_cores,pod=workload-cloud-6f545f89ff-9k5kt,0.25292798675183337
1783719542,cpu_cores,pod=workload-cloud-6f545f89ff-9k5kt,0.25326512926874345
1783719552,cpu_cores,pod=workload-cloud-6f545f89ff-9k5kt,0.25475008817564593
1783719562,cpu_cores,pod=workload-cloud-6f545f89ff-9k5kt,0.25475008817564593
1783719572,cpu_cores,pod=workload-cloud-6f545f89ff-9k5kt,0.2589482148275513
1783719582,cpu_cores,pod=workload-cloud-6f545f89ff-9k5kt,0.2612908108108108
1783719592,cpu_cores,pod=workload-cloud-6f545f89ff-9k5kt,0.2612908108108108
1783719602,cpu_cores,pod=workload-cloud-6f545f89ff-9k5kt,0.2634993993325917
1783719612,cpu_cores,pod=workload-cloud-6f545f89ff-9k5kt,0.20936390270626945
1783719622,cpu_cores,pod=workload-cloud-6f545f89ff-9k5kt,0.24983013956179048
1783719632,cpu_cores,pod=workload-cloud-6f545f89ff-9k5kt,0.20043274432023075
1783719642,cpu_cores,pod=workload-cloud-6f545f89ff-9k5kt,0.1766680810938236
1783719652,cpu_cores,pod=workload-cloud-6f545f89ff-9k5kt,0.13818276698031812
1783719662,cpu_cores,pod=workload-cloud-6f545f89ff-9k5kt,0.08231151517708352
1783719672,cpu_cores,pod=workload-cloud-6f545f89ff-9k5kt,0.039717246238751086
1783719682,cpu_cores,pod=workload-cloud-6f545f89ff-9k5kt,0.04762690520981305
1783719692,cpu_cores,pod=workload-cloud-6f545f89ff-9k5kt,0.047152482195442734
1783719702,cpu_cores,pod=workload-cloud-6f545f89ff-9k5kt,0.047152482195442734
1783719712,cpu_cores,pod=workload-cloud-6f545f89ff-9k5kt,0.0470665207290923
1783719722,cpu_cores,pod=workload-cloud-6f545f89ff-9k5kt,0.04748886308455614
1783719732,cpu_cores,pod=workload-cloud-6f545f89ff-9k5kt,0.04711714555068244
1783719742,cpu_cores,pod=workload-cloud-6f545f89ff-9k5kt,0.0468238522041339
1783719752,cpu_cores,pod=workload-cloud-6f545f89ff-9k5kt,0.04689544800326514
1783719762,cpu_cores,pod=workload-cloud-6f545f89ff-9k5kt,0.047011190459919305
1783719772,cpu_cores,pod=workload-cloud-6f545f89ff-9k5kt,0.04643886912904697
1783719782,cpu_cores,pod=workload-cloud-6f545f89ff-9k5kt,0.04656373190042562
1783719792,cpu_cores,pod=workload-cloud-6f545f89ff-9k5kt,0.038764705852904355
1783719802,cpu_cores,pod=workload-cloud-6f545f89ff-9k5kt,0.046519426248023577
1783719812,cpu_cores,pod=workload-cloud-6f545f89ff-9k5kt,0.04624526650949136
1783719822,cpu_cores,pod=workload-cloud-6f545f89ff-9k5kt,0.03759990728937303
1783719832,cpu_cores,pod=workload-cloud-6f545f89ff-9k5kt,0.016163144972235005
1783719842,cpu_cores,pod=workload-cloud-6f545f89ff-9k5kt,0.01965595326810752
1783719852,cpu_cores,pod=workload-cloud-6f545f89ff-9k5kt,0.005870707449802975
1783719862,cpu_cores,pod=workload-cloud-6f545f89ff-9k5kt,0.00198652506566193
1783719872,cpu_cores,pod=workload-cloud-6f545f89ff-9k5kt,0.0019715162416675818
1783719882,cpu_cores,pod=workload-cloud-6f545f89ff-9k5kt,0.001963456375151145
1783719892,cpu_cores,pod=workload-cloud-6f545f89ff-9k5kt,0.0016008369102282172
1783719902,cpu_cores,pod=workload-cloud-6f545f89ff-9k5kt,0.001944281247038676
1783719912,cpu_cores,pod=workload-cloud-6f545f89ff-9k5kt,0.001981044496828663
1783719262,cpu_cores,pod=workload-cloud-6f545f89ff-r28zz,0.0022264371824250355
1783719272,cpu_cores,pod=workload-cloud-6f545f89ff-r28zz,0.0023281689445897175
1783719282,cpu_cores,pod=workload-cloud-6f545f89ff-r28zz,0.01167832265012941
1783719292,cpu_cores,pod=workload-cloud-6f545f89ff-r28zz,0.014680195812553145
1783719302,cpu_cores,pod=workload-cloud-6f545f89ff-r28zz,0.03938669238187078
1783719312,cpu_cores,pod=workload-cloud-6f545f89ff-r28zz,0.05224470442258264
1783719322,cpu_cores,pod=workload-cloud-6f545f89ff-r28zz,0.07167953562129248
1783719332,cpu_cores,pod=workload-cloud-6f545f89ff-r28zz,0.10761314810889966
1783719342,cpu_cores,pod=workload-cloud-6f545f89ff-r28zz,0.12525908507909367
1783719352,cpu_cores,pod=workload-cloud-6f545f89ff-r28zz,0.1343430344095678
1783719362,cpu_cores,pod=workload-cloud-6f545f89ff-r28zz,0.156295130777335
1783719372,cpu_cores,pod=workload-cloud-6f545f89ff-r28zz,0.156295130777335
1783719382,cpu_cores,pod=workload-cloud-6f545f89ff-r28zz,0.16684788771347567
1783719392,cpu_cores,pod=workload-cloud-6f545f89ff-r28zz,0.1730356458913649
1783719402,cpu_cores,pod=workload-cloud-6f545f89ff-r28zz,0.1730356458913649
1783719412,cpu_cores,pod=workload-cloud-6f545f89ff-r28zz,0.17140786259541985
1783719422,cpu_cores,pod=workload-cloud-6f545f89ff-r28zz,0.1741840427365156
1783719432,cpu_cores,pod=workload-cloud-6f545f89ff-r28zz,0.17859348407974115
1783719442,cpu_cores,pod=workload-cloud-6f545f89ff-r28zz,0.18189868038470144
1783719452,cpu_cores,pod=workload-cloud-6f545f89ff-r28zz,0.15473324018085877
1783719462,cpu_cores,pod=workload-cloud-6f545f89ff-r28zz,0.20014864811290833
1783719472,cpu_cores,pod=workload-cloud-6f545f89ff-r28zz,0.20512134984660832
1783719482,cpu_cores,pod=workload-cloud-6f545f89ff-r28zz,0.2401245426606176
1783719492,cpu_cores,pod=workload-cloud-6f545f89ff-r28zz,0.26161816273772037
1783719502,cpu_cores,pod=workload-cloud-6f545f89ff-r28zz,0.2590535680260336
1783719512,cpu_cores,pod=workload-cloud-6f545f89ff-r28zz,0.3267388806378488
1783719522,cpu_cores,pod=workload-cloud-6f545f89ff-r28zz,0.28326115866548934
1783719532,cpu_cores,pod=workload-cloud-6f545f89ff-r28zz,0.34318703764589853
1783719542,cpu_cores,pod=workload-cloud-6f545f89ff-r28zz,0.34911900431916354
1783719552,cpu_cores,pod=workload-cloud-6f545f89ff-r28zz,0.34441399050802385
1783719562,cpu_cores,pod=workload-cloud-6f545f89ff-r28zz,0.3411270641307679
1783719572,cpu_cores,pod=workload-cloud-6f545f89ff-r28zz,0.3360154565792149
1783719582,cpu_cores,pod=workload-cloud-6f545f89ff-r28zz,0.348409603403166
1783719592,cpu_cores,pod=workload-cloud-6f545f89ff-r28zz,0.35547269374853674
1783719602,cpu_cores,pod=workload-cloud-6f545f89ff-r28zz,0.35422640626329677
1783719612,cpu_cores,pod=workload-cloud-6f545f89ff-r28zz,0.34156848652965155
1783719622,cpu_cores,pod=workload-cloud-6f545f89ff-r28zz,0.3219112724651115
1783719632,cpu_cores,pod=workload-cloud-6f545f89ff-r28zz,0.298590204556373
1783719642,cpu_cores,pod=workload-cloud-6f545f89ff-r28zz,0.23651045845579563
1783719652,cpu_cores,pod=workload-cloud-6f545f89ff-r28zz,0.23651045845579563
1783719662,cpu_cores,pod=workload-cloud-6f545f89ff-r28zz,0.1970241731286595
1783719672,cpu_cores,pod=workload-cloud-6f545f89ff-r28zz,0.18706298738747756
1783719682,cpu_cores,pod=workload-cloud-6f545f89ff-r28zz,0.1861888313906753
1783719692,cpu_cores,pod=workload-cloud-6f545f89ff-r28zz,0.1861888313906753
1783719702,cpu_cores,pod=workload-cloud-6f545f89ff-r28zz,0.18561664078961976
1783719712,cpu_cores,pod=workload-cloud-6f545f89ff-r28zz,0.1847601277625679
1783719722,cpu_cores,pod=workload-cloud-6f545f89ff-r28zz,0.14914847118283756
1783719732,cpu_cores,pod=workload-cloud-6f545f89ff-r28zz,0.19162907579990143
1783719742,cpu_cores,pod=workload-cloud-6f545f89ff-r28zz,0.16590706157079801
1783719752,cpu_cores,pod=workload-cloud-6f545f89ff-r28zz,0.19292916600286755
1783719762,cpu_cores,pod=workload-cloud-6f545f89ff-r28zz,0.16939051679611786
1783719772,cpu_cores,pod=workload-cloud-6f545f89ff-r28zz,0.19536349521056767
1783719782,cpu_cores,pod=workload-cloud-6f545f89ff-r28zz,0.16468871308063063
1783719792,cpu_cores,pod=workload-cloud-6f545f89ff-r28zz,0.19441698280222575
1783719802,cpu_cores,pod=workload-cloud-6f545f89ff-r28zz,0.19231668109776734
1783719812,cpu_cores,pod=workload-cloud-6f545f89ff-r28zz,0.18754955724495276
1783719822,cpu_cores,pod=workload-cloud-6f545f89ff-r28zz,0.18925758745124224
1783719832,cpu_cores,pod=workload-cloud-6f545f89ff-r28zz,0.18185773112020542
1783719842,cpu_cores,pod=workload-cloud-6f545f89ff-r28zz,0.1542598731761847
1783719852,cpu_cores,pod=workload-cloud-6f545f89ff-r28zz,0.10409044903038471
1783719862,cpu_cores,pod=workload-cloud-6f545f89ff-r28zz,0.06300679736411245
1783719872,cpu_cores,pod=workload-cloud-6f545f89ff-r28zz,0.052175159430329576
1783719882,cpu_cores,pod=workload-cloud-6f545f89ff-r28zz,0.01710606914864578
1783719892,cpu_cores,pod=workload-cloud-6f545f89ff-r28zz,0.0021569472915341646
1783719902,cpu_cores,pod=workload-cloud-6f545f89ff-r28zz,0.0021321963377209266
1783719912,cpu_cores,pod=workload-cloud-6f545f89ff-r28zz,0.002155809884404315
1783719382,cpu_cores,pod=workload-cloud-6f545f89ff-tl9wt,0.017767283809010947
1783719392,cpu_cores,pod=workload-cloud-6f545f89ff-tl9wt,0.024389272679949735
1783719402,cpu_cores,pod=workload-cloud-6f545f89ff-tl9wt,0.03478503894089212
1783719412,cpu_cores,pod=workload-cloud-6f545f89ff-tl9wt,0.04850761981693559
1783719422,cpu_cores,pod=workload-cloud-6f545f89ff-tl9wt,0.057399839299567774
1783719432,cpu_cores,pod=workload-cloud-6f545f89ff-tl9wt,0.05986716144993009
1783719442,cpu_cores,pod=workload-cloud-6f545f89ff-tl9wt,0.06543319515743816
1783719452,cpu_cores,pod=workload-cloud-6f545f89ff-tl9wt,0.06487896102850935
1783719462,cpu_cores,pod=workload-cloud-6f545f89ff-tl9wt,0.08673904199736766
1783719472,cpu_cores,pod=workload-cloud-6f545f89ff-tl9wt,0.08296064866911827
1783719482,cpu_cores,pod=workload-cloud-6f545f89ff-tl9wt,0.1468438940092166
1783719492,cpu_cores,pod=workload-cloud-6f545f89ff-tl9wt,0.1767444966008417
1783719502,cpu_cores,pod=workload-cloud-6f545f89ff-tl9wt,0.1927063004225893
1783719512,cpu_cores,pod=workload-cloud-6f545f89ff-tl9wt,0.22738183737699694
1783719522,cpu_cores,pod=workload-cloud-6f545f89ff-tl9wt,0.1906537338014888
1783719532,cpu_cores,pod=workload-cloud-6f545f89ff-tl9wt,0.23359593371962997
1783719542,cpu_cores,pod=workload-cloud-6f545f89ff-tl9wt,0.23422019126721844
1783719552,cpu_cores,pod=workload-cloud-6f545f89ff-tl9wt,0.23609827707454295
1783719562,cpu_cores,pod=workload-cloud-6f545f89ff-tl9wt,0.23593456927794823
1783719572,cpu_cores,pod=workload-cloud-6f545f89ff-tl9wt,0.2394015492102065
1783719582,cpu_cores,pod=workload-cloud-6f545f89ff-tl9wt,0.23960211025907546
1783719592,cpu_cores,pod=workload-cloud-6f545f89ff-tl9wt,0.23946513680494255
1783719602,cpu_cores,pod=workload-cloud-6f545f89ff-tl9wt,0.2394899349023535
1783719612,cpu_cores,pod=workload-cloud-6f545f89ff-tl9wt,0.23976849782378548
1783719622,cpu_cores,pod=workload-cloud-6f545f89ff-tl9wt,0.22243554732258805
1783719632,cpu_cores,pod=workload-cloud-6f545f89ff-tl9wt,0.21319848374398598
1783719642,cpu_cores,pod=workload-cloud-6f545f89ff-tl9wt,0.13861453344343516
1783719652,cpu_cores,pod=workload-cloud-6f545f89ff-tl9wt,0.11695424083967303
1783719662,cpu_cores,pod=workload-cloud-6f545f89ff-tl9wt,0.07803108658596485
1783719672,cpu_cores,pod=workload-cloud-6f545f89ff-tl9wt,0.07594675069257947
1783719682,cpu_cores,pod=workload-cloud-6f545f89ff-tl9wt,0.06934623537001194
1783719692,cpu_cores,pod=workload-cloud-6f545f89ff-tl9wt,0.06934623537001194
1783719702,cpu_cores,pod=workload-cloud-6f545f89ff-tl9wt,0.06855854866595024
1783719712,cpu_cores,pod=workload-cloud-6f545f89ff-tl9wt,0.06779944945260451
1783719722,cpu_cores,pod=workload-cloud-6f545f89ff-tl9wt,0.06773199061334055
1783719732,cpu_cores,pod=workload-cloud-6f545f89ff-tl9wt,0.06760333141363589
1783719742,cpu_cores,pod=workload-cloud-6f545f89ff-tl9wt,0.06778666160465695
1783719752,cpu_cores,pod=workload-cloud-6f545f89ff-tl9wt,0.06810433354694008
1783719762,cpu_cores,pod=workload-cloud-6f545f89ff-tl9wt,0.06835635257416339
1783719772,cpu_cores,pod=workload-cloud-6f545f89ff-tl9wt,0.06861859126735878
1783719782,cpu_cores,pod=workload-cloud-6f545f89ff-tl9wt,0.06816733444874966
1783719792,cpu_cores,pod=workload-cloud-6f545f89ff-tl9wt,0.06816733444874966
1783719802,cpu_cores,pod=workload-cloud-6f545f89ff-tl9wt,0.0669289310318722
1783719812,cpu_cores,pod=workload-cloud-6f545f89ff-tl9wt,0.06685609657947694
1783719822,cpu_cores,pod=workload-cloud-6f545f89ff-tl9wt,0.06674358671237736
1783719832,cpu_cores,pod=workload-cloud-6f545f89ff-tl9wt,0.05576445154419599
1783719842,cpu_cores,pod=workload-cloud-6f545f89ff-tl9wt,0.04151313691948347
1783719852,cpu_cores,pod=workload-cloud-6f545f89ff-tl9wt,0.031012859131229597
1783719862,cpu_cores,pod=workload-cloud-6f545f89ff-tl9wt,0.008898047182718975
1783719872,cpu_cores,pod=workload-cloud-6f545f89ff-tl9wt,0.0019763979045665735
1783719882,cpu_cores,pod=workload-cloud-6f545f89ff-tl9wt,0.001928130101460963
1783719892,cpu_cores,pod=workload-cloud-6f545f89ff-tl9wt,0.0018959680656527947
1783719902,cpu_cores,pod=workload-cloud-6f545f89ff-tl9wt,0.0018959680656527947
1783719912,cpu_cores,pod=workload-cloud-6f545f89ff-tl9wt,0.0013333464281158878
1783719452,cpu_cores,pod=workload-cloud-6f545f89ff-w4tp5,0.011717414277024676
1783719462,cpu_cores,pod=workload-cloud-6f545f89ff-w4tp5,0.018699904718456725
1783719472,cpu_cores,pod=workload-cloud-6f545f89ff-w4tp5,0.046969884633626065
1783719482,cpu_cores,pod=workload-cloud-6f545f89ff-w4tp5,0.047997995833333314
1783719492,cpu_cores,pod=workload-cloud-6f545f89ff-w4tp5,0.11222632222174878
1783719502,cpu_cores,pod=workload-cloud-6f545f89ff-w4tp5,0.11502490833333334
1783719512,cpu_cores,pod=workload-cloud-6f545f89ff-w4tp5,0.19418108150765606
1783719522,cpu_cores,pod=workload-cloud-6f545f89ff-w4tp5,0.20123822813372125
1783719532,cpu_cores,pod=workload-cloud-6f545f89ff-w4tp5,0.20692552707416956
1783719542,cpu_cores,pod=workload-cloud-6f545f89ff-w4tp5,0.20687181731536047
1783719552,cpu_cores,pod=workload-cloud-6f545f89ff-w4tp5,0.2077686584815189
1783719562,cpu_cores,pod=workload-cloud-6f545f89ff-w4tp5,0.2077686584815189
1783719572,cpu_cores,pod=workload-cloud-6f545f89ff-w4tp5,0.21052273271595087
1783719582,cpu_cores,pod=workload-cloud-6f545f89ff-w4tp5,0.21270591951481463
1783719592,cpu_cores,pod=workload-cloud-6f545f89ff-w4tp5,0.2144155947244159
1783719602,cpu_cores,pod=workload-cloud-6f545f89ff-w4tp5,0.2131103927454397
1783719612,cpu_cores,pod=workload-cloud-6f545f89ff-w4tp5,0.21361314979757087
1783719622,cpu_cores,pod=workload-cloud-6f545f89ff-w4tp5,0.18780959599149452
1783719632,cpu_cores,pod=workload-cloud-6f545f89ff-w4tp5,0.12199153055051418
1783719642,cpu_cores,pod=workload-cloud-6f545f89ff-w4tp5,0.12199153055051418
1783719652,cpu_cores,pod=workload-cloud-6f545f89ff-w4tp5,0.055008932312497615
1783719662,cpu_cores,pod=workload-cloud-6f545f89ff-w4tp5,0.015685775597792814
1783719672,cpu_cores,pod=workload-cloud-6f545f89ff-w4tp5,0.010863776082161143
1783719682,cpu_cores,pod=workload-cloud-6f545f89ff-w4tp5,0.0019084948907727684
1783719692,cpu_cores,pod=workload-cloud-6f545f89ff-w4tp5,0.001984346622848741
1783719702,cpu_cores,pod=workload-cloud-6f545f89ff-w4tp5,0.0019367064172958054
1783719712,cpu_cores,pod=workload-cloud-6f545f89ff-w4tp5,0.0015663081292519334
1783719722,cpu_cores,pod=workload-cloud-6f545f89ff-w4tp5,0.0018855217186608932
1783719732,cpu_cores,pod=workload-cloud-6f545f89ff-w4tp5,0.0019004830917873621
1783719742,cpu_cores,pod=workload-cloud-6f545f89ff-w4tp5,0.0018723660658904282
1783719752,cpu_cores,pod=workload-cloud-6f545f89ff-w4tp5,0.001892250292187349
1783719762,cpu_cores,pod=workload-cloud-6f545f89ff-w4tp5,0.0018399874315115428
1783719772,cpu_cores,pod=workload-cloud-6f545f89ff-w4tp5,0.0017543082878201956
1783719782,cpu_cores,pod=workload-cloud-6f545f89ff-w4tp5,0.0018024929709466585
1783719792,cpu_cores,pod=workload-cloud-6f545f89ff-w4tp5,0.0018179889353771152
1783719802,cpu_cores,pod=workload-cloud-6f545f89ff-w4tp5,0.0015632096286541113
1783719812,cpu_cores,pod=workload-cloud-6f545f89ff-w4tp5,0.0018821717705034308
1783719822,cpu_cores,pod=workload-cloud-6f545f89ff-w4tp5,0.0019213654446269585
1783719832,cpu_cores,pod=workload-cloud-6f545f89ff-w4tp5,0.0019213654446269585
1783719842,cpu_cores,pod=workload-cloud-6f545f89ff-w4tp5,0.0019520598052214623
1783719852,cpu_cores,pod=workload-cloud-6f545f89ff-w4tp5,0.0019653884162066787
1783719862,cpu_cores,pod=workload-cloud-6f545f89ff-w4tp5,0.0019653884162066787
1783719872,cpu_cores,pod=workload-cloud-6f545f89ff-w4tp5,0.001975676886641541
1783719882,cpu_cores,pod=workload-cloud-6f545f89ff-w4tp5,0.0019861627066243607
1783719892,cpu_cores,pod=workload-cloud-6f545f89ff-w4tp5,0.0016400021324528822
1783719902,cpu_cores,pod=workload-cloud-6f545f89ff-w4tp5,0.0020754501347708945
1783719912,cpu_cores,pod=workload-cloud-6f545f89ff-w4tp5,0.0020825345996095834
1783719452,cpu_cores,pod=workload-cloud-6f545f89ff-w6g8w,0.010687259506247175
1783719462,cpu_cores,pod=workload-cloud-6f545f89ff-w6g8w,0.01700581537959757
1783719472,cpu_cores,pod=workload-cloud-6f545f89ff-w6g8w,0.05800976321586799
1783719482,cpu_cores,pod=workload-cloud-6f545f89ff-w6g8w,0.10947898961215198
1783719492,cpu_cores,pod=workload-cloud-6f545f89ff-w6g8w,0.13317966229060876
1783719502,cpu_cores,pod=workload-cloud-6f545f89ff-w6g8w,0.19856399095255314
1783719512,cpu_cores,pod=workload-cloud-6f545f89ff-w6g8w,0.22653004249933914
1783719522,cpu_cores,pod=workload-cloud-6f545f89ff-w6g8w,0.26606193237317377
1783719532,cpu_cores,pod=workload-cloud-6f545f89ff-w6g8w,0.26818005846791365
1783719542,cpu_cores,pod=workload-cloud-6f545f89ff-w6g8w,0.2649455332522904
1783719552,cpu_cores,pod=workload-cloud-6f545f89ff-w6g8w,0.2651916258015843
1783719562,cpu_cores,pod=workload-cloud-6f545f89ff-w6g8w,0.26825711067304986
1783719572,cpu_cores,pod=workload-cloud-6f545f89ff-w6g8w,0.26825711067304986
1783719582,cpu_cores,pod=workload-cloud-6f545f89ff-w6g8w,0.2735017900180172
1783719592,cpu_cores,pod=workload-cloud-6f545f89ff-w6g8w,0.27457817039080634
1783719602,cpu_cores,pod=workload-cloud-6f545f89ff-w6g8w,0.2775978351578224
1783719612,cpu_cores,pod=workload-cloud-6f545f89ff-w6g8w,0.2732450442943601
1783719622,cpu_cores,pod=workload-cloud-6f545f89ff-w6g8w,0.22664837666610357
1783719632,cpu_cores,pod=workload-cloud-6f545f89ff-w6g8w,0.19681159420289857
1783719642,cpu_cores,pod=workload-cloud-6f545f89ff-w6g8w,0.1695368904987462
1783719652,cpu_cores,pod=workload-cloud-6f545f89ff-w6g8w,0.03952283039156562
1783719662,cpu_cores,pod=workload-cloud-6f545f89ff-w6g8w,0.030902686868686986
1783719672,cpu_cores,pod=workload-cloud-6f545f89ff-w6g8w,0.001898532300935986
1783719682,cpu_cores,pod=workload-cloud-6f545f89ff-w6g8w,0.001898532300935986
1783719692,cpu_cores,pod=workload-cloud-6f545f89ff-w6g8w,0.0019608489788225584
1783719702,cpu_cores,pod=workload-cloud-6f545f89ff-w6g8w,0.0016622171261506016
1783719712,cpu_cores,pod=workload-cloud-6f545f89ff-w6g8w,0.0018536971689789468
1783719722,cpu_cores,pod=workload-cloud-6f545f89ff-w6g8w,0.0019035808116997063
1783719732,cpu_cores,pod=workload-cloud-6f545f89ff-w6g8w,0.0018343833874841606
1783719742,cpu_cores,pod=workload-cloud-6f545f89ff-w6g8w,0.0018403304773561514
1783719752,cpu_cores,pod=workload-cloud-6f545f89ff-w6g8w,0.0019352170011599948
1783719762,cpu_cores,pod=workload-cloud-6f545f89ff-w6g8w,0.001902686567164225
1783719772,cpu_cores,pod=workload-cloud-6f545f89ff-w6g8w,0.001867661272335218
1783719782,cpu_cores,pod=workload-cloud-6f545f89ff-w6g8w,0.0018954465420018918
1783719792,cpu_cores,pod=workload-cloud-6f545f89ff-w6g8w,0.0018954465420018918
1783719802,cpu_cores,pod=workload-cloud-6f545f89ff-w6g8w,0.0018753541076487754
1783719812,cpu_cores,pod=workload-cloud-6f545f89ff-w6g8w,0.0019307397827211343
1783719822,cpu_cores,pod=workload-cloud-6f545f89ff-w6g8w,0.0015598782014825954
1783719832,cpu_cores,pod=workload-cloud-6f545f89ff-w6g8w,0.0019029286669097509
1783719842,cpu_cores,pod=workload-cloud-6f545f89ff-w6g8w,0.001645288303182233
1783719852,cpu_cores,pod=workload-cloud-6f545f89ff-w6g8w,0.0016883622491637852
1783719862,cpu_cores,pod=workload-cloud-6f545f89ff-w6g8w,0.0019274155722327066
1783719872,cpu_cores,pod=workload-cloud-6f545f89ff-w6g8w,0.0015850894449004724
1783719882,cpu_cores,pod=workload-cloud-6f545f89ff-w6g8w,0.001955595482546364
1783719892,cpu_cores,pod=workload-cloud-6f545f89ff-w6g8w,0.001919911403672294
1783719902,cpu_cores,pod=workload-cloud-6f545f89ff-w6g8w,0.00191580342086245
1783719912,cpu_cores,pod=workload-cloud-6f545f89ff-w6g8w,0.0020102643419572736
1783719262,cpu_cores,pod=workload-edge-7b875fd8c6-pxwvc,0.001693290515378076
1783719272,cpu_cores,pod=workload-edge-7b875fd8c6-pxwvc,0.0022280867918029945
1783719282,cpu_cores,pod=workload-edge-7b875fd8c6-pxwvc,0.0022596795063202953
1783719292,cpu_cores,pod=workload-edge-7b875fd8c6-pxwvc,0.0022980275601188886
1783719302,cpu_cores,pod=workload-edge-7b875fd8c6-pxwvc,0.0022804513009440494
1783719312,cpu_cores,pod=workload-edge-7b875fd8c6-pxwvc,0.0022836099912160205
1783719322,cpu_cores,pod=workload-edge-7b875fd8c6-pxwvc,0.002302994654256702
1783719332,cpu_cores,pod=workload-edge-7b875fd8c6-pxwvc,0.002290509401877913
1783719342,cpu_cores,pod=workload-edge-7b875fd8c6-pxwvc,0.0023777188189555566
1783719352,cpu_cores,pod=workload-edge-7b875fd8c6-pxwvc,0.002343984559296591
1783719362,cpu_cores,pod=workload-edge-7b875fd8c6-pxwvc,0.0022756922595900194
1783719372,cpu_cores,pod=workload-edge-7b875fd8c6-pxwvc,0.0019420948323286883
1783719382,cpu_cores,pod=workload-edge-7b875fd8c6-pxwvc,0.002165380695880038
1783719392,cpu_cores,pod=workload-edge-7b875fd8c6-pxwvc,0.0021093339289088913
1783719402,cpu_cores,pod=workload-edge-7b875fd8c6-pxwvc,0.002068894224356407
1783719412,cpu_cores,pod=workload-edge-7b875fd8c6-pxwvc,0.002121828057370789
1783719422,cpu_cores,pod=workload-edge-7b875fd8c6-pxwvc,0.00202271780872623
1783719432,cpu_cores,pod=workload-edge-7b875fd8c6-pxwvc,0.00202271780872623
1783719442,cpu_cores,pod=workload-edge-7b875fd8c6-pxwvc,0.0020438172876700257
1783719452,cpu_cores,pod=workload-edge-7b875fd8c6-pxwvc,0.001986825575777101
1783719462,cpu_cores,pod=workload-edge-7b875fd8c6-pxwvc,0.0020058835845896106
1783719472,cpu_cores,pod=workload-edge-7b875fd8c6-pxwvc,0.002060880170749061
1783719482,cpu_cores,pod=workload-edge-7b875fd8c6-pxwvc,0.002107418301410472
1783719492,cpu_cores,pod=workload-edge-7b875fd8c6-pxwvc,0.0021074183014104723
1783719502,cpu_cores,pod=workload-edge-7b875fd8c6-pxwvc,0.0020650143041596
1783719512,cpu_cores,pod=workload-edge-7b875fd8c6-pxwvc,0.0020867418206142146
1783719522,cpu_cores,pod=workload-edge-7b875fd8c6-pxwvc,0.002038988466906633
1783719532,cpu_cores,pod=workload-edge-7b875fd8c6-pxwvc,0.0019984600948004107
1783719542,cpu_cores,pod=workload-edge-7b875fd8c6-pxwvc,0.0020486081984945163
1783719552,cpu_cores,pod=workload-edge-7b875fd8c6-pxwvc,0.0020551811502406902
1783719562,cpu_cores,pod=workload-edge-7b875fd8c6-pxwvc,0.002029785900783293
1783719572,cpu_cores,pod=workload-edge-7b875fd8c6-pxwvc,0.002152820027490484
1783719582,cpu_cores,pod=workload-edge-7b875fd8c6-pxwvc,0.001527500000000004
1783719592,cpu_cores,pod=workload-edge-7b875fd8c6-pxwvc,0.0022292615450095784
1783719602,cpu_cores,pod=workload-edge-7b875fd8c6-pxwvc,0.0022241911310940717
1783719612,cpu_cores,pod=workload-edge-7b875fd8c6-pxwvc,0.002168624108101282
1783719622,cpu_cores,pod=workload-edge-7b875fd8c6-pxwvc,0.002211600451699003
1783719632,cpu_cores,pod=workload-edge-7b875fd8c6-pxwvc,0.0021796490921406194
1783719642,cpu_cores,pod=workload-edge-7b875fd8c6-pxwvc,0.0021796490921406194
1783719652,cpu_cores,pod=workload-edge-7b875fd8c6-pxwvc,0.0022128344944016406
1783719662,cpu_cores,pod=workload-edge-7b875fd8c6-pxwvc,0.00217398991362819
1783719672,cpu_cores,pod=workload-edge-7b875fd8c6-pxwvc,0.0022047227493147796
1783719682,cpu_cores,pod=workload-edge-7b875fd8c6-pxwvc,0.002217812959777859
1783719692,cpu_cores,pod=workload-edge-7b875fd8c6-pxwvc,0.002241714947856318
1783719702,cpu_cores,pod=workload-edge-7b875fd8c6-pxwvc,0.002219921690822251
1783719712,cpu_cores,pod=workload-edge-7b875fd8c6-pxwvc,0.002194471231115399
1783719722,cpu_cores,pod=workload-edge-7b875fd8c6-pxwvc,0.003643100906686047
1783719732,cpu_cores,pod=workload-edge-7b875fd8c6-pxwvc,0.003581068470780359
1783719742,cpu_cores,pod=workload-edge-7b875fd8c6-pxwvc,0.004370519140648772
1783719752,cpu_cores,pod=workload-edge-7b875fd8c6-pxwvc,0.003742475132411825
1783719762,cpu_cores,pod=workload-edge-7b875fd8c6-pxwvc,0.001774390097645798
1783719772,cpu_cores,pod=workload-edge-7b875fd8c6-pxwvc,0.002205461149847608
1783719782,cpu_cores,pod=workload-edge-7b875fd8c6-pxwvc,0.002226555189389312
1783719792,cpu_cores,pod=workload-edge-7b875fd8c6-pxwvc,0.002227863046044869
1783719802,cpu_cores,pod=workload-edge-7b875fd8c6-pxwvc,0.002187111594232625
1783719812,cpu_cores,pod=workload-edge-7b875fd8c6-pxwvc,0.0022352700786076613
1783719822,cpu_cores,pod=workload-edge-7b875fd8c6-pxwvc,0.0018544607752990876
1783719832,cpu_cores,pod=workload-edge-7b875fd8c6-pxwvc,0.002193104230463878
1783719842,cpu_cores,pod=workload-edge-7b875fd8c6-pxwvc,0.0022637211273574946
1783719852,cpu_cores,pod=workload-edge-7b875fd8c6-pxwvc,0.002263721127357495
1783719862,cpu_cores,pod=workload-edge-7b875fd8c6-pxwvc,0.0021855711808899977
1783719872,cpu_cores,pod=workload-edge-7b875fd8c6-pxwvc,0.002208500163122456
1783719882,cpu_cores,pod=workload-edge-7b875fd8c6-pxwvc,0.002159820308389653
1783719892,cpu_cores,pod=workload-edge-7b875fd8c6-pxwvc,0.0021611356186005118
1783719902,cpu_cores,pod=workload-edge-7b875fd8c6-pxwvc,0.0021838757072743836
1783719912,cpu_cores,pod=workload-edge-7b875fd8c6-pxwvc,0.002230402459909698
1783719342,cpu_utilisation,pod=workload-cloud-6f545f89ff-9hvzm,0.06592096629499443
1783719352,cpu_utilisation,pod=workload-cloud-6f545f89ff-9hvzm,0.0866778915300174
1783719362,cpu_utilisation,pod=workload-cloud-6f545f89ff-9hvzm,0.10631647592229468
1783719372,cpu_utilisation,pod=workload-cloud-6f545f89ff-9hvzm,0.12876680805478286
1783719382,cpu_utilisation,pod=workload-cloud-6f545f89ff-9hvzm,0.13992624203821658
1783719392,cpu_utilisation,pod=workload-cloud-6f545f89ff-9hvzm,0.1644047327467641
1783719402,cpu_utilisation,pod=workload-cloud-6f545f89ff-9hvzm,0.18868030894886362
1783719412,cpu_utilisation,pod=workload-cloud-6f545f89ff-9hvzm,0.2107381265701639
1783719422,cpu_utilisation,pod=workload-cloud-6f545f89ff-9hvzm,0.2674867358708189
1783719432,cpu_utilisation,pod=workload-cloud-6f545f89ff-9hvzm,0.2674867358708189
1783719442,cpu_utilisation,pod=workload-cloud-6f545f89ff-9hvzm,0.35962205983101164
1783719452,cpu_utilisation,pod=workload-cloud-6f545f89ff-9hvzm,0.4132978352890747
1783719462,cpu_utilisation,pod=workload-cloud-6f545f89ff-9hvzm,0.45103942970266997
1783719472,cpu_utilisation,pod=workload-cloud-6f545f89ff-9hvzm,0.7440313277882339
1783719482,cpu_utilisation,pod=workload-cloud-6f545f89ff-9hvzm,0.7517247178416823
1783719492,cpu_utilisation,pod=workload-cloud-6f545f89ff-9hvzm,1.0840227063516414
1783719502,cpu_utilisation,pod=workload-cloud-6f545f89ff-9hvzm,1.100048910280329
1783719512,cpu_utilisation,pod=workload-cloud-6f545f89ff-9hvzm,1.3755870082826267
1783719522,cpu_utilisation,pod=workload-cloud-6f545f89ff-9hvzm,1.5080464563992857
1783719532,cpu_utilisation,pod=workload-cloud-6f545f89ff-9hvzm,1.5192342154904575
1783719542,cpu_utilisation,pod=workload-cloud-6f545f89ff-9hvzm,1.5017799733323458
1783719552,cpu_utilisation,pod=workload-cloud-6f545f89ff-9hvzm,1.4938989081593237
1783719562,cpu_utilisation,pod=workload-cloud-6f545f89ff-9hvzm,1.4938989081593237
1783719572,cpu_utilisation,pod=workload-cloud-6f545f89ff-9hvzm,1.5167979010806312
1783719582,cpu_utilisation,pod=workload-cloud-6f545f89ff-9hvzm,1.3102821025508227
1783719592,cpu_utilisation,pod=workload-cloud-6f545f89ff-9hvzm,1.5501215815003766
1783719602,cpu_utilisation,pod=workload-cloud-6f545f89ff-9hvzm,1.5807092656339643
1783719612,cpu_utilisation,pod=workload-cloud-6f545f89ff-9hvzm,1.5030481587187228
1783719622,cpu_utilisation,pod=workload-cloud-6f545f89ff-9hvzm,1.503048158718723
1783719632,cpu_utilisation,pod=workload-cloud-6f545f89ff-9hvzm,1.142025160928443
1783719642,cpu_utilisation,pod=workload-cloud-6f545f89ff-9hvzm,1.142025160928443
1783719652,cpu_utilisation,pod=workload-cloud-6f545f89ff-9hvzm,0.6925181321280286
1783719662,cpu_utilisation,pod=workload-cloud-6f545f89ff-9hvzm,0.6925181321280286
1783719672,cpu_utilisation,pod=workload-cloud-6f545f89ff-9hvzm,0.5471523482545341
1783719682,cpu_utilisation,pod=workload-cloud-6f545f89ff-9hvzm,0.5458156114516372
1783719692,cpu_utilisation,pod=workload-cloud-6f545f89ff-9hvzm,0.5517888820584875
1783719702,cpu_utilisation,pod=workload-cloud-6f545f89ff-9hvzm,0.5517888820584875
1783719712,cpu_utilisation,pod=workload-cloud-6f545f89ff-9hvzm,0.5498618664346322
1783719722,cpu_utilisation,pod=workload-cloud-6f545f89ff-9hvzm,0.5481826273890696
1783719732,cpu_utilisation,pod=workload-cloud-6f545f89ff-9hvzm,0.5501595527995288
1783719742,cpu_utilisation,pod=workload-cloud-6f545f89ff-9hvzm,0.5459764427412079
1783719752,cpu_utilisation,pod=workload-cloud-6f545f89ff-9hvzm,0.455651769041375
1783719762,cpu_utilisation,pod=workload-cloud-6f545f89ff-9hvzm,0.5473629003663869
1783719772,cpu_utilisation,pod=workload-cloud-6f545f89ff-9hvzm,0.5491392428886394
1783719782,cpu_utilisation,pod=workload-cloud-6f545f89ff-9hvzm,0.5385104909396435
1783719792,cpu_utilisation,pod=workload-cloud-6f545f89ff-9hvzm,0.5385104909396435
1783719802,cpu_utilisation,pod=workload-cloud-6f545f89ff-9hvzm,0.5338660241645451
1783719812,cpu_utilisation,pod=workload-cloud-6f545f89ff-9hvzm,0.5352065827094735
1783719822,cpu_utilisation,pod=workload-cloud-6f545f89ff-9hvzm,0.4810197937742237
1783719832,cpu_utilisation,pod=workload-cloud-6f545f89ff-9hvzm,0.48101979377422366
1783719842,cpu_utilisation,pod=workload-cloud-6f545f89ff-9hvzm,0.27447625455304786
1783719852,cpu_utilisation,pod=workload-cloud-6f545f89ff-9hvzm,0.27447625455304786
1783719862,cpu_utilisation,pod=workload-cloud-6f545f89ff-9hvzm,0.11377726497441532
1783719872,cpu_utilisation,pod=workload-cloud-6f545f89ff-9hvzm,0.021172231154828608
1783719882,cpu_utilisation,pod=workload-cloud-6f545f89ff-9hvzm,0.009091014492752578
1783719892,cpu_utilisation,pod=workload-cloud-6f545f89ff-9hvzm,0.009433168364497788
1783719902,cpu_utilisation,pod=workload-cloud-6f545f89ff-9hvzm,0.009594550570118654
1783719912,cpu_utilisation,pod=workload-cloud-6f545f89ff-9hvzm,0.009676567722032531
1783719422,cpu_utilisation,pod=workload-cloud-6f545f89ff-9k5kt,0.05007227014949472
1783719432,cpu_utilisation,pod=workload-cloud-6f545f89ff-9k5kt,0.04014399836284748
1783719442,cpu_utilisation,pod=workload-cloud-6f545f89ff-9k5kt,0.05046994054538115
1783719452,cpu_utilisation,pod=workload-cloud-6f545f89ff-9k5kt,0.0907186393437064
1783719462,cpu_utilisation,pod=workload-cloud-6f545f89ff-9k5kt,0.26737826178869994
1783719472,cpu_utilisation,pod=workload-cloud-6f545f89ff-9k5kt,0.28845760774557927
1783719482,cpu_utilisation,pod=workload-cloud-6f545f89ff-9k5kt,0.6601063736103557
1783719492,cpu_utilisation,pod=workload-cloud-6f545f89ff-9k5kt,0.9104610553337006
1783719502,cpu_utilisation,pod=workload-cloud-6f545f89ff-9k5kt,1.0970533623198382
1783719512,cpu_utilisation,pod=workload-cloud-6f545f89ff-9k5kt,1.208189113295172
1783719522,cpu_utilisation,pod=workload-cloud-6f545f89ff-9k5kt,1.2646399337591674
1783719532,cpu_utilisation,pod=workload-cloud-6f545f89ff-9k5kt,1.2646399337591667
1783719542,cpu_utilisation,pod=workload-cloud-6f545f89ff-9k5kt,1.2663256463437171
1783719552,cpu_utilisation,pod=workload-cloud-6f545f89ff-9k5kt,1.2737504408782296
1783719562,cpu_utilisation,pod=workload-cloud-6f545f89ff-9k5kt,1.2737504408782296
1783719572,cpu_utilisation,pod=workload-cloud-6f545f89ff-9k5kt,1.2947410741377565
1783719582,cpu_utilisation,pod=workload-cloud-6f545f89ff-9k5kt,1.306454054054054
1783719592,cpu_utilisation,pod=workload-cloud-6f545f89ff-9k5kt,1.306454054054054
1783719602,cpu_utilisation,pod=workload-cloud-6f545f89ff-9k5kt,1.3174969966629584
1783719612,cpu_utilisation,pod=workload-cloud-6f545f89ff-9k5kt,1.0468195135313472
1783719622,cpu_utilisation,pod=workload-cloud-6f545f89ff-9k5kt,1.2491506978089524
1783719632,cpu_utilisation,pod=workload-cloud-6f545f89ff-9k5kt,1.0021637216011536
1783719642,cpu_utilisation,pod=workload-cloud-6f545f89ff-9k5kt,0.883340405469118
1783719652,cpu_utilisation,pod=workload-cloud-6f545f89ff-9k5kt,0.6909138349015905
1783719662,cpu_utilisation,pod=workload-cloud-6f545f89ff-9k5kt,0.4115575758854176
1783719672,cpu_utilisation,pod=workload-cloud-6f545f89ff-9k5kt,0.19858623119375543
1783719682,cpu_utilisation,pod=workload-cloud-6f545f89ff-9k5kt,0.23813452604906526
1783719692,cpu_utilisation,pod=workload-cloud-6f545f89ff-9k5kt,0.23576241097721365
1783719702,cpu_utilisation,pod=workload-cloud-6f545f89ff-9k5kt,0.23576241097721365
1783719712,cpu_utilisation,pod=workload-cloud-6f545f89ff-9k5kt,0.2353326036454615
1783719722,cpu_utilisation,pod=workload-cloud-6f545f89ff-9k5kt,0.2374443154227807
1783719732,cpu_utilisation,pod=workload-cloud-6f545f89ff-9k5kt,0.23558572775341222
1783719742,cpu_utilisation,pod=workload-cloud-6f545f89ff-9k5kt,0.23411926102066952
1783719752,cpu_utilisation,pod=workload-cloud-6f545f89ff-9k5kt,0.23447724001632567
1783719762,cpu_utilisation,pod=workload-cloud-6f545f89ff-9k5kt,0.23505595229959653
1783719772,cpu_utilisation,pod=workload-cloud-6f545f89ff-9k5kt,0.23219434564523483
1783719782,cpu_utilisation,pod=workload-cloud-6f545f89ff-9k5kt,0.2328186595021281
1783719792,cpu_utilisation,pod=workload-cloud-6f545f89ff-9k5kt,0.19382352926452176
1783719802,cpu_utilisation,pod=workload-cloud-6f545f89ff-9k5kt,0.23259713124011788
1783719812,cpu_utilisation,pod=workload-cloud-6f545f89ff-9k5kt,0.23122633254745678
1783719822,cpu_utilisation,pod=workload-cloud-6f545f89ff-9k5kt,0.18799953644686512
1783719832,cpu_utilisation,pod=workload-cloud-6f545f89ff-9k5kt,0.08081572486117503
1783719842,cpu_utilisation,pod=workload-cloud-6f545f89ff-9k5kt,0.09827976634053759
1783719852,cpu_utilisation,pod=workload-cloud-6f545f89ff-9k5kt,0.029353537249014877
1783719862,cpu_utilisation,pod=workload-cloud-6f545f89ff-9k5kt,0.00993262532830965
1783719872,cpu_utilisation,pod=workload-cloud-6f545f89ff-9k5kt,0.009857581208337908
1783719882,cpu_utilisation,pod=workload-cloud-6f545f89ff-9k5kt,0.009817281875755726
1783719892,cpu_utilisation,pod=workload-cloud-6f545f89ff-9k5kt,0.008004184551141085
1783719902,cpu_utilisation,pod=workload-cloud-6f545f89ff-9k5kt,0.009721406235193379
1783719912,cpu_utilisation,pod=workload-cloud-6f545f89ff-9k5kt,0.009905222484143314
1783719262,cpu_utilisation,pod=workload-cloud-6f545f89ff-r28zz,0.011132185912125177
1783719272,cpu_utilisation,pod=workload-cloud-6f545f89ff-r28zz,0.011640844722948587
1783719282,cpu_utilisation,pod=workload-cloud-6f545f89ff-r28zz,0.05839161325064705
1783719292,cpu_utilisation,pod=workload-cloud-6f545f89ff-r28zz,0.07340097906276571
1783719302,cpu_utilisation,pod=workload-cloud-6f545f89ff-r28zz,0.19693346190935387
1783719312,cpu_utilisation,pod=workload-cloud-6f545f89ff-r28zz,0.26122352211291316
1783719322,cpu_utilisation,pod=workload-cloud-6f545f89ff-r28zz,0.3583976781064624
1783719332,cpu_utilisation,pod=workload-cloud-6f545f89ff-r28zz,0.5380657405444983
1783719342,cpu_utilisation,pod=workload-cloud-6f545f89ff-r28zz,0.6262954253954683
1783719352,cpu_utilisation,pod=workload-cloud-6f545f89ff-r28zz,0.6717151720478389
1783719362,cpu_utilisation,pod=workload-cloud-6f545f89ff-r28zz,0.781475653886675
1783719372,cpu_utilisation,pod=workload-cloud-6f545f89ff-r28zz,0.781475653886675
1783719382,cpu_utilisation,pod=workload-cloud-6f545f89ff-r28zz,0.8342394385673783
1783719392,cpu_utilisation,pod=workload-cloud-6f545f89ff-r28zz,0.8651782294568244
1783719402,cpu_utilisation,pod=workload-cloud-6f545f89ff-r28zz,0.8651782294568244
1783719412,cpu_utilisation,pod=workload-cloud-6f545f89ff-r28zz,0.8570393129770992
1783719422,cpu_utilisation,pod=workload-cloud-6f545f89ff-r28zz,0.870920213682578
1783719432,cpu_utilisation,pod=workload-cloud-6f545f89ff-r28zz,0.8929674203987057
1783719442,cpu_utilisation,pod=workload-cloud-6f545f89ff-r28zz,0.9094934019235071
1783719452,cpu_utilisation,pod=workload-cloud-6f545f89ff-r28zz,0.7736662009042938
1783719462,cpu_utilisation,pod=workload-cloud-6f545f89ff-r28zz,1.0007432405645416
1783719472,cpu_utilisation,pod=workload-cloud-6f545f89ff-r28zz,1.0256067492330416
1783719482,cpu_utilisation,pod=workload-cloud-6f545f89ff-r28zz,1.200622713303088
1783719492,cpu_utilisation,pod=workload-cloud-6f545f89ff-r28zz,1.3080908136886018
1783719502,cpu_utilisation,pod=workload-cloud-6f545f89ff-r28zz,1.2952678401301678
1783719512,cpu_utilisation,pod=workload-cloud-6f545f89ff-r28zz,1.6336944031892437
1783719522,cpu_utilisation,pod=workload-cloud-6f545f89ff-r28zz,1.4163057933274465
1783719532,cpu_utilisation,pod=workload-cloud-6f545f89ff-r28zz,1.7159351882294926
1783719542,cpu_utilisation,pod=workload-cloud-6f545f89ff-r28zz,1.7455950215958176
1783719552,cpu_utilisation,pod=workload-cloud-6f545f89ff-r28zz,1.722069952540119
1783719562,cpu_utilisation,pod=workload-cloud-6f545f89ff-r28zz,1.7056353206538393
1783719572,cpu_utilisation,pod=workload-cloud-6f545f89ff-r28zz,1.6800772828960744
1783719582,cpu_utilisation,pod=workload-cloud-6f545f89ff-r28zz,1.74204801701583
1783719592,cpu_utilisation,pod=workload-cloud-6f545f89ff-r28zz,1.7773634687426836
1783719602,cpu_utilisation,pod=workload-cloud-6f545f89ff-r28zz,1.7711320313164838
1783719612,cpu_utilisation,pod=workload-cloud-6f545f89ff-r28zz,1.7078424326482577
1783719622,cpu_utilisation,pod=workload-cloud-6f545f89ff-r28zz,1.6095563623255573
1783719632,cpu_utilisation,pod=workload-cloud-6f545f89ff-r28zz,1.4929510227818648
1783719642,cpu_utilisation,pod=workload-cloud-6f545f89ff-r28zz,1.1825522922789782
1783719652,cpu_utilisation,pod=workload-cloud-6f545f89ff-r28zz,1.1825522922789782
1783719662,cpu_utilisation,pod=workload-cloud-6f545f89ff-r28zz,0.9851208656432975
1783719672,cpu_utilisation,pod=workload-cloud-6f545f89ff-r28zz,0.9353149369373878
1783719682,cpu_utilisation,pod=workload-cloud-6f545f89ff-r28zz,0.9309441569533764
1783719692,cpu_utilisation,pod=workload-cloud-6f545f89ff-r28zz,0.9309441569533764
1783719702,cpu_utilisation,pod=workload-cloud-6f545f89ff-r28zz,0.9280832039480987
1783719712,cpu_utilisation,pod=workload-cloud-6f545f89ff-r28zz,0.9238006388128395
1783719722,cpu_utilisation,pod=workload-cloud-6f545f89ff-r28zz,0.7457423559141877
1783719732,cpu_utilisation,pod=workload-cloud-6f545f89ff-r28zz,0.9581453789995071
1783719742,cpu_utilisation,pod=workload-cloud-6f545f89ff-r28zz,0.82953530785399
1783719752,cpu_utilisation,pod=workload-cloud-6f545f89ff-r28zz,0.9646458300143377
1783719762,cpu_utilisation,pod=workload-cloud-6f545f89ff-r28zz,0.8469525839805893
1783719772,cpu_utilisation,pod=workload-cloud-6f545f89ff-r28zz,0.9768174760528383
1783719782,cpu_utilisation,pod=workload-cloud-6f545f89ff-r28zz,0.8234435654031531
1783719792,cpu_utilisation,pod=workload-cloud-6f545f89ff-r28zz,0.9720849140111287
1783719802,cpu_utilisation,pod=workload-cloud-6f545f89ff-r28zz,0.9615834054888367
1783719812,cpu_utilisation,pod=workload-cloud-6f545f89ff-r28zz,0.9377477862247637
1783719822,cpu_utilisation,pod=workload-cloud-6f545f89ff-r28zz,0.9462879372562112
1783719832,cpu_utilisation,pod=workload-cloud-6f545f89ff-r28zz,0.9092886556010271
1783719842,cpu_utilisation,pod=workload-cloud-6f545f89ff-r28zz,0.7712993658809234
1783719852,cpu_utilisation,pod=workload-cloud-6f545f89ff-r28zz,0.5204522451519236
1783719862,cpu_utilisation,pod=workload-cloud-6f545f89ff-r28zz,0.3150339868205622
1783719872,cpu_utilisation,pod=workload-cloud-6f545f89ff-r28zz,0.2608757971516479
1783719882,cpu_utilisation,pod=workload-cloud-6f545f89ff-r28zz,0.0855303457432289
1783719892,cpu_utilisation,pod=workload-cloud-6f545f89ff-r28zz,0.010784736457670823
1783719902,cpu_utilisation,pod=workload-cloud-6f545f89ff-r28zz,0.010660981688604632
1783719912,cpu_utilisation,pod=workload-cloud-6f545f89ff-r28zz,0.010779049422021573
1783719382,cpu_utilisation,pod=workload-cloud-6f545f89ff-tl9wt,0.08883641904505472
1783719392,cpu_utilisation,pod=workload-cloud-6f545f89ff-tl9wt,0.12194636339974867
1783719402,cpu_utilisation,pod=workload-cloud-6f545f89ff-tl9wt,0.17392519470446058
1783719412,cpu_utilisation,pod=workload-cloud-6f545f89ff-tl9wt,0.24253809908467794
1783719422,cpu_utilisation,pod=workload-cloud-6f545f89ff-tl9wt,0.28699919649783884
1783719432,cpu_utilisation,pod=workload-cloud-6f545f89ff-tl9wt,0.2993358072496504
1783719442,cpu_utilisation,pod=workload-cloud-6f545f89ff-tl9wt,0.32716597578719075
1783719452,cpu_utilisation,pod=workload-cloud-6f545f89ff-tl9wt,0.3243948051425467
1783719462,cpu_utilisation,pod=workload-cloud-6f545f89ff-tl9wt,0.4336952099868383
1783719472,cpu_utilisation,pod=workload-cloud-6f545f89ff-tl9wt,0.4148032433455913
1783719482,cpu_utilisation,pod=workload-cloud-6f545f89ff-tl9wt,0.734219470046083
1783719492,cpu_utilisation,pod=workload-cloud-6f545f89ff-tl9wt,0.8837224830042085
1783719502,cpu_utilisation,pod=workload-cloud-6f545f89ff-tl9wt,0.9635315021129465
1783719512,cpu_utilisation,pod=workload-cloud-6f545f89ff-tl9wt,1.1369091868849845
1783719522,cpu_utilisation,pod=workload-cloud-6f545f89ff-tl9wt,0.953268669007444
1783719532,cpu_utilisation,pod=workload-cloud-6f545f89ff-tl9wt,1.1679796685981498
1783719542,cpu_utilisation,pod=workload-cloud-6f545f89ff-tl9wt,1.1711009563360921
1783719552,cpu_utilisation,pod=workload-cloud-6f545f89ff-tl9wt,1.1804913853727146
1783719562,cpu_utilisation,pod=workload-cloud-6f545f89ff-tl9wt,1.179672846389741
1783719572,cpu_utilisation,pod=workload-cloud-6f545f89ff-tl9wt,1.1970077460510324
1783719582,cpu_utilisation,pod=workload-cloud-6f545f89ff-tl9wt,1.1980105512953771
1783719592,cpu_utilisation,pod=workload-cloud-6f545f89ff-tl9wt,1.1973256840247126
1783719602,cpu_utilisation,pod=workload-cloud-6f545f89ff-tl9wt,1.1974496745117675
1783719612,cpu_utilisation,pod=workload-cloud-6f545f89ff-tl9wt,1.1988424891189273
1783719622,cpu_utilisation,pod=workload-cloud-6f545f89ff-tl9wt,1.1121777366129402
1783719632,cpu_utilisation,pod=workload-cloud-6f545f89ff-tl9wt,1.06599241871993
1783719642,cpu_utilisation,pod=workload-cloud-6f545f89ff-tl9wt,0.6930726672171758
1783719652,cpu_utilisation,pod=workload-cloud-6f545f89ff-tl9wt,0.5847712041983651
1783719662,cpu_utilisation,pod=workload-cloud-6f545f89ff-tl9wt,0.3901554329298242
1783719672,cpu_utilisation,pod=workload-cloud-6f545f89ff-tl9wt,0.37973375346289734
1783719682,cpu_utilisation,pod=workload-cloud-6f545f89ff-tl9wt,0.3467311768500597
1783719692,cpu_utilisation,pod=workload-cloud-6f545f89ff-tl9wt,0.3467311768500597
1783719702,cpu_utilisation,pod=workload-cloud-6f545f89ff-tl9wt,0.3427927433297512
1783719712,cpu_utilisation,pod=workload-cloud-6f545f89ff-tl9wt,0.3389972472630225
1783719722,cpu_utilisation,pod=workload-cloud-6f545f89ff-tl9wt,0.3386599530667027
1783719732,cpu_utilisation,pod=workload-cloud-6f545f89ff-tl9wt,0.33801665706817946
1783719742,cpu_utilisation,pod=workload-cloud-6f545f89ff-tl9wt,0.3389333080232847
1783719752,cpu_utilisation,pod=workload-cloud-6f545f89ff-tl9wt,0.3405216677347004
1783719762,cpu_utilisation,pod=workload-cloud-6f545f89ff-tl9wt,0.34178176287081696
1783719772,cpu_utilisation,pod=workload-cloud-6f545f89ff-tl9wt,0.3430929563367939
1783719782,cpu_utilisation,pod=workload-cloud-6f545f89ff-tl9wt,0.34083667224374825
1783719792,cpu_utilisation,pod=workload-cloud-6f545f89ff-tl9wt,0.34083667224374825
1783719802,cpu_utilisation,pod=workload-cloud-6f545f89ff-tl9wt,0.334644655159361
1783719812,cpu_utilisation,pod=workload-cloud-6f545f89ff-tl9wt,0.3342804828973847
1783719822,cpu_utilisation,pod=workload-cloud-6f545f89ff-tl9wt,0.3337179335618868
1783719832,cpu_utilisation,pod=workload-cloud-6f545f89ff-tl9wt,0.27882225772097996
1783719842,cpu_utilisation,pod=workload-cloud-6f545f89ff-tl9wt,0.20756568459741734
1783719852,cpu_utilisation,pod=workload-cloud-6f545f89ff-tl9wt,0.155064295656148
1783719862,cpu_utilisation,pod=workload-cloud-6f545f89ff-tl9wt,0.04449023591359487
1783719872,cpu_utilisation,pod=workload-cloud-6f545f89ff-tl9wt,0.009881989522832866
1783719882,cpu_utilisation,pod=workload-cloud-6f545f89ff-tl9wt,0.009640650507304815
1783719892,cpu_utilisation,pod=workload-cloud-6f545f89ff-tl9wt,0.009479840328263973
1783719452,cpu_utilisation,pod=workload-cloud-6f545f89ff-w4tp5,0.05858707138512338
1783719462,cpu_utilisation,pod=workload-cloud-6f545f89ff-w4tp5,0.09349952359228361
1783719472,cpu_utilisation,pod=workload-cloud-6f545f89ff-w4tp5,0.23484942316813032
1783719482,cpu_utilisation,pod=workload-cloud-6f545f89ff-w4tp5,0.23998997916666656
1783719492,cpu_utilisation,pod=workload-cloud-6f545f89ff-w4tp5,0.5611316111087439
1783719502,cpu_utilisation,pod=workload-cloud-6f545f89ff-w4tp5,0.5751245416666667
1783719512,cpu_utilisation,pod=workload-cloud-6f545f89ff-w4tp5,0.9709054075382803
1783719522,cpu_utilisation,pod=workload-cloud-6f545f89ff-w4tp5,1.0061911406686062
1783719532,cpu_utilisation,pod=workload-cloud-6f545f89ff-w4tp5,1.0346276353708477
1783719542,cpu_utilisation,pod=workload-cloud-6f545f89ff-w4tp5,1.0343590865768022
1783719552,cpu_utilisation,pod=workload-cloud-6f545f89ff-w4tp5,1.0388432924075945
1783719562,cpu_utilisation,pod=workload-cloud-6f545f89ff-w4tp5,1.0388432924075945
1783719572,cpu_utilisation,pod=workload-cloud-6f545f89ff-w4tp5,1.0526136635797543
1783719582,cpu_utilisation,pod=workload-cloud-6f545f89ff-w4tp5,1.063529597574073
1783719592,cpu_utilisation,pod=workload-cloud-6f545f89ff-w4tp5,1.0720779736220793
1783719602,cpu_utilisation,pod=workload-cloud-6f545f89ff-w4tp5,1.0655519637271984
1783719612,cpu_utilisation,pod=workload-cloud-6f545f89ff-w4tp5,1.0680657489878542
1783719622,cpu_utilisation,pod=workload-cloud-6f545f89ff-w4tp5,0.9390479799574726
1783719632,cpu_utilisation,pod=workload-cloud-6f545f89ff-w4tp5,0.6099576527525709
1783719642,cpu_utilisation,pod=workload-cloud-6f545f89ff-w4tp5,0.6099576527525709
1783719652,cpu_utilisation,pod=workload-cloud-6f545f89ff-w4tp5,0.2750446615624881
1783719662,cpu_utilisation,pod=workload-cloud-6f545f89ff-w4tp5,0.07842887798896407
1783719672,cpu_utilisation,pod=workload-cloud-6f545f89ff-w4tp5,0.05431888041080571
1783719682,cpu_utilisation,pod=workload-cloud-6f545f89ff-w4tp5,0.009542474453863841
1783719692,cpu_utilisation,pod=workload-cloud-6f545f89ff-w4tp5,0.009921733114243705
1783719702,cpu_utilisation,pod=workload-cloud-6f545f89ff-w4tp5,0.009683532086479027
1783719712,cpu_utilisation,pod=workload-cloud-6f545f89ff-w4tp5,0.007831540646259667
1783719722,cpu_utilisation,pod=workload-cloud-6f545f89ff-w4tp5,0.009427608593304465
1783719732,cpu_utilisation,pod=workload-cloud-6f545f89ff-w4tp5,0.00950241545893681
1783719742,cpu_utilisation,pod=workload-cloud-6f545f89ff-w4tp5,0.00936183032945214
1783719752,cpu_utilisation,pod=workload-cloud-6f545f89ff-w4tp5,0.009461251460936744
1783719762,cpu_utilisation,pod=workload-cloud-6f545f89ff-w4tp5,0.009199937157557713
1783719772,cpu_utilisation,pod=workload-cloud-6f545f89ff-w4tp5,0.008771541439100977
1783719782,cpu_utilisation,pod=workload-cloud-6f545f89ff-w4tp5,0.009012464854733292
1783719792,cpu_utilisation,pod=workload-cloud-6f545f89ff-w4tp5,0.009089944676885574
1783719802,cpu_utilisation,pod=workload-cloud-6f545f89ff-w4tp5,0.007816048143270556
1783719812,cpu_utilisation,pod=workload-cloud-6f545f89ff-w4tp5,0.009410858852517153
1783719822,cpu_utilisation,pod=workload-cloud-6f545f89ff-w4tp5,0.009606827223134792
1783719832,cpu_utilisation,pod=workload-cloud-6f545f89ff-w4tp5,0.009606827223134792
1783719842,cpu_utilisation,pod=workload-cloud-6f545f89ff-w4tp5,0.00976029902610731
1783719852,cpu_utilisation,pod=workload-cloud-6f545f89ff-w4tp5,0.009826942081033394
1783719862,cpu_utilisation,pod=workload-cloud-6f545f89ff-w4tp5,0.009826942081033394
1783719872,cpu_utilisation,pod=workload-cloud-6f545f89ff-w4tp5,0.009878384433207705
1783719882,cpu_utilisation,pod=workload-cloud-6f545f89ff-w4tp5,0.009930813533121802
1783719892,cpu_utilisation,pod=workload-cloud-6f545f89ff-w4tp5,0.00820001066226441
1783719902,cpu_utilisation,pod=workload-cloud-6f545f89ff-w4tp5,0.010377250673854472
1783719912,cpu_utilisation,pod=workload-cloud-6f545f89ff-w4tp5,0.010412672998047916
1783719452,cpu_utilisation,pod=workload-cloud-6f545f89ff-w6g8w,0.053436297531235875
1783719462,cpu_utilisation,pod=workload-cloud-6f545f89ff-w6g8w,0.08502907689798785
1783719472,cpu_utilisation,pod=workload-cloud-6f545f89ff-w6g8w,0.2900488160793399
1783719482,cpu_utilisation,pod=workload-cloud-6f545f89ff-w6g8w,0.5473949480607598
1783719492,cpu_utilisation,pod=workload-cloud-6f545f89ff-w6g8w,0.6658983114530438
1783719502,cpu_utilisation,pod=workload-cloud-6f545f89ff-w6g8w,0.9928199547627656
1783719512,cpu_utilisation,pod=workload-cloud-6f545f89ff-w6g8w,1.1326502124966957
1783719522,cpu_utilisation,pod=workload-cloud-6f545f89ff-w6g8w,1.3303096618658687
1783719532,cpu_utilisation,pod=workload-cloud-6f545f89ff-w6g8w,1.340900292339568
1783719542,cpu_utilisation,pod=workload-cloud-6f545f89ff-w6g8w,1.324727666261452
1783719552,cpu_utilisation,pod=workload-cloud-6f545f89ff-w6g8w,1.3259581290079214
1783719562,cpu_utilisation,pod=workload-cloud-6f545f89ff-w6g8w,1.3412855533652492
1783719572,cpu_utilisation,pod=workload-cloud-6f545f89ff-w6g8w,1.3412855533652492
1783719582,cpu_utilisation,pod=workload-cloud-6f545f89ff-w6g8w,1.367508950090086
1783719592,cpu_utilisation,pod=workload-cloud-6f545f89ff-w6g8w,1.3728908519540317
1783719602,cpu_utilisation,pod=workload-cloud-6f545f89ff-w6g8w,1.3879891757891119
1783719612,cpu_utilisation,pod=workload-cloud-6f545f89ff-w6g8w,1.3662252214718003
1783719622,cpu_utilisation,pod=workload-cloud-6f545f89ff-w6g8w,1.1332418833305178
1783719632,cpu_utilisation,pod=workload-cloud-6f545f89ff-w6g8w,0.9840579710144928
1783719642,cpu_utilisation,pod=workload-cloud-6f545f89ff-w6g8w,0.847684452493731
1783719652,cpu_utilisation,pod=workload-cloud-6f545f89ff-w6g8w,0.1976141519578281
1783719662,cpu_utilisation,pod=workload-cloud-6f545f89ff-w6g8w,0.15451343434343492
1783719672,cpu_utilisation,pod=workload-cloud-6f545f89ff-w6g8w,0.00949266150467993
1783719682,cpu_utilisation,pod=workload-cloud-6f545f89ff-w6g8w,0.00949266150467993
1783719692,cpu_utilisation,pod=workload-cloud-6f545f89ff-w6g8w,0.009804244894112791
1783719702,cpu_utilisation,pod=workload-cloud-6f545f89ff-w6g8w,0.008311085630753008
1783719712,cpu_utilisation,pod=workload-cloud-6f545f89ff-w6g8w,0.009268485844894734
1783719722,cpu_utilisation,pod=workload-cloud-6f545f89ff-w6g8w,0.009517904058498531
1783719732,cpu_utilisation,pod=workload-cloud-6f545f89ff-w6g8w,0.009171916937420803
1783719742,cpu_utilisation,pod=workload-cloud-6f545f89ff-w6g8w,0.009201652386780756
1783719752,cpu_utilisation,pod=workload-cloud-6f545f89ff-w6g8w,0.009676085005799973
1783719762,cpu_utilisation,pod=workload-cloud-6f545f89ff-w6g8w,0.009513432835821125
1783719772,cpu_utilisation,pod=workload-cloud-6f545f89ff-w6g8w,0.00933830636167609
1783719782,cpu_utilisation,pod=workload-cloud-6f545f89ff-w6g8w,0.009477232710009458
1783719792,cpu_utilisation,pod=workload-cloud-6f545f89ff-w6g8w,0.009477232710009458
1783719802,cpu_utilisation,pod=workload-cloud-6f545f89ff-w6g8w,0.009376770538243876
1783719812,cpu_utilisation,pod=workload-cloud-6f545f89ff-w6g8w,0.00965369891360567
1783719822,cpu_utilisation,pod=workload-cloud-6f545f89ff-w6g8w,0.007799391007412977
1783719832,cpu_utilisation,pod=workload-cloud-6f545f89ff-w6g8w,0.009514643334548753
1783719842,cpu_utilisation,pod=workload-cloud-6f545f89ff-w6g8w,0.008226441515911164
1783719852,cpu_utilisation,pod=workload-cloud-6f545f89ff-w6g8w,0.008441811245818925
1783719862,cpu_utilisation,pod=workload-cloud-6f545f89ff-w6g8w,0.009637077861163532
1783719872,cpu_utilisation,pod=workload-cloud-6f545f89ff-w6g8w,0.007925447224502362
1783719882,cpu_utilisation,pod=workload-cloud-6f545f89ff-w6g8w,0.00977797741273182
1783719892,cpu_utilisation,pod=workload-cloud-6f545f89ff-w6g8w,0.00959955701836147
1783719902,cpu_utilisation,pod=workload-cloud-6f545f89ff-w6g8w,0.009579017104312249
1783719912,cpu_utilisation,pod=workload-cloud-6f545f89ff-w6g8w,0.010051321709786367
1783719262,cpu_utilisation,pod=workload-edge-7b875fd8c6-pxwvc,0.01693290515378076
1783719272,cpu_utilisation,pod=workload-edge-7b875fd8c6-pxwvc,0.022280867918029943
1783719282,cpu_utilisation,pod=workload-edge-7b875fd8c6-pxwvc,0.022596795063202953
1783719292,cpu_utilisation,pod=workload-edge-7b875fd8c6-pxwvc,0.022980275601188885
1783719302,cpu_utilisation,pod=workload-edge-7b875fd8c6-pxwvc,0.022804513009440492
1783719312,cpu_utilisation,pod=workload-edge-7b875fd8c6-pxwvc,0.022836099912160204
1783719322,cpu_utilisation,pod=workload-edge-7b875fd8c6-pxwvc,0.023029946542567018
1783719332,cpu_utilisation,pod=workload-edge-7b875fd8c6-pxwvc,0.02290509401877913
1783719342,cpu_utilisation,pod=workload-edge-7b875fd8c6-pxwvc,0.023777188189555563
1783719352,cpu_utilisation,pod=workload-edge-7b875fd8c6-pxwvc,0.02343984559296591
1783719362,cpu_utilisation,pod=workload-edge-7b875fd8c6-pxwvc,0.022756922595900193
1783719372,cpu_utilisation,pod=workload-edge-7b875fd8c6-pxwvc,0.01942094832328688
1783719382,cpu_utilisation,pod=workload-edge-7b875fd8c6-pxwvc,0.021653806958800377
1783719392,cpu_utilisation,pod=workload-edge-7b875fd8c6-pxwvc,0.02109333928908891
1783719402,cpu_utilisation,pod=workload-edge-7b875fd8c6-pxwvc,0.02068894224356407
1783719412,cpu_utilisation,pod=workload-edge-7b875fd8c6-pxwvc,0.02121828057370789
1783719422,cpu_utilisation,pod=workload-edge-7b875fd8c6-pxwvc,0.020227178087262297
1783719432,cpu_utilisation,pod=workload-edge-7b875fd8c6-pxwvc,0.020227178087262297
1783719442,cpu_utilisation,pod=workload-edge-7b875fd8c6-pxwvc,0.020438172876700255
1783719452,cpu_utilisation,pod=workload-edge-7b875fd8c6-pxwvc,0.01986825575777101
1783719462,cpu_utilisation,pod=workload-edge-7b875fd8c6-pxwvc,0.020058835845896104
1783719472,cpu_utilisation,pod=workload-edge-7b875fd8c6-pxwvc,0.020608801707490607
1783719482,cpu_utilisation,pod=workload-edge-7b875fd8c6-pxwvc,0.021074183014104717
1783719492,cpu_utilisation,pod=workload-edge-7b875fd8c6-pxwvc,0.02107418301410472
1783719502,cpu_utilisation,pod=workload-edge-7b875fd8c6-pxwvc,0.020650143041595997
1783719512,cpu_utilisation,pod=workload-edge-7b875fd8c6-pxwvc,0.020867418206142144
1783719522,cpu_utilisation,pod=workload-edge-7b875fd8c6-pxwvc,0.020389884669066327
1783719532,cpu_utilisation,pod=workload-edge-7b875fd8c6-pxwvc,0.019984600948004104
1783719542,cpu_utilisation,pod=workload-edge-7b875fd8c6-pxwvc,0.020486081984945163
1783719552,cpu_utilisation,pod=workload-edge-7b875fd8c6-pxwvc,0.0205518115024069
1783719562,cpu_utilisation,pod=workload-edge-7b875fd8c6-pxwvc,0.02029785900783293
1783719572,cpu_utilisation,pod=workload-edge-7b875fd8c6-pxwvc,0.02152820027490484
1783719582,cpu_utilisation,pod=workload-edge-7b875fd8c6-pxwvc,0.015275000000000039
1783719592,cpu_utilisation,pod=workload-edge-7b875fd8c6-pxwvc,0.022292615450095782
1783719602,cpu_utilisation,pod=workload-edge-7b875fd8c6-pxwvc,0.022241911310940717
1783719612,cpu_utilisation,pod=workload-edge-7b875fd8c6-pxwvc,0.021686241081012816
1783719622,cpu_utilisation,pod=workload-edge-7b875fd8c6-pxwvc,0.02211600451699003
1783719632,cpu_utilisation,pod=workload-edge-7b875fd8c6-pxwvc,0.021796490921406193
1783719642,cpu_utilisation,pod=workload-edge-7b875fd8c6-pxwvc,0.021796490921406193
1783719652,cpu_utilisation,pod=workload-edge-7b875fd8c6-pxwvc,0.022128344944016404
1783719662,cpu_utilisation,pod=workload-edge-7b875fd8c6-pxwvc,0.0217398991362819
1783719672,cpu_utilisation,pod=workload-edge-7b875fd8c6-pxwvc,0.022047227493147796
1783719682,cpu_utilisation,pod=workload-edge-7b875fd8c6-pxwvc,0.022178129597778592
1783719692,cpu_utilisation,pod=workload-edge-7b875fd8c6-pxwvc,0.022417149478563176
1783719702,cpu_utilisation,pod=workload-edge-7b875fd8c6-pxwvc,0.02219921690822251
1783719712,cpu_utilisation,pod=workload-edge-7b875fd8c6-pxwvc,0.021944712311153986
1783719722,cpu_utilisation,pod=workload-edge-7b875fd8c6-pxwvc,0.03643100906686047
1783719732,cpu_utilisation,pod=workload-edge-7b875fd8c6-pxwvc,0.03581068470780359
1783719742,cpu_utilisation,pod=workload-edge-7b875fd8c6-pxwvc,0.043705191406487716
1783719752,cpu_utilisation,pod=workload-edge-7b875fd8c6-pxwvc,0.037424751324118245
1783719762,cpu_utilisation,pod=workload-edge-7b875fd8c6-pxwvc,0.017743900976457977
1783719772,cpu_utilisation,pod=workload-edge-7b875fd8c6-pxwvc,0.022054611498476078
1783719782,cpu_utilisation,pod=workload-edge-7b875fd8c6-pxwvc,0.022265551893893117
1783719792,cpu_utilisation,pod=workload-edge-7b875fd8c6-pxwvc,0.022278630460448687
1783719802,cpu_utilisation,pod=workload-edge-7b875fd8c6-pxwvc,0.021871115942326252
1783719812,cpu_utilisation,pod=workload-edge-7b875fd8c6-pxwvc,0.022352700786076613
1783719822,cpu_utilisation,pod=workload-edge-7b875fd8c6-pxwvc,0.018544607752990876
1783719832,cpu_utilisation,pod=workload-edge-7b875fd8c6-pxwvc,0.021931042304638777
1783719842,cpu_utilisation,pod=workload-edge-7b875fd8c6-pxwvc,0.022637211273574945
1783719852,cpu_utilisation,pod=workload-edge-7b875fd8c6-pxwvc,0.022637211273574948
1783719862,cpu_utilisation,pod=workload-edge-7b875fd8c6-pxwvc,0.021855711808899975
1783719872,cpu_utilisation,pod=workload-edge-7b875fd8c6-pxwvc,0.02208500163122456
1783719882,cpu_utilisation,pod=workload-edge-7b875fd8c6-pxwvc,0.02159820308389653
1783719892,cpu_utilisation,pod=workload-edge-7b875fd8c6-pxwvc,0.021611356186005116
1783719902,cpu_utilisation,pod=workload-edge-7b875fd8c6-pxwvc,0.021838757072743836
1783719912,cpu_utilisation,pod=workload-edge-7b875fd8c6-pxwvc,0.022304024599096976
1783719322,mem_mib,pod=workload-cloud-6f545f89ff-9hvzm,3.7265625
1783719332,mem_mib,pod=workload-cloud-6f545f89ff-9hvzm,3.7265625
1783719342,mem_mib,pod=workload-cloud-6f545f89ff-9hvzm,35.46875
1783719352,mem_mib,pod=workload-cloud-6f545f89ff-9hvzm,35.3203125
1783719362,mem_mib,pod=workload-cloud-6f545f89ff-9hvzm,35.60546875
1783719372,mem_mib,pod=workload-cloud-6f545f89ff-9hvzm,35.60546875
1783719382,mem_mib,pod=workload-cloud-6f545f89ff-9hvzm,35.7109375
1783719392,mem_mib,pod=workload-cloud-6f545f89ff-9hvzm,35.765625
1783719402,mem_mib,pod=workload-cloud-6f545f89ff-9hvzm,35.5546875
1783719412,mem_mib,pod=workload-cloud-6f545f89ff-9hvzm,35.5546875
1783719422,mem_mib,pod=workload-cloud-6f545f89ff-9hvzm,35.6640625
1783719432,mem_mib,pod=workload-cloud-6f545f89ff-9hvzm,35.6640625
1783719442,mem_mib,pod=workload-cloud-6f545f89ff-9hvzm,36.05078125
1783719452,mem_mib,pod=workload-cloud-6f545f89ff-9hvzm,36.05078125
1783719462,mem_mib,pod=workload-cloud-6f545f89ff-9hvzm,36.5625
1783719472,mem_mib,pod=workload-cloud-6f545f89ff-9hvzm,37.828125
1783719482,mem_mib,pod=workload-cloud-6f545f89ff-9hvzm,37.828125
1783719492,mem_mib,pod=workload-cloud-6f545f89ff-9hvzm,37.66015625
1783719502,mem_mib,pod=workload-cloud-6f545f89ff-9hvzm,37.66015625
1783719512,mem_mib,pod=workload-cloud-6f545f89ff-9hvzm,37.62109375
1783719522,mem_mib,pod=workload-cloud-6f545f89ff-9hvzm,37.921875
1783719532,mem_mib,pod=workload-cloud-6f545f89ff-9hvzm,37.921875
1783719542,mem_mib,pod=workload-cloud-6f545f89ff-9hvzm,37.76953125
1783719552,mem_mib,pod=workload-cloud-6f545f89ff-9hvzm,39.76953125
1783719562,mem_mib,pod=workload-cloud-6f545f89ff-9hvzm,39.76953125
1783719572,mem_mib,pod=workload-cloud-6f545f89ff-9hvzm,38.28515625
1783719582,mem_mib,pod=workload-cloud-6f545f89ff-9hvzm,38.28515625
1783719592,mem_mib,pod=workload-cloud-6f545f89ff-9hvzm,38.6015625
1783719602,mem_mib,pod=workload-cloud-6f545f89ff-9hvzm,38.6015625
1783719612,mem_mib,pod=workload-cloud-6f545f89ff-9hvzm,38.75
1783719622,mem_mib,pod=workload-cloud-6f545f89ff-9hvzm,38.75
1783719632,mem_mib,pod=workload-cloud-6f545f89ff-9hvzm,37.28515625
1783719642,mem_mib,pod=workload-cloud-6f545f89ff-9hvzm,37.28515625
1783719652,mem_mib,pod=workload-cloud-6f545f89ff-9hvzm,37.1328125
1783719662,mem_mib,pod=workload-cloud-6f545f89ff-9hvzm,37.1328125
1783719672,mem_mib,pod=workload-cloud-6f545f89ff-9hvzm,37.14453125
1783719682,mem_mib,pod=workload-cloud-6f545f89ff-9hvzm,37.16796875
1783719692,mem_mib,pod=workload-cloud-6f545f89ff-9hvzm,37.44921875
1783719702,mem_mib,pod=workload-cloud-6f545f89ff-9hvzm,37.44921875
1783719712,mem_mib,pod=workload-cloud-6f545f89ff-9hvzm,37.15234375
1783719722,mem_mib,pod=workload-cloud-6f545f89ff-9hvzm,37.68359375
1783719732,mem_mib,pod=workload-cloud-6f545f89ff-9hvzm,37.68359375
1783719742,mem_mib,pod=workload-cloud-6f545f89ff-9hvzm,37.15625
1783719752,mem_mib,pod=workload-cloud-6f545f89ff-9hvzm,37.65234375
1783719762,mem_mib,pod=workload-cloud-6f545f89ff-9hvzm,37.67578125
1783719772,mem_mib,pod=workload-cloud-6f545f89ff-9hvzm,37.67578125
1783719782,mem_mib,pod=workload-cloud-6f545f89ff-9hvzm,37.7109375
1783719792,mem_mib,pod=workload-cloud-6f545f89ff-9hvzm,37.7109375
1783719802,mem_mib,pod=workload-cloud-6f545f89ff-9hvzm,37.92578125
1783719812,mem_mib,pod=workload-cloud-6f545f89ff-9hvzm,37.15234375
1783719822,mem_mib,pod=workload-cloud-6f545f89ff-9hvzm,37.1484375
1783719832,mem_mib,pod=workload-cloud-6f545f89ff-9hvzm,37.1484375
1783719842,mem_mib,pod=workload-cloud-6f545f89ff-9hvzm,37.046875
1783719852,mem_mib,pod=workload-cloud-6f545f89ff-9hvzm,37.046875
1783719862,mem_mib,pod=workload-cloud-6f545f89ff-9hvzm,37.046875
1783719872,mem_mib,pod=workload-cloud-6f545f89ff-9hvzm,37.04296875
1783719882,mem_mib,pod=workload-cloud-6f545f89ff-9hvzm,37.04296875
1783719892,mem_mib,pod=workload-cloud-6f545f89ff-9hvzm,37.046875
1783719902,mem_mib,pod=workload-cloud-6f545f89ff-9hvzm,37.046875
1783719912,mem_mib,pod=workload-cloud-6f545f89ff-9hvzm,37.046875
1783719402,mem_mib,pod=workload-cloud-6f545f89ff-9k5kt,3.59375
1783719412,mem_mib,pod=workload-cloud-6f545f89ff-9k5kt,3.59375
1783719422,mem_mib,pod=workload-cloud-6f545f89ff-9k5kt,35.2421875
1783719432,mem_mib,pod=workload-cloud-6f545f89ff-9k5kt,35.2734375
1783719442,mem_mib,pod=workload-cloud-6f545f89ff-9k5kt,35.2734375
1783719452,mem_mib,pod=workload-cloud-6f545f89ff-9k5kt,35.4921875
1783719462,mem_mib,pod=workload-cloud-6f545f89ff-9k5kt,36.79296875
1783719472,mem_mib,pod=workload-cloud-6f545f89ff-9k5kt,36.79296875
1783719482,mem_mib,pod=workload-cloud-6f545f89ff-9k5kt,37.59375
1783719492,mem_mib,pod=workload-cloud-6f545f89ff-9k5kt,37.2109375
1783719502,mem_mib,pod=workload-cloud-6f545f89ff-9k5kt,37.2109375
1783719512,mem_mib,pod=workload-cloud-6f545f89ff-9k5kt,37.27734375
1783719522,mem_mib,pod=workload-cloud-6f545f89ff-9k5kt,37.32421875
1783719532,mem_mib,pod=workload-cloud-6f545f89ff-9k5kt,37.32421875
1783719542,mem_mib,pod=workload-cloud-6f545f89ff-9k5kt,37.33984375
1783719552,mem_mib,pod=workload-cloud-6f545f89ff-9k5kt,37.84765625
1783719562,mem_mib,pod=workload-cloud-6f545f89ff-9k5kt,37.84765625
1783719572,mem_mib,pod=workload-cloud-6f545f89ff-9k5kt,37.34765625
1783719582,mem_mib,pod=workload-cloud-6f545f89ff-9k5kt,37.37890625
1783719592,mem_mib,pod=workload-cloud-6f545f89ff-9k5kt,37.37890625
1783719602,mem_mib,pod=workload-cloud-6f545f89ff-9k5kt,37.36328125
1783719612,mem_mib,pod=workload-cloud-6f545f89ff-9k5kt,37.53515625
1783719622,mem_mib,pod=workload-cloud-6f545f89ff-9k5kt,37.53515625
1783719632,mem_mib,pod=workload-cloud-6f545f89ff-9k5kt,37.1171875
1783719642,mem_mib,pod=workload-cloud-6f545f89ff-9k5kt,37.1171875
1783719652,mem_mib,pod=workload-cloud-6f545f89ff-9k5kt,37.3203125
1783719662,mem_mib,pod=workload-cloud-6f545f89ff-9k5kt,36.86328125
1783719672,mem_mib,pod=workload-cloud-6f545f89ff-9k5kt,37.08203125
1783719682,mem_mib,pod=workload-cloud-6f545f89ff-9k5kt,37.359375
1783719692,mem_mib,pod=workload-cloud-6f545f89ff-9k5kt,37.32421875
1783719702,mem_mib,pod=workload-cloud-6f545f89ff-9k5kt,37.32421875
1783719712,mem_mib,pod=workload-cloud-6f545f89ff-9k5kt,36.828125
1783719722,mem_mib,pod=workload-cloud-6f545f89ff-9k5kt,37.078125
1783719732,mem_mib,pod=workload-cloud-6f545f89ff-9k5kt,36.8359375
1783719742,mem_mib,pod=workload-cloud-6f545f89ff-9k5kt,36.8359375
1783719752,mem_mib,pod=workload-cloud-6f545f89ff-9k5kt,36.83984375
1783719762,mem_mib,pod=workload-cloud-6f545f89ff-9k5kt,37.0859375
1783719772,mem_mib,pod=workload-cloud-6f545f89ff-9k5kt,36.8359375
1783719782,mem_mib,pod=workload-cloud-6f545f89ff-9k5kt,36.8359375
1783719792,mem_mib,pod=workload-cloud-6f545f89ff-9k5kt,37.1171875
1783719802,mem_mib,pod=workload-cloud-6f545f89ff-9k5kt,36.8671875
1783719812,mem_mib,pod=workload-cloud-6f545f89ff-9k5kt,36.8671875
1783719822,mem_mib,pod=workload-cloud-6f545f89ff-9k5kt,36.8359375
1783719832,mem_mib,pod=workload-cloud-6f545f89ff-9k5kt,36.8046875
1783719842,mem_mib,pod=workload-cloud-6f545f89ff-9k5kt,36.8046875
1783719852,mem_mib,pod=workload-cloud-6f545f89ff-9k5kt,36.8046875
1783719862,mem_mib,pod=workload-cloud-6f545f89ff-9k5kt,36.8046875
1783719872,mem_mib,pod=workload-cloud-6f545f89ff-9k5kt,36.8046875
1783719882,mem_mib,pod=workload-cloud-6f545f89ff-9k5kt,36.8046875
1783719892,mem_mib,pod=workload-cloud-6f545f89ff-9k5kt,36.8046875
1783719902,mem_mib,pod=workload-cloud-6f545f89ff-9k5kt,36.8046875
1783719912,mem_mib,pod=workload-cloud-6f545f89ff-9k5kt,36.8046875
1783719262,mem_mib,pod=workload-cloud-6f545f89ff-r28zz,39.57421875
1783719272,mem_mib,pod=workload-cloud-6f545f89ff-r28zz,39.57421875
1783719282,mem_mib,pod=workload-cloud-6f545f89ff-r28zz,39.66015625
1783719292,mem_mib,pod=workload-cloud-6f545f89ff-r28zz,39.66015625
1783719302,mem_mib,pod=workload-cloud-6f545f89ff-r28zz,39.91796875
1783719312,mem_mib,pod=workload-cloud-6f545f89ff-r28zz,39.91796875
1783719322,mem_mib,pod=workload-cloud-6f545f89ff-r28zz,39.74609375
1783719332,mem_mib,pod=workload-cloud-6f545f89ff-r28zz,48.4375
1783719342,mem_mib,pod=workload-cloud-6f545f89ff-r28zz,48.4375
1783719352,mem_mib,pod=workload-cloud-6f545f89ff-r28zz,48.95703125
1783719362,mem_mib,pod=workload-cloud-6f545f89ff-r28zz,48.7109375
1783719372,mem_mib,pod=workload-cloud-6f545f89ff-r28zz,48.7109375
1783719382,mem_mib,pod=workload-cloud-6f545f89ff-r28zz,49.13671875
1783719392,mem_mib,pod=workload-cloud-6f545f89ff-r28zz,48.640625
1783719402,mem_mib,pod=workload-cloud-6f545f89ff-r28zz,48.640625
1783719412,mem_mib,pod=workload-cloud-6f545f89ff-r28zz,48.703125
1783719422,mem_mib,pod=workload-cloud-6f545f89ff-r28zz,48.703125
1783719432,mem_mib,pod=workload-cloud-6f545f89ff-r28zz,48.88671875
1783719442,mem_mib,pod=workload-cloud-6f545f89ff-r28zz,48.94921875
1783719452,mem_mib,pod=workload-cloud-6f545f89ff-r28zz,48.94921875
1783719462,mem_mib,pod=workload-cloud-6f545f89ff-r28zz,49.265625
1783719472,mem_mib,pod=workload-cloud-6f545f89ff-r28zz,49.265625
1783719482,mem_mib,pod=workload-cloud-6f545f89ff-r28zz,49.8125
1783719492,mem_mib,pod=workload-cloud-6f545f89ff-r28zz,49.8125
1783719502,mem_mib,pod=workload-cloud-6f545f89ff-r28zz,49.59375
1783719512,mem_mib,pod=workload-cloud-6f545f89ff-r28zz,49.89453125
1783719522,mem_mib,pod=workload-cloud-6f545f89ff-r28zz,49.89453125
1783719532,mem_mib,pod=workload-cloud-6f545f89ff-r28zz,49.65625
1783719542,mem_mib,pod=workload-cloud-6f545f89ff-r28zz,49.65625
1783719552,mem_mib,pod=workload-cloud-6f545f89ff-r28zz,50.33203125
1783719562,mem_mib,pod=workload-cloud-6f545f89ff-r28zz,50.33203125
1783719572,mem_mib,pod=workload-cloud-6f545f89ff-r28zz,49.8203125
1783719582,mem_mib,pod=workload-cloud-6f545f89ff-r28zz,50.3125
1783719592,mem_mib,pod=workload-cloud-6f545f89ff-r28zz,50.3125
1783719602,mem_mib,pod=workload-cloud-6f545f89ff-r28zz,50.5625
1783719612,mem_mib,pod=workload-cloud-6f545f89ff-r28zz,49.65625
1783719622,mem_mib,pod=workload-cloud-6f545f89ff-r28zz,50.5234375
1783719632,mem_mib,pod=workload-cloud-6f545f89ff-r28zz,50.5234375
1783719642,mem_mib,pod=workload-cloud-6f545f89ff-r28zz,49.5078125
1783719652,mem_mib,pod=workload-cloud-6f545f89ff-r28zz,49.5078125
1783719662,mem_mib,pod=workload-cloud-6f545f89ff-r28zz,49.33203125
1783719672,mem_mib,pod=workload-cloud-6f545f89ff-r28zz,49.33203125
1783719682,mem_mib,pod=workload-cloud-6f545f89ff-r28zz,49.875
1783719692,mem_mib,pod=workload-cloud-6f545f89ff-r28zz,49.875
1783719702,mem_mib,pod=workload-cloud-6f545f89ff-r28zz,49.58984375
1783719712,mem_mib,pod=workload-cloud-6f545f89ff-r28zz,49.36328125
1783719722,mem_mib,pod=workload-cloud-6f545f89ff-r28zz,49.36328125
1783719732,mem_mib,pod=workload-cloud-6f545f89ff-r28zz,49.40625
1783719742,mem_mib,pod=workload-cloud-6f545f89ff-r28zz,49.51953125
1783719752,mem_mib,pod=workload-cloud-6f545f89ff-r28zz,50.03125
1783719762,mem_mib,pod=workload-cloud-6f545f89ff-r28zz,50.03125
1783719772,mem_mib,pod=workload-cloud-6f545f89ff-r28zz,49.73046875
1783719782,mem_mib,pod=workload-cloud-6f545f89ff-r28zz,49.73046875
1783719792,mem_mib,pod=workload-cloud-6f545f89ff-r28zz,49.8046875
1783719802,mem_mib,pod=workload-cloud-6f545f89ff-r28zz,49.33984375
1783719812,mem_mib,pod=workload-cloud-6f545f89ff-r28zz,49.33984375
1783719822,mem_mib,pod=workload-cloud-6f545f89ff-r28zz,50.05078125
1783719832,mem_mib,pod=workload-cloud-6f545f89ff-r28zz,49.5546875
1783719842,mem_mib,pod=workload-cloud-6f545f89ff-r28zz,49.20703125
1783719852,mem_mib,pod=workload-cloud-6f545f89ff-r28zz,48.96484375
1783719862,mem_mib,pod=workload-cloud-6f545f89ff-r28zz,48.96484375
1783719872,mem_mib,pod=workload-cloud-6f545f89ff-r28zz,48.9765625
1783719882,mem_mib,pod=workload-cloud-6f545f89ff-r28zz,48.96875
1783719892,mem_mib,pod=workload-cloud-6f545f89ff-r28zz,48.96875
1783719902,mem_mib,pod=workload-cloud-6f545f89ff-r28zz,65.5078125
1783719912,mem_mib,pod=workload-cloud-6f545f89ff-r28zz,65.5078125
1783719362,mem_mib,pod=workload-cloud-6f545f89ff-tl9wt,3.734375
1783719372,mem_mib,pod=workload-cloud-6f545f89ff-tl9wt,3.734375
1783719382,mem_mib,pod=workload-cloud-6f545f89ff-tl9wt,35.359375
1783719392,mem_mib,pod=workload-cloud-6f545f89ff-tl9wt,35.359375
1783719402,mem_mib,pod=workload-cloud-6f545f89ff-tl9wt,36.08984375
1783719412,mem_mib,pod=workload-cloud-6f545f89ff-tl9wt,36.109375
1783719422,mem_mib,pod=workload-cloud-6f545f89ff-tl9wt,36.109375
1783719432,mem_mib,pod=workload-cloud-6f545f89ff-tl9wt,35.96484375
1783719442,mem_mib,pod=workload-cloud-6f545f89ff-tl9wt,35.96484375
1783719452,mem_mib,pod=workload-cloud-6f545f89ff-tl9wt,35.76171875
1783719462,mem_mib,pod=workload-cloud-6f545f89ff-tl9wt,36.3125
1783719472,mem_mib,pod=workload-cloud-6f545f89ff-tl9wt,36.3125
1783719482,mem_mib,pod=workload-cloud-6f545f89ff-tl9wt,37.02734375
1783719492,mem_mib,pod=workload-cloud-6f545f89ff-tl9wt,37.02734375
1783719502,mem_mib,pod=workload-cloud-6f545f89ff-tl9wt,37.10546875
1783719512,mem_mib,pod=workload-cloud-6f545f89ff-tl9wt,37.140625
1783719522,mem_mib,pod=workload-cloud-6f545f89ff-tl9wt,37.140625
1783719532,mem_mib,pod=workload-cloud-6f545f89ff-tl9wt,37.42578125
1783719542,mem_mib,pod=workload-cloud-6f545f89ff-tl9wt,37.42578125
1783719552,mem_mib,pod=workload-cloud-6f545f89ff-tl9wt,37.44921875
1783719562,mem_mib,pod=workload-cloud-6f545f89ff-tl9wt,37.44921875
1783719572,mem_mib,pod=workload-cloud-6f545f89ff-tl9wt,37.24609375
1783719582,mem_mib,pod=workload-cloud-6f545f89ff-tl9wt,37.4921875
1783719592,mem_mib,pod=workload-cloud-6f545f89ff-tl9wt,37.4921875
1783719602,mem_mib,pod=workload-cloud-6f545f89ff-tl9wt,37.46875
1783719612,mem_mib,pod=workload-cloud-6f545f89ff-tl9wt,37.46875
1783719622,mem_mib,pod=workload-cloud-6f545f89ff-tl9wt,37.359375
1783719632,mem_mib,pod=workload-cloud-6f545f89ff-tl9wt,37.359375
1783719642,mem_mib,pod=workload-cloud-6f545f89ff-tl9wt,36.7109375
1783719652,mem_mib,pod=workload-cloud-6f545f89ff-tl9wt,36.71484375
1783719662,mem_mib,pod=workload-cloud-6f545f89ff-tl9wt,36.71484375
1783719672,mem_mib,pod=workload-cloud-6f545f89ff-tl9wt,36.71484375
1783719682,mem_mib,pod=workload-cloud-6f545f89ff-tl9wt,36.9921875
1783719692,mem_mib,pod=workload-cloud-6f545f89ff-tl9wt,36.9921875
1783719702,mem_mib,pod=workload-cloud-6f545f89ff-tl9wt,37.01953125
1783719712,mem_mib,pod=workload-cloud-6f545f89ff-tl9wt,36.7734375
1783719722,mem_mib,pod=workload-cloud-6f545f89ff-tl9wt,37.01953125
1783719732,mem_mib,pod=workload-cloud-6f545f89ff-tl9wt,37.01953125
1783719742,mem_mib,pod=workload-cloud-6f545f89ff-tl9wt,37.01953125
1783719752,mem_mib,pod=workload-cloud-6f545f89ff-tl9wt,36.78125
1783719762,mem_mib,pod=workload-cloud-6f545f89ff-tl9wt,36.74609375
1783719772,mem_mib,pod=workload-cloud-6f545f89ff-tl9wt,36.74609375
1783719782,mem_mib,pod=workload-cloud-6f545f89ff-tl9wt,37.01953125
1783719792,mem_mib,pod=workload-cloud-6f545f89ff-tl9wt,37.01953125
1783719802,mem_mib,pod=workload-cloud-6f545f89ff-tl9wt,36.8046875
1783719812,mem_mib,pod=workload-cloud-6f545f89ff-tl9wt,36.77734375
1783719822,mem_mib,pod=workload-cloud-6f545f89ff-tl9wt,36.77734375
1783719832,mem_mib,pod=workload-cloud-6f545f89ff-tl9wt,36.74609375
1783719842,mem_mib,pod=workload-cloud-6f545f89ff-tl9wt,36.74609375
1783719852,mem_mib,pod=workload-cloud-6f545f89ff-tl9wt,36.72265625
1783719862,mem_mib,pod=workload-cloud-6f545f89ff-tl9wt,36.7265625
1783719872,mem_mib,pod=workload-cloud-6f545f89ff-tl9wt,36.7265625
1783719882,mem_mib,pod=workload-cloud-6f545f89ff-tl9wt,36.7265625
1783719892,mem_mib,pod=workload-cloud-6f545f89ff-tl9wt,36.7265625
1783719902,mem_mib,pod=workload-cloud-6f545f89ff-tl9wt,36.7265625
1783719442,mem_mib,pod=workload-cloud-6f545f89ff-w4tp5,3.24609375
1783719452,mem_mib,pod=workload-cloud-6f545f89ff-w4tp5,35.31640625
1783719462,mem_mib,pod=workload-cloud-6f545f89ff-w4tp5,35.31640625
1783719472,mem_mib,pod=workload-cloud-6f545f89ff-w4tp5,35.67578125
1783719482,mem_mib,pod=workload-cloud-6f545f89ff-w4tp5,35.67578125
1783719492,mem_mib,pod=workload-cloud-6f545f89ff-w4tp5,36.82421875
1783719502,mem_mib,pod=workload-cloud-6f545f89ff-w4tp5,36.82421875
1783719512,mem_mib,pod=workload-cloud-6f545f89ff-w4tp5,36.8671875
1783719522,mem_mib,pod=workload-cloud-6f545f89ff-w4tp5,36.87109375
1783719532,mem_mib,pod=workload-cloud-6f545f89ff-w4tp5,36.87109375
1783719542,mem_mib,pod=workload-cloud-6f545f89ff-w4tp5,36.9453125
1783719552,mem_mib,pod=workload-cloud-6f545f89ff-w4tp5,36.9921875
1783719562,mem_mib,pod=workload-cloud-6f545f89ff-w4tp5,36.9921875
1783719572,mem_mib,pod=workload-cloud-6f545f89ff-w4tp5,37.0078125
1783719582,mem_mib,pod=workload-cloud-6f545f89ff-w4tp5,37.0078125
1783719592,mem_mib,pod=workload-cloud-6f545f89ff-w4tp5,37.03515625
1783719602,mem_mib,pod=workload-cloud-6f545f89ff-w4tp5,37.30078125
1783719612,mem_mib,pod=workload-cloud-6f545f89ff-w4tp5,37.30078125
1783719622,mem_mib,pod=workload-cloud-6f545f89ff-w4tp5,36.98828125
1783719632,mem_mib,pod=workload-cloud-6f545f89ff-w4tp5,36.5859375
1783719642,mem_mib,pod=workload-cloud-6f545f89ff-w4tp5,36.5859375
1783719652,mem_mib,pod=workload-cloud-6f545f89ff-w4tp5,36.58984375
1783719662,mem_mib,pod=workload-cloud-6f545f89ff-w4tp5,36.58984375
1783719672,mem_mib,pod=workload-cloud-6f545f89ff-w4tp5,36.58984375
1783719682,mem_mib,pod=workload-cloud-6f545f89ff-w4tp5,36.58984375
1783719692,mem_mib,pod=workload-cloud-6f545f89ff-w4tp5,36.59375
1783719702,mem_mib,pod=workload-cloud-6f545f89ff-w4tp5,36.59375
1783719712,mem_mib,pod=workload-cloud-6f545f89ff-w4tp5,36.58984375
1783719722,mem_mib,pod=workload-cloud-6f545f89ff-w4tp5,36.58984375
1783719732,mem_mib,pod=workload-cloud-6f545f89ff-w4tp5,36.8515625
1783719742,mem_mib,pod=workload-cloud-6f545f89ff-w4tp5,36.59375
1783719752,mem_mib,pod=workload-cloud-6f545f89ff-w4tp5,36.59375
1783719762,mem_mib,pod=workload-cloud-6f545f89ff-w4tp5,36.58984375
1783719772,mem_mib,pod=workload-cloud-6f545f89ff-w4tp5,36.58984375
1783719782,mem_mib,pod=workload-cloud-6f545f89ff-w4tp5,36.59375
1783719792,mem_mib,pod=workload-cloud-6f545f89ff-w4tp5,36.59375
1783719802,mem_mib,pod=workload-cloud-6f545f89ff-w4tp5,36.59375
1783719812,mem_mib,pod=workload-cloud-6f545f89ff-w4tp5,36.59375
1783719822,mem_mib,pod=workload-cloud-6f545f89ff-w4tp5,36.58984375
1783719832,mem_mib,pod=workload-cloud-6f545f89ff-w4tp5,36.58984375
1783719842,mem_mib,pod=workload-cloud-6f545f89ff-w4tp5,36.59375
1783719852,mem_mib,pod=workload-cloud-6f545f89ff-w4tp5,36.59375
1783719862,mem_mib,pod=workload-cloud-6f545f89ff-w4tp5,36.59375
1783719872,mem_mib,pod=workload-cloud-6f545f89ff-w4tp5,36.59375
1783719882,mem_mib,pod=workload-cloud-6f545f89ff-w4tp5,36.59375
1783719892,mem_mib,pod=workload-cloud-6f545f89ff-w4tp5,36.59375
1783719902,mem_mib,pod=workload-cloud-6f545f89ff-w4tp5,36.59375
1783719912,mem_mib,pod=workload-cloud-6f545f89ff-w4tp5,36.58984375
1783719442,mem_mib,pod=workload-cloud-6f545f89ff-w6g8w,3.35546875
1783719452,mem_mib,pod=workload-cloud-6f545f89ff-w6g8w,35.27734375
1783719462,mem_mib,pod=workload-cloud-6f545f89ff-w6g8w,35.27734375
1783719472,mem_mib,pod=workload-cloud-6f545f89ff-w6g8w,36.96484375
1783719482,mem_mib,pod=workload-cloud-6f545f89ff-w6g8w,37.28125
1783719492,mem_mib,pod=workload-cloud-6f545f89ff-w6g8w,37.28125
1783719502,mem_mib,pod=workload-cloud-6f545f89ff-w6g8w,37.35546875
1783719512,mem_mib,pod=workload-cloud-6f545f89ff-w6g8w,37.35546875
1783719522,mem_mib,pod=workload-cloud-6f545f89ff-w6g8w,38.98046875
1783719532,mem_mib,pod=workload-cloud-6f545f89ff-w6g8w,38.98046875
1783719542,mem_mib,pod=workload-cloud-6f545f89ff-w6g8w,37.75
1783719552,mem_mib,pod=workload-cloud-6f545f89ff-w6g8w,37.5703125
1783719562,mem_mib,pod=workload-cloud-6f545f89ff-w6g8w,37.66015625
1783719572,mem_mib,pod=workload-cloud-6f545f89ff-w6g8w,37.66015625
1783719582,mem_mib,pod=workload-cloud-6f545f89ff-w6g8w,37.6640625
1783719592,mem_mib,pod=workload-cloud-6f545f89ff-w6g8w,37.7265625
1783719602,mem_mib,pod=workload-cloud-6f545f89ff-w6g8w,37.7265625
1783719612,mem_mib,pod=workload-cloud-6f545f89ff-w6g8w,37.8828125
1783719622,mem_mib,pod=workload-cloud-6f545f89ff-w6g8w,37.8828125
1783719632,mem_mib,pod=workload-cloud-6f545f89ff-w6g8w,37.08203125
1783719642,mem_mib,pod=workload-cloud-6f545f89ff-w6g8w,37.08203125
1783719652,mem_mib,pod=workload-cloud-6f545f89ff-w6g8w,36.9921875
1783719662,mem_mib,pod=workload-cloud-6f545f89ff-w6g8w,36.99609375
1783719672,mem_mib,pod=workload-cloud-6f545f89ff-w6g8w,36.99609375
1783719682,mem_mib,pod=workload-cloud-6f545f89ff-w6g8w,36.99609375
1783719692,mem_mib,pod=workload-cloud-6f545f89ff-w6g8w,37.00390625
1783719702,mem_mib,pod=workload-cloud-6f545f89ff-w6g8w,37.00390625
1783719712,mem_mib,pod=workload-cloud-6f545f89ff-w6g8w,36.99609375
1783719722,mem_mib,pod=workload-cloud-6f545f89ff-w6g8w,36.99609375
1783719732,mem_mib,pod=workload-cloud-6f545f89ff-w6g8w,36.99609375
1783719742,mem_mib,pod=workload-cloud-6f545f89ff-w6g8w,36.99609375
1783719752,mem_mib,pod=workload-cloud-6f545f89ff-w6g8w,37.0
1783719762,mem_mib,pod=workload-cloud-6f545f89ff-w6g8w,37.0
1783719772,mem_mib,pod=workload-cloud-6f545f89ff-w6g8w,37.0
1783719782,mem_mib,pod=workload-cloud-6f545f89ff-w6g8w,37.0
1783719792,mem_mib,pod=workload-cloud-6f545f89ff-w6g8w,37.0
1783719802,mem_mib,pod=workload-cloud-6f545f89ff-w6g8w,37.0
1783719812,mem_mib,pod=workload-cloud-6f545f89ff-w6g8w,36.99609375
1783719822,mem_mib,pod=workload-cloud-6f545f89ff-w6g8w,36.99609375
1783719832,mem_mib,pod=workload-cloud-6f545f89ff-w6g8w,36.99609375
1783719842,mem_mib,pod=workload-cloud-6f545f89ff-w6g8w,36.99609375
1783719852,mem_mib,pod=workload-cloud-6f545f89ff-w6g8w,36.99609375
1783719862,mem_mib,pod=workload-cloud-6f545f89ff-w6g8w,36.99609375
1783719872,mem_mib,pod=workload-cloud-6f545f89ff-w6g8w,36.99609375
1783719882,mem_mib,pod=workload-cloud-6f545f89ff-w6g8w,36.99609375
1783719892,mem_mib,pod=workload-cloud-6f545f89ff-w6g8w,36.99609375
1783719902,mem_mib,pod=workload-cloud-6f545f89ff-w6g8w,36.99609375
1783719912,mem_mib,pod=workload-cloud-6f545f89ff-w6g8w,37.0
1783719402,mem_mib,pod=workload-cloud-6f545f89ff-zg8ng,3.30859375
1783719412,mem_mib,pod=workload-cloud-6f545f89ff-zg8ng,3.30859375
1783719262,mem_mib,pod=workload-edge-7b875fd8c6-pxwvc,35.68359375
1783719272,mem_mib,pod=workload-edge-7b875fd8c6-pxwvc,35.6875
1783719282,mem_mib,pod=workload-edge-7b875fd8c6-pxwvc,35.6875
1783719292,mem_mib,pod=workload-edge-7b875fd8c6-pxwvc,35.6875
1783719302,mem_mib,pod=workload-edge-7b875fd8c6-pxwvc,35.6875
1783719312,mem_mib,pod=workload-edge-7b875fd8c6-pxwvc,35.69140625
1783719322,mem_mib,pod=workload-edge-7b875fd8c6-pxwvc,35.69140625
1783719332,mem_mib,pod=workload-edge-7b875fd8c6-pxwvc,35.69140625
1783719342,mem_mib,pod=workload-edge-7b875fd8c6-pxwvc,35.69140625
1783719352,mem_mib,pod=workload-edge-7b875fd8c6-pxwvc,35.69140625
1783719362,mem_mib,pod=workload-edge-7b875fd8c6-pxwvc,35.69921875
1783719372,mem_mib,pod=workload-edge-7b875fd8c6-pxwvc,35.69921875
1783719382,mem_mib,pod=workload-edge-7b875fd8c6-pxwvc,35.69921875
1783719392,mem_mib,pod=workload-edge-7b875fd8c6-pxwvc,35.69921875
1783719402,mem_mib,pod=workload-edge-7b875fd8c6-pxwvc,35.69921875
1783719412,mem_mib,pod=workload-edge-7b875fd8c6-pxwvc,35.70703125
1783719422,mem_mib,pod=workload-edge-7b875fd8c6-pxwvc,35.70703125
1783719432,mem_mib,pod=workload-edge-7b875fd8c6-pxwvc,35.70703125
1783719442,mem_mib,pod=workload-edge-7b875fd8c6-pxwvc,35.70703125
1783719452,mem_mib,pod=workload-edge-7b875fd8c6-pxwvc,35.70703125
1783719462,mem_mib,pod=workload-edge-7b875fd8c6-pxwvc,35.7109375
1783719472,mem_mib,pod=workload-edge-7b875fd8c6-pxwvc,35.7109375
1783719482,mem_mib,pod=workload-edge-7b875fd8c6-pxwvc,35.7109375
1783719492,mem_mib,pod=workload-edge-7b875fd8c6-pxwvc,35.7109375
1783719502,mem_mib,pod=workload-edge-7b875fd8c6-pxwvc,35.7109375
1783719512,mem_mib,pod=workload-edge-7b875fd8c6-pxwvc,35.72265625
1783719522,mem_mib,pod=workload-edge-7b875fd8c6-pxwvc,35.71875
1783719532,mem_mib,pod=workload-edge-7b875fd8c6-pxwvc,35.71875
1783719542,mem_mib,pod=workload-edge-7b875fd8c6-pxwvc,35.71875
1783719552,mem_mib,pod=workload-edge-7b875fd8c6-pxwvc,35.7265625
1783719562,mem_mib,pod=workload-edge-7b875fd8c6-pxwvc,35.7265625
1783719572,mem_mib,pod=workload-edge-7b875fd8c6-pxwvc,35.73046875
1783719582,mem_mib,pod=workload-edge-7b875fd8c6-pxwvc,35.73046875
1783719592,mem_mib,pod=workload-edge-7b875fd8c6-pxwvc,35.73046875
1783719602,mem_mib,pod=workload-edge-7b875fd8c6-pxwvc,35.73046875
1783719612,mem_mib,pod=workload-edge-7b875fd8c6-pxwvc,35.73046875
1783719622,mem_mib,pod=workload-edge-7b875fd8c6-pxwvc,35.73828125
1783719632,mem_mib,pod=workload-edge-7b875fd8c6-pxwvc,35.73828125
1783719642,mem_mib,pod=workload-edge-7b875fd8c6-pxwvc,35.73828125
1783719652,mem_mib,pod=workload-edge-7b875fd8c6-pxwvc,35.73828125
1783719662,mem_mib,pod=workload-edge-7b875fd8c6-pxwvc,35.73828125
1783719672,mem_mib,pod=workload-edge-7b875fd8c6-pxwvc,35.7421875
1783719682,mem_mib,pod=workload-edge-7b875fd8c6-pxwvc,35.7421875
1783719692,mem_mib,pod=workload-edge-7b875fd8c6-pxwvc,35.7421875
1783719702,mem_mib,pod=workload-edge-7b875fd8c6-pxwvc,35.7421875
1783719712,mem_mib,pod=workload-edge-7b875fd8c6-pxwvc,35.7421875
1783719722,mem_mib,pod=workload-edge-7b875fd8c6-pxwvc,35.7421875
1783719732,mem_mib,pod=workload-edge-7b875fd8c6-pxwvc,35.7421875
1783719742,mem_mib,pod=workload-edge-7b875fd8c6-pxwvc,35.7421875
1783719752,mem_mib,pod=workload-edge-7b875fd8c6-pxwvc,35.7421875
1783719762,mem_mib,pod=workload-edge-7b875fd8c6-pxwvc,35.7421875
1783719772,mem_mib,pod=workload-edge-7b875fd8c6-pxwvc,35.74609375
1783719782,mem_mib,pod=workload-edge-7b875fd8c6-pxwvc,35.7421875
1783719792,mem_mib,pod=workload-edge-7b875fd8c6-pxwvc,35.7421875
1783719802,mem_mib,pod=workload-edge-7b875fd8c6-pxwvc,35.7421875
1783719812,mem_mib,pod=workload-edge-7b875fd8c6-pxwvc,35.7421875
1783719822,mem_mib,pod=workload-edge-7b875fd8c6-pxwvc,35.7421875
1783719832,mem_mib,pod=workload-edge-7b875fd8c6-pxwvc,35.73828125
1783719842,mem_mib,pod=workload-edge-7b875fd8c6-pxwvc,35.7421875
1783719852,mem_mib,pod=workload-edge-7b875fd8c6-pxwvc,35.7421875
1783719862,mem_mib,pod=workload-edge-7b875fd8c6-pxwvc,35.7421875
1783719872,mem_mib,pod=workload-edge-7b875fd8c6-pxwvc,35.7421875
1783719882,mem_mib,pod=workload-edge-7b875fd8c6-pxwvc,35.7421875
1783719892,mem_mib,pod=workload-edge-7b875fd8c6-pxwvc,35.7421875
1783719902,mem_mib,pod=workload-edge-7b875fd8c6-pxwvc,35.7421875
1783719912,mem_mib,pod=workload-edge-7b875fd8c6-pxwvc,35.7421875
1783719262,rps,tier=cloud,0.0
1783719272,rps,tier=cloud,1.6400256005120104
1783719282,rps,tier=cloud,7.320292811712468
1783719292,rps,tier=cloud,16.980339606792143
1783719302,rps,tier=cloud,30.601299267219822
1783719312,rps,tier=cloud,48.32246213023912
1783719322,rps,tier=cloud,68.40337377320922
1783719332,rps,tier=cloud,87.70092121842437
1783719342,rps,tier=cloud,106.20969000071565
1783719352,rps,tier=cloud,127.62708176813045
1783719362,rps,tier=cloud,146.5975836505992
1783719372,rps,tier=cloud,161.95308493033448
1783719382,rps,tier=cloud,182.8109663575112
1783719392,rps,tier=cloud,205.599169248919
1783719402,rps,tier=cloud,224.2195959284086
1783719412,rps,tier=cloud,241.5137036750592
1783719422,rps,tier=cloud,261.9906045173837
1783719432,rps,tier=cloud,284.86907911685176
1783719442,rps,tier=cloud,302.5084570884106
1783719452,rps,tier=cloud,324.45401478677474
1783719462,rps,tier=cloud,432.90227386876865
1783719472,rps,tier=cloud,620.4039228218153
1783719482,rps,tier=cloud,856.1464681760957
1783719492,rps,tier=cloud,1108.6076898964798
1783719502,rps,tier=cloud,1353.7435446468967
1783719512,rps,tier=cloud,1553.4800683488688
1783719522,rps,tier=cloud,1666.6442940497343
1783719532,rps,tier=cloud,1691.6184683784368
1783719542,rps,tier=cloud,1691.3107406624044
1783719552,rps,tier=cloud,1692.3236578395697
1783719562,rps,tier=cloud,1688.7875816072342
1783719572,rps,tier=cloud,1690.5739949820802
1783719582,rps,tier=cloud,1691.3020381702784
1783719592,rps,tier=cloud,1687.8543917736679
1783719602,rps,tier=cloud,1680.8971339542218
1783719612,rps,tier=cloud,1615.5635408186502
1783719622,rps,tier=cloud,1462.48205991399
1783719632,rps,tier=cloud,1227.5674548756178
1783719642,rps,tier=cloud,968.6874376723453
1783719652,rps,tier=cloud,714.0464191535045
1783719662,rps,tier=cloud,517.2496982066951
1783719672,rps,tier=cloud,403.8210615134036
1783719682,rps,tier=cloud,372.8478090585988
1783719692,rps,tier=cloud,371.7318188270242
1783719702,rps,tier=cloud,371.01180616389865
1783719712,rps,tier=cloud,370.5338602983883
1783719722,rps,tier=cloud,372.26946412143883
1783719732,rps,tier=cloud,374.3492082987136
1783719742,rps,tier=cloud,374.511688969332
1783719752,rps,tier=cloud,374.7536542721894
1783719762,rps,tier=cloud,376.420352484501
1783719772,rps,tier=cloud,376.45720992235505
1783719782,rps,tier=cloud,374.6244533804726
1783719792,rps,tier=cloud,374.3786519193171
1783719802,rps,tier=cloud,374.0351562294792
1783719812,rps,tier=cloud,372.0062694279878
1783719822,rps,tier=cloud,351.29122190022736
1783719832,rps,tier=cloud,305.02408589370964
1783719842,rps,tier=cloud,236.78589056400514
1783719852,rps,tier=cloud,162.76373890077153
1783719862,rps,tier=cloud,88.98371016439971
1783719872,rps,tier=cloud,34.16093282864097
1783719882,rps,tier=cloud,6.10024400976039
1783719892,rps,tier=cloud,0.0
1783719902,rps,tier=cloud,0.0
1783719912,rps,tier=cloud,0.0
1783719272,lat50_ms,tier=cloud,1.683333419194443
1783719282,lat50_ms,tier=cloud,2.4700460829493083
1783719292,lat50_ms,tier=cloud,2.891822827938671
1783719302,lat50_ms,tier=cloud,2.895186151635941
1783719312,lat50_ms,tier=cloud,2.7521998472332334
1783719322,lat50_ms,tier=cloud,2.9009432082863458
1783719332,lat50_ms,tier=cloud,3.2811829763221922
1783719342,lat50_ms,tier=cloud,3.458256815265914
1783719352,lat50_ms,tier=cloud,3.293884319594116
1783719362,lat50_ms,tier=cloud,3.1840032595806704
1783719372,lat50_ms,tier=cloud,3.2963552869064414
1783719382,lat50_ms,tier=cloud,3.3353964599140844
1783719392,lat50_ms,tier=cloud,3.1163144651242156
1783719402,lat50_ms,tier=cloud,3.22918894301234
1783719412,lat50_ms,tier=cloud,3.399154577840153
1783719422,lat50_ms,tier=cloud,3.64122754189059
1783719432,lat50_ms,tier=cloud,3.5672560657211267
1783719442,lat50_ms,tier=cloud,3.4847286948765266
1783719452,lat50_ms,tier=cloud,3.3661206294233326
1783719462,lat50_ms,tier=cloud,3.3782450289154102
1783719472,lat50_ms,tier=cloud,4.140850592561136
1783719482,lat50_ms,tier=cloud,5.88483400368292
1783719492,lat50_ms,tier=cloud,8.595848235760672
1783719502,lat50_ms,tier=cloud,10.821649885673208
1783719512,lat50_ms,tier=cloud,11.793027595298884
1783719522,lat50_ms,tier=cloud,12.441663167421531
1783719532,lat50_ms,tier=cloud,12.97039238124872
1783719542,lat50_ms,tier=cloud,13.446343010357625
1783719552,lat50_ms,tier=cloud,13.87053240201044
1783719562,lat50_ms,tier=cloud,14.207109626325966
1783719572,lat50_ms,tier=cloud,14.554078329183175
1783719582,lat50_ms,tier=cloud,14.81454327731262
1783719592,lat50_ms,tier=cloud,14.891640864864275
1783719602,lat50_ms,tier=cloud,14.920509489948861
1783719612,lat50_ms,tier=cloud,14.663589008467032
1783719622,lat50_ms,tier=cloud,14.272939147010984
1783719632,lat50_ms,tier=cloud,13.964105359421687
1783719642,lat50_ms,tier=cloud,13.632199850484186
1783719652,lat50_ms,tier=cloud,13.2017182684077
1783719662,lat50_ms,tier=cloud,12.616454072896822
1783719672,lat50_ms,tier=cloud,12.021745208148555
1783719682,lat50_ms,tier=cloud,11.204256633400167
1783719692,lat50_ms,tier=cloud,9.958914729855914
1783719702,lat50_ms,tier=cloud,7.607807482574523
1783719712,lat50_ms,tier=cloud,4.984405790560151
1783719722,lat50_ms,tier=cloud,4.174008753007762
1783719732,lat50_ms,tier=cloud,3.851532393182196
1783719742,lat50_ms,tier=cloud,3.803983465507168
1783719752,lat50_ms,tier=cloud,3.872517825060688
1783719762,lat50_ms,tier=cloud,3.8306563609203033
1783719772,lat50_ms,tier=cloud,3.8135145755350375
1783719782,lat50_ms,tier=cloud,3.836217135357307
1783719792,lat50_ms,tier=cloud,3.860484094612593
1783719802,lat50_ms,tier=cloud,3.8645119140132835
1783719812,lat50_ms,tier=cloud,3.85217128179053
1783719822,lat50_ms,tier=cloud,3.856197875425713
1783719832,lat50_ms,tier=cloud,3.950846297664251
1783719842,lat50_ms,tier=cloud,4.0478158323857
1783719852,lat50_ms,tier=cloud,4.070304433957688
1783719862,lat50_ms,tier=cloud,4.068508986997266
1783719872,lat50_ms,tier=cloud,4.238859004884507
1783719882,lat50_ms,tier=cloud,4.378545209411618
1783719892,lat50_ms,tier=cloud,4.315380303222174
1783719902,lat50_ms,tier=cloud,4.25033542112923
1783719912,lat50_ms,tier=cloud,4.24322073423437
1783719272,lat95_ms,tier=cloud,4.440909282499906
1783719282,lat95_ms,tier=cloud,4.747004608294931
1783719292,lat95_ms,tier=cloud,4.844378194207835
1783719302,lat95_ms,tier=cloud,6.490822060683596
1783719312,lat95_ms,tier=cloud,6.752689941235679
1783719322,lat95_ms,tier=cloud,7.8915660895433515
1783719332,lat95_ms,tier=cloud,9.594388074946256
1783719342,lat95_ms,tier=cloud,9.715571679999444
1783719352,lat95_ms,tier=cloud,9.584271752569258
1783719362,lat95_ms,tier=cloud,9.632359025496786
1783719372,lat95_ms,tier=cloud,10.295397003178152
1783719382,lat95_ms,tier=cloud,13.700633454070562
1783719392,lat95_ms,tier=cloud,12.829881910504058
1783719402,lat95_ms,tier=cloud,14.775904407565672
1783719412,lat95_ms,tier=cloud,16.149442224332283
1783719422,lat95_ms,tier=cloud,16.744569659872035
1783719432,lat95_ms,tier=cloud,16.705793223350007
1783719442,lat95_ms,tier=cloud,16.599046297188945
1783719452,lat95_ms,tier=cloud,16.413591094244282
1783719462,lat95_ms,tier=cloud,17.048460505338397
1783719472,lat95_ms,tier=cloud,19.041388174936493
1783719482,lat95_ms,tier=cloud,34.56524347367632
1783719492,lat95_ms,tier=cloud,39.37342146117712
1783719502,lat95_ms,tier=cloud,41.55527629552558
1783719512,lat95_ms,tier=cloud,42.10657840536891
1783719522,lat95_ms,tier=cloud,42.69232511980195
1783719532,lat95_ms,tier=cloud,42.98195558300676
1783719542,lat95_ms,tier=cloud,43.31944618754386
1783719552,lat95_ms,tier=cloud,43.74204107162673
1783719562,lat95_ms,tier=cloud,43.98711060598363
1783719572,lat95_ms,tier=cloud,44.17713637558205
1783719582,lat95_ms,tier=cloud,44.38796989251995
1783719592,lat95_ms,tier=cloud,44.480262085025856
1783719602,lat95_ms,tier=cloud,44.489576078845076
1783719612,lat95_ms,tier=cloud,44.16728203257038
1783719622,lat95_ms,tier=cloud,43.941626722112105
1783719632,lat95_ms,tier=cloud,43.70481246399895
1783719642,lat95_ms,tier=cloud,43.56314317257169
1783719652,lat95_ms,tier=cloud,43.27866395956162
1783719662,lat95_ms,tier=cloud,42.6338939860018
1783719672,lat95_ms,tier=cloud,41.88181005210119
1783719682,lat95_ms,tier=cloud,41.063963299491355
1783719692,lat95_ms,tier=cloud,39.63981740880653
1783719702,lat95_ms,tier=cloud,33.557593859903555
1783719712,lat95_ms,tier=cloud,19.38049822153675
1783719722,lat95_ms,tier=cloud,17.95530645338909
1783719732,lat95_ms,tier=cloud,17.526454582965727
1783719742,lat95_ms,tier=cloud,17.382570452460087
1783719752,lat95_ms,tier=cloud,17.423479383150752
1783719762,lat95_ms,tier=cloud,17.282068851135556
1783719772,lat95_ms,tier=cloud,17.044645715284172
1783719782,lat95_ms,tier=cloud,16.678475952933184
1783719792,lat95_ms,tier=cloud,16.635843333557737
1783719802,lat95_ms,tier=cloud,16.790304415984593
1783719812,lat95_ms,tier=cloud,16.523054565785134
1783719822,lat95_ms,tier=cloud,16.174677166266864
1783719832,lat95_ms,tier=cloud,16.404048967281746
1783719842,lat95_ms,tier=cloud,16.69759960604353
1783719852,lat95_ms,tier=cloud,16.580823054572114
1783719862,lat95_ms,tier=cloud,16.387803346338803
1783719872,lat95_ms,tier=cloud,16.717984316103536
1783719882,lat95_ms,tier=cloud,17.169198882039602
1783719892,lat95_ms,tier=cloud,17.31971149066269
1783719902,lat95_ms,tier=cloud,17.130143312927515
1783719912,lat95_ms,tier=cloud,16.45140944885453
1783719272,lat99_ms,tier=cloud,4.888181856499982
1783719282,lat99_ms,tier=cloud,4.949400921658986
1783719292,lat99_ms,tier=cloud,6.462499999999935
1783719302,lat99_ms,tier=cloud,9.298164412136723
1783719312,lat99_ms,tier=cloud,9.350537988247138
1783719322,lat99_ms,tier=cloud,9.57831321790867
1783719332,lat99_ms,tier=cloud,17.49936705142595
1783719342,lat99_ms,tier=cloud,17.50286262950541
1783719352,lat99_ms,tier=cloud,16.97185976125136
1783719362,lat99_ms,tier=cloud,17.205900147871155
1783719372,lat99_ms,tier=cloud,18.16700520164743
1783719382,lat99_ms,tier=cloud,18.79862760343245
1783719392,lat99_ms,tier=cloud,18.623222938392267
1783719402,lat99_ms,tier=cloud,19.015293156177602
1783719412,lat99_ms,tier=cloud,19.285210147692208
1783719422,lat99_ms,tier=cloud,19.420451641062204
1783719432,lat99_ms,tier=cloud,19.40718671904017
1783719442,lat99_ms,tier=cloud,19.378359493413857
1783719452,lat99_ms,tier=cloud,19.351828421893515
1783719462,lat99_ms,tier=cloud,19.621450136304265
1783719472,lat99_ms,tier=cloud,39.309397567189485
1783719482,lat99_ms,tier=cloud,46.91304869473529
1783719492,lat99_ms,tier=cloud,47.87468429223543
1783719502,lat99_ms,tier=cloud,48.31105525910513
1783719512,lat99_ms,tier=cloud,48.42131568107378
1783719522,lat99_ms,tier=cloud,48.5384650239604
1783719532,lat99_ms,tier=cloud,48.59639111660134
1783719542,lat99_ms,tier=cloud,48.663889237508776
1783719552,lat99_ms,tier=cloud,48.748408214325345
1783719562,lat99_ms,tier=cloud,48.797422121196725
1783719572,lat99_ms,tier=cloud,48.835427275116416
1783719582,lat99_ms,tier=cloud,48.877593978503995
1783719592,lat99_ms,tier=cloud,48.89605241700517
1783719602,lat99_ms,tier=cloud,48.89791521576902
1783719612,lat99_ms,tier=cloud,48.83345640651408
1783719622,lat99_ms,tier=cloud,48.78832534442242
1783719632,lat99_ms,tier=cloud,48.7409624927998
1783719642,lat99_ms,tier=cloud,48.71262863451435
1783719652,lat99_ms,tier=cloud,48.65573279191233
1783719662,lat99_ms,tier=cloud,48.52677879720036
1783719672,lat99_ms,tier=cloud,48.37636201042024
1783719682,lat99_ms,tier=cloud,48.21279265989828
1783719692,lat99_ms,tier=cloud,47.92796348176132
1783719702,lat99_ms,tier=cloud,46.71151877198072
1783719712,lat99_ms,tier=cloud,40.49870061890876
1783719722,lat99_ms,tier=cloud,19.773806291790272
1783719732,lat99_ms,tier=cloud,19.603767277083726
1783719742,lat99_ms,tier=cloud,19.565780827897495
1783719752,lat99_ms,tier=cloud,19.57050359429662
1783719762,lat99_ms,tier=cloud,19.546834169611525
1783719772,lat99_ms,tier=cloud,19.497195109644835
1783719782,lat99_ms,tier=cloud,19.412771633276048
1783719792,lat99_ms,tier=cloud,19.407976747519623
1783719802,lat99_ms,tier=cloud,19.42859631121871
1783719812,lat99_ms,tier=cloud,19.373922990786554
1783719822,lat99_ms,tier=cloud,19.293964604126593
1783719832,lat99_ms,tier=cloud,19.34939903692981
1783719842,lat99_ms,tier=cloud,19.401021990549026
1783719852,lat99_ms,tier=cloud,19.378421410472097
1783719862,lat99_ms,tier=cloud,19.343639964421946
1783719872,lat99_ms,tier=cloud,19.413772301817197
1783719882,lat99_ms,tier=cloud,19.506611156410035
1783719892,lat99_ms,tier=cloud,19.549963784168156
1783719902,lat99_ms,tier=cloud,19.51442652025005
1783719912,lat99_ms,tier=cloud,19.413582072615178
1783719262,inflight,tier=cloud,0.0
1783719272,inflight,tier=cloud,0.0
1783719282,inflight,tier=cloud,0.0
1783719292,inflight,tier=cloud,0.0
1783719302,inflight,tier=cloud,0.0
1783719312,inflight,tier=cloud,0.0
1783719322,inflight,tier=cloud,2.0
1783719332,inflight,tier=cloud,0.0
1783719342,inflight,tier=cloud,0.0
1783719352,inflight,tier=cloud,0.0
1783719362,inflight,tier=cloud,0.0
1783719372,inflight,tier=cloud,0.0
1783719382,inflight,tier=cloud,0.0
1783719392,inflight,tier=cloud,0.0
1783719402,inflight,tier=cloud,0.0
1783719412,inflight,tier=cloud,0.0
1783719422,inflight,tier=cloud,0.0
1783719432,inflight,tier=cloud,0.0
1783719442,inflight,tier=cloud,0.0
1783719452,inflight,tier=cloud,0.0
1783719462,inflight,tier=cloud,0.0
1783719472,inflight,tier=cloud,1.0
1783719482,inflight,tier=cloud,8.0
1783719492,inflight,tier=cloud,7.0
1783719502,inflight,tier=cloud,6.0
1783719512,inflight,tier=cloud,4.0
1783719522,inflight,tier=cloud,23.0
1783719532,inflight,tier=cloud,17.0
1783719542,inflight,tier=cloud,17.0
1783719552,inflight,tier=cloud,17.0
1783719562,inflight,tier=cloud,3.0
1783719572,inflight,tier=cloud,7.0
1783719582,inflight,tier=cloud,6.0
1783719592,inflight,tier=cloud,4.0
1783719602,inflight,tier=cloud,0.0
1783719612,inflight,tier=cloud,0.0
1783719622,inflight,tier=cloud,0.0
1783719632,inflight,tier=cloud,0.0
1783719642,inflight,tier=cloud,6.0
1783719652,inflight,tier=cloud,0.0
1783719662,inflight,tier=cloud,0.0
1783719672,inflight,tier=cloud,0.0
1783719682,inflight,tier=cloud,2.0
1783719692,inflight,tier=cloud,0.0
1783719702,inflight,tier=cloud,4.0
1783719712,inflight,tier=cloud,0.0
1783719722,inflight,tier=cloud,0.0
1783719732,inflight,tier=cloud,0.0
1783719742,inflight,tier=cloud,0.0
1783719752,inflight,tier=cloud,0.0
1783719762,inflight,tier=cloud,0.0
1783719772,inflight,tier=cloud,0.0
1783719782,inflight,tier=cloud,0.0
1783719792,inflight,tier=cloud,0.0
1783719802,inflight,tier=cloud,0.0
1783719812,inflight,tier=cloud,0.0
1783719822,inflight,tier=cloud,0.0
1783719832,inflight,tier=cloud,0.0
1783719842,inflight,tier=cloud,0.0
1783719852,inflight,tier=cloud,0.0
1783719862,inflight,tier=cloud,0.0
1783719872,inflight,tier=cloud,0.0
1783719882,inflight,tier=cloud,0.0
1783719892,inflight,tier=cloud,0.0
1783719902,inflight,tier=cloud,0.0
1783719912,inflight,tier=cloud,0.0
1783719262,inflight,tier=edge,0.0
1783719272,inflight,tier=edge,0.0
1783719282,inflight,tier=edge,0.0
1783719292,inflight,tier=edge,0.0
1783719302,inflight,tier=edge,0.0
1783719312,inflight,tier=edge,0.0
1783719322,inflight,tier=edge,0.0
1783719332,inflight,tier=edge,0.0
1783719342,inflight,tier=edge,0.0
1783719352,inflight,tier=edge,0.0
1783719362,inflight,tier=edge,0.0
1783719372,inflight,tier=edge,0.0
1783719382,inflight,tier=edge,0.0
1783719392,inflight,tier=edge,0.0
1783719402,inflight,tier=edge,0.0
1783719412,inflight,tier=edge,0.0
1783719422,inflight,tier=edge,0.0
1783719432,inflight,tier=edge,0.0
1783719442,inflight,tier=edge,0.0
1783719452,inflight,tier=edge,0.0
1783719462,inflight,tier=edge,0.0
1783719472,inflight,tier=edge,0.0
1783719482,inflight,tier=edge,0.0
1783719492,inflight,tier=edge,0.0
1783719502,inflight,tier=edge,0.0
1783719512,inflight,tier=edge,0.0
1783719522,inflight,tier=edge,0.0
1783719532,inflight,tier=edge,0.0
1783719542,inflight,tier=edge,0.0
1783719552,inflight,tier=edge,0.0
1783719562,inflight,tier=edge,0.0
1783719572,inflight,tier=edge,0.0
1783719582,inflight,tier=edge,0.0
1783719592,inflight,tier=edge,0.0
1783719602,inflight,tier=edge,0.0
1783719612,inflight,tier=edge,0.0
1783719622,inflight,tier=edge,0.0
1783719632,inflight,tier=edge,0.0
1783719642,inflight,tier=edge,0.0
1783719652,inflight,tier=edge,0.0
1783719662,inflight,tier=edge,0.0
1783719672,inflight,tier=edge,0.0
1783719682,inflight,tier=edge,0.0
1783719692,inflight,tier=edge,0.0
1783719702,inflight,tier=edge,0.0
1783719712,inflight,tier=edge,0.0
1783719722,inflight,tier=edge,0.0
1783719732,inflight,tier=edge,0.0
1783719742,inflight,tier=edge,0.0
1783719752,inflight,tier=edge,0.0
1783719762,inflight,tier=edge,0.0
1783719772,inflight,tier=edge,0.0
1783719782,inflight,tier=edge,0.0
1783719792,inflight,tier=edge,0.0
1783719802,inflight,tier=edge,0.0
1783719812,inflight,tier=edge,0.0
1783719822,inflight,tier=edge,0.0
1783719832,inflight,tier=edge,0.0
1783719842,inflight,tier=edge,0.0
1783719852,inflight,tier=edge,0.0
1783719862,inflight,tier=edge,0.0
1783719872,inflight,tier=edge,0.0
1783719882,inflight,tier=edge,0.0
1783719892,inflight,tier=edge,0.0
1783719902,inflight,tier=edge,0.0
1783719912,inflight,tier=edge,0.0
