ts,metric,labels,value
1783724416,replicas_status,deployment=workload-cloud,1.0
1783724426,replicas_status,deployment=workload-cloud,1.0
1783724436,replicas_status,deployment=workload-cloud,1.0
1783724446,replicas_status,deployment=workload-cloud,1.0
1783724456,replicas_status,deployment=workload-cloud,1.0
1783724466,replicas_status,deployment=workload-cloud,1.0
1783724476,replicas_status,deployment=workload-cloud,1.0
1783724486,replicas_status,deployment=workload-cloud,1.0
1783724496,replicas_status,deployment=workload-cloud,1.0
1783724506,replicas_status,deployment=workload-cloud,2.0
1783724516,replicas_status,deployment=workload-cloud,2.0
1783724526,replicas_status,deployment=workload-cloud,2.0
1783724536,replicas_status,deployment=workload-cloud,2.0
1783724546,replicas_status,deployment=workload-cloud,2.0
1783724556,replicas_status,deployment=workload-cloud,2.0
1783724566,replicas_status,deployment=workload-cloud,3.0
1783724576,replicas_status,deployment=workload-cloud,3.0
1783724586,replicas_status,deployment=workload-cloud,3.0
1783724596,replicas_status,deployment=workload-cloud,3.0
1783724606,replicas_status,deployment=workload-cloud,3.0
1783724616,replicas_status,deployment=workload-cloud,4.0
1783724626,replicas_status,deployment=workload-cloud,4.0
1783724636,replicas_status,deployment=workload-cloud,4.0
1783724646,replicas_status,deployment=workload-cloud,6.0
1783724656,replicas_status,deployment=workload-cloud,6.0
1783724666,replicas_status,deployment=workload-cloud,6.0
1783724676,replicas_status,deployment=workload-cloud,6.0
1783724686,replicas_status,deployment=workload-cloud,6.0
1783724696,replicas_status,deployment=workload-cloud,6.0
1783724706,replicas_status,deployment=workload-cloud,6.0
1783724716,replicas_status,deployment=workload-cloud,6.0
1783724726,replicas_status,deployment=workload-cloud,6.0
1783724736,replicas_status,deployment=workload-cloud,6.0
1783724746,replicas_status,deployment=workload-cloud,6.0
1783724756,replicas_status,deployment=workload-cloud,6.0
1783724766,replicas_status,deployment=workload-cloud,6.0
1783724776,replicas_status,deployment=workload-cloud,6.0
1783724786,replicas_status,deployment=workload-cloud,6.0
1783724796,replicas_status,deployment=workload-cloud,6.0
1783724806,replicas_status,deployment=workload-cloud,6.0
1783724816,replicas_status,deployment=workload-cloud,6.0
1783724826,replicas_status,deployment=workload-cloud,6.0
1783724836,replicas_status,deployment=workload-cloud,6.0
1783724846,replicas_status,deployment=workload-cloud,6.0
1783724856,replicas_status,deployment=workload-cloud,6.0
1783724866,replicas_status,deployment=workload-cloud,6.0
1783724876,replicas_status,deployment=workload-cloud,6.0
1783724886,replicas_status,deployment=workload-cloud,6.0
1783724896,replicas_status,deployment=workload-cloud,6.0
1783724906,replicas_status,deployment=workload-cloud,6.0
1783724916,replicas_status,deployment=workload-cloud,6.0
1783724926,replicas_status,deployment=workload-cloud,6.0
1783724936,replicas_status,deployment=workload-cloud,6.0
1783724946,replicas_status,deployment=workload-cloud,6.0
1783724956,replicas_status,deployment=workload-cloud,6.0
1783724966,replicas_status,deployment=workload-cloud,6.0
1783724976,replicas_status,deployment=workload-cloud,6.0
1783724986,replicas_status,deployment=workload-cloud,6.0
1783724996,replicas_status,deployment=workload-cloud,6.0
1783725006,replicas_status,deployment=workload-cloud,6.0
1783725016,replicas_status,deployment=workload-cloud,6.0
1783725026,replicas_status,deployment=workload-cloud,6.0
1783725036,replicas_status,deployment=workload-cloud,6.0
1783725046,replicas_status,deployment=workload-cloud,6.0
1783725056,replicas_status,deployment=workload-cloud,5.0
1783724416,replicas_status,deployment=workload-edge,1.0
1783724426,replicas_status,deployment=workload-edge,1.0
1783724436,replicas_status,deployment=workload-edge,1.0
1783724446,replicas_status,deployment=workload-edge,1.0
1783724456,replicas_status,deployment=workload-edge,1.0
1783724466,replicas_status,deployment=workload-edge,1.0
1783724476,replicas_status,deployment=workload-edge,1.0
1783724486,replicas_status,deployment=workload-edge,1.0
1783724496,replicas_status,deployment=workload-edge,1.0
1783724506,replicas_status,deployment=workload-edge,1.0
1783724516,replicas_status,deployment=workload-edge,1.0
1783724526,replicas_status,deployment=workload-edge,1.0
1783724536,replicas_status,deployment=workload-edge,1.0
1783724546,replicas_status,deployment=workload-edge,1.0
1783724556,replicas_status,deployment=workload-edge,1.0
1783724566,replicas_status,deployment=workload-edge,1.0
1783724576,replicas_status,deployment=workload-edge,1.0
1783724586,replicas_status,deployment=workload-edge,1.0
1783724596,replicas_status,deployment=workload-edge,1.0
1783724606,replicas_status,deployment=workload-edge,1.0
1783724616,replicas_status,deployment=workload-edge,1.0
1783724626,replicas_status,deployment=workload-edge,1.0
1783724636,replicas_status,deployment=workload-edge,1.0
1783724646,replicas_status,deployment=workload-edge,1.0
1783724656,replicas_status,deployment=workload-edge,1.0
1783724666,replicas_status,deployment=workload-edge,1.0
1783724676,replicas_status,deployment=workload-edge,1.0
1783724686,replicas_status,deployment=workload-edge,1.0
1783724696,replicas_status,deployment=workload-edge,1.0
1783724706,replicas_status,deployment=workload-edge,1.0
1783724716,replicas_status,deployment=workload-edge,1.0
1783724726,replicas_status,deployment=workload-edge,1.0
1783724736,replicas_status,deployment=workload-edge,1.0
1783724746,replicas_status,deployment=workload-edge,1.0
1783724756,replicas_status,deployment=workload-edge,1.0
1783724766,replicas_status,deployment=workload-edge,1.0
1783724776,replicas_status,deployment=workload-edge,1.0
1783724786,replicas_status,deployment=workload-edge,1.0
1783724796,replicas_status,deployment=workload-edge,1.0
1783724806,replicas_status,deployment=workload-edge,1.0
1783724816,replicas_status,deployment=workload-edge,1.0
1783724826,replicas_status,deployment=workload-edge,1.0
1783724836,replicas_status,deployment=workload-edge,1.0
1783724846,replicas_status,deployment=workload-edge,1.0
1783724856,replicas_status,deployment=workload-edge,1.0
1783724866,replicas_status,deployment=workload-edge,1.0
1783724876,replicas_status,deployment=workload-edge,1.0
1783724886,replicas_status,deployment=workload-edge,1.0
1783724896,replicas_status,deployment=workload-edge,1.0
1783724906,replicas_status,deployment=workload-edge,1.0
1783724916,replicas_status,deployment=workload-edge,1.0
1783724926,replicas_status,deployment=workload-edge,1.0
1783724936,replicas_status,deployment=workload-edge,1.0
1783724946,replicas_status,deployment=workload-edge,1.0
1783724956,replicas_status,deployment=workload-edge,1.0
1783724966,replicas_status,deployment=workload-edge,1.0
1783724976,replicas_status,deployment=workload-edge,1.0
1783724986,replicas_status,deployment=workload-edge,1.0
1783724996,replicas_status,deployment=workload-edge,1.0
1783725006,replicas_status,deployment=workload-edge,1.0
1783725016,replicas_status,deployment=workload-edge,1.0
1783725026,replicas_status,deployment=workload-edge,1.0
1783725036,replicas_status,deployment=workload-edge,1.0
1783725046,replicas_status,deployment=workload-edge,1.0
1783725056,replicas_status,deployment=workload-edge,1.0
1783724416,replicas_spec,deployment=workload-cloud,1.0
1783724426,replicas_spec,deployment=workload-cloud,1.0
1783724436,replicas_spec,deployment=workload-cloud,1.0
1783724446,replicas_spec,deployment=workload-cloud,1.0
1783724456,replicas_spec,deployment=workload-cloud,1.0
1783724466,replicas_spec,deployment=workload-cloud,1.0
1783724476,replicas_spec,deployment=workload-cloud,1.0
1783724486,replicas_spec,deployment=workload-cloud,1.0
1783724496,replicas_spec,deployment=workload-cloud,1.0
1783724506,replicas_spec,deployment=workload-cloud,2.0
1783724516,replicas_spec,deployment=workload-cloud,2.0
1783724526,replicas_spec,deployment=workload-cloud,2.0
1783724536,replicas_spec,deployment=workload-cloud,2.0
1783724546,replicas_spec,deployment=workload-cloud,2.0
1783724556,replicas_spec,deployment=workload-cloud,2.0
1783724566,replicas_spec,deployment=workload-cloud,3.0
1783724576,replicas_spec,deployment=workload-cloud,3.0
1783724586,replicas_spec,deployment=workload-cloud,3.0
1783724596,replicas_spec,deployment=workload-cloud,3.0
1783724606,replicas_spec,deployment=workload-cloud,3.0
1783724616,replicas_spec,deployment=workload-cloud,4.0
1783724626,replicas_spec,deployment=workload-cloud,4.0
1783724636,replicas_spec,deployment=workload-cloud,4.0
1783724646,replicas_spec,deployment=workload-cloud,6.0
1783724656,replicas_spec,deployment=workload-cloud,6.0
1783724666,replicas_spec,deployment=workload-cloud,6.0
1783724676,replicas_spec,deployment=workload-cloud,6.0
1783724686,replicas_spec,deployment=workload-cloud,6.0
1783724696,replicas_spec,deployment=workload-cloud,6.0
1783724706,replicas_spec,deployment=workload-cloud,6.0
1783724716,replicas_spec,deployment=workload-cloud,6.0
1783724726,replicas_spec,deployment=workload-cloud,6.0
1783724736,replicas_spec,deployment=workload-cloud,6.0
1783724746,replicas_spec,deployment=workload-cloud,6.0
1783724756,replicas_spec,deployment=workload-cloud,6.0
1783724766,replicas_spec,deployment=workload-cloud,6.0
1783724776,replicas_spec,deployment=workload-cloud,6.0
1783724786,replicas_spec,deployment=workload-cloud,6.0
1783724796,replicas_spec,deployment=workload-cloud,6.0
1783724806,replicas_spec,deployment=workload-cloud,6.0
1783724816,replicas_spec,deployment=workload-cloud,6.0
1783724826,replicas_spec,deployment=workload-cloud,6.0
1783724836,replicas_spec,deployment=workload-cloud,6.0
1783724846,replicas_spec,deployment=workload-cloud,6.0
1783724856,replicas_spec,deployment=workload-cloud,6.0
1783724866,replicas_spec,deployment=workload-cloud,6.0
1783724876,replicas_spec,deployment=workload-cloud,6.0
1783724886,replicas_spec,deployment=workload-cloud,6.0
1783724896,replicas_spec,deployment=workload-cloud,6.0
1783724906,replicas_spec,deployment=workload-cloud,6.0
1783724916,replicas_spec,deployment=workload-cloud,6.0
1783724926,replicas_spec,deployment=workload-cloud,6.0
1783724936,replicas_spec,deployment=workload-cloud,6.0
1783724946,replicas_spec,deployment=workload-cloud,6.0
1783724956,replicas_spec,deployment=workload-cloud,6.0
1783724966,replicas_spec,deployment=workload-cloud,6.0
1783724976,replicas_spec,deployment=workload-cloud,6.0
1783724986,replicas_spec,deployment=workload-cloud,6.0
1783724996,replicas_spec,deployment=workload-cloud,6.0
1783725006,replicas_spec,deployment=workload-cloud,6.0
1783725016,replicas_spec,deployment=workload-cloud,6.0
1783725026,replicas_spec,deployment=workload-cloud,6.0
1783725036,replicas_spec,deployment=workload-cloud,6.0
1783725046,replicas_spec,deployment=workload-cloud,6.0
1783725056,replicas_spec,deployment=workload-cloud,5.0
1783724416,replicas_spec,deployment=workload-edge,1.0
1783724426,replicas_spec,deployment=workload-edge,1.0
1783724436,replicas_spec,deployment=workload-edge,1.0
1783724446,replicas_spec,deployment=workload-edge,1.0
1783724456,replicas_spec,deployment=workload-edge,1.0
1783724466,replicas_spec,deployment=workload-edge,1.0
1783724476,replicas_spec,deployment=workload-edge,1.0
1783724486,replicas_spec,deployment=workload-edge,1.0
1783724496,replicas_spec,deployment=workload-edge,1.0
1783724506,replicas_spec,deployment=workload-edge,1.0
1783724516,replicas_spec,deployment=workload-edge,1.0
1783724526,replicas_spec,deployment=workload-edge,1.0
1783724536,replicas_spec,deployment=workload-edge,1.0
1783724546,replicas_spec,deployment=workload-edge,1.0
1783724556,replicas_spec,deployment=workload-edge,1.0
1783724566,replicas_spec,deployment=workload-edge,1.0
1783724576,replicas_spec,deployment=workload-edge,1.0
1783724586,replicas_spec,deployment=workload-edge,1.0
1783724596,replicas_spec,deployment=workload-edge,1.0
1783724606,replicas_spec,deployment=workload-edge,1.0
1783724616,replicas_spec,deployment=workload-edge,1.0
1783724626,replicas_spec,deployment=workload-edge,1.0
1783724636,replicas_spec,deployment=workload-edge,1.0
1783724646,replicas_spec,deployment=workload-edge,1.0
1783724656,replicas_spec,deployment=workload-edge,1.0
1783724666,replicas_spec,deployment=workload-edge,1.0
1783724676,replicas_spec,deployment=workload-edge,1.0
1783724686,replicas_spec,deployment=workload-edge,1.0
1783724696,replicas_spec,deployment=workload-edge,1.0
1783724706,replicas_spec,deployment=workload-edge,1.0
1783724716,replicas_spec,deployment=workload-edge,1.0
1783724726,replicas_spec,deployment=workload-edge,1.0
1783724736,replicas_spec,deployment=workload-edge,1.0
1783724746,replicas_spec,deployment=workload-edge,1.0
1783724756,replicas_spec,deployment=workload-edge,1.0
1783724766,replicas_spec,deployment=workload-edge,1.0
1783724776,replicas_spec,deployment=workload-edge,1.0
1783724786,replicas_spec,deployment=workload-edge,1.0
1783724796,replicas_spec,deployment=workload-edge,1.0
1783724806,replicas_spec,deployment=workload-edge,1.0
1783724816,replicas_spec,deployment=workload-edge,1.0
1783724826,replicas_spec,deployment=workload-edge,1.0
1783724836,replicas_spec,deployment=workload-edge,1.0
1783724846,replicas_spec,deployment=workload-edge,1.0
1783724856,replicas_spec,deployment=workload-edge,1.0
1783724866,replicas_spec,deployment=workload-edge,1.0
1783724876,replicas_spec,deployment=workload-edge,1.0
1783724886,replicas_spec,deployment=workload-edge,1.0
1783724896,replicas_spec,deployment=workload-edge,1.0
1783724906,replicas_spec,deployment=workload-edge,1.0
1783724916,replicas_spec,deployment=workload-edge,1.0
1783724926,replicas_spec,deployment=workload-edge,1.0
1783724936,replicas_spec,deployment=workload-edge,1.0
1783724946,replicas_spec,deployment=workload-edge,1.0
1783724956,replicas_spec,deployment=workload-edge,1.0
1783724966,replicas_spec,deployment=workload-edge,1.0
1783724976,replicas_spec,deployment=workload-edge,1.0
1783724986,replicas_spec,deployment=workload-edge,1.0
1783724996,replicas_spec,deployment=workload-edge,1.0
1783725006,replicas_spec,deployment=workload-edge,1.0
1783725016,replicas_spec,deployment=workload-edge,1.0
1783725026,replicas_spec,deployment=workload-edge,1.0
1783725036,replicas_spec,deployment=workload-edge,1.0
1783725046,replicas_spec,deployment=workload-edge,1.0
1783725056,replicas_spec,deployment=workload-edge,1.0
1783724656,cpu_cores,pod=workload-cloud-6f545f89ff-2lrwm,0.010319621226602948
1783724666,cpu_cores,pod=workload-cloud-6f545f89ff-2lrwm,0.014370928806584362
1783724676,cpu_cores,pod=workload-cloud-6f545f89ff-2lrwm,0.009732088717059884
1783724686,cpu_cores,pod=workload-cloud-6f545f89ff-2lrwm,0.008928403909406744
1783724696,cpu_cores,pod=workload-cloud-6f545f89ff-2lrwm,0.0017328246432104012
1783724706,cpu_cores,pod=workload-cloud-6f545f89ff-2lrwm,0.001749591525766004
1783724716,cpu_cores,pod=workload-cloud-6f545f89ff-2lrwm,0.0017370517928286876
1783724726,cpu_cores,pod=workload-cloud-6f545f89ff-2lrwm,0.0017267343945238244
1783724736,cpu_cores,pod=workload-cloud-6f545f89ff-2lrwm,0.0017530970536822647
1783724746,cpu_cores,pod=workload-cloud-6f545f89ff-2lrwm,0.0014264492402339957
1783724756,cpu_cores,pod=workload-cloud-6f545f89ff-2lrwm,0.0017680758793842419
1783724766,cpu_cores,pod=workload-cloud-6f545f89ff-2lrwm,0.001721912584335582
1783724776,cpu_cores,pod=workload-cloud-6f545f89ff-2lrwm,0.0017379625037198681
1783724786,cpu_cores,pod=workload-cloud-6f545f89ff-2lrwm,0.0013921667142910356
1783724796,cpu_cores,pod=workload-cloud-6f545f89ff-2lrwm,0.0016921124467219005
1783724806,cpu_cores,pod=workload-cloud-6f545f89ff-2lrwm,0.0017856736005103543
1783724816,cpu_cores,pod=workload-cloud-6f545f89ff-2lrwm,0.0017856736005103545
1783724826,cpu_cores,pod=workload-cloud-6f545f89ff-2lrwm,0.0017594957743804005
1783724836,cpu_cores,pod=workload-cloud-6f545f89ff-2lrwm,0.0017856450466363642
1783724846,cpu_cores,pod=workload-cloud-6f545f89ff-2lrwm,0.0014566628653109423
1783724856,cpu_cores,pod=workload-cloud-6f545f89ff-2lrwm,0.0017554382564588967
1783724866,cpu_cores,pod=workload-cloud-6f545f89ff-2lrwm,0.0017936842721973235
1783724876,cpu_cores,pod=workload-cloud-6f545f89ff-2lrwm,0.001814505643596073
1783724886,cpu_cores,pod=workload-cloud-6f545f89ff-2lrwm,0.0018078911720374733
1783724896,cpu_cores,pod=workload-cloud-6f545f89ff-2lrwm,0.0018155931586608448
1783724906,cpu_cores,pod=workload-cloud-6f545f89ff-2lrwm,0.0018049696796455473
1783724916,cpu_cores,pod=workload-cloud-6f545f89ff-2lrwm,0.0017753037111000174
1783724926,cpu_cores,pod=workload-cloud-6f545f89ff-2lrwm,0.0017585895858958584
1783724936,cpu_cores,pod=workload-cloud-6f545f89ff-2lrwm,0.001801178398972222
1783724946,cpu_cores,pod=workload-cloud-6f545f89ff-2lrwm,0.0017691417636456683
1783724956,cpu_cores,pod=workload-cloud-6f545f89ff-2lrwm,0.0017691417636456683
1783724966,cpu_cores,pod=workload-cloud-6f545f89ff-2lrwm,0.0017863514158647236
1783724976,cpu_cores,pod=workload-cloud-6f545f89ff-2lrwm,0.0018025004918707183
1783724986,cpu_cores,pod=workload-cloud-6f545f89ff-2lrwm,0.0017678630299567013
1783724996,cpu_cores,pod=workload-cloud-6f545f89ff-2lrwm,0.0018507065901776983
1783725006,cpu_cores,pod=workload-cloud-6f545f89ff-2lrwm,0.0018984149515022428
1783725016,cpu_cores,pod=workload-cloud-6f545f89ff-2lrwm,0.0019169078651685382
1783725026,cpu_cores,pod=workload-cloud-6f545f89ff-2lrwm,0.0019334600760456272
1783725036,cpu_cores,pod=workload-cloud-6f545f89ff-2lrwm,0.0019290489654625654
1783725046,cpu_cores,pod=workload-cloud-6f545f89ff-2lrwm,0.001955651797314854
1783725056,cpu_cores,pod=workload-cloud-6f545f89ff-2lrwm,0.0019661407116037923
1783724416,cpu_cores,pod=workload-cloud-6f545f89ff-9hvzm,0.00203002433866697
1783724426,cpu_cores,pod=workload-cloud-6f545f89ff-9hvzm,0.005270418737549989
1783724436,cpu_cores,pod=workload-cloud-6f545f89ff-9hvzm,0.006626712328768023
1783724446,cpu_cores,pod=workload-cloud-6f545f89ff-9hvzm,0.016752869022870216
1783724456,cpu_cores,pod=workload-cloud-6f545f89ff-9hvzm,0.045539488902953465
1783724466,cpu_cores,pod=workload-cloud-6f545f89ff-9hvzm,0.045539488902953465
1783724476,cpu_cores,pod=workload-cloud-6f545f89ff-9hvzm,0.0830369488225671
1783724486,cpu_cores,pod=workload-cloud-6f545f89ff-9hvzm,0.1103638865147692
1783724496,cpu_cores,pod=workload-cloud-6f545f89ff-9hvzm,0.1103638865147692
1783724506,cpu_cores,pod=workload-cloud-6f545f89ff-9hvzm,0.14433240841275566
1783724516,cpu_cores,pod=workload-cloud-6f545f89ff-9hvzm,0.1395386153297071
1783724526,cpu_cores,pod=workload-cloud-6f545f89ff-9hvzm,0.17203616724089768
1783724536,cpu_cores,pod=workload-cloud-6f545f89ff-9hvzm,0.18145224449637162
1783724546,cpu_cores,pod=workload-cloud-6f545f89ff-9hvzm,0.15554742063663868
1783724556,cpu_cores,pod=workload-cloud-6f545f89ff-9hvzm,0.19764366313471868
1783724566,cpu_cores,pod=workload-cloud-6f545f89ff-9hvzm,0.21127485974289817
1783724576,cpu_cores,pod=workload-cloud-6f545f89ff-9hvzm,0.22023776571499618
1783724586,cpu_cores,pod=workload-cloud-6f545f89ff-9hvzm,0.2288934365171328
1783724596,cpu_cores,pod=workload-cloud-6f545f89ff-9hvzm,0.2288934365171328
1783724606,cpu_cores,pod=workload-cloud-6f545f89ff-9hvzm,0.23689160543717896
1783724616,cpu_cores,pod=workload-cloud-6f545f89ff-9hvzm,0.24150509311411014
1783724626,cpu_cores,pod=workload-cloud-6f545f89ff-9hvzm,0.2739797828017202
1783724636,cpu_cores,pod=workload-cloud-6f545f89ff-9hvzm,0.3095619334727847
1783724646,cpu_cores,pod=workload-cloud-6f545f89ff-9hvzm,0.3464006354843231
1783724656,cpu_cores,pod=workload-cloud-6f545f89ff-9hvzm,0.3464006354843231
1783724666,cpu_cores,pod=workload-cloud-6f545f89ff-9hvzm,0.3665294066620418
1783724676,cpu_cores,pod=workload-cloud-6f545f89ff-9hvzm,0.3665294066620418
1783724686,cpu_cores,pod=workload-cloud-6f545f89ff-9hvzm,0.3742585778110346
1783724696,cpu_cores,pod=workload-cloud-6f545f89ff-9hvzm,0.37534253429158926
1783724706,cpu_cores,pod=workload-cloud-6f545f89ff-9hvzm,0.30651654881250195
1783724716,cpu_cores,pod=workload-cloud-6f545f89ff-9hvzm,0.37511996279552695
1783724726,cpu_cores,pod=workload-cloud-6f545f89ff-9hvzm,0.37765882542310547
1783724736,cpu_cores,pod=workload-cloud-6f545f89ff-9hvzm,0.37765882542310547
1783724746,cpu_cores,pod=workload-cloud-6f545f89ff-9hvzm,0.37782151074880016
1783724756,cpu_cores,pod=workload-cloud-6f545f89ff-9hvzm,0.37388333560926745
1783724766,cpu_cores,pod=workload-cloud-6f545f89ff-9hvzm,0.37388333560926745
1783724776,cpu_cores,pod=workload-cloud-6f545f89ff-9hvzm,0.35731400256928003
1783724786,cpu_cores,pod=workload-cloud-6f545f89ff-9hvzm,0.319216473269789
1783724796,cpu_cores,pod=workload-cloud-6f545f89ff-9hvzm,0.319216473269789
1783724806,cpu_cores,pod=workload-cloud-6f545f89ff-9hvzm,0.28000937689050087
1783724816,cpu_cores,pod=workload-cloud-6f545f89ff-9hvzm,0.2538158206269522
1783724826,cpu_cores,pod=workload-cloud-6f545f89ff-9hvzm,0.2489262087409386
1783724836,cpu_cores,pod=workload-cloud-6f545f89ff-9hvzm,0.2393474455257027
1783724846,cpu_cores,pod=workload-cloud-6f545f89ff-9hvzm,0.23936419625416513
1783724856,cpu_cores,pod=workload-cloud-6f545f89ff-9hvzm,0.24189751106298085
1783724866,cpu_cores,pod=workload-cloud-6f545f89ff-9hvzm,0.20757446206180846
1783724876,cpu_cores,pod=workload-cloud-6f545f89ff-9hvzm,0.2453451418966958
1783724886,cpu_cores,pod=workload-cloud-6f545f89ff-9hvzm,0.20861205531435498
1783724896,cpu_cores,pod=workload-cloud-6f545f89ff-9hvzm,0.24603246224227654
1783724906,cpu_cores,pod=workload-cloud-6f545f89ff-9hvzm,0.242365271097506
1783724916,cpu_cores,pod=workload-cloud-6f545f89ff-9hvzm,0.24147898153048947
1783724926,cpu_cores,pod=workload-cloud-6f545f89ff-9hvzm,0.24094239456241795
1783724936,cpu_cores,pod=workload-cloud-6f545f89ff-9hvzm,0.23899992764808056
1783724946,cpu_cores,pod=workload-cloud-6f545f89ff-9hvzm,0.2015951111937801
1783724956,cpu_cores,pod=workload-cloud-6f545f89ff-9hvzm,0.23932965912862092
1783724966,cpu_cores,pod=workload-cloud-6f545f89ff-9hvzm,0.2404188571822148
1783724976,cpu_cores,pod=workload-cloud-6f545f89ff-9hvzm,0.23260732571878706
1783724986,cpu_cores,pod=workload-cloud-6f545f89ff-9hvzm,0.23057925179792754
1783724996,cpu_cores,pod=workload-cloud-6f545f89ff-9hvzm,0.1649955642058589
1783725006,cpu_cores,pod=workload-cloud-6f545f89ff-9hvzm,0.1649955642058589
1783725016,cpu_cores,pod=workload-cloud-6f545f89ff-9hvzm,0.0904075556990636
1783725026,cpu_cores,pod=workload-cloud-6f545f89ff-9hvzm,0.02234379605656299
1783725036,cpu_cores,pod=workload-cloud-6f545f89ff-9hvzm,0.0019171511627896006
1783725046,cpu_cores,pod=workload-cloud-6f545f89ff-9hvzm,0.0019529148473993807
1783725056,cpu_cores,pod=workload-cloud-6f545f89ff-9hvzm,0.001883328860369585
1783724416,cpu_cores,pod=workload-cloud-6f545f89ff-fqhzs,0.0008156557229082092
1783724656,cpu_cores,pod=workload-cloud-6f545f89ff-gcw24,0.01067131779674797
1783724666,cpu_cores,pod=workload-cloud-6f545f89ff-gcw24,0.009444636561810155
1783724676,cpu_cores,pod=workload-cloud-6f545f89ff-gcw24,0.009211165648607253
1783724686,cpu_cores,pod=workload-cloud-6f545f89ff-gcw24,0.009418269444444445
1783724696,cpu_cores,pod=workload-cloud-6f545f89ff-gcw24,0.0017666902942952403
1783724706,cpu_cores,pod=workload-cloud-6f545f89ff-gcw24,0.0017686803956946434
1783724716,cpu_cores,pod=workload-cloud-6f545f89ff-gcw24,0.0017640185484035706
1783724726,cpu_cores,pod=workload-cloud-6f545f89ff-gcw24,0.001782499948322551
1783724736,cpu_cores,pod=workload-cloud-6f545f89ff-gcw24,0.0014160337567672287
1783724746,cpu_cores,pod=workload-cloud-6f545f89ff-gcw24,0.0017744388616214325
1783724756,cpu_cores,pod=workload-cloud-6f545f89ff-gcw24,0.0017652969434821713
1783724766,cpu_cores,pod=workload-cloud-6f545f89ff-gcw24,0.0017726711966632065
1783724776,cpu_cores,pod=workload-cloud-6f545f89ff-gcw24,0.0014981983419981837
1783724786,cpu_cores,pod=workload-cloud-6f545f89ff-gcw24,0.0017918476361639458
1783724796,cpu_cores,pod=workload-cloud-6f545f89ff-gcw24,0.001460296095219077
1783724806,cpu_cores,pod=workload-cloud-6f545f89ff-gcw24,0.001829703138613229
1783724816,cpu_cores,pod=workload-cloud-6f545f89ff-gcw24,0.0018437241642464965
1783724826,cpu_cores,pod=workload-cloud-6f545f89ff-gcw24,0.0018081297691606298
1783724836,cpu_cores,pod=workload-cloud-6f545f89ff-gcw24,0.0017909453809334635
1783724846,cpu_cores,pod=workload-cloud-6f545f89ff-gcw24,0.0014919759907380996
1783724856,cpu_cores,pod=workload-cloud-6f545f89ff-gcw24,0.0018137730910746136
1783724866,cpu_cores,pod=workload-cloud-6f545f89ff-gcw24,0.0018133776990643853
1783724876,cpu_cores,pod=workload-cloud-6f545f89ff-gcw24,0.0018343928355992758
1783724886,cpu_cores,pod=workload-cloud-6f545f89ff-gcw24,0.0018334067677123703
1783724896,cpu_cores,pod=workload-cloud-6f545f89ff-gcw24,0.00181409349959292
1783724906,cpu_cores,pod=workload-cloud-6f545f89ff-gcw24,0.00181409349959292
1783724916,cpu_cores,pod=workload-cloud-6f545f89ff-gcw24,0.0018562386280051104
1783724926,cpu_cores,pod=workload-cloud-6f545f89ff-gcw24,0.0018528427415265422
1783724936,cpu_cores,pod=workload-cloud-6f545f89ff-gcw24,0.0018528427415265422
1783724946,cpu_cores,pod=workload-cloud-6f545f89ff-gcw24,0.0018095442923029134
1783724956,cpu_cores,pod=workload-cloud-6f545f89ff-gcw24,0.001321928551664742
1783724966,cpu_cores,pod=workload-cloud-6f545f89ff-gcw24,0.0017317281785912846
1783724976,cpu_cores,pod=workload-cloud-6f545f89ff-gcw24,0.0014903739857768804
1783724986,cpu_cores,pod=workload-cloud-6f545f89ff-gcw24,0.0018271772193962296
1783724996,cpu_cores,pod=workload-cloud-6f545f89ff-gcw24,0.0018553564133079927
1783725006,cpu_cores,pod=workload-cloud-6f545f89ff-gcw24,0.0019357241897957765
1783725016,cpu_cores,pod=workload-cloud-6f545f89ff-gcw24,0.0018755984760507715
1783725026,cpu_cores,pod=workload-cloud-6f545f89ff-gcw24,0.0018820766054143843
1783725036,cpu_cores,pod=workload-cloud-6f545f89ff-gcw24,0.0018820766054143843
1783725046,cpu_cores,pod=workload-cloud-6f545f89ff-gcw24,0.0013429435750469253
1783725056,cpu_cores,pod=workload-cloud-6f545f89ff-gcw24,0.0007786999999999988
1783724576,cpu_cores,pod=workload-cloud-6f545f89ff-k8vqb,0.009977327544272246
1783724586,cpu_cores,pod=workload-cloud-6f545f89ff-k8vqb,0.008128044344792428
1783724596,cpu_cores,pod=workload-cloud-6f545f89ff-k8vqb,0.010343892732129014
1783724606,cpu_cores,pod=workload-cloud-6f545f89ff-k8vqb,0.013942009304089861
1783724616,cpu_cores,pod=workload-cloud-6f545f89ff-k8vqb,0.03481406951973372
1783724626,cpu_cores,pod=workload-cloud-6f545f89ff-k8vqb,0.089750317674822
1783724636,cpu_cores,pod=workload-cloud-6f545f89ff-k8vqb,0.17643226641796492
1783724646,cpu_cores,pod=workload-cloud-6f545f89ff-k8vqb,0.17798650555555554
1783724656,cpu_cores,pod=workload-cloud-6f545f89ff-k8vqb,0.31374996638816866
1783724666,cpu_cores,pod=workload-cloud-6f545f89ff-k8vqb,0.372912984071724
1783724676,cpu_cores,pod=workload-cloud-6f545f89ff-k8vqb,0.4006413254646092
1783724686,cpu_cores,pod=workload-cloud-6f545f89ff-k8vqb,0.39737053865884947
1783724696,cpu_cores,pod=workload-cloud-6f545f89ff-k8vqb,0.3932631638450016
1783724706,cpu_cores,pod=workload-cloud-6f545f89ff-k8vqb,0.39671689587042
1783724716,cpu_cores,pod=workload-cloud-6f545f89ff-k8vqb,0.39957148747736604
1783724726,cpu_cores,pod=workload-cloud-6f545f89ff-k8vqb,0.40147843612386125
1783724736,cpu_cores,pod=workload-cloud-6f545f89ff-k8vqb,0.40831262702955273
1783724746,cpu_cores,pod=workload-cloud-6f545f89ff-k8vqb,0.4072622143785993
1783724756,cpu_cores,pod=workload-cloud-6f545f89ff-k8vqb,0.4072622143785993
1783724766,cpu_cores,pod=workload-cloud-6f545f89ff-k8vqb,0.39195637355146556
1783724776,cpu_cores,pod=workload-cloud-6f545f89ff-k8vqb,0.3363420334100144
1783724786,cpu_cores,pod=workload-cloud-6f545f89ff-k8vqb,0.2828143440602773
1783724796,cpu_cores,pod=workload-cloud-6f545f89ff-k8vqb,0.23620312691449988
1783724806,cpu_cores,pod=workload-cloud-6f545f89ff-k8vqb,0.06635633484758661
1783724816,cpu_cores,pod=workload-cloud-6f545f89ff-k8vqb,0.06537968205166643
1783724826,cpu_cores,pod=workload-cloud-6f545f89ff-k8vqb,0.029272099181511507
1783724836,cpu_cores,pod=workload-cloud-6f545f89ff-k8vqb,0.02545750213301932
1783724846,cpu_cores,pod=workload-cloud-6f545f89ff-k8vqb,0.02161789940968539
1783724856,cpu_cores,pod=workload-cloud-6f545f89ff-k8vqb,0.025497168617175076
1783724866,cpu_cores,pod=workload-cloud-6f545f89ff-k8vqb,0.0211935999237931
1783724876,cpu_cores,pod=workload-cloud-6f545f89ff-k8vqb,0.025460693394207343
1783724886,cpu_cores,pod=workload-cloud-6f545f89ff-k8vqb,0.025550822609545523
1783724896,cpu_cores,pod=workload-cloud-6f545f89ff-k8vqb,0.02560239573124249
1783724906,cpu_cores,pod=workload-cloud-6f545f89ff-k8vqb,0.025632141739402457
1783724916,cpu_cores,pod=workload-cloud-6f545f89ff-k8vqb,0.02578241283718945
1783724926,cpu_cores,pod=workload-cloud-6f545f89ff-k8vqb,0.025769511004281417
1783724936,cpu_cores,pod=workload-cloud-6f545f89ff-k8vqb,0.02570980407554286
1783724946,cpu_cores,pod=workload-cloud-6f545f89ff-k8vqb,0.025675603765861643
1783724956,cpu_cores,pod=workload-cloud-6f545f89ff-k8vqb,0.025807699379453108
1783724966,cpu_cores,pod=workload-cloud-6f545f89ff-k8vqb,0.022068548003014415
1783724976,cpu_cores,pod=workload-cloud-6f545f89ff-k8vqb,0.020575453951407103
1783724986,cpu_cores,pod=workload-cloud-6f545f89ff-k8vqb,0.01645463677006983
1783724996,cpu_cores,pod=workload-cloud-6f545f89ff-k8vqb,0.008954547768107144
1783725006,cpu_cores,pod=workload-cloud-6f545f89ff-k8vqb,0.007225126109160051
1783725016,cpu_cores,pod=workload-cloud-6f545f89ff-k8vqb,0.0019233584499463313
1783725026,cpu_cores,pod=workload-cloud-6f545f89ff-k8vqb,0.001971635311143077
1783725036,cpu_cores,pod=workload-cloud-6f545f89ff-k8vqb,0.002028844517555961
1783725046,cpu_cores,pod=workload-cloud-6f545f89ff-k8vqb,0.001967593693051061
1783725056,cpu_cores,pod=workload-cloud-6f545f89ff-k8vqb,0.0016802695949973943
1783724616,cpu_cores,pod=workload-cloud-6f545f89ff-ntlmb,0.025435995163996947
1783724626,cpu_cores,pod=workload-cloud-6f545f89ff-ntlmb,0.04325976836511569
1783724636,cpu_cores,pod=workload-cloud-6f545f89ff-ntlmb,0.1104944862282916
1783724646,cpu_cores,pod=workload-cloud-6f545f89ff-ntlmb,0.1428864537455519
1783724656,cpu_cores,pod=workload-cloud-6f545f89ff-ntlmb,0.20408401160597614
1783724666,cpu_cores,pod=workload-cloud-6f545f89ff-ntlmb,0.2586480807479224
1783724676,cpu_cores,pod=workload-cloud-6f545f89ff-ntlmb,0.23023571971887927
1783724686,cpu_cores,pod=workload-cloud-6f545f89ff-ntlmb,0.2909179310061264
1783724696,cpu_cores,pod=workload-cloud-6f545f89ff-ntlmb,0.24891602790952103
1783724706,cpu_cores,pod=workload-cloud-6f545f89ff-ntlmb,0.29070564862142295
1783724716,cpu_cores,pod=workload-cloud-6f545f89ff-ntlmb,0.2901114394157779
1783724726,cpu_cores,pod=workload-cloud-6f545f89ff-ntlmb,0.289145715063787
1783724736,cpu_cores,pod=workload-cloud-6f545f89ff-ntlmb,0.2900357103614987
1783724746,cpu_cores,pod=workload-cloud-6f545f89ff-ntlmb,0.28592541865522014
1783724756,cpu_cores,pod=workload-cloud-6f545f89ff-ntlmb,0.2794719743017619
1783724766,cpu_cores,pod=workload-cloud-6f545f89ff-ntlmb,0.2774449250777494
1783724776,cpu_cores,pod=workload-cloud-6f545f89ff-ntlmb,0.24424983435569714
1783724786,cpu_cores,pod=workload-cloud-6f545f89ff-ntlmb,0.13251329947490736
1783724796,cpu_cores,pod=workload-cloud-6f545f89ff-ntlmb,0.13251329947490736
1783724806,cpu_cores,pod=workload-cloud-6f545f89ff-ntlmb,0.03686538659634519
1783724816,cpu_cores,pod=workload-cloud-6f545f89ff-ntlmb,0.004712003663595594
1783724826,cpu_cores,pod=workload-cloud-6f545f89ff-ntlmb,0.0039108349726349224
1783724836,cpu_cores,pod=workload-cloud-6f545f89ff-ntlmb,0.001869783925917466
1783724846,cpu_cores,pod=workload-cloud-6f545f89ff-ntlmb,0.0014892262523034426
1783724856,cpu_cores,pod=workload-cloud-6f545f89ff-ntlmb,0.0018315945742582865
1783724866,cpu_cores,pod=workload-cloud-6f545f89ff-ntlmb,0.0018223799922783643
1783724876,cpu_cores,pod=workload-cloud-6f545f89ff-ntlmb,0.0018223799922783643
1783724886,cpu_cores,pod=workload-cloud-6f545f89ff-ntlmb,0.0018780824438719176
1783724896,cpu_cores,pod=workload-cloud-6f545f89ff-ntlmb,0.0018775490244021837
1783724906,cpu_cores,pod=workload-cloud-6f545f89ff-ntlmb,0.0018780150216775753
1783724916,cpu_cores,pod=workload-cloud-6f545f89ff-ntlmb,0.0019085400037373986
1783724926,cpu_cores,pod=workload-cloud-6f545f89ff-ntlmb,0.0018489298158288522
1783724936,cpu_cores,pod=workload-cloud-6f545f89ff-ntlmb,0.0018489298158288522
1783724946,cpu_cores,pod=workload-cloud-6f545f89ff-ntlmb,0.0018688146358676518
1783724956,cpu_cores,pod=workload-cloud-6f545f89ff-ntlmb,0.0018525000474032243
1783724966,cpu_cores,pod=workload-cloud-6f545f89ff-ntlmb,0.0018448324495090919
1783724976,cpu_cores,pod=workload-cloud-6f545f89ff-ntlmb,0.0019093659016145505
1783724986,cpu_cores,pod=workload-cloud-6f545f89ff-ntlmb,0.0019346924129269988
1783724996,cpu_cores,pod=workload-cloud-6f545f89ff-ntlmb,0.0019356621670923123
1783725006,cpu_cores,pod=workload-cloud-6f545f89ff-ntlmb,0.0019850727095216607
1783725016,cpu_cores,pod=workload-cloud-6f545f89ff-ntlmb,0.001683866462590056
1783725026,cpu_cores,pod=workload-cloud-6f545f89ff-ntlmb,0.002005458434756957
1783725036,cpu_cores,pod=workload-cloud-6f545f89ff-ntlmb,0.0019975443687911994
1783725046,cpu_cores,pod=workload-cloud-6f545f89ff-ntlmb,0.0019648912260795677
1783725056,cpu_cores,pod=workload-cloud-6f545f89ff-ntlmb,0.001253924999999967
1783724506,cpu_cores,pod=workload-cloud-6f545f89ff-qs4hw,0.008987288374299268
1783724516,cpu_cores,pod=workload-cloud-6f545f89ff-qs4hw,0.014992851116860717
1783724526,cpu_cores,pod=workload-cloud-6f545f89ff-qs4hw,0.017599223968764902
1783724536,cpu_cores,pod=workload-cloud-6f545f89ff-qs4hw,0.025731855464149717
1783724546,cpu_cores,pod=workload-cloud-6f545f89ff-qs4hw,0.03452158629702723
1783724556,cpu_cores,pod=workload-cloud-6f545f89ff-qs4hw,0.03818274453256429
1783724566,cpu_cores,pod=workload-cloud-6f545f89ff-qs4hw,0.04692660089866205
1783724576,cpu_cores,pod=workload-cloud-6f545f89ff-qs4hw,0.053286393483799196
1783724586,cpu_cores,pod=workload-cloud-6f545f89ff-qs4hw,0.05520251107499833
1783724596,cpu_cores,pod=workload-cloud-6f545f89ff-qs4hw,0.06967419686985174
1783724606,cpu_cores,pod=workload-cloud-6f545f89ff-qs4hw,0.07892501766368346
1783724616,cpu_cores,pod=workload-cloud-6f545f89ff-qs4hw,0.11398684210526314
1783724626,cpu_cores,pod=workload-cloud-6f545f89ff-qs4hw,0.134492179173268
1783724636,cpu_cores,pod=workload-cloud-6f545f89ff-qs4hw,0.2684235725363034
1783724646,cpu_cores,pod=workload-cloud-6f545f89ff-qs4hw,0.30138041020836304
1783724656,cpu_cores,pod=workload-cloud-6f545f89ff-qs4hw,0.36081977872969895
1783724666,cpu_cores,pod=workload-cloud-6f545f89ff-qs4hw,0.37326730519804446
1783724676,cpu_cores,pod=workload-cloud-6f545f89ff-qs4hw,0.39220659467058594
1783724686,cpu_cores,pod=workload-cloud-6f545f89ff-qs4hw,0.39663577569051967
1783724696,cpu_cores,pod=workload-cloud-6f545f89ff-qs4hw,0.3993575803049967
1783724706,cpu_cores,pod=workload-cloud-6f545f89ff-qs4hw,0.39978930773542604
1783724716,cpu_cores,pod=workload-cloud-6f545f89ff-qs4hw,0.39978930773542604
1783724726,cpu_cores,pod=workload-cloud-6f545f89ff-qs4hw,0.3992447688444686
1783724736,cpu_cores,pod=workload-cloud-6f545f89ff-qs4hw,0.39975409987271493
1783724746,cpu_cores,pod=workload-cloud-6f545f89ff-qs4hw,0.40059874268372
1783724756,cpu_cores,pod=workload-cloud-6f545f89ff-qs4hw,0.4015070902394106
1783724766,cpu_cores,pod=workload-cloud-6f545f89ff-qs4hw,0.3790518830409356
1783724776,cpu_cores,pod=workload-cloud-6f545f89ff-qs4hw,0.3790518830409356
1783724786,cpu_cores,pod=workload-cloud-6f545f89ff-qs4hw,0.3041960033737754
1783724796,cpu_cores,pod=workload-cloud-6f545f89ff-qs4hw,0.22199787358691184
1783724806,cpu_cores,pod=workload-cloud-6f545f89ff-qs4hw,0.22199787358691184
1783724816,cpu_cores,pod=workload-cloud-6f545f89ff-qs4hw,0.13894976987077376
1783724826,cpu_cores,pod=workload-cloud-6f545f89ff-qs4hw,0.10731873876817517
1783724836,cpu_cores,pod=workload-cloud-6f545f89ff-qs4hw,0.10766616514418778
1783724846,cpu_cores,pod=workload-cloud-6f545f89ff-qs4hw,0.10756573946699627
1783724856,cpu_cores,pod=workload-cloud-6f545f89ff-qs4hw,0.10966323046909622
1783724866,cpu_cores,pod=workload-cloud-6f545f89ff-qs4hw,0.1096426425883032
1783724876,cpu_cores,pod=workload-cloud-6f545f89ff-qs4hw,0.10902630332688731
1783724886,cpu_cores,pod=workload-cloud-6f545f89ff-qs4hw,0.10909985409205443
1783724896,cpu_cores,pod=workload-cloud-6f545f89ff-qs4hw,0.08965291822448064
1783724906,cpu_cores,pod=workload-cloud-6f545f89ff-qs4hw,0.09304786082645795
1783724916,cpu_cores,pod=workload-cloud-6f545f89ff-qs4hw,0.10882738906724133
1783724926,cpu_cores,pod=workload-cloud-6f545f89ff-qs4hw,0.1089927263464749
1783724936,cpu_cores,pod=workload-cloud-6f545f89ff-qs4hw,0.1084682380298066
1783724946,cpu_cores,pod=workload-cloud-6f545f89ff-qs4hw,0.10682456451485768
1783724956,cpu_cores,pod=workload-cloud-6f545f89ff-qs4hw,0.10641010856897527
1783724966,cpu_cores,pod=workload-cloud-6f545f89ff-qs4hw,0.10779460659898485
1783724976,cpu_cores,pod=workload-cloud-6f545f89ff-qs4hw,0.09759870369901506
1783724986,cpu_cores,pod=workload-cloud-6f545f89ff-qs4hw,0.07821934799382711
1783724996,cpu_cores,pod=workload-cloud-6f545f89ff-qs4hw,0.05281277423785713
1783725006,cpu_cores,pod=workload-cloud-6f545f89ff-qs4hw,0.030241071428571405
1783725016,cpu_cores,pod=workload-cloud-6f545f89ff-qs4hw,0.021487997363265163
1783725026,cpu_cores,pod=workload-cloud-6f545f89ff-qs4hw,0.005208648418361943
1783725036,cpu_cores,pod=workload-cloud-6f545f89ff-qs4hw,0.0021229115046259906
1783725046,cpu_cores,pod=workload-cloud-6f545f89ff-qs4hw,0.002004764973988327
1783725056,cpu_cores,pod=workload-cloud-6f545f89ff-qs4hw,0.002065323405571354
1783724416,cpu_cores,pod=workload-edge-7b875fd8c6-pxwvc,0.0017272730394546699
1783724426,cpu_cores,pod=workload-edge-7b875fd8c6-pxwvc,0.002124460206529685
1783724436,cpu_cores,pod=workload-edge-7b875fd8c6-pxwvc,0.0021763126058553218
1783724446,cpu_cores,pod=workload-edge-7b875fd8c6-pxwvc,0.002192405887493351
1783724456,cpu_cores,pod=workload-edge-7b875fd8c6-pxwvc,0.0021882108300797743
1783724466,cpu_cores,pod=workload-edge-7b875fd8c6-pxwvc,0.0021492930475504038
1783724476,cpu_cores,pod=workload-edge-7b875fd8c6-pxwvc,0.0021492930475504038
1783724486,cpu_cores,pod=workload-edge-7b875fd8c6-pxwvc,0.002138910160815739
1783724496,cpu_cores,pod=workload-edge-7b875fd8c6-pxwvc,0.0021115167474614355
1783724506,cpu_cores,pod=workload-edge-7b875fd8c6-pxwvc,0.0021599101097016385
1783724516,cpu_cores,pod=workload-edge-7b875fd8c6-pxwvc,0.002133918770581786
1783724526,cpu_cores,pod=workload-edge-7b875fd8c6-pxwvc,0.002117822459307906
1783724536,cpu_cores,pod=workload-edge-7b875fd8c6-pxwvc,0.002098789089574763
1783724546,cpu_cores,pod=workload-edge-7b875fd8c6-pxwvc,0.0021333148430638747
1783724556,cpu_cores,pod=workload-edge-7b875fd8c6-pxwvc,0.0017393402803097381
1783724566,cpu_cores,pod=workload-edge-7b875fd8c6-pxwvc,0.0021575071096959454
1783724576,cpu_cores,pod=workload-edge-7b875fd8c6-pxwvc,0.0021616815885559973
1783724586,cpu_cores,pod=workload-edge-7b875fd8c6-pxwvc,0.002171101752579207
1783724596,cpu_cores,pod=workload-edge-7b875fd8c6-pxwvc,0.0021347204954373445
1783724606,cpu_cores,pod=workload-edge-7b875fd8c6-pxwvc,0.002169916113569302
1783724616,cpu_cores,pod=workload-edge-7b875fd8c6-pxwvc,0.0021734497695212185
1783724626,cpu_cores,pod=workload-edge-7b875fd8c6-pxwvc,0.0018596458843256507
1783724636,cpu_cores,pod=workload-edge-7b875fd8c6-pxwvc,0.0021560337699638977
1783724646,cpu_cores,pod=workload-edge-7b875fd8c6-pxwvc,0.002171032885992358
1783724656,cpu_cores,pod=workload-edge-7b875fd8c6-pxwvc,0.002171032885992358
1783724666,cpu_cores,pod=workload-edge-7b875fd8c6-pxwvc,0.002205477436576487
1783724676,cpu_cores,pod=workload-edge-7b875fd8c6-pxwvc,0.0018401041563867173
1783724686,cpu_cores,pod=workload-edge-7b875fd8c6-pxwvc,0.002218752557911101
1783724696,cpu_cores,pod=workload-edge-7b875fd8c6-pxwvc,0.0021712030220844775
1783724706,cpu_cores,pod=workload-edge-7b875fd8c6-pxwvc,0.0022174061184258497
1783724716,cpu_cores,pod=workload-edge-7b875fd8c6-pxwvc,0.001835131463070673
1783724726,cpu_cores,pod=workload-edge-7b875fd8c6-pxwvc,0.002190793031293337
1783724736,cpu_cores,pod=workload-edge-7b875fd8c6-pxwvc,0.0021638765557901005
1783724746,cpu_cores,pod=workload-edge-7b875fd8c6-pxwvc,0.00218833576184593
1783724756,cpu_cores,pod=workload-edge-7b875fd8c6-pxwvc,0.002124414926091069
1783724766,cpu_cores,pod=workload-edge-7b875fd8c6-pxwvc,0.001608600000000019
1783724776,cpu_cores,pod=workload-edge-7b875fd8c6-pxwvc,0.00214500420135974
1783724786,cpu_cores,pod=workload-edge-7b875fd8c6-pxwvc,0.0018694302835571403
1783724796,cpu_cores,pod=workload-edge-7b875fd8c6-pxwvc,0.0021403972978932084
1783724806,cpu_cores,pod=workload-edge-7b875fd8c6-pxwvc,0.0021620249188566395
1783724816,cpu_cores,pod=workload-edge-7b875fd8c6-pxwvc,0.002102634957851839
1783724826,cpu_cores,pod=workload-edge-7b875fd8c6-pxwvc,0.002143450970611431
1783724836,cpu_cores,pod=workload-edge-7b875fd8c6-pxwvc,0.001843329035540955
1783724846,cpu_cores,pod=workload-edge-7b875fd8c6-pxwvc,0.002140219030431895
1783724856,cpu_cores,pod=workload-edge-7b875fd8c6-pxwvc,0.0021438364015680944
1783724866,cpu_cores,pod=workload-edge-7b875fd8c6-pxwvc,0.0021901443067307786
1783724876,cpu_cores,pod=workload-edge-7b875fd8c6-pxwvc,0.002170255629672745
1783724886,cpu_cores,pod=workload-edge-7b875fd8c6-pxwvc,0.0021136328615140895
1783724896,cpu_cores,pod=workload-edge-7b875fd8c6-pxwvc,0.002155996544608172
1783724906,cpu_cores,pod=workload-edge-7b875fd8c6-pxwvc,0.002155996544608172
1783724916,cpu_cores,pod=workload-edge-7b875fd8c6-pxwvc,0.002153732364824604
1783724926,cpu_cores,pod=workload-edge-7b875fd8c6-pxwvc,0.0022215512582532573
1783724936,cpu_cores,pod=workload-edge-7b875fd8c6-pxwvc,0.002184406905513257
1783724946,cpu_cores,pod=workload-edge-7b875fd8c6-pxwvc,0.0018635615980441907
1783724956,cpu_cores,pod=workload-edge-7b875fd8c6-pxwvc,0.0021177305988831284
1783724966,cpu_cores,pod=workload-edge-7b875fd8c6-pxwvc,0.0018224483623788576
1783724976,cpu_cores,pod=workload-edge-7b875fd8c6-pxwvc,0.0021221830087592127
1783724986,cpu_cores,pod=workload-edge-7b875fd8c6-pxwvc,0.0021467319804058652
1783724996,cpu_cores,pod=workload-edge-7b875fd8c6-pxwvc,0.002159845755460463
1783725006,cpu_cores,pod=workload-edge-7b875fd8c6-pxwvc,0.002162923145837331
1783725016,cpu_cores,pod=workload-edge-7b875fd8c6-pxwvc,0.0021597894584349762
1783725026,cpu_cores,pod=workload-edge-7b875fd8c6-pxwvc,0.002144739708124611
1783725036,cpu_cores,pod=workload-edge-7b875fd8c6-pxwvc,0.0021517723939400136
1783725046,cpu_cores,pod=workload-edge-7b875fd8c6-pxwvc,0.0021517723939400136
1783725056,cpu_cores,pod=workload-edge-7b875fd8c6-pxwvc,0.0020996010259333063
1783724656,cpu_utilisation,pod=workload-cloud-6f545f89ff-2lrwm,0.051598106133014736
1783724666,cpu_utilisation,pod=workload-cloud-6f545f89ff-2lrwm,0.0718546440329218
1783724676,cpu_utilisation,pod=workload-cloud-6f545f89ff-2lrwm,0.04866044358529942
1783724686,cpu_utilisation,pod=workload-cloud-6f545f89ff-2lrwm,0.044642019547033715
1783724696,cpu_utilisation,pod=workload-cloud-6f545f89ff-2lrwm,0.008664123216052005
1783724706,cpu_utilisation,pod=workload-cloud-6f545f89ff-2lrwm,0.00874795762883002
1783724716,cpu_utilisation,pod=workload-cloud-6f545f89ff-2lrwm,0.008685258964143436
1783724726,cpu_utilisation,pod=workload-cloud-6f545f89ff-2lrwm,0.008633671972619121
1783724736,cpu_utilisation,pod=workload-cloud-6f545f89ff-2lrwm,0.008765485268411323
1783724746,cpu_utilisation,pod=workload-cloud-6f545f89ff-2lrwm,0.007132246201169978
1783724756,cpu_utilisation,pod=workload-cloud-6f545f89ff-2lrwm,0.008840379396921208
1783724766,cpu_utilisation,pod=workload-cloud-6f545f89ff-2lrwm,0.008609562921677909
1783724776,cpu_utilisation,pod=workload-cloud-6f545f89ff-2lrwm,0.00868981251859934
1783724786,cpu_utilisation,pod=workload-cloud-6f545f89ff-2lrwm,0.006960833571455178
1783724796,cpu_utilisation,pod=workload-cloud-6f545f89ff-2lrwm,0.008460562233609503
1783724806,cpu_utilisation,pod=workload-cloud-6f545f89ff-2lrwm,0.00892836800255177
1783724816,cpu_utilisation,pod=workload-cloud-6f545f89ff-2lrwm,0.008928368002551772
1783724826,cpu_utilisation,pod=workload-cloud-6f545f89ff-2lrwm,0.008797478871902003
1783724836,cpu_utilisation,pod=workload-cloud-6f545f89ff-2lrwm,0.00892822523318182
1783724846,cpu_utilisation,pod=workload-cloud-6f545f89ff-2lrwm,0.007283314326554711
1783724856,cpu_utilisation,pod=workload-cloud-6f545f89ff-2lrwm,0.008777191282294483
1783724866,cpu_utilisation,pod=workload-cloud-6f545f89ff-2lrwm,0.008968421360986616
1783724876,cpu_utilisation,pod=workload-cloud-6f545f89ff-2lrwm,0.009072528217980365
1783724886,cpu_utilisation,pod=workload-cloud-6f545f89ff-2lrwm,0.009039455860187366
1783724896,cpu_utilisation,pod=workload-cloud-6f545f89ff-2lrwm,0.009077965793304223
1783724906,cpu_utilisation,pod=workload-cloud-6f545f89ff-2lrwm,0.009024848398227736
1783724916,cpu_utilisation,pod=workload-cloud-6f545f89ff-2lrwm,0.008876518555500087
1783724926,cpu_utilisation,pod=workload-cloud-6f545f89ff-2lrwm,0.008792947929479291
1783724936,cpu_utilisation,pod=workload-cloud-6f545f89ff-2lrwm,0.00900589199486111
1783724946,cpu_utilisation,pod=workload-cloud-6f545f89ff-2lrwm,0.008845708818228342
1783724956,cpu_utilisation,pod=workload-cloud-6f545f89ff-2lrwm,0.008845708818228342
1783724966,cpu_utilisation,pod=workload-cloud-6f545f89ff-2lrwm,0.008931757079323617
1783724976,cpu_utilisation,pod=workload-cloud-6f545f89ff-2lrwm,0.00901250245935359
1783724986,cpu_utilisation,pod=workload-cloud-6f545f89ff-2lrwm,0.008839315149783505
1783724996,cpu_utilisation,pod=workload-cloud-6f545f89ff-2lrwm,0.009253532950888491
1783725006,cpu_utilisation,pod=workload-cloud-6f545f89ff-2lrwm,0.009492074757511213
1783725016,cpu_utilisation,pod=workload-cloud-6f545f89ff-2lrwm,0.009584539325842691
1783725026,cpu_utilisation,pod=workload-cloud-6f545f89ff-2lrwm,0.009667300380228136
1783725036,cpu_utilisation,pod=workload-cloud-6f545f89ff-2lrwm,0.009645244827312827
1783725046,cpu_utilisation,pod=workload-cloud-6f545f89ff-2lrwm,0.00977825898657427
1783725056,cpu_utilisation,pod=workload-cloud-6f545f89ff-2lrwm,0.00983070355801896
1783724416,cpu_utilisation,pod=workload-cloud-6f545f89ff-9hvzm,0.01015012169333485
1783724426,cpu_utilisation,pod=workload-cloud-6f545f89ff-9hvzm,0.026352093687749944
1783724436,cpu_utilisation,pod=workload-cloud-6f545f89ff-9hvzm,0.03313356164384011
1783724446,cpu_utilisation,pod=workload-cloud-6f545f89ff-9hvzm,0.08376434511435107
1783724456,cpu_utilisation,pod=workload-cloud-6f545f89ff-9hvzm,0.2276974445147673
1783724466,cpu_utilisation,pod=workload-cloud-6f545f89ff-9hvzm,0.2276974445147673
1783724476,cpu_utilisation,pod=workload-cloud-6f545f89ff-9hvzm,0.41518474411283546
1783724486,cpu_utilisation,pod=workload-cloud-6f545f89ff-9hvzm,0.5518194325738459
1783724496,cpu_utilisation,pod=workload-cloud-6f545f89ff-9hvzm,0.5518194325738459
1783724506,cpu_utilisation,pod=workload-cloud-6f545f89ff-9hvzm,0.7216620420637783
1783724516,cpu_utilisation,pod=workload-cloud-6f545f89ff-9hvzm,0.6976930766485354
1783724526,cpu_utilisation,pod=workload-cloud-6f545f89ff-9hvzm,0.8601808362044884
1783724536,cpu_utilisation,pod=workload-cloud-6f545f89ff-9hvzm,0.907261222481858
1783724546,cpu_utilisation,pod=workload-cloud-6f545f89ff-9hvzm,0.7777371031831933
1783724556,cpu_utilisation,pod=workload-cloud-6f545f89ff-9hvzm,0.9882183156735933
1783724566,cpu_utilisation,pod=workload-cloud-6f545f89ff-9hvzm,1.0563742987144908
1783724576,cpu_utilisation,pod=workload-cloud-6f545f89ff-9hvzm,1.101188828574981
1783724586,cpu_utilisation,pod=workload-cloud-6f545f89ff-9hvzm,1.1444671825856638
1783724596,cpu_utilisation,pod=workload-cloud-6f545f89ff-9hvzm,1.1444671825856638
1783724606,cpu_utilisation,pod=workload-cloud-6f545f89ff-9hvzm,1.1844580271858947
1783724616,cpu_utilisation,pod=workload-cloud-6f545f89ff-9hvzm,1.2075254655705507
1783724626,cpu_utilisation,pod=workload-cloud-6f545f89ff-9hvzm,1.3698989140086009
1783724636,cpu_utilisation,pod=workload-cloud-6f545f89ff-9hvzm,1.5478096673639234
1783724646,cpu_utilisation,pod=workload-cloud-6f545f89ff-9hvzm,1.7320031774216154
1783724656,cpu_utilisation,pod=workload-cloud-6f545f89ff-9hvzm,1.7320031774216154
1783724666,cpu_utilisation,pod=workload-cloud-6f545f89ff-9hvzm,1.832647033310209
1783724676,cpu_utilisation,pod=workload-cloud-6f545f89ff-9hvzm,1.832647033310209
1783724686,cpu_utilisation,pod=workload-cloud-6f545f89ff-9hvzm,1.871292889055173
1783724696,cpu_utilisation,pod=workload-cloud-6f545f89ff-9hvzm,1.8767126714579463
1783724706,cpu_utilisation,pod=workload-cloud-6f545f89ff-9hvzm,1.5325827440625097
1783724716,cpu_utilisation,pod=workload-cloud-6f545f89ff-9hvzm,1.8755998139776346
1783724726,cpu_utilisation,pod=workload-cloud-6f545f89ff-9hvzm,1.8882941271155274
1783724736,cpu_utilisation,pod=workload-cloud-6f545f89ff-9hvzm,1.8882941271155274
1783724746,cpu_utilisation,pod=workload-cloud-6f545f89ff-9hvzm,1.8891075537440007
1783724756,cpu_utilisation,pod=workload-cloud-6f545f89ff-9hvzm,1.8694166780463373
1783724766,cpu_utilisation,pod=workload-cloud-6f545f89ff-9hvzm,1.8694166780463373
1783724776,cpu_utilisation,pod=workload-cloud-6f545f89ff-9hvzm,1.7865700128464002
1783724786,cpu_utilisation,pod=workload-cloud-6f545f89ff-9hvzm,1.596082366348945
1783724796,cpu_utilisation,pod=workload-cloud-6f545f89ff-9hvzm,1.596082366348945
1783724806,cpu_utilisation,pod=workload-cloud-6f545f89ff-9hvzm,1.4000468844525042
1783724816,cpu_utilisation,pod=workload-cloud-6f545f89ff-9hvzm,1.2690791031347608
1783724826,cpu_utilisation,pod=workload-cloud-6f545f89ff-9hvzm,1.244631043704693
1783724836,cpu_utilisation,pod=workload-cloud-6f545f89ff-9hvzm,1.1967372276285133
1783724846,cpu_utilisation,pod=workload-cloud-6f545f89ff-9hvzm,1.1968209812708257
1783724856,cpu_utilisation,pod=workload-cloud-6f545f89ff-9hvzm,1.2094875553149043
1783724866,cpu_utilisation,pod=workload-cloud-6f545f89ff-9hvzm,1.0378723103090421
1783724876,cpu_utilisation,pod=workload-cloud-6f545f89ff-9hvzm,1.226725709483479
1783724886,cpu_utilisation,pod=workload-cloud-6f545f89ff-9hvzm,1.043060276571775
1783724896,cpu_utilisation,pod=workload-cloud-6f545f89ff-9hvzm,1.2301623112113826
1783724906,cpu_utilisation,pod=workload-cloud-6f545f89ff-9hvzm,1.21182635548753
1783724916,cpu_utilisation,pod=workload-cloud-6f545f89ff-9hvzm,1.2073949076524473
1783724926,cpu_utilisation,pod=workload-cloud-6f545f89ff-9hvzm,1.2047119728120896
1783724936,cpu_utilisation,pod=workload-cloud-6f545f89ff-9hvzm,1.1949996382404027
1783724946,cpu_utilisation,pod=workload-cloud-6f545f89ff-9hvzm,1.0079755559689003
1783724956,cpu_utilisation,pod=workload-cloud-6f545f89ff-9hvzm,1.1966482956431046
1783724966,cpu_utilisation,pod=workload-cloud-6f545f89ff-9hvzm,1.202094285911074
1783724976,cpu_utilisation,pod=workload-cloud-6f545f89ff-9hvzm,1.1630366285939353
1783724986,cpu_utilisation,pod=workload-cloud-6f545f89ff-9hvzm,1.1528962589896377
1783724996,cpu_utilisation,pod=workload-cloud-6f545f89ff-9hvzm,0.8249778210292944
1783725006,cpu_utilisation,pod=workload-cloud-6f545f89ff-9hvzm,0.8249778210292944
1783725016,cpu_utilisation,pod=workload-cloud-6f545f89ff-9hvzm,0.45203777849531795
1783725026,cpu_utilisation,pod=workload-cloud-6f545f89ff-9hvzm,0.11171898028281495
1783725036,cpu_utilisation,pod=workload-cloud-6f545f89ff-9hvzm,0.009585755813948002
1783725046,cpu_utilisation,pod=workload-cloud-6f545f89ff-9hvzm,0.009764574236996903
1783725056,cpu_utilisation,pod=workload-cloud-6f545f89ff-9hvzm,0.009416644301847923
1783724656,cpu_utilisation,pod=workload-cloud-6f545f89ff-gcw24,0.05335658898373984
1783724666,cpu_utilisation,pod=workload-cloud-6f545f89ff-gcw24,0.04722318280905077
1783724676,cpu_utilisation,pod=workload-cloud-6f545f89ff-gcw24,0.046055828243036265
1783724686,cpu_utilisation,pod=workload-cloud-6f545f89ff-gcw24,0.04709134722222222
1783724696,cpu_utilisation,pod=workload-cloud-6f545f89ff-gcw24,0.008833451471476201
1783724706,cpu_utilisation,pod=workload-cloud-6f545f89ff-gcw24,0.008843401978473216
1783724716,cpu_utilisation,pod=workload-cloud-6f545f89ff-gcw24,0.008820092742017853
1783724726,cpu_utilisation,pod=workload-cloud-6f545f89ff-gcw24,0.008912499741612755
1783724736,cpu_utilisation,pod=workload-cloud-6f545f89ff-gcw24,0.007080168783836143
1783724746,cpu_utilisation,pod=workload-cloud-6f545f89ff-gcw24,0.008872194308107163
1783724756,cpu_utilisation,pod=workload-cloud-6f545f89ff-gcw24,0.008826484717410855
1783724766,cpu_utilisation,pod=workload-cloud-6f545f89ff-gcw24,0.008863355983316033
1783724776,cpu_utilisation,pod=workload-cloud-6f545f89ff-gcw24,0.007490991709990918
1783724786,cpu_utilisation,pod=workload-cloud-6f545f89ff-gcw24,0.008959238180819729
1783724796,cpu_utilisation,pod=workload-cloud-6f545f89ff-gcw24,0.007301480476095384
1783724806,cpu_utilisation,pod=workload-cloud-6f545f89ff-gcw24,0.009148515693066144
1783724816,cpu_utilisation,pod=workload-cloud-6f545f89ff-gcw24,0.009218620821232482
1783724826,cpu_utilisation,pod=workload-cloud-6f545f89ff-gcw24,0.009040648845803148
1783724836,cpu_utilisation,pod=workload-cloud-6f545f89ff-gcw24,0.008954726904667316
1783724846,cpu_utilisation,pod=workload-cloud-6f545f89ff-gcw24,0.007459879953690498
1783724856,cpu_utilisation,pod=workload-cloud-6f545f89ff-gcw24,0.009068865455373068
1783724866,cpu_utilisation,pod=workload-cloud-6f545f89ff-gcw24,0.009066888495321926
1783724876,cpu_utilisation,pod=workload-cloud-6f545f89ff-gcw24,0.009171964177996378
1783724886,cpu_utilisation,pod=workload-cloud-6f545f89ff-gcw24,0.009167033838561852
1783724896,cpu_utilisation,pod=workload-cloud-6f545f89ff-gcw24,0.009070467497964599
1783724906,cpu_utilisation,pod=workload-cloud-6f545f89ff-gcw24,0.009070467497964599
1783724916,cpu_utilisation,pod=workload-cloud-6f545f89ff-gcw24,0.009281193140025552
1783724926,cpu_utilisation,pod=workload-cloud-6f545f89ff-gcw24,0.00926421370763271
1783724936,cpu_utilisation,pod=workload-cloud-6f545f89ff-gcw24,0.00926421370763271
1783724946,cpu_utilisation,pod=workload-cloud-6f545f89ff-gcw24,0.009047721461514566
1783724956,cpu_utilisation,pod=workload-cloud-6f545f89ff-gcw24,0.00660964275832371
1783724966,cpu_utilisation,pod=workload-cloud-6f545f89ff-gcw24,0.008658640892956423
1783724976,cpu_utilisation,pod=workload-cloud-6f545f89ff-gcw24,0.0074518699288844015
1783724986,cpu_utilisation,pod=workload-cloud-6f545f89ff-gcw24,0.009135886096981148
1783724996,cpu_utilisation,pod=workload-cloud-6f545f89ff-gcw24,0.009276782066539964
1783725006,cpu_utilisation,pod=workload-cloud-6f545f89ff-gcw24,0.009678620948978882
1783725016,cpu_utilisation,pod=workload-cloud-6f545f89ff-gcw24,0.009377992380253858
1783725026,cpu_utilisation,pod=workload-cloud-6f545f89ff-gcw24,0.00941038302707192
1783725036,cpu_utilisation,pod=workload-cloud-6f545f89ff-gcw24,0.00941038302707192
1783725046,cpu_utilisation,pod=workload-cloud-6f545f89ff-gcw24,0.006714717875234626
1783724576,cpu_utilisation,pod=workload-cloud-6f545f89ff-k8vqb,0.04988663772136123
1783724586,cpu_utilisation,pod=workload-cloud-6f545f89ff-k8vqb,0.04064022172396214
1783724596,cpu_utilisation,pod=workload-cloud-6f545f89ff-k8vqb,0.05171946366064507
1783724606,cpu_utilisation,pod=workload-cloud-6f545f89ff-k8vqb,0.0697100465204493
1783724616,cpu_utilisation,pod=workload-cloud-6f545f89ff-k8vqb,0.17407034759866857
1783724626,cpu_utilisation,pod=workload-cloud-6f545f89ff-k8vqb,0.44875158837411
1783724636,cpu_utilisation,pod=workload-cloud-6f545f89ff-k8vqb,0.8821613320898245
1783724646,cpu_utilisation,pod=workload-cloud-6f545f89ff-k8vqb,0.8899325277777776
1783724656,cpu_utilisation,pod=workload-cloud-6f545f89ff-k8vqb,1.5687498319408433
1783724666,cpu_utilisation,pod=workload-cloud-6f545f89ff-k8vqb,1.86456492035862
1783724676,cpu_utilisation,pod=workload-cloud-6f545f89ff-k8vqb,2.0032066273230456
1783724686,cpu_utilisation,pod=workload-cloud-6f545f89ff-k8vqb,1.9868526932942472
1783724696,cpu_utilisation,pod=workload-cloud-6f545f89ff-k8vqb,1.9663158192250079
1783724706,cpu_utilisation,pod=workload-cloud-6f545f89ff-k8vqb,1.9835844793521
1783724716,cpu_utilisation,pod=workload-cloud-6f545f89ff-k8vqb,1.99785743738683
1783724726,cpu_utilisation,pod=workload-cloud-6f545f89ff-k8vqb,2.007392180619306
1783724736,cpu_utilisation,pod=workload-cloud-6f545f89ff-k8vqb,2.0415631351477637
1783724746,cpu_utilisation,pod=workload-cloud-6f545f89ff-k8vqb,2.0363110718929964
1783724756,cpu_utilisation,pod=workload-cloud-6f545f89ff-k8vqb,2.0363110718929964
1783724766,cpu_utilisation,pod=workload-cloud-6f545f89ff-k8vqb,1.9597818677573278
1783724776,cpu_utilisation,pod=workload-cloud-6f545f89ff-k8vqb,1.6817101670500718
1783724786,cpu_utilisation,pod=workload-cloud-6f545f89ff-k8vqb,1.4140717203013864
1783724796,cpu_utilisation,pod=workload-cloud-6f545f89ff-k8vqb,1.1810156345724994
1783724806,cpu_utilisation,pod=workload-cloud-6f545f89ff-k8vqb,0.33178167423793303
1783724816,cpu_utilisation,pod=workload-cloud-6f545f89ff-k8vqb,0.3268984102583321
1783724826,cpu_utilisation,pod=workload-cloud-6f545f89ff-k8vqb,0.14636049590755754
1783724836,cpu_utilisation,pod=workload-cloud-6f545f89ff-k8vqb,0.1272875106650966
1783724846,cpu_utilisation,pod=workload-cloud-6f545f89ff-k8vqb,0.10808949704842694
1783724856,cpu_utilisation,pod=workload-cloud-6f545f89ff-k8vqb,0.12748584308587538
1783724866,cpu_utilisation,pod=workload-cloud-6f545f89ff-k8vqb,0.1059679996189655
1783724876,cpu_utilisation,pod=workload-cloud-6f545f89ff-k8vqb,0.1273034669710367
1783724886,cpu_utilisation,pod=workload-cloud-6f545f89ff-k8vqb,0.1277541130477276
1783724896,cpu_utilisation,pod=workload-cloud-6f545f89ff-k8vqb,0.12801197865621244
1783724906,cpu_utilisation,pod=workload-cloud-6f545f89ff-k8vqb,0.12816070869701227
1783724916,cpu_utilisation,pod=workload-cloud-6f545f89ff-k8vqb,0.12891206418594725
1783724926,cpu_utilisation,pod=workload-cloud-6f545f89ff-k8vqb,0.12884755502140707
1783724936,cpu_utilisation,pod=workload-cloud-6f545f89ff-k8vqb,0.1285490203777143
1783724946,cpu_utilisation,pod=workload-cloud-6f545f89ff-k8vqb,0.12837801882930822
1783724956,cpu_utilisation,pod=workload-cloud-6f545f89ff-k8vqb,0.12903849689726554
1783724966,cpu_utilisation,pod=workload-cloud-6f545f89ff-k8vqb,0.11034274001507208
1783724976,cpu_utilisation,pod=workload-cloud-6f545f89ff-k8vqb,0.10287726975703551
1783724986,cpu_utilisation,pod=workload-cloud-6f545f89ff-k8vqb,0.08227318385034914
1783724996,cpu_utilisation,pod=workload-cloud-6f545f89ff-k8vqb,0.04477273884053572
1783725006,cpu_utilisation,pod=workload-cloud-6f545f89ff-k8vqb,0.03612563054580025
1783725016,cpu_utilisation,pod=workload-cloud-6f545f89ff-k8vqb,0.009616792249731656
1783725026,cpu_utilisation,pod=workload-cloud-6f545f89ff-k8vqb,0.009858176555715383
1783725036,cpu_utilisation,pod=workload-cloud-6f545f89ff-k8vqb,0.010144222587779804
1783725046,cpu_utilisation,pod=workload-cloud-6f545f89ff-k8vqb,0.009837968465255306
1783725056,cpu_utilisation,pod=workload-cloud-6f545f89ff-k8vqb,0.008401347974986971
1783724616,cpu_utilisation,pod=workload-cloud-6f545f89ff-ntlmb,0.12717997581998472
1783724626,cpu_utilisation,pod=workload-cloud-6f545f89ff-ntlmb,0.21629884182557846
1783724636,cpu_utilisation,pod=workload-cloud-6f545f89ff-ntlmb,0.5524724311414579
1783724646,cpu_utilisation,pod=workload-cloud-6f545f89ff-ntlmb,0.7144322687277594
1783724656,cpu_utilisation,pod=workload-cloud-6f545f89ff-ntlmb,1.0204200580298806
1783724666,cpu_utilisation,pod=workload-cloud-6f545f89ff-ntlmb,1.293240403739612
1783724676,cpu_utilisation,pod=workload-cloud-6f545f89ff-ntlmb,1.1511785985943963
1783724686,cpu_utilisation,pod=workload-cloud-6f545f89ff-ntlmb,1.4545896550306319
1783724696,cpu_utilisation,pod=workload-cloud-6f545f89ff-ntlmb,1.244580139547605
1783724706,cpu_utilisation,pod=workload-cloud-6f545f89ff-ntlmb,1.4535282431071146
1783724716,cpu_utilisation,pod=workload-cloud-6f545f89ff-ntlmb,1.4505571970788893
1783724726,cpu_utilisation,pod=workload-cloud-6f545f89ff-ntlmb,1.4457285753189348
1783724736,cpu_utilisation,pod=workload-cloud-6f545f89ff-ntlmb,1.4501785518074934
1783724746,cpu_utilisation,pod=workload-cloud-6f545f89ff-ntlmb,1.4296270932761006
1783724756,cpu_utilisation,pod=workload-cloud-6f545f89ff-ntlmb,1.3973598715088094
1783724766,cpu_utilisation,pod=workload-cloud-6f545f89ff-ntlmb,1.387224625388747
1783724776,cpu_utilisation,pod=workload-cloud-6f545f89ff-ntlmb,1.2212491717784857
1783724786,cpu_utilisation,pod=workload-cloud-6f545f89ff-ntlmb,0.6625664973745368
1783724796,cpu_utilisation,pod=workload-cloud-6f545f89ff-ntlmb,0.6625664973745368
1783724806,cpu_utilisation,pod=workload-cloud-6f545f89ff-ntlmb,0.18432693298172592
1783724816,cpu_utilisation,pod=workload-cloud-6f545f89ff-ntlmb,0.023560018317977965
1783724826,cpu_utilisation,pod=workload-cloud-6f545f89ff-ntlmb,0.019554174863174612
1783724836,cpu_utilisation,pod=workload-cloud-6f545f89ff-ntlmb,0.009348919629587329
1783724846,cpu_utilisation,pod=workload-cloud-6f545f89ff-ntlmb,0.007446131261517213
1783724856,cpu_utilisation,pod=workload-cloud-6f545f89ff-ntlmb,0.009157972871291432
1783724866,cpu_utilisation,pod=workload-cloud-6f545f89ff-ntlmb,0.009111899961391822
1783724876,cpu_utilisation,pod=workload-cloud-6f545f89ff-ntlmb,0.009111899961391822
1783724886,cpu_utilisation,pod=workload-cloud-6f545f89ff-ntlmb,0.009390412219359587
1783724896,cpu_utilisation,pod=workload-cloud-6f545f89ff-ntlmb,0.009387745122010918
1783724906,cpu_utilisation,pod=workload-cloud-6f545f89ff-ntlmb,0.009390075108387876
1783724916,cpu_utilisation,pod=workload-cloud-6f545f89ff-ntlmb,0.009542700018686992
1783724926,cpu_utilisation,pod=workload-cloud-6f545f89ff-ntlmb,0.009244649079144261
1783724936,cpu_utilisation,pod=workload-cloud-6f545f89ff-ntlmb,0.009244649079144261
1783724946,cpu_utilisation,pod=workload-cloud-6f545f89ff-ntlmb,0.00934407317933826
1783724956,cpu_utilisation,pod=workload-cloud-6f545f89ff-ntlmb,0.009262500237016122
1783724966,cpu_utilisation,pod=workload-cloud-6f545f89ff-ntlmb,0.009224162247545459
1783724976,cpu_utilisation,pod=workload-cloud-6f545f89ff-ntlmb,0.009546829508072752
1783724986,cpu_utilisation,pod=workload-cloud-6f545f89ff-ntlmb,0.009673462064634994
1783724996,cpu_utilisation,pod=workload-cloud-6f545f89ff-ntlmb,0.009678310835461562
1783725006,cpu_utilisation,pod=workload-cloud-6f545f89ff-ntlmb,0.009925363547608302
1783725016,cpu_utilisation,pod=workload-cloud-6f545f89ff-ntlmb,0.008419332312950278
1783725026,cpu_utilisation,pod=workload-cloud-6f545f89ff-ntlmb,0.010027292173784784
1783725036,cpu_utilisation,pod=workload-cloud-6f545f89ff-ntlmb,0.009987721843955997
1783725046,cpu_utilisation,pod=workload-cloud-6f545f89ff-ntlmb,0.009824456130397837
1783725056,cpu_utilisation,pod=workload-cloud-6f545f89ff-ntlmb,0.006269624999999834
1783724506,cpu_utilisation,pod=workload-cloud-6f545f89ff-qs4hw,0.04493644187149634
1783724516,cpu_utilisation,pod=workload-cloud-6f545f89ff-qs4hw,0.07496425558430359
1783724526,cpu_utilisation,pod=workload-cloud-6f545f89ff-qs4hw,0.08799611984382451
1783724536,cpu_utilisation,pod=workload-cloud-6f545f89ff-qs4hw,0.12865927732074858
1783724546,cpu_utilisation,pod=workload-cloud-6f545f89ff-qs4hw,0.17260793148513615
1783724556,cpu_utilisation,pod=workload-cloud-6f545f89ff-qs4hw,0.19091372266282144
1783724566,cpu_utilisation,pod=workload-cloud-6f545f89ff-qs4hw,0.23463300449331026
1783724576,cpu_utilisation,pod=workload-cloud-6f545f89ff-qs4hw,0.26643196741899594
1783724586,cpu_utilisation,pod=workload-cloud-6f545f89ff-qs4hw,0.27601255537499164
1783724596,cpu_utilisation,pod=workload-cloud-6f545f89ff-qs4hw,0.34837098434925867
1783724606,cpu_utilisation,pod=workload-cloud-6f545f89ff-qs4hw,0.39462508831841725
1783724616,cpu_utilisation,pod=workload-cloud-6f545f89ff-qs4hw,0.5699342105263157
1783724626,cpu_utilisation,pod=workload-cloud-6f545f89ff-qs4hw,0.67246089586634
1783724636,cpu_utilisation,pod=workload-cloud-6f545f89ff-qs4hw,1.342117862681517
1783724646,cpu_utilisation,pod=workload-cloud-6f545f89ff-qs4hw,1.5069020510418152
1783724656,cpu_utilisation,pod=workload-cloud-6f545f89ff-qs4hw,1.8040988936484947
1783724666,cpu_utilisation,pod=workload-cloud-6f545f89ff-qs4hw,1.8663365259902223
1783724676,cpu_utilisation,pod=workload-cloud-6f545f89ff-qs4hw,1.9610329733529297
1783724686,cpu_utilisation,pod=workload-cloud-6f545f89ff-qs4hw,1.9831788784525983
1783724696,cpu_utilisation,pod=workload-cloud-6f545f89ff-qs4hw,1.9967879015249834
1783724706,cpu_utilisation,pod=workload-cloud-6f545f89ff-qs4hw,1.9989465386771301
1783724716,cpu_utilisation,pod=workload-cloud-6f545f89ff-qs4hw,1.9989465386771301
1783724726,cpu_utilisation,pod=workload-cloud-6f545f89ff-qs4hw,1.9962238442223428
1783724736,cpu_utilisation,pod=workload-cloud-6f545f89ff-qs4hw,1.9987704993635746
1783724746,cpu_utilisation,pod=workload-cloud-6f545f89ff-qs4hw,2.0029937134185998
1783724756,cpu_utilisation,pod=workload-cloud-6f545f89ff-qs4hw,2.007535451197053
1783724766,cpu_utilisation,pod=workload-cloud-6f545f89ff-qs4hw,1.895259415204678
1783724776,cpu_utilisation,pod=workload-cloud-6f545f89ff-qs4hw,1.895259415204678
1783724786,cpu_utilisation,pod=workload-cloud-6f545f89ff-qs4hw,1.520980016868877
1783724796,cpu_utilisation,pod=workload-cloud-6f545f89ff-qs4hw,1.1099893679345592
1783724806,cpu_utilisation,pod=workload-cloud-6f545f89ff-qs4hw,1.1099893679345592
1783724816,cpu_utilisation,pod=workload-cloud-6f545f89ff-qs4hw,0.6947488493538687
1783724826,cpu_utilisation,pod=workload-cloud-6f545f89ff-qs4hw,0.5365936938408759
1783724836,cpu_utilisation,pod=workload-cloud-6f545f89ff-qs4hw,0.5383308257209388
1783724846,cpu_utilisation,pod=workload-cloud-6f545f89ff-qs4hw,0.5378286973349813
1783724856,cpu_utilisation,pod=workload-cloud-6f545f89ff-qs4hw,0.548316152345481
1783724866,cpu_utilisation,pod=workload-cloud-6f545f89ff-qs4hw,0.5482132129415159
1783724876,cpu_utilisation,pod=workload-cloud-6f545f89ff-qs4hw,0.5451315166344365
1783724886,cpu_utilisation,pod=workload-cloud-6f545f89ff-qs4hw,0.5454992704602721
1783724896,cpu_utilisation,pod=workload-cloud-6f545f89ff-qs4hw,0.4482645911224032
1783724906,cpu_utilisation,pod=workload-cloud-6f545f89ff-qs4hw,0.46523930413228975
1783724916,cpu_utilisation,pod=workload-cloud-6f545f89ff-qs4hw,0.5441369453362066
1783724926,cpu_utilisation,pod=workload-cloud-6f545f89ff-qs4hw,0.5449636317323745
1783724936,cpu_utilisation,pod=workload-cloud-6f545f89ff-qs4hw,0.5423411901490329
1783724946,cpu_utilisation,pod=workload-cloud-6f545f89ff-qs4hw,0.5341228225742883
1783724956,cpu_utilisation,pod=workload-cloud-6f545f89ff-qs4hw,0.5320505428448763
1783724966,cpu_utilisation,pod=workload-cloud-6f545f89ff-qs4hw,0.5389730329949242
1783724976,cpu_utilisation,pod=workload-cloud-6f545f89ff-qs4hw,0.4879935184950753
1783724986,cpu_utilisation,pod=workload-cloud-6f545f89ff-qs4hw,0.3910967399691355
1783724996,cpu_utilisation,pod=workload-cloud-6f545f89ff-qs4hw,0.26406387118928565
1783725006,cpu_utilisation,pod=workload-cloud-6f545f89ff-qs4hw,0.15120535714285702
1783725016,cpu_utilisation,pod=workload-cloud-6f545f89ff-qs4hw,0.10743998681632581
1783725026,cpu_utilisation,pod=workload-cloud-6f545f89ff-qs4hw,0.026043242091809714
1783725036,cpu_utilisation,pod=workload-cloud-6f545f89ff-qs4hw,0.010614557523129953
1783725046,cpu_utilisation,pod=workload-cloud-6f545f89ff-qs4hw,0.010023824869941635
1783725056,cpu_utilisation,pod=workload-cloud-6f545f89ff-qs4hw,0.010326617027856769
1783724416,cpu_utilisation,pod=workload-edge-7b875fd8c6-pxwvc,0.017272730394546697
1783724426,cpu_utilisation,pod=workload-edge-7b875fd8c6-pxwvc,0.02124460206529685
1783724436,cpu_utilisation,pod=workload-edge-7b875fd8c6-pxwvc,0.021763126058553215
1783724446,cpu_utilisation,pod=workload-edge-7b875fd8c6-pxwvc,0.02192405887493351
1783724456,cpu_utilisation,pod=workload-edge-7b875fd8c6-pxwvc,0.02188210830079774
1783724466,cpu_utilisation,pod=workload-edge-7b875fd8c6-pxwvc,0.021492930475504036
1783724476,cpu_utilisation,pod=workload-edge-7b875fd8c6-pxwvc,0.021492930475504036
1783724486,cpu_utilisation,pod=workload-edge-7b875fd8c6-pxwvc,0.02138910160815739
1783724496,cpu_utilisation,pod=workload-edge-7b875fd8c6-pxwvc,0.021115167474614355
1783724506,cpu_utilisation,pod=workload-edge-7b875fd8c6-pxwvc,0.021599101097016384
1783724516,cpu_utilisation,pod=workload-edge-7b875fd8c6-pxwvc,0.02133918770581786
1783724526,cpu_utilisation,pod=workload-edge-7b875fd8c6-pxwvc,0.02117822459307906
1783724536,cpu_utilisation,pod=workload-edge-7b875fd8c6-pxwvc,0.02098789089574763
1783724546,cpu_utilisation,pod=workload-edge-7b875fd8c6-pxwvc,0.021333148430638747
1783724556,cpu_utilisation,pod=workload-edge-7b875fd8c6-pxwvc,0.01739340280309738
1783724566,cpu_utilisation,pod=workload-edge-7b875fd8c6-pxwvc,0.021575071096959452
1783724576,cpu_utilisation,pod=workload-edge-7b875fd8c6-pxwvc,0.02161681588555997
1783724586,cpu_utilisation,pod=workload-edge-7b875fd8c6-pxwvc,0.021711017525792065
1783724596,cpu_utilisation,pod=workload-edge-7b875fd8c6-pxwvc,0.021347204954373443
1783724606,cpu_utilisation,pod=workload-edge-7b875fd8c6-pxwvc,0.021699161135693017
1783724616,cpu_utilisation,pod=workload-edge-7b875fd8c6-pxwvc,0.021734497695212185
1783724626,cpu_utilisation,pod=workload-edge-7b875fd8c6-pxwvc,0.018596458843256506
1783724636,cpu_utilisation,pod=workload-edge-7b875fd8c6-pxwvc,0.021560337699638974
1783724646,cpu_utilisation,pod=workload-edge-7b875fd8c6-pxwvc,0.021710328859923578
1783724656,cpu_utilisation,pod=workload-edge-7b875fd8c6-pxwvc,0.021710328859923578
1783724666,cpu_utilisation,pod=workload-edge-7b875fd8c6-pxwvc,0.02205477436576487
1783724676,cpu_utilisation,pod=workload-edge-7b875fd8c6-pxwvc,0.01840104156386717
1783724686,cpu_utilisation,pod=workload-edge-7b875fd8c6-pxwvc,0.02218752557911101
1783724696,cpu_utilisation,pod=workload-edge-7b875fd8c6-pxwvc,0.021712030220844773
1783724706,cpu_utilisation,pod=workload-edge-7b875fd8c6-pxwvc,0.022174061184258496
1783724716,cpu_utilisation,pod=workload-edge-7b875fd8c6-pxwvc,0.01835131463070673
1783724726,cpu_utilisation,pod=workload-edge-7b875fd8c6-pxwvc,0.02190793031293337
1783724736,cpu_utilisation,pod=workload-edge-7b875fd8c6-pxwvc,0.021638765557901004
1783724746,cpu_utilisation,pod=workload-edge-7b875fd8c6-pxwvc,0.0218833576184593
1783724756,cpu_utilisation,pod=workload-edge-7b875fd8c6-pxwvc,0.02124414926091069
1783724766,cpu_utilisation,pod=workload-edge-7b875fd8c6-pxwvc,0.01608600000000019
1783724776,cpu_utilisation,pod=workload-edge-7b875fd8c6-pxwvc,0.021450042013597397
1783724786,cpu_utilisation,pod=workload-edge-7b875fd8c6-pxwvc,0.018694302835571403
1783724796,cpu_utilisation,pod=workload-edge-7b875fd8c6-pxwvc,0.02140397297893208
1783724806,cpu_utilisation,pod=workload-edge-7b875fd8c6-pxwvc,0.021620249188566393
1783724816,cpu_utilisation,pod=workload-edge-7b875fd8c6-pxwvc,0.02102634957851839
1783724826,cpu_utilisation,pod=workload-edge-7b875fd8c6-pxwvc,0.021434509706114307
1783724836,cpu_utilisation,pod=workload-edge-7b875fd8c6-pxwvc,0.01843329035540955
1783724846,cpu_utilisation,pod=workload-edge-7b875fd8c6-pxwvc,0.021402190304318947
1783724856,cpu_utilisation,pod=workload-edge-7b875fd8c6-pxwvc,0.021438364015680944
1783724866,cpu_utilisation,pod=workload-edge-7b875fd8c6-pxwvc,0.021901443067307784
1783724876,cpu_utilisation,pod=workload-edge-7b875fd8c6-pxwvc,0.02170255629672745
1783724886,cpu_utilisation,pod=workload-edge-7b875fd8c6-pxwvc,0.021136328615140892
1783724896,cpu_utilisation,pod=workload-edge-7b875fd8c6-pxwvc,0.021559965446081717
1783724906,cpu_utilisation,pod=workload-edge-7b875fd8c6-pxwvc,0.021559965446081717
1783724916,cpu_utilisation,pod=workload-edge-7b875fd8c6-pxwvc,0.021537323648246037
1783724926,cpu_utilisation,pod=workload-edge-7b875fd8c6-pxwvc,0.02221551258253257
1783724936,cpu_utilisation,pod=workload-edge-7b875fd8c6-pxwvc,0.02184406905513257
1783724946,cpu_utilisation,pod=workload-edge-7b875fd8c6-pxwvc,0.018635615980441906
1783724956,cpu_utilisation,pod=workload-edge-7b875fd8c6-pxwvc,0.02117730598883128
1783724966,cpu_utilisation,pod=workload-edge-7b875fd8c6-pxwvc,0.018224483623788576
1783724976,cpu_utilisation,pod=workload-edge-7b875fd8c6-pxwvc,0.021221830087592125
1783724986,cpu_utilisation,pod=workload-edge-7b875fd8c6-pxwvc,0.02146731980405865
1783724996,cpu_utilisation,pod=workload-edge-7b875fd8c6-pxwvc,0.021598457554604628
1783725006,cpu_utilisation,pod=workload-edge-7b875fd8c6-pxwvc,0.02162923145837331
1783725016,cpu_utilisation,pod=workload-edge-7b875fd8c6-pxwvc,0.021597894584349762
1783725026,cpu_utilisation,pod=workload-edge-7b875fd8c6-pxwvc,0.02144739708124611
1783725036,cpu_utilisation,pod=workload-edge-7b875fd8c6-pxwvc,0.021517723939400133
1783725046,cpu_utilisation,pod=workload-edge-7b875fd8c6-pxwvc,0.021517723939400133
1783725056,cpu_utilisation,pod=workload-edge-7b875fd8c6-pxwvc,0.02099601025933306
1783724636,mem_mib,pod=workload-cloud-6f545f89ff-2lrwm,2.73828125
1783724646,mem_mib,pod=workload-cloud-6f545f89ff-2lrwm,2.73828125
1783724656,mem_mib,pod=workload-cloud-6f545f89ff-2lrwm,35.15625
1783724666,mem_mib,pod=workload-cloud-6f545f89ff-2lrwm,35.15625
1783724676,mem_mib,pod=workload-cloud-6f545f89ff-2lrwm,35.19140625
1783724686,mem_mib,pod=workload-cloud-6f545f89ff-2lrwm,35.1875
1783724696,mem_mib,pod=workload-cloud-6f545f89ff-2lrwm,35.1875
1783724706,mem_mib,pod=workload-cloud-6f545f89ff-2lrwm,35.19921875
1783724716,mem_mib,pod=workload-cloud-6f545f89ff-2lrwm,35.20703125
1783724726,mem_mib,pod=workload-cloud-6f545f89ff-2lrwm,35.20703125
1783724736,mem_mib,pod=workload-cloud-6f545f89ff-2lrwm,35.20703125
1783724746,mem_mib,pod=workload-cloud-6f545f89ff-2lrwm,35.2109375
1783724756,mem_mib,pod=workload-cloud-6f545f89ff-2lrwm,35.2109375
1783724766,mem_mib,pod=workload-cloud-6f545f89ff-2lrwm,35.2109375
1783724776,mem_mib,pod=workload-cloud-6f545f89ff-2lrwm,35.21875
1783724786,mem_mib,pod=workload-cloud-6f545f89ff-2lrwm,35.21875
1783724796,mem_mib,pod=workload-cloud-6f545f89ff-2lrwm,35.21875
1783724806,mem_mib,pod=workload-cloud-6f545f89ff-2lrwm,35.22265625
1783724816,mem_mib,pod=workload-cloud-6f545f89ff-2lrwm,35.22265625
1783724826,mem_mib,pod=workload-cloud-6f545f89ff-2lrwm,35.23828125
1783724836,mem_mib,pod=workload-cloud-6f545f89ff-2lrwm,35.23828125
1783724846,mem_mib,pod=workload-cloud-6f545f89ff-2lrwm,35.23828125
1783724856,mem_mib,pod=workload-cloud-6f545f89ff-2lrwm,35.23828125
1783724866,mem_mib,pod=workload-cloud-6f545f89ff-2lrwm,35.23828125
1783724876,mem_mib,pod=workload-cloud-6f545f89ff-2lrwm,35.25390625
1783724886,mem_mib,pod=workload-cloud-6f545f89ff-2lrwm,35.25390625
1783724896,mem_mib,pod=workload-cloud-6f545f89ff-2lrwm,35.25390625
1783724906,mem_mib,pod=workload-cloud-6f545f89ff-2lrwm,35.25390625
1783724916,mem_mib,pod=workload-cloud-6f545f89ff-2lrwm,35.25390625
1783724926,mem_mib,pod=workload-cloud-6f545f89ff-2lrwm,35.26171875
1783724936,mem_mib,pod=workload-cloud-6f545f89ff-2lrwm,35.26171875
1783724946,mem_mib,pod=workload-cloud-6f545f89ff-2lrwm,35.26171875
1783724956,mem_mib,pod=workload-cloud-6f545f89ff-2lrwm,35.26171875
1783724966,mem_mib,pod=workload-cloud-6f545f89ff-2lrwm,35.26171875
1783724976,mem_mib,pod=workload-cloud-6f545f89ff-2lrwm,35.26171875
1783724986,mem_mib,pod=workload-cloud-6f545f89ff-2lrwm,35.26171875
1783724996,mem_mib,pod=workload-cloud-6f545f89ff-2lrwm,35.265625
1783725006,mem_mib,pod=workload-cloud-6f545f89ff-2lrwm,35.265625
1783725016,mem_mib,pod=workload-cloud-6f545f89ff-2lrwm,35.26171875
1783725026,mem_mib,pod=workload-cloud-6f545f89ff-2lrwm,35.26171875
1783725036,mem_mib,pod=workload-cloud-6f545f89ff-2lrwm,35.26171875
1783725046,mem_mib,pod=workload-cloud-6f545f89ff-2lrwm,35.26171875
1783725056,mem_mib,pod=workload-cloud-6f545f89ff-2lrwm,35.26171875
1783724416,mem_mib,pod=workload-cloud-6f545f89ff-9hvzm,38.92578125
1783724426,mem_mib,pod=workload-cloud-6f545f89ff-9hvzm,39.17578125
1783724436,mem_mib,pod=workload-cloud-6f545f89ff-9hvzm,39.17578125
1783724446,mem_mib,pod=workload-cloud-6f545f89ff-9hvzm,39.21484375
1783724456,mem_mib,pod=workload-cloud-6f545f89ff-9hvzm,39.7421875
1783724466,mem_mib,pod=workload-cloud-6f545f89ff-9hvzm,39.7421875
1783724476,mem_mib,pod=workload-cloud-6f545f89ff-9hvzm,39.33203125
1783724486,mem_mib,pod=workload-cloud-6f545f89ff-9hvzm,39.37109375
1783724496,mem_mib,pod=workload-cloud-6f545f89ff-9hvzm,39.37109375
1783724506,mem_mib,pod=workload-cloud-6f545f89ff-9hvzm,39.71484375
1783724516,mem_mib,pod=workload-cloud-6f545f89ff-9hvzm,39.30078125
1783724526,mem_mib,pod=workload-cloud-6f545f89ff-9hvzm,39.59375
1783724536,mem_mib,pod=workload-cloud-6f545f89ff-9hvzm,39.59375
1783724546,mem_mib,pod=workload-cloud-6f545f89ff-9hvzm,39.3203125
1783724556,mem_mib,pod=workload-cloud-6f545f89ff-9hvzm,40.6640625
1783724566,mem_mib,pod=workload-cloud-6f545f89ff-9hvzm,40.48828125
1783724576,mem_mib,pod=workload-cloud-6f545f89ff-9hvzm,40.5
1783724586,mem_mib,pod=workload-cloud-6f545f89ff-9hvzm,39.53515625
1783724596,mem_mib,pod=workload-cloud-6f545f89ff-9hvzm,39.53515625
1783724606,mem_mib,pod=workload-cloud-6f545f89ff-9hvzm,40.10546875
1783724616,mem_mib,pod=workload-cloud-6f545f89ff-9hvzm,40.10546875
1783724626,mem_mib,pod=workload-cloud-6f545f89ff-9hvzm,39.83984375
1783724636,mem_mib,pod=workload-cloud-6f545f89ff-9hvzm,41.1015625
1783724646,mem_mib,pod=workload-cloud-6f545f89ff-9hvzm,40.03125
1783724656,mem_mib,pod=workload-cloud-6f545f89ff-9hvzm,40.03125
1783724666,mem_mib,pod=workload-cloud-6f545f89ff-9hvzm,41.31640625
1783724676,mem_mib,pod=workload-cloud-6f545f89ff-9hvzm,41.31640625
1783724686,mem_mib,pod=workload-cloud-6f545f89ff-9hvzm,40.28125
1783724696,mem_mib,pod=workload-cloud-6f545f89ff-9hvzm,41.859375
1783724706,mem_mib,pod=workload-cloud-6f545f89ff-9hvzm,41.859375
1783724716,mem_mib,pod=workload-cloud-6f545f89ff-9hvzm,40.0625
1783724726,mem_mib,pod=workload-cloud-6f545f89ff-9hvzm,40.05859375
1783724736,mem_mib,pod=workload-cloud-6f545f89ff-9hvzm,40.05859375
1783724746,mem_mib,pod=workload-cloud-6f545f89ff-9hvzm,40.3984375
1783724756,mem_mib,pod=workload-cloud-6f545f89ff-9hvzm,40.3046875
1783724766,mem_mib,pod=workload-cloud-6f545f89ff-9hvzm,40.3046875
1783724776,mem_mib,pod=workload-cloud-6f545f89ff-9hvzm,40.94140625
1783724786,mem_mib,pod=workload-cloud-6f545f89ff-9hvzm,39.59375
1783724796,mem_mib,pod=workload-cloud-6f545f89ff-9hvzm,39.59375
1783724806,mem_mib,pod=workload-cloud-6f545f89ff-9hvzm,40.59765625
1783724816,mem_mib,pod=workload-cloud-6f545f89ff-9hvzm,39.58203125
1783724826,mem_mib,pod=workload-cloud-6f545f89ff-9hvzm,39.57421875
1783724836,mem_mib,pod=workload-cloud-6f545f89ff-9hvzm,39.57421875
1783724846,mem_mib,pod=workload-cloud-6f545f89ff-9hvzm,39.85546875
1783724856,mem_mib,pod=workload-cloud-6f545f89ff-9hvzm,39.5078125
1783724866,mem_mib,pod=workload-cloud-6f545f89ff-9hvzm,39.5078125
1783724876,mem_mib,pod=workload-cloud-6f545f89ff-9hvzm,39.578125
1783724886,mem_mib,pod=workload-cloud-6f545f89ff-9hvzm,39.578125
1783724896,mem_mib,pod=workload-cloud-6f545f89ff-9hvzm,39.8515625
1783724906,mem_mib,pod=workload-cloud-6f545f89ff-9hvzm,39.58203125
1783724916,mem_mib,pod=workload-cloud-6f545f89ff-9hvzm,39.58203125
1783724926,mem_mib,pod=workload-cloud-6f545f89ff-9hvzm,40.375
1783724936,mem_mib,pod=workload-cloud-6f545f89ff-9hvzm,40.59375
1783724946,mem_mib,pod=workload-cloud-6f545f89ff-9hvzm,40.59375
1783724956,mem_mib,pod=workload-cloud-6f545f89ff-9hvzm,39.92578125
1783724966,mem_mib,pod=workload-cloud-6f545f89ff-9hvzm,39.8515625
1783724976,mem_mib,pod=workload-cloud-6f545f89ff-9hvzm,39.80078125
1783724986,mem_mib,pod=workload-cloud-6f545f89ff-9hvzm,39.80078125
1783724996,mem_mib,pod=workload-cloud-6f545f89ff-9hvzm,39.10546875
1783725006,mem_mib,pod=workload-cloud-6f545f89ff-9hvzm,39.10546875
1783725016,mem_mib,pod=workload-cloud-6f545f89ff-9hvzm,39.01171875
1783725026,mem_mib,pod=workload-cloud-6f545f89ff-9hvzm,39.015625
1783725036,mem_mib,pod=workload-cloud-6f545f89ff-9hvzm,39.015625
1783725046,mem_mib,pod=workload-cloud-6f545f89ff-9hvzm,39.015625
1783725056,mem_mib,pod=workload-cloud-6f545f89ff-9hvzm,39.015625
1783724636,mem_mib,pod=workload-cloud-6f545f89ff-gcw24,3.0390625
1783724646,mem_mib,pod=workload-cloud-6f545f89ff-gcw24,3.0390625
1783724656,mem_mib,pod=workload-cloud-6f545f89ff-gcw24,35.1484375
1783724666,mem_mib,pod=workload-cloud-6f545f89ff-gcw24,35.16015625
1783724676,mem_mib,pod=workload-cloud-6f545f89ff-gcw24,35.17578125
1783724686,mem_mib,pod=workload-cloud-6f545f89ff-gcw24,35.17578125
1783724696,mem_mib,pod=workload-cloud-6f545f89ff-gcw24,35.18359375
1783724706,mem_mib,pod=workload-cloud-6f545f89ff-gcw24,35.1875
1783724716,mem_mib,pod=workload-cloud-6f545f89ff-gcw24,35.19921875
1783724726,mem_mib,pod=workload-cloud-6f545f89ff-gcw24,35.21875
1783724736,mem_mib,pod=workload-cloud-6f545f89ff-gcw24,35.21875
1783724746,mem_mib,pod=workload-cloud-6f545f89ff-gcw24,35.21875
1783724756,mem_mib,pod=workload-cloud-6f545f89ff-gcw24,35.21875
1783724766,mem_mib,pod=workload-cloud-6f545f89ff-gcw24,35.21875
1783724776,mem_mib,pod=workload-cloud-6f545f89ff-gcw24,35.21875
1783724786,mem_mib,pod=workload-cloud-6f545f89ff-gcw24,35.234375
1783724796,mem_mib,pod=workload-cloud-6f545f89ff-gcw24,35.234375
1783724806,mem_mib,pod=workload-cloud-6f545f89ff-gcw24,35.234375
1783724816,mem_mib,pod=workload-cloud-6f545f89ff-gcw24,35.23828125
1783724826,mem_mib,pod=workload-cloud-6f545f89ff-gcw24,35.2421875
1783724836,mem_mib,pod=workload-cloud-6f545f89ff-gcw24,35.2421875
1783724846,mem_mib,pod=workload-cloud-6f545f89ff-gcw24,35.2421875
1783724856,mem_mib,pod=workload-cloud-6f545f89ff-gcw24,35.2421875
1783724866,mem_mib,pod=workload-cloud-6f545f89ff-gcw24,35.25
1783724876,mem_mib,pod=workload-cloud-6f545f89ff-gcw24,35.25
1783724886,mem_mib,pod=workload-cloud-6f545f89ff-gcw24,35.25390625
1783724896,mem_mib,pod=workload-cloud-6f545f89ff-gcw24,35.25390625
1783724906,mem_mib,pod=workload-cloud-6f545f89ff-gcw24,35.25390625
1783724916,mem_mib,pod=workload-cloud-6f545f89ff-gcw24,35.26171875
1783724926,mem_mib,pod=workload-cloud-6f545f89ff-gcw24,35.26171875
1783724936,mem_mib,pod=workload-cloud-6f545f89ff-gcw24,35.26171875
1783724946,mem_mib,pod=workload-cloud-6f545f89ff-gcw24,35.26171875
1783724956,mem_mib,pod=workload-cloud-6f545f89ff-gcw24,35.26171875
1783724966,mem_mib,pod=workload-cloud-6f545f89ff-gcw24,35.26953125
1783724976,mem_mib,pod=workload-cloud-6f545f89ff-gcw24,35.26953125
1783724986,mem_mib,pod=workload-cloud-6f545f89ff-gcw24,35.2734375
1783724996,mem_mib,pod=workload-cloud-6f545f89ff-gcw24,35.2734375
1783725006,mem_mib,pod=workload-cloud-6f545f89ff-gcw24,35.2734375
1783725016,mem_mib,pod=workload-cloud-6f545f89ff-gcw24,35.2734375
1783725026,mem_mib,pod=workload-cloud-6f545f89ff-gcw24,35.2734375
1783725036,mem_mib,pod=workload-cloud-6f545f89ff-gcw24,35.2734375
1783724556,mem_mib,pod=workload-cloud-6f545f89ff-k8vqb,3.41015625
1783724566,mem_mib,pod=workload-cloud-6f545f89ff-k8vqb,3.41015625
1783724576,mem_mib,pod=workload-cloud-6f545f89ff-k8vqb,35.12890625
1783724586,mem_mib,pod=workload-cloud-6f545f89ff-k8vqb,35.15234375
1783724596,mem_mib,pod=workload-cloud-6f545f89ff-k8vqb,35.15234375
1783724606,mem_mib,pod=workload-cloud-6f545f89ff-k8vqb,35.5390625
1783724616,mem_mib,pod=workload-cloud-6f545f89ff-k8vqb,35.76953125
1783724626,mem_mib,pod=workload-cloud-6f545f89ff-k8vqb,37.35546875
1783724636,mem_mib,pod=workload-cloud-6f545f89ff-k8vqb,38.359375
1783724646,mem_mib,pod=workload-cloud-6f545f89ff-k8vqb,38.359375
1783724656,mem_mib,pod=workload-cloud-6f545f89ff-k8vqb,39.12890625
1783724666,mem_mib,pod=workload-cloud-6f545f89ff-k8vqb,38.74609375
1783724676,mem_mib,pod=workload-cloud-6f545f89ff-k8vqb,38.85546875
1783724686,mem_mib,pod=workload-cloud-6f545f89ff-k8vqb,39.61328125
1783724696,mem_mib,pod=workload-cloud-6f545f89ff-k8vqb,39.61328125
1783724706,mem_mib,pod=workload-cloud-6f545f89ff-k8vqb,38.90234375
1783724716,mem_mib,pod=workload-cloud-6f545f89ff-k8vqb,39.69140625
1783724726,mem_mib,pod=workload-cloud-6f545f89ff-k8vqb,39.69140625
1783724736,mem_mib,pod=workload-cloud-6f545f89ff-k8vqb,38.984375
1783724746,mem_mib,pod=workload-cloud-6f545f89ff-k8vqb,40.4921875
1783724756,mem_mib,pod=workload-cloud-6f545f89ff-k8vqb,40.4921875
1783724766,mem_mib,pod=workload-cloud-6f545f89ff-k8vqb,39.578125
1783724776,mem_mib,pod=workload-cloud-6f545f89ff-k8vqb,38.3984375
1783724786,mem_mib,pod=workload-cloud-6f545f89ff-k8vqb,38.140625
1783724796,mem_mib,pod=workload-cloud-6f545f89ff-k8vqb,38.140625
1783724806,mem_mib,pod=workload-cloud-6f545f89ff-k8vqb,37.76171875
1783724816,mem_mib,pod=workload-cloud-6f545f89ff-k8vqb,37.79296875
1783724826,mem_mib,pod=workload-cloud-6f545f89ff-k8vqb,37.79296875
1783724836,mem_mib,pod=workload-cloud-6f545f89ff-k8vqb,37.76171875
1783724846,mem_mib,pod=workload-cloud-6f545f89ff-k8vqb,37.76171875
1783724856,mem_mib,pod=workload-cloud-6f545f89ff-k8vqb,38.0078125
1783724866,mem_mib,pod=workload-cloud-6f545f89ff-k8vqb,38.0078125
1783724876,mem_mib,pod=workload-cloud-6f545f89ff-k8vqb,37.7578125
1783724886,mem_mib,pod=workload-cloud-6f545f89ff-k8vqb,37.76171875
1783724896,mem_mib,pod=workload-cloud-6f545f89ff-k8vqb,38.01171875
1783724906,mem_mib,pod=workload-cloud-6f545f89ff-k8vqb,37.76171875
1783724916,mem_mib,pod=workload-cloud-6f545f89ff-k8vqb,37.76171875
1783724926,mem_mib,pod=workload-cloud-6f545f89ff-k8vqb,38.0078125
1783724936,mem_mib,pod=workload-cloud-6f545f89ff-k8vqb,37.76171875
1783724946,mem_mib,pod=workload-cloud-6f545f89ff-k8vqb,37.76171875
1783724956,mem_mib,pod=workload-cloud-6f545f89ff-k8vqb,37.76953125
1783724966,mem_mib,pod=workload-cloud-6f545f89ff-k8vqb,37.79296875
1783724976,mem_mib,pod=workload-cloud-6f545f89ff-k8vqb,37.76171875
1783724986,mem_mib,pod=workload-cloud-6f545f89ff-k8vqb,37.76171875
1783724996,mem_mib,pod=workload-cloud-6f545f89ff-k8vqb,37.765625
1783725006,mem_mib,pod=workload-cloud-6f545f89ff-k8vqb,37.765625
1783725016,mem_mib,pod=workload-cloud-6f545f89ff-k8vqb,37.76953125
1783725026,mem_mib,pod=workload-cloud-6f545f89ff-k8vqb,37.7734375
1783725036,mem_mib,pod=workload-cloud-6f545f89ff-k8vqb,37.7734375
1783725046,mem_mib,pod=workload-cloud-6f545f89ff-k8vqb,37.76953125
1783725056,mem_mib,pod=workload-cloud-6f545f89ff-k8vqb,37.76953125
1783724606,mem_mib,pod=workload-cloud-6f545f89ff-ntlmb,3.44921875
1783724616,mem_mib,pod=workload-cloud-6f545f89ff-ntlmb,36.08984375
1783724626,mem_mib,pod=workload-cloud-6f545f89ff-ntlmb,36.08984375
1783724636,mem_mib,pod=workload-cloud-6f545f89ff-ntlmb,38.80859375
1783724646,mem_mib,pod=workload-cloud-6f545f89ff-ntlmb,38.80859375
1783724656,mem_mib,pod=workload-cloud-6f545f89ff-ntlmb,38.10546875
1783724666,mem_mib,pod=workload-cloud-6f545f89ff-ntlmb,37.390625
1783724676,mem_mib,pod=workload-cloud-6f545f89ff-ntlmb,37.4609375
1783724686,mem_mib,pod=workload-cloud-6f545f89ff-ntlmb,38.52734375
1783724696,mem_mib,pod=workload-cloud-6f545f89ff-ntlmb,38.52734375
1783724706,mem_mib,pod=workload-cloud-6f545f89ff-ntlmb,37.5390625
1783724716,mem_mib,pod=workload-cloud-6f545f89ff-ntlmb,37.5390625
1783724726,mem_mib,pod=workload-cloud-6f545f89ff-ntlmb,37.56640625
1783724736,mem_mib,pod=workload-cloud-6f545f89ff-ntlmb,37.56640625
1783724746,mem_mib,pod=workload-cloud-6f545f89ff-ntlmb,37.625
1783724756,mem_mib,pod=workload-cloud-6f545f89ff-ntlmb,37.6015625
1783724766,mem_mib,pod=workload-cloud-6f545f89ff-ntlmb,37.6015625
1783724776,mem_mib,pod=workload-cloud-6f545f89ff-ntlmb,37.2421875
1783724786,mem_mib,pod=workload-cloud-6f545f89ff-ntlmb,36.921875
1783724796,mem_mib,pod=workload-cloud-6f545f89ff-ntlmb,36.921875
1783724806,mem_mib,pod=workload-cloud-6f545f89ff-ntlmb,36.921875
1783724816,mem_mib,pod=workload-cloud-6f545f89ff-ntlmb,36.921875
1783724826,mem_mib,pod=workload-cloud-6f545f89ff-ntlmb,36.921875
1783724836,mem_mib,pod=workload-cloud-6f545f89ff-ntlmb,36.921875
1783724846,mem_mib,pod=workload-cloud-6f545f89ff-ntlmb,36.921875
1783724856,mem_mib,pod=workload-cloud-6f545f89ff-ntlmb,36.921875
1783724866,mem_mib,pod=workload-cloud-6f545f89ff-ntlmb,36.921875
1783724876,mem_mib,pod=workload-cloud-6f545f89ff-ntlmb,36.921875
1783724886,mem_mib,pod=workload-cloud-6f545f89ff-ntlmb,36.921875
1783724896,mem_mib,pod=workload-cloud-6f545f89ff-ntlmb,36.921875
1783724906,mem_mib,pod=workload-cloud-6f545f89ff-ntlmb,36.921875
1783724916,mem_mib,pod=workload-cloud-6f545f89ff-ntlmb,36.921875
1783724926,mem_mib,pod=workload-cloud-6f545f89ff-ntlmb,36.921875
1783724936,mem_mib,pod=workload-cloud-6f545f89ff-ntlmb,36.921875
1783724946,mem_mib,pod=workload-cloud-6f545f89ff-ntlmb,36.921875
1783724956,mem_mib,pod=workload-cloud-6f545f89ff-ntlmb,36.921875
1783724966,mem_mib,pod=workload-cloud-6f545f89ff-ntlmb,36.921875
1783724976,mem_mib,pod=workload-cloud-6f545f89ff-ntlmb,36.921875
1783724986,mem_mib,pod=workload-cloud-6f545f89ff-ntlmb,36.921875
1783724996,mem_mib,pod=workload-cloud-6f545f89ff-ntlmb,36.921875
1783725006,mem_mib,pod=workload-cloud-6f545f89ff-ntlmb,36.921875
1783725016,mem_mib,pod=workload-cloud-6f545f89ff-ntlmb,36.921875
1783725026,mem_mib,pod=workload-cloud-6f545f89ff-ntlmb,36.921875
1783725036,mem_mib,pod=workload-cloud-6f545f89ff-ntlmb,36.921875
1783725046,mem_mib,pod=workload-cloud-6f545f89ff-ntlmb,36.921875
1783725056,mem_mib,pod=workload-cloud-6f545f89ff-ntlmb,36.921875
1783724496,mem_mib,pod=workload-cloud-6f545f89ff-qs4hw,3.18359375
1783724506,mem_mib,pod=workload-cloud-6f545f89ff-qs4hw,35.421875
1783724516,mem_mib,pod=workload-cloud-6f545f89ff-qs4hw,35.421875
1783724526,mem_mib,pod=workload-cloud-6f545f89ff-qs4hw,35.26953125
1783724536,mem_mib,pod=workload-cloud-6f545f89ff-qs4hw,35.390625
1783724546,mem_mib,pod=workload-cloud-6f545f89ff-qs4hw,35.49609375
1783724556,mem_mib,pod=workload-cloud-6f545f89ff-qs4hw,35.49609375
1783724566,mem_mib,pod=workload-cloud-6f545f89ff-qs4hw,35.51171875
1783724576,mem_mib,pod=workload-cloud-6f545f89ff-qs4hw,35.60546875
1783724586,mem_mib,pod=workload-cloud-6f545f89ff-qs4hw,35.60546875
1783724596,mem_mib,pod=workload-cloud-6f545f89ff-qs4hw,35.67578125
1783724606,mem_mib,pod=workload-cloud-6f545f89ff-qs4hw,35.67578125
1783724616,mem_mib,pod=workload-cloud-6f545f89ff-qs4hw,36.9140625
1783724626,mem_mib,pod=workload-cloud-6f545f89ff-qs4hw,36.9140625
1783724636,mem_mib,pod=workload-cloud-6f545f89ff-qs4hw,38.3203125
1783724646,mem_mib,pod=workload-cloud-6f545f89ff-qs4hw,38.58203125
1783724656,mem_mib,pod=workload-cloud-6f545f89ff-qs4hw,38.58203125
1783724666,mem_mib,pod=workload-cloud-6f545f89ff-qs4hw,38.71484375
1783724676,mem_mib,pod=workload-cloud-6f545f89ff-qs4hw,38.71484375
1783724686,mem_mib,pod=workload-cloud-6f545f89ff-qs4hw,38.7734375
1783724696,mem_mib,pod=workload-cloud-6f545f89ff-qs4hw,38.80859375
1783724706,mem_mib,pod=workload-cloud-6f545f89ff-qs4hw,40.08203125
1783724716,mem_mib,pod=workload-cloud-6f545f89ff-qs4hw,40.08203125
1783724726,mem_mib,pod=workload-cloud-6f545f89ff-qs4hw,38.80078125
1783724736,mem_mib,pod=workload-cloud-6f545f89ff-qs4hw,40.08203125
1783724746,mem_mib,pod=workload-cloud-6f545f89ff-qs4hw,40.08203125
1783724756,mem_mib,pod=workload-cloud-6f545f89ff-qs4hw,39.3125
1783724766,mem_mib,pod=workload-cloud-6f545f89ff-qs4hw,38.921875
1783724776,mem_mib,pod=workload-cloud-6f545f89ff-qs4hw,38.921875
1783724786,mem_mib,pod=workload-cloud-6f545f89ff-qs4hw,38.05859375
1783724796,mem_mib,pod=workload-cloud-6f545f89ff-qs4hw,37.78515625
1783724806,mem_mib,pod=workload-cloud-6f545f89ff-qs4hw,37.78515625
1783724816,mem_mib,pod=workload-cloud-6f545f89ff-qs4hw,37.8125
1783724826,mem_mib,pod=workload-cloud-6f545f89ff-qs4hw,38.23828125
1783724836,mem_mib,pod=workload-cloud-6f545f89ff-qs4hw,38.0390625
1783724846,mem_mib,pod=workload-cloud-6f545f89ff-qs4hw,38.0390625
1783724856,mem_mib,pod=workload-cloud-6f545f89ff-qs4hw,38.0078125
1783724866,mem_mib,pod=workload-cloud-6f545f89ff-qs4hw,38.0703125
1783724876,mem_mib,pod=workload-cloud-6f545f89ff-qs4hw,37.82421875
1783724886,mem_mib,pod=workload-cloud-6f545f89ff-qs4hw,37.82421875
1783724896,mem_mib,pod=workload-cloud-6f545f89ff-qs4hw,38.015625
1783724906,mem_mib,pod=workload-cloud-6f545f89ff-qs4hw,38.015625
1783724916,mem_mib,pod=workload-cloud-6f545f89ff-qs4hw,37.99609375
1783724926,mem_mib,pod=workload-cloud-6f545f89ff-qs4hw,37.99609375
1783724936,mem_mib,pod=workload-cloud-6f545f89ff-qs4hw,37.78515625
1783724946,mem_mib,pod=workload-cloud-6f545f89ff-qs4hw,38.30859375
1783724956,mem_mib,pod=workload-cloud-6f545f89ff-qs4hw,38.30859375
1783724966,mem_mib,pod=workload-cloud-6f545f89ff-qs4hw,37.78125
1783724976,mem_mib,pod=workload-cloud-6f545f89ff-qs4hw,37.72265625
1783724986,mem_mib,pod=workload-cloud-6f545f89ff-qs4hw,37.71875
1783724996,mem_mib,pod=workload-cloud-6f545f89ff-qs4hw,37.66796875
1783725006,mem_mib,pod=workload-cloud-6f545f89ff-qs4hw,37.66796875
1783725016,mem_mib,pod=workload-cloud-6f545f89ff-qs4hw,37.66796875
1783725026,mem_mib,pod=workload-cloud-6f545f89ff-qs4hw,37.67578125
1783725036,mem_mib,pod=workload-cloud-6f545f89ff-qs4hw,37.67578125
1783725046,mem_mib,pod=workload-cloud-6f545f89ff-qs4hw,37.66796875
1783725056,mem_mib,pod=workload-cloud-6f545f89ff-qs4hw,37.66796875
1783724416,mem_mib,pod=workload-edge-7b875fd8c6-pxwvc,35.90625
1783724426,mem_mib,pod=workload-edge-7b875fd8c6-pxwvc,35.90625
1783724436,mem_mib,pod=workload-edge-7b875fd8c6-pxwvc,35.90625
1783724446,mem_mib,pod=workload-edge-7b875fd8c6-pxwvc,35.90625
1783724456,mem_mib,pod=workload-edge-7b875fd8c6-pxwvc,35.90625
1783724466,mem_mib,pod=workload-edge-7b875fd8c6-pxwvc,35.90625
1783724476,mem_mib,pod=workload-edge-7b875fd8c6-pxwvc,35.90625
1783724486,mem_mib,pod=workload-edge-7b875fd8c6-pxwvc,35.91015625
1783724496,mem_mib,pod=workload-edge-7b875fd8c6-pxwvc,35.91015625
1783724506,mem_mib,pod=workload-edge-7b875fd8c6-pxwvc,35.91015625
1783724516,mem_mib,pod=workload-edge-7b875fd8c6-pxwvc,35.91015625
1783724526,mem_mib,pod=workload-edge-7b875fd8c6-pxwvc,35.91015625
1783724536,mem_mib,pod=workload-edge-7b875fd8c6-pxwvc,35.91015625
1783724546,mem_mib,pod=workload-edge-7b875fd8c6-pxwvc,35.91015625
1783724556,mem_mib,pod=workload-edge-7b875fd8c6-pxwvc,35.91015625
1783724566,mem_mib,pod=workload-edge-7b875fd8c6-pxwvc,35.91015625
1783724576,mem_mib,pod=workload-edge-7b875fd8c6-pxwvc,35.91015625
1783724586,mem_mib,pod=workload-edge-7b875fd8c6-pxwvc,35.91015625
1783724596,mem_mib,pod=workload-edge-7b875fd8c6-pxwvc,35.91015625
1783724606,mem_mib,pod=workload-edge-7b875fd8c6-pxwvc,35.91015625
1783724616,mem_mib,pod=workload-edge-7b875fd8c6-pxwvc,35.91015625
1783724626,mem_mib,pod=workload-edge-7b875fd8c6-pxwvc,35.91015625
1783724636,mem_mib,pod=workload-edge-7b875fd8c6-pxwvc,35.91015625
1783724646,mem_mib,pod=workload-edge-7b875fd8c6-pxwvc,35.91015625
1783724656,mem_mib,pod=workload-edge-7b875fd8c6-pxwvc,35.91015625
1783724666,mem_mib,pod=workload-edge-7b875fd8c6-pxwvc,35.91015625
1783724676,mem_mib,pod=workload-edge-7b875fd8c6-pxwvc,35.91015625
1783724686,mem_mib,pod=workload-edge-7b875fd8c6-pxwvc,35.91015625
1783724696,mem_mib,pod=workload-edge-7b875fd8c6-pxwvc,35.91015625
1783724706,mem_mib,pod=workload-edge-7b875fd8c6-pxwvc,35.91015625
1783724716,mem_mib,pod=workload-edge-7b875fd8c6-pxwvc,35.91015625
1783724726,mem_mib,pod=workload-edge-7b875fd8c6-pxwvc,35.91015625
1783724736,mem_mib,pod=workload-edge-7b875fd8c6-pxwvc,35.91015625
1783724746,mem_mib,pod=workload-edge-7b875fd8c6-pxwvc,35.91015625
1783724756,mem_mib,pod=workload-edge-7b875fd8c6-pxwvc,35.90625
1783724766,mem_mib,pod=workload-edge-7b875fd8c6-pxwvc,35.90625
1783724776,mem_mib,pod=workload-edge-7b875fd8c6-pxwvc,35.91015625
1783724786,mem_mib,pod=workload-edge-7b875fd8c6-pxwvc,35.91015625
1783724796,mem_mib,pod=workload-edge-7b875fd8c6-pxwvc,35.91015625
1783724806,mem_mib,pod=workload-edge-7b875fd8c6-pxwvc,35.91015625
1783724816,mem_mib,pod=workload-edge-7b875fd8c6-pxwvc,35.91015625
1783724826,mem_mib,pod=workload-edge-7b875fd8c6-pxwvc,35.91015625
1783724836,mem_mib,pod=workload-edge-7b875fd8c6-pxwvc,35.91015625
1783724846,mem_mib,pod=workload-edge-7b875fd8c6-pxwvc,35.91015625
1783724856,mem_mib,pod=workload-edge-7b875fd8c6-pxwvc,35.91015625
1783724866,mem_mib,pod=workload-edge-7b875fd8c6-pxwvc,35.91015625
1783724876,mem_mib,pod=workload-edge-7b875fd8c6-pxwvc,35.91015625
1783724886,mem_mib,pod=workload-edge-7b875fd8c6-pxwvc,35.91015625
1783724896,mem_mib,pod=workload-edge-7b875fd8c6-pxwvc,35.91015625
1783724906,mem_mib,pod=workload-edge-7b875fd8c6-pxwvc,35.91015625
1783724916,mem_mib,pod=workload-edge-7b875fd8c6-pxwvc,35.91015625
1783724926,mem_mib,pod=workload-edge-7b875fd8c6-pxwvc,35.91015625
1783724936,mem_mib,pod=workload-edge-7b875fd8c6-pxwvc,35.91015625
1783724946,mem_mib,pod=workload-edge-7b875fd8c6-pxwvc,35.91015625
1783724956,mem_mib,pod=workload-edge-7b875fd8c6-pxwvc,35.91015625
1783724966,mem_mib,pod=workload-edge-7b875fd8c6-pxwvc,35.91015625
1783724976,mem_mib,pod=workload-edge-7b875fd8c6-pxwvc,35.91015625
1783724986,mem_mib,pod=workload-edge-7b875fd8c6-pxwvc,35.91015625
1783724996,mem_mib,pod=workload-edge-7b875fd8c6-pxwvc,35.91015625
1783725006,mem_mib,pod=workload-edge-7b875fd8c6-pxwvc,36.16796875
1783725016,mem_mib,pod=workload-edge-7b875fd8c6-pxwvc,35.91015625
1783725026,mem_mib,pod=workload-edge-7b875fd8c6-pxwvc,35.91015625
1783725036,mem_mib,pod=workload-edge-7b875fd8c6-pxwvc,35.91015625
1783725046,mem_mib,pod=workload-edge-7b875fd8c6-pxwvc,35.91015625
1783725056,mem_mib,pod=workload-edge-7b875fd8c6-pxwvc,35.91015625
1783724416,rps,tier=cloud,0.0
1783724426,rps,tier=cloud,2.320109205352273
1783724436,rps,tier=cloud,8.680694455556443
1783724446,rps,tier=cloud,19.041734159814894
1783724456,rps,tier=cloud,33.48133925357014
1783724466,rps,tier=cloud,52.00526935462034
1783724476,rps,tier=cloud,72.06583290086914
1783724486,rps,tier=cloud,91.74455143495658
1783724496,rps,tier=cloud,111.83118311831184
1783724506,rps,tier=cloud,130.21302130213024
1783724516,rps,tier=cloud,149.21375997365206
1783724526,rps,tier=cloud,168.24439460468136
1783724536,rps,tier=cloud,187.26446396514893
1783724546,rps,tier=cloud,203.83516725140652
1783724556,rps,tier=cloud,220.69083149143947
1783724566,rps,tier=cloud,240.58063703221077
1783724576,rps,tier=cloud,258.8520542015196
1783724586,rps,tier=cloud,274.4764685881153
1783724596,rps,tier=cloud,290.08206089613157
1783724606,rps,tier=cloud,324.23794582686656
1783724616,rps,tier=cloud,427.8250206544493
1783724626,rps,tier=cloud,611.4534902770995
1783724636,rps,tier=cloud,836.0863786561923
1783724646,rps,tier=cloud,1058.0755120838792
1783724656,rps,tier=cloud,1277.8572499234913
1783724666,rps,tier=cloud,1448.7337004185813
1783724676,rps,tier=cloud,1537.156984181063
1783724686,rps,tier=cloud,1543.809593423365
1783724696,rps,tier=cloud,1550.8009805892987
1783724706,rps,tier=cloud,1549.2598793466614
1783724716,rps,tier=cloud,1547.8180669912238
1783724726,rps,tier=cloud,1553.3143002747968
1783724736,rps,tier=cloud,1553.9802291439419
1783724746,rps,tier=cloud,1551.2287465219888
1783724756,rps,tier=cloud,1541.849531494682
1783724766,rps,tier=cloud,1473.453601023814
1783724776,rps,tier=cloud,1324.956720092113
1783724786,rps,tier=cloud,1102.3115662121236
1783724796,rps,tier=cloud,865.4277342964032
1783724806,rps,tier=cloud,634.5504763880981
1783724816,rps,tier=cloud,463.7526819899173
1783724826,rps,tier=cloud,370.6434735072024
1783724836,rps,tier=cloud,357.1625722457341
1783724846,rps,tier=cloud,357.352246864419
1783724856,rps,tier=cloud,359.3874085198775
1783724866,rps,tier=cloud,360.0837083907729
1783724876,rps,tier=cloud,361.15253890155606
1783724886,rps,tier=cloud,361.5216929475504
1783724896,rps,tier=cloud,361.13976754816645
1783724906,rps,tier=cloud,359.69343491834036
1783724916,rps,tier=cloud,358.8441652606845
1783724926,rps,tier=cloud,357.25996477715285
1783724936,rps,tier=cloud,356.2685946764417
1783724946,rps,tier=cloud,356.0828411264176
1783724956,rps,tier=cloud,355.618727419257
1783724966,rps,tier=cloud,353.8070761415229
1783724976,rps,tier=cloud,330.93903750949727
1783724986,rps,tier=cloud,283.4955969091599
1783724996,rps,tier=cloud,215.36639941167158
1783725006,rps,tier=cloud,144.3430894217136
1783725016,rps,tier=cloud,74.82448946936817
1783725026,rps,tier=cloud,26.98075322360882
1783725036,rps,tier=cloud,3.2602608208656694
1783725046,rps,tier=cloud,0.0
1783725056,rps,tier=cloud,0.0
1783724426,lat50_ms,tier=cloud,1.6304349716572033
1783724436,lat50_ms,tier=cloud,2.5247148288973387
1783724446,lat50_ms,tier=cloud,2.779527559055118
1783724456,lat50_ms,tier=cloud,2.6508875739644973
1783724466,lat50_ms,tier=cloud,2.453563761215848
1783724476,lat50_ms,tier=cloud,2.707763805358119
1783724486,lat50_ms,tier=cloud,3.0524400684931505
1783724496,lat50_ms,tier=cloud,3.14279359430605
1783724506,lat50_ms,tier=cloud,3.4388006846347827
1783724516,lat50_ms,tier=cloud,3.721015554222984
1783724526,lat50_ms,tier=cloud,3.700197329201041
1783724536,lat50_ms,tier=cloud,3.7353013932446038
1783724546,lat50_ms,tier=cloud,3.9715525484850893
1783724556,lat50_ms,tier=cloud,4.320304394158321
1783724566,lat50_ms,tier=cloud,4.715285488837725
1783724576,lat50_ms,tier=cloud,5.016747074382128
1783724586,lat50_ms,tier=cloud,5.7454565519712775
1783724596,lat50_ms,tier=cloud,6.388240557824245
1783724606,lat50_ms,tier=cloud,7.226120937941801
1783724616,lat50_ms,tier=cloud,8.483765471662524
1783724626,lat50_ms,tier=cloud,10.724100852852922
1783724636,lat50_ms,tier=cloud,13.689359899730047
1783724646,lat50_ms,tier=cloud,16.47925647876608
1783724656,lat50_ms,tier=cloud,18.06589984963565
1783724666,lat50_ms,tier=cloud,19.611267500892694
1783724676,lat50_ms,tier=cloud,21.729484973363753
1783724686,lat50_ms,tier=cloud,23.402199021164453
1783724696,lat50_ms,tier=cloud,24.398099119202563
1783724706,lat50_ms,tier=cloud,25.12860790557367
1783724716,lat50_ms,tier=cloud,25.65985847987569
1783724726,lat50_ms,tier=cloud,26.363224009058204
1783724736,lat50_ms,tier=cloud,27.033663366983312
1783724746,lat50_ms,tier=cloud,27.235841182090383
1783724756,lat50_ms,tier=cloud,26.795943488137965
1783724766,lat50_ms,tier=cloud,26.47328051266616
1783724776,lat50_ms,tier=cloud,25.5047427745242
1783724786,lat50_ms,tier=cloud,24.5493835915002
1783724796,lat50_ms,tier=cloud,23.321987756959235
1783724806,lat50_ms,tier=cloud,22.000063169294425
1783724816,lat50_ms,tier=cloud,20.376843871122716
1783724826,lat50_ms,tier=cloud,18.874345267362433
1783724836,lat50_ms,tier=cloud,17.41135061169488
1783724846,lat50_ms,tier=cloud,15.33467075480206
1783724856,lat50_ms,tier=cloud,12.988736803703855
1783724866,lat50_ms,tier=cloud,10.859609902553874
1783724876,lat50_ms,tier=cloud,8.966166550563367
1783724886,lat50_ms,tier=cloud,7.869516343273803
1783724896,lat50_ms,tier=cloud,7.750222536552392
1783724906,lat50_ms,tier=cloud,7.765547710479475
1783724916,lat50_ms,tier=cloud,7.531393502162286
1783724926,lat50_ms,tier=cloud,7.675637690231671
1783724936,lat50_ms,tier=cloud,7.716228120309843
1783724946,lat50_ms,tier=cloud,7.893186987622357
1783724956,lat50_ms,tier=cloud,8.117167051264627
1783724966,lat50_ms,tier=cloud,8.205547824870258
1783724976,lat50_ms,tier=cloud,8.236403632177037
1783724986,lat50_ms,tier=cloud,8.216165610857994
1783724996,lat50_ms,tier=cloud,8.23114723236852
1783725006,lat50_ms,tier=cloud,8.208312430173319
1783725016,lat50_ms,tier=cloud,8.168907439796525
1783725026,lat50_ms,tier=cloud,8.04889110752842
1783725036,lat50_ms,tier=cloud,7.693683046538328
1783725046,lat50_ms,tier=cloud,7.408659109401153
1783725056,lat50_ms,tier=cloud,6.680231440136853
1783724426,lat95_ms,tier=cloud,4.275000833387629
1783724436,lat95_ms,tier=cloud,4.7524714828897325
1783724446,lat95_ms,tier=cloud,4.803464566929134
1783724456,lat95_ms,tier=cloud,4.879585798816567
1783724466,lat95_ms,tier=cloud,4.9805618476365945
1783724476,lat95_ms,tier=cloud,8.115688487584645
1783724486,lat95_ms,tier=cloud,8.893867924528301
1783724496,lat95_ms,tier=cloud,8.761413520632132
1783724506,lat95_ms,tier=cloud,10.238460146037998
1783724516,lat95_ms,tier=cloud,15.572382770065486
1783724526,lat95_ms,tier=cloud,15.533905830089092
1783724536,lat95_ms,tier=cloud,15.413580211511809
1783724546,lat95_ms,tier=cloud,16.911223589054746
1783724556,lat95_ms,tier=cloud,17.911380103422477
1783724566,lat95_ms,tier=cloud,18.47069823645872
1783724576,lat95_ms,tier=cloud,18.667894342847553
1783724586,lat95_ms,tier=cloud,19.042518547800125
1783724596,lat95_ms,tier=cloud,19.302730280353163
1783724606,lat95_ms,tier=cloud,19.93200056315182
1783724616,lat95_ms,tier=cloud,32.42933237920971
1783724626,lat95_ms,tier=cloud,41.68840629723015
1783724636,lat95_ms,tier=cloud,45.05286973900819
1783724646,lat95_ms,tier=cloud,46.37358130584094
1783724656,lat95_ms,tier=cloud,46.78214710784048
1783724666,lat95_ms,tier=cloud,47.067832187859295
1783724676,lat95_ms,tier=cloud,47.30702338405173
1783724686,lat95_ms,tier=cloud,47.49367273405969
1783724696,lat95_ms,tier=cloud,47.59891778521308
1783724706,lat95_ms,tier=cloud,47.67258317663695
1783724716,lat95_ms,tier=cloud,47.73131232562807
1783724726,lat95_ms,tier=cloud,47.8188352348449
1783724736,lat95_ms,tier=cloud,47.89440139424328
1783724746,lat95_ms,tier=cloud,47.92086576521015
1783724756,lat95_ms,tier=cloud,47.86774078133599
1783724766,lat95_ms,tier=cloud,47.833417976675435
1783724776,lat95_ms,tier=cloud,47.7409045450167
1783724786,lat95_ms,tier=cloud,47.64667498010676
1783724796,lat95_ms,tier=cloud,47.5152468591234
1783724806,lat95_ms,tier=cloud,47.38080684076347
1783724816,lat95_ms,tier=cloud,47.22063968347897
1783724826,lat95_ms,tier=cloud,46.99288338350894
1783724836,lat95_ms,tier=cloud,46.65879493397498
1783724846,lat95_ms,tier=cloud,45.94647364650981
1783724856,lat95_ms,tier=cloud,44.35382855531603
1783724866,lat95_ms,tier=cloud,40.33432340241902
1783724876,lat95_ms,tier=cloud,25.615218585923106
1783724886,lat95_ms,tier=cloud,19.735818889254638
1783724896,lat95_ms,tier=cloud,19.55836473018585
1783724906,lat95_ms,tier=cloud,19.592828430236256
1783724916,lat95_ms,tier=cloud,19.630700451371037
1783724926,lat95_ms,tier=cloud,19.619663659045298
1783724936,lat95_ms,tier=cloud,19.616378903567895
1783724946,lat95_ms,tier=cloud,19.61294649591477
1783724956,lat95_ms,tier=cloud,19.68439732302764
1783724966,lat95_ms,tier=cloud,19.73669432886897
1783724976,lat95_ms,tier=cloud,19.71848450498962
1783724986,lat95_ms,tier=cloud,19.694469446457454
1783724996,lat95_ms,tier=cloud,19.712261417972716
1783725006,lat95_ms,tier=cloud,19.70036986959972
1783725016,lat95_ms,tier=cloud,19.711588073657126
1783725026,lat95_ms,tier=cloud,19.686895880497666
1783725036,lat95_ms,tier=cloud,19.63465214847413
1783725046,lat95_ms,tier=cloud,19.568780881080624
1783725056,lat95_ms,tier=cloud,19.547821443336854
1783724426,lat99_ms,tier=cloud,4.8550001666775255
1783724436,lat99_ms,tier=cloud,4.950494296577946
1783724446,lat99_ms,tier=cloud,4.983370078740157
1783724456,lat99_ms,tier=cloud,8.05348837209301
1783724466,lat99_ms,tier=cloud,8.925621045231724
1783724476,lat99_ms,tier=cloud,9.79469525959368
1783724486,lat99_ms,tier=cloud,9.946488469601674
1783724496,lat99_ms,tier=cloud,9.910316066725198
1783724506,lat99_ms,tier=cloud,18.203409489361228
1783724516,lat99_ms,tier=cloud,19.21565089908989
1783724526,lat99_ms,tier=cloud,19.228177220646042
1783724536,lat99_ms,tier=cloud,19.18797909442078
1783724546,lat99_ms,tier=cloud,19.4760313532154
1783724556,lat99_ms,tier=cloud,19.739177708867217
1783724566,lat99_ms,tier=cloud,19.918890714148077
1783724576,lat99_ms,tier=cloud,23.04257703391895
1783724586,lat99_ms,tier=cloud,33.47421750506813
1783724596,lat99_ms,tier=cloud,37.71539147794235
1783724606,lat99_ms,tier=cloud,43.678880125943955
1783724616,lat99_ms,tier=cloud,46.485866475841924
1783724626,lat99_ms,tier=cloud,48.36680036540073
1783724636,lat99_ms,tier=cloud,49.099626259330186
1783724646,lat99_ms,tier=cloud,49.39733719096448
1783724656,lat99_ms,tier=cloud,49.46901561094654
1783724666,lat99_ms,tier=cloud,49.52563099079622
1783724676,lat99_ms,tier=cloud,49.580582353890655
1783724686,lat99_ms,tier=cloud,49.63513706409483
1783724696,lat99_ms,tier=cloud,49.66121277774735
1783724706,lat99_ms,tier=cloud,49.67649208962034
1783724716,lat99_ms,tier=cloud,49.69321933413939
1783724726,lat99_ms,tier=cloud,49.726000677137044
1783724736,lat99_ms,tier=cloud,49.74868921888861
1783724746,lat99_ms,tier=cloud,49.75953461704302
1783724756,lat99_ms,tier=cloud,49.74078942962026
1783724766,lat99_ms,tier=cloud,49.732096862365154
1783724776,lat99_ms,tier=cloud,49.717452257949375
1783724786,lat99_ms,tier=cloud,49.69976754798291
1783724796,lat99_ms,tier=cloud,49.66575877931578
1783724806,lat99_ms,tier=cloud,49.63687294489405
1783724816,lat99_ms,tier=cloud,49.60675486679953
1783724826,lat99_ms,tier=cloud,49.55688445178128
1783724836,lat99_ms,tier=cloud,49.460474309020256
1783724846,lat99_ms,tier=cloud,49.29241913675392
1783724856,lat99_ms,tier=cloud,48.91012858422899
1783724866,lat99_ms,tier=cloud,48.066864680483796
1783724876,lat99_ms,tier=cloud,45.12304371718459
1783724886,lat99_ms,tier=cloud,42.42556790977528
1783724896,lat99_ms,tier=cloud,40.696679418042514
1783724906,lat99_ms,tier=cloud,41.09022338197257
1783724916,lat99_ms,tier=cloud,41.48319173992557
1783724926,lat99_ms,tier=cloud,41.329404162027004
1783724936,lat99_ms,tier=cloud,41.31740839981876
1783724946,lat99_ms,tier=cloud,41.27058769707932
1783724956,lat99_ms,tier=cloud,41.91313666290889
1783724966,lat99_ms,tier=cloud,42.330933677957795
1783724976,lat99_ms,tier=cloud,42.18170701908272
1783724986,lat99_ms,tier=cloud,41.97081759491237
1783724996,lat99_ms,tier=cloud,42.120107949277205
1783725006,lat99_ms,tier=cloud,42.0406357576241
1783725016,lat99_ms,tier=cloud,42.13928958732227
1783725026,lat99_ms,tier=cloud,41.983406453863914
1783725036,lat99_ms,tier=cloud,41.637872507545
1783725046,lat99_ms,tier=cloud,41.09502946347848
1783725056,lat99_ms,tier=cloud,41.100825493582846
1783724416,inflight,tier=cloud,0.0
1783724426,inflight,tier=cloud,0.0
1783724436,inflight,tier=cloud,0.0
1783724446,inflight,tier=cloud,0.0
1783724456,inflight,tier=cloud,0.0
1783724466,inflight,tier=cloud,0.0
1783724476,inflight,tier=cloud,0.0
1783724486,inflight,tier=cloud,0.0
1783724496,inflight,tier=cloud,0.0
1783724506,inflight,tier=cloud,0.0
1783724516,inflight,tier=cloud,0.0
1783724526,inflight,tier=cloud,0.0
1783724536,inflight,tier=cloud,0.0
1783724546,inflight,tier=cloud,0.0
1783724556,inflight,tier=cloud,0.0
1783724566,inflight,tier=cloud,1.0
1783724576,inflight,tier=cloud,0.0
1783724586,inflight,tier=cloud,0.0
1783724596,inflight,tier=cloud,0.0
1783724606,inflight,tier=cloud,6.0
1783724616,inflight,tier=cloud,13.0
1783724626,inflight,tier=cloud,6.0
1783724636,inflight,tier=cloud,2.0
1783724646,inflight,tier=cloud,52.0
1783724656,inflight,tier=cloud,5.0
1783724666,inflight,tier=cloud,0.0
1783724676,inflight,tier=cloud,0.0
1783724686,inflight,tier=cloud,5.0
1783724696,inflight,tier=cloud,6.0
1783724706,inflight,tier=cloud,0.0
1783724716,inflight,tier=cloud,0.0
1783724726,inflight,tier=cloud,7.0
1783724736,inflight,tier=cloud,3.0
1783724746,inflight,tier=cloud,39.0
1783724756,inflight,tier=cloud,0.0
1783724766,inflight,tier=cloud,0.0
1783724776,inflight,tier=cloud,0.0
1783724786,inflight,tier=cloud,0.0
1783724796,inflight,tier=cloud,3.0
1783724806,inflight,tier=cloud,0.0
1783724816,inflight,tier=cloud,0.0
1783724826,inflight,tier=cloud,0.0
1783724836,inflight,tier=cloud,0.0
1783724846,inflight,tier=cloud,0.0
1783724856,inflight,tier=cloud,0.0
1783724866,inflight,tier=cloud,0.0
1783724876,inflight,tier=cloud,2.0
1783724886,inflight,tier=cloud,0.0
1783724896,inflight,tier=cloud,3.0
1783724906,inflight,tier=cloud,0.0
1783724916,inflight,tier=cloud,0.0
1783724926,inflight,tier=cloud,0.0
1783724936,inflight,tier=cloud,0.0
1783724946,inflight,tier=cloud,0.0
1783724956,inflight,tier=cloud,0.0
1783724966,inflight,tier=cloud,0.0
1783724976,inflight,tier=cloud,0.0
1783724986,inflight,tier=cloud,0.0
1783724996,inflight,tier=cloud,0.0
1783725006,inflight,tier=cloud,0.0
1783725016,inflight,tier=cloud,0.0
1783725026,inflight,tier=cloud,0.0
1783725036,inflight,tier=cloud,0.0
1783725046,inflight,tier=cloud,0.0
1783725056,inflight,tier=cloud,0.0
1783724416,inflight,tier=edge,0.0
1783724426,inflight,tier=edge,0.0
1783724436,inflight,tier=edge,0.0
1783724446,inflight,tier=edge,0.0
1783724456,inflight,tier=edge,0.0
1783724466,inflight,tier=edge,0.0
1783724476,inflight,tier=edge,0.0
1783724486,inflight,tier=edge,0.0
1783724496,inflight,tier=edge,0.0
1783724506,inflight,tier=edge,0.0
1783724516,inflight,tier=edge,0.0
1783724526,inflight,tier=edge,0.0
1783724536,inflight,tier=edge,0.0
1783724546,inflight,tier=edge,0.0
1783724556,inflight,tier=edge,0.0
1783724566,inflight,tier=edge,0.0
1783724576,inflight,tier=edge,0.0
1783724586,inflight,tier=edge,0.0
1783724596,inflight,tier=edge,0.0
1783724606,inflight,tier=edge,0.0
1783724616,inflight,tier=edge,0.0
1783724626,inflight,tier=edge,0.0
1783724636,inflight,tier=edge,0.0
1783724646,inflight,tier=edge,0.0
1783724656,inflight,tier=edge,0.0
1783724666,inflight,tier=edge,0.0
1783724676,inflight,tier=edge,0.0
1783724686,inflight,tier=edge,0.0
1783724696,inflight,tier=edge,0.0
1783724706,inflight,tier=edge,0.0
1783724716,inflight,tier=edge,0.0
1783724726,inflight,tier=edge,0.0
1783724736,inflight,tier=edge,0.0
1783724746,inflight,tier=edge,0.0
1783724756,inflight,tier=edge,0.0
1783724766,inflight,tier=edge,0.0
1783724776,inflight,tier=edge,0.0
1783724786,inflight,tier=edge,0.0
1783724796,inflight,tier=edge,0.0
1783724806,inflight,tier=edge,0.0
1783724816,inflight,tier=edge,0.0
1783724826,inflight,tier=edge,0.0
1783724836,inflight,tier=edge,0.0
1783724846,inflight,tier=edge,0.0
1783724856,inflight,tier=edge,0.0
1783724866,inflight,tier=edge,0.0
1783724876,inflight,tier=edge,0.0
1783724886,inflight,tier=edge,0.0
1783724896,inflight,tier=edge,0.0
1783724906,inflight,tier=edge,0.0
1783724916,inflight,tier=edge,0.0
1783724926,inflight,tier=edge,0.0
1783724936,inflight,tier=edge,0.0
1783724946,inflight,tier=edge,0.0
1783724956,inflight,tier=edge,0.0
1783724966,inflight,tier=edge,0.0
1783724976,inflight,tier=edge,0.0
1783724986,inflight,tier=edge,0.0
1783724996,inflight,tier=edge,0.0
1783725006,inflight,tier=edge,0.0
1783725016,inflight,tier=edge,0.0
1783725026,inflight,tier=edge,0.0
1783725036,inflight,tier=edge,0.0
1783725046,inflight,tier=edge,0.0
1783725056,inflight,tier=edge,0.0
