ts,metric,labels,value
1783700498,replicas_status,deployment=workload-cloud,2.0
1783700508,replicas_status,deployment=workload-cloud,1.0
1783700518,replicas_status,deployment=workload-cloud,1.0
1783700528,replicas_status,deployment=workload-cloud,1.0
1783700538,replicas_status,deployment=workload-cloud,1.0
1783700548,replicas_status,deployment=workload-cloud,1.0
1783700558,replicas_status,deployment=workload-cloud,1.0
1783700568,replicas_status,deployment=workload-cloud,1.0
1783700578,replicas_status,deployment=workload-cloud,1.0
1783700588,replicas_status,deployment=workload-cloud,2.0
1783700598,replicas_status,deployment=workload-cloud,2.0
1783700608,replicas_status,deployment=workload-cloud,2.0
1783700618,replicas_status,deployment=workload-cloud,3.0
1783700628,replicas_status,deployment=workload-cloud,3.0
1783700638,replicas_status,deployment=workload-cloud,3.0
1783700648,replicas_status,deployment=workload-cloud,3.0
1783700658,replicas_status,deployment=workload-cloud,4.0
1783700668,replicas_status,deployment=workload-cloud,4.0
1783700678,replicas_status,deployment=workload-cloud,4.0
1783700688,replicas_status,deployment=workload-cloud,5.0
1783700698,replicas_status,deployment=workload-cloud,5.0
1783700708,replicas_status,deployment=workload-cloud,5.0
1783700718,replicas_status,deployment=workload-cloud,5.0
1783700728,replicas_status,deployment=workload-cloud,6.0
1783700738,replicas_status,deployment=workload-cloud,6.0
1783700748,replicas_status,deployment=workload-cloud,6.0
1783700758,replicas_status,deployment=workload-cloud,6.0
1783700768,replicas_status,deployment=workload-cloud,6.0
1783700778,replicas_status,deployment=workload-cloud,6.0
1783700788,replicas_status,deployment=workload-cloud,6.0
1783700798,replicas_status,deployment=workload-cloud,6.0
1783700808,replicas_status,deployment=workload-cloud,6.0
1783700818,replicas_status,deployment=workload-cloud,6.0
1783700828,replicas_status,deployment=workload-cloud,6.0
1783700838,replicas_status,deployment=workload-cloud,6.0
1783700848,replicas_status,deployment=workload-cloud,6.0
1783700858,replicas_status,deployment=workload-cloud,6.0
1783700868,replicas_status,deployment=workload-cloud,6.0
1783700878,replicas_status,deployment=workload-cloud,6.0
1783700888,replicas_status,deployment=workload-cloud,6.0
1783700898,replicas_status,deployment=workload-cloud,6.0
1783700908,replicas_status,deployment=workload-cloud,6.0
1783700918,replicas_status,deployment=workload-cloud,6.0
1783700928,replicas_status,deployment=workload-cloud,6.0
1783700938,replicas_status,deployment=workload-cloud,6.0
1783700948,replicas_status,deployment=workload-cloud,6.0
1783700958,replicas_status,deployment=workload-cloud,6.0
1783700968,replicas_status,deployment=workload-cloud,6.0
1783700978,replicas_status,deployment=workload-cloud,6.0
1783700988,replicas_status,deployment=workload-cloud,6.0
1783700998,replicas_status,deployment=workload-cloud,6.0
1783701008,replicas_status,deployment=workload-cloud,6.0
1783701018,replicas_status,deployment=workload-cloud,6.0
1783701028,replicas_status,deployment=workload-cloud,6.0
1783701038,replicas_status,deployment=workload-cloud,6.0
1783701048,replicas_status,deployment=workload-cloud,6.0
1783701058,replicas_status,deployment=workload-cloud,6.0
1783701068,replicas_status,deployment=workload-cloud,6.0
1783701078,replicas_status,deployment=workload-cloud,6.0
1783701088,replicas_status,deployment=workload-cloud,6.0
1783701098,replicas_status,deployment=workload-cloud,6.0
1783701108,replicas_status,deployment=workload-cloud,6.0
1783701118,replicas_status,deployment=workload-cloud,6.0
1783701128,replicas_status,deployment=workload-cloud,6.0
1783701138,replicas_status,deployment=workload-cloud,6.0
1783700498,replicas_status,deployment=workload-edge,1.0
1783700508,replicas_status,deployment=workload-edge,1.0
1783700518,replicas_status,deployment=workload-edge,1.0
1783700528,replicas_status,deployment=workload-edge,1.0
1783700538,replicas_status,deployment=workload-edge,1.0
1783700548,replicas_status,deployment=workload-edge,1.0
1783700558,replicas_status,deployment=workload-edge,1.0
1783700568,replicas_status,deployment=workload-edge,1.0
1783700578,replicas_status,deployment=workload-edge,1.0
1783700588,replicas_status,deployment=workload-edge,1.0
1783700598,replicas_status,deployment=workload-edge,1.0
1783700608,replicas_status,deployment=workload-edge,1.0
1783700618,replicas_status,deployment=workload-edge,1.0
1783700628,replicas_status,deployment=workload-edge,1.0
1783700638,replicas_status,deployment=workload-edge,1.0
1783700648,replicas_status,deployment=workload-edge,1.0
1783700658,replicas_status,deployment=workload-edge,1.0
1783700668,replicas_status,deployment=workload-edge,1.0
1783700678,replicas_status,deployment=workload-edge,1.0
1783700688,replicas_status,deployment=workload-edge,1.0
1783700698,replicas_status,deployment=workload-edge,1.0
1783700708,replicas_status,deployment=workload-edge,1.0
1783700718,replicas_status,deployment=workload-edge,1.0
1783700728,replicas_status,deployment=workload-edge,1.0
1783700738,replicas_status,deployment=workload-edge,1.0
1783700748,replicas_status,deployment=workload-edge,1.0
1783700758,replicas_status,deployment=workload-edge,1.0
1783700768,replicas_status,deployment=workload-edge,1.0
1783700778,replicas_status,deployment=workload-edge,1.0
1783700788,replicas_status,deployment=workload-edge,1.0
1783700798,replicas_status,deployment=workload-edge,1.0
1783700808,replicas_status,deployment=workload-edge,1.0
1783700818,replicas_status,deployment=workload-edge,1.0
1783700828,replicas_status,deployment=workload-edge,1.0
1783700838,replicas_status,deployment=workload-edge,1.0
1783700848,replicas_status,deployment=workload-edge,1.0
1783700858,replicas_status,deployment=workload-edge,1.0
1783700868,replicas_status,deployment=workload-edge,1.0
1783700878,replicas_status,deployment=workload-edge,1.0
1783700888,replicas_status,deployment=workload-edge,1.0
1783700898,replicas_status,deployment=workload-edge,1.0
1783700908,replicas_status,deployment=workload-edge,1.0
1783700918,replicas_status,deployment=workload-edge,1.0
1783700928,replicas_status,deployment=workload-edge,1.0
1783700938,replicas_status,deployment=workload-edge,1.0
1783700948,replicas_status,deployment=workload-edge,1.0
1783700958,replicas_status,deployment=workload-edge,1.0
1783700968,replicas_status,deployment=workload-edge,1.0
1783700978,replicas_status,deployment=workload-edge,1.0
1783700988,replicas_status,deployment=workload-edge,1.0
1783700998,replicas_status,deployment=workload-edge,1.0
1783701008,replicas_status,deployment=workload-edge,1.0
1783701018,replicas_status,deployment=workload-edge,1.0
1783701028,replicas_status,deployment=workload-edge,1.0
1783701038,replicas_status,deployment=workload-edge,1.0
1783701048,replicas_status,deployment=workload-edge,1.0
1783701058,replicas_status,deployment=workload-edge,1.0
1783701068,replicas_status,deployment=workload-edge,1.0
1783701078,replicas_status,deployment=workload-edge,1.0
1783701088,replicas_status,deployment=workload-edge,1.0
1783701098,replicas_status,deployment=workload-edge,1.0
1783701108,replicas_status,deployment=workload-edge,1.0
1783701118,replicas_status,deployment=workload-edge,1.0
1783701128,replicas_status,deployment=workload-edge,1.0
1783701138,replicas_status,deployment=workload-edge,1.0
1783700498,replicas_spec,deployment=workload-cloud,2.0
1783700508,replicas_spec,deployment=workload-cloud,1.0
1783700518,replicas_spec,deployment=workload-cloud,1.0
1783700528,replicas_spec,deployment=workload-cloud,1.0
1783700538,replicas_spec,deployment=workload-cloud,1.0
1783700548,replicas_spec,deployment=workload-cloud,1.0
1783700558,replicas_spec,deployment=workload-cloud,1.0
1783700568,replicas_spec,deployment=workload-cloud,1.0
1783700578,replicas_spec,deployment=workload-cloud,1.0
1783700588,replicas_spec,deployment=workload-cloud,2.0
1783700598,replicas_spec,deployment=workload-cloud,2.0
1783700608,replicas_spec,deployment=workload-cloud,2.0
1783700618,replicas_spec,deployment=workload-cloud,3.0
1783700628,replicas_spec,deployment=workload-cloud,3.0
1783700638,replicas_spec,deployment=workload-cloud,3.0
1783700648,replicas_spec,deployment=workload-cloud,3.0
1783700658,replicas_spec,deployment=workload-cloud,4.0
1783700668,replicas_spec,deployment=workload-cloud,4.0
1783700678,replicas_spec,deployment=workload-cloud,4.0
1783700688,replicas_spec,deployment=workload-cloud,5.0
1783700698,replicas_spec,deployment=workload-cloud,5.0
1783700708,replicas_spec,deployment=workload-cloud,5.0
1783700718,replicas_spec,deployment=workload-cloud,5.0
1783700728,replicas_spec,deployment=workload-cloud,6.0
1783700738,replicas_spec,deployment=workload-cloud,6.0
1783700748,replicas_spec,deployment=workload-cloud,6.0
1783700758,replicas_spec,deployment=workload-cloud,6.0
1783700768,replicas_spec,deployment=workload-cloud,6.0
1783700778,replicas_spec,deployment=workload-cloud,6.0
1783700788,replicas_spec,deployment=workload-cloud,6.0
1783700798,replicas_spec,deployment=workload-cloud,6.0
1783700808,replicas_spec,deployment=workload-cloud,6.0
1783700818,replicas_spec,deployment=workload-cloud,6.0
1783700828,replicas_spec,deployment=workload-cloud,6.0
1783700838,replicas_spec,deployment=workload-cloud,6.0
1783700848,replicas_spec,deployment=workload-cloud,6.0
1783700858,replicas_spec,deployment=workload-cloud,6.0
1783700868,replicas_spec,deployment=workload-cloud,6.0
1783700878,replicas_spec,deployment=workload-cloud,6.0
1783700888,replicas_spec,deployment=workload-cloud,6.0
1783700898,replicas_spec,deployment=workload-cloud,6.0
1783700908,replicas_spec,deployment=workload-cloud,6.0
1783700918,replicas_spec,deployment=workload-cloud,6.0
1783700928,replicas_spec,deployment=workload-cloud,6.0
1783700938,replicas_spec,deployment=workload-cloud,6.0
1783700948,replicas_spec,deployment=workload-cloud,6.0
1783700958,replicas_spec,deployment=workload-cloud,6.0
1783700968,replicas_spec,deployment=workload-cloud,6.0
1783700978,replicas_spec,deployment=workload-cloud,6.0
1783700988,replicas_spec,deployment=workload-cloud,6.0
1783700998,replicas_spec,deployment=workload-cloud,6.0
1783701008,replicas_spec,deployment=workload-cloud,6.0
1783701018,replicas_spec,deployment=workload-cloud,6.0
1783701028,replicas_spec,deployment=workload-cloud,6.0
1783701038,replicas_spec,deployment=workload-cloud,6.0
1783701048,replicas_spec,deployment=workload-cloud,6.0
1783701058,replicas_spec,deployment=workload-cloud,6.0
1783701068,replicas_spec,deployment=workload-cloud,6.0
1783701078,replicas_spec,deployment=workload-cloud,6.0
1783701088,replicas_spec,deployment=workload-cloud,6.0
1783701098,replicas_spec,deployment=workload-cloud,6.0
1783701108,replicas_spec,deployment=workload-cloud,6.0
1783701118,replicas_spec,deployment=workload-cloud,6.0
1783701128,replicas_spec,deployment=workload-cloud,6.0
1783701138,replicas_spec,deployment=workload-cloud,6.0
1783700498,replicas_spec,deployment=workload-edge,1.0
1783700508,replicas_spec,deployment=workload-edge,1.0
1783700518,replicas_spec,deployment=workload-edge,1.0
1783700528,replicas_spec,deployment=workload-edge,1.0
1783700538,replicas_spec,deployment=workload-edge,1.0
1783700548,replicas_spec,deployment=workload-edge,1.0
1783700558,replicas_spec,deployment=workload-edge,1.0
1783700568,replicas_spec,deployment=workload-edge,1.0
1783700578,replicas_spec,deployment=workload-edge,1.0
1783700588,replicas_spec,deployment=workload-edge,1.0
1783700598,replicas_spec,deployment=workload-edge,1.0
1783700608,replicas_spec,deployment=workload-edge,1.0
1783700618,replicas_spec,deployment=workload-edge,1.0
1783700628,replicas_spec,deployment=workload-edge,1.0
1783700638,replicas_spec,deployment=workload-edge,1.0
1783700648,replicas_spec,deployment=workload-edge,1.0
1783700658,replicas_spec,deployment=workload-edge,1.0
1783700668,replicas_spec,deployment=workload-edge,1.0
1783700678,replicas_spec,deployment=workload-edge,1.0
1783700688,replicas_spec,deployment=workload-edge,1.0
1783700698,replicas_spec,deployment=workload-edge,1.0
1783700708,replicas_spec,deployment=workload-edge,1.0
1783700718,replicas_spec,deployment=workload-edge,1.0
1783700728,replicas_spec,deployment=workload-edge,1.0
1783700738,replicas_spec,deployment=workload-edge,1.0
1783700748,replicas_spec,deployment=workload-edge,1.0
1783700758,replicas_spec,deployment=workload-edge,1.0
1783700768,replicas_spec,deployment=workload-edge,1.0
1783700778,replicas_spec,deployment=workload-edge,1.0
1783700788,replicas_spec,deployment=workload-edge,1.0
1783700798,replicas_spec,deployment=workload-edge,1.0
1783700808,replicas_spec,deployment=workload-edge,1.0
1783700818,replicas_spec,deployment=workload-edge,1.0
1783700828,replicas_spec,deployment=workload-edge,1.0
1783700838,replicas_spec,deployment=workload-edge,1.0
1783700848,replicas_spec,deployment=workload-edge,1.0
1783700858,replicas_spec,deployment=workload-edge,1.0
1783700868,replicas_spec,deployment=workload-edge,1.0
1783700878,replicas_spec,deployment=workload-edge,1.0
1783700888,replicas_spec,deployment=workload-edge,1.0
1783700898,replicas_spec,deployment=workload-edge,1.0
1783700908,replicas_spec,deployment=workload-edge,1.0
1783700918,replicas_spec,deployment=workload-edge,1.0
1783700928,replicas_spec,deployment=workload-edge,1.0
1783700938,replicas_spec,deployment=workload-edge,1.0
1783700948,replicas_spec,deployment=workload-edge,1.0
1783700958,replicas_spec,deployment=workload-edge,1.0
1783700968,replicas_spec,deployment=workload-edge,1.0
1783700978,replicas_spec,deployment=workload-edge,1.0
1783700988,replicas_spec,deployment=workload-edge,1.0
1783700998,replicas_spec,deployment=workload-edge,1.0
1783701008,replicas_spec,deployment=workload-edge,1.0
1783701018,replicas_spec,deployment=workload-edge,1.0
1783701028,replicas_spec,deployment=workload-edge,1.0
1783701038,replicas_spec,deployment=workload-edge,1.0
1783701048,replicas_spec,deployment=workload-edge,1.0
1783701058,replicas_spec,deployment=workload-edge,1.0
1783701068,replicas_spec,deployment=workload-edge,1.0
1783701078,replicas_spec,deployment=workload-edge,1.0
1783701088,replicas_spec,deployment=workload-edge,1.0
1783701098,replicas_spec,deployment=workload-edge,1.0
1783701108,replicas_spec,deployment=workload-edge,1.0
1783701118,replicas_spec,deployment=workload-edge,1.0
1783701128,replicas_spec,deployment=workload-edge,1.0
1783701138,replicas_spec,deployment=workload-edge,1.0
1783700598,cpu_cores,pod=workload-cloud-6f545f89ff-6bkwm,0.07816880921732108
1783700608,cpu_cores,pod=workload-cloud-6f545f89ff-6bkwm,0.10647105578279768
1783700618,cpu_cores,pod=workload-cloud-6f545f89ff-6bkwm,0.14992395181495477
1783700628,cpu_cores,pod=workload-cloud-6f545f89ff-6bkwm,0.1842833930150006
1783700638,cpu_cores,pod=workload-cloud-6f545f89ff-6bkwm,0.21403957551268682
1783700648,cpu_cores,pod=workload-cloud-6f545f89ff-6bkwm,0.29187207360961676
1783700658,cpu_cores,pod=workload-cloud-6f545f89ff-6bkwm,0.31966252208024587
1783700668,cpu_cores,pod=workload-cloud-6f545f89ff-6bkwm,0.3892785582890295
1783700678,cpu_cores,pod=workload-cloud-6f545f89ff-6bkwm,0.43784897807044787
1783700688,cpu_cores,pod=workload-cloud-6f545f89ff-6bkwm,0.43561489695574845
1783700698,cpu_cores,pod=workload-cloud-6f545f89ff-6bkwm,0.44292644949805365
1783700708,cpu_cores,pod=workload-cloud-6f545f89ff-6bkwm,0.6016417022574742
1783700718,cpu_cores,pod=workload-cloud-6f545f89ff-6bkwm,0.7073823303608338
1783700728,cpu_cores,pod=workload-cloud-6f545f89ff-6bkwm,0.8298826921984204
1783700738,cpu_cores,pod=workload-cloud-6f545f89ff-6bkwm,0.8596474717712433
1783700748,cpu_cores,pod=workload-cloud-6f545f89ff-6bkwm,0.9135817203609627
1783700758,cpu_cores,pod=workload-cloud-6f545f89ff-6bkwm,0.9176722396254972
1783700768,cpu_cores,pod=workload-cloud-6f545f89ff-6bkwm,0.9259972682524549
1783700778,cpu_cores,pod=workload-cloud-6f545f89ff-6bkwm,0.9240412157330152
1783700788,cpu_cores,pod=workload-cloud-6f545f89ff-6bkwm,0.9240412157330152
1783700798,cpu_cores,pod=workload-cloud-6f545f89ff-6bkwm,0.9300747138397504
1783700808,cpu_cores,pod=workload-cloud-6f545f89ff-6bkwm,0.9283663578047041
1783700818,cpu_cores,pod=workload-cloud-6f545f89ff-6bkwm,0.924038347213668
1783700828,cpu_cores,pod=workload-cloud-6f545f89ff-6bkwm,0.924038347213668
1783700838,cpu_cores,pod=workload-cloud-6f545f89ff-6bkwm,0.9217450236966827
1783700848,cpu_cores,pod=workload-cloud-6f545f89ff-6bkwm,0.867799815409464
1783700858,cpu_cores,pod=workload-cloud-6f545f89ff-6bkwm,0.8434298645193522
1783700868,cpu_cores,pod=workload-cloud-6f545f89ff-6bkwm,0.7339836481533691
1783700878,cpu_cores,pod=workload-cloud-6f545f89ff-6bkwm,0.5695655670370527
1783700888,cpu_cores,pod=workload-cloud-6f545f89ff-6bkwm,0.5695655670370526
1783700898,cpu_cores,pod=workload-cloud-6f545f89ff-6bkwm,0.4243763233206916
1783700908,cpu_cores,pod=workload-cloud-6f545f89ff-6bkwm,0.25457012084608516
1783700918,cpu_cores,pod=workload-cloud-6f545f89ff-6bkwm,0.2472261844913284
1783700928,cpu_cores,pod=workload-cloud-6f545f89ff-6bkwm,0.25254827437543964
1783700938,cpu_cores,pod=workload-cloud-6f545f89ff-6bkwm,0.2039563036558311
1783700948,cpu_cores,pod=workload-cloud-6f545f89ff-6bkwm,0.19137358888356482
1783700958,cpu_cores,pod=workload-cloud-6f545f89ff-6bkwm,0.13921408351788192
1783700968,cpu_cores,pod=workload-cloud-6f545f89ff-6bkwm,0.18523056044600994
1783700978,cpu_cores,pod=workload-cloud-6f545f89ff-6bkwm,0.17947380338054894
1783700988,cpu_cores,pod=workload-cloud-6f545f89ff-6bkwm,0.20664612795197024
1783700998,cpu_cores,pod=workload-cloud-6f545f89ff-6bkwm,0.22125066064274157
1783701008,cpu_cores,pod=workload-cloud-6f545f89ff-6bkwm,0.20222738398907528
1783701018,cpu_cores,pod=workload-cloud-6f545f89ff-6bkwm,0.21672774945909262
1783701028,cpu_cores,pod=workload-cloud-6f545f89ff-6bkwm,0.23842141389979474
1783701038,cpu_cores,pod=workload-cloud-6f545f89ff-6bkwm,0.2537036045033594
1783701048,cpu_cores,pod=workload-cloud-6f545f89ff-6bkwm,0.25584874713290334
1783701058,cpu_cores,pod=workload-cloud-6f545f89ff-6bkwm,0.25584874713290334
1783701068,cpu_cores,pod=workload-cloud-6f545f89ff-6bkwm,0.23404729119638804
1783701078,cpu_cores,pod=workload-cloud-6f545f89ff-6bkwm,0.15531363120322367
1783701088,cpu_cores,pod=workload-cloud-6f545f89ff-6bkwm,0.11437154522613031
1783701098,cpu_cores,pod=workload-cloud-6f545f89ff-6bkwm,0.05116997036295761
1783701108,cpu_cores,pod=workload-cloud-6f545f89ff-6bkwm,0.003752182232824232
1783701118,cpu_cores,pod=workload-cloud-6f545f89ff-6bkwm,0.0038758117533875315
1783701128,cpu_cores,pod=workload-cloud-6f545f89ff-6bkwm,0.003716232752437383
1783701138,cpu_cores,pod=workload-cloud-6f545f89ff-6bkwm,0.0037162327524373835
1783700738,cpu_cores,pod=workload-cloud-6f545f89ff-cnm7p,0.07146838388790562
1783700748,cpu_cores,pod=workload-cloud-6f545f89ff-cnm7p,0.10166578801769913
1783700758,cpu_cores,pod=workload-cloud-6f545f89ff-cnm7p,0.07856725449396311
1783700768,cpu_cores,pod=workload-cloud-6f545f89ff-cnm7p,0.07026299797258556
1783700778,cpu_cores,pod=workload-cloud-6f545f89ff-cnm7p,0.005709480670901842
1783700788,cpu_cores,pod=workload-cloud-6f545f89ff-cnm7p,0.006827382423194142
1783700798,cpu_cores,pod=workload-cloud-6f545f89ff-cnm7p,0.007053621760351986
1783700808,cpu_cores,pod=workload-cloud-6f545f89ff-cnm7p,0.007023803272950026
1783700818,cpu_cores,pod=workload-cloud-6f545f89ff-cnm7p,0.007045621173444914
1783700828,cpu_cores,pod=workload-cloud-6f545f89ff-cnm7p,0.005929865521394854
1783700838,cpu_cores,pod=workload-cloud-6f545f89ff-cnm7p,0.006968551433968742
1783700848,cpu_cores,pod=workload-cloud-6f545f89ff-cnm7p,0.0064358063363256016
1783700858,cpu_cores,pod=workload-cloud-6f545f89ff-cnm7p,0.006337686525797669
1783700868,cpu_cores,pod=workload-cloud-6f545f89ff-cnm7p,0.005060092644174008
1783700878,cpu_cores,pod=workload-cloud-6f545f89ff-cnm7p,0.0053562064628482845
1783700888,cpu_cores,pod=workload-cloud-6f545f89ff-cnm7p,0.004543283105300773
1783700898,cpu_cores,pod=workload-cloud-6f545f89ff-cnm7p,0.005487754419693227
1783700908,cpu_cores,pod=workload-cloud-6f545f89ff-cnm7p,0.005143792092113824
1783700918,cpu_cores,pod=workload-cloud-6f545f89ff-cnm7p,0.004483317700656578
1783700928,cpu_cores,pod=workload-cloud-6f545f89ff-cnm7p,0.004216929704567275
1783700938,cpu_cores,pod=workload-cloud-6f545f89ff-cnm7p,0.0032277606302114547
1783700948,cpu_cores,pod=workload-cloud-6f545f89ff-cnm7p,0.0032277606302114547
1783700958,cpu_cores,pod=workload-cloud-6f545f89ff-cnm7p,0.0030450589427150573
1783700968,cpu_cores,pod=workload-cloud-6f545f89ff-cnm7p,0.0030450589427150573
1783700978,cpu_cores,pod=workload-cloud-6f545f89ff-cnm7p,0.003026924411602599
1783700988,cpu_cores,pod=workload-cloud-6f545f89ff-cnm7p,0.003094700861870113
1783700998,cpu_cores,pod=workload-cloud-6f545f89ff-cnm7p,0.0034684788217083395
1783701008,cpu_cores,pod=workload-cloud-6f545f89ff-cnm7p,0.0034684788217083395
1783701018,cpu_cores,pod=workload-cloud-6f545f89ff-cnm7p,0.0033505665209093427
1783701028,cpu_cores,pod=workload-cloud-6f545f89ff-cnm7p,0.0028068161102118806
1783701038,cpu_cores,pod=workload-cloud-6f545f89ff-cnm7p,0.0041471962616822485
1783701048,cpu_cores,pod=workload-cloud-6f545f89ff-cnm7p,0.0038583507065091498
1783701058,cpu_cores,pod=workload-cloud-6f545f89ff-cnm7p,0.004292676119236355
1783701068,cpu_cores,pod=workload-cloud-6f545f89ff-cnm7p,0.0038774039410812257
1783701078,cpu_cores,pod=workload-cloud-6f545f89ff-cnm7p,0.0032584787072953156
1783701088,cpu_cores,pod=workload-cloud-6f545f89ff-cnm7p,0.0033432636270140483
1783701098,cpu_cores,pod=workload-cloud-6f545f89ff-cnm7p,0.0032551317440401356
1783701108,cpu_cores,pod=workload-cloud-6f545f89ff-cnm7p,0.0034800567874526712
1783701118,cpu_cores,pod=workload-cloud-6f545f89ff-cnm7p,0.0034800567874526717
1783701128,cpu_cores,pod=workload-cloud-6f545f89ff-cnm7p,0.0033531500642870263
1783701138,cpu_cores,pod=workload-cloud-6f545f89ff-cnm7p,0.0032505660183184187
1783700698,cpu_cores,pod=workload-cloud-6f545f89ff-n7g4d,0.08635378741387364
1783700708,cpu_cores,pod=workload-cloud-6f545f89ff-n7g4d,0.12355156661898088
1783700718,cpu_cores,pod=workload-cloud-6f545f89ff-n7g4d,0.25907579105532874
1783700728,cpu_cores,pod=workload-cloud-6f545f89ff-n7g4d,0.3194851198535148
1783700738,cpu_cores,pod=workload-cloud-6f545f89ff-n7g4d,0.5221263398410472
1783700748,cpu_cores,pod=workload-cloud-6f545f89ff-n7g4d,0.6467879243537101
1783700758,cpu_cores,pod=workload-cloud-6f545f89ff-n7g4d,0.745968587430545
1783700768,cpu_cores,pod=workload-cloud-6f545f89ff-n7g4d,0.745968587430545
1783700778,cpu_cores,pod=workload-cloud-6f545f89ff-n7g4d,0.7319864693797082
1783700788,cpu_cores,pod=workload-cloud-6f545f89ff-n7g4d,0.7292542453309834
1783700798,cpu_cores,pod=workload-cloud-6f545f89ff-n7g4d,0.7247380501601103
1783700808,cpu_cores,pod=workload-cloud-6f545f89ff-n7g4d,0.715106068229848
1783700818,cpu_cores,pod=workload-cloud-6f545f89ff-n7g4d,0.5850314095018219
1783700828,cpu_cores,pod=workload-cloud-6f545f89ff-n7g4d,0.7093505608004519
1783700838,cpu_cores,pod=workload-cloud-6f545f89ff-n7g4d,0.7071912368074731
1783700848,cpu_cores,pod=workload-cloud-6f545f89ff-n7g4d,0.5742245806318822
1783700858,cpu_cores,pod=workload-cloud-6f545f89ff-n7g4d,0.5742245806318822
1783700868,cpu_cores,pod=workload-cloud-6f545f89ff-n7g4d,0.26714897985046254
1783700878,cpu_cores,pod=workload-cloud-6f545f89ff-n7g4d,0.20555962306588577
1783700888,cpu_cores,pod=workload-cloud-6f545f89ff-n7g4d,0.03067936891694782
1783700898,cpu_cores,pod=workload-cloud-6f545f89ff-n7g4d,0.037678456130282145
1783700908,cpu_cores,pod=workload-cloud-6f545f89ff-n7g4d,0.003814847117883819
1783700918,cpu_cores,pod=workload-cloud-6f545f89ff-n7g4d,0.004444981027940721
1783700928,cpu_cores,pod=workload-cloud-6f545f89ff-n7g4d,0.004262761151187136
1783700938,cpu_cores,pod=workload-cloud-6f545f89ff-n7g4d,0.0032674203113415745
1783700948,cpu_cores,pod=workload-cloud-6f545f89ff-n7g4d,0.0030211480362536207
1783700958,cpu_cores,pod=workload-cloud-6f545f89ff-n7g4d,0.0031846343768684843
1783700968,cpu_cores,pod=workload-cloud-6f545f89ff-n7g4d,0.0028947576321875527
1783700978,cpu_cores,pod=workload-cloud-6f545f89ff-n7g4d,0.0036460070109289467
1783700988,cpu_cores,pod=workload-cloud-6f545f89ff-n7g4d,0.0035059772727272782
1783700998,cpu_cores,pod=workload-cloud-6f545f89ff-n7g4d,0.0032540988832270266
1783701008,cpu_cores,pod=workload-cloud-6f545f89ff-n7g4d,0.003621667428397504
1783701018,cpu_cores,pod=workload-cloud-6f545f89ff-n7g4d,0.003553337863088246
1783701028,cpu_cores,pod=workload-cloud-6f545f89ff-n7g4d,0.004095211216314579
1783701038,cpu_cores,pod=workload-cloud-6f545f89ff-n7g4d,0.004333184746027179
1783701048,cpu_cores,pod=workload-cloud-6f545f89ff-n7g4d,0.0039349437980673715
1783701058,cpu_cores,pod=workload-cloud-6f545f89ff-n7g4d,0.00437749629598706
1783701068,cpu_cores,pod=workload-cloud-6f545f89ff-n7g4d,0.0032292049888783627
1783701078,cpu_cores,pod=workload-cloud-6f545f89ff-n7g4d,0.0033373070758963242
1783701088,cpu_cores,pod=workload-cloud-6f545f89ff-n7g4d,0.0022997000000000156
1783701098,cpu_cores,pod=workload-cloud-6f545f89ff-n7g4d,0.0036539111592632334
1783701108,cpu_cores,pod=workload-cloud-6f545f89ff-n7g4d,0.0032591492543513046
1783701118,cpu_cores,pod=workload-cloud-6f545f89ff-n7g4d,0.0038586482558138806
1783701128,cpu_cores,pod=workload-cloud-6f545f89ff-n7g4d,0.003529649643918066
1783701138,cpu_cores,pod=workload-cloud-6f545f89ff-n7g4d,0.0032388496549503893
1783700498,cpu_cores,pod=workload-cloud-6f545f89ff-r28zz,0.004881591319252832
1783700508,cpu_cores,pod=workload-cloud-6f545f89ff-r28zz,0.005738832279978558
1783700518,cpu_cores,pod=workload-cloud-6f545f89ff-r28zz,0.02745452739777243
1783700528,cpu_cores,pod=workload-cloud-6f545f89ff-r28zz,0.08384646296558727
1783700538,cpu_cores,pod=workload-cloud-6f545f89ff-r28zz,0.10191323673603368
1783700548,cpu_cores,pod=workload-cloud-6f545f89ff-r28zz,0.21730041474887726
1783700558,cpu_cores,pod=workload-cloud-6f545f89ff-r28zz,0.28727671335802124
1783700568,cpu_cores,pod=workload-cloud-6f545f89ff-r28zz,0.3916332774295999
1783700578,cpu_cores,pod=workload-cloud-6f545f89ff-r28zz,0.45885972201611697
1783700588,cpu_cores,pod=workload-cloud-6f545f89ff-r28zz,0.5510895254552686
1783700598,cpu_cores,pod=workload-cloud-6f545f89ff-r28zz,0.5589061488087652
1783700608,cpu_cores,pod=workload-cloud-6f545f89ff-r28zz,0.6019676532552235
1783700618,cpu_cores,pod=workload-cloud-6f545f89ff-r28zz,0.6346972186227325
1783700628,cpu_cores,pod=workload-cloud-6f545f89ff-r28zz,0.5857857532168678
1783700638,cpu_cores,pod=workload-cloud-6f545f89ff-r28zz,0.6913557809711646
1783700648,cpu_cores,pod=workload-cloud-6f545f89ff-r28zz,0.7265754213537118
1783700658,cpu_cores,pod=workload-cloud-6f545f89ff-r28zz,0.7504938638274088
1783700668,cpu_cores,pod=workload-cloud-6f545f89ff-r28zz,0.758558456948178
1783700678,cpu_cores,pod=workload-cloud-6f545f89ff-r28zz,0.7668412989794374
1783700688,cpu_cores,pod=workload-cloud-6f545f89ff-r28zz,0.5165609249999988
1783700698,cpu_cores,pod=workload-cloud-6f545f89ff-r28zz,0.8141838751509177
1783700708,cpu_cores,pod=workload-cloud-6f545f89ff-r28zz,0.8427713657094456
1783700718,cpu_cores,pod=workload-cloud-6f545f89ff-r28zz,0.71589447763346
1783700728,cpu_cores,pod=workload-cloud-6f545f89ff-r28zz,0.8923979136837838
1783700738,cpu_cores,pod=workload-cloud-6f545f89ff-r28zz,0.920760394361166
1783700748,cpu_cores,pod=workload-cloud-6f545f89ff-r28zz,0.920760394361166
1783700758,cpu_cores,pod=workload-cloud-6f545f89ff-r28zz,0.9266807433708559
1783700768,cpu_cores,pod=workload-cloud-6f545f89ff-r28zz,0.9306877031895227
1783700778,cpu_cores,pod=workload-cloud-6f545f89ff-r28zz,0.9306877031895227
1783700788,cpu_cores,pod=workload-cloud-6f545f89ff-r28zz,0.9326147294281474
1783700798,cpu_cores,pod=workload-cloud-6f545f89ff-r28zz,0.7951620035552466
1783700808,cpu_cores,pod=workload-cloud-6f545f89ff-r28zz,0.9270112805646497
1783700818,cpu_cores,pod=workload-cloud-6f545f89ff-r28zz,0.9189136717197451
1783700828,cpu_cores,pod=workload-cloud-6f545f89ff-r28zz,0.9252911717584631
1783700838,cpu_cores,pod=workload-cloud-6f545f89ff-r28zz,0.9223078772924027
1783700848,cpu_cores,pod=workload-cloud-6f545f89ff-r28zz,0.9295059734803776
1783700858,cpu_cores,pod=workload-cloud-6f545f89ff-r28zz,0.8571551057166875
1783700868,cpu_cores,pod=workload-cloud-6f545f89ff-r28zz,0.7587084229223148
1783700878,cpu_cores,pod=workload-cloud-6f545f89ff-r28zz,0.7383225110660973
1783700888,cpu_cores,pod=workload-cloud-6f545f89ff-r28zz,0.6656203977994091
1783700898,cpu_cores,pod=workload-cloud-6f545f89ff-r28zz,0.6289756395995558
1783700908,cpu_cores,pod=workload-cloud-6f545f89ff-r28zz,0.6040776502227785
1783700918,cpu_cores,pod=workload-cloud-6f545f89ff-r28zz,0.48162546170377507
1783700928,cpu_cores,pod=workload-cloud-6f545f89ff-r28zz,0.5183969962182684
1783700938,cpu_cores,pod=workload-cloud-6f545f89ff-r28zz,0.43867283399259804
1783700948,cpu_cores,pod=workload-cloud-6f545f89ff-r28zz,0.399472125633501
1783700958,cpu_cores,pod=workload-cloud-6f545f89ff-r28zz,0.4329419441546272
1783700968,cpu_cores,pod=workload-cloud-6f545f89ff-r28zz,0.4184093281148059
1783700978,cpu_cores,pod=workload-cloud-6f545f89ff-r28zz,0.41396215776532447
1783700988,cpu_cores,pod=workload-cloud-6f545f89ff-r28zz,0.4505408168280327
1783700998,cpu_cores,pod=workload-cloud-6f545f89ff-r28zz,0.48163799465581003
1783701008,cpu_cores,pod=workload-cloud-6f545f89ff-r28zz,0.43549456774466055
1783701018,cpu_cores,pod=workload-cloud-6f545f89ff-r28zz,0.41417824774017925
1783701028,cpu_cores,pod=workload-cloud-6f545f89ff-r28zz,0.4976492294711733
1783701038,cpu_cores,pod=workload-cloud-6f545f89ff-r28zz,0.5461655561010994
1783701048,cpu_cores,pod=workload-cloud-6f545f89ff-r28zz,0.5461655561010994
1783701058,cpu_cores,pod=workload-cloud-6f545f89ff-r28zz,0.570922123519461
1783701068,cpu_cores,pod=workload-cloud-6f545f89ff-r28zz,0.5553724048443011
1783701078,cpu_cores,pod=workload-cloud-6f545f89ff-r28zz,0.3458552639287579
1783701088,cpu_cores,pod=workload-cloud-6f545f89ff-r28zz,0.22919978220167495
1783701098,cpu_cores,pod=workload-cloud-6f545f89ff-r28zz,0.10151934299296622
1783701108,cpu_cores,pod=workload-cloud-6f545f89ff-r28zz,0.06713368658148827
1783701118,cpu_cores,pod=workload-cloud-6f545f89ff-r28zz,0.006979886677943968
1783701128,cpu_cores,pod=workload-cloud-6f545f89ff-r28zz,0.005937880112336203
1783701138,cpu_cores,pod=workload-cloud-6f545f89ff-r28zz,0.003443569776570253
1783700668,cpu_cores,pod=workload-cloud-6f545f89ff-r5kjh,0.09774116817216294
1783700678,cpu_cores,pod=workload-cloud-6f545f89ff-r5kjh,0.06123343660351242
1783700688,cpu_cores,pod=workload-cloud-6f545f89ff-r5kjh,0.07893390809758631
1783700698,cpu_cores,pod=workload-cloud-6f545f89ff-r5kjh,0.12210463090913325
1783700708,cpu_cores,pod=workload-cloud-6f545f89ff-r5kjh,0.26382174512968026
1783700718,cpu_cores,pod=workload-cloud-6f545f89ff-r5kjh,0.22012187156349153
1783700728,cpu_cores,pod=workload-cloud-6f545f89ff-r5kjh,0.6207652214900693
1783700738,cpu_cores,pod=workload-cloud-6f545f89ff-r5kjh,0.8005742829035942
1783700748,cpu_cores,pod=workload-cloud-6f545f89ff-r5kjh,0.8652409636443277
1783700758,cpu_cores,pod=workload-cloud-6f545f89ff-r5kjh,0.9117401127415892
1783700768,cpu_cores,pod=workload-cloud-6f545f89ff-r5kjh,0.9186687987300994
1783700778,cpu_cores,pod=workload-cloud-6f545f89ff-r5kjh,0.9186687987300994
1783700788,cpu_cores,pod=workload-cloud-6f545f89ff-r5kjh,0.9158395739397504
1783700798,cpu_cores,pod=workload-cloud-6f545f89ff-r5kjh,0.9118823873478662
1783700808,cpu_cores,pod=workload-cloud-6f545f89ff-r5kjh,0.7885523205201428
1783700818,cpu_cores,pod=workload-cloud-6f545f89ff-r5kjh,0.9265674973126161
1783700828,cpu_cores,pod=workload-cloud-6f545f89ff-r5kjh,0.8151131420130288
1783700838,cpu_cores,pod=workload-cloud-6f545f89ff-r5kjh,0.9311808841273903
1783700848,cpu_cores,pod=workload-cloud-6f545f89ff-r5kjh,0.9377132960482402
1783700858,cpu_cores,pod=workload-cloud-6f545f89ff-r5kjh,0.8088403884918456
1783700868,cpu_cores,pod=workload-cloud-6f545f89ff-r5kjh,0.5952093903024482
1783700878,cpu_cores,pod=workload-cloud-6f545f89ff-r5kjh,0.4040191857459943
1783700888,cpu_cores,pod=workload-cloud-6f545f89ff-r5kjh,0.2989791649777057
1783700898,cpu_cores,pod=workload-cloud-6f545f89ff-r5kjh,0.1497413064272264
1783700908,cpu_cores,pod=workload-cloud-6f545f89ff-r5kjh,0.1231195045963303
1783700918,cpu_cores,pod=workload-cloud-6f545f89ff-r5kjh,0.08359730854605976
1783700928,cpu_cores,pod=workload-cloud-6f545f89ff-r5kjh,0.0712562102994562
1783700938,cpu_cores,pod=workload-cloud-6f545f89ff-r5kjh,0.0600653436957673
1783700948,cpu_cores,pod=workload-cloud-6f545f89ff-r5kjh,0.05054390476401628
1783700958,cpu_cores,pod=workload-cloud-6f545f89ff-r5kjh,0.05054390476401628
1783700968,cpu_cores,pod=workload-cloud-6f545f89ff-r5kjh,0.054981524103127184
1783700978,cpu_cores,pod=workload-cloud-6f545f89ff-r5kjh,0.054981524103127184
1783700988,cpu_cores,pod=workload-cloud-6f545f89ff-r5kjh,0.05987346151426848
1783700998,cpu_cores,pod=workload-cloud-6f545f89ff-r5kjh,0.06071459275329992
1783701008,cpu_cores,pod=workload-cloud-6f545f89ff-r5kjh,0.04561775542380676
1783701018,cpu_cores,pod=workload-cloud-6f545f89ff-r5kjh,0.05650732886825112
1783701028,cpu_cores,pod=workload-cloud-6f545f89ff-r5kjh,0.05828003355086774
1783701038,cpu_cores,pod=workload-cloud-6f545f89ff-r5kjh,0.06847233008492586
1783701048,cpu_cores,pod=workload-cloud-6f545f89ff-r5kjh,0.069001474382602
1783701058,cpu_cores,pod=workload-cloud-6f545f89ff-r5kjh,0.055571476997579035
1783701068,cpu_cores,pod=workload-cloud-6f545f89ff-r5kjh,0.04187491449760616
1783701078,cpu_cores,pod=workload-cloud-6f545f89ff-r5kjh,0.029596865968208253
1783701088,cpu_cores,pod=workload-cloud-6f545f89ff-r5kjh,0.0026921819165715
1783701098,cpu_cores,pod=workload-cloud-6f545f89ff-r5kjh,0.00328881514985001
1783701108,cpu_cores,pod=workload-cloud-6f545f89ff-r5kjh,0.002390212164667307
1783701118,cpu_cores,pod=workload-cloud-6f545f89ff-r5kjh,0.00360865689381957
1783701128,cpu_cores,pod=workload-cloud-6f545f89ff-r5kjh,0.0036354590570714758
1783701138,cpu_cores,pod=workload-cloud-6f545f89ff-r5kjh,0.0034492838032142877
1783700628,cpu_cores,pod=workload-cloud-6f545f89ff-xl4tv,0.05974813079082054
1783700638,cpu_cores,pod=workload-cloud-6f545f89ff-xl4tv,0.08474548921908538
1783700648,cpu_cores,pod=workload-cloud-6f545f89ff-xl4tv,0.06118425267544614
1783700658,cpu_cores,pod=workload-cloud-6f545f89ff-xl4tv,0.05309989991212597
1783700668,cpu_cores,pod=workload-cloud-6f545f89ff-xl4tv,0.006717656751110718
1783700678,cpu_cores,pod=workload-cloud-6f545f89ff-xl4tv,0.027260677405165367
1783700688,cpu_cores,pod=workload-cloud-6f545f89ff-xl4tv,0.03832362032326615
1783700698,cpu_cores,pod=workload-cloud-6f545f89ff-xl4tv,0.152040760592659
1783700708,cpu_cores,pod=workload-cloud-6f545f89ff-xl4tv,0.37986713206656064
1783700718,cpu_cores,pod=workload-cloud-6f545f89ff-xl4tv,0.5584295372018766
1783700728,cpu_cores,pod=workload-cloud-6f545f89ff-xl4tv,0.700381612810981
1783700738,cpu_cores,pod=workload-cloud-6f545f89ff-xl4tv,0.8675598397596397
1783700748,cpu_cores,pod=workload-cloud-6f545f89ff-xl4tv,0.8732451006332576
1783700758,cpu_cores,pod=workload-cloud-6f545f89ff-xl4tv,0.8924204208254655
1783700768,cpu_cores,pod=workload-cloud-6f545f89ff-xl4tv,0.9043583424569812
1783700778,cpu_cores,pod=workload-cloud-6f545f89ff-xl4tv,0.9098953572505274
1783700788,cpu_cores,pod=workload-cloud-6f545f89ff-xl4tv,0.9129827571141469
1783700798,cpu_cores,pod=workload-cloud-6f545f89ff-xl4tv,0.9129827571141469
1783700808,cpu_cores,pod=workload-cloud-6f545f89ff-xl4tv,0.8908284557429145
1783700818,cpu_cores,pod=workload-cloud-6f545f89ff-xl4tv,0.8908284557429145
1783700828,cpu_cores,pod=workload-cloud-6f545f89ff-xl4tv,0.8823646790813487
1783700838,cpu_cores,pod=workload-cloud-6f545f89ff-xl4tv,0.8665657844682357
1783700848,cpu_cores,pod=workload-cloud-6f545f89ff-xl4tv,0.8541129890280399
1783700858,cpu_cores,pod=workload-cloud-6f545f89ff-xl4tv,0.7897121428427806
1783700868,cpu_cores,pod=workload-cloud-6f545f89ff-xl4tv,0.6324760256030615
1783700878,cpu_cores,pod=workload-cloud-6f545f89ff-xl4tv,0.6324760256030615
1783700888,cpu_cores,pod=workload-cloud-6f545f89ff-xl4tv,0.3764231530809481
1783700898,cpu_cores,pod=workload-cloud-6f545f89ff-xl4tv,0.23696684600843393
1783700908,cpu_cores,pod=workload-cloud-6f545f89ff-xl4tv,0.20875499128793376
1783700918,cpu_cores,pod=workload-cloud-6f545f89ff-xl4tv,0.15867917612561505
1783700928,cpu_cores,pod=workload-cloud-6f545f89ff-xl4tv,0.13583335923795978
1783700938,cpu_cores,pod=workload-cloud-6f545f89ff-xl4tv,0.1358333592379598
1783700948,cpu_cores,pod=workload-cloud-6f545f89ff-xl4tv,0.10141228537070981
1783700958,cpu_cores,pod=workload-cloud-6f545f89ff-xl4tv,0.09271411920960614
1783700968,cpu_cores,pod=workload-cloud-6f545f89ff-xl4tv,0.10028293765734567
1783700978,cpu_cores,pod=workload-cloud-6f545f89ff-xl4tv,0.10028293765734567
1783700988,cpu_cores,pod=workload-cloud-6f545f89ff-xl4tv,0.10687908831012104
1783700998,cpu_cores,pod=workload-cloud-6f545f89ff-xl4tv,0.10687908831012102
1783701008,cpu_cores,pod=workload-cloud-6f545f89ff-xl4tv,0.10312008952689702
1783701018,cpu_cores,pod=workload-cloud-6f545f89ff-xl4tv,0.10812968101152663
1783701028,cpu_cores,pod=workload-cloud-6f545f89ff-xl4tv,0.13394067815113248
1783701038,cpu_cores,pod=workload-cloud-6f545f89ff-xl4tv,0.13389077526646562
1783701048,cpu_cores,pod=workload-cloud-6f545f89ff-xl4tv,0.14068526199726963
1783701058,cpu_cores,pod=workload-cloud-6f545f89ff-xl4tv,0.11387877346408544
1783701068,cpu_cores,pod=workload-cloud-6f545f89ff-xl4tv,0.11113023501054542
1783701078,cpu_cores,pod=workload-cloud-6f545f89ff-xl4tv,0.055601226033067094
1783701088,cpu_cores,pod=workload-cloud-6f545f89ff-xl4tv,0.020623908764121696
1783701098,cpu_cores,pod=workload-cloud-6f545f89ff-xl4tv,0.003264037122970007
1783701108,cpu_cores,pod=workload-cloud-6f545f89ff-xl4tv,0.0035499370402280695
1783701118,cpu_cores,pod=workload-cloud-6f545f89ff-xl4tv,0.003912487836522475
1783701128,cpu_cores,pod=workload-cloud-6f545f89ff-xl4tv,0.003636881860859191
1783701138,cpu_cores,pod=workload-cloud-6f545f89ff-xl4tv,0.0034823438740720016
1783700498,cpu_cores,pod=workload-edge-7b875fd8c6-pxwvc,0.005924085121026877
1783700508,cpu_cores,pod=workload-edge-7b875fd8c6-pxwvc,0.006069637573960951
1783700518,cpu_cores,pod=workload-edge-7b875fd8c6-pxwvc,0.006005506739295129
1783700528,cpu_cores,pod=workload-edge-7b875fd8c6-pxwvc,0.006018987341771435
1783700538,cpu_cores,pod=workload-edge-7b875fd8c6-pxwvc,0.005974153377531853
1783700548,cpu_cores,pod=workload-edge-7b875fd8c6-pxwvc,0.00362622500000498
1783700558,cpu_cores,pod=workload-edge-7b875fd8c6-pxwvc,0.005899532976423636
1783700568,cpu_cores,pod=workload-edge-7b875fd8c6-pxwvc,0.006433806939448995
1783700578,cpu_cores,pod=workload-edge-7b875fd8c6-pxwvc,0.0064380084538750776
1783700588,cpu_cores,pod=workload-edge-7b875fd8c6-pxwvc,0.0064380084538750776
1783700598,cpu_cores,pod=workload-edge-7b875fd8c6-pxwvc,0.006836628746838523
1783700608,cpu_cores,pod=workload-edge-7b875fd8c6-pxwvc,0.006836628746838523
1783700618,cpu_cores,pod=workload-edge-7b875fd8c6-pxwvc,0.006702533888543653
1783700628,cpu_cores,pod=workload-edge-7b875fd8c6-pxwvc,0.007348244527051059
1783700638,cpu_cores,pod=workload-edge-7b875fd8c6-pxwvc,0.007395405669597593
1783700648,cpu_cores,pod=workload-edge-7b875fd8c6-pxwvc,0.007292715343560776
1783700658,cpu_cores,pod=workload-edge-7b875fd8c6-pxwvc,0.007718220674367112
1783700668,cpu_cores,pod=workload-edge-7b875fd8c6-pxwvc,0.0075651486459155605
1783700678,cpu_cores,pod=workload-edge-7b875fd8c6-pxwvc,0.007334329095177685
1783700688,cpu_cores,pod=workload-edge-7b875fd8c6-pxwvc,0.007851247411495751
1783700698,cpu_cores,pod=workload-edge-7b875fd8c6-pxwvc,0.006462579834608028
1783700708,cpu_cores,pod=workload-edge-7b875fd8c6-pxwvc,0.007959973768652135
1783700718,cpu_cores,pod=workload-edge-7b875fd8c6-pxwvc,0.008351996589456621
1783700728,cpu_cores,pod=workload-edge-7b875fd8c6-pxwvc,0.008293730997542336
1783700738,cpu_cores,pod=workload-edge-7b875fd8c6-pxwvc,0.008340743924358124
1783700748,cpu_cores,pod=workload-edge-7b875fd8c6-pxwvc,0.0081669835565476
1783700758,cpu_cores,pod=workload-edge-7b875fd8c6-pxwvc,0.008166983556547599
1783700768,cpu_cores,pod=workload-edge-7b875fd8c6-pxwvc,0.008169283139767069
1783700778,cpu_cores,pod=workload-edge-7b875fd8c6-pxwvc,0.00803472827229995
1783700788,cpu_cores,pod=workload-edge-7b875fd8c6-pxwvc,0.008102095478178233
1783700798,cpu_cores,pod=workload-edge-7b875fd8c6-pxwvc,0.008340091455017072
1783700808,cpu_cores,pod=workload-edge-7b875fd8c6-pxwvc,0.0077554436379771285
1783700818,cpu_cores,pod=workload-edge-7b875fd8c6-pxwvc,0.008039472888835632
1783700828,cpu_cores,pod=workload-edge-7b875fd8c6-pxwvc,0.007935625388926386
1783700838,cpu_cores,pod=workload-edge-7b875fd8c6-pxwvc,0.007836807251276254
1783700848,cpu_cores,pod=workload-edge-7b875fd8c6-pxwvc,0.008112498210453668
1783700858,cpu_cores,pod=workload-edge-7b875fd8c6-pxwvc,0.007152398054921547
1783700868,cpu_cores,pod=workload-edge-7b875fd8c6-pxwvc,0.006202606727538271
1783700878,cpu_cores,pod=workload-edge-7b875fd8c6-pxwvc,0.005334399552802794
1783700888,cpu_cores,pod=workload-edge-7b875fd8c6-pxwvc,0.005427210969406949
1783700898,cpu_cores,pod=workload-edge-7b875fd8c6-pxwvc,0.005578972858440674
1783700908,cpu_cores,pod=workload-edge-7b875fd8c6-pxwvc,0.005578972858440674
1783700918,cpu_cores,pod=workload-edge-7b875fd8c6-pxwvc,0.004862338436156402
1783700928,cpu_cores,pod=workload-edge-7b875fd8c6-pxwvc,0.0044177939521638015
1783700938,cpu_cores,pod=workload-edge-7b875fd8c6-pxwvc,0.003957541021657188
1783700948,cpu_cores,pod=workload-edge-7b875fd8c6-pxwvc,0.003378404180483235
1783700958,cpu_cores,pod=workload-edge-7b875fd8c6-pxwvc,0.003918517293515989
1783700968,cpu_cores,pod=workload-edge-7b875fd8c6-pxwvc,0.004035233376202096
1783700978,cpu_cores,pod=workload-edge-7b875fd8c6-pxwvc,0.003323333569486382
1783700988,cpu_cores,pod=workload-edge-7b875fd8c6-pxwvc,0.004230028011206792
1783700998,cpu_cores,pod=workload-edge-7b875fd8c6-pxwvc,0.003974618289282207
1783701008,cpu_cores,pod=workload-edge-7b875fd8c6-pxwvc,0.003971664698936626
1783701018,cpu_cores,pod=workload-edge-7b875fd8c6-pxwvc,0.004120460768575454
1783701028,cpu_cores,pod=workload-edge-7b875fd8c6-pxwvc,0.0043771483902184955
1783701038,cpu_cores,pod=workload-edge-7b875fd8c6-pxwvc,0.004640376324589189
1783701048,cpu_cores,pod=workload-edge-7b875fd8c6-pxwvc,0.005017853775070294
1783701058,cpu_cores,pod=workload-edge-7b875fd8c6-pxwvc,0.004758773715496489
1783701068,cpu_cores,pod=workload-edge-7b875fd8c6-pxwvc,0.0042919597237968815
1783701078,cpu_cores,pod=workload-edge-7b875fd8c6-pxwvc,0.0038123033093725588
1783701088,cpu_cores,pod=workload-edge-7b875fd8c6-pxwvc,0.0038446133429838845
1783701098,cpu_cores,pod=workload-edge-7b875fd8c6-pxwvc,0.003608987314556739
1783701108,cpu_cores,pod=workload-edge-7b875fd8c6-pxwvc,0.003608987314556739
1783701118,cpu_cores,pod=workload-edge-7b875fd8c6-pxwvc,0.003963295535216718
1783701128,cpu_cores,pod=workload-edge-7b875fd8c6-pxwvc,0.004004574481150344
1783701138,cpu_cores,pod=workload-edge-7b875fd8c6-pxwvc,0.003626857336605468
1783700598,cpu_utilisation,pod=workload-cloud-6f545f89ff-6bkwm,0.3908440460866054
1783700608,cpu_utilisation,pod=workload-cloud-6f545f89ff-6bkwm,0.5323552789139884
1783700618,cpu_utilisation,pod=workload-cloud-6f545f89ff-6bkwm,0.7496197590747739
1783700628,cpu_utilisation,pod=workload-cloud-6f545f89ff-6bkwm,0.9214169650750029
1783700638,cpu_utilisation,pod=workload-cloud-6f545f89ff-6bkwm,1.070197877563434
1783700648,cpu_utilisation,pod=workload-cloud-6f545f89ff-6bkwm,1.4593603680480838
1783700658,cpu_utilisation,pod=workload-cloud-6f545f89ff-6bkwm,1.5983126104012293
1783700668,cpu_utilisation,pod=workload-cloud-6f545f89ff-6bkwm,1.9463927914451475
1783700678,cpu_utilisation,pod=workload-cloud-6f545f89ff-6bkwm,2.189244890352239
1783700688,cpu_utilisation,pod=workload-cloud-6f545f89ff-6bkwm,2.178074484778742
1783700698,cpu_utilisation,pod=workload-cloud-6f545f89ff-6bkwm,2.214632247490268
1783700708,cpu_utilisation,pod=workload-cloud-6f545f89ff-6bkwm,3.0082085112873704
1783700718,cpu_utilisation,pod=workload-cloud-6f545f89ff-6bkwm,3.5369116518041688
1783700728,cpu_utilisation,pod=workload-cloud-6f545f89ff-6bkwm,4.149413460992101
1783700738,cpu_utilisation,pod=workload-cloud-6f545f89ff-6bkwm,4.298237358856216
1783700748,cpu_utilisation,pod=workload-cloud-6f545f89ff-6bkwm,4.567908601804813
1783700758,cpu_utilisation,pod=workload-cloud-6f545f89ff-6bkwm,4.588361198127486
1783700768,cpu_utilisation,pod=workload-cloud-6f545f89ff-6bkwm,4.629986341262274
1783700778,cpu_utilisation,pod=workload-cloud-6f545f89ff-6bkwm,4.620206078665076
1783700788,cpu_utilisation,pod=workload-cloud-6f545f89ff-6bkwm,4.620206078665076
1783700798,cpu_utilisation,pod=workload-cloud-6f545f89ff-6bkwm,4.650373569198751
1783700808,cpu_utilisation,pod=workload-cloud-6f545f89ff-6bkwm,4.64183178902352
1783700818,cpu_utilisation,pod=workload-cloud-6f545f89ff-6bkwm,4.62019173606834
1783700828,cpu_utilisation,pod=workload-cloud-6f545f89ff-6bkwm,4.62019173606834
1783700838,cpu_utilisation,pod=workload-cloud-6f545f89ff-6bkwm,4.608725118483413
1783700848,cpu_utilisation,pod=workload-cloud-6f545f89ff-6bkwm,4.33899907704732
1783700858,cpu_utilisation,pod=workload-cloud-6f545f89ff-6bkwm,4.217149322596761
1783700868,cpu_utilisation,pod=workload-cloud-6f545f89ff-6bkwm,3.6699182407668456
1783700878,cpu_utilisation,pod=workload-cloud-6f545f89ff-6bkwm,2.8478278351852637
1783700888,cpu_utilisation,pod=workload-cloud-6f545f89ff-6bkwm,2.847827835185263
1783700898,cpu_utilisation,pod=workload-cloud-6f545f89ff-6bkwm,2.1218816166034578
1783700908,cpu_utilisation,pod=workload-cloud-6f545f89ff-6bkwm,1.2728506042304257
1783700918,cpu_utilisation,pod=workload-cloud-6f545f89ff-6bkwm,1.236130922456642
1783700928,cpu_utilisation,pod=workload-cloud-6f545f89ff-6bkwm,1.262741371877198
1783700938,cpu_utilisation,pod=workload-cloud-6f545f89ff-6bkwm,1.0197815182791554
1783700948,cpu_utilisation,pod=workload-cloud-6f545f89ff-6bkwm,0.9568679444178241
1783700958,cpu_utilisation,pod=workload-cloud-6f545f89ff-6bkwm,0.6960704175894096
1783700968,cpu_utilisation,pod=workload-cloud-6f545f89ff-6bkwm,0.9261528022300497
1783700978,cpu_utilisation,pod=workload-cloud-6f545f89ff-6bkwm,0.8973690169027446
1783700988,cpu_utilisation,pod=workload-cloud-6f545f89ff-6bkwm,1.0332306397598512
1783700998,cpu_utilisation,pod=workload-cloud-6f545f89ff-6bkwm,1.1062533032137079
1783701008,cpu_utilisation,pod=workload-cloud-6f545f89ff-6bkwm,1.0111369199453764
1783701018,cpu_utilisation,pod=workload-cloud-6f545f89ff-6bkwm,1.083638747295463
1783701028,cpu_utilisation,pod=workload-cloud-6f545f89ff-6bkwm,1.1921070694989737
1783701038,cpu_utilisation,pod=workload-cloud-6f545f89ff-6bkwm,1.268518022516797
1783701048,cpu_utilisation,pod=workload-cloud-6f545f89ff-6bkwm,1.2792437356645165
1783701058,cpu_utilisation,pod=workload-cloud-6f545f89ff-6bkwm,1.2792437356645165
1783701068,cpu_utilisation,pod=workload-cloud-6f545f89ff-6bkwm,1.17023645598194
1783701078,cpu_utilisation,pod=workload-cloud-6f545f89ff-6bkwm,0.7765681560161183
1783701088,cpu_utilisation,pod=workload-cloud-6f545f89ff-6bkwm,0.5718577261306516
1783701098,cpu_utilisation,pod=workload-cloud-6f545f89ff-6bkwm,0.25584985181478803
1783701108,cpu_utilisation,pod=workload-cloud-6f545f89ff-6bkwm,0.01876091116412116
1783701118,cpu_utilisation,pod=workload-cloud-6f545f89ff-6bkwm,0.019379058766937657
1783701128,cpu_utilisation,pod=workload-cloud-6f545f89ff-6bkwm,0.018581163762186916
1783701138,cpu_utilisation,pod=workload-cloud-6f545f89ff-6bkwm,0.018581163762186916
1783700738,cpu_utilisation,pod=workload-cloud-6f545f89ff-cnm7p,0.3573419194395281
1783700748,cpu_utilisation,pod=workload-cloud-6f545f89ff-cnm7p,0.5083289400884956
1783700758,cpu_utilisation,pod=workload-cloud-6f545f89ff-cnm7p,0.3928362724698155
1783700768,cpu_utilisation,pod=workload-cloud-6f545f89ff-cnm7p,0.3513149898629278
1783700778,cpu_utilisation,pod=workload-cloud-6f545f89ff-cnm7p,0.02854740335450921
1783700788,cpu_utilisation,pod=workload-cloud-6f545f89ff-cnm7p,0.03413691211597071
1783700798,cpu_utilisation,pod=workload-cloud-6f545f89ff-cnm7p,0.03526810880175993
1783700808,cpu_utilisation,pod=workload-cloud-6f545f89ff-cnm7p,0.03511901636475013
1783700818,cpu_utilisation,pod=workload-cloud-6f545f89ff-cnm7p,0.035228105867224566
1783700828,cpu_utilisation,pod=workload-cloud-6f545f89ff-cnm7p,0.02964932760697427
1783700838,cpu_utilisation,pod=workload-cloud-6f545f89ff-cnm7p,0.03484275716984371
1783700848,cpu_utilisation,pod=workload-cloud-6f545f89ff-cnm7p,0.03217903168162801
1783700858,cpu_utilisation,pod=workload-cloud-6f545f89ff-cnm7p,0.03168843262898834
1783700868,cpu_utilisation,pod=workload-cloud-6f545f89ff-cnm7p,0.02530046322087004
1783700878,cpu_utilisation,pod=workload-cloud-6f545f89ff-cnm7p,0.02678103231424142
1783700888,cpu_utilisation,pod=workload-cloud-6f545f89ff-cnm7p,0.02271641552650386
1783700898,cpu_utilisation,pod=workload-cloud-6f545f89ff-cnm7p,0.027438772098466135
1783700908,cpu_utilisation,pod=workload-cloud-6f545f89ff-cnm7p,0.025718960460569117
1783700918,cpu_utilisation,pod=workload-cloud-6f545f89ff-cnm7p,0.022416588503282885
1783700928,cpu_utilisation,pod=workload-cloud-6f545f89ff-cnm7p,0.021084648522836372
1783700938,cpu_utilisation,pod=workload-cloud-6f545f89ff-cnm7p,0.01613880315105727
1783700948,cpu_utilisation,pod=workload-cloud-6f545f89ff-cnm7p,0.01613880315105727
1783700958,cpu_utilisation,pod=workload-cloud-6f545f89ff-cnm7p,0.015225294713575286
1783700968,cpu_utilisation,pod=workload-cloud-6f545f89ff-cnm7p,0.015225294713575286
1783700978,cpu_utilisation,pod=workload-cloud-6f545f89ff-cnm7p,0.015134622058012994
1783700988,cpu_utilisation,pod=workload-cloud-6f545f89ff-cnm7p,0.015473504309350565
1783700998,cpu_utilisation,pod=workload-cloud-6f545f89ff-cnm7p,0.017342394108541697
1783701008,cpu_utilisation,pod=workload-cloud-6f545f89ff-cnm7p,0.017342394108541697
1783701018,cpu_utilisation,pod=workload-cloud-6f545f89ff-cnm7p,0.016752832604546714
1783701028,cpu_utilisation,pod=workload-cloud-6f545f89ff-cnm7p,0.014034080551059402
1783701038,cpu_utilisation,pod=workload-cloud-6f545f89ff-cnm7p,0.02073598130841124
1783701048,cpu_utilisation,pod=workload-cloud-6f545f89ff-cnm7p,0.01929175353254575
1783701058,cpu_utilisation,pod=workload-cloud-6f545f89ff-cnm7p,0.02146338059618177
1783701068,cpu_utilisation,pod=workload-cloud-6f545f89ff-cnm7p,0.019387019705406128
1783701078,cpu_utilisation,pod=workload-cloud-6f545f89ff-cnm7p,0.016292393536476577
1783701088,cpu_utilisation,pod=workload-cloud-6f545f89ff-cnm7p,0.01671631813507024
1783701098,cpu_utilisation,pod=workload-cloud-6f545f89ff-cnm7p,0.016275658720200675
1783701108,cpu_utilisation,pod=workload-cloud-6f545f89ff-cnm7p,0.017400283937263356
1783701118,cpu_utilisation,pod=workload-cloud-6f545f89ff-cnm7p,0.017400283937263356
1783701128,cpu_utilisation,pod=workload-cloud-6f545f89ff-cnm7p,0.01676575032143513
1783701138,cpu_utilisation,pod=workload-cloud-6f545f89ff-cnm7p,0.01625283009159209
1783700698,cpu_utilisation,pod=workload-cloud-6f545f89ff-n7g4d,0.4317689370693682
1783700708,cpu_utilisation,pod=workload-cloud-6f545f89ff-n7g4d,0.6177578330949044
1783700718,cpu_utilisation,pod=workload-cloud-6f545f89ff-n7g4d,1.2953789552766437
1783700728,cpu_utilisation,pod=workload-cloud-6f545f89ff-n7g4d,1.5974255992675739
1783700738,cpu_utilisation,pod=workload-cloud-6f545f89ff-n7g4d,2.6106316992052356
1783700748,cpu_utilisation,pod=workload-cloud-6f545f89ff-n7g4d,3.2339396217685503
1783700758,cpu_utilisation,pod=workload-cloud-6f545f89ff-n7g4d,3.7298429371527244
1783700768,cpu_utilisation,pod=workload-cloud-6f545f89ff-n7g4d,3.7298429371527244
1783700778,cpu_utilisation,pod=workload-cloud-6f545f89ff-n7g4d,3.659932346898541
1783700788,cpu_utilisation,pod=workload-cloud-6f545f89ff-n7g4d,3.6462712266549167
1783700798,cpu_utilisation,pod=workload-cloud-6f545f89ff-n7g4d,3.6236902508005513
1783700808,cpu_utilisation,pod=workload-cloud-6f545f89ff-n7g4d,3.57553034114924
1783700818,cpu_utilisation,pod=workload-cloud-6f545f89ff-n7g4d,2.925157047509109
1783700828,cpu_utilisation,pod=workload-cloud-6f545f89ff-n7g4d,3.546752804002259
1783700838,cpu_utilisation,pod=workload-cloud-6f545f89ff-n7g4d,3.5359561840373654
1783700848,cpu_utilisation,pod=workload-cloud-6f545f89ff-n7g4d,2.871122903159411
1783700858,cpu_utilisation,pod=workload-cloud-6f545f89ff-n7g4d,2.871122903159411
1783700868,cpu_utilisation,pod=workload-cloud-6f545f89ff-n7g4d,1.3357448992523127
1783700878,cpu_utilisation,pod=workload-cloud-6f545f89ff-n7g4d,1.0277981153294287
1783700888,cpu_utilisation,pod=workload-cloud-6f545f89ff-n7g4d,0.1533968445847391
1783700898,cpu_utilisation,pod=workload-cloud-6f545f89ff-n7g4d,0.18839228065141073
1783700908,cpu_utilisation,pod=workload-cloud-6f545f89ff-n7g4d,0.019074235589419095
1783700918,cpu_utilisation,pod=workload-cloud-6f545f89ff-n7g4d,0.022224905139703603
1783700928,cpu_utilisation,pod=workload-cloud-6f545f89ff-n7g4d,0.02131380575593568
1783700938,cpu_utilisation,pod=workload-cloud-6f545f89ff-n7g4d,0.01633710155670787
1783700948,cpu_utilisation,pod=workload-cloud-6f545f89ff-n7g4d,0.015105740181268102
1783700958,cpu_utilisation,pod=workload-cloud-6f545f89ff-n7g4d,0.015923171884342422
1783700968,cpu_utilisation,pod=workload-cloud-6f545f89ff-n7g4d,0.014473788160937763
1783700978,cpu_utilisation,pod=workload-cloud-6f545f89ff-n7g4d,0.018230035054644732
1783700988,cpu_utilisation,pod=workload-cloud-6f545f89ff-n7g4d,0.01752988636363639
1783700998,cpu_utilisation,pod=workload-cloud-6f545f89ff-n7g4d,0.016270494416135133
1783701008,cpu_utilisation,pod=workload-cloud-6f545f89ff-n7g4d,0.018108337141987518
1783701018,cpu_utilisation,pod=workload-cloud-6f545f89ff-n7g4d,0.017766689315441227
1783701028,cpu_utilisation,pod=workload-cloud-6f545f89ff-n7g4d,0.020476056081572894
1783701038,cpu_utilisation,pod=workload-cloud-6f545f89ff-n7g4d,0.021665923730135893
1783701048,cpu_utilisation,pod=workload-cloud-6f545f89ff-n7g4d,0.019674718990336855
1783701058,cpu_utilisation,pod=workload-cloud-6f545f89ff-n7g4d,0.0218874814799353
1783701068,cpu_utilisation,pod=workload-cloud-6f545f89ff-n7g4d,0.016146024944391813
1783701078,cpu_utilisation,pod=workload-cloud-6f545f89ff-n7g4d,0.01668653537948162
1783701088,cpu_utilisation,pod=workload-cloud-6f545f89ff-n7g4d,0.011498500000000078
1783701098,cpu_utilisation,pod=workload-cloud-6f545f89ff-n7g4d,0.018269555796316166
1783701108,cpu_utilisation,pod=workload-cloud-6f545f89ff-n7g4d,0.016295746271756523
1783701118,cpu_utilisation,pod=workload-cloud-6f545f89ff-n7g4d,0.019293241279069402
1783701128,cpu_utilisation,pod=workload-cloud-6f545f89ff-n7g4d,0.01764824821959033
1783701138,cpu_utilisation,pod=workload-cloud-6f545f89ff-n7g4d,0.016194248274751945
1783700498,cpu_utilisation,pod=workload-cloud-6f545f89ff-r28zz,0.024407956596264158
1783700508,cpu_utilisation,pod=workload-cloud-6f545f89ff-r28zz,0.02869416139989279
1783700518,cpu_utilisation,pod=workload-cloud-6f545f89ff-r28zz,0.13727263698886213
1783700528,cpu_utilisation,pod=workload-cloud-6f545f89ff-r28zz,0.4192323148279363
1783700538,cpu_utilisation,pod=workload-cloud-6f545f89ff-r28zz,0.5095661836801684
1783700548,cpu_utilisation,pod=workload-cloud-6f545f89ff-r28zz,1.0865020737443862
1783700558,cpu_utilisation,pod=workload-cloud-6f545f89ff-r28zz,1.4363835667901061
1783700568,cpu_utilisation,pod=workload-cloud-6f545f89ff-r28zz,1.9581663871479995
1783700578,cpu_utilisation,pod=workload-cloud-6f545f89ff-r28zz,2.2942986100805847
1783700588,cpu_utilisation,pod=workload-cloud-6f545f89ff-r28zz,2.7554476272763426
1783700598,cpu_utilisation,pod=workload-cloud-6f545f89ff-r28zz,2.794530744043826
1783700608,cpu_utilisation,pod=workload-cloud-6f545f89ff-r28zz,3.0098382662761174
1783700618,cpu_utilisation,pod=workload-cloud-6f545f89ff-r28zz,3.1734860931136626
1783700628,cpu_utilisation,pod=workload-cloud-6f545f89ff-r28zz,2.9289287660843386
1783700638,cpu_utilisation,pod=workload-cloud-6f545f89ff-r28zz,3.4567789048558226
1783700648,cpu_utilisation,pod=workload-cloud-6f545f89ff-r28zz,3.6328771067685586
1783700658,cpu_utilisation,pod=workload-cloud-6f545f89ff-r28zz,3.752469319137044
1783700668,cpu_utilisation,pod=workload-cloud-6f545f89ff-r28zz,3.79279228474089
1783700678,cpu_utilisation,pod=workload-cloud-6f545f89ff-r28zz,3.834206494897187
1783700688,cpu_utilisation,pod=workload-cloud-6f545f89ff-r28zz,2.582804624999994
1783700698,cpu_utilisation,pod=workload-cloud-6f545f89ff-r28zz,4.070919375754588
1783700708,cpu_utilisation,pod=workload-cloud-6f545f89ff-r28zz,4.213856828547227
1783700718,cpu_utilisation,pod=workload-cloud-6f545f89ff-r28zz,3.5794723881673
1783700728,cpu_utilisation,pod=workload-cloud-6f545f89ff-r28zz,4.461989568418919
1783700738,cpu_utilisation,pod=workload-cloud-6f545f89ff-r28zz,4.603801971805829
1783700748,cpu_utilisation,pod=workload-cloud-6f545f89ff-r28zz,4.603801971805829
1783700758,cpu_utilisation,pod=workload-cloud-6f545f89ff-r28zz,4.633403716854279
1783700768,cpu_utilisation,pod=workload-cloud-6f545f89ff-r28zz,4.653438515947613
1783700778,cpu_utilisation,pod=workload-cloud-6f545f89ff-r28zz,4.653438515947613
1783700788,cpu_utilisation,pod=workload-cloud-6f545f89ff-r28zz,4.663073647140736
1783700798,cpu_utilisation,pod=workload-cloud-6f545f89ff-r28zz,3.9758100177762326
1783700808,cpu_utilisation,pod=workload-cloud-6f545f89ff-r28zz,4.635056402823248
1783700818,cpu_utilisation,pod=workload-cloud-6f545f89ff-r28zz,4.594568358598726
1783700828,cpu_utilisation,pod=workload-cloud-6f545f89ff-r28zz,4.6264558587923155
1783700838,cpu_utilisation,pod=workload-cloud-6f545f89ff-r28zz,4.611539386462013
1783700848,cpu_utilisation,pod=workload-cloud-6f545f89ff-r28zz,4.647529867401888
1783700858,cpu_utilisation,pod=workload-cloud-6f545f89ff-r28zz,4.285775528583438
1783700868,cpu_utilisation,pod=workload-cloud-6f545f89ff-r28zz,3.7935421146115735
1783700878,cpu_utilisation,pod=workload-cloud-6f545f89ff-r28zz,3.691612555330486
1783700888,cpu_utilisation,pod=workload-cloud-6f545f89ff-r28zz,3.3281019889970453
1783700898,cpu_utilisation,pod=workload-cloud-6f545f89ff-r28zz,3.144878197997779
1783700908,cpu_utilisation,pod=workload-cloud-6f545f89ff-r28zz,3.0203882511138924
1783700918,cpu_utilisation,pod=workload-cloud-6f545f89ff-r28zz,2.4081273085188752
1783700928,cpu_utilisation,pod=workload-cloud-6f545f89ff-r28zz,2.591984981091342
1783700938,cpu_utilisation,pod=workload-cloud-6f545f89ff-r28zz,2.19336416996299
1783700948,cpu_utilisation,pod=workload-cloud-6f545f89ff-r28zz,1.997360628167505
1783700958,cpu_utilisation,pod=workload-cloud-6f545f89ff-r28zz,2.164709720773136
1783700968,cpu_utilisation,pod=workload-cloud-6f545f89ff-r28zz,2.0920466405740292
1783700978,cpu_utilisation,pod=workload-cloud-6f545f89ff-r28zz,2.069810788826622
1783700988,cpu_utilisation,pod=workload-cloud-6f545f89ff-r28zz,2.2527040841401633
1783700998,cpu_utilisation,pod=workload-cloud-6f545f89ff-r28zz,2.40818997327905
1783701008,cpu_utilisation,pod=workload-cloud-6f545f89ff-r28zz,2.1774728387233027
1783701018,cpu_utilisation,pod=workload-cloud-6f545f89ff-r28zz,2.070891238700896
1783701028,cpu_utilisation,pod=workload-cloud-6f545f89ff-r28zz,2.4882461473558664
1783701038,cpu_utilisation,pod=workload-cloud-6f545f89ff-r28zz,2.730827780505497
1783701048,cpu_utilisation,pod=workload-cloud-6f545f89ff-r28zz,2.730827780505497
1783701058,cpu_utilisation,pod=workload-cloud-6f545f89ff-r28zz,2.854610617597305
1783701068,cpu_utilisation,pod=workload-cloud-6f545f89ff-r28zz,2.776862024221505
1783701078,cpu_utilisation,pod=workload-cloud-6f545f89ff-r28zz,1.7292763196437893
1783701088,cpu_utilisation,pod=workload-cloud-6f545f89ff-r28zz,1.1459989110083746
1783701098,cpu_utilisation,pod=workload-cloud-6f545f89ff-r28zz,0.507596714964831
1783701108,cpu_utilisation,pod=workload-cloud-6f545f89ff-r28zz,0.33566843290744136
1783701118,cpu_utilisation,pod=workload-cloud-6f545f89ff-r28zz,0.03489943338971983
1783701128,cpu_utilisation,pod=workload-cloud-6f545f89ff-r28zz,0.029689400561681015
1783701138,cpu_utilisation,pod=workload-cloud-6f545f89ff-r28zz,0.017217848882851265
1783700668,cpu_utilisation,pod=workload-cloud-6f545f89ff-r5kjh,0.4887058408608147
1783700678,cpu_utilisation,pod=workload-cloud-6f545f89ff-r5kjh,0.3061671830175621
1783700688,cpu_utilisation,pod=workload-cloud-6f545f89ff-r5kjh,0.3946695404879315
1783700698,cpu_utilisation,pod=workload-cloud-6f545f89ff-r5kjh,0.6105231545456662
1783700708,cpu_utilisation,pod=workload-cloud-6f545f89ff-r5kjh,1.3191087256484013
1783700718,cpu_utilisation,pod=workload-cloud-6f545f89ff-r5kjh,1.1006093578174576
1783700728,cpu_utilisation,pod=workload-cloud-6f545f89ff-r5kjh,3.103826107450346
1783700738,cpu_utilisation,pod=workload-cloud-6f545f89ff-r5kjh,4.002871414517971
1783700748,cpu_utilisation,pod=workload-cloud-6f545f89ff-r5kjh,4.326204818221638
1783700758,cpu_utilisation,pod=workload-cloud-6f545f89ff-r5kjh,4.558700563707945
1783700768,cpu_utilisation,pod=workload-cloud-6f545f89ff-r5kjh,4.593343993650497
1783700778,cpu_utilisation,pod=workload-cloud-6f545f89ff-r5kjh,4.593343993650497
1783700788,cpu_utilisation,pod=workload-cloud-6f545f89ff-r5kjh,4.579197869698752
1783700798,cpu_utilisation,pod=workload-cloud-6f545f89ff-r5kjh,4.55941193673933
1783700808,cpu_utilisation,pod=workload-cloud-6f545f89ff-r5kjh,3.9427616026007137
1783700818,cpu_utilisation,pod=workload-cloud-6f545f89ff-r5kjh,4.63283748656308
1783700828,cpu_utilisation,pod=workload-cloud-6f545f89ff-r5kjh,4.075565710065144
1783700838,cpu_utilisation,pod=workload-cloud-6f545f89ff-r5kjh,4.6559044206369515
1783700848,cpu_utilisation,pod=workload-cloud-6f545f89ff-r5kjh,4.6885664802412
1783700858,cpu_utilisation,pod=workload-cloud-6f545f89ff-r5kjh,4.044201942459227
1783700868,cpu_utilisation,pod=workload-cloud-6f545f89ff-r5kjh,2.976046951512241
1783700878,cpu_utilisation,pod=workload-cloud-6f545f89ff-r5kjh,2.0200959287299716
1783700888,cpu_utilisation,pod=workload-cloud-6f545f89ff-r5kjh,1.4948958248885285
1783700898,cpu_utilisation,pod=workload-cloud-6f545f89ff-r5kjh,0.748706532136132
1783700908,cpu_utilisation,pod=workload-cloud-6f545f89ff-r5kjh,0.6155975229816515
1783700918,cpu_utilisation,pod=workload-cloud-6f545f89ff-r5kjh,0.4179865427302988
1783700928,cpu_utilisation,pod=workload-cloud-6f545f89ff-r5kjh,0.35628105149728095
1783700938,cpu_utilisation,pod=workload-cloud-6f545f89ff-r5kjh,0.30032671847883646
1783700948,cpu_utilisation,pod=workload-cloud-6f545f89ff-r5kjh,0.2527195238200814
1783700958,cpu_utilisation,pod=workload-cloud-6f545f89ff-r5kjh,0.2527195238200814
1783700968,cpu_utilisation,pod=workload-cloud-6f545f89ff-r5kjh,0.2749076205156359
1783700978,cpu_utilisation,pod=workload-cloud-6f545f89ff-r5kjh,0.2749076205156359
1783700988,cpu_utilisation,pod=workload-cloud-6f545f89ff-r5kjh,0.2993673075713424
1783700998,cpu_utilisation,pod=workload-cloud-6f545f89ff-r5kjh,0.30357296376649956
1783701008,cpu_utilisation,pod=workload-cloud-6f545f89ff-r5kjh,0.2280887771190338
1783701018,cpu_utilisation,pod=workload-cloud-6f545f89ff-r5kjh,0.2825366443412556
1783701028,cpu_utilisation,pod=workload-cloud-6f545f89ff-r5kjh,0.2914001677543387
1783701038,cpu_utilisation,pod=workload-cloud-6f545f89ff-r5kjh,0.34236165042462924
1783701048,cpu_utilisation,pod=workload-cloud-6f545f89ff-r5kjh,0.34500737191300995
1783701058,cpu_utilisation,pod=workload-cloud-6f545f89ff-r5kjh,0.27785738498789514
1783701068,cpu_utilisation,pod=workload-cloud-6f545f89ff-r5kjh,0.20937457248803076
1783701078,cpu_utilisation,pod=workload-cloud-6f545f89ff-r5kjh,0.14798432984104126
1783701088,cpu_utilisation,pod=workload-cloud-6f545f89ff-r5kjh,0.0134609095828575
1783701098,cpu_utilisation,pod=workload-cloud-6f545f89ff-r5kjh,0.01644407574925005
1783701108,cpu_utilisation,pod=workload-cloud-6f545f89ff-r5kjh,0.011951060823336536
1783701118,cpu_utilisation,pod=workload-cloud-6f545f89ff-r5kjh,0.01804328446909785
1783701128,cpu_utilisation,pod=workload-cloud-6f545f89ff-r5kjh,0.018177295285357376
1783701138,cpu_utilisation,pod=workload-cloud-6f545f89ff-r5kjh,0.017246419016071438
1783700628,cpu_utilisation,pod=workload-cloud-6f545f89ff-xl4tv,0.29874065395410265
1783700638,cpu_utilisation,pod=workload-cloud-6f545f89ff-xl4tv,0.4237274460954269
1783700648,cpu_utilisation,pod=workload-cloud-6f545f89ff-xl4tv,0.3059212633772307
1783700658,cpu_utilisation,pod=workload-cloud-6f545f89ff-xl4tv,0.26549949956062985
1783700668,cpu_utilisation,pod=workload-cloud-6f545f89ff-xl4tv,0.03358828375555359
1783700678,cpu_utilisation,pod=workload-cloud-6f545f89ff-xl4tv,0.13630338702582684
1783700688,cpu_utilisation,pod=workload-cloud-6f545f89ff-xl4tv,0.19161810161633075
1783700698,cpu_utilisation,pod=workload-cloud-6f545f89ff-xl4tv,0.7602038029632949
1783700708,cpu_utilisation,pod=workload-cloud-6f545f89ff-xl4tv,1.899335660332803
1783700718,cpu_utilisation,pod=workload-cloud-6f545f89ff-xl4tv,2.792147686009383
1783700728,cpu_utilisation,pod=workload-cloud-6f545f89ff-xl4tv,3.5019080640549047
1783700738,cpu_utilisation,pod=workload-cloud-6f545f89ff-xl4tv,4.337799198798198
1783700748,cpu_utilisation,pod=workload-cloud-6f545f89ff-xl4tv,4.366225503166287
1783700758,cpu_utilisation,pod=workload-cloud-6f545f89ff-xl4tv,4.462102104127327
1783700768,cpu_utilisation,pod=workload-cloud-6f545f89ff-xl4tv,4.521791712284906
1783700778,cpu_utilisation,pod=workload-cloud-6f545f89ff-xl4tv,4.549476786252637
1783700788,cpu_utilisation,pod=workload-cloud-6f545f89ff-xl4tv,4.5649137855707345
1783700798,cpu_utilisation,pod=workload-cloud-6f545f89ff-xl4tv,4.5649137855707345
1783700808,cpu_utilisation,pod=workload-cloud-6f545f89ff-xl4tv,4.454142278714572
1783700818,cpu_utilisation,pod=workload-cloud-6f545f89ff-xl4tv,4.454142278714572
1783700828,cpu_utilisation,pod=workload-cloud-6f545f89ff-xl4tv,4.411823395406744
1783700838,cpu_utilisation,pod=workload-cloud-6f545f89ff-xl4tv,4.332828922341179
1783700848,cpu_utilisation,pod=workload-cloud-6f545f89ff-xl4tv,4.270564945140199
1783700858,cpu_utilisation,pod=workload-cloud-6f545f89ff-xl4tv,3.9485607142139028
1783700868,cpu_utilisation,pod=workload-cloud-6f545f89ff-xl4tv,3.1623801280153074
1783700878,cpu_utilisation,pod=workload-cloud-6f545f89ff-xl4tv,3.1623801280153074
1783700888,cpu_utilisation,pod=workload-cloud-6f545f89ff-xl4tv,1.8821157654047405
1783700898,cpu_utilisation,pod=workload-cloud-6f545f89ff-xl4tv,1.1848342300421695
1783700908,cpu_utilisation,pod=workload-cloud-6f545f89ff-xl4tv,1.0437749564396688
1783700918,cpu_utilisation,pod=workload-cloud-6f545f89ff-xl4tv,0.7933958806280752
1783700928,cpu_utilisation,pod=workload-cloud-6f545f89ff-xl4tv,0.6791667961897988
1783700938,cpu_utilisation,pod=workload-cloud-6f545f89ff-xl4tv,0.679166796189799
1783700948,cpu_utilisation,pod=workload-cloud-6f545f89ff-xl4tv,0.507061426853549
1783700958,cpu_utilisation,pod=workload-cloud-6f545f89ff-xl4tv,0.46357059604803064
1783700968,cpu_utilisation,pod=workload-cloud-6f545f89ff-xl4tv,0.5014146882867283
1783700978,cpu_utilisation,pod=workload-cloud-6f545f89ff-xl4tv,0.5014146882867283
1783700988,cpu_utilisation,pod=workload-cloud-6f545f89ff-xl4tv,0.5343954415506051
1783700998,cpu_utilisation,pod=workload-cloud-6f545f89ff-xl4tv,0.534395441550605
1783701008,cpu_utilisation,pod=workload-cloud-6f545f89ff-xl4tv,0.5156004476344851
1783701018,cpu_utilisation,pod=workload-cloud-6f545f89ff-xl4tv,0.5406484050576331
1783701028,cpu_utilisation,pod=workload-cloud-6f545f89ff-xl4tv,0.6697033907556623
1783701038,cpu_utilisation,pod=workload-cloud-6f545f89ff-xl4tv,0.669453876332328
1783701048,cpu_utilisation,pod=workload-cloud-6f545f89ff-xl4tv,0.7034263099863481
1783701058,cpu_utilisation,pod=workload-cloud-6f545f89ff-xl4tv,0.5693938673204272
1783701068,cpu_utilisation,pod=workload-cloud-6f545f89ff-xl4tv,0.5556511750527271
1783701078,cpu_utilisation,pod=workload-cloud-6f545f89ff-xl4tv,0.27800613016533543
1783701088,cpu_utilisation,pod=workload-cloud-6f545f89ff-xl4tv,0.10311954382060848
1783701098,cpu_utilisation,pod=workload-cloud-6f545f89ff-xl4tv,0.016320185614850033
1783701108,cpu_utilisation,pod=workload-cloud-6f545f89ff-xl4tv,0.017749685201140345
1783701118,cpu_utilisation,pod=workload-cloud-6f545f89ff-xl4tv,0.01956243918261237
1783701128,cpu_utilisation,pod=workload-cloud-6f545f89ff-xl4tv,0.018184409304295955
1783701138,cpu_utilisation,pod=workload-cloud-6f545f89ff-xl4tv,0.017411719370360006
1783700498,cpu_utilisation,pod=workload-edge-7b875fd8c6-pxwvc,0.059240851210268765
1783700508,cpu_utilisation,pod=workload-edge-7b875fd8c6-pxwvc,0.06069637573960951
1783700518,cpu_utilisation,pod=workload-edge-7b875fd8c6-pxwvc,0.06005506739295129
1783700528,cpu_utilisation,pod=workload-edge-7b875fd8c6-pxwvc,0.06018987341771435
1783700538,cpu_utilisation,pod=workload-edge-7b875fd8c6-pxwvc,0.05974153377531853
1783700548,cpu_utilisation,pod=workload-edge-7b875fd8c6-pxwvc,0.036262250000049796
1783700558,cpu_utilisation,pod=workload-edge-7b875fd8c6-pxwvc,0.05899532976423636
1783700568,cpu_utilisation,pod=workload-edge-7b875fd8c6-pxwvc,0.06433806939448995
1783700578,cpu_utilisation,pod=workload-edge-7b875fd8c6-pxwvc,0.06438008453875077
1783700588,cpu_utilisation,pod=workload-edge-7b875fd8c6-pxwvc,0.06438008453875077
1783700598,cpu_utilisation,pod=workload-edge-7b875fd8c6-pxwvc,0.06836628746838523
1783700608,cpu_utilisation,pod=workload-edge-7b875fd8c6-pxwvc,0.06836628746838523
1783700618,cpu_utilisation,pod=workload-edge-7b875fd8c6-pxwvc,0.06702533888543652
1783700628,cpu_utilisation,pod=workload-edge-7b875fd8c6-pxwvc,0.0734824452705106
1783700638,cpu_utilisation,pod=workload-edge-7b875fd8c6-pxwvc,0.07395405669597593
1783700648,cpu_utilisation,pod=workload-edge-7b875fd8c6-pxwvc,0.07292715343560775
1783700658,cpu_utilisation,pod=workload-edge-7b875fd8c6-pxwvc,0.07718220674367111
1783700668,cpu_utilisation,pod=workload-edge-7b875fd8c6-pxwvc,0.0756514864591556
1783700678,cpu_utilisation,pod=workload-edge-7b875fd8c6-pxwvc,0.07334329095177684
1783700688,cpu_utilisation,pod=workload-edge-7b875fd8c6-pxwvc,0.0785124741149575
1783700698,cpu_utilisation,pod=workload-edge-7b875fd8c6-pxwvc,0.06462579834608027
1783700708,cpu_utilisation,pod=workload-edge-7b875fd8c6-pxwvc,0.07959973768652134
1783700718,cpu_utilisation,pod=workload-edge-7b875fd8c6-pxwvc,0.0835199658945662
1783700728,cpu_utilisation,pod=workload-edge-7b875fd8c6-pxwvc,0.08293730997542335
1783700738,cpu_utilisation,pod=workload-edge-7b875fd8c6-pxwvc,0.08340743924358124
1783700748,cpu_utilisation,pod=workload-edge-7b875fd8c6-pxwvc,0.081669835565476
1783700758,cpu_utilisation,pod=workload-edge-7b875fd8c6-pxwvc,0.08166983556547598
1783700768,cpu_utilisation,pod=workload-edge-7b875fd8c6-pxwvc,0.08169283139767068
1783700778,cpu_utilisation,pod=workload-edge-7b875fd8c6-pxwvc,0.08034728272299949
1783700788,cpu_utilisation,pod=workload-edge-7b875fd8c6-pxwvc,0.08102095478178233
1783700798,cpu_utilisation,pod=workload-edge-7b875fd8c6-pxwvc,0.08340091455017071
1783700808,cpu_utilisation,pod=workload-edge-7b875fd8c6-pxwvc,0.07755443637977127
1783700818,cpu_utilisation,pod=workload-edge-7b875fd8c6-pxwvc,0.08039472888835632
1783700828,cpu_utilisation,pod=workload-edge-7b875fd8c6-pxwvc,0.07935625388926386
1783700838,cpu_utilisation,pod=workload-edge-7b875fd8c6-pxwvc,0.07836807251276254
1783700848,cpu_utilisation,pod=workload-edge-7b875fd8c6-pxwvc,0.08112498210453667
1783700858,cpu_utilisation,pod=workload-edge-7b875fd8c6-pxwvc,0.07152398054921547
1783700868,cpu_utilisation,pod=workload-edge-7b875fd8c6-pxwvc,0.06202606727538271
1783700878,cpu_utilisation,pod=workload-edge-7b875fd8c6-pxwvc,0.05334399552802794
1783700888,cpu_utilisation,pod=workload-edge-7b875fd8c6-pxwvc,0.05427210969406949
1783700898,cpu_utilisation,pod=workload-edge-7b875fd8c6-pxwvc,0.05578972858440674
1783700908,cpu_utilisation,pod=workload-edge-7b875fd8c6-pxwvc,0.05578972858440674
1783700918,cpu_utilisation,pod=workload-edge-7b875fd8c6-pxwvc,0.048623384361564014
1783700928,cpu_utilisation,pod=workload-edge-7b875fd8c6-pxwvc,0.04417793952163801
1783700938,cpu_utilisation,pod=workload-edge-7b875fd8c6-pxwvc,0.039575410216571884
1783700948,cpu_utilisation,pod=workload-edge-7b875fd8c6-pxwvc,0.03378404180483235
1783700958,cpu_utilisation,pod=workload-edge-7b875fd8c6-pxwvc,0.03918517293515989
1783700968,cpu_utilisation,pod=workload-edge-7b875fd8c6-pxwvc,0.040352333762020964
1783700978,cpu_utilisation,pod=workload-edge-7b875fd8c6-pxwvc,0.033233335694863815
1783700988,cpu_utilisation,pod=workload-edge-7b875fd8c6-pxwvc,0.04230028011206791
1783700998,cpu_utilisation,pod=workload-edge-7b875fd8c6-pxwvc,0.039746182892822064
1783701008,cpu_utilisation,pod=workload-edge-7b875fd8c6-pxwvc,0.03971664698936626
1783701018,cpu_utilisation,pod=workload-edge-7b875fd8c6-pxwvc,0.04120460768575454
1783701028,cpu_utilisation,pod=workload-edge-7b875fd8c6-pxwvc,0.04377148390218495
1783701038,cpu_utilisation,pod=workload-edge-7b875fd8c6-pxwvc,0.046403763245891884
1783701048,cpu_utilisation,pod=workload-edge-7b875fd8c6-pxwvc,0.05017853775070293
1783701058,cpu_utilisation,pod=workload-edge-7b875fd8c6-pxwvc,0.04758773715496489
1783701068,cpu_utilisation,pod=workload-edge-7b875fd8c6-pxwvc,0.042919597237968815
1783701078,cpu_utilisation,pod=workload-edge-7b875fd8c6-pxwvc,0.03812303309372558
1783701088,cpu_utilisation,pod=workload-edge-7b875fd8c6-pxwvc,0.038446133429838845
1783701098,cpu_utilisation,pod=workload-edge-7b875fd8c6-pxwvc,0.036089873145567386
1783701108,cpu_utilisation,pod=workload-edge-7b875fd8c6-pxwvc,0.036089873145567386
1783701118,cpu_utilisation,pod=workload-edge-7b875fd8c6-pxwvc,0.039632955352167175
1783701128,cpu_utilisation,pod=workload-edge-7b875fd8c6-pxwvc,0.040045744811503435
1783701138,cpu_utilisation,pod=workload-edge-7b875fd8c6-pxwvc,0.03626857336605468
1783700578,mem_mib,pod=workload-cloud-6f545f89ff-6bkwm,2.65234375
1783700588,mem_mib,pod=workload-cloud-6f545f89ff-6bkwm,2.65234375
1783700598,mem_mib,pod=workload-cloud-6f545f89ff-6bkwm,35.46484375
1783700608,mem_mib,pod=workload-cloud-6f545f89ff-6bkwm,35.34375
1783700618,mem_mib,pod=workload-cloud-6f545f89ff-6bkwm,35.73828125
1783700628,mem_mib,pod=workload-cloud-6f545f89ff-6bkwm,35.73828125
1783700638,mem_mib,pod=workload-cloud-6f545f89ff-6bkwm,35.8359375
1783700648,mem_mib,pod=workload-cloud-6f545f89ff-6bkwm,35.6796875
1783700658,mem_mib,pod=workload-cloud-6f545f89ff-6bkwm,35.6796875
1783700668,mem_mib,pod=workload-cloud-6f545f89ff-6bkwm,36.0546875
1783700678,mem_mib,pod=workload-cloud-6f545f89ff-6bkwm,36.0546875
1783700688,mem_mib,pod=workload-cloud-6f545f89ff-6bkwm,35.890625
1783700698,mem_mib,pod=workload-cloud-6f545f89ff-6bkwm,35.890625
1783700708,mem_mib,pod=workload-cloud-6f545f89ff-6bkwm,37.14453125
1783700718,mem_mib,pod=workload-cloud-6f545f89ff-6bkwm,37.9296875
1783700728,mem_mib,pod=workload-cloud-6f545f89ff-6bkwm,37.9296875
1783700738,mem_mib,pod=workload-cloud-6f545f89ff-6bkwm,38.03515625
1783700748,mem_mib,pod=workload-cloud-6f545f89ff-6bkwm,38.1796875
1783700758,mem_mib,pod=workload-cloud-6f545f89ff-6bkwm,38.09375
1783700768,mem_mib,pod=workload-cloud-6f545f89ff-6bkwm,38.09375
1783700778,mem_mib,pod=workload-cloud-6f545f89ff-6bkwm,38.15625
1783700788,mem_mib,pod=workload-cloud-6f545f89ff-6bkwm,38.15625
1783700798,mem_mib,pod=workload-cloud-6f545f89ff-6bkwm,38.1953125
1783700808,mem_mib,pod=workload-cloud-6f545f89ff-6bkwm,38.1953125
1783700818,mem_mib,pod=workload-cloud-6f545f89ff-6bkwm,38.203125
1783700828,mem_mib,pod=workload-cloud-6f545f89ff-6bkwm,38.203125
1783700838,mem_mib,pod=workload-cloud-6f545f89ff-6bkwm,38.26953125
1783700848,mem_mib,pod=workload-cloud-6f545f89ff-6bkwm,38.30078125
1783700858,mem_mib,pod=workload-cloud-6f545f89ff-6bkwm,38.30078125
1783700868,mem_mib,pod=workload-cloud-6f545f89ff-6bkwm,37.65625
1783700878,mem_mib,pod=workload-cloud-6f545f89ff-6bkwm,37.9609375
1783700888,mem_mib,pod=workload-cloud-6f545f89ff-6bkwm,37.9609375
1783700898,mem_mib,pod=workload-cloud-6f545f89ff-6bkwm,37.47265625
1783700908,mem_mib,pod=workload-cloud-6f545f89ff-6bkwm,37.7265625
1783700918,mem_mib,pod=workload-cloud-6f545f89ff-6bkwm,37.7265625
1783700928,mem_mib,pod=workload-cloud-6f545f89ff-6bkwm,37.4609375
1783700938,mem_mib,pod=workload-cloud-6f545f89ff-6bkwm,37.43359375
1783700948,mem_mib,pod=workload-cloud-6f545f89ff-6bkwm,37.4296875
1783700958,mem_mib,pod=workload-cloud-6f545f89ff-6bkwm,37.4296875
1783700968,mem_mib,pod=workload-cloud-6f545f89ff-6bkwm,37.96875
1783700978,mem_mib,pod=workload-cloud-6f545f89ff-6bkwm,37.72265625
1783700988,mem_mib,pod=workload-cloud-6f545f89ff-6bkwm,37.43359375
1783700998,mem_mib,pod=workload-cloud-6f545f89ff-6bkwm,37.43359375
1783701008,mem_mib,pod=workload-cloud-6f545f89ff-6bkwm,37.4609375
1783701018,mem_mib,pod=workload-cloud-6f545f89ff-6bkwm,37.703125
1783701028,mem_mib,pod=workload-cloud-6f545f89ff-6bkwm,37.703125
1783701038,mem_mib,pod=workload-cloud-6f545f89ff-6bkwm,37.70703125
1783701048,mem_mib,pod=workload-cloud-6f545f89ff-6bkwm,37.71484375
1783701058,mem_mib,pod=workload-cloud-6f545f89ff-6bkwm,37.71484375
1783701068,mem_mib,pod=workload-cloud-6f545f89ff-6bkwm,37.4609375
1783701078,mem_mib,pod=workload-cloud-6f545f89ff-6bkwm,37.4609375
1783701088,mem_mib,pod=workload-cloud-6f545f89ff-6bkwm,37.34765625
1783701098,mem_mib,pod=workload-cloud-6f545f89ff-6bkwm,37.35546875
1783701108,mem_mib,pod=workload-cloud-6f545f89ff-6bkwm,37.35546875
1783701118,mem_mib,pod=workload-cloud-6f545f89ff-6bkwm,37.34765625
1783701128,mem_mib,pod=workload-cloud-6f545f89ff-6bkwm,37.34765625
1783701138,mem_mib,pod=workload-cloud-6f545f89ff-6bkwm,37.34765625
1783700718,mem_mib,pod=workload-cloud-6f545f89ff-cnm7p,2.6484375
1783700728,mem_mib,pod=workload-cloud-6f545f89ff-cnm7p,2.6484375
1783700738,mem_mib,pod=workload-cloud-6f545f89ff-cnm7p,35.12109375
1783700748,mem_mib,pod=workload-cloud-6f545f89ff-cnm7p,35.12109375
1783700758,mem_mib,pod=workload-cloud-6f545f89ff-cnm7p,35.14453125
1783700768,mem_mib,pod=workload-cloud-6f545f89ff-cnm7p,35.16015625
1783700778,mem_mib,pod=workload-cloud-6f545f89ff-cnm7p,35.16015625
1783700788,mem_mib,pod=workload-cloud-6f545f89ff-cnm7p,35.1640625
1783700798,mem_mib,pod=workload-cloud-6f545f89ff-cnm7p,35.18359375
1783700808,mem_mib,pod=workload-cloud-6f545f89ff-cnm7p,35.19140625
1783700818,mem_mib,pod=workload-cloud-6f545f89ff-cnm7p,35.19140625
1783700828,mem_mib,pod=workload-cloud-6f545f89ff-cnm7p,35.19140625
1783700838,mem_mib,pod=workload-cloud-6f545f89ff-cnm7p,35.19140625
1783700848,mem_mib,pod=workload-cloud-6f545f89ff-cnm7p,35.19140625
1783700858,mem_mib,pod=workload-cloud-6f545f89ff-cnm7p,35.203125
1783700868,mem_mib,pod=workload-cloud-6f545f89ff-cnm7p,35.203125
1783700878,mem_mib,pod=workload-cloud-6f545f89ff-cnm7p,35.203125
1783700888,mem_mib,pod=workload-cloud-6f545f89ff-cnm7p,35.203125
1783700898,mem_mib,pod=workload-cloud-6f545f89ff-cnm7p,35.20703125
1783700908,mem_mib,pod=workload-cloud-6f545f89ff-cnm7p,35.20703125
1783700918,mem_mib,pod=workload-cloud-6f545f89ff-cnm7p,35.21875
1783700928,mem_mib,pod=workload-cloud-6f545f89ff-cnm7p,35.21875
1783700938,mem_mib,pod=workload-cloud-6f545f89ff-cnm7p,35.21875
1783700948,mem_mib,pod=workload-cloud-6f545f89ff-cnm7p,35.21875
1783700958,mem_mib,pod=workload-cloud-6f545f89ff-cnm7p,35.23046875
1783700968,mem_mib,pod=workload-cloud-6f545f89ff-cnm7p,35.23046875
1783700978,mem_mib,pod=workload-cloud-6f545f89ff-cnm7p,35.23046875
1783700988,mem_mib,pod=workload-cloud-6f545f89ff-cnm7p,35.23046875
1783700998,mem_mib,pod=workload-cloud-6f545f89ff-cnm7p,35.234375
1783701008,mem_mib,pod=workload-cloud-6f545f89ff-cnm7p,35.234375
1783701018,mem_mib,pod=workload-cloud-6f545f89ff-cnm7p,35.23828125
1783701028,mem_mib,pod=workload-cloud-6f545f89ff-cnm7p,35.23828125
1783701038,mem_mib,pod=workload-cloud-6f545f89ff-cnm7p,35.23828125
1783701048,mem_mib,pod=workload-cloud-6f545f89ff-cnm7p,35.2421875
1783701058,mem_mib,pod=workload-cloud-6f545f89ff-cnm7p,35.2421875
1783701068,mem_mib,pod=workload-cloud-6f545f89ff-cnm7p,35.2421875
1783701078,mem_mib,pod=workload-cloud-6f545f89ff-cnm7p,35.2421875
1783701088,mem_mib,pod=workload-cloud-6f545f89ff-cnm7p,35.2421875
1783701098,mem_mib,pod=workload-cloud-6f545f89ff-cnm7p,35.2421875
1783701108,mem_mib,pod=workload-cloud-6f545f89ff-cnm7p,35.2421875
1783701118,mem_mib,pod=workload-cloud-6f545f89ff-cnm7p,35.2421875
1783701128,mem_mib,pod=workload-cloud-6f545f89ff-cnm7p,35.2421875
1783701138,mem_mib,pod=workload-cloud-6f545f89ff-cnm7p,35.2421875
1783700678,mem_mib,pod=workload-cloud-6f545f89ff-n7g4d,3.39453125
1783700688,mem_mib,pod=workload-cloud-6f545f89ff-n7g4d,3.39453125
1783700698,mem_mib,pod=workload-cloud-6f545f89ff-n7g4d,35.21484375
1783700708,mem_mib,pod=workload-cloud-6f545f89ff-n7g4d,35.21484375
1783700718,mem_mib,pod=workload-cloud-6f545f89ff-n7g4d,36.328125
1783700728,mem_mib,pod=workload-cloud-6f545f89ff-n7g4d,36.328125
1783700738,mem_mib,pod=workload-cloud-6f545f89ff-n7g4d,36.44921875
1783700748,mem_mib,pod=workload-cloud-6f545f89ff-n7g4d,36.47265625
1783700758,mem_mib,pod=workload-cloud-6f545f89ff-n7g4d,36.5
1783700768,mem_mib,pod=workload-cloud-6f545f89ff-n7g4d,36.5
1783700778,mem_mib,pod=workload-cloud-6f545f89ff-n7g4d,36.54296875
1783700788,mem_mib,pod=workload-cloud-6f545f89ff-n7g4d,36.5546875
1783700798,mem_mib,pod=workload-cloud-6f545f89ff-n7g4d,36.5546875
1783700808,mem_mib,pod=workload-cloud-6f545f89ff-n7g4d,36.6171875
1783700818,mem_mib,pod=workload-cloud-6f545f89ff-n7g4d,36.6171875
1783700828,mem_mib,pod=workload-cloud-6f545f89ff-n7g4d,37.09765625
1783700838,mem_mib,pod=workload-cloud-6f545f89ff-n7g4d,37.09765625
1783700848,mem_mib,pod=workload-cloud-6f545f89ff-n7g4d,36.5078125
1783700858,mem_mib,pod=workload-cloud-6f545f89ff-n7g4d,36.5078125
1783700868,mem_mib,pod=workload-cloud-6f545f89ff-n7g4d,36.5546875
1783700878,mem_mib,pod=workload-cloud-6f545f89ff-n7g4d,36.3125
1783700888,mem_mib,pod=workload-cloud-6f545f89ff-n7g4d,36.3203125
1783700898,mem_mib,pod=workload-cloud-6f545f89ff-n7g4d,36.3203125
1783700908,mem_mib,pod=workload-cloud-6f545f89ff-n7g4d,36.31640625
1783700918,mem_mib,pod=workload-cloud-6f545f89ff-n7g4d,36.3203125
1783700928,mem_mib,pod=workload-cloud-6f545f89ff-n7g4d,36.3203125
1783700938,mem_mib,pod=workload-cloud-6f545f89ff-n7g4d,36.3203125
1783700948,mem_mib,pod=workload-cloud-6f545f89ff-n7g4d,36.3203125
1783700958,mem_mib,pod=workload-cloud-6f545f89ff-n7g4d,36.31640625
1783700968,mem_mib,pod=workload-cloud-6f545f89ff-n7g4d,36.31640625
1783700978,mem_mib,pod=workload-cloud-6f545f89ff-n7g4d,36.3203125
1783700988,mem_mib,pod=workload-cloud-6f545f89ff-n7g4d,36.3203125
1783700998,mem_mib,pod=workload-cloud-6f545f89ff-n7g4d,36.31640625
1783701008,mem_mib,pod=workload-cloud-6f545f89ff-n7g4d,36.3203125
1783701018,mem_mib,pod=workload-cloud-6f545f89ff-n7g4d,36.3203125
1783701028,mem_mib,pod=workload-cloud-6f545f89ff-n7g4d,36.3203125
1783701038,mem_mib,pod=workload-cloud-6f545f89ff-n7g4d,36.3203125
1783701048,mem_mib,pod=workload-cloud-6f545f89ff-n7g4d,36.31640625
1783701058,mem_mib,pod=workload-cloud-6f545f89ff-n7g4d,36.31640625
1783701068,mem_mib,pod=workload-cloud-6f545f89ff-n7g4d,36.31640625
1783701078,mem_mib,pod=workload-cloud-6f545f89ff-n7g4d,36.3203125
1783701088,mem_mib,pod=workload-cloud-6f545f89ff-n7g4d,36.3203125
1783701098,mem_mib,pod=workload-cloud-6f545f89ff-n7g4d,36.3203125
1783701108,mem_mib,pod=workload-cloud-6f545f89ff-n7g4d,36.31640625
1783701118,mem_mib,pod=workload-cloud-6f545f89ff-n7g4d,36.31640625
1783701128,mem_mib,pod=workload-cloud-6f545f89ff-n7g4d,36.3203125
1783701138,mem_mib,pod=workload-cloud-6f545f89ff-n7g4d,36.3203125
1783700498,mem_mib,pod=workload-cloud-6f545f89ff-r28zz,40.54296875
1783700508,mem_mib,pod=workload-cloud-6f545f89ff-r28zz,40.54296875
1783700518,mem_mib,pod=workload-cloud-6f545f89ff-r28zz,40.546875
1783700528,mem_mib,pod=workload-cloud-6f545f89ff-r28zz,40.62109375
1783700538,mem_mib,pod=workload-cloud-6f545f89ff-r28zz,40.62109375
1783700548,mem_mib,pod=workload-cloud-6f545f89ff-r28zz,41.140625
1783700558,mem_mib,pod=workload-cloud-6f545f89ff-r28zz,40.96875
1783700568,mem_mib,pod=workload-cloud-6f545f89ff-r28zz,40.76953125
1783700578,mem_mib,pod=workload-cloud-6f545f89ff-r28zz,40.76953125
1783700588,mem_mib,pod=workload-cloud-6f545f89ff-r28zz,40.87890625
1783700598,mem_mib,pod=workload-cloud-6f545f89ff-r28zz,41.6171875
1783700608,mem_mib,pod=workload-cloud-6f545f89ff-r28zz,41.6171875
1783700618,mem_mib,pod=workload-cloud-6f545f89ff-r28zz,40.96484375
1783700628,mem_mib,pod=workload-cloud-6f545f89ff-r28zz,40.96484375
1783700638,mem_mib,pod=workload-cloud-6f545f89ff-r28zz,40.96484375
1783700648,mem_mib,pod=workload-cloud-6f545f89ff-r28zz,41.015625
1783700658,mem_mib,pod=workload-cloud-6f545f89ff-r28zz,41.015625
1783700668,mem_mib,pod=workload-cloud-6f545f89ff-r28zz,41.0546875
1783700678,mem_mib,pod=workload-cloud-6f545f89ff-r28zz,41.0625
1783700688,mem_mib,pod=workload-cloud-6f545f89ff-r28zz,41.0625
1783700698,mem_mib,pod=workload-cloud-6f545f89ff-r28zz,41.359375
1783700708,mem_mib,pod=workload-cloud-6f545f89ff-r28zz,41.4375
1783700718,mem_mib,pod=workload-cloud-6f545f89ff-r28zz,41.4375
1783700728,mem_mib,pod=workload-cloud-6f545f89ff-r28zz,41.65234375
1783700738,mem_mib,pod=workload-cloud-6f545f89ff-r28zz,41.66015625
1783700748,mem_mib,pod=workload-cloud-6f545f89ff-r28zz,41.66015625
1783700758,mem_mib,pod=workload-cloud-6f545f89ff-r28zz,41.9921875
1783700768,mem_mib,pod=workload-cloud-6f545f89ff-r28zz,41.69921875
1783700778,mem_mib,pod=workload-cloud-6f545f89ff-r28zz,41.69921875
1783700788,mem_mib,pod=workload-cloud-6f545f89ff-r28zz,41.671875
1783700798,mem_mib,pod=workload-cloud-6f545f89ff-r28zz,41.671875
1783700808,mem_mib,pod=workload-cloud-6f545f89ff-r28zz,41.67578125
1783700818,mem_mib,pod=workload-cloud-6f545f89ff-r28zz,41.67578125
1783700828,mem_mib,pod=workload-cloud-6f545f89ff-r28zz,41.66015625
1783700838,mem_mib,pod=workload-cloud-6f545f89ff-r28zz,41.6875
1783700848,mem_mib,pod=workload-cloud-6f545f89ff-r28zz,41.6875
1783700858,mem_mib,pod=workload-cloud-6f545f89ff-r28zz,41.4296875
1783700868,mem_mib,pod=workload-cloud-6f545f89ff-r28zz,41.58203125
1783700878,mem_mib,pod=workload-cloud-6f545f89ff-r28zz,41.21875
1783700888,mem_mib,pod=workload-cloud-6f545f89ff-r28zz,41.15625
1783700898,mem_mib,pod=workload-cloud-6f545f89ff-r28zz,41.15625
1783700908,mem_mib,pod=workload-cloud-6f545f89ff-r28zz,41.65625
1783700918,mem_mib,pod=workload-cloud-6f545f89ff-r28zz,41.65625
1783700928,mem_mib,pod=workload-cloud-6f545f89ff-r28zz,41.421875
1783700938,mem_mib,pod=workload-cloud-6f545f89ff-r28zz,41.15625
1783700948,mem_mib,pod=workload-cloud-6f545f89ff-r28zz,41.13671875
1783700958,mem_mib,pod=workload-cloud-6f545f89ff-r28zz,41.1328125
1783700968,mem_mib,pod=workload-cloud-6f545f89ff-r28zz,41.1328125
1783700978,mem_mib,pod=workload-cloud-6f545f89ff-r28zz,41.1328125
1783700988,mem_mib,pod=workload-cloud-6f545f89ff-r28zz,41.1328125
1783700998,mem_mib,pod=workload-cloud-6f545f89ff-r28zz,41.17578125
1783701008,mem_mib,pod=workload-cloud-6f545f89ff-r28zz,41.1328125
1783701018,mem_mib,pod=workload-cloud-6f545f89ff-r28zz,41.390625
1783701028,mem_mib,pod=workload-cloud-6f545f89ff-r28zz,41.390625
1783701038,mem_mib,pod=workload-cloud-6f545f89ff-r28zz,41.37890625
1783701048,mem_mib,pod=workload-cloud-6f545f89ff-r28zz,41.37890625
1783701058,mem_mib,pod=workload-cloud-6f545f89ff-r28zz,41.69921875
1783701068,mem_mib,pod=workload-cloud-6f545f89ff-r28zz,41.69921875
1783701078,mem_mib,pod=workload-cloud-6f545f89ff-r28zz,41.2109375
1783701088,mem_mib,pod=workload-cloud-6f545f89ff-r28zz,40.56640625
1783701098,mem_mib,pod=workload-cloud-6f545f89ff-r28zz,40.56640625
1783701108,mem_mib,pod=workload-cloud-6f545f89ff-r28zz,40.56640625
1783701118,mem_mib,pod=workload-cloud-6f545f89ff-r28zz,40.56640625
1783701128,mem_mib,pod=workload-cloud-6f545f89ff-r28zz,40.56640625
1783701138,mem_mib,pod=workload-cloud-6f545f89ff-r28zz,40.56640625
1783700648,mem_mib,pod=workload-cloud-6f545f89ff-r5kjh,3.56640625
1783700658,mem_mib,pod=workload-cloud-6f545f89ff-r5kjh,3.56640625
1783700668,mem_mib,pod=workload-cloud-6f545f89ff-r5kjh,35.11328125
1783700678,mem_mib,pod=workload-cloud-6f545f89ff-r5kjh,35.15234375
1783700688,mem_mib,pod=workload-cloud-6f545f89ff-r5kjh,35.15234375
1783700698,mem_mib,pod=workload-cloud-6f545f89ff-r5kjh,35.46875
1783700708,mem_mib,pod=workload-cloud-6f545f89ff-r5kjh,36.546875
1783700718,mem_mib,pod=workload-cloud-6f545f89ff-r5kjh,36.546875
1783700728,mem_mib,pod=workload-cloud-6f545f89ff-r5kjh,38.00390625
1783700738,mem_mib,pod=workload-cloud-6f545f89ff-r5kjh,38.08984375
1783700748,mem_mib,pod=workload-cloud-6f545f89ff-r5kjh,38.11328125
1783700758,mem_mib,pod=workload-cloud-6f545f89ff-r5kjh,38.11328125
1783700768,mem_mib,pod=workload-cloud-6f545f89ff-r5kjh,38.16015625
1783700778,mem_mib,pod=workload-cloud-6f545f89ff-r5kjh,38.16015625
1783700788,mem_mib,pod=workload-cloud-6f545f89ff-r5kjh,38.2421875
1783700798,mem_mib,pod=workload-cloud-6f545f89ff-r5kjh,38.28125
1783700808,mem_mib,pod=workload-cloud-6f545f89ff-r5kjh,38.2890625
1783700818,mem_mib,pod=workload-cloud-6f545f89ff-r5kjh,38.32421875
1783700828,mem_mib,pod=workload-cloud-6f545f89ff-r5kjh,38.32421875
1783700838,mem_mib,pod=workload-cloud-6f545f89ff-r5kjh,38.359375
1783700848,mem_mib,pod=workload-cloud-6f545f89ff-r5kjh,38.359375
1783700858,mem_mib,pod=workload-cloud-6f545f89ff-r5kjh,37.9140625
1783700868,mem_mib,pod=workload-cloud-6f545f89ff-r5kjh,37.37890625
1783700878,mem_mib,pod=workload-cloud-6f545f89ff-r5kjh,37.37890625
1783700888,mem_mib,pod=workload-cloud-6f545f89ff-r5kjh,37.3359375
1783700898,mem_mib,pod=workload-cloud-6f545f89ff-r5kjh,37.3359375
1783700908,mem_mib,pod=workload-cloud-6f545f89ff-r5kjh,37.37109375
1783700918,mem_mib,pod=workload-cloud-6f545f89ff-r5kjh,37.37109375
1783700928,mem_mib,pod=workload-cloud-6f545f89ff-r5kjh,37.33984375
1783700938,mem_mib,pod=workload-cloud-6f545f89ff-r5kjh,37.33984375
1783700948,mem_mib,pod=workload-cloud-6f545f89ff-r5kjh,37.3515625
1783700958,mem_mib,pod=workload-cloud-6f545f89ff-r5kjh,37.3515625
1783700968,mem_mib,pod=workload-cloud-6f545f89ff-r5kjh,37.34765625
1783700978,mem_mib,pod=workload-cloud-6f545f89ff-r5kjh,37.34765625
1783700988,mem_mib,pod=workload-cloud-6f545f89ff-r5kjh,37.34765625
1783700998,mem_mib,pod=workload-cloud-6f545f89ff-r5kjh,37.34765625
1783701008,mem_mib,pod=workload-cloud-6f545f89ff-r5kjh,37.34765625
1783701018,mem_mib,pod=workload-cloud-6f545f89ff-r5kjh,37.37890625
1783701028,mem_mib,pod=workload-cloud-6f545f89ff-r5kjh,37.37890625
1783701038,mem_mib,pod=workload-cloud-6f545f89ff-r5kjh,37.37890625
1783701048,mem_mib,pod=workload-cloud-6f545f89ff-r5kjh,37.34765625
1783701058,mem_mib,pod=workload-cloud-6f545f89ff-r5kjh,37.35546875
1783701068,mem_mib,pod=workload-cloud-6f545f89ff-r5kjh,37.3515625
1783701078,mem_mib,pod=workload-cloud-6f545f89ff-r5kjh,37.3515625
1783701088,mem_mib,pod=workload-cloud-6f545f89ff-r5kjh,37.3515625
1783701098,mem_mib,pod=workload-cloud-6f545f89ff-r5kjh,37.35546875
1783701108,mem_mib,pod=workload-cloud-6f545f89ff-r5kjh,37.35546875
1783701118,mem_mib,pod=workload-cloud-6f545f89ff-r5kjh,37.3515625
1783701128,mem_mib,pod=workload-cloud-6f545f89ff-r5kjh,37.3515625
1783701138,mem_mib,pod=workload-cloud-6f545f89ff-r5kjh,37.3515625
1783700608,mem_mib,pod=workload-cloud-6f545f89ff-xl4tv,2.7734375
1783700618,mem_mib,pod=workload-cloud-6f545f89ff-xl4tv,2.7734375
1783700628,mem_mib,pod=workload-cloud-6f545f89ff-xl4tv,35.140625
1783700638,mem_mib,pod=workload-cloud-6f545f89ff-xl4tv,35.140625
1783700648,mem_mib,pod=workload-cloud-6f545f89ff-xl4tv,35.1640625
1783700658,mem_mib,pod=workload-cloud-6f545f89ff-xl4tv,35.171875
1783700668,mem_mib,pod=workload-cloud-6f545f89ff-xl4tv,35.171875
1783700678,mem_mib,pod=workload-cloud-6f545f89ff-xl4tv,35.328125
1783700688,mem_mib,pod=workload-cloud-6f545f89ff-xl4tv,35.328125
1783700698,mem_mib,pod=workload-cloud-6f545f89ff-xl4tv,36.1875
1783700708,mem_mib,pod=workload-cloud-6f545f89ff-xl4tv,36.98046875
1783700718,mem_mib,pod=workload-cloud-6f545f89ff-xl4tv,37.23046875
1783700728,mem_mib,pod=workload-cloud-6f545f89ff-xl4tv,37.51171875
1783700738,mem_mib,pod=workload-cloud-6f545f89ff-xl4tv,37.51171875
1783700748,mem_mib,pod=workload-cloud-6f545f89ff-xl4tv,37.76953125
1783700758,mem_mib,pod=workload-cloud-6f545f89ff-xl4tv,37.76953125
1783700768,mem_mib,pod=workload-cloud-6f545f89ff-xl4tv,37.796875
1783700778,mem_mib,pod=workload-cloud-6f545f89ff-xl4tv,37.796875
1783700788,mem_mib,pod=workload-cloud-6f545f89ff-xl4tv,37.8671875
1783700798,mem_mib,pod=workload-cloud-6f545f89ff-xl4tv,37.8671875
1783700808,mem_mib,pod=workload-cloud-6f545f89ff-xl4tv,37.92578125
1783700818,mem_mib,pod=workload-cloud-6f545f89ff-xl4tv,37.92578125
1783700828,mem_mib,pod=workload-cloud-6f545f89ff-xl4tv,37.94140625
1783700838,mem_mib,pod=workload-cloud-6f545f89ff-xl4tv,37.953125
1783700848,mem_mib,pod=workload-cloud-6f545f89ff-xl4tv,37.953125
1783700858,mem_mib,pod=workload-cloud-6f545f89ff-xl4tv,37.87109375
1783700868,mem_mib,pod=workload-cloud-6f545f89ff-xl4tv,37.8359375
1783700878,mem_mib,pod=workload-cloud-6f545f89ff-xl4tv,37.8359375
1783700888,mem_mib,pod=workload-cloud-6f545f89ff-xl4tv,37.19921875
1783700898,mem_mib,pod=workload-cloud-6f545f89ff-xl4tv,37.18359375
1783700908,mem_mib,pod=workload-cloud-6f545f89ff-xl4tv,37.18359375
1783700918,mem_mib,pod=workload-cloud-6f545f89ff-xl4tv,37.18359375
1783700928,mem_mib,pod=workload-cloud-6f545f89ff-xl4tv,37.2109375
1783700938,mem_mib,pod=workload-cloud-6f545f89ff-xl4tv,37.2109375
1783700948,mem_mib,pod=workload-cloud-6f545f89ff-xl4tv,37.46875
1783700958,mem_mib,pod=workload-cloud-6f545f89ff-xl4tv,37.46875
1783700968,mem_mib,pod=workload-cloud-6f545f89ff-xl4tv,37.19140625
1783700978,mem_mib,pod=workload-cloud-6f545f89ff-xl4tv,37.19140625
1783700988,mem_mib,pod=workload-cloud-6f545f89ff-xl4tv,37.19921875
1783700998,mem_mib,pod=workload-cloud-6f545f89ff-xl4tv,37.19921875
1783701008,mem_mib,pod=workload-cloud-6f545f89ff-xl4tv,37.19140625
1783701018,mem_mib,pod=workload-cloud-6f545f89ff-xl4tv,37.23046875
1783701028,mem_mib,pod=workload-cloud-6f545f89ff-xl4tv,37.234375
1783701038,mem_mib,pod=workload-cloud-6f545f89ff-xl4tv,37.44140625
1783701048,mem_mib,pod=workload-cloud-6f545f89ff-xl4tv,37.44140625
1783701058,mem_mib,pod=workload-cloud-6f545f89ff-xl4tv,37.1953125
1783701068,mem_mib,pod=workload-cloud-6f545f89ff-xl4tv,37.1953125
1783701078,mem_mib,pod=workload-cloud-6f545f89ff-xl4tv,37.16015625
1783701088,mem_mib,pod=workload-cloud-6f545f89ff-xl4tv,37.16015625
1783701098,mem_mib,pod=workload-cloud-6f545f89ff-xl4tv,37.16015625
1783701108,mem_mib,pod=workload-cloud-6f545f89ff-xl4tv,37.1640625
1783701118,mem_mib,pod=workload-cloud-6f545f89ff-xl4tv,37.16015625
1783701128,mem_mib,pod=workload-cloud-6f545f89ff-xl4tv,37.16015625
1783701138,mem_mib,pod=workload-cloud-6f545f89ff-xl4tv,37.16015625
1783700498,mem_mib,pod=workload-edge-7b875fd8c6-pxwvc,39.26171875
1783700508,mem_mib,pod=workload-edge-7b875fd8c6-pxwvc,39.26171875
1783700518,mem_mib,pod=workload-edge-7b875fd8c6-pxwvc,39.26171875
1783700528,mem_mib,pod=workload-edge-7b875fd8c6-pxwvc,39.26171875
1783700538,mem_mib,pod=workload-edge-7b875fd8c6-pxwvc,39.26171875
1783700548,mem_mib,pod=workload-edge-7b875fd8c6-pxwvc,39.26171875
1783700558,mem_mib,pod=workload-edge-7b875fd8c6-pxwvc,39.26171875
1783700568,mem_mib,pod=workload-edge-7b875fd8c6-pxwvc,39.26171875
1783700578,mem_mib,pod=workload-edge-7b875fd8c6-pxwvc,39.265625
1783700588,mem_mib,pod=workload-edge-7b875fd8c6-pxwvc,39.265625
1783700598,mem_mib,pod=workload-edge-7b875fd8c6-pxwvc,39.26171875
1783700608,mem_mib,pod=workload-edge-7b875fd8c6-pxwvc,39.26171875
1783700618,mem_mib,pod=workload-edge-7b875fd8c6-pxwvc,39.26171875
1783700628,mem_mib,pod=workload-edge-7b875fd8c6-pxwvc,39.26171875
1783700638,mem_mib,pod=workload-edge-7b875fd8c6-pxwvc,39.26171875
1783700648,mem_mib,pod=workload-edge-7b875fd8c6-pxwvc,39.26171875
1783700658,mem_mib,pod=workload-edge-7b875fd8c6-pxwvc,39.26171875
1783700668,mem_mib,pod=workload-edge-7b875fd8c6-pxwvc,39.26171875
1783700678,mem_mib,pod=workload-edge-7b875fd8c6-pxwvc,39.26171875
1783700688,mem_mib,pod=workload-edge-7b875fd8c6-pxwvc,39.26171875
1783700698,mem_mib,pod=workload-edge-7b875fd8c6-pxwvc,39.26171875
1783700708,mem_mib,pod=workload-edge-7b875fd8c6-pxwvc,39.26171875
1783700718,mem_mib,pod=workload-edge-7b875fd8c6-pxwvc,39.265625
1783700728,mem_mib,pod=workload-edge-7b875fd8c6-pxwvc,39.265625
1783700738,mem_mib,pod=workload-edge-7b875fd8c6-pxwvc,39.26171875
1783700748,mem_mib,pod=workload-edge-7b875fd8c6-pxwvc,39.26171875
1783700758,mem_mib,pod=workload-edge-7b875fd8c6-pxwvc,39.26171875
1783700768,mem_mib,pod=workload-edge-7b875fd8c6-pxwvc,39.26171875
1783700778,mem_mib,pod=workload-edge-7b875fd8c6-pxwvc,39.26171875
1783700788,mem_mib,pod=workload-edge-7b875fd8c6-pxwvc,39.26171875
1783700798,mem_mib,pod=workload-edge-7b875fd8c6-pxwvc,39.26171875
1783700808,mem_mib,pod=workload-edge-7b875fd8c6-pxwvc,39.26171875
1783700818,mem_mib,pod=workload-edge-7b875fd8c6-pxwvc,39.26171875
1783700828,mem_mib,pod=workload-edge-7b875fd8c6-pxwvc,39.26171875
1783700838,mem_mib,pod=workload-edge-7b875fd8c6-pxwvc,39.26171875
1783700848,mem_mib,pod=workload-edge-7b875fd8c6-pxwvc,39.26171875
1783700858,mem_mib,pod=workload-edge-7b875fd8c6-pxwvc,39.26171875
1783700868,mem_mib,pod=workload-edge-7b875fd8c6-pxwvc,39.26171875
1783700878,mem_mib,pod=workload-edge-7b875fd8c6-pxwvc,39.26171875
1783700888,mem_mib,pod=workload-edge-7b875fd8c6-pxwvc,39.26171875
1783700898,mem_mib,pod=workload-edge-7b875fd8c6-pxwvc,39.26171875
1783700908,mem_mib,pod=workload-edge-7b875fd8c6-pxwvc,39.26171875
1783700918,mem_mib,pod=workload-edge-7b875fd8c6-pxwvc,39.26171875
1783700928,mem_mib,pod=workload-edge-7b875fd8c6-pxwvc,39.26171875
1783700938,mem_mib,pod=workload-edge-7b875fd8c6-pxwvc,39.26171875
1783700948,mem_mib,pod=workload-edge-7b875fd8c6-pxwvc,39.26171875
1783700958,mem_mib,pod=workload-edge-7b875fd8c6-pxwvc,39.26171875
1783700968,mem_mib,pod=workload-edge-7b875fd8c6-pxwvc,39.26171875
1783700978,mem_mib,pod=workload-edge-7b875fd8c6-pxwvc,39.26171875
1783700988,mem_mib,pod=workload-edge-7b875fd8c6-pxwvc,39.26171875
1783700998,mem_mib,pod=workload-edge-7b875fd8c6-pxwvc,39.26171875
1783701008,mem_mib,pod=workload-edge-7b875fd8c6-pxwvc,39.26171875
1783701018,mem_mib,pod=workload-edge-7b875fd8c6-pxwvc,39.26171875
1783701028,mem_mib,pod=workload-edge-7b875fd8c6-pxwvc,39.26171875
1783701038,mem_mib,pod=workload-edge-7b875fd8c6-pxwvc,39.26171875
1783701048,mem_mib,pod=workload-edge-7b875fd8c6-pxwvc,39.26171875
1783701058,mem_mib,pod=workload-edge-7b875fd8c6-pxwvc,39.26171875
1783701068,mem_mib,pod=workload-edge-7b875fd8c6-pxwvc,39.26171875
1783701078,mem_mib,pod=workload-edge-7b875fd8c6-pxwvc,39.26171875
1783701088,mem_mib,pod=workload-edge-7b875fd8c6-pxwvc,39.26171875
1783701098,mem_mib,pod=workload-edge-7b875fd8c6-pxwvc,39.26171875
1783701108,mem_mib,pod=workload-edge-7b875fd8c6-pxwvc,39.26171875
1783701118,mem_mib,pod=workload-edge-7b875fd8c6-pxwvc,39.26171875
1783701128,mem_mib,pod=workload-edge-7b875fd8c6-pxwvc,39.26171875
1783701138,mem_mib,pod=workload-edge-7b875fd8c6-pxwvc,39.26171875
1783700498,rps,tier=cloud,0.0
1783700508,rps,tier=cloud,0.7400660064406409
1783700518,rps,tier=cloud,5.220417633410673
1783700528,rps,tier=cloud,12.960862868958202
1783700538,rps,tier=cloud,23.439989593999947
1783700548,rps,tier=cloud,37.38378839879539
1783700558,rps,tier=cloud,53.62527380430856
1783700568,rps,tier=cloud,68.50755524006215
1783700578,rps,tier=cloud,80.44725706269323
1783700588,rps,tier=cloud,91.5325587164406
1783700598,rps,tier=cloud,100.80706770560487
1783700608,rps,tier=cloud,115.80611054274749
1783700618,rps,tier=cloud,123.1995386836821
1783700628,rps,tier=cloud,131.23726408202953
1783700638,rps,tier=cloud,139.92732637295157
1783700648,rps,tier=cloud,150.00406667238983
1783700658,rps,tier=cloud,156.27657141402773
1783700668,rps,tier=cloud,163.85912664155163
1783700678,rps,tier=cloud,174.97799239824448
1783700688,rps,tier=cloud,186.34482759454647
1783700698,rps,tier=cloud,207.34908022135022
1783700708,rps,tier=cloud,288.2494248510373
1783700718,rps,tier=cloud,359.18928295323667
1783700728,rps,tier=cloud,421.6199172176491
1783700738,rps,tier=cloud,483.4070216302368
1783700748,rps,tier=cloud,535.7085446044268
1783700758,rps,tier=cloud,557.0034029124763
1783700768,rps,tier=cloud,551.5143694176401
1783700778,rps,tier=cloud,556.6617706655236
1783700788,rps,tier=cloud,558.6236234473284
1783700798,rps,tier=cloud,563.7515410877176
1783700808,rps,tier=cloud,568.805968590654
1783700818,rps,tier=cloud,576.3777423775442
1783700828,rps,tier=cloud,574.3603813637233
1783700838,rps,tier=cloud,582.339820108244
1783700848,rps,tier=cloud,646.8017449946699
1783700858,rps,tier=cloud,647.0524840386224
1783700868,rps,tier=cloud,618.6651235648219
1783700878,rps,tier=cloud,559.4019185171232
1783700888,rps,tier=cloud,498.9262498491595
1783700898,rps,tier=cloud,367.19775102389804
1783700908,rps,tier=cloud,312.6910593018746
1783700918,rps,tier=cloud,290.7705531031136
1783700928,rps,tier=cloud,301.2126413378447
1783700938,rps,tier=cloud,313.8866673017785
1783700948,rps,tier=cloud,324.98818016560637
1783700958,rps,tier=cloud,322.09291517110245
1783700968,rps,tier=cloud,315.34895739442413
1783700978,rps,tier=cloud,321.2198406191267
1783700988,rps,tier=cloud,313.68183648525235
1783700998,rps,tier=cloud,308.3724045438287
1783701008,rps,tier=cloud,318.0611650566361
1783701018,rps,tier=cloud,317.95304914221424
1783701028,rps,tier=cloud,303.11311241771745
1783701038,rps,tier=cloud,298.06710882585
1783701048,rps,tier=cloud,301.92935718503486
1783701058,rps,tier=cloud,276.27998070806444
1783701068,rps,tier=cloud,249.12983486592123
1783701078,rps,tier=cloud,204.8273149910878
1783701088,rps,tier=cloud,148.34128223359974
1783701098,rps,tier=cloud,84.30995454032946
1783701108,rps,tier=cloud,40.843911191888935
1783701118,rps,tier=cloud,9.680968096809682
1783701128,rps,tier=cloud,0.0
1783701138,rps,tier=cloud,0.0
1783700498,rps,tier=edge,0.0
1783700508,rps,tier=edge,0.0
1783700518,rps,tier=edge,0.0
1783700528,rps,tier=edge,0.0
1783700538,rps,tier=edge,0.0
1783700548,rps,tier=edge,0.0
1783700558,rps,tier=edge,0.0
1783700568,rps,tier=edge,0.0
1783700578,rps,tier=edge,0.0
1783700588,rps,tier=edge,0.0
1783700598,rps,tier=edge,0.0
1783700608,rps,tier=edge,0.0
1783700618,rps,tier=edge,0.0
1783700628,rps,tier=edge,0.0
1783700638,rps,tier=edge,0.0
1783700648,rps,tier=edge,0.0
1783700658,rps,tier=edge,0.0
1783700668,rps,tier=edge,0.0
1783700678,rps,tier=edge,0.0
1783700688,rps,tier=edge,0.0
1783700698,rps,tier=edge,0.0
1783700708,rps,tier=edge,0.0
1783700718,rps,tier=edge,0.0
1783700728,rps,tier=edge,0.0
1783700738,rps,tier=edge,0.0
1783700748,rps,tier=edge,0.0
1783700758,rps,tier=edge,0.0
1783700768,rps,tier=edge,0.0
1783700778,rps,tier=edge,0.0
1783700788,rps,tier=edge,0.0
1783700798,rps,tier=edge,0.0
1783700808,rps,tier=edge,0.0
1783700818,rps,tier=edge,0.0
1783700828,rps,tier=edge,0.0
1783700838,rps,tier=edge,0.0
1783700848,rps,tier=edge,0.0
1783700858,rps,tier=edge,0.0
1783700868,rps,tier=edge,0.0
1783700878,rps,tier=edge,0.0
1783700888,rps,tier=edge,0.0
1783700898,rps,tier=edge,0.0
1783700908,rps,tier=edge,0.0
1783700918,rps,tier=edge,0.0
1783700928,rps,tier=edge,0.0
1783700938,rps,tier=edge,0.0
1783700948,rps,tier=edge,0.0
1783700958,rps,tier=edge,0.0
1783700968,rps,tier=edge,0.0
1783700978,rps,tier=edge,0.0
1783700988,rps,tier=edge,0.0
1783700998,rps,tier=edge,0.0
1783701008,rps,tier=edge,0.0
1783701018,rps,tier=edge,0.0
1783701028,rps,tier=edge,0.0
1783701038,rps,tier=edge,0.0
1783701048,rps,tier=edge,0.0
1783701058,rps,tier=edge,0.0
1783701068,rps,tier=edge,0.0
1783701078,rps,tier=edge,0.0
1783701088,rps,tier=edge,0.0
1783701098,rps,tier=edge,0.0
1783701108,rps,tier=edge,0.0
1783701118,rps,tier=edge,0.0
1783701128,rps,tier=edge,0.0
1783701138,rps,tier=edge,0.0
1783700508,lat50_ms,tier=cloud,7.5694447075069275
1783700518,lat50_ms,tier=cloud,8.13701923076923
1783700528,lat50_ms,tier=cloud,10.263151202898657
1783700538,lat50_ms,tier=cloud,14.826880202801318
1783700548,lat50_ms,tier=cloud,16.248192495622
1783700558,lat50_ms,tier=cloud,17.06140273574327
1783700568,lat50_ms,tier=cloud,18.4660527368612
1783700578,lat50_ms,tier=cloud,21.930998970133878
1783700588,lat50_ms,tier=cloud,26.203622167861866
1783700598,lat50_ms,tier=cloud,28.476698666115716
1783700608,lat50_ms,tier=cloud,28.833291821445503
1783700618,lat50_ms,tier=cloud,31.02901109372203
1783700628,lat50_ms,tier=cloud,33.324140814773195
1783700638,lat50_ms,tier=cloud,35.98971788230243
1783700648,lat50_ms,tier=cloud,38.35715556746909
1783700658,lat50_ms,tier=cloud,41.87528089581025
1783700668,lat50_ms,tier=cloud,45.36055935926271
1783700678,lat50_ms,tier=cloud,48.083507098646436
1783700688,lat50_ms,tier=cloud,48.86996119339096
1783700698,lat50_ms,tier=cloud,53.53817835877085
1783700708,lat50_ms,tier=cloud,65.17847032793793
1783700718,lat50_ms,tier=cloud,81.7131414465161
1783700728,lat50_ms,tier=cloud,96.56995753497615
1783700738,lat50_ms,tier=cloud,115.70927300077278
1783700748,lat50_ms,tier=cloud,132.69169756998554
1783700758,lat50_ms,tier=cloud,148.46278352655034
1783700768,lat50_ms,tier=cloud,163.32505537509655
1783700778,lat50_ms,tier=cloud,174.29564173732402
1783700788,lat50_ms,tier=cloud,184.99530207179322
1783700798,lat50_ms,tier=cloud,190.24407225787982
1783700808,lat50_ms,tier=cloud,196.7279674168972
1783700818,lat50_ms,tier=cloud,203.6070276473185
1783700828,lat50_ms,tier=cloud,207.33610245805824
1783700838,lat50_ms,tier=cloud,205.55006850289803
1783700848,lat50_ms,tier=cloud,178.78756620692678
1783700858,lat50_ms,tier=cloud,161.0637926485002
1783700868,lat50_ms,tier=cloud,141.93374632915976
1783700878,lat50_ms,tier=cloud,126.04323881541416
1783700888,lat50_ms,tier=cloud,107.93650293531215
1783700898,lat50_ms,tier=cloud,90.43885803685986
1783700908,lat50_ms,tier=cloud,71.86749594801708
1783700918,lat50_ms,tier=cloud,55.89282989393283
1783700928,lat50_ms,tier=cloud,43.53115807166373
1783700938,lat50_ms,tier=cloud,32.973202941052186
1783700948,lat50_ms,tier=cloud,24.649528070106356
1783700958,lat50_ms,tier=cloud,18.221245660180255
1783700968,lat50_ms,tier=cloud,15.631242038149786
1783700978,lat50_ms,tier=cloud,13.983394916310079
1783700988,lat50_ms,tier=cloud,13.609401056234349
1783700998,lat50_ms,tier=cloud,13.39454242227849
1783701008,lat50_ms,tier=cloud,12.218532662759918
1783701018,lat50_ms,tier=cloud,12.644734447030178
1783701028,lat50_ms,tier=cloud,13.739317389727036
1783701038,lat50_ms,tier=cloud,14.315863992310364
1783701048,lat50_ms,tier=cloud,14.702552537760369
1783701058,lat50_ms,tier=cloud,15.422948543546633
1783701068,lat50_ms,tier=cloud,14.880311405025475
1783701078,lat50_ms,tier=cloud,14.111044768436498
1783701088,lat50_ms,tier=cloud,14.79780348561927
1783701098,lat50_ms,tier=cloud,14.71100691336336
1783701108,lat50_ms,tier=cloud,14.671843024688892
1783701118,lat50_ms,tier=cloud,16.446243416772433
1783701128,lat50_ms,tier=cloud,15.994626466937046
1783701138,lat50_ms,tier=cloud,14.759367268573195
1783700508,lat95_ms,tier=cloud,9.881944944263163
1783700518,lat95_ms,tier=cloud,18.153061224489786
1783700528,lat95_ms,tier=cloud,35.0461300736136
1783700538,lat95_ms,tier=cloud,45.82693035929887
1783700548,lat95_ms,tier=cloud,46.88692680325792
1783700558,lat95_ms,tier=cloud,47.818446440795995
1783700568,lat95_ms,tier=cloud,49.43550693013965
1783700578,lat95_ms,tier=cloud,67.78124999999996
1783700588,lat95_ms,tier=cloud,74.4670138610915
1783700598,lat95_ms,tier=cloud,82.57864084124846
1783700608,lat95_ms,tier=cloud,83.64086331331946
1783700618,lat95_ms,tier=cloud,98.16067276482006
1783700628,lat95_ms,tier=cloud,118.64908909130014
1783700638,lat95_ms,tier=cloud,129.0985779391951
1783700648,lat95_ms,tier=cloud,133.33556180452177
1783700658,lat95_ms,tier=cloud,142.40340512845648
1783700668,lat95_ms,tier=cloud,147.94166459923642
1783700678,lat95_ms,tier=cloud,151.83842558756456
1783700688,lat95_ms,tier=cloud,165.51277380082013
1783700698,lat95_ms,tier=cloud,190.5965049855786
1783700708,lat95_ms,tier=cloud,243.8054431914432
1783700718,lat95_ms,tier=cloud,292.45483303771357
1783700728,lat95_ms,tier=cloud,386.23684482749826
1783700738,lat95_ms,tier=cloud,415.96339935973396
1783700748,lat95_ms,tier=cloud,427.86946552993186
1783700758,lat95_ms,tier=cloud,438.12518742794805
1783700768,lat95_ms,tier=cloud,445.72939970860716
1783700778,lat95_ms,tier=cloud,448.4289080864743
1783700788,lat95_ms,tier=cloud,453.3810166334888
1783700798,lat95_ms,tier=cloud,454.410585757999
1783700808,lat95_ms,tier=cloud,456.6126981021426
1783700818,lat95_ms,tier=cloud,458.7330579776307
1783700828,lat95_ms,tier=cloud,459.54566872532877
1783700838,lat95_ms,tier=cloud,458.94679859424303
1783700848,lat95_ms,tier=cloud,450.97778222959994
1783700858,lat95_ms,tier=cloud,445.9163762178013
1783700868,lat95_ms,tier=cloud,439.3663930319749
1783700878,lat95_ms,tier=cloud,431.69313914148876
1783700888,lat95_ms,tier=cloud,424.99069057036803
1783700898,lat95_ms,tier=cloud,409.55422067816045
1783700908,lat95_ms,tier=cloud,395.7264431681734
1783700918,lat95_ms,tier=cloud,369.41886790836435
1783700928,lat95_ms,tier=cloud,319.76581527795463
1783700938,lat95_ms,tier=cloud,260.05852239761873
1783700948,lat95_ms,tier=cloud,147.9278322465159
1783700958,lat95_ms,tier=cloud,132.9076230011695
1783700968,lat95_ms,tier=cloud,98.52242092086844
1783700978,lat95_ms,tier=cloud,91.42952141943154
1783700988,lat95_ms,tier=cloud,83.71724347498026
1783700998,lat95_ms,tier=cloud,78.710339034571
1783701008,lat95_ms,tier=cloud,71.01681329088164
1783701018,lat95_ms,tier=cloud,71.79825728361394
1783701028,lat95_ms,tier=cloud,75.20275720294248
1783701038,lat95_ms,tier=cloud,80.36271194180712
1783701048,lat95_ms,tier=cloud,82.53615308493589
1783701058,lat95_ms,tier=cloud,89.58444242186079
1783701068,lat95_ms,tier=cloud,86.96684110839982
1783701078,lat95_ms,tier=cloud,86.01029772094823
1783701088,lat95_ms,tier=cloud,90.74517438005216
1783701098,lat95_ms,tier=cloud,90.79097047551285
1783701108,lat95_ms,tier=cloud,89.20179297043485
1783701118,lat95_ms,tier=cloud,93.8779956070431
1783701128,lat95_ms,tier=cloud,94.66174529005694
1783701138,lat95_ms,tier=cloud,88.6409509212495
1783700508,lat99_ms,tier=cloud,16.300013637107458
1783700518,lat99_ms,tier=cloud,30.424999999999773
1783700528,lat99_ms,tier=cloud,47.00922601472273
1783700538,lat99_ms,tier=cloud,50.58425517956104
1783700548,lat99_ms,tier=cloud,57.028873473632835
1783700558,lat99_ms,tier=cloud,64.33050885851007
1783700568,lat99_ms,tier=cloud,72.5643993407149
1783700578,lat99_ms,tier=cloud,98.76666666666654
1783700588,lat99_ms,tier=cloud,119.43085962344597
1783700598,lat99_ms,tier=cloud,124.41111707936898
1783700608,lat99_ms,tier=cloud,129.1608398009784
1783700618,lat99_ms,tier=cloud,144.8808139135865
1783700628,lat99_ms,tier=cloud,166.0120612603924
1783700638,lat99_ms,tier=cloud,177.0032296713725
1783700648,lat99_ms,tier=cloud,180.70329091952746
1783700658,lat99_ms,tier=cloud,191.91278639251902
1783700668,lat99_ms,tier=cloud,217.11320423134146
1783700678,lat99_ms,tier=cloud,233.84865875933144
1783700688,lat99_ms,tier=cloud,250.08389982978608
1783700698,lat99_ms,tier=cloud,285.7279289033525
1783700708,lat99_ms,tier=cloud,378.4371794058861
1783700718,lat99_ms,tier=cloud,458.69212252619525
1783700728,lat99_ms,tier=cloud,482.6176802755455
1783700738,lat99_ms,tier=cloud,491.1627492151019
1783700748,lat99_ms,tier=cloud,492.0795279333833
1783700758,lat99_ms,tier=cloud,493.265571229362
1783700768,lat99_ms,tier=cloud,494.4013237476894
1783700778,lat99_ms,tier=cloud,494.63058917966464
1783700788,lat99_ms,tier=cloud,495.77213620543426
1783700798,lat99_ms,tier=cloud,495.94727687040273
1783700808,lat99_ms,tier=cloud,496.2026465336428
1783700818,lat99_ms,tier=cloud,496.5515301714114
1783700828,lat99_ms,tier=cloud,496.10506620645657
1783700838,lat99_ms,tier=cloud,496.46873314422174
1783700848,lat99_ms,tier=cloud,494.0344774589188
1783700858,lat99_ms,tier=cloud,493.23066821022775
1783700868,lat99_ms,tier=cloud,492.1472155709036
1783700878,lat99_ms,tier=cloud,490.7258224195943
1783700888,lat99_ms,tier=cloud,489.644024349258
1783700898,lat99_ms,tier=cloud,486.22952893634243
1783700908,lat99_ms,tier=cloud,483.3772300156343
1783700918,lat99_ms,tier=cloud,478.56460237992843
1783700928,lat99_ms,tier=cloud,469.4894800186311
1783700938,lat99_ms,tier=cloud,445.8347554667811
1783700948,lat99_ms,tier=cloud,263.8883990271826
1783700958,lat99_ms,tier=cloud,195.7320539461573
1783700968,lat99_ms,tier=cloud,156.77519959530176
1783700978,lat99_ms,tier=cloud,147.98449411875296
1783700988,lat99_ms,tier=cloud,144.17895222222432
1783700998,lat99_ms,tier=cloud,143.6376862019404
1783701008,lat99_ms,tier=cloud,135.16471801451968
1783701018,lat99_ms,tier=cloud,136.24892116731297
1783701028,lat99_ms,tier=cloud,140.46132654450412
1783701038,lat99_ms,tier=cloud,139.77073498627553
1783701048,lat99_ms,tier=cloud,140.95172323835155
1783701058,lat99_ms,tier=cloud,149.83174923253887
1783701068,lat99_ms,tier=cloud,149.54116917920413
1783701078,lat99_ms,tier=cloud,153.1672486347996
1783701088,lat99_ms,tier=cloud,159.3635628206913
1783701098,lat99_ms,tier=cloud,160.96410880918873
1783701108,lat99_ms,tier=cloud,154.13913193986673
1783701118,lat99_ms,tier=cloud,163.7388279409784
1783701128,lat99_ms,tier=cloud,165.20331436312242
1783701138,lat99_ms,tier=cloud,164.09772529343556
1783700498,inflight,tier=cloud,0.0
1783700508,inflight,tier=cloud,0.0
1783700518,inflight,tier=cloud,0.0
1783700528,inflight,tier=cloud,0.0
1783700538,inflight,tier=cloud,0.0
1783700548,inflight,tier=cloud,0.0
1783700558,inflight,tier=cloud,0.0
1783700568,inflight,tier=cloud,0.0
1783700578,inflight,tier=cloud,0.0
1783700588,inflight,tier=cloud,1.0
1783700598,inflight,tier=cloud,0.0
1783700608,inflight,tier=cloud,1.0
1783700618,inflight,tier=cloud,6.0
1783700628,inflight,tier=cloud,12.0
1783700638,inflight,tier=cloud,0.0
1783700648,inflight,tier=cloud,0.0
1783700658,inflight,tier=cloud,1.0
1783700668,inflight,tier=cloud,0.0
1783700678,inflight,tier=cloud,4.0
1783700688,inflight,tier=cloud,9.0
1783700698,inflight,tier=cloud,23.0
1783700708,inflight,tier=cloud,32.0
1783700718,inflight,tier=cloud,96.0
1783700728,inflight,tier=cloud,51.0
1783700738,inflight,tier=cloud,78.0
1783700748,inflight,tier=cloud,46.0
1783700758,inflight,tier=cloud,70.0
1783700768,inflight,tier=cloud,70.0
1783700778,inflight,tier=cloud,65.0
1783700788,inflight,tier=cloud,47.0
1783700798,inflight,tier=cloud,43.0
1783700808,inflight,tier=cloud,72.0
1783700818,inflight,tier=cloud,68.0
1783700828,inflight,tier=cloud,38.0
1783700838,inflight,tier=cloud,53.0
1783700848,inflight,tier=cloud,21.0
1783700858,inflight,tier=cloud,6.0
1783700868,inflight,tier=cloud,4.0
1783700878,inflight,tier=cloud,3.0
1783700888,inflight,tier=cloud,4.0
1783700898,inflight,tier=cloud,1.0
1783700908,inflight,tier=cloud,0.0
1783700918,inflight,tier=cloud,11.0
1783700928,inflight,tier=cloud,0.0
1783700938,inflight,tier=cloud,0.0
1783700948,inflight,tier=cloud,0.0
1783700958,inflight,tier=cloud,0.0
1783700968,inflight,tier=cloud,4.0
1783700978,inflight,tier=cloud,0.0
1783700988,inflight,tier=cloud,0.0
1783700998,inflight,tier=cloud,0.0
1783701008,inflight,tier=cloud,0.0
1783701018,inflight,tier=cloud,0.0
1783701028,inflight,tier=cloud,2.0
1783701038,inflight,tier=cloud,0.0
1783701048,inflight,tier=cloud,5.0
1783701058,inflight,tier=cloud,0.0
1783701068,inflight,tier=cloud,0.0
1783701078,inflight,tier=cloud,0.0
1783701088,inflight,tier=cloud,0.0
1783701098,inflight,tier=cloud,0.0
1783701108,inflight,tier=cloud,0.0
1783701118,inflight,tier=cloud,0.0
1783701128,inflight,tier=cloud,0.0
1783701138,inflight,tier=cloud,0.0
1783700498,inflight,tier=edge,0.0
1783700508,inflight,tier=edge,0.0
1783700518,inflight,tier=edge,0.0
1783700528,inflight,tier=edge,0.0
1783700538,inflight,tier=edge,0.0
1783700548,inflight,tier=edge,0.0
1783700558,inflight,tier=edge,0.0
1783700568,inflight,tier=edge,0.0
1783700578,inflight,tier=edge,0.0
1783700588,inflight,tier=edge,0.0
1783700598,inflight,tier=edge,0.0
1783700608,inflight,tier=edge,0.0
1783700618,inflight,tier=edge,0.0
1783700628,inflight,tier=edge,0.0
1783700638,inflight,tier=edge,0.0
1783700648,inflight,tier=edge,0.0
1783700658,inflight,tier=edge,0.0
1783700668,inflight,tier=edge,0.0
1783700678,inflight,tier=edge,0.0
1783700688,inflight,tier=edge,0.0
1783700698,inflight,tier=edge,0.0
1783700708,inflight,tier=edge,0.0
1783700718,inflight,tier=edge,0.0
1783700728,inflight,tier=edge,0.0
1783700738,inflight,tier=edge,0.0
1783700748,inflight,tier=edge,0.0
1783700758,inflight,tier=edge,0.0
1783700768,inflight,tier=edge,0.0
1783700778,inflight,tier=edge,0.0
1783700788,inflight,tier=edge,0.0
1783700798,inflight,tier=edge,0.0
1783700808,inflight,tier=edge,0.0
1783700818,inflight,tier=edge,0.0
1783700828,inflight,tier=edge,0.0
1783700838,inflight,tier=edge,0.0
1783700848,inflight,tier=edge,0.0
1783700858,inflight,tier=edge,0.0
1783700868,inflight,tier=edge,0.0
1783700878,inflight,tier=edge,0.0
1783700888,inflight,tier=edge,0.0
1783700898,inflight,tier=edge,0.0
1783700908,inflight,tier=edge,0.0
1783700918,inflight,tier=edge,0.0
1783700928,inflight,tier=edge,0.0
1783700938,inflight,tier=edge,0.0
1783700948,inflight,tier=edge,0.0
1783700958,inflight,tier=edge,0.0
1783700968,inflight,tier=edge,0.0
1783700978,inflight,tier=edge,0.0
1783700988,inflight,tier=edge,0.0
1783700998,inflight,tier=edge,0.0
1783701008,inflight,tier=edge,0.0
1783701018,inflight,tier=edge,0.0
1783701028,inflight,tier=edge,0.0
1783701038,inflight,tier=edge,0.0
1783701048,inflight,tier=edge,0.0
1783701058,inflight,tier=edge,0.0
1783701068,inflight,tier=edge,0.0
1783701078,inflight,tier=edge,0.0
1783701088,inflight,tier=edge,0.0
1783701098,inflight,tier=edge,0.0
1783701108,inflight,tier=edge,0.0
1783701118,inflight,tier=edge,0.0
1783701128,inflight,tier=edge,0.0
1783701138,inflight,tier=edge,0.0
