ts,metric,labels,value
1783675602,replicas_status,deployment=workload-cloud,1.0
1783675612,replicas_status,deployment=workload-cloud,1.0
1783675622,replicas_status,deployment=workload-cloud,1.0
1783675632,replicas_status,deployment=workload-cloud,1.0
1783675642,replicas_status,deployment=workload-cloud,1.0
1783675652,replicas_status,deployment=workload-cloud,1.0
1783675662,replicas_status,deployment=workload-cloud,1.0
1783675672,replicas_status,deployment=workload-cloud,1.0
1783675682,replicas_status,deployment=workload-cloud,1.0
1783675692,replicas_status,deployment=workload-cloud,1.0
1783675702,replicas_status,deployment=workload-cloud,1.0
1783675712,replicas_status,deployment=workload-cloud,1.0
1783675722,replicas_status,deployment=workload-cloud,1.0
1783675732,replicas_status,deployment=workload-cloud,2.0
1783675742,replicas_status,deployment=workload-cloud,2.0
1783675752,replicas_status,deployment=workload-cloud,2.0
1783675762,replicas_status,deployment=workload-cloud,2.0
1783675772,replicas_status,deployment=workload-cloud,2.0
1783675782,replicas_status,deployment=workload-cloud,2.0
1783675792,replicas_status,deployment=workload-cloud,2.0
1783675802,replicas_status,deployment=workload-cloud,2.0
1783675812,replicas_status,deployment=workload-cloud,3.0
1783675822,replicas_status,deployment=workload-cloud,3.0
1783675832,replicas_status,deployment=workload-cloud,3.0
1783675842,replicas_status,deployment=workload-cloud,4.0
1783675852,replicas_status,deployment=workload-cloud,4.0
1783675862,replicas_status,deployment=workload-cloud,4.0
1783675872,replicas_status,deployment=workload-cloud,5.0
1783675882,replicas_status,deployment=workload-cloud,5.0
1783675892,replicas_status,deployment=workload-cloud,5.0
1783675902,replicas_status,deployment=workload-cloud,6.0
1783675912,replicas_status,deployment=workload-cloud,6.0
1783675922,replicas_status,deployment=workload-cloud,6.0
1783675932,replicas_status,deployment=workload-cloud,6.0
1783675942,replicas_status,deployment=workload-cloud,6.0
1783675952,replicas_status,deployment=workload-cloud,6.0
1783675962,replicas_status,deployment=workload-cloud,6.0
1783675972,replicas_status,deployment=workload-cloud,6.0
1783675982,replicas_status,deployment=workload-cloud,6.0
1783675992,replicas_status,deployment=workload-cloud,6.0
1783676002,replicas_status,deployment=workload-cloud,6.0
1783676012,replicas_status,deployment=workload-cloud,6.0
1783676022,replicas_status,deployment=workload-cloud,6.0
1783676032,replicas_status,deployment=workload-cloud,6.0
1783676042,replicas_status,deployment=workload-cloud,6.0
1783676052,replicas_status,deployment=workload-cloud,6.0
1783676062,replicas_status,deployment=workload-cloud,6.0
1783676072,replicas_status,deployment=workload-cloud,6.0
1783676082,replicas_status,deployment=workload-cloud,6.0
1783676092,replicas_status,deployment=workload-cloud,6.0
1783676102,replicas_status,deployment=workload-cloud,6.0
1783676112,replicas_status,deployment=workload-cloud,6.0
1783676122,replicas_status,deployment=workload-cloud,6.0
1783676132,replicas_status,deployment=workload-cloud,6.0
1783676142,replicas_status,deployment=workload-cloud,6.0
1783676152,replicas_status,deployment=workload-cloud,6.0
1783676162,replicas_status,deployment=workload-cloud,6.0
1783676172,replicas_status,deployment=workload-cloud,5.0
1783676182,replicas_status,deployment=workload-cloud,5.0
1783676192,replicas_status,deployment=workload-cloud,5.0
1783676202,replicas_status,deployment=workload-cloud,5.0
1783676212,replicas_status,deployment=workload-cloud,5.0
1783676222,replicas_status,deployment=workload-cloud,5.0
1783676232,replicas_status,deployment=workload-cloud,4.0
1783676242,replicas_status,deployment=workload-cloud,4.0
1783675602,replicas_status,deployment=workload-edge,1.0
1783675612,replicas_status,deployment=workload-edge,1.0
1783675622,replicas_status,deployment=workload-edge,1.0
1783675632,replicas_status,deployment=workload-edge,1.0
1783675642,replicas_status,deployment=workload-edge,1.0
1783675652,replicas_status,deployment=workload-edge,1.0
1783675662,replicas_status,deployment=workload-edge,1.0
1783675672,replicas_status,deployment=workload-edge,1.0
1783675682,replicas_status,deployment=workload-edge,1.0
1783675692,replicas_status,deployment=workload-edge,1.0
1783675702,replicas_status,deployment=workload-edge,1.0
1783675712,replicas_status,deployment=workload-edge,1.0
1783675722,replicas_status,deployment=workload-edge,1.0
1783675732,replicas_status,deployment=workload-edge,1.0
1783675742,replicas_status,deployment=workload-edge,1.0
1783675752,replicas_status,deployment=workload-edge,1.0
1783675762,replicas_status,deployment=workload-edge,1.0
1783675772,replicas_status,deployment=workload-edge,1.0
1783675782,replicas_status,deployment=workload-edge,1.0
1783675792,replicas_status,deployment=workload-edge,1.0
1783675802,replicas_status,deployment=workload-edge,1.0
1783675812,replicas_status,deployment=workload-edge,1.0
1783675822,replicas_status,deployment=workload-edge,1.0
1783675832,replicas_status,deployment=workload-edge,1.0
1783675842,replicas_status,deployment=workload-edge,1.0
1783675852,replicas_status,deployment=workload-edge,1.0
1783675862,replicas_status,deployment=workload-edge,1.0
1783675872,replicas_status,deployment=workload-edge,1.0
1783675882,replicas_status,deployment=workload-edge,1.0
1783675892,replicas_status,deployment=workload-edge,1.0
1783675902,replicas_status,deployment=workload-edge,1.0
1783675912,replicas_status,deployment=workload-edge,1.0
1783675922,replicas_status,deployment=workload-edge,1.0
1783675932,replicas_status,deployment=workload-edge,1.0
1783675942,replicas_status,deployment=workload-edge,1.0
1783675952,replicas_status,deployment=workload-edge,1.0
1783675962,replicas_status,deployment=workload-edge,1.0
1783675972,replicas_status,deployment=workload-edge,1.0
1783675982,replicas_status,deployment=workload-edge,1.0
1783675992,replicas_status,deployment=workload-edge,1.0
1783676002,replicas_status,deployment=workload-edge,1.0
1783676012,replicas_status,deployment=workload-edge,1.0
1783676022,replicas_status,deployment=workload-edge,1.0
1783676032,replicas_status,deployment=workload-edge,1.0
1783676042,replicas_status,deployment=workload-edge,1.0
1783676052,replicas_status,deployment=workload-edge,1.0
1783676062,replicas_status,deployment=workload-edge,1.0
1783676072,replicas_status,deployment=workload-edge,1.0
1783676082,replicas_status,deployment=workload-edge,1.0
1783676092,replicas_status,deployment=workload-edge,1.0
1783676102,replicas_status,deployment=workload-edge,1.0
1783676112,replicas_status,deployment=workload-edge,1.0
1783676122,replicas_status,deployment=workload-edge,1.0
1783676132,replicas_status,deployment=workload-edge,1.0
1783676142,replicas_status,deployment=workload-edge,1.0
1783676152,replicas_status,deployment=workload-edge,1.0
1783676162,replicas_status,deployment=workload-edge,1.0
1783676172,replicas_status,deployment=workload-edge,1.0
1783676182,replicas_status,deployment=workload-edge,1.0
1783676192,replicas_status,deployment=workload-edge,1.0
1783676202,replicas_status,deployment=workload-edge,1.0
1783676212,replicas_status,deployment=workload-edge,1.0
1783676222,replicas_status,deployment=workload-edge,1.0
1783676232,replicas_status,deployment=workload-edge,1.0
1783676242,replicas_status,deployment=workload-edge,1.0
1783675602,replicas_spec,deployment=workload-cloud,1.0
1783675612,replicas_spec,deployment=workload-cloud,1.0
1783675622,replicas_spec,deployment=workload-cloud,1.0
1783675632,replicas_spec,deployment=workload-cloud,1.0
1783675642,replicas_spec,deployment=workload-cloud,1.0
1783675652,replicas_spec,deployment=workload-cloud,1.0
1783675662,replicas_spec,deployment=workload-cloud,1.0
1783675672,replicas_spec,deployment=workload-cloud,1.0
1783675682,replicas_spec,deployment=workload-cloud,1.0
1783675692,replicas_spec,deployment=workload-cloud,1.0
1783675702,replicas_spec,deployment=workload-cloud,1.0
1783675712,replicas_spec,deployment=workload-cloud,1.0
1783675722,replicas_spec,deployment=workload-cloud,1.0
1783675732,replicas_spec,deployment=workload-cloud,2.0
1783675742,replicas_spec,deployment=workload-cloud,2.0
1783675752,replicas_spec,deployment=workload-cloud,2.0
1783675762,replicas_spec,deployment=workload-cloud,2.0
1783675772,replicas_spec,deployment=workload-cloud,2.0
1783675782,replicas_spec,deployment=workload-cloud,2.0
1783675792,replicas_spec,deployment=workload-cloud,2.0
1783675802,replicas_spec,deployment=workload-cloud,2.0
1783675812,replicas_spec,deployment=workload-cloud,3.0
1783675822,replicas_spec,deployment=workload-cloud,3.0
1783675832,replicas_spec,deployment=workload-cloud,3.0
1783675842,replicas_spec,deployment=workload-cloud,4.0
1783675852,replicas_spec,deployment=workload-cloud,4.0
1783675862,replicas_spec,deployment=workload-cloud,4.0
1783675872,replicas_spec,deployment=workload-cloud,5.0
1783675882,replicas_spec,deployment=workload-cloud,5.0
1783675892,replicas_spec,deployment=workload-cloud,5.0
1783675902,replicas_spec,deployment=workload-cloud,6.0
1783675912,replicas_spec,deployment=workload-cloud,6.0
1783675922,replicas_spec,deployment=workload-cloud,6.0
1783675932,replicas_spec,deployment=workload-cloud,6.0
1783675942,replicas_spec,deployment=workload-cloud,6.0
1783675952,replicas_spec,deployment=workload-cloud,6.0
1783675962,replicas_spec,deployment=workload-cloud,6.0
1783675972,replicas_spec,deployment=workload-cloud,6.0
1783675982,replicas_spec,deployment=workload-cloud,6.0
1783675992,replicas_spec,deployment=workload-cloud,6.0
1783676002,replicas_spec,deployment=workload-cloud,6.0
1783676012,replicas_spec,deployment=workload-cloud,6.0
1783676022,replicas_spec,deployment=workload-cloud,6.0
1783676032,replicas_spec,deployment=workload-cloud,6.0
1783676042,replicas_spec,deployment=workload-cloud,6.0
1783676052,replicas_spec,deployment=workload-cloud,6.0
1783676062,replicas_spec,deployment=workload-cloud,6.0
1783676072,replicas_spec,deployment=workload-cloud,6.0
1783676082,replicas_spec,deployment=workload-cloud,6.0
1783676092,replicas_spec,deployment=workload-cloud,6.0
1783676102,replicas_spec,deployment=workload-cloud,6.0
1783676112,replicas_spec,deployment=workload-cloud,6.0
1783676122,replicas_spec,deployment=workload-cloud,6.0
1783676132,replicas_spec,deployment=workload-cloud,6.0
1783676142,replicas_spec,deployment=workload-cloud,6.0
1783676152,replicas_spec,deployment=workload-cloud,6.0
1783676162,replicas_spec,deployment=workload-cloud,6.0
1783676172,replicas_spec,deployment=workload-cloud,5.0
1783676182,replicas_spec,deployment=workload-cloud,5.0
1783676192,replicas_spec,deployment=workload-cloud,5.0
1783676202,replicas_spec,deployment=workload-cloud,5.0
1783676212,replicas_spec,deployment=workload-cloud,5.0
1783676222,replicas_spec,deployment=workload-cloud,5.0
1783676232,replicas_spec,deployment=workload-cloud,4.0
1783676242,replicas_spec,deployment=workload-cloud,4.0
1783675602,replicas_spec,deployment=workload-edge,1.0
1783675612,replicas_spec,deployment=workload-edge,1.0
1783675622,replicas_spec,deployment=workload-edge,1.0
1783675632,replicas_spec,deployment=workload-edge,1.0
1783675642,replicas_spec,deployment=workload-edge,1.0
1783675652,replicas_spec,deployment=workload-edge,1.0
1783675662,replicas_spec,deployment=workload-edge,1.0
1783675672,replicas_spec,deployment=workload-edge,1.0
1783675682,replicas_spec,deployment=workload-edge,1.0
1783675692,replicas_spec,deployment=workload-edge,1.0
1783675702,replicas_spec,deployment=workload-edge,1.0
1783675712,replicas_spec,deployment=workload-edge,1.0
1783675722,replicas_spec,deployment=workload-edge,1.0
1783675732,replicas_spec,deployment=workload-edge,1.0
1783675742,replicas_spec,deployment=workload-edge,1.0
1783675752,replicas_spec,deployment=workload-edge,1.0
1783675762,replicas_spec,deployment=workload-edge,1.0
1783675772,replicas_spec,deployment=workload-edge,1.0
1783675782,replicas_spec,deployment=workload-edge,1.0
1783675792,replicas_spec,deployment=workload-edge,1.0
1783675802,replicas_spec,deployment=workload-edge,1.0
1783675812,replicas_spec,deployment=workload-edge,1.0
1783675822,replicas_spec,deployment=workload-edge,1.0
1783675832,replicas_spec,deployment=workload-edge,1.0
1783675842,replicas_spec,deployment=workload-edge,1.0
1783675852,replicas_spec,deployment=workload-edge,1.0
1783675862,replicas_spec,deployment=workload-edge,1.0
1783675872,replicas_spec,deployment=workload-edge,1.0
1783675882,replicas_spec,deployment=workload-edge,1.0
1783675892,replicas_spec,deployment=workload-edge,1.0
1783675902,replicas_spec,deployment=workload-edge,1.0
1783675912,replicas_spec,deployment=workload-edge,1.0
1783675922,replicas_spec,deployment=workload-edge,1.0
1783675932,replicas_spec,deployment=workload-edge,1.0
1783675942,replicas_spec,deployment=workload-edge,1.0
1783675952,replicas_spec,deployment=workload-edge,1.0
1783675962,replicas_spec,deployment=workload-edge,1.0
1783675972,replicas_spec,deployment=workload-edge,1.0
1783675982,replicas_spec,deployment=workload-edge,1.0
1783675992,replicas_spec,deployment=workload-edge,1.0
1783676002,replicas_spec,deployment=workload-edge,1.0
1783676012,replicas_spec,deployment=workload-edge,1.0
1783676022,replicas_spec,deployment=workload-edge,1.0
1783676032,replicas_spec,deployment=workload-edge,1.0
1783676042,replicas_spec,deployment=workload-edge,1.0
1783676052,replicas_spec,deployment=workload-edge,1.0
1783676062,replicas_spec,deployment=workload-edge,1.0
1783676072,replicas_spec,deployment=workload-edge,1.0
1783676082,replicas_spec,deployment=workload-edge,1.0
1783676092,replicas_spec,deployment=workload-edge,1.0
1783676102,replicas_spec,deployment=workload-edge,1.0
1783676112,replicas_spec,deployment=workload-edge,1.0
1783676122,replicas_spec,deployment=workload-edge,1.0
1783676132,replicas_spec,deployment=workload-edge,1.0
1783676142,replicas_spec,deployment=workload-edge,1.0
1783676152,replicas_spec,deployment=workload-edge,1.0
1783676162,replicas_spec,deployment=workload-edge,1.0
1783676172,replicas_spec,deployment=workload-edge,1.0
1783676182,replicas_spec,deployment=workload-edge,1.0
1783676192,replicas_spec,deployment=workload-edge,1.0
1783676202,replicas_spec,deployment=workload-edge,1.0
1783676212,replicas_spec,deployment=workload-edge,1.0
1783676222,replicas_spec,deployment=workload-edge,1.0
1783676232,replicas_spec,deployment=workload-edge,1.0
1783676242,replicas_spec,deployment=workload-edge,1.0
1783675842,cpu_cores,pod=workload-cloud-6f545f89ff-5ncd2,0.01325486208256954
1783675852,cpu_cores,pod=workload-cloud-6f545f89ff-5ncd2,0.021715835489227172
1783675862,cpu_cores,pod=workload-cloud-6f545f89ff-5ncd2,0.015552294416698198
1783675872,cpu_cores,pod=workload-cloud-6f545f89ff-5ncd2,0.01362926708922932
1783675882,cpu_cores,pod=workload-cloud-6f545f89ff-5ncd2,0.01647464000787485
1783675892,cpu_cores,pod=workload-cloud-6f545f89ff-5ncd2,0.0022469976476414497
1783675902,cpu_cores,pod=workload-cloud-6f545f89ff-5ncd2,0.002188293472917088
1783675912,cpu_cores,pod=workload-cloud-6f545f89ff-5ncd2,0.0022009732902410943
1783675922,cpu_cores,pod=workload-cloud-6f545f89ff-5ncd2,0.002241845966699611
1783675932,cpu_cores,pod=workload-cloud-6f545f89ff-5ncd2,0.0022369726287428822
1783675942,cpu_cores,pod=workload-cloud-6f545f89ff-5ncd2,0.002239544268710256
1783675952,cpu_cores,pod=workload-cloud-6f545f89ff-5ncd2,0.0022497567522227796
1783675962,cpu_cores,pod=workload-cloud-6f545f89ff-5ncd2,0.002200816745514595
1783675972,cpu_cores,pod=workload-cloud-6f545f89ff-5ncd2,0.0021866346767625633
1783675982,cpu_cores,pod=workload-cloud-6f545f89ff-5ncd2,0.002219198336606214
1783675992,cpu_cores,pod=workload-cloud-6f545f89ff-5ncd2,0.002219198336606214
1783676002,cpu_cores,pod=workload-cloud-6f545f89ff-5ncd2,0.0021736243814003625
1783676012,cpu_cores,pod=workload-cloud-6f545f89ff-5ncd2,0.0022119847287953697
1783676022,cpu_cores,pod=workload-cloud-6f545f89ff-5ncd2,0.002213419903309435
1783676032,cpu_cores,pod=workload-cloud-6f545f89ff-5ncd2,0.0021605447506682675
1783676042,cpu_cores,pod=workload-cloud-6f545f89ff-5ncd2,0.002223160238421039
1783676052,cpu_cores,pod=workload-cloud-6f545f89ff-5ncd2,0.002223160238421039
1783676062,cpu_cores,pod=workload-cloud-6f545f89ff-5ncd2,0.0021779086957481038
1783676072,cpu_cores,pod=workload-cloud-6f545f89ff-5ncd2,0.002202967684741538
1783676082,cpu_cores,pod=workload-cloud-6f545f89ff-5ncd2,0.002202967684741538
1783676092,cpu_cores,pod=workload-cloud-6f545f89ff-5ncd2,0.002189720812182742
1783676102,cpu_cores,pod=workload-cloud-6f545f89ff-5ncd2,0.0022274308975116573
1783676112,cpu_cores,pod=workload-cloud-6f545f89ff-5ncd2,0.0022274308975116573
1783676122,cpu_cores,pod=workload-cloud-6f545f89ff-5ncd2,0.002173559140830014
1783676132,cpu_cores,pod=workload-cloud-6f545f89ff-5ncd2,0.0017639811165094132
1783676142,cpu_cores,pod=workload-cloud-6f545f89ff-5ncd2,0.0018242519304792766
1783676152,cpu_cores,pod=workload-cloud-6f545f89ff-5ncd2,0.0021563906339234704
1783676162,cpu_cores,pod=workload-cloud-6f545f89ff-5ncd2,0.001818664051775351
1783676172,cpu_cores,pod=workload-cloud-6f545f89ff-5ncd2,0.002184612930879801
1783676182,cpu_cores,pod=workload-cloud-6f545f89ff-5ncd2,0.0022249234074722454
1783676192,cpu_cores,pod=workload-cloud-6f545f89ff-5ncd2,0.0022970525416488676
1783676202,cpu_cores,pod=workload-cloud-6f545f89ff-5ncd2,0.0022970525416488676
1783676212,cpu_cores,pod=workload-cloud-6f545f89ff-5ncd2,0.0023572921730675724
1783676222,cpu_cores,pod=workload-cloud-6f545f89ff-5ncd2,0.0023623521387158746
1783676232,cpu_cores,pod=workload-cloud-6f545f89ff-5ncd2,0.002372292572292573
1783676242,cpu_cores,pod=workload-cloud-6f545f89ff-5ncd2,0.002374549692731512
1783675742,cpu_cores,pod=workload-cloud-6f545f89ff-6fgqm,0.018703590048709362
1783675752,cpu_cores,pod=workload-cloud-6f545f89ff-6fgqm,0.013107483468856401
1783675762,cpu_cores,pod=workload-cloud-6f545f89ff-6fgqm,0.0136858875
1783675772,cpu_cores,pod=workload-cloud-6f545f89ff-6fgqm,0.013954100438215619
1783675782,cpu_cores,pod=workload-cloud-6f545f89ff-6fgqm,0.013695548772494898
1783675792,cpu_cores,pod=workload-cloud-6f545f89ff-6fgqm,0.028346748522055484
1783675802,cpu_cores,pod=workload-cloud-6f545f89ff-6fgqm,0.10769812770583055
1783675812,cpu_cores,pod=workload-cloud-6f545f89ff-6fgqm,0.20624070648643977
1783675822,cpu_cores,pod=workload-cloud-6f545f89ff-6fgqm,0.24138129929431304
1783675832,cpu_cores,pod=workload-cloud-6f545f89ff-6fgqm,0.4028948542399622
1783675842,cpu_cores,pod=workload-cloud-6f545f89ff-6fgqm,0.49668720067693556
1783675852,cpu_cores,pod=workload-cloud-6f545f89ff-6fgqm,0.5925936703483432
1783675862,cpu_cores,pod=workload-cloud-6f545f89ff-6fgqm,0.6320317047926832
1783675872,cpu_cores,pod=workload-cloud-6f545f89ff-6fgqm,0.5196618460201909
1783675882,cpu_cores,pod=workload-cloud-6f545f89ff-6fgqm,0.6297086865708319
1783675892,cpu_cores,pod=workload-cloud-6f545f89ff-6fgqm,0.6361276393626668
1783675902,cpu_cores,pod=workload-cloud-6f545f89ff-6fgqm,0.6361276393626668
1783675912,cpu_cores,pod=workload-cloud-6f545f89ff-6fgqm,0.6211065107748739
1783675922,cpu_cores,pod=workload-cloud-6f545f89ff-6fgqm,0.6311333767211048
1783675932,cpu_cores,pod=workload-cloud-6f545f89ff-6fgqm,0.5103235035865358
1783675942,cpu_cores,pod=workload-cloud-6f545f89ff-6fgqm,0.6176921206464606
1783675952,cpu_cores,pod=workload-cloud-6f545f89ff-6fgqm,0.5876643912313194
1783675962,cpu_cores,pod=workload-cloud-6f545f89ff-6fgqm,0.5876643912313194
1783675972,cpu_cores,pod=workload-cloud-6f545f89ff-6fgqm,0.4481551270070513
1783675982,cpu_cores,pod=workload-cloud-6f545f89ff-6fgqm,0.4041003389643675
1783675992,cpu_cores,pod=workload-cloud-6f545f89ff-6fgqm,0.13701216453835255
1783676002,cpu_cores,pod=workload-cloud-6f545f89ff-6fgqm,0.10704599281682893
1783676012,cpu_cores,pod=workload-cloud-6f545f89ff-6fgqm,0.03327815049292867
1783676022,cpu_cores,pod=workload-cloud-6f545f89ff-6fgqm,0.03318246862095759
1783676032,cpu_cores,pod=workload-cloud-6f545f89ff-6fgqm,0.03299038553985233
1783676042,cpu_cores,pod=workload-cloud-6f545f89ff-6fgqm,0.032898838287213475
1783676052,cpu_cores,pod=workload-cloud-6f545f89ff-6fgqm,0.03308428193629992
1783676062,cpu_cores,pod=workload-cloud-6f545f89ff-6fgqm,0.03312289720960761
1783676072,cpu_cores,pod=workload-cloud-6f545f89ff-6fgqm,0.03307048430151257
1783676082,cpu_cores,pod=workload-cloud-6f545f89ff-6fgqm,0.033284471692266636
1783676092,cpu_cores,pod=workload-cloud-6f545f89ff-6fgqm,0.033284471692266636
1783676102,cpu_cores,pod=workload-cloud-6f545f89ff-6fgqm,0.033052062801604234
1783676112,cpu_cores,pod=workload-cloud-6f545f89ff-6fgqm,0.03329778501329888
1783676122,cpu_cores,pod=workload-cloud-6f545f89ff-6fgqm,0.033121865675548236
1783676132,cpu_cores,pod=workload-cloud-6f545f89ff-6fgqm,0.033057417589314866
1783676142,cpu_cores,pod=workload-cloud-6f545f89ff-6fgqm,0.032942217131220496
1783676152,cpu_cores,pod=workload-cloud-6f545f89ff-6fgqm,0.0328536414973509
1783676162,cpu_cores,pod=workload-cloud-6f545f89ff-6fgqm,0.02739001670484731
1783676172,cpu_cores,pod=workload-cloud-6f545f89ff-6fgqm,0.01996856981835541
1783676182,cpu_cores,pod=workload-cloud-6f545f89ff-6fgqm,0.010882173263144116
1783676192,cpu_cores,pod=workload-cloud-6f545f89ff-6fgqm,0.010882173263144116
1783676202,cpu_cores,pod=workload-cloud-6f545f89ff-6fgqm,0.0028463566827697452
1783676212,cpu_cores,pod=workload-cloud-6f545f89ff-6fgqm,0.0024599423770669737
1783676222,cpu_cores,pod=workload-cloud-6f545f89ff-6fgqm,0.0024599423770669737
1783676232,cpu_cores,pod=workload-cloud-6f545f89ff-6fgqm,0.0017095543561853224
1783676242,cpu_cores,pod=workload-cloud-6f545f89ff-6fgqm,0.0009667333333335175
1783675812,cpu_cores,pod=workload-cloud-6f545f89ff-7j28q,0.04646656641366483
1783675822,cpu_cores,pod=workload-cloud-6f545f89ff-7j28q,0.10026444747529574
1783675832,cpu_cores,pod=workload-cloud-6f545f89ff-7j28q,0.14064079403061935
1783675842,cpu_cores,pod=workload-cloud-6f545f89ff-7j28q,0.20328577304090345
1783675852,cpu_cores,pod=workload-cloud-6f545f89ff-7j28q,0.24865374347656424
1783675862,cpu_cores,pod=workload-cloud-6f545f89ff-7j28q,0.30630212632240494
1783675872,cpu_cores,pod=workload-cloud-6f545f89ff-7j28q,0.30702535295884653
1783675882,cpu_cores,pod=workload-cloud-6f545f89ff-7j28q,0.24790504031547878
1783675892,cpu_cores,pod=workload-cloud-6f545f89ff-7j28q,0.3050020816587317
1783675902,cpu_cores,pod=workload-cloud-6f545f89ff-7j28q,0.3033086776731027
1783675912,cpu_cores,pod=workload-cloud-6f545f89ff-7j28q,0.30559064754570003
1783675922,cpu_cores,pod=workload-cloud-6f545f89ff-7j28q,0.3098377875848473
1783675932,cpu_cores,pod=workload-cloud-6f545f89ff-7j28q,0.2076709749999999
1783675942,cpu_cores,pod=workload-cloud-6f545f89ff-7j28q,0.31280768026480577
1783675952,cpu_cores,pod=workload-cloud-6f545f89ff-7j28q,0.2530020685039849
1783675962,cpu_cores,pod=workload-cloud-6f545f89ff-7j28q,0.2530020685039849
1783675972,cpu_cores,pod=workload-cloud-6f545f89ff-7j28q,0.17246968335249244
1783675982,cpu_cores,pod=workload-cloud-6f545f89ff-7j28q,0.06197123983497492
1783675992,cpu_cores,pod=workload-cloud-6f545f89ff-7j28q,0.0493522535052439
1783676002,cpu_cores,pod=workload-cloud-6f545f89ff-7j28q,0.0023331879348324485
1783676012,cpu_cores,pod=workload-cloud-6f545f89ff-7j28q,0.0019477105341862055
1783676022,cpu_cores,pod=workload-cloud-6f545f89ff-7j28q,0.0023197335863518634
1783676032,cpu_cores,pod=workload-cloud-6f545f89ff-7j28q,0.002378400579850171
1783676042,cpu_cores,pod=workload-cloud-6f545f89ff-7j28q,0.002314496415439213
1783676052,cpu_cores,pod=workload-cloud-6f545f89ff-7j28q,0.0023662875073544097
1783676062,cpu_cores,pod=workload-cloud-6f545f89ff-7j28q,0.0023501605651896212
1783676072,cpu_cores,pod=workload-cloud-6f545f89ff-7j28q,0.0023186705375913344
1783676082,cpu_cores,pod=workload-cloud-6f545f89ff-7j28q,0.002419212163096088
1783676092,cpu_cores,pod=workload-cloud-6f545f89ff-7j28q,0.002412295460848626
1783676102,cpu_cores,pod=workload-cloud-6f545f89ff-7j28q,0.002378062588836022
1783676112,cpu_cores,pod=workload-cloud-6f545f89ff-7j28q,0.0020011345882354043
1783676122,cpu_cores,pod=workload-cloud-6f545f89ff-7j28q,0.002439941944847719
1783676132,cpu_cores,pod=workload-cloud-6f545f89ff-7j28q,0.002407455985471487
1783676142,cpu_cores,pod=workload-cloud-6f545f89ff-7j28q,0.0023584839322129073
1783676152,cpu_cores,pod=workload-cloud-6f545f89ff-7j28q,0.0020463718689196176
1783676162,cpu_cores,pod=workload-cloud-6f545f89ff-7j28q,0.002437767012511449
1783676172,cpu_cores,pod=workload-cloud-6f545f89ff-7j28q,0.002346978799463769
1783676182,cpu_cores,pod=workload-cloud-6f545f89ff-7j28q,0.00232106375484342
1783676192,cpu_cores,pod=workload-cloud-6f545f89ff-7j28q,0.0023283451908606536
1783676202,cpu_cores,pod=workload-cloud-6f545f89ff-7j28q,0.0023639457285543385
1783676212,cpu_cores,pod=workload-cloud-6f545f89ff-7j28q,0.0023081271110497715
1783676222,cpu_cores,pod=workload-cloud-6f545f89ff-7j28q,0.0023488010311798154
1783676232,cpu_cores,pod=workload-cloud-6f545f89ff-7j28q,0.0023488010311798154
1783676242,cpu_cores,pod=workload-cloud-6f545f89ff-7j28q,0.0024101507354615235
1783675602,cpu_cores,pod=workload-cloud-6f545f89ff-82tbg,0.0010505105256538422
1783675912,cpu_cores,pod=workload-cloud-6f545f89ff-cbn8s,0.017751728768195172
1783675922,cpu_cores,pod=workload-cloud-6f545f89ff-cbn8s,0.012572119249663258
1783675932,cpu_cores,pod=workload-cloud-6f545f89ff-cbn8s,0.015968863762776325
1783675942,cpu_cores,pod=workload-cloud-6f545f89ff-cbn8s,0.013537280840573056
1783675952,cpu_cores,pod=workload-cloud-6f545f89ff-cbn8s,0.00230491160205944
1783675962,cpu_cores,pod=workload-cloud-6f545f89ff-cbn8s,0.0022467487534344154
1783675972,cpu_cores,pod=workload-cloud-6f545f89ff-cbn8s,0.002245549441657227
1783675982,cpu_cores,pod=workload-cloud-6f545f89ff-cbn8s,0.0017958370111709654
1783675992,cpu_cores,pod=workload-cloud-6f545f89ff-cbn8s,0.0021922581875387327
1783676002,cpu_cores,pod=workload-cloud-6f545f89ff-cbn8s,0.0022181867899669365
1783676012,cpu_cores,pod=workload-cloud-6f545f89ff-cbn8s,0.0022732496014854506
1783676022,cpu_cores,pod=workload-cloud-6f545f89ff-cbn8s,0.002270764935501381
1783676032,cpu_cores,pod=workload-cloud-6f545f89ff-cbn8s,0.002186293523362799
1783676042,cpu_cores,pod=workload-cloud-6f545f89ff-cbn8s,0.002196730569178184
1783676052,cpu_cores,pod=workload-cloud-6f545f89ff-cbn8s,0.0022242090784043997
1783676062,cpu_cores,pod=workload-cloud-6f545f89ff-cbn8s,0.0021969185104180906
1783676072,cpu_cores,pod=workload-cloud-6f545f89ff-cbn8s,0.0022988322100859853
1783676082,cpu_cores,pod=workload-cloud-6f545f89ff-cbn8s,0.0022335146159075435
1783676092,cpu_cores,pod=workload-cloud-6f545f89ff-cbn8s,0.0022325621377345542
1783676102,cpu_cores,pod=workload-cloud-6f545f89ff-cbn8s,0.0022576403758693317
1783676112,cpu_cores,pod=workload-cloud-6f545f89ff-cbn8s,0.0021819509345794405
1783676122,cpu_cores,pod=workload-cloud-6f545f89ff-cbn8s,0.0022231866088034753
1783676132,cpu_cores,pod=workload-cloud-6f545f89ff-cbn8s,0.0022332540988602473
1783676142,cpu_cores,pod=workload-cloud-6f545f89ff-cbn8s,0.00218727763005131
1783676152,cpu_cores,pod=workload-cloud-6f545f89ff-cbn8s,0.0018383772562566313
1783676162,cpu_cores,pod=workload-cloud-6f545f89ff-cbn8s,0.001522961400139438
1783676172,cpu_cores,pod=workload-cloud-6f545f89ff-cbn8s,0.001166597283786771
1783676182,cpu_cores,pod=workload-cloud-6f545f89ff-cbn8s,0.0008134895642556945
1783675602,cpu_cores,pod=workload-cloud-6f545f89ff-cbxfm,0.0010977777769779025
1783675602,cpu_cores,pod=workload-cloud-6f545f89ff-dncf5,0.0006935523800292895
1783675602,cpu_cores,pod=workload-cloud-6f545f89ff-mspvv,0.0007312727163942704
1783675602,cpu_cores,pod=workload-cloud-6f545f89ff-r28zz,0.0026066361899851715
1783675612,cpu_cores,pod=workload-cloud-6f545f89ff-r28zz,0.0038771606657076597
1783675622,cpu_cores,pod=workload-cloud-6f545f89ff-r28zz,0.018494600656229824
1783675632,cpu_cores,pod=workload-cloud-6f545f89ff-r28zz,0.0297695647696863
1783675642,cpu_cores,pod=workload-cloud-6f545f89ff-r28zz,0.043881525737693834
1783675652,cpu_cores,pod=workload-cloud-6f545f89ff-r28zz,0.06024618627057969
1783675662,cpu_cores,pod=workload-cloud-6f545f89ff-r28zz,0.09382694779616366
1783675672,cpu_cores,pod=workload-cloud-6f545f89ff-r28zz,0.09032895414178571
1783675682,cpu_cores,pod=workload-cloud-6f545f89ff-r28zz,0.1510850227002402
1783675692,cpu_cores,pod=workload-cloud-6f545f89ff-r28zz,0.18555519102989987
1783675702,cpu_cores,pod=workload-cloud-6f545f89ff-r28zz,0.18555519102989987
1783675712,cpu_cores,pod=workload-cloud-6f545f89ff-r28zz,0.2092734290808613
1783675722,cpu_cores,pod=workload-cloud-6f545f89ff-r28zz,0.23458533229371864
1783675732,cpu_cores,pod=workload-cloud-6f545f89ff-r28zz,0.19900916339953018
1783675742,cpu_cores,pod=workload-cloud-6f545f89ff-r28zz,0.2646653443096632
1783675752,cpu_cores,pod=workload-cloud-6f545f89ff-r28zz,0.29278588263588806
1783675762,cpu_cores,pod=workload-cloud-6f545f89ff-r28zz,0.24931205882916932
1783675772,cpu_cores,pod=workload-cloud-6f545f89ff-r28zz,0.3163595269650296
1783675782,cpu_cores,pod=workload-cloud-6f545f89ff-r28zz,0.3398746395977705
1783675792,cpu_cores,pod=workload-cloud-6f545f89ff-r28zz,0.3473702569916856
1783675802,cpu_cores,pod=workload-cloud-6f545f89ff-r28zz,0.3885516904031695
1783675812,cpu_cores,pod=workload-cloud-6f545f89ff-r28zz,0.41802260653655016
1783675822,cpu_cores,pod=workload-cloud-6f545f89ff-r28zz,0.4978197369393361
1783675832,cpu_cores,pod=workload-cloud-6f545f89ff-r28zz,0.5346829336764578
1783675842,cpu_cores,pod=workload-cloud-6f545f89ff-r28zz,0.6128775874841994
1783675852,cpu_cores,pod=workload-cloud-6f545f89ff-r28zz,0.6605056530728965
1783675862,cpu_cores,pod=workload-cloud-6f545f89ff-r28zz,0.43896402499999576
1783675872,cpu_cores,pod=workload-cloud-6f545f89ff-r28zz,0.6897530783603135
1783675882,cpu_cores,pod=workload-cloud-6f545f89ff-r28zz,0.6936489419026153
1783675892,cpu_cores,pod=workload-cloud-6f545f89ff-r28zz,0.6897323359388506
1783675902,cpu_cores,pod=workload-cloud-6f545f89ff-r28zz,0.6938187430936824
1783675912,cpu_cores,pod=workload-cloud-6f545f89ff-r28zz,0.6866466438427155
1783675922,cpu_cores,pod=workload-cloud-6f545f89ff-r28zz,0.692609898822101
1783675932,cpu_cores,pod=workload-cloud-6f545f89ff-r28zz,0.5961827089472419
1783675942,cpu_cores,pod=workload-cloud-6f545f89ff-r28zz,0.7062141656662698
1783675952,cpu_cores,pod=workload-cloud-6f545f89ff-r28zz,0.6919374846062524
1783675962,cpu_cores,pod=workload-cloud-6f545f89ff-r28zz,0.684013954564993
1783675972,cpu_cores,pod=workload-cloud-6f545f89ff-r28zz,0.6093922434244462
1783675982,cpu_cores,pod=workload-cloud-6f545f89ff-r28zz,0.4993343401601098
1783675992,cpu_cores,pod=workload-cloud-6f545f89ff-r28zz,0.46975817017861043
1783676002,cpu_cores,pod=workload-cloud-6f545f89ff-r28zz,0.4217927773818053
1783676012,cpu_cores,pod=workload-cloud-6f545f89ff-r28zz,0.3728074325212305
1783676022,cpu_cores,pod=workload-cloud-6f545f89ff-r28zz,0.3723295339696814
1783676032,cpu_cores,pod=workload-cloud-6f545f89ff-r28zz,0.37277621044605397
1783676042,cpu_cores,pod=workload-cloud-6f545f89ff-r28zz,0.3717031538014849
1783676052,cpu_cores,pod=workload-cloud-6f545f89ff-r28zz,0.3700827412446458
1783676062,cpu_cores,pod=workload-cloud-6f545f89ff-r28zz,0.37114426242671755
1783676072,cpu_cores,pod=workload-cloud-6f545f89ff-r28zz,0.36998847309366373
1783676082,cpu_cores,pod=workload-cloud-6f545f89ff-r28zz,0.3736356583102623
1783676092,cpu_cores,pod=workload-cloud-6f545f89ff-r28zz,0.37581779134474746
1783676102,cpu_cores,pod=workload-cloud-6f545f89ff-r28zz,0.3716129421464279
1783676112,cpu_cores,pod=workload-cloud-6f545f89ff-r28zz,0.374347054416936
1783676122,cpu_cores,pod=workload-cloud-6f545f89ff-r28zz,0.3838530582360298
1783676132,cpu_cores,pod=workload-cloud-6f545f89ff-r28zz,0.38312354409318194
1783676142,cpu_cores,pod=workload-cloud-6f545f89ff-r28zz,0.3883513429797818
1783676152,cpu_cores,pod=workload-cloud-6f545f89ff-r28zz,0.38380335407087146
1783676162,cpu_cores,pod=workload-cloud-6f545f89ff-r28zz,0.38320570474110527
1783676172,cpu_cores,pod=workload-cloud-6f545f89ff-r28zz,0.30896387565954153
1783676182,cpu_cores,pod=workload-cloud-6f545f89ff-r28zz,0.2732665216614001
1783676192,cpu_cores,pod=workload-cloud-6f545f89ff-r28zz,0.19222484010728053
1783676202,cpu_cores,pod=workload-cloud-6f545f89ff-r28zz,0.12072969057827895
1783676212,cpu_cores,pod=workload-cloud-6f545f89ff-r28zz,0.00482351281387545
1783676222,cpu_cores,pod=workload-cloud-6f545f89ff-r28zz,0.005855998559982335
1783676232,cpu_cores,pod=workload-cloud-6f545f89ff-r28zz,0.0025721493162740726
1783676242,cpu_cores,pod=workload-cloud-6f545f89ff-r28zz,0.002570803295569228
1783675882,cpu_cores,pod=workload-cloud-6f545f89ff-tw4tz,0.016264696522325324
1783675892,cpu_cores,pod=workload-cloud-6f545f89ff-tw4tz,0.012608610150596323
1783675902,cpu_cores,pod=workload-cloud-6f545f89ff-tw4tz,0.015999665335556905
1783675912,cpu_cores,pod=workload-cloud-6f545f89ff-tw4tz,0.01484741375506876
1783675922,cpu_cores,pod=workload-cloud-6f545f89ff-tw4tz,0.0022146427802626207
1783675932,cpu_cores,pod=workload-cloud-6f545f89ff-tw4tz,0.0018871032648472797
1783675942,cpu_cores,pod=workload-cloud-6f545f89ff-tw4tz,0.0021402789744545104
1783675952,cpu_cores,pod=workload-cloud-6f545f89ff-tw4tz,0.002140534607733291
1783675962,cpu_cores,pod=workload-cloud-6f545f89ff-tw4tz,0.002140534607733291
1783675972,cpu_cores,pod=workload-cloud-6f545f89ff-tw4tz,0.0021734388551604526
1783675982,cpu_cores,pod=workload-cloud-6f545f89ff-tw4tz,0.00216360713171598
1783675992,cpu_cores,pod=workload-cloud-6f545f89ff-tw4tz,0.0022361831561169792
1783676002,cpu_cores,pod=workload-cloud-6f545f89ff-tw4tz,0.0022961129323610077
1783676012,cpu_cores,pod=workload-cloud-6f545f89ff-tw4tz,0.0022295901445155164
1783676022,cpu_cores,pod=workload-cloud-6f545f89ff-tw4tz,0.002234400940785834
1783676032,cpu_cores,pod=workload-cloud-6f545f89ff-tw4tz,0.002292416174989207
1783676042,cpu_cores,pod=workload-cloud-6f545f89ff-tw4tz,0.0022387736378000934
1783676052,cpu_cores,pod=workload-cloud-6f545f89ff-tw4tz,0.002297613034981006
1783676062,cpu_cores,pod=workload-cloud-6f545f89ff-tw4tz,0.002297613034981006
1783676072,cpu_cores,pod=workload-cloud-6f545f89ff-tw4tz,0.002223406354845076
1783676082,cpu_cores,pod=workload-cloud-6f545f89ff-tw4tz,0.0021594911377930256
1783676092,cpu_cores,pod=workload-cloud-6f545f89ff-tw4tz,0.0021468391951205597
1783676102,cpu_cores,pod=workload-cloud-6f545f89ff-tw4tz,0.0021468391951205597
1783676112,cpu_cores,pod=workload-cloud-6f545f89ff-tw4tz,0.00223990976544451
1783676122,cpu_cores,pod=workload-cloud-6f545f89ff-tw4tz,0.002202342716795765
1783676132,cpu_cores,pod=workload-cloud-6f545f89ff-tw4tz,0.002180657478670722
1783676142,cpu_cores,pod=workload-cloud-6f545f89ff-tw4tz,0.002191557891167994
1783676152,cpu_cores,pod=workload-cloud-6f545f89ff-tw4tz,0.0021338597010170904
1783676162,cpu_cores,pod=workload-cloud-6f545f89ff-tw4tz,0.0022061940691349364
1783676172,cpu_cores,pod=workload-cloud-6f545f89ff-tw4tz,0.002215081954478368
1783676182,cpu_cores,pod=workload-cloud-6f545f89ff-tw4tz,0.0022139231135318094
1783676192,cpu_cores,pod=workload-cloud-6f545f89ff-tw4tz,0.0022193662909381407
1783676202,cpu_cores,pod=workload-cloud-6f545f89ff-tw4tz,0.002268812362240183
1783676212,cpu_cores,pod=workload-cloud-6f545f89ff-tw4tz,0.002227596512056331
1783676222,cpu_cores,pod=workload-cloud-6f545f89ff-tw4tz,0.002259374591129136
1783676232,cpu_cores,pod=workload-cloud-6f545f89ff-tw4tz,0.0023419755548591123
1783676242,cpu_cores,pod=workload-cloud-6f545f89ff-tw4tz,0.002313345356176734
1783675602,cpu_cores,pod=workload-edge-7b875fd8c6-pxwvc,0.0026260275272901074
1783675612,cpu_cores,pod=workload-edge-7b875fd8c6-pxwvc,0.0026054077755028387
1783675622,cpu_cores,pod=workload-edge-7b875fd8c6-pxwvc,0.002651514592476528
1783675632,cpu_cores,pod=workload-edge-7b875fd8c6-pxwvc,0.002663111484356326
1783675642,cpu_cores,pod=workload-edge-7b875fd8c6-pxwvc,0.002657011515817253
1783675652,cpu_cores,pod=workload-edge-7b875fd8c6-pxwvc,0.002657011515817253
1783675662,cpu_cores,pod=workload-edge-7b875fd8c6-pxwvc,0.0022799019722824954
1783675672,cpu_cores,pod=workload-edge-7b875fd8c6-pxwvc,0.0026550844957663076
1783675682,cpu_cores,pod=workload-edge-7b875fd8c6-pxwvc,0.002726739108361463
1783675692,cpu_cores,pod=workload-edge-7b875fd8c6-pxwvc,0.002678556910569842
1783675702,cpu_cores,pod=workload-edge-7b875fd8c6-pxwvc,0.0026349666952452666
1783675712,cpu_cores,pod=workload-edge-7b875fd8c6-pxwvc,0.002299013931115443
1783675722,cpu_cores,pod=workload-edge-7b875fd8c6-pxwvc,0.002638482781027316
1783675732,cpu_cores,pod=workload-edge-7b875fd8c6-pxwvc,0.0026107926629539346
1783675742,cpu_cores,pod=workload-edge-7b875fd8c6-pxwvc,0.0022263882627167916
1783675752,cpu_cores,pod=workload-edge-7b875fd8c6-pxwvc,0.002555491701531379
1783675762,cpu_cores,pod=workload-edge-7b875fd8c6-pxwvc,0.0025804190552504787
1783675772,cpu_cores,pod=workload-edge-7b875fd8c6-pxwvc,0.002614253523277962
1783675782,cpu_cores,pod=workload-edge-7b875fd8c6-pxwvc,0.0021927766111965352
1783675792,cpu_cores,pod=workload-edge-7b875fd8c6-pxwvc,0.002664983397897881
1783675802,cpu_cores,pod=workload-edge-7b875fd8c6-pxwvc,0.0022546647874015367
1783675812,cpu_cores,pod=workload-edge-7b875fd8c6-pxwvc,0.0026877500204062345
1783675822,cpu_cores,pod=workload-edge-7b875fd8c6-pxwvc,0.0026797336076682244
1783675832,cpu_cores,pod=workload-edge-7b875fd8c6-pxwvc,0.002732189825957297
1783675842,cpu_cores,pod=workload-edge-7b875fd8c6-pxwvc,0.0027105532691474206
1783675852,cpu_cores,pod=workload-edge-7b875fd8c6-pxwvc,0.0026777200945888348
1783675862,cpu_cores,pod=workload-edge-7b875fd8c6-pxwvc,0.0027469000590470863
1783675872,cpu_cores,pod=workload-edge-7b875fd8c6-pxwvc,0.002757832516743634
1783675882,cpu_cores,pod=workload-edge-7b875fd8c6-pxwvc,0.002264784626678841
1783675892,cpu_cores,pod=workload-edge-7b875fd8c6-pxwvc,0.002762943647116047
1783675902,cpu_cores,pod=workload-edge-7b875fd8c6-pxwvc,0.002373460907168408
1783675912,cpu_cores,pod=workload-edge-7b875fd8c6-pxwvc,0.0027298502532470334
1783675922,cpu_cores,pod=workload-edge-7b875fd8c6-pxwvc,0.0027401131237226595
1783675932,cpu_cores,pod=workload-edge-7b875fd8c6-pxwvc,0.0027502212193613175
1783675942,cpu_cores,pod=workload-edge-7b875fd8c6-pxwvc,0.002703875876588113
1783675952,cpu_cores,pod=workload-edge-7b875fd8c6-pxwvc,0.002214408871110293
1783675962,cpu_cores,pod=workload-edge-7b875fd8c6-pxwvc,0.002658642526591719
1783675972,cpu_cores,pod=workload-edge-7b875fd8c6-pxwvc,0.0026530380465673072
1783675982,cpu_cores,pod=workload-edge-7b875fd8c6-pxwvc,0.002661956863979678
1783675992,cpu_cores,pod=workload-edge-7b875fd8c6-pxwvc,0.002677809347094328
1783676002,cpu_cores,pod=workload-edge-7b875fd8c6-pxwvc,0.002736015905514461
1783676012,cpu_cores,pod=workload-edge-7b875fd8c6-pxwvc,0.002634080324803619
1783676022,cpu_cores,pod=workload-edge-7b875fd8c6-pxwvc,0.002612467532473069
1783676032,cpu_cores,pod=workload-edge-7b875fd8c6-pxwvc,0.002656024033979286
1783676042,cpu_cores,pod=workload-edge-7b875fd8c6-pxwvc,0.00260863217876479
1783676052,cpu_cores,pod=workload-edge-7b875fd8c6-pxwvc,0.002171650057819205
1783676062,cpu_cores,pod=workload-edge-7b875fd8c6-pxwvc,0.0026962045418418876
1783676072,cpu_cores,pod=workload-edge-7b875fd8c6-pxwvc,0.0026298960322521485
1783676082,cpu_cores,pod=workload-edge-7b875fd8c6-pxwvc,0.002645703220406019
1783676092,cpu_cores,pod=workload-edge-7b875fd8c6-pxwvc,0.0026367433077889853
1783676102,cpu_cores,pod=workload-edge-7b875fd8c6-pxwvc,0.0026052398187883024
1783676112,cpu_cores,pod=workload-edge-7b875fd8c6-pxwvc,0.002635012146923889
1783676122,cpu_cores,pod=workload-edge-7b875fd8c6-pxwvc,0.0026589118636822172
1783676132,cpu_cores,pod=workload-edge-7b875fd8c6-pxwvc,0.0026441031613161814
1783676142,cpu_cores,pod=workload-edge-7b875fd8c6-pxwvc,0.0026868284501318307
1783676152,cpu_cores,pod=workload-edge-7b875fd8c6-pxwvc,0.0021165341847666267
1783676162,cpu_cores,pod=workload-edge-7b875fd8c6-pxwvc,0.002648372572300121
1783676172,cpu_cores,pod=workload-edge-7b875fd8c6-pxwvc,0.0026411864628266652
1783676182,cpu_cores,pod=workload-edge-7b875fd8c6-pxwvc,0.002601547085197277
1783676192,cpu_cores,pod=workload-edge-7b875fd8c6-pxwvc,0.002599105089129532
1783676202,cpu_cores,pod=workload-edge-7b875fd8c6-pxwvc,0.0026173226732258887
1783676212,cpu_cores,pod=workload-edge-7b875fd8c6-pxwvc,0.0026173226732258887
1783676222,cpu_cores,pod=workload-edge-7b875fd8c6-pxwvc,0.0026414669001458124
1783676232,cpu_cores,pod=workload-edge-7b875fd8c6-pxwvc,0.0022817023925663475
1783676242,cpu_cores,pod=workload-edge-7b875fd8c6-pxwvc,0.0026797907488991853
1783675842,cpu_utilisation,pod=workload-cloud-6f545f89ff-5ncd2,0.0662743104128477
1783675852,cpu_utilisation,pod=workload-cloud-6f545f89ff-5ncd2,0.10857917744613585
1783675862,cpu_utilisation,pod=workload-cloud-6f545f89ff-5ncd2,0.07776147208349099
1783675872,cpu_utilisation,pod=workload-cloud-6f545f89ff-5ncd2,0.0681463354461466
1783675882,cpu_utilisation,pod=workload-cloud-6f545f89ff-5ncd2,0.08237320003937423
1783675892,cpu_utilisation,pod=workload-cloud-6f545f89ff-5ncd2,0.011234988238207249
1783675902,cpu_utilisation,pod=workload-cloud-6f545f89ff-5ncd2,0.010941467364585438
1783675912,cpu_utilisation,pod=workload-cloud-6f545f89ff-5ncd2,0.01100486645120547
1783675922,cpu_utilisation,pod=workload-cloud-6f545f89ff-5ncd2,0.011209229833498055
1783675932,cpu_utilisation,pod=workload-cloud-6f545f89ff-5ncd2,0.01118486314371441
1783675942,cpu_utilisation,pod=workload-cloud-6f545f89ff-5ncd2,0.011197721343551278
1783675952,cpu_utilisation,pod=workload-cloud-6f545f89ff-5ncd2,0.011248783761113898
1783675962,cpu_utilisation,pod=workload-cloud-6f545f89ff-5ncd2,0.011004083727572974
1783675972,cpu_utilisation,pod=workload-cloud-6f545f89ff-5ncd2,0.010933173383812816
1783675982,cpu_utilisation,pod=workload-cloud-6f545f89ff-5ncd2,0.01109599168303107
1783675992,cpu_utilisation,pod=workload-cloud-6f545f89ff-5ncd2,0.01109599168303107
1783676002,cpu_utilisation,pod=workload-cloud-6f545f89ff-5ncd2,0.010868121907001812
1783676012,cpu_utilisation,pod=workload-cloud-6f545f89ff-5ncd2,0.011059923643976849
1783676022,cpu_utilisation,pod=workload-cloud-6f545f89ff-5ncd2,0.011067099516547173
1783676032,cpu_utilisation,pod=workload-cloud-6f545f89ff-5ncd2,0.010802723753341337
1783676042,cpu_utilisation,pod=workload-cloud-6f545f89ff-5ncd2,0.011115801192105194
1783676052,cpu_utilisation,pod=workload-cloud-6f545f89ff-5ncd2,0.011115801192105194
1783676062,cpu_utilisation,pod=workload-cloud-6f545f89ff-5ncd2,0.010889543478740518
1783676072,cpu_utilisation,pod=workload-cloud-6f545f89ff-5ncd2,0.01101483842370769
1783676082,cpu_utilisation,pod=workload-cloud-6f545f89ff-5ncd2,0.01101483842370769
1783676092,cpu_utilisation,pod=workload-cloud-6f545f89ff-5ncd2,0.01094860406091371
1783676102,cpu_utilisation,pod=workload-cloud-6f545f89ff-5ncd2,0.011137154487558285
1783676112,cpu_utilisation,pod=workload-cloud-6f545f89ff-5ncd2,0.011137154487558285
1783676122,cpu_utilisation,pod=workload-cloud-6f545f89ff-5ncd2,0.01086779570415007
1783676132,cpu_utilisation,pod=workload-cloud-6f545f89ff-5ncd2,0.008819905582547066
1783676142,cpu_utilisation,pod=workload-cloud-6f545f89ff-5ncd2,0.009121259652396383
1783676152,cpu_utilisation,pod=workload-cloud-6f545f89ff-5ncd2,0.010781953169617352
1783676162,cpu_utilisation,pod=workload-cloud-6f545f89ff-5ncd2,0.009093320258876754
1783676172,cpu_utilisation,pod=workload-cloud-6f545f89ff-5ncd2,0.010923064654399005
1783676182,cpu_utilisation,pod=workload-cloud-6f545f89ff-5ncd2,0.011124617037361227
1783676192,cpu_utilisation,pod=workload-cloud-6f545f89ff-5ncd2,0.011485262708244338
1783676202,cpu_utilisation,pod=workload-cloud-6f545f89ff-5ncd2,0.011485262708244338
1783676212,cpu_utilisation,pod=workload-cloud-6f545f89ff-5ncd2,0.01178646086533786
1783676222,cpu_utilisation,pod=workload-cloud-6f545f89ff-5ncd2,0.011811760693579372
1783676232,cpu_utilisation,pod=workload-cloud-6f545f89ff-5ncd2,0.011861462861462864
1783676242,cpu_utilisation,pod=workload-cloud-6f545f89ff-5ncd2,0.01187274846365756
1783675742,cpu_utilisation,pod=workload-cloud-6f545f89ff-6fgqm,0.09351795024354681
1783675752,cpu_utilisation,pod=workload-cloud-6f545f89ff-6fgqm,0.065537417344282
1783675762,cpu_utilisation,pod=workload-cloud-6f545f89ff-6fgqm,0.0684294375
1783675772,cpu_utilisation,pod=workload-cloud-6f545f89ff-6fgqm,0.0697705021910781
1783675782,cpu_utilisation,pod=workload-cloud-6f545f89ff-6fgqm,0.06847774386247449
1783675792,cpu_utilisation,pod=workload-cloud-6f545f89ff-6fgqm,0.1417337426102774
1783675802,cpu_utilisation,pod=workload-cloud-6f545f89ff-6fgqm,0.5384906385291527
1783675812,cpu_utilisation,pod=workload-cloud-6f545f89ff-6fgqm,1.0312035324321989
1783675822,cpu_utilisation,pod=workload-cloud-6f545f89ff-6fgqm,1.2069064964715652
1783675832,cpu_utilisation,pod=workload-cloud-6f545f89ff-6fgqm,2.014474271199811
1783675842,cpu_utilisation,pod=workload-cloud-6f545f89ff-6fgqm,2.4834360033846776
1783675852,cpu_utilisation,pod=workload-cloud-6f545f89ff-6fgqm,2.962968351741716
1783675862,cpu_utilisation,pod=workload-cloud-6f545f89ff-6fgqm,3.160158523963416
1783675872,cpu_utilisation,pod=workload-cloud-6f545f89ff-6fgqm,2.5983092301009547
1783675882,cpu_utilisation,pod=workload-cloud-6f545f89ff-6fgqm,3.1485434328541593
1783675892,cpu_utilisation,pod=workload-cloud-6f545f89ff-6fgqm,3.1806381968133337
1783675902,cpu_utilisation,pod=workload-cloud-6f545f89ff-6fgqm,3.1806381968133337
1783675912,cpu_utilisation,pod=workload-cloud-6f545f89ff-6fgqm,3.105532553874369
1783675922,cpu_utilisation,pod=workload-cloud-6f545f89ff-6fgqm,3.155666883605524
1783675932,cpu_utilisation,pod=workload-cloud-6f545f89ff-6fgqm,2.5516175179326788
1783675942,cpu_utilisation,pod=workload-cloud-6f545f89ff-6fgqm,3.0884606032323028
1783675952,cpu_utilisation,pod=workload-cloud-6f545f89ff-6fgqm,2.9383219561565967
1783675962,cpu_utilisation,pod=workload-cloud-6f545f89ff-6fgqm,2.9383219561565967
1783675972,cpu_utilisation,pod=workload-cloud-6f545f89ff-6fgqm,2.240775635035256
1783675982,cpu_utilisation,pod=workload-cloud-6f545f89ff-6fgqm,2.0205016948218373
1783675992,cpu_utilisation,pod=workload-cloud-6f545f89ff-6fgqm,0.6850608226917627
1783676002,cpu_utilisation,pod=workload-cloud-6f545f89ff-6fgqm,0.5352299640841446
1783676012,cpu_utilisation,pod=workload-cloud-6f545f89ff-6fgqm,0.16639075246464333
1783676022,cpu_utilisation,pod=workload-cloud-6f545f89ff-6fgqm,0.16591234310478795
1783676032,cpu_utilisation,pod=workload-cloud-6f545f89ff-6fgqm,0.16495192769926162
1783676042,cpu_utilisation,pod=workload-cloud-6f545f89ff-6fgqm,0.16449419143606736
1783676052,cpu_utilisation,pod=workload-cloud-6f545f89ff-6fgqm,0.1654214096814996
1783676062,cpu_utilisation,pod=workload-cloud-6f545f89ff-6fgqm,0.16561448604803802
1783676072,cpu_utilisation,pod=workload-cloud-6f545f89ff-6fgqm,0.16535242150756282
1783676082,cpu_utilisation,pod=workload-cloud-6f545f89ff-6fgqm,0.16642235846133316
1783676092,cpu_utilisation,pod=workload-cloud-6f545f89ff-6fgqm,0.16642235846133316
1783676102,cpu_utilisation,pod=workload-cloud-6f545f89ff-6fgqm,0.16526031400802116
1783676112,cpu_utilisation,pod=workload-cloud-6f545f89ff-6fgqm,0.16648892506649438
1783676122,cpu_utilisation,pod=workload-cloud-6f545f89ff-6fgqm,0.16560932837774117
1783676132,cpu_utilisation,pod=workload-cloud-6f545f89ff-6fgqm,0.16528708794657432
1783676142,cpu_utilisation,pod=workload-cloud-6f545f89ff-6fgqm,0.16471108565610246
1783676152,cpu_utilisation,pod=workload-cloud-6f545f89ff-6fgqm,0.1642682074867545
1783676162,cpu_utilisation,pod=workload-cloud-6f545f89ff-6fgqm,0.13695008352423654
1783676172,cpu_utilisation,pod=workload-cloud-6f545f89ff-6fgqm,0.09984284909177704
1783676182,cpu_utilisation,pod=workload-cloud-6f545f89ff-6fgqm,0.05441086631572058
1783676192,cpu_utilisation,pod=workload-cloud-6f545f89ff-6fgqm,0.05441086631572058
1783676202,cpu_utilisation,pod=workload-cloud-6f545f89ff-6fgqm,0.014231783413848726
1783676212,cpu_utilisation,pod=workload-cloud-6f545f89ff-6fgqm,0.012299711885334868
1783676222,cpu_utilisation,pod=workload-cloud-6f545f89ff-6fgqm,0.012299711885334868
1783675812,cpu_utilisation,pod=workload-cloud-6f545f89ff-7j28q,0.23233283206832414
1783675822,cpu_utilisation,pod=workload-cloud-6f545f89ff-7j28q,0.5013222373764786
1783675832,cpu_utilisation,pod=workload-cloud-6f545f89ff-7j28q,0.7032039701530968
1783675842,cpu_utilisation,pod=workload-cloud-6f545f89ff-7j28q,1.0164288652045173
1783675852,cpu_utilisation,pod=workload-cloud-6f545f89ff-7j28q,1.2432687173828212
1783675862,cpu_utilisation,pod=workload-cloud-6f545f89ff-7j28q,1.5315106316120246
1783675872,cpu_utilisation,pod=workload-cloud-6f545f89ff-7j28q,1.5351267647942326
1783675882,cpu_utilisation,pod=workload-cloud-6f545f89ff-7j28q,1.2395252015773939
1783675892,cpu_utilisation,pod=workload-cloud-6f545f89ff-7j28q,1.5250104082936584
1783675902,cpu_utilisation,pod=workload-cloud-6f545f89ff-7j28q,1.5165433883655135
1783675912,cpu_utilisation,pod=workload-cloud-6f545f89ff-7j28q,1.5279532377285001
1783675922,cpu_utilisation,pod=workload-cloud-6f545f89ff-7j28q,1.5491889379242365
1783675932,cpu_utilisation,pod=workload-cloud-6f545f89ff-7j28q,1.0383548749999993
1783675942,cpu_utilisation,pod=workload-cloud-6f545f89ff-7j28q,1.5640384013240287
1783675952,cpu_utilisation,pod=workload-cloud-6f545f89ff-7j28q,1.2650103425199244
1783675962,cpu_utilisation,pod=workload-cloud-6f545f89ff-7j28q,1.2650103425199244
1783675972,cpu_utilisation,pod=workload-cloud-6f545f89ff-7j28q,0.8623484167624621
1783675982,cpu_utilisation,pod=workload-cloud-6f545f89ff-7j28q,0.30985619917487456
1783675992,cpu_utilisation,pod=workload-cloud-6f545f89ff-7j28q,0.2467612675262195
1783676002,cpu_utilisation,pod=workload-cloud-6f545f89ff-7j28q,0.011665939674162242
1783676012,cpu_utilisation,pod=workload-cloud-6f545f89ff-7j28q,0.009738552670931027
1783676022,cpu_utilisation,pod=workload-cloud-6f545f89ff-7j28q,0.011598667931759316
1783676032,cpu_utilisation,pod=workload-cloud-6f545f89ff-7j28q,0.011892002899250855
1783676042,cpu_utilisation,pod=workload-cloud-6f545f89ff-7j28q,0.011572482077196064
1783676052,cpu_utilisation,pod=workload-cloud-6f545f89ff-7j28q,0.011831437536772047
1783676062,cpu_utilisation,pod=workload-cloud-6f545f89ff-7j28q,0.011750802825948106
1783676072,cpu_utilisation,pod=workload-cloud-6f545f89ff-7j28q,0.011593352687956672
1783676082,cpu_utilisation,pod=workload-cloud-6f545f89ff-7j28q,0.012096060815480439
1783676092,cpu_utilisation,pod=workload-cloud-6f545f89ff-7j28q,0.012061477304243128
1783676102,cpu_utilisation,pod=workload-cloud-6f545f89ff-7j28q,0.01189031294418011
1783676112,cpu_utilisation,pod=workload-cloud-6f545f89ff-7j28q,0.01000567294117702
1783676122,cpu_utilisation,pod=workload-cloud-6f545f89ff-7j28q,0.012199709724238594
1783676132,cpu_utilisation,pod=workload-cloud-6f545f89ff-7j28q,0.012037279927357435
1783676142,cpu_utilisation,pod=workload-cloud-6f545f89ff-7j28q,0.011792419661064537
1783676152,cpu_utilisation,pod=workload-cloud-6f545f89ff-7j28q,0.010231859344598087
1783676162,cpu_utilisation,pod=workload-cloud-6f545f89ff-7j28q,0.012188835062557244
1783676172,cpu_utilisation,pod=workload-cloud-6f545f89ff-7j28q,0.011734893997318845
1783676182,cpu_utilisation,pod=workload-cloud-6f545f89ff-7j28q,0.011605318774217098
1783676192,cpu_utilisation,pod=workload-cloud-6f545f89ff-7j28q,0.011641725954303267
1783676202,cpu_utilisation,pod=workload-cloud-6f545f89ff-7j28q,0.011819728642771692
1783676212,cpu_utilisation,pod=workload-cloud-6f545f89ff-7j28q,0.011540635555248856
1783676222,cpu_utilisation,pod=workload-cloud-6f545f89ff-7j28q,0.011744005155899077
1783676232,cpu_utilisation,pod=workload-cloud-6f545f89ff-7j28q,0.011744005155899077
1783676242,cpu_utilisation,pod=workload-cloud-6f545f89ff-7j28q,0.012050753677307617
1783675912,cpu_utilisation,pod=workload-cloud-6f545f89ff-cbn8s,0.08875864384097586
1783675922,cpu_utilisation,pod=workload-cloud-6f545f89ff-cbn8s,0.06286059624831629
1783675932,cpu_utilisation,pod=workload-cloud-6f545f89ff-cbn8s,0.07984431881388161
1783675942,cpu_utilisation,pod=workload-cloud-6f545f89ff-cbn8s,0.06768640420286527
1783675952,cpu_utilisation,pod=workload-cloud-6f545f89ff-cbn8s,0.011524558010297198
1783675962,cpu_utilisation,pod=workload-cloud-6f545f89ff-cbn8s,0.011233743767172077
1783675972,cpu_utilisation,pod=workload-cloud-6f545f89ff-cbn8s,0.011227747208286135
1783675982,cpu_utilisation,pod=workload-cloud-6f545f89ff-cbn8s,0.008979185055854827
1783675992,cpu_utilisation,pod=workload-cloud-6f545f89ff-cbn8s,0.010961290937693663
1783676002,cpu_utilisation,pod=workload-cloud-6f545f89ff-cbn8s,0.011090933949834682
1783676012,cpu_utilisation,pod=workload-cloud-6f545f89ff-cbn8s,0.011366248007427252
1783676022,cpu_utilisation,pod=workload-cloud-6f545f89ff-cbn8s,0.011353824677506905
1783676032,cpu_utilisation,pod=workload-cloud-6f545f89ff-cbn8s,0.010931467616813994
1783676042,cpu_utilisation,pod=workload-cloud-6f545f89ff-cbn8s,0.010983652845890918
1783676052,cpu_utilisation,pod=workload-cloud-6f545f89ff-cbn8s,0.011121045392021998
1783676062,cpu_utilisation,pod=workload-cloud-6f545f89ff-cbn8s,0.010984592552090453
1783676072,cpu_utilisation,pod=workload-cloud-6f545f89ff-cbn8s,0.011494161050429925
1783676082,cpu_utilisation,pod=workload-cloud-6f545f89ff-cbn8s,0.011167573079537717
1783676092,cpu_utilisation,pod=workload-cloud-6f545f89ff-cbn8s,0.01116281068867277
1783676102,cpu_utilisation,pod=workload-cloud-6f545f89ff-cbn8s,0.011288201879346657
1783676112,cpu_utilisation,pod=workload-cloud-6f545f89ff-cbn8s,0.010909754672897202
1783676122,cpu_utilisation,pod=workload-cloud-6f545f89ff-cbn8s,0.011115933044017376
1783676132,cpu_utilisation,pod=workload-cloud-6f545f89ff-cbn8s,0.011166270494301236
1783676142,cpu_utilisation,pod=workload-cloud-6f545f89ff-cbn8s,0.010936388150256549
1783676152,cpu_utilisation,pod=workload-cloud-6f545f89ff-cbn8s,0.009191886281283156
1783676162,cpu_utilisation,pod=workload-cloud-6f545f89ff-cbn8s,0.00761480700069719
1783675602,cpu_utilisation,pod=workload-cloud-6f545f89ff-r28zz,0.013033180949925857
1783675612,cpu_utilisation,pod=workload-cloud-6f545f89ff-r28zz,0.019385803328538297
1783675622,cpu_utilisation,pod=workload-cloud-6f545f89ff-r28zz,0.09247300328114912
1783675632,cpu_utilisation,pod=workload-cloud-6f545f89ff-r28zz,0.14884782384843148
1783675642,cpu_utilisation,pod=workload-cloud-6f545f89ff-r28zz,0.21940762868846916
1783675652,cpu_utilisation,pod=workload-cloud-6f545f89ff-r28zz,0.3012309313528984
1783675662,cpu_utilisation,pod=workload-cloud-6f545f89ff-r28zz,0.46913473898081826
1783675672,cpu_utilisation,pod=workload-cloud-6f545f89ff-r28zz,0.45164477070892856
1783675682,cpu_utilisation,pod=workload-cloud-6f545f89ff-r28zz,0.755425113501201
1783675692,cpu_utilisation,pod=workload-cloud-6f545f89ff-r28zz,0.9277759551494993
1783675702,cpu_utilisation,pod=workload-cloud-6f545f89ff-r28zz,0.9277759551494993
1783675712,cpu_utilisation,pod=workload-cloud-6f545f89ff-r28zz,1.0463671454043064
1783675722,cpu_utilisation,pod=workload-cloud-6f545f89ff-r28zz,1.1729266614685931
1783675732,cpu_utilisation,pod=workload-cloud-6f545f89ff-r28zz,0.9950458169976508
1783675742,cpu_utilisation,pod=workload-cloud-6f545f89ff-r28zz,1.323326721548316
1783675752,cpu_utilisation,pod=workload-cloud-6f545f89ff-r28zz,1.4639294131794403
1783675762,cpu_utilisation,pod=workload-cloud-6f545f89ff-r28zz,1.2465602941458465
1783675772,cpu_utilisation,pod=workload-cloud-6f545f89ff-r28zz,1.581797634825148
1783675782,cpu_utilisation,pod=workload-cloud-6f545f89ff-r28zz,1.6993731979888522
1783675792,cpu_utilisation,pod=workload-cloud-6f545f89ff-r28zz,1.7368512849584279
1783675802,cpu_utilisation,pod=workload-cloud-6f545f89ff-r28zz,1.9427584520158474
1783675812,cpu_utilisation,pod=workload-cloud-6f545f89ff-r28zz,2.090113032682751
1783675822,cpu_utilisation,pod=workload-cloud-6f545f89ff-r28zz,2.4890986846966805
1783675832,cpu_utilisation,pod=workload-cloud-6f545f89ff-r28zz,2.673414668382289
1783675842,cpu_utilisation,pod=workload-cloud-6f545f89ff-r28zz,3.064387937420997
1783675852,cpu_utilisation,pod=workload-cloud-6f545f89ff-r28zz,3.3025282653644825
1783675862,cpu_utilisation,pod=workload-cloud-6f545f89ff-r28zz,2.194820124999979
1783675872,cpu_utilisation,pod=workload-cloud-6f545f89ff-r28zz,3.4487653918015675
1783675882,cpu_utilisation,pod=workload-cloud-6f545f89ff-r28zz,3.468244709513076
1783675892,cpu_utilisation,pod=workload-cloud-6f545f89ff-r28zz,3.448661679694253
1783675902,cpu_utilisation,pod=workload-cloud-6f545f89ff-r28zz,3.469093715468412
1783675912,cpu_utilisation,pod=workload-cloud-6f545f89ff-r28zz,3.433233219213577
1783675922,cpu_utilisation,pod=workload-cloud-6f545f89ff-r28zz,3.4630494941105048
1783675932,cpu_utilisation,pod=workload-cloud-6f545f89ff-r28zz,2.980913544736209
1783675942,cpu_utilisation,pod=workload-cloud-6f545f89ff-r28zz,3.531070828331349
1783675952,cpu_utilisation,pod=workload-cloud-6f545f89ff-r28zz,3.4596874230312618
1783675962,cpu_utilisation,pod=workload-cloud-6f545f89ff-r28zz,3.420069772824965
1783675972,cpu_utilisation,pod=workload-cloud-6f545f89ff-r28zz,3.046961217122231
1783675982,cpu_utilisation,pod=workload-cloud-6f545f89ff-r28zz,2.496671700800549
1783675992,cpu_utilisation,pod=workload-cloud-6f545f89ff-r28zz,2.348790850893052
1783676002,cpu_utilisation,pod=workload-cloud-6f545f89ff-r28zz,2.1089638869090264
1783676012,cpu_utilisation,pod=workload-cloud-6f545f89ff-r28zz,1.8640371626061525
1783676022,cpu_utilisation,pod=workload-cloud-6f545f89ff-r28zz,1.8616476698484068
1783676032,cpu_utilisation,pod=workload-cloud-6f545f89ff-r28zz,1.8638810522302698
1783676042,cpu_utilisation,pod=workload-cloud-6f545f89ff-r28zz,1.8585157690074243
1783676052,cpu_utilisation,pod=workload-cloud-6f545f89ff-r28zz,1.8504137062232289
1783676062,cpu_utilisation,pod=workload-cloud-6f545f89ff-r28zz,1.8557213121335876
1783676072,cpu_utilisation,pod=workload-cloud-6f545f89ff-r28zz,1.8499423654683185
1783676082,cpu_utilisation,pod=workload-cloud-6f545f89ff-r28zz,1.8681782915513114
1783676092,cpu_utilisation,pod=workload-cloud-6f545f89ff-r28zz,1.8790889567237372
1783676102,cpu_utilisation,pod=workload-cloud-6f545f89ff-r28zz,1.8580647107321395
1783676112,cpu_utilisation,pod=workload-cloud-6f545f89ff-r28zz,1.8717352720846798
1783676122,cpu_utilisation,pod=workload-cloud-6f545f89ff-r28zz,1.9192652911801489
1783676132,cpu_utilisation,pod=workload-cloud-6f545f89ff-r28zz,1.9156177204659097
1783676142,cpu_utilisation,pod=workload-cloud-6f545f89ff-r28zz,1.941756714898909
1783676152,cpu_utilisation,pod=workload-cloud-6f545f89ff-r28zz,1.9190167703543572
1783676162,cpu_utilisation,pod=workload-cloud-6f545f89ff-r28zz,1.9160285237055263
1783676172,cpu_utilisation,pod=workload-cloud-6f545f89ff-r28zz,1.5448193782977075
1783676182,cpu_utilisation,pod=workload-cloud-6f545f89ff-r28zz,1.3663326083070004
1783676192,cpu_utilisation,pod=workload-cloud-6f545f89ff-r28zz,0.9611242005364026
1783676202,cpu_utilisation,pod=workload-cloud-6f545f89ff-r28zz,0.6036484528913947
1783676212,cpu_utilisation,pod=workload-cloud-6f545f89ff-r28zz,0.024117564069377248
1783676222,cpu_utilisation,pod=workload-cloud-6f545f89ff-r28zz,0.029279992799911673
1783676232,cpu_utilisation,pod=workload-cloud-6f545f89ff-r28zz,0.012860746581370363
1783676242,cpu_utilisation,pod=workload-cloud-6f545f89ff-r28zz,0.012854016477846139
1783675882,cpu_utilisation,pod=workload-cloud-6f545f89ff-tw4tz,0.08132348261162661
1783675892,cpu_utilisation,pod=workload-cloud-6f545f89ff-tw4tz,0.06304305075298161
1783675902,cpu_utilisation,pod=workload-cloud-6f545f89ff-tw4tz,0.07999832667778452
1783675912,cpu_utilisation,pod=workload-cloud-6f545f89ff-tw4tz,0.07423706877534379
1783675922,cpu_utilisation,pod=workload-cloud-6f545f89ff-tw4tz,0.011073213901313102
1783675932,cpu_utilisation,pod=workload-cloud-6f545f89ff-tw4tz,0.009435516324236398
1783675942,cpu_utilisation,pod=workload-cloud-6f545f89ff-tw4tz,0.01070139487227255
1783675952,cpu_utilisation,pod=workload-cloud-6f545f89ff-tw4tz,0.010702673038666455
1783675962,cpu_utilisation,pod=workload-cloud-6f545f89ff-tw4tz,0.010702673038666455
1783675972,cpu_utilisation,pod=workload-cloud-6f545f89ff-tw4tz,0.010867194275802263
1783675982,cpu_utilisation,pod=workload-cloud-6f545f89ff-tw4tz,0.010818035658579899
1783675992,cpu_utilisation,pod=workload-cloud-6f545f89ff-tw4tz,0.011180915780584895
1783676002,cpu_utilisation,pod=workload-cloud-6f545f89ff-tw4tz,0.011480564661805038
1783676012,cpu_utilisation,pod=workload-cloud-6f545f89ff-tw4tz,0.011147950722577581
1783676022,cpu_utilisation,pod=workload-cloud-6f545f89ff-tw4tz,0.01117200470392917
1783676032,cpu_utilisation,pod=workload-cloud-6f545f89ff-tw4tz,0.011462080874946034
1783676042,cpu_utilisation,pod=workload-cloud-6f545f89ff-tw4tz,0.011193868189000467
1783676052,cpu_utilisation,pod=workload-cloud-6f545f89ff-tw4tz,0.011488065174905028
1783676062,cpu_utilisation,pod=workload-cloud-6f545f89ff-tw4tz,0.011488065174905028
1783676072,cpu_utilisation,pod=workload-cloud-6f545f89ff-tw4tz,0.01111703177422538
1783676082,cpu_utilisation,pod=workload-cloud-6f545f89ff-tw4tz,0.010797455688965127
1783676092,cpu_utilisation,pod=workload-cloud-6f545f89ff-tw4tz,0.010734195975602798
1783676102,cpu_utilisation,pod=workload-cloud-6f545f89ff-tw4tz,0.010734195975602798
1783676112,cpu_utilisation,pod=workload-cloud-6f545f89ff-tw4tz,0.01119954882722255
1783676122,cpu_utilisation,pod=workload-cloud-6f545f89ff-tw4tz,0.011011713583978825
1783676132,cpu_utilisation,pod=workload-cloud-6f545f89ff-tw4tz,0.01090328739335361
1783676142,cpu_utilisation,pod=workload-cloud-6f545f89ff-tw4tz,0.010957789455839969
1783676152,cpu_utilisation,pod=workload-cloud-6f545f89ff-tw4tz,0.010669298505085452
1783676162,cpu_utilisation,pod=workload-cloud-6f545f89ff-tw4tz,0.011030970345674681
1783676172,cpu_utilisation,pod=workload-cloud-6f545f89ff-tw4tz,0.01107540977239184
1783676182,cpu_utilisation,pod=workload-cloud-6f545f89ff-tw4tz,0.011069615567659046
1783676192,cpu_utilisation,pod=workload-cloud-6f545f89ff-tw4tz,0.011096831454690703
1783676202,cpu_utilisation,pod=workload-cloud-6f545f89ff-tw4tz,0.011344061811200915
1783676212,cpu_utilisation,pod=workload-cloud-6f545f89ff-tw4tz,0.011137982560281654
1783676222,cpu_utilisation,pod=workload-cloud-6f545f89ff-tw4tz,0.011296872955645678
1783676232,cpu_utilisation,pod=workload-cloud-6f545f89ff-tw4tz,0.01170987777429556
1783676242,cpu_utilisation,pod=workload-cloud-6f545f89ff-tw4tz,0.01156672678088367
1783675602,cpu_utilisation,pod=workload-edge-7b875fd8c6-pxwvc,0.026260275272901073
1783675612,cpu_utilisation,pod=workload-edge-7b875fd8c6-pxwvc,0.026054077755028385
1783675622,cpu_utilisation,pod=workload-edge-7b875fd8c6-pxwvc,0.02651514592476528
1783675632,cpu_utilisation,pod=workload-edge-7b875fd8c6-pxwvc,0.02663111484356326
1783675642,cpu_utilisation,pod=workload-edge-7b875fd8c6-pxwvc,0.02657011515817253
1783675652,cpu_utilisation,pod=workload-edge-7b875fd8c6-pxwvc,0.02657011515817253
1783675662,cpu_utilisation,pod=workload-edge-7b875fd8c6-pxwvc,0.022799019722824953
1783675672,cpu_utilisation,pod=workload-edge-7b875fd8c6-pxwvc,0.026550844957663074
1783675682,cpu_utilisation,pod=workload-edge-7b875fd8c6-pxwvc,0.02726739108361463
1783675692,cpu_utilisation,pod=workload-edge-7b875fd8c6-pxwvc,0.02678556910569842
1783675702,cpu_utilisation,pod=workload-edge-7b875fd8c6-pxwvc,0.026349666952452666
1783675712,cpu_utilisation,pod=workload-edge-7b875fd8c6-pxwvc,0.02299013931115443
1783675722,cpu_utilisation,pod=workload-edge-7b875fd8c6-pxwvc,0.026384827810273157
1783675732,cpu_utilisation,pod=workload-edge-7b875fd8c6-pxwvc,0.026107926629539344
1783675742,cpu_utilisation,pod=workload-edge-7b875fd8c6-pxwvc,0.022263882627167914
1783675752,cpu_utilisation,pod=workload-edge-7b875fd8c6-pxwvc,0.02555491701531379
1783675762,cpu_utilisation,pod=workload-edge-7b875fd8c6-pxwvc,0.025804190552504786
1783675772,cpu_utilisation,pod=workload-edge-7b875fd8c6-pxwvc,0.02614253523277962
1783675782,cpu_utilisation,pod=workload-edge-7b875fd8c6-pxwvc,0.02192776611196535
1783675792,cpu_utilisation,pod=workload-edge-7b875fd8c6-pxwvc,0.02664983397897881
1783675802,cpu_utilisation,pod=workload-edge-7b875fd8c6-pxwvc,0.022546647874015367
1783675812,cpu_utilisation,pod=workload-edge-7b875fd8c6-pxwvc,0.026877500204062342
1783675822,cpu_utilisation,pod=workload-edge-7b875fd8c6-pxwvc,0.026797336076682242
1783675832,cpu_utilisation,pod=workload-edge-7b875fd8c6-pxwvc,0.027321898259572968
1783675842,cpu_utilisation,pod=workload-edge-7b875fd8c6-pxwvc,0.027105532691474206
1783675852,cpu_utilisation,pod=workload-edge-7b875fd8c6-pxwvc,0.026777200945888348
1783675862,cpu_utilisation,pod=workload-edge-7b875fd8c6-pxwvc,0.02746900059047086
1783675872,cpu_utilisation,pod=workload-edge-7b875fd8c6-pxwvc,0.02757832516743634
1783675882,cpu_utilisation,pod=workload-edge-7b875fd8c6-pxwvc,0.022647846266788407
1783675892,cpu_utilisation,pod=workload-edge-7b875fd8c6-pxwvc,0.02762943647116047
1783675902,cpu_utilisation,pod=workload-edge-7b875fd8c6-pxwvc,0.02373460907168408
1783675912,cpu_utilisation,pod=workload-edge-7b875fd8c6-pxwvc,0.027298502532470334
1783675922,cpu_utilisation,pod=workload-edge-7b875fd8c6-pxwvc,0.027401131237226595
1783675932,cpu_utilisation,pod=workload-edge-7b875fd8c6-pxwvc,0.027502212193613172
1783675942,cpu_utilisation,pod=workload-edge-7b875fd8c6-pxwvc,0.02703875876588113
1783675952,cpu_utilisation,pod=workload-edge-7b875fd8c6-pxwvc,0.02214408871110293
1783675962,cpu_utilisation,pod=workload-edge-7b875fd8c6-pxwvc,0.02658642526591719
1783675972,cpu_utilisation,pod=workload-edge-7b875fd8c6-pxwvc,0.026530380465673072
1783675982,cpu_utilisation,pod=workload-edge-7b875fd8c6-pxwvc,0.02661956863979678
1783675992,cpu_utilisation,pod=workload-edge-7b875fd8c6-pxwvc,0.026778093470943277
1783676002,cpu_utilisation,pod=workload-edge-7b875fd8c6-pxwvc,0.027360159055144606
1783676012,cpu_utilisation,pod=workload-edge-7b875fd8c6-pxwvc,0.026340803248036188
1783676022,cpu_utilisation,pod=workload-edge-7b875fd8c6-pxwvc,0.026124675324730687
1783676032,cpu_utilisation,pod=workload-edge-7b875fd8c6-pxwvc,0.026560240339792856
1783676042,cpu_utilisation,pod=workload-edge-7b875fd8c6-pxwvc,0.026086321787647897
1783676052,cpu_utilisation,pod=workload-edge-7b875fd8c6-pxwvc,0.02171650057819205
1783676062,cpu_utilisation,pod=workload-edge-7b875fd8c6-pxwvc,0.026962045418418873
1783676072,cpu_utilisation,pod=workload-edge-7b875fd8c6-pxwvc,0.026298960322521485
1783676082,cpu_utilisation,pod=workload-edge-7b875fd8c6-pxwvc,0.02645703220406019
1783676092,cpu_utilisation,pod=workload-edge-7b875fd8c6-pxwvc,0.02636743307788985
1783676102,cpu_utilisation,pod=workload-edge-7b875fd8c6-pxwvc,0.026052398187883023
1783676112,cpu_utilisation,pod=workload-edge-7b875fd8c6-pxwvc,0.026350121469238888
1783676122,cpu_utilisation,pod=workload-edge-7b875fd8c6-pxwvc,0.02658911863682217
1783676132,cpu_utilisation,pod=workload-edge-7b875fd8c6-pxwvc,0.026441031613161813
1783676142,cpu_utilisation,pod=workload-edge-7b875fd8c6-pxwvc,0.026868284501318306
1783676152,cpu_utilisation,pod=workload-edge-7b875fd8c6-pxwvc,0.021165341847666264
1783676162,cpu_utilisation,pod=workload-edge-7b875fd8c6-pxwvc,0.026483725723001207
1783676172,cpu_utilisation,pod=workload-edge-7b875fd8c6-pxwvc,0.02641186462826665
1783676182,cpu_utilisation,pod=workload-edge-7b875fd8c6-pxwvc,0.026015470851972766
1783676192,cpu_utilisation,pod=workload-edge-7b875fd8c6-pxwvc,0.025991050891295317
1783676202,cpu_utilisation,pod=workload-edge-7b875fd8c6-pxwvc,0.026173226732258886
1783676212,cpu_utilisation,pod=workload-edge-7b875fd8c6-pxwvc,0.026173226732258886
1783676222,cpu_utilisation,pod=workload-edge-7b875fd8c6-pxwvc,0.026414669001458124
1783676232,cpu_utilisation,pod=workload-edge-7b875fd8c6-pxwvc,0.022817023925663475
1783676242,cpu_utilisation,pod=workload-edge-7b875fd8c6-pxwvc,0.026797907488991853
1783675832,mem_mib,pod=workload-cloud-6f545f89ff-5ncd2,3.625
1783675842,mem_mib,pod=workload-cloud-6f545f89ff-5ncd2,35.1328125
1783675852,mem_mib,pod=workload-cloud-6f545f89ff-5ncd2,35.1328125
1783675862,mem_mib,pod=workload-cloud-6f545f89ff-5ncd2,35.15234375
1783675872,mem_mib,pod=workload-cloud-6f545f89ff-5ncd2,35.171875
1783675882,mem_mib,pod=workload-cloud-6f545f89ff-5ncd2,35.171875
1783675892,mem_mib,pod=workload-cloud-6f545f89ff-5ncd2,35.171875
1783675902,mem_mib,pod=workload-cloud-6f545f89ff-5ncd2,35.171875
1783675912,mem_mib,pod=workload-cloud-6f545f89ff-5ncd2,35.19921875
1783675922,mem_mib,pod=workload-cloud-6f545f89ff-5ncd2,35.20703125
1783675932,mem_mib,pod=workload-cloud-6f545f89ff-5ncd2,35.20703125
1783675942,mem_mib,pod=workload-cloud-6f545f89ff-5ncd2,35.20703125
1783675952,mem_mib,pod=workload-cloud-6f545f89ff-5ncd2,35.20703125
1783675962,mem_mib,pod=workload-cloud-6f545f89ff-5ncd2,35.2109375
1783675972,mem_mib,pod=workload-cloud-6f545f89ff-5ncd2,35.21875
1783675982,mem_mib,pod=workload-cloud-6f545f89ff-5ncd2,35.21875
1783675992,mem_mib,pod=workload-cloud-6f545f89ff-5ncd2,35.21875
1783676002,mem_mib,pod=workload-cloud-6f545f89ff-5ncd2,35.21875
1783676012,mem_mib,pod=workload-cloud-6f545f89ff-5ncd2,35.2265625
1783676022,mem_mib,pod=workload-cloud-6f545f89ff-5ncd2,35.2265625
1783676032,mem_mib,pod=workload-cloud-6f545f89ff-5ncd2,35.2265625
1783676042,mem_mib,pod=workload-cloud-6f545f89ff-5ncd2,35.2265625
1783676052,mem_mib,pod=workload-cloud-6f545f89ff-5ncd2,35.2265625
1783676062,mem_mib,pod=workload-cloud-6f545f89ff-5ncd2,35.2265625
1783676072,mem_mib,pod=workload-cloud-6f545f89ff-5ncd2,35.23828125
1783676082,mem_mib,pod=workload-cloud-6f545f89ff-5ncd2,35.23828125
1783676092,mem_mib,pod=workload-cloud-6f545f89ff-5ncd2,35.23828125
1783676102,mem_mib,pod=workload-cloud-6f545f89ff-5ncd2,35.2421875
1783676112,mem_mib,pod=workload-cloud-6f545f89ff-5ncd2,35.2421875
1783676122,mem_mib,pod=workload-cloud-6f545f89ff-5ncd2,35.24609375
1783676132,mem_mib,pod=workload-cloud-6f545f89ff-5ncd2,35.24609375
1783676142,mem_mib,pod=workload-cloud-6f545f89ff-5ncd2,35.24609375
1783676152,mem_mib,pod=workload-cloud-6f545f89ff-5ncd2,35.24609375
1783676162,mem_mib,pod=workload-cloud-6f545f89ff-5ncd2,35.24609375
1783676172,mem_mib,pod=workload-cloud-6f545f89ff-5ncd2,35.2578125
1783676182,mem_mib,pod=workload-cloud-6f545f89ff-5ncd2,35.2578125
1783676192,mem_mib,pod=workload-cloud-6f545f89ff-5ncd2,35.2578125
1783676202,mem_mib,pod=workload-cloud-6f545f89ff-5ncd2,35.2578125
1783676212,mem_mib,pod=workload-cloud-6f545f89ff-5ncd2,35.2578125
1783676222,mem_mib,pod=workload-cloud-6f545f89ff-5ncd2,35.50390625
1783676232,mem_mib,pod=workload-cloud-6f545f89ff-5ncd2,35.2578125
1783676242,mem_mib,pod=workload-cloud-6f545f89ff-5ncd2,35.2578125
1783675732,mem_mib,pod=workload-cloud-6f545f89ff-6fgqm,2.828125
1783675742,mem_mib,pod=workload-cloud-6f545f89ff-6fgqm,35.07421875
1783675752,mem_mib,pod=workload-cloud-6f545f89ff-6fgqm,35.140625
1783675762,mem_mib,pod=workload-cloud-6f545f89ff-6fgqm,35.140625
1783675772,mem_mib,pod=workload-cloud-6f545f89ff-6fgqm,35.15625
1783675782,mem_mib,pod=workload-cloud-6f545f89ff-6fgqm,35.69921875
1783675792,mem_mib,pod=workload-cloud-6f545f89ff-6fgqm,36.12109375
1783675802,mem_mib,pod=workload-cloud-6f545f89ff-6fgqm,38.4609375
1783675812,mem_mib,pod=workload-cloud-6f545f89ff-6fgqm,39.19921875
1783675822,mem_mib,pod=workload-cloud-6f545f89ff-6fgqm,39.19921875
1783675832,mem_mib,pod=workload-cloud-6f545f89ff-6fgqm,40.0
1783675842,mem_mib,pod=workload-cloud-6f545f89ff-6fgqm,40.0
1783675852,mem_mib,pod=workload-cloud-6f545f89ff-6fgqm,39.8359375
1783675862,mem_mib,pod=workload-cloud-6f545f89ff-6fgqm,39.859375
1783675872,mem_mib,pod=workload-cloud-6f545f89ff-6fgqm,39.8515625
1783675882,mem_mib,pod=workload-cloud-6f545f89ff-6fgqm,39.8515625
1783675892,mem_mib,pod=workload-cloud-6f545f89ff-6fgqm,39.8828125
1783675902,mem_mib,pod=workload-cloud-6f545f89ff-6fgqm,39.8828125
1783675912,mem_mib,pod=workload-cloud-6f545f89ff-6fgqm,39.90625
1783675922,mem_mib,pod=workload-cloud-6f545f89ff-6fgqm,40.71484375
1783675932,mem_mib,pod=workload-cloud-6f545f89ff-6fgqm,40.0390625
1783675942,mem_mib,pod=workload-cloud-6f545f89ff-6fgqm,40.0390625
1783675952,mem_mib,pod=workload-cloud-6f545f89ff-6fgqm,40.25
1783675962,mem_mib,pod=workload-cloud-6f545f89ff-6fgqm,40.25
1783675972,mem_mib,pod=workload-cloud-6f545f89ff-6fgqm,38.828125
1783675982,mem_mib,pod=workload-cloud-6f545f89ff-6fgqm,38.828125
1783675992,mem_mib,pod=workload-cloud-6f545f89ff-6fgqm,38.3359375
1783676002,mem_mib,pod=workload-cloud-6f545f89ff-6fgqm,38.34765625
1783676012,mem_mib,pod=workload-cloud-6f545f89ff-6fgqm,38.34765625
1783676022,mem_mib,pod=workload-cloud-6f545f89ff-6fgqm,38.59765625
1783676032,mem_mib,pod=workload-cloud-6f545f89ff-6fgqm,38.59765625
1783676042,mem_mib,pod=workload-cloud-6f545f89ff-6fgqm,38.34375
1783676052,mem_mib,pod=workload-cloud-6f545f89ff-6fgqm,38.59375
1783676062,mem_mib,pod=workload-cloud-6f545f89ff-6fgqm,38.59375
1783676072,mem_mib,pod=workload-cloud-6f545f89ff-6fgqm,38.375
1783676082,mem_mib,pod=workload-cloud-6f545f89ff-6fgqm,38.38671875
1783676092,mem_mib,pod=workload-cloud-6f545f89ff-6fgqm,38.38671875
1783676102,mem_mib,pod=workload-cloud-6f545f89ff-6fgqm,38.3515625
1783676112,mem_mib,pod=workload-cloud-6f545f89ff-6fgqm,38.359375
1783676122,mem_mib,pod=workload-cloud-6f545f89ff-6fgqm,38.35546875
1783676132,mem_mib,pod=workload-cloud-6f545f89ff-6fgqm,38.35546875
1783676142,mem_mib,pod=workload-cloud-6f545f89ff-6fgqm,38.3515625
1783676152,mem_mib,pod=workload-cloud-6f545f89ff-6fgqm,38.38671875
1783676162,mem_mib,pod=workload-cloud-6f545f89ff-6fgqm,38.38671875
1783676172,mem_mib,pod=workload-cloud-6f545f89ff-6fgqm,38.3515625
1783676182,mem_mib,pod=workload-cloud-6f545f89ff-6fgqm,38.359375
1783676192,mem_mib,pod=workload-cloud-6f545f89ff-6fgqm,38.359375
1783676202,mem_mib,pod=workload-cloud-6f545f89ff-6fgqm,38.359375
1783676212,mem_mib,pod=workload-cloud-6f545f89ff-6fgqm,38.359375
1783675802,mem_mib,pod=workload-cloud-6f545f89ff-7j28q,3.30859375
1783675812,mem_mib,pod=workload-cloud-6f545f89ff-7j28q,36.09375
1783675822,mem_mib,pod=workload-cloud-6f545f89ff-7j28q,36.83203125
1783675832,mem_mib,pod=workload-cloud-6f545f89ff-7j28q,36.83203125
1783675842,mem_mib,pod=workload-cloud-6f545f89ff-7j28q,37.6171875
1783675852,mem_mib,pod=workload-cloud-6f545f89ff-7j28q,37.6171875
1783675862,mem_mib,pod=workload-cloud-6f545f89ff-7j28q,37.171875
1783675872,mem_mib,pod=workload-cloud-6f545f89ff-7j28q,36.95703125
1783675882,mem_mib,pod=workload-cloud-6f545f89ff-7j28q,36.95703125
1783675892,mem_mib,pod=workload-cloud-6f545f89ff-7j28q,37.0
1783675902,mem_mib,pod=workload-cloud-6f545f89ff-7j28q,37.0
1783675912,mem_mib,pod=workload-cloud-6f545f89ff-7j28q,37.25390625
1783675922,mem_mib,pod=workload-cloud-6f545f89ff-7j28q,37.5078125
1783675932,mem_mib,pod=workload-cloud-6f545f89ff-7j28q,37.5078125
1783675942,mem_mib,pod=workload-cloud-6f545f89ff-7j28q,37.05078125
1783675952,mem_mib,pod=workload-cloud-6f545f89ff-7j28q,36.70703125
1783675962,mem_mib,pod=workload-cloud-6f545f89ff-7j28q,36.70703125
1783675972,mem_mib,pod=workload-cloud-6f545f89ff-7j28q,36.56640625
1783675982,mem_mib,pod=workload-cloud-6f545f89ff-7j28q,36.57421875
1783675992,mem_mib,pod=workload-cloud-6f545f89ff-7j28q,36.57421875
1783676002,mem_mib,pod=workload-cloud-6f545f89ff-7j28q,36.57421875
1783676012,mem_mib,pod=workload-cloud-6f545f89ff-7j28q,36.57421875
1783676022,mem_mib,pod=workload-cloud-6f545f89ff-7j28q,36.57421875
1783676032,mem_mib,pod=workload-cloud-6f545f89ff-7j28q,36.57421875
1783676042,mem_mib,pod=workload-cloud-6f545f89ff-7j28q,36.57421875
1783676052,mem_mib,pod=workload-cloud-6f545f89ff-7j28q,36.57421875
1783676062,mem_mib,pod=workload-cloud-6f545f89ff-7j28q,36.57421875
1783676072,mem_mib,pod=workload-cloud-6f545f89ff-7j28q,36.57421875
1783676082,mem_mib,pod=workload-cloud-6f545f89ff-7j28q,36.57421875
1783676092,mem_mib,pod=workload-cloud-6f545f89ff-7j28q,36.57421875
1783676102,mem_mib,pod=workload-cloud-6f545f89ff-7j28q,36.57421875
1783676112,mem_mib,pod=workload-cloud-6f545f89ff-7j28q,36.57421875
1783676122,mem_mib,pod=workload-cloud-6f545f89ff-7j28q,36.57421875
1783676132,mem_mib,pod=workload-cloud-6f545f89ff-7j28q,36.57421875
1783676142,mem_mib,pod=workload-cloud-6f545f89ff-7j28q,36.57421875
1783676152,mem_mib,pod=workload-cloud-6f545f89ff-7j28q,36.57421875
1783676162,mem_mib,pod=workload-cloud-6f545f89ff-7j28q,36.57421875
1783676172,mem_mib,pod=workload-cloud-6f545f89ff-7j28q,36.57421875
1783676182,mem_mib,pod=workload-cloud-6f545f89ff-7j28q,36.57421875
1783676192,mem_mib,pod=workload-cloud-6f545f89ff-7j28q,36.57421875
1783676202,mem_mib,pod=workload-cloud-6f545f89ff-7j28q,36.57421875
1783676212,mem_mib,pod=workload-cloud-6f545f89ff-7j28q,36.57421875
1783676222,mem_mib,pod=workload-cloud-6f545f89ff-7j28q,36.57421875
1783676232,mem_mib,pod=workload-cloud-6f545f89ff-7j28q,36.57421875
1783676242,mem_mib,pod=workload-cloud-6f545f89ff-7j28q,36.57421875
1783675892,mem_mib,pod=workload-cloud-6f545f89ff-cbn8s,3.30078125
1783675902,mem_mib,pod=workload-cloud-6f545f89ff-cbn8s,3.30078125
1783675912,mem_mib,pod=workload-cloud-6f545f89ff-cbn8s,35.1328125
1783675922,mem_mib,pod=workload-cloud-6f545f89ff-cbn8s,35.16015625
1783675932,mem_mib,pod=workload-cloud-6f545f89ff-cbn8s,35.16015625
1783675942,mem_mib,pod=workload-cloud-6f545f89ff-cbn8s,35.16796875
1783675952,mem_mib,pod=workload-cloud-6f545f89ff-cbn8s,35.16796875
1783675962,mem_mib,pod=workload-cloud-6f545f89ff-cbn8s,35.17578125
1783675972,mem_mib,pod=workload-cloud-6f545f89ff-cbn8s,35.1953125
1783675982,mem_mib,pod=workload-cloud-6f545f89ff-cbn8s,35.1953125
1783675992,mem_mib,pod=workload-cloud-6f545f89ff-cbn8s,35.1953125
1783676002,mem_mib,pod=workload-cloud-6f545f89ff-cbn8s,35.1953125
1783676012,mem_mib,pod=workload-cloud-6f545f89ff-cbn8s,35.19921875
1783676022,mem_mib,pod=workload-cloud-6f545f89ff-cbn8s,35.19921875
1783676032,mem_mib,pod=workload-cloud-6f545f89ff-cbn8s,35.2109375
1783676042,mem_mib,pod=workload-cloud-6f545f89ff-cbn8s,35.2109375
1783676052,mem_mib,pod=workload-cloud-6f545f89ff-cbn8s,35.2109375
1783676062,mem_mib,pod=workload-cloud-6f545f89ff-cbn8s,35.21484375
1783676072,mem_mib,pod=workload-cloud-6f545f89ff-cbn8s,35.21484375
1783676082,mem_mib,pod=workload-cloud-6f545f89ff-cbn8s,35.22265625
1783676092,mem_mib,pod=workload-cloud-6f545f89ff-cbn8s,35.22265625
1783676102,mem_mib,pod=workload-cloud-6f545f89ff-cbn8s,35.22265625
1783676112,mem_mib,pod=workload-cloud-6f545f89ff-cbn8s,35.2265625
1783676122,mem_mib,pod=workload-cloud-6f545f89ff-cbn8s,35.2265625
1783676132,mem_mib,pod=workload-cloud-6f545f89ff-cbn8s,35.2421875
1783676142,mem_mib,pod=workload-cloud-6f545f89ff-cbn8s,35.2421875
1783676152,mem_mib,pod=workload-cloud-6f545f89ff-cbn8s,35.2421875
1783675602,mem_mib,pod=workload-cloud-6f545f89ff-r28zz,40.46484375
1783675612,mem_mib,pod=workload-cloud-6f545f89ff-r28zz,40.47265625
1783675622,mem_mib,pod=workload-cloud-6f545f89ff-r28zz,40.75390625
1783675632,mem_mib,pod=workload-cloud-6f545f89ff-r28zz,40.75390625
1783675642,mem_mib,pod=workload-cloud-6f545f89ff-r28zz,40.75390625
1783675652,mem_mib,pod=workload-cloud-6f545f89ff-r28zz,41.0390625
1783675662,mem_mib,pod=workload-cloud-6f545f89ff-r28zz,40.83984375
1783675672,mem_mib,pod=workload-cloud-6f545f89ff-r28zz,40.83984375
1783675682,mem_mib,pod=workload-cloud-6f545f89ff-r28zz,41.23828125
1783675692,mem_mib,pod=workload-cloud-6f545f89ff-r28zz,40.98828125
1783675702,mem_mib,pod=workload-cloud-6f545f89ff-r28zz,40.98828125
1783675712,mem_mib,pod=workload-cloud-6f545f89ff-r28zz,41.14453125
1783675722,mem_mib,pod=workload-cloud-6f545f89ff-r28zz,40.953125
1783675732,mem_mib,pod=workload-cloud-6f545f89ff-r28zz,40.953125
1783675742,mem_mib,pod=workload-cloud-6f545f89ff-r28zz,42.05078125
1783675752,mem_mib,pod=workload-cloud-6f545f89ff-r28zz,42.33203125
1783675762,mem_mib,pod=workload-cloud-6f545f89ff-r28zz,42.33203125
1783675772,mem_mib,pod=workload-cloud-6f545f89ff-r28zz,41.19140625
1783675782,mem_mib,pod=workload-cloud-6f545f89ff-r28zz,42.27734375
1783675792,mem_mib,pod=workload-cloud-6f545f89ff-r28zz,42.84765625
1783675802,mem_mib,pod=workload-cloud-6f545f89ff-r28zz,42.25390625
1783675812,mem_mib,pod=workload-cloud-6f545f89ff-r28zz,42.25390625
1783675822,mem_mib,pod=workload-cloud-6f545f89ff-r28zz,42.2890625
1783675832,mem_mib,pod=workload-cloud-6f545f89ff-r28zz,42.2890625
1783675842,mem_mib,pod=workload-cloud-6f545f89ff-r28zz,42.296875
1783675852,mem_mib,pod=workload-cloud-6f545f89ff-r28zz,42.52734375
1783675862,mem_mib,pod=workload-cloud-6f545f89ff-r28zz,42.52734375
1783675872,mem_mib,pod=workload-cloud-6f545f89ff-r28zz,42.41796875
1783675882,mem_mib,pod=workload-cloud-6f545f89ff-r28zz,42.67578125
1783675892,mem_mib,pod=workload-cloud-6f545f89ff-r28zz,42.359375
1783675902,mem_mib,pod=workload-cloud-6f545f89ff-r28zz,42.359375
1783675912,mem_mib,pod=workload-cloud-6f545f89ff-r28zz,42.359375
1783675922,mem_mib,pod=workload-cloud-6f545f89ff-r28zz,42.41796875
1783675932,mem_mib,pod=workload-cloud-6f545f89ff-r28zz,42.41796875
1783675942,mem_mib,pod=workload-cloud-6f545f89ff-r28zz,42.9296875
1783675952,mem_mib,pod=workload-cloud-6f545f89ff-r28zz,42.40234375
1783675962,mem_mib,pod=workload-cloud-6f545f89ff-r28zz,42.40234375
1783675972,mem_mib,pod=workload-cloud-6f545f89ff-r28zz,43.15234375
1783675982,mem_mib,pod=workload-cloud-6f545f89ff-r28zz,42.69921875
1783675992,mem_mib,pod=workload-cloud-6f545f89ff-r28zz,41.39453125
1783676002,mem_mib,pod=workload-cloud-6f545f89ff-r28zz,41.39453125
1783676012,mem_mib,pod=workload-cloud-6f545f89ff-r28zz,41.375
1783676022,mem_mib,pod=workload-cloud-6f545f89ff-r28zz,41.38671875
1783676032,mem_mib,pod=workload-cloud-6f545f89ff-r28zz,41.8984375
1783676042,mem_mib,pod=workload-cloud-6f545f89ff-r28zz,41.8984375
1783676052,mem_mib,pod=workload-cloud-6f545f89ff-r28zz,41.62890625
1783676062,mem_mib,pod=workload-cloud-6f545f89ff-r28zz,41.64453125
1783676072,mem_mib,pod=workload-cloud-6f545f89ff-r28zz,42.12890625
1783676082,mem_mib,pod=workload-cloud-6f545f89ff-r28zz,42.68359375
1783676092,mem_mib,pod=workload-cloud-6f545f89ff-r28zz,42.68359375
1783676102,mem_mib,pod=workload-cloud-6f545f89ff-r28zz,42.37109375
1783676112,mem_mib,pod=workload-cloud-6f545f89ff-r28zz,41.3828125
1783676122,mem_mib,pod=workload-cloud-6f545f89ff-r28zz,41.62890625
1783676132,mem_mib,pod=workload-cloud-6f545f89ff-r28zz,41.62890625
1783676142,mem_mib,pod=workload-cloud-6f545f89ff-r28zz,41.65234375
1783676152,mem_mib,pod=workload-cloud-6f545f89ff-r28zz,41.84765625
1783676162,mem_mib,pod=workload-cloud-6f545f89ff-r28zz,41.84765625
1783676172,mem_mib,pod=workload-cloud-6f545f89ff-r28zz,41.39453125
1783676182,mem_mib,pod=workload-cloud-6f545f89ff-r28zz,41.39453125
1783676192,mem_mib,pod=workload-cloud-6f545f89ff-r28zz,40.4921875
1783676202,mem_mib,pod=workload-cloud-6f545f89ff-r28zz,40.4921875
1783676212,mem_mib,pod=workload-cloud-6f545f89ff-r28zz,40.4921875
1783676222,mem_mib,pod=workload-cloud-6f545f89ff-r28zz,40.4921875
1783676232,mem_mib,pod=workload-cloud-6f545f89ff-r28zz,40.4921875
1783676242,mem_mib,pod=workload-cloud-6f545f89ff-r28zz,40.4921875
1783675862,mem_mib,pod=workload-cloud-6f545f89ff-tw4tz,3.05859375
1783675872,mem_mib,pod=workload-cloud-6f545f89ff-tw4tz,3.05859375
1783675882,mem_mib,pod=workload-cloud-6f545f89ff-tw4tz,35.14453125
1783675892,mem_mib,pod=workload-cloud-6f545f89ff-tw4tz,35.17578125
1783675902,mem_mib,pod=workload-cloud-6f545f89ff-tw4tz,35.17578125
1783675912,mem_mib,pod=workload-cloud-6f545f89ff-tw4tz,35.1796875
1783675922,mem_mib,pod=workload-cloud-6f545f89ff-tw4tz,35.1796875
1783675932,mem_mib,pod=workload-cloud-6f545f89ff-tw4tz,35.1796875
1783675942,mem_mib,pod=workload-cloud-6f545f89ff-tw4tz,35.1953125
1783675952,mem_mib,pod=workload-cloud-6f545f89ff-tw4tz,35.203125
1783675962,mem_mib,pod=workload-cloud-6f545f89ff-tw4tz,35.203125
1783675972,mem_mib,pod=workload-cloud-6f545f89ff-tw4tz,35.203125
1783675982,mem_mib,pod=workload-cloud-6f545f89ff-tw4tz,35.203125
1783675992,mem_mib,pod=workload-cloud-6f545f89ff-tw4tz,35.21875
1783676002,mem_mib,pod=workload-cloud-6f545f89ff-tw4tz,35.21875
1783676012,mem_mib,pod=workload-cloud-6f545f89ff-tw4tz,35.21875
1783676022,mem_mib,pod=workload-cloud-6f545f89ff-tw4tz,35.21875
1783676032,mem_mib,pod=workload-cloud-6f545f89ff-tw4tz,35.22265625
1783676042,mem_mib,pod=workload-cloud-6f545f89ff-tw4tz,35.22265625
1783676052,mem_mib,pod=workload-cloud-6f545f89ff-tw4tz,35.234375
1783676062,mem_mib,pod=workload-cloud-6f545f89ff-tw4tz,35.234375
1783676072,mem_mib,pod=workload-cloud-6f545f89ff-tw4tz,35.234375
1783676082,mem_mib,pod=workload-cloud-6f545f89ff-tw4tz,35.234375
1783676092,mem_mib,pod=workload-cloud-6f545f89ff-tw4tz,35.2421875
1783676102,mem_mib,pod=workload-cloud-6f545f89ff-tw4tz,35.2421875
1783676112,mem_mib,pod=workload-cloud-6f545f89ff-tw4tz,35.24609375
1783676122,mem_mib,pod=workload-cloud-6f545f89ff-tw4tz,35.24609375
1783676132,mem_mib,pod=workload-cloud-6f545f89ff-tw4tz,35.24609375
1783676142,mem_mib,pod=workload-cloud-6f545f89ff-tw4tz,35.25
1783676152,mem_mib,pod=workload-cloud-6f545f89ff-tw4tz,35.25390625
1783676162,mem_mib,pod=workload-cloud-6f545f89ff-tw4tz,35.25390625
1783676172,mem_mib,pod=workload-cloud-6f545f89ff-tw4tz,35.25390625
1783676182,mem_mib,pod=workload-cloud-6f545f89ff-tw4tz,35.25390625
1783676192,mem_mib,pod=workload-cloud-6f545f89ff-tw4tz,35.26171875
1783676202,mem_mib,pod=workload-cloud-6f545f89ff-tw4tz,35.26171875
1783676212,mem_mib,pod=workload-cloud-6f545f89ff-tw4tz,35.26953125
1783676222,mem_mib,pod=workload-cloud-6f545f89ff-tw4tz,35.26953125
1783676232,mem_mib,pod=workload-cloud-6f545f89ff-tw4tz,35.26171875
1783676242,mem_mib,pod=workload-cloud-6f545f89ff-tw4tz,35.26171875
1783675602,mem_mib,pod=workload-edge-7b875fd8c6-pxwvc,39.26171875
1783675612,mem_mib,pod=workload-edge-7b875fd8c6-pxwvc,39.26171875
1783675622,mem_mib,pod=workload-edge-7b875fd8c6-pxwvc,39.26171875
1783675632,mem_mib,pod=workload-edge-7b875fd8c6-pxwvc,39.26171875
1783675642,mem_mib,pod=workload-edge-7b875fd8c6-pxwvc,39.265625
1783675652,mem_mib,pod=workload-edge-7b875fd8c6-pxwvc,39.265625
1783675662,mem_mib,pod=workload-edge-7b875fd8c6-pxwvc,39.26171875
1783675672,mem_mib,pod=workload-edge-7b875fd8c6-pxwvc,39.26171875
1783675682,mem_mib,pod=workload-edge-7b875fd8c6-pxwvc,39.26171875
1783675692,mem_mib,pod=workload-edge-7b875fd8c6-pxwvc,39.26171875
1783675702,mem_mib,pod=workload-edge-7b875fd8c6-pxwvc,39.26171875
1783675712,mem_mib,pod=workload-edge-7b875fd8c6-pxwvc,39.26171875
1783675722,mem_mib,pod=workload-edge-7b875fd8c6-pxwvc,39.26171875
1783675732,mem_mib,pod=workload-edge-7b875fd8c6-pxwvc,39.26171875
1783675742,mem_mib,pod=workload-edge-7b875fd8c6-pxwvc,39.26171875
1783675752,mem_mib,pod=workload-edge-7b875fd8c6-pxwvc,39.51171875
1783675762,mem_mib,pod=workload-edge-7b875fd8c6-pxwvc,39.26171875
1783675772,mem_mib,pod=workload-edge-7b875fd8c6-pxwvc,39.265625
1783675782,mem_mib,pod=workload-edge-7b875fd8c6-pxwvc,39.265625
1783675792,mem_mib,pod=workload-edge-7b875fd8c6-pxwvc,39.26171875
1783675802,mem_mib,pod=workload-edge-7b875fd8c6-pxwvc,39.26171875
1783675812,mem_mib,pod=workload-edge-7b875fd8c6-pxwvc,39.26171875
1783675822,mem_mib,pod=workload-edge-7b875fd8c6-pxwvc,39.26171875
1783675832,mem_mib,pod=workload-edge-7b875fd8c6-pxwvc,39.26171875
1783675842,mem_mib,pod=workload-edge-7b875fd8c6-pxwvc,39.26171875
1783675852,mem_mib,pod=workload-edge-7b875fd8c6-pxwvc,39.26171875
1783675862,mem_mib,pod=workload-edge-7b875fd8c6-pxwvc,39.26171875
1783675872,mem_mib,pod=workload-edge-7b875fd8c6-pxwvc,39.26171875
1783675882,mem_mib,pod=workload-edge-7b875fd8c6-pxwvc,39.26171875
1783675892,mem_mib,pod=workload-edge-7b875fd8c6-pxwvc,39.26171875
1783675902,mem_mib,pod=workload-edge-7b875fd8c6-pxwvc,39.26171875
1783675912,mem_mib,pod=workload-edge-7b875fd8c6-pxwvc,39.26171875
1783675922,mem_mib,pod=workload-edge-7b875fd8c6-pxwvc,39.26171875
1783675932,mem_mib,pod=workload-edge-7b875fd8c6-pxwvc,39.26171875
1783675942,mem_mib,pod=workload-edge-7b875fd8c6-pxwvc,39.26171875
1783675952,mem_mib,pod=workload-edge-7b875fd8c6-pxwvc,39.26171875
1783675962,mem_mib,pod=workload-edge-7b875fd8c6-pxwvc,39.26171875
1783675972,mem_mib,pod=workload-edge-7b875fd8c6-pxwvc,39.26171875
1783675982,mem_mib,pod=workload-edge-7b875fd8c6-pxwvc,39.26171875
1783675992,mem_mib,pod=workload-edge-7b875fd8c6-pxwvc,39.26171875
1783676002,mem_mib,pod=workload-edge-7b875fd8c6-pxwvc,39.26171875
1783676012,mem_mib,pod=workload-edge-7b875fd8c6-pxwvc,39.26171875
1783676022,mem_mib,pod=workload-edge-7b875fd8c6-pxwvc,39.26171875
1783676032,mem_mib,pod=workload-edge-7b875fd8c6-pxwvc,39.26171875
1783676042,mem_mib,pod=workload-edge-7b875fd8c6-pxwvc,39.26171875
1783676052,mem_mib,pod=workload-edge-7b875fd8c6-pxwvc,39.26171875
1783676062,mem_mib,pod=workload-edge-7b875fd8c6-pxwvc,39.26171875
1783676072,mem_mib,pod=workload-edge-7b875fd8c6-pxwvc,39.26171875
1783676082,mem_mib,pod=workload-edge-7b875fd8c6-pxwvc,39.26171875
1783676092,mem_mib,pod=workload-edge-7b875fd8c6-pxwvc,39.26171875
1783676102,mem_mib,pod=workload-edge-7b875fd8c6-pxwvc,39.26171875
1783676112,mem_mib,pod=workload-edge-7b875fd8c6-pxwvc,39.265625
1783676122,mem_mib,pod=workload-edge-7b875fd8c6-pxwvc,39.26171875
1783676132,mem_mib,pod=workload-edge-7b875fd8c6-pxwvc,39.26171875
1783676142,mem_mib,pod=workload-edge-7b875fd8c6-pxwvc,39.26171875
1783676152,mem_mib,pod=workload-edge-7b875fd8c6-pxwvc,39.26171875
1783676162,mem_mib,pod=workload-edge-7b875fd8c6-pxwvc,39.26171875
1783676172,mem_mib,pod=workload-edge-7b875fd8c6-pxwvc,39.26171875
1783676182,mem_mib,pod=workload-edge-7b875fd8c6-pxwvc,39.26171875
1783676192,mem_mib,pod=workload-edge-7b875fd8c6-pxwvc,39.26171875
1783676202,mem_mib,pod=workload-edge-7b875fd8c6-pxwvc,39.26171875
1783676212,mem_mib,pod=workload-edge-7b875fd8c6-pxwvc,39.26171875
1783676222,mem_mib,pod=workload-edge-7b875fd8c6-pxwvc,39.26171875
1783676232,mem_mib,pod=workload-edge-7b875fd8c6-pxwvc,39.26171875
1783676242,mem_mib,pod=workload-edge-7b875fd8c6-pxwvc,39.51171875
1783675602,rps,tier=cloud,0.0
1783675612,rps,tier=cloud,0.6800668065846509
1783675622,rps,tier=cloud,5.380472842067789
1783675632,rps,tier=cloud,14.120722838394105
1783675642,rps,tier=cloud,26.80189813709008
1783675652,rps,tier=cloud,43.323005012751366
1783675662,rps,tier=cloud,63.08312616121662
1783675672,rps,tier=cloud,82.8674850843753
1783675682,rps,tier=cloud,100.9880790463237
1783675692,rps,tier=cloud,119.02592550688848
1783675702,rps,tier=cloud,137.05235832808017
1783675712,rps,tier=cloud,153.43227458196654
1783675722,rps,tier=cloud,168.50840443602345
1783675732,rps,tier=cloud,184.53476278102247
1783675742,rps,tier=cloud,199.31791843077417
1783675752,rps,tier=cloud,215.65081056349442
1783675762,rps,tier=cloud,229.95839667173374
1783675772,rps,tier=cloud,244.5195615649252
1783675782,rps,tier=cloud,258.5503420136805
1783675792,rps,tier=cloud,278.82708401821617
1783675802,rps,tier=cloud,346.8454642898636
1783675812,rps,tier=cloud,449.5896590815105
1783675822,rps,tier=cloud,634.6176372217004
1783675832,rps,tier=cloud,799.23414571987
1783675842,rps,tier=cloud,964.7511316236097
1783675852,rps,tier=cloud,1097.106473947004
1783675862,rps,tier=cloud,1178.7010616434998
1783675872,rps,tier=cloud,1202.1280851234048
1783675882,rps,tier=cloud,1201.7478488389233
1783675892,rps,tier=cloud,1208.7475719979907
1783675902,rps,tier=cloud,1210.2388065760845
1783675912,rps,tier=cloud,1211.0654914163017
1783675922,rps,tier=cloud,1212.4600981774895
1783675932,rps,tier=cloud,1217.688771380125
1783675942,rps,tier=cloud,1208.3660354955152
1783675952,rps,tier=cloud,1164.8940042792426
1783675962,rps,tier=cloud,1070.6898155635565
1783675972,rps,tier=cloud,913.6924918586274
1783675982,rps,tier=cloud,731.8355120632012
1783675992,rps,tier=cloud,560.4067798038941
1783676002,rps,tier=cloud,427.8718028357041
1783676012,rps,tier=cloud,340.28797111249645
1783676022,rps,tier=cloud,313.8094107135953
1783676032,rps,tier=cloud,313.74785211107763
1783676042,rps,tier=cloud,313.0279785319119
1783676052,rps,tier=cloud,312.85857950709016
1783676062,rps,tier=cloud,312.79089545885546
1783676072,rps,tier=cloud,311.867872922183
1783676082,rps,tier=cloud,312.7727025195975
1783676092,rps,tier=cloud,313.4280117346882
1783676102,rps,tier=cloud,314.16513321065685
1783676112,rps,tier=cloud,315.15260610424417
1783676122,rps,tier=cloud,319.3857428786322
1783676132,rps,tier=cloud,319.64876542058556
1783676142,rps,tier=cloud,320.83321735173547
1783676152,rps,tier=cloud,319.4255540443235
1783676162,rps,tier=cloud,308.4848380029618
1783676172,rps,tier=cloud,274.7709908396336
1783676182,rps,tier=cloud,221.41558351889785
1783676192,rps,tier=cloud,157.33258660692857
1783676202,rps,tier=cloud,95.70383415372616
1783676212,rps,tier=cloud,43.003808341471
1783676222,rps,tier=cloud,10.460974091648705
1783676232,rps,tier=cloud,0.0
1783676242,rps,tier=cloud,0.0
1783675602,rps,tier=edge,0.0
1783675612,rps,tier=edge,0.0
1783675622,rps,tier=edge,0.0
1783675632,rps,tier=edge,0.0
1783675642,rps,tier=edge,0.0
1783675652,rps,tier=edge,0.0
1783675662,rps,tier=edge,0.0
1783675672,rps,tier=edge,0.0
1783675682,rps,tier=edge,0.0
1783675692,rps,tier=edge,0.0
1783675702,rps,tier=edge,0.0
1783675712,rps,tier=edge,0.0
1783675722,rps,tier=edge,0.0
1783675732,rps,tier=edge,0.0
1783675742,rps,tier=edge,0.0
1783675752,rps,tier=edge,0.0
1783675762,rps,tier=edge,0.0
1783675772,rps,tier=edge,0.0
1783675782,rps,tier=edge,0.0
1783675792,rps,tier=edge,0.0
1783675802,rps,tier=edge,0.0
1783675812,rps,tier=edge,0.0
1783675822,rps,tier=edge,0.0
1783675832,rps,tier=edge,0.0
1783675842,rps,tier=edge,0.0
1783675852,rps,tier=edge,0.0
1783675862,rps,tier=edge,0.0
1783675872,rps,tier=edge,0.0
1783675882,rps,tier=edge,0.0
1783675892,rps,tier=edge,0.0
1783675902,rps,tier=edge,0.0
1783675912,rps,tier=edge,0.0
1783675922,rps,tier=edge,0.0
1783675932,rps,tier=edge,0.0
1783675942,rps,tier=edge,0.0
1783675952,rps,tier=edge,0.0
1783675962,rps,tier=edge,0.0
1783675972,rps,tier=edge,0.0
1783675982,rps,tier=edge,0.0
1783675992,rps,tier=edge,0.0
1783676002,rps,tier=edge,0.0
1783676012,rps,tier=edge,0.0
1783676022,rps,tier=edge,0.0
1783676032,rps,tier=edge,0.0
1783676042,rps,tier=edge,0.0
1783676052,rps,tier=edge,0.0
1783676062,rps,tier=edge,0.0
1783676072,rps,tier=edge,0.0
1783676082,rps,tier=edge,0.0
1783676092,rps,tier=edge,0.0
1783676102,rps,tier=edge,0.0
1783676112,rps,tier=edge,0.0
1783676122,rps,tier=edge,0.0
1783676132,rps,tier=edge,0.0
1783676142,rps,tier=edge,0.0
1783676152,rps,tier=edge,0.0
1783676162,rps,tier=edge,0.0
1783676172,rps,tier=edge,0.0
1783676182,rps,tier=edge,0.0
1783676192,rps,tier=edge,0.0
1783676202,rps,tier=edge,0.0
1783676212,rps,tier=edge,0.0
1783676222,rps,tier=edge,0.0
1783676232,rps,tier=edge,0.0
1783676242,rps,tier=edge,0.0
1783675602,lat50_ms,tier=cloud,4.579595625127966
1783675612,lat50_ms,tier=cloud,3.534482524394203
1783675622,lat50_ms,tier=cloud,3.4773584684276666
1783675632,lat50_ms,tier=cloud,3.363214929483777
1783675642,lat50_ms,tier=cloud,3.449409845385396
1783675652,lat50_ms,tier=cloud,3.561889250814332
1783675662,lat50_ms,tier=cloud,3.7004388126965364
1783675672,lat50_ms,tier=cloud,3.7593037214885956
1783675682,lat50_ms,tier=cloud,4.13018971679956
1783675692,lat50_ms,tier=cloud,4.440771825236779
1783675702,lat50_ms,tier=cloud,4.706657877389586
1783675712,lat50_ms,tier=cloud,5.255968169761275
1783675722,lat50_ms,tier=cloud,7.01673085884093
1783675732,lat50_ms,tier=cloud,8.793674427485628
1783675742,lat50_ms,tier=cloud,10.620992635018736
1783675752,lat50_ms,tier=cloud,11.406991799741045
1783675762,lat50_ms,tier=cloud,12.926199541854833
1783675772,lat50_ms,tier=cloud,14.355025214151905
1783675782,lat50_ms,tier=cloud,15.918153846153846
1783675792,lat50_ms,tier=cloud,16.901788514812242
1783675802,lat50_ms,tier=cloud,18.653850210744817
1783675812,lat50_ms,tier=cloud,25.044849507010415
1783675822,lat50_ms,tier=cloud,30.084518706285582
1783675832,lat50_ms,tier=cloud,35.0024941342875
1783675842,lat50_ms,tier=cloud,39.67688057316922
1783675852,lat50_ms,tier=cloud,43.28079391562492
1783675862,lat50_ms,tier=cloud,45.84492881956358
1783675872,lat50_ms,tier=cloud,48.23296563356599
1783675882,lat50_ms,tier=cloud,50.612584293618724
1783675892,lat50_ms,tier=cloud,52.15747220423498
1783675902,lat50_ms,tier=cloud,53.69570399806619
1783675912,lat50_ms,tier=cloud,55.633452596352626
1783675922,lat50_ms,tier=cloud,56.136443873115375
1783675932,lat50_ms,tier=cloud,56.187611392040864
1783675942,lat50_ms,tier=cloud,56.13334696231569
1783675952,lat50_ms,tier=cloud,55.67616124184103
1783675962,lat50_ms,tier=cloud,54.11595856455134
1783675972,lat50_ms,tier=cloud,52.72282501168887
1783675982,lat50_ms,tier=cloud,51.36350805253462
1783675992,lat50_ms,tier=cloud,49.22233279376815
1783676002,lat50_ms,tier=cloud,46.796199416413764
1783676012,lat50_ms,tier=cloud,43.77026134949165
1783676022,lat50_ms,tier=cloud,40.8083773351804
1783676032,lat50_ms,tier=cloud,38.034318913888974
1783676042,lat50_ms,tier=cloud,34.850384959755246
1783676052,lat50_ms,tier=cloud,31.532143683727302
1783676062,lat50_ms,tier=cloud,28.842396435153358
1783676072,lat50_ms,tier=cloud,27.677178377587595
1783676082,lat50_ms,tier=cloud,27.702932334103092
1783676092,lat50_ms,tier=cloud,27.72698228048575
1783676102,lat50_ms,tier=cloud,27.64635085082684
1783676112,lat50_ms,tier=cloud,27.252072508285963
1783676122,lat50_ms,tier=cloud,26.108185426154343
1783676132,lat50_ms,tier=cloud,25.94751629245921
1783676142,lat50_ms,tier=cloud,25.61356342941465
1783676152,lat50_ms,tier=cloud,25.736004538190663
1783676162,lat50_ms,tier=cloud,24.846238286385038
1783676172,lat50_ms,tier=cloud,23.318345323741003
1783676182,lat50_ms,tier=cloud,22.09368553665944
1783676192,lat50_ms,tier=cloud,21.844000743787365
1783676202,lat50_ms,tier=cloud,21.02696814564162
1783676212,lat50_ms,tier=cloud,20.116777052126416
1783676222,lat50_ms,tier=cloud,19.354061576055994
1783676232,lat50_ms,tier=cloud,20.97373721704828
1783676242,lat50_ms,tier=cloud,19.46803998188413
1783675602,lat95_ms,tier=cloud,9.9584659730137
1783675612,lat95_ms,tier=cloud,4.99310247623594
1783675622,lat95_ms,tier=cloud,4.847735846842767
1783675632,lat95_ms,tier=cloud,4.836321492948378
1783675642,lat95_ms,tier=cloud,4.974704962938012
1783675652,lat95_ms,tier=cloud,7.292499999999987
1783675662,lat95_ms,tier=cloud,8.661764800258105
1783675672,lat95_ms,tier=cloud,8.84917617237009
1783675682,lat95_ms,tier=cloud,16.116197183098592
1783675692,lat95_ms,tier=cloud,17.598433497140345
1783675702,lat95_ms,tier=cloud,18.15421372719375
1783675712,lat95_ms,tier=cloud,19.082527118147176
1783675722,lat95_ms,tier=cloud,19.852966060237723
1783675732,lat95_ms,tier=cloud,32.664577447772956
1783675742,lat95_ms,tier=cloud,39.74782964380983
1783675752,lat95_ms,tier=cloud,41.49831132944428
1783675762,lat95_ms,tier=cloud,43.87466865968093
1783675772,lat95_ms,tier=cloud,45.13236627709274
1783675782,lat95_ms,tier=cloud,45.93061346039309
1783675792,lat95_ms,tier=cloud,46.39600347547053
1783675802,lat95_ms,tier=cloud,47.528841277519135
1783675812,lat95_ms,tier=cloud,65.74588527542555
1783675822,lat95_ms,tier=cloud,81.85844640996571
1783675832,lat95_ms,tier=cloud,90.7704735371047
1783675842,lat95_ms,tier=cloud,93.79887006683715
1783675852,lat95_ms,tier=cloud,95.8244495275983
1783675862,lat95_ms,tier=cloud,96.67630303584872
1783675872,lat95_ms,tier=cloud,96.984990615623
1783675882,lat95_ms,tier=cloud,97.5217401536652
1783675892,lat95_ms,tier=cloud,97.89990549452598
1783675902,lat95_ms,tier=cloud,98.27341809849294
1783675912,lat95_ms,tier=cloud,98.48025859139858
1783675922,lat95_ms,tier=cloud,98.67531027853616
1783675932,lat95_ms,tier=cloud,98.79678531789968
1783675942,lat95_ms,tier=cloud,98.68633137941937
1783675952,lat95_ms,tier=cloud,98.46971474591317
1783675962,lat95_ms,tier=cloud,97.8109623669309
1783675972,lat95_ms,tier=cloud,97.43097317855155
1783675982,lat95_ms,tier=cloud,97.25160706086422
1783675992,lat95_ms,tier=cloud,96.678803882735
1783676002,lat95_ms,tier=cloud,95.93168646390342
1783676012,lat95_ms,tier=cloud,94.69204776309768
1783676022,lat95_ms,tier=cloud,93.35816840530306
1783676032,lat95_ms,tier=cloud,91.33944944077368
1783676042,lat95_ms,tier=cloud,86.8575277639819
1783676052,lat95_ms,tier=cloud,72.79165327306968
1783676062,lat95_ms,tier=cloud,52.577685200281515
1783676072,lat95_ms,tier=cloud,48.04220531170616
1783676082,lat95_ms,tier=cloud,47.97263735784933
1783676092,lat95_ms,tier=cloud,47.989027531670835
1783676102,lat95_ms,tier=cloud,48.00560104885904
1783676112,lat95_ms,tier=cloud,47.96514326789071
1783676122,lat95_ms,tier=cloud,47.85138655041162
1783676132,lat95_ms,tier=cloud,47.83407982540537
1783676142,lat95_ms,tier=cloud,47.8022115843631
1783676152,lat95_ms,tier=cloud,47.768646893530736
1783676162,lat95_ms,tier=cloud,47.67622643064916
1783676172,lat95_ms,tier=cloud,47.456916285153696
1783676182,lat95_ms,tier=cloud,47.34294925867522
1783676192,lat95_ms,tier=cloud,47.30865919159511
1783676202,lat95_ms,tier=cloud,47.17707697985343
1783676212,lat95_ms,tier=cloud,47.048009887175375
1783676222,lat95_ms,tier=cloud,46.963653770452986
1783676232,lat95_ms,tier=cloud,47.141419406052194
1783676242,lat95_ms,tier=cloud,46.92905889734655
1783675602,lat99_ms,tier=cloud,17.86631235063785
1783675612,lat99_ms,tier=cloud,8.95554898936176
1783675622,lat99_ms,tier=cloud,4.969547169368553
1783675632,lat99_ms,tier=cloud,4.967264298589677
1783675642,lat99_ms,tier=cloud,8.824561996044027
1783675652,lat99_ms,tier=cloud,9.4585
1783675662,lat99_ms,tier=cloud,10.037502386526384
1783675672,lat99_ms,tier=cloud,9.967553865652727
1783675682,lat99_ms,tier=cloud,19.35845070422535
1783675692,lat99_ms,tier=cloud,19.585081777786037
1783675702,lat99_ms,tier=cloud,19.721198957428328
1783675712,lat99_ms,tier=cloud,35.83608695652177
1783675722,lat99_ms,tier=cloud,43.285137300614934
1783675732,lat99_ms,tier=cloud,46.53291548955457
1783675742,lat99_ms,tier=cloud,47.949565928761956
1783675752,lat99_ms,tier=cloud,48.29966226588886
1783675762,lat99_ms,tier=cloud,48.83391384991305
1783675772,lat99_ms,tier=cloud,49.159069953822055
1783675782,lat99_ms,tier=cloud,49.289041095890404
1783675792,lat99_ms,tier=cloud,49.36783904673178
1783675802,lat99_ms,tier=cloud,56.2325239502148
1783675812,lat99_ms,tier=cloud,84.27599579644402
1783675822,lat99_ms,tier=cloud,97.86539395016904
1783675832,lat99_ms,tier=cloud,105.98168136706708
1783675842,lat99_ms,tier=cloud,122.1677926258979
1783675852,lat99_ms,tier=cloud,133.14114418487108
1783675862,lat99_ms,tier=cloud,134.71047406261926
1783675872,lat99_ms,tier=cloud,135.0023817681227
1783675882,lat99_ms,tier=cloud,136.02511358965754
1783675892,lat99_ms,tier=cloud,136.75675234562306
1783675902,lat99_ms,tier=cloud,137.57578590798337
1783675912,lat99_ms,tier=cloud,137.89685565750642
1783675922,lat99_ms,tier=cloud,138.27302392014968
1783675932,lat99_ms,tier=cloud,138.6154742204754
1783675942,lat99_ms,tier=cloud,138.58202807613796
1783675952,lat99_ms,tier=cloud,138.12465275277478
1783675962,lat99_ms,tier=cloud,135.02942802343372
1783675972,lat99_ms,tier=cloud,134.10961764250743
1783675982,lat99_ms,tier=cloud,133.79261622607092
1783675992,lat99_ms,tier=cloud,132.45117852050595
1783676002,lat99_ms,tier=cloud,130.55341209451657
1783676012,lat99_ms,tier=cloud,126.43828544235289
1783676022,lat99_ms,tier=cloud,122.61854694919573
1783676032,lat99_ms,tier=cloud,115.66688198149278
1783676042,lat99_ms,tier=cloud,101.2020843738361
1783676052,lat99_ms,tier=cloud,96.72948782491866
1783676062,lat99_ms,tier=cloud,71.79721896273847
1783676072,lat99_ms,tier=cloud,49.85242992807226
1783676082,lat99_ms,tier=cloud,49.77438891551567
1783676092,lat99_ms,tier=cloud,49.79009822066507
1783676102,lat99_ms,tier=cloud,49.81531217757303
1783676112,lat99_ms,tier=cloud,49.80630511318891
1783676122,lat99_ms,tier=cloud,49.78411553923449
1783676132,lat99_ms,tier=cloud,49.77955213944504
1783676142,lat99_ms,tier=cloud,49.77453586480296
1783676152,lat99_ms,tier=cloud,49.72710399178319
1783676162,lat99_ms,tier=cloud,49.7055587101393
1783676172,lat99_ms,tier=cloud,49.602567037279265
1783676182,lat99_ms,tier=cloud,49.58732825618774
1783676192,lat99_ms,tier=cloud,49.5721843869558
1783676202,lat99_ms,tier=cloud,49.50153109845004
1783676212,lat99_ms,tier=cloud,49.44189725029084
1783676222,lat99_ms,tier=cloud,49.43206119603065
1783676232,lat99_ms,tier=cloud,49.467435600630324
1783676242,lat99_ms,tier=cloud,49.385811779469314
1783675602,inflight,tier=cloud,0.0
1783675612,inflight,tier=cloud,0.0
1783675622,inflight,tier=cloud,0.0
1783675632,inflight,tier=cloud,0.0
1783675642,inflight,tier=cloud,0.0
1783675652,inflight,tier=cloud,0.0
1783675662,inflight,tier=cloud,0.0
1783675672,inflight,tier=cloud,0.0
1783675682,inflight,tier=cloud,0.0
1783675692,inflight,tier=cloud,0.0
1783675702,inflight,tier=cloud,0.0
1783675712,inflight,tier=cloud,0.0
1783675722,inflight,tier=cloud,0.0
1783675732,inflight,tier=cloud,0.0
1783675742,inflight,tier=cloud,3.0
1783675752,inflight,tier=cloud,0.0
1783675762,inflight,tier=cloud,10.0
1783675772,inflight,tier=cloud,9.0
1783675782,inflight,tier=cloud,1.0
1783675792,inflight,tier=cloud,0.0
1783675802,inflight,tier=cloud,0.0
1783675812,inflight,tier=cloud,0.0
1783675822,inflight,tier=cloud,32.0
1783675832,inflight,tier=cloud,25.0
1783675842,inflight,tier=cloud,1.0
1783675852,inflight,tier=cloud,57.0
1783675862,inflight,tier=cloud,26.0
1783675872,inflight,tier=cloud,43.0
1783675882,inflight,tier=cloud,68.0
1783675892,inflight,tier=cloud,37.0
1783675902,inflight,tier=cloud,0.0
1783675912,inflight,tier=cloud,25.0
1783675922,inflight,tier=cloud,29.0
1783675932,inflight,tier=cloud,18.0
1783675942,inflight,tier=cloud,28.0
1783675952,inflight,tier=cloud,22.0
1783675962,inflight,tier=cloud,23.0
1783675972,inflight,tier=cloud,0.0
1783675982,inflight,tier=cloud,0.0
1783675992,inflight,tier=cloud,0.0
1783676002,inflight,tier=cloud,0.0
1783676012,inflight,tier=cloud,0.0
1783676022,inflight,tier=cloud,0.0
1783676032,inflight,tier=cloud,0.0
1783676042,inflight,tier=cloud,0.0
1783676052,inflight,tier=cloud,4.0
1783676062,inflight,tier=cloud,0.0
1783676072,inflight,tier=cloud,14.0
1783676082,inflight,tier=cloud,0.0
1783676092,inflight,tier=cloud,0.0
1783676102,inflight,tier=cloud,0.0
1783676112,inflight,tier=cloud,0.0
1783676122,inflight,tier=cloud,0.0
1783676132,inflight,tier=cloud,0.0
1783676142,inflight,tier=cloud,0.0
1783676152,inflight,tier=cloud,0.0
1783676162,inflight,tier=cloud,0.0
1783676172,inflight,tier=cloud,0.0
1783676182,inflight,tier=cloud,0.0
1783676192,inflight,tier=cloud,0.0
1783676202,inflight,tier=cloud,0.0
1783676212,inflight,tier=cloud,0.0
1783676222,inflight,tier=cloud,0.0
1783676232,inflight,tier=cloud,0.0
1783676242,inflight,tier=cloud,0.0
1783675602,inflight,tier=edge,0.0
1783675612,inflight,tier=edge,0.0
1783675622,inflight,tier=edge,0.0
1783675632,inflight,tier=edge,0.0
1783675642,inflight,tier=edge,0.0
1783675652,inflight,tier=edge,0.0
1783675662,inflight,tier=edge,0.0
1783675672,inflight,tier=edge,0.0
1783675682,inflight,tier=edge,0.0
1783675692,inflight,tier=edge,0.0
1783675702,inflight,tier=edge,0.0
1783675712,inflight,tier=edge,0.0
1783675722,inflight,tier=edge,0.0
1783675732,inflight,tier=edge,0.0
1783675742,inflight,tier=edge,0.0
1783675752,inflight,tier=edge,0.0
1783675762,inflight,tier=edge,0.0
1783675772,inflight,tier=edge,0.0
1783675782,inflight,tier=edge,0.0
1783675792,inflight,tier=edge,0.0
1783675802,inflight,tier=edge,0.0
1783675812,inflight,tier=edge,0.0
1783675822,inflight,tier=edge,0.0
1783675832,inflight,tier=edge,0.0
1783675842,inflight,tier=edge,0.0
1783675852,inflight,tier=edge,0.0
1783675862,inflight,tier=edge,0.0
1783675872,inflight,tier=edge,0.0
1783675882,inflight,tier=edge,0.0
1783675892,inflight,tier=edge,0.0
1783675902,inflight,tier=edge,0.0
1783675912,inflight,tier=edge,0.0
1783675922,inflight,tier=edge,0.0
1783675932,inflight,tier=edge,0.0
1783675942,inflight,tier=edge,0.0
1783675952,inflight,tier=edge,0.0
1783675962,inflight,tier=edge,0.0
1783675972,inflight,tier=edge,0.0
1783675982,inflight,tier=edge,0.0
1783675992,inflight,tier=edge,0.0
1783676002,inflight,tier=edge,0.0
1783676012,inflight,tier=edge,0.0
1783676022,inflight,tier=edge,0.0
1783676032,inflight,tier=edge,0.0
1783676042,inflight,tier=edge,0.0
1783676052,inflight,tier=edge,0.0
1783676062,inflight,tier=edge,0.0
1783676072,inflight,tier=edge,0.0
1783676082,inflight,tier=edge,0.0
1783676092,inflight,tier=edge,0.0
1783676102,inflight,tier=edge,0.0
1783676112,inflight,tier=edge,0.0
1783676122,inflight,tier=edge,0.0
1783676132,inflight,tier=edge,0.0
1783676142,inflight,tier=edge,0.0
1783676152,inflight,tier=edge,0.0
1783676162,inflight,tier=edge,0.0
1783676172,inflight,tier=edge,0.0
1783676182,inflight,tier=edge,0.0
1783676192,inflight,tier=edge,0.0
1783676202,inflight,tier=edge,0.0
1783676212,inflight,tier=edge,0.0
1783676222,inflight,tier=edge,0.0
1783676232,inflight,tier=edge,0.0
1783676242,inflight,tier=edge,0.0
