ts,metric,labels,value
1783723723,replicas_status,deployment=workload-cloud,1.0
1783723733,replicas_status,deployment=workload-cloud,1.0
1783723743,replicas_status,deployment=workload-cloud,1.0
1783723753,replicas_status,deployment=workload-cloud,1.0
1783723763,replicas_status,deployment=workload-cloud,1.0
1783723773,replicas_status,deployment=workload-cloud,1.0
1783723783,replicas_status,deployment=workload-cloud,1.0
1783723793,replicas_status,deployment=workload-cloud,1.0
1783723803,replicas_status,deployment=workload-cloud,1.0
1783723813,replicas_status,deployment=workload-cloud,1.0
1783723823,replicas_status,deployment=workload-cloud,1.0
1783723833,replicas_status,deployment=workload-cloud,2.0
1783723843,replicas_status,deployment=workload-cloud,2.0
1783723853,replicas_status,deployment=workload-cloud,2.0
1783723863,replicas_status,deployment=workload-cloud,2.0
1783723873,replicas_status,deployment=workload-cloud,2.0
1783723883,replicas_status,deployment=workload-cloud,2.0
1783723893,replicas_status,deployment=workload-cloud,3.0
1783723903,replicas_status,deployment=workload-cloud,3.0
1783723913,replicas_status,deployment=workload-cloud,3.0
1783723923,replicas_status,deployment=workload-cloud,3.0
1783723933,replicas_status,deployment=workload-cloud,3.0
1783723943,replicas_status,deployment=workload-cloud,3.0
1783723953,replicas_status,deployment=workload-cloud,5.0
1783723963,replicas_status,deployment=workload-cloud,5.0
1783723973,replicas_status,deployment=workload-cloud,5.0
1783723983,replicas_status,deployment=workload-cloud,5.0
1783723993,replicas_status,deployment=workload-cloud,5.0
1783724003,replicas_status,deployment=workload-cloud,5.0
1783724013,replicas_status,deployment=workload-cloud,6.0
1783724023,replicas_status,deployment=workload-cloud,6.0
1783724033,replicas_status,deployment=workload-cloud,6.0
1783724043,replicas_status,deployment=workload-cloud,6.0
1783724053,replicas_status,deployment=workload-cloud,6.0
1783724063,replicas_status,deployment=workload-cloud,6.0
1783724073,replicas_status,deployment=workload-cloud,6.0
1783724083,replicas_status,deployment=workload-cloud,6.0
1783724093,replicas_status,deployment=workload-cloud,6.0
1783724103,replicas_status,deployment=workload-cloud,6.0
1783724113,replicas_status,deployment=workload-cloud,6.0
1783724123,replicas_status,deployment=workload-cloud,6.0
1783724133,replicas_status,deployment=workload-cloud,6.0
1783724143,replicas_status,deployment=workload-cloud,6.0
1783724153,replicas_status,deployment=workload-cloud,6.0
1783724163,replicas_status,deployment=workload-cloud,6.0
1783724173,replicas_status,deployment=workload-cloud,6.0
1783724183,replicas_status,deployment=workload-cloud,6.0
1783724193,replicas_status,deployment=workload-cloud,6.0
1783724203,replicas_status,deployment=workload-cloud,6.0
1783724213,replicas_status,deployment=workload-cloud,6.0
1783724223,replicas_status,deployment=workload-cloud,6.0
1783724233,replicas_status,deployment=workload-cloud,6.0
1783724243,replicas_status,deployment=workload-cloud,6.0
1783724253,replicas_status,deployment=workload-cloud,6.0
1783724263,replicas_status,deployment=workload-cloud,6.0
1783724273,replicas_status,deployment=workload-cloud,6.0
1783724283,replicas_status,deployment=workload-cloud,6.0
1783724293,replicas_status,deployment=workload-cloud,5.0
1783724303,replicas_status,deployment=workload-cloud,5.0
1783724313,replicas_status,deployment=workload-cloud,5.0
1783724323,replicas_status,deployment=workload-cloud,5.0
1783724333,replicas_status,deployment=workload-cloud,5.0
1783724343,replicas_status,deployment=workload-cloud,5.0
1783724353,replicas_status,deployment=workload-cloud,4.0
1783724363,replicas_status,deployment=workload-cloud,4.0
1783724373,replicas_status,deployment=workload-cloud,4.0
1783723723,replicas_status,deployment=workload-edge,1.0
1783723733,replicas_status,deployment=workload-edge,1.0
1783723743,replicas_status,deployment=workload-edge,1.0
1783723753,replicas_status,deployment=workload-edge,1.0
1783723763,replicas_status,deployment=workload-edge,1.0
1783723773,replicas_status,deployment=workload-edge,1.0
1783723783,replicas_status,deployment=workload-edge,1.0
1783723793,replicas_status,deployment=workload-edge,1.0
1783723803,replicas_status,deployment=workload-edge,1.0
1783723813,replicas_status,deployment=workload-edge,1.0
1783723823,replicas_status,deployment=workload-edge,1.0
1783723833,replicas_status,deployment=workload-edge,1.0
1783723843,replicas_status,deployment=workload-edge,1.0
1783723853,replicas_status,deployment=workload-edge,1.0
1783723863,replicas_status,deployment=workload-edge,1.0
1783723873,replicas_status,deployment=workload-edge,1.0
1783723883,replicas_status,deployment=workload-edge,1.0
1783723893,replicas_status,deployment=workload-edge,1.0
1783723903,replicas_status,deployment=workload-edge,1.0
1783723913,replicas_status,deployment=workload-edge,1.0
1783723923,replicas_status,deployment=workload-edge,1.0
1783723933,replicas_status,deployment=workload-edge,1.0
1783723943,replicas_status,deployment=workload-edge,1.0
1783723953,replicas_status,deployment=workload-edge,1.0
1783723963,replicas_status,deployment=workload-edge,1.0
1783723973,replicas_status,deployment=workload-edge,1.0
1783723983,replicas_status,deployment=workload-edge,1.0
1783723993,replicas_status,deployment=workload-edge,1.0
1783724003,replicas_status,deployment=workload-edge,1.0
1783724013,replicas_status,deployment=workload-edge,1.0
1783724023,replicas_status,deployment=workload-edge,1.0
1783724033,replicas_status,deployment=workload-edge,1.0
1783724043,replicas_status,deployment=workload-edge,1.0
1783724053,replicas_status,deployment=workload-edge,1.0
1783724063,replicas_status,deployment=workload-edge,1.0
1783724073,replicas_status,deployment=workload-edge,1.0
1783724083,replicas_status,deployment=workload-edge,1.0
1783724093,replicas_status,deployment=workload-edge,1.0
1783724103,replicas_status,deployment=workload-edge,1.0
1783724113,replicas_status,deployment=workload-edge,1.0
1783724123,replicas_status,deployment=workload-edge,1.0
1783724133,replicas_status,deployment=workload-edge,1.0
1783724143,replicas_status,deployment=workload-edge,1.0
1783724153,replicas_status,deployment=workload-edge,1.0
1783724163,replicas_status,deployment=workload-edge,1.0
1783724173,replicas_status,deployment=workload-edge,1.0
1783724183,replicas_status,deployment=workload-edge,1.0
1783724193,replicas_status,deployment=workload-edge,1.0
1783724203,replicas_status,deployment=workload-edge,1.0
1783724213,replicas_status,deployment=workload-edge,1.0
1783724223,replicas_status,deployment=workload-edge,1.0
1783724233,replicas_status,deployment=workload-edge,1.0
1783724243,replicas_status,deployment=workload-edge,1.0
1783724253,replicas_status,deployment=workload-edge,1.0
1783724263,replicas_status,deployment=workload-edge,1.0
1783724273,replicas_status,deployment=workload-edge,1.0
1783724283,replicas_status,deployment=workload-edge,1.0
1783724293,replicas_status,deployment=workload-edge,1.0
1783724303,replicas_status,deployment=workload-edge,1.0
1783724313,replicas_status,deployment=workload-edge,1.0
1783724323,replicas_status,deployment=workload-edge,1.0
1783724333,replicas_status,deployment=workload-edge,1.0
1783724343,replicas_status,deployment=workload-edge,1.0
1783724353,replicas_status,deployment=workload-edge,1.0
1783724363,replicas_status,deployment=workload-edge,1.0
1783724373,replicas_status,deployment=workload-edge,1.0
1783723723,replicas_spec,deployment=workload-cloud,1.0
1783723733,replicas_spec,deployment=workload-cloud,1.0
1783723743,replicas_spec,deployment=workload-cloud,1.0
1783723753,replicas_spec,deployment=workload-cloud,1.0
1783723763,replicas_spec,deployment=workload-cloud,1.0
1783723773,replicas_spec,deployment=workload-cloud,1.0
1783723783,replicas_spec,deployment=workload-cloud,1.0
1783723793,replicas_spec,deployment=workload-cloud,1.0
1783723803,replicas_spec,deployment=workload-cloud,1.0
1783723813,replicas_spec,deployment=workload-cloud,1.0
1783723823,replicas_spec,deployment=workload-cloud,1.0
1783723833,replicas_spec,deployment=workload-cloud,2.0
1783723843,replicas_spec,deployment=workload-cloud,2.0
1783723853,replicas_spec,deployment=workload-cloud,2.0
1783723863,replicas_spec,deployment=workload-cloud,2.0
1783723873,replicas_spec,deployment=workload-cloud,2.0
1783723883,replicas_spec,deployment=workload-cloud,2.0
1783723893,replicas_spec,deployment=workload-cloud,3.0
1783723903,replicas_spec,deployment=workload-cloud,3.0
1783723913,replicas_spec,deployment=workload-cloud,3.0
1783723923,replicas_spec,deployment=workload-cloud,3.0
1783723933,replicas_spec,deployment=workload-cloud,3.0
1783723943,replicas_spec,deployment=workload-cloud,3.0
1783723953,replicas_spec,deployment=workload-cloud,5.0
1783723963,replicas_spec,deployment=workload-cloud,5.0
1783723973,replicas_spec,deployment=workload-cloud,5.0
1783723983,replicas_spec,deployment=workload-cloud,5.0
1783723993,replicas_spec,deployment=workload-cloud,5.0
1783724003,replicas_spec,deployment=workload-cloud,5.0
1783724013,replicas_spec,deployment=workload-cloud,6.0
1783724023,replicas_spec,deployment=workload-cloud,6.0
1783724033,replicas_spec,deployment=workload-cloud,6.0
1783724043,replicas_spec,deployment=workload-cloud,6.0
1783724053,replicas_spec,deployment=workload-cloud,6.0
1783724063,replicas_spec,deployment=workload-cloud,6.0
1783724073,replicas_spec,deployment=workload-cloud,6.0
1783724083,replicas_spec,deployment=workload-cloud,6.0
1783724093,replicas_spec,deployment=workload-cloud,6.0
1783724103,replicas_spec,deployment=workload-cloud,6.0
1783724113,replicas_spec,deployment=workload-cloud,6.0
1783724123,replicas_spec,deployment=workload-cloud,6.0
1783724133,replicas_spec,deployment=workload-cloud,6.0
1783724143,replicas_spec,deployment=workload-cloud,6.0
1783724153,replicas_spec,deployment=workload-cloud,6.0
1783724163,replicas_spec,deployment=workload-cloud,6.0
1783724173,replicas_spec,deployment=workload-cloud,6.0
1783724183,replicas_spec,deployment=workload-cloud,6.0
1783724193,replicas_spec,deployment=workload-cloud,6.0
1783724203,replicas_spec,deployment=workload-cloud,6.0
1783724213,replicas_spec,deployment=workload-cloud,6.0
1783724223,replicas_spec,deployment=workload-cloud,6.0
1783724233,replicas_spec,deployment=workload-cloud,6.0
1783724243,replicas_spec,deployment=workload-cloud,6.0
1783724253,replicas_spec,deployment=workload-cloud,6.0
1783724263,replicas_spec,deployment=workload-cloud,6.0
1783724273,replicas_spec,deployment=workload-cloud,6.0
1783724283,replicas_spec,deployment=workload-cloud,6.0
1783724293,replicas_spec,deployment=workload-cloud,5.0
1783724303,replicas_spec,deployment=workload-cloud,5.0
1783724313,replicas_spec,deployment=workload-cloud,5.0
1783724323,replicas_spec,deployment=workload-cloud,5.0
1783724333,replicas_spec,deployment=workload-cloud,5.0
1783724343,replicas_spec,deployment=workload-cloud,5.0
1783724353,replicas_spec,deployment=workload-cloud,4.0
1783724363,replicas_spec,deployment=workload-cloud,4.0
1783724373,replicas_spec,deployment=workload-cloud,4.0
1783723723,replicas_spec,deployment=workload-edge,1.0
1783723733,replicas_spec,deployment=workload-edge,1.0
1783723743,replicas_spec,deployment=workload-edge,1.0
1783723753,replicas_spec,deployment=workload-edge,1.0
1783723763,replicas_spec,deployment=workload-edge,1.0
1783723773,replicas_spec,deployment=workload-edge,1.0
1783723783,replicas_spec,deployment=workload-edge,1.0
1783723793,replicas_spec,deployment=workload-edge,1.0
1783723803,replicas_spec,deployment=workload-edge,1.0
1783723813,replicas_spec,deployment=workload-edge,1.0
1783723823,replicas_spec,deployment=workload-edge,1.0
1783723833,replicas_spec,deployment=workload-edge,1.0
1783723843,replicas_spec,deployment=workload-edge,1.0
1783723853,replicas_spec,deployment=workload-edge,1.0
1783723863,replicas_spec,deployment=workload-edge,1.0
1783723873,replicas_spec,deployment=workload-edge,1.0
1783723883,replicas_spec,deployment=workload-edge,1.0
1783723893,replicas_spec,deployment=workload-edge,1.0
1783723903,replicas_spec,deployment=workload-edge,1.0
1783723913,replicas_spec,deployment=workload-edge,1.0
1783723923,replicas_spec,deployment=workload-edge,1.0
1783723933,replicas_spec,deployment=workload-edge,1.0
1783723943,replicas_spec,deployment=workload-edge,1.0
1783723953,replicas_spec,deployment=workload-edge,1.0
1783723963,replicas_spec,deployment=workload-edge,1.0
1783723973,replicas_spec,deployment=workload-edge,1.0
1783723983,replicas_spec,deployment=workload-edge,1.0
1783723993,replicas_spec,deployment=workload-edge,1.0
1783724003,replicas_spec,deployment=workload-edge,1.0
1783724013,replicas_spec,deployment=workload-edge,1.0
1783724023,replicas_spec,deployment=workload-edge,1.0
1783724033,replicas_spec,deployment=workload-edge,1.0
1783724043,replicas_spec,deployment=workload-edge,1.0
1783724053,replicas_spec,deployment=workload-edge,1.0
1783724063,replicas_spec,deployment=workload-edge,1.0
1783724073,replicas_spec,deployment=workload-edge,1.0
1783724083,replicas_spec,deployment=workload-edge,1.0
1783724093,replicas_spec,deployment=workload-edge,1.0
1783724103,replicas_spec,deployment=workload-edge,1.0
1783724113,replicas_spec,deployment=workload-edge,1.0
1783724123,replicas_spec,deployment=workload-edge,1.0
1783724133,replicas_spec,deployment=workload-edge,1.0
1783724143,replicas_spec,deployment=workload-edge,1.0
1783724153,replicas_spec,deployment=workload-edge,1.0
1783724163,replicas_spec,deployment=workload-edge,1.0
1783724173,replicas_spec,deployment=workload-edge,1.0
1783724183,replicas_spec,deployment=workload-edge,1.0
1783724193,replicas_spec,deployment=workload-edge,1.0
1783724203,replicas_spec,deployment=workload-edge,1.0
1783724213,replicas_spec,deployment=workload-edge,1.0
1783724223,replicas_spec,deployment=workload-edge,1.0
1783724233,replicas_spec,deployment=workload-edge,1.0
1783724243,replicas_spec,deployment=workload-edge,1.0
1783724253,replicas_spec,deployment=workload-edge,1.0
1783724263,replicas_spec,deployment=workload-edge,1.0
1783724273,replicas_spec,deployment=workload-edge,1.0
1783724283,replicas_spec,deployment=workload-edge,1.0
1783724293,replicas_spec,deployment=workload-edge,1.0
1783724303,replicas_spec,deployment=workload-edge,1.0
1783724313,replicas_spec,deployment=workload-edge,1.0
1783724323,replicas_spec,deployment=workload-edge,1.0
1783724333,replicas_spec,deployment=workload-edge,1.0
1783724343,replicas_spec,deployment=workload-edge,1.0
1783724353,replicas_spec,deployment=workload-edge,1.0
1783724363,replicas_spec,deployment=workload-edge,1.0
1783724373,replicas_spec,deployment=workload-edge,1.0
1783723723,cpu_cores,pod=workload-cloud-6f545f89ff-9hvzm,0.0020843649967218505
1783723733,cpu_cores,pod=workload-cloud-6f545f89ff-9hvzm,0.0021743296653311565
1783723743,cpu_cores,pod=workload-cloud-6f545f89ff-9hvzm,0.00787034687809738
1783723753,cpu_cores,pod=workload-cloud-6f545f89ff-9hvzm,0.022479362874874894
1783723763,cpu_cores,pod=workload-cloud-6f545f89ff-9hvzm,0.024875324999999296
1783723773,cpu_cores,pod=workload-cloud-6f545f89ff-9hvzm,0.05728259870939514
1783723783,cpu_cores,pod=workload-cloud-6f545f89ff-9hvzm,0.09274067261668442
1783723793,cpu_cores,pod=workload-cloud-6f545f89ff-9hvzm,0.0927406726166844
1783723803,cpu_cores,pod=workload-cloud-6f545f89ff-9hvzm,0.1204197610072981
1783723813,cpu_cores,pod=workload-cloud-6f545f89ff-9hvzm,0.15067037045628526
1783723823,cpu_cores,pod=workload-cloud-6f545f89ff-9hvzm,0.15067037045628526
1783723833,cpu_cores,pod=workload-cloud-6f545f89ff-9hvzm,0.1785200219026762
1783723843,cpu_cores,pod=workload-cloud-6f545f89ff-9hvzm,0.19662499683680493
1783723853,cpu_cores,pod=workload-cloud-6f545f89ff-9hvzm,0.20309245377311416
1783723863,cpu_cores,pod=workload-cloud-6f545f89ff-9hvzm,0.21511849626407012
1783723873,cpu_cores,pod=workload-cloud-6f545f89ff-9hvzm,0.19729156892631664
1783723883,cpu_cores,pod=workload-cloud-6f545f89ff-9hvzm,0.225210955957205
1783723893,cpu_cores,pod=workload-cloud-6f545f89ff-9hvzm,0.22601024529964717
1783723903,cpu_cores,pod=workload-cloud-6f545f89ff-9hvzm,0.227170943082046
1783723913,cpu_cores,pod=workload-cloud-6f545f89ff-9hvzm,0.23408188268061866
1783723923,cpu_cores,pod=workload-cloud-6f545f89ff-9hvzm,0.20778318551814778
1783723933,cpu_cores,pod=workload-cloud-6f545f89ff-9hvzm,0.29474095135775913
1783723943,cpu_cores,pod=workload-cloud-6f545f89ff-9hvzm,0.34576205597522747
1783723953,cpu_cores,pod=workload-cloud-6f545f89ff-9hvzm,0.377771201768489
1783723963,cpu_cores,pod=workload-cloud-6f545f89ff-9hvzm,0.43678484279196517
1783723973,cpu_cores,pod=workload-cloud-6f545f89ff-9hvzm,0.37749140212256505
1783723983,cpu_cores,pod=workload-cloud-6f545f89ff-9hvzm,0.4555495199263457
1783723993,cpu_cores,pod=workload-cloud-6f545f89ff-9hvzm,0.460885623790252
1783724003,cpu_cores,pod=workload-cloud-6f545f89ff-9hvzm,0.29570487499999987
1783724013,cpu_cores,pod=workload-cloud-6f545f89ff-9hvzm,0.47199518934546697
1783724023,cpu_cores,pod=workload-cloud-6f545f89ff-9hvzm,0.47642343988585484
1783724033,cpu_cores,pod=workload-cloud-6f545f89ff-9hvzm,0.473387816421515
1783724043,cpu_cores,pod=workload-cloud-6f545f89ff-9hvzm,0.40374572660188796
1783724053,cpu_cores,pod=workload-cloud-6f545f89ff-9hvzm,0.461215447445725
1783724063,cpu_cores,pod=workload-cloud-6f545f89ff-9hvzm,0.4584992784496969
1783724073,cpu_cores,pod=workload-cloud-6f545f89ff-9hvzm,0.4553079808477298
1783724083,cpu_cores,pod=workload-cloud-6f545f89ff-9hvzm,0.4341897247706431
1783724093,cpu_cores,pod=workload-cloud-6f545f89ff-9hvzm,0.38821605491662736
1783724103,cpu_cores,pod=workload-cloud-6f545f89ff-9hvzm,0.3431973598435468
1783724113,cpu_cores,pod=workload-cloud-6f545f89ff-9hvzm,0.2976819245506215
1783724123,cpu_cores,pod=workload-cloud-6f545f89ff-9hvzm,0.2516226160662675
1783724133,cpu_cores,pod=workload-cloud-6f545f89ff-9hvzm,0.2516226160662675
1783724143,cpu_cores,pod=workload-cloud-6f545f89ff-9hvzm,0.23837739393823115
1783724153,cpu_cores,pod=workload-cloud-6f545f89ff-9hvzm,0.2400963455149496
1783724163,cpu_cores,pod=workload-cloud-6f545f89ff-9hvzm,0.20062357621063423
1783724173,cpu_cores,pod=workload-cloud-6f545f89ff-9hvzm,0.2434054678096835
1783724183,cpu_cores,pod=workload-cloud-6f545f89ff-9hvzm,0.2423049910024351
1783724193,cpu_cores,pod=workload-cloud-6f545f89ff-9hvzm,0.24311437847520243
1783724203,cpu_cores,pod=workload-cloud-6f545f89ff-9hvzm,0.24385165078403498
1783724213,cpu_cores,pod=workload-cloud-6f545f89ff-9hvzm,0.24217323002559044
1783724223,cpu_cores,pod=workload-cloud-6f545f89ff-9hvzm,0.24246392028844374
1783724233,cpu_cores,pod=workload-cloud-6f545f89ff-9hvzm,0.2420997090480706
1783724243,cpu_cores,pod=workload-cloud-6f545f89ff-9hvzm,0.2420852601437571
1783724253,cpu_cores,pod=workload-cloud-6f545f89ff-9hvzm,0.2425262216189537
1783724263,cpu_cores,pod=workload-cloud-6f545f89ff-9hvzm,0.2425262216189537
1783724273,cpu_cores,pod=workload-cloud-6f545f89ff-9hvzm,0.24050468808367573
1783724283,cpu_cores,pod=workload-cloud-6f545f89ff-9hvzm,0.24027299364708884
1783724293,cpu_cores,pod=workload-cloud-6f545f89ff-9hvzm,0.22449509458761696
1783724303,cpu_cores,pod=workload-cloud-6f545f89ff-9hvzm,0.16097477459016285
1783724313,cpu_cores,pod=workload-cloud-6f545f89ff-9hvzm,0.08917589108572128
1783724323,cpu_cores,pod=workload-cloud-6f545f89ff-9hvzm,0.08917589108572128
1783724333,cpu_cores,pod=workload-cloud-6f545f89ff-9hvzm,0.01895075418703707
1783724343,cpu_cores,pod=workload-cloud-6f545f89ff-9hvzm,0.01895075418703707
1783724353,cpu_cores,pod=workload-cloud-6f545f89ff-9hvzm,0.0019656992648323978
1783724363,cpu_cores,pod=workload-cloud-6f545f89ff-9hvzm,0.001909597592241094
1783724373,cpu_cores,pod=workload-cloud-6f545f89ff-9hvzm,0.001212474999999813
1783723843,cpu_cores,pod=workload-cloud-6f545f89ff-cc6qq,0.01135480033454988
1783723853,cpu_cores,pod=workload-cloud-6f545f89ff-cc6qq,0.009490409207365894
1783723863,cpu_cores,pod=workload-cloud-6f545f89ff-cc6qq,0.012415015559113958
1783723873,cpu_cores,pod=workload-cloud-6f545f89ff-cc6qq,0.023377709998335567
1783723883,cpu_cores,pod=workload-cloud-6f545f89ff-cc6qq,0.03890938913715093
1783723893,cpu_cores,pod=workload-cloud-6f545f89ff-cc6qq,0.05101942393168376
1783723903,cpu_cores,pod=workload-cloud-6f545f89ff-cc6qq,0.06604381821143508
1783723913,cpu_cores,pod=workload-cloud-6f545f89ff-cc6qq,0.09498331451545239
1783723923,cpu_cores,pod=workload-cloud-6f545f89ff-cc6qq,0.09668286486738452
1783723933,cpu_cores,pod=workload-cloud-6f545f89ff-cc6qq,0.1682502681372053
1783723943,cpu_cores,pod=workload-cloud-6f545f89ff-cc6qq,0.19645975053574372
1783723953,cpu_cores,pod=workload-cloud-6f545f89ff-cc6qq,0.3341609760487504
1783723963,cpu_cores,pod=workload-cloud-6f545f89ff-cc6qq,0.369222341649224
1783723973,cpu_cores,pod=workload-cloud-6f545f89ff-cc6qq,0.4208506512385161
1783723983,cpu_cores,pod=workload-cloud-6f545f89ff-cc6qq,0.4163606147819483
1783723993,cpu_cores,pod=workload-cloud-6f545f89ff-cc6qq,0.4224344469780966
1783724003,cpu_cores,pod=workload-cloud-6f545f89ff-cc6qq,0.4224344469780966
1783724013,cpu_cores,pod=workload-cloud-6f545f89ff-cc6qq,0.42201800090652036
1783724023,cpu_cores,pod=workload-cloud-6f545f89ff-cc6qq,0.42993216694360264
1783724033,cpu_cores,pod=workload-cloud-6f545f89ff-cc6qq,0.4367194416286535
1783724043,cpu_cores,pod=workload-cloud-6f545f89ff-cc6qq,0.43030422805126367
1783724053,cpu_cores,pod=workload-cloud-6f545f89ff-cc6qq,0.43142835085218856
1783724063,cpu_cores,pod=workload-cloud-6f545f89ff-cc6qq,0.4266228011532194
1783724073,cpu_cores,pod=workload-cloud-6f545f89ff-cc6qq,0.3914635489570665
1783724083,cpu_cores,pod=workload-cloud-6f545f89ff-cc6qq,0.357624350215357
1783724093,cpu_cores,pod=workload-cloud-6f545f89ff-cc6qq,0.28076167254617135
1783724103,cpu_cores,pod=workload-cloud-6f545f89ff-cc6qq,0.19359156023469218
1783724113,cpu_cores,pod=workload-cloud-6f545f89ff-cc6qq,0.18621487603305786
1783724123,cpu_cores,pod=workload-cloud-6f545f89ff-cc6qq,0.11988207793366135
1783724133,cpu_cores,pod=workload-cloud-6f545f89ff-cc6qq,0.11193617788190792
1783724143,cpu_cores,pod=workload-cloud-6f545f89ff-cc6qq,0.09085340886141714
1783724153,cpu_cores,pod=workload-cloud-6f545f89ff-cc6qq,0.11050938719694602
1783724163,cpu_cores,pod=workload-cloud-6f545f89ff-cc6qq,0.10935737790441029
1783724173,cpu_cores,pod=workload-cloud-6f545f89ff-cc6qq,0.10894010828821311
1783724183,cpu_cores,pod=workload-cloud-6f545f89ff-cc6qq,0.10894010828821311
1783724193,cpu_cores,pod=workload-cloud-6f545f89ff-cc6qq,0.10716320259485308
1783724203,cpu_cores,pod=workload-cloud-6f545f89ff-cc6qq,0.10716320259485308
1783724213,cpu_cores,pod=workload-cloud-6f545f89ff-cc6qq,0.10796899241889997
1783724223,cpu_cores,pod=workload-cloud-6f545f89ff-cc6qq,0.10739961639783698
1783724233,cpu_cores,pod=workload-cloud-6f545f89ff-cc6qq,0.09055216423292994
1783724243,cpu_cores,pod=workload-cloud-6f545f89ff-cc6qq,0.10889308744794743
1783724253,cpu_cores,pod=workload-cloud-6f545f89ff-cc6qq,0.10897994981479266
1783724263,cpu_cores,pod=workload-cloud-6f545f89ff-cc6qq,0.10904506576082222
1783724273,cpu_cores,pod=workload-cloud-6f545f89ff-cc6qq,0.10924486384233002
1783724283,cpu_cores,pod=workload-cloud-6f545f89ff-cc6qq,0.1015311409236616
1783724293,cpu_cores,pod=workload-cloud-6f545f89ff-cc6qq,0.06426032632990604
1783724303,cpu_cores,pod=workload-cloud-6f545f89ff-cc6qq,0.06426032632990604
1783724313,cpu_cores,pod=workload-cloud-6f545f89ff-cc6qq,0.02829362282062135
1783724323,cpu_cores,pod=workload-cloud-6f545f89ff-cc6qq,0.002003754194138714
1783724333,cpu_cores,pod=workload-cloud-6f545f89ff-cc6qq,0.0020086120709310543
1783724343,cpu_cores,pod=workload-cloud-6f545f89ff-cc6qq,0.002008325870706903
1783724353,cpu_cores,pod=workload-cloud-6f545f89ff-cc6qq,0.0019546645174287622
1783724363,cpu_cores,pod=workload-cloud-6f545f89ff-cc6qq,0.0019514251889626365
1783724373,cpu_cores,pod=workload-cloud-6f545f89ff-cc6qq,0.001979279497098609
1783724023,cpu_cores,pod=workload-cloud-6f545f89ff-fqhzs,0.008521192207767831
1783724033,cpu_cores,pod=workload-cloud-6f545f89ff-fqhzs,0.00815189925857592
1783724043,cpu_cores,pod=workload-cloud-6f545f89ff-fqhzs,0.010680969688169104
1783724053,cpu_cores,pod=workload-cloud-6f545f89ff-fqhzs,0.009295356810403834
1783724063,cpu_cores,pod=workload-cloud-6f545f89ff-fqhzs,0.008798234484730438
1783724073,cpu_cores,pod=workload-cloud-6f545f89ff-fqhzs,0.0017478274526227604
1783724083,cpu_cores,pod=workload-cloud-6f545f89ff-fqhzs,0.001852202393854009
1783724093,cpu_cores,pod=workload-cloud-6f545f89ff-fqhzs,0.001586425440613028
1783724103,cpu_cores,pod=workload-cloud-6f545f89ff-fqhzs,0.001819152716361339
1783724113,cpu_cores,pod=workload-cloud-6f545f89ff-fqhzs,0.0018591130441247535
1783724123,cpu_cores,pod=workload-cloud-6f545f89ff-fqhzs,0.001830750282253925
1783724133,cpu_cores,pod=workload-cloud-6f545f89ff-fqhzs,0.0018486557353495803
1783724143,cpu_cores,pod=workload-cloud-6f545f89ff-fqhzs,0.0018289240832418618
1783724153,cpu_cores,pod=workload-cloud-6f545f89ff-fqhzs,0.0018891043644955656
1783724163,cpu_cores,pod=workload-cloud-6f545f89ff-fqhzs,0.0018253770639018718
1783724173,cpu_cores,pod=workload-cloud-6f545f89ff-fqhzs,0.0017917182854311198
1783724183,cpu_cores,pod=workload-cloud-6f545f89ff-fqhzs,0.001794892158501923
1783724193,cpu_cores,pod=workload-cloud-6f545f89ff-fqhzs,0.001800943773831341
1783724203,cpu_cores,pod=workload-cloud-6f545f89ff-fqhzs,0.001800943773831341
1783724213,cpu_cores,pod=workload-cloud-6f545f89ff-fqhzs,0.0018456028235490684
1783724223,cpu_cores,pod=workload-cloud-6f545f89ff-fqhzs,0.0018668440429415588
1783724233,cpu_cores,pod=workload-cloud-6f545f89ff-fqhzs,0.0018732467196690584
1783724243,cpu_cores,pod=workload-cloud-6f545f89ff-fqhzs,0.0018324121720348148
1783724253,cpu_cores,pod=workload-cloud-6f545f89ff-fqhzs,0.0015203601878162035
1783724263,cpu_cores,pod=workload-cloud-6f545f89ff-fqhzs,0.0018677001578344251
1783724273,cpu_cores,pod=workload-cloud-6f545f89ff-fqhzs,0.001784911419555757
1783724283,cpu_cores,pod=workload-cloud-6f545f89ff-fqhzs,0.001784911419555757
1783724293,cpu_cores,pod=workload-cloud-6f545f89ff-fqhzs,0.0018242107563626242
1783724303,cpu_cores,pod=workload-cloud-6f545f89ff-fqhzs,0.001752246508803885
1783724313,cpu_cores,pod=workload-cloud-6f545f89ff-fqhzs,0.0018235564085447259
1783724323,cpu_cores,pod=workload-cloud-6f545f89ff-fqhzs,0.0019487805445118683
1783724333,cpu_cores,pod=workload-cloud-6f545f89ff-fqhzs,0.0017024877667920222
1783724343,cpu_cores,pod=workload-cloud-6f545f89ff-fqhzs,0.0020126281784586747
1783724353,cpu_cores,pod=workload-cloud-6f545f89ff-fqhzs,0.002007484072661817
1783724363,cpu_cores,pod=workload-cloud-6f545f89ff-fqhzs,0.0019852910348682833
1783724373,cpu_cores,pod=workload-cloud-6f545f89ff-fqhzs,0.0019736491939881784
1783723723,cpu_cores,pod=workload-cloud-6f545f89ff-kbc9w,0.000658629341317367
1783723963,cpu_cores,pod=workload-cloud-6f545f89ff-klsfd,0.007950368818545663
1783723973,cpu_cores,pod=workload-cloud-6f545f89ff-klsfd,0.01160767948957846
1783723983,cpu_cores,pod=workload-cloud-6f545f89ff-klsfd,0.009425692760459393
1783723993,cpu_cores,pod=workload-cloud-6f545f89ff-klsfd,0.011618712995624829
1783724003,cpu_cores,pod=workload-cloud-6f545f89ff-klsfd,0.009339834217763488
1783724013,cpu_cores,pod=workload-cloud-6f545f89ff-klsfd,0.001782375325455637
1783724023,cpu_cores,pod=workload-cloud-6f545f89ff-klsfd,0.001771241830065359
1783724033,cpu_cores,pod=workload-cloud-6f545f89ff-klsfd,0.0017813468582699348
1783724043,cpu_cores,pod=workload-cloud-6f545f89ff-klsfd,0.0017003712053927282
1783724053,cpu_cores,pod=workload-cloud-6f545f89ff-klsfd,0.0017344022119683295
1783724063,cpu_cores,pod=workload-cloud-6f545f89ff-klsfd,0.0017735443635029616
1783724073,cpu_cores,pod=workload-cloud-6f545f89ff-klsfd,0.0017633919094232813
1783724083,cpu_cores,pod=workload-cloud-6f545f89ff-klsfd,0.0017350840034462951
1783724093,cpu_cores,pod=workload-cloud-6f545f89ff-klsfd,0.0017569987140172109
1783724103,cpu_cores,pod=workload-cloud-6f545f89ff-klsfd,0.0018237966902020187
1783724113,cpu_cores,pod=workload-cloud-6f545f89ff-klsfd,0.0017932235294117636
1783724123,cpu_cores,pod=workload-cloud-6f545f89ff-klsfd,0.001835564921970096
1783724133,cpu_cores,pod=workload-cloud-6f545f89ff-klsfd,0.001896395532761348
1783724143,cpu_cores,pod=workload-cloud-6f545f89ff-klsfd,0.001805745963104384
1783724153,cpu_cores,pod=workload-cloud-6f545f89ff-klsfd,0.001805745963104384
1783724163,cpu_cores,pod=workload-cloud-6f545f89ff-klsfd,0.0018728774056069805
1783724173,cpu_cores,pod=workload-cloud-6f545f89ff-klsfd,0.001833466223698782
1783724183,cpu_cores,pod=workload-cloud-6f545f89ff-klsfd,0.0015249573549685781
1783724193,cpu_cores,pod=workload-cloud-6f545f89ff-klsfd,0.0015567820815677509
1783724203,cpu_cores,pod=workload-cloud-6f545f89ff-klsfd,0.001802939688089431
1783724213,cpu_cores,pod=workload-cloud-6f545f89ff-klsfd,0.001534201511248101
1783724223,cpu_cores,pod=workload-cloud-6f545f89ff-klsfd,0.0017891633244649168
1783724233,cpu_cores,pod=workload-cloud-6f545f89ff-klsfd,0.0018386632585439746
1783724243,cpu_cores,pod=workload-cloud-6f545f89ff-klsfd,0.0018220450363620442
1783724253,cpu_cores,pod=workload-cloud-6f545f89ff-klsfd,0.0018468940115051943
1783724263,cpu_cores,pod=workload-cloud-6f545f89ff-klsfd,0.0018079473116147935
1783724273,cpu_cores,pod=workload-cloud-6f545f89ff-klsfd,0.0017926642984014206
1783724283,cpu_cores,pod=workload-cloud-6f545f89ff-klsfd,0.0017671114316624593
1783724293,cpu_cores,pod=workload-cloud-6f545f89ff-klsfd,0.001314498491347971
1783724303,cpu_cores,pod=workload-cloud-6f545f89ff-klsfd,0.0010319443252871886
1783724313,cpu_cores,pod=workload-cloud-6f545f89ff-klsfd,0.000723175219398831
1783723963,cpu_cores,pod=workload-cloud-6f545f89ff-l8gsz,0.010512108068610386
1783723973,cpu_cores,pod=workload-cloud-6f545f89ff-l8gsz,0.008010068709484675
1783723983,cpu_cores,pod=workload-cloud-6f545f89ff-l8gsz,0.010471173995783586
1783723993,cpu_cores,pod=workload-cloud-6f545f89ff-l8gsz,0.009610923696408778
1783724003,cpu_cores,pod=workload-cloud-6f545f89ff-l8gsz,0.009028834061060339
1783724013,cpu_cores,pod=workload-cloud-6f545f89ff-l8gsz,0.0017826461021928437
1783724023,cpu_cores,pod=workload-cloud-6f545f89ff-l8gsz,0.0018231911503198543
1783724033,cpu_cores,pod=workload-cloud-6f545f89ff-l8gsz,0.001474579288046208
1783724043,cpu_cores,pod=workload-cloud-6f545f89ff-l8gsz,0.0017136718261087228
1783724053,cpu_cores,pod=workload-cloud-6f545f89ff-l8gsz,0.0017110420770823861
1783724063,cpu_cores,pod=workload-cloud-6f545f89ff-l8gsz,0.0013620180107255307
1783724073,cpu_cores,pod=workload-cloud-6f545f89ff-l8gsz,0.0017199063330661157
1783724083,cpu_cores,pod=workload-cloud-6f545f89ff-l8gsz,0.001749581118259109
1783724093,cpu_cores,pod=workload-cloud-6f545f89ff-l8gsz,0.001749581118259109
1783724103,cpu_cores,pod=workload-cloud-6f545f89ff-l8gsz,0.001784177336136061
1783724113,cpu_cores,pod=workload-cloud-6f545f89ff-l8gsz,0.001787956612381787
1783724123,cpu_cores,pod=workload-cloud-6f545f89ff-l8gsz,0.0017686985826147294
1783724133,cpu_cores,pod=workload-cloud-6f545f89ff-l8gsz,0.0018016784547833788
1783724143,cpu_cores,pod=workload-cloud-6f545f89ff-l8gsz,0.0018142561165816976
1783724153,cpu_cores,pod=workload-cloud-6f545f89ff-l8gsz,0.0018142561165816976
1783724163,cpu_cores,pod=workload-cloud-6f545f89ff-l8gsz,0.0017977324040443683
1783724173,cpu_cores,pod=workload-cloud-6f545f89ff-l8gsz,0.0017677874757299167
1783724183,cpu_cores,pod=workload-cloud-6f545f89ff-l8gsz,0.0017625454967861844
1783724193,cpu_cores,pod=workload-cloud-6f545f89ff-l8gsz,0.0017153384747215078
1783724203,cpu_cores,pod=workload-cloud-6f545f89ff-l8gsz,0.0017375460316743105
1783724213,cpu_cores,pod=workload-cloud-6f545f89ff-l8gsz,0.0017375460316743105
1783724223,cpu_cores,pod=workload-cloud-6f545f89ff-l8gsz,0.00176016608449219
1783724233,cpu_cores,pod=workload-cloud-6f545f89ff-l8gsz,0.0017493685155418235
1783724243,cpu_cores,pod=workload-cloud-6f545f89ff-l8gsz,0.0015346782706247856
1783724253,cpu_cores,pod=workload-cloud-6f545f89ff-l8gsz,0.0018087430346664054
1783724263,cpu_cores,pod=workload-cloud-6f545f89ff-l8gsz,0.001759340103855522
1783724273,cpu_cores,pod=workload-cloud-6f545f89ff-l8gsz,0.0017849845867087242
1783724283,cpu_cores,pod=workload-cloud-6f545f89ff-l8gsz,0.001792022250219888
1783724293,cpu_cores,pod=workload-cloud-6f545f89ff-l8gsz,0.0017512457355525661
1783724303,cpu_cores,pod=workload-cloud-6f545f89ff-l8gsz,0.0015713199550312677
1783724313,cpu_cores,pod=workload-cloud-6f545f89ff-l8gsz,0.0015749367379605883
1783724323,cpu_cores,pod=workload-cloud-6f545f89ff-l8gsz,0.0018610438129740736
1783724333,cpu_cores,pod=workload-cloud-6f545f89ff-l8gsz,0.0018971025951074363
1783724343,cpu_cores,pod=workload-cloud-6f545f89ff-l8gsz,0.001883414796711844
1783724353,cpu_cores,pod=workload-cloud-6f545f89ff-l8gsz,0.0018929152255079346
1783724363,cpu_cores,pod=workload-cloud-6f545f89ff-l8gsz,0.001882373525294941
1783724373,cpu_cores,pod=workload-cloud-6f545f89ff-l8gsz,0.0018784268929503915
1783723723,cpu_cores,pod=workload-cloud-6f545f89ff-lffvf,0.0005575003300019604
1783723903,cpu_cores,pod=workload-cloud-6f545f89ff-nkqb6,0.014540989933113861
1783723913,cpu_cores,pod=workload-cloud-6f545f89ff-nkqb6,0.02150989833045932
1783723923,cpu_cores,pod=workload-cloud-6f545f89ff-nkqb6,0.05022097337988857
1783723933,cpu_cores,pod=workload-cloud-6f545f89ff-nkqb6,0.04910133333333333
1783723943,cpu_cores,pod=workload-cloud-6f545f89ff-nkqb6,0.1882305619763451
1783723953,cpu_cores,pod=workload-cloud-6f545f89ff-nkqb6,0.28506513787733356
1783723963,cpu_cores,pod=workload-cloud-6f545f89ff-nkqb6,0.3525846409994782
1783723973,cpu_cores,pod=workload-cloud-6f545f89ff-nkqb6,0.4010165123306365
1783723983,cpu_cores,pod=workload-cloud-6f545f89ff-nkqb6,0.4425071455047156
1783723993,cpu_cores,pod=workload-cloud-6f545f89ff-nkqb6,0.4425071455047156
1783724003,cpu_cores,pod=workload-cloud-6f545f89ff-nkqb6,0.44116847615749705
1783724013,cpu_cores,pod=workload-cloud-6f545f89ff-nkqb6,0.443367053917188
1783724023,cpu_cores,pod=workload-cloud-6f545f89ff-nkqb6,0.44370632476483773
1783724033,cpu_cores,pod=workload-cloud-6f545f89ff-nkqb6,0.44080630493429634
1783724043,cpu_cores,pod=workload-cloud-6f545f89ff-nkqb6,0.3750106651520659
1783724053,cpu_cores,pod=workload-cloud-6f545f89ff-nkqb6,0.4427966881545209
1783724063,cpu_cores,pod=workload-cloud-6f545f89ff-nkqb6,0.4453138233775176
1783724073,cpu_cores,pod=workload-cloud-6f545f89ff-nkqb6,0.4246249424921259
1783724083,cpu_cores,pod=workload-cloud-6f545f89ff-nkqb6,0.41941992164026637
1783724093,cpu_cores,pod=workload-cloud-6f545f89ff-nkqb6,0.3138313789190269
1783724103,cpu_cores,pod=workload-cloud-6f545f89ff-nkqb6,0.1803071275747787
1783724113,cpu_cores,pod=workload-cloud-6f545f89ff-nkqb6,0.1803071275747787
1783724123,cpu_cores,pod=workload-cloud-6f545f89ff-nkqb6,0.06423328473656498
1783724133,cpu_cores,pod=workload-cloud-6f545f89ff-nkqb6,0.026464288922828313
1783724143,cpu_cores,pod=workload-cloud-6f545f89ff-nkqb6,0.02649719273800278
1783724153,cpu_cores,pod=workload-cloud-6f545f89ff-nkqb6,0.026317560225525536
1783724163,cpu_cores,pod=workload-cloud-6f545f89ff-nkqb6,0.02620524157375388
1783724173,cpu_cores,pod=workload-cloud-6f545f89ff-nkqb6,0.026054378307715002
1783724183,cpu_cores,pod=workload-cloud-6f545f89ff-nkqb6,0.025935200295928666
1783724193,cpu_cores,pod=workload-cloud-6f545f89ff-nkqb6,0.025935200295928666
1783724203,cpu_cores,pod=workload-cloud-6f545f89ff-nkqb6,0.025889166764052583
1783724213,cpu_cores,pod=workload-cloud-6f545f89ff-nkqb6,0.025916941964808704
1783724223,cpu_cores,pod=workload-cloud-6f545f89ff-nkqb6,0.025940175723319685
1783724233,cpu_cores,pod=workload-cloud-6f545f89ff-nkqb6,0.025838408792981698
1783724243,cpu_cores,pod=workload-cloud-6f545f89ff-nkqb6,0.025908663302830984
1783724253,cpu_cores,pod=workload-cloud-6f545f89ff-nkqb6,0.025908663302830984
1783724263,cpu_cores,pod=workload-cloud-6f545f89ff-nkqb6,0.026048666754236276
1783724273,cpu_cores,pod=workload-cloud-6f545f89ff-nkqb6,0.026060540419830188
1783724283,cpu_cores,pod=workload-cloud-6f545f89ff-nkqb6,0.016396524999999686
1783724293,cpu_cores,pod=workload-cloud-6f545f89ff-nkqb6,0.017418627805937614
1783724303,cpu_cores,pod=workload-cloud-6f545f89ff-nkqb6,0.008604449369602892
1783724313,cpu_cores,pod=workload-cloud-6f545f89ff-nkqb6,0.00860444936960289
1783724323,cpu_cores,pod=workload-cloud-6f545f89ff-nkqb6,0.003533152320351726
1783724333,cpu_cores,pod=workload-cloud-6f545f89ff-nkqb6,0.0019803348102232833
1783724343,cpu_cores,pod=workload-cloud-6f545f89ff-nkqb6,0.0019803348102232833
1783724353,cpu_cores,pod=workload-cloud-6f545f89ff-nkqb6,0.0014680716892140613
1783724363,cpu_cores,pod=workload-cloud-6f545f89ff-nkqb6,0.001203985358218114
1783724373,cpu_cores,pod=workload-cloud-6f545f89ff-nkqb6,0.0008632942453789073
1783723723,cpu_cores,pod=workload-edge-7b875fd8c6-pxwvc,0.002187737611251516
1783723733,cpu_cores,pod=workload-edge-7b875fd8c6-pxwvc,0.002175876709123127
1783723743,cpu_cores,pod=workload-edge-7b875fd8c6-pxwvc,0.0021747901764953077
1783723753,cpu_cores,pod=workload-edge-7b875fd8c6-pxwvc,0.0022192665106050835
1783723763,cpu_cores,pod=workload-edge-7b875fd8c6-pxwvc,0.002191104259449565
1783723773,cpu_cores,pod=workload-edge-7b875fd8c6-pxwvc,0.0021643458785724464
1783723783,cpu_cores,pod=workload-edge-7b875fd8c6-pxwvc,0.0021643263375107236
1783723793,cpu_cores,pod=workload-edge-7b875fd8c6-pxwvc,0.002135807056658539
1783723803,cpu_cores,pod=workload-edge-7b875fd8c6-pxwvc,0.0021056412010456538
1783723813,cpu_cores,pod=workload-edge-7b875fd8c6-pxwvc,0.0021486401804737495
1783723823,cpu_cores,pod=workload-edge-7b875fd8c6-pxwvc,0.0021809437738041413
1783723833,cpu_cores,pod=workload-edge-7b875fd8c6-pxwvc,0.0021809437738041413
1783723843,cpu_cores,pod=workload-edge-7b875fd8c6-pxwvc,0.002203269087889507
1783723853,cpu_cores,pod=workload-edge-7b875fd8c6-pxwvc,0.0021666052085733993
1783723863,cpu_cores,pod=workload-edge-7b875fd8c6-pxwvc,0.0021666052085733993
1783723873,cpu_cores,pod=workload-edge-7b875fd8c6-pxwvc,0.0021624712109580045
1783723883,cpu_cores,pod=workload-edge-7b875fd8c6-pxwvc,0.0021559306774701927
1783723893,cpu_cores,pod=workload-edge-7b875fd8c6-pxwvc,0.0021559306774701927
1783723903,cpu_cores,pod=workload-edge-7b875fd8c6-pxwvc,0.002181241879844083
1783723913,cpu_cores,pod=workload-edge-7b875fd8c6-pxwvc,0.0018181265962441536
1783723923,cpu_cores,pod=workload-edge-7b875fd8c6-pxwvc,0.0018774856103286612
1783723933,cpu_cores,pod=workload-edge-7b875fd8c6-pxwvc,0.002144687766966029
1783723943,cpu_cores,pod=workload-edge-7b875fd8c6-pxwvc,0.002130283078976956
1783723953,cpu_cores,pod=workload-edge-7b875fd8c6-pxwvc,0.00218147771219216
1783723963,cpu_cores,pod=workload-edge-7b875fd8c6-pxwvc,0.002125879986590681
1783723973,cpu_cores,pod=workload-edge-7b875fd8c6-pxwvc,0.001853802151602649
1783723983,cpu_cores,pod=workload-edge-7b875fd8c6-pxwvc,0.002163049211713889
1783723993,cpu_cores,pod=workload-edge-7b875fd8c6-pxwvc,0.0018302087160155232
1783724003,cpu_cores,pod=workload-edge-7b875fd8c6-pxwvc,0.002124882242110215
1783724013,cpu_cores,pod=workload-edge-7b875fd8c6-pxwvc,0.0017586211686904812
1783724023,cpu_cores,pod=workload-edge-7b875fd8c6-pxwvc,0.002198775950509633
1783724033,cpu_cores,pod=workload-edge-7b875fd8c6-pxwvc,0.002178949357520811
1783724043,cpu_cores,pod=workload-edge-7b875fd8c6-pxwvc,0.002203895871539108
1783724053,cpu_cores,pod=workload-edge-7b875fd8c6-pxwvc,0.002213014313632293
1783724063,cpu_cores,pod=workload-edge-7b875fd8c6-pxwvc,0.0021824371965591784
1783724073,cpu_cores,pod=workload-edge-7b875fd8c6-pxwvc,0.0021824371965591784
1783724083,cpu_cores,pod=workload-edge-7b875fd8c6-pxwvc,0.0022294165256419684
1783724093,cpu_cores,pod=workload-edge-7b875fd8c6-pxwvc,0.0022234773353974483
1783724103,cpu_cores,pod=workload-edge-7b875fd8c6-pxwvc,0.002197841894285455
1783724113,cpu_cores,pod=workload-edge-7b875fd8c6-pxwvc,0.001851027857499373
1783724123,cpu_cores,pod=workload-edge-7b875fd8c6-pxwvc,0.0018187931263604772
1783724133,cpu_cores,pod=workload-edge-7b875fd8c6-pxwvc,0.002138418309170874
1783724143,cpu_cores,pod=workload-edge-7b875fd8c6-pxwvc,0.0021287611742477654
1783724153,cpu_cores,pod=workload-edge-7b875fd8c6-pxwvc,0.002141490275716619
1783724163,cpu_cores,pod=workload-edge-7b875fd8c6-pxwvc,0.0021086489220459217
1783724173,cpu_cores,pod=workload-edge-7b875fd8c6-pxwvc,0.002113179188371207
1783724183,cpu_cores,pod=workload-edge-7b875fd8c6-pxwvc,0.00215151249644052
1783724193,cpu_cores,pod=workload-edge-7b875fd8c6-pxwvc,0.0021234769586821966
1783724203,cpu_cores,pod=workload-edge-7b875fd8c6-pxwvc,0.0021234769586821966
1783724213,cpu_cores,pod=workload-edge-7b875fd8c6-pxwvc,0.0021295185424703668
1783724223,cpu_cores,pod=workload-edge-7b875fd8c6-pxwvc,0.0021295185424703668
1783724233,cpu_cores,pod=workload-edge-7b875fd8c6-pxwvc,0.0021517376807740425
1783724243,cpu_cores,pod=workload-edge-7b875fd8c6-pxwvc,0.0021691059073975336
1783724253,cpu_cores,pod=workload-edge-7b875fd8c6-pxwvc,0.0021853782908872253
1783724263,cpu_cores,pod=workload-edge-7b875fd8c6-pxwvc,0.0021644905660377334
1783724273,cpu_cores,pod=workload-edge-7b875fd8c6-pxwvc,0.0021370140876378558
1783724283,cpu_cores,pod=workload-edge-7b875fd8c6-pxwvc,0.002161904945012675
1783724293,cpu_cores,pod=workload-edge-7b875fd8c6-pxwvc,0.002168839400790203
1783724303,cpu_cores,pod=workload-edge-7b875fd8c6-pxwvc,0.001775681425503431
1783724313,cpu_cores,pod=workload-edge-7b875fd8c6-pxwvc,0.0021765247299327037
1783724323,cpu_cores,pod=workload-edge-7b875fd8c6-pxwvc,0.001932523188065507
1783724333,cpu_cores,pod=workload-edge-7b875fd8c6-pxwvc,0.0021704648166310852
1783724343,cpu_cores,pod=workload-edge-7b875fd8c6-pxwvc,0.002156114935168879
1783724353,cpu_cores,pod=workload-edge-7b875fd8c6-pxwvc,0.002165005537098517
1783724363,cpu_cores,pod=workload-edge-7b875fd8c6-pxwvc,0.002085024492652221
1783724373,cpu_cores,pod=workload-edge-7b875fd8c6-pxwvc,0.0020953823539956447
1783723723,cpu_utilisation,pod=workload-cloud-6f545f89ff-9hvzm,0.010421824983609251
1783723733,cpu_utilisation,pod=workload-cloud-6f545f89ff-9hvzm,0.010871648326655782
1783723743,cpu_utilisation,pod=workload-cloud-6f545f89ff-9hvzm,0.0393517343904869
1783723753,cpu_utilisation,pod=workload-cloud-6f545f89ff-9hvzm,0.11239681437437446
1783723763,cpu_utilisation,pod=workload-cloud-6f545f89ff-9hvzm,0.12437662499999648
1783723773,cpu_utilisation,pod=workload-cloud-6f545f89ff-9hvzm,0.2864129935469757
1783723783,cpu_utilisation,pod=workload-cloud-6f545f89ff-9hvzm,0.4637033630834221
1783723793,cpu_utilisation,pod=workload-cloud-6f545f89ff-9hvzm,0.46370336308342197
1783723803,cpu_utilisation,pod=workload-cloud-6f545f89ff-9hvzm,0.6020988050364905
1783723813,cpu_utilisation,pod=workload-cloud-6f545f89ff-9hvzm,0.7533518522814262
1783723823,cpu_utilisation,pod=workload-cloud-6f545f89ff-9hvzm,0.7533518522814262
1783723833,cpu_utilisation,pod=workload-cloud-6f545f89ff-9hvzm,0.892600109513381
1783723843,cpu_utilisation,pod=workload-cloud-6f545f89ff-9hvzm,0.9831249841840246
1783723853,cpu_utilisation,pod=workload-cloud-6f545f89ff-9hvzm,1.0154622688655708
1783723863,cpu_utilisation,pod=workload-cloud-6f545f89ff-9hvzm,1.0755924813203506
1783723873,cpu_utilisation,pod=workload-cloud-6f545f89ff-9hvzm,0.9864578446315831
1783723883,cpu_utilisation,pod=workload-cloud-6f545f89ff-9hvzm,1.126054779786025
1783723893,cpu_utilisation,pod=workload-cloud-6f545f89ff-9hvzm,1.1300512264982359
1783723903,cpu_utilisation,pod=workload-cloud-6f545f89ff-9hvzm,1.1358547154102299
1783723913,cpu_utilisation,pod=workload-cloud-6f545f89ff-9hvzm,1.1704094134030933
1783723923,cpu_utilisation,pod=workload-cloud-6f545f89ff-9hvzm,1.038915927590739
1783723933,cpu_utilisation,pod=workload-cloud-6f545f89ff-9hvzm,1.4737047567887955
1783723943,cpu_utilisation,pod=workload-cloud-6f545f89ff-9hvzm,1.7288102798761373
1783723953,cpu_utilisation,pod=workload-cloud-6f545f89ff-9hvzm,1.8888560088424449
1783723963,cpu_utilisation,pod=workload-cloud-6f545f89ff-9hvzm,2.1839242139598256
1783723973,cpu_utilisation,pod=workload-cloud-6f545f89ff-9hvzm,1.8874570106128252
1783723983,cpu_utilisation,pod=workload-cloud-6f545f89ff-9hvzm,2.2777475996317285
1783723993,cpu_utilisation,pod=workload-cloud-6f545f89ff-9hvzm,2.3044281189512597
1783724003,cpu_utilisation,pod=workload-cloud-6f545f89ff-9hvzm,1.4785243749999992
1783724013,cpu_utilisation,pod=workload-cloud-6f545f89ff-9hvzm,2.3599759467273347
1783724023,cpu_utilisation,pod=workload-cloud-6f545f89ff-9hvzm,2.382117199429274
1783724033,cpu_utilisation,pod=workload-cloud-6f545f89ff-9hvzm,2.366939082107575
1783724043,cpu_utilisation,pod=workload-cloud-6f545f89ff-9hvzm,2.01872863300944
1783724053,cpu_utilisation,pod=workload-cloud-6f545f89ff-9hvzm,2.306077237228625
1783724063,cpu_utilisation,pod=workload-cloud-6f545f89ff-9hvzm,2.2924963922484842
1783724073,cpu_utilisation,pod=workload-cloud-6f545f89ff-9hvzm,2.276539904238649
1783724083,cpu_utilisation,pod=workload-cloud-6f545f89ff-9hvzm,2.1709486238532154
1783724093,cpu_utilisation,pod=workload-cloud-6f545f89ff-9hvzm,1.9410802745831368
1783724103,cpu_utilisation,pod=workload-cloud-6f545f89ff-9hvzm,1.715986799217734
1783724113,cpu_utilisation,pod=workload-cloud-6f545f89ff-9hvzm,1.4884096227531074
1783724123,cpu_utilisation,pod=workload-cloud-6f545f89ff-9hvzm,1.2581130803313374
1783724133,cpu_utilisation,pod=workload-cloud-6f545f89ff-9hvzm,1.2581130803313374
1783724143,cpu_utilisation,pod=workload-cloud-6f545f89ff-9hvzm,1.1918869696911556
1783724153,cpu_utilisation,pod=workload-cloud-6f545f89ff-9hvzm,1.200481727574748
1783724163,cpu_utilisation,pod=workload-cloud-6f545f89ff-9hvzm,1.0031178810531711
1783724173,cpu_utilisation,pod=workload-cloud-6f545f89ff-9hvzm,1.2170273390484174
1783724183,cpu_utilisation,pod=workload-cloud-6f545f89ff-9hvzm,1.2115249550121754
1783724193,cpu_utilisation,pod=workload-cloud-6f545f89ff-9hvzm,1.2155718923760122
1783724203,cpu_utilisation,pod=workload-cloud-6f545f89ff-9hvzm,1.2192582539201748
1783724213,cpu_utilisation,pod=workload-cloud-6f545f89ff-9hvzm,1.210866150127952
1783724223,cpu_utilisation,pod=workload-cloud-6f545f89ff-9hvzm,1.2123196014422186
1783724233,cpu_utilisation,pod=workload-cloud-6f545f89ff-9hvzm,1.210498545240353
1783724243,cpu_utilisation,pod=workload-cloud-6f545f89ff-9hvzm,1.2104263007187854
1783724253,cpu_utilisation,pod=workload-cloud-6f545f89ff-9hvzm,1.2126311080947685
1783724263,cpu_utilisation,pod=workload-cloud-6f545f89ff-9hvzm,1.2126311080947685
1783724273,cpu_utilisation,pod=workload-cloud-6f545f89ff-9hvzm,1.2025234404183787
1783724283,cpu_utilisation,pod=workload-cloud-6f545f89ff-9hvzm,1.2013649682354441
1783724293,cpu_utilisation,pod=workload-cloud-6f545f89ff-9hvzm,1.1224754729380848
1783724303,cpu_utilisation,pod=workload-cloud-6f545f89ff-9hvzm,0.8048738729508143
1783724313,cpu_utilisation,pod=workload-cloud-6f545f89ff-9hvzm,0.4458794554286064
1783724323,cpu_utilisation,pod=workload-cloud-6f545f89ff-9hvzm,0.4458794554286064
1783724333,cpu_utilisation,pod=workload-cloud-6f545f89ff-9hvzm,0.09475377093518535
1783724343,cpu_utilisation,pod=workload-cloud-6f545f89ff-9hvzm,0.09475377093518535
1783724353,cpu_utilisation,pod=workload-cloud-6f545f89ff-9hvzm,0.009828496324161988
1783724363,cpu_utilisation,pod=workload-cloud-6f545f89ff-9hvzm,0.009547987961205468
1783724373,cpu_utilisation,pod=workload-cloud-6f545f89ff-9hvzm,0.006062374999999065
1783723843,cpu_utilisation,pod=workload-cloud-6f545f89ff-cc6qq,0.0567740016727494
1783723853,cpu_utilisation,pod=workload-cloud-6f545f89ff-cc6qq,0.04745204603682947
1783723863,cpu_utilisation,pod=workload-cloud-6f545f89ff-cc6qq,0.06207507779556979
1783723873,cpu_utilisation,pod=workload-cloud-6f545f89ff-cc6qq,0.11688854999167783
1783723883,cpu_utilisation,pod=workload-cloud-6f545f89ff-cc6qq,0.19454694568575465
1783723893,cpu_utilisation,pod=workload-cloud-6f545f89ff-cc6qq,0.2550971196584188
1783723903,cpu_utilisation,pod=workload-cloud-6f545f89ff-cc6qq,0.3302190910571754
1783723913,cpu_utilisation,pod=workload-cloud-6f545f89ff-cc6qq,0.47491657257726194
1783723923,cpu_utilisation,pod=workload-cloud-6f545f89ff-cc6qq,0.48341432433692255
1783723933,cpu_utilisation,pod=workload-cloud-6f545f89ff-cc6qq,0.8412513406860265
1783723943,cpu_utilisation,pod=workload-cloud-6f545f89ff-cc6qq,0.9822987526787186
1783723953,cpu_utilisation,pod=workload-cloud-6f545f89ff-cc6qq,1.6708048802437518
1783723963,cpu_utilisation,pod=workload-cloud-6f545f89ff-cc6qq,1.84611170824612
1783723973,cpu_utilisation,pod=workload-cloud-6f545f89ff-cc6qq,2.1042532561925804
1783723983,cpu_utilisation,pod=workload-cloud-6f545f89ff-cc6qq,2.0818030739097413
1783723993,cpu_utilisation,pod=workload-cloud-6f545f89ff-cc6qq,2.112172234890483
1783724003,cpu_utilisation,pod=workload-cloud-6f545f89ff-cc6qq,2.112172234890483
1783724013,cpu_utilisation,pod=workload-cloud-6f545f89ff-cc6qq,2.110090004532602
1783724023,cpu_utilisation,pod=workload-cloud-6f545f89ff-cc6qq,2.1496608347180133
1783724033,cpu_utilisation,pod=workload-cloud-6f545f89ff-cc6qq,2.1835972081432673
1783724043,cpu_utilisation,pod=workload-cloud-6f545f89ff-cc6qq,2.1515211402563184
1783724053,cpu_utilisation,pod=workload-cloud-6f545f89ff-cc6qq,2.157141754260943
1783724063,cpu_utilisation,pod=workload-cloud-6f545f89ff-cc6qq,2.133114005766097
1783724073,cpu_utilisation,pod=workload-cloud-6f545f89ff-cc6qq,1.9573177447853323
1783724083,cpu_utilisation,pod=workload-cloud-6f545f89ff-cc6qq,1.7881217510767848
1783724093,cpu_utilisation,pod=workload-cloud-6f545f89ff-cc6qq,1.4038083627308566
1783724103,cpu_utilisation,pod=workload-cloud-6f545f89ff-cc6qq,0.9679578011734609
1783724113,cpu_utilisation,pod=workload-cloud-6f545f89ff-cc6qq,0.9310743801652893
1783724123,cpu_utilisation,pod=workload-cloud-6f545f89ff-cc6qq,0.5994103896683067
1783724133,cpu_utilisation,pod=workload-cloud-6f545f89ff-cc6qq,0.5596808894095395
1783724143,cpu_utilisation,pod=workload-cloud-6f545f89ff-cc6qq,0.4542670443070857
1783724153,cpu_utilisation,pod=workload-cloud-6f545f89ff-cc6qq,0.55254693598473
1783724163,cpu_utilisation,pod=workload-cloud-6f545f89ff-cc6qq,0.5467868895220515
1783724173,cpu_utilisation,pod=workload-cloud-6f545f89ff-cc6qq,0.5447005414410655
1783724183,cpu_utilisation,pod=workload-cloud-6f545f89ff-cc6qq,0.5447005414410655
1783724193,cpu_utilisation,pod=workload-cloud-6f545f89ff-cc6qq,0.5358160129742654
1783724203,cpu_utilisation,pod=workload-cloud-6f545f89ff-cc6qq,0.5358160129742654
1783724213,cpu_utilisation,pod=workload-cloud-6f545f89ff-cc6qq,0.5398449620944998
1783724223,cpu_utilisation,pod=workload-cloud-6f545f89ff-cc6qq,0.5369980819891849
1783724233,cpu_utilisation,pod=workload-cloud-6f545f89ff-cc6qq,0.4527608211646497
1783724243,cpu_utilisation,pod=workload-cloud-6f545f89ff-cc6qq,0.5444654372397371
1783724253,cpu_utilisation,pod=workload-cloud-6f545f89ff-cc6qq,0.5448997490739632
1783724263,cpu_utilisation,pod=workload-cloud-6f545f89ff-cc6qq,0.5452253288041111
1783724273,cpu_utilisation,pod=workload-cloud-6f545f89ff-cc6qq,0.54622431921165
1783724283,cpu_utilisation,pod=workload-cloud-6f545f89ff-cc6qq,0.507655704618308
1783724293,cpu_utilisation,pod=workload-cloud-6f545f89ff-cc6qq,0.3213016316495302
1783724303,cpu_utilisation,pod=workload-cloud-6f545f89ff-cc6qq,0.3213016316495302
1783724313,cpu_utilisation,pod=workload-cloud-6f545f89ff-cc6qq,0.14146811410310675
1783724323,cpu_utilisation,pod=workload-cloud-6f545f89ff-cc6qq,0.01001877097069357
1783724333,cpu_utilisation,pod=workload-cloud-6f545f89ff-cc6qq,0.010043060354655272
1783724343,cpu_utilisation,pod=workload-cloud-6f545f89ff-cc6qq,0.010041629353534514
1783724353,cpu_utilisation,pod=workload-cloud-6f545f89ff-cc6qq,0.00977332258714381
1783724363,cpu_utilisation,pod=workload-cloud-6f545f89ff-cc6qq,0.009757125944813181
1783724373,cpu_utilisation,pod=workload-cloud-6f545f89ff-cc6qq,0.009896397485493043
1783724023,cpu_utilisation,pod=workload-cloud-6f545f89ff-fqhzs,0.04260596103883915
1783724033,cpu_utilisation,pod=workload-cloud-6f545f89ff-fqhzs,0.040759496292879595
1783724043,cpu_utilisation,pod=workload-cloud-6f545f89ff-fqhzs,0.05340484844084552
1783724053,cpu_utilisation,pod=workload-cloud-6f545f89ff-fqhzs,0.04647678405201917
1783724063,cpu_utilisation,pod=workload-cloud-6f545f89ff-fqhzs,0.04399117242365219
1783724073,cpu_utilisation,pod=workload-cloud-6f545f89ff-fqhzs,0.0087391372631138
1783724083,cpu_utilisation,pod=workload-cloud-6f545f89ff-fqhzs,0.009261011969270044
1783724093,cpu_utilisation,pod=workload-cloud-6f545f89ff-fqhzs,0.00793212720306514
1783724103,cpu_utilisation,pod=workload-cloud-6f545f89ff-fqhzs,0.009095763581806695
1783724113,cpu_utilisation,pod=workload-cloud-6f545f89ff-fqhzs,0.009295565220623766
1783724123,cpu_utilisation,pod=workload-cloud-6f545f89ff-fqhzs,0.009153751411269624
1783724133,cpu_utilisation,pod=workload-cloud-6f545f89ff-fqhzs,0.009243278676747901
1783724143,cpu_utilisation,pod=workload-cloud-6f545f89ff-fqhzs,0.009144620416209307
1783724153,cpu_utilisation,pod=workload-cloud-6f545f89ff-fqhzs,0.009445521822477827
1783724163,cpu_utilisation,pod=workload-cloud-6f545f89ff-fqhzs,0.00912688531950936
1783724173,cpu_utilisation,pod=workload-cloud-6f545f89ff-fqhzs,0.0089585914271556
1783724183,cpu_utilisation,pod=workload-cloud-6f545f89ff-fqhzs,0.008974460792509614
1783724193,cpu_utilisation,pod=workload-cloud-6f545f89ff-fqhzs,0.009004718869156705
1783724203,cpu_utilisation,pod=workload-cloud-6f545f89ff-fqhzs,0.009004718869156705
1783724213,cpu_utilisation,pod=workload-cloud-6f545f89ff-fqhzs,0.009228014117745341
1783724223,cpu_utilisation,pod=workload-cloud-6f545f89ff-fqhzs,0.009334220214707794
1783724233,cpu_utilisation,pod=workload-cloud-6f545f89ff-fqhzs,0.009366233598345292
1783724243,cpu_utilisation,pod=workload-cloud-6f545f89ff-fqhzs,0.009162060860174074
1783724253,cpu_utilisation,pod=workload-cloud-6f545f89ff-fqhzs,0.007601800939081017
1783724263,cpu_utilisation,pod=workload-cloud-6f545f89ff-fqhzs,0.009338500789172125
1783724273,cpu_utilisation,pod=workload-cloud-6f545f89ff-fqhzs,0.008924557097778785
1783724283,cpu_utilisation,pod=workload-cloud-6f545f89ff-fqhzs,0.008924557097778785
1783724293,cpu_utilisation,pod=workload-cloud-6f545f89ff-fqhzs,0.00912105378181312
1783724303,cpu_utilisation,pod=workload-cloud-6f545f89ff-fqhzs,0.008761232544019424
1783724313,cpu_utilisation,pod=workload-cloud-6f545f89ff-fqhzs,0.009117782042723628
1783724323,cpu_utilisation,pod=workload-cloud-6f545f89ff-fqhzs,0.009743902722559341
1783724333,cpu_utilisation,pod=workload-cloud-6f545f89ff-fqhzs,0.00851243883396011
1783724343,cpu_utilisation,pod=workload-cloud-6f545f89ff-fqhzs,0.010063140892293373
1783724353,cpu_utilisation,pod=workload-cloud-6f545f89ff-fqhzs,0.010037420363309084
1783724363,cpu_utilisation,pod=workload-cloud-6f545f89ff-fqhzs,0.009926455174341415
1783724373,cpu_utilisation,pod=workload-cloud-6f545f89ff-fqhzs,0.009868245969940891
1783723963,cpu_utilisation,pod=workload-cloud-6f545f89ff-klsfd,0.03975184409272831
1783723973,cpu_utilisation,pod=workload-cloud-6f545f89ff-klsfd,0.0580383974478923
1783723983,cpu_utilisation,pod=workload-cloud-6f545f89ff-klsfd,0.04712846380229696
1783723993,cpu_utilisation,pod=workload-cloud-6f545f89ff-klsfd,0.058093564978124144
1783724003,cpu_utilisation,pod=workload-cloud-6f545f89ff-klsfd,0.04669917108881744
1783724013,cpu_utilisation,pod=workload-cloud-6f545f89ff-klsfd,0.008911876627278183
1783724023,cpu_utilisation,pod=workload-cloud-6f545f89ff-klsfd,0.008856209150326795
1783724033,cpu_utilisation,pod=workload-cloud-6f545f89ff-klsfd,0.008906734291349673
1783724043,cpu_utilisation,pod=workload-cloud-6f545f89ff-klsfd,0.00850185602696364
1783724053,cpu_utilisation,pod=workload-cloud-6f545f89ff-klsfd,0.008672011059841648
1783724063,cpu_utilisation,pod=workload-cloud-6f545f89ff-klsfd,0.008867721817514808
1783724073,cpu_utilisation,pod=workload-cloud-6f545f89ff-klsfd,0.008816959547116405
1783724083,cpu_utilisation,pod=workload-cloud-6f545f89ff-klsfd,0.008675420017231475
1783724093,cpu_utilisation,pod=workload-cloud-6f545f89ff-klsfd,0.008784993570086054
1783724103,cpu_utilisation,pod=workload-cloud-6f545f89ff-klsfd,0.009118983451010093
1783724113,cpu_utilisation,pod=workload-cloud-6f545f89ff-klsfd,0.008966117647058817
1783724123,cpu_utilisation,pod=workload-cloud-6f545f89ff-klsfd,0.00917782460985048
1783724133,cpu_utilisation,pod=workload-cloud-6f545f89ff-klsfd,0.00948197766380674
1783724143,cpu_utilisation,pod=workload-cloud-6f545f89ff-klsfd,0.00902872981552192
1783724153,cpu_utilisation,pod=workload-cloud-6f545f89ff-klsfd,0.00902872981552192
1783724163,cpu_utilisation,pod=workload-cloud-6f545f89ff-klsfd,0.009364387028034903
1783724173,cpu_utilisation,pod=workload-cloud-6f545f89ff-klsfd,0.009167331118493908
1783724183,cpu_utilisation,pod=workload-cloud-6f545f89ff-klsfd,0.00762478677484289
1783724193,cpu_utilisation,pod=workload-cloud-6f545f89ff-klsfd,0.007783910407838754
1783724203,cpu_utilisation,pod=workload-cloud-6f545f89ff-klsfd,0.009014698440447154
1783724213,cpu_utilisation,pod=workload-cloud-6f545f89ff-klsfd,0.007671007556240505
1783724223,cpu_utilisation,pod=workload-cloud-6f545f89ff-klsfd,0.008945816622324583
1783724233,cpu_utilisation,pod=workload-cloud-6f545f89ff-klsfd,0.009193316292719873
1783724243,cpu_utilisation,pod=workload-cloud-6f545f89ff-klsfd,0.009110225181810221
1783724253,cpu_utilisation,pod=workload-cloud-6f545f89ff-klsfd,0.009234470057525972
1783724263,cpu_utilisation,pod=workload-cloud-6f545f89ff-klsfd,0.009039736558073967
1783724273,cpu_utilisation,pod=workload-cloud-6f545f89ff-klsfd,0.008963321492007102
1783724283,cpu_utilisation,pod=workload-cloud-6f545f89ff-klsfd,0.008835557158312296
1783723963,cpu_utilisation,pod=workload-cloud-6f545f89ff-l8gsz,0.05256054034305192
1783723973,cpu_utilisation,pod=workload-cloud-6f545f89ff-l8gsz,0.04005034354742337
1783723983,cpu_utilisation,pod=workload-cloud-6f545f89ff-l8gsz,0.052355869978917925
1783723993,cpu_utilisation,pod=workload-cloud-6f545f89ff-l8gsz,0.04805461848204389
1783724003,cpu_utilisation,pod=workload-cloud-6f545f89ff-l8gsz,0.04514417030530169
1783724013,cpu_utilisation,pod=workload-cloud-6f545f89ff-l8gsz,0.008913230510964218
1783724023,cpu_utilisation,pod=workload-cloud-6f545f89ff-l8gsz,0.009115955751599271
1783724033,cpu_utilisation,pod=workload-cloud-6f545f89ff-l8gsz,0.007372896440231039
1783724043,cpu_utilisation,pod=workload-cloud-6f545f89ff-l8gsz,0.008568359130543613
1783724053,cpu_utilisation,pod=workload-cloud-6f545f89ff-l8gsz,0.00855521038541193
1783724063,cpu_utilisation,pod=workload-cloud-6f545f89ff-l8gsz,0.006810090053627653
1783724073,cpu_utilisation,pod=workload-cloud-6f545f89ff-l8gsz,0.008599531665330578
1783724083,cpu_utilisation,pod=workload-cloud-6f545f89ff-l8gsz,0.008747905591295544
1783724093,cpu_utilisation,pod=workload-cloud-6f545f89ff-l8gsz,0.008747905591295544
1783724103,cpu_utilisation,pod=workload-cloud-6f545f89ff-l8gsz,0.008920886680680303
1783724113,cpu_utilisation,pod=workload-cloud-6f545f89ff-l8gsz,0.008939783061908934
1783724123,cpu_utilisation,pod=workload-cloud-6f545f89ff-l8gsz,0.008843492913073646
1783724133,cpu_utilisation,pod=workload-cloud-6f545f89ff-l8gsz,0.009008392273916893
1783724143,cpu_utilisation,pod=workload-cloud-6f545f89ff-l8gsz,0.009071280582908488
1783724153,cpu_utilisation,pod=workload-cloud-6f545f89ff-l8gsz,0.009071280582908488
1783724163,cpu_utilisation,pod=workload-cloud-6f545f89ff-l8gsz,0.008988662020221841
1783724173,cpu_utilisation,pod=workload-cloud-6f545f89ff-l8gsz,0.008838937378649582
1783724183,cpu_utilisation,pod=workload-cloud-6f545f89ff-l8gsz,0.00881272748393092
1783724193,cpu_utilisation,pod=workload-cloud-6f545f89ff-l8gsz,0.00857669237360754
1783724203,cpu_utilisation,pod=workload-cloud-6f545f89ff-l8gsz,0.008687730158371551
1783724213,cpu_utilisation,pod=workload-cloud-6f545f89ff-l8gsz,0.008687730158371551
1783724223,cpu_utilisation,pod=workload-cloud-6f545f89ff-l8gsz,0.008800830422460949
1783724233,cpu_utilisation,pod=workload-cloud-6f545f89ff-l8gsz,0.008746842577709116
1783724243,cpu_utilisation,pod=workload-cloud-6f545f89ff-l8gsz,0.0076733913531239276
1783724253,cpu_utilisation,pod=workload-cloud-6f545f89ff-l8gsz,0.009043715173332027
1783724263,cpu_utilisation,pod=workload-cloud-6f545f89ff-l8gsz,0.00879670051927761
1783724273,cpu_utilisation,pod=workload-cloud-6f545f89ff-l8gsz,0.008924922933543621
1783724283,cpu_utilisation,pod=workload-cloud-6f545f89ff-l8gsz,0.00896011125109944
1783724293,cpu_utilisation,pod=workload-cloud-6f545f89ff-l8gsz,0.00875622867776283
1783724303,cpu_utilisation,pod=workload-cloud-6f545f89ff-l8gsz,0.007856599775156337
1783724313,cpu_utilisation,pod=workload-cloud-6f545f89ff-l8gsz,0.00787468368980294
1783724323,cpu_utilisation,pod=workload-cloud-6f545f89ff-l8gsz,0.009305219064870368
1783724333,cpu_utilisation,pod=workload-cloud-6f545f89ff-l8gsz,0.00948551297553718
1783724343,cpu_utilisation,pod=workload-cloud-6f545f89ff-l8gsz,0.00941707398355922
1783724353,cpu_utilisation,pod=workload-cloud-6f545f89ff-l8gsz,0.009464576127539672
1783724363,cpu_utilisation,pod=workload-cloud-6f545f89ff-l8gsz,0.009411867626474705
1783724373,cpu_utilisation,pod=workload-cloud-6f545f89ff-l8gsz,0.009392134464751957
1783723903,cpu_utilisation,pod=workload-cloud-6f545f89ff-nkqb6,0.0727049496655693
1783723913,cpu_utilisation,pod=workload-cloud-6f545f89ff-nkqb6,0.10754949165229659
1783723923,cpu_utilisation,pod=workload-cloud-6f545f89ff-nkqb6,0.25110486689944284
1783723933,cpu_utilisation,pod=workload-cloud-6f545f89ff-nkqb6,0.24550666666666665
1783723943,cpu_utilisation,pod=workload-cloud-6f545f89ff-nkqb6,0.9411528098817254
1783723953,cpu_utilisation,pod=workload-cloud-6f545f89ff-nkqb6,1.4253256893866677
1783723963,cpu_utilisation,pod=workload-cloud-6f545f89ff-nkqb6,1.762923204997391
1783723973,cpu_utilisation,pod=workload-cloud-6f545f89ff-nkqb6,2.0050825616531824
1783723983,cpu_utilisation,pod=workload-cloud-6f545f89ff-nkqb6,2.2125357275235777
1783723993,cpu_utilisation,pod=workload-cloud-6f545f89ff-nkqb6,2.2125357275235777
1783724003,cpu_utilisation,pod=workload-cloud-6f545f89ff-nkqb6,2.205842380787485
1783724013,cpu_utilisation,pod=workload-cloud-6f545f89ff-nkqb6,2.21683526958594
1783724023,cpu_utilisation,pod=workload-cloud-6f545f89ff-nkqb6,2.2185316238241883
1783724033,cpu_utilisation,pod=workload-cloud-6f545f89ff-nkqb6,2.2040315246714814
1783724043,cpu_utilisation,pod=workload-cloud-6f545f89ff-nkqb6,1.8750533257603292
1783724053,cpu_utilisation,pod=workload-cloud-6f545f89ff-nkqb6,2.2139834407726044
1783724063,cpu_utilisation,pod=workload-cloud-6f545f89ff-nkqb6,2.226569116887588
1783724073,cpu_utilisation,pod=workload-cloud-6f545f89ff-nkqb6,2.1231247124606294
1783724083,cpu_utilisation,pod=workload-cloud-6f545f89ff-nkqb6,2.0970996082013316
1783724093,cpu_utilisation,pod=workload-cloud-6f545f89ff-nkqb6,1.5691568945951344
1783724103,cpu_utilisation,pod=workload-cloud-6f545f89ff-nkqb6,0.9015356378738935
1783724113,cpu_utilisation,pod=workload-cloud-6f545f89ff-nkqb6,0.9015356378738935
1783724123,cpu_utilisation,pod=workload-cloud-6f545f89ff-nkqb6,0.3211664236828249
1783724133,cpu_utilisation,pod=workload-cloud-6f545f89ff-nkqb6,0.13232144461414155
1783724143,cpu_utilisation,pod=workload-cloud-6f545f89ff-nkqb6,0.1324859636900139
1783724153,cpu_utilisation,pod=workload-cloud-6f545f89ff-nkqb6,0.13158780112762766
1783724163,cpu_utilisation,pod=workload-cloud-6f545f89ff-nkqb6,0.1310262078687694
1783724173,cpu_utilisation,pod=workload-cloud-6f545f89ff-nkqb6,0.130271891538575
1783724183,cpu_utilisation,pod=workload-cloud-6f545f89ff-nkqb6,0.1296760014796433
1783724193,cpu_utilisation,pod=workload-cloud-6f545f89ff-nkqb6,0.1296760014796433
1783724203,cpu_utilisation,pod=workload-cloud-6f545f89ff-nkqb6,0.1294458338202629
1783724213,cpu_utilisation,pod=workload-cloud-6f545f89ff-nkqb6,0.12958470982404352
1783724223,cpu_utilisation,pod=workload-cloud-6f545f89ff-nkqb6,0.1297008786165984
1783724233,cpu_utilisation,pod=workload-cloud-6f545f89ff-nkqb6,0.1291920439649085
1783724243,cpu_utilisation,pod=workload-cloud-6f545f89ff-nkqb6,0.1295433165141549
1783724253,cpu_utilisation,pod=workload-cloud-6f545f89ff-nkqb6,0.1295433165141549
1783724263,cpu_utilisation,pod=workload-cloud-6f545f89ff-nkqb6,0.13024333377118136
1783724273,cpu_utilisation,pod=workload-cloud-6f545f89ff-nkqb6,0.13030270209915093
1783724283,cpu_utilisation,pod=workload-cloud-6f545f89ff-nkqb6,0.08198262499999842
1783724293,cpu_utilisation,pod=workload-cloud-6f545f89ff-nkqb6,0.08709313902968807
1783724303,cpu_utilisation,pod=workload-cloud-6f545f89ff-nkqb6,0.04302224684801446
1783724313,cpu_utilisation,pod=workload-cloud-6f545f89ff-nkqb6,0.04302224684801445
1783724323,cpu_utilisation,pod=workload-cloud-6f545f89ff-nkqb6,0.017665761601758628
1783724333,cpu_utilisation,pod=workload-cloud-6f545f89ff-nkqb6,0.009901674051116416
1783724343,cpu_utilisation,pod=workload-cloud-6f545f89ff-nkqb6,0.009901674051116416
1783723723,cpu_utilisation,pod=workload-edge-7b875fd8c6-pxwvc,0.021877376112515157
1783723733,cpu_utilisation,pod=workload-edge-7b875fd8c6-pxwvc,0.02175876709123127
1783723743,cpu_utilisation,pod=workload-edge-7b875fd8c6-pxwvc,0.021747901764953077
1783723753,cpu_utilisation,pod=workload-edge-7b875fd8c6-pxwvc,0.022192665106050835
1783723763,cpu_utilisation,pod=workload-edge-7b875fd8c6-pxwvc,0.021911042594495646
1783723773,cpu_utilisation,pod=workload-edge-7b875fd8c6-pxwvc,0.021643458785724462
1783723783,cpu_utilisation,pod=workload-edge-7b875fd8c6-pxwvc,0.021643263375107236
1783723793,cpu_utilisation,pod=workload-edge-7b875fd8c6-pxwvc,0.02135807056658539
1783723803,cpu_utilisation,pod=workload-edge-7b875fd8c6-pxwvc,0.021056412010456535
1783723813,cpu_utilisation,pod=workload-edge-7b875fd8c6-pxwvc,0.021486401804737494
1783723823,cpu_utilisation,pod=workload-edge-7b875fd8c6-pxwvc,0.02180943773804141
1783723833,cpu_utilisation,pod=workload-edge-7b875fd8c6-pxwvc,0.02180943773804141
1783723843,cpu_utilisation,pod=workload-edge-7b875fd8c6-pxwvc,0.022032690878895072
1783723853,cpu_utilisation,pod=workload-edge-7b875fd8c6-pxwvc,0.02166605208573399
1783723863,cpu_utilisation,pod=workload-edge-7b875fd8c6-pxwvc,0.02166605208573399
1783723873,cpu_utilisation,pod=workload-edge-7b875fd8c6-pxwvc,0.021624712109580044
1783723883,cpu_utilisation,pod=workload-edge-7b875fd8c6-pxwvc,0.021559306774701924
1783723893,cpu_utilisation,pod=workload-edge-7b875fd8c6-pxwvc,0.021559306774701924
1783723903,cpu_utilisation,pod=workload-edge-7b875fd8c6-pxwvc,0.021812418798440827
1783723913,cpu_utilisation,pod=workload-edge-7b875fd8c6-pxwvc,0.018181265962441535
1783723923,cpu_utilisation,pod=workload-edge-7b875fd8c6-pxwvc,0.01877485610328661
1783723933,cpu_utilisation,pod=workload-edge-7b875fd8c6-pxwvc,0.02144687766966029
1783723943,cpu_utilisation,pod=workload-edge-7b875fd8c6-pxwvc,0.021302830789769557
1783723953,cpu_utilisation,pod=workload-edge-7b875fd8c6-pxwvc,0.0218147771219216
1783723963,cpu_utilisation,pod=workload-edge-7b875fd8c6-pxwvc,0.021258799865906806
1783723973,cpu_utilisation,pod=workload-edge-7b875fd8c6-pxwvc,0.018538021516026487
1783723983,cpu_utilisation,pod=workload-edge-7b875fd8c6-pxwvc,0.021630492117138887
1783723993,cpu_utilisation,pod=workload-edge-7b875fd8c6-pxwvc,0.01830208716015523
1783724003,cpu_utilisation,pod=workload-edge-7b875fd8c6-pxwvc,0.021248822421102147
1783724013,cpu_utilisation,pod=workload-edge-7b875fd8c6-pxwvc,0.01758621168690481
1783724023,cpu_utilisation,pod=workload-edge-7b875fd8c6-pxwvc,0.02198775950509633
1783724033,cpu_utilisation,pod=workload-edge-7b875fd8c6-pxwvc,0.02178949357520811
1783724043,cpu_utilisation,pod=workload-edge-7b875fd8c6-pxwvc,0.022038958715391077
1783724053,cpu_utilisation,pod=workload-edge-7b875fd8c6-pxwvc,0.02213014313632293
1783724063,cpu_utilisation,pod=workload-edge-7b875fd8c6-pxwvc,0.021824371965591782
1783724073,cpu_utilisation,pod=workload-edge-7b875fd8c6-pxwvc,0.021824371965591782
1783724083,cpu_utilisation,pod=workload-edge-7b875fd8c6-pxwvc,0.022294165256419682
1783724093,cpu_utilisation,pod=workload-edge-7b875fd8c6-pxwvc,0.02223477335397448
1783724103,cpu_utilisation,pod=workload-edge-7b875fd8c6-pxwvc,0.021978418942854547
1783724113,cpu_utilisation,pod=workload-edge-7b875fd8c6-pxwvc,0.018510278574993728
1783724123,cpu_utilisation,pod=workload-edge-7b875fd8c6-pxwvc,0.01818793126360477
1783724133,cpu_utilisation,pod=workload-edge-7b875fd8c6-pxwvc,0.021384183091708735
1783724143,cpu_utilisation,pod=workload-edge-7b875fd8c6-pxwvc,0.021287611742477654
1783724153,cpu_utilisation,pod=workload-edge-7b875fd8c6-pxwvc,0.02141490275716619
1783724163,cpu_utilisation,pod=workload-edge-7b875fd8c6-pxwvc,0.021086489220459217
1783724173,cpu_utilisation,pod=workload-edge-7b875fd8c6-pxwvc,0.021131791883712066
1783724183,cpu_utilisation,pod=workload-edge-7b875fd8c6-pxwvc,0.0215151249644052
1783724193,cpu_utilisation,pod=workload-edge-7b875fd8c6-pxwvc,0.021234769586821963
1783724203,cpu_utilisation,pod=workload-edge-7b875fd8c6-pxwvc,0.021234769586821963
1783724213,cpu_utilisation,pod=workload-edge-7b875fd8c6-pxwvc,0.021295185424703666
1783724223,cpu_utilisation,pod=workload-edge-7b875fd8c6-pxwvc,0.021295185424703666
1783724233,cpu_utilisation,pod=workload-edge-7b875fd8c6-pxwvc,0.021517376807740424
1783724243,cpu_utilisation,pod=workload-edge-7b875fd8c6-pxwvc,0.021691059073975335
1783724253,cpu_utilisation,pod=workload-edge-7b875fd8c6-pxwvc,0.02185378290887225
1783724263,cpu_utilisation,pod=workload-edge-7b875fd8c6-pxwvc,0.02164490566037733
1783724273,cpu_utilisation,pod=workload-edge-7b875fd8c6-pxwvc,0.021370140876378556
1783724283,cpu_utilisation,pod=workload-edge-7b875fd8c6-pxwvc,0.02161904945012675
1783724293,cpu_utilisation,pod=workload-edge-7b875fd8c6-pxwvc,0.02168839400790203
1783724303,cpu_utilisation,pod=workload-edge-7b875fd8c6-pxwvc,0.01775681425503431
1783724313,cpu_utilisation,pod=workload-edge-7b875fd8c6-pxwvc,0.021765247299327037
1783724323,cpu_utilisation,pod=workload-edge-7b875fd8c6-pxwvc,0.019325231880655068
1783724333,cpu_utilisation,pod=workload-edge-7b875fd8c6-pxwvc,0.02170464816631085
1783724343,cpu_utilisation,pod=workload-edge-7b875fd8c6-pxwvc,0.02156114935168879
1783724353,cpu_utilisation,pod=workload-edge-7b875fd8c6-pxwvc,0.021650055370985168
1783724363,cpu_utilisation,pod=workload-edge-7b875fd8c6-pxwvc,0.02085024492652221
1783724373,cpu_utilisation,pod=workload-edge-7b875fd8c6-pxwvc,0.020953823539956444
1783723723,mem_mib,pod=workload-cloud-6f545f89ff-9hvzm,38.875
1783723733,mem_mib,pod=workload-cloud-6f545f89ff-9hvzm,38.875
1783723743,mem_mib,pod=workload-cloud-6f545f89ff-9hvzm,38.875
1783723753,mem_mib,pod=workload-cloud-6f545f89ff-9hvzm,39.40625
1783723763,mem_mib,pod=workload-cloud-6f545f89ff-9hvzm,39.40625
1783723773,mem_mib,pod=workload-cloud-6f545f89ff-9hvzm,39.19921875
1783723783,mem_mib,pod=workload-cloud-6f545f89ff-9hvzm,39.76171875
1783723793,mem_mib,pod=workload-cloud-6f545f89ff-9hvzm,39.76171875
1783723803,mem_mib,pod=workload-cloud-6f545f89ff-9hvzm,39.234375
1783723813,mem_mib,pod=workload-cloud-6f545f89ff-9hvzm,40.02734375
1783723823,mem_mib,pod=workload-cloud-6f545f89ff-9hvzm,40.02734375
1783723833,mem_mib,pod=workload-cloud-6f545f89ff-9hvzm,39.74609375
1783723843,mem_mib,pod=workload-cloud-6f545f89ff-9hvzm,39.59765625
1783723853,mem_mib,pod=workload-cloud-6f545f89ff-9hvzm,39.41015625
1783723863,mem_mib,pod=workload-cloud-6f545f89ff-9hvzm,39.8828125
1783723873,mem_mib,pod=workload-cloud-6f545f89ff-9hvzm,39.8828125
1783723883,mem_mib,pod=workload-cloud-6f545f89ff-9hvzm,39.65234375
1783723893,mem_mib,pod=workload-cloud-6f545f89ff-9hvzm,39.3984375
1783723903,mem_mib,pod=workload-cloud-6f545f89ff-9hvzm,39.39453125
1783723913,mem_mib,pod=workload-cloud-6f545f89ff-9hvzm,41.11328125
1783723923,mem_mib,pod=workload-cloud-6f545f89ff-9hvzm,41.11328125
1783723933,mem_mib,pod=workload-cloud-6f545f89ff-9hvzm,41.7734375
1783723943,mem_mib,pod=workload-cloud-6f545f89ff-9hvzm,40.5234375
1783723953,mem_mib,pod=workload-cloud-6f545f89ff-9hvzm,40.5234375
1783723963,mem_mib,pod=workload-cloud-6f545f89ff-9hvzm,40.78515625
1783723973,mem_mib,pod=workload-cloud-6f545f89ff-9hvzm,40.78515625
1783723983,mem_mib,pod=workload-cloud-6f545f89ff-9hvzm,42.078125
1783723993,mem_mib,pod=workload-cloud-6f545f89ff-9hvzm,41.28125
1783724003,mem_mib,pod=workload-cloud-6f545f89ff-9hvzm,41.28125
1783724013,mem_mib,pod=workload-cloud-6f545f89ff-9hvzm,40.7734375
1783724023,mem_mib,pod=workload-cloud-6f545f89ff-9hvzm,40.87890625
1783724033,mem_mib,pod=workload-cloud-6f545f89ff-9hvzm,41.51171875
1783724043,mem_mib,pod=workload-cloud-6f545f89ff-9hvzm,41.51171875
1783724053,mem_mib,pod=workload-cloud-6f545f89ff-9hvzm,40.53125
1783724063,mem_mib,pod=workload-cloud-6f545f89ff-9hvzm,41.52734375
1783724073,mem_mib,pod=workload-cloud-6f545f89ff-9hvzm,41.52734375
1783724083,mem_mib,pod=workload-cloud-6f545f89ff-9hvzm,40.3046875
1783724093,mem_mib,pod=workload-cloud-6f545f89ff-9hvzm,40.22265625
1783724103,mem_mib,pod=workload-cloud-6f545f89ff-9hvzm,39.56640625
1783724113,mem_mib,pod=workload-cloud-6f545f89ff-9hvzm,39.56640625
1783724123,mem_mib,pod=workload-cloud-6f545f89ff-9hvzm,39.58984375
1783724133,mem_mib,pod=workload-cloud-6f545f89ff-9hvzm,39.58984375
1783724143,mem_mib,pod=workload-cloud-6f545f89ff-9hvzm,39.56640625
1783724153,mem_mib,pod=workload-cloud-6f545f89ff-9hvzm,40.05859375
1783724163,mem_mib,pod=workload-cloud-6f545f89ff-9hvzm,40.05859375
1783724173,mem_mib,pod=workload-cloud-6f545f89ff-9hvzm,40.05859375
1783724183,mem_mib,pod=workload-cloud-6f545f89ff-9hvzm,39.80859375
1783724193,mem_mib,pod=workload-cloud-6f545f89ff-9hvzm,39.5625
1783724203,mem_mib,pod=workload-cloud-6f545f89ff-9hvzm,39.5625
1783724213,mem_mib,pod=workload-cloud-6f545f89ff-9hvzm,39.6015625
1783724223,mem_mib,pod=workload-cloud-6f545f89ff-9hvzm,41.3203125
1783724233,mem_mib,pod=workload-cloud-6f545f89ff-9hvzm,40.05859375
1783724243,mem_mib,pod=workload-cloud-6f545f89ff-9hvzm,39.796875
1783724253,mem_mib,pod=workload-cloud-6f545f89ff-9hvzm,39.546875
1783724263,mem_mib,pod=workload-cloud-6f545f89ff-9hvzm,39.546875
1783724273,mem_mib,pod=workload-cloud-6f545f89ff-9hvzm,40.3046875
1783724283,mem_mib,pod=workload-cloud-6f545f89ff-9hvzm,40.3046875
1783724293,mem_mib,pod=workload-cloud-6f545f89ff-9hvzm,39.7578125
1783724303,mem_mib,pod=workload-cloud-6f545f89ff-9hvzm,38.96484375
1783724313,mem_mib,pod=workload-cloud-6f545f89ff-9hvzm,38.91796875
1783724323,mem_mib,pod=workload-cloud-6f545f89ff-9hvzm,38.91796875
1783724333,mem_mib,pod=workload-cloud-6f545f89ff-9hvzm,39.17578125
1783724343,mem_mib,pod=workload-cloud-6f545f89ff-9hvzm,39.17578125
1783724353,mem_mib,pod=workload-cloud-6f545f89ff-9hvzm,38.92578125
1783724363,mem_mib,pod=workload-cloud-6f545f89ff-9hvzm,38.92578125
1783724373,mem_mib,pod=workload-cloud-6f545f89ff-9hvzm,38.92578125
1783723823,mem_mib,pod=workload-cloud-6f545f89ff-cc6qq,3.8671875
1783723833,mem_mib,pod=workload-cloud-6f545f89ff-cc6qq,3.8671875
1783723843,mem_mib,pod=workload-cloud-6f545f89ff-cc6qq,35.13671875
1783723853,mem_mib,pod=workload-cloud-6f545f89ff-cc6qq,35.171875
1783723863,mem_mib,pod=workload-cloud-6f545f89ff-cc6qq,35.171875
1783723873,mem_mib,pod=workload-cloud-6f545f89ff-cc6qq,35.58203125
1783723883,mem_mib,pod=workload-cloud-6f545f89ff-cc6qq,35.5859375
1783723893,mem_mib,pod=workload-cloud-6f545f89ff-cc6qq,35.63671875
1783723903,mem_mib,pod=workload-cloud-6f545f89ff-cc6qq,35.63671875
1783723913,mem_mib,pod=workload-cloud-6f545f89ff-cc6qq,35.77734375
1783723923,mem_mib,pod=workload-cloud-6f545f89ff-cc6qq,35.77734375
1783723933,mem_mib,pod=workload-cloud-6f545f89ff-cc6qq,38.375
1783723943,mem_mib,pod=workload-cloud-6f545f89ff-cc6qq,38.375
1783723953,mem_mib,pod=workload-cloud-6f545f89ff-cc6qq,40.234375
1783723963,mem_mib,pod=workload-cloud-6f545f89ff-cc6qq,40.2421875
1783723973,mem_mib,pod=workload-cloud-6f545f89ff-cc6qq,40.2421875
1783723983,mem_mib,pod=workload-cloud-6f545f89ff-cc6qq,39.34375
1783723993,mem_mib,pod=workload-cloud-6f545f89ff-cc6qq,39.09765625
1783724003,mem_mib,pod=workload-cloud-6f545f89ff-cc6qq,39.09765625
1783724013,mem_mib,pod=workload-cloud-6f545f89ff-cc6qq,39.93359375
1783724023,mem_mib,pod=workload-cloud-6f545f89ff-cc6qq,39.93359375
1783724033,mem_mib,pod=workload-cloud-6f545f89ff-cc6qq,39.48828125
1783724043,mem_mib,pod=workload-cloud-6f545f89ff-cc6qq,39.71484375
1783724053,mem_mib,pod=workload-cloud-6f545f89ff-cc6qq,39.71484375
1783724063,mem_mib,pod=workload-cloud-6f545f89ff-cc6qq,39.55078125
1783724073,mem_mib,pod=workload-cloud-6f545f89ff-cc6qq,38.97265625
1783724083,mem_mib,pod=workload-cloud-6f545f89ff-cc6qq,38.8359375
1783724093,mem_mib,pod=workload-cloud-6f545f89ff-cc6qq,37.98046875
1783724103,mem_mib,pod=workload-cloud-6f545f89ff-cc6qq,37.98046875
1783724113,mem_mib,pod=workload-cloud-6f545f89ff-cc6qq,37.984375
1783724123,mem_mib,pod=workload-cloud-6f545f89ff-cc6qq,37.984375
1783724133,mem_mib,pod=workload-cloud-6f545f89ff-cc6qq,38.5390625
1783724143,mem_mib,pod=workload-cloud-6f545f89ff-cc6qq,38.5390625
1783724153,mem_mib,pod=workload-cloud-6f545f89ff-cc6qq,38.28515625
1783724163,mem_mib,pod=workload-cloud-6f545f89ff-cc6qq,38.32421875
1783724173,mem_mib,pod=workload-cloud-6f545f89ff-cc6qq,38.015625
1783724183,mem_mib,pod=workload-cloud-6f545f89ff-cc6qq,38.015625
1783724193,mem_mib,pod=workload-cloud-6f545f89ff-cc6qq,38.33984375
1783724203,mem_mib,pod=workload-cloud-6f545f89ff-cc6qq,38.33984375
1783724213,mem_mib,pod=workload-cloud-6f545f89ff-cc6qq,38.77734375
1783724223,mem_mib,pod=workload-cloud-6f545f89ff-cc6qq,38.09765625
1783724233,mem_mib,pod=workload-cloud-6f545f89ff-cc6qq,38.06640625
1783724243,mem_mib,pod=workload-cloud-6f545f89ff-cc6qq,38.06640625
1783724253,mem_mib,pod=workload-cloud-6f545f89ff-cc6qq,38.01953125
1783724263,mem_mib,pod=workload-cloud-6f545f89ff-cc6qq,38.51171875
1783724273,mem_mib,pod=workload-cloud-6f545f89ff-cc6qq,38.51171875
1783724283,mem_mib,pod=workload-cloud-6f545f89ff-cc6qq,38.01953125
1783724293,mem_mib,pod=workload-cloud-6f545f89ff-cc6qq,37.9296875
1783724303,mem_mib,pod=workload-cloud-6f545f89ff-cc6qq,37.9296875
1783724313,mem_mib,pod=workload-cloud-6f545f89ff-cc6qq,37.93359375
1783724323,mem_mib,pod=workload-cloud-6f545f89ff-cc6qq,37.93359375
1783724333,mem_mib,pod=workload-cloud-6f545f89ff-cc6qq,37.93359375
1783724343,mem_mib,pod=workload-cloud-6f545f89ff-cc6qq,37.93359375
1783724353,mem_mib,pod=workload-cloud-6f545f89ff-cc6qq,37.93359375
1783724363,mem_mib,pod=workload-cloud-6f545f89ff-cc6qq,37.93359375
1783724373,mem_mib,pod=workload-cloud-6f545f89ff-cc6qq,37.93359375
1783724013,mem_mib,pod=workload-cloud-6f545f89ff-fqhzs,3.34765625
1783724023,mem_mib,pod=workload-cloud-6f545f89ff-fqhzs,35.1484375
1783724033,mem_mib,pod=workload-cloud-6f545f89ff-fqhzs,35.16015625
1783724043,mem_mib,pod=workload-cloud-6f545f89ff-fqhzs,35.16015625
1783724053,mem_mib,pod=workload-cloud-6f545f89ff-fqhzs,35.16796875
1783724063,mem_mib,pod=workload-cloud-6f545f89ff-fqhzs,35.16796875
1783724073,mem_mib,pod=workload-cloud-6f545f89ff-fqhzs,35.16796875
1783724083,mem_mib,pod=workload-cloud-6f545f89ff-fqhzs,35.19140625
1783724093,mem_mib,pod=workload-cloud-6f545f89ff-fqhzs,35.19921875
1783724103,mem_mib,pod=workload-cloud-6f545f89ff-fqhzs,35.19921875
1783724113,mem_mib,pod=workload-cloud-6f545f89ff-fqhzs,35.19921875
1783724123,mem_mib,pod=workload-cloud-6f545f89ff-fqhzs,35.19921875
1783724133,mem_mib,pod=workload-cloud-6f545f89ff-fqhzs,35.46484375
1783724143,mem_mib,pod=workload-cloud-6f545f89ff-fqhzs,35.46484375
1783724153,mem_mib,pod=workload-cloud-6f545f89ff-fqhzs,35.21484375
1783724163,mem_mib,pod=workload-cloud-6f545f89ff-fqhzs,35.21484375
1783724173,mem_mib,pod=workload-cloud-6f545f89ff-fqhzs,35.21484375
1783724183,mem_mib,pod=workload-cloud-6f545f89ff-fqhzs,35.22265625
1783724193,mem_mib,pod=workload-cloud-6f545f89ff-fqhzs,35.2265625
1783724203,mem_mib,pod=workload-cloud-6f545f89ff-fqhzs,35.2265625
1783724213,mem_mib,pod=workload-cloud-6f545f89ff-fqhzs,35.2265625
1783724223,mem_mib,pod=workload-cloud-6f545f89ff-fqhzs,35.2265625
1783724233,mem_mib,pod=workload-cloud-6f545f89ff-fqhzs,35.2265625
1783724243,mem_mib,pod=workload-cloud-6f545f89ff-fqhzs,35.234375
1783724253,mem_mib,pod=workload-cloud-6f545f89ff-fqhzs,35.234375
1783724263,mem_mib,pod=workload-cloud-6f545f89ff-fqhzs,35.234375
1783724273,mem_mib,pod=workload-cloud-6f545f89ff-fqhzs,35.23828125
1783724283,mem_mib,pod=workload-cloud-6f545f89ff-fqhzs,35.23828125
1783724293,mem_mib,pod=workload-cloud-6f545f89ff-fqhzs,35.24609375
1783724303,mem_mib,pod=workload-cloud-6f545f89ff-fqhzs,35.24609375
1783724313,mem_mib,pod=workload-cloud-6f545f89ff-fqhzs,35.24609375
1783724323,mem_mib,pod=workload-cloud-6f545f89ff-fqhzs,35.24609375
1783724333,mem_mib,pod=workload-cloud-6f545f89ff-fqhzs,35.2578125
1783724343,mem_mib,pod=workload-cloud-6f545f89ff-fqhzs,35.2578125
1783724353,mem_mib,pod=workload-cloud-6f545f89ff-fqhzs,35.2578125
1783724363,mem_mib,pod=workload-cloud-6f545f89ff-fqhzs,35.2578125
1783724373,mem_mib,pod=workload-cloud-6f545f89ff-fqhzs,35.2578125
1783723953,mem_mib,pod=workload-cloud-6f545f89ff-klsfd,2.69140625
1783723963,mem_mib,pod=workload-cloud-6f545f89ff-klsfd,35.1484375
1783723973,mem_mib,pod=workload-cloud-6f545f89ff-klsfd,35.1484375
1783723983,mem_mib,pod=workload-cloud-6f545f89ff-klsfd,35.1796875
1783723993,mem_mib,pod=workload-cloud-6f545f89ff-klsfd,35.1796875
1783724003,mem_mib,pod=workload-cloud-6f545f89ff-klsfd,35.1796875
1783724013,mem_mib,pod=workload-cloud-6f545f89ff-klsfd,35.1875
1783724023,mem_mib,pod=workload-cloud-6f545f89ff-klsfd,35.1875
1783724033,mem_mib,pod=workload-cloud-6f545f89ff-klsfd,35.19921875
1783724043,mem_mib,pod=workload-cloud-6f545f89ff-klsfd,35.19921875
1783724053,mem_mib,pod=workload-cloud-6f545f89ff-klsfd,35.19921875
1783724063,mem_mib,pod=workload-cloud-6f545f89ff-klsfd,35.19921875
1783724073,mem_mib,pod=workload-cloud-6f545f89ff-klsfd,35.203125
1783724083,mem_mib,pod=workload-cloud-6f545f89ff-klsfd,35.21875
1783724093,mem_mib,pod=workload-cloud-6f545f89ff-klsfd,35.21875
1783724103,mem_mib,pod=workload-cloud-6f545f89ff-klsfd,35.21875
1783724113,mem_mib,pod=workload-cloud-6f545f89ff-klsfd,35.21875
1783724123,mem_mib,pod=workload-cloud-6f545f89ff-klsfd,35.2265625
1783724133,mem_mib,pod=workload-cloud-6f545f89ff-klsfd,35.2265625
1783724143,mem_mib,pod=workload-cloud-6f545f89ff-klsfd,35.2265625
1783724153,mem_mib,pod=workload-cloud-6f545f89ff-klsfd,35.2265625
1783724163,mem_mib,pod=workload-cloud-6f545f89ff-klsfd,35.2265625
1783724173,mem_mib,pod=workload-cloud-6f545f89ff-klsfd,35.2265625
1783724183,mem_mib,pod=workload-cloud-6f545f89ff-klsfd,35.2421875
1783724193,mem_mib,pod=workload-cloud-6f545f89ff-klsfd,35.2421875
1783724203,mem_mib,pod=workload-cloud-6f545f89ff-klsfd,35.2421875
1783724213,mem_mib,pod=workload-cloud-6f545f89ff-klsfd,35.2421875
1783724223,mem_mib,pod=workload-cloud-6f545f89ff-klsfd,35.24609375
1783724233,mem_mib,pod=workload-cloud-6f545f89ff-klsfd,35.25390625
1783724243,mem_mib,pod=workload-cloud-6f545f89ff-klsfd,35.25390625
1783724253,mem_mib,pod=workload-cloud-6f545f89ff-klsfd,35.25390625
1783724263,mem_mib,pod=workload-cloud-6f545f89ff-klsfd,35.25390625
1783724273,mem_mib,pod=workload-cloud-6f545f89ff-klsfd,35.2578125
1783724283,mem_mib,pod=workload-cloud-6f545f89ff-klsfd,35.2578125
1783724293,mem_mib,pod=workload-cloud-6f545f89ff-klsfd,35.2578125
1783723953,mem_mib,pod=workload-cloud-6f545f89ff-l8gsz,2.95703125
1783723963,mem_mib,pod=workload-cloud-6f545f89ff-l8gsz,35.1484375
1783723973,mem_mib,pod=workload-cloud-6f545f89ff-l8gsz,35.16015625
1783723983,mem_mib,pod=workload-cloud-6f545f89ff-l8gsz,35.16015625
1783723993,mem_mib,pod=workload-cloud-6f545f89ff-l8gsz,35.1796875
1783724003,mem_mib,pod=workload-cloud-6f545f89ff-l8gsz,35.1796875
1783724013,mem_mib,pod=workload-cloud-6f545f89ff-l8gsz,35.1796875
1783724023,mem_mib,pod=workload-cloud-6f545f89ff-l8gsz,35.203125
1783724033,mem_mib,pod=workload-cloud-6f545f89ff-l8gsz,35.203125
1783724043,mem_mib,pod=workload-cloud-6f545f89ff-l8gsz,35.21484375
1783724053,mem_mib,pod=workload-cloud-6f545f89ff-l8gsz,35.21484375
1783724063,mem_mib,pod=workload-cloud-6f545f89ff-l8gsz,35.21484375
1783724073,mem_mib,pod=workload-cloud-6f545f89ff-l8gsz,35.21484375
1783724083,mem_mib,pod=workload-cloud-6f545f89ff-l8gsz,35.23046875
1783724093,mem_mib,pod=workload-cloud-6f545f89ff-l8gsz,35.23046875
1783724103,mem_mib,pod=workload-cloud-6f545f89ff-l8gsz,35.23046875
1783724113,mem_mib,pod=workload-cloud-6f545f89ff-l8gsz,35.23046875
1783724123,mem_mib,pod=workload-cloud-6f545f89ff-l8gsz,35.23046875
1783724133,mem_mib,pod=workload-cloud-6f545f89ff-l8gsz,35.23828125
1783724143,mem_mib,pod=workload-cloud-6f545f89ff-l8gsz,35.23828125
1783724153,mem_mib,pod=workload-cloud-6f545f89ff-l8gsz,35.23828125
1783724163,mem_mib,pod=workload-cloud-6f545f89ff-l8gsz,35.23828125
1783724173,mem_mib,pod=workload-cloud-6f545f89ff-l8gsz,35.2421875
1783724183,mem_mib,pod=workload-cloud-6f545f89ff-l8gsz,35.25
1783724193,mem_mib,pod=workload-cloud-6f545f89ff-l8gsz,35.25
1783724203,mem_mib,pod=workload-cloud-6f545f89ff-l8gsz,35.25
1783724213,mem_mib,pod=workload-cloud-6f545f89ff-l8gsz,35.25
1783724223,mem_mib,pod=workload-cloud-6f545f89ff-l8gsz,35.25
1783724233,mem_mib,pod=workload-cloud-6f545f89ff-l8gsz,35.26171875
1783724243,mem_mib,pod=workload-cloud-6f545f89ff-l8gsz,35.26171875
1783724253,mem_mib,pod=workload-cloud-6f545f89ff-l8gsz,35.26171875
1783724263,mem_mib,pod=workload-cloud-6f545f89ff-l8gsz,35.26171875
1783724273,mem_mib,pod=workload-cloud-6f545f89ff-l8gsz,35.265625
1783724283,mem_mib,pod=workload-cloud-6f545f89ff-l8gsz,35.265625
1783724293,mem_mib,pod=workload-cloud-6f545f89ff-l8gsz,35.26953125
1783724303,mem_mib,pod=workload-cloud-6f545f89ff-l8gsz,35.26953125
1783724313,mem_mib,pod=workload-cloud-6f545f89ff-l8gsz,35.26953125
1783724323,mem_mib,pod=workload-cloud-6f545f89ff-l8gsz,35.26953125
1783724333,mem_mib,pod=workload-cloud-6f545f89ff-l8gsz,35.26953125
1783724343,mem_mib,pod=workload-cloud-6f545f89ff-l8gsz,35.26953125
1783724353,mem_mib,pod=workload-cloud-6f545f89ff-l8gsz,35.26953125
1783724363,mem_mib,pod=workload-cloud-6f545f89ff-l8gsz,35.26953125
1783724373,mem_mib,pod=workload-cloud-6f545f89ff-l8gsz,35.26953125
1783723883,mem_mib,pod=workload-cloud-6f545f89ff-nkqb6,3.54296875
1783723893,mem_mib,pod=workload-cloud-6f545f89ff-nkqb6,3.54296875
1783723903,mem_mib,pod=workload-cloud-6f545f89ff-nkqb6,35.26953125
1783723913,mem_mib,pod=workload-cloud-6f545f89ff-nkqb6,35.26953125
1783723923,mem_mib,pod=workload-cloud-6f545f89ff-nkqb6,36.58984375
1783723933,mem_mib,pod=workload-cloud-6f545f89ff-nkqb6,36.58984375
1783723943,mem_mib,pod=workload-cloud-6f545f89ff-nkqb6,38.99609375
1783723953,mem_mib,pod=workload-cloud-6f545f89ff-nkqb6,39.0546875
1783723963,mem_mib,pod=workload-cloud-6f545f89ff-nkqb6,39.0546875
1783723973,mem_mib,pod=workload-cloud-6f545f89ff-nkqb6,39.9296875
1783723983,mem_mib,pod=workload-cloud-6f545f89ff-nkqb6,39.2265625
1783723993,mem_mib,pod=workload-cloud-6f545f89ff-nkqb6,39.2265625
1783724003,mem_mib,pod=workload-cloud-6f545f89ff-nkqb6,40.50390625
1783724013,mem_mib,pod=workload-cloud-6f545f89ff-nkqb6,40.50390625
1783724023,mem_mib,pod=workload-cloud-6f545f89ff-nkqb6,39.29296875
1783724033,mem_mib,pod=workload-cloud-6f545f89ff-nkqb6,39.59375
1783724043,mem_mib,pod=workload-cloud-6f545f89ff-nkqb6,39.57421875
1783724053,mem_mib,pod=workload-cloud-6f545f89ff-nkqb6,39.57421875
1783724063,mem_mib,pod=workload-cloud-6f545f89ff-nkqb6,39.6015625
1783724073,mem_mib,pod=workload-cloud-6f545f89ff-nkqb6,39.20703125
1783724083,mem_mib,pod=workload-cloud-6f545f89ff-nkqb6,39.20703125
1783724093,mem_mib,pod=workload-cloud-6f545f89ff-nkqb6,38.11328125
1783724103,mem_mib,pod=workload-cloud-6f545f89ff-nkqb6,38.125
1783724113,mem_mib,pod=workload-cloud-6f545f89ff-nkqb6,38.125
1783724123,mem_mib,pod=workload-cloud-6f545f89ff-nkqb6,38.1328125
1783724133,mem_mib,pod=workload-cloud-6f545f89ff-nkqb6,38.1328125
1783724143,mem_mib,pod=workload-cloud-6f545f89ff-nkqb6,37.88671875
1783724153,mem_mib,pod=workload-cloud-6f545f89ff-nkqb6,37.921875
1783724163,mem_mib,pod=workload-cloud-6f545f89ff-nkqb6,37.921875
1783724173,mem_mib,pod=workload-cloud-6f545f89ff-nkqb6,37.890625
1783724183,mem_mib,pod=workload-cloud-6f545f89ff-nkqb6,37.8984375
1783724193,mem_mib,pod=workload-cloud-6f545f89ff-nkqb6,37.8984375
1783724203,mem_mib,pod=workload-cloud-6f545f89ff-nkqb6,37.8984375
1783724213,mem_mib,pod=workload-cloud-6f545f89ff-nkqb6,37.8984375
1783724223,mem_mib,pod=workload-cloud-6f545f89ff-nkqb6,37.90234375
1783724233,mem_mib,pod=workload-cloud-6f545f89ff-nkqb6,37.90234375
1783724243,mem_mib,pod=workload-cloud-6f545f89ff-nkqb6,37.8984375
1783724253,mem_mib,pod=workload-cloud-6f545f89ff-nkqb6,37.8984375
1783724263,mem_mib,pod=workload-cloud-6f545f89ff-nkqb6,38.39453125
1783724273,mem_mib,pod=workload-cloud-6f545f89ff-nkqb6,38.14453125
1783724283,mem_mib,pod=workload-cloud-6f545f89ff-nkqb6,38.14453125
1783724293,mem_mib,pod=workload-cloud-6f545f89ff-nkqb6,37.8984375
1783724303,mem_mib,pod=workload-cloud-6f545f89ff-nkqb6,37.8984375
1783724313,mem_mib,pod=workload-cloud-6f545f89ff-nkqb6,37.8984375
1783724323,mem_mib,pod=workload-cloud-6f545f89ff-nkqb6,37.8984375
1783724333,mem_mib,pod=workload-cloud-6f545f89ff-nkqb6,37.8984375
1783724343,mem_mib,pod=workload-cloud-6f545f89ff-nkqb6,37.8984375
1783724353,mem_mib,pod=workload-cloud-6f545f89ff-nkqb6,37.8984375
1783723723,mem_mib,pod=workload-edge-7b875fd8c6-pxwvc,35.90625
1783723733,mem_mib,pod=workload-edge-7b875fd8c6-pxwvc,35.90625
1783723743,mem_mib,pod=workload-edge-7b875fd8c6-pxwvc,36.16015625
1783723753,mem_mib,pod=workload-edge-7b875fd8c6-pxwvc,35.90625
1783723763,mem_mib,pod=workload-edge-7b875fd8c6-pxwvc,35.90625
1783723773,mem_mib,pod=workload-edge-7b875fd8c6-pxwvc,35.90625
1783723783,mem_mib,pod=workload-edge-7b875fd8c6-pxwvc,35.91015625
1783723793,mem_mib,pod=workload-edge-7b875fd8c6-pxwvc,35.90625
1783723803,mem_mib,pod=workload-edge-7b875fd8c6-pxwvc,35.90625
1783723813,mem_mib,pod=workload-edge-7b875fd8c6-pxwvc,35.90625
1783723823,mem_mib,pod=workload-edge-7b875fd8c6-pxwvc,35.90625
1783723833,mem_mib,pod=workload-edge-7b875fd8c6-pxwvc,35.90625
1783723843,mem_mib,pod=workload-edge-7b875fd8c6-pxwvc,35.90625
1783723853,mem_mib,pod=workload-edge-7b875fd8c6-pxwvc,35.90625
1783723863,mem_mib,pod=workload-edge-7b875fd8c6-pxwvc,35.90625
1783723873,mem_mib,pod=workload-edge-7b875fd8c6-pxwvc,35.90625
1783723883,mem_mib,pod=workload-edge-7b875fd8c6-pxwvc,35.90625
1783723893,mem_mib,pod=workload-edge-7b875fd8c6-pxwvc,35.90625
1783723903,mem_mib,pod=workload-edge-7b875fd8c6-pxwvc,35.90625
1783723913,mem_mib,pod=workload-edge-7b875fd8c6-pxwvc,35.90625
1783723923,mem_mib,pod=workload-edge-7b875fd8c6-pxwvc,35.90625
1783723933,mem_mib,pod=workload-edge-7b875fd8c6-pxwvc,35.90625
1783723943,mem_mib,pod=workload-edge-7b875fd8c6-pxwvc,35.90625
1783723953,mem_mib,pod=workload-edge-7b875fd8c6-pxwvc,35.90625
1783723963,mem_mib,pod=workload-edge-7b875fd8c6-pxwvc,35.90625
1783723973,mem_mib,pod=workload-edge-7b875fd8c6-pxwvc,35.90625
1783723983,mem_mib,pod=workload-edge-7b875fd8c6-pxwvc,35.90625
1783723993,mem_mib,pod=workload-edge-7b875fd8c6-pxwvc,35.90625
1783724003,mem_mib,pod=workload-edge-7b875fd8c6-pxwvc,35.90625
1783724013,mem_mib,pod=workload-edge-7b875fd8c6-pxwvc,35.90625
1783724023,mem_mib,pod=workload-edge-7b875fd8c6-pxwvc,35.91015625
1783724033,mem_mib,pod=workload-edge-7b875fd8c6-pxwvc,35.90625
1783724043,mem_mib,pod=workload-edge-7b875fd8c6-pxwvc,35.90625
1783724053,mem_mib,pod=workload-edge-7b875fd8c6-pxwvc,35.90625
1783724063,mem_mib,pod=workload-edge-7b875fd8c6-pxwvc,35.90234375
1783724073,mem_mib,pod=workload-edge-7b875fd8c6-pxwvc,35.90234375
1783724083,mem_mib,pod=workload-edge-7b875fd8c6-pxwvc,35.90625
1783724093,mem_mib,pod=workload-edge-7b875fd8c6-pxwvc,35.90625
1783724103,mem_mib,pod=workload-edge-7b875fd8c6-pxwvc,35.90625
1783724113,mem_mib,pod=workload-edge-7b875fd8c6-pxwvc,35.90625
1783724123,mem_mib,pod=workload-edge-7b875fd8c6-pxwvc,35.90625
1783724133,mem_mib,pod=workload-edge-7b875fd8c6-pxwvc,35.90625
1783724143,mem_mib,pod=workload-edge-7b875fd8c6-pxwvc,35.90625
1783724153,mem_mib,pod=workload-edge-7b875fd8c6-pxwvc,35.90625
1783724163,mem_mib,pod=workload-edge-7b875fd8c6-pxwvc,35.90625
1783724173,mem_mib,pod=workload-edge-7b875fd8c6-pxwvc,35.91015625
1783724183,mem_mib,pod=workload-edge-7b875fd8c6-pxwvc,35.90625
1783724193,mem_mib,pod=workload-edge-7b875fd8c6-pxwvc,35.90625
1783724203,mem_mib,pod=workload-edge-7b875fd8c6-pxwvc,35.90625
1783724213,mem_mib,pod=workload-edge-7b875fd8c6-pxwvc,35.90625
1783724223,mem_mib,pod=workload-edge-7b875fd8c6-pxwvc,35.90625
1783724233,mem_mib,pod=workload-edge-7b875fd8c6-pxwvc,35.90625
1783724243,mem_mib,pod=workload-edge-7b875fd8c6-pxwvc,35.90234375
1783724253,mem_mib,pod=workload-edge-7b875fd8c6-pxwvc,35.90234375
1783724263,mem_mib,pod=workload-edge-7b875fd8c6-pxwvc,35.90625
1783724273,mem_mib,pod=workload-edge-7b875fd8c6-pxwvc,35.90625
1783724283,mem_mib,pod=workload-edge-7b875fd8c6-pxwvc,35.90625
1783724293,mem_mib,pod=workload-edge-7b875fd8c6-pxwvc,35.90625
1783724303,mem_mib,pod=workload-edge-7b875fd8c6-pxwvc,35.90625
1783724313,mem_mib,pod=workload-edge-7b875fd8c6-pxwvc,35.90625
1783724323,mem_mib,pod=workload-edge-7b875fd8c6-pxwvc,35.91015625
1783724333,mem_mib,pod=workload-edge-7b875fd8c6-pxwvc,36.15625
1783724343,mem_mib,pod=workload-edge-7b875fd8c6-pxwvc,35.90625
1783724353,mem_mib,pod=workload-edge-7b875fd8c6-pxwvc,35.90625
1783724363,mem_mib,pod=workload-edge-7b875fd8c6-pxwvc,35.90625
1783724373,mem_mib,pod=workload-edge-7b875fd8c6-pxwvc,35.90625
1783723723,rps,tier=cloud,0.0
1783723733,rps,tier=cloud,1.6001780214028605
1783723743,rps,tier=cloud,7.280974540693292
1783723753,rps,tier=cloud,17.003060550899164
1783723763,rps,tier=cloud,30.683386881470977
1783723773,rps,tier=cloud,48.245613171739905
1783723783,rps,tier=cloud,68.41094575132021
1783723793,rps,tier=cloud,88.39130072392742
1783723803,rps,tier=cloud,108.41224765372625
1783723813,rps,tier=cloud,128.22186174020206
1783723823,rps,tier=cloud,147.05883197866729
1783723833,rps,tier=cloud,164.98005390119158
1783723843,rps,tier=cloud,182.43106650859824
1783723853,rps,tier=cloud,197.3654409725905
1783723863,rps,tier=cloud,216.66762604042762
1783723873,rps,tier=cloud,234.20825604993638
1783723883,rps,tier=cloud,251.49806614717514
1783723893,rps,tier=cloud,266.36581511721687
1783723903,rps,tier=cloud,288.18137179453714
1783723913,rps,tier=cloud,324.15925917771807
1783723923,rps,tier=cloud,429.2958131515288
1783723933,rps,tier=cloud,598.9520781828587
1783723943,rps,tier=cloud,804.8093680014166
1783723953,rps,tier=cloud,1016.1089745974073
1783723963,rps,tier=cloud,1216.1254597520838
1783723973,rps,tier=cloud,1360.5665821322223
1783723983,rps,tier=cloud,1411.5547584788428
1783723993,rps,tier=cloud,1424.17560973238
1783724003,rps,tier=cloud,1430.6555809188183
1783724013,rps,tier=cloud,1440.4622237800095
1783724023,rps,tier=cloud,1445.2632589669086
1783724033,rps,tier=cloud,1449.0222413599408
1783724043,rps,tier=cloud,1440.8131888230957
1783724053,rps,tier=cloud,1435.7171637325412
1783724063,rps,tier=cloud,1417.441346931742
1783724073,rps,tier=cloud,1354.6610325278452
1783724083,rps,tier=cloud,1212.0364382094199
1783724093,rps,tier=cloud,1015.4726863049107
1783724103,rps,tier=cloud,801.4500071808473
1783724113,rps,tier=cloud,596.0854436445766
1783724123,rps,tier=cloud,445.1525896706505
1783724133,rps,tier=cloud,369.81618046127846
1783724143,rps,tier=cloud,356.43755358453797
1783724153,rps,tier=cloud,356.35707224546525
1783724163,rps,tier=cloud,356.90601091645647
1783724173,rps,tier=cloud,358.6334215849185
1783724183,rps,tier=cloud,357.8063304660366
1783724193,rps,tier=cloud,358.02921610012714
1783724203,rps,tier=cloud,358.57981527187525
1783724213,rps,tier=cloud,358.74299777869703
1783724223,rps,tier=cloud,357.2899357186772
1783724233,rps,tier=cloud,358.2707578702506
1783724243,rps,tier=cloud,358.4259812296258
1783724253,rps,tier=cloud,359.6114556005903
1783724263,rps,tier=cloud,359.0762944758692
1783724273,rps,tier=cloud,354.8848742212727
1783724283,rps,tier=cloud,328.16649544006106
1783724293,rps,tier=cloud,284.5471018019475
1783724303,rps,tier=cloud,218.9321683831195
1783724313,rps,tier=cloud,147.66917384005663
1783724323,rps,tier=cloud,80.32645932006594
1783724333,rps,tier=cloud,35.22236417098895
1783724343,rps,tier=cloud,6.920306414624774
1783724353,rps,tier=cloud,0.0
1783724363,rps,tier=cloud,0.0
1783724373,rps,tier=cloud,0.0
1783723723,lat50_ms,tier=cloud,1.8968253968253967
1783723733,lat50_ms,tier=cloud,1.5194803952617897
1783723743,lat50_ms,tier=cloud,1.546546853038325
1783723753,lat50_ms,tier=cloud,1.592747559274756
1783723763,lat50_ms,tier=cloud,1.7989548916761273
1783723773,lat50_ms,tier=cloud,2.227161010521458
1783723783,lat50_ms,tier=cloud,2.558181818181819
1783723793,lat50_ms,tier=cloud,2.6531489919816513
1783723803,lat50_ms,tier=cloud,2.828895630705059
1783723813,lat50_ms,tier=cloud,3.017815037987949
1783723823,lat50_ms,tier=cloud,3.3895228622059266
1783723833,lat50_ms,tier=cloud,3.707383076455453
1783723843,lat50_ms,tier=cloud,4.080615295618489
1783723853,lat50_ms,tier=cloud,4.597799260949298
1783723863,lat50_ms,tier=cloud,4.977333336685857
1783723873,lat50_ms,tier=cloud,5.907372021770174
1783723883,lat50_ms,tier=cloud,6.723998679184082
1783723893,lat50_ms,tier=cloud,7.587435322869972
1783723903,lat50_ms,tier=cloud,8.155864980783198
1783723913,lat50_ms,tier=cloud,8.919331736369141
1783723923,lat50_ms,tier=cloud,10.728723786665906
1783723933,lat50_ms,tier=cloud,13.197411762562696
1783723943,lat50_ms,tier=cloud,16.37055600945887
1783723953,lat50_ms,tier=cloud,19.68052763509001
1783723963,lat50_ms,tier=cloud,23.403729112435023
1783723973,lat50_ms,tier=cloud,25.98460775274921
1783723983,lat50_ms,tier=cloud,27.576848909355316
1783723993,lat50_ms,tier=cloud,28.707778955367218
1783724003,lat50_ms,tier=cloud,29.546210662424564
1783724013,lat50_ms,tier=cloud,29.997349240496455
1783724023,lat50_ms,tier=cloud,30.713715280919388
1783724033,lat50_ms,tier=cloud,31.402082700971
1783724043,lat50_ms,tier=cloud,31.7875383969774
1783724053,lat50_ms,tier=cloud,31.788711054910657
1783724063,lat50_ms,tier=cloud,31.68606539071244
1783724073,lat50_ms,tier=cloud,31.287153481964925
1783724083,lat50_ms,tier=cloud,30.54032575640817
1783724093,lat50_ms,tier=cloud,29.804335512170063
1783724103,lat50_ms,tier=cloud,29.06711545232252
1783724113,lat50_ms,tier=cloud,28.122523515357962
1783724123,lat50_ms,tier=cloud,27.235993913064828
1783724133,lat50_ms,tier=cloud,25.302666006104495
1783724143,lat50_ms,tier=cloud,22.897482148420725
1783724153,lat50_ms,tier=cloud,18.812234851415568
1783724163,lat50_ms,tier=cloud,15.4254852173727
1783724173,lat50_ms,tier=cloud,12.200340439989116
1783724183,lat50_ms,tier=cloud,10.131502886685965
1783724193,lat50_ms,tier=cloud,8.336155545694213
1783724203,lat50_ms,tier=cloud,8.246813831705847
1783724213,lat50_ms,tier=cloud,8.071151232306143
1783724223,lat50_ms,tier=cloud,7.896117041089348
1783724233,lat50_ms,tier=cloud,7.770123433949987
1783724243,lat50_ms,tier=cloud,7.667554505234799
1783724253,lat50_ms,tier=cloud,7.534166354142973
1783724263,lat50_ms,tier=cloud,7.335357821047942
1783724273,lat50_ms,tier=cloud,7.556554749031193
1783724283,lat50_ms,tier=cloud,8.426782373691262
1783724293,lat50_ms,tier=cloud,8.012541672602561
1783724303,lat50_ms,tier=cloud,7.877574398553633
1783724313,lat50_ms,tier=cloud,7.8223476456049115
1783724323,lat50_ms,tier=cloud,7.860460036541826
1783724333,lat50_ms,tier=cloud,7.956793920677493
1783724343,lat50_ms,tier=cloud,7.927597875393901
1783724353,lat50_ms,tier=cloud,8.255652927464679
1783724363,lat50_ms,tier=cloud,9.323983711737508
1783724373,lat50_ms,tier=cloud,9.272906380497211
1783723723,lat95_ms,tier=cloud,4.6610000000000005
1783723733,lat95_ms,tier=cloud,1.9870127509974003
1783723743,lat95_ms,tier=cloud,3.2387202870998086
1783723753,lat95_ms,tier=cloud,4.041353383458647
1783723763,lat95_ms,tier=cloud,4.659355941361345
1783723773,lat95_ms,tier=cloud,5.812585449954021
1783723783,lat95_ms,tier=cloud,7.85012285012285
1783723793,lat95_ms,tier=cloud,8.201879858563517
1783723803,lat95_ms,tier=cloud,8.457187180039393
1783723813,lat95_ms,tier=cloud,8.660639777468703
1783723823,lat95_ms,tier=cloud,9.833092373685217
1783723833,lat95_ms,tier=cloud,15.298101816350659
1783723843,lat95_ms,tier=cloud,17.032715095327653
1783723853,lat95_ms,tier=cloud,18.155936293521265
1783723863,lat95_ms,tier=cloud,18.564027397512472
1783723873,lat95_ms,tier=cloud,18.816873963178708
1783723883,lat95_ms,tier=cloud,19.003375775806823
1783723893,lat95_ms,tier=cloud,19.151872902278278
1783723903,lat95_ms,tier=cloud,19.238513644452247
1783723913,lat95_ms,tier=cloud,19.63873343131236
1783723923,lat95_ms,tier=cloud,35.279465180147255
1783723933,lat95_ms,tier=cloud,44.20227216901044
1783723943,lat95_ms,tier=cloud,47.01533805962788
1783723953,lat95_ms,tier=cloud,48.314768803801755
1783723963,lat95_ms,tier=cloud,48.90465154188218
1783723973,lat95_ms,tier=cloud,49.31689816397851
1783723983,lat95_ms,tier=cloud,49.54438218197812
1783723993,lat95_ms,tier=cloud,49.63510596751135
1783724003,lat95_ms,tier=cloud,49.62050074090663
1783724013,lat95_ms,tier=cloud,49.66336807600885
1783724023,lat95_ms,tier=cloud,49.799610798074774
1783724033,lat95_ms,tier=cloud,49.85900778033135
1783724043,lat95_ms,tier=cloud,49.988417749088896
1783724053,lat95_ms,tier=cloud,49.97103849200682
1783724063,lat95_ms,tier=cloud,49.86511926955937
1783724073,lat95_ms,tier=cloud,49.69776571193457
1783724083,lat95_ms,tier=cloud,49.50944008722839
1783724093,lat95_ms,tier=cloud,49.35577187405012
1783724103,lat95_ms,tier=cloud,49.24001274860157
1783724113,lat95_ms,tier=cloud,49.184787919539566
1783724123,lat95_ms,tier=cloud,49.04738844826041
1783724133,lat95_ms,tier=cloud,48.6751618427539
1783724143,lat95_ms,tier=cloud,48.390527898422775
1783724153,lat95_ms,tier=cloud,47.7242184673381
1783724163,lat95_ms,tier=cloud,46.58408553003659
1783724173,lat95_ms,tier=cloud,43.63538687177978
1783724183,lat95_ms,tier=cloud,37.56419584953445
1783724193,lat95_ms,tier=cloud,27.37765420905658
1783724203,lat95_ms,tier=cloud,22.564920327392258
1783724213,lat95_ms,tier=cloud,20.293138614059604
1783724223,lat95_ms,tier=cloud,19.976450258862968
1783724233,lat95_ms,tier=cloud,19.938279582017362
1783724243,lat95_ms,tier=cloud,19.93053816662254
1783724253,lat95_ms,tier=cloud,19.833049874353232
1783724263,lat95_ms,tier=cloud,19.816376562947458
1783724273,lat95_ms,tier=cloud,19.819351331826837
1783724283,lat95_ms,tier=cloud,19.789915009102682
1783724293,lat95_ms,tier=cloud,19.62423502161495
1783724303,lat95_ms,tier=cloud,19.59697878465222
1783724313,lat95_ms,tier=cloud,19.5521183653798
1783724323,lat95_ms,tier=cloud,19.54462751304399
1783724333,lat95_ms,tier=cloud,19.51974020424461
1783724343,lat95_ms,tier=cloud,19.517662487481775
1783724353,lat95_ms,tier=cloud,19.51278633642836
1783724363,lat95_ms,tier=cloud,19.64620221906687
1783724373,lat95_ms,tier=cloud,19.505720356862167
1783723723,lat99_ms,tier=cloud,4.932199999999999
1783723733,lat99_ms,tier=cloud,4.199995090016364
1783723743,lat99_ms,tier=cloud,4.647744057419963
1783723753,lat99_ms,tier=cloud,4.8082706766917305
1783723763,lat99_ms,tier=cloud,4.987486722602109
1783723773,lat99_ms,tier=cloud,9.162517089990802
1783723783,lat99_ms,tier=cloud,9.570024570024573
1783723793,lat99_ms,tier=cloud,9.640375971712702
1783723803,lat99_ms,tier=cloud,9.69143743600788
1783723813,lat99_ms,tier=cloud,9.76550764951321
1783723823,lat99_ms,tier=cloud,17.830655145847043
1783723833,lat99_ms,tier=cloud,19.178530196100677
1783723843,lat99_ms,tier=cloud,19.544662249123533
1783723853,lat99_ms,tier=cloud,19.847866648249333
1783723863,lat99_ms,tier=cloud,19.971375768866352
1783723873,lat99_ms,tier=cloud,22.06979068143494
1783723883,lat99_ms,tier=cloud,26.87442207544088
1783723893,lat99_ms,tier=cloud,30.55161565620705
1783723903,lat99_ms,tier=cloud,32.698229691127715
1783723913,lat99_ms,tier=cloud,41.22514615743539
1783723923,lat99_ms,tier=cloud,47.06261773668512
1783723933,lat99_ms,tier=cloud,49.01436670649857
1783723943,lat99_ms,tier=cloud,54.25105762148652
1783723953,lat99_ms,tier=cloud,64.4431465180131
1783723963,lat99_ms,tier=cloud,66.84898331730216
1783723973,lat99_ms,tier=cloud,68.21118983891773
1783723983,lat99_ms,tier=cloud,68.8524747916856
1783723993,lat99_ms,tier=cloud,69.06932096570839
1783724003,lat99_ms,tier=cloud,68.97486793800724
1783724013,lat99_ms,tier=cloud,69.08943648052684
1783724023,lat99_ms,tier=cloud,69.47822536825443
1783724033,lat99_ms,tier=cloud,69.6308673671763
1783724043,lat99_ms,tier=cloud,69.97119900063791
1783724053,lat99_ms,tier=cloud,69.9272797915251
1783724063,lat99_ms,tier=cloud,69.6422288639071
1783724073,lat99_ms,tier=cloud,69.13319908160611
1783724083,lat99_ms,tier=cloud,68.48322920563724
1783724093,lat99_ms,tier=cloud,67.89213568861908
1783724103,lat99_ms,tier=cloud,67.43498121605937
1783724113,lat99_ms,tier=cloud,67.32724277054082
1783724123,lat99_ms,tier=cloud,66.76175599102463
1783724133,lat99_ms,tier=cloud,64.79273606164534
1783724143,lat99_ms,tier=cloud,63.42045954778332
1783724153,lat99_ms,tier=cloud,58.789817975175474
1783724163,lat99_ms,tier=cloud,49.92561672538592
1783724173,lat99_ms,tier=cloud,48.849038895823064
1783724183,lat99_ms,tier=cloud,47.517391572827506
1783724193,lat99_ms,tier=cloud,45.47553084181131
1783724203,lat99_ms,tier=cloud,44.51298406547842
1783724213,lat99_ms,tier=cloud,44.058627722811956
1783724223,lat99_ms,tier=cloud,43.885644114457406
1783724233,lat99_ms,tier=cloud,43.691661504189035
1783724243,lat99_ms,tier=cloud,43.651989547464616
1783724253,lat99_ms,tier=cloud,43.09981261138255
1783724263,lat99_ms,tier=cloud,42.99474306885482
1783724273,lat99_ms,tier=cloud,42.990238640439394
1783724283,lat99_ms,tier=cloud,42.70500120468865
1783724293,lat99_ms,tier=cloud,41.22733415949073
1783724303,lat99_ms,tier=cloud,40.8473528807153
1783724313,lat99_ms,tier=cloud,40.271835801317444
1783724323,lat99_ms,tier=cloud,40.16674151058683
1783724333,lat99_ms,tier=cloud,39.78453877399242
1783724343,lat99_ms,tier=cloud,39.774072020613154
1783724353,lat99_ms,tier=cloud,39.63655195552122
1783724363,lat99_ms,tier=cloud,41.16562268753007
1783724373,lat99_ms,tier=cloud,39.07083387961937
1783723723,inflight,tier=cloud,0.0
1783723733,inflight,tier=cloud,0.0
1783723743,inflight,tier=cloud,0.0
1783723753,inflight,tier=cloud,0.0
1783723763,inflight,tier=cloud,0.0
1783723773,inflight,tier=cloud,0.0
1783723783,inflight,tier=cloud,0.0
1783723793,inflight,tier=cloud,0.0
1783723803,inflight,tier=cloud,0.0
1783723813,inflight,tier=cloud,0.0
1783723823,inflight,tier=cloud,0.0
1783723833,inflight,tier=cloud,0.0
1783723843,inflight,tier=cloud,1.0
1783723853,inflight,tier=cloud,0.0
1783723863,inflight,tier=cloud,0.0
1783723873,inflight,tier=cloud,0.0
1783723883,inflight,tier=cloud,0.0
1783723893,inflight,tier=cloud,0.0
1783723903,inflight,tier=cloud,0.0
1783723913,inflight,tier=cloud,5.0
1783723923,inflight,tier=cloud,1.0
1783723933,inflight,tier=cloud,29.0
1783723943,inflight,tier=cloud,26.0
1783723953,inflight,tier=cloud,10.0
1783723963,inflight,tier=cloud,24.0
1783723973,inflight,tier=cloud,0.0
1783723983,inflight,tier=cloud,8.0
1783723993,inflight,tier=cloud,19.0
1783724003,inflight,tier=cloud,29.0
1783724013,inflight,tier=cloud,0.0
1783724023,inflight,tier=cloud,17.0
1783724033,inflight,tier=cloud,62.0
1783724043,inflight,tier=cloud,37.0
1783724053,inflight,tier=cloud,6.0
1783724063,inflight,tier=cloud,4.0
1783724073,inflight,tier=cloud,0.0
1783724083,inflight,tier=cloud,0.0
1783724093,inflight,tier=cloud,0.0
1783724103,inflight,tier=cloud,0.0
1783724113,inflight,tier=cloud,0.0
1783724123,inflight,tier=cloud,1.0
1783724133,inflight,tier=cloud,3.0
1783724143,inflight,tier=cloud,0.0
1783724153,inflight,tier=cloud,0.0
1783724163,inflight,tier=cloud,0.0
1783724173,inflight,tier=cloud,0.0
1783724183,inflight,tier=cloud,0.0
1783724193,inflight,tier=cloud,0.0
1783724203,inflight,tier=cloud,0.0
1783724213,inflight,tier=cloud,2.0
1783724223,inflight,tier=cloud,0.0
1783724233,inflight,tier=cloud,0.0
1783724243,inflight,tier=cloud,0.0
1783724253,inflight,tier=cloud,0.0
1783724263,inflight,tier=cloud,6.0
1783724273,inflight,tier=cloud,0.0
1783724283,inflight,tier=cloud,0.0
1783724293,inflight,tier=cloud,0.0
1783724303,inflight,tier=cloud,0.0
1783724313,inflight,tier=cloud,0.0
1783724323,inflight,tier=cloud,0.0
1783724333,inflight,tier=cloud,0.0
1783724343,inflight,tier=cloud,0.0
1783724353,inflight,tier=cloud,0.0
1783724363,inflight,tier=cloud,0.0
1783724373,inflight,tier=cloud,0.0
1783723723,inflight,tier=edge,0.0
1783723733,inflight,tier=edge,0.0
1783723743,inflight,tier=edge,0.0
1783723753,inflight,tier=edge,0.0
1783723763,inflight,tier=edge,0.0
1783723773,inflight,tier=edge,0.0
1783723783,inflight,tier=edge,0.0
1783723793,inflight,tier=edge,0.0
1783723803,inflight,tier=edge,0.0
1783723813,inflight,tier=edge,0.0
1783723823,inflight,tier=edge,0.0
1783723833,inflight,tier=edge,0.0
1783723843,inflight,tier=edge,0.0
1783723853,inflight,tier=edge,0.0
1783723863,inflight,tier=edge,0.0
1783723873,inflight,tier=edge,0.0
1783723883,inflight,tier=edge,0.0
1783723893,inflight,tier=edge,0.0
1783723903,inflight,tier=edge,0.0
1783723913,inflight,tier=edge,0.0
1783723923,inflight,tier=edge,0.0
1783723933,inflight,tier=edge,0.0
1783723943,inflight,tier=edge,0.0
1783723953,inflight,tier=edge,0.0
1783723963,inflight,tier=edge,0.0
1783723973,inflight,tier=edge,0.0
1783723983,inflight,tier=edge,0.0
1783723993,inflight,tier=edge,0.0
1783724003,inflight,tier=edge,0.0
1783724013,inflight,tier=edge,0.0
1783724023,inflight,tier=edge,0.0
1783724033,inflight,tier=edge,0.0
1783724043,inflight,tier=edge,0.0
1783724053,inflight,tier=edge,0.0
1783724063,inflight,tier=edge,0.0
1783724073,inflight,tier=edge,0.0
1783724083,inflight,tier=edge,0.0
1783724093,inflight,tier=edge,0.0
1783724103,inflight,tier=edge,0.0
1783724113,inflight,tier=edge,0.0
1783724123,inflight,tier=edge,0.0
1783724133,inflight,tier=edge,0.0
1783724143,inflight,tier=edge,0.0
1783724153,inflight,tier=edge,0.0
1783724163,inflight,tier=edge,0.0
1783724173,inflight,tier=edge,0.0
1783724183,inflight,tier=edge,0.0
1783724193,inflight,tier=edge,0.0
1783724203,inflight,tier=edge,0.0
1783724213,inflight,tier=edge,0.0
1783724223,inflight,tier=edge,0.0
1783724233,inflight,tier=edge,0.0
1783724243,inflight,tier=edge,0.0
1783724253,inflight,tier=edge,0.0
1783724263,inflight,tier=edge,0.0
1783724273,inflight,tier=edge,0.0
1783724283,inflight,tier=edge,0.0
1783724293,inflight,tier=edge,0.0
1783724303,inflight,tier=edge,0.0
1783724313,inflight,tier=edge,0.0
1783724323,inflight,tier=edge,0.0
1783724333,inflight,tier=edge,0.0
1783724343,inflight,tier=edge,0.0
1783724353,inflight,tier=edge,0.0
1783724363,inflight,tier=edge,0.0
1783724373,inflight,tier=edge,0.0
