ts,metric,labels,value
1783707979,replicas_status,deployment=workload-cloud,1.0
1783707989,replicas_status,deployment=workload-cloud,1.0
1783707999,replicas_status,deployment=workload-cloud,1.0
1783708009,replicas_status,deployment=workload-cloud,1.0
1783708019,replicas_status,deployment=workload-cloud,1.0
1783708029,replicas_status,deployment=workload-cloud,1.0
1783708039,replicas_status,deployment=workload-cloud,1.0
1783708049,replicas_status,deployment=workload-cloud,1.0
1783708059,replicas_status,deployment=workload-cloud,1.0
1783708069,replicas_status,deployment=workload-cloud,2.0
1783708079,replicas_status,deployment=workload-cloud,2.0
1783708089,replicas_status,deployment=workload-cloud,3.0
1783708099,replicas_status,deployment=workload-cloud,3.0
1783708109,replicas_status,deployment=workload-cloud,3.0
1783708119,replicas_status,deployment=workload-cloud,3.0
1783708129,replicas_status,deployment=workload-cloud,3.0
1783708139,replicas_status,deployment=workload-cloud,3.0
1783708149,replicas_status,deployment=workload-cloud,4.0
1783708159,replicas_status,deployment=workload-cloud,4.0
1783708169,replicas_status,deployment=workload-cloud,4.0
1783708179,replicas_status,deployment=workload-cloud,4.0
1783708189,replicas_status,deployment=workload-cloud,5.0
1783708199,replicas_status,deployment=workload-cloud,5.0
1783708209,replicas_status,deployment=workload-cloud,6.0
1783708219,replicas_status,deployment=workload-cloud,6.0
1783708229,replicas_status,deployment=workload-cloud,6.0
1783708239,replicas_status,deployment=workload-cloud,6.0
1783708249,replicas_status,deployment=workload-cloud,6.0
1783708259,replicas_status,deployment=workload-cloud,6.0
1783708269,replicas_status,deployment=workload-cloud,6.0
1783708279,replicas_status,deployment=workload-cloud,6.0
1783708289,replicas_status,deployment=workload-cloud,6.0
1783708299,replicas_status,deployment=workload-cloud,6.0
1783708309,replicas_status,deployment=workload-cloud,6.0
1783708319,replicas_status,deployment=workload-cloud,6.0
1783708329,replicas_status,deployment=workload-cloud,6.0
1783708339,replicas_status,deployment=workload-cloud,6.0
1783708349,replicas_status,deployment=workload-cloud,6.0
1783708359,replicas_status,deployment=workload-cloud,6.0
1783708369,replicas_status,deployment=workload-cloud,6.0
1783708379,replicas_status,deployment=workload-cloud,6.0
1783708389,replicas_status,deployment=workload-cloud,6.0
1783708399,replicas_status,deployment=workload-cloud,6.0
1783708409,replicas_status,deployment=workload-cloud,6.0
1783708419,replicas_status,deployment=workload-cloud,6.0
1783708429,replicas_status,deployment=workload-cloud,6.0
1783708439,replicas_status,deployment=workload-cloud,6.0
1783708449,replicas_status,deployment=workload-cloud,6.0
1783708459,replicas_status,deployment=workload-cloud,6.0
1783708469,replicas_status,deployment=workload-cloud,6.0
1783708479,replicas_status,deployment=workload-cloud,6.0
1783708489,replicas_status,deployment=workload-cloud,6.0
1783708499,replicas_status,deployment=workload-cloud,6.0
1783708509,replicas_status,deployment=workload-cloud,6.0
1783708519,replicas_status,deployment=workload-cloud,6.0
1783708529,replicas_status,deployment=workload-cloud,6.0
1783708539,replicas_status,deployment=workload-cloud,6.0
1783708549,replicas_status,deployment=workload-cloud,6.0
1783708559,replicas_status,deployment=workload-cloud,6.0
1783708569,replicas_status,deployment=workload-cloud,6.0
1783708579,replicas_status,deployment=workload-cloud,6.0
1783708589,replicas_status,deployment=workload-cloud,6.0
1783708599,replicas_status,deployment=workload-cloud,6.0
1783708609,replicas_status,deployment=workload-cloud,6.0
1783708619,replicas_status,deployment=workload-cloud,6.0
1783708629,replicas_status,deployment=workload-cloud,6.0
1783708639,replicas_status,deployment=workload-cloud,6.0
1783707979,replicas_status,deployment=workload-edge,1.0
1783707989,replicas_status,deployment=workload-edge,1.0
1783707999,replicas_status,deployment=workload-edge,1.0
1783708009,replicas_status,deployment=workload-edge,1.0
1783708019,replicas_status,deployment=workload-edge,1.0
1783708029,replicas_status,deployment=workload-edge,1.0
1783708039,replicas_status,deployment=workload-edge,1.0
1783708049,replicas_status,deployment=workload-edge,1.0
1783708059,replicas_status,deployment=workload-edge,1.0
1783708069,replicas_status,deployment=workload-edge,1.0
1783708079,replicas_status,deployment=workload-edge,1.0
1783708089,replicas_status,deployment=workload-edge,1.0
1783708099,replicas_status,deployment=workload-edge,1.0
1783708109,replicas_status,deployment=workload-edge,1.0
1783708119,replicas_status,deployment=workload-edge,1.0
1783708129,replicas_status,deployment=workload-edge,1.0
1783708139,replicas_status,deployment=workload-edge,1.0
1783708149,replicas_status,deployment=workload-edge,1.0
1783708159,replicas_status,deployment=workload-edge,1.0
1783708169,replicas_status,deployment=workload-edge,1.0
1783708179,replicas_status,deployment=workload-edge,1.0
1783708189,replicas_status,deployment=workload-edge,1.0
1783708199,replicas_status,deployment=workload-edge,1.0
1783708209,replicas_status,deployment=workload-edge,1.0
1783708219,replicas_status,deployment=workload-edge,1.0
1783708229,replicas_status,deployment=workload-edge,1.0
1783708239,replicas_status,deployment=workload-edge,1.0
1783708249,replicas_status,deployment=workload-edge,1.0
1783708259,replicas_status,deployment=workload-edge,1.0
1783708269,replicas_status,deployment=workload-edge,1.0
1783708279,replicas_status,deployment=workload-edge,1.0
1783708289,replicas_status,deployment=workload-edge,1.0
1783708299,replicas_status,deployment=workload-edge,1.0
1783708309,replicas_status,deployment=workload-edge,1.0
1783708319,replicas_status,deployment=workload-edge,1.0
1783708329,replicas_status,deployment=workload-edge,1.0
1783708339,replicas_status,deployment=workload-edge,1.0
1783708349,replicas_status,deployment=workload-edge,1.0
1783708359,replicas_status,deployment=workload-edge,1.0
1783708369,replicas_status,deployment=workload-edge,1.0
1783708379,replicas_status,deployment=workload-edge,1.0
1783708389,replicas_status,deployment=workload-edge,1.0
1783708399,replicas_status,deployment=workload-edge,1.0
1783708409,replicas_status,deployment=workload-edge,1.0
1783708419,replicas_status,deployment=workload-edge,1.0
1783708429,replicas_status,deployment=workload-edge,1.0
1783708439,replicas_status,deployment=workload-edge,1.0
1783708449,replicas_status,deployment=workload-edge,1.0
1783708459,replicas_status,deployment=workload-edge,1.0
1783708469,replicas_status,deployment=workload-edge,1.0
1783708479,replicas_status,deployment=workload-edge,1.0
1783708489,replicas_status,deployment=workload-edge,1.0
1783708499,replicas_status,deployment=workload-edge,1.0
1783708509,replicas_status,deployment=workload-edge,1.0
1783708519,replicas_status,deployment=workload-edge,1.0
1783708529,replicas_status,deployment=workload-edge,1.0
1783708539,replicas_status,deployment=workload-edge,1.0
1783708549,replicas_status,deployment=workload-edge,1.0
1783708559,replicas_status,deployment=workload-edge,1.0
1783708569,replicas_status,deployment=workload-edge,1.0
1783708579,replicas_status,deployment=workload-edge,1.0
1783708589,replicas_status,deployment=workload-edge,1.0
1783708599,replicas_status,deployment=workload-edge,1.0
1783708609,replicas_status,deployment=workload-edge,1.0
1783708619,replicas_status,deployment=workload-edge,1.0
1783708629,replicas_status,deployment=workload-edge,1.0
1783708639,replicas_status,deployment=workload-edge,1.0
1783707979,replicas_spec,deployment=workload-cloud,1.0
1783707989,replicas_spec,deployment=workload-cloud,1.0
1783707999,replicas_spec,deployment=workload-cloud,1.0
1783708009,replicas_spec,deployment=workload-cloud,1.0
1783708019,replicas_spec,deployment=workload-cloud,1.0
1783708029,replicas_spec,deployment=workload-cloud,1.0
1783708039,replicas_spec,deployment=workload-cloud,1.0
1783708049,replicas_spec,deployment=workload-cloud,1.0
1783708059,replicas_spec,deployment=workload-cloud,1.0
1783708069,replicas_spec,deployment=workload-cloud,2.0
1783708079,replicas_spec,deployment=workload-cloud,2.0
1783708089,replicas_spec,deployment=workload-cloud,3.0
1783708099,replicas_spec,deployment=workload-cloud,3.0
1783708109,replicas_spec,deployment=workload-cloud,3.0
1783708119,replicas_spec,deployment=workload-cloud,3.0
1783708129,replicas_spec,deployment=workload-cloud,3.0
1783708139,replicas_spec,deployment=workload-cloud,3.0
1783708149,replicas_spec,deployment=workload-cloud,4.0
1783708159,replicas_spec,deployment=workload-cloud,4.0
1783708169,replicas_spec,deployment=workload-cloud,4.0
1783708179,replicas_spec,deployment=workload-cloud,4.0
1783708189,replicas_spec,deployment=workload-cloud,5.0
1783708199,replicas_spec,deployment=workload-cloud,5.0
1783708209,replicas_spec,deployment=workload-cloud,6.0
1783708219,replicas_spec,deployment=workload-cloud,6.0
1783708229,replicas_spec,deployment=workload-cloud,6.0
1783708239,replicas_spec,deployment=workload-cloud,6.0
1783708249,replicas_spec,deployment=workload-cloud,6.0
1783708259,replicas_spec,deployment=workload-cloud,6.0
1783708269,replicas_spec,deployment=workload-cloud,6.0
1783708279,replicas_spec,deployment=workload-cloud,6.0
1783708289,replicas_spec,deployment=workload-cloud,6.0
1783708299,replicas_spec,deployment=workload-cloud,6.0
1783708309,replicas_spec,deployment=workload-cloud,6.0
1783708319,replicas_spec,deployment=workload-cloud,6.0
1783708329,replicas_spec,deployment=workload-cloud,6.0
1783708339,replicas_spec,deployment=workload-cloud,6.0
1783708349,replicas_spec,deployment=workload-cloud,6.0
1783708359,replicas_spec,deployment=workload-cloud,6.0
1783708369,replicas_spec,deployment=workload-cloud,6.0
1783708379,replicas_spec,deployment=workload-cloud,6.0
1783708389,replicas_spec,deployment=workload-cloud,6.0
1783708399,replicas_spec,deployment=workload-cloud,6.0
1783708409,replicas_spec,deployment=workload-cloud,6.0
1783708419,replicas_spec,deployment=workload-cloud,6.0
1783708429,replicas_spec,deployment=workload-cloud,6.0
1783708439,replicas_spec,deployment=workload-cloud,6.0
1783708449,replicas_spec,deployment=workload-cloud,6.0
1783708459,replicas_spec,deployment=workload-cloud,6.0
1783708469,replicas_spec,deployment=workload-cloud,6.0
1783708479,replicas_spec,deployment=workload-cloud,6.0
1783708489,replicas_spec,deployment=workload-cloud,6.0
1783708499,replicas_spec,deployment=workload-cloud,6.0
1783708509,replicas_spec,deployment=workload-cloud,6.0
1783708519,replicas_spec,deployment=workload-cloud,6.0
1783708529,replicas_spec,deployment=workload-cloud,6.0
1783708539,replicas_spec,deployment=workload-cloud,6.0
1783708549,replicas_spec,deployment=workload-cloud,6.0
1783708559,replicas_spec,deployment=workload-cloud,6.0
1783708569,replicas_spec,deployment=workload-cloud,6.0
1783708579,replicas_spec,deployment=workload-cloud,6.0
1783708589,replicas_spec,deployment=workload-cloud,6.0
1783708599,replicas_spec,deployment=workload-cloud,6.0
1783708609,replicas_spec,deployment=workload-cloud,6.0
1783708619,replicas_spec,deployment=workload-cloud,6.0
1783708629,replicas_spec,deployment=workload-cloud,6.0
1783708639,replicas_spec,deployment=workload-cloud,6.0
1783707979,replicas_spec,deployment=workload-edge,1.0
1783707989,replicas_spec,deployment=workload-edge,1.0
1783707999,replicas_spec,deployment=workload-edge,1.0
1783708009,replicas_spec,deployment=workload-edge,1.0
1783708019,replicas_spec,deployment=workload-edge,1.0
1783708029,replicas_spec,deployment=workload-edge,1.0
1783708039,replicas_spec,deployment=workload-edge,1.0
1783708049,replicas_spec,deployment=workload-edge,1.0
1783708059,replicas_spec,deployment=workload-edge,1.0
1783708069,replicas_spec,deployment=workload-edge,1.0
1783708079,replicas_spec,deployment=workload-edge,1.0
1783708089,replicas_spec,deployment=workload-edge,1.0
1783708099,replicas_spec,deployment=workload-edge,1.0
1783708109,replicas_spec,deployment=workload-edge,1.0
1783708119,replicas_spec,deployment=workload-edge,1.0
1783708129,replicas_spec,deployment=workload-edge,1.0
1783708139,replicas_spec,deployment=workload-edge,1.0
1783708149,replicas_spec,deployment=workload-edge,1.0
1783708159,replicas_spec,deployment=workload-edge,1.0
1783708169,replicas_spec,deployment=workload-edge,1.0
1783708179,replicas_spec,deployment=workload-edge,1.0
1783708189,replicas_spec,deployment=workload-edge,1.0
1783708199,replicas_spec,deployment=workload-edge,1.0
1783708209,replicas_spec,deployment=workload-edge,1.0
1783708219,replicas_spec,deployment=workload-edge,1.0
1783708229,replicas_spec,deployment=workload-edge,1.0
1783708239,replicas_spec,deployment=workload-edge,1.0
1783708249,replicas_spec,deployment=workload-edge,1.0
1783708259,replicas_spec,deployment=workload-edge,1.0
1783708269,replicas_spec,deployment=workload-edge,1.0
1783708279,replicas_spec,deployment=workload-edge,1.0
1783708289,replicas_spec,deployment=workload-edge,1.0
1783708299,replicas_spec,deployment=workload-edge,1.0
1783708309,replicas_spec,deployment=workload-edge,1.0
1783708319,replicas_spec,deployment=workload-edge,1.0
1783708329,replicas_spec,deployment=workload-edge,1.0
1783708339,replicas_spec,deployment=workload-edge,1.0
1783708349,replicas_spec,deployment=workload-edge,1.0
1783708359,replicas_spec,deployment=workload-edge,1.0
1783708369,replicas_spec,deployment=workload-edge,1.0
1783708379,replicas_spec,deployment=workload-edge,1.0
1783708389,replicas_spec,deployment=workload-edge,1.0
1783708399,replicas_spec,deployment=workload-edge,1.0
1783708409,replicas_spec,deployment=workload-edge,1.0
1783708419,replicas_spec,deployment=workload-edge,1.0
1783708429,replicas_spec,deployment=workload-edge,1.0
1783708439,replicas_spec,deployment=workload-edge,1.0
1783708449,replicas_spec,deployment=workload-edge,1.0
1783708459,replicas_spec,deployment=workload-edge,1.0
1783708469,replicas_spec,deployment=workload-edge,1.0
1783708479,replicas_spec,deployment=workload-edge,1.0
1783708489,replicas_spec,deployment=workload-edge,1.0
1783708499,replicas_spec,deployment=workload-edge,1.0
1783708509,replicas_spec,deployment=workload-edge,1.0
1783708519,replicas_spec,deployment=workload-edge,1.0
1783708529,replicas_spec,deployment=workload-edge,1.0
1783708539,replicas_spec,deployment=workload-edge,1.0
1783708549,replicas_spec,deployment=workload-edge,1.0
1783708559,replicas_spec,deployment=workload-edge,1.0
1783708569,replicas_spec,deployment=workload-edge,1.0
1783708579,replicas_spec,deployment=workload-edge,1.0
1783708589,replicas_spec,deployment=workload-edge,1.0
1783708599,replicas_spec,deployment=workload-edge,1.0
1783708609,replicas_spec,deployment=workload-edge,1.0
1783708619,replicas_spec,deployment=workload-edge,1.0
1783708629,replicas_spec,deployment=workload-edge,1.0
1783708639,replicas_spec,deployment=workload-edge,1.0
1783707979,cpu_cores,pod=workload-cloud-6f545f89ff-25lvh,0.0009215382673816881
1783708159,cpu_cores,pod=workload-cloud-6f545f89ff-6dl7h,0.04880663484403493
1783708169,cpu_cores,pod=workload-cloud-6f545f89ff-6dl7h,0.06813706002879354
1783708179,cpu_cores,pod=workload-cloud-6f545f89ff-6dl7h,0.07420931364370029
1783708189,cpu_cores,pod=workload-cloud-6f545f89ff-6dl7h,0.23084050043575968
1783708199,cpu_cores,pod=workload-cloud-6f545f89ff-6dl7h,0.2880294657566795
1783708209,cpu_cores,pod=workload-cloud-6f545f89ff-6dl7h,0.48108833257535033
1783708219,cpu_cores,pod=workload-cloud-6f545f89ff-6dl7h,0.5162370208333333
1783708229,cpu_cores,pod=workload-cloud-6f545f89ff-6dl7h,0.7408233821302371
1783708239,cpu_cores,pod=workload-cloud-6f545f89ff-6dl7h,0.824044086665336
1783708249,cpu_cores,pod=workload-cloud-6f545f89ff-6dl7h,0.8290667413262118
1783708259,cpu_cores,pod=workload-cloud-6f545f89ff-6dl7h,0.8290667413262118
1783708269,cpu_cores,pod=workload-cloud-6f545f89ff-6dl7h,0.8261183773816841
1783708279,cpu_cores,pod=workload-cloud-6f545f89ff-6dl7h,0.8276066052113148
1783708289,cpu_cores,pod=workload-cloud-6f545f89ff-6dl7h,0.7064450862511253
1783708299,cpu_cores,pod=workload-cloud-6f545f89ff-6dl7h,0.8359177655677656
1783708309,cpu_cores,pod=workload-cloud-6f545f89ff-6dl7h,0.8449446297395184
1783708319,cpu_cores,pod=workload-cloud-6f545f89ff-6dl7h,0.8449446297395183
1783708329,cpu_cores,pod=workload-cloud-6f545f89ff-6dl7h,0.8386209705127428
1783708339,cpu_cores,pod=workload-cloud-6f545f89ff-6dl7h,0.8248251280409727
1783708349,cpu_cores,pod=workload-cloud-6f545f89ff-6dl7h,0.6293281792426477
1783708359,cpu_cores,pod=workload-cloud-6f545f89ff-6dl7h,0.3779647418039178
1783708369,cpu_cores,pod=workload-cloud-6f545f89ff-6dl7h,0.18728641182139402
1783708379,cpu_cores,pod=workload-cloud-6f545f89ff-6dl7h,0.12689805271651428
1783708389,cpu_cores,pod=workload-cloud-6f545f89ff-6dl7h,0.004122999261265988
1783708399,cpu_cores,pod=workload-cloud-6f545f89ff-6dl7h,0.004020659693087941
1783708409,cpu_cores,pod=workload-cloud-6f545f89ff-6dl7h,0.0038918396442984334
1783708419,cpu_cores,pod=workload-cloud-6f545f89ff-6dl7h,0.0037676745703721657
1783708429,cpu_cores,pod=workload-cloud-6f545f89ff-6dl7h,0.003992617176917056
1783708439,cpu_cores,pod=workload-cloud-6f545f89ff-6dl7h,0.0041332348660918896
1783708449,cpu_cores,pod=workload-cloud-6f545f89ff-6dl7h,0.004116405941895719
1783708459,cpu_cores,pod=workload-cloud-6f545f89ff-6dl7h,0.002709399999999818
1783708469,cpu_cores,pod=workload-cloud-6f545f89ff-6dl7h,0.00408166270992665
1783708479,cpu_cores,pod=workload-cloud-6f545f89ff-6dl7h,0.0039034149844409745
1783708489,cpu_cores,pod=workload-cloud-6f545f89ff-6dl7h,0.0039964274288153846
1783708499,cpu_cores,pod=workload-cloud-6f545f89ff-6dl7h,0.004072314736181552
1783708509,cpu_cores,pod=workload-cloud-6f545f89ff-6dl7h,0.00416687994416064
1783708519,cpu_cores,pod=workload-cloud-6f545f89ff-6dl7h,0.0040473262602559726
1783708529,cpu_cores,pod=workload-cloud-6f545f89ff-6dl7h,0.004057198988347707
1783708539,cpu_cores,pod=workload-cloud-6f545f89ff-6dl7h,0.003245414264803471
1783708549,cpu_cores,pod=workload-cloud-6f545f89ff-6dl7h,0.0033344432001057222
1783708559,cpu_cores,pod=workload-cloud-6f545f89ff-6dl7h,0.003944238288545892
1783708569,cpu_cores,pod=workload-cloud-6f545f89ff-6dl7h,0.003927249830475807
1783708579,cpu_cores,pod=workload-cloud-6f545f89ff-6dl7h,0.003322381215144897
1783708589,cpu_cores,pod=workload-cloud-6f545f89ff-6dl7h,0.003853658017411894
1783708599,cpu_cores,pod=workload-cloud-6f545f89ff-6dl7h,0.0036872245611444636
1783708609,cpu_cores,pod=workload-cloud-6f545f89ff-6dl7h,0.003687278613597647
1783708619,cpu_cores,pod=workload-cloud-6f545f89ff-6dl7h,0.0036368885207558677
1783708629,cpu_cores,pod=workload-cloud-6f545f89ff-6dl7h,0.003749489993543989
1783708639,cpu_cores,pod=workload-cloud-6f545f89ff-6dl7h,0.003658010173989765
1783708199,cpu_cores,pod=workload-cloud-6f545f89ff-c78v9,0.05276143386103537
1783708209,cpu_cores,pod=workload-cloud-6f545f89ff-c78v9,0.0799387473104817
1783708219,cpu_cores,pod=workload-cloud-6f545f89ff-c78v9,0.09204092988660603
1783708229,cpu_cores,pod=workload-cloud-6f545f89ff-c78v9,0.08957291666666667
1783708239,cpu_cores,pod=workload-cloud-6f545f89ff-c78v9,0.11988962179629147
1783708249,cpu_cores,pod=workload-cloud-6f545f89ff-c78v9,0.09793872237612215
1783708259,cpu_cores,pod=workload-cloud-6f545f89ff-c78v9,0.09629276424556375
1783708269,cpu_cores,pod=workload-cloud-6f545f89ff-c78v9,0.097493862403654
1783708279,cpu_cores,pod=workload-cloud-6f545f89ff-c78v9,0.09927104748959303
1783708289,cpu_cores,pod=workload-cloud-6f545f89ff-c78v9,0.09927104748959303
1783708299,cpu_cores,pod=workload-cloud-6f545f89ff-c78v9,0.09552977517651431
1783708309,cpu_cores,pod=workload-cloud-6f545f89ff-c78v9,0.09334797209412322
1783708319,cpu_cores,pod=workload-cloud-6f545f89ff-c78v9,0.08863631707941619
1783708329,cpu_cores,pod=workload-cloud-6f545f89ff-c78v9,0.08625358601454328
1783708339,cpu_cores,pod=workload-cloud-6f545f89ff-c78v9,0.06128618512790609
1783708349,cpu_cores,pod=workload-cloud-6f545f89ff-c78v9,0.04890991382718001
1783708359,cpu_cores,pod=workload-cloud-6f545f89ff-c78v9,0.02280719872099556
1783708369,cpu_cores,pod=workload-cloud-6f545f89ff-c78v9,0.0042551168284597155
1783708379,cpu_cores,pod=workload-cloud-6f545f89ff-c78v9,0.004076235148578665
1783708389,cpu_cores,pod=workload-cloud-6f545f89ff-c78v9,0.004046040166729813
1783708399,cpu_cores,pod=workload-cloud-6f545f89ff-c78v9,0.0038773616059789707
1783708409,cpu_cores,pod=workload-cloud-6f545f89ff-c78v9,0.0038787179431874507
1783708419,cpu_cores,pod=workload-cloud-6f545f89ff-c78v9,0.004047976211610118
1783708429,cpu_cores,pod=workload-cloud-6f545f89ff-c78v9,0.0030930704369566287
1783708439,cpu_cores,pod=workload-cloud-6f545f89ff-c78v9,0.003844791195537462
1783708449,cpu_cores,pod=workload-cloud-6f545f89ff-c78v9,0.004071570304481706
1783708459,cpu_cores,pod=workload-cloud-6f545f89ff-c78v9,0.004075563358264631
1783708469,cpu_cores,pod=workload-cloud-6f545f89ff-c78v9,0.004075563358264631
1783708479,cpu_cores,pod=workload-cloud-6f545f89ff-c78v9,0.004236081054495407
1783708489,cpu_cores,pod=workload-cloud-6f545f89ff-c78v9,0.0038654811940941653
1783708499,cpu_cores,pod=workload-cloud-6f545f89ff-c78v9,0.0038654811940941653
1783708509,cpu_cores,pod=workload-cloud-6f545f89ff-c78v9,0.004031246065388001
1783708519,cpu_cores,pod=workload-cloud-6f545f89ff-c78v9,0.0039276968063233645
1783708529,cpu_cores,pod=workload-cloud-6f545f89ff-c78v9,0.0039276968063233645
1783708539,cpu_cores,pod=workload-cloud-6f545f89ff-c78v9,0.003979873179388425
1783708549,cpu_cores,pod=workload-cloud-6f545f89ff-c78v9,0.00370529472834236
1783708559,cpu_cores,pod=workload-cloud-6f545f89ff-c78v9,0.00370529472834236
1783708569,cpu_cores,pod=workload-cloud-6f545f89ff-c78v9,0.0037960390621711512
1783708579,cpu_cores,pod=workload-cloud-6f545f89ff-c78v9,0.003086290065490066
1783708589,cpu_cores,pod=workload-cloud-6f545f89ff-c78v9,0.003591075591075591
1783708599,cpu_cores,pod=workload-cloud-6f545f89ff-c78v9,0.0036107399057183956
1783708609,cpu_cores,pod=workload-cloud-6f545f89ff-c78v9,0.0034577181650408957
1783708619,cpu_cores,pod=workload-cloud-6f545f89ff-c78v9,0.0036016122364613506
1783708629,cpu_cores,pod=workload-cloud-6f545f89ff-c78v9,0.0036338205496429512
1783708639,cpu_cores,pod=workload-cloud-6f545f89ff-c78v9,0.003629077040427149
1783707979,cpu_cores,pod=workload-cloud-6f545f89ff-gxx4w,0.0009866829032712373
1783708219,cpu_cores,pod=workload-cloud-6f545f89ff-k5kvp,0.06315434646083695
1783708229,cpu_cores,pod=workload-cloud-6f545f89ff-k5kvp,0.06439159166666666
1783708239,cpu_cores,pod=workload-cloud-6f545f89ff-k5kvp,0.055403430956196584
1783708249,cpu_cores,pod=workload-cloud-6f545f89ff-k5kvp,0.04804084915702119
1783708259,cpu_cores,pod=workload-cloud-6f545f89ff-k5kvp,0.004952704004108969
1783708269,cpu_cores,pod=workload-cloud-6f545f89ff-k5kvp,0.004903044759365789
1783708279,cpu_cores,pod=workload-cloud-6f545f89ff-k5kvp,0.0049631191006469415
1783708289,cpu_cores,pod=workload-cloud-6f545f89ff-k5kvp,0.004888728466604696
1783708299,cpu_cores,pod=workload-cloud-6f545f89ff-k5kvp,0.003725610183189655
1783708309,cpu_cores,pod=workload-cloud-6f545f89ff-k5kvp,0.004759724334134495
1783708319,cpu_cores,pod=workload-cloud-6f545f89ff-k5kvp,0.0047579668545328834
1783708329,cpu_cores,pod=workload-cloud-6f545f89ff-k5kvp,0.004790247678018576
1783708339,cpu_cores,pod=workload-cloud-6f545f89ff-k5kvp,0.004693636491907035
1783708349,cpu_cores,pod=workload-cloud-6f545f89ff-k5kvp,0.0038383910288490625
1783708359,cpu_cores,pod=workload-cloud-6f545f89ff-k5kvp,0.004355392204275076
1783708369,cpu_cores,pod=workload-cloud-6f545f89ff-k5kvp,0.0040382503843005724
1783708379,cpu_cores,pod=workload-cloud-6f545f89ff-k5kvp,0.003860620970478455
1783708389,cpu_cores,pod=workload-cloud-6f545f89ff-k5kvp,0.003857176246031593
1783708399,cpu_cores,pod=workload-cloud-6f545f89ff-k5kvp,0.003732680363115146
1783708409,cpu_cores,pod=workload-cloud-6f545f89ff-k5kvp,0.003916162369301732
1783708419,cpu_cores,pod=workload-cloud-6f545f89ff-k5kvp,0.003986914420308823
1783708429,cpu_cores,pod=workload-cloud-6f545f89ff-k5kvp,0.0039111134376799426
1783708439,cpu_cores,pod=workload-cloud-6f545f89ff-k5kvp,0.0038861414606095436
1783708449,cpu_cores,pod=workload-cloud-6f545f89ff-k5kvp,0.003949927417378358
1783708459,cpu_cores,pod=workload-cloud-6f545f89ff-k5kvp,0.003757977009024497
1783708469,cpu_cores,pod=workload-cloud-6f545f89ff-k5kvp,0.0037803299987007924
1783708479,cpu_cores,pod=workload-cloud-6f545f89ff-k5kvp,0.0037203873091201357
1783708489,cpu_cores,pod=workload-cloud-6f545f89ff-k5kvp,0.003090327678835675
1783708499,cpu_cores,pod=workload-cloud-6f545f89ff-k5kvp,0.003806128871237273
1783708509,cpu_cores,pod=workload-cloud-6f545f89ff-k5kvp,0.003868180553474735
1783708519,cpu_cores,pod=workload-cloud-6f545f89ff-k5kvp,0.003868180553474735
1783708529,cpu_cores,pod=workload-cloud-6f545f89ff-k5kvp,0.003782934464303745
1783708539,cpu_cores,pod=workload-cloud-6f545f89ff-k5kvp,0.0037211436963605405
1783708549,cpu_cores,pod=workload-cloud-6f545f89ff-k5kvp,0.0037211436963605405
1783708559,cpu_cores,pod=workload-cloud-6f545f89ff-k5kvp,0.0036294316263365206
1783708569,cpu_cores,pod=workload-cloud-6f545f89ff-k5kvp,0.0038982671512143284
1783708579,cpu_cores,pod=workload-cloud-6f545f89ff-k5kvp,0.0038982671512143284
1783708589,cpu_cores,pod=workload-cloud-6f545f89ff-k5kvp,0.00386818988464953
1783708599,cpu_cores,pod=workload-cloud-6f545f89ff-k5kvp,0.0038538584882224164
1783708609,cpu_cores,pod=workload-cloud-6f545f89ff-k5kvp,0.003903191788526441
1783708619,cpu_cores,pod=workload-cloud-6f545f89ff-k5kvp,0.003823910155778291
1783708629,cpu_cores,pod=workload-cloud-6f545f89ff-k5kvp,0.003645964199688274
1783708639,cpu_cores,pod=workload-cloud-6f545f89ff-k5kvp,0.003612229030526289
1783708099,cpu_cores,pod=workload-cloud-6f545f89ff-pdprt,0.06742510676355323
1783708109,cpu_cores,pod=workload-cloud-6f545f89ff-pdprt,0.0484598907281645
1783708119,cpu_cores,pod=workload-cloud-6f545f89ff-pdprt,0.06176722267811105
1783708129,cpu_cores,pod=workload-cloud-6f545f89ff-pdprt,0.04888338865652603
1783708139,cpu_cores,pod=workload-cloud-6f545f89ff-pdprt,0.013598163707962187
1783708149,cpu_cores,pod=workload-cloud-6f545f89ff-pdprt,0.013598163707962187
1783708159,cpu_cores,pod=workload-cloud-6f545f89ff-pdprt,0.05339156522115843
1783708169,cpu_cores,pod=workload-cloud-6f545f89ff-pdprt,0.12589541272369237
1783708179,cpu_cores,pod=workload-cloud-6f545f89ff-pdprt,0.26395328865918605
1783708189,cpu_cores,pod=workload-cloud-6f545f89ff-pdprt,0.3247753144693565
1783708199,cpu_cores,pod=workload-cloud-6f545f89ff-pdprt,0.5333275635345175
1783708209,cpu_cores,pod=workload-cloud-6f545f89ff-pdprt,0.6511081108191062
1783708219,cpu_cores,pod=workload-cloud-6f545f89ff-pdprt,0.8111976219499154
1783708229,cpu_cores,pod=workload-cloud-6f545f89ff-pdprt,0.7234411284824441
1783708239,cpu_cores,pod=workload-cloud-6f545f89ff-pdprt,0.8670274145418375
1783708249,cpu_cores,pod=workload-cloud-6f545f89ff-pdprt,0.8722280573967512
1783708259,cpu_cores,pod=workload-cloud-6f545f89ff-pdprt,0.8686132993723278
1783708269,cpu_cores,pod=workload-cloud-6f545f89ff-pdprt,0.8669188200923572
1783708279,cpu_cores,pod=workload-cloud-6f545f89ff-pdprt,0.8789593131653337
1783708289,cpu_cores,pod=workload-cloud-6f545f89ff-pdprt,0.8759355569409809
1783708299,cpu_cores,pod=workload-cloud-6f545f89ff-pdprt,0.8740836547544082
1783708309,cpu_cores,pod=workload-cloud-6f545f89ff-pdprt,0.7325848362398296
1783708319,cpu_cores,pod=workload-cloud-6f545f89ff-pdprt,0.8804133951290442
1783708329,cpu_cores,pod=workload-cloud-6f545f89ff-pdprt,0.8770884881897733
1783708339,cpu_cores,pod=workload-cloud-6f545f89ff-pdprt,0.8349305802364211
1783708349,cpu_cores,pod=workload-cloud-6f545f89ff-pdprt,0.6798184200964316
1783708359,cpu_cores,pod=workload-cloud-6f545f89ff-pdprt,0.5983173104213425
1783708369,cpu_cores,pod=workload-cloud-6f545f89ff-pdprt,0.5201039922924063
1783708379,cpu_cores,pod=workload-cloud-6f545f89ff-pdprt,0.34606576933602134
1783708389,cpu_cores,pod=workload-cloud-6f545f89ff-pdprt,0.2879840474218717
1783708399,cpu_cores,pod=workload-cloud-6f545f89ff-pdprt,0.2493263601008593
1783708409,cpu_cores,pod=workload-cloud-6f545f89ff-pdprt,0.2493263601008593
1783708419,cpu_cores,pod=workload-cloud-6f545f89ff-pdprt,0.25218908641689386
1783708429,cpu_cores,pod=workload-cloud-6f545f89ff-pdprt,0.25265606884058023
1783708439,cpu_cores,pod=workload-cloud-6f545f89ff-pdprt,0.25105181612363453
1783708449,cpu_cores,pod=workload-cloud-6f545f89ff-pdprt,0.2527888915413382
1783708459,cpu_cores,pod=workload-cloud-6f545f89ff-pdprt,0.2511153677438217
1783708469,cpu_cores,pod=workload-cloud-6f545f89ff-pdprt,0.2470477650206216
1783708479,cpu_cores,pod=workload-cloud-6f545f89ff-pdprt,0.24689920379823935
1783708489,cpu_cores,pod=workload-cloud-6f545f89ff-pdprt,0.24689920379823935
1783708499,cpu_cores,pod=workload-cloud-6f545f89ff-pdprt,0.24781877892571635
1783708509,cpu_cores,pod=workload-cloud-6f545f89ff-pdprt,0.21265788938066868
1783708519,cpu_cores,pod=workload-cloud-6f545f89ff-pdprt,0.2571143970426618
1783708529,cpu_cores,pod=workload-cloud-6f545f89ff-pdprt,0.25641841588375913
1783708539,cpu_cores,pod=workload-cloud-6f545f89ff-pdprt,0.20544527861467526
1783708549,cpu_cores,pod=workload-cloud-6f545f89ff-pdprt,0.18177932504582037
1783708559,cpu_cores,pod=workload-cloud-6f545f89ff-pdprt,0.10890618136896023
1783708569,cpu_cores,pod=workload-cloud-6f545f89ff-pdprt,0.03192193374319949
1783708579,cpu_cores,pod=workload-cloud-6f545f89ff-pdprt,0.026141627047015083
1783708589,cpu_cores,pod=workload-cloud-6f545f89ff-pdprt,0.003855854643338019
1783708599,cpu_cores,pod=workload-cloud-6f545f89ff-pdprt,0.0038465403873912665
1783708609,cpu_cores,pod=workload-cloud-6f545f89ff-pdprt,0.0038846843693952585
1783708619,cpu_cores,pod=workload-cloud-6f545f89ff-pdprt,0.003745455302667452
1783708629,cpu_cores,pod=workload-cloud-6f545f89ff-pdprt,0.003827679496527011
1783708639,cpu_cores,pod=workload-cloud-6f545f89ff-pdprt,0.003827325107846139
1783708079,cpu_cores,pod=workload-cloud-6f545f89ff-q2dd9,0.033774673789128025
1783708089,cpu_cores,pod=workload-cloud-6f545f89ff-q2dd9,0.05065906540850197
1783708099,cpu_cores,pod=workload-cloud-6f545f89ff-q2dd9,0.07100028510773478
1783708109,cpu_cores,pod=workload-cloud-6f545f89ff-q2dd9,0.08876224471976157
1783708119,cpu_cores,pod=workload-cloud-6f545f89ff-q2dd9,0.1220570942232408
1783708129,cpu_cores,pod=workload-cloud-6f545f89ff-q2dd9,0.17568407635518213
1783708139,cpu_cores,pod=workload-cloud-6f545f89ff-q2dd9,0.21187132388236424
1783708149,cpu_cores,pod=workload-cloud-6f545f89ff-q2dd9,0.24388879631558244
1783708159,cpu_cores,pod=workload-cloud-6f545f89ff-q2dd9,0.2898353777397422
1783708169,cpu_cores,pod=workload-cloud-6f545f89ff-q2dd9,0.24403655746723402
1783708179,cpu_cores,pod=workload-cloud-6f545f89ff-q2dd9,0.3390889652539137
1783708189,cpu_cores,pod=workload-cloud-6f545f89ff-q2dd9,0.44326748153587003
1783708199,cpu_cores,pod=workload-cloud-6f545f89ff-q2dd9,0.4432674815358701
1783708209,cpu_cores,pod=workload-cloud-6f545f89ff-q2dd9,0.6309170518547291
1783708219,cpu_cores,pod=workload-cloud-6f545f89ff-q2dd9,0.8006519972332701
1783708229,cpu_cores,pod=workload-cloud-6f545f89ff-q2dd9,0.8031028976626107
1783708239,cpu_cores,pod=workload-cloud-6f545f89ff-q2dd9,0.8420896430877064
1783708249,cpu_cores,pod=workload-cloud-6f545f89ff-q2dd9,0.8189345605197497
1783708259,cpu_cores,pod=workload-cloud-6f545f89ff-q2dd9,0.8226729475100941
1783708269,cpu_cores,pod=workload-cloud-6f545f89ff-q2dd9,0.8190789454010815
1783708279,cpu_cores,pod=workload-cloud-6f545f89ff-q2dd9,0.8229102921310367
1783708289,cpu_cores,pod=workload-cloud-6f545f89ff-q2dd9,0.6885890843088266
1783708299,cpu_cores,pod=workload-cloud-6f545f89ff-q2dd9,0.8341250777967947
1783708309,cpu_cores,pod=workload-cloud-6f545f89ff-q2dd9,0.8437339741687931
1783708319,cpu_cores,pod=workload-cloud-6f545f89ff-q2dd9,0.6840579639292793
1783708329,cpu_cores,pod=workload-cloud-6f545f89ff-q2dd9,0.8388350201057243
1783708339,cpu_cores,pod=workload-cloud-6f545f89ff-q2dd9,0.7501727623900712
1783708349,cpu_cores,pod=workload-cloud-6f545f89ff-q2dd9,0.6458750000000004
1783708359,cpu_cores,pod=workload-cloud-6f545f89ff-q2dd9,0.5122113317288404
1783708369,cpu_cores,pod=workload-cloud-6f545f89ff-q2dd9,0.4235999211667322
1783708379,cpu_cores,pod=workload-cloud-6f545f89ff-q2dd9,0.38560574015289567
1783708389,cpu_cores,pod=workload-cloud-6f545f89ff-q2dd9,0.3077303162551564
1783708399,cpu_cores,pod=workload-cloud-6f545f89ff-q2dd9,0.30433191977746216
1783708409,cpu_cores,pod=workload-cloud-6f545f89ff-q2dd9,0.300579028408654
1783708419,cpu_cores,pod=workload-cloud-6f545f89ff-q2dd9,0.31226097447795836
1783708429,cpu_cores,pod=workload-cloud-6f545f89ff-q2dd9,0.31226097447795836
1783708439,cpu_cores,pod=workload-cloud-6f545f89ff-q2dd9,0.3120042286007175
1783708449,cpu_cores,pod=workload-cloud-6f545f89ff-q2dd9,0.3142851442861556
1783708459,cpu_cores,pod=workload-cloud-6f545f89ff-q2dd9,0.30519011619767533
1783708469,cpu_cores,pod=workload-cloud-6f545f89ff-q2dd9,0.30257379907412973
1783708479,cpu_cores,pod=workload-cloud-6f545f89ff-q2dd9,0.29940196865613966
1783708489,cpu_cores,pod=workload-cloud-6f545f89ff-q2dd9,0.2976689426415536
1783708499,cpu_cores,pod=workload-cloud-6f545f89ff-q2dd9,0.31170077636898236
1783708509,cpu_cores,pod=workload-cloud-6f545f89ff-q2dd9,0.31170077636898236
1783708519,cpu_cores,pod=workload-cloud-6f545f89ff-q2dd9,0.31687329209748843
1783708529,cpu_cores,pod=workload-cloud-6f545f89ff-q2dd9,0.2707963790866825
1783708539,cpu_cores,pod=workload-cloud-6f545f89ff-q2dd9,0.3179978616902366
1783708549,cpu_cores,pod=workload-cloud-6f545f89ff-q2dd9,0.2341050480364064
1783708559,cpu_cores,pod=workload-cloud-6f545f89ff-q2dd9,0.20168466316292424
1783708569,cpu_cores,pod=workload-cloud-6f545f89ff-q2dd9,0.12815384471188118
1783708579,cpu_cores,pod=workload-cloud-6f545f89ff-q2dd9,0.0585561525775388
1783708589,cpu_cores,pod=workload-cloud-6f545f89ff-q2dd9,0.00407217301334974
1783708599,cpu_cores,pod=workload-cloud-6f545f89ff-q2dd9,0.003972149084313448
1783708609,cpu_cores,pod=workload-cloud-6f545f89ff-q2dd9,0.0038575521247810594
1783708619,cpu_cores,pod=workload-cloud-6f545f89ff-q2dd9,0.0038691966424362345
1783708629,cpu_cores,pod=workload-cloud-6f545f89ff-q2dd9,0.0037287905131292115
1783708639,cpu_cores,pod=workload-cloud-6f545f89ff-q2dd9,0.0037287905131292115
1783707979,cpu_cores,pod=workload-cloud-6f545f89ff-r28zz,0.0026450579203530617
1783707989,cpu_cores,pod=workload-cloud-6f545f89ff-r28zz,0.0026923238059721596
1783707999,cpu_cores,pod=workload-cloud-6f545f89ff-r28zz,0.015308531971631716
1783708009,cpu_cores,pod=workload-cloud-6f545f89ff-r28zz,0.021369563889565842
1783708019,cpu_cores,pod=workload-cloud-6f545f89ff-r28zz,0.04204522152294309
1783708029,cpu_cores,pod=workload-cloud-6f545f89ff-r28zz,0.05069650279224573
1783708039,cpu_cores,pod=workload-cloud-6f545f89ff-r28zz,0.11398938775510987
1783708049,cpu_cores,pod=workload-cloud-6f545f89ff-r28zz,0.13416658708368098
1783708059,cpu_cores,pod=workload-cloud-6f545f89ff-r28zz,0.15492929754425958
1783708069,cpu_cores,pod=workload-cloud-6f545f89ff-r28zz,0.19535684262241365
1783708079,cpu_cores,pod=workload-cloud-6f545f89ff-r28zz,0.3092730287476487
1783708089,cpu_cores,pod=workload-cloud-6f545f89ff-r28zz,0.3092730287476487
1783708099,cpu_cores,pod=workload-cloud-6f545f89ff-r28zz,0.4259714551275511
1783708109,cpu_cores,pod=workload-cloud-6f545f89ff-r28zz,0.444708420562158
1783708119,cpu_cores,pod=workload-cloud-6f545f89ff-r28zz,0.5295864116095059
1783708129,cpu_cores,pod=workload-cloud-6f545f89ff-r28zz,0.5070355694373248
1783708139,cpu_cores,pod=workload-cloud-6f545f89ff-r28zz,0.5274169039309329
1783708149,cpu_cores,pod=workload-cloud-6f545f89ff-r28zz,0.5274169039309329
1783708159,cpu_cores,pod=workload-cloud-6f545f89ff-r28zz,0.5382447220934633
1783708169,cpu_cores,pod=workload-cloud-6f545f89ff-r28zz,0.5680520868679998
1783708179,cpu_cores,pod=workload-cloud-6f545f89ff-r28zz,0.5680520868679998
1783708189,cpu_cores,pod=workload-cloud-6f545f89ff-r28zz,0.6362603911464064
1783708199,cpu_cores,pod=workload-cloud-6f545f89ff-r28zz,0.5852316757465763
1783708209,cpu_cores,pod=workload-cloud-6f545f89ff-r28zz,0.7655022536215148
1783708219,cpu_cores,pod=workload-cloud-6f545f89ff-r28zz,0.8170459391354888
1783708229,cpu_cores,pod=workload-cloud-6f545f89ff-r28zz,0.8826100502227386
1783708239,cpu_cores,pod=workload-cloud-6f545f89ff-r28zz,0.8776634081632624
1783708249,cpu_cores,pod=workload-cloud-6f545f89ff-r28zz,0.8733083617190074
1783708259,cpu_cores,pod=workload-cloud-6f545f89ff-r28zz,0.8733083617190074
1783708269,cpu_cores,pod=workload-cloud-6f545f89ff-r28zz,0.8724848964393739
1783708279,cpu_cores,pod=workload-cloud-6f545f89ff-r28zz,0.8724848964393739
1783708289,cpu_cores,pod=workload-cloud-6f545f89ff-r28zz,0.8697491195359441
1783708299,cpu_cores,pod=workload-cloud-6f545f89ff-r28zz,0.8686606772633042
1783708309,cpu_cores,pod=workload-cloud-6f545f89ff-r28zz,0.8541914240690005
1783708319,cpu_cores,pod=workload-cloud-6f545f89ff-r28zz,0.8627217883060094
1783708329,cpu_cores,pod=workload-cloud-6f545f89ff-r28zz,0.854371727999227
1783708339,cpu_cores,pod=workload-cloud-6f545f89ff-r28zz,0.8543717279992271
1783708349,cpu_cores,pod=workload-cloud-6f545f89ff-r28zz,0.809692678864488
1783708359,cpu_cores,pod=workload-cloud-6f545f89ff-r28zz,0.7219463249431208
1783708369,cpu_cores,pod=workload-cloud-6f545f89ff-r28zz,0.6667099855761354
1783708379,cpu_cores,pod=workload-cloud-6f545f89ff-r28zz,0.5733979058639822
1783708389,cpu_cores,pod=workload-cloud-6f545f89ff-r28zz,0.49659126678893206
1783708399,cpu_cores,pod=workload-cloud-6f545f89ff-r28zz,0.4969145195221162
1783708409,cpu_cores,pod=workload-cloud-6f545f89ff-r28zz,0.5080778498254227
1783708419,cpu_cores,pod=workload-cloud-6f545f89ff-r28zz,0.5139007897046036
1783708429,cpu_cores,pod=workload-cloud-6f545f89ff-r28zz,0.5129260986437629
1783708439,cpu_cores,pod=workload-cloud-6f545f89ff-r28zz,0.5218490110950537
1783708449,cpu_cores,pod=workload-cloud-6f545f89ff-r28zz,0.5153687524831151
1783708459,cpu_cores,pod=workload-cloud-6f545f89ff-r28zz,0.5050769852539454
1783708469,cpu_cores,pod=workload-cloud-6f545f89ff-r28zz,0.5023629411192562
1783708479,cpu_cores,pod=workload-cloud-6f545f89ff-r28zz,0.5067578487812008
1783708489,cpu_cores,pod=workload-cloud-6f545f89ff-r28zz,0.5174552786102473
1783708499,cpu_cores,pod=workload-cloud-6f545f89ff-r28zz,0.5275198906381972
1783708509,cpu_cores,pod=workload-cloud-6f545f89ff-r28zz,0.5354707816435188
1783708519,cpu_cores,pod=workload-cloud-6f545f89ff-r28zz,0.5328605018503496
1783708529,cpu_cores,pod=workload-cloud-6f545f89ff-r28zz,0.5328605018503496
1783708539,cpu_cores,pod=workload-cloud-6f545f89ff-r28zz,0.5286511286588321
1783708549,cpu_cores,pod=workload-cloud-6f545f89ff-r28zz,0.5172579536668357
1783708559,cpu_cores,pod=workload-cloud-6f545f89ff-r28zz,0.42981662667608056
1783708569,cpu_cores,pod=workload-cloud-6f545f89ff-r28zz,0.3276883651487747
1783708579,cpu_cores,pod=workload-cloud-6f545f89ff-r28zz,0.13845224110591994
1783708589,cpu_cores,pod=workload-cloud-6f545f89ff-r28zz,0.10991340413166982
1783708599,cpu_cores,pod=workload-cloud-6f545f89ff-r28zz,0.006412268773899682
1783708609,cpu_cores,pod=workload-cloud-6f545f89ff-r28zz,0.0057684839005060695
1783708619,cpu_cores,pod=workload-cloud-6f545f89ff-r28zz,0.003927838435499159
1783708629,cpu_cores,pod=workload-cloud-6f545f89ff-r28zz,0.0036902598475575072
1783708639,cpu_cores,pod=workload-cloud-6f545f89ff-r28zz,0.002999736196783727
1783707979,cpu_cores,pod=workload-edge-7b875fd8c6-pxwvc,0.0026739055179892056
1783707989,cpu_cores,pod=workload-edge-7b875fd8c6-pxwvc,0.002724931787178671
1783707999,cpu_cores,pod=workload-edge-7b875fd8c6-pxwvc,0.0026282521910678215
1783708009,cpu_cores,pod=workload-edge-7b875fd8c6-pxwvc,0.002672197317757378
1783708019,cpu_cores,pod=workload-edge-7b875fd8c6-pxwvc,0.00270503968351528
1783708029,cpu_cores,pod=workload-edge-7b875fd8c6-pxwvc,0.002659568127637221
1783708039,cpu_cores,pod=workload-edge-7b875fd8c6-pxwvc,0.002659568127637221
1783708049,cpu_cores,pod=workload-edge-7b875fd8c6-pxwvc,0.0027700076401502047
1783708059,cpu_cores,pod=workload-edge-7b875fd8c6-pxwvc,0.0026739153745549064
1783708069,cpu_cores,pod=workload-edge-7b875fd8c6-pxwvc,0.0021339690393021057
1783708079,cpu_cores,pod=workload-edge-7b875fd8c6-pxwvc,0.0036778240898245745
1783708089,cpu_cores,pod=workload-edge-7b875fd8c6-pxwvc,0.00399251392757734
1783708099,cpu_cores,pod=workload-edge-7b875fd8c6-pxwvc,0.004374702533936712
1783708109,cpu_cores,pod=workload-edge-7b875fd8c6-pxwvc,0.0049136485813822605
1783708119,cpu_cores,pod=workload-edge-7b875fd8c6-pxwvc,0.004789869952088933
1783708129,cpu_cores,pod=workload-edge-7b875fd8c6-pxwvc,0.004692123772143959
1783708139,cpu_cores,pod=workload-edge-7b875fd8c6-pxwvc,0.004482093350903378
1783708149,cpu_cores,pod=workload-edge-7b875fd8c6-pxwvc,0.004482093350903378
1783708159,cpu_cores,pod=workload-edge-7b875fd8c6-pxwvc,0.004567856932760111
1783708169,cpu_cores,pod=workload-edge-7b875fd8c6-pxwvc,0.004586109435036831
1783708179,cpu_cores,pod=workload-edge-7b875fd8c6-pxwvc,0.004764278704608168
1783708189,cpu_cores,pod=workload-edge-7b875fd8c6-pxwvc,0.004906370291257767
1783708199,cpu_cores,pod=workload-edge-7b875fd8c6-pxwvc,0.004440041923676023
1783708209,cpu_cores,pod=workload-edge-7b875fd8c6-pxwvc,0.005382503300130886
1783708219,cpu_cores,pod=workload-edge-7b875fd8c6-pxwvc,0.005729092670327605
1783708229,cpu_cores,pod=workload-edge-7b875fd8c6-pxwvc,0.005669389228971964
1783708239,cpu_cores,pod=workload-edge-7b875fd8c6-pxwvc,0.005800839196408285
1783708249,cpu_cores,pod=workload-edge-7b875fd8c6-pxwvc,0.005863671695933097
1783708259,cpu_cores,pod=workload-edge-7b875fd8c6-pxwvc,0.0057441885463978964
1783708269,cpu_cores,pod=workload-edge-7b875fd8c6-pxwvc,0.0058456041780566275
1783708279,cpu_cores,pod=workload-edge-7b875fd8c6-pxwvc,0.006003727521053713
1783708289,cpu_cores,pod=workload-edge-7b875fd8c6-pxwvc,0.004662821602113079
1783708299,cpu_cores,pod=workload-edge-7b875fd8c6-pxwvc,0.004632626900516578
1783708309,cpu_cores,pod=workload-edge-7b875fd8c6-pxwvc,0.0055242125592904305
1783708319,cpu_cores,pod=workload-edge-7b875fd8c6-pxwvc,0.005632014864892794
1783708329,cpu_cores,pod=workload-edge-7b875fd8c6-pxwvc,0.005599922382446623
1783708339,cpu_cores,pod=workload-edge-7b875fd8c6-pxwvc,0.005599922382446624
1783708349,cpu_cores,pod=workload-edge-7b875fd8c6-pxwvc,0.0053740521327029275
1783708359,cpu_cores,pod=workload-edge-7b875fd8c6-pxwvc,0.005185608494235815
1783708369,cpu_cores,pod=workload-edge-7b875fd8c6-pxwvc,0.004942009779282245
1783708379,cpu_cores,pod=workload-edge-7b875fd8c6-pxwvc,0.004675890801447901
1783708389,cpu_cores,pod=workload-edge-7b875fd8c6-pxwvc,0.004490747432273108
1783708399,cpu_cores,pod=workload-edge-7b875fd8c6-pxwvc,0.004490747432273108
1783708409,cpu_cores,pod=workload-edge-7b875fd8c6-pxwvc,0.004352598610158415
1783708419,cpu_cores,pod=workload-edge-7b875fd8c6-pxwvc,0.00441554280248988
1783708429,cpu_cores,pod=workload-edge-7b875fd8c6-pxwvc,0.00441554280248988
1783708439,cpu_cores,pod=workload-edge-7b875fd8c6-pxwvc,0.004607904642410472
1783708449,cpu_cores,pod=workload-edge-7b875fd8c6-pxwvc,0.004703184152604294
1783708459,cpu_cores,pod=workload-edge-7b875fd8c6-pxwvc,0.004604681863818941
1783708469,cpu_cores,pod=workload-edge-7b875fd8c6-pxwvc,0.004592420996246863
1783708479,cpu_cores,pod=workload-edge-7b875fd8c6-pxwvc,0.004395941334304305
1783708489,cpu_cores,pod=workload-edge-7b875fd8c6-pxwvc,0.004385329427783449
1783708499,cpu_cores,pod=workload-edge-7b875fd8c6-pxwvc,0.003632599399284214
1783708509,cpu_cores,pod=workload-edge-7b875fd8c6-pxwvc,0.0045827452476356395
1783708519,cpu_cores,pod=workload-edge-7b875fd8c6-pxwvc,0.00448401477519062
1783708529,cpu_cores,pod=workload-edge-7b875fd8c6-pxwvc,0.004484014775190619
1783708539,cpu_cores,pod=workload-edge-7b875fd8c6-pxwvc,0.00451334850993323
1783708549,cpu_cores,pod=workload-edge-7b875fd8c6-pxwvc,0.004127275542475976
1783708559,cpu_cores,pod=workload-edge-7b875fd8c6-pxwvc,0.004127275542475976
1783708569,cpu_cores,pod=workload-edge-7b875fd8c6-pxwvc,0.004200171840729798
1783708579,cpu_cores,pod=workload-edge-7b875fd8c6-pxwvc,0.004067652075044044
1783708589,cpu_cores,pod=workload-edge-7b875fd8c6-pxwvc,0.004067652075044045
1783708599,cpu_cores,pod=workload-edge-7b875fd8c6-pxwvc,0.004028332316278705
1783708609,cpu_cores,pod=workload-edge-7b875fd8c6-pxwvc,0.024112033195019988
1783708619,cpu_cores,pod=workload-edge-7b875fd8c6-pxwvc,0.01881363182391837
1783708629,cpu_cores,pod=workload-edge-7b875fd8c6-pxwvc,0.022720117103817297
1783708639,cpu_cores,pod=workload-edge-7b875fd8c6-pxwvc,0.023225729096014624
1783708159,cpu_utilisation,pod=workload-cloud-6f545f89ff-6dl7h,0.24403317422017462
1783708169,cpu_utilisation,pod=workload-cloud-6f545f89ff-6dl7h,0.34068530014396764
1783708179,cpu_utilisation,pod=workload-cloud-6f545f89ff-6dl7h,0.3710465682185014
1783708189,cpu_utilisation,pod=workload-cloud-6f545f89ff-6dl7h,1.1542025021787983
1783708199,cpu_utilisation,pod=workload-cloud-6f545f89ff-6dl7h,1.4401473287833972
1783708209,cpu_utilisation,pod=workload-cloud-6f545f89ff-6dl7h,2.4054416628767514
1783708219,cpu_utilisation,pod=workload-cloud-6f545f89ff-6dl7h,2.5811851041666665
1783708229,cpu_utilisation,pod=workload-cloud-6f545f89ff-6dl7h,3.7041169106511855
1783708239,cpu_utilisation,pod=workload-cloud-6f545f89ff-6dl7h,4.12022043332668
1783708249,cpu_utilisation,pod=workload-cloud-6f545f89ff-6dl7h,4.1453337066310585
1783708259,cpu_utilisation,pod=workload-cloud-6f545f89ff-6dl7h,4.1453337066310585
1783708269,cpu_utilisation,pod=workload-cloud-6f545f89ff-6dl7h,4.13059188690842
1783708279,cpu_utilisation,pod=workload-cloud-6f545f89ff-6dl7h,4.138033026056574
1783708289,cpu_utilisation,pod=workload-cloud-6f545f89ff-6dl7h,3.5322254312556267
1783708299,cpu_utilisation,pod=workload-cloud-6f545f89ff-6dl7h,4.179588827838828
1783708309,cpu_utilisation,pod=workload-cloud-6f545f89ff-6dl7h,4.224723148697592
1783708319,cpu_utilisation,pod=workload-cloud-6f545f89ff-6dl7h,4.224723148697591
1783708329,cpu_utilisation,pod=workload-cloud-6f545f89ff-6dl7h,4.193104852563714
1783708339,cpu_utilisation,pod=workload-cloud-6f545f89ff-6dl7h,4.124125640204864
1783708349,cpu_utilisation,pod=workload-cloud-6f545f89ff-6dl7h,3.1466408962132384
1783708359,cpu_utilisation,pod=workload-cloud-6f545f89ff-6dl7h,1.889823709019589
1783708369,cpu_utilisation,pod=workload-cloud-6f545f89ff-6dl7h,0.93643205910697
1783708379,cpu_utilisation,pod=workload-cloud-6f545f89ff-6dl7h,0.6344902635825713
1783708389,cpu_utilisation,pod=workload-cloud-6f545f89ff-6dl7h,0.020614996306329937
1783708399,cpu_utilisation,pod=workload-cloud-6f545f89ff-6dl7h,0.020103298465439706
1783708409,cpu_utilisation,pod=workload-cloud-6f545f89ff-6dl7h,0.019459198221492165
1783708419,cpu_utilisation,pod=workload-cloud-6f545f89ff-6dl7h,0.018838372851860827
1783708429,cpu_utilisation,pod=workload-cloud-6f545f89ff-6dl7h,0.01996308588458528
1783708439,cpu_utilisation,pod=workload-cloud-6f545f89ff-6dl7h,0.020666174330459447
1783708449,cpu_utilisation,pod=workload-cloud-6f545f89ff-6dl7h,0.020582029709478592
1783708459,cpu_utilisation,pod=workload-cloud-6f545f89ff-6dl7h,0.01354699999999909
1783708469,cpu_utilisation,pod=workload-cloud-6f545f89ff-6dl7h,0.02040831354963325
1783708479,cpu_utilisation,pod=workload-cloud-6f545f89ff-6dl7h,0.01951707492220487
1783708489,cpu_utilisation,pod=workload-cloud-6f545f89ff-6dl7h,0.01998213714407692
1783708499,cpu_utilisation,pod=workload-cloud-6f545f89ff-6dl7h,0.020361573680907758
1783708509,cpu_utilisation,pod=workload-cloud-6f545f89ff-6dl7h,0.020834399720803202
1783708519,cpu_utilisation,pod=workload-cloud-6f545f89ff-6dl7h,0.02023663130127986
1783708529,cpu_utilisation,pod=workload-cloud-6f545f89ff-6dl7h,0.020285994941738536
1783708539,cpu_utilisation,pod=workload-cloud-6f545f89ff-6dl7h,0.016227071324017354
1783708549,cpu_utilisation,pod=workload-cloud-6f545f89ff-6dl7h,0.01667221600052861
1783708559,cpu_utilisation,pod=workload-cloud-6f545f89ff-6dl7h,0.01972119144272946
1783708569,cpu_utilisation,pod=workload-cloud-6f545f89ff-6dl7h,0.019636249152379034
1783708579,cpu_utilisation,pod=workload-cloud-6f545f89ff-6dl7h,0.01661190607572448
1783708589,cpu_utilisation,pod=workload-cloud-6f545f89ff-6dl7h,0.019268290087059468
1783708599,cpu_utilisation,pod=workload-cloud-6f545f89ff-6dl7h,0.018436122805722318
1783708609,cpu_utilisation,pod=workload-cloud-6f545f89ff-6dl7h,0.018436393067988235
1783708619,cpu_utilisation,pod=workload-cloud-6f545f89ff-6dl7h,0.018184442603779338
1783708629,cpu_utilisation,pod=workload-cloud-6f545f89ff-6dl7h,0.018747449967719945
1783708639,cpu_utilisation,pod=workload-cloud-6f545f89ff-6dl7h,0.018290050869948823
1783708199,cpu_utilisation,pod=workload-cloud-6f545f89ff-c78v9,0.26380716930517684
1783708209,cpu_utilisation,pod=workload-cloud-6f545f89ff-c78v9,0.3996937365524085
1783708219,cpu_utilisation,pod=workload-cloud-6f545f89ff-c78v9,0.46020464943303013
1783708229,cpu_utilisation,pod=workload-cloud-6f545f89ff-c78v9,0.44786458333333334
1783708239,cpu_utilisation,pod=workload-cloud-6f545f89ff-c78v9,0.5994481089814573
1783708249,cpu_utilisation,pod=workload-cloud-6f545f89ff-c78v9,0.4896936118806107
1783708259,cpu_utilisation,pod=workload-cloud-6f545f89ff-c78v9,0.4814638212278187
1783708269,cpu_utilisation,pod=workload-cloud-6f545f89ff-c78v9,0.48746931201827
1783708279,cpu_utilisation,pod=workload-cloud-6f545f89ff-c78v9,0.49635523744796517
1783708289,cpu_utilisation,pod=workload-cloud-6f545f89ff-c78v9,0.49635523744796517
1783708299,cpu_utilisation,pod=workload-cloud-6f545f89ff-c78v9,0.47764887588257154
1783708309,cpu_utilisation,pod=workload-cloud-6f545f89ff-c78v9,0.4667398604706161
1783708319,cpu_utilisation,pod=workload-cloud-6f545f89ff-c78v9,0.4431815853970809
1783708329,cpu_utilisation,pod=workload-cloud-6f545f89ff-c78v9,0.43126793007271635
1783708339,cpu_utilisation,pod=workload-cloud-6f545f89ff-c78v9,0.30643092563953045
1783708349,cpu_utilisation,pod=workload-cloud-6f545f89ff-c78v9,0.24454956913590004
1783708359,cpu_utilisation,pod=workload-cloud-6f545f89ff-c78v9,0.11403599360497779
1783708369,cpu_utilisation,pod=workload-cloud-6f545f89ff-c78v9,0.021275584142298576
1783708379,cpu_utilisation,pod=workload-cloud-6f545f89ff-c78v9,0.020381175742893325
1783708389,cpu_utilisation,pod=workload-cloud-6f545f89ff-c78v9,0.020230200833649063
1783708399,cpu_utilisation,pod=workload-cloud-6f545f89ff-c78v9,0.019386808029894852
1783708409,cpu_utilisation,pod=workload-cloud-6f545f89ff-c78v9,0.019393589715937253
1783708419,cpu_utilisation,pod=workload-cloud-6f545f89ff-c78v9,0.02023988105805059
1783708429,cpu_utilisation,pod=workload-cloud-6f545f89ff-c78v9,0.015465352184783144
1783708439,cpu_utilisation,pod=workload-cloud-6f545f89ff-c78v9,0.019223955977687307
1783708449,cpu_utilisation,pod=workload-cloud-6f545f89ff-c78v9,0.02035785152240853
1783708459,cpu_utilisation,pod=workload-cloud-6f545f89ff-c78v9,0.020377816791323156
1783708469,cpu_utilisation,pod=workload-cloud-6f545f89ff-c78v9,0.020377816791323156
1783708479,cpu_utilisation,pod=workload-cloud-6f545f89ff-c78v9,0.021180405272477037
1783708489,cpu_utilisation,pod=workload-cloud-6f545f89ff-c78v9,0.019327405970470824
1783708499,cpu_utilisation,pod=workload-cloud-6f545f89ff-c78v9,0.019327405970470824
1783708509,cpu_utilisation,pod=workload-cloud-6f545f89ff-c78v9,0.020156230326940004
1783708519,cpu_utilisation,pod=workload-cloud-6f545f89ff-c78v9,0.01963848403161682
1783708529,cpu_utilisation,pod=workload-cloud-6f545f89ff-c78v9,0.01963848403161682
1783708539,cpu_utilisation,pod=workload-cloud-6f545f89ff-c78v9,0.019899365896942123
1783708549,cpu_utilisation,pod=workload-cloud-6f545f89ff-c78v9,0.0185264736417118
1783708559,cpu_utilisation,pod=workload-cloud-6f545f89ff-c78v9,0.0185264736417118
1783708569,cpu_utilisation,pod=workload-cloud-6f545f89ff-c78v9,0.018980195310855756
1783708579,cpu_utilisation,pod=workload-cloud-6f545f89ff-c78v9,0.015431450327450328
1783708589,cpu_utilisation,pod=workload-cloud-6f545f89ff-c78v9,0.017955377955377952
1783708599,cpu_utilisation,pod=workload-cloud-6f545f89ff-c78v9,0.01805369952859198
1783708609,cpu_utilisation,pod=workload-cloud-6f545f89ff-c78v9,0.017288590825204477
1783708619,cpu_utilisation,pod=workload-cloud-6f545f89ff-c78v9,0.018008061182306752
1783708629,cpu_utilisation,pod=workload-cloud-6f545f89ff-c78v9,0.018169102748214754
1783708639,cpu_utilisation,pod=workload-cloud-6f545f89ff-c78v9,0.018145385202135746
1783708219,cpu_utilisation,pod=workload-cloud-6f545f89ff-k5kvp,0.31577173230418476
1783708229,cpu_utilisation,pod=workload-cloud-6f545f89ff-k5kvp,0.3219579583333333
1783708239,cpu_utilisation,pod=workload-cloud-6f545f89ff-k5kvp,0.2770171547809829
1783708249,cpu_utilisation,pod=workload-cloud-6f545f89ff-k5kvp,0.24020424578510594
1783708259,cpu_utilisation,pod=workload-cloud-6f545f89ff-k5kvp,0.024763520020544844
1783708269,cpu_utilisation,pod=workload-cloud-6f545f89ff-k5kvp,0.024515223796828942
1783708279,cpu_utilisation,pod=workload-cloud-6f545f89ff-k5kvp,0.024815595503234707
1783708289,cpu_utilisation,pod=workload-cloud-6f545f89ff-k5kvp,0.02444364233302348
1783708299,cpu_utilisation,pod=workload-cloud-6f545f89ff-k5kvp,0.018628050915948276
1783708309,cpu_utilisation,pod=workload-cloud-6f545f89ff-k5kvp,0.023798621670672475
1783708319,cpu_utilisation,pod=workload-cloud-6f545f89ff-k5kvp,0.023789834272664415
1783708329,cpu_utilisation,pod=workload-cloud-6f545f89ff-k5kvp,0.02395123839009288
1783708339,cpu_utilisation,pod=workload-cloud-6f545f89ff-k5kvp,0.023468182459535174
1783708349,cpu_utilisation,pod=workload-cloud-6f545f89ff-k5kvp,0.01919195514424531
1783708359,cpu_utilisation,pod=workload-cloud-6f545f89ff-k5kvp,0.021776961021375378
1783708369,cpu_utilisation,pod=workload-cloud-6f545f89ff-k5kvp,0.02019125192150286
1783708379,cpu_utilisation,pod=workload-cloud-6f545f89ff-k5kvp,0.019303104852392273
1783708389,cpu_utilisation,pod=workload-cloud-6f545f89ff-k5kvp,0.019285881230157963
1783708399,cpu_utilisation,pod=workload-cloud-6f545f89ff-k5kvp,0.018663401815575728
1783708409,cpu_utilisation,pod=workload-cloud-6f545f89ff-k5kvp,0.019580811846508662
1783708419,cpu_utilisation,pod=workload-cloud-6f545f89ff-k5kvp,0.01993457210154411
1783708429,cpu_utilisation,pod=workload-cloud-6f545f89ff-k5kvp,0.019555567188399712
1783708439,cpu_utilisation,pod=workload-cloud-6f545f89ff-k5kvp,0.019430707303047717
1783708449,cpu_utilisation,pod=workload-cloud-6f545f89ff-k5kvp,0.01974963708689179
1783708459,cpu_utilisation,pod=workload-cloud-6f545f89ff-k5kvp,0.018789885045122485
1783708469,cpu_utilisation,pod=workload-cloud-6f545f89ff-k5kvp,0.018901649993503963
1783708479,cpu_utilisation,pod=workload-cloud-6f545f89ff-k5kvp,0.01860193654560068
1783708489,cpu_utilisation,pod=workload-cloud-6f545f89ff-k5kvp,0.015451638394178374
1783708499,cpu_utilisation,pod=workload-cloud-6f545f89ff-k5kvp,0.019030644356186364
1783708509,cpu_utilisation,pod=workload-cloud-6f545f89ff-k5kvp,0.019340902767373675
1783708519,cpu_utilisation,pod=workload-cloud-6f545f89ff-k5kvp,0.019340902767373675
1783708529,cpu_utilisation,pod=workload-cloud-6f545f89ff-k5kvp,0.018914672321518725
1783708539,cpu_utilisation,pod=workload-cloud-6f545f89ff-k5kvp,0.018605718481802702
1783708549,cpu_utilisation,pod=workload-cloud-6f545f89ff-k5kvp,0.018605718481802702
1783708559,cpu_utilisation,pod=workload-cloud-6f545f89ff-k5kvp,0.018147158131682602
1783708569,cpu_utilisation,pod=workload-cloud-6f545f89ff-k5kvp,0.01949133575607164
1783708579,cpu_utilisation,pod=workload-cloud-6f545f89ff-k5kvp,0.01949133575607164
1783708589,cpu_utilisation,pod=workload-cloud-6f545f89ff-k5kvp,0.01934094942324765
1783708599,cpu_utilisation,pod=workload-cloud-6f545f89ff-k5kvp,0.01926929244111208
1783708609,cpu_utilisation,pod=workload-cloud-6f545f89ff-k5kvp,0.019515958942632205
1783708619,cpu_utilisation,pod=workload-cloud-6f545f89ff-k5kvp,0.019119550778891454
1783708629,cpu_utilisation,pod=workload-cloud-6f545f89ff-k5kvp,0.01822982099844137
1783708639,cpu_utilisation,pod=workload-cloud-6f545f89ff-k5kvp,0.018061145152631446
1783708099,cpu_utilisation,pod=workload-cloud-6f545f89ff-pdprt,0.33712553381776617
1783708109,cpu_utilisation,pod=workload-cloud-6f545f89ff-pdprt,0.24229945364082248
1783708119,cpu_utilisation,pod=workload-cloud-6f545f89ff-pdprt,0.3088361133905552
1783708129,cpu_utilisation,pod=workload-cloud-6f545f89ff-pdprt,0.24441694328263014
1783708139,cpu_utilisation,pod=workload-cloud-6f545f89ff-pdprt,0.06799081853981093
1783708149,cpu_utilisation,pod=workload-cloud-6f545f89ff-pdprt,0.06799081853981093
1783708159,cpu_utilisation,pod=workload-cloud-6f545f89ff-pdprt,0.2669578261057921
1783708169,cpu_utilisation,pod=workload-cloud-6f545f89ff-pdprt,0.6294770636184618
1783708179,cpu_utilisation,pod=workload-cloud-6f545f89ff-pdprt,1.3197664432959302
1783708189,cpu_utilisation,pod=workload-cloud-6f545f89ff-pdprt,1.6238765723467823
1783708199,cpu_utilisation,pod=workload-cloud-6f545f89ff-pdprt,2.666637817672587
1783708209,cpu_utilisation,pod=workload-cloud-6f545f89ff-pdprt,3.255540554095531
1783708219,cpu_utilisation,pod=workload-cloud-6f545f89ff-pdprt,4.055988109749577
1783708229,cpu_utilisation,pod=workload-cloud-6f545f89ff-pdprt,3.6172056424122205
1783708239,cpu_utilisation,pod=workload-cloud-6f545f89ff-pdprt,4.335137072709188
1783708249,cpu_utilisation,pod=workload-cloud-6f545f89ff-pdprt,4.361140286983756
1783708259,cpu_utilisation,pod=workload-cloud-6f545f89ff-pdprt,4.343066496861638
1783708269,cpu_utilisation,pod=workload-cloud-6f545f89ff-pdprt,4.334594100461786
1783708279,cpu_utilisation,pod=workload-cloud-6f545f89ff-pdprt,4.3947965658266686
1783708289,cpu_utilisation,pod=workload-cloud-6f545f89ff-pdprt,4.379677784704905
1783708299,cpu_utilisation,pod=workload-cloud-6f545f89ff-pdprt,4.3704182737720405
1783708309,cpu_utilisation,pod=workload-cloud-6f545f89ff-pdprt,3.662924181199148
1783708319,cpu_utilisation,pod=workload-cloud-6f545f89ff-pdprt,4.40206697564522
1783708329,cpu_utilisation,pod=workload-cloud-6f545f89ff-pdprt,4.385442440948866
1783708339,cpu_utilisation,pod=workload-cloud-6f545f89ff-pdprt,4.174652901182105
1783708349,cpu_utilisation,pod=workload-cloud-6f545f89ff-pdprt,3.3990921004821577
1783708359,cpu_utilisation,pod=workload-cloud-6f545f89ff-pdprt,2.991586552106712
1783708369,cpu_utilisation,pod=workload-cloud-6f545f89ff-pdprt,2.6005199614620316
1783708379,cpu_utilisation,pod=workload-cloud-6f545f89ff-pdprt,1.7303288466801066
1783708389,cpu_utilisation,pod=workload-cloud-6f545f89ff-pdprt,1.4399202371093585
1783708399,cpu_utilisation,pod=workload-cloud-6f545f89ff-pdprt,1.2466318005042965
1783708409,cpu_utilisation,pod=workload-cloud-6f545f89ff-pdprt,1.2466318005042965
1783708419,cpu_utilisation,pod=workload-cloud-6f545f89ff-pdprt,1.2609454320844693
1783708429,cpu_utilisation,pod=workload-cloud-6f545f89ff-pdprt,1.263280344202901
1783708439,cpu_utilisation,pod=workload-cloud-6f545f89ff-pdprt,1.2552590806181725
1783708449,cpu_utilisation,pod=workload-cloud-6f545f89ff-pdprt,1.263944457706691
1783708459,cpu_utilisation,pod=workload-cloud-6f545f89ff-pdprt,1.2555768387191084
1783708469,cpu_utilisation,pod=workload-cloud-6f545f89ff-pdprt,1.235238825103108
1783708479,cpu_utilisation,pod=workload-cloud-6f545f89ff-pdprt,1.2344960189911967
1783708489,cpu_utilisation,pod=workload-cloud-6f545f89ff-pdprt,1.2344960189911967
1783708499,cpu_utilisation,pod=workload-cloud-6f545f89ff-pdprt,1.2390938946285817
1783708509,cpu_utilisation,pod=workload-cloud-6f545f89ff-pdprt,1.0632894469033434
1783708519,cpu_utilisation,pod=workload-cloud-6f545f89ff-pdprt,1.285571985213309
1783708529,cpu_utilisation,pod=workload-cloud-6f545f89ff-pdprt,1.2820920794187955
1783708539,cpu_utilisation,pod=workload-cloud-6f545f89ff-pdprt,1.0272263930733763
1783708549,cpu_utilisation,pod=workload-cloud-6f545f89ff-pdprt,0.9088966252291018
1783708559,cpu_utilisation,pod=workload-cloud-6f545f89ff-pdprt,0.5445309068448011
1783708569,cpu_utilisation,pod=workload-cloud-6f545f89ff-pdprt,0.15960966871599744
1783708579,cpu_utilisation,pod=workload-cloud-6f545f89ff-pdprt,0.1307081352350754
1783708589,cpu_utilisation,pod=workload-cloud-6f545f89ff-pdprt,0.019279273216690093
1783708599,cpu_utilisation,pod=workload-cloud-6f545f89ff-pdprt,0.01923270193695633
1783708609,cpu_utilisation,pod=workload-cloud-6f545f89ff-pdprt,0.01942342184697629
1783708619,cpu_utilisation,pod=workload-cloud-6f545f89ff-pdprt,0.01872727651333726
1783708629,cpu_utilisation,pod=workload-cloud-6f545f89ff-pdprt,0.019138397482635055
1783708639,cpu_utilisation,pod=workload-cloud-6f545f89ff-pdprt,0.019136625539230696
1783708079,cpu_utilisation,pod=workload-cloud-6f545f89ff-q2dd9,0.16887336894564012
1783708089,cpu_utilisation,pod=workload-cloud-6f545f89ff-q2dd9,0.25329532704250984
1783708099,cpu_utilisation,pod=workload-cloud-6f545f89ff-q2dd9,0.35500142553867386
1783708109,cpu_utilisation,pod=workload-cloud-6f545f89ff-q2dd9,0.44381122359880787
1783708119,cpu_utilisation,pod=workload-cloud-6f545f89ff-q2dd9,0.610285471116204
1783708129,cpu_utilisation,pod=workload-cloud-6f545f89ff-q2dd9,0.8784203817759106
1783708139,cpu_utilisation,pod=workload-cloud-6f545f89ff-q2dd9,1.0593566194118211
1783708149,cpu_utilisation,pod=workload-cloud-6f545f89ff-q2dd9,1.2194439815779121
1783708159,cpu_utilisation,pod=workload-cloud-6f545f89ff-q2dd9,1.449176888698711
1783708169,cpu_utilisation,pod=workload-cloud-6f545f89ff-q2dd9,1.22018278733617
1783708179,cpu_utilisation,pod=workload-cloud-6f545f89ff-q2dd9,1.6954448262695683
1783708189,cpu_utilisation,pod=workload-cloud-6f545f89ff-q2dd9,2.21633740767935
1783708199,cpu_utilisation,pod=workload-cloud-6f545f89ff-q2dd9,2.2163374076793505
1783708209,cpu_utilisation,pod=workload-cloud-6f545f89ff-q2dd9,3.1545852592736456
1783708219,cpu_utilisation,pod=workload-cloud-6f545f89ff-q2dd9,4.00325998616635
1783708229,cpu_utilisation,pod=workload-cloud-6f545f89ff-q2dd9,4.015514488313053
1783708239,cpu_utilisation,pod=workload-cloud-6f545f89ff-q2dd9,4.210448215438531
1783708249,cpu_utilisation,pod=workload-cloud-6f545f89ff-q2dd9,4.094672802598748
1783708259,cpu_utilisation,pod=workload-cloud-6f545f89ff-q2dd9,4.11336473755047
1783708269,cpu_utilisation,pod=workload-cloud-6f545f89ff-q2dd9,4.095394727005408
1783708279,cpu_utilisation,pod=workload-cloud-6f545f89ff-q2dd9,4.114551460655183
1783708289,cpu_utilisation,pod=workload-cloud-6f545f89ff-q2dd9,3.442945421544133
1783708299,cpu_utilisation,pod=workload-cloud-6f545f89ff-q2dd9,4.170625388983973
1783708309,cpu_utilisation,pod=workload-cloud-6f545f89ff-q2dd9,4.218669870843965
1783708319,cpu_utilisation,pod=workload-cloud-6f545f89ff-q2dd9,3.4202898196463964
1783708329,cpu_utilisation,pod=workload-cloud-6f545f89ff-q2dd9,4.194175100528621
1783708339,cpu_utilisation,pod=workload-cloud-6f545f89ff-q2dd9,3.750863811950356
1783708349,cpu_utilisation,pod=workload-cloud-6f545f89ff-q2dd9,3.229375000000002
1783708359,cpu_utilisation,pod=workload-cloud-6f545f89ff-q2dd9,2.5610566586442016
1783708369,cpu_utilisation,pod=workload-cloud-6f545f89ff-q2dd9,2.1179996058336608
1783708379,cpu_utilisation,pod=workload-cloud-6f545f89ff-q2dd9,1.9280287007644783
1783708389,cpu_utilisation,pod=workload-cloud-6f545f89ff-q2dd9,1.538651581275782
1783708399,cpu_utilisation,pod=workload-cloud-6f545f89ff-q2dd9,1.5216595988873107
1783708409,cpu_utilisation,pod=workload-cloud-6f545f89ff-q2dd9,1.5028951420432701
1783708419,cpu_utilisation,pod=workload-cloud-6f545f89ff-q2dd9,1.5613048723897918
1783708429,cpu_utilisation,pod=workload-cloud-6f545f89ff-q2dd9,1.5613048723897918
1783708439,cpu_utilisation,pod=workload-cloud-6f545f89ff-q2dd9,1.5600211430035875
1783708449,cpu_utilisation,pod=workload-cloud-6f545f89ff-q2dd9,1.571425721430778
1783708459,cpu_utilisation,pod=workload-cloud-6f545f89ff-q2dd9,1.5259505809883767
1783708469,cpu_utilisation,pod=workload-cloud-6f545f89ff-q2dd9,1.5128689953706487
1783708479,cpu_utilisation,pod=workload-cloud-6f545f89ff-q2dd9,1.4970098432806982
1783708489,cpu_utilisation,pod=workload-cloud-6f545f89ff-q2dd9,1.4883447132077678
1783708499,cpu_utilisation,pod=workload-cloud-6f545f89ff-q2dd9,1.5585038818449117
1783708509,cpu_utilisation,pod=workload-cloud-6f545f89ff-q2dd9,1.5585038818449117
1783708519,cpu_utilisation,pod=workload-cloud-6f545f89ff-q2dd9,1.5843664604874421
1783708529,cpu_utilisation,pod=workload-cloud-6f545f89ff-q2dd9,1.3539818954334126
1783708539,cpu_utilisation,pod=workload-cloud-6f545f89ff-q2dd9,1.589989308451183
1783708549,cpu_utilisation,pod=workload-cloud-6f545f89ff-q2dd9,1.1705252401820319
1783708559,cpu_utilisation,pod=workload-cloud-6f545f89ff-q2dd9,1.0084233158146212
1783708569,cpu_utilisation,pod=workload-cloud-6f545f89ff-q2dd9,0.6407692235594059
1783708579,cpu_utilisation,pod=workload-cloud-6f545f89ff-q2dd9,0.292780762887694
1783708589,cpu_utilisation,pod=workload-cloud-6f545f89ff-q2dd9,0.0203608650667487
1783708599,cpu_utilisation,pod=workload-cloud-6f545f89ff-q2dd9,0.01986074542156724
1783708609,cpu_utilisation,pod=workload-cloud-6f545f89ff-q2dd9,0.019287760623905296
1783708619,cpu_utilisation,pod=workload-cloud-6f545f89ff-q2dd9,0.019345983212181173
1783708629,cpu_utilisation,pod=workload-cloud-6f545f89ff-q2dd9,0.018643952565646056
1783708639,cpu_utilisation,pod=workload-cloud-6f545f89ff-q2dd9,0.018643952565646056
1783707979,cpu_utilisation,pod=workload-cloud-6f545f89ff-r28zz,0.013225289601765307
1783707989,cpu_utilisation,pod=workload-cloud-6f545f89ff-r28zz,0.013461619029860797
1783707999,cpu_utilisation,pod=workload-cloud-6f545f89ff-r28zz,0.07654265985815857
1783708009,cpu_utilisation,pod=workload-cloud-6f545f89ff-r28zz,0.1068478194478292
1783708019,cpu_utilisation,pod=workload-cloud-6f545f89ff-r28zz,0.21022610761471544
1783708029,cpu_utilisation,pod=workload-cloud-6f545f89ff-r28zz,0.2534825139612286
1783708039,cpu_utilisation,pod=workload-cloud-6f545f89ff-r28zz,0.5699469387755494
1783708049,cpu_utilisation,pod=workload-cloud-6f545f89ff-r28zz,0.6708329354184048
1783708059,cpu_utilisation,pod=workload-cloud-6f545f89ff-r28zz,0.7746464877212978
1783708069,cpu_utilisation,pod=workload-cloud-6f545f89ff-r28zz,0.9767842131120682
1783708079,cpu_utilisation,pod=workload-cloud-6f545f89ff-r28zz,1.5463651437382435
1783708089,cpu_utilisation,pod=workload-cloud-6f545f89ff-r28zz,1.5463651437382435
1783708099,cpu_utilisation,pod=workload-cloud-6f545f89ff-r28zz,2.129857275637755
1783708109,cpu_utilisation,pod=workload-cloud-6f545f89ff-r28zz,2.22354210281079
1783708119,cpu_utilisation,pod=workload-cloud-6f545f89ff-r28zz,2.6479320580475294
1783708129,cpu_utilisation,pod=workload-cloud-6f545f89ff-r28zz,2.5351778471866235
1783708139,cpu_utilisation,pod=workload-cloud-6f545f89ff-r28zz,2.6370845196546644
1783708149,cpu_utilisation,pod=workload-cloud-6f545f89ff-r28zz,2.6370845196546644
1783708159,cpu_utilisation,pod=workload-cloud-6f545f89ff-r28zz,2.691223610467316
1783708169,cpu_utilisation,pod=workload-cloud-6f545f89ff-r28zz,2.840260434339999
1783708179,cpu_utilisation,pod=workload-cloud-6f545f89ff-r28zz,2.840260434339999
1783708189,cpu_utilisation,pod=workload-cloud-6f545f89ff-r28zz,3.181301955732032
1783708199,cpu_utilisation,pod=workload-cloud-6f545f89ff-r28zz,2.9261583787328815
1783708209,cpu_utilisation,pod=workload-cloud-6f545f89ff-r28zz,3.827511268107574
1783708219,cpu_utilisation,pod=workload-cloud-6f545f89ff-r28zz,4.085229695677444
1783708229,cpu_utilisation,pod=workload-cloud-6f545f89ff-r28zz,4.413050251113693
1783708239,cpu_utilisation,pod=workload-cloud-6f545f89ff-r28zz,4.388317040816312
1783708249,cpu_utilisation,pod=workload-cloud-6f545f89ff-r28zz,4.366541808595037
1783708259,cpu_utilisation,pod=workload-cloud-6f545f89ff-r28zz,4.366541808595037
1783708269,cpu_utilisation,pod=workload-cloud-6f545f89ff-r28zz,4.362424482196869
1783708279,cpu_utilisation,pod=workload-cloud-6f545f89ff-r28zz,4.362424482196869
1783708289,cpu_utilisation,pod=workload-cloud-6f545f89ff-r28zz,4.34874559767972
1783708299,cpu_utilisation,pod=workload-cloud-6f545f89ff-r28zz,4.343303386316521
1783708309,cpu_utilisation,pod=workload-cloud-6f545f89ff-r28zz,4.2709571203450025
1783708319,cpu_utilisation,pod=workload-cloud-6f545f89ff-r28zz,4.313608941530047
1783708329,cpu_utilisation,pod=workload-cloud-6f545f89ff-r28zz,4.271858639996135
1783708339,cpu_utilisation,pod=workload-cloud-6f545f89ff-r28zz,4.271858639996135
1783708349,cpu_utilisation,pod=workload-cloud-6f545f89ff-r28zz,4.0484633943224395
1783708359,cpu_utilisation,pod=workload-cloud-6f545f89ff-r28zz,3.609731624715604
1783708369,cpu_utilisation,pod=workload-cloud-6f545f89ff-r28zz,3.333549927880677
1783708379,cpu_utilisation,pod=workload-cloud-6f545f89ff-r28zz,2.866989529319911
1783708389,cpu_utilisation,pod=workload-cloud-6f545f89ff-r28zz,2.48295633394466
1783708399,cpu_utilisation,pod=workload-cloud-6f545f89ff-r28zz,2.4845725976105806
1783708409,cpu_utilisation,pod=workload-cloud-6f545f89ff-r28zz,2.5403892491271134
1783708419,cpu_utilisation,pod=workload-cloud-6f545f89ff-r28zz,2.569503948523018
1783708429,cpu_utilisation,pod=workload-cloud-6f545f89ff-r28zz,2.5646304932188144
1783708439,cpu_utilisation,pod=workload-cloud-6f545f89ff-r28zz,2.609245055475268
1783708449,cpu_utilisation,pod=workload-cloud-6f545f89ff-r28zz,2.5768437624155753
1783708459,cpu_utilisation,pod=workload-cloud-6f545f89ff-r28zz,2.525384926269727
1783708469,cpu_utilisation,pod=workload-cloud-6f545f89ff-r28zz,2.5118147055962807
1783708479,cpu_utilisation,pod=workload-cloud-6f545f89ff-r28zz,2.533789243906004
1783708489,cpu_utilisation,pod=workload-cloud-6f545f89ff-r28zz,2.5872763930512366
1783708499,cpu_utilisation,pod=workload-cloud-6f545f89ff-r28zz,2.6375994531909854
1783708509,cpu_utilisation,pod=workload-cloud-6f545f89ff-r28zz,2.6773539082175937
1783708519,cpu_utilisation,pod=workload-cloud-6f545f89ff-r28zz,2.664302509251748
1783708529,cpu_utilisation,pod=workload-cloud-6f545f89ff-r28zz,2.664302509251748
1783708539,cpu_utilisation,pod=workload-cloud-6f545f89ff-r28zz,2.6432556432941605
1783708549,cpu_utilisation,pod=workload-cloud-6f545f89ff-r28zz,2.5862897683341783
1783708559,cpu_utilisation,pod=workload-cloud-6f545f89ff-r28zz,2.149083133380403
1783708569,cpu_utilisation,pod=workload-cloud-6f545f89ff-r28zz,1.6384418257438733
1783708579,cpu_utilisation,pod=workload-cloud-6f545f89ff-r28zz,0.6922612055295997
1783708589,cpu_utilisation,pod=workload-cloud-6f545f89ff-r28zz,0.5495670206583491
1783708599,cpu_utilisation,pod=workload-cloud-6f545f89ff-r28zz,0.03206134386949841
1783708609,cpu_utilisation,pod=workload-cloud-6f545f89ff-r28zz,0.028842419502530345
1783708619,cpu_utilisation,pod=workload-cloud-6f545f89ff-r28zz,0.019639192177495792
1783708629,cpu_utilisation,pod=workload-cloud-6f545f89ff-r28zz,0.018451299237787534
1783708639,cpu_utilisation,pod=workload-cloud-6f545f89ff-r28zz,0.014998680983918634
1783707979,cpu_utilisation,pod=workload-edge-7b875fd8c6-pxwvc,0.026739055179892054
1783707989,cpu_utilisation,pod=workload-edge-7b875fd8c6-pxwvc,0.02724931787178671
1783707999,cpu_utilisation,pod=workload-edge-7b875fd8c6-pxwvc,0.026282521910678213
1783708009,cpu_utilisation,pod=workload-edge-7b875fd8c6-pxwvc,0.026721973177573778
1783708019,cpu_utilisation,pod=workload-edge-7b875fd8c6-pxwvc,0.027050396835152802
1783708029,cpu_utilisation,pod=workload-edge-7b875fd8c6-pxwvc,0.026595681276372206
1783708039,cpu_utilisation,pod=workload-edge-7b875fd8c6-pxwvc,0.026595681276372206
1783708049,cpu_utilisation,pod=workload-edge-7b875fd8c6-pxwvc,0.027700076401502044
1783708059,cpu_utilisation,pod=workload-edge-7b875fd8c6-pxwvc,0.02673915374554906
1783708069,cpu_utilisation,pod=workload-edge-7b875fd8c6-pxwvc,0.021339690393021055
1783708079,cpu_utilisation,pod=workload-edge-7b875fd8c6-pxwvc,0.036778240898245745
1783708089,cpu_utilisation,pod=workload-edge-7b875fd8c6-pxwvc,0.039925139275773396
1783708099,cpu_utilisation,pod=workload-edge-7b875fd8c6-pxwvc,0.04374702533936712
1783708109,cpu_utilisation,pod=workload-edge-7b875fd8c6-pxwvc,0.0491364858138226
1783708119,cpu_utilisation,pod=workload-edge-7b875fd8c6-pxwvc,0.04789869952088933
1783708129,cpu_utilisation,pod=workload-edge-7b875fd8c6-pxwvc,0.04692123772143959
1783708139,cpu_utilisation,pod=workload-edge-7b875fd8c6-pxwvc,0.044820933509033774
1783708149,cpu_utilisation,pod=workload-edge-7b875fd8c6-pxwvc,0.044820933509033774
1783708159,cpu_utilisation,pod=workload-edge-7b875fd8c6-pxwvc,0.04567856932760111
1783708169,cpu_utilisation,pod=workload-edge-7b875fd8c6-pxwvc,0.04586109435036831
1783708179,cpu_utilisation,pod=workload-edge-7b875fd8c6-pxwvc,0.04764278704608168
1783708189,cpu_utilisation,pod=workload-edge-7b875fd8c6-pxwvc,0.04906370291257767
1783708199,cpu_utilisation,pod=workload-edge-7b875fd8c6-pxwvc,0.04440041923676023
1783708209,cpu_utilisation,pod=workload-edge-7b875fd8c6-pxwvc,0.05382503300130886
1783708219,cpu_utilisation,pod=workload-edge-7b875fd8c6-pxwvc,0.05729092670327605
1783708229,cpu_utilisation,pod=workload-edge-7b875fd8c6-pxwvc,0.05669389228971964
1783708239,cpu_utilisation,pod=workload-edge-7b875fd8c6-pxwvc,0.05800839196408285
1783708249,cpu_utilisation,pod=workload-edge-7b875fd8c6-pxwvc,0.05863671695933097
1783708259,cpu_utilisation,pod=workload-edge-7b875fd8c6-pxwvc,0.057441885463978964
1783708269,cpu_utilisation,pod=workload-edge-7b875fd8c6-pxwvc,0.05845604178056627
1783708279,cpu_utilisation,pod=workload-edge-7b875fd8c6-pxwvc,0.060037275210537124
1783708289,cpu_utilisation,pod=workload-edge-7b875fd8c6-pxwvc,0.04662821602113079
1783708299,cpu_utilisation,pod=workload-edge-7b875fd8c6-pxwvc,0.046326269005165774
1783708309,cpu_utilisation,pod=workload-edge-7b875fd8c6-pxwvc,0.055242125592904305
1783708319,cpu_utilisation,pod=workload-edge-7b875fd8c6-pxwvc,0.05632014864892794
1783708329,cpu_utilisation,pod=workload-edge-7b875fd8c6-pxwvc,0.05599922382446623
1783708339,cpu_utilisation,pod=workload-edge-7b875fd8c6-pxwvc,0.05599922382446624
1783708349,cpu_utilisation,pod=workload-edge-7b875fd8c6-pxwvc,0.05374052132702927
1783708359,cpu_utilisation,pod=workload-edge-7b875fd8c6-pxwvc,0.05185608494235815
1783708369,cpu_utilisation,pod=workload-edge-7b875fd8c6-pxwvc,0.04942009779282245
1783708379,cpu_utilisation,pod=workload-edge-7b875fd8c6-pxwvc,0.04675890801447901
1783708389,cpu_utilisation,pod=workload-edge-7b875fd8c6-pxwvc,0.044907474322731074
1783708399,cpu_utilisation,pod=workload-edge-7b875fd8c6-pxwvc,0.044907474322731074
1783708409,cpu_utilisation,pod=workload-edge-7b875fd8c6-pxwvc,0.043525986101584146
1783708419,cpu_utilisation,pod=workload-edge-7b875fd8c6-pxwvc,0.044155428024898795
1783708429,cpu_utilisation,pod=workload-edge-7b875fd8c6-pxwvc,0.044155428024898795
1783708439,cpu_utilisation,pod=workload-edge-7b875fd8c6-pxwvc,0.04607904642410472
1783708449,cpu_utilisation,pod=workload-edge-7b875fd8c6-pxwvc,0.047031841526042936
1783708459,cpu_utilisation,pod=workload-edge-7b875fd8c6-pxwvc,0.04604681863818941
1783708469,cpu_utilisation,pod=workload-edge-7b875fd8c6-pxwvc,0.045924209962468626
1783708479,cpu_utilisation,pod=workload-edge-7b875fd8c6-pxwvc,0.04395941334304305
1783708489,cpu_utilisation,pod=workload-edge-7b875fd8c6-pxwvc,0.043853294277834486
1783708499,cpu_utilisation,pod=workload-edge-7b875fd8c6-pxwvc,0.036325993992842136
1783708509,cpu_utilisation,pod=workload-edge-7b875fd8c6-pxwvc,0.04582745247635639
1783708519,cpu_utilisation,pod=workload-edge-7b875fd8c6-pxwvc,0.044840147751906194
1783708529,cpu_utilisation,pod=workload-edge-7b875fd8c6-pxwvc,0.04484014775190619
1783708539,cpu_utilisation,pod=workload-edge-7b875fd8c6-pxwvc,0.04513348509933229
1783708549,cpu_utilisation,pod=workload-edge-7b875fd8c6-pxwvc,0.041272755424759756
1783708559,cpu_utilisation,pod=workload-edge-7b875fd8c6-pxwvc,0.041272755424759756
1783708569,cpu_utilisation,pod=workload-edge-7b875fd8c6-pxwvc,0.04200171840729798
1783708579,cpu_utilisation,pod=workload-edge-7b875fd8c6-pxwvc,0.04067652075044043
1783708589,cpu_utilisation,pod=workload-edge-7b875fd8c6-pxwvc,0.040676520750440454
1783708599,cpu_utilisation,pod=workload-edge-7b875fd8c6-pxwvc,0.04028332316278705
1783708609,cpu_utilisation,pod=workload-edge-7b875fd8c6-pxwvc,0.24112033195019986
1783708619,cpu_utilisation,pod=workload-edge-7b875fd8c6-pxwvc,0.18813631823918367
1783708629,cpu_utilisation,pod=workload-edge-7b875fd8c6-pxwvc,0.22720117103817294
1783708639,cpu_utilisation,pod=workload-edge-7b875fd8c6-pxwvc,0.23225729096014622
1783708139,mem_mib,pod=workload-cloud-6f545f89ff-6dl7h,2.91796875
1783708149,mem_mib,pod=workload-cloud-6f545f89ff-6dl7h,2.91796875
1783708159,mem_mib,pod=workload-cloud-6f545f89ff-6dl7h,35.1328125
1783708169,mem_mib,pod=workload-cloud-6f545f89ff-6dl7h,35.1328125
1783708179,mem_mib,pod=workload-cloud-6f545f89ff-6dl7h,35.62109375
1783708189,mem_mib,pod=workload-cloud-6f545f89ff-6dl7h,37.046875
1783708199,mem_mib,pod=workload-cloud-6f545f89ff-6dl7h,37.046875
1783708209,mem_mib,pod=workload-cloud-6f545f89ff-6dl7h,37.6796875
1783708219,mem_mib,pod=workload-cloud-6f545f89ff-6dl7h,37.6796875
1783708229,mem_mib,pod=workload-cloud-6f545f89ff-6dl7h,37.7890625
1783708239,mem_mib,pod=workload-cloud-6f545f89ff-6dl7h,37.796875
1783708249,mem_mib,pod=workload-cloud-6f545f89ff-6dl7h,37.93359375
1783708259,mem_mib,pod=workload-cloud-6f545f89ff-6dl7h,37.93359375
1783708269,mem_mib,pod=workload-cloud-6f545f89ff-6dl7h,38.27734375
1783708279,mem_mib,pod=workload-cloud-6f545f89ff-6dl7h,38.0390625
1783708289,mem_mib,pod=workload-cloud-6f545f89ff-6dl7h,38.0390625
1783708299,mem_mib,pod=workload-cloud-6f545f89ff-6dl7h,38.0390625
1783708309,mem_mib,pod=workload-cloud-6f545f89ff-6dl7h,38.1015625
1783708319,mem_mib,pod=workload-cloud-6f545f89ff-6dl7h,38.1015625
1783708329,mem_mib,pod=workload-cloud-6f545f89ff-6dl7h,38.5234375
1783708339,mem_mib,pod=workload-cloud-6f545f89ff-6dl7h,38.5234375
1783708349,mem_mib,pod=workload-cloud-6f545f89ff-6dl7h,37.44140625
1783708359,mem_mib,pod=workload-cloud-6f545f89ff-6dl7h,37.23828125
1783708369,mem_mib,pod=workload-cloud-6f545f89ff-6dl7h,37.23828125
1783708379,mem_mib,pod=workload-cloud-6f545f89ff-6dl7h,37.24609375
1783708389,mem_mib,pod=workload-cloud-6f545f89ff-6dl7h,37.24609375
1783708399,mem_mib,pod=workload-cloud-6f545f89ff-6dl7h,37.24609375
1783708409,mem_mib,pod=workload-cloud-6f545f89ff-6dl7h,37.24609375
1783708419,mem_mib,pod=workload-cloud-6f545f89ff-6dl7h,37.24609375
1783708429,mem_mib,pod=workload-cloud-6f545f89ff-6dl7h,37.24609375
1783708439,mem_mib,pod=workload-cloud-6f545f89ff-6dl7h,37.24609375
1783708449,mem_mib,pod=workload-cloud-6f545f89ff-6dl7h,37.24609375
1783708459,mem_mib,pod=workload-cloud-6f545f89ff-6dl7h,37.24609375
1783708469,mem_mib,pod=workload-cloud-6f545f89ff-6dl7h,37.24609375
1783708479,mem_mib,pod=workload-cloud-6f545f89ff-6dl7h,37.49609375
1783708489,mem_mib,pod=workload-cloud-6f545f89ff-6dl7h,37.49609375
1783708499,mem_mib,pod=workload-cloud-6f545f89ff-6dl7h,37.24609375
1783708509,mem_mib,pod=workload-cloud-6f545f89ff-6dl7h,37.24609375
1783708519,mem_mib,pod=workload-cloud-6f545f89ff-6dl7h,37.24609375
1783708529,mem_mib,pod=workload-cloud-6f545f89ff-6dl7h,37.25
1783708539,mem_mib,pod=workload-cloud-6f545f89ff-6dl7h,37.24609375
1783708549,mem_mib,pod=workload-cloud-6f545f89ff-6dl7h,37.24609375
1783708559,mem_mib,pod=workload-cloud-6f545f89ff-6dl7h,37.24609375
1783708569,mem_mib,pod=workload-cloud-6f545f89ff-6dl7h,37.24609375
1783708579,mem_mib,pod=workload-cloud-6f545f89ff-6dl7h,37.24609375
1783708589,mem_mib,pod=workload-cloud-6f545f89ff-6dl7h,37.24609375
1783708599,mem_mib,pod=workload-cloud-6f545f89ff-6dl7h,37.24609375
1783708609,mem_mib,pod=workload-cloud-6f545f89ff-6dl7h,37.24609375
1783708619,mem_mib,pod=workload-cloud-6f545f89ff-6dl7h,37.24609375
1783708629,mem_mib,pod=workload-cloud-6f545f89ff-6dl7h,37.24609375
1783708639,mem_mib,pod=workload-cloud-6f545f89ff-6dl7h,37.24609375
1783708189,mem_mib,pod=workload-cloud-6f545f89ff-c78v9,3.18359375
1783708199,mem_mib,pod=workload-cloud-6f545f89ff-c78v9,35.22265625
1783708209,mem_mib,pod=workload-cloud-6f545f89ff-c78v9,35.22265625
1783708219,mem_mib,pod=workload-cloud-6f545f89ff-c78v9,35.28125
1783708229,mem_mib,pod=workload-cloud-6f545f89ff-c78v9,35.28125
1783708239,mem_mib,pod=workload-cloud-6f545f89ff-c78v9,35.58203125
1783708249,mem_mib,pod=workload-cloud-6f545f89ff-c78v9,35.3671875
1783708259,mem_mib,pod=workload-cloud-6f545f89ff-c78v9,35.3671875
1783708269,mem_mib,pod=workload-cloud-6f545f89ff-c78v9,35.46484375
1783708279,mem_mib,pod=workload-cloud-6f545f89ff-c78v9,35.46875
1783708289,mem_mib,pod=workload-cloud-6f545f89ff-c78v9,35.46875
1783708299,mem_mib,pod=workload-cloud-6f545f89ff-c78v9,35.4765625
1783708309,mem_mib,pod=workload-cloud-6f545f89ff-c78v9,35.5078125
1783708319,mem_mib,pod=workload-cloud-6f545f89ff-c78v9,35.4765625
1783708329,mem_mib,pod=workload-cloud-6f545f89ff-c78v9,35.4765625
1783708339,mem_mib,pod=workload-cloud-6f545f89ff-c78v9,35.47265625
1783708349,mem_mib,pod=workload-cloud-6f545f89ff-c78v9,35.4765625
1783708359,mem_mib,pod=workload-cloud-6f545f89ff-c78v9,35.4765625
1783708369,mem_mib,pod=workload-cloud-6f545f89ff-c78v9,35.47265625
1783708379,mem_mib,pod=workload-cloud-6f545f89ff-c78v9,35.47265625
1783708389,mem_mib,pod=workload-cloud-6f545f89ff-c78v9,35.47265625
1783708399,mem_mib,pod=workload-cloud-6f545f89ff-c78v9,35.47265625
1783708409,mem_mib,pod=workload-cloud-6f545f89ff-c78v9,35.47265625
1783708419,mem_mib,pod=workload-cloud-6f545f89ff-c78v9,35.4765625
1783708429,mem_mib,pod=workload-cloud-6f545f89ff-c78v9,35.47265625
1783708439,mem_mib,pod=workload-cloud-6f545f89ff-c78v9,35.47265625
1783708449,mem_mib,pod=workload-cloud-6f545f89ff-c78v9,35.4765625
1783708459,mem_mib,pod=workload-cloud-6f545f89ff-c78v9,35.4765625
1783708469,mem_mib,pod=workload-cloud-6f545f89ff-c78v9,35.4765625
1783708479,mem_mib,pod=workload-cloud-6f545f89ff-c78v9,35.4765625
1783708489,mem_mib,pod=workload-cloud-6f545f89ff-c78v9,35.47265625
1783708499,mem_mib,pod=workload-cloud-6f545f89ff-c78v9,35.47265625
1783708509,mem_mib,pod=workload-cloud-6f545f89ff-c78v9,35.4765625
1783708519,mem_mib,pod=workload-cloud-6f545f89ff-c78v9,35.47265625
1783708529,mem_mib,pod=workload-cloud-6f545f89ff-c78v9,35.47265625
1783708539,mem_mib,pod=workload-cloud-6f545f89ff-c78v9,35.4765625
1783708549,mem_mib,pod=workload-cloud-6f545f89ff-c78v9,35.47265625
1783708559,mem_mib,pod=workload-cloud-6f545f89ff-c78v9,35.47265625
1783708569,mem_mib,pod=workload-cloud-6f545f89ff-c78v9,35.4765625
1783708579,mem_mib,pod=workload-cloud-6f545f89ff-c78v9,35.47265625
1783708589,mem_mib,pod=workload-cloud-6f545f89ff-c78v9,35.47265625
1783708599,mem_mib,pod=workload-cloud-6f545f89ff-c78v9,35.4765625
1783708609,mem_mib,pod=workload-cloud-6f545f89ff-c78v9,35.4765625
1783708619,mem_mib,pod=workload-cloud-6f545f89ff-c78v9,35.4765625
1783708629,mem_mib,pod=workload-cloud-6f545f89ff-c78v9,35.47265625
1783708639,mem_mib,pod=workload-cloud-6f545f89ff-c78v9,35.47265625
1783708199,mem_mib,pod=workload-cloud-6f545f89ff-k5kvp,2.69140625
1783708209,mem_mib,pod=workload-cloud-6f545f89ff-k5kvp,2.69140625
1783708219,mem_mib,pod=workload-cloud-6f545f89ff-k5kvp,35.12890625
1783708229,mem_mib,pod=workload-cloud-6f545f89ff-k5kvp,35.12890625
1783708239,mem_mib,pod=workload-cloud-6f545f89ff-k5kvp,35.15234375
1783708249,mem_mib,pod=workload-cloud-6f545f89ff-k5kvp,35.16015625
1783708259,mem_mib,pod=workload-cloud-6f545f89ff-k5kvp,35.16015625
1783708269,mem_mib,pod=workload-cloud-6f545f89ff-k5kvp,35.17578125
1783708279,mem_mib,pod=workload-cloud-6f545f89ff-k5kvp,35.17578125
1783708289,mem_mib,pod=workload-cloud-6f545f89ff-k5kvp,35.19921875
1783708299,mem_mib,pod=workload-cloud-6f545f89ff-k5kvp,35.19921875
1783708309,mem_mib,pod=workload-cloud-6f545f89ff-k5kvp,35.20703125
1783708319,mem_mib,pod=workload-cloud-6f545f89ff-k5kvp,35.19921875
1783708329,mem_mib,pod=workload-cloud-6f545f89ff-k5kvp,35.19921875
1783708339,mem_mib,pod=workload-cloud-6f545f89ff-k5kvp,35.21484375
1783708349,mem_mib,pod=workload-cloud-6f545f89ff-k5kvp,35.21484375
1783708359,mem_mib,pod=workload-cloud-6f545f89ff-k5kvp,35.21484375
1783708369,mem_mib,pod=workload-cloud-6f545f89ff-k5kvp,35.21484375
1783708379,mem_mib,pod=workload-cloud-6f545f89ff-k5kvp,35.21484375
1783708389,mem_mib,pod=workload-cloud-6f545f89ff-k5kvp,35.21875
1783708399,mem_mib,pod=workload-cloud-6f545f89ff-k5kvp,35.21875
1783708409,mem_mib,pod=workload-cloud-6f545f89ff-k5kvp,35.21875
1783708419,mem_mib,pod=workload-cloud-6f545f89ff-k5kvp,35.21875
1783708429,mem_mib,pod=workload-cloud-6f545f89ff-k5kvp,35.21875
1783708439,mem_mib,pod=workload-cloud-6f545f89ff-k5kvp,35.23046875
1783708449,mem_mib,pod=workload-cloud-6f545f89ff-k5kvp,35.23046875
1783708459,mem_mib,pod=workload-cloud-6f545f89ff-k5kvp,35.23046875
1783708469,mem_mib,pod=workload-cloud-6f545f89ff-k5kvp,35.23046875
1783708479,mem_mib,pod=workload-cloud-6f545f89ff-k5kvp,35.234375
1783708489,mem_mib,pod=workload-cloud-6f545f89ff-k5kvp,35.234375
1783708499,mem_mib,pod=workload-cloud-6f545f89ff-k5kvp,35.2421875
1783708509,mem_mib,pod=workload-cloud-6f545f89ff-k5kvp,35.2421875
1783708519,mem_mib,pod=workload-cloud-6f545f89ff-k5kvp,35.2421875
1783708529,mem_mib,pod=workload-cloud-6f545f89ff-k5kvp,35.24609375
1783708539,mem_mib,pod=workload-cloud-6f545f89ff-k5kvp,35.24609375
1783708549,mem_mib,pod=workload-cloud-6f545f89ff-k5kvp,35.24609375
1783708559,mem_mib,pod=workload-cloud-6f545f89ff-k5kvp,35.24609375
1783708569,mem_mib,pod=workload-cloud-6f545f89ff-k5kvp,35.24609375
1783708579,mem_mib,pod=workload-cloud-6f545f89ff-k5kvp,35.24609375
1783708589,mem_mib,pod=workload-cloud-6f545f89ff-k5kvp,35.24609375
1783708599,mem_mib,pod=workload-cloud-6f545f89ff-k5kvp,35.24609375
1783708609,mem_mib,pod=workload-cloud-6f545f89ff-k5kvp,35.24609375
1783708619,mem_mib,pod=workload-cloud-6f545f89ff-k5kvp,35.24609375
1783708629,mem_mib,pod=workload-cloud-6f545f89ff-k5kvp,35.4921875
1783708639,mem_mib,pod=workload-cloud-6f545f89ff-k5kvp,35.25
1783708079,mem_mib,pod=workload-cloud-6f545f89ff-pdprt,3.02734375
1783708089,mem_mib,pod=workload-cloud-6f545f89ff-pdprt,3.02734375
1783708099,mem_mib,pod=workload-cloud-6f545f89ff-pdprt,35.1328125
1783708109,mem_mib,pod=workload-cloud-6f545f89ff-pdprt,35.15625
1783708119,mem_mib,pod=workload-cloud-6f545f89ff-pdprt,35.15625
1783708129,mem_mib,pod=workload-cloud-6f545f89ff-pdprt,35.171875
1783708139,mem_mib,pod=workload-cloud-6f545f89ff-pdprt,35.23046875
1783708149,mem_mib,pod=workload-cloud-6f545f89ff-pdprt,35.23046875
1783708159,mem_mib,pod=workload-cloud-6f545f89ff-pdprt,35.39453125
1783708169,mem_mib,pod=workload-cloud-6f545f89ff-pdprt,36.3671875
1783708179,mem_mib,pod=workload-cloud-6f545f89ff-pdprt,37.40234375
1783708189,mem_mib,pod=workload-cloud-6f545f89ff-pdprt,37.40234375
1783708199,mem_mib,pod=workload-cloud-6f545f89ff-pdprt,38.3203125
1783708209,mem_mib,pod=workload-cloud-6f545f89ff-pdprt,38.578125
1783708219,mem_mib,pod=workload-cloud-6f545f89ff-pdprt,39.109375
1783708229,mem_mib,pod=workload-cloud-6f545f89ff-pdprt,39.109375
1783708239,mem_mib,pod=workload-cloud-6f545f89ff-pdprt,38.71875
1783708249,mem_mib,pod=workload-cloud-6f545f89ff-pdprt,38.80078125
1783708259,mem_mib,pod=workload-cloud-6f545f89ff-pdprt,38.80078125
1783708269,mem_mib,pod=workload-cloud-6f545f89ff-pdprt,38.89453125
1783708279,mem_mib,pod=workload-cloud-6f545f89ff-pdprt,38.89453125
1783708289,mem_mib,pod=workload-cloud-6f545f89ff-pdprt,38.94921875
1783708299,mem_mib,pod=workload-cloud-6f545f89ff-pdprt,38.99609375
1783708309,mem_mib,pod=workload-cloud-6f545f89ff-pdprt,38.99609375
1783708319,mem_mib,pod=workload-cloud-6f545f89ff-pdprt,39.01953125
1783708329,mem_mib,pod=workload-cloud-6f545f89ff-pdprt,39.0078125
1783708339,mem_mib,pod=workload-cloud-6f545f89ff-pdprt,38.9375
1783708349,mem_mib,pod=workload-cloud-6f545f89ff-pdprt,38.9375
1783708359,mem_mib,pod=workload-cloud-6f545f89ff-pdprt,37.9609375
1783708369,mem_mib,pod=workload-cloud-6f545f89ff-pdprt,37.94140625
1783708379,mem_mib,pod=workload-cloud-6f545f89ff-pdprt,37.94140625
1783708389,mem_mib,pod=workload-cloud-6f545f89ff-pdprt,37.94921875
1783708399,mem_mib,pod=workload-cloud-6f545f89ff-pdprt,37.9296875
1783708409,mem_mib,pod=workload-cloud-6f545f89ff-pdprt,37.9296875
1783708419,mem_mib,pod=workload-cloud-6f545f89ff-pdprt,37.99609375
1783708429,mem_mib,pod=workload-cloud-6f545f89ff-pdprt,37.99609375
1783708439,mem_mib,pod=workload-cloud-6f545f89ff-pdprt,38.01953125
1783708449,mem_mib,pod=workload-cloud-6f545f89ff-pdprt,38.26171875
1783708459,mem_mib,pod=workload-cloud-6f545f89ff-pdprt,38.26171875
1783708469,mem_mib,pod=workload-cloud-6f545f89ff-pdprt,37.98046875
1783708479,mem_mib,pod=workload-cloud-6f545f89ff-pdprt,38.234375
1783708489,mem_mib,pod=workload-cloud-6f545f89ff-pdprt,38.234375
1783708499,mem_mib,pod=workload-cloud-6f545f89ff-pdprt,37.98046875
1783708509,mem_mib,pod=workload-cloud-6f545f89ff-pdprt,37.98828125
1783708519,mem_mib,pod=workload-cloud-6f545f89ff-pdprt,37.98828125
1783708529,mem_mib,pod=workload-cloud-6f545f89ff-pdprt,38.23828125
1783708539,mem_mib,pod=workload-cloud-6f545f89ff-pdprt,38.23828125
1783708549,mem_mib,pod=workload-cloud-6f545f89ff-pdprt,37.86328125
1783708559,mem_mib,pod=workload-cloud-6f545f89ff-pdprt,37.86328125
1783708569,mem_mib,pod=workload-cloud-6f545f89ff-pdprt,37.86328125
1783708579,mem_mib,pod=workload-cloud-6f545f89ff-pdprt,37.86328125
1783708589,mem_mib,pod=workload-cloud-6f545f89ff-pdprt,37.86328125
1783708599,mem_mib,pod=workload-cloud-6f545f89ff-pdprt,37.8671875
1783708609,mem_mib,pod=workload-cloud-6f545f89ff-pdprt,37.8671875
1783708619,mem_mib,pod=workload-cloud-6f545f89ff-pdprt,37.86328125
1783708629,mem_mib,pod=workload-cloud-6f545f89ff-pdprt,37.86328125
1783708639,mem_mib,pod=workload-cloud-6f545f89ff-pdprt,37.86328125
1783708069,mem_mib,pod=workload-cloud-6f545f89ff-q2dd9,2.94921875
1783708079,mem_mib,pod=workload-cloud-6f545f89ff-q2dd9,35.32421875
1783708089,mem_mib,pod=workload-cloud-6f545f89ff-q2dd9,35.32421875
1783708099,mem_mib,pod=workload-cloud-6f545f89ff-q2dd9,35.90625
1783708109,mem_mib,pod=workload-cloud-6f545f89ff-q2dd9,35.90625
1783708119,mem_mib,pod=workload-cloud-6f545f89ff-q2dd9,35.56640625
1783708129,mem_mib,pod=workload-cloud-6f545f89ff-q2dd9,35.7734375
1783708139,mem_mib,pod=workload-cloud-6f545f89ff-q2dd9,35.7734375
1783708149,mem_mib,pod=workload-cloud-6f545f89ff-q2dd9,36.45703125
1783708159,mem_mib,pod=workload-cloud-6f545f89ff-q2dd9,36.0546875
1783708169,mem_mib,pod=workload-cloud-6f545f89ff-q2dd9,36.0546875
1783708179,mem_mib,pod=workload-cloud-6f545f89ff-q2dd9,37.015625
1783708189,mem_mib,pod=workload-cloud-6f545f89ff-q2dd9,37.45703125
1783708199,mem_mib,pod=workload-cloud-6f545f89ff-q2dd9,37.45703125
1783708209,mem_mib,pod=workload-cloud-6f545f89ff-q2dd9,37.94921875
1783708219,mem_mib,pod=workload-cloud-6f545f89ff-q2dd9,38.10546875
1783708229,mem_mib,pod=workload-cloud-6f545f89ff-q2dd9,38.12109375
1783708239,mem_mib,pod=workload-cloud-6f545f89ff-q2dd9,38.12109375
1783708249,mem_mib,pod=workload-cloud-6f545f89ff-q2dd9,38.12890625
1783708259,mem_mib,pod=workload-cloud-6f545f89ff-q2dd9,38.1484375
1783708269,mem_mib,pod=workload-cloud-6f545f89ff-q2dd9,38.1484375
1783708279,mem_mib,pod=workload-cloud-6f545f89ff-q2dd9,38.1875
1783708289,mem_mib,pod=workload-cloud-6f545f89ff-q2dd9,38.22265625
1783708299,mem_mib,pod=workload-cloud-6f545f89ff-q2dd9,38.21484375
1783708309,mem_mib,pod=workload-cloud-6f545f89ff-q2dd9,38.2421875
1783708319,mem_mib,pod=workload-cloud-6f545f89ff-q2dd9,38.2421875
1783708329,mem_mib,pod=workload-cloud-6f545f89ff-q2dd9,38.23828125
1783708339,mem_mib,pod=workload-cloud-6f545f89ff-q2dd9,37.78515625
1783708349,mem_mib,pod=workload-cloud-6f545f89ff-q2dd9,37.80078125
1783708359,mem_mib,pod=workload-cloud-6f545f89ff-q2dd9,38.015625
1783708369,mem_mib,pod=workload-cloud-6f545f89ff-q2dd9,38.015625
1783708379,mem_mib,pod=workload-cloud-6f545f89ff-q2dd9,37.765625
1783708389,mem_mib,pod=workload-cloud-6f545f89ff-q2dd9,38.25
1783708399,mem_mib,pod=workload-cloud-6f545f89ff-q2dd9,37.5078125
1783708409,mem_mib,pod=workload-cloud-6f545f89ff-q2dd9,37.5078125
1783708419,mem_mib,pod=workload-cloud-6f545f89ff-q2dd9,37.515625
1783708429,mem_mib,pod=workload-cloud-6f545f89ff-q2dd9,37.515625
1783708439,mem_mib,pod=workload-cloud-6f545f89ff-q2dd9,37.515625
1783708449,mem_mib,pod=workload-cloud-6f545f89ff-q2dd9,37.515625
1783708459,mem_mib,pod=workload-cloud-6f545f89ff-q2dd9,37.515625
1783708469,mem_mib,pod=workload-cloud-6f545f89ff-q2dd9,38.01171875
1783708479,mem_mib,pod=workload-cloud-6f545f89ff-q2dd9,38.01171875
1783708489,mem_mib,pod=workload-cloud-6f545f89ff-q2dd9,38.0234375
1783708499,mem_mib,pod=workload-cloud-6f545f89ff-q2dd9,37.77734375
1783708509,mem_mib,pod=workload-cloud-6f545f89ff-q2dd9,37.77734375
1783708519,mem_mib,pod=workload-cloud-6f545f89ff-q2dd9,37.5234375
1783708529,mem_mib,pod=workload-cloud-6f545f89ff-q2dd9,37.56640625
1783708539,mem_mib,pod=workload-cloud-6f545f89ff-q2dd9,37.56640625
1783708549,mem_mib,pod=workload-cloud-6f545f89ff-q2dd9,37.390625
1783708559,mem_mib,pod=workload-cloud-6f545f89ff-q2dd9,37.390625
1783708569,mem_mib,pod=workload-cloud-6f545f89ff-q2dd9,37.34375
1783708579,mem_mib,pod=workload-cloud-6f545f89ff-q2dd9,37.34375
1783708589,mem_mib,pod=workload-cloud-6f545f89ff-q2dd9,37.34765625
1783708599,mem_mib,pod=workload-cloud-6f545f89ff-q2dd9,37.34765625
1783708609,mem_mib,pod=workload-cloud-6f545f89ff-q2dd9,37.34765625
1783708619,mem_mib,pod=workload-cloud-6f545f89ff-q2dd9,37.34765625
1783708629,mem_mib,pod=workload-cloud-6f545f89ff-q2dd9,37.34765625
1783708639,mem_mib,pod=workload-cloud-6f545f89ff-q2dd9,37.34765625
1783707979,mem_mib,pod=workload-cloud-6f545f89ff-r28zz,40.640625
1783707989,mem_mib,pod=workload-cloud-6f545f89ff-r28zz,40.640625
1783707999,mem_mib,pod=workload-cloud-6f545f89ff-r28zz,41.140625
1783708009,mem_mib,pod=workload-cloud-6f545f89ff-r28zz,41.140625
1783708019,mem_mib,pod=workload-cloud-6f545f89ff-r28zz,40.7109375
1783708029,mem_mib,pod=workload-cloud-6f545f89ff-r28zz,40.7109375
1783708039,mem_mib,pod=workload-cloud-6f545f89ff-r28zz,41.0234375
1783708049,mem_mib,pod=workload-cloud-6f545f89ff-r28zz,41.3671875
1783708059,mem_mib,pod=workload-cloud-6f545f89ff-r28zz,41.3671875
1783708069,mem_mib,pod=workload-cloud-6f545f89ff-r28zz,41.45703125
1783708079,mem_mib,pod=workload-cloud-6f545f89ff-r28zz,41.2109375
1783708089,mem_mib,pod=workload-cloud-6f545f89ff-r28zz,41.2109375
1783708099,mem_mib,pod=workload-cloud-6f545f89ff-r28zz,41.26953125
1783708109,mem_mib,pod=workload-cloud-6f545f89ff-r28zz,41.55078125
1783708119,mem_mib,pod=workload-cloud-6f545f89ff-r28zz,41.55078125
1783708129,mem_mib,pod=workload-cloud-6f545f89ff-r28zz,41.0625
1783708139,mem_mib,pod=workload-cloud-6f545f89ff-r28zz,41.0625
1783708149,mem_mib,pod=workload-cloud-6f545f89ff-r28zz,41.0625
1783708159,mem_mib,pod=workload-cloud-6f545f89ff-r28zz,41.0625
1783708169,mem_mib,pod=workload-cloud-6f545f89ff-r28zz,41.35546875
1783708179,mem_mib,pod=workload-cloud-6f545f89ff-r28zz,41.35546875
1783708189,mem_mib,pod=workload-cloud-6f545f89ff-r28zz,41.64453125
1783708199,mem_mib,pod=workload-cloud-6f545f89ff-r28zz,41.64453125
1783708209,mem_mib,pod=workload-cloud-6f545f89ff-r28zz,41.87109375
1783708219,mem_mib,pod=workload-cloud-6f545f89ff-r28zz,41.87109375
1783708229,mem_mib,pod=workload-cloud-6f545f89ff-r28zz,42.00390625
1783708239,mem_mib,pod=workload-cloud-6f545f89ff-r28zz,41.9375
1783708249,mem_mib,pod=workload-cloud-6f545f89ff-r28zz,41.921875
1783708259,mem_mib,pod=workload-cloud-6f545f89ff-r28zz,41.921875
1783708269,mem_mib,pod=workload-cloud-6f545f89ff-r28zz,41.9375
1783708279,mem_mib,pod=workload-cloud-6f545f89ff-r28zz,41.9375
1783708289,mem_mib,pod=workload-cloud-6f545f89ff-r28zz,41.9296875
1783708299,mem_mib,pod=workload-cloud-6f545f89ff-r28zz,41.9296875
1783708309,mem_mib,pod=workload-cloud-6f545f89ff-r28zz,41.93359375
1783708319,mem_mib,pod=workload-cloud-6f545f89ff-r28zz,41.94140625
1783708329,mem_mib,pod=workload-cloud-6f545f89ff-r28zz,41.90234375
1783708339,mem_mib,pod=workload-cloud-6f545f89ff-r28zz,41.90234375
1783708349,mem_mib,pod=workload-cloud-6f545f89ff-r28zz,41.4765625
1783708359,mem_mib,pod=workload-cloud-6f545f89ff-r28zz,42.125
1783708369,mem_mib,pod=workload-cloud-6f545f89ff-r28zz,42.125
1783708379,mem_mib,pod=workload-cloud-6f545f89ff-r28zz,41.140625
1783708389,mem_mib,pod=workload-cloud-6f545f89ff-r28zz,41.140625
1783708399,mem_mib,pod=workload-cloud-6f545f89ff-r28zz,41.4140625
1783708409,mem_mib,pod=workload-cloud-6f545f89ff-r28zz,41.140625
1783708419,mem_mib,pod=workload-cloud-6f545f89ff-r28zz,41.140625
1783708429,mem_mib,pod=workload-cloud-6f545f89ff-r28zz,41.3984375
1783708439,mem_mib,pod=workload-cloud-6f545f89ff-r28zz,41.3984375
1783708449,mem_mib,pod=workload-cloud-6f545f89ff-r28zz,41.140625
1783708459,mem_mib,pod=workload-cloud-6f545f89ff-r28zz,41.6484375
1783708469,mem_mib,pod=workload-cloud-6f545f89ff-r28zz,41.6484375
1783708479,mem_mib,pod=workload-cloud-6f545f89ff-r28zz,41.14453125
1783708489,mem_mib,pod=workload-cloud-6f545f89ff-r28zz,41.890625
1783708499,mem_mib,pod=workload-cloud-6f545f89ff-r28zz,41.65625
1783708509,mem_mib,pod=workload-cloud-6f545f89ff-r28zz,41.65625
1783708519,mem_mib,pod=workload-cloud-6f545f89ff-r28zz,41.42578125
1783708529,mem_mib,pod=workload-cloud-6f545f89ff-r28zz,41.42578125
1783708539,mem_mib,pod=workload-cloud-6f545f89ff-r28zz,41.40234375
1783708549,mem_mib,pod=workload-cloud-6f545f89ff-r28zz,41.40234375
1783708559,mem_mib,pod=workload-cloud-6f545f89ff-r28zz,40.99609375
1783708569,mem_mib,pod=workload-cloud-6f545f89ff-r28zz,40.79296875
1783708579,mem_mib,pod=workload-cloud-6f545f89ff-r28zz,40.64453125
1783708589,mem_mib,pod=workload-cloud-6f545f89ff-r28zz,40.64453125
1783708599,mem_mib,pod=workload-cloud-6f545f89ff-r28zz,40.64453125
1783708609,mem_mib,pod=workload-cloud-6f545f89ff-r28zz,40.64453125
1783708619,mem_mib,pod=workload-cloud-6f545f89ff-r28zz,40.64453125
1783708629,mem_mib,pod=workload-cloud-6f545f89ff-r28zz,40.64453125
1783708639,mem_mib,pod=workload-cloud-6f545f89ff-r28zz,40.64453125
1783707979,mem_mib,pod=workload-edge-7b875fd8c6-pxwvc,39.26171875
1783707989,mem_mib,pod=workload-edge-7b875fd8c6-pxwvc,39.265625
1783707999,mem_mib,pod=workload-edge-7b875fd8c6-pxwvc,39.26171875
1783708009,mem_mib,pod=workload-edge-7b875fd8c6-pxwvc,39.26171875
1783708019,mem_mib,pod=workload-edge-7b875fd8c6-pxwvc,39.26171875
1783708029,mem_mib,pod=workload-edge-7b875fd8c6-pxwvc,39.26171875
1783708039,mem_mib,pod=workload-edge-7b875fd8c6-pxwvc,39.26171875
1783708049,mem_mib,pod=workload-edge-7b875fd8c6-pxwvc,39.26171875
1783708059,mem_mib,pod=workload-edge-7b875fd8c6-pxwvc,39.26171875
1783708069,mem_mib,pod=workload-edge-7b875fd8c6-pxwvc,39.26171875
1783708079,mem_mib,pod=workload-edge-7b875fd8c6-pxwvc,39.26171875
1783708089,mem_mib,pod=workload-edge-7b875fd8c6-pxwvc,39.26171875
1783708099,mem_mib,pod=workload-edge-7b875fd8c6-pxwvc,39.26171875
1783708109,mem_mib,pod=workload-edge-7b875fd8c6-pxwvc,39.26171875
1783708119,mem_mib,pod=workload-edge-7b875fd8c6-pxwvc,39.26171875
1783708129,mem_mib,pod=workload-edge-7b875fd8c6-pxwvc,39.26171875
1783708139,mem_mib,pod=workload-edge-7b875fd8c6-pxwvc,39.26171875
1783708149,mem_mib,pod=workload-edge-7b875fd8c6-pxwvc,39.26171875
1783708159,mem_mib,pod=workload-edge-7b875fd8c6-pxwvc,39.26171875
1783708169,mem_mib,pod=workload-edge-7b875fd8c6-pxwvc,39.26171875
1783708179,mem_mib,pod=workload-edge-7b875fd8c6-pxwvc,39.26171875
1783708189,mem_mib,pod=workload-edge-7b875fd8c6-pxwvc,39.26171875
1783708199,mem_mib,pod=workload-edge-7b875fd8c6-pxwvc,39.26171875
1783708209,mem_mib,pod=workload-edge-7b875fd8c6-pxwvc,39.26171875
1783708219,mem_mib,pod=workload-edge-7b875fd8c6-pxwvc,39.26171875
1783708229,mem_mib,pod=workload-edge-7b875fd8c6-pxwvc,39.26171875
1783708239,mem_mib,pod=workload-edge-7b875fd8c6-pxwvc,39.26171875
1783708249,mem_mib,pod=workload-edge-7b875fd8c6-pxwvc,39.26171875
1783708259,mem_mib,pod=workload-edge-7b875fd8c6-pxwvc,39.26171875
1783708269,mem_mib,pod=workload-edge-7b875fd8c6-pxwvc,39.26171875
1783708279,mem_mib,pod=workload-edge-7b875fd8c6-pxwvc,39.26171875
1783708289,mem_mib,pod=workload-edge-7b875fd8c6-pxwvc,39.26171875
1783708299,mem_mib,pod=workload-edge-7b875fd8c6-pxwvc,39.26171875
1783708309,mem_mib,pod=workload-edge-7b875fd8c6-pxwvc,39.26171875
1783708319,mem_mib,pod=workload-edge-7b875fd8c6-pxwvc,39.26171875
1783708329,mem_mib,pod=workload-edge-7b875fd8c6-pxwvc,39.26171875
1783708339,mem_mib,pod=workload-edge-7b875fd8c6-pxwvc,39.26171875
1783708349,mem_mib,pod=workload-edge-7b875fd8c6-pxwvc,39.26171875
1783708359,mem_mib,pod=workload-edge-7b875fd8c6-pxwvc,39.26171875
1783708369,mem_mib,pod=workload-edge-7b875fd8c6-pxwvc,39.26171875
1783708379,mem_mib,pod=workload-edge-7b875fd8c6-pxwvc,39.26171875
1783708389,mem_mib,pod=workload-edge-7b875fd8c6-pxwvc,39.26171875
1783708399,mem_mib,pod=workload-edge-7b875fd8c6-pxwvc,39.26171875
1783708409,mem_mib,pod=workload-edge-7b875fd8c6-pxwvc,39.26171875
1783708419,mem_mib,pod=workload-edge-7b875fd8c6-pxwvc,39.26171875
1783708429,mem_mib,pod=workload-edge-7b875fd8c6-pxwvc,39.26171875
1783708439,mem_mib,pod=workload-edge-7b875fd8c6-pxwvc,39.265625
1783708449,mem_mib,pod=workload-edge-7b875fd8c6-pxwvc,39.265625
1783708459,mem_mib,pod=workload-edge-7b875fd8c6-pxwvc,39.26171875
1783708469,mem_mib,pod=workload-edge-7b875fd8c6-pxwvc,39.26171875
1783708479,mem_mib,pod=workload-edge-7b875fd8c6-pxwvc,39.26171875
1783708489,mem_mib,pod=workload-edge-7b875fd8c6-pxwvc,39.26171875
1783708499,mem_mib,pod=workload-edge-7b875fd8c6-pxwvc,39.26171875
1783708509,mem_mib,pod=workload-edge-7b875fd8c6-pxwvc,39.26171875
1783708519,mem_mib,pod=workload-edge-7b875fd8c6-pxwvc,39.26171875
1783708529,mem_mib,pod=workload-edge-7b875fd8c6-pxwvc,39.26171875
1783708539,mem_mib,pod=workload-edge-7b875fd8c6-pxwvc,39.26171875
1783708549,mem_mib,pod=workload-edge-7b875fd8c6-pxwvc,39.26171875
1783708559,mem_mib,pod=workload-edge-7b875fd8c6-pxwvc,39.26171875
1783708569,mem_mib,pod=workload-edge-7b875fd8c6-pxwvc,39.26171875
1783708579,mem_mib,pod=workload-edge-7b875fd8c6-pxwvc,39.26171875
1783708589,mem_mib,pod=workload-edge-7b875fd8c6-pxwvc,39.26171875
1783708599,mem_mib,pod=workload-edge-7b875fd8c6-pxwvc,39.26171875
1783708609,mem_mib,pod=workload-edge-7b875fd8c6-pxwvc,39.51953125
1783708619,mem_mib,pod=workload-edge-7b875fd8c6-pxwvc,39.26171875
1783708629,mem_mib,pod=workload-edge-7b875fd8c6-pxwvc,39.26171875
1783708639,mem_mib,pod=workload-edge-7b875fd8c6-pxwvc,39.26171875
1783707979,rps,tier=cloud,0.0
1783707989,rps,tier=cloud,0.6000600060006
1783707999,rps,tier=cloud,5.220394831850728
1783708009,rps,tier=cloud,13.821016086968111
1783708019,rps,tier=cloud,26.322873116211092
1783708029,rps,tier=cloud,42.622901435709394
1783708039,rps,tier=cloud,62.06377865483448
1783708049,rps,tier=cloud,80.8664693175454
1783708059,rps,tier=cloud,99.68592919250813
1783708069,rps,tier=cloud,116.14937517480972
1783708079,rps,tier=cloud,125.80695330473269
1783708089,rps,tier=cloud,136.30405097822438
1783708099,rps,tier=cloud,148.69214091259758
1783708109,rps,tier=cloud,156.60903526416098
1783708119,rps,tier=cloud,167.61750267555655
1783708129,rps,tier=cloud,186.04026785907257
1783708139,rps,tier=cloud,204.1464182157309
1783708149,rps,tier=cloud,215.9899319624518
1783708159,rps,tier=cloud,237.3181989628375
1783708169,rps,tier=cloud,254.62148329551422
1783708179,rps,tier=cloud,315.6353036400901
1783708189,rps,tier=cloud,393.97335166608843
1783708199,rps,tier=cloud,477.0683760073532
1783708209,rps,tier=cloud,558.2280675071547
1783708219,rps,tier=cloud,633.9486108805168
1783708229,rps,tier=cloud,689.1838611853831
1783708239,rps,tier=cloud,714.8958836586273
1783708249,rps,tier=cloud,712.6745425377703
1783708259,rps,tier=cloud,722.6803248628281
1783708269,rps,tier=cloud,731.7456747851019
1783708279,rps,tier=cloud,734.3887603518606
1783708289,rps,tier=cloud,737.2058390237387
1783708299,rps,tier=cloud,753.413136561028
1783708309,rps,tier=cloud,759.9107713344154
1783708319,rps,tier=cloud,744.9770882338162
1783708329,rps,tier=cloud,727.0576094631768
1783708339,rps,tier=cloud,682.6335760215094
1783708349,rps,tier=cloud,609.2804144639884
1783708359,rps,tier=cloud,516.4996397114336
1783708369,rps,tier=cloud,442.4791991458906
1783708379,rps,tier=cloud,367.5785546230829
1783708389,rps,tier=cloud,316.18355230512424
1783708399,rps,tier=cloud,300.20347073744784
1783708409,rps,tier=cloud,302.3857142693424
1783708419,rps,tier=cloud,300.4792707530265
1783708429,rps,tier=cloud,302.22479131593155
1783708439,rps,tier=cloud,303.3750681084398
1783708449,rps,tier=cloud,302.20523470655553
1783708459,rps,tier=cloud,300.0464883947408
1783708469,rps,tier=cloud,300.21151896472463
1783708479,rps,tier=cloud,299.3588355712593
1783708489,rps,tier=cloud,301.3634776307563
1783708499,rps,tier=cloud,301.17027427337104
1783708509,rps,tier=cloud,303.2217505382302
1783708519,rps,tier=cloud,304.6439960863962
1783708529,rps,tier=cloud,304.33346611054276
1783708539,rps,tier=cloud,288.216799219437
1783708549,rps,tier=cloud,253.63693972795394
1783708559,rps,tier=cloud,202.02072136251735
1783708569,rps,tier=cloud,140.71106975067943
1783708579,rps,tier=cloud,81.06477198944708
1783708589,rps,tier=cloud,35.423167487402466
1783708599,rps,tier=cloud,9.680765268414516
1783708609,rps,tier=cloud,0.0
1783708619,rps,tier=cloud,0.0
1783708629,rps,tier=cloud,0.0
1783708639,rps,tier=cloud,0.0
1783707979,rps,tier=edge,0.0
1783707989,rps,tier=edge,0.0
1783707999,rps,tier=edge,0.0
1783708009,rps,tier=edge,0.0
1783708019,rps,tier=edge,0.0
1783708029,rps,tier=edge,0.0
1783708039,rps,tier=edge,0.0
1783708049,rps,tier=edge,0.0
1783708059,rps,tier=edge,0.0
1783708069,rps,tier=edge,0.0
1783708079,rps,tier=edge,0.0
1783708089,rps,tier=edge,0.0
1783708099,rps,tier=edge,0.0
1783708109,rps,tier=edge,0.0
1783708119,rps,tier=edge,0.0
1783708129,rps,tier=edge,0.0
1783708139,rps,tier=edge,0.0
1783708149,rps,tier=edge,0.0
1783708159,rps,tier=edge,0.0
1783708169,rps,tier=edge,0.0
1783708179,rps,tier=edge,0.0
1783708189,rps,tier=edge,0.0
1783708199,rps,tier=edge,0.0
1783708209,rps,tier=edge,0.0
1783708219,rps,tier=edge,0.0
1783708229,rps,tier=edge,0.0
1783708239,rps,tier=edge,0.0
1783708249,rps,tier=edge,0.0
1783708259,rps,tier=edge,0.0
1783708269,rps,tier=edge,0.0
1783708279,rps,tier=edge,0.0
1783708289,rps,tier=edge,0.0
1783708299,rps,tier=edge,0.0
1783708309,rps,tier=edge,0.0
1783708319,rps,tier=edge,0.0
1783708329,rps,tier=edge,0.0
1783708339,rps,tier=edge,0.0
1783708349,rps,tier=edge,0.0
1783708359,rps,tier=edge,0.0
1783708369,rps,tier=edge,0.0
1783708379,rps,tier=edge,0.0
1783708389,rps,tier=edge,0.0
1783708399,rps,tier=edge,0.0
1783708409,rps,tier=edge,0.0
1783708419,rps,tier=edge,0.0
1783708429,rps,tier=edge,0.0
1783708439,rps,tier=edge,0.0
1783708449,rps,tier=edge,0.0
1783708459,rps,tier=edge,0.0
1783708469,rps,tier=edge,0.0
1783708479,rps,tier=edge,0.0
1783708489,rps,tier=edge,0.0
1783708499,rps,tier=edge,0.0
1783708509,rps,tier=edge,0.0
1783708519,rps,tier=edge,0.0
1783708529,rps,tier=edge,0.0
1783708539,rps,tier=edge,0.0
1783708549,rps,tier=edge,0.0
1783708559,rps,tier=edge,0.0
1783708569,rps,tier=edge,0.0
1783708579,rps,tier=edge,0.0
1783708589,rps,tier=edge,0.0
1783708599,rps,tier=edge,0.0
1783708609,rps,tier=edge,0.0
1783708619,rps,tier=edge,0.0
1783708629,rps,tier=edge,0.0
1783708639,rps,tier=edge,0.0
1783707989,lat50_ms,tier=cloud,3.4482758620689653
1783707999,lat50_ms,tier=cloud,3.488326825536919
1783708009,lat50_ms,tier=cloud,3.557693096886406
1783708019,lat50_ms,tier=cloud,3.7287673026771433
1783708029,lat50_ms,tier=cloud,4.03005224046654
1783708039,lat50_ms,tier=cloud,4.290622158543359
1783708049,lat50_ms,tier=cloud,4.6057851239669425
1783708059,lat50_ms,tier=cloud,4.874223363599179
1783708069,lat50_ms,tier=cloud,5.831647228494167
1783708079,lat50_ms,tier=cloud,7.225683398111745
1783708089,lat50_ms,tier=cloud,8.40095661857181
1783708099,lat50_ms,tier=cloud,9.315436789697605
1783708109,lat50_ms,tier=cloud,11.217854641195535
1783708119,lat50_ms,tier=cloud,13.823870902137038
1783708129,lat50_ms,tier=cloud,16.24569718607606
1783708139,lat50_ms,tier=cloud,18.88476512979372
1783708149,lat50_ms,tier=cloud,21.645549394845222
1783708159,lat50_ms,tier=cloud,23.204453055994787
1783708169,lat50_ms,tier=cloud,24.77659967633169
1783708179,lat50_ms,tier=cloud,28.462026742490362
1783708189,lat50_ms,tier=cloud,34.25561211094583
1783708199,lat50_ms,tier=cloud,41.54908366870601
1783708209,lat50_ms,tier=cloud,50.13316332845582
1783708219,lat50_ms,tier=cloud,68.34037541737237
1783708229,lat50_ms,tier=cloud,84.22899336433935
1783708239,lat50_ms,tier=cloud,97.76969418034328
1783708249,lat50_ms,tier=cloud,107.57200055219886
1783708259,lat50_ms,tier=cloud,113.91544111531074
1783708269,lat50_ms,tier=cloud,119.98299061982111
1783708279,lat50_ms,tier=cloud,124.75131971706175
1783708289,lat50_ms,tier=cloud,129.15428853703793
1783708299,lat50_ms,tier=cloud,133.0001937389989
1783708309,lat50_ms,tier=cloud,132.79213592484163
1783708319,lat50_ms,tier=cloud,131.31433561130052
1783708329,lat50_ms,tier=cloud,127.15593481484447
1783708339,lat50_ms,tier=cloud,122.20893204785055
1783708349,lat50_ms,tier=cloud,115.80273938001133
1783708359,lat50_ms,tier=cloud,108.74306322434292
1783708369,lat50_ms,tier=cloud,100.92934120791993
1783708379,lat50_ms,tier=cloud,91.5856984638274
1783708389,lat50_ms,tier=cloud,79.52895333285954
1783708399,lat50_ms,tier=cloud,65.09588905048398
1783708409,lat50_ms,tier=cloud,48.50551789214277
1783708419,lat50_ms,tier=cloud,39.1551615730646
1783708429,lat50_ms,tier=cloud,31.148656851978597
1783708439,lat50_ms,tier=cloud,25.05559396190902
1783708449,lat50_ms,tier=cloud,20.779687530126555
1783708459,lat50_ms,tier=cloud,19.968494710060668
1783708469,lat50_ms,tier=cloud,20.216201886094098
1783708479,lat50_ms,tier=cloud,20.84634202044868
1783708489,lat50_ms,tier=cloud,19.928443572726508
1783708499,lat50_ms,tier=cloud,19.44337863909369
1783708509,lat50_ms,tier=cloud,19.364574498480337
1783708519,lat50_ms,tier=cloud,19.492339566798517
1783708529,lat50_ms,tier=cloud,19.64779172256692
1783708539,lat50_ms,tier=cloud,19.71705345447271
1783708549,lat50_ms,tier=cloud,19.953278474064565
1783708559,lat50_ms,tier=cloud,19.780884937947004
1783708569,lat50_ms,tier=cloud,19.759882725416706
1783708579,lat50_ms,tier=cloud,19.474638149760654
1783708589,lat50_ms,tier=cloud,19.177702125164085
1783708599,lat50_ms,tier=cloud,19.441766967322227
1783708609,lat50_ms,tier=cloud,20.103923016956482
1783708619,lat50_ms,tier=cloud,21.04848063380065
1783708629,lat50_ms,tier=cloud,22.70149474472369
1783708639,lat50_ms,tier=cloud,22.85514655091264
1783707989,lat95_ms,tier=cloud,4.844827586206897
1783707999,lat95_ms,tier=cloud,4.859338444055727
1783708009,lat95_ms,tier=cloud,4.9928477317501825
1783708019,lat95_ms,tier=cloud,8.40957536069295
1783708029,lat95_ms,tier=cloud,9.611492942119215
1783708039,lat95_ms,tier=cloud,9.710592604480054
1783708049,lat95_ms,tier=cloud,16.186046511627914
1783708059,lat95_ms,tier=cloud,16.901367225676672
1783708069,lat95_ms,tier=cloud,19.231057898420964
1783708079,lat95_ms,tier=cloud,46.927171186044475
1783708089,lat95_ms,tier=cloud,59.13160733620643
1783708099,lat95_ms,tier=cloud,58.492911771871945
1783708109,lat95_ms,tier=cloud,62.464489628495386
1783708119,lat95_ms,tier=cloud,64.20695236548981
1783708129,lat95_ms,tier=cloud,65.8788727819929
1783708139,lat95_ms,tier=cloud,67.32587596292505
1783708149,lat95_ms,tier=cloud,70.14098399790596
1783708159,lat95_ms,tier=cloud,69.99606561082537
1783708169,lat95_ms,tier=cloud,70.87819506498617
1783708179,lat95_ms,tier=cloud,83.92362612761595
1783708189,lat95_ms,tier=cloud,140.33510342236187
1783708199,lat95_ms,tier=cloud,202.3683404596775
1783708209,lat95_ms,tier=cloud,259.82853176079874
1783708219,lat95_ms,tier=cloud,273.9484768212492
1783708229,lat95_ms,tier=cloud,278.1334441475475
1783708239,lat95_ms,tier=cloud,278.87867621919816
1783708249,lat95_ms,tier=cloud,286.48034022062654
1783708259,lat95_ms,tier=cloud,291.09940650450466
1783708269,lat95_ms,tier=cloud,291.4692894942601
1783708279,lat95_ms,tier=cloud,292.86283940962824
1783708289,lat95_ms,tier=cloud,294.3242429988498
1783708299,lat95_ms,tier=cloud,294.81905517160624
1783708309,lat95_ms,tier=cloud,293.02389293267095
1783708319,lat95_ms,tier=cloud,293.3835293696179
1783708329,lat95_ms,tier=cloud,290.88951973130474
1783708339,lat95_ms,tier=cloud,289.0743866323048
1783708349,lat95_ms,tier=cloud,289.1429089244805
1783708359,lat95_ms,tier=cloud,282.71548536068934
1783708369,lat95_ms,tier=cloud,276.0141964634331
1783708379,lat95_ms,tier=cloud,272.4875252093751
1783708389,lat95_ms,tier=cloud,266.67208339394654
1783708399,lat95_ms,tier=cloud,257.4503833910172
1783708409,lat95_ms,tier=cloud,249.37402200400763
1783708419,lat95_ms,tier=cloud,224.91653565963932
1783708429,lat95_ms,tier=cloud,147.43842227454078
1783708439,lat95_ms,tier=cloud,96.90719575705658
1783708449,lat95_ms,tier=cloud,68.93800184661515
1783708459,lat95_ms,tier=cloud,66.41016683372744
1783708469,lat95_ms,tier=cloud,65.69892183399243
1783708479,lat95_ms,tier=cloud,66.11142515957577
1783708489,lat95_ms,tier=cloud,65.70757717211029
1783708499,lat95_ms,tier=cloud,65.93568591003974
1783708509,lat95_ms,tier=cloud,66.61121718029486
1783708519,lat95_ms,tier=cloud,66.51506465632326
1783708529,lat95_ms,tier=cloud,66.10822123382633
1783708539,lat95_ms,tier=cloud,66.41179254314136
1783708549,lat95_ms,tier=cloud,66.35691695419305
1783708559,lat95_ms,tier=cloud,66.26368738764108
1783708569,lat95_ms,tier=cloud,65.89365640328379
1783708579,lat95_ms,tier=cloud,65.96515089367207
1783708589,lat95_ms,tier=cloud,65.57527908110188
1783708599,lat95_ms,tier=cloud,66.18641090423604
1783708609,lat95_ms,tier=cloud,64.32069215562166
1783708619,lat95_ms,tier=cloud,63.84527396096265
1783708629,lat95_ms,tier=cloud,63.703447253990284
1783708639,lat95_ms,tier=cloud,62.31283533812746
1783707989,lat99_ms,tier=cloud,4.9689655172413785
1783707999,lat99_ms,tier=cloud,4.98120614347962
1783708009,lat99_ms,tier=cloud,8.953041176517587
1783708019,lat99_ms,tier=cloud,9.809574683648611
1783708029,lat99_ms,tier=cloud,16.81940383145173
1783708039,lat99_ms,tier=cloud,16.835354635691452
1783708049,lat99_ms,tier=cloud,19.265831842576034
1783708059,lat99_ms,tier=cloud,19.489737584539984
1783708069,lat99_ms,tier=cloud,44.19392318130418
1783708079,lat99_ms,tier=cloud,72.85855679708524
1783708089,lat99_ms,tier=cloud,90.87163750719986
1783708099,lat99_ms,tier=cloud,89.68339951296713
1783708109,lat99_ms,tier=cloud,93.84251423960986
1783708119,lat99_ms,tier=cloud,92.4710523960056
1783708129,lat99_ms,tier=cloud,92.45786811186679
1783708139,lat99_ms,tier=cloud,95.08685706142361
1783708149,lat99_ms,tier=cloud,99.59394025742134
1783708159,lat99_ms,tier=cloud,98.78249068859611
1783708169,lat99_ms,tier=cloud,100.57072938842745
1783708179,lat99_ms,tier=cloud,135.8851362144982
1783708189,lat99_ms,tier=cloud,221.05476162850437
1783708199,lat99_ms,tier=cloud,308.4629449606269
1783708209,lat99_ms,tier=cloud,392.68528324345857
1783708219,lat99_ms,tier=cloud,415.8853982439796
1783708229,lat99_ms,tier=cloud,419.88832308177797
1783708239,lat99_ms,tier=cloud,414.13519367176576
1783708249,lat99_ms,tier=cloud,442.92901371915036
1783708259,lat99_ms,tier=cloud,451.7014733206828
1783708269,lat99_ms,tier=cloud,451.11501673039646
1783708279,lat99_ms,tier=cloud,453.1490897512832
1783708289,lat99_ms,tier=cloud,455.1235782078335
1783708299,lat99_ms,tier=cloud,455.5742569732978
1783708309,lat99_ms,tier=cloud,452.026286589088
1783708319,lat99_ms,tier=cloud,454.15008797268354
1783708329,lat99_ms,tier=cloud,449.76267953542305
1783708339,lat99_ms,tier=cloud,447.62752406411266
1783708349,lat99_ms,tier=cloud,449.77215968878613
1783708359,lat99_ms,tier=cloud,431.93888839783676
1783708369,lat99_ms,tier=cloud,412.6148314770751
1783708379,lat99_ms,tier=cloud,408.87212484040583
1783708389,lat99_ms,tier=cloud,392.9998570406056
1783708399,lat99_ms,tier=cloud,368.0057455236292
1783708409,lat99_ms,tier=cloud,364.0230707423119
1783708419,lat99_ms,tier=cloud,337.3720180539139
1783708429,lat99_ms,tier=cloud,260.1574117730976
1783708439,lat99_ms,tier=cloud,152.23849929787423
1783708449,lat99_ms,tier=cloud,97.62057326336749
1783708459,lat99_ms,tier=cloud,91.09782012211564
1783708469,lat99_ms,tier=cloud,89.88037158253069
1783708479,lat99_ms,tier=cloud,89.99511000498828
1783708489,lat99_ms,tier=cloud,89.97858250845178
1783708499,lat99_ms,tier=cloud,93.37621139246835
1783708509,lat99_ms,tier=cloud,94.36331858438312
1783708519,lat99_ms,tier=cloud,94.94233191453986
1783708529,lat99_ms,tier=cloud,93.83513151089348
1783708539,lat99_ms,tier=cloud,93.63363060068322
1783708549,lat99_ms,tier=cloud,93.63318283935575
1783708559,lat99_ms,tier=cloud,93.57921321665441
1783708569,lat99_ms,tier=cloud,92.9339057470811
1783708579,lat99_ms,tier=cloud,93.59855199488301
1783708589,lat99_ms,tier=cloud,94.12015513566837
1783708599,lat99_ms,tier=cloud,96.00418521693348
1783708609,lat99_ms,tier=cloud,87.02273597990924
1783708619,lat99_ms,tier=cloud,84.11467806301867
1783708629,lat99_ms,tier=cloud,79.99653573764971
1783708639,lat99_ms,tier=cloud,73.76200191595048
1783707979,inflight,tier=cloud,0.0
1783707989,inflight,tier=cloud,0.0
1783707999,inflight,tier=cloud,0.0
1783708009,inflight,tier=cloud,0.0
1783708019,inflight,tier=cloud,0.0
1783708029,inflight,tier=cloud,0.0
1783708039,inflight,tier=cloud,0.0
1783708049,inflight,tier=cloud,0.0
1783708059,inflight,tier=cloud,0.0
1783708069,inflight,tier=cloud,7.0
1783708079,inflight,tier=cloud,0.0
1783708089,inflight,tier=cloud,0.0
1783708099,inflight,tier=cloud,4.0
1783708109,inflight,tier=cloud,0.0
1783708119,inflight,tier=cloud,0.0
1783708129,inflight,tier=cloud,4.0
1783708139,inflight,tier=cloud,0.0
1783708149,inflight,tier=cloud,1.0
1783708159,inflight,tier=cloud,0.0
1783708169,inflight,tier=cloud,1.0
1783708179,inflight,tier=cloud,21.0
1783708189,inflight,tier=cloud,30.0
1783708199,inflight,tier=cloud,27.0
1783708209,inflight,tier=cloud,12.0
1783708219,inflight,tier=cloud,66.0
1783708229,inflight,tier=cloud,52.0
1783708239,inflight,tier=cloud,52.0
1783708249,inflight,tier=cloud,33.0
1783708259,inflight,tier=cloud,48.0
1783708269,inflight,tier=cloud,34.0
1783708279,inflight,tier=cloud,52.0
1783708289,inflight,tier=cloud,61.0
1783708299,inflight,tier=cloud,38.0
1783708309,inflight,tier=cloud,85.0
1783708319,inflight,tier=cloud,39.0
1783708329,inflight,tier=cloud,37.0
1783708339,inflight,tier=cloud,19.0
1783708349,inflight,tier=cloud,0.0
1783708359,inflight,tier=cloud,0.0
1783708369,inflight,tier=cloud,0.0
1783708379,inflight,tier=cloud,0.0
1783708389,inflight,tier=cloud,0.0
1783708399,inflight,tier=cloud,2.0
1783708409,inflight,tier=cloud,0.0
1783708419,inflight,tier=cloud,9.0
1783708429,inflight,tier=cloud,0.0
1783708439,inflight,tier=cloud,2.0
1783708449,inflight,tier=cloud,0.0
1783708459,inflight,tier=cloud,0.0
1783708469,inflight,tier=cloud,0.0
1783708479,inflight,tier=cloud,0.0
1783708489,inflight,tier=cloud,0.0
1783708499,inflight,tier=cloud,0.0
1783708509,inflight,tier=cloud,0.0
1783708519,inflight,tier=cloud,6.0
1783708529,inflight,tier=cloud,0.0
1783708539,inflight,tier=cloud,0.0
1783708549,inflight,tier=cloud,2.0
1783708559,inflight,tier=cloud,0.0
1783708569,inflight,tier=cloud,0.0
1783708579,inflight,tier=cloud,0.0
1783708589,inflight,tier=cloud,0.0
1783708599,inflight,tier=cloud,0.0
1783708609,inflight,tier=cloud,0.0
1783708619,inflight,tier=cloud,0.0
1783708629,inflight,tier=cloud,0.0
1783708639,inflight,tier=cloud,0.0
1783707979,inflight,tier=edge,0.0
1783707989,inflight,tier=edge,0.0
1783707999,inflight,tier=edge,0.0
1783708009,inflight,tier=edge,0.0
1783708019,inflight,tier=edge,0.0
1783708029,inflight,tier=edge,0.0
1783708039,inflight,tier=edge,0.0
1783708049,inflight,tier=edge,0.0
1783708059,inflight,tier=edge,0.0
1783708069,inflight,tier=edge,0.0
1783708079,inflight,tier=edge,0.0
1783708089,inflight,tier=edge,0.0
1783708099,inflight,tier=edge,0.0
1783708109,inflight,tier=edge,0.0
1783708119,inflight,tier=edge,0.0
1783708129,inflight,tier=edge,0.0
1783708139,inflight,tier=edge,0.0
1783708149,inflight,tier=edge,0.0
1783708159,inflight,tier=edge,0.0
1783708169,inflight,tier=edge,0.0
1783708179,inflight,tier=edge,0.0
1783708189,inflight,tier=edge,0.0
1783708199,inflight,tier=edge,0.0
1783708209,inflight,tier=edge,0.0
1783708219,inflight,tier=edge,0.0
1783708229,inflight,tier=edge,0.0
1783708239,inflight,tier=edge,0.0
1783708249,inflight,tier=edge,0.0
1783708259,inflight,tier=edge,0.0
1783708269,inflight,tier=edge,0.0
1783708279,inflight,tier=edge,0.0
1783708289,inflight,tier=edge,0.0
1783708299,inflight,tier=edge,0.0
1783708309,inflight,tier=edge,0.0
1783708319,inflight,tier=edge,0.0
1783708329,inflight,tier=edge,0.0
1783708339,inflight,tier=edge,0.0
1783708349,inflight,tier=edge,0.0
1783708359,inflight,tier=edge,0.0
1783708369,inflight,tier=edge,0.0
1783708379,inflight,tier=edge,0.0
1783708389,inflight,tier=edge,0.0
1783708399,inflight,tier=edge,0.0
1783708409,inflight,tier=edge,0.0
1783708419,inflight,tier=edge,0.0
1783708429,inflight,tier=edge,0.0
1783708439,inflight,tier=edge,0.0
1783708449,inflight,tier=edge,0.0
1783708459,inflight,tier=edge,0.0
1783708469,inflight,tier=edge,0.0
1783708479,inflight,tier=edge,0.0
1783708489,inflight,tier=edge,0.0
1783708499,inflight,tier=edge,0.0
1783708509,inflight,tier=edge,0.0
1783708519,inflight,tier=edge,0.0
1783708529,inflight,tier=edge,0.0
1783708539,inflight,tier=edge,0.0
1783708549,inflight,tier=edge,0.0
1783708559,inflight,tier=edge,0.0
1783708569,inflight,tier=edge,0.0
1783708579,inflight,tier=edge,0.0
1783708589,inflight,tier=edge,0.0
1783708599,inflight,tier=edge,0.0
1783708609,inflight,tier=edge,0.0
1783708619,inflight,tier=edge,0.0
1783708629,inflight,tier=edge,0.0
1783708639,inflight,tier=edge,0.0
