ts,metric,labels,value
1783736310,replicas_status,deployment=workload-cloud,1.0
1783736320,replicas_status,deployment=workload-cloud,1.0
1783736330,replicas_status,deployment=workload-cloud,1.0
1783736340,replicas_status,deployment=workload-cloud,1.0
1783736350,replicas_status,deployment=workload-cloud,1.0
1783736360,replicas_status,deployment=workload-cloud,1.0
1783736370,replicas_status,deployment=workload-cloud,1.0
1783736380,replicas_status,deployment=workload-cloud,1.0
1783736390,replicas_status,deployment=workload-cloud,2.0
1783736400,replicas_status,deployment=workload-cloud,2.0
1783736410,replicas_status,deployment=workload-cloud,2.0
1783736420,replicas_status,deployment=workload-cloud,2.0
1783736430,replicas_status,deployment=workload-cloud,2.0
1783736440,replicas_status,deployment=workload-cloud,2.0
1783736450,replicas_status,deployment=workload-cloud,3.0
1783736460,replicas_status,deployment=workload-cloud,3.0
1783736470,replicas_status,deployment=workload-cloud,3.0
1783736480,replicas_status,deployment=workload-cloud,3.0
1783736490,replicas_status,deployment=workload-cloud,5.0
1783736500,replicas_status,deployment=workload-cloud,5.0
1783736510,replicas_status,deployment=workload-cloud,5.0
1783736520,replicas_status,deployment=workload-cloud,5.0
1783736530,replicas_status,deployment=workload-cloud,6.0
1783736540,replicas_status,deployment=workload-cloud,6.0
1783736550,replicas_status,deployment=workload-cloud,6.0
1783736560,replicas_status,deployment=workload-cloud,6.0
1783736570,replicas_status,deployment=workload-cloud,6.0
1783736580,replicas_status,deployment=workload-cloud,6.0
1783736590,replicas_status,deployment=workload-cloud,6.0
1783736600,replicas_status,deployment=workload-cloud,6.0
1783736610,replicas_status,deployment=workload-cloud,6.0
1783736620,replicas_status,deployment=workload-cloud,6.0
1783736630,replicas_status,deployment=workload-cloud,6.0
1783736640,replicas_status,deployment=workload-cloud,6.0
1783736650,replicas_status,deployment=workload-cloud,6.0
1783736660,replicas_status,deployment=workload-cloud,6.0
1783736670,replicas_status,deployment=workload-cloud,6.0
1783736680,replicas_status,deployment=workload-cloud,6.0
1783736690,replicas_status,deployment=workload-cloud,6.0
1783736700,replicas_status,deployment=workload-cloud,6.0
1783736710,replicas_status,deployment=workload-cloud,6.0
1783736720,replicas_status,deployment=workload-cloud,6.0
1783736730,replicas_status,deployment=workload-cloud,6.0
1783736740,replicas_status,deployment=workload-cloud,6.0
1783736750,replicas_status,deployment=workload-cloud,6.0
1783736760,replicas_status,deployment=workload-cloud,6.0
1783736770,replicas_status,deployment=workload-cloud,6.0
1783736780,replicas_status,deployment=workload-cloud,6.0
1783736790,replicas_status,deployment=workload-cloud,6.0
1783736800,replicas_status,deployment=workload-cloud,6.0
1783736810,replicas_status,deployment=workload-cloud,6.0
1783736820,replicas_status,deployment=workload-cloud,6.0
1783736830,replicas_status,deployment=workload-cloud,6.0
1783736840,replicas_status,deployment=workload-cloud,6.0
1783736850,replicas_status,deployment=workload-cloud,6.0
1783736860,replicas_status,deployment=workload-cloud,6.0
1783736870,replicas_status,deployment=workload-cloud,6.0
1783736880,replicas_status,deployment=workload-cloud,6.0
1783736890,replicas_status,deployment=workload-cloud,6.0
1783736900,replicas_status,deployment=workload-cloud,6.0
1783736910,replicas_status,deployment=workload-cloud,6.0
1783736920,replicas_status,deployment=workload-cloud,6.0
1783736930,replicas_status,deployment=workload-cloud,6.0
1783736940,replicas_status,deployment=workload-cloud,6.0
1783736950,replicas_status,deployment=workload-cloud,5.0
1783736310,replicas_status,deployment=workload-edge,1.0
1783736320,replicas_status,deployment=workload-edge,1.0
1783736330,replicas_status,deployment=workload-edge,1.0
1783736340,replicas_status,deployment=workload-edge,1.0
1783736350,replicas_status,deployment=workload-edge,1.0
1783736360,replicas_status,deployment=workload-edge,1.0
1783736370,replicas_status,deployment=workload-edge,1.0
1783736380,replicas_status,deployment=workload-edge,1.0
1783736390,replicas_status,deployment=workload-edge,1.0
1783736400,replicas_status,deployment=workload-edge,1.0
1783736410,replicas_status,deployment=workload-edge,1.0
1783736420,replicas_status,deployment=workload-edge,1.0
1783736430,replicas_status,deployment=workload-edge,1.0
1783736440,replicas_status,deployment=workload-edge,1.0
1783736450,replicas_status,deployment=workload-edge,1.0
1783736460,replicas_status,deployment=workload-edge,1.0
1783736470,replicas_status,deployment=workload-edge,1.0
1783736480,replicas_status,deployment=workload-edge,1.0
1783736490,replicas_status,deployment=workload-edge,1.0
1783736500,replicas_status,deployment=workload-edge,1.0
1783736510,replicas_status,deployment=workload-edge,1.0
1783736520,replicas_status,deployment=workload-edge,1.0
1783736530,replicas_status,deployment=workload-edge,1.0
1783736540,replicas_status,deployment=workload-edge,1.0
1783736550,replicas_status,deployment=workload-edge,1.0
1783736560,replicas_status,deployment=workload-edge,1.0
1783736570,replicas_status,deployment=workload-edge,1.0
1783736580,replicas_status,deployment=workload-edge,1.0
1783736590,replicas_status,deployment=workload-edge,1.0
1783736600,replicas_status,deployment=workload-edge,1.0
1783736610,replicas_status,deployment=workload-edge,1.0
1783736620,replicas_status,deployment=workload-edge,1.0
1783736630,replicas_status,deployment=workload-edge,1.0
1783736640,replicas_status,deployment=workload-edge,1.0
1783736650,replicas_status,deployment=workload-edge,1.0
1783736660,replicas_status,deployment=workload-edge,1.0
1783736670,replicas_status,deployment=workload-edge,1.0
1783736680,replicas_status,deployment=workload-edge,1.0
1783736690,replicas_status,deployment=workload-edge,1.0
1783736700,replicas_status,deployment=workload-edge,1.0
1783736710,replicas_status,deployment=workload-edge,1.0
1783736720,replicas_status,deployment=workload-edge,1.0
1783736730,replicas_status,deployment=workload-edge,1.0
1783736740,replicas_status,deployment=workload-edge,1.0
1783736750,replicas_status,deployment=workload-edge,1.0
1783736760,replicas_status,deployment=workload-edge,1.0
1783736770,replicas_status,deployment=workload-edge,1.0
1783736780,replicas_status,deployment=workload-edge,1.0
1783736790,replicas_status,deployment=workload-edge,1.0
1783736800,replicas_status,deployment=workload-edge,1.0
1783736810,replicas_status,deployment=workload-edge,1.0
1783736820,replicas_status,deployment=workload-edge,1.0
1783736830,replicas_status,deployment=workload-edge,1.0
1783736840,replicas_status,deployment=workload-edge,1.0
1783736850,replicas_status,deployment=workload-edge,1.0
1783736860,replicas_status,deployment=workload-edge,1.0
1783736870,replicas_status,deployment=workload-edge,1.0
1783736880,replicas_status,deployment=workload-edge,1.0
1783736890,replicas_status,deployment=workload-edge,1.0
1783736900,replicas_status,deployment=workload-edge,1.0
1783736910,replicas_status,deployment=workload-edge,1.0
1783736920,replicas_status,deployment=workload-edge,1.0
1783736930,replicas_status,deployment=workload-edge,1.0
1783736940,replicas_status,deployment=workload-edge,1.0
1783736950,replicas_status,deployment=workload-edge,1.0
1783736310,replicas_spec,deployment=workload-cloud,1.0
1783736320,replicas_spec,deployment=workload-cloud,1.0
1783736330,replicas_spec,deployment=workload-cloud,1.0
1783736340,replicas_spec,deployment=workload-cloud,1.0
1783736350,replicas_spec,deployment=workload-cloud,1.0
1783736360,replicas_spec,deployment=workload-cloud,1.0
1783736370,replicas_spec,deployment=workload-cloud,1.0
1783736380,replicas_spec,deployment=workload-cloud,1.0
1783736390,replicas_spec,deployment=workload-cloud,2.0
1783736400,replicas_spec,deployment=workload-cloud,2.0
1783736410,replicas_spec,deployment=workload-cloud,2.0
1783736420,replicas_spec,deployment=workload-cloud,2.0
1783736430,replicas_spec,deployment=workload-cloud,2.0
1783736440,replicas_spec,deployment=workload-cloud,2.0
1783736450,replicas_spec,deployment=workload-cloud,3.0
1783736460,replicas_spec,deployment=workload-cloud,3.0
1783736470,replicas_spec,deployment=workload-cloud,3.0
1783736480,replicas_spec,deployment=workload-cloud,3.0
1783736490,replicas_spec,deployment=workload-cloud,5.0
1783736500,replicas_spec,deployment=workload-cloud,5.0
1783736510,replicas_spec,deployment=workload-cloud,5.0
1783736520,replicas_spec,deployment=workload-cloud,5.0
1783736530,replicas_spec,deployment=workload-cloud,6.0
1783736540,replicas_spec,deployment=workload-cloud,6.0
1783736550,replicas_spec,deployment=workload-cloud,6.0
1783736560,replicas_spec,deployment=workload-cloud,6.0
1783736570,replicas_spec,deployment=workload-cloud,6.0
1783736580,replicas_spec,deployment=workload-cloud,6.0
1783736590,replicas_spec,deployment=workload-cloud,6.0
1783736600,replicas_spec,deployment=workload-cloud,6.0
1783736610,replicas_spec,deployment=workload-cloud,6.0
1783736620,replicas_spec,deployment=workload-cloud,6.0
1783736630,replicas_spec,deployment=workload-cloud,6.0
1783736640,replicas_spec,deployment=workload-cloud,6.0
1783736650,replicas_spec,deployment=workload-cloud,6.0
1783736660,replicas_spec,deployment=workload-cloud,6.0
1783736670,replicas_spec,deployment=workload-cloud,6.0
1783736680,replicas_spec,deployment=workload-cloud,6.0
1783736690,replicas_spec,deployment=workload-cloud,6.0
1783736700,replicas_spec,deployment=workload-cloud,6.0
1783736710,replicas_spec,deployment=workload-cloud,6.0
1783736720,replicas_spec,deployment=workload-cloud,6.0
1783736730,replicas_spec,deployment=workload-cloud,6.0
1783736740,replicas_spec,deployment=workload-cloud,6.0
1783736750,replicas_spec,deployment=workload-cloud,6.0
1783736760,replicas_spec,deployment=workload-cloud,6.0
1783736770,replicas_spec,deployment=workload-cloud,6.0
1783736780,replicas_spec,deployment=workload-cloud,6.0
1783736790,replicas_spec,deployment=workload-cloud,6.0
1783736800,replicas_spec,deployment=workload-cloud,6.0
1783736810,replicas_spec,deployment=workload-cloud,6.0
1783736820,replicas_spec,deployment=workload-cloud,6.0
1783736830,replicas_spec,deployment=workload-cloud,6.0
1783736840,replicas_spec,deployment=workload-cloud,6.0
1783736850,replicas_spec,deployment=workload-cloud,6.0
1783736860,replicas_spec,deployment=workload-cloud,6.0
1783736870,replicas_spec,deployment=workload-cloud,6.0
1783736880,replicas_spec,deployment=workload-cloud,6.0
1783736890,replicas_spec,deployment=workload-cloud,6.0
1783736900,replicas_spec,deployment=workload-cloud,6.0
1783736910,replicas_spec,deployment=workload-cloud,6.0
1783736920,replicas_spec,deployment=workload-cloud,6.0
1783736930,replicas_spec,deployment=workload-cloud,6.0
1783736940,replicas_spec,deployment=workload-cloud,6.0
1783736950,replicas_spec,deployment=workload-cloud,5.0
1783736310,replicas_spec,deployment=workload-edge,1.0
1783736320,replicas_spec,deployment=workload-edge,1.0
1783736330,replicas_spec,deployment=workload-edge,1.0
1783736340,replicas_spec,deployment=workload-edge,1.0
1783736350,replicas_spec,deployment=workload-edge,1.0
1783736360,replicas_spec,deployment=workload-edge,1.0
1783736370,replicas_spec,deployment=workload-edge,1.0
1783736380,replicas_spec,deployment=workload-edge,1.0
1783736390,replicas_spec,deployment=workload-edge,1.0
1783736400,replicas_spec,deployment=workload-edge,1.0
1783736410,replicas_spec,deployment=workload-edge,1.0
1783736420,replicas_spec,deployment=workload-edge,1.0
1783736430,replicas_spec,deployment=workload-edge,1.0
1783736440,replicas_spec,deployment=workload-edge,1.0
1783736450,replicas_spec,deployment=workload-edge,1.0
1783736460,replicas_spec,deployment=workload-edge,1.0
1783736470,replicas_spec,deployment=workload-edge,1.0
1783736480,replicas_spec,deployment=workload-edge,1.0
1783736490,replicas_spec,deployment=workload-edge,1.0
1783736500,replicas_spec,deployment=workload-edge,1.0
1783736510,replicas_spec,deployment=workload-edge,1.0
1783736520,replicas_spec,deployment=workload-edge,1.0
1783736530,replicas_spec,deployment=workload-edge,1.0
1783736540,replicas_spec,deployment=workload-edge,1.0
1783736550,replicas_spec,deployment=workload-edge,1.0
1783736560,replicas_spec,deployment=workload-edge,1.0
1783736570,replicas_spec,deployment=workload-edge,1.0
1783736580,replicas_spec,deployment=workload-edge,1.0
1783736590,replicas_spec,deployment=workload-edge,1.0
1783736600,replicas_spec,deployment=workload-edge,1.0
1783736610,replicas_spec,deployment=workload-edge,1.0
1783736620,replicas_spec,deployment=workload-edge,1.0
1783736630,replicas_spec,deployment=workload-edge,1.0
1783736640,replicas_spec,deployment=workload-edge,1.0
1783736650,replicas_spec,deployment=workload-edge,1.0
1783736660,replicas_spec,deployment=workload-edge,1.0
1783736670,replicas_spec,deployment=workload-edge,1.0
1783736680,replicas_spec,deployment=workload-edge,1.0
1783736690,replicas_spec,deployment=workload-edge,1.0
1783736700,replicas_spec,deployment=workload-edge,1.0
1783736710,replicas_spec,deployment=workload-edge,1.0
1783736720,replicas_spec,deployment=workload-edge,1.0
1783736730,replicas_spec,deployment=workload-edge,1.0
1783736740,replicas_spec,deployment=workload-edge,1.0
1783736750,replicas_spec,deployment=workload-edge,1.0
1783736760,replicas_spec,deployment=workload-edge,1.0
1783736770,replicas_spec,deployment=workload-edge,1.0
1783736780,replicas_spec,deployment=workload-edge,1.0
1783736790,replicas_spec,deployment=workload-edge,1.0
1783736800,replicas_spec,deployment=workload-edge,1.0
1783736810,replicas_spec,deployment=workload-edge,1.0
1783736820,replicas_spec,deployment=workload-edge,1.0
1783736830,replicas_spec,deployment=workload-edge,1.0
1783736840,replicas_spec,deployment=workload-edge,1.0
1783736850,replicas_spec,deployment=workload-edge,1.0
1783736860,replicas_spec,deployment=workload-edge,1.0
1783736870,replicas_spec,deployment=workload-edge,1.0
1783736880,replicas_spec,deployment=workload-edge,1.0
1783736890,replicas_spec,deployment=workload-edge,1.0
1783736900,replicas_spec,deployment=workload-edge,1.0
1783736910,replicas_spec,deployment=workload-edge,1.0
1783736920,replicas_spec,deployment=workload-edge,1.0
1783736930,replicas_spec,deployment=workload-edge,1.0
1783736940,replicas_spec,deployment=workload-edge,1.0
1783736950,replicas_spec,deployment=workload-edge,1.0
1783736310,cpu_cores,pod=workload-cloud-6f545f89ff-9hvzm,0.0021645810961808034
1783736320,cpu_cores,pod=workload-cloud-6f545f89ff-9hvzm,0.0055710333060913445
1783736330,cpu_cores,pod=workload-cloud-6f545f89ff-9hvzm,0.006942361911297709
1783736340,cpu_cores,pod=workload-cloud-6f545f89ff-9hvzm,0.022545818069240033
1783736350,cpu_cores,pod=workload-cloud-6f545f89ff-9hvzm,0.04116643423305925
1783736360,cpu_cores,pod=workload-cloud-6f545f89ff-9hvzm,0.051551637786475916
1783736370,cpu_cores,pod=workload-cloud-6f545f89ff-9hvzm,0.0830472194908749
1783736380,cpu_cores,pod=workload-cloud-6f545f89ff-9hvzm,0.09606602006284357
1783736390,cpu_cores,pod=workload-cloud-6f545f89ff-9hvzm,0.11531726748036873
1783736400,cpu_cores,pod=workload-cloud-6f545f89ff-9hvzm,0.13260603546910357
1783736410,cpu_cores,pod=workload-cloud-6f545f89ff-9hvzm,0.16511800661969048
1783736420,cpu_cores,pod=workload-cloud-6f545f89ff-9hvzm,0.16511800661969048
1783736430,cpu_cores,pod=workload-cloud-6f545f89ff-9hvzm,0.17814330106699405
1783736440,cpu_cores,pod=workload-cloud-6f545f89ff-9hvzm,0.17445888408001248
1783736450,cpu_cores,pod=workload-cloud-6f545f89ff-9hvzm,0.1690715328032488
1783736460,cpu_cores,pod=workload-cloud-6f545f89ff-9hvzm,0.1669726035573619
1783736470,cpu_cores,pod=workload-cloud-6f545f89ff-9hvzm,0.17084775415666736
1783736480,cpu_cores,pod=workload-cloud-6f545f89ff-9hvzm,0.17084775415666736
1783736490,cpu_cores,pod=workload-cloud-6f545f89ff-9hvzm,0.1730368442598911
1783736500,cpu_cores,pod=workload-cloud-6f545f89ff-9hvzm,0.1779958109435431
1783736510,cpu_cores,pod=workload-cloud-6f545f89ff-9hvzm,0.1948387893526876
1783736520,cpu_cores,pod=workload-cloud-6f545f89ff-9hvzm,0.20003485650599115
1783736530,cpu_cores,pod=workload-cloud-6f545f89ff-9hvzm,0.2809025589654969
1783736540,cpu_cores,pod=workload-cloud-6f545f89ff-9hvzm,0.31468511661270576
1783736550,cpu_cores,pod=workload-cloud-6f545f89ff-9hvzm,0.3616581252607046
1783736560,cpu_cores,pod=workload-cloud-6f545f89ff-9hvzm,0.36129886205698775
1783736570,cpu_cores,pod=workload-cloud-6f545f89ff-9hvzm,0.3665097508807175
1783736580,cpu_cores,pod=workload-cloud-6f545f89ff-9hvzm,0.3665097508807174
1783736590,cpu_cores,pod=workload-cloud-6f545f89ff-9hvzm,0.36665471133842314
1783736600,cpu_cores,pod=workload-cloud-6f545f89ff-9hvzm,0.3689997920256639
1783736610,cpu_cores,pod=workload-cloud-6f545f89ff-9hvzm,0.36945473391912614
1783736620,cpu_cores,pod=workload-cloud-6f545f89ff-9hvzm,0.3733947546496628
1783736630,cpu_cores,pod=workload-cloud-6f545f89ff-9hvzm,0.37225851671770765
1783736640,cpu_cores,pod=workload-cloud-6f545f89ff-9hvzm,0.37544070654520795
1783736650,cpu_cores,pod=workload-cloud-6f545f89ff-9hvzm,0.3800434596822896
1783736660,cpu_cores,pod=workload-cloud-6f545f89ff-9hvzm,0.37335964404716493
1783736670,cpu_cores,pod=workload-cloud-6f545f89ff-9hvzm,0.31393226064812163
1783736680,cpu_cores,pod=workload-cloud-6f545f89ff-9hvzm,0.26864511141317277
1783736690,cpu_cores,pod=workload-cloud-6f545f89ff-9hvzm,0.24463022943023027
1783736700,cpu_cores,pod=workload-cloud-6f545f89ff-9hvzm,0.23650551352736607
1783736710,cpu_cores,pod=workload-cloud-6f545f89ff-9hvzm,0.19526132684570338
1783736720,cpu_cores,pod=workload-cloud-6f545f89ff-9hvzm,0.1745936734300583
1783736730,cpu_cores,pod=workload-cloud-6f545f89ff-9hvzm,0.1728222036387412
1783736740,cpu_cores,pod=workload-cloud-6f545f89ff-9hvzm,0.176672614931636
1783736750,cpu_cores,pod=workload-cloud-6f545f89ff-9hvzm,0.17667261493163605
1783736760,cpu_cores,pod=workload-cloud-6f545f89ff-9hvzm,0.1769297637652638
1783736770,cpu_cores,pod=workload-cloud-6f545f89ff-9hvzm,0.14979352180854913
1783736780,cpu_cores,pod=workload-cloud-6f545f89ff-9hvzm,0.18322497296233936
1783736790,cpu_cores,pod=workload-cloud-6f545f89ff-9hvzm,0.1817216076179816
1783736800,cpu_cores,pod=workload-cloud-6f545f89ff-9hvzm,0.1856133790649074
1783736810,cpu_cores,pod=workload-cloud-6f545f89ff-9hvzm,0.18350236376723433
1783736820,cpu_cores,pod=workload-cloud-6f545f89ff-9hvzm,0.1815367682687697
1783736830,cpu_cores,pod=workload-cloud-6f545f89ff-9hvzm,0.17798499526165915
1783736840,cpu_cores,pod=workload-cloud-6f545f89ff-9hvzm,0.1749894188334064
1783736850,cpu_cores,pod=workload-cloud-6f545f89ff-9hvzm,0.17534887700912272
1783736860,cpu_cores,pod=workload-cloud-6f545f89ff-9hvzm,0.17487059357621995
1783736870,cpu_cores,pod=workload-cloud-6f545f89ff-9hvzm,0.17192178954276074
1783736880,cpu_cores,pod=workload-cloud-6f545f89ff-9hvzm,0.16242984378170025
1783736890,cpu_cores,pod=workload-cloud-6f545f89ff-9hvzm,0.1287234541632116
1783736900,cpu_cores,pod=workload-cloud-6f545f89ff-9hvzm,0.10904177522031455
1783736910,cpu_cores,pod=workload-cloud-6f545f89ff-9hvzm,0.057485855806277485
1783736920,cpu_cores,pod=workload-cloud-6f545f89ff-9hvzm,0.04624618897085171
1783736930,cpu_cores,pod=workload-cloud-6f545f89ff-9hvzm,0.005320568018738464
1783736940,cpu_cores,pod=workload-cloud-6f545f89ff-9hvzm,0.0017950661823789094
1783736950,cpu_cores,pod=workload-cloud-6f545f89ff-9hvzm,0.001810023927374043
1783736500,cpu_cores,pod=workload-cloud-6f545f89ff-bnfx2,0.012927524980617337
1783736510,cpu_cores,pod=workload-cloud-6f545f89ff-bnfx2,0.02170640514730823
1783736520,cpu_cores,pod=workload-cloud-6f545f89ff-bnfx2,0.06897484632207551
1783736530,cpu_cores,pod=workload-cloud-6f545f89ff-bnfx2,0.08906254417881382
1783736540,cpu_cores,pod=workload-cloud-6f545f89ff-bnfx2,0.13975389481135123
1783736550,cpu_cores,pod=workload-cloud-6f545f89ff-bnfx2,0.1916252198888844
1783736560,cpu_cores,pod=workload-cloud-6f545f89ff-bnfx2,0.19494014706953253
1783736570,cpu_cores,pod=workload-cloud-6f545f89ff-bnfx2,0.2440732131495228
1783736580,cpu_cores,pod=workload-cloud-6f545f89ff-bnfx2,0.24442288847410173
1783736590,cpu_cores,pod=workload-cloud-6f545f89ff-bnfx2,0.24634466350747872
1783736600,cpu_cores,pod=workload-cloud-6f545f89ff-bnfx2,0.24687544692455307
1783736610,cpu_cores,pod=workload-cloud-6f545f89ff-bnfx2,0.2483119674068545
1783736620,cpu_cores,pod=workload-cloud-6f545f89ff-bnfx2,0.2471107223424336
1783736630,cpu_cores,pod=workload-cloud-6f545f89ff-bnfx2,0.24689246864672015
1783736640,cpu_cores,pod=workload-cloud-6f545f89ff-bnfx2,0.24689246864672015
1783736650,cpu_cores,pod=workload-cloud-6f545f89ff-bnfx2,0.24643960864423187
1783736660,cpu_cores,pod=workload-cloud-6f545f89ff-bnfx2,0.23254389029609576
1783736670,cpu_cores,pod=workload-cloud-6f545f89ff-bnfx2,0.19923659552759118
1783736680,cpu_cores,pod=workload-cloud-6f545f89ff-bnfx2,0.1748751737559077
1783736690,cpu_cores,pod=workload-cloud-6f545f89ff-bnfx2,0.0759425144296622
1783736700,cpu_cores,pod=workload-cloud-6f545f89ff-bnfx2,0.07054536505953396
1783736710,cpu_cores,pod=workload-cloud-6f545f89ff-bnfx2,0.038833004177743935
1783736720,cpu_cores,pod=workload-cloud-6f545f89ff-bnfx2,0.024675745882827612
1783736730,cpu_cores,pod=workload-cloud-6f545f89ff-bnfx2,0.024882559270827973
1783736740,cpu_cores,pod=workload-cloud-6f545f89ff-bnfx2,0.02544824937333223
1783736750,cpu_cores,pod=workload-cloud-6f545f89ff-bnfx2,0.025907003444316783
1783736760,cpu_cores,pod=workload-cloud-6f545f89ff-bnfx2,0.02620853829488978
1783736770,cpu_cores,pod=workload-cloud-6f545f89ff-bnfx2,0.02623022552894683
1783736780,cpu_cores,pod=workload-cloud-6f545f89ff-bnfx2,0.026055223138512166
1783736790,cpu_cores,pod=workload-cloud-6f545f89ff-bnfx2,0.025725984514890318
1783736800,cpu_cores,pod=workload-cloud-6f545f89ff-bnfx2,0.025369859168109295
1783736810,cpu_cores,pod=workload-cloud-6f545f89ff-bnfx2,0.02197100598641157
1783736820,cpu_cores,pod=workload-cloud-6f545f89ff-bnfx2,0.02111626596381211
1783736830,cpu_cores,pod=workload-cloud-6f545f89ff-bnfx2,0.02530609563207207
1783736840,cpu_cores,pod=workload-cloud-6f545f89ff-bnfx2,0.024954590841011197
1783736850,cpu_cores,pod=workload-cloud-6f545f89ff-bnfx2,0.024934829991281663
1783736860,cpu_cores,pod=workload-cloud-6f545f89ff-bnfx2,0.024789981552433636
1783736870,cpu_cores,pod=workload-cloud-6f545f89ff-bnfx2,0.019200160050440236
1783736880,cpu_cores,pod=workload-cloud-6f545f89ff-bnfx2,0.015741837888910523
1783736890,cpu_cores,pod=workload-cloud-6f545f89ff-bnfx2,0.010848847343879415
1783736900,cpu_cores,pod=workload-cloud-6f545f89ff-bnfx2,0.004858138829948406
1783736910,cpu_cores,pod=workload-cloud-6f545f89ff-bnfx2,0.0018124566706412392
1783736920,cpu_cores,pod=workload-cloud-6f545f89ff-bnfx2,0.0018093614189764482
1783736930,cpu_cores,pod=workload-cloud-6f545f89ff-bnfx2,0.00180993595645854
1783736940,cpu_cores,pod=workload-cloud-6f545f89ff-bnfx2,0.00180993595645854
1783736950,cpu_cores,pod=workload-cloud-6f545f89ff-bnfx2,0.0017500326697739313
1783736410,cpu_cores,pod=workload-cloud-6f545f89ff-glv2r,0.013945964626647146
1783736420,cpu_cores,pod=workload-cloud-6f545f89ff-glv2r,0.019488521971693512
1783736430,cpu_cores,pod=workload-cloud-6f545f89ff-glv2r,0.03188416337738449
1783736440,cpu_cores,pod=workload-cloud-6f545f89ff-glv2r,0.04801762679859131
1783736450,cpu_cores,pod=workload-cloud-6f545f89ff-glv2r,0.0720729293530273
1783736460,cpu_cores,pod=workload-cloud-6f545f89ff-glv2r,0.07911755194791006
1783736470,cpu_cores,pod=workload-cloud-6f545f89ff-glv2r,0.10755925950182287
1783736480,cpu_cores,pod=workload-cloud-6f545f89ff-glv2r,0.1145126044568245
1783736490,cpu_cores,pod=workload-cloud-6f545f89ff-glv2r,0.12545284645044227
1783736500,cpu_cores,pod=workload-cloud-6f545f89ff-glv2r,0.1383908878109993
1783736510,cpu_cores,pod=workload-cloud-6f545f89ff-glv2r,0.13428727813768115
1783736520,cpu_cores,pod=workload-cloud-6f545f89ff-glv2r,0.19887226561757607
1783736530,cpu_cores,pod=workload-cloud-6f545f89ff-glv2r,0.21504550556314656
1783736540,cpu_cores,pod=workload-cloud-6f545f89ff-glv2r,0.2830724156854919
1783736550,cpu_cores,pod=workload-cloud-6f545f89ff-glv2r,0.3076977732285289
1783736560,cpu_cores,pod=workload-cloud-6f545f89ff-glv2r,0.27281164910511796
1783736570,cpu_cores,pod=workload-cloud-6f545f89ff-glv2r,0.38373355785422186
1783736580,cpu_cores,pod=workload-cloud-6f545f89ff-glv2r,0.38044958615500374
1783736590,cpu_cores,pod=workload-cloud-6f545f89ff-glv2r,0.3786289857544997
1783736600,cpu_cores,pod=workload-cloud-6f545f89ff-glv2r,0.375263447276447
1783736610,cpu_cores,pod=workload-cloud-6f545f89ff-glv2r,0.37356018538024005
1783736620,cpu_cores,pod=workload-cloud-6f545f89ff-glv2r,0.3745699000811086
1783736630,cpu_cores,pod=workload-cloud-6f545f89ff-glv2r,0.37577717080047585
1783736640,cpu_cores,pod=workload-cloud-6f545f89ff-glv2r,0.3768532198670738
1783736650,cpu_cores,pod=workload-cloud-6f545f89ff-glv2r,0.2427470250000001
1783736660,cpu_cores,pod=workload-cloud-6f545f89ff-glv2r,0.35907923351158666
1783736670,cpu_cores,pod=workload-cloud-6f545f89ff-glv2r,0.3124309602327836
1783736680,cpu_cores,pod=workload-cloud-6f545f89ff-glv2r,0.2854297315898141
1783736690,cpu_cores,pod=workload-cloud-6f545f89ff-glv2r,0.2528608488629833
1783736700,cpu_cores,pod=workload-cloud-6f545f89ff-glv2r,0.18574020496907978
1783736710,cpu_cores,pod=workload-cloud-6f545f89ff-glv2r,0.18574020496907978
1783736720,cpu_cores,pod=workload-cloud-6f545f89ff-glv2r,0.15863513792533876
1783736730,cpu_cores,pod=workload-cloud-6f545f89ff-glv2r,0.15904476452141114
1783736740,cpu_cores,pod=workload-cloud-6f545f89ff-glv2r,0.15674930075363222
1783736750,cpu_cores,pod=workload-cloud-6f545f89ff-glv2r,0.15552354892675863
1783736760,cpu_cores,pod=workload-cloud-6f545f89ff-glv2r,0.16158851590623063
1783736770,cpu_cores,pod=workload-cloud-6f545f89ff-glv2r,0.1631465948614384
1783736780,cpu_cores,pod=workload-cloud-6f545f89ff-glv2r,0.1701356522546788
1783736790,cpu_cores,pod=workload-cloud-6f545f89ff-glv2r,0.16959720904270176
1783736800,cpu_cores,pod=workload-cloud-6f545f89ff-glv2r,0.16938090615810675
1783736810,cpu_cores,pod=workload-cloud-6f545f89ff-glv2r,0.1683142412538904
1783736820,cpu_cores,pod=workload-cloud-6f545f89ff-glv2r,0.16754887033861565
1783736830,cpu_cores,pod=workload-cloud-6f545f89ff-glv2r,0.16606580259222348
1783736840,cpu_cores,pod=workload-cloud-6f545f89ff-glv2r,0.15895626809272306
1783736850,cpu_cores,pod=workload-cloud-6f545f89ff-glv2r,0.13268977040925298
1783736860,cpu_cores,pod=workload-cloud-6f545f89ff-glv2r,0.15337675645707075
1783736870,cpu_cores,pod=workload-cloud-6f545f89ff-glv2r,0.15076486486486487
1783736880,cpu_cores,pod=workload-cloud-6f545f89ff-glv2r,0.10607715160656328
1783736890,cpu_cores,pod=workload-cloud-6f545f89ff-glv2r,0.10607715160656328
1783736900,cpu_cores,pod=workload-cloud-6f545f89ff-glv2r,0.05650228962640522
1783736910,cpu_cores,pod=workload-cloud-6f545f89ff-glv2r,0.01882834071977149
1783736920,cpu_cores,pod=workload-cloud-6f545f89ff-glv2r,0.0015390235958194502
1783736930,cpu_cores,pod=workload-cloud-6f545f89ff-glv2r,0.0018226295062103344
1783736940,cpu_cores,pod=workload-cloud-6f545f89ff-glv2r,0.0018413176737240213
1783736950,cpu_cores,pod=workload-cloud-6f545f89ff-glv2r,0.0018474001094691925
1783736470,cpu_cores,pod=workload-cloud-6f545f89ff-ndcqz,0.01485386032820996
1783736480,cpu_cores,pod=workload-cloud-6f545f89ff-ndcqz,0.020276396508405688
1783736490,cpu_cores,pod=workload-cloud-6f545f89ff-ndcqz,0.02604266906213437
1783736500,cpu_cores,pod=workload-cloud-6f545f89ff-ndcqz,0.034750574820498335
1783736510,cpu_cores,pod=workload-cloud-6f545f89ff-ndcqz,0.06282819767563676
1783736520,cpu_cores,pod=workload-cloud-6f545f89ff-ndcqz,0.06645295619721077
1783736530,cpu_cores,pod=workload-cloud-6f545f89ff-ndcqz,0.12568249667126072
1783736540,cpu_cores,pod=workload-cloud-6f545f89ff-ndcqz,0.1791054380471214
1783736550,cpu_cores,pod=workload-cloud-6f545f89ff-ndcqz,0.20136256517785903
1783736560,cpu_cores,pod=workload-cloud-6f545f89ff-ndcqz,0.24414796487755572
1783736570,cpu_cores,pod=workload-cloud-6f545f89ff-ndcqz,0.24773979089404322
1783736580,cpu_cores,pod=workload-cloud-6f545f89ff-ndcqz,0.24773979089404322
1783736590,cpu_cores,pod=workload-cloud-6f545f89ff-ndcqz,0.2473630499021933
1783736600,cpu_cores,pod=workload-cloud-6f545f89ff-ndcqz,0.2472316182151292
1783736610,cpu_cores,pod=workload-cloud-6f545f89ff-ndcqz,0.24504902041828552
1783736620,cpu_cores,pod=workload-cloud-6f545f89ff-ndcqz,0.24759321967161477
1783736630,cpu_cores,pod=workload-cloud-6f545f89ff-ndcqz,0.2475297823160355
1783736640,cpu_cores,pod=workload-cloud-6f545f89ff-ndcqz,0.24724761203534193
1783736650,cpu_cores,pod=workload-cloud-6f545f89ff-ndcqz,0.2476708636354479
1783736660,cpu_cores,pod=workload-cloud-6f545f89ff-ndcqz,0.242168477933348
1783736670,cpu_cores,pod=workload-cloud-6f545f89ff-ndcqz,0.19899082503334736
1783736680,cpu_cores,pod=workload-cloud-6f545f89ff-ndcqz,0.17037889996783526
1783736690,cpu_cores,pod=workload-cloud-6f545f89ff-ndcqz,0.17037889996783526
1783736700,cpu_cores,pod=workload-cloud-6f545f89ff-ndcqz,0.11029345554255922
1783736710,cpu_cores,pod=workload-cloud-6f545f89ff-ndcqz,0.06208176485406852
1783736720,cpu_cores,pod=workload-cloud-6f545f89ff-ndcqz,0.04480841499846443
1783736730,cpu_cores,pod=workload-cloud-6f545f89ff-ndcqz,0.04548268987105908
1783736740,cpu_cores,pod=workload-cloud-6f545f89ff-ndcqz,0.04620731497418235
1783736750,cpu_cores,pod=workload-cloud-6f545f89ff-ndcqz,0.04620731497418235
1783736760,cpu_cores,pod=workload-cloud-6f545f89ff-ndcqz,0.04626338122846825
1783736770,cpu_cores,pod=workload-cloud-6f545f89ff-ndcqz,0.037992930956542305
1783736780,cpu_cores,pod=workload-cloud-6f545f89ff-ndcqz,0.046029187368771235
1783736790,cpu_cores,pod=workload-cloud-6f545f89ff-ndcqz,0.04572228595708528
1783736800,cpu_cores,pod=workload-cloud-6f545f89ff-ndcqz,0.038178377599211145
1783736810,cpu_cores,pod=workload-cloud-6f545f89ff-ndcqz,0.04627571922228227
1783736820,cpu_cores,pod=workload-cloud-6f545f89ff-ndcqz,0.04631874831581774
1783736830,cpu_cores,pod=workload-cloud-6f545f89ff-ndcqz,0.04633360895560354
1783736840,cpu_cores,pod=workload-cloud-6f545f89ff-ndcqz,0.046444514243574556
1783736850,cpu_cores,pod=workload-cloud-6f545f89ff-ndcqz,0.04520718856364881
1783736860,cpu_cores,pod=workload-cloud-6f545f89ff-ndcqz,0.04463830324208899
1783736870,cpu_cores,pod=workload-cloud-6f545f89ff-ndcqz,0.03467489397985068
1783736880,cpu_cores,pod=workload-cloud-6f545f89ff-ndcqz,0.03467489397985068
1783736890,cpu_cores,pod=workload-cloud-6f545f89ff-ndcqz,0.016159056299794732
1783736900,cpu_cores,pod=workload-cloud-6f545f89ff-ndcqz,0.016159056299794732
1783736910,cpu_cores,pod=workload-cloud-6f545f89ff-ndcqz,0.002585897751977951
1783736920,cpu_cores,pod=workload-cloud-6f545f89ff-ndcqz,0.0017582175797310254
1783736930,cpu_cores,pod=workload-cloud-6f545f89ff-ndcqz,0.0014592242413621053
1783736940,cpu_cores,pod=workload-cloud-6f545f89ff-ndcqz,0.001785578367551403
1783736950,cpu_cores,pod=workload-cloud-6f545f89ff-ndcqz,0.0018232182816843923
1783736550,cpu_cores,pod=workload-cloud-6f545f89ff-v4pzq,0.008893104145861702
1783736560,cpu_cores,pod=workload-cloud-6f545f89ff-v4pzq,0.008069838222100988
1783736570,cpu_cores,pod=workload-cloud-6f545f89ff-v4pzq,0.008276781453134182
1783736580,cpu_cores,pod=workload-cloud-6f545f89ff-v4pzq,0.010010909541701456
1783736590,cpu_cores,pod=workload-cloud-6f545f89ff-v4pzq,0.0014194872054999602
1783736600,cpu_cores,pod=workload-cloud-6f545f89ff-v4pzq,0.0016626323442075724
1783736610,cpu_cores,pod=workload-cloud-6f545f89ff-v4pzq,0.0016485974800339463
1783736620,cpu_cores,pod=workload-cloud-6f545f89ff-v4pzq,0.001635765999957032
1783736630,cpu_cores,pod=workload-cloud-6f545f89ff-v4pzq,0.0015098943219029606
1783736640,cpu_cores,pod=workload-cloud-6f545f89ff-v4pzq,0.0015406323188589608
1783736650,cpu_cores,pod=workload-cloud-6f545f89ff-v4pzq,0.0017192297987150378
1783736660,cpu_cores,pod=workload-cloud-6f545f89ff-v4pzq,0.0017030075187969935
1783736670,cpu_cores,pod=workload-cloud-6f545f89ff-v4pzq,0.0017452843892013042
1783736680,cpu_cores,pod=workload-cloud-6f545f89ff-v4pzq,0.0016659043995628777
1783736690,cpu_cores,pod=workload-cloud-6f545f89ff-v4pzq,0.0014837291860114769
1783736700,cpu_cores,pod=workload-cloud-6f545f89ff-v4pzq,0.0017579440404289414
1783736710,cpu_cores,pod=workload-cloud-6f545f89ff-v4pzq,0.001802220405580019
1783736720,cpu_cores,pod=workload-cloud-6f545f89ff-v4pzq,0.0014429227368886756
1783736730,cpu_cores,pod=workload-cloud-6f545f89ff-v4pzq,0.0018103949734686175
1783736740,cpu_cores,pod=workload-cloud-6f545f89ff-v4pzq,0.001881721083885612
1783736750,cpu_cores,pod=workload-cloud-6f545f89ff-v4pzq,0.0018925006683896267
1783736760,cpu_cores,pod=workload-cloud-6f545f89ff-v4pzq,0.0018925006683896265
1783736770,cpu_cores,pod=workload-cloud-6f545f89ff-v4pzq,0.001996402173380978
1783736780,cpu_cores,pod=workload-cloud-6f545f89ff-v4pzq,0.0019444559041386167
1783736790,cpu_cores,pod=workload-cloud-6f545f89ff-v4pzq,0.0016278078311474993
1783736800,cpu_cores,pod=workload-cloud-6f545f89ff-v4pzq,0.0019119293078055982
1783736810,cpu_cores,pod=workload-cloud-6f545f89ff-v4pzq,0.001874926166568223
1783736820,cpu_cores,pod=workload-cloud-6f545f89ff-v4pzq,0.001874926166568223
1783736830,cpu_cores,pod=workload-cloud-6f545f89ff-v4pzq,0.0018406433895645355
1783736840,cpu_cores,pod=workload-cloud-6f545f89ff-v4pzq,0.0018359660560459986
1783736850,cpu_cores,pod=workload-cloud-6f545f89ff-v4pzq,0.0018359660560459986
1783736860,cpu_cores,pod=workload-cloud-6f545f89ff-v4pzq,0.0016826611391651417
1783736870,cpu_cores,pod=workload-cloud-6f545f89ff-v4pzq,0.0016798730548730557
1783736880,cpu_cores,pod=workload-cloud-6f545f89ff-v4pzq,0.0017841712272616478
1783736890,cpu_cores,pod=workload-cloud-6f545f89ff-v4pzq,0.001745667696898647
1783736900,cpu_cores,pod=workload-cloud-6f545f89ff-v4pzq,0.001613079602092122
1783736910,cpu_cores,pod=workload-cloud-6f545f89ff-v4pzq,0.0018794376877246553
1783736920,cpu_cores,pod=workload-cloud-6f545f89ff-v4pzq,0.0018294456606527288
1783736930,cpu_cores,pod=workload-cloud-6f545f89ff-v4pzq,0.0014472897075228793
1783736940,cpu_cores,pod=workload-cloud-6f545f89ff-v4pzq,0.0018194864048338352
1783736950,cpu_cores,pod=workload-cloud-6f545f89ff-v4pzq,0.0018211852642818966
1783736500,cpu_cores,pod=workload-cloud-6f545f89ff-zr6dh,0.013718016383393702
1783736510,cpu_cores,pod=workload-cloud-6f545f89ff-zr6dh,0.03945533964465787
1783736520,cpu_cores,pod=workload-cloud-6f545f89ff-zr6dh,0.04268217500000001
1783736530,cpu_cores,pod=workload-cloud-6f545f89ff-zr6dh,0.11620891231174804
1783736540,cpu_cores,pod=workload-cloud-6f545f89ff-zr6dh,0.18109541157871575
1783736550,cpu_cores,pod=workload-cloud-6f545f89ff-zr6dh,0.22184711311420108
1783736560,cpu_cores,pod=workload-cloud-6f545f89ff-zr6dh,0.2780774572325134
1783736570,cpu_cores,pod=workload-cloud-6f545f89ff-zr6dh,0.29334860978503025
1783736580,cpu_cores,pod=workload-cloud-6f545f89ff-zr6dh,0.2935304097250052
1783736590,cpu_cores,pod=workload-cloud-6f545f89ff-zr6dh,0.28990796108091077
1783736600,cpu_cores,pod=workload-cloud-6f545f89ff-zr6dh,0.2876158581179913
1783736610,cpu_cores,pod=workload-cloud-6f545f89ff-zr6dh,0.28913423696310664
1783736620,cpu_cores,pod=workload-cloud-6f545f89ff-zr6dh,0.28859903429005607
1783736630,cpu_cores,pod=workload-cloud-6f545f89ff-zr6dh,0.2888713877954593
1783736640,cpu_cores,pod=workload-cloud-6f545f89ff-zr6dh,0.2922524271844661
1783736650,cpu_cores,pod=workload-cloud-6f545f89ff-zr6dh,0.2874008538168695
1783736660,cpu_cores,pod=workload-cloud-6f545f89ff-zr6dh,0.2874008538168695
1783736670,cpu_cores,pod=workload-cloud-6f545f89ff-zr6dh,0.25340785052329695
1783736680,cpu_cores,pod=workload-cloud-6f545f89ff-zr6dh,0.1938128223542469
1783736690,cpu_cores,pod=workload-cloud-6f545f89ff-zr6dh,0.0689797167957349
1783736700,cpu_cores,pod=workload-cloud-6f545f89ff-zr6dh,0.08434332135445673
1783736710,cpu_cores,pod=workload-cloud-6f545f89ff-zr6dh,0.019131182450998273
1783736720,cpu_cores,pod=workload-cloud-6f545f89ff-zr6dh,0.015628694446471553
1783736730,cpu_cores,pod=workload-cloud-6f545f89ff-zr6dh,0.001891093969144395
1783736740,cpu_cores,pod=workload-cloud-6f545f89ff-zr6dh,0.0018420682602581031
1783736750,cpu_cores,pod=workload-cloud-6f545f89ff-zr6dh,0.0016409975537933909
1783736760,cpu_cores,pod=workload-cloud-6f545f89ff-zr6dh,0.0019875627639237368
1783736770,cpu_cores,pod=workload-cloud-6f545f89ff-zr6dh,0.0019374415268509201
1783736780,cpu_cores,pod=workload-cloud-6f545f89ff-zr6dh,0.001934988683701364
1783736790,cpu_cores,pod=workload-cloud-6f545f89ff-zr6dh,0.0019014701282452915
1783736800,cpu_cores,pod=workload-cloud-6f545f89ff-zr6dh,0.0014625778027803947
1783736810,cpu_cores,pod=workload-cloud-6f545f89ff-zr6dh,0.0017978089087869761
1783736820,cpu_cores,pod=workload-cloud-6f545f89ff-zr6dh,0.0018923550732227567
1783736830,cpu_cores,pod=workload-cloud-6f545f89ff-zr6dh,0.00189439833534314
1783736840,cpu_cores,pod=workload-cloud-6f545f89ff-zr6dh,0.001618495004453206
1783736850,cpu_cores,pod=workload-cloud-6f545f89ff-zr6dh,0.0018835444336187694
1783736860,cpu_cores,pod=workload-cloud-6f545f89ff-zr6dh,0.0018421770891867643
1783736870,cpu_cores,pod=workload-cloud-6f545f89ff-zr6dh,0.001813117131859358
1783736880,cpu_cores,pod=workload-cloud-6f545f89ff-zr6dh,0.0018358148448441192
1783736890,cpu_cores,pod=workload-cloud-6f545f89ff-zr6dh,0.001848454777431266
1783736900,cpu_cores,pod=workload-cloud-6f545f89ff-zr6dh,0.001848454777431266
1783736910,cpu_cores,pod=workload-cloud-6f545f89ff-zr6dh,0.001902727421793909
1783736920,cpu_cores,pod=workload-cloud-6f545f89ff-zr6dh,0.0018935707862923778
1783736930,cpu_cores,pod=workload-cloud-6f545f89ff-zr6dh,0.0018219320921947296
1783736940,cpu_cores,pod=workload-cloud-6f545f89ff-zr6dh,0.0018265473013686605
1783736950,cpu_cores,pod=workload-cloud-6f545f89ff-zr6dh,0.001741931749109888
1783736310,cpu_cores,pod=workload-edge-7b875fd8c6-pxwvc,0.0020935719373219135
1783736320,cpu_cores,pod=workload-edge-7b875fd8c6-pxwvc,0.0020769931271477173
1783736330,cpu_cores,pod=workload-edge-7b875fd8c6-pxwvc,0.0020406159769009438
1783736340,cpu_cores,pod=workload-edge-7b875fd8c6-pxwvc,0.0020882845468550956
1783736350,cpu_cores,pod=workload-edge-7b875fd8c6-pxwvc,0.0018110785074890784
1783736360,cpu_cores,pod=workload-edge-7b875fd8c6-pxwvc,0.0021296385140068116
1783736370,cpu_cores,pod=workload-edge-7b875fd8c6-pxwvc,0.002104542221319024
1783736380,cpu_cores,pod=workload-edge-7b875fd8c6-pxwvc,0.0021144630051100942
1783736390,cpu_cores,pod=workload-edge-7b875fd8c6-pxwvc,0.0021144630051100942
1783736400,cpu_cores,pod=workload-edge-7b875fd8c6-pxwvc,0.0021463666768014537
1783736410,cpu_cores,pod=workload-edge-7b875fd8c6-pxwvc,0.0022271468642116477
1783736420,cpu_cores,pod=workload-edge-7b875fd8c6-pxwvc,0.0023268500486853644
1783736430,cpu_cores,pod=workload-edge-7b875fd8c6-pxwvc,0.0022722572876007784
1783736440,cpu_cores,pod=workload-edge-7b875fd8c6-pxwvc,0.0022779562797636496
1783736450,cpu_cores,pod=workload-edge-7b875fd8c6-pxwvc,0.0022220557209614075
1783736460,cpu_cores,pod=workload-edge-7b875fd8c6-pxwvc,0.002084061913088628
1783736470,cpu_cores,pod=workload-edge-7b875fd8c6-pxwvc,0.0016672112614708628
1783736480,cpu_cores,pod=workload-edge-7b875fd8c6-pxwvc,0.0020194886108758038
1783736490,cpu_cores,pod=workload-edge-7b875fd8c6-pxwvc,0.002039971035481552
1783736500,cpu_cores,pod=workload-edge-7b875fd8c6-pxwvc,0.0017458072121651121
1783736510,cpu_cores,pod=workload-edge-7b875fd8c6-pxwvc,0.0020720005043817426
1783736520,cpu_cores,pod=workload-edge-7b875fd8c6-pxwvc,0.002053348086384327
1783736530,cpu_cores,pod=workload-edge-7b875fd8c6-pxwvc,0.002039991196214327
1783736540,cpu_cores,pod=workload-edge-7b875fd8c6-pxwvc,0.002039991196214327
1783736550,cpu_cores,pod=workload-edge-7b875fd8c6-pxwvc,0.0020767007769566703
1783736560,cpu_cores,pod=workload-edge-7b875fd8c6-pxwvc,0.002066347146180591
1783736570,cpu_cores,pod=workload-edge-7b875fd8c6-pxwvc,0.002107478855839516
1783736580,cpu_cores,pod=workload-edge-7b875fd8c6-pxwvc,0.002122165325530389
1783736590,cpu_cores,pod=workload-edge-7b875fd8c6-pxwvc,0.0017793116431168746
1783736600,cpu_cores,pod=workload-edge-7b875fd8c6-pxwvc,0.0020854197028690197
1783736610,cpu_cores,pod=workload-edge-7b875fd8c6-pxwvc,0.002111919726540966
1783736620,cpu_cores,pod=workload-edge-7b875fd8c6-pxwvc,0.00208487352551562
1783736630,cpu_cores,pod=workload-edge-7b875fd8c6-pxwvc,0.00207728337236541
1783736640,cpu_cores,pod=workload-edge-7b875fd8c6-pxwvc,0.0020733688880028144
1783736650,cpu_cores,pod=workload-edge-7b875fd8c6-pxwvc,0.0020936789371997218
1783736660,cpu_cores,pod=workload-edge-7b875fd8c6-pxwvc,0.002085503373941445
1783736670,cpu_cores,pod=workload-edge-7b875fd8c6-pxwvc,0.002125803978361791
1783736680,cpu_cores,pod=workload-edge-7b875fd8c6-pxwvc,0.002125803978361791
1783736690,cpu_cores,pod=workload-edge-7b875fd8c6-pxwvc,0.0021365510005246515
1783736700,cpu_cores,pod=workload-edge-7b875fd8c6-pxwvc,0.002103000811030063
1783736710,cpu_cores,pod=workload-edge-7b875fd8c6-pxwvc,0.0017110192564938256
1783736720,cpu_cores,pod=workload-edge-7b875fd8c6-pxwvc,0.0020474630196832635
1783736730,cpu_cores,pod=workload-edge-7b875fd8c6-pxwvc,0.002149644990420332
1783736740,cpu_cores,pod=workload-edge-7b875fd8c6-pxwvc,0.002187378176602462
1783736750,cpu_cores,pod=workload-edge-7b875fd8c6-pxwvc,0.0022461258203776827
1783736760,cpu_cores,pod=workload-edge-7b875fd8c6-pxwvc,0.0022749165922652955
1783736770,cpu_cores,pod=workload-edge-7b875fd8c6-pxwvc,0.001886120708221644
1783736780,cpu_cores,pod=workload-edge-7b875fd8c6-pxwvc,0.0021490616004605197
1783736790,cpu_cores,pod=workload-edge-7b875fd8c6-pxwvc,0.0021457559107179993
1783736800,cpu_cores,pod=workload-edge-7b875fd8c6-pxwvc,0.0021300937485278742
1783736810,cpu_cores,pod=workload-edge-7b875fd8c6-pxwvc,0.002134951082068424
1783736820,cpu_cores,pod=workload-edge-7b875fd8c6-pxwvc,0.0019238779834801671
1783736830,cpu_cores,pod=workload-edge-7b875fd8c6-pxwvc,0.0021721512206321525
1783736840,cpu_cores,pod=workload-edge-7b875fd8c6-pxwvc,0.0021319279279279125
1783736850,cpu_cores,pod=workload-edge-7b875fd8c6-pxwvc,0.0021467847373545013
1783736860,cpu_cores,pod=workload-edge-7b875fd8c6-pxwvc,0.0021047285782453645
1783736870,cpu_cores,pod=workload-edge-7b875fd8c6-pxwvc,0.0021114854866249927
1783736880,cpu_cores,pod=workload-edge-7b875fd8c6-pxwvc,0.0021114854866249927
1783736890,cpu_cores,pod=workload-edge-7b875fd8c6-pxwvc,0.0020918326066436247
1783736900,cpu_cores,pod=workload-edge-7b875fd8c6-pxwvc,0.0021021294382647503
1783736910,cpu_cores,pod=workload-edge-7b875fd8c6-pxwvc,0.0020489397301130786
1783736920,cpu_cores,pod=workload-edge-7b875fd8c6-pxwvc,0.0019862786995139734
1783736930,cpu_cores,pod=workload-edge-7b875fd8c6-pxwvc,0.001960153829719113
1783736940,cpu_cores,pod=workload-edge-7b875fd8c6-pxwvc,0.001960153829719113
1783736950,cpu_cores,pod=workload-edge-7b875fd8c6-pxwvc,0.0019611745448738552
1783736310,cpu_utilisation,pod=workload-cloud-6f545f89ff-9hvzm,0.010822905480904017
1783736320,cpu_utilisation,pod=workload-cloud-6f545f89ff-9hvzm,0.02785516653045672
1783736330,cpu_utilisation,pod=workload-cloud-6f545f89ff-9hvzm,0.034711809556488546
1783736340,cpu_utilisation,pod=workload-cloud-6f545f89ff-9hvzm,0.11272909034620016
1783736350,cpu_utilisation,pod=workload-cloud-6f545f89ff-9hvzm,0.20583217116529623
1783736360,cpu_utilisation,pod=workload-cloud-6f545f89ff-9hvzm,0.25775818893237956
1783736370,cpu_utilisation,pod=workload-cloud-6f545f89ff-9hvzm,0.4152360974543745
1783736380,cpu_utilisation,pod=workload-cloud-6f545f89ff-9hvzm,0.4803301003142178
1783736390,cpu_utilisation,pod=workload-cloud-6f545f89ff-9hvzm,0.5765863374018436
1783736400,cpu_utilisation,pod=workload-cloud-6f545f89ff-9hvzm,0.6630301773455178
1783736410,cpu_utilisation,pod=workload-cloud-6f545f89ff-9hvzm,0.8255900330984524
1783736420,cpu_utilisation,pod=workload-cloud-6f545f89ff-9hvzm,0.8255900330984524
1783736430,cpu_utilisation,pod=workload-cloud-6f545f89ff-9hvzm,0.8907165053349703
1783736440,cpu_utilisation,pod=workload-cloud-6f545f89ff-9hvzm,0.8722944204000623
1783736450,cpu_utilisation,pod=workload-cloud-6f545f89ff-9hvzm,0.8453576640162439
1783736460,cpu_utilisation,pod=workload-cloud-6f545f89ff-9hvzm,0.8348630177868095
1783736470,cpu_utilisation,pod=workload-cloud-6f545f89ff-9hvzm,0.8542387707833368
1783736480,cpu_utilisation,pod=workload-cloud-6f545f89ff-9hvzm,0.8542387707833368
1783736490,cpu_utilisation,pod=workload-cloud-6f545f89ff-9hvzm,0.8651842212994555
1783736500,cpu_utilisation,pod=workload-cloud-6f545f89ff-9hvzm,0.8899790547177155
1783736510,cpu_utilisation,pod=workload-cloud-6f545f89ff-9hvzm,0.9741939467634381
1783736520,cpu_utilisation,pod=workload-cloud-6f545f89ff-9hvzm,1.0001742825299558
1783736530,cpu_utilisation,pod=workload-cloud-6f545f89ff-9hvzm,1.4045127948274843
1783736540,cpu_utilisation,pod=workload-cloud-6f545f89ff-9hvzm,1.5734255830635286
1783736550,cpu_utilisation,pod=workload-cloud-6f545f89ff-9hvzm,1.808290626303523
1783736560,cpu_utilisation,pod=workload-cloud-6f545f89ff-9hvzm,1.8064943102849387
1783736570,cpu_utilisation,pod=workload-cloud-6f545f89ff-9hvzm,1.8325487544035874
1783736580,cpu_utilisation,pod=workload-cloud-6f545f89ff-9hvzm,1.832548754403587
1783736590,cpu_utilisation,pod=workload-cloud-6f545f89ff-9hvzm,1.8332735566921157
1783736600,cpu_utilisation,pod=workload-cloud-6f545f89ff-9hvzm,1.8449989601283194
1783736610,cpu_utilisation,pod=workload-cloud-6f545f89ff-9hvzm,1.8472736695956307
1783736620,cpu_utilisation,pod=workload-cloud-6f545f89ff-9hvzm,1.866973773248314
1783736630,cpu_utilisation,pod=workload-cloud-6f545f89ff-9hvzm,1.861292583588538
1783736640,cpu_utilisation,pod=workload-cloud-6f545f89ff-9hvzm,1.8772035327260397
1783736650,cpu_utilisation,pod=workload-cloud-6f545f89ff-9hvzm,1.9002172984114478
1783736660,cpu_utilisation,pod=workload-cloud-6f545f89ff-9hvzm,1.8667982202358246
1783736670,cpu_utilisation,pod=workload-cloud-6f545f89ff-9hvzm,1.5696613032406082
1783736680,cpu_utilisation,pod=workload-cloud-6f545f89ff-9hvzm,1.3432255570658638
1783736690,cpu_utilisation,pod=workload-cloud-6f545f89ff-9hvzm,1.2231511471511514
1783736700,cpu_utilisation,pod=workload-cloud-6f545f89ff-9hvzm,1.1825275676368303
1783736710,cpu_utilisation,pod=workload-cloud-6f545f89ff-9hvzm,0.9763066342285168
1783736720,cpu_utilisation,pod=workload-cloud-6f545f89ff-9hvzm,0.8729683671502915
1783736730,cpu_utilisation,pod=workload-cloud-6f545f89ff-9hvzm,0.864111018193706
1783736740,cpu_utilisation,pod=workload-cloud-6f545f89ff-9hvzm,0.88336307465818
1783736750,cpu_utilisation,pod=workload-cloud-6f545f89ff-9hvzm,0.8833630746581802
1783736760,cpu_utilisation,pod=workload-cloud-6f545f89ff-9hvzm,0.8846488188263189
1783736770,cpu_utilisation,pod=workload-cloud-6f545f89ff-9hvzm,0.7489676090427456
1783736780,cpu_utilisation,pod=workload-cloud-6f545f89ff-9hvzm,0.9161248648116967
1783736790,cpu_utilisation,pod=workload-cloud-6f545f89ff-9hvzm,0.9086080380899079
1783736800,cpu_utilisation,pod=workload-cloud-6f545f89ff-9hvzm,0.928066895324537
1783736810,cpu_utilisation,pod=workload-cloud-6f545f89ff-9hvzm,0.9175118188361716
1783736820,cpu_utilisation,pod=workload-cloud-6f545f89ff-9hvzm,0.9076838413438484
1783736830,cpu_utilisation,pod=workload-cloud-6f545f89ff-9hvzm,0.8899249763082957
1783736840,cpu_utilisation,pod=workload-cloud-6f545f89ff-9hvzm,0.874947094167032
1783736850,cpu_utilisation,pod=workload-cloud-6f545f89ff-9hvzm,0.8767443850456136
1783736860,cpu_utilisation,pod=workload-cloud-6f545f89ff-9hvzm,0.8743529678810997
1783736870,cpu_utilisation,pod=workload-cloud-6f545f89ff-9hvzm,0.8596089477138037
1783736880,cpu_utilisation,pod=workload-cloud-6f545f89ff-9hvzm,0.8121492189085012
1783736890,cpu_utilisation,pod=workload-cloud-6f545f89ff-9hvzm,0.6436172708160579
1783736900,cpu_utilisation,pod=workload-cloud-6f545f89ff-9hvzm,0.5452088761015728
1783736910,cpu_utilisation,pod=workload-cloud-6f545f89ff-9hvzm,0.28742927903138743
1783736920,cpu_utilisation,pod=workload-cloud-6f545f89ff-9hvzm,0.23123094485425855
1783736930,cpu_utilisation,pod=workload-cloud-6f545f89ff-9hvzm,0.02660284009369232
1783736940,cpu_utilisation,pod=workload-cloud-6f545f89ff-9hvzm,0.008975330911894546
1783736950,cpu_utilisation,pod=workload-cloud-6f545f89ff-9hvzm,0.009050119636870215
1783736500,cpu_utilisation,pod=workload-cloud-6f545f89ff-bnfx2,0.06463762490308668
1783736510,cpu_utilisation,pod=workload-cloud-6f545f89ff-bnfx2,0.10853202573654114
1783736520,cpu_utilisation,pod=workload-cloud-6f545f89ff-bnfx2,0.34487423161037756
1783736530,cpu_utilisation,pod=workload-cloud-6f545f89ff-bnfx2,0.4453127208940691
1783736540,cpu_utilisation,pod=workload-cloud-6f545f89ff-bnfx2,0.698769474056756
1783736550,cpu_utilisation,pod=workload-cloud-6f545f89ff-bnfx2,0.958126099444422
1783736560,cpu_utilisation,pod=workload-cloud-6f545f89ff-bnfx2,0.9747007353476626
1783736570,cpu_utilisation,pod=workload-cloud-6f545f89ff-bnfx2,1.2203660657476139
1783736580,cpu_utilisation,pod=workload-cloud-6f545f89ff-bnfx2,1.2221144423705086
1783736590,cpu_utilisation,pod=workload-cloud-6f545f89ff-bnfx2,1.2317233175373936
1783736600,cpu_utilisation,pod=workload-cloud-6f545f89ff-bnfx2,1.2343772346227653
1783736610,cpu_utilisation,pod=workload-cloud-6f545f89ff-bnfx2,1.2415598370342724
1783736620,cpu_utilisation,pod=workload-cloud-6f545f89ff-bnfx2,1.235553611712168
1783736630,cpu_utilisation,pod=workload-cloud-6f545f89ff-bnfx2,1.2344623432336006
1783736640,cpu_utilisation,pod=workload-cloud-6f545f89ff-bnfx2,1.2344623432336006
1783736650,cpu_utilisation,pod=workload-cloud-6f545f89ff-bnfx2,1.2321980432211592
1783736660,cpu_utilisation,pod=workload-cloud-6f545f89ff-bnfx2,1.1627194514804788
1783736670,cpu_utilisation,pod=workload-cloud-6f545f89ff-bnfx2,0.9961829776379558
1783736680,cpu_utilisation,pod=workload-cloud-6f545f89ff-bnfx2,0.8743758687795384
1783736690,cpu_utilisation,pod=workload-cloud-6f545f89ff-bnfx2,0.37971257214831095
1783736700,cpu_utilisation,pod=workload-cloud-6f545f89ff-bnfx2,0.3527268252976698
1783736710,cpu_utilisation,pod=workload-cloud-6f545f89ff-bnfx2,0.19416502088871967
1783736720,cpu_utilisation,pod=workload-cloud-6f545f89ff-bnfx2,0.12337872941413805
1783736730,cpu_utilisation,pod=workload-cloud-6f545f89ff-bnfx2,0.12441279635413986
1783736740,cpu_utilisation,pod=workload-cloud-6f545f89ff-bnfx2,0.12724124686666113
1783736750,cpu_utilisation,pod=workload-cloud-6f545f89ff-bnfx2,0.1295350172215839
1783736760,cpu_utilisation,pod=workload-cloud-6f545f89ff-bnfx2,0.13104269147444889
1783736770,cpu_utilisation,pod=workload-cloud-6f545f89ff-bnfx2,0.13115112764473413
1783736780,cpu_utilisation,pod=workload-cloud-6f545f89ff-bnfx2,0.1302761156925608
1783736790,cpu_utilisation,pod=workload-cloud-6f545f89ff-bnfx2,0.12862992257445158
1783736800,cpu_utilisation,pod=workload-cloud-6f545f89ff-bnfx2,0.12684929584054647
1783736810,cpu_utilisation,pod=workload-cloud-6f545f89ff-bnfx2,0.10985502993205784
1783736820,cpu_utilisation,pod=workload-cloud-6f545f89ff-bnfx2,0.10558132981906054
1783736830,cpu_utilisation,pod=workload-cloud-6f545f89ff-bnfx2,0.12653047816036034
1783736840,cpu_utilisation,pod=workload-cloud-6f545f89ff-bnfx2,0.12477295420505598
1783736850,cpu_utilisation,pod=workload-cloud-6f545f89ff-bnfx2,0.12467414995640831
1783736860,cpu_utilisation,pod=workload-cloud-6f545f89ff-bnfx2,0.12394990776216817
1783736870,cpu_utilisation,pod=workload-cloud-6f545f89ff-bnfx2,0.09600080025220117
1783736880,cpu_utilisation,pod=workload-cloud-6f545f89ff-bnfx2,0.07870918944455262
1783736890,cpu_utilisation,pod=workload-cloud-6f545f89ff-bnfx2,0.05424423671939707
1783736900,cpu_utilisation,pod=workload-cloud-6f545f89ff-bnfx2,0.024290694149742026
1783736910,cpu_utilisation,pod=workload-cloud-6f545f89ff-bnfx2,0.009062283353206196
1783736920,cpu_utilisation,pod=workload-cloud-6f545f89ff-bnfx2,0.00904680709488224
1783736930,cpu_utilisation,pod=workload-cloud-6f545f89ff-bnfx2,0.009049679782292699
1783736940,cpu_utilisation,pod=workload-cloud-6f545f89ff-bnfx2,0.009049679782292699
1783736950,cpu_utilisation,pod=workload-cloud-6f545f89ff-bnfx2,0.008750163348869655
1783736410,cpu_utilisation,pod=workload-cloud-6f545f89ff-glv2r,0.06972982313323572
1783736420,cpu_utilisation,pod=workload-cloud-6f545f89ff-glv2r,0.09744260985846756
1783736430,cpu_utilisation,pod=workload-cloud-6f545f89ff-glv2r,0.15942081688692245
1783736440,cpu_utilisation,pod=workload-cloud-6f545f89ff-glv2r,0.24008813399295656
1783736450,cpu_utilisation,pod=workload-cloud-6f545f89ff-glv2r,0.36036464676513646
1783736460,cpu_utilisation,pod=workload-cloud-6f545f89ff-glv2r,0.3955877597395503
1783736470,cpu_utilisation,pod=workload-cloud-6f545f89ff-glv2r,0.5377962975091143
1783736480,cpu_utilisation,pod=workload-cloud-6f545f89ff-glv2r,0.5725630222841225
1783736490,cpu_utilisation,pod=workload-cloud-6f545f89ff-glv2r,0.6272642322522113
1783736500,cpu_utilisation,pod=workload-cloud-6f545f89ff-glv2r,0.6919544390549965
1783736510,cpu_utilisation,pod=workload-cloud-6f545f89ff-glv2r,0.6714363906884058
1783736520,cpu_utilisation,pod=workload-cloud-6f545f89ff-glv2r,0.9943613280878802
1783736530,cpu_utilisation,pod=workload-cloud-6f545f89ff-glv2r,1.0752275278157326
1783736540,cpu_utilisation,pod=workload-cloud-6f545f89ff-glv2r,1.4153620784274594
1783736550,cpu_utilisation,pod=workload-cloud-6f545f89ff-glv2r,1.5384888661426446
1783736560,cpu_utilisation,pod=workload-cloud-6f545f89ff-glv2r,1.3640582455255896
1783736570,cpu_utilisation,pod=workload-cloud-6f545f89ff-glv2r,1.9186677892711093
1783736580,cpu_utilisation,pod=workload-cloud-6f545f89ff-glv2r,1.9022479307750186
1783736590,cpu_utilisation,pod=workload-cloud-6f545f89ff-glv2r,1.8931449287724984
1783736600,cpu_utilisation,pod=workload-cloud-6f545f89ff-glv2r,1.876317236382235
1783736610,cpu_utilisation,pod=workload-cloud-6f545f89ff-glv2r,1.8678009269012001
1783736620,cpu_utilisation,pod=workload-cloud-6f545f89ff-glv2r,1.8728495004055428
1783736630,cpu_utilisation,pod=workload-cloud-6f545f89ff-glv2r,1.8788858540023792
1783736640,cpu_utilisation,pod=workload-cloud-6f545f89ff-glv2r,1.884266099335369
1783736650,cpu_utilisation,pod=workload-cloud-6f545f89ff-glv2r,1.2137351250000004
1783736660,cpu_utilisation,pod=workload-cloud-6f545f89ff-glv2r,1.7953961675579333
1783736670,cpu_utilisation,pod=workload-cloud-6f545f89ff-glv2r,1.562154801163918
1783736680,cpu_utilisation,pod=workload-cloud-6f545f89ff-glv2r,1.4271486579490704
1783736690,cpu_utilisation,pod=workload-cloud-6f545f89ff-glv2r,1.2643042443149166
1783736700,cpu_utilisation,pod=workload-cloud-6f545f89ff-glv2r,0.9287010248453988
1783736710,cpu_utilisation,pod=workload-cloud-6f545f89ff-glv2r,0.9287010248453988
1783736720,cpu_utilisation,pod=workload-cloud-6f545f89ff-glv2r,0.7931756896266937
1783736730,cpu_utilisation,pod=workload-cloud-6f545f89ff-glv2r,0.7952238226070557
1783736740,cpu_utilisation,pod=workload-cloud-6f545f89ff-glv2r,0.783746503768161
1783736750,cpu_utilisation,pod=workload-cloud-6f545f89ff-glv2r,0.7776177446337931
1783736760,cpu_utilisation,pod=workload-cloud-6f545f89ff-glv2r,0.8079425795311531
1783736770,cpu_utilisation,pod=workload-cloud-6f545f89ff-glv2r,0.8157329743071919
1783736780,cpu_utilisation,pod=workload-cloud-6f545f89ff-glv2r,0.850678261273394
1783736790,cpu_utilisation,pod=workload-cloud-6f545f89ff-glv2r,0.8479860452135087
1783736800,cpu_utilisation,pod=workload-cloud-6f545f89ff-glv2r,0.8469045307905337
1783736810,cpu_utilisation,pod=workload-cloud-6f545f89ff-glv2r,0.841571206269452
1783736820,cpu_utilisation,pod=workload-cloud-6f545f89ff-glv2r,0.8377443516930783
1783736830,cpu_utilisation,pod=workload-cloud-6f545f89ff-glv2r,0.8303290129611174
1783736840,cpu_utilisation,pod=workload-cloud-6f545f89ff-glv2r,0.7947813404636153
1783736850,cpu_utilisation,pod=workload-cloud-6f545f89ff-glv2r,0.6634488520462648
1783736860,cpu_utilisation,pod=workload-cloud-6f545f89ff-glv2r,0.7668837822853537
1783736870,cpu_utilisation,pod=workload-cloud-6f545f89ff-glv2r,0.7538243243243243
1783736880,cpu_utilisation,pod=workload-cloud-6f545f89ff-glv2r,0.5303857580328164
1783736890,cpu_utilisation,pod=workload-cloud-6f545f89ff-glv2r,0.5303857580328164
1783736900,cpu_utilisation,pod=workload-cloud-6f545f89ff-glv2r,0.28251144813202606
1783736910,cpu_utilisation,pod=workload-cloud-6f545f89ff-glv2r,0.09414170359885746
1783736920,cpu_utilisation,pod=workload-cloud-6f545f89ff-glv2r,0.007695117979097251
1783736930,cpu_utilisation,pod=workload-cloud-6f545f89ff-glv2r,0.009113147531051672
1783736940,cpu_utilisation,pod=workload-cloud-6f545f89ff-glv2r,0.009206588368620107
1783736950,cpu_utilisation,pod=workload-cloud-6f545f89ff-glv2r,0.009237000547345962
1783736470,cpu_utilisation,pod=workload-cloud-6f545f89ff-ndcqz,0.07426930164104979
1783736480,cpu_utilisation,pod=workload-cloud-6f545f89ff-ndcqz,0.10138198254202843
1783736490,cpu_utilisation,pod=workload-cloud-6f545f89ff-ndcqz,0.13021334531067186
1783736500,cpu_utilisation,pod=workload-cloud-6f545f89ff-ndcqz,0.17375287410249166
1783736510,cpu_utilisation,pod=workload-cloud-6f545f89ff-ndcqz,0.31414098837818377
1783736520,cpu_utilisation,pod=workload-cloud-6f545f89ff-ndcqz,0.33226478098605383
1783736530,cpu_utilisation,pod=workload-cloud-6f545f89ff-ndcqz,0.6284124833563035
1783736540,cpu_utilisation,pod=workload-cloud-6f545f89ff-ndcqz,0.8955271902356069
1783736550,cpu_utilisation,pod=workload-cloud-6f545f89ff-ndcqz,1.006812825889295
1783736560,cpu_utilisation,pod=workload-cloud-6f545f89ff-ndcqz,1.2207398243877785
1783736570,cpu_utilisation,pod=workload-cloud-6f545f89ff-ndcqz,1.238698954470216
1783736580,cpu_utilisation,pod=workload-cloud-6f545f89ff-ndcqz,1.238698954470216
1783736590,cpu_utilisation,pod=workload-cloud-6f545f89ff-ndcqz,1.2368152495109663
1783736600,cpu_utilisation,pod=workload-cloud-6f545f89ff-ndcqz,1.236158091075646
1783736610,cpu_utilisation,pod=workload-cloud-6f545f89ff-ndcqz,1.2252451020914275
1783736620,cpu_utilisation,pod=workload-cloud-6f545f89ff-ndcqz,1.2379660983580738
1783736630,cpu_utilisation,pod=workload-cloud-6f545f89ff-ndcqz,1.2376489115801774
1783736640,cpu_utilisation,pod=workload-cloud-6f545f89ff-ndcqz,1.2362380601767096
1783736650,cpu_utilisation,pod=workload-cloud-6f545f89ff-ndcqz,1.2383543181772394
1783736660,cpu_utilisation,pod=workload-cloud-6f545f89ff-ndcqz,1.21084238966674
1783736670,cpu_utilisation,pod=workload-cloud-6f545f89ff-ndcqz,0.9949541251667368
1783736680,cpu_utilisation,pod=workload-cloud-6f545f89ff-ndcqz,0.8518944998391762
1783736690,cpu_utilisation,pod=workload-cloud-6f545f89ff-ndcqz,0.8518944998391762
1783736700,cpu_utilisation,pod=workload-cloud-6f545f89ff-ndcqz,0.551467277712796
1783736710,cpu_utilisation,pod=workload-cloud-6f545f89ff-ndcqz,0.3104088242703426
1783736720,cpu_utilisation,pod=workload-cloud-6f545f89ff-ndcqz,0.22404207499232212
1783736730,cpu_utilisation,pod=workload-cloud-6f545f89ff-ndcqz,0.2274134493552954
1783736740,cpu_utilisation,pod=workload-cloud-6f545f89ff-ndcqz,0.23103657487091175
1783736750,cpu_utilisation,pod=workload-cloud-6f545f89ff-ndcqz,0.23103657487091175
1783736760,cpu_utilisation,pod=workload-cloud-6f545f89ff-ndcqz,0.23131690614234124
1783736770,cpu_utilisation,pod=workload-cloud-6f545f89ff-ndcqz,0.18996465478271152
1783736780,cpu_utilisation,pod=workload-cloud-6f545f89ff-ndcqz,0.23014593684385617
1783736790,cpu_utilisation,pod=workload-cloud-6f545f89ff-ndcqz,0.2286114297854264
1783736800,cpu_utilisation,pod=workload-cloud-6f545f89ff-ndcqz,0.19089188799605572
1783736810,cpu_utilisation,pod=workload-cloud-6f545f89ff-ndcqz,0.23137859611141134
1783736820,cpu_utilisation,pod=workload-cloud-6f545f89ff-ndcqz,0.23159374157908869
1783736830,cpu_utilisation,pod=workload-cloud-6f545f89ff-ndcqz,0.2316680447780177
1783736840,cpu_utilisation,pod=workload-cloud-6f545f89ff-ndcqz,0.23222257121787276
1783736850,cpu_utilisation,pod=workload-cloud-6f545f89ff-ndcqz,0.22603594281824405
1783736860,cpu_utilisation,pod=workload-cloud-6f545f89ff-ndcqz,0.22319151621044495
1783736870,cpu_utilisation,pod=workload-cloud-6f545f89ff-ndcqz,0.17337446989925337
1783736880,cpu_utilisation,pod=workload-cloud-6f545f89ff-ndcqz,0.17337446989925337
1783736890,cpu_utilisation,pod=workload-cloud-6f545f89ff-ndcqz,0.08079528149897365
1783736900,cpu_utilisation,pod=workload-cloud-6f545f89ff-ndcqz,0.08079528149897365
1783736910,cpu_utilisation,pod=workload-cloud-6f545f89ff-ndcqz,0.012929488759889755
1783736920,cpu_utilisation,pod=workload-cloud-6f545f89ff-ndcqz,0.008791087898655127
1783736930,cpu_utilisation,pod=workload-cloud-6f545f89ff-ndcqz,0.007296121206810526
1783736940,cpu_utilisation,pod=workload-cloud-6f545f89ff-ndcqz,0.008927891837757015
1783736950,cpu_utilisation,pod=workload-cloud-6f545f89ff-ndcqz,0.009116091408421961
1783736550,cpu_utilisation,pod=workload-cloud-6f545f89ff-v4pzq,0.044465520729308504
1783736560,cpu_utilisation,pod=workload-cloud-6f545f89ff-v4pzq,0.04034919111050494
1783736570,cpu_utilisation,pod=workload-cloud-6f545f89ff-v4pzq,0.041383907265670906
1783736580,cpu_utilisation,pod=workload-cloud-6f545f89ff-v4pzq,0.05005454770850728
1783736590,cpu_utilisation,pod=workload-cloud-6f545f89ff-v4pzq,0.0070974360274998005
1783736600,cpu_utilisation,pod=workload-cloud-6f545f89ff-v4pzq,0.00831316172103786
1783736610,cpu_utilisation,pod=workload-cloud-6f545f89ff-v4pzq,0.008242987400169731
1783736620,cpu_utilisation,pod=workload-cloud-6f545f89ff-v4pzq,0.00817882999978516
1783736630,cpu_utilisation,pod=workload-cloud-6f545f89ff-v4pzq,0.007549471609514803
1783736640,cpu_utilisation,pod=workload-cloud-6f545f89ff-v4pzq,0.0077031615942948035
1783736650,cpu_utilisation,pod=workload-cloud-6f545f89ff-v4pzq,0.008596148993575189
1783736660,cpu_utilisation,pod=workload-cloud-6f545f89ff-v4pzq,0.008515037593984967
1783736670,cpu_utilisation,pod=workload-cloud-6f545f89ff-v4pzq,0.00872642194600652
1783736680,cpu_utilisation,pod=workload-cloud-6f545f89ff-v4pzq,0.008329521997814388
1783736690,cpu_utilisation,pod=workload-cloud-6f545f89ff-v4pzq,0.007418645930057384
1783736700,cpu_utilisation,pod=workload-cloud-6f545f89ff-v4pzq,0.008789720202144706
1783736710,cpu_utilisation,pod=workload-cloud-6f545f89ff-v4pzq,0.009011102027900094
1783736720,cpu_utilisation,pod=workload-cloud-6f545f89ff-v4pzq,0.007214613684443378
1783736730,cpu_utilisation,pod=workload-cloud-6f545f89ff-v4pzq,0.009051974867343087
1783736740,cpu_utilisation,pod=workload-cloud-6f545f89ff-v4pzq,0.00940860541942806
1783736750,cpu_utilisation,pod=workload-cloud-6f545f89ff-v4pzq,0.009462503341948134
1783736760,cpu_utilisation,pod=workload-cloud-6f545f89ff-v4pzq,0.009462503341948132
1783736770,cpu_utilisation,pod=workload-cloud-6f545f89ff-v4pzq,0.00998201086690489
1783736780,cpu_utilisation,pod=workload-cloud-6f545f89ff-v4pzq,0.009722279520693083
1783736790,cpu_utilisation,pod=workload-cloud-6f545f89ff-v4pzq,0.008139039155737497
1783736800,cpu_utilisation,pod=workload-cloud-6f545f89ff-v4pzq,0.00955964653902799
1783736810,cpu_utilisation,pod=workload-cloud-6f545f89ff-v4pzq,0.009374630832841114
1783736820,cpu_utilisation,pod=workload-cloud-6f545f89ff-v4pzq,0.009374630832841114
1783736830,cpu_utilisation,pod=workload-cloud-6f545f89ff-v4pzq,0.009203216947822676
1783736840,cpu_utilisation,pod=workload-cloud-6f545f89ff-v4pzq,0.009179830280229992
1783736850,cpu_utilisation,pod=workload-cloud-6f545f89ff-v4pzq,0.009179830280229992
1783736860,cpu_utilisation,pod=workload-cloud-6f545f89ff-v4pzq,0.008413305695825707
1783736870,cpu_utilisation,pod=workload-cloud-6f545f89ff-v4pzq,0.008399365274365278
1783736880,cpu_utilisation,pod=workload-cloud-6f545f89ff-v4pzq,0.008920856136308239
1783736890,cpu_utilisation,pod=workload-cloud-6f545f89ff-v4pzq,0.008728338484493234
1783736900,cpu_utilisation,pod=workload-cloud-6f545f89ff-v4pzq,0.00806539801046061
1783736910,cpu_utilisation,pod=workload-cloud-6f545f89ff-v4pzq,0.009397188438623276
1783736920,cpu_utilisation,pod=workload-cloud-6f545f89ff-v4pzq,0.009147228303263644
1783736930,cpu_utilisation,pod=workload-cloud-6f545f89ff-v4pzq,0.007236448537614396
1783736940,cpu_utilisation,pod=workload-cloud-6f545f89ff-v4pzq,0.009097432024169176
1783736950,cpu_utilisation,pod=workload-cloud-6f545f89ff-v4pzq,0.009105926321409483
1783736500,cpu_utilisation,pod=workload-cloud-6f545f89ff-zr6dh,0.0685900819169685
1783736510,cpu_utilisation,pod=workload-cloud-6f545f89ff-zr6dh,0.19727669822328933
1783736520,cpu_utilisation,pod=workload-cloud-6f545f89ff-zr6dh,0.21341087500000003
1783736530,cpu_utilisation,pod=workload-cloud-6f545f89ff-zr6dh,0.5810445615587402
1783736540,cpu_utilisation,pod=workload-cloud-6f545f89ff-zr6dh,0.9054770578935787
1783736550,cpu_utilisation,pod=workload-cloud-6f545f89ff-zr6dh,1.1092355655710053
1783736560,cpu_utilisation,pod=workload-cloud-6f545f89ff-zr6dh,1.390387286162567
1783736570,cpu_utilisation,pod=workload-cloud-6f545f89ff-zr6dh,1.4667430489251512
1783736580,cpu_utilisation,pod=workload-cloud-6f545f89ff-zr6dh,1.467652048625026
1783736590,cpu_utilisation,pod=workload-cloud-6f545f89ff-zr6dh,1.4495398054045538
1783736600,cpu_utilisation,pod=workload-cloud-6f545f89ff-zr6dh,1.4380792905899564
1783736610,cpu_utilisation,pod=workload-cloud-6f545f89ff-zr6dh,1.445671184815533
1783736620,cpu_utilisation,pod=workload-cloud-6f545f89ff-zr6dh,1.4429951714502802
1783736630,cpu_utilisation,pod=workload-cloud-6f545f89ff-zr6dh,1.4443569389772963
1783736640,cpu_utilisation,pod=workload-cloud-6f545f89ff-zr6dh,1.4612621359223303
1783736650,cpu_utilisation,pod=workload-cloud-6f545f89ff-zr6dh,1.4370042690843472
1783736660,cpu_utilisation,pod=workload-cloud-6f545f89ff-zr6dh,1.4370042690843472
1783736670,cpu_utilisation,pod=workload-cloud-6f545f89ff-zr6dh,1.2670392526164846
1783736680,cpu_utilisation,pod=workload-cloud-6f545f89ff-zr6dh,0.9690641117712345
1783736690,cpu_utilisation,pod=workload-cloud-6f545f89ff-zr6dh,0.3448985839786745
1783736700,cpu_utilisation,pod=workload-cloud-6f545f89ff-zr6dh,0.4217166067722836
1783736710,cpu_utilisation,pod=workload-cloud-6f545f89ff-zr6dh,0.09565591225499136
1783736720,cpu_utilisation,pod=workload-cloud-6f545f89ff-zr6dh,0.07814347223235776
1783736730,cpu_utilisation,pod=workload-cloud-6f545f89ff-zr6dh,0.009455469845721974
1783736740,cpu_utilisation,pod=workload-cloud-6f545f89ff-zr6dh,0.009210341301290515
1783736750,cpu_utilisation,pod=workload-cloud-6f545f89ff-zr6dh,0.008204987768966953
1783736760,cpu_utilisation,pod=workload-cloud-6f545f89ff-zr6dh,0.009937813819618684
1783736770,cpu_utilisation,pod=workload-cloud-6f545f89ff-zr6dh,0.0096872076342546
1783736780,cpu_utilisation,pod=workload-cloud-6f545f89ff-zr6dh,0.00967494341850682
1783736790,cpu_utilisation,pod=workload-cloud-6f545f89ff-zr6dh,0.009507350641226457
1783736800,cpu_utilisation,pod=workload-cloud-6f545f89ff-zr6dh,0.007312889013901974
1783736810,cpu_utilisation,pod=workload-cloud-6f545f89ff-zr6dh,0.00898904454393488
1783736820,cpu_utilisation,pod=workload-cloud-6f545f89ff-zr6dh,0.009461775366113784
1783736830,cpu_utilisation,pod=workload-cloud-6f545f89ff-zr6dh,0.0094719916767157
1783736840,cpu_utilisation,pod=workload-cloud-6f545f89ff-zr6dh,0.00809247502226603
1783736850,cpu_utilisation,pod=workload-cloud-6f545f89ff-zr6dh,0.009417722168093846
1783736860,cpu_utilisation,pod=workload-cloud-6f545f89ff-zr6dh,0.009210885445933821
1783736870,cpu_utilisation,pod=workload-cloud-6f545f89ff-zr6dh,0.00906558565929679
1783736880,cpu_utilisation,pod=workload-cloud-6f545f89ff-zr6dh,0.009179074224220596
1783736890,cpu_utilisation,pod=workload-cloud-6f545f89ff-zr6dh,0.00924227388715633
1783736900,cpu_utilisation,pod=workload-cloud-6f545f89ff-zr6dh,0.00924227388715633
1783736910,cpu_utilisation,pod=workload-cloud-6f545f89ff-zr6dh,0.009513637108969544
1783736920,cpu_utilisation,pod=workload-cloud-6f545f89ff-zr6dh,0.009467853931461889
1783736930,cpu_utilisation,pod=workload-cloud-6f545f89ff-zr6dh,0.009109660460973647
1783736940,cpu_utilisation,pod=workload-cloud-6f545f89ff-zr6dh,0.009132736506843302
1783736310,cpu_utilisation,pod=workload-edge-7b875fd8c6-pxwvc,0.020935719373219135
1783736320,cpu_utilisation,pod=workload-edge-7b875fd8c6-pxwvc,0.020769931271477172
1783736330,cpu_utilisation,pod=workload-edge-7b875fd8c6-pxwvc,0.020406159769009436
1783736340,cpu_utilisation,pod=workload-edge-7b875fd8c6-pxwvc,0.020882845468550956
1783736350,cpu_utilisation,pod=workload-edge-7b875fd8c6-pxwvc,0.018110785074890782
1783736360,cpu_utilisation,pod=workload-edge-7b875fd8c6-pxwvc,0.021296385140068114
1783736370,cpu_utilisation,pod=workload-edge-7b875fd8c6-pxwvc,0.021045422213190237
1783736380,cpu_utilisation,pod=workload-edge-7b875fd8c6-pxwvc,0.02114463005110094
1783736390,cpu_utilisation,pod=workload-edge-7b875fd8c6-pxwvc,0.02114463005110094
1783736400,cpu_utilisation,pod=workload-edge-7b875fd8c6-pxwvc,0.021463666768014537
1783736410,cpu_utilisation,pod=workload-edge-7b875fd8c6-pxwvc,0.022271468642116477
1783736420,cpu_utilisation,pod=workload-edge-7b875fd8c6-pxwvc,0.02326850048685364
1783736430,cpu_utilisation,pod=workload-edge-7b875fd8c6-pxwvc,0.022722572876007784
1783736440,cpu_utilisation,pod=workload-edge-7b875fd8c6-pxwvc,0.022779562797636495
1783736450,cpu_utilisation,pod=workload-edge-7b875fd8c6-pxwvc,0.022220557209614075
1783736460,cpu_utilisation,pod=workload-edge-7b875fd8c6-pxwvc,0.02084061913088628
1783736470,cpu_utilisation,pod=workload-edge-7b875fd8c6-pxwvc,0.016672112614708627
1783736480,cpu_utilisation,pod=workload-edge-7b875fd8c6-pxwvc,0.020194886108758036
1783736490,cpu_utilisation,pod=workload-edge-7b875fd8c6-pxwvc,0.02039971035481552
1783736500,cpu_utilisation,pod=workload-edge-7b875fd8c6-pxwvc,0.01745807212165112
1783736510,cpu_utilisation,pod=workload-edge-7b875fd8c6-pxwvc,0.020720005043817425
1783736520,cpu_utilisation,pod=workload-edge-7b875fd8c6-pxwvc,0.02053348086384327
1783736530,cpu_utilisation,pod=workload-edge-7b875fd8c6-pxwvc,0.020399911962143268
1783736540,cpu_utilisation,pod=workload-edge-7b875fd8c6-pxwvc,0.020399911962143268
1783736550,cpu_utilisation,pod=workload-edge-7b875fd8c6-pxwvc,0.020767007769566703
1783736560,cpu_utilisation,pod=workload-edge-7b875fd8c6-pxwvc,0.02066347146180591
1783736570,cpu_utilisation,pod=workload-edge-7b875fd8c6-pxwvc,0.021074788558395157
1783736580,cpu_utilisation,pod=workload-edge-7b875fd8c6-pxwvc,0.02122165325530389
1783736590,cpu_utilisation,pod=workload-edge-7b875fd8c6-pxwvc,0.017793116431168744
1783736600,cpu_utilisation,pod=workload-edge-7b875fd8c6-pxwvc,0.020854197028690197
1783736610,cpu_utilisation,pod=workload-edge-7b875fd8c6-pxwvc,0.02111919726540966
1783736620,cpu_utilisation,pod=workload-edge-7b875fd8c6-pxwvc,0.0208487352551562
1783736630,cpu_utilisation,pod=workload-edge-7b875fd8c6-pxwvc,0.020772833723654096
1783736640,cpu_utilisation,pod=workload-edge-7b875fd8c6-pxwvc,0.020733688880028144
1783736650,cpu_utilisation,pod=workload-edge-7b875fd8c6-pxwvc,0.020936789371997215
1783736660,cpu_utilisation,pod=workload-edge-7b875fd8c6-pxwvc,0.02085503373941445
1783736670,cpu_utilisation,pod=workload-edge-7b875fd8c6-pxwvc,0.02125803978361791
1783736680,cpu_utilisation,pod=workload-edge-7b875fd8c6-pxwvc,0.02125803978361791
1783736690,cpu_utilisation,pod=workload-edge-7b875fd8c6-pxwvc,0.021365510005246512
1783736700,cpu_utilisation,pod=workload-edge-7b875fd8c6-pxwvc,0.021030008110300626
1783736710,cpu_utilisation,pod=workload-edge-7b875fd8c6-pxwvc,0.017110192564938256
1783736720,cpu_utilisation,pod=workload-edge-7b875fd8c6-pxwvc,0.020474630196832634
1783736730,cpu_utilisation,pod=workload-edge-7b875fd8c6-pxwvc,0.02149644990420332
1783736740,cpu_utilisation,pod=workload-edge-7b875fd8c6-pxwvc,0.02187378176602462
1783736750,cpu_utilisation,pod=workload-edge-7b875fd8c6-pxwvc,0.022461258203776827
1783736760,cpu_utilisation,pod=workload-edge-7b875fd8c6-pxwvc,0.022749165922652952
1783736770,cpu_utilisation,pod=workload-edge-7b875fd8c6-pxwvc,0.018861207082216436
1783736780,cpu_utilisation,pod=workload-edge-7b875fd8c6-pxwvc,0.021490616004605195
1783736790,cpu_utilisation,pod=workload-edge-7b875fd8c6-pxwvc,0.02145755910717999
1783736800,cpu_utilisation,pod=workload-edge-7b875fd8c6-pxwvc,0.02130093748527874
1783736810,cpu_utilisation,pod=workload-edge-7b875fd8c6-pxwvc,0.021349510820684238
1783736820,cpu_utilisation,pod=workload-edge-7b875fd8c6-pxwvc,0.01923877983480167
1783736830,cpu_utilisation,pod=workload-edge-7b875fd8c6-pxwvc,0.021721512206321524
1783736840,cpu_utilisation,pod=workload-edge-7b875fd8c6-pxwvc,0.021319279279279124
1783736850,cpu_utilisation,pod=workload-edge-7b875fd8c6-pxwvc,0.021467847373545013
1783736860,cpu_utilisation,pod=workload-edge-7b875fd8c6-pxwvc,0.021047285782453642
1783736870,cpu_utilisation,pod=workload-edge-7b875fd8c6-pxwvc,0.021114854866249925
1783736880,cpu_utilisation,pod=workload-edge-7b875fd8c6-pxwvc,0.021114854866249925
1783736890,cpu_utilisation,pod=workload-edge-7b875fd8c6-pxwvc,0.020918326066436246
1783736900,cpu_utilisation,pod=workload-edge-7b875fd8c6-pxwvc,0.021021294382647503
1783736910,cpu_utilisation,pod=workload-edge-7b875fd8c6-pxwvc,0.020489397301130783
1783736920,cpu_utilisation,pod=workload-edge-7b875fd8c6-pxwvc,0.01986278699513973
1783736930,cpu_utilisation,pod=workload-edge-7b875fd8c6-pxwvc,0.019601538297191128
1783736940,cpu_utilisation,pod=workload-edge-7b875fd8c6-pxwvc,0.019601538297191128
1783736950,cpu_utilisation,pod=workload-edge-7b875fd8c6-pxwvc,0.01961174544873855
1783736310,mem_mib,pod=workload-cloud-6f545f89ff-9hvzm,40.65625
1783736320,mem_mib,pod=workload-cloud-6f545f89ff-9hvzm,40.65625
1783736330,mem_mib,pod=workload-cloud-6f545f89ff-9hvzm,40.65625
1783736340,mem_mib,pod=workload-cloud-6f545f89ff-9hvzm,40.6953125
1783736350,mem_mib,pod=workload-cloud-6f545f89ff-9hvzm,41.23046875
1783736360,mem_mib,pod=workload-cloud-6f545f89ff-9hvzm,41.23046875
1783736370,mem_mib,pod=workload-cloud-6f545f89ff-9hvzm,41.04296875
1783736380,mem_mib,pod=workload-cloud-6f545f89ff-9hvzm,41.04296875
1783736390,mem_mib,pod=workload-cloud-6f545f89ff-9hvzm,41.62890625
1783736400,mem_mib,pod=workload-cloud-6f545f89ff-9hvzm,41.62890625
1783736410,mem_mib,pod=workload-cloud-6f545f89ff-9hvzm,41.48046875
1783736420,mem_mib,pod=workload-cloud-6f545f89ff-9hvzm,41.48046875
1783736430,mem_mib,pod=workload-cloud-6f545f89ff-9hvzm,41.28125
1783736440,mem_mib,pod=workload-cloud-6f545f89ff-9hvzm,41.484375
1783736450,mem_mib,pod=workload-cloud-6f545f89ff-9hvzm,41.484375
1783736460,mem_mib,pod=workload-cloud-6f545f89ff-9hvzm,41.74609375
1783736470,mem_mib,pod=workload-cloud-6f545f89ff-9hvzm,40.86328125
1783736480,mem_mib,pod=workload-cloud-6f545f89ff-9hvzm,40.86328125
1783736490,mem_mib,pod=workload-cloud-6f545f89ff-9hvzm,40.93359375
1783736500,mem_mib,pod=workload-cloud-6f545f89ff-9hvzm,40.93359375
1783736510,mem_mib,pod=workload-cloud-6f545f89ff-9hvzm,41.37109375
1783736520,mem_mib,pod=workload-cloud-6f545f89ff-9hvzm,41.37109375
1783736530,mem_mib,pod=workload-cloud-6f545f89ff-9hvzm,42.9140625
1783736540,mem_mib,pod=workload-cloud-6f545f89ff-9hvzm,42.2890625
1783736550,mem_mib,pod=workload-cloud-6f545f89ff-9hvzm,42.2890625
1783736560,mem_mib,pod=workload-cloud-6f545f89ff-9hvzm,41.8359375
1783736570,mem_mib,pod=workload-cloud-6f545f89ff-9hvzm,42.3203125
1783736580,mem_mib,pod=workload-cloud-6f545f89ff-9hvzm,42.3203125
1783736590,mem_mib,pod=workload-cloud-6f545f89ff-9hvzm,41.83203125
1783736600,mem_mib,pod=workload-cloud-6f545f89ff-9hvzm,41.83203125
1783736610,mem_mib,pod=workload-cloud-6f545f89ff-9hvzm,41.84375
1783736620,mem_mib,pod=workload-cloud-6f545f89ff-9hvzm,42.05078125
1783736630,mem_mib,pod=workload-cloud-6f545f89ff-9hvzm,42.05078125
1783736640,mem_mib,pod=workload-cloud-6f545f89ff-9hvzm,41.81640625
1783736650,mem_mib,pod=workload-cloud-6f545f89ff-9hvzm,42.05078125
1783736660,mem_mib,pod=workload-cloud-6f545f89ff-9hvzm,42.28125
1783736670,mem_mib,pod=workload-cloud-6f545f89ff-9hvzm,42.28125
1783736680,mem_mib,pod=workload-cloud-6f545f89ff-9hvzm,42.59375
1783736690,mem_mib,pod=workload-cloud-6f545f89ff-9hvzm,42.59375
1783736700,mem_mib,pod=workload-cloud-6f545f89ff-9hvzm,41.1875
1783736710,mem_mib,pod=workload-cloud-6f545f89ff-9hvzm,40.9765625
1783736720,mem_mib,pod=workload-cloud-6f545f89ff-9hvzm,40.9765625
1783736730,mem_mib,pod=workload-cloud-6f545f89ff-9hvzm,40.98046875
1783736740,mem_mib,pod=workload-cloud-6f545f89ff-9hvzm,40.9453125
1783736750,mem_mib,pod=workload-cloud-6f545f89ff-9hvzm,40.9453125
1783736760,mem_mib,pod=workload-cloud-6f545f89ff-9hvzm,40.98046875
1783736770,mem_mib,pod=workload-cloud-6f545f89ff-9hvzm,40.98046875
1783736780,mem_mib,pod=workload-cloud-6f545f89ff-9hvzm,41.1171875
1783736790,mem_mib,pod=workload-cloud-6f545f89ff-9hvzm,41.1171875
1783736800,mem_mib,pod=workload-cloud-6f545f89ff-9hvzm,41.03515625
1783736810,mem_mib,pod=workload-cloud-6f545f89ff-9hvzm,41.71484375
1783736820,mem_mib,pod=workload-cloud-6f545f89ff-9hvzm,41.21484375
1783736830,mem_mib,pod=workload-cloud-6f545f89ff-9hvzm,41.73828125
1783736840,mem_mib,pod=workload-cloud-6f545f89ff-9hvzm,41.73828125
1783736850,mem_mib,pod=workload-cloud-6f545f89ff-9hvzm,41.0078125
1783736860,mem_mib,pod=workload-cloud-6f545f89ff-9hvzm,41.0078125
1783736870,mem_mib,pod=workload-cloud-6f545f89ff-9hvzm,41.0
1783736880,mem_mib,pod=workload-cloud-6f545f89ff-9hvzm,41.25390625
1783736890,mem_mib,pod=workload-cloud-6f545f89ff-9hvzm,41.25390625
1783736900,mem_mib,pod=workload-cloud-6f545f89ff-9hvzm,40.65625
1783736910,mem_mib,pod=workload-cloud-6f545f89ff-9hvzm,40.65625
1783736920,mem_mib,pod=workload-cloud-6f545f89ff-9hvzm,40.66015625
1783736930,mem_mib,pod=workload-cloud-6f545f89ff-9hvzm,40.66015625
1783736940,mem_mib,pod=workload-cloud-6f545f89ff-9hvzm,40.66015625
1783736950,mem_mib,pod=workload-cloud-6f545f89ff-9hvzm,40.66015625
1783736490,mem_mib,pod=workload-cloud-6f545f89ff-bnfx2,3.1328125
1783736500,mem_mib,pod=workload-cloud-6f545f89ff-bnfx2,35.2734375
1783736510,mem_mib,pod=workload-cloud-6f545f89ff-bnfx2,35.2734375
1783736520,mem_mib,pod=workload-cloud-6f545f89ff-bnfx2,37.1796875
1783736530,mem_mib,pod=workload-cloud-6f545f89ff-bnfx2,37.1796875
1783736540,mem_mib,pod=workload-cloud-6f545f89ff-bnfx2,37.0390625
1783736550,mem_mib,pod=workload-cloud-6f545f89ff-bnfx2,37.1171875
1783736560,mem_mib,pod=workload-cloud-6f545f89ff-bnfx2,37.1171875
1783736570,mem_mib,pod=workload-cloud-6f545f89ff-bnfx2,37.66796875
1783736580,mem_mib,pod=workload-cloud-6f545f89ff-bnfx2,37.66796875
1783736590,mem_mib,pod=workload-cloud-6f545f89ff-bnfx2,37.1875
1783736600,mem_mib,pod=workload-cloud-6f545f89ff-bnfx2,37.46484375
1783736610,mem_mib,pod=workload-cloud-6f545f89ff-bnfx2,37.46484375
1783736620,mem_mib,pod=workload-cloud-6f545f89ff-bnfx2,37.23828125
1783736630,mem_mib,pod=workload-cloud-6f545f89ff-bnfx2,37.2421875
1783736640,mem_mib,pod=workload-cloud-6f545f89ff-bnfx2,37.2421875
1783736650,mem_mib,pod=workload-cloud-6f545f89ff-bnfx2,37.50390625
1783736660,mem_mib,pod=workload-cloud-6f545f89ff-bnfx2,37.08984375
1783736670,mem_mib,pod=workload-cloud-6f545f89ff-bnfx2,37.00390625
1783736680,mem_mib,pod=workload-cloud-6f545f89ff-bnfx2,37.00390625
1783736690,mem_mib,pod=workload-cloud-6f545f89ff-bnfx2,36.66015625
1783736700,mem_mib,pod=workload-cloud-6f545f89ff-bnfx2,36.66796875
1783736710,mem_mib,pod=workload-cloud-6f545f89ff-bnfx2,36.91796875
1783736720,mem_mib,pod=workload-cloud-6f545f89ff-bnfx2,36.91796875
1783736730,mem_mib,pod=workload-cloud-6f545f89ff-bnfx2,36.66796875
1783736740,mem_mib,pod=workload-cloud-6f545f89ff-bnfx2,36.66796875
1783736750,mem_mib,pod=workload-cloud-6f545f89ff-bnfx2,36.66796875
1783736760,mem_mib,pod=workload-cloud-6f545f89ff-bnfx2,36.66796875
1783736770,mem_mib,pod=workload-cloud-6f545f89ff-bnfx2,36.66796875
1783736780,mem_mib,pod=workload-cloud-6f545f89ff-bnfx2,36.66796875
1783736790,mem_mib,pod=workload-cloud-6f545f89ff-bnfx2,36.66796875
1783736800,mem_mib,pod=workload-cloud-6f545f89ff-bnfx2,36.91796875
1783736810,mem_mib,pod=workload-cloud-6f545f89ff-bnfx2,36.66796875
1783736820,mem_mib,pod=workload-cloud-6f545f89ff-bnfx2,36.66796875
1783736830,mem_mib,pod=workload-cloud-6f545f89ff-bnfx2,36.66796875
1783736840,mem_mib,pod=workload-cloud-6f545f89ff-bnfx2,36.66796875
1783736850,mem_mib,pod=workload-cloud-6f545f89ff-bnfx2,36.91796875
1783736860,mem_mib,pod=workload-cloud-6f545f89ff-bnfx2,36.91796875
1783736870,mem_mib,pod=workload-cloud-6f545f89ff-bnfx2,36.66796875
1783736880,mem_mib,pod=workload-cloud-6f545f89ff-bnfx2,36.66796875
1783736890,mem_mib,pod=workload-cloud-6f545f89ff-bnfx2,36.66796875
1783736900,mem_mib,pod=workload-cloud-6f545f89ff-bnfx2,36.66796875
1783736910,mem_mib,pod=workload-cloud-6f545f89ff-bnfx2,36.66796875
1783736920,mem_mib,pod=workload-cloud-6f545f89ff-bnfx2,36.66796875
1783736930,mem_mib,pod=workload-cloud-6f545f89ff-bnfx2,36.66796875
1783736940,mem_mib,pod=workload-cloud-6f545f89ff-bnfx2,36.66796875
1783736950,mem_mib,pod=workload-cloud-6f545f89ff-bnfx2,36.66796875
1783736390,mem_mib,pod=workload-cloud-6f545f89ff-glv2r,3.609375
1783736400,mem_mib,pod=workload-cloud-6f545f89ff-glv2r,3.609375
1783736410,mem_mib,pod=workload-cloud-6f545f89ff-glv2r,35.2265625
1783736420,mem_mib,pod=workload-cloud-6f545f89ff-glv2r,35.2265625
1783736430,mem_mib,pod=workload-cloud-6f545f89ff-glv2r,35.8984375
1783736440,mem_mib,pod=workload-cloud-6f545f89ff-glv2r,35.91015625
1783736450,mem_mib,pod=workload-cloud-6f545f89ff-glv2r,36.29296875
1783736460,mem_mib,pod=workload-cloud-6f545f89ff-glv2r,36.29296875
1783736470,mem_mib,pod=workload-cloud-6f545f89ff-glv2r,36.12109375
1783736480,mem_mib,pod=workload-cloud-6f545f89ff-glv2r,36.04296875
1783736490,mem_mib,pod=workload-cloud-6f545f89ff-glv2r,36.04296875
1783736500,mem_mib,pod=workload-cloud-6f545f89ff-glv2r,36.8671875
1783736510,mem_mib,pod=workload-cloud-6f545f89ff-glv2r,36.99609375
1783736520,mem_mib,pod=workload-cloud-6f545f89ff-glv2r,37.8046875
1783736530,mem_mib,pod=workload-cloud-6f545f89ff-glv2r,37.8046875
1783736540,mem_mib,pod=workload-cloud-6f545f89ff-glv2r,38.25
1783736550,mem_mib,pod=workload-cloud-6f545f89ff-glv2r,38.34375
1783736560,mem_mib,pod=workload-cloud-6f545f89ff-glv2r,38.34375
1783736570,mem_mib,pod=workload-cloud-6f545f89ff-glv2r,38.36328125
1783736580,mem_mib,pod=workload-cloud-6f545f89ff-glv2r,39.98828125
1783736590,mem_mib,pod=workload-cloud-6f545f89ff-glv2r,38.7421875
1783736600,mem_mib,pod=workload-cloud-6f545f89ff-glv2r,38.7421875
1783736610,mem_mib,pod=workload-cloud-6f545f89ff-glv2r,38.76171875
1783736620,mem_mib,pod=workload-cloud-6f545f89ff-glv2r,38.52734375
1783736630,mem_mib,pod=workload-cloud-6f545f89ff-glv2r,38.52734375
1783736640,mem_mib,pod=workload-cloud-6f545f89ff-glv2r,38.79296875
1783736650,mem_mib,pod=workload-cloud-6f545f89ff-glv2r,38.79296875
1783736660,mem_mib,pod=workload-cloud-6f545f89ff-glv2r,38.6796875
1783736670,mem_mib,pod=workload-cloud-6f545f89ff-glv2r,38.05859375
1783736680,mem_mib,pod=workload-cloud-6f545f89ff-glv2r,38.05859375
1783736690,mem_mib,pod=workload-cloud-6f545f89ff-glv2r,38.33203125
1783736700,mem_mib,pod=workload-cloud-6f545f89ff-glv2r,37.82421875
1783736710,mem_mib,pod=workload-cloud-6f545f89ff-glv2r,37.82421875
1783736720,mem_mib,pod=workload-cloud-6f545f89ff-glv2r,38.07421875
1783736730,mem_mib,pod=workload-cloud-6f545f89ff-glv2r,38.07421875
1783736740,mem_mib,pod=workload-cloud-6f545f89ff-glv2r,38.0625
1783736750,mem_mib,pod=workload-cloud-6f545f89ff-glv2r,38.0625
1783736760,mem_mib,pod=workload-cloud-6f545f89ff-glv2r,38.0625
1783736770,mem_mib,pod=workload-cloud-6f545f89ff-glv2r,38.234375
1783736780,mem_mib,pod=workload-cloud-6f545f89ff-glv2r,37.93359375
1783736790,mem_mib,pod=workload-cloud-6f545f89ff-glv2r,37.796875
1783736800,mem_mib,pod=workload-cloud-6f545f89ff-glv2r,37.796875
1783736810,mem_mib,pod=workload-cloud-6f545f89ff-glv2r,37.97265625
1783736820,mem_mib,pod=workload-cloud-6f545f89ff-glv2r,38.046875
1783736830,mem_mib,pod=workload-cloud-6f545f89ff-glv2r,38.046875
1783736840,mem_mib,pod=workload-cloud-6f545f89ff-glv2r,38.30859375
1783736850,mem_mib,pod=workload-cloud-6f545f89ff-glv2r,38.25390625
1783736860,mem_mib,pod=workload-cloud-6f545f89ff-glv2r,38.08203125
1783736870,mem_mib,pod=workload-cloud-6f545f89ff-glv2r,38.08203125
1783736880,mem_mib,pod=workload-cloud-6f545f89ff-glv2r,37.54296875
1783736890,mem_mib,pod=workload-cloud-6f545f89ff-glv2r,37.54296875
1783736900,mem_mib,pod=workload-cloud-6f545f89ff-glv2r,37.546875
1783736910,mem_mib,pod=workload-cloud-6f545f89ff-glv2r,37.546875
1783736920,mem_mib,pod=workload-cloud-6f545f89ff-glv2r,37.546875
1783736930,mem_mib,pod=workload-cloud-6f545f89ff-glv2r,37.546875
1783736940,mem_mib,pod=workload-cloud-6f545f89ff-glv2r,37.546875
1783736950,mem_mib,pod=workload-cloud-6f545f89ff-glv2r,37.546875
1783736450,mem_mib,pod=workload-cloud-6f545f89ff-ndcqz,3.21875
1783736460,mem_mib,pod=workload-cloud-6f545f89ff-ndcqz,3.21875
1783736470,mem_mib,pod=workload-cloud-6f545f89ff-ndcqz,35.23046875
1783736480,mem_mib,pod=workload-cloud-6f545f89ff-ndcqz,35.3046875
1783736490,mem_mib,pod=workload-cloud-6f545f89ff-ndcqz,35.3046875
1783736500,mem_mib,pod=workload-cloud-6f545f89ff-ndcqz,35.390625
1783736510,mem_mib,pod=workload-cloud-6f545f89ff-ndcqz,36.09765625
1783736520,mem_mib,pod=workload-cloud-6f545f89ff-ndcqz,36.09765625
1783736530,mem_mib,pod=workload-cloud-6f545f89ff-ndcqz,37.53515625
1783736540,mem_mib,pod=workload-cloud-6f545f89ff-ndcqz,37.078125
1783736550,mem_mib,pod=workload-cloud-6f545f89ff-ndcqz,37.1015625
1783736560,mem_mib,pod=workload-cloud-6f545f89ff-ndcqz,37.36328125
1783736570,mem_mib,pod=workload-cloud-6f545f89ff-ndcqz,37.16015625
1783736580,mem_mib,pod=workload-cloud-6f545f89ff-ndcqz,37.16015625
1783736590,mem_mib,pod=workload-cloud-6f545f89ff-ndcqz,37.17578125
1783736600,mem_mib,pod=workload-cloud-6f545f89ff-ndcqz,37.1953125
1783736610,mem_mib,pod=workload-cloud-6f545f89ff-ndcqz,37.484375
1783736620,mem_mib,pod=workload-cloud-6f545f89ff-ndcqz,37.2421875
1783736630,mem_mib,pod=workload-cloud-6f545f89ff-ndcqz,37.2421875
1783736640,mem_mib,pod=workload-cloud-6f545f89ff-ndcqz,37.26171875
1783736650,mem_mib,pod=workload-cloud-6f545f89ff-ndcqz,37.51171875
1783736660,mem_mib,pod=workload-cloud-6f545f89ff-ndcqz,37.28515625
1783736670,mem_mib,pod=workload-cloud-6f545f89ff-ndcqz,37.28515625
1783736680,mem_mib,pod=workload-cloud-6f545f89ff-ndcqz,36.85546875
1783736690,mem_mib,pod=workload-cloud-6f545f89ff-ndcqz,36.85546875
1783736700,mem_mib,pod=workload-cloud-6f545f89ff-ndcqz,36.97265625
1783736710,mem_mib,pod=workload-cloud-6f545f89ff-ndcqz,36.734375
1783736720,mem_mib,pod=workload-cloud-6f545f89ff-ndcqz,36.734375
1783736730,mem_mib,pod=workload-cloud-6f545f89ff-ndcqz,37.01171875
1783736740,mem_mib,pod=workload-cloud-6f545f89ff-ndcqz,36.734375
1783736750,mem_mib,pod=workload-cloud-6f545f89ff-ndcqz,36.734375
1783736760,mem_mib,pod=workload-cloud-6f545f89ff-ndcqz,36.7421875
1783736770,mem_mib,pod=workload-cloud-6f545f89ff-ndcqz,36.7421875
1783736780,mem_mib,pod=workload-cloud-6f545f89ff-ndcqz,36.74609375
1783736790,mem_mib,pod=workload-cloud-6f545f89ff-ndcqz,36.74609375
1783736800,mem_mib,pod=workload-cloud-6f545f89ff-ndcqz,36.74609375
1783736810,mem_mib,pod=workload-cloud-6f545f89ff-ndcqz,36.78125
1783736820,mem_mib,pod=workload-cloud-6f545f89ff-ndcqz,36.78125
1783736830,mem_mib,pod=workload-cloud-6f545f89ff-ndcqz,36.75
1783736840,mem_mib,pod=workload-cloud-6f545f89ff-ndcqz,36.75
1783736850,mem_mib,pod=workload-cloud-6f545f89ff-ndcqz,37.24609375
1783736860,mem_mib,pod=workload-cloud-6f545f89ff-ndcqz,36.75
1783736870,mem_mib,pod=workload-cloud-6f545f89ff-ndcqz,36.703125
1783736880,mem_mib,pod=workload-cloud-6f545f89ff-ndcqz,36.703125
1783736890,mem_mib,pod=workload-cloud-6f545f89ff-ndcqz,36.70703125
1783736900,mem_mib,pod=workload-cloud-6f545f89ff-ndcqz,36.70703125
1783736910,mem_mib,pod=workload-cloud-6f545f89ff-ndcqz,36.703125
1783736920,mem_mib,pod=workload-cloud-6f545f89ff-ndcqz,36.703125
1783736930,mem_mib,pod=workload-cloud-6f545f89ff-ndcqz,36.70703125
1783736940,mem_mib,pod=workload-cloud-6f545f89ff-ndcqz,36.70703125
1783736950,mem_mib,pod=workload-cloud-6f545f89ff-ndcqz,36.70703125
1783736530,mem_mib,pod=workload-cloud-6f545f89ff-v4pzq,3.2734375
1783736540,mem_mib,pod=workload-cloud-6f545f89ff-v4pzq,3.2734375
1783736550,mem_mib,pod=workload-cloud-6f545f89ff-v4pzq,35.1328125
1783736560,mem_mib,pod=workload-cloud-6f545f89ff-v4pzq,35.16796875
1783736570,mem_mib,pod=workload-cloud-6f545f89ff-v4pzq,35.171875
1783736580,mem_mib,pod=workload-cloud-6f545f89ff-v4pzq,35.171875
1783736590,mem_mib,pod=workload-cloud-6f545f89ff-v4pzq,35.171875
1783736600,mem_mib,pod=workload-cloud-6f545f89ff-v4pzq,35.1796875
1783736610,mem_mib,pod=workload-cloud-6f545f89ff-v4pzq,35.1953125
1783736620,mem_mib,pod=workload-cloud-6f545f89ff-v4pzq,35.19921875
1783736630,mem_mib,pod=workload-cloud-6f545f89ff-v4pzq,35.19921875
1783736640,mem_mib,pod=workload-cloud-6f545f89ff-v4pzq,35.19921875
1783736650,mem_mib,pod=workload-cloud-6f545f89ff-v4pzq,35.19921875
1783736660,mem_mib,pod=workload-cloud-6f545f89ff-v4pzq,35.19921875
1783736670,mem_mib,pod=workload-cloud-6f545f89ff-v4pzq,35.21875
1783736680,mem_mib,pod=workload-cloud-6f545f89ff-v4pzq,35.21875
1783736690,mem_mib,pod=workload-cloud-6f545f89ff-v4pzq,35.21875
1783736700,mem_mib,pod=workload-cloud-6f545f89ff-v4pzq,35.21875
1783736710,mem_mib,pod=workload-cloud-6f545f89ff-v4pzq,35.22265625
1783736720,mem_mib,pod=workload-cloud-6f545f89ff-v4pzq,35.22265625
1783736730,mem_mib,pod=workload-cloud-6f545f89ff-v4pzq,35.2265625
1783736740,mem_mib,pod=workload-cloud-6f545f89ff-v4pzq,35.2265625
1783736750,mem_mib,pod=workload-cloud-6f545f89ff-v4pzq,35.2265625
1783736760,mem_mib,pod=workload-cloud-6f545f89ff-v4pzq,35.2265625
1783736770,mem_mib,pod=workload-cloud-6f545f89ff-v4pzq,35.23828125
1783736780,mem_mib,pod=workload-cloud-6f545f89ff-v4pzq,35.23828125
1783736790,mem_mib,pod=workload-cloud-6f545f89ff-v4pzq,35.23828125
1783736800,mem_mib,pod=workload-cloud-6f545f89ff-v4pzq,35.23828125
1783736810,mem_mib,pod=workload-cloud-6f545f89ff-v4pzq,35.25
1783736820,mem_mib,pod=workload-cloud-6f545f89ff-v4pzq,35.25
1783736830,mem_mib,pod=workload-cloud-6f545f89ff-v4pzq,35.25
1783736840,mem_mib,pod=workload-cloud-6f545f89ff-v4pzq,35.25
1783736850,mem_mib,pod=workload-cloud-6f545f89ff-v4pzq,35.25
1783736860,mem_mib,pod=workload-cloud-6f545f89ff-v4pzq,35.25390625
1783736870,mem_mib,pod=workload-cloud-6f545f89ff-v4pzq,35.25390625
1783736880,mem_mib,pod=workload-cloud-6f545f89ff-v4pzq,35.2578125
1783736890,mem_mib,pod=workload-cloud-6f545f89ff-v4pzq,35.2578125
1783736900,mem_mib,pod=workload-cloud-6f545f89ff-v4pzq,35.2578125
1783736910,mem_mib,pod=workload-cloud-6f545f89ff-v4pzq,35.2578125
1783736920,mem_mib,pod=workload-cloud-6f545f89ff-v4pzq,35.2578125
1783736930,mem_mib,pod=workload-cloud-6f545f89ff-v4pzq,35.2578125
1783736940,mem_mib,pod=workload-cloud-6f545f89ff-v4pzq,35.2578125
1783736950,mem_mib,pod=workload-cloud-6f545f89ff-v4pzq,35.2578125
1783736490,mem_mib,pod=workload-cloud-6f545f89ff-zr6dh,3.078125
1783736500,mem_mib,pod=workload-cloud-6f545f89ff-zr6dh,36.2421875
1783736510,mem_mib,pod=workload-cloud-6f545f89ff-zr6dh,35.7890625
1783736520,mem_mib,pod=workload-cloud-6f545f89ff-zr6dh,35.7890625
1783736530,mem_mib,pod=workload-cloud-6f545f89ff-zr6dh,37.265625
1783736540,mem_mib,pod=workload-cloud-6f545f89ff-zr6dh,38.4375
1783736550,mem_mib,pod=workload-cloud-6f545f89ff-zr6dh,38.4375
1783736560,mem_mib,pod=workload-cloud-6f545f89ff-zr6dh,37.49609375
1783736570,mem_mib,pod=workload-cloud-6f545f89ff-zr6dh,37.49609375
1783736580,mem_mib,pod=workload-cloud-6f545f89ff-zr6dh,37.57421875
1783736590,mem_mib,pod=workload-cloud-6f545f89ff-zr6dh,39.1015625
1783736600,mem_mib,pod=workload-cloud-6f545f89ff-zr6dh,39.1015625
1783736610,mem_mib,pod=workload-cloud-6f545f89ff-zr6dh,37.609375
1783736620,mem_mib,pod=workload-cloud-6f545f89ff-zr6dh,38.1171875
1783736630,mem_mib,pod=workload-cloud-6f545f89ff-zr6dh,37.66015625
1783736640,mem_mib,pod=workload-cloud-6f545f89ff-zr6dh,37.66015625
1783736650,mem_mib,pod=workload-cloud-6f545f89ff-zr6dh,38.21875
1783736660,mem_mib,pod=workload-cloud-6f545f89ff-zr6dh,38.21875
1783736670,mem_mib,pod=workload-cloud-6f545f89ff-zr6dh,37.35546875
1783736680,mem_mib,pod=workload-cloud-6f545f89ff-zr6dh,37.125
1783736690,mem_mib,pod=workload-cloud-6f545f89ff-zr6dh,36.93359375
1783736700,mem_mib,pod=workload-cloud-6f545f89ff-zr6dh,36.93359375
1783736710,mem_mib,pod=workload-cloud-6f545f89ff-zr6dh,36.94140625
1783736720,mem_mib,pod=workload-cloud-6f545f89ff-zr6dh,36.94140625
1783736730,mem_mib,pod=workload-cloud-6f545f89ff-zr6dh,36.94140625
1783736740,mem_mib,pod=workload-cloud-6f545f89ff-zr6dh,36.94140625
1783736750,mem_mib,pod=workload-cloud-6f545f89ff-zr6dh,36.94140625
1783736760,mem_mib,pod=workload-cloud-6f545f89ff-zr6dh,36.94140625
1783736770,mem_mib,pod=workload-cloud-6f545f89ff-zr6dh,36.94140625
1783736780,mem_mib,pod=workload-cloud-6f545f89ff-zr6dh,36.94140625
1783736790,mem_mib,pod=workload-cloud-6f545f89ff-zr6dh,36.94140625
1783736800,mem_mib,pod=workload-cloud-6f545f89ff-zr6dh,36.94140625
1783736810,mem_mib,pod=workload-cloud-6f545f89ff-zr6dh,36.94140625
1783736820,mem_mib,pod=workload-cloud-6f545f89ff-zr6dh,36.94140625
1783736830,mem_mib,pod=workload-cloud-6f545f89ff-zr6dh,36.94140625
1783736840,mem_mib,pod=workload-cloud-6f545f89ff-zr6dh,36.94140625
1783736850,mem_mib,pod=workload-cloud-6f545f89ff-zr6dh,36.94140625
1783736860,mem_mib,pod=workload-cloud-6f545f89ff-zr6dh,36.94140625
1783736870,mem_mib,pod=workload-cloud-6f545f89ff-zr6dh,36.94140625
1783736880,mem_mib,pod=workload-cloud-6f545f89ff-zr6dh,36.94140625
1783736890,mem_mib,pod=workload-cloud-6f545f89ff-zr6dh,36.94140625
1783736900,mem_mib,pod=workload-cloud-6f545f89ff-zr6dh,36.94140625
1783736910,mem_mib,pod=workload-cloud-6f545f89ff-zr6dh,36.94140625
1783736920,mem_mib,pod=workload-cloud-6f545f89ff-zr6dh,36.94140625
1783736930,mem_mib,pod=workload-cloud-6f545f89ff-zr6dh,36.94140625
1783736940,mem_mib,pod=workload-cloud-6f545f89ff-zr6dh,36.94140625
1783736950,mem_mib,pod=workload-cloud-6f545f89ff-zr6dh,36.94140625
1783736310,mem_mib,pod=workload-edge-7b875fd8c6-pxwvc,35.9921875
1783736320,mem_mib,pod=workload-edge-7b875fd8c6-pxwvc,35.9921875
1783736330,mem_mib,pod=workload-edge-7b875fd8c6-pxwvc,35.9921875
1783736340,mem_mib,pod=workload-edge-7b875fd8c6-pxwvc,36.2421875
1783736350,mem_mib,pod=workload-edge-7b875fd8c6-pxwvc,35.9921875
1783736360,mem_mib,pod=workload-edge-7b875fd8c6-pxwvc,35.9921875
1783736370,mem_mib,pod=workload-edge-7b875fd8c6-pxwvc,35.9921875
1783736380,mem_mib,pod=workload-edge-7b875fd8c6-pxwvc,35.9921875
1783736390,mem_mib,pod=workload-edge-7b875fd8c6-pxwvc,35.9921875
1783736400,mem_mib,pod=workload-edge-7b875fd8c6-pxwvc,35.98828125
1783736410,mem_mib,pod=workload-edge-7b875fd8c6-pxwvc,35.9921875
1783736420,mem_mib,pod=workload-edge-7b875fd8c6-pxwvc,35.9921875
1783736430,mem_mib,pod=workload-edge-7b875fd8c6-pxwvc,35.9921875
1783736440,mem_mib,pod=workload-edge-7b875fd8c6-pxwvc,35.9921875
1783736450,mem_mib,pod=workload-edge-7b875fd8c6-pxwvc,35.9921875
1783736460,mem_mib,pod=workload-edge-7b875fd8c6-pxwvc,35.9921875
1783736470,mem_mib,pod=workload-edge-7b875fd8c6-pxwvc,36.2421875
1783736480,mem_mib,pod=workload-edge-7b875fd8c6-pxwvc,36.2421875
1783736490,mem_mib,pod=workload-edge-7b875fd8c6-pxwvc,35.99609375
1783736500,mem_mib,pod=workload-edge-7b875fd8c6-pxwvc,35.99609375
1783736510,mem_mib,pod=workload-edge-7b875fd8c6-pxwvc,35.99609375
1783736520,mem_mib,pod=workload-edge-7b875fd8c6-pxwvc,35.99609375
1783736530,mem_mib,pod=workload-edge-7b875fd8c6-pxwvc,35.99609375
1783736540,mem_mib,pod=workload-edge-7b875fd8c6-pxwvc,35.99609375
1783736550,mem_mib,pod=workload-edge-7b875fd8c6-pxwvc,35.99609375
1783736560,mem_mib,pod=workload-edge-7b875fd8c6-pxwvc,35.99609375
1783736570,mem_mib,pod=workload-edge-7b875fd8c6-pxwvc,35.99609375
1783736580,mem_mib,pod=workload-edge-7b875fd8c6-pxwvc,35.99609375
1783736590,mem_mib,pod=workload-edge-7b875fd8c6-pxwvc,35.99609375
1783736600,mem_mib,pod=workload-edge-7b875fd8c6-pxwvc,35.99609375
1783736610,mem_mib,pod=workload-edge-7b875fd8c6-pxwvc,35.99609375
1783736620,mem_mib,pod=workload-edge-7b875fd8c6-pxwvc,35.99609375
1783736630,mem_mib,pod=workload-edge-7b875fd8c6-pxwvc,35.99609375
1783736640,mem_mib,pod=workload-edge-7b875fd8c6-pxwvc,35.99609375
1783736650,mem_mib,pod=workload-edge-7b875fd8c6-pxwvc,35.99609375
1783736660,mem_mib,pod=workload-edge-7b875fd8c6-pxwvc,35.99609375
1783736670,mem_mib,pod=workload-edge-7b875fd8c6-pxwvc,35.99609375
1783736680,mem_mib,pod=workload-edge-7b875fd8c6-pxwvc,35.99609375
1783736690,mem_mib,pod=workload-edge-7b875fd8c6-pxwvc,35.99609375
1783736700,mem_mib,pod=workload-edge-7b875fd8c6-pxwvc,35.99609375
1783736710,mem_mib,pod=workload-edge-7b875fd8c6-pxwvc,35.99609375
1783736720,mem_mib,pod=workload-edge-7b875fd8c6-pxwvc,35.99609375
1783736730,mem_mib,pod=workload-edge-7b875fd8c6-pxwvc,35.99609375
1783736740,mem_mib,pod=workload-edge-7b875fd8c6-pxwvc,35.99609375
1783736750,mem_mib,pod=workload-edge-7b875fd8c6-pxwvc,35.99609375
1783736760,mem_mib,pod=workload-edge-7b875fd8c6-pxwvc,35.99609375
1783736770,mem_mib,pod=workload-edge-7b875fd8c6-pxwvc,35.99609375
1783736780,mem_mib,pod=workload-edge-7b875fd8c6-pxwvc,35.9921875
1783736790,mem_mib,pod=workload-edge-7b875fd8c6-pxwvc,35.99609375
1783736800,mem_mib,pod=workload-edge-7b875fd8c6-pxwvc,35.99609375
1783736810,mem_mib,pod=workload-edge-7b875fd8c6-pxwvc,36.24609375
1783736820,mem_mib,pod=workload-edge-7b875fd8c6-pxwvc,36.24609375
1783736830,mem_mib,pod=workload-edge-7b875fd8c6-pxwvc,35.99609375
1783736840,mem_mib,pod=workload-edge-7b875fd8c6-pxwvc,35.99609375
1783736850,mem_mib,pod=workload-edge-7b875fd8c6-pxwvc,35.99609375
1783736860,mem_mib,pod=workload-edge-7b875fd8c6-pxwvc,35.99609375
1783736870,mem_mib,pod=workload-edge-7b875fd8c6-pxwvc,35.99609375
1783736880,mem_mib,pod=workload-edge-7b875fd8c6-pxwvc,35.99609375
1783736890,mem_mib,pod=workload-edge-7b875fd8c6-pxwvc,35.99609375
1783736900,mem_mib,pod=workload-edge-7b875fd8c6-pxwvc,35.99609375
1783736910,mem_mib,pod=workload-edge-7b875fd8c6-pxwvc,35.99609375
1783736920,mem_mib,pod=workload-edge-7b875fd8c6-pxwvc,35.99609375
1783736930,mem_mib,pod=workload-edge-7b875fd8c6-pxwvc,35.99609375
1783736940,mem_mib,pod=workload-edge-7b875fd8c6-pxwvc,35.99609375
1783736950,mem_mib,pod=workload-edge-7b875fd8c6-pxwvc,35.99609375
1783736310,rps,tier=cloud,0.0
1783736320,rps,tier=cloud,0.580046403712297
1783736330,rps,tier=cloud,5.000236411640596
1783736340,rps,tier=cloud,13.560427214784546
1783736350,rps,tier=cloud,26.121567294037646
1783736360,rps,tier=cloud,42.761710468418734
1783736370,rps,tier=cloud,62.500591211824236
1783736380,rps,tier=cloud,82.28414461697975
1783736390,rps,tier=cloud,101.40398979749902
1783736400,rps,tier=cloud,120.68117482349648
1783736410,rps,tier=cloud,137.5096486907704
1783736420,rps,tier=cloud,161.62522534032044
1783736430,rps,tier=cloud,180.00573865919773
1783736440,rps,tier=cloud,197.82826461953297
1783736450,rps,tier=cloud,215.52481088930082
1783736460,rps,tier=cloud,234.74196463792472
1783736470,rps,tier=cloud,259.509063317414
1783736480,rps,tier=cloud,281.32194427248737
1783736490,rps,tier=cloud,302.0144070451641
1783736500,rps,tier=cloud,322.43702321453634
1783736510,rps,tier=cloud,426.18152085632113
1783736520,rps,tier=cloud,597.2408055281085
1783736530,rps,tier=cloud,829.6994310633436
1783736540,rps,tier=cloud,1077.0218107532337
1783736550,rps,tier=cloud,1316.16135104693
1783736560,rps,tier=cloud,1514.605455707676
1783736570,rps,tier=cloud,1614.6326266899848
1783736580,rps,tier=cloud,1630.5792900586264
1783736590,rps,tier=cloud,1628.261289821155
1783736600,rps,tier=cloud,1626.8813568375629
1783736610,rps,tier=cloud,1625.660693541084
1783736620,rps,tier=cloud,1631.4967788270737
1783736630,rps,tier=cloud,1634.2159191974856
1783736640,rps,tier=cloud,1633.8341836465656
1783736650,rps,tier=cloud,1630.945059513069
1783736660,rps,tier=cloud,1571.9682309054856
1783736670,rps,tier=cloud,1420.4086387372934
1783736680,rps,tier=cloud,1194.1530861148535
1783736690,rps,tier=cloud,943.8819603307163
1783736700,rps,tier=cloud,696.9220939897671
1783736710,rps,tier=cloud,506.9259913825159
1783736720,rps,tier=cloud,401.0215651940677
1783736730,rps,tier=cloud,373.2340369821625
1783736740,rps,tier=cloud,371.5045137078518
1783736750,rps,tier=cloud,371.0602215984682
1783736760,rps,tier=cloud,370.75150280883224
1783736770,rps,tier=cloud,371.93769047639717
1783736780,rps,tier=cloud,374.3964519543881
1783736790,rps,tier=cloud,376.40399168757807
1783736800,rps,tier=cloud,376.5995950634119
1783736810,rps,tier=cloud,376.9422313855706
1783736820,rps,tier=cloud,376.63657475354756
1783736830,rps,tier=cloud,373.6638887585839
1783736840,rps,tier=cloud,372.7844120360642
1783736850,rps,tier=cloud,372.74988829509783
1783736860,rps,tier=cloud,370.8148325933037
1783736870,rps,tier=cloud,352.89570112837924
1783736880,rps,tier=cloud,314.146328196983
1783736890,rps,tier=cloud,251.3949624929014
1783736900,rps,tier=cloud,176.33063588678283
1783736910,rps,tier=cloud,103.44333931822847
1783736920,rps,tier=cloud,46.08273616301774
1783736930,rps,tier=cloud,11.740704442266537
1783736940,rps,tier=cloud,0.12000480019200768
1783736950,rps,tier=cloud,0.0
1783736320,lat50_ms,tier=cloud,1.7249999999999999
1783736330,lat50_ms,tier=cloud,1.6648936170212767
1783736340,lat50_ms,tier=cloud,2.0436050515027255
1783736350,lat50_ms,tier=cloud,2.3675213675213675
1783736360,lat50_ms,tier=cloud,2.1578947368421053
1783736370,lat50_ms,tier=cloud,2.666427842986833
1783736380,lat50_ms,tier=cloud,2.966549295774648
1783736390,lat50_ms,tier=cloud,3.499318513005522
1783736400,lat50_ms,tier=cloud,3.691713346769731
1783736410,lat50_ms,tier=cloud,3.7755199700051687
1783736420,lat50_ms,tier=cloud,3.7986753408385447
1783736430,lat50_ms,tier=cloud,3.9703448485039554
1783736440,lat50_ms,tier=cloud,4.46071625119713
1783736450,lat50_ms,tier=cloud,4.57891305115221
1783736460,lat50_ms,tier=cloud,4.789593211799059
1783736470,lat50_ms,tier=cloud,4.472270929393986
1783736480,lat50_ms,tier=cloud,4.288377211506433
1783736490,lat50_ms,tier=cloud,4.1525868450164545
1783736500,lat50_ms,tier=cloud,4.200156417871776
1783736510,lat50_ms,tier=cloud,4.290441615136275
1783736520,lat50_ms,tier=cloud,4.963808942862841
1783736530,lat50_ms,tier=cloud,7.264913067122245
1783736540,lat50_ms,tier=cloud,9.446711663526441
1783736550,lat50_ms,tier=cloud,11.405265590505289
1783736560,lat50_ms,tier=cloud,12.859025376228514
1783736570,lat50_ms,tier=cloud,13.927717021863646
1783736580,lat50_ms,tier=cloud,14.872604194329297
1783736590,lat50_ms,tier=cloud,15.633255096652816
1783736600,lat50_ms,tier=cloud,16.281381237006237
1783736610,lat50_ms,tier=cloud,16.787205034548748
1783736620,lat50_ms,tier=cloud,17.08032012137527
1783736630,lat50_ms,tier=cloud,17.543876640579736
1783736640,lat50_ms,tier=cloud,17.75633005464798
1783736650,lat50_ms,tier=cloud,17.790522457081654
1783736660,lat50_ms,tier=cloud,17.577833595777886
1783736670,lat50_ms,tier=cloud,17.190553164467392
1783736680,lat50_ms,tier=cloud,16.80187744484692
1783736690,lat50_ms,tier=cloud,16.31114756416064
1783736700,lat50_ms,tier=cloud,15.686915644408412
1783736710,lat50_ms,tier=cloud,14.887289416183174
1783736720,lat50_ms,tier=cloud,13.898845367817636
1783736730,lat50_ms,tier=cloud,13.078913151062608
1783736740,lat50_ms,tier=cloud,11.622550420782062
1783736750,lat50_ms,tier=cloud,9.110128746719587
1783736760,lat50_ms,tier=cloud,6.891047985151588
1783736770,lat50_ms,tier=cloud,4.929737355175054
1783736780,lat50_ms,tier=cloud,4.279326201534503
1783736790,lat50_ms,tier=cloud,4.027252472882685
1783736800,lat50_ms,tier=cloud,4.0233389140834195
1783736810,lat50_ms,tier=cloud,4.1205406728209715
1783736820,lat50_ms,tier=cloud,4.061287769201373
1783736830,lat50_ms,tier=cloud,4.152862995925174
1783736840,lat50_ms,tier=cloud,4.094779960513698
1783736850,lat50_ms,tier=cloud,3.984744027822543
1783736860,lat50_ms,tier=cloud,4.041606070671985
1783736870,lat50_ms,tier=cloud,4.07798440385736
1783736880,lat50_ms,tier=cloud,4.2099692380366
1783736890,lat50_ms,tier=cloud,4.43232353429761
1783736900,lat50_ms,tier=cloud,4.576485855360966
1783736910,lat50_ms,tier=cloud,4.725555113200197
1783736920,lat50_ms,tier=cloud,4.814810951979814
1783736930,lat50_ms,tier=cloud,5.1574247820363395
1783736940,lat50_ms,tier=cloud,4.8112862201308815
1783736950,lat50_ms,tier=cloud,4.817927942347725
1783736320,lat95_ms,tier=cloud,4.516666666666666
1783736330,lat95_ms,tier=cloud,4.39516129032258
1783736340,lat95_ms,tier=cloud,4.704360505150272
1783736350,lat95_ms,tier=cloud,4.8790598290598295
1783736360,lat95_ms,tier=cloud,4.870582706766917
1783736370,lat95_ms,tier=cloud,8.398146963076455
1783736380,lat95_ms,tier=cloud,9.203742203742202
1783736390,lat95_ms,tier=cloud,9.915949895400317
1783736400,lat95_ms,tier=cloud,11.877829242235629
1783736410,lat95_ms,tier=cloud,13.905261771127442
1783736420,lat95_ms,tier=cloud,15.654599036265683
1783736430,lat95_ms,tier=cloud,16.669371078015534
1783736440,lat95_ms,tier=cloud,17.210043053523084
1783736450,lat95_ms,tier=cloud,17.386791074812855
1783736460,lat95_ms,tier=cloud,17.5411311833548
1783736470,lat95_ms,tier=cloud,17.272628225200343
1783736480,lat95_ms,tier=cloud,17.078756524886867
1783736490,lat95_ms,tier=cloud,16.965138170645776
1783736500,lat95_ms,tier=cloud,16.974760437241308
1783736510,lat95_ms,tier=cloud,17.541202514084002
1783736520,lat95_ms,tier=cloud,19.888752934463557
1783736530,lat95_ms,tier=cloud,38.45760818538136
1783736540,lat95_ms,tier=cloud,42.36998249534408
1783736550,lat95_ms,tier=cloud,43.86493446935415
1783736560,lat95_ms,tier=cloud,44.71557461653199
1783736570,lat95_ms,tier=cloud,45.21076514892619
1783736580,lat95_ms,tier=cloud,45.576827675243294
1783736590,lat95_ms,tier=cloud,45.82331586125144
1783736600,lat95_ms,tier=cloud,46.036930184611684
1783736610,lat95_ms,tier=cloud,46.18890550082342
1783736620,lat95_ms,tier=cloud,46.253425904990586
1783736630,lat95_ms,tier=cloud,46.389167742071415
1783736640,lat95_ms,tier=cloud,46.462960213307774
1783736650,lat95_ms,tier=cloud,46.481391664065455
1783736660,lat95_ms,tier=cloud,46.41781442757285
1783736670,lat95_ms,tier=cloud,46.296674477891116
1783736680,lat95_ms,tier=cloud,46.148216846774915
1783736690,lat95_ms,tier=cloud,45.96939367932268
1783736700,lat95_ms,tier=cloud,45.75463436777473
1783736710,lat95_ms,tier=cloud,45.41465521693823
1783736720,lat95_ms,tier=cloud,44.974767143955695
1783736730,lat95_ms,tier=cloud,44.705701748269725
1783736740,lat95_ms,tier=cloud,43.96216728054372
1783736750,lat95_ms,tier=cloud,42.028295340823114
1783736760,lat95_ms,tier=cloud,36.08827088679363
1783736770,lat95_ms,tier=cloud,19.617585212026132
1783736780,lat95_ms,tier=cloud,17.306572104750213
1783736790,lat95_ms,tier=cloud,16.059887524603862
1783736800,lat95_ms,tier=cloud,15.939736725981126
1783736810,lat95_ms,tier=cloud,16.022987589929816
1783736820,lat95_ms,tier=cloud,15.804965051733982
1783736830,lat95_ms,tier=cloud,16.335705010655296
1783736840,lat95_ms,tier=cloud,16.050756802560304
1783736850,lat95_ms,tier=cloud,15.313719938543164
1783736860,lat95_ms,tier=cloud,15.53436086362509
1783736870,lat95_ms,tier=cloud,15.3582603712055
1783736880,lat95_ms,tier=cloud,15.812653958367308
1783736890,lat95_ms,tier=cloud,16.122146727165035
1783736900,lat95_ms,tier=cloud,16.359005753039206
1783736910,lat95_ms,tier=cloud,16.521272412788182
1783736920,lat95_ms,tier=cloud,16.648215332487627
1783736930,lat95_ms,tier=cloud,17.02972373948815
1783736940,lat95_ms,tier=cloud,16.155671263964784
1783736950,lat95_ms,tier=cloud,15.856511249539407
1783736320,lat99_ms,tier=cloud,4.903333333333334
1783736330,lat99_ms,tier=cloud,4.879032258064516
1783736340,lat99_ms,tier=cloud,4.940872101030055
1783736350,lat99_ms,tier=cloud,8.235135135135144
1783736360,lat99_ms,tier=cloud,8.247540983606552
1783736370,lat99_ms,tier=cloud,9.69609031490073
1783736380,lat99_ms,tier=cloud,13.286153846153777
1783736390,lat99_ms,tier=cloud,17.806107335202917
1783736400,lat99_ms,tier=cloud,18.520362234494055
1783736410,lat99_ms,tier=cloud,18.891702300245733
1783736420,lat99_ms,tier=cloud,19.193615732018035
1783736430,lat99_ms,tier=cloud,19.407193971203927
1783736440,lat99_ms,tier=cloud,19.515439992126627
1783736450,lat99_ms,tier=cloud,19.56722205501875
1783736460,lat99_ms,tier=cloud,19.583047757868787
1783736470,lat99_ms,tier=cloud,19.528359151167198
1783736480,lat99_ms,tier=cloud,19.487278793595948
1783736490,lat99_ms,tier=cloud,19.461061032380947
1783736500,lat99_ms,tier=cloud,19.478721827315624
1783736510,lat99_ms,tier=cloud,19.710979857747503
1783736520,lat99_ms,tier=cloud,43.692126232470414
1783736530,lat99_ms,tier=cloud,47.69152163707627
1783736540,lat99_ms,tier=cloud,48.48916072793086
1783736550,lat99_ms,tier=cloud,48.78899181856829
1783736560,lat99_ms,tier=cloud,48.95849698235749
1783736570,lat99_ms,tier=cloud,49.05447905056937
1783736580,lat99_ms,tier=cloud,49.13928863219384
1783736590,lat99_ms,tier=cloud,49.18614067493579
1783736600,lat99_ms,tier=cloud,49.22604080475391
1783736610,lat99_ms,tier=cloud,49.2604225235889
1783736620,lat99_ms,tier=cloud,49.27367072033212
1783736630,lat99_ms,tier=cloud,49.2993322368425
1783736640,lat99_ms,tier=cloud,49.314193629439245
1783736650,lat99_ms,tier=cloud,49.31748055518173
1783736660,lat99_ms,tier=cloud,49.30586103768192
1783736670,lat99_ms,tier=cloud,49.28196004984532
1783736680,lat99_ms,tier=cloud,49.25486546587071
1783736690,lat99_ms,tier=cloud,49.21174749767579
1783736700,lat99_ms,tier=cloud,49.17049682620793
1783736710,lat99_ms,tier=cloud,49.10628453777349
1783736720,lat99_ms,tier=cloud,49.01144773484087
1783736730,lat99_ms,tier=cloud,48.95549117113936
1783736740,lat99_ms,tier=cloud,48.811350714381334
1783736750,lat99_ms,tier=cloud,48.43144967564336
1783736760,lat99_ms,tier=cloud,47.24108399378102
1783736770,lat99_ms,tier=cloud,42.82211354773224
1783736780,lat99_ms,tier=cloud,19.588162249419582
1783736790,lat99_ms,tier=cloud,19.296950017809436
1783736800,lat99_ms,tier=cloud,19.28550822183426
1783736810,lat99_ms,tier=cloud,19.29695420956086
1783736820,lat99_ms,tier=cloud,19.258349389153103
1783736830,lat99_ms,tier=cloud,19.367509798604093
1783736840,lat99_ms,tier=cloud,19.311658053407925
1783736850,lat99_ms,tier=cloud,19.169385865797203
1783736860,lat99_ms,tier=cloud,19.203257664257222
1783736870,lat99_ms,tier=cloud,19.15850618472302
1783736880,lat99_ms,tier=cloud,19.252600596048225
1783736890,lat99_ms,tier=cloud,19.315753556581015
1783736900,lat99_ms,tier=cloud,19.368209850019117
1783736910,lat99_ms,tier=cloud,19.38778358723005
1783736920,lat99_ms,tier=cloud,19.41842811941774
1783736930,lat99_ms,tier=cloud,19.50006238859854
1783736940,lat99_ms,tier=cloud,19.316488230389773
1783736950,lat99_ms,tier=cloud,19.268995601333994
1783736310,inflight,tier=cloud,0.0
1783736320,inflight,tier=cloud,0.0
1783736330,inflight,tier=cloud,0.0
1783736340,inflight,tier=cloud,0.0
1783736350,inflight,tier=cloud,0.0
1783736360,inflight,tier=cloud,0.0
1783736370,inflight,tier=cloud,0.0
1783736380,inflight,tier=cloud,0.0
1783736390,inflight,tier=cloud,0.0
1783736400,inflight,tier=cloud,0.0
1783736410,inflight,tier=cloud,0.0
1783736420,inflight,tier=cloud,3.0
1783736430,inflight,tier=cloud,0.0
1783736440,inflight,tier=cloud,0.0
1783736450,inflight,tier=cloud,0.0
1783736460,inflight,tier=cloud,4.0
1783736470,inflight,tier=cloud,0.0
1783736480,inflight,tier=cloud,1.0
1783736490,inflight,tier=cloud,2.0
1783736500,inflight,tier=cloud,0.0
1783736510,inflight,tier=cloud,6.0
1783736520,inflight,tier=cloud,1.0
1783736530,inflight,tier=cloud,14.0
1783736540,inflight,tier=cloud,25.0
1783736550,inflight,tier=cloud,25.0
1783736560,inflight,tier=cloud,0.0
1783736570,inflight,tier=cloud,2.0
1783736580,inflight,tier=cloud,3.0
1783736590,inflight,tier=cloud,1.0
1783736600,inflight,tier=cloud,11.0
1783736610,inflight,tier=cloud,23.0
1783736620,inflight,tier=cloud,14.0
1783736630,inflight,tier=cloud,0.0
1783736640,inflight,tier=cloud,0.0
1783736650,inflight,tier=cloud,0.0
1783736660,inflight,tier=cloud,0.0
1783736670,inflight,tier=cloud,0.0
1783736680,inflight,tier=cloud,0.0
1783736690,inflight,tier=cloud,0.0
1783736700,inflight,tier=cloud,0.0
1783736710,inflight,tier=cloud,0.0
1783736720,inflight,tier=cloud,0.0
1783736730,inflight,tier=cloud,0.0
1783736740,inflight,tier=cloud,0.0
1783736750,inflight,tier=cloud,0.0
1783736760,inflight,tier=cloud,0.0
1783736770,inflight,tier=cloud,0.0
1783736780,inflight,tier=cloud,0.0
1783736790,inflight,tier=cloud,0.0
1783736800,inflight,tier=cloud,1.0
1783736810,inflight,tier=cloud,1.0
1783736820,inflight,tier=cloud,0.0
1783736830,inflight,tier=cloud,0.0
1783736840,inflight,tier=cloud,0.0
1783736850,inflight,tier=cloud,0.0
1783736860,inflight,tier=cloud,0.0
1783736870,inflight,tier=cloud,0.0
1783736880,inflight,tier=cloud,0.0
1783736890,inflight,tier=cloud,0.0
1783736900,inflight,tier=cloud,0.0
1783736910,inflight,tier=cloud,0.0
1783736920,inflight,tier=cloud,0.0
1783736930,inflight,tier=cloud,0.0
1783736940,inflight,tier=cloud,0.0
1783736950,inflight,tier=cloud,0.0
1783736310,inflight,tier=edge,0.0
1783736320,inflight,tier=edge,0.0
1783736330,inflight,tier=edge,0.0
1783736340,inflight,tier=edge,0.0
1783736350,inflight,tier=edge,0.0
1783736360,inflight,tier=edge,0.0
1783736370,inflight,tier=edge,0.0
1783736380,inflight,tier=edge,0.0
1783736390,inflight,tier=edge,0.0
1783736400,inflight,tier=edge,0.0
1783736410,inflight,tier=edge,0.0
1783736420,inflight,tier=edge,0.0
1783736430,inflight,tier=edge,0.0
1783736440,inflight,tier=edge,0.0
1783736450,inflight,tier=edge,0.0
1783736460,inflight,tier=edge,0.0
1783736470,inflight,tier=edge,0.0
1783736480,inflight,tier=edge,0.0
1783736490,inflight,tier=edge,0.0
1783736500,inflight,tier=edge,0.0
1783736510,inflight,tier=edge,0.0
1783736520,inflight,tier=edge,0.0
1783736530,inflight,tier=edge,0.0
1783736540,inflight,tier=edge,0.0
1783736550,inflight,tier=edge,0.0
1783736560,inflight,tier=edge,0.0
1783736570,inflight,tier=edge,0.0
1783736580,inflight,tier=edge,0.0
1783736590,inflight,tier=edge,0.0
1783736600,inflight,tier=edge,0.0
1783736610,inflight,tier=edge,0.0
1783736620,inflight,tier=edge,0.0
1783736630,inflight,tier=edge,0.0
1783736640,inflight,tier=edge,0.0
1783736650,inflight,tier=edge,0.0
1783736660,inflight,tier=edge,0.0
1783736670,inflight,tier=edge,0.0
1783736680,inflight,tier=edge,0.0
1783736690,inflight,tier=edge,0.0
1783736700,inflight,tier=edge,0.0
1783736710,inflight,tier=edge,0.0
1783736720,inflight,tier=edge,0.0
1783736730,inflight,tier=edge,0.0
1783736740,inflight,tier=edge,0.0
1783736750,inflight,tier=edge,0.0
1783736760,inflight,tier=edge,0.0
1783736770,inflight,tier=edge,0.0
1783736780,inflight,tier=edge,0.0
1783736790,inflight,tier=edge,0.0
1783736800,inflight,tier=edge,0.0
1783736810,inflight,tier=edge,0.0
1783736820,inflight,tier=edge,0.0
1783736830,inflight,tier=edge,0.0
1783736840,inflight,tier=edge,0.0
1783736850,inflight,tier=edge,0.0
1783736860,inflight,tier=edge,0.0
1783736870,inflight,tier=edge,0.0
1783736880,inflight,tier=edge,0.0
1783736890,inflight,tier=edge,0.0
1783736900,inflight,tier=edge,0.0
1783736910,inflight,tier=edge,0.0
1783736920,inflight,tier=edge,0.0
1783736930,inflight,tier=edge,0.0
1783736940,inflight,tier=edge,0.0
1783736950,inflight,tier=edge,0.0
