ts,metric,labels,value
1783742864,replicas_status,deployment=workload-cloud,1.0
1783742874,replicas_status,deployment=workload-cloud,1.0
1783742884,replicas_status,deployment=workload-cloud,1.0
1783742894,replicas_status,deployment=workload-cloud,1.0
1783742904,replicas_status,deployment=workload-cloud,1.0
1783742914,replicas_status,deployment=workload-cloud,1.0
1783742924,replicas_status,deployment=workload-cloud,1.0
1783742934,replicas_status,deployment=workload-cloud,1.0
1783742944,replicas_status,deployment=workload-cloud,1.0
1783742954,replicas_status,deployment=workload-cloud,2.0
1783742964,replicas_status,deployment=workload-cloud,2.0
1783742974,replicas_status,deployment=workload-cloud,3.0
1783742984,replicas_status,deployment=workload-cloud,3.0
1783742994,replicas_status,deployment=workload-cloud,3.0
1783743004,replicas_status,deployment=workload-cloud,3.0
1783743014,replicas_status,deployment=workload-cloud,4.0
1783743024,replicas_status,deployment=workload-cloud,4.0
1783743034,replicas_status,deployment=workload-cloud,5.0
1783743044,replicas_status,deployment=workload-cloud,5.0
1783743054,replicas_status,deployment=workload-cloud,5.0
1783743064,replicas_status,deployment=workload-cloud,5.0
1783743074,replicas_status,deployment=workload-cloud,6.0
1783743084,replicas_status,deployment=workload-cloud,6.0
1783743094,replicas_status,deployment=workload-cloud,6.0
1783743104,replicas_status,deployment=workload-cloud,6.0
1783743114,replicas_status,deployment=workload-cloud,6.0
1783743124,replicas_status,deployment=workload-cloud,6.0
1783743134,replicas_status,deployment=workload-cloud,6.0
1783743144,replicas_status,deployment=workload-cloud,6.0
1783743154,replicas_status,deployment=workload-cloud,6.0
1783743164,replicas_status,deployment=workload-cloud,6.0
1783743174,replicas_status,deployment=workload-cloud,6.0
1783743184,replicas_status,deployment=workload-cloud,6.0
1783743194,replicas_status,deployment=workload-cloud,6.0
1783743204,replicas_status,deployment=workload-cloud,6.0
1783743214,replicas_status,deployment=workload-cloud,6.0
1783743224,replicas_status,deployment=workload-cloud,6.0
1783743234,replicas_status,deployment=workload-cloud,6.0
1783743244,replicas_status,deployment=workload-cloud,6.0
1783743254,replicas_status,deployment=workload-cloud,6.0
1783743264,replicas_status,deployment=workload-cloud,6.0
1783743274,replicas_status,deployment=workload-cloud,6.0
1783743284,replicas_status,deployment=workload-cloud,6.0
1783743294,replicas_status,deployment=workload-cloud,6.0
1783743304,replicas_status,deployment=workload-cloud,6.0
1783743314,replicas_status,deployment=workload-cloud,6.0
1783743324,replicas_status,deployment=workload-cloud,6.0
1783743334,replicas_status,deployment=workload-cloud,6.0
1783743344,replicas_status,deployment=workload-cloud,6.0
1783743354,replicas_status,deployment=workload-cloud,6.0
1783743364,replicas_status,deployment=workload-cloud,6.0
1783743374,replicas_status,deployment=workload-cloud,6.0
1783743384,replicas_status,deployment=workload-cloud,6.0
1783743394,replicas_status,deployment=workload-cloud,6.0
1783743404,replicas_status,deployment=workload-cloud,6.0
1783743414,replicas_status,deployment=workload-cloud,6.0
1783743424,replicas_status,deployment=workload-cloud,6.0
1783743434,replicas_status,deployment=workload-cloud,6.0
1783743444,replicas_status,deployment=workload-cloud,6.0
1783743454,replicas_status,deployment=workload-cloud,6.0
1783743464,replicas_status,deployment=workload-cloud,6.0
1783743474,replicas_status,deployment=workload-cloud,6.0
1783743484,replicas_status,deployment=workload-cloud,6.0
1783743494,replicas_status,deployment=workload-cloud,6.0
1783743504,replicas_status,deployment=workload-cloud,6.0
1783742864,replicas_status,deployment=workload-edge,1.0
1783742874,replicas_status,deployment=workload-edge,1.0
1783742884,replicas_status,deployment=workload-edge,1.0
1783742894,replicas_status,deployment=workload-edge,1.0
1783742904,replicas_status,deployment=workload-edge,1.0
1783742914,replicas_status,deployment=workload-edge,1.0
1783742924,replicas_status,deployment=workload-edge,1.0
1783742934,replicas_status,deployment=workload-edge,1.0
1783742944,replicas_status,deployment=workload-edge,1.0
1783742954,replicas_status,deployment=workload-edge,1.0
1783742964,replicas_status,deployment=workload-edge,1.0
1783742974,replicas_status,deployment=workload-edge,1.0
1783742984,replicas_status,deployment=workload-edge,1.0
1783742994,replicas_status,deployment=workload-edge,1.0
1783743004,replicas_status,deployment=workload-edge,1.0
1783743014,replicas_status,deployment=workload-edge,1.0
1783743024,replicas_status,deployment=workload-edge,1.0
1783743034,replicas_status,deployment=workload-edge,1.0
1783743044,replicas_status,deployment=workload-edge,1.0
1783743054,replicas_status,deployment=workload-edge,1.0
1783743064,replicas_status,deployment=workload-edge,1.0
1783743074,replicas_status,deployment=workload-edge,1.0
1783743084,replicas_status,deployment=workload-edge,1.0
1783743094,replicas_status,deployment=workload-edge,1.0
1783743104,replicas_status,deployment=workload-edge,1.0
1783743114,replicas_status,deployment=workload-edge,1.0
1783743124,replicas_status,deployment=workload-edge,1.0
1783743134,replicas_status,deployment=workload-edge,1.0
1783743144,replicas_status,deployment=workload-edge,1.0
1783743154,replicas_status,deployment=workload-edge,1.0
1783743164,replicas_status,deployment=workload-edge,1.0
1783743174,replicas_status,deployment=workload-edge,1.0
1783743184,replicas_status,deployment=workload-edge,1.0
1783743194,replicas_status,deployment=workload-edge,1.0
1783743204,replicas_status,deployment=workload-edge,1.0
1783743214,replicas_status,deployment=workload-edge,1.0
1783743224,replicas_status,deployment=workload-edge,1.0
1783743234,replicas_status,deployment=workload-edge,1.0
1783743244,replicas_status,deployment=workload-edge,1.0
1783743254,replicas_status,deployment=workload-edge,1.0
1783743264,replicas_status,deployment=workload-edge,1.0
1783743274,replicas_status,deployment=workload-edge,1.0
1783743284,replicas_status,deployment=workload-edge,1.0
1783743294,replicas_status,deployment=workload-edge,1.0
1783743304,replicas_status,deployment=workload-edge,1.0
1783743314,replicas_status,deployment=workload-edge,1.0
1783743324,replicas_status,deployment=workload-edge,1.0
1783743334,replicas_status,deployment=workload-edge,1.0
1783743344,replicas_status,deployment=workload-edge,1.0
1783743354,replicas_status,deployment=workload-edge,1.0
1783743364,replicas_status,deployment=workload-edge,1.0
1783743374,replicas_status,deployment=workload-edge,1.0
1783743384,replicas_status,deployment=workload-edge,1.0
1783743394,replicas_status,deployment=workload-edge,1.0
1783743404,replicas_status,deployment=workload-edge,1.0
1783743414,replicas_status,deployment=workload-edge,1.0
1783743424,replicas_status,deployment=workload-edge,1.0
1783743434,replicas_status,deployment=workload-edge,1.0
1783743444,replicas_status,deployment=workload-edge,1.0
1783743454,replicas_status,deployment=workload-edge,1.0
1783743464,replicas_status,deployment=workload-edge,1.0
1783743474,replicas_status,deployment=workload-edge,1.0
1783743484,replicas_status,deployment=workload-edge,1.0
1783743494,replicas_status,deployment=workload-edge,1.0
1783743504,replicas_status,deployment=workload-edge,1.0
1783742864,replicas_spec,deployment=workload-cloud,1.0
1783742874,replicas_spec,deployment=workload-cloud,1.0
1783742884,replicas_spec,deployment=workload-cloud,1.0
1783742894,replicas_spec,deployment=workload-cloud,1.0
1783742904,replicas_spec,deployment=workload-cloud,1.0
1783742914,replicas_spec,deployment=workload-cloud,1.0
1783742924,replicas_spec,deployment=workload-cloud,1.0
1783742934,replicas_spec,deployment=workload-cloud,1.0
1783742944,replicas_spec,deployment=workload-cloud,1.0
1783742954,replicas_spec,deployment=workload-cloud,2.0
1783742964,replicas_spec,deployment=workload-cloud,2.0
1783742974,replicas_spec,deployment=workload-cloud,3.0
1783742984,replicas_spec,deployment=workload-cloud,3.0
1783742994,replicas_spec,deployment=workload-cloud,3.0
1783743004,replicas_spec,deployment=workload-cloud,3.0
1783743014,replicas_spec,deployment=workload-cloud,4.0
1783743024,replicas_spec,deployment=workload-cloud,4.0
1783743034,replicas_spec,deployment=workload-cloud,5.0
1783743044,replicas_spec,deployment=workload-cloud,5.0
1783743054,replicas_spec,deployment=workload-cloud,5.0
1783743064,replicas_spec,deployment=workload-cloud,5.0
1783743074,replicas_spec,deployment=workload-cloud,6.0
1783743084,replicas_spec,deployment=workload-cloud,6.0
1783743094,replicas_spec,deployment=workload-cloud,6.0
1783743104,replicas_spec,deployment=workload-cloud,6.0
1783743114,replicas_spec,deployment=workload-cloud,6.0
1783743124,replicas_spec,deployment=workload-cloud,6.0
1783743134,replicas_spec,deployment=workload-cloud,6.0
1783743144,replicas_spec,deployment=workload-cloud,6.0
1783743154,replicas_spec,deployment=workload-cloud,6.0
1783743164,replicas_spec,deployment=workload-cloud,6.0
1783743174,replicas_spec,deployment=workload-cloud,6.0
1783743184,replicas_spec,deployment=workload-cloud,6.0
1783743194,replicas_spec,deployment=workload-cloud,6.0
1783743204,replicas_spec,deployment=workload-cloud,6.0
1783743214,replicas_spec,deployment=workload-cloud,6.0
1783743224,replicas_spec,deployment=workload-cloud,6.0
1783743234,replicas_spec,deployment=workload-cloud,6.0
1783743244,replicas_spec,deployment=workload-cloud,6.0
1783743254,replicas_spec,deployment=workload-cloud,6.0
1783743264,replicas_spec,deployment=workload-cloud,6.0
1783743274,replicas_spec,deployment=workload-cloud,6.0
1783743284,replicas_spec,deployment=workload-cloud,6.0
1783743294,replicas_spec,deployment=workload-cloud,6.0
1783743304,replicas_spec,deployment=workload-cloud,6.0
1783743314,replicas_spec,deployment=workload-cloud,6.0
1783743324,replicas_spec,deployment=workload-cloud,6.0
1783743334,replicas_spec,deployment=workload-cloud,6.0
1783743344,replicas_spec,deployment=workload-cloud,6.0
1783743354,replicas_spec,deployment=workload-cloud,6.0
1783743364,replicas_spec,deployment=workload-cloud,6.0
1783743374,replicas_spec,deployment=workload-cloud,6.0
1783743384,replicas_spec,deployment=workload-cloud,6.0
1783743394,replicas_spec,deployment=workload-cloud,6.0
1783743404,replicas_spec,deployment=workload-cloud,6.0
1783743414,replicas_spec,deployment=workload-cloud,6.0
1783743424,replicas_spec,deployment=workload-cloud,6.0
1783743434,replicas_spec,deployment=workload-cloud,6.0
1783743444,replicas_spec,deployment=workload-cloud,6.0
1783743454,replicas_spec,deployment=workload-cloud,6.0
1783743464,replicas_spec,deployment=workload-cloud,6.0
1783743474,replicas_spec,deployment=workload-cloud,6.0
1783743484,replicas_spec,deployment=workload-cloud,6.0
1783743494,replicas_spec,deployment=workload-cloud,6.0
1783743504,replicas_spec,deployment=workload-cloud,6.0
1783742864,replicas_spec,deployment=workload-edge,1.0
1783742874,replicas_spec,deployment=workload-edge,1.0
1783742884,replicas_spec,deployment=workload-edge,1.0
1783742894,replicas_spec,deployment=workload-edge,1.0
1783742904,replicas_spec,deployment=workload-edge,1.0
1783742914,replicas_spec,deployment=workload-edge,1.0
1783742924,replicas_spec,deployment=workload-edge,1.0
1783742934,replicas_spec,deployment=workload-edge,1.0
1783742944,replicas_spec,deployment=workload-edge,1.0
1783742954,replicas_spec,deployment=workload-edge,1.0
1783742964,replicas_spec,deployment=workload-edge,1.0
1783742974,replicas_spec,deployment=workload-edge,1.0
1783742984,replicas_spec,deployment=workload-edge,1.0
1783742994,replicas_spec,deployment=workload-edge,1.0
1783743004,replicas_spec,deployment=workload-edge,1.0
1783743014,replicas_spec,deployment=workload-edge,1.0
1783743024,replicas_spec,deployment=workload-edge,1.0
1783743034,replicas_spec,deployment=workload-edge,1.0
1783743044,replicas_spec,deployment=workload-edge,1.0
1783743054,replicas_spec,deployment=workload-edge,1.0
1783743064,replicas_spec,deployment=workload-edge,1.0
1783743074,replicas_spec,deployment=workload-edge,1.0
1783743084,replicas_spec,deployment=workload-edge,1.0
1783743094,replicas_spec,deployment=workload-edge,1.0
1783743104,replicas_spec,deployment=workload-edge,1.0
1783743114,replicas_spec,deployment=workload-edge,1.0
1783743124,replicas_spec,deployment=workload-edge,1.0
1783743134,replicas_spec,deployment=workload-edge,1.0
1783743144,replicas_spec,deployment=workload-edge,1.0
1783743154,replicas_spec,deployment=workload-edge,1.0
1783743164,replicas_spec,deployment=workload-edge,1.0
1783743174,replicas_spec,deployment=workload-edge,1.0
1783743184,replicas_spec,deployment=workload-edge,1.0
1783743194,replicas_spec,deployment=workload-edge,1.0
1783743204,replicas_spec,deployment=workload-edge,1.0
1783743214,replicas_spec,deployment=workload-edge,1.0
1783743224,replicas_spec,deployment=workload-edge,1.0
1783743234,replicas_spec,deployment=workload-edge,1.0
1783743244,replicas_spec,deployment=workload-edge,1.0
1783743254,replicas_spec,deployment=workload-edge,1.0
1783743264,replicas_spec,deployment=workload-edge,1.0
1783743274,replicas_spec,deployment=workload-edge,1.0
1783743284,replicas_spec,deployment=workload-edge,1.0
1783743294,replicas_spec,deployment=workload-edge,1.0
1783743304,replicas_spec,deployment=workload-edge,1.0
1783743314,replicas_spec,deployment=workload-edge,1.0
1783743324,replicas_spec,deployment=workload-edge,1.0
1783743334,replicas_spec,deployment=workload-edge,1.0
1783743344,replicas_spec,deployment=workload-edge,1.0
1783743354,replicas_spec,deployment=workload-edge,1.0
1783743364,replicas_spec,deployment=workload-edge,1.0
1783743374,replicas_spec,deployment=workload-edge,1.0
1783743384,replicas_spec,deployment=workload-edge,1.0
1783743394,replicas_spec,deployment=workload-edge,1.0
1783743404,replicas_spec,deployment=workload-edge,1.0
1783743414,replicas_spec,deployment=workload-edge,1.0
1783743424,replicas_spec,deployment=workload-edge,1.0
1783743434,replicas_spec,deployment=workload-edge,1.0
1783743444,replicas_spec,deployment=workload-edge,1.0
1783743454,replicas_spec,deployment=workload-edge,1.0
1783743464,replicas_spec,deployment=workload-edge,1.0
1783743474,replicas_spec,deployment=workload-edge,1.0
1783743484,replicas_spec,deployment=workload-edge,1.0
1783743494,replicas_spec,deployment=workload-edge,1.0
1783743504,replicas_spec,deployment=workload-edge,1.0
1783742984,cpu_cores,pod=workload-cloud-6f545f89ff-57p5d,0.012214974231599313
1783742994,cpu_cores,pod=workload-cloud-6f545f89ff-57p5d,0.015729077679088873
1783743004,cpu_cores,pod=workload-cloud-6f545f89ff-57p5d,0.0267941028793067
1783743014,cpu_cores,pod=workload-cloud-6f545f89ff-57p5d,0.03327217094102727
1783743024,cpu_cores,pod=workload-cloud-6f545f89ff-57p5d,0.048315595475965346
1783743034,cpu_cores,pod=workload-cloud-6f545f89ff-57p5d,0.051201056248702755
1783743044,cpu_cores,pod=workload-cloud-6f545f89ff-57p5d,0.0700781691156771
1783743054,cpu_cores,pod=workload-cloud-6f545f89ff-57p5d,0.08505768411183089
1783743064,cpu_cores,pod=workload-cloud-6f545f89ff-57p5d,0.08171863556998253
1783743074,cpu_cores,pod=workload-cloud-6f545f89ff-57p5d,0.1660838244085746
1783743084,cpu_cores,pod=workload-cloud-6f545f89ff-57p5d,0.1840085874666992
1783743094,cpu_cores,pod=workload-cloud-6f545f89ff-57p5d,0.27677808281385463
1783743104,cpu_cores,pod=workload-cloud-6f545f89ff-57p5d,0.3256595457733183
1783743114,cpu_cores,pod=workload-cloud-6f545f89ff-57p5d,0.36265739295129373
1783743124,cpu_cores,pod=workload-cloud-6f545f89ff-57p5d,0.3616244209597529
1783743134,cpu_cores,pod=workload-cloud-6f545f89ff-57p5d,0.30599597931712885
1783743144,cpu_cores,pod=workload-cloud-6f545f89ff-57p5d,0.3624583662954624
1783743154,cpu_cores,pod=workload-cloud-6f545f89ff-57p5d,0.36245191893985024
1783743164,cpu_cores,pod=workload-cloud-6f545f89ff-57p5d,0.36245191893985024
1783743174,cpu_cores,pod=workload-cloud-6f545f89ff-57p5d,0.36546176802036806
1783743184,cpu_cores,pod=workload-cloud-6f545f89ff-57p5d,0.3679883097055616
1783743194,cpu_cores,pod=workload-cloud-6f545f89ff-57p5d,0.3679883097055616
1783743204,cpu_cores,pod=workload-cloud-6f545f89ff-57p5d,0.3713500232883093
1783743214,cpu_cores,pod=workload-cloud-6f545f89ff-57p5d,0.37174685750199987
1783743224,cpu_cores,pod=workload-cloud-6f545f89ff-57p5d,0.3512124983144227
1783743234,cpu_cores,pod=workload-cloud-6f545f89ff-57p5d,0.2742421124828532
1783743244,cpu_cores,pod=workload-cloud-6f545f89ff-57p5d,0.22054859415966005
1783743254,cpu_cores,pod=workload-cloud-6f545f89ff-57p5d,0.18782337668253352
1783743264,cpu_cores,pod=workload-cloud-6f545f89ff-57p5d,0.10291589295466952
1783743274,cpu_cores,pod=workload-cloud-6f545f89ff-57p5d,0.09911092991806539
1783743284,cpu_cores,pod=workload-cloud-6f545f89ff-57p5d,0.08451170116102967
1783743294,cpu_cores,pod=workload-cloud-6f545f89ff-57p5d,0.08394487255483091
1783743304,cpu_cores,pod=workload-cloud-6f545f89ff-57p5d,0.08370227179416993
1783743314,cpu_cores,pod=workload-cloud-6f545f89ff-57p5d,0.08342875638479005
1783743324,cpu_cores,pod=workload-cloud-6f545f89ff-57p5d,0.08335153723427192
1783743334,cpu_cores,pod=workload-cloud-6f545f89ff-57p5d,0.0831745239456441
1783743344,cpu_cores,pod=workload-cloud-6f545f89ff-57p5d,0.0536714
1783743354,cpu_cores,pod=workload-cloud-6f545f89ff-57p5d,0.08322390798424634
1783743364,cpu_cores,pod=workload-cloud-6f545f89ff-57p5d,0.08436684520741354
1783743374,cpu_cores,pod=workload-cloud-6f545f89ff-57p5d,0.084873567048787
1783743384,cpu_cores,pod=workload-cloud-6f545f89ff-57p5d,0.08557749392246336
1783743394,cpu_cores,pod=workload-cloud-6f545f89ff-57p5d,0.06992998614426117
1783743404,cpu_cores,pod=workload-cloud-6f545f89ff-57p5d,0.08685649823336597
1783743414,cpu_cores,pod=workload-cloud-6f545f89ff-57p5d,0.08715036096589503
1783743424,cpu_cores,pod=workload-cloud-6f545f89ff-57p5d,0.07225433684788826
1783743434,cpu_cores,pod=workload-cloud-6f545f89ff-57p5d,0.07225433684788826
1783743444,cpu_cores,pod=workload-cloud-6f545f89ff-57p5d,0.03992178414096918
1783743454,cpu_cores,pod=workload-cloud-6f545f89ff-57p5d,0.03992178414096918
1783743464,cpu_cores,pod=workload-cloud-6f545f89ff-57p5d,0.014425151079136549
1783743474,cpu_cores,pod=workload-cloud-6f545f89ff-57p5d,0.00185364999708233
1783743484,cpu_cores,pod=workload-cloud-6f545f89ff-57p5d,0.0018192525810674202
1783743494,cpu_cores,pod=workload-cloud-6f545f89ff-57p5d,0.001873653242158022
1783743504,cpu_cores,pod=workload-cloud-6f545f89ff-57p5d,0.0018799550787319465
1783743034,cpu_cores,pod=workload-cloud-6f545f89ff-82r6g,0.011650011494679537
1783743044,cpu_cores,pod=workload-cloud-6f545f89ff-82r6g,0.010425954453031851
1783743054,cpu_cores,pod=workload-cloud-6f545f89ff-82r6g,0.012363162309888103
1783743064,cpu_cores,pod=workload-cloud-6f545f89ff-82r6g,0.025279672848407438
1783743074,cpu_cores,pod=workload-cloud-6f545f89ff-82r6g,0.023553745910748367
1783743084,cpu_cores,pod=workload-cloud-6f545f89ff-82r6g,0.07370262443805436
1783743094,cpu_cores,pod=workload-cloud-6f545f89ff-82r6g,0.12780152514700324
1783743104,cpu_cores,pod=workload-cloud-6f545f89ff-82r6g,0.155832644409755
1783743114,cpu_cores,pod=workload-cloud-6f545f89ff-82r6g,0.19706912928569906
1783743124,cpu_cores,pod=workload-cloud-6f545f89ff-82r6g,0.20772064160034154
1783743134,cpu_cores,pod=workload-cloud-6f545f89ff-82r6g,0.2079447675584613
1783743144,cpu_cores,pod=workload-cloud-6f545f89ff-82r6g,0.20864231806746883
1783743154,cpu_cores,pod=workload-cloud-6f545f89ff-82r6g,0.2129668237356857
1783743164,cpu_cores,pod=workload-cloud-6f545f89ff-82r6g,0.2129668237356857
1783743174,cpu_cores,pod=workload-cloud-6f545f89ff-82r6g,0.2181545440160346
1783743184,cpu_cores,pod=workload-cloud-6f545f89ff-82r6g,0.21713195859808979
1783743194,cpu_cores,pod=workload-cloud-6f545f89ff-82r6g,0.21755057324840768
1783743204,cpu_cores,pod=workload-cloud-6f545f89ff-82r6g,0.21755057324840768
1783743214,cpu_cores,pod=workload-cloud-6f545f89ff-82r6g,0.20031883788926536
1783743224,cpu_cores,pod=workload-cloud-6f545f89ff-82r6g,0.17131380479930355
1783743234,cpu_cores,pod=workload-cloud-6f545f89ff-82r6g,0.15929408208347867
1783743244,cpu_cores,pod=workload-cloud-6f545f89ff-82r6g,0.07340021463927465
1783743254,cpu_cores,pod=workload-cloud-6f545f89ff-82r6g,0.020850562172993393
1783743264,cpu_cores,pod=workload-cloud-6f545f89ff-82r6g,0.020850562172993393
1783743274,cpu_cores,pod=workload-cloud-6f545f89ff-82r6g,0.0031356332602634927
1783743284,cpu_cores,pod=workload-cloud-6f545f89ff-82r6g,0.00149005231631934
1783743294,cpu_cores,pod=workload-cloud-6f545f89ff-82r6g,0.0014695017362976748
1783743304,cpu_cores,pod=workload-cloud-6f545f89ff-82r6g,0.0017029562634989451
1783743314,cpu_cores,pod=workload-cloud-6f545f89ff-82r6g,0.0017720231321270458
1783743324,cpu_cores,pod=workload-cloud-6f545f89ff-82r6g,0.0017720231321270458
1783743334,cpu_cores,pod=workload-cloud-6f545f89ff-82r6g,0.0017597537149961087
1783743344,cpu_cores,pod=workload-cloud-6f545f89ff-82r6g,0.0018363606951376631
1783743354,cpu_cores,pod=workload-cloud-6f545f89ff-82r6g,0.0018363606951376631
1783743364,cpu_cores,pod=workload-cloud-6f545f89ff-82r6g,0.0017759518321278501
1783743374,cpu_cores,pod=workload-cloud-6f545f89ff-82r6g,0.0018427690939128024
1783743384,cpu_cores,pod=workload-cloud-6f545f89ff-82r6g,0.0017391482643374253
1783743394,cpu_cores,pod=workload-cloud-6f545f89ff-82r6g,0.0016836758157911496
1783743404,cpu_cores,pod=workload-cloud-6f545f89ff-82r6g,0.0011673000000000046
1783743414,cpu_cores,pod=workload-cloud-6f545f89ff-82r6g,0.0018225871987339597
1783743424,cpu_cores,pod=workload-cloud-6f545f89ff-82r6g,0.0019422484222885185
1783743434,cpu_cores,pod=workload-cloud-6f545f89ff-82r6g,0.0019636337214582896
1783743444,cpu_cores,pod=workload-cloud-6f545f89ff-82r6g,0.0019923895124319985
1783743454,cpu_cores,pod=workload-cloud-6f545f89ff-82r6g,0.0018418897637796216
1783743464,cpu_cores,pod=workload-cloud-6f545f89ff-82r6g,0.0015732552580928184
1783743474,cpu_cores,pod=workload-cloud-6f545f89ff-82r6g,0.0018418062020190572
1783743484,cpu_cores,pod=workload-cloud-6f545f89ff-82r6g,0.001768471517202558
1783743494,cpu_cores,pod=workload-cloud-6f545f89ff-82r6g,0.0018927812870658488
1783743504,cpu_cores,pod=workload-cloud-6f545f89ff-82r6g,0.0018612967163203424
1783742974,cpu_cores,pod=workload-cloud-6f545f89ff-84tvl,0.01801695763953851
1783742984,cpu_cores,pod=workload-cloud-6f545f89ff-84tvl,0.024031455917806508
1783742994,cpu_cores,pod=workload-cloud-6f545f89ff-84tvl,0.03278063188761799
1783743004,cpu_cores,pod=workload-cloud-6f545f89ff-84tvl,0.03346013611111111
1783743014,cpu_cores,pod=workload-cloud-6f545f89ff-84tvl,0.04593657068002666
1783743024,cpu_cores,pod=workload-cloud-6f545f89ff-84tvl,0.04612874133866705
1783743034,cpu_cores,pod=workload-cloud-6f545f89ff-84tvl,0.048150884311736426
1783743044,cpu_cores,pod=workload-cloud-6f545f89ff-84tvl,0.04753139916930134
1783743054,cpu_cores,pod=workload-cloud-6f545f89ff-84tvl,0.03870803945769234
1783743064,cpu_cores,pod=workload-cloud-6f545f89ff-84tvl,0.05529846114056639
1783743074,cpu_cores,pod=workload-cloud-6f545f89ff-84tvl,0.09896637763227749
1783743084,cpu_cores,pod=workload-cloud-6f545f89ff-84tvl,0.1232176124120098
1783743094,cpu_cores,pod=workload-cloud-6f545f89ff-84tvl,0.17618247371056583
1783743104,cpu_cores,pod=workload-cloud-6f545f89ff-84tvl,0.23575040543912176
1783743114,cpu_cores,pod=workload-cloud-6f545f89ff-84tvl,0.2536824845828647
1783743124,cpu_cores,pod=workload-cloud-6f545f89ff-84tvl,0.2876208391425583
1783743134,cpu_cores,pod=workload-cloud-6f545f89ff-84tvl,0.2824722583160083
1783743144,cpu_cores,pod=workload-cloud-6f545f89ff-84tvl,0.287309361155964
1783743154,cpu_cores,pod=workload-cloud-6f545f89ff-84tvl,0.2879139221175872
1783743164,cpu_cores,pod=workload-cloud-6f545f89ff-84tvl,0.2861675842944983
1783743174,cpu_cores,pod=workload-cloud-6f545f89ff-84tvl,0.28795946657638355
1783743184,cpu_cores,pod=workload-cloud-6f545f89ff-84tvl,0.2838329492595912
1783743194,cpu_cores,pod=workload-cloud-6f545f89ff-84tvl,0.28306942945660885
1783743204,cpu_cores,pod=workload-cloud-6f545f89ff-84tvl,0.28333778317152103
1783743214,cpu_cores,pod=workload-cloud-6f545f89ff-84tvl,0.27255605089058527
1783743224,cpu_cores,pod=workload-cloud-6f545f89ff-84tvl,0.22939656481500473
1783743234,cpu_cores,pod=workload-cloud-6f545f89ff-84tvl,0.17784911684643562
1783743244,cpu_cores,pod=workload-cloud-6f545f89ff-84tvl,0.14967400904078795
1783743254,cpu_cores,pod=workload-cloud-6f545f89ff-84tvl,0.08494989017724873
1783743264,cpu_cores,pod=workload-cloud-6f545f89ff-84tvl,0.07130225604783909
1783743274,cpu_cores,pod=workload-cloud-6f545f89ff-84tvl,0.04859464734386224
1783743284,cpu_cores,pod=workload-cloud-6f545f89ff-84tvl,0.044576233751294124
1783743294,cpu_cores,pod=workload-cloud-6f545f89ff-84tvl,0.0442363676781149
1783743304,cpu_cores,pod=workload-cloud-6f545f89ff-84tvl,0.04419648291603264
1783743314,cpu_cores,pod=workload-cloud-6f545f89ff-84tvl,0.04419922879177368
1783743324,cpu_cores,pod=workload-cloud-6f545f89ff-84tvl,0.044222533172497025
1783743334,cpu_cores,pod=workload-cloud-6f545f89ff-84tvl,0.04434474010903009
1783743344,cpu_cores,pod=workload-cloud-6f545f89ff-84tvl,0.04448190899001113
1783743354,cpu_cores,pod=workload-cloud-6f545f89ff-84tvl,0.04467627026290707
1783743364,cpu_cores,pod=workload-cloud-6f545f89ff-84tvl,0.0447154401438813
1783743374,cpu_cores,pod=workload-cloud-6f545f89ff-84tvl,0.044961500957687583
1783743384,cpu_cores,pod=workload-cloud-6f545f89ff-84tvl,0.045045797824430085
1783743394,cpu_cores,pod=workload-cloud-6f545f89ff-84tvl,0.045169854665925026
1783743404,cpu_cores,pod=workload-cloud-6f545f89ff-84tvl,0.03789236372015192
1783743414,cpu_cores,pod=workload-cloud-6f545f89ff-84tvl,0.045943847026160486
1783743424,cpu_cores,pod=workload-cloud-6f545f89ff-84tvl,0.04310626702997275
1783743434,cpu_cores,pod=workload-cloud-6f545f89ff-84tvl,0.04233955553026199
1783743444,cpu_cores,pod=workload-cloud-6f545f89ff-84tvl,0.0308074623830825
1783743454,cpu_cores,pod=workload-cloud-6f545f89ff-84tvl,0.016495276344912272
1783743464,cpu_cores,pod=workload-cloud-6f545f89ff-84tvl,0.012727719095560272
1783743474,cpu_cores,pod=workload-cloud-6f545f89ff-84tvl,0.0018722902921771785
1783743484,cpu_cores,pod=workload-cloud-6f545f89ff-84tvl,0.0018863175831260752
1783743494,cpu_cores,pod=workload-cloud-6f545f89ff-84tvl,0.0018863175831260752
1783743504,cpu_cores,pod=workload-cloud-6f545f89ff-84tvl,0.0018798819730024368
1783742864,cpu_cores,pod=workload-cloud-6f545f89ff-9hvzm,0.0020142370920718054
1783742874,cpu_cores,pod=workload-cloud-6f545f89ff-9hvzm,0.0020142370920718054
1783742884,cpu_cores,pod=workload-cloud-6f545f89ff-9hvzm,0.009662467202116137
1783742894,cpu_cores,pod=workload-cloud-6f545f89ff-9hvzm,0.02401743807039701
1783742904,cpu_cores,pod=workload-cloud-6f545f89ff-9hvzm,0.037176867639300434
1783742914,cpu_cores,pod=workload-cloud-6f545f89ff-9hvzm,0.04952561850040332
1783742924,cpu_cores,pod=workload-cloud-6f545f89ff-9hvzm,0.08719967043988765
1783742934,cpu_cores,pod=workload-cloud-6f545f89ff-9hvzm,0.08719967043988766
1783742944,cpu_cores,pod=workload-cloud-6f545f89ff-9hvzm,0.11510778259447788
1783742954,cpu_cores,pod=workload-cloud-6f545f89ff-9hvzm,0.1421088987217281
1783742964,cpu_cores,pod=workload-cloud-6f545f89ff-9hvzm,0.15568129830956084
1783742974,cpu_cores,pod=workload-cloud-6f545f89ff-9hvzm,0.16726854299811025
1783742984,cpu_cores,pod=workload-cloud-6f545f89ff-9hvzm,0.1804603983542124
1783742994,cpu_cores,pod=workload-cloud-6f545f89ff-9hvzm,0.18046039835421238
1783743004,cpu_cores,pod=workload-cloud-6f545f89ff-9hvzm,0.18532729787761312
1783743014,cpu_cores,pod=workload-cloud-6f545f89ff-9hvzm,0.18296809930178207
1783743024,cpu_cores,pod=workload-cloud-6f545f89ff-9hvzm,0.18498156799623436
1783743034,cpu_cores,pod=workload-cloud-6f545f89ff-9hvzm,0.19548173135382496
1783743044,cpu_cores,pod=workload-cloud-6f545f89ff-9hvzm,0.2007346802630407
1783743054,cpu_cores,pod=workload-cloud-6f545f89ff-9hvzm,0.2100654971495643
1783743064,cpu_cores,pod=workload-cloud-6f545f89ff-9hvzm,0.24440493537015134
1783743074,cpu_cores,pod=workload-cloud-6f545f89ff-9hvzm,0.27269604460771857
1783743084,cpu_cores,pod=workload-cloud-6f545f89ff-9hvzm,0.2895383843574792
1783743094,cpu_cores,pod=workload-cloud-6f545f89ff-9hvzm,0.30894429589124045
1783743104,cpu_cores,pod=workload-cloud-6f545f89ff-9hvzm,0.371866738049435
1783743114,cpu_cores,pod=workload-cloud-6f545f89ff-9hvzm,0.3992360572872742
1783743124,cpu_cores,pod=workload-cloud-6f545f89ff-9hvzm,0.40338198153438964
1783743134,cpu_cores,pod=workload-cloud-6f545f89ff-9hvzm,0.4051341375684815
1783743144,cpu_cores,pod=workload-cloud-6f545f89ff-9hvzm,0.4062849054244753
1783743154,cpu_cores,pod=workload-cloud-6f545f89ff-9hvzm,0.406690548687033
1783743164,cpu_cores,pod=workload-cloud-6f545f89ff-9hvzm,0.41087244783125243
1783743174,cpu_cores,pod=workload-cloud-6f545f89ff-9hvzm,0.41411405222154424
1783743184,cpu_cores,pod=workload-cloud-6f545f89ff-9hvzm,0.3472719005633201
1783743194,cpu_cores,pod=workload-cloud-6f545f89ff-9hvzm,0.41250395450436494
1783743204,cpu_cores,pod=workload-cloud-6f545f89ff-9hvzm,0.41176115943414393
1783743214,cpu_cores,pod=workload-cloud-6f545f89ff-9hvzm,0.4011253486131567
1783743224,cpu_cores,pod=workload-cloud-6f545f89ff-9hvzm,0.37131972801193397
1783743234,cpu_cores,pod=workload-cloud-6f545f89ff-9hvzm,0.3583163358048297
1783743244,cpu_cores,pod=workload-cloud-6f545f89ff-9hvzm,0.2980818480070563
1783743254,cpu_cores,pod=workload-cloud-6f545f89ff-9hvzm,0.253458618756243
1783743264,cpu_cores,pod=workload-cloud-6f545f89ff-9hvzm,0.20415176473580976
1783743274,cpu_cores,pod=workload-cloud-6f545f89ff-9hvzm,0.2263430221896164
1783743284,cpu_cores,pod=workload-cloud-6f545f89ff-9hvzm,0.22680877845883976
1783743294,cpu_cores,pod=workload-cloud-6f545f89ff-9hvzm,0.22680877845883976
1783743304,cpu_cores,pod=workload-cloud-6f545f89ff-9hvzm,0.22881964542034
1783743314,cpu_cores,pod=workload-cloud-6f545f89ff-9hvzm,0.22533872828765267
1783743324,cpu_cores,pod=workload-cloud-6f545f89ff-9hvzm,0.22521536205095743
1783743334,cpu_cores,pod=workload-cloud-6f545f89ff-9hvzm,0.2277981011749764
1783743344,cpu_cores,pod=workload-cloud-6f545f89ff-9hvzm,0.22708481156492477
1783743354,cpu_cores,pod=workload-cloud-6f545f89ff-9hvzm,0.22430963960846814
1783743364,cpu_cores,pod=workload-cloud-6f545f89ff-9hvzm,0.2269195064879776
1783743374,cpu_cores,pod=workload-cloud-6f545f89ff-9hvzm,0.22793940022111356
1783743384,cpu_cores,pod=workload-cloud-6f545f89ff-9hvzm,0.22736756165880917
1783743394,cpu_cores,pod=workload-cloud-6f545f89ff-9hvzm,0.23152399262165596
1783743404,cpu_cores,pod=workload-cloud-6f545f89ff-9hvzm,0.18171610746451877
1783743414,cpu_cores,pod=workload-cloud-6f545f89ff-9hvzm,0.23249554426190824
1783743424,cpu_cores,pod=workload-cloud-6f545f89ff-9hvzm,0.2193080791561086
1783743434,cpu_cores,pod=workload-cloud-6f545f89ff-9hvzm,0.1938260164292368
1783743444,cpu_cores,pod=workload-cloud-6f545f89ff-9hvzm,0.1938260164292368
1783743454,cpu_cores,pod=workload-cloud-6f545f89ff-9hvzm,0.1196355229591834
1783743464,cpu_cores,pod=workload-cloud-6f545f89ff-9hvzm,0.09349095316257611
1783743474,cpu_cores,pod=workload-cloud-6f545f89ff-9hvzm,0.032255254543887744
1783743484,cpu_cores,pod=workload-cloud-6f545f89ff-9hvzm,0.0036143300733029768
1783743494,cpu_cores,pod=workload-cloud-6f545f89ff-9hvzm,0.0015137764055078082
1783743504,cpu_cores,pod=workload-cloud-6f545f89ff-9hvzm,0.0018231055234038081
1783743044,cpu_cores,pod=workload-cloud-6f545f89ff-c9sb9,0.01202752155870248
1783743054,cpu_cores,pod=workload-cloud-6f545f89ff-c9sb9,0.017672068733298223
1783743064,cpu_cores,pod=workload-cloud-6f545f89ff-c9sb9,0.03487294659848507
1783743074,cpu_cores,pod=workload-cloud-6f545f89ff-c9sb9,0.07185341007193742
1783743084,cpu_cores,pod=workload-cloud-6f545f89ff-c9sb9,0.0920417613679271
1783743094,cpu_cores,pod=workload-cloud-6f545f89ff-c9sb9,0.1436877045776005
1783743104,cpu_cores,pod=workload-cloud-6f545f89ff-c9sb9,0.17902212238512033
1783743114,cpu_cores,pod=workload-cloud-6f545f89ff-c9sb9,0.20132290329260716
1783743124,cpu_cores,pod=workload-cloud-6f545f89ff-c9sb9,0.2106030094192453
1783743134,cpu_cores,pod=workload-cloud-6f545f89ff-c9sb9,0.17909695304216608
1783743144,cpu_cores,pod=workload-cloud-6f545f89ff-c9sb9,0.21108363069603378
1783743154,cpu_cores,pod=workload-cloud-6f545f89ff-c9sb9,0.21287551598792429
1783743164,cpu_cores,pod=workload-cloud-6f545f89ff-c9sb9,0.21131908372318117
1783743174,cpu_cores,pod=workload-cloud-6f545f89ff-c9sb9,0.20890848060592146
1783743184,cpu_cores,pod=workload-cloud-6f545f89ff-c9sb9,0.21037657215357458
1783743194,cpu_cores,pod=workload-cloud-6f545f89ff-c9sb9,0.21440150762578158
1783743204,cpu_cores,pod=workload-cloud-6f545f89ff-c9sb9,0.21742196497997604
1783743214,cpu_cores,pod=workload-cloud-6f545f89ff-c9sb9,0.20741852166525065
1783743224,cpu_cores,pod=workload-cloud-6f545f89ff-c9sb9,0.20473063624811616
1783743234,cpu_cores,pod=workload-cloud-6f545f89ff-c9sb9,0.1563349456552666
1783743244,cpu_cores,pod=workload-cloud-6f545f89ff-c9sb9,0.10543032020867998
1783743254,cpu_cores,pod=workload-cloud-6f545f89ff-c9sb9,0.05295352644415493
1783743264,cpu_cores,pod=workload-cloud-6f545f89ff-c9sb9,0.04300549533761715
1783743274,cpu_cores,pod=workload-cloud-6f545f89ff-c9sb9,0.020123038122691336
1783743284,cpu_cores,pod=workload-cloud-6f545f89ff-c9sb9,0.024658864184651543
1783743294,cpu_cores,pod=workload-cloud-6f545f89ff-c9sb9,0.024623589864745023
1783743304,cpu_cores,pod=workload-cloud-6f545f89ff-c9sb9,0.024574703648957866
1783743314,cpu_cores,pod=workload-cloud-6f545f89ff-c9sb9,0.024449603241600483
1783743324,cpu_cores,pod=workload-cloud-6f545f89ff-c9sb9,0.024367229157518395
1783743334,cpu_cores,pod=workload-cloud-6f545f89ff-c9sb9,0.024367229157518395
1783743344,cpu_cores,pod=workload-cloud-6f545f89ff-c9sb9,0.024461921231730573
1783743354,cpu_cores,pod=workload-cloud-6f545f89ff-c9sb9,0.024693451960645887
1783743364,cpu_cores,pod=workload-cloud-6f545f89ff-c9sb9,0.024803613831997563
1783743374,cpu_cores,pod=workload-cloud-6f545f89ff-c9sb9,0.024909646839235564
1783743384,cpu_cores,pod=workload-cloud-6f545f89ff-c9sb9,0.025148347425057564
1783743394,cpu_cores,pod=workload-cloud-6f545f89ff-c9sb9,0.025148347425057564
1783743404,cpu_cores,pod=workload-cloud-6f545f89ff-c9sb9,0.02576152680731744
1783743414,cpu_cores,pod=workload-cloud-6f545f89ff-c9sb9,0.023553422622035837
1783743424,cpu_cores,pod=workload-cloud-6f545f89ff-c9sb9,0.022711573314922042
1783743434,cpu_cores,pod=workload-cloud-6f545f89ff-c9sb9,0.017415794889384367
1783743444,cpu_cores,pod=workload-cloud-6f545f89ff-c9sb9,0.007986440248384272
1783743454,cpu_cores,pod=workload-cloud-6f545f89ff-c9sb9,0.00798644024838427
1783743464,cpu_cores,pod=workload-cloud-6f545f89ff-c9sb9,0.0018114812033395843
1783743474,cpu_cores,pod=workload-cloud-6f545f89ff-c9sb9,0.0017998776277260693
1783743484,cpu_cores,pod=workload-cloud-6f545f89ff-c9sb9,0.0017998776277260693
1783743494,cpu_cores,pod=workload-cloud-6f545f89ff-c9sb9,0.001801134115785244
1783743504,cpu_cores,pod=workload-cloud-6f545f89ff-c9sb9,0.00184604565971085
1783743094,cpu_cores,pod=workload-cloud-6f545f89ff-szmtm,0.02637013307238755
1783743104,cpu_cores,pod=workload-cloud-6f545f89ff-szmtm,0.03207056950095969
1783743114,cpu_cores,pod=workload-cloud-6f545f89ff-szmtm,0.041039203538067816
1783743124,cpu_cores,pod=workload-cloud-6f545f89ff-szmtm,0.04717733303326088
1783743134,cpu_cores,pod=workload-cloud-6f545f89ff-szmtm,0.04519986870794552
1783743144,cpu_cores,pod=workload-cloud-6f545f89ff-szmtm,0.04519986870794552
1783743154,cpu_cores,pod=workload-cloud-6f545f89ff-szmtm,0.04518557007125891
1783743164,cpu_cores,pod=workload-cloud-6f545f89ff-szmtm,0.03828912298989184
1783743174,cpu_cores,pod=workload-cloud-6f545f89ff-szmtm,0.04491710360525139
1783743184,cpu_cores,pod=workload-cloud-6f545f89ff-szmtm,0.04467328342407743
1783743194,cpu_cores,pod=workload-cloud-6f545f89ff-szmtm,0.044584216586460376
1783743204,cpu_cores,pod=workload-cloud-6f545f89ff-szmtm,0.04468267639696211
1783743214,cpu_cores,pod=workload-cloud-6f545f89ff-szmtm,0.0302463568757254
1783743224,cpu_cores,pod=workload-cloud-6f545f89ff-szmtm,0.0302463568757254
1783743234,cpu_cores,pod=workload-cloud-6f545f89ff-szmtm,0.016878172588832497
1783743244,cpu_cores,pod=workload-cloud-6f545f89ff-szmtm,0.004770536763745606
1783743254,cpu_cores,pod=workload-cloud-6f545f89ff-szmtm,0.004770536763745606
1783743264,cpu_cores,pod=workload-cloud-6f545f89ff-szmtm,0.001718685121107266
1783743274,cpu_cores,pod=workload-cloud-6f545f89ff-szmtm,0.0017806709113370636
1783743284,cpu_cores,pod=workload-cloud-6f545f89ff-szmtm,0.0017146961236546132
1783743294,cpu_cores,pod=workload-cloud-6f545f89ff-szmtm,0.0016384853793289275
1783743304,cpu_cores,pod=workload-cloud-6f545f89ff-szmtm,0.0016463361002693726
1783743314,cpu_cores,pod=workload-cloud-6f545f89ff-szmtm,0.0016463361002693726
1783743324,cpu_cores,pod=workload-cloud-6f545f89ff-szmtm,0.001735801230428007
1783743334,cpu_cores,pod=workload-cloud-6f545f89ff-szmtm,0.0017616552297774928
1783743344,cpu_cores,pod=workload-cloud-6f545f89ff-szmtm,0.0017973519759025376
1783743354,cpu_cores,pod=workload-cloud-6f545f89ff-szmtm,0.0017973519759025376
1783743364,cpu_cores,pod=workload-cloud-6f545f89ff-szmtm,0.0017960279243370261
1783743374,cpu_cores,pod=workload-cloud-6f545f89ff-szmtm,0.0017960279243370261
1783743384,cpu_cores,pod=workload-cloud-6f545f89ff-szmtm,0.0017428620901954787
1783743394,cpu_cores,pod=workload-cloud-6f545f89ff-szmtm,0.0018260730236936377
1783743404,cpu_cores,pod=workload-cloud-6f545f89ff-szmtm,0.0018569578674752047
1783743414,cpu_cores,pod=workload-cloud-6f545f89ff-szmtm,0.0019203566441078478
1783743424,cpu_cores,pod=workload-cloud-6f545f89ff-szmtm,0.002027192961253044
1783743434,cpu_cores,pod=workload-cloud-6f545f89ff-szmtm,0.002027192961253044
1783743444,cpu_cores,pod=workload-cloud-6f545f89ff-szmtm,0.0019078253442937978
1783743454,cpu_cores,pod=workload-cloud-6f545f89ff-szmtm,0.001938933309902474
1783743464,cpu_cores,pod=workload-cloud-6f545f89ff-szmtm,0.001938933309902474
1783743474,cpu_cores,pod=workload-cloud-6f545f89ff-szmtm,0.0018503788671662416
1783743484,cpu_cores,pod=workload-cloud-6f545f89ff-szmtm,0.0015839325217406003
1783743494,cpu_cores,pod=workload-cloud-6f545f89ff-szmtm,0.0019201003224650738
1783743504,cpu_cores,pod=workload-cloud-6f545f89ff-szmtm,0.0017767002761543784
1783742864,cpu_cores,pod=workload-edge-7b875fd8c6-pxwvc,0.002099514111993164
1783742874,cpu_cores,pod=workload-edge-7b875fd8c6-pxwvc,0.0020885867091488116
1783742884,cpu_cores,pod=workload-edge-7b875fd8c6-pxwvc,0.001755849394985226
1783742894,cpu_cores,pod=workload-edge-7b875fd8c6-pxwvc,0.002128418966620593
1783742904,cpu_cores,pod=workload-edge-7b875fd8c6-pxwvc,0.00213400828616443
1783742914,cpu_cores,pod=workload-edge-7b875fd8c6-pxwvc,0.002120924309553434
1783742924,cpu_cores,pod=workload-edge-7b875fd8c6-pxwvc,0.002120547620458734
1783742934,cpu_cores,pod=workload-edge-7b875fd8c6-pxwvc,0.002077427570837344
1783742944,cpu_cores,pod=workload-edge-7b875fd8c6-pxwvc,0.0021021782573940823
1783742954,cpu_cores,pod=workload-edge-7b875fd8c6-pxwvc,0.0021129782479821883
1783742964,cpu_cores,pod=workload-edge-7b875fd8c6-pxwvc,0.002095563139931734
1783742974,cpu_cores,pod=workload-edge-7b875fd8c6-pxwvc,0.0021237796771129145
1783742984,cpu_cores,pod=workload-edge-7b875fd8c6-pxwvc,0.0018184149108366628
1783742994,cpu_cores,pod=workload-edge-7b875fd8c6-pxwvc,0.0021349527127924187
1783743004,cpu_cores,pod=workload-edge-7b875fd8c6-pxwvc,0.0018202445758510304
1783743014,cpu_cores,pod=workload-edge-7b875fd8c6-pxwvc,0.002192024114151943
1783743024,cpu_cores,pod=workload-edge-7b875fd8c6-pxwvc,0.00220416162876868
1783743034,cpu_cores,pod=workload-edge-7b875fd8c6-pxwvc,0.002214609528697209
1783743044,cpu_cores,pod=workload-edge-7b875fd8c6-pxwvc,0.002233270529457898
1783743054,cpu_cores,pod=workload-edge-7b875fd8c6-pxwvc,0.002247166015856143
1783743064,cpu_cores,pod=workload-edge-7b875fd8c6-pxwvc,0.002247166015856143
1783743074,cpu_cores,pod=workload-edge-7b875fd8c6-pxwvc,0.002211845361058768
1783743084,cpu_cores,pod=workload-edge-7b875fd8c6-pxwvc,0.0022262300601876097
1783743094,cpu_cores,pod=workload-edge-7b875fd8c6-pxwvc,0.0022262300601876097
1783743104,cpu_cores,pod=workload-edge-7b875fd8c6-pxwvc,0.002182382547049668
1783743114,cpu_cores,pod=workload-edge-7b875fd8c6-pxwvc,0.0021477104543212826
1783743124,cpu_cores,pod=workload-edge-7b875fd8c6-pxwvc,0.0021477104543212826
1783743134,cpu_cores,pod=workload-edge-7b875fd8c6-pxwvc,0.002085648674457799
1783743144,cpu_cores,pod=workload-edge-7b875fd8c6-pxwvc,0.0017748646466101967
1783743154,cpu_cores,pod=workload-edge-7b875fd8c6-pxwvc,0.0021195858457250787
1783743164,cpu_cores,pod=workload-edge-7b875fd8c6-pxwvc,0.0021158625657855296
1783743174,cpu_cores,pod=workload-edge-7b875fd8c6-pxwvc,0.0021058534073353586
1783743184,cpu_cores,pod=workload-edge-7b875fd8c6-pxwvc,0.0021236183588773595
1783743194,cpu_cores,pod=workload-edge-7b875fd8c6-pxwvc,0.0021234922458357574
1783743204,cpu_cores,pod=workload-edge-7b875fd8c6-pxwvc,0.0017886462311421723
1783743214,cpu_cores,pod=workload-edge-7b875fd8c6-pxwvc,0.0020748020748020883
1783743224,cpu_cores,pod=workload-edge-7b875fd8c6-pxwvc,0.002042987749955102
1783743234,cpu_cores,pod=workload-edge-7b875fd8c6-pxwvc,0.002049694856146541
1783743244,cpu_cores,pod=workload-edge-7b875fd8c6-pxwvc,0.002007374027038151
1783743254,cpu_cores,pod=workload-edge-7b875fd8c6-pxwvc,0.0020924383864077334
1783743264,cpu_cores,pod=workload-edge-7b875fd8c6-pxwvc,0.002066431458761758
1783743274,cpu_cores,pod=workload-edge-7b875fd8c6-pxwvc,0.002066513544231771
1783743284,cpu_cores,pod=workload-edge-7b875fd8c6-pxwvc,0.002039861195610572
1783743294,cpu_cores,pod=workload-edge-7b875fd8c6-pxwvc,0.0016396952930835447
1783743304,cpu_cores,pod=workload-edge-7b875fd8c6-pxwvc,0.0020574756621180284
1783743314,cpu_cores,pod=workload-edge-7b875fd8c6-pxwvc,0.0020373268992923297
1783743324,cpu_cores,pod=workload-edge-7b875fd8c6-pxwvc,0.002056445914242734
1783743334,cpu_cores,pod=workload-edge-7b875fd8c6-pxwvc,0.002089910542407348
1783743344,cpu_cores,pod=workload-edge-7b875fd8c6-pxwvc,0.002079506913644546
1783743354,cpu_cores,pod=workload-edge-7b875fd8c6-pxwvc,0.002104077716893326
1783743364,cpu_cores,pod=workload-edge-7b875fd8c6-pxwvc,0.0021711186739466265
1783743374,cpu_cores,pod=workload-edge-7b875fd8c6-pxwvc,0.0020931489391829523
1783743384,cpu_cores,pod=workload-edge-7b875fd8c6-pxwvc,0.0020931489391829523
1783743394,cpu_cores,pod=workload-edge-7b875fd8c6-pxwvc,0.002128443927047025
1783743404,cpu_cores,pod=workload-edge-7b875fd8c6-pxwvc,0.002184782154643144
1783743414,cpu_cores,pod=workload-edge-7b875fd8c6-pxwvc,0.001914904588682984
1783743424,cpu_cores,pod=workload-edge-7b875fd8c6-pxwvc,0.002208666708015458
1783743434,cpu_cores,pod=workload-edge-7b875fd8c6-pxwvc,0.002188749052312262
1783743444,cpu_cores,pod=workload-edge-7b875fd8c6-pxwvc,0.0021944712117561663
1783743454,cpu_cores,pod=workload-edge-7b875fd8c6-pxwvc,0.0021153293658937094
1783743464,cpu_cores,pod=workload-edge-7b875fd8c6-pxwvc,0.002153377483443886
1783743474,cpu_cores,pod=workload-edge-7b875fd8c6-pxwvc,0.002067498246229496
1783743484,cpu_cores,pod=workload-edge-7b875fd8c6-pxwvc,0.002052288838159293
1783743494,cpu_cores,pod=workload-edge-7b875fd8c6-pxwvc,0.0017568561591039345
1783743504,cpu_cores,pod=workload-edge-7b875fd8c6-pxwvc,0.0020587038920217853
1783742984,cpu_utilisation,pod=workload-cloud-6f545f89ff-57p5d,0.06107487115799656
1783742994,cpu_utilisation,pod=workload-cloud-6f545f89ff-57p5d,0.07864538839544435
1783743004,cpu_utilisation,pod=workload-cloud-6f545f89ff-57p5d,0.13397051439653349
1783743014,cpu_utilisation,pod=workload-cloud-6f545f89ff-57p5d,0.1663608547051363
1783743024,cpu_utilisation,pod=workload-cloud-6f545f89ff-57p5d,0.24157797737982672
1783743034,cpu_utilisation,pod=workload-cloud-6f545f89ff-57p5d,0.25600528124351374
1783743044,cpu_utilisation,pod=workload-cloud-6f545f89ff-57p5d,0.3503908455783855
1783743054,cpu_utilisation,pod=workload-cloud-6f545f89ff-57p5d,0.4252884205591544
1783743064,cpu_utilisation,pod=workload-cloud-6f545f89ff-57p5d,0.4085931778499126
1783743074,cpu_utilisation,pod=workload-cloud-6f545f89ff-57p5d,0.830419122042873
1783743084,cpu_utilisation,pod=workload-cloud-6f545f89ff-57p5d,0.920042937333496
1783743094,cpu_utilisation,pod=workload-cloud-6f545f89ff-57p5d,1.3838904140692732
1783743104,cpu_utilisation,pod=workload-cloud-6f545f89ff-57p5d,1.6282977288665914
1783743114,cpu_utilisation,pod=workload-cloud-6f545f89ff-57p5d,1.8132869647564687
1783743124,cpu_utilisation,pod=workload-cloud-6f545f89ff-57p5d,1.8081221047987643
1783743134,cpu_utilisation,pod=workload-cloud-6f545f89ff-57p5d,1.5299798965856442
1783743144,cpu_utilisation,pod=workload-cloud-6f545f89ff-57p5d,1.812291831477312
1783743154,cpu_utilisation,pod=workload-cloud-6f545f89ff-57p5d,1.812259594699251
1783743164,cpu_utilisation,pod=workload-cloud-6f545f89ff-57p5d,1.812259594699251
1783743174,cpu_utilisation,pod=workload-cloud-6f545f89ff-57p5d,1.8273088401018402
1783743184,cpu_utilisation,pod=workload-cloud-6f545f89ff-57p5d,1.8399415485278081
1783743194,cpu_utilisation,pod=workload-cloud-6f545f89ff-57p5d,1.8399415485278081
1783743204,cpu_utilisation,pod=workload-cloud-6f545f89ff-57p5d,1.8567501164415463
1783743214,cpu_utilisation,pod=workload-cloud-6f545f89ff-57p5d,1.8587342875099993
1783743224,cpu_utilisation,pod=workload-cloud-6f545f89ff-57p5d,1.7560624915721135
1783743234,cpu_utilisation,pod=workload-cloud-6f545f89ff-57p5d,1.3712105624142659
1783743244,cpu_utilisation,pod=workload-cloud-6f545f89ff-57p5d,1.1027429707983
1783743254,cpu_utilisation,pod=workload-cloud-6f545f89ff-57p5d,0.9391168834126675
1783743264,cpu_utilisation,pod=workload-cloud-6f545f89ff-57p5d,0.5145794647733476
1783743274,cpu_utilisation,pod=workload-cloud-6f545f89ff-57p5d,0.4955546495903269
1783743284,cpu_utilisation,pod=workload-cloud-6f545f89ff-57p5d,0.4225585058051483
1783743294,cpu_utilisation,pod=workload-cloud-6f545f89ff-57p5d,0.41972436277415454
1783743304,cpu_utilisation,pod=workload-cloud-6f545f89ff-57p5d,0.4185113589708496
1783743314,cpu_utilisation,pod=workload-cloud-6f545f89ff-57p5d,0.41714378192395024
1783743324,cpu_utilisation,pod=workload-cloud-6f545f89ff-57p5d,0.4167576861713596
1783743334,cpu_utilisation,pod=workload-cloud-6f545f89ff-57p5d,0.4158726197282205
1783743344,cpu_utilisation,pod=workload-cloud-6f545f89ff-57p5d,0.268357
1783743354,cpu_utilisation,pod=workload-cloud-6f545f89ff-57p5d,0.4161195399212317
1783743364,cpu_utilisation,pod=workload-cloud-6f545f89ff-57p5d,0.42183422603706766
1783743374,cpu_utilisation,pod=workload-cloud-6f545f89ff-57p5d,0.42436783524393495
1783743384,cpu_utilisation,pod=workload-cloud-6f545f89ff-57p5d,0.4278874696123168
1783743394,cpu_utilisation,pod=workload-cloud-6f545f89ff-57p5d,0.34964993072130585
1783743404,cpu_utilisation,pod=workload-cloud-6f545f89ff-57p5d,0.4342824911668298
1783743414,cpu_utilisation,pod=workload-cloud-6f545f89ff-57p5d,0.4357518048294751
1783743424,cpu_utilisation,pod=workload-cloud-6f545f89ff-57p5d,0.3612716842394413
1783743434,cpu_utilisation,pod=workload-cloud-6f545f89ff-57p5d,0.3612716842394413
1783743444,cpu_utilisation,pod=workload-cloud-6f545f89ff-57p5d,0.1996089207048459
1783743454,cpu_utilisation,pod=workload-cloud-6f545f89ff-57p5d,0.1996089207048459
1783743464,cpu_utilisation,pod=workload-cloud-6f545f89ff-57p5d,0.07212575539568274
1783743474,cpu_utilisation,pod=workload-cloud-6f545f89ff-57p5d,0.009268249985411649
1783743484,cpu_utilisation,pod=workload-cloud-6f545f89ff-57p5d,0.009096262905337101
1783743494,cpu_utilisation,pod=workload-cloud-6f545f89ff-57p5d,0.00936826621079011
1783743504,cpu_utilisation,pod=workload-cloud-6f545f89ff-57p5d,0.009399775393659732
1783743034,cpu_utilisation,pod=workload-cloud-6f545f89ff-82r6g,0.05825005747339768
1783743044,cpu_utilisation,pod=workload-cloud-6f545f89ff-82r6g,0.052129772265159253
1783743054,cpu_utilisation,pod=workload-cloud-6f545f89ff-82r6g,0.06181581154944051
1783743064,cpu_utilisation,pod=workload-cloud-6f545f89ff-82r6g,0.12639836424203718
1783743074,cpu_utilisation,pod=workload-cloud-6f545f89ff-82r6g,0.11776872955374183
1783743084,cpu_utilisation,pod=workload-cloud-6f545f89ff-82r6g,0.3685131221902718
1783743094,cpu_utilisation,pod=workload-cloud-6f545f89ff-82r6g,0.6390076257350161
1783743104,cpu_utilisation,pod=workload-cloud-6f545f89ff-82r6g,0.779163222048775
1783743114,cpu_utilisation,pod=workload-cloud-6f545f89ff-82r6g,0.9853456464284952
1783743124,cpu_utilisation,pod=workload-cloud-6f545f89ff-82r6g,1.0386032080017076
1783743134,cpu_utilisation,pod=workload-cloud-6f545f89ff-82r6g,1.0397238377923064
1783743144,cpu_utilisation,pod=workload-cloud-6f545f89ff-82r6g,1.043211590337344
1783743154,cpu_utilisation,pod=workload-cloud-6f545f89ff-82r6g,1.0648341186784285
1783743164,cpu_utilisation,pod=workload-cloud-6f545f89ff-82r6g,1.0648341186784285
1783743174,cpu_utilisation,pod=workload-cloud-6f545f89ff-82r6g,1.090772720080173
1783743184,cpu_utilisation,pod=workload-cloud-6f545f89ff-82r6g,1.0856597929904488
1783743194,cpu_utilisation,pod=workload-cloud-6f545f89ff-82r6g,1.0877528662420384
1783743204,cpu_utilisation,pod=workload-cloud-6f545f89ff-82r6g,1.0877528662420384
1783743214,cpu_utilisation,pod=workload-cloud-6f545f89ff-82r6g,1.0015941894463267
1783743224,cpu_utilisation,pod=workload-cloud-6f545f89ff-82r6g,0.8565690239965177
1783743234,cpu_utilisation,pod=workload-cloud-6f545f89ff-82r6g,0.7964704104173933
1783743244,cpu_utilisation,pod=workload-cloud-6f545f89ff-82r6g,0.36700107319637326
1783743254,cpu_utilisation,pod=workload-cloud-6f545f89ff-82r6g,0.10425281086496696
1783743264,cpu_utilisation,pod=workload-cloud-6f545f89ff-82r6g,0.10425281086496696
1783743274,cpu_utilisation,pod=workload-cloud-6f545f89ff-82r6g,0.01567816630131746
1783743284,cpu_utilisation,pod=workload-cloud-6f545f89ff-82r6g,0.0074502615815967
1783743294,cpu_utilisation,pod=workload-cloud-6f545f89ff-82r6g,0.0073475086814883735
1783743304,cpu_utilisation,pod=workload-cloud-6f545f89ff-82r6g,0.008514781317494726
1783743314,cpu_utilisation,pod=workload-cloud-6f545f89ff-82r6g,0.008860115660635229
1783743324,cpu_utilisation,pod=workload-cloud-6f545f89ff-82r6g,0.008860115660635229
1783743334,cpu_utilisation,pod=workload-cloud-6f545f89ff-82r6g,0.008798768574980543
1783743344,cpu_utilisation,pod=workload-cloud-6f545f89ff-82r6g,0.009181803475688316
1783743354,cpu_utilisation,pod=workload-cloud-6f545f89ff-82r6g,0.009181803475688316
1783743364,cpu_utilisation,pod=workload-cloud-6f545f89ff-82r6g,0.00887975916063925
1783743374,cpu_utilisation,pod=workload-cloud-6f545f89ff-82r6g,0.009213845469564011
1783743384,cpu_utilisation,pod=workload-cloud-6f545f89ff-82r6g,0.008695741321687126
1783743394,cpu_utilisation,pod=workload-cloud-6f545f89ff-82r6g,0.008418379078955748
1783743404,cpu_utilisation,pod=workload-cloud-6f545f89ff-82r6g,0.005836500000000022
1783743414,cpu_utilisation,pod=workload-cloud-6f545f89ff-82r6g,0.009112935993669798
1783743424,cpu_utilisation,pod=workload-cloud-6f545f89ff-82r6g,0.009711242111442591
1783743434,cpu_utilisation,pod=workload-cloud-6f545f89ff-82r6g,0.009818168607291447
1783743444,cpu_utilisation,pod=workload-cloud-6f545f89ff-82r6g,0.009961947562159993
1783743454,cpu_utilisation,pod=workload-cloud-6f545f89ff-82r6g,0.009209448818898108
1783743464,cpu_utilisation,pod=workload-cloud-6f545f89ff-82r6g,0.00786627629046409
1783743474,cpu_utilisation,pod=workload-cloud-6f545f89ff-82r6g,0.009209031010095285
1783743484,cpu_utilisation,pod=workload-cloud-6f545f89ff-82r6g,0.00884235758601279
1783743494,cpu_utilisation,pod=workload-cloud-6f545f89ff-82r6g,0.009463906435329244
1783743504,cpu_utilisation,pod=workload-cloud-6f545f89ff-82r6g,0.009306483581601712
1783742974,cpu_utilisation,pod=workload-cloud-6f545f89ff-84tvl,0.09008478819769254
1783742984,cpu_utilisation,pod=workload-cloud-6f545f89ff-84tvl,0.12015727958903254
1783742994,cpu_utilisation,pod=workload-cloud-6f545f89ff-84tvl,0.16390315943808995
1783743004,cpu_utilisation,pod=workload-cloud-6f545f89ff-84tvl,0.16730068055555553
1783743014,cpu_utilisation,pod=workload-cloud-6f545f89ff-84tvl,0.2296828534001333
1783743024,cpu_utilisation,pod=workload-cloud-6f545f89ff-84tvl,0.23064370669333523
1783743034,cpu_utilisation,pod=workload-cloud-6f545f89ff-84tvl,0.24075442155868212
1783743044,cpu_utilisation,pod=workload-cloud-6f545f89ff-84tvl,0.23765699584650668
1783743054,cpu_utilisation,pod=workload-cloud-6f545f89ff-84tvl,0.1935401972884617
1783743064,cpu_utilisation,pod=workload-cloud-6f545f89ff-84tvl,0.27649230570283195
1783743074,cpu_utilisation,pod=workload-cloud-6f545f89ff-84tvl,0.4948318881613874
1783743084,cpu_utilisation,pod=workload-cloud-6f545f89ff-84tvl,0.616088062060049
1783743094,cpu_utilisation,pod=workload-cloud-6f545f89ff-84tvl,0.8809123685528292
1783743104,cpu_utilisation,pod=workload-cloud-6f545f89ff-84tvl,1.1787520271956087
1783743114,cpu_utilisation,pod=workload-cloud-6f545f89ff-84tvl,1.2684124229143234
1783743124,cpu_utilisation,pod=workload-cloud-6f545f89ff-84tvl,1.4381041957127916
1783743134,cpu_utilisation,pod=workload-cloud-6f545f89ff-84tvl,1.4123612915800414
1783743144,cpu_utilisation,pod=workload-cloud-6f545f89ff-84tvl,1.4365468057798199
1783743154,cpu_utilisation,pod=workload-cloud-6f545f89ff-84tvl,1.4395696105879359
1783743164,cpu_utilisation,pod=workload-cloud-6f545f89ff-84tvl,1.4308379214724913
1783743174,cpu_utilisation,pod=workload-cloud-6f545f89ff-84tvl,1.4397973328819176
1783743184,cpu_utilisation,pod=workload-cloud-6f545f89ff-84tvl,1.4191647462979557
1783743194,cpu_utilisation,pod=workload-cloud-6f545f89ff-84tvl,1.4153471472830441
1783743204,cpu_utilisation,pod=workload-cloud-6f545f89ff-84tvl,1.416688915857605
1783743214,cpu_utilisation,pod=workload-cloud-6f545f89ff-84tvl,1.3627802544529262
1783743224,cpu_utilisation,pod=workload-cloud-6f545f89ff-84tvl,1.1469828240750235
1783743234,cpu_utilisation,pod=workload-cloud-6f545f89ff-84tvl,0.889245584232178
1783743244,cpu_utilisation,pod=workload-cloud-6f545f89ff-84tvl,0.7483700452039397
1783743254,cpu_utilisation,pod=workload-cloud-6f545f89ff-84tvl,0.4247494508862436
1783743264,cpu_utilisation,pod=workload-cloud-6f545f89ff-84tvl,0.3565112802391954
1783743274,cpu_utilisation,pod=workload-cloud-6f545f89ff-84tvl,0.2429732367193112
1783743284,cpu_utilisation,pod=workload-cloud-6f545f89ff-84tvl,0.2228811687564706
1783743294,cpu_utilisation,pod=workload-cloud-6f545f89ff-84tvl,0.2211818383905745
1783743304,cpu_utilisation,pod=workload-cloud-6f545f89ff-84tvl,0.22098241458016318
1783743314,cpu_utilisation,pod=workload-cloud-6f545f89ff-84tvl,0.2209961439588684
1783743324,cpu_utilisation,pod=workload-cloud-6f545f89ff-84tvl,0.22111266586248512
1783743334,cpu_utilisation,pod=workload-cloud-6f545f89ff-84tvl,0.22172370054515045
1783743344,cpu_utilisation,pod=workload-cloud-6f545f89ff-84tvl,0.22240954495005563
1783743354,cpu_utilisation,pod=workload-cloud-6f545f89ff-84tvl,0.22338135131453532
1783743364,cpu_utilisation,pod=workload-cloud-6f545f89ff-84tvl,0.22357720071940648
1783743374,cpu_utilisation,pod=workload-cloud-6f545f89ff-84tvl,0.22480750478843792
1783743384,cpu_utilisation,pod=workload-cloud-6f545f89ff-84tvl,0.22522898912215042
1783743394,cpu_utilisation,pod=workload-cloud-6f545f89ff-84tvl,0.22584927332962512
1783743404,cpu_utilisation,pod=workload-cloud-6f545f89ff-84tvl,0.1894618186007596
1783743414,cpu_utilisation,pod=workload-cloud-6f545f89ff-84tvl,0.22971923513080242
1783743424,cpu_utilisation,pod=workload-cloud-6f545f89ff-84tvl,0.21553133514986375
1783743434,cpu_utilisation,pod=workload-cloud-6f545f89ff-84tvl,0.21169777765130993
1783743444,cpu_utilisation,pod=workload-cloud-6f545f89ff-84tvl,0.1540373119154125
1783743454,cpu_utilisation,pod=workload-cloud-6f545f89ff-84tvl,0.08247638172456136
1783743464,cpu_utilisation,pod=workload-cloud-6f545f89ff-84tvl,0.06363859547780136
1783743474,cpu_utilisation,pod=workload-cloud-6f545f89ff-84tvl,0.009361451460885892
1783743484,cpu_utilisation,pod=workload-cloud-6f545f89ff-84tvl,0.009431587915630375
1783743494,cpu_utilisation,pod=workload-cloud-6f545f89ff-84tvl,0.009431587915630375
1783743504,cpu_utilisation,pod=workload-cloud-6f545f89ff-84tvl,0.009399409865012183
1783742864,cpu_utilisation,pod=workload-cloud-6f545f89ff-9hvzm,0.010071185460359027
1783742874,cpu_utilisation,pod=workload-cloud-6f545f89ff-9hvzm,0.010071185460359027
1783742884,cpu_utilisation,pod=workload-cloud-6f545f89ff-9hvzm,0.048312336010580686
1783742894,cpu_utilisation,pod=workload-cloud-6f545f89ff-9hvzm,0.12008719035198505
1783742904,cpu_utilisation,pod=workload-cloud-6f545f89ff-9hvzm,0.18588433819650216
1783742914,cpu_utilisation,pod=workload-cloud-6f545f89ff-9hvzm,0.24762809250201662
1783742924,cpu_utilisation,pod=workload-cloud-6f545f89ff-9hvzm,0.4359983521994382
1783742934,cpu_utilisation,pod=workload-cloud-6f545f89ff-9hvzm,0.4359983521994383
1783742944,cpu_utilisation,pod=workload-cloud-6f545f89ff-9hvzm,0.5755389129723893
1783742954,cpu_utilisation,pod=workload-cloud-6f545f89ff-9hvzm,0.7105444936086405
1783742964,cpu_utilisation,pod=workload-cloud-6f545f89ff-9hvzm,0.7784064915478042
1783742974,cpu_utilisation,pod=workload-cloud-6f545f89ff-9hvzm,0.8363427149905512
1783742984,cpu_utilisation,pod=workload-cloud-6f545f89ff-9hvzm,0.902301991771062
1783742994,cpu_utilisation,pod=workload-cloud-6f545f89ff-9hvzm,0.9023019917710619
1783743004,cpu_utilisation,pod=workload-cloud-6f545f89ff-9hvzm,0.9266364893880655
1783743014,cpu_utilisation,pod=workload-cloud-6f545f89ff-9hvzm,0.9148404965089103
1783743024,cpu_utilisation,pod=workload-cloud-6f545f89ff-9hvzm,0.9249078399811718
1783743034,cpu_utilisation,pod=workload-cloud-6f545f89ff-9hvzm,0.9774086567691248
1783743044,cpu_utilisation,pod=workload-cloud-6f545f89ff-9hvzm,1.0036734013152033
1783743054,cpu_utilisation,pod=workload-cloud-6f545f89ff-9hvzm,1.0503274857478213
1783743064,cpu_utilisation,pod=workload-cloud-6f545f89ff-9hvzm,1.2220246768507566
1783743074,cpu_utilisation,pod=workload-cloud-6f545f89ff-9hvzm,1.3634802230385927
1783743084,cpu_utilisation,pod=workload-cloud-6f545f89ff-9hvzm,1.4476919217873958
1783743094,cpu_utilisation,pod=workload-cloud-6f545f89ff-9hvzm,1.544721479456202
1783743104,cpu_utilisation,pod=workload-cloud-6f545f89ff-9hvzm,1.8593336902471749
1783743114,cpu_utilisation,pod=workload-cloud-6f545f89ff-9hvzm,1.996180286436371
1783743124,cpu_utilisation,pod=workload-cloud-6f545f89ff-9hvzm,2.016909907671948
1783743134,cpu_utilisation,pod=workload-cloud-6f545f89ff-9hvzm,2.0256706878424073
1783743144,cpu_utilisation,pod=workload-cloud-6f545f89ff-9hvzm,2.0314245271223763
1783743154,cpu_utilisation,pod=workload-cloud-6f545f89ff-9hvzm,2.033452743435165
1783743164,cpu_utilisation,pod=workload-cloud-6f545f89ff-9hvzm,2.054362239156262
1783743174,cpu_utilisation,pod=workload-cloud-6f545f89ff-9hvzm,2.0705702611077212
1783743184,cpu_utilisation,pod=workload-cloud-6f545f89ff-9hvzm,1.7363595028166003
1783743194,cpu_utilisation,pod=workload-cloud-6f545f89ff-9hvzm,2.0625197725218247
1783743204,cpu_utilisation,pod=workload-cloud-6f545f89ff-9hvzm,2.0588057971707197
1783743214,cpu_utilisation,pod=workload-cloud-6f545f89ff-9hvzm,2.0056267430657835
1783743224,cpu_utilisation,pod=workload-cloud-6f545f89ff-9hvzm,1.8565986400596697
1783743234,cpu_utilisation,pod=workload-cloud-6f545f89ff-9hvzm,1.7915816790241483
1783743244,cpu_utilisation,pod=workload-cloud-6f545f89ff-9hvzm,1.4904092400352813
1783743254,cpu_utilisation,pod=workload-cloud-6f545f89ff-9hvzm,1.2672930937812148
1783743264,cpu_utilisation,pod=workload-cloud-6f545f89ff-9hvzm,1.0207588236790488
1783743274,cpu_utilisation,pod=workload-cloud-6f545f89ff-9hvzm,1.131715110948082
1783743284,cpu_utilisation,pod=workload-cloud-6f545f89ff-9hvzm,1.1340438922941987
1783743294,cpu_utilisation,pod=workload-cloud-6f545f89ff-9hvzm,1.1340438922941987
1783743304,cpu_utilisation,pod=workload-cloud-6f545f89ff-9hvzm,1.1440982271017
1783743314,cpu_utilisation,pod=workload-cloud-6f545f89ff-9hvzm,1.1266936414382633
1783743324,cpu_utilisation,pod=workload-cloud-6f545f89ff-9hvzm,1.1260768102547871
1783743334,cpu_utilisation,pod=workload-cloud-6f545f89ff-9hvzm,1.138990505874882
1783743344,cpu_utilisation,pod=workload-cloud-6f545f89ff-9hvzm,1.1354240578246237
1783743354,cpu_utilisation,pod=workload-cloud-6f545f89ff-9hvzm,1.1215481980423407
1783743364,cpu_utilisation,pod=workload-cloud-6f545f89ff-9hvzm,1.1345975324398878
1783743374,cpu_utilisation,pod=workload-cloud-6f545f89ff-9hvzm,1.1396970011055678
1783743384,cpu_utilisation,pod=workload-cloud-6f545f89ff-9hvzm,1.1368378082940458
1783743394,cpu_utilisation,pod=workload-cloud-6f545f89ff-9hvzm,1.1576199631082797
1783743404,cpu_utilisation,pod=workload-cloud-6f545f89ff-9hvzm,0.9085805373225938
1783743414,cpu_utilisation,pod=workload-cloud-6f545f89ff-9hvzm,1.1624777213095412
1783743424,cpu_utilisation,pod=workload-cloud-6f545f89ff-9hvzm,1.0965403957805429
1783743434,cpu_utilisation,pod=workload-cloud-6f545f89ff-9hvzm,0.969130082146184
1783743444,cpu_utilisation,pod=workload-cloud-6f545f89ff-9hvzm,0.969130082146184
1783743454,cpu_utilisation,pod=workload-cloud-6f545f89ff-9hvzm,0.5981776147959169
1783743464,cpu_utilisation,pod=workload-cloud-6f545f89ff-9hvzm,0.46745476581288053
1783743474,cpu_utilisation,pod=workload-cloud-6f545f89ff-9hvzm,0.1612762727194387
1783743484,cpu_utilisation,pod=workload-cloud-6f545f89ff-9hvzm,0.018071650366514883
1783743494,cpu_utilisation,pod=workload-cloud-6f545f89ff-9hvzm,0.00756888202753904
1783743504,cpu_utilisation,pod=workload-cloud-6f545f89ff-9hvzm,0.00911552761701904
1783743044,cpu_utilisation,pod=workload-cloud-6f545f89ff-c9sb9,0.0601376077935124
1783743054,cpu_utilisation,pod=workload-cloud-6f545f89ff-c9sb9,0.0883603436664911
1783743064,cpu_utilisation,pod=workload-cloud-6f545f89ff-c9sb9,0.17436473299242533
1783743074,cpu_utilisation,pod=workload-cloud-6f545f89ff-c9sb9,0.3592670503596871
1783743084,cpu_utilisation,pod=workload-cloud-6f545f89ff-c9sb9,0.4602088068396355
1783743094,cpu_utilisation,pod=workload-cloud-6f545f89ff-c9sb9,0.7184385228880025
1783743104,cpu_utilisation,pod=workload-cloud-6f545f89ff-c9sb9,0.8951106119256016
1783743114,cpu_utilisation,pod=workload-cloud-6f545f89ff-c9sb9,1.0066145164630358
1783743124,cpu_utilisation,pod=workload-cloud-6f545f89ff-c9sb9,1.0530150470962265
1783743134,cpu_utilisation,pod=workload-cloud-6f545f89ff-c9sb9,0.8954847652108303
1783743144,cpu_utilisation,pod=workload-cloud-6f545f89ff-c9sb9,1.0554181534801688
1783743154,cpu_utilisation,pod=workload-cloud-6f545f89ff-c9sb9,1.0643775799396213
1783743164,cpu_utilisation,pod=workload-cloud-6f545f89ff-c9sb9,1.056595418615906
1783743174,cpu_utilisation,pod=workload-cloud-6f545f89ff-c9sb9,1.0445424030296073
1783743184,cpu_utilisation,pod=workload-cloud-6f545f89ff-c9sb9,1.0518828607678727
1783743194,cpu_utilisation,pod=workload-cloud-6f545f89ff-c9sb9,1.0720075381289078
1783743204,cpu_utilisation,pod=workload-cloud-6f545f89ff-c9sb9,1.08710982489988
1783743214,cpu_utilisation,pod=workload-cloud-6f545f89ff-c9sb9,1.0370926083262533
1783743224,cpu_utilisation,pod=workload-cloud-6f545f89ff-c9sb9,1.0236531812405807
1783743234,cpu_utilisation,pod=workload-cloud-6f545f89ff-c9sb9,0.7816747282763329
1783743244,cpu_utilisation,pod=workload-cloud-6f545f89ff-c9sb9,0.5271516010433999
1783743254,cpu_utilisation,pod=workload-cloud-6f545f89ff-c9sb9,0.26476763222077465
1783743264,cpu_utilisation,pod=workload-cloud-6f545f89ff-c9sb9,0.21502747668808572
1783743274,cpu_utilisation,pod=workload-cloud-6f545f89ff-c9sb9,0.10061519061345667
1783743284,cpu_utilisation,pod=workload-cloud-6f545f89ff-c9sb9,0.1232943209232577
1783743294,cpu_utilisation,pod=workload-cloud-6f545f89ff-c9sb9,0.1231179493237251
1783743304,cpu_utilisation,pod=workload-cloud-6f545f89ff-c9sb9,0.12287351824478933
1783743314,cpu_utilisation,pod=workload-cloud-6f545f89ff-c9sb9,0.12224801620800241
1783743324,cpu_utilisation,pod=workload-cloud-6f545f89ff-c9sb9,0.12183614578759197
1783743334,cpu_utilisation,pod=workload-cloud-6f545f89ff-c9sb9,0.12183614578759197
1783743344,cpu_utilisation,pod=workload-cloud-6f545f89ff-c9sb9,0.12230960615865286
1783743354,cpu_utilisation,pod=workload-cloud-6f545f89ff-c9sb9,0.12346725980322944
1783743364,cpu_utilisation,pod=workload-cloud-6f545f89ff-c9sb9,0.12401806915998781
1783743374,cpu_utilisation,pod=workload-cloud-6f545f89ff-c9sb9,0.12454823419617782
1783743384,cpu_utilisation,pod=workload-cloud-6f545f89ff-c9sb9,0.1257417371252878
1783743394,cpu_utilisation,pod=workload-cloud-6f545f89ff-c9sb9,0.1257417371252878
1783743404,cpu_utilisation,pod=workload-cloud-6f545f89ff-c9sb9,0.12880763403658718
1783743414,cpu_utilisation,pod=workload-cloud-6f545f89ff-c9sb9,0.11776711311017918
1783743424,cpu_utilisation,pod=workload-cloud-6f545f89ff-c9sb9,0.1135578665746102
1783743434,cpu_utilisation,pod=workload-cloud-6f545f89ff-c9sb9,0.08707897444692182
1783743444,cpu_utilisation,pod=workload-cloud-6f545f89ff-c9sb9,0.03993220124192136
1783743454,cpu_utilisation,pod=workload-cloud-6f545f89ff-c9sb9,0.03993220124192135
1783743464,cpu_utilisation,pod=workload-cloud-6f545f89ff-c9sb9,0.009057406016697921
1783743474,cpu_utilisation,pod=workload-cloud-6f545f89ff-c9sb9,0.008999388138630346
1783743484,cpu_utilisation,pod=workload-cloud-6f545f89ff-c9sb9,0.008999388138630346
1783743494,cpu_utilisation,pod=workload-cloud-6f545f89ff-c9sb9,0.00900567057892622
1783743504,cpu_utilisation,pod=workload-cloud-6f545f89ff-c9sb9,0.009230228298554249
1783743094,cpu_utilisation,pod=workload-cloud-6f545f89ff-szmtm,0.13185066536193774
1783743104,cpu_utilisation,pod=workload-cloud-6f545f89ff-szmtm,0.16035284750479845
1783743114,cpu_utilisation,pod=workload-cloud-6f545f89ff-szmtm,0.20519601769033907
1783743124,cpu_utilisation,pod=workload-cloud-6f545f89ff-szmtm,0.2358866651663044
1783743134,cpu_utilisation,pod=workload-cloud-6f545f89ff-szmtm,0.2259993435397276
1783743144,cpu_utilisation,pod=workload-cloud-6f545f89ff-szmtm,0.2259993435397276
1783743154,cpu_utilisation,pod=workload-cloud-6f545f89ff-szmtm,0.22592785035629454
1783743164,cpu_utilisation,pod=workload-cloud-6f545f89ff-szmtm,0.19144561494945916
1783743174,cpu_utilisation,pod=workload-cloud-6f545f89ff-szmtm,0.22458551802625695
1783743184,cpu_utilisation,pod=workload-cloud-6f545f89ff-szmtm,0.22336641712038713
1783743194,cpu_utilisation,pod=workload-cloud-6f545f89ff-szmtm,0.22292108293230187
1783743204,cpu_utilisation,pod=workload-cloud-6f545f89ff-szmtm,0.22341338198481053
1783743214,cpu_utilisation,pod=workload-cloud-6f545f89ff-szmtm,0.151231784378627
1783743224,cpu_utilisation,pod=workload-cloud-6f545f89ff-szmtm,0.151231784378627
1783743234,cpu_utilisation,pod=workload-cloud-6f545f89ff-szmtm,0.08439086294416248
1783743244,cpu_utilisation,pod=workload-cloud-6f545f89ff-szmtm,0.02385268381872803
1783743254,cpu_utilisation,pod=workload-cloud-6f545f89ff-szmtm,0.02385268381872803
1783743264,cpu_utilisation,pod=workload-cloud-6f545f89ff-szmtm,0.00859342560553633
1783743274,cpu_utilisation,pod=workload-cloud-6f545f89ff-szmtm,0.008903354556685318
1783743284,cpu_utilisation,pod=workload-cloud-6f545f89ff-szmtm,0.008573480618273066
1783743294,cpu_utilisation,pod=workload-cloud-6f545f89ff-szmtm,0.008192426896644636
1783743304,cpu_utilisation,pod=workload-cloud-6f545f89ff-szmtm,0.008231680501346863
1783743314,cpu_utilisation,pod=workload-cloud-6f545f89ff-szmtm,0.008231680501346863
1783743324,cpu_utilisation,pod=workload-cloud-6f545f89ff-szmtm,0.008679006152140034
1783743334,cpu_utilisation,pod=workload-cloud-6f545f89ff-szmtm,0.008808276148887463
1783743344,cpu_utilisation,pod=workload-cloud-6f545f89ff-szmtm,0.008986759879512687
1783743354,cpu_utilisation,pod=workload-cloud-6f545f89ff-szmtm,0.008986759879512687
1783743364,cpu_utilisation,pod=workload-cloud-6f545f89ff-szmtm,0.00898013962168513
1783743374,cpu_utilisation,pod=workload-cloud-6f545f89ff-szmtm,0.00898013962168513
1783743384,cpu_utilisation,pod=workload-cloud-6f545f89ff-szmtm,0.008714310450977392
1783743394,cpu_utilisation,pod=workload-cloud-6f545f89ff-szmtm,0.009130365118468188
1783743404,cpu_utilisation,pod=workload-cloud-6f545f89ff-szmtm,0.009284789337376023
1783743414,cpu_utilisation,pod=workload-cloud-6f545f89ff-szmtm,0.009601783220539239
1783743424,cpu_utilisation,pod=workload-cloud-6f545f89ff-szmtm,0.010135964806265219
1783743434,cpu_utilisation,pod=workload-cloud-6f545f89ff-szmtm,0.010135964806265219
1783743444,cpu_utilisation,pod=workload-cloud-6f545f89ff-szmtm,0.009539126721468989
1783743454,cpu_utilisation,pod=workload-cloud-6f545f89ff-szmtm,0.009694666549512369
1783743464,cpu_utilisation,pod=workload-cloud-6f545f89ff-szmtm,0.009694666549512369
1783743474,cpu_utilisation,pod=workload-cloud-6f545f89ff-szmtm,0.009251894335831207
1783743484,cpu_utilisation,pod=workload-cloud-6f545f89ff-szmtm,0.007919662608703
1783743494,cpu_utilisation,pod=workload-cloud-6f545f89ff-szmtm,0.009600501612325368
1783743504,cpu_utilisation,pod=workload-cloud-6f545f89ff-szmtm,0.008883501380771892
1783742864,cpu_utilisation,pod=workload-edge-7b875fd8c6-pxwvc,0.02099514111993164
1783742874,cpu_utilisation,pod=workload-edge-7b875fd8c6-pxwvc,0.020885867091488115
1783742884,cpu_utilisation,pod=workload-edge-7b875fd8c6-pxwvc,0.01755849394985226
1783742894,cpu_utilisation,pod=workload-edge-7b875fd8c6-pxwvc,0.02128418966620593
1783742904,cpu_utilisation,pod=workload-edge-7b875fd8c6-pxwvc,0.021340082861644297
1783742914,cpu_utilisation,pod=workload-edge-7b875fd8c6-pxwvc,0.021209243095534337
1783742924,cpu_utilisation,pod=workload-edge-7b875fd8c6-pxwvc,0.021205476204587338
1783742934,cpu_utilisation,pod=workload-edge-7b875fd8c6-pxwvc,0.02077427570837344
1783742944,cpu_utilisation,pod=workload-edge-7b875fd8c6-pxwvc,0.02102178257394082
1783742954,cpu_utilisation,pod=workload-edge-7b875fd8c6-pxwvc,0.021129782479821883
1783742964,cpu_utilisation,pod=workload-edge-7b875fd8c6-pxwvc,0.02095563139931734
1783742974,cpu_utilisation,pod=workload-edge-7b875fd8c6-pxwvc,0.021237796771129143
1783742984,cpu_utilisation,pod=workload-edge-7b875fd8c6-pxwvc,0.01818414910836663
1783742994,cpu_utilisation,pod=workload-edge-7b875fd8c6-pxwvc,0.021349527127924185
1783743004,cpu_utilisation,pod=workload-edge-7b875fd8c6-pxwvc,0.018202445758510304
1783743014,cpu_utilisation,pod=workload-edge-7b875fd8c6-pxwvc,0.021920241141519428
1783743024,cpu_utilisation,pod=workload-edge-7b875fd8c6-pxwvc,0.022041616287686798
1783743034,cpu_utilisation,pod=workload-edge-7b875fd8c6-pxwvc,0.02214609528697209
1783743044,cpu_utilisation,pod=workload-edge-7b875fd8c6-pxwvc,0.022332705294578977
1783743054,cpu_utilisation,pod=workload-edge-7b875fd8c6-pxwvc,0.02247166015856143
1783743064,cpu_utilisation,pod=workload-edge-7b875fd8c6-pxwvc,0.02247166015856143
1783743074,cpu_utilisation,pod=workload-edge-7b875fd8c6-pxwvc,0.022118453610587677
1783743084,cpu_utilisation,pod=workload-edge-7b875fd8c6-pxwvc,0.022262300601876096
1783743094,cpu_utilisation,pod=workload-edge-7b875fd8c6-pxwvc,0.022262300601876096
1783743104,cpu_utilisation,pod=workload-edge-7b875fd8c6-pxwvc,0.021823825470496678
1783743114,cpu_utilisation,pod=workload-edge-7b875fd8c6-pxwvc,0.021477104543212826
1783743124,cpu_utilisation,pod=workload-edge-7b875fd8c6-pxwvc,0.021477104543212826
1783743134,cpu_utilisation,pod=workload-edge-7b875fd8c6-pxwvc,0.020856486744577987
1783743144,cpu_utilisation,pod=workload-edge-7b875fd8c6-pxwvc,0.017748646466101966
1783743154,cpu_utilisation,pod=workload-edge-7b875fd8c6-pxwvc,0.021195858457250787
1783743164,cpu_utilisation,pod=workload-edge-7b875fd8c6-pxwvc,0.021158625657855295
1783743174,cpu_utilisation,pod=workload-edge-7b875fd8c6-pxwvc,0.021058534073353584
1783743184,cpu_utilisation,pod=workload-edge-7b875fd8c6-pxwvc,0.021236183588773595
1783743194,cpu_utilisation,pod=workload-edge-7b875fd8c6-pxwvc,0.021234922458357574
1783743204,cpu_utilisation,pod=workload-edge-7b875fd8c6-pxwvc,0.01788646231142172
1783743214,cpu_utilisation,pod=workload-edge-7b875fd8c6-pxwvc,0.02074802074802088
1783743224,cpu_utilisation,pod=workload-edge-7b875fd8c6-pxwvc,0.020429877499551018
1783743234,cpu_utilisation,pod=workload-edge-7b875fd8c6-pxwvc,0.02049694856146541
1783743244,cpu_utilisation,pod=workload-edge-7b875fd8c6-pxwvc,0.02007374027038151
1783743254,cpu_utilisation,pod=workload-edge-7b875fd8c6-pxwvc,0.020924383864077332
1783743264,cpu_utilisation,pod=workload-edge-7b875fd8c6-pxwvc,0.020664314587617576
1783743274,cpu_utilisation,pod=workload-edge-7b875fd8c6-pxwvc,0.020665135442317708
1783743284,cpu_utilisation,pod=workload-edge-7b875fd8c6-pxwvc,0.02039861195610572
1783743294,cpu_utilisation,pod=workload-edge-7b875fd8c6-pxwvc,0.016396952930835446
1783743304,cpu_utilisation,pod=workload-edge-7b875fd8c6-pxwvc,0.020574756621180284
1783743314,cpu_utilisation,pod=workload-edge-7b875fd8c6-pxwvc,0.020373268992923296
1783743324,cpu_utilisation,pod=workload-edge-7b875fd8c6-pxwvc,0.02056445914242734
1783743334,cpu_utilisation,pod=workload-edge-7b875fd8c6-pxwvc,0.02089910542407348
1783743344,cpu_utilisation,pod=workload-edge-7b875fd8c6-pxwvc,0.02079506913644546
1783743354,cpu_utilisation,pod=workload-edge-7b875fd8c6-pxwvc,0.02104077716893326
1783743364,cpu_utilisation,pod=workload-edge-7b875fd8c6-pxwvc,0.021711186739466263
1783743374,cpu_utilisation,pod=workload-edge-7b875fd8c6-pxwvc,0.02093148939182952
1783743384,cpu_utilisation,pod=workload-edge-7b875fd8c6-pxwvc,0.02093148939182952
1783743394,cpu_utilisation,pod=workload-edge-7b875fd8c6-pxwvc,0.02128443927047025
1783743404,cpu_utilisation,pod=workload-edge-7b875fd8c6-pxwvc,0.021847821546431438
1783743414,cpu_utilisation,pod=workload-edge-7b875fd8c6-pxwvc,0.01914904588682984
1783743424,cpu_utilisation,pod=workload-edge-7b875fd8c6-pxwvc,0.022086667080154578
1783743434,cpu_utilisation,pod=workload-edge-7b875fd8c6-pxwvc,0.021887490523122617
1783743444,cpu_utilisation,pod=workload-edge-7b875fd8c6-pxwvc,0.021944712117561663
1783743454,cpu_utilisation,pod=workload-edge-7b875fd8c6-pxwvc,0.021153293658937092
1783743464,cpu_utilisation,pod=workload-edge-7b875fd8c6-pxwvc,0.02153377483443886
1783743474,cpu_utilisation,pod=workload-edge-7b875fd8c6-pxwvc,0.02067498246229496
1783743484,cpu_utilisation,pod=workload-edge-7b875fd8c6-pxwvc,0.02052288838159293
1783743494,cpu_utilisation,pod=workload-edge-7b875fd8c6-pxwvc,0.017568561591039342
1783743504,cpu_utilisation,pod=workload-edge-7b875fd8c6-pxwvc,0.020587038920217852
1783742964,mem_mib,pod=workload-cloud-6f545f89ff-57p5d,3.2578125
1783742974,mem_mib,pod=workload-cloud-6f545f89ff-57p5d,3.2578125
1783742984,mem_mib,pod=workload-cloud-6f545f89ff-57p5d,35.12890625
1783742994,mem_mib,pod=workload-cloud-6f545f89ff-57p5d,35.4921875
1783743004,mem_mib,pod=workload-cloud-6f545f89ff-57p5d,35.42578125
1783743014,mem_mib,pod=workload-cloud-6f545f89ff-57p5d,35.42578125
1783743024,mem_mib,pod=workload-cloud-6f545f89ff-57p5d,35.5625
1783743034,mem_mib,pod=workload-cloud-6f545f89ff-57p5d,35.5625
1783743044,mem_mib,pod=workload-cloud-6f545f89ff-57p5d,35.734375
1783743054,mem_mib,pod=workload-cloud-6f545f89ff-57p5d,36.484375
1783743064,mem_mib,pod=workload-cloud-6f545f89ff-57p5d,36.484375
1783743074,mem_mib,pod=workload-cloud-6f545f89ff-57p5d,37.48046875
1783743084,mem_mib,pod=workload-cloud-6f545f89ff-57p5d,37.48046875
1783743094,mem_mib,pod=workload-cloud-6f545f89ff-57p5d,38.23828125
1783743104,mem_mib,pod=workload-cloud-6f545f89ff-57p5d,38.23828125
1783743114,mem_mib,pod=workload-cloud-6f545f89ff-57p5d,38.3046875
1783743124,mem_mib,pod=workload-cloud-6f545f89ff-57p5d,38.94140625
1783743134,mem_mib,pod=workload-cloud-6f545f89ff-57p5d,38.94140625
1783743144,mem_mib,pod=workload-cloud-6f545f89ff-57p5d,38.40625
1783743154,mem_mib,pod=workload-cloud-6f545f89ff-57p5d,38.72265625
1783743164,mem_mib,pod=workload-cloud-6f545f89ff-57p5d,38.72265625
1783743174,mem_mib,pod=workload-cloud-6f545f89ff-57p5d,39.2265625
1783743184,mem_mib,pod=workload-cloud-6f545f89ff-57p5d,38.796875
1783743194,mem_mib,pod=workload-cloud-6f545f89ff-57p5d,38.796875
1783743204,mem_mib,pod=workload-cloud-6f545f89ff-57p5d,38.80859375
1783743214,mem_mib,pod=workload-cloud-6f545f89ff-57p5d,38.80859375
1783743224,mem_mib,pod=workload-cloud-6f545f89ff-57p5d,38.45703125
1783743234,mem_mib,pod=workload-cloud-6f545f89ff-57p5d,37.7890625
1783743244,mem_mib,pod=workload-cloud-6f545f89ff-57p5d,37.7890625
1783743254,mem_mib,pod=workload-cloud-6f545f89ff-57p5d,37.765625
1783743264,mem_mib,pod=workload-cloud-6f545f89ff-57p5d,37.578125
1783743274,mem_mib,pod=workload-cloud-6f545f89ff-57p5d,37.796875
1783743284,mem_mib,pod=workload-cloud-6f545f89ff-57p5d,37.5546875
1783743294,mem_mib,pod=workload-cloud-6f545f89ff-57p5d,37.5546875
1783743304,mem_mib,pod=workload-cloud-6f545f89ff-57p5d,37.83984375
1783743314,mem_mib,pod=workload-cloud-6f545f89ff-57p5d,38.0859375
1783743324,mem_mib,pod=workload-cloud-6f545f89ff-57p5d,38.0859375
1783743334,mem_mib,pod=workload-cloud-6f545f89ff-57p5d,37.83984375
1783743344,mem_mib,pod=workload-cloud-6f545f89ff-57p5d,37.83984375
1783743354,mem_mib,pod=workload-cloud-6f545f89ff-57p5d,37.8515625
1783743364,mem_mib,pod=workload-cloud-6f545f89ff-57p5d,38.83984375
1783743374,mem_mib,pod=workload-cloud-6f545f89ff-57p5d,38.83984375
1783743384,mem_mib,pod=workload-cloud-6f545f89ff-57p5d,37.5390625
1783743394,mem_mib,pod=workload-cloud-6f545f89ff-57p5d,37.5390625
1783743404,mem_mib,pod=workload-cloud-6f545f89ff-57p5d,37.609375
1783743414,mem_mib,pod=workload-cloud-6f545f89ff-57p5d,37.609375
1783743424,mem_mib,pod=workload-cloud-6f545f89ff-57p5d,37.5703125
1783743434,mem_mib,pod=workload-cloud-6f545f89ff-57p5d,37.5703125
1783743444,mem_mib,pod=workload-cloud-6f545f89ff-57p5d,37.4921875
1783743454,mem_mib,pod=workload-cloud-6f545f89ff-57p5d,37.4921875
1783743464,mem_mib,pod=workload-cloud-6f545f89ff-57p5d,37.4921875
1783743474,mem_mib,pod=workload-cloud-6f545f89ff-57p5d,37.4921875
1783743484,mem_mib,pod=workload-cloud-6f545f89ff-57p5d,37.4921875
1783743494,mem_mib,pod=workload-cloud-6f545f89ff-57p5d,37.4921875
1783743504,mem_mib,pod=workload-cloud-6f545f89ff-57p5d,37.4921875
1783743014,mem_mib,pod=workload-cloud-6f545f89ff-82r6g,3.30078125
1783743024,mem_mib,pod=workload-cloud-6f545f89ff-82r6g,3.30078125
1783743034,mem_mib,pod=workload-cloud-6f545f89ff-82r6g,35.12890625
1783743044,mem_mib,pod=workload-cloud-6f545f89ff-82r6g,35.3984375
1783743054,mem_mib,pod=workload-cloud-6f545f89ff-82r6g,35.234375
1783743064,mem_mib,pod=workload-cloud-6f545f89ff-82r6g,35.59375
1783743074,mem_mib,pod=workload-cloud-6f545f89ff-82r6g,35.59375
1783743084,mem_mib,pod=workload-cloud-6f545f89ff-82r6g,36.49609375
1783743094,mem_mib,pod=workload-cloud-6f545f89ff-82r6g,36.7265625
1783743104,mem_mib,pod=workload-cloud-6f545f89ff-82r6g,36.7265625
1783743114,mem_mib,pod=workload-cloud-6f545f89ff-82r6g,36.75390625
1783743124,mem_mib,pod=workload-cloud-6f545f89ff-82r6g,36.75390625
1783743134,mem_mib,pod=workload-cloud-6f545f89ff-82r6g,37.046875
1783743144,mem_mib,pod=workload-cloud-6f545f89ff-82r6g,37.046875
1783743154,mem_mib,pod=workload-cloud-6f545f89ff-82r6g,37.046875
1783743164,mem_mib,pod=workload-cloud-6f545f89ff-82r6g,37.046875
1783743174,mem_mib,pod=workload-cloud-6f545f89ff-82r6g,36.86328125
1783743184,mem_mib,pod=workload-cloud-6f545f89ff-82r6g,36.87109375
1783743194,mem_mib,pod=workload-cloud-6f545f89ff-82r6g,36.89453125
1783743204,mem_mib,pod=workload-cloud-6f545f89ff-82r6g,36.89453125
1783743214,mem_mib,pod=workload-cloud-6f545f89ff-82r6g,36.86328125
1783743224,mem_mib,pod=workload-cloud-6f545f89ff-82r6g,36.5078125
1783743234,mem_mib,pod=workload-cloud-6f545f89ff-82r6g,36.5078125
1783743244,mem_mib,pod=workload-cloud-6f545f89ff-82r6g,36.44921875
1783743254,mem_mib,pod=workload-cloud-6f545f89ff-82r6g,36.45703125
1783743264,mem_mib,pod=workload-cloud-6f545f89ff-82r6g,36.45703125
1783743274,mem_mib,pod=workload-cloud-6f545f89ff-82r6g,36.45703125
1783743284,mem_mib,pod=workload-cloud-6f545f89ff-82r6g,36.45703125
1783743294,mem_mib,pod=workload-cloud-6f545f89ff-82r6g,36.45703125
1783743304,mem_mib,pod=workload-cloud-6f545f89ff-82r6g,36.453125
1783743314,mem_mib,pod=workload-cloud-6f545f89ff-82r6g,36.4609375
1783743324,mem_mib,pod=workload-cloud-6f545f89ff-82r6g,36.4609375
1783743334,mem_mib,pod=workload-cloud-6f545f89ff-82r6g,36.453125
1783743344,mem_mib,pod=workload-cloud-6f545f89ff-82r6g,36.45703125
1783743354,mem_mib,pod=workload-cloud-6f545f89ff-82r6g,36.45703125
1783743364,mem_mib,pod=workload-cloud-6f545f89ff-82r6g,36.45703125
1783743374,mem_mib,pod=workload-cloud-6f545f89ff-82r6g,36.45703125
1783743384,mem_mib,pod=workload-cloud-6f545f89ff-82r6g,36.453125
1783743394,mem_mib,pod=workload-cloud-6f545f89ff-82r6g,36.453125
1783743404,mem_mib,pod=workload-cloud-6f545f89ff-82r6g,36.453125
1783743414,mem_mib,pod=workload-cloud-6f545f89ff-82r6g,36.453125
1783743424,mem_mib,pod=workload-cloud-6f545f89ff-82r6g,36.45703125
1783743434,mem_mib,pod=workload-cloud-6f545f89ff-82r6g,36.45703125
1783743444,mem_mib,pod=workload-cloud-6f545f89ff-82r6g,36.45703125
1783743454,mem_mib,pod=workload-cloud-6f545f89ff-82r6g,36.453125
1783743464,mem_mib,pod=workload-cloud-6f545f89ff-82r6g,36.453125
1783743474,mem_mib,pod=workload-cloud-6f545f89ff-82r6g,36.453125
1783743484,mem_mib,pod=workload-cloud-6f545f89ff-82r6g,36.453125
1783743494,mem_mib,pod=workload-cloud-6f545f89ff-82r6g,36.45703125
1783743504,mem_mib,pod=workload-cloud-6f545f89ff-82r6g,36.453125
1783742954,mem_mib,pod=workload-cloud-6f545f89ff-84tvl,3.296875
1783742964,mem_mib,pod=workload-cloud-6f545f89ff-84tvl,3.296875
1783742974,mem_mib,pod=workload-cloud-6f545f89ff-84tvl,35.21484375
1783742984,mem_mib,pod=workload-cloud-6f545f89ff-84tvl,35.3671875
1783742994,mem_mib,pod=workload-cloud-6f545f89ff-84tvl,35.65625
1783743004,mem_mib,pod=workload-cloud-6f545f89ff-84tvl,35.65625
1783743014,mem_mib,pod=workload-cloud-6f545f89ff-84tvl,36.0078125
1783743024,mem_mib,pod=workload-cloud-6f545f89ff-84tvl,35.51953125
1783743034,mem_mib,pod=workload-cloud-6f545f89ff-84tvl,35.51953125
1783743044,mem_mib,pod=workload-cloud-6f545f89ff-84tvl,35.83984375
1783743054,mem_mib,pod=workload-cloud-6f545f89ff-84tvl,35.83984375
1783743064,mem_mib,pod=workload-cloud-6f545f89ff-84tvl,35.87890625
1783743074,mem_mib,pod=workload-cloud-6f545f89ff-84tvl,36.78125
1783743084,mem_mib,pod=workload-cloud-6f545f89ff-84tvl,36.78125
1783743094,mem_mib,pod=workload-cloud-6f545f89ff-84tvl,37.25390625
1783743104,mem_mib,pod=workload-cloud-6f545f89ff-84tvl,37.25390625
1783743114,mem_mib,pod=workload-cloud-6f545f89ff-84tvl,37.765625
1783743124,mem_mib,pod=workload-cloud-6f545f89ff-84tvl,38.0234375
1783743134,mem_mib,pod=workload-cloud-6f545f89ff-84tvl,38.0234375
1783743144,mem_mib,pod=workload-cloud-6f545f89ff-84tvl,37.5390625
1783743154,mem_mib,pod=workload-cloud-6f545f89ff-84tvl,38.12109375
1783743164,mem_mib,pod=workload-cloud-6f545f89ff-84tvl,37.6484375
1783743174,mem_mib,pod=workload-cloud-6f545f89ff-84tvl,38.87109375
1783743184,mem_mib,pod=workload-cloud-6f545f89ff-84tvl,38.14453125
1783743194,mem_mib,pod=workload-cloud-6f545f89ff-84tvl,37.8828125
1783743204,mem_mib,pod=workload-cloud-6f545f89ff-84tvl,37.8828125
1783743214,mem_mib,pod=workload-cloud-6f545f89ff-84tvl,37.640625
1783743224,mem_mib,pod=workload-cloud-6f545f89ff-84tvl,37.21875
1783743234,mem_mib,pod=workload-cloud-6f545f89ff-84tvl,37.2734375
1783743244,mem_mib,pod=workload-cloud-6f545f89ff-84tvl,37.2734375
1783743254,mem_mib,pod=workload-cloud-6f545f89ff-84tvl,36.9765625
1783743264,mem_mib,pod=workload-cloud-6f545f89ff-84tvl,36.98828125
1783743274,mem_mib,pod=workload-cloud-6f545f89ff-84tvl,36.98828125
1783743284,mem_mib,pod=workload-cloud-6f545f89ff-84tvl,36.9921875
1783743294,mem_mib,pod=workload-cloud-6f545f89ff-84tvl,36.98828125
1783743304,mem_mib,pod=workload-cloud-6f545f89ff-84tvl,37.24609375
1783743314,mem_mib,pod=workload-cloud-6f545f89ff-84tvl,37.24609375
1783743324,mem_mib,pod=workload-cloud-6f545f89ff-84tvl,37.2421875
1783743334,mem_mib,pod=workload-cloud-6f545f89ff-84tvl,36.99609375
1783743344,mem_mib,pod=workload-cloud-6f545f89ff-84tvl,36.99609375
1783743354,mem_mib,pod=workload-cloud-6f545f89ff-84tvl,36.99609375
1783743364,mem_mib,pod=workload-cloud-6f545f89ff-84tvl,36.99609375
1783743374,mem_mib,pod=workload-cloud-6f545f89ff-84tvl,37.2421875
1783743384,mem_mib,pod=workload-cloud-6f545f89ff-84tvl,37.2421875
1783743394,mem_mib,pod=workload-cloud-6f545f89ff-84tvl,37.2421875
1783743404,mem_mib,pod=workload-cloud-6f545f89ff-84tvl,37.2421875
1783743414,mem_mib,pod=workload-cloud-6f545f89ff-84tvl,36.99609375
1783743424,mem_mib,pod=workload-cloud-6f545f89ff-84tvl,37.02734375
1783743434,mem_mib,pod=workload-cloud-6f545f89ff-84tvl,37.02734375
1783743444,mem_mib,pod=workload-cloud-6f545f89ff-84tvl,36.94921875
1783743454,mem_mib,pod=workload-cloud-6f545f89ff-84tvl,36.94921875
1783743464,mem_mib,pod=workload-cloud-6f545f89ff-84tvl,36.94921875
1783743474,mem_mib,pod=workload-cloud-6f545f89ff-84tvl,36.94921875
1783743484,mem_mib,pod=workload-cloud-6f545f89ff-84tvl,36.94921875
1783743494,mem_mib,pod=workload-cloud-6f545f89ff-84tvl,36.94921875
1783743504,mem_mib,pod=workload-cloud-6f545f89ff-84tvl,36.94921875
1783742864,mem_mib,pod=workload-cloud-6f545f89ff-9hvzm,40.6875
1783742874,mem_mib,pod=workload-cloud-6f545f89ff-9hvzm,40.6875
1783742884,mem_mib,pod=workload-cloud-6f545f89ff-9hvzm,40.9296875
1783742894,mem_mib,pod=workload-cloud-6f545f89ff-9hvzm,41.21484375
1783742904,mem_mib,pod=workload-cloud-6f545f89ff-9hvzm,40.99609375
1783742914,mem_mib,pod=workload-cloud-6f545f89ff-9hvzm,40.99609375
1783742924,mem_mib,pod=workload-cloud-6f545f89ff-9hvzm,41.0234375
1783742934,mem_mib,pod=workload-cloud-6f545f89ff-9hvzm,41.0234375
1783742944,mem_mib,pod=workload-cloud-6f545f89ff-9hvzm,40.91796875
1783742954,mem_mib,pod=workload-cloud-6f545f89ff-9hvzm,41.3515625
1783742964,mem_mib,pod=workload-cloud-6f545f89ff-9hvzm,41.3515625
1783742974,mem_mib,pod=workload-cloud-6f545f89ff-9hvzm,41.30078125
1783742984,mem_mib,pod=workload-cloud-6f545f89ff-9hvzm,41.30859375
1783742994,mem_mib,pod=workload-cloud-6f545f89ff-9hvzm,41.30859375
1783743004,mem_mib,pod=workload-cloud-6f545f89ff-9hvzm,41.0625
1783743014,mem_mib,pod=workload-cloud-6f545f89ff-9hvzm,41.0625
1783743024,mem_mib,pod=workload-cloud-6f545f89ff-9hvzm,41.5546875
1783743034,mem_mib,pod=workload-cloud-6f545f89ff-9hvzm,41.41015625
1783743044,mem_mib,pod=workload-cloud-6f545f89ff-9hvzm,41.41015625
1783743054,mem_mib,pod=workload-cloud-6f545f89ff-9hvzm,41.3984375
1783743064,mem_mib,pod=workload-cloud-6f545f89ff-9hvzm,41.8359375
1783743074,mem_mib,pod=workload-cloud-6f545f89ff-9hvzm,42.1328125
1783743084,mem_mib,pod=workload-cloud-6f545f89ff-9hvzm,42.1328125
1783743094,mem_mib,pod=workload-cloud-6f545f89ff-9hvzm,42.2734375
1783743104,mem_mib,pod=workload-cloud-6f545f89ff-9hvzm,42.140625
1783743114,mem_mib,pod=workload-cloud-6f545f89ff-9hvzm,42.140625
1783743124,mem_mib,pod=workload-cloud-6f545f89ff-9hvzm,42.03515625
1783743134,mem_mib,pod=workload-cloud-6f545f89ff-9hvzm,42.03515625
1783743144,mem_mib,pod=workload-cloud-6f545f89ff-9hvzm,42.29296875
1783743154,mem_mib,pod=workload-cloud-6f545f89ff-9hvzm,42.05078125
1783743164,mem_mib,pod=workload-cloud-6f545f89ff-9hvzm,42.05078125
1783743174,mem_mib,pod=workload-cloud-6f545f89ff-9hvzm,42.1015625
1783743184,mem_mib,pod=workload-cloud-6f545f89ff-9hvzm,42.53125
1783743194,mem_mib,pod=workload-cloud-6f545f89ff-9hvzm,42.27734375
1783743204,mem_mib,pod=workload-cloud-6f545f89ff-9hvzm,42.27734375
1783743214,mem_mib,pod=workload-cloud-6f545f89ff-9hvzm,42.03515625
1783743224,mem_mib,pod=workload-cloud-6f545f89ff-9hvzm,41.8125
1783743234,mem_mib,pod=workload-cloud-6f545f89ff-9hvzm,41.8125
1783743244,mem_mib,pod=workload-cloud-6f545f89ff-9hvzm,41.484375
1783743254,mem_mib,pod=workload-cloud-6f545f89ff-9hvzm,42.01171875
1783743264,mem_mib,pod=workload-cloud-6f545f89ff-9hvzm,42.01171875
1783743274,mem_mib,pod=workload-cloud-6f545f89ff-9hvzm,42.26953125
1783743284,mem_mib,pod=workload-cloud-6f545f89ff-9hvzm,41.73046875
1783743294,mem_mib,pod=workload-cloud-6f545f89ff-9hvzm,41.73046875
1783743304,mem_mib,pod=workload-cloud-6f545f89ff-9hvzm,41.48828125
1783743314,mem_mib,pod=workload-cloud-6f545f89ff-9hvzm,41.48828125
1783743324,mem_mib,pod=workload-cloud-6f545f89ff-9hvzm,41.48828125
1783743334,mem_mib,pod=workload-cloud-6f545f89ff-9hvzm,41.734375
1783743344,mem_mib,pod=workload-cloud-6f545f89ff-9hvzm,41.734375
1783743354,mem_mib,pod=workload-cloud-6f545f89ff-9hvzm,41.2421875
1783743364,mem_mib,pod=workload-cloud-6f545f89ff-9hvzm,41.71875
1783743374,mem_mib,pod=workload-cloud-6f545f89ff-9hvzm,41.24609375
1783743384,mem_mib,pod=workload-cloud-6f545f89ff-9hvzm,41.24609375
1783743394,mem_mib,pod=workload-cloud-6f545f89ff-9hvzm,41.7421875
1783743404,mem_mib,pod=workload-cloud-6f545f89ff-9hvzm,41.7421875
1783743414,mem_mib,pod=workload-cloud-6f545f89ff-9hvzm,41.27734375
1783743424,mem_mib,pod=workload-cloud-6f545f89ff-9hvzm,42.11328125
1783743434,mem_mib,pod=workload-cloud-6f545f89ff-9hvzm,41.359375
1783743444,mem_mib,pod=workload-cloud-6f545f89ff-9hvzm,41.359375
1783743454,mem_mib,pod=workload-cloud-6f545f89ff-9hvzm,40.67578125
1783743464,mem_mib,pod=workload-cloud-6f545f89ff-9hvzm,40.67578125
1783743474,mem_mib,pod=workload-cloud-6f545f89ff-9hvzm,40.6796875
1783743484,mem_mib,pod=workload-cloud-6f545f89ff-9hvzm,40.67578125
1783743494,mem_mib,pod=workload-cloud-6f545f89ff-9hvzm,40.67578125
1783743504,mem_mib,pod=workload-cloud-6f545f89ff-9hvzm,40.6796875
1783743024,mem_mib,pod=workload-cloud-6f545f89ff-c9sb9,2.6875
1783743034,mem_mib,pod=workload-cloud-6f545f89ff-c9sb9,2.6875
1783743044,mem_mib,pod=workload-cloud-6f545f89ff-c9sb9,35.21484375
1783743054,mem_mib,pod=workload-cloud-6f545f89ff-c9sb9,35.21484375
1783743064,mem_mib,pod=workload-cloud-6f545f89ff-c9sb9,35.90234375
1783743074,mem_mib,pod=workload-cloud-6f545f89ff-c9sb9,36.359375
1783743084,mem_mib,pod=workload-cloud-6f545f89ff-c9sb9,36.359375
1783743094,mem_mib,pod=workload-cloud-6f545f89ff-c9sb9,36.75390625
1783743104,mem_mib,pod=workload-cloud-6f545f89ff-c9sb9,36.75390625
1783743114,mem_mib,pod=workload-cloud-6f545f89ff-c9sb9,37.328125
1783743124,mem_mib,pod=workload-cloud-6f545f89ff-c9sb9,36.86328125
1783743134,mem_mib,pod=workload-cloud-6f545f89ff-c9sb9,36.86328125
1783743144,mem_mib,pod=workload-cloud-6f545f89ff-c9sb9,36.9765625
1783743154,mem_mib,pod=workload-cloud-6f545f89ff-c9sb9,36.9765625
1783743164,mem_mib,pod=workload-cloud-6f545f89ff-c9sb9,36.95703125
1783743174,mem_mib,pod=workload-cloud-6f545f89ff-c9sb9,36.95703125
1783743184,mem_mib,pod=workload-cloud-6f545f89ff-c9sb9,36.9375
1783743194,mem_mib,pod=workload-cloud-6f545f89ff-c9sb9,37.71875
1783743204,mem_mib,pod=workload-cloud-6f545f89ff-c9sb9,37.71875
1783743214,mem_mib,pod=workload-cloud-6f545f89ff-c9sb9,36.921875
1783743224,mem_mib,pod=workload-cloud-6f545f89ff-c9sb9,36.921875
1783743234,mem_mib,pod=workload-cloud-6f545f89ff-c9sb9,36.6484375
1783743244,mem_mib,pod=workload-cloud-6f545f89ff-c9sb9,36.5546875
1783743254,mem_mib,pod=workload-cloud-6f545f89ff-c9sb9,36.5546875
1783743264,mem_mib,pod=workload-cloud-6f545f89ff-c9sb9,36.546875
1783743274,mem_mib,pod=workload-cloud-6f545f89ff-c9sb9,36.546875
1783743284,mem_mib,pod=workload-cloud-6f545f89ff-c9sb9,36.55078125
1783743294,mem_mib,pod=workload-cloud-6f545f89ff-c9sb9,36.55078125
1783743304,mem_mib,pod=workload-cloud-6f545f89ff-c9sb9,36.55078125
1783743314,mem_mib,pod=workload-cloud-6f545f89ff-c9sb9,36.55078125
1783743324,mem_mib,pod=workload-cloud-6f545f89ff-c9sb9,36.796875
1783743334,mem_mib,pod=workload-cloud-6f545f89ff-c9sb9,36.796875
1783743344,mem_mib,pod=workload-cloud-6f545f89ff-c9sb9,36.55859375
1783743354,mem_mib,pod=workload-cloud-6f545f89ff-c9sb9,36.5859375
1783743364,mem_mib,pod=workload-cloud-6f545f89ff-c9sb9,36.8046875
1783743374,mem_mib,pod=workload-cloud-6f545f89ff-c9sb9,36.8046875
1783743384,mem_mib,pod=workload-cloud-6f545f89ff-c9sb9,36.5546875
1783743394,mem_mib,pod=workload-cloud-6f545f89ff-c9sb9,36.5546875
1783743404,mem_mib,pod=workload-cloud-6f545f89ff-c9sb9,36.5546875
1783743414,mem_mib,pod=workload-cloud-6f545f89ff-c9sb9,36.55859375
1783743424,mem_mib,pod=workload-cloud-6f545f89ff-c9sb9,36.55859375
1783743434,mem_mib,pod=workload-cloud-6f545f89ff-c9sb9,36.5625
1783743444,mem_mib,pod=workload-cloud-6f545f89ff-c9sb9,36.5625
1783743454,mem_mib,pod=workload-cloud-6f545f89ff-c9sb9,36.5625
1783743464,mem_mib,pod=workload-cloud-6f545f89ff-c9sb9,36.55859375
1783743474,mem_mib,pod=workload-cloud-6f545f89ff-c9sb9,36.5625
1783743484,mem_mib,pod=workload-cloud-6f545f89ff-c9sb9,36.5625
1783743494,mem_mib,pod=workload-cloud-6f545f89ff-c9sb9,36.5625
1783743504,mem_mib,pod=workload-cloud-6f545f89ff-c9sb9,36.5625
1783743074,mem_mib,pod=workload-cloud-6f545f89ff-szmtm,3.28515625
1783743084,mem_mib,pod=workload-cloud-6f545f89ff-szmtm,3.28515625
1783743094,mem_mib,pod=workload-cloud-6f545f89ff-szmtm,35.59375
1783743104,mem_mib,pod=workload-cloud-6f545f89ff-szmtm,35.47265625
1783743114,mem_mib,pod=workload-cloud-6f545f89ff-szmtm,35.47265625
1783743124,mem_mib,pod=workload-cloud-6f545f89ff-szmtm,35.4921875
1783743134,mem_mib,pod=workload-cloud-6f545f89ff-szmtm,35.50390625
1783743144,mem_mib,pod=workload-cloud-6f545f89ff-szmtm,35.50390625
1783743154,mem_mib,pod=workload-cloud-6f545f89ff-szmtm,35.796875
1783743164,mem_mib,pod=workload-cloud-6f545f89ff-szmtm,35.796875
1783743174,mem_mib,pod=workload-cloud-6f545f89ff-szmtm,36.109375
1783743184,mem_mib,pod=workload-cloud-6f545f89ff-szmtm,35.625
1783743194,mem_mib,pod=workload-cloud-6f545f89ff-szmtm,35.625
1783743204,mem_mib,pod=workload-cloud-6f545f89ff-szmtm,35.625
1783743214,mem_mib,pod=workload-cloud-6f545f89ff-szmtm,35.59375
1783743224,mem_mib,pod=workload-cloud-6f545f89ff-szmtm,35.59375
1783743234,mem_mib,pod=workload-cloud-6f545f89ff-szmtm,35.58984375
1783743244,mem_mib,pod=workload-cloud-6f545f89ff-szmtm,35.59375
1783743254,mem_mib,pod=workload-cloud-6f545f89ff-szmtm,35.59375
1783743264,mem_mib,pod=workload-cloud-6f545f89ff-szmtm,35.59375
1783743274,mem_mib,pod=workload-cloud-6f545f89ff-szmtm,35.59375
1783743284,mem_mib,pod=workload-cloud-6f545f89ff-szmtm,35.58984375
1783743294,mem_mib,pod=workload-cloud-6f545f89ff-szmtm,35.58984375
1783743304,mem_mib,pod=workload-cloud-6f545f89ff-szmtm,35.59375
1783743314,mem_mib,pod=workload-cloud-6f545f89ff-szmtm,35.59375
1783743324,mem_mib,pod=workload-cloud-6f545f89ff-szmtm,35.59765625
1783743334,mem_mib,pod=workload-cloud-6f545f89ff-szmtm,35.59765625
1783743344,mem_mib,pod=workload-cloud-6f545f89ff-szmtm,35.59765625
1783743354,mem_mib,pod=workload-cloud-6f545f89ff-szmtm,35.59765625
1783743364,mem_mib,pod=workload-cloud-6f545f89ff-szmtm,35.59765625
1783743374,mem_mib,pod=workload-cloud-6f545f89ff-szmtm,35.59765625
1783743384,mem_mib,pod=workload-cloud-6f545f89ff-szmtm,35.59375
1783743394,mem_mib,pod=workload-cloud-6f545f89ff-szmtm,35.59765625
1783743404,mem_mib,pod=workload-cloud-6f545f89ff-szmtm,35.59765625
1783743414,mem_mib,pod=workload-cloud-6f545f89ff-szmtm,35.59765625
1783743424,mem_mib,pod=workload-cloud-6f545f89ff-szmtm,35.59765625
1783743434,mem_mib,pod=workload-cloud-6f545f89ff-szmtm,35.59765625
1783743444,mem_mib,pod=workload-cloud-6f545f89ff-szmtm,35.59375
1783743454,mem_mib,pod=workload-cloud-6f545f89ff-szmtm,35.59765625
1783743464,mem_mib,pod=workload-cloud-6f545f89ff-szmtm,35.59765625
1783743474,mem_mib,pod=workload-cloud-6f545f89ff-szmtm,35.59765625
1783743484,mem_mib,pod=workload-cloud-6f545f89ff-szmtm,35.59765625
1783743494,mem_mib,pod=workload-cloud-6f545f89ff-szmtm,35.59765625
1783743504,mem_mib,pod=workload-cloud-6f545f89ff-szmtm,35.59375
1783742864,mem_mib,pod=workload-edge-7b875fd8c6-pxwvc,36.05078125
1783742874,mem_mib,pod=workload-edge-7b875fd8c6-pxwvc,36.05078125
1783742884,mem_mib,pod=workload-edge-7b875fd8c6-pxwvc,36.05078125
1783742894,mem_mib,pod=workload-edge-7b875fd8c6-pxwvc,36.05078125
1783742904,mem_mib,pod=workload-edge-7b875fd8c6-pxwvc,36.05078125
1783742914,mem_mib,pod=workload-edge-7b875fd8c6-pxwvc,36.05078125
1783742924,mem_mib,pod=workload-edge-7b875fd8c6-pxwvc,36.05078125
1783742934,mem_mib,pod=workload-edge-7b875fd8c6-pxwvc,36.05078125
1783742944,mem_mib,pod=workload-edge-7b875fd8c6-pxwvc,36.05078125
1783742954,mem_mib,pod=workload-edge-7b875fd8c6-pxwvc,36.05078125
1783742964,mem_mib,pod=workload-edge-7b875fd8c6-pxwvc,36.05078125
1783742974,mem_mib,pod=workload-edge-7b875fd8c6-pxwvc,36.30859375
1783742984,mem_mib,pod=workload-edge-7b875fd8c6-pxwvc,36.30859375
1783742994,mem_mib,pod=workload-edge-7b875fd8c6-pxwvc,36.05078125
1783743004,mem_mib,pod=workload-edge-7b875fd8c6-pxwvc,36.05078125
1783743014,mem_mib,pod=workload-edge-7b875fd8c6-pxwvc,36.05078125
1783743024,mem_mib,pod=workload-edge-7b875fd8c6-pxwvc,36.05078125
1783743034,mem_mib,pod=workload-edge-7b875fd8c6-pxwvc,36.05078125
1783743044,mem_mib,pod=workload-edge-7b875fd8c6-pxwvc,36.05078125
1783743054,mem_mib,pod=workload-edge-7b875fd8c6-pxwvc,36.05078125
1783743064,mem_mib,pod=workload-edge-7b875fd8c6-pxwvc,36.05078125
1783743074,mem_mib,pod=workload-edge-7b875fd8c6-pxwvc,36.05078125
1783743084,mem_mib,pod=workload-edge-7b875fd8c6-pxwvc,36.05078125
1783743094,mem_mib,pod=workload-edge-7b875fd8c6-pxwvc,36.05078125
1783743104,mem_mib,pod=workload-edge-7b875fd8c6-pxwvc,36.05078125
1783743114,mem_mib,pod=workload-edge-7b875fd8c6-pxwvc,36.046875
1783743124,mem_mib,pod=workload-edge-7b875fd8c6-pxwvc,36.046875
1783743134,mem_mib,pod=workload-edge-7b875fd8c6-pxwvc,36.05078125
1783743144,mem_mib,pod=workload-edge-7b875fd8c6-pxwvc,36.05078125
1783743154,mem_mib,pod=workload-edge-7b875fd8c6-pxwvc,36.05078125
1783743164,mem_mib,pod=workload-edge-7b875fd8c6-pxwvc,36.046875
1783743174,mem_mib,pod=workload-edge-7b875fd8c6-pxwvc,36.046875
1783743184,mem_mib,pod=workload-edge-7b875fd8c6-pxwvc,36.05078125
1783743194,mem_mib,pod=workload-edge-7b875fd8c6-pxwvc,36.05078125
1783743204,mem_mib,pod=workload-edge-7b875fd8c6-pxwvc,36.05078125
1783743214,mem_mib,pod=workload-edge-7b875fd8c6-pxwvc,36.05078125
1783743224,mem_mib,pod=workload-edge-7b875fd8c6-pxwvc,36.05078125
1783743234,mem_mib,pod=workload-edge-7b875fd8c6-pxwvc,36.046875
1783743244,mem_mib,pod=workload-edge-7b875fd8c6-pxwvc,36.046875
1783743254,mem_mib,pod=workload-edge-7b875fd8c6-pxwvc,36.05078125
1783743264,mem_mib,pod=workload-edge-7b875fd8c6-pxwvc,36.05078125
1783743274,mem_mib,pod=workload-edge-7b875fd8c6-pxwvc,36.05078125
1783743284,mem_mib,pod=workload-edge-7b875fd8c6-pxwvc,36.05078125
1783743294,mem_mib,pod=workload-edge-7b875fd8c6-pxwvc,36.05078125
1783743304,mem_mib,pod=workload-edge-7b875fd8c6-pxwvc,36.05078125
1783743314,mem_mib,pod=workload-edge-7b875fd8c6-pxwvc,36.05078125
1783743324,mem_mib,pod=workload-edge-7b875fd8c6-pxwvc,36.05078125
1783743334,mem_mib,pod=workload-edge-7b875fd8c6-pxwvc,36.05078125
1783743344,mem_mib,pod=workload-edge-7b875fd8c6-pxwvc,36.05078125
1783743354,mem_mib,pod=workload-edge-7b875fd8c6-pxwvc,36.05078125
1783743364,mem_mib,pod=workload-edge-7b875fd8c6-pxwvc,36.05078125
1783743374,mem_mib,pod=workload-edge-7b875fd8c6-pxwvc,36.05078125
1783743384,mem_mib,pod=workload-edge-7b875fd8c6-pxwvc,36.05078125
1783743394,mem_mib,pod=workload-edge-7b875fd8c6-pxwvc,36.05078125
1783743404,mem_mib,pod=workload-edge-7b875fd8c6-pxwvc,36.05078125
1783743414,mem_mib,pod=workload-edge-7b875fd8c6-pxwvc,36.05078125
1783743424,mem_mib,pod=workload-edge-7b875fd8c6-pxwvc,36.05078125
1783743434,mem_mib,pod=workload-edge-7b875fd8c6-pxwvc,36.05078125
1783743444,mem_mib,pod=workload-edge-7b875fd8c6-pxwvc,36.05078125
1783743454,mem_mib,pod=workload-edge-7b875fd8c6-pxwvc,36.05078125
1783743464,mem_mib,pod=workload-edge-7b875fd8c6-pxwvc,36.05078125
1783743474,mem_mib,pod=workload-edge-7b875fd8c6-pxwvc,36.05078125
1783743484,mem_mib,pod=workload-edge-7b875fd8c6-pxwvc,36.05078125
1783743494,mem_mib,pod=workload-edge-7b875fd8c6-pxwvc,36.05078125
1783743504,mem_mib,pod=workload-edge-7b875fd8c6-pxwvc,36.05078125
1783742864,rps,tier=cloud,0.0
1783742874,rps,tier=cloud,2.640039201568063
1783742884,rps,tier=cloud,9.320452422873203
1783742894,rps,tier=cloud,20.08098365017066
1783742904,rps,tier=cloud,34.861394455778225
1783742914,rps,tier=cloud,53.683721463323
1783742924,rps,tier=cloud,73.90521077476348
1783742934,rps,tier=cloud,93.64374574982999
1783742944,rps,tier=cloud,112.8078589587765
1783742954,rps,tier=cloud,132.34930306715273
1783742964,rps,tier=cloud,150.74602984119363
1783742974,rps,tier=cloud,169.57752795777085
1783742984,rps,tier=cloud,185.86533547315938
1783742994,rps,tier=cloud,201.43568672941677
1783743004,rps,tier=cloud,220.31707081529072
1783743014,rps,tier=cloud,236.67894913725107
1783743024,rps,tier=cloud,257.99891379492004
1783743034,rps,tier=cloud,275.7836523104834
1783743044,rps,tier=cloud,296.99366763409864
1783743054,rps,tier=cloud,334.4473679879262
1783743064,rps,tier=cloud,449.15945153375174
1783743074,rps,tier=cloud,633.8420044092775
1783743084,rps,tier=cloud,871.1928164688292
1783743094,rps,tier=cloud,1119.879090654699
1783743104,rps,tier=cloud,1350.6394926396242
1783743114,rps,tier=cloud,1513.259516307553
1783743124,rps,tier=cloud,1596.447297740058
1783743134,rps,tier=cloud,1611.4784447769296
1783743144,rps,tier=cloud,1610.5319948761887
1783743154,rps,tier=cloud,1609.7914461032472
1783743164,rps,tier=cloud,1617.0519638366527
1783743174,rps,tier=cloud,1618.6139302016036
1783743184,rps,tier=cloud,1616.4377476711281
1783743194,rps,tier=cloud,1621.970734900658
1783743204,rps,tier=cloud,1607.2060528395275
1783743214,rps,tier=cloud,1520.4819333441778
1783743224,rps,tier=cloud,1355.6265863667884
1783743234,rps,tier=cloud,1119.0984411923687
1783743244,rps,tier=cloud,864.8347335387953
1783743254,rps,tier=cloud,631.4388300345477
1783743264,rps,tier=cloud,465.996573821632
1783743274,rps,tier=cloud,379.86108605002846
1783743284,rps,tier=cloud,365.8803971922487
1783743294,rps,tier=cloud,366.4127201621029
1783743304,rps,tier=cloud,365.2144173959136
1783743314,rps,tier=cloud,364.55688481354485
1783743324,rps,tier=cloud,365.5298051879108
1783743334,rps,tier=cloud,365.23827984323646
1783743344,rps,tier=cloud,363.9587702188181
1783743354,rps,tier=cloud,363.7143518006024
1783743364,rps,tier=cloud,364.3576501288278
1783743374,rps,tier=cloud,364.1208849065759
1783743384,rps,tier=cloud,364.25015434842265
1783743394,rps,tier=cloud,364.35976194005184
1783743404,rps,tier=cloud,364.5755398790066
1783743414,rps,tier=cloud,358.9919089185489
1783743424,rps,tier=cloud,335.2959929681631
1783743434,rps,tier=cloud,285.0567301888828
1783743444,rps,tier=cloud,214.90725587997198
1783743454,rps,tier=cloud,142.36827808612475
1783743464,rps,tier=cloud,74.50431305249491
1783743474,rps,tier=cloud,24.860619224768993
1783743484,rps,tier=cloud,2.360094403776151
1783743494,rps,tier=cloud,0.0
1783743504,rps,tier=cloud,0.0
1783742864,lat50_ms,tier=cloud,1.5161538529594871
1783742874,lat50_ms,tier=cloud,1.6407767255963959
1783742884,lat50_ms,tier=cloud,1.7952223581935343
1783742894,lat50_ms,tier=cloud,2.2518248175182483
1783742904,lat50_ms,tier=cloud,2.4676745029792904
1783742914,lat50_ms,tier=cloud,2.4081041746101035
1783742924,lat50_ms,tier=cloud,2.493329912775782
1783742934,lat50_ms,tier=cloud,2.7909532367702155
1783742944,lat50_ms,tier=cloud,3.2084279046237767
1783742954,lat50_ms,tier=cloud,3.412707865154436
1783742964,lat50_ms,tier=cloud,3.6321944671123774
1783742974,lat50_ms,tier=cloud,3.893045412020568
1783742984,lat50_ms,tier=cloud,4.166000948797367
1783742994,lat50_ms,tier=cloud,4.416253147289849
1783743004,lat50_ms,tier=cloud,4.517792831445539
1783743014,lat50_ms,tier=cloud,4.853494272308852
1783743024,lat50_ms,tier=cloud,5.256688497054789
1783743034,lat50_ms,tier=cloud,5.672585048212941
1783743044,lat50_ms,tier=cloud,5.487528503243758
1783743054,lat50_ms,tier=cloud,5.200198549379153
1783743064,lat50_ms,tier=cloud,5.943487060815974
1783743074,lat50_ms,tier=cloud,7.6806082825755295
1783743084,lat50_ms,tier=cloud,9.971639591029216
1783743094,lat50_ms,tier=cloud,11.790231758334938
1783743104,lat50_ms,tier=cloud,13.382742632348695
1783743114,lat50_ms,tier=cloud,14.74770486600684
1783743124,lat50_ms,tier=cloud,15.6262957313778
1783743134,lat50_ms,tier=cloud,16.245516703535092
1783743144,lat50_ms,tier=cloud,16.96739753698944
1783743154,lat50_ms,tier=cloud,17.614948521771527
1783743164,lat50_ms,tier=cloud,18.032755738298885
1783743174,lat50_ms,tier=cloud,18.546250864146153
1783743184,lat50_ms,tier=cloud,18.835310106731516
1783743194,lat50_ms,tier=cloud,18.75441813424966
1783743204,lat50_ms,tier=cloud,18.83270741695939
1783743214,lat50_ms,tier=cloud,18.604126012343848
1783743224,lat50_ms,tier=cloud,17.76025275341501
1783743234,lat50_ms,tier=cloud,17.2362565061568
1783743244,lat50_ms,tier=cloud,16.761594418056568
1783743254,lat50_ms,tier=cloud,16.002026517855228
1783743264,lat50_ms,tier=cloud,15.086752302743964
1783743274,lat50_ms,tier=cloud,14.364295437310744
1783743284,lat50_ms,tier=cloud,13.232025469763425
1783743294,lat50_ms,tier=cloud,11.756114238643603
1783743304,lat50_ms,tier=cloud,10.666037086126439
1783743314,lat50_ms,tier=cloud,7.942179840033646
1783743324,lat50_ms,tier=cloud,5.341251843307741
1783743334,lat50_ms,tier=cloud,4.833092788826429
1783743344,lat50_ms,tier=cloud,4.7626792531017905
1783743354,lat50_ms,tier=cloud,4.810181114804657
1783743364,lat50_ms,tier=cloud,4.872576773099112
1783743374,lat50_ms,tier=cloud,4.837347407475103
1783743384,lat50_ms,tier=cloud,4.802070257632141
1783743394,lat50_ms,tier=cloud,4.854771472837032
1783743404,lat50_ms,tier=cloud,4.951380956741098
1783743414,lat50_ms,tier=cloud,5.08730983786743
1783743424,lat50_ms,tier=cloud,5.154215279208069
1783743434,lat50_ms,tier=cloud,5.1943546438989605
1783743444,lat50_ms,tier=cloud,4.9821313591798155
1783743454,lat50_ms,tier=cloud,4.941424816027579
1783743464,lat50_ms,tier=cloud,4.90612630336592
1783743474,lat50_ms,tier=cloud,4.944945254628775
1783743484,lat50_ms,tier=cloud,5.288109892093041
1783743494,lat50_ms,tier=cloud,5.680221656618489
1783743504,lat50_ms,tier=cloud,5.789527103812195
1783742864,lat95_ms,tier=cloud,1.9806923206230256
1783742874,lat95_ms,tier=cloud,4.317241479852119
1783742884,lat95_ms,tier=cloud,4.5959542005594525
1783742894,lat95_ms,tier=cloud,4.725182481751825
1783742904,lat95_ms,tier=cloud,4.92132408476836
1783742914,lat95_ms,tier=cloud,5.485918371593483
1783742924,lat95_ms,tier=cloud,6.678315412186368
1783742934,lat95_ms,tier=cloud,8.573630767886641
1783742944,lat95_ms,tier=cloud,9.971228445609073
1783742954,lat95_ms,tier=cloud,9.787234155008367
1783742964,lat95_ms,tier=cloud,10.58840218962762
1783742974,lat95_ms,tier=cloud,15.560124311704683
1783742984,lat95_ms,tier=cloud,16.81385148683065
1783742994,lat95_ms,tier=cloud,17.3630217037819
1783743004,lat95_ms,tier=cloud,17.627367789039045
1783743014,lat95_ms,tier=cloud,18.042741057147772
1783743024,lat95_ms,tier=cloud,18.29783752288458
1783743034,lat95_ms,tier=cloud,18.421725001732206
1783743044,lat95_ms,tier=cloud,18.414862692984116
1783743054,lat95_ms,tier=cloud,18.514706310895317
1783743064,lat95_ms,tier=cloud,19.893170689322766
1783743074,lat95_ms,tier=cloud,38.11472688783858
1783743084,lat95_ms,tier=cloud,43.1031786615748
1783743094,lat95_ms,tier=cloud,44.54010969720772
1783743104,lat95_ms,tier=cloud,45.34850543159563
1783743114,lat95_ms,tier=cloud,45.9369522328857
1783743124,lat95_ms,tier=cloud,46.2148850201025
1783743134,lat95_ms,tier=cloud,46.3910142528624
1783743144,lat95_ms,tier=cloud,46.57221713684961
1783743154,lat95_ms,tier=cloud,46.70196030999642
1783743164,lat95_ms,tier=cloud,46.80634868477558
1783743174,lat95_ms,tier=cloud,46.90096016487251
1783743184,lat95_ms,tier=cloud,46.94714434223683
1783743194,lat95_ms,tier=cloud,46.93724944249975
1783743204,lat95_ms,tier=cloud,46.937367694801964
1783743214,lat95_ms,tier=cloud,46.89520287283637
1783743224,lat95_ms,tier=cloud,46.71858150189279
1783743234,lat95_ms,tier=cloud,46.60337214652237
1783743244,lat95_ms,tier=cloud,46.49645427219178
1783743254,lat95_ms,tier=cloud,46.3042879832571
1783743264,lat95_ms,tier=cloud,46.05706700415525
1783743274,lat95_ms,tier=cloud,45.73937278069451
1783743284,lat95_ms,tier=cloud,45.20078933592743
1783743294,lat95_ms,tier=cloud,44.33626611805126
1783743304,lat95_ms,tier=cloud,42.59345449745927
1783743314,lat95_ms,tier=cloud,36.818177687020516
1783743324,lat95_ms,tier=cloud,19.317114434977764
1783743334,lat95_ms,tier=cloud,18.742518033996888
1783743344,lat95_ms,tier=cloud,18.72836522755946
1783743354,lat95_ms,tier=cloud,18.775483618648185
1783743364,lat95_ms,tier=cloud,18.788410067509595
1783743374,lat95_ms,tier=cloud,18.798021493539895
1783743384,lat95_ms,tier=cloud,18.77918762664272
1783743394,lat95_ms,tier=cloud,18.78795263964947
1783743404,lat95_ms,tier=cloud,18.838431893329712
1783743414,lat95_ms,tier=cloud,18.842062393251563
1783743424,lat95_ms,tier=cloud,18.815622340584127
1783743434,lat95_ms,tier=cloud,18.811235161309458
1783743444,lat95_ms,tier=cloud,18.785217979066978
1783743454,lat95_ms,tier=cloud,18.746154798296256
1783743464,lat95_ms,tier=cloud,18.67874100997377
1783743474,lat95_ms,tier=cloud,18.731196844692757
1783743484,lat95_ms,tier=cloud,18.761481561468106
1783743494,lat95_ms,tier=cloud,18.74388147960978
1783743504,lat95_ms,tier=cloud,18.67074677219203
1783742864,lat99_ms,tier=cloud,4.041428962637026
1783742874,lat99_ms,tier=cloud,4.863448295970425
1783742884,lat99_ms,tier=cloud,4.91919084011189
1783742894,lat99_ms,tier=cloud,4.945036496350365
1783742904,lat99_ms,tier=cloud,8.594353294429087
1783742914,lat99_ms,tier=cloud,9.266197596509366
1783742924,lat99_ms,tier=cloud,9.421684587813623
1783742934,lat99_ms,tier=cloud,10.466641469155254
1783742944,lat99_ms,tier=cloud,17.949383414706087
1783742954,lat99_ms,tier=cloud,17.466666987163155
1783742964,lat99_ms,tier=cloud,18.117680437925525
1783742974,lat99_ms,tier=cloud,19.18250950217976
1783742984,lat99_ms,tier=cloud,19.406072052060793
1783742994,lat99_ms,tier=cloud,19.504017953321828
1783743004,lat99_ms,tier=cloud,19.58016884684062
1783743014,lat99_ms,tier=cloud,19.678461030891263
1783743024,lat99_ms,tier=cloud,19.735974049041218
1783743034,lat99_ms,tier=cloud,19.777175712662693
1783743044,lat99_ms,tier=cloud,19.785458866227312
1783743054,lat99_ms,tier=cloud,19.81560821008967
1783743064,lat99_ms,tier=cloud,43.59574758561233
1783743074,lat99_ms,tier=cloud,47.63936731649906
1783743084,lat99_ms,tier=cloud,48.73500136783217
1783743094,lat99_ms,tier=cloud,49.04329699621801
1783743104,lat99_ms,tier=cloud,49.19589478530105
1783743114,lat99_ms,tier=cloud,49.3214583092495
1783743124,lat99_ms,tier=cloud,49.37307352972882
1783743134,lat99_ms,tier=cloud,49.3967592050914
1783743144,lat99_ms,tier=cloud,49.43518542344394
1783743154,lat99_ms,tier=cloud,49.45918804416104
1783743164,lat99_ms,tier=cloud,49.490060765050885
1783743174,lat99_ms,tier=cloud,49.50647309070649
1783743184,lat99_ms,tier=cloud,49.51301652908428
1783743194,lat99_ms,tier=cloud,49.51201999378601
1783743204,lat99_ms,tier=cloud,49.49953783219326
1783743214,lat99_ms,tier=cloud,49.485165174719214
1783743224,lat99_ms,tier=cloud,49.44221389488435
1783743234,lat99_ms,tier=cloud,49.417386290786
1783743244,lat99_ms,tier=cloud,49.4014679265453
1783743254,lat99_ms,tier=cloud,49.35818402869509
1783743264,lat99_ms,tier=cloud,49.30756618318509
1783743274,lat99_ms,tier=cloud,49.21885068831199
1783743284,lat99_ms,tier=cloud,49.10756137632781
1783743294,lat99_ms,tier=cloud,48.94773019942961
1783743304,lat99_ms,tier=cloud,48.53144137874199
1783743314,lat99_ms,tier=cloud,47.36363553740411
1783743324,lat99_ms,tier=cloud,38.399066942371334
1783743334,lat99_ms,tier=cloud,19.89246539053619
1783743344,lat99_ms,tier=cloud,19.893617068864774
1783743354,lat99_ms,tier=cloud,19.920586416289737
1783743364,lat99_ms,tier=cloud,19.916242610827496
1783743374,lat99_ms,tier=cloud,19.917583479734773
1783743384,lat99_ms,tier=cloud,19.918905706725557
1783743394,lat99_ms,tier=cloud,19.934262912608617
1783743404,lat99_ms,tier=cloud,19.96183661273989
1783743414,lat99_ms,tier=cloud,19.95723444227033
1783743424,lat99_ms,tier=cloud,19.952578010667224
1783743434,lat99_ms,tier=cloud,19.954895955503794
1783743444,lat99_ms,tier=cloud,19.946688030601948
1783743454,lat99_ms,tier=cloud,19.943506046373074
1783743464,lat99_ms,tier=cloud,19.915282291517865
1783743474,lat99_ms,tier=cloud,19.943052339702152
1783743484,lat99_ms,tier=cloud,19.959950229353964
1783743494,lat99_ms,tier=cloud,19.96660229039122
1783743504,lat99_ms,tier=cloud,19.909365492766938
1783742864,inflight,tier=cloud,0.0
1783742874,inflight,tier=cloud,0.0
1783742884,inflight,tier=cloud,0.0
1783742894,inflight,tier=cloud,0.0
1783742904,inflight,tier=cloud,0.0
1783742914,inflight,tier=cloud,0.0
1783742924,inflight,tier=cloud,0.0
1783742934,inflight,tier=cloud,0.0
1783742944,inflight,tier=cloud,0.0
1783742954,inflight,tier=cloud,0.0
1783742964,inflight,tier=cloud,0.0
1783742974,inflight,tier=cloud,0.0
1783742984,inflight,tier=cloud,3.0
1783742994,inflight,tier=cloud,2.0
1783743004,inflight,tier=cloud,0.0
1783743014,inflight,tier=cloud,0.0
1783743024,inflight,tier=cloud,2.0
1783743034,inflight,tier=cloud,0.0
1783743044,inflight,tier=cloud,0.0
1783743054,inflight,tier=cloud,0.0
1783743064,inflight,tier=cloud,12.0
1783743074,inflight,tier=cloud,9.0
1783743084,inflight,tier=cloud,9.0
1783743094,inflight,tier=cloud,0.0
1783743104,inflight,tier=cloud,0.0
1783743114,inflight,tier=cloud,0.0
1783743124,inflight,tier=cloud,0.0
1783743134,inflight,tier=cloud,22.0
1783743144,inflight,tier=cloud,0.0
1783743154,inflight,tier=cloud,14.0
1783743164,inflight,tier=cloud,0.0
1783743174,inflight,tier=cloud,4.0
1783743184,inflight,tier=cloud,0.0
1783743194,inflight,tier=cloud,11.0
1783743204,inflight,tier=cloud,13.0
1783743214,inflight,tier=cloud,0.0
1783743224,inflight,tier=cloud,0.0
1783743234,inflight,tier=cloud,0.0
1783743244,inflight,tier=cloud,0.0
1783743254,inflight,tier=cloud,0.0
1783743264,inflight,tier=cloud,0.0
1783743274,inflight,tier=cloud,0.0
1783743284,inflight,tier=cloud,0.0
1783743294,inflight,tier=cloud,0.0
1783743304,inflight,tier=cloud,0.0
1783743314,inflight,tier=cloud,0.0
1783743324,inflight,tier=cloud,0.0
1783743334,inflight,tier=cloud,0.0
1783743344,inflight,tier=cloud,5.0
1783743354,inflight,tier=cloud,0.0
1783743364,inflight,tier=cloud,0.0
1783743374,inflight,tier=cloud,0.0
1783743384,inflight,tier=cloud,0.0
1783743394,inflight,tier=cloud,0.0
1783743404,inflight,tier=cloud,0.0
1783743414,inflight,tier=cloud,0.0
1783743424,inflight,tier=cloud,0.0
1783743434,inflight,tier=cloud,0.0
1783743444,inflight,tier=cloud,0.0
1783743454,inflight,tier=cloud,0.0
1783743464,inflight,tier=cloud,0.0
1783743474,inflight,tier=cloud,0.0
1783743484,inflight,tier=cloud,0.0
1783743494,inflight,tier=cloud,0.0
1783743504,inflight,tier=cloud,0.0
1783742864,inflight,tier=edge,0.0
1783742874,inflight,tier=edge,0.0
1783742884,inflight,tier=edge,0.0
1783742894,inflight,tier=edge,0.0
1783742904,inflight,tier=edge,0.0
1783742914,inflight,tier=edge,0.0
1783742924,inflight,tier=edge,0.0
1783742934,inflight,tier=edge,0.0
1783742944,inflight,tier=edge,0.0
1783742954,inflight,tier=edge,0.0
1783742964,inflight,tier=edge,0.0
1783742974,inflight,tier=edge,0.0
1783742984,inflight,tier=edge,0.0
1783742994,inflight,tier=edge,0.0
1783743004,inflight,tier=edge,0.0
1783743014,inflight,tier=edge,0.0
1783743024,inflight,tier=edge,0.0
1783743034,inflight,tier=edge,0.0
1783743044,inflight,tier=edge,0.0
1783743054,inflight,tier=edge,0.0
1783743064,inflight,tier=edge,0.0
1783743074,inflight,tier=edge,0.0
1783743084,inflight,tier=edge,0.0
1783743094,inflight,tier=edge,0.0
1783743104,inflight,tier=edge,0.0
1783743114,inflight,tier=edge,0.0
1783743124,inflight,tier=edge,0.0
1783743134,inflight,tier=edge,0.0
1783743144,inflight,tier=edge,0.0
1783743154,inflight,tier=edge,0.0
1783743164,inflight,tier=edge,0.0
1783743174,inflight,tier=edge,0.0
1783743184,inflight,tier=edge,0.0
1783743194,inflight,tier=edge,0.0
1783743204,inflight,tier=edge,0.0
1783743214,inflight,tier=edge,0.0
1783743224,inflight,tier=edge,0.0
1783743234,inflight,tier=edge,0.0
1783743244,inflight,tier=edge,0.0
1783743254,inflight,tier=edge,0.0
1783743264,inflight,tier=edge,0.0
1783743274,inflight,tier=edge,0.0
1783743284,inflight,tier=edge,0.0
1783743294,inflight,tier=edge,0.0
1783743304,inflight,tier=edge,0.0
1783743314,inflight,tier=edge,0.0
1783743324,inflight,tier=edge,0.0
1783743334,inflight,tier=edge,0.0
1783743344,inflight,tier=edge,0.0
1783743354,inflight,tier=edge,0.0
1783743364,inflight,tier=edge,0.0
1783743374,inflight,tier=edge,0.0
1783743384,inflight,tier=edge,0.0
1783743394,inflight,tier=edge,0.0
1783743404,inflight,tier=edge,0.0
1783743414,inflight,tier=edge,0.0
1783743424,inflight,tier=edge,0.0
1783743434,inflight,tier=edge,0.0
1783743444,inflight,tier=edge,0.0
1783743454,inflight,tier=edge,0.0
1783743464,inflight,tier=edge,0.0
1783743474,inflight,tier=edge,0.0
1783743484,inflight,tier=edge,0.0
1783743494,inflight,tier=edge,0.0
1783743504,inflight,tier=edge,0.0
