ts,metric,labels,value
1783669472,replicas_status,deployment=workload-cloud,1.0
1783669482,replicas_status,deployment=workload-cloud,1.0
1783669492,replicas_status,deployment=workload-cloud,1.0
1783669502,replicas_status,deployment=workload-cloud,1.0
1783669512,replicas_status,deployment=workload-cloud,1.0
1783669522,replicas_status,deployment=workload-cloud,1.0
1783669532,replicas_status,deployment=workload-cloud,1.0
1783669542,replicas_status,deployment=workload-cloud,1.0
1783669552,replicas_status,deployment=workload-cloud,1.0
1783669562,replicas_status,deployment=workload-cloud,2.0
1783669572,replicas_status,deployment=workload-cloud,3.0
1783669582,replicas_status,deployment=workload-cloud,3.0
1783669592,replicas_status,deployment=workload-cloud,3.0
1783669602,replicas_status,deployment=workload-cloud,3.0
1783669612,replicas_status,deployment=workload-cloud,3.0
1783669622,replicas_status,deployment=workload-cloud,4.0
1783669632,replicas_status,deployment=workload-cloud,5.0
1783669642,replicas_status,deployment=workload-cloud,5.0
1783669652,replicas_status,deployment=workload-cloud,5.0
1783669662,replicas_status,deployment=workload-cloud,5.0
1783669672,replicas_status,deployment=workload-cloud,5.0
1783669682,replicas_status,deployment=workload-cloud,6.0
1783669692,replicas_status,deployment=workload-cloud,6.0
1783669702,replicas_status,deployment=workload-cloud,6.0
1783669712,replicas_status,deployment=workload-cloud,6.0
1783669722,replicas_status,deployment=workload-cloud,6.0
1783669732,replicas_status,deployment=workload-cloud,6.0
1783669742,replicas_status,deployment=workload-cloud,6.0
1783669752,replicas_status,deployment=workload-cloud,6.0
1783669762,replicas_status,deployment=workload-cloud,6.0
1783669772,replicas_status,deployment=workload-cloud,6.0
1783669782,replicas_status,deployment=workload-cloud,6.0
1783669792,replicas_status,deployment=workload-cloud,6.0
1783669802,replicas_status,deployment=workload-cloud,6.0
1783669812,replicas_status,deployment=workload-cloud,6.0
1783669822,replicas_status,deployment=workload-cloud,6.0
1783669832,replicas_status,deployment=workload-cloud,6.0
1783669842,replicas_status,deployment=workload-cloud,6.0
1783669852,replicas_status,deployment=workload-cloud,6.0
1783669862,replicas_status,deployment=workload-cloud,6.0
1783669872,replicas_status,deployment=workload-cloud,6.0
1783669882,replicas_status,deployment=workload-cloud,6.0
1783669892,replicas_status,deployment=workload-cloud,6.0
1783669902,replicas_status,deployment=workload-cloud,6.0
1783669912,replicas_status,deployment=workload-cloud,6.0
1783669922,replicas_status,deployment=workload-cloud,6.0
1783669932,replicas_status,deployment=workload-cloud,6.0
1783669942,replicas_status,deployment=workload-cloud,6.0
1783669952,replicas_status,deployment=workload-cloud,6.0
1783669962,replicas_status,deployment=workload-cloud,6.0
1783669972,replicas_status,deployment=workload-cloud,6.0
1783669982,replicas_status,deployment=workload-cloud,6.0
1783669992,replicas_status,deployment=workload-cloud,6.0
1783670002,replicas_status,deployment=workload-cloud,6.0
1783670012,replicas_status,deployment=workload-cloud,6.0
1783670022,replicas_status,deployment=workload-cloud,6.0
1783670032,replicas_status,deployment=workload-cloud,6.0
1783670042,replicas_status,deployment=workload-cloud,6.0
1783670052,replicas_status,deployment=workload-cloud,6.0
1783670062,replicas_status,deployment=workload-cloud,6.0
1783670072,replicas_status,deployment=workload-cloud,6.0
1783670082,replicas_status,deployment=workload-cloud,6.0
1783670092,replicas_status,deployment=workload-cloud,6.0
1783670102,replicas_status,deployment=workload-cloud,6.0
1783670112,replicas_status,deployment=workload-cloud,6.0
1783669472,replicas_status,deployment=workload-edge,1.0
1783669482,replicas_status,deployment=workload-edge,1.0
1783669492,replicas_status,deployment=workload-edge,1.0
1783669502,replicas_status,deployment=workload-edge,1.0
1783669512,replicas_status,deployment=workload-edge,1.0
1783669522,replicas_status,deployment=workload-edge,1.0
1783669532,replicas_status,deployment=workload-edge,1.0
1783669542,replicas_status,deployment=workload-edge,1.0
1783669552,replicas_status,deployment=workload-edge,1.0
1783669562,replicas_status,deployment=workload-edge,1.0
1783669572,replicas_status,deployment=workload-edge,1.0
1783669582,replicas_status,deployment=workload-edge,1.0
1783669592,replicas_status,deployment=workload-edge,1.0
1783669602,replicas_status,deployment=workload-edge,1.0
1783669612,replicas_status,deployment=workload-edge,1.0
1783669622,replicas_status,deployment=workload-edge,1.0
1783669632,replicas_status,deployment=workload-edge,1.0
1783669642,replicas_status,deployment=workload-edge,1.0
1783669652,replicas_status,deployment=workload-edge,1.0
1783669662,replicas_status,deployment=workload-edge,1.0
1783669672,replicas_status,deployment=workload-edge,1.0
1783669682,replicas_status,deployment=workload-edge,1.0
1783669692,replicas_status,deployment=workload-edge,1.0
1783669702,replicas_status,deployment=workload-edge,1.0
1783669712,replicas_status,deployment=workload-edge,1.0
1783669722,replicas_status,deployment=workload-edge,1.0
1783669732,replicas_status,deployment=workload-edge,1.0
1783669742,replicas_status,deployment=workload-edge,1.0
1783669752,replicas_status,deployment=workload-edge,1.0
1783669762,replicas_status,deployment=workload-edge,1.0
1783669772,replicas_status,deployment=workload-edge,1.0
1783669782,replicas_status,deployment=workload-edge,1.0
1783669792,replicas_status,deployment=workload-edge,1.0
1783669802,replicas_status,deployment=workload-edge,1.0
1783669812,replicas_status,deployment=workload-edge,1.0
1783669822,replicas_status,deployment=workload-edge,1.0
1783669832,replicas_status,deployment=workload-edge,1.0
1783669842,replicas_status,deployment=workload-edge,1.0
1783669852,replicas_status,deployment=workload-edge,1.0
1783669862,replicas_status,deployment=workload-edge,1.0
1783669872,replicas_status,deployment=workload-edge,1.0
1783669882,replicas_status,deployment=workload-edge,1.0
1783669892,replicas_status,deployment=workload-edge,1.0
1783669902,replicas_status,deployment=workload-edge,1.0
1783669912,replicas_status,deployment=workload-edge,1.0
1783669922,replicas_status,deployment=workload-edge,1.0
1783669932,replicas_status,deployment=workload-edge,1.0
1783669942,replicas_status,deployment=workload-edge,1.0
1783669952,replicas_status,deployment=workload-edge,1.0
1783669962,replicas_status,deployment=workload-edge,1.0
1783669972,replicas_status,deployment=workload-edge,1.0
1783669982,replicas_status,deployment=workload-edge,1.0
1783669992,replicas_status,deployment=workload-edge,1.0
1783670002,replicas_status,deployment=workload-edge,1.0
1783670012,replicas_status,deployment=workload-edge,1.0
1783670022,replicas_status,deployment=workload-edge,1.0
1783670032,replicas_status,deployment=workload-edge,1.0
1783670042,replicas_status,deployment=workload-edge,1.0
1783670052,replicas_status,deployment=workload-edge,1.0
1783670062,replicas_status,deployment=workload-edge,1.0
1783670072,replicas_status,deployment=workload-edge,1.0
1783670082,replicas_status,deployment=workload-edge,1.0
1783670092,replicas_status,deployment=workload-edge,1.0
1783670102,replicas_status,deployment=workload-edge,1.0
1783670112,replicas_status,deployment=workload-edge,1.0
1783669472,replicas_spec,deployment=workload-cloud,1.0
1783669482,replicas_spec,deployment=workload-cloud,1.0
1783669492,replicas_spec,deployment=workload-cloud,1.0
1783669502,replicas_spec,deployment=workload-cloud,1.0
1783669512,replicas_spec,deployment=workload-cloud,1.0
1783669522,replicas_spec,deployment=workload-cloud,1.0
1783669532,replicas_spec,deployment=workload-cloud,1.0
1783669542,replicas_spec,deployment=workload-cloud,1.0
1783669552,replicas_spec,deployment=workload-cloud,1.0
1783669562,replicas_spec,deployment=workload-cloud,2.0
1783669572,replicas_spec,deployment=workload-cloud,3.0
1783669582,replicas_spec,deployment=workload-cloud,3.0
1783669592,replicas_spec,deployment=workload-cloud,3.0
1783669602,replicas_spec,deployment=workload-cloud,3.0
1783669612,replicas_spec,deployment=workload-cloud,3.0
1783669622,replicas_spec,deployment=workload-cloud,4.0
1783669632,replicas_spec,deployment=workload-cloud,5.0
1783669642,replicas_spec,deployment=workload-cloud,5.0
1783669652,replicas_spec,deployment=workload-cloud,5.0
1783669662,replicas_spec,deployment=workload-cloud,5.0
1783669672,replicas_spec,deployment=workload-cloud,5.0
1783669682,replicas_spec,deployment=workload-cloud,6.0
1783669692,replicas_spec,deployment=workload-cloud,6.0
1783669702,replicas_spec,deployment=workload-cloud,6.0
1783669712,replicas_spec,deployment=workload-cloud,6.0
1783669722,replicas_spec,deployment=workload-cloud,6.0
1783669732,replicas_spec,deployment=workload-cloud,6.0
1783669742,replicas_spec,deployment=workload-cloud,6.0
1783669752,replicas_spec,deployment=workload-cloud,6.0
1783669762,replicas_spec,deployment=workload-cloud,6.0
1783669772,replicas_spec,deployment=workload-cloud,6.0
1783669782,replicas_spec,deployment=workload-cloud,6.0
1783669792,replicas_spec,deployment=workload-cloud,6.0
1783669802,replicas_spec,deployment=workload-cloud,6.0
1783669812,replicas_spec,deployment=workload-cloud,6.0
1783669822,replicas_spec,deployment=workload-cloud,6.0
1783669832,replicas_spec,deployment=workload-cloud,6.0
1783669842,replicas_spec,deployment=workload-cloud,6.0
1783669852,replicas_spec,deployment=workload-cloud,6.0
1783669862,replicas_spec,deployment=workload-cloud,6.0
1783669872,replicas_spec,deployment=workload-cloud,6.0
1783669882,replicas_spec,deployment=workload-cloud,6.0
1783669892,replicas_spec,deployment=workload-cloud,6.0
1783669902,replicas_spec,deployment=workload-cloud,6.0
1783669912,replicas_spec,deployment=workload-cloud,6.0
1783669922,replicas_spec,deployment=workload-cloud,6.0
1783669932,replicas_spec,deployment=workload-cloud,6.0
1783669942,replicas_spec,deployment=workload-cloud,6.0
1783669952,replicas_spec,deployment=workload-cloud,6.0
1783669962,replicas_spec,deployment=workload-cloud,6.0
1783669972,replicas_spec,deployment=workload-cloud,6.0
1783669982,replicas_spec,deployment=workload-cloud,6.0
1783669992,replicas_spec,deployment=workload-cloud,6.0
1783670002,replicas_spec,deployment=workload-cloud,6.0
1783670012,replicas_spec,deployment=workload-cloud,6.0
1783670022,replicas_spec,deployment=workload-cloud,6.0
1783670032,replicas_spec,deployment=workload-cloud,6.0
1783670042,replicas_spec,deployment=workload-cloud,6.0
1783670052,replicas_spec,deployment=workload-cloud,6.0
1783670062,replicas_spec,deployment=workload-cloud,6.0
1783670072,replicas_spec,deployment=workload-cloud,6.0
1783670082,replicas_spec,deployment=workload-cloud,6.0
1783670092,replicas_spec,deployment=workload-cloud,6.0
1783670102,replicas_spec,deployment=workload-cloud,6.0
1783670112,replicas_spec,deployment=workload-cloud,6.0
1783669472,replicas_spec,deployment=workload-edge,1.0
1783669482,replicas_spec,deployment=workload-edge,1.0
1783669492,replicas_spec,deployment=workload-edge,1.0
1783669502,replicas_spec,deployment=workload-edge,1.0
1783669512,replicas_spec,deployment=workload-edge,1.0
1783669522,replicas_spec,deployment=workload-edge,1.0
1783669532,replicas_spec,deployment=workload-edge,1.0
1783669542,replicas_spec,deployment=workload-edge,1.0
1783669552,replicas_spec,deployment=workload-edge,1.0
1783669562,replicas_spec,deployment=workload-edge,1.0
1783669572,replicas_spec,deployment=workload-edge,1.0
1783669582,replicas_spec,deployment=workload-edge,1.0
1783669592,replicas_spec,deployment=workload-edge,1.0
1783669602,replicas_spec,deployment=workload-edge,1.0
1783669612,replicas_spec,deployment=workload-edge,1.0
1783669622,replicas_spec,deployment=workload-edge,1.0
1783669632,replicas_spec,deployment=workload-edge,1.0
1783669642,replicas_spec,deployment=workload-edge,1.0
1783669652,replicas_spec,deployment=workload-edge,1.0
1783669662,replicas_spec,deployment=workload-edge,1.0
1783669672,replicas_spec,deployment=workload-edge,1.0
1783669682,replicas_spec,deployment=workload-edge,1.0
1783669692,replicas_spec,deployment=workload-edge,1.0
1783669702,replicas_spec,deployment=workload-edge,1.0
1783669712,replicas_spec,deployment=workload-edge,1.0
1783669722,replicas_spec,deployment=workload-edge,1.0
1783669732,replicas_spec,deployment=workload-edge,1.0
1783669742,replicas_spec,deployment=workload-edge,1.0
1783669752,replicas_spec,deployment=workload-edge,1.0
1783669762,replicas_spec,deployment=workload-edge,1.0
1783669772,replicas_spec,deployment=workload-edge,1.0
1783669782,replicas_spec,deployment=workload-edge,1.0
1783669792,replicas_spec,deployment=workload-edge,1.0
1783669802,replicas_spec,deployment=workload-edge,1.0
1783669812,replicas_spec,deployment=workload-edge,1.0
1783669822,replicas_spec,deployment=workload-edge,1.0
1783669832,replicas_spec,deployment=workload-edge,1.0
1783669842,replicas_spec,deployment=workload-edge,1.0
1783669852,replicas_spec,deployment=workload-edge,1.0
1783669862,replicas_spec,deployment=workload-edge,1.0
1783669872,replicas_spec,deployment=workload-edge,1.0
1783669882,replicas_spec,deployment=workload-edge,1.0
1783669892,replicas_spec,deployment=workload-edge,1.0
1783669902,replicas_spec,deployment=workload-edge,1.0
1783669912,replicas_spec,deployment=workload-edge,1.0
1783669922,replicas_spec,deployment=workload-edge,1.0
1783669932,replicas_spec,deployment=workload-edge,1.0
1783669942,replicas_spec,deployment=workload-edge,1.0
1783669952,replicas_spec,deployment=workload-edge,1.0
1783669962,replicas_spec,deployment=workload-edge,1.0
1783669972,replicas_spec,deployment=workload-edge,1.0
1783669982,replicas_spec,deployment=workload-edge,1.0
1783669992,replicas_spec,deployment=workload-edge,1.0
1783670002,replicas_spec,deployment=workload-edge,1.0
1783670012,replicas_spec,deployment=workload-edge,1.0
1783670022,replicas_spec,deployment=workload-edge,1.0
1783670032,replicas_spec,deployment=workload-edge,1.0
1783670042,replicas_spec,deployment=workload-edge,1.0
1783670052,replicas_spec,deployment=workload-edge,1.0
1783670062,replicas_spec,deployment=workload-edge,1.0
1783670072,replicas_spec,deployment=workload-edge,1.0
1783670082,replicas_spec,deployment=workload-edge,1.0
1783670092,replicas_spec,deployment=workload-edge,1.0
1783670102,replicas_spec,deployment=workload-edge,1.0
1783670112,replicas_spec,deployment=workload-edge,1.0
1783669472,cpu_cores,pod=workload-cloud-6f545f89ff-6hg4b,0.0011951746703604742
1783669482,cpu_cores,pod=workload-cloud-6f545f89ff-6hg4b,0.0008489059141482502
1783669642,cpu_cores,pod=workload-cloud-6f545f89ff-6q5dl,0.016590814550620607
1783669652,cpu_cores,pod=workload-cloud-6f545f89ff-6q5dl,0.019493673120846034
1783669662,cpu_cores,pod=workload-cloud-6f545f89ff-6q5dl,0.025952430265976326
1783669672,cpu_cores,pod=workload-cloud-6f545f89ff-6q5dl,0.059846454223288034
1783669682,cpu_cores,pod=workload-cloud-6f545f89ff-6q5dl,0.11401188555428655
1783669692,cpu_cores,pod=workload-cloud-6f545f89ff-6q5dl,0.13221543311467052
1783669702,cpu_cores,pod=workload-cloud-6f545f89ff-6q5dl,0.2312517189141584
1783669712,cpu_cores,pod=workload-cloud-6f545f89ff-6q5dl,0.28982025293271024
1783669722,cpu_cores,pod=workload-cloud-6f545f89ff-6q5dl,0.31139912338373876
1783669732,cpu_cores,pod=workload-cloud-6f545f89ff-6q5dl,0.31848983112038187
1783669742,cpu_cores,pod=workload-cloud-6f545f89ff-6q5dl,0.3142691534219916
1783669752,cpu_cores,pod=workload-cloud-6f545f89ff-6q5dl,0.3178941040561355
1783669762,cpu_cores,pod=workload-cloud-6f545f89ff-6q5dl,0.31960352096744343
1783669772,cpu_cores,pod=workload-cloud-6f545f89ff-6q5dl,0.31960352096744343
1783669782,cpu_cores,pod=workload-cloud-6f545f89ff-6q5dl,0.31694031244528315
1783669792,cpu_cores,pod=workload-cloud-6f545f89ff-6q5dl,0.3133633443232733
1783669802,cpu_cores,pod=workload-cloud-6f545f89ff-6q5dl,0.3173954462966082
1783669812,cpu_cores,pod=workload-cloud-6f545f89ff-6q5dl,0.3210384509808062
1783669822,cpu_cores,pod=workload-cloud-6f545f89ff-6q5dl,0.2747953280014739
1783669832,cpu_cores,pod=workload-cloud-6f545f89ff-6q5dl,0.2903854306762751
1783669842,cpu_cores,pod=workload-cloud-6f545f89ff-6q5dl,0.2706605971180107
1783669852,cpu_cores,pod=workload-cloud-6f545f89ff-6q5dl,0.20152559067654482
1783669862,cpu_cores,pod=workload-cloud-6f545f89ff-6q5dl,0.1236123689685121
1783669872,cpu_cores,pod=workload-cloud-6f545f89ff-6q5dl,0.03866499818757209
1783669882,cpu_cores,pod=workload-cloud-6f545f89ff-6q5dl,0.040925194905607705
1783669892,cpu_cores,pod=workload-cloud-6f545f89ff-6q5dl,0.033015108442201326
1783669902,cpu_cores,pod=workload-cloud-6f545f89ff-6q5dl,0.03273065960912046
1783669912,cpu_cores,pod=workload-cloud-6f545f89ff-6q5dl,0.032536667760554375
1783669922,cpu_cores,pod=workload-cloud-6f545f89ff-6q5dl,0.03235192600652895
1783669932,cpu_cores,pod=workload-cloud-6f545f89ff-6q5dl,0.03235192600652895
1783669942,cpu_cores,pod=workload-cloud-6f545f89ff-6q5dl,0.03243517332898754
1783669952,cpu_cores,pod=workload-cloud-6f545f89ff-6q5dl,0.02756332019726992
1783669962,cpu_cores,pod=workload-cloud-6f545f89ff-6q5dl,0.032468620338098886
1783669972,cpu_cores,pod=workload-cloud-6f545f89ff-6q5dl,0.032782636813701437
1783669982,cpu_cores,pod=workload-cloud-6f545f89ff-6q5dl,0.032947978418703894
1783669992,cpu_cores,pod=workload-cloud-6f545f89ff-6q5dl,0.03279970763376837
1783670002,cpu_cores,pod=workload-cloud-6f545f89ff-6q5dl,0.03282950710479581
1783670012,cpu_cores,pod=workload-cloud-6f545f89ff-6q5dl,0.03275196362133111
1783670022,cpu_cores,pod=workload-cloud-6f545f89ff-6q5dl,0.032577493422626023
1783670032,cpu_cores,pod=workload-cloud-6f545f89ff-6q5dl,0.028207253394094627
1783670042,cpu_cores,pod=workload-cloud-6f545f89ff-6q5dl,0.020753566994881168
1783670052,cpu_cores,pod=workload-cloud-6f545f89ff-6q5dl,0.016749506590140857
1783670062,cpu_cores,pod=workload-cloud-6f545f89ff-6q5dl,0.009329074402125768
1783670072,cpu_cores,pod=workload-cloud-6f545f89ff-6q5dl,0.0020990780418128647
1783670082,cpu_cores,pod=workload-cloud-6f545f89ff-6q5dl,0.002132939696736796
1783670092,cpu_cores,pod=workload-cloud-6f545f89ff-6q5dl,0.0022220195696645135
1783670102,cpu_cores,pod=workload-cloud-6f545f89ff-6q5dl,0.002299308199461506
1783670112,cpu_cores,pod=workload-cloud-6f545f89ff-6q5dl,0.00195749048774267
1783669472,cpu_cores,pod=workload-cloud-6f545f89ff-bhcl7,0.0011587539107625773
1783669692,cpu_cores,pod=workload-cloud-6f545f89ff-fgpnb,0.09371715018665422
1783669702,cpu_cores,pod=workload-cloud-6f545f89ff-fgpnb,0.13295630090993935
1783669712,cpu_cores,pod=workload-cloud-6f545f89ff-fgpnb,0.19942109106425704
1783669722,cpu_cores,pod=workload-cloud-6f545f89ff-fgpnb,0.2528497601970071
1783669732,cpu_cores,pod=workload-cloud-6f545f89ff-fgpnb,0.30946126454711587
1783669742,cpu_cores,pod=workload-cloud-6f545f89ff-fgpnb,0.3149168703597944
1783669752,cpu_cores,pod=workload-cloud-6f545f89ff-fgpnb,0.3178277007354368
1783669762,cpu_cores,pod=workload-cloud-6f545f89ff-fgpnb,0.3178277007354368
1783669772,cpu_cores,pod=workload-cloud-6f545f89ff-fgpnb,0.3249277805250371
1783669782,cpu_cores,pod=workload-cloud-6f545f89ff-fgpnb,0.3269808327693961
1783669792,cpu_cores,pod=workload-cloud-6f545f89ff-fgpnb,0.27276099897901557
1783669802,cpu_cores,pod=workload-cloud-6f545f89ff-fgpnb,0.32933895766983734
1783669812,cpu_cores,pod=workload-cloud-6f545f89ff-fgpnb,0.3216582739403628
1783669822,cpu_cores,pod=workload-cloud-6f545f89ff-fgpnb,0.3216582739403628
1783669832,cpu_cores,pod=workload-cloud-6f545f89ff-fgpnb,0.2293099328890017
1783669842,cpu_cores,pod=workload-cloud-6f545f89ff-fgpnb,0.10474050231117213
1783669852,cpu_cores,pod=workload-cloud-6f545f89ff-fgpnb,0.08990441899145693
1783669862,cpu_cores,pod=workload-cloud-6f545f89ff-fgpnb,0.03516010110644793
1783669872,cpu_cores,pod=workload-cloud-6f545f89ff-fgpnb,0.0022529611051290495
1783669882,cpu_cores,pod=workload-cloud-6f545f89ff-fgpnb,0.0021972248621934323
1783669892,cpu_cores,pod=workload-cloud-6f545f89ff-fgpnb,0.0021803400028651103
1783669902,cpu_cores,pod=workload-cloud-6f545f89ff-fgpnb,0.0021785073038813204
1783669912,cpu_cores,pod=workload-cloud-6f545f89ff-fgpnb,0.002146765117985894
1783669922,cpu_cores,pod=workload-cloud-6f545f89ff-fgpnb,0.0021774895498254195
1783669932,cpu_cores,pod=workload-cloud-6f545f89ff-fgpnb,0.0022193698949825587
1783669942,cpu_cores,pod=workload-cloud-6f545f89ff-fgpnb,0.0019186635658521214
1783669952,cpu_cores,pod=workload-cloud-6f545f89ff-fgpnb,0.002178881233035311
1783669962,cpu_cores,pod=workload-cloud-6f545f89ff-fgpnb,0.0022477625014282496
1783669972,cpu_cores,pod=workload-cloud-6f545f89ff-fgpnb,0.002236173241154985
1783669982,cpu_cores,pod=workload-cloud-6f545f89ff-fgpnb,0.00219818544495204
1783669992,cpu_cores,pod=workload-cloud-6f545f89ff-fgpnb,0.0018584275510795244
1783670002,cpu_cores,pod=workload-cloud-6f545f89ff-fgpnb,0.002206561692827319
1783670012,cpu_cores,pod=workload-cloud-6f545f89ff-fgpnb,0.0021937038457848558
1783670022,cpu_cores,pod=workload-cloud-6f545f89ff-fgpnb,0.0018724922138566359
1783670032,cpu_cores,pod=workload-cloud-6f545f89ff-fgpnb,0.0022312958435208624
1783670042,cpu_cores,pod=workload-cloud-6f545f89ff-fgpnb,0.0022495983982493686
1783670052,cpu_cores,pod=workload-cloud-6f545f89ff-fgpnb,0.002190492215192734
1783670062,cpu_cores,pod=workload-cloud-6f545f89ff-fgpnb,0.0022913195890601466
1783670072,cpu_cores,pod=workload-cloud-6f545f89ff-fgpnb,0.0022857252450087275
1783670082,cpu_cores,pod=workload-cloud-6f545f89ff-fgpnb,0.0022952052886197056
1783670092,cpu_cores,pod=workload-cloud-6f545f89ff-fgpnb,0.0020769862269261604
1783670102,cpu_cores,pod=workload-cloud-6f545f89ff-fgpnb,0.0023547066321604727
1783670112,cpu_cores,pod=workload-cloud-6f545f89ff-fgpnb,0.0022941713312241334
1783669472,cpu_cores,pod=workload-cloud-6f545f89ff-nrscd,0.0013294362270359938
1783669482,cpu_cores,pod=workload-cloud-6f545f89ff-nrscd,0.0009281999474289514
1783669622,cpu_cores,pod=workload-cloud-6f545f89ff-pfdh2,0.014990748901202104
1783669632,cpu_cores,pod=workload-cloud-6f545f89ff-pfdh2,0.017080175
1783669642,cpu_cores,pod=workload-cloud-6f545f89ff-pfdh2,0.01537675438682261
1783669652,cpu_cores,pod=workload-cloud-6f545f89ff-pfdh2,0.014407520030541016
1783669662,cpu_cores,pod=workload-cloud-6f545f89ff-pfdh2,0.014608019444444446
1783669672,cpu_cores,pod=workload-cloud-6f545f89ff-pfdh2,0.007581810299587013
1783669682,cpu_cores,pod=workload-cloud-6f545f89ff-pfdh2,0.0675560708301202
1783669692,cpu_cores,pod=workload-cloud-6f545f89ff-pfdh2,0.07013476978906781
1783669702,cpu_cores,pod=workload-cloud-6f545f89ff-pfdh2,0.17595155524510003
1783669712,cpu_cores,pod=workload-cloud-6f545f89ff-pfdh2,0.228067210707635
1783669722,cpu_cores,pod=workload-cloud-6f545f89ff-pfdh2,0.2907671339253713
1783669732,cpu_cores,pod=workload-cloud-6f545f89ff-pfdh2,0.28514475991396204
1783669742,cpu_cores,pod=workload-cloud-6f545f89ff-pfdh2,0.3488223438334223
1783669752,cpu_cores,pod=workload-cloud-6f545f89ff-pfdh2,0.34803530848151865
1783669762,cpu_cores,pod=workload-cloud-6f545f89ff-pfdh2,0.34471745858365194
1783669772,cpu_cores,pod=workload-cloud-6f545f89ff-pfdh2,0.3417013187902826
1783669782,cpu_cores,pod=workload-cloud-6f545f89ff-pfdh2,0.344486684008423
1783669792,cpu_cores,pod=workload-cloud-6f545f89ff-pfdh2,0.344486684008423
1783669802,cpu_cores,pod=workload-cloud-6f545f89ff-pfdh2,0.3473442038420705
1783669812,cpu_cores,pod=workload-cloud-6f545f89ff-pfdh2,0.34998250076083653
1783669822,cpu_cores,pod=workload-cloud-6f545f89ff-pfdh2,0.34998250076083653
1783669832,cpu_cores,pod=workload-cloud-6f545f89ff-pfdh2,0.2786791342855903
1783669842,cpu_cores,pod=workload-cloud-6f545f89ff-pfdh2,0.24238414049005183
1783669852,cpu_cores,pod=workload-cloud-6f545f89ff-pfdh2,0.15356213273588426
1783669862,cpu_cores,pod=workload-cloud-6f545f89ff-pfdh2,0.06242720518341774
1783669872,cpu_cores,pod=workload-cloud-6f545f89ff-pfdh2,0.007975853406236171
1783669882,cpu_cores,pod=workload-cloud-6f545f89ff-pfdh2,0.0063412902953230285
1783669892,cpu_cores,pod=workload-cloud-6f545f89ff-pfdh2,0.002259151713697204
1783669902,cpu_cores,pod=workload-cloud-6f545f89ff-pfdh2,0.0022734265871844424
1783669912,cpu_cores,pod=workload-cloud-6f545f89ff-pfdh2,0.00231668657260262
1783669922,cpu_cores,pod=workload-cloud-6f545f89ff-pfdh2,0.0023434644528637204
1783669932,cpu_cores,pod=workload-cloud-6f545f89ff-pfdh2,0.002284419121335836
1783669942,cpu_cores,pod=workload-cloud-6f545f89ff-pfdh2,0.002321329447682405
1783669952,cpu_cores,pod=workload-cloud-6f545f89ff-pfdh2,0.0022732341261883196
1783669962,cpu_cores,pod=workload-cloud-6f545f89ff-pfdh2,0.0022621981373114487
1783669972,cpu_cores,pod=workload-cloud-6f545f89ff-pfdh2,0.0018985687540769643
1783669982,cpu_cores,pod=workload-cloud-6f545f89ff-pfdh2,0.002315034349865945
1783669992,cpu_cores,pod=workload-cloud-6f545f89ff-pfdh2,0.0023876136289319727
1783670002,cpu_cores,pod=workload-cloud-6f545f89ff-pfdh2,0.002226847446875914
1783670012,cpu_cores,pod=workload-cloud-6f545f89ff-pfdh2,0.0021397907370364283
1783670022,cpu_cores,pod=workload-cloud-6f545f89ff-pfdh2,0.002119840286383065
1783670032,cpu_cores,pod=workload-cloud-6f545f89ff-pfdh2,0.0021838753413410054
1783670042,cpu_cores,pod=workload-cloud-6f545f89ff-pfdh2,0.002308882803606225
1783670052,cpu_cores,pod=workload-cloud-6f545f89ff-pfdh2,0.0022099359672430965
1783670062,cpu_cores,pod=workload-cloud-6f545f89ff-pfdh2,0.002349391503009538
1783670072,cpu_cores,pod=workload-cloud-6f545f89ff-pfdh2,0.0023306450211183667
1783670082,cpu_cores,pod=workload-cloud-6f545f89ff-pfdh2,0.0023313806320966117
1783670092,cpu_cores,pod=workload-cloud-6f545f89ff-pfdh2,0.0024037697729413342
1783670102,cpu_cores,pod=workload-cloud-6f545f89ff-pfdh2,0.002405315323217287
1783670112,cpu_cores,pod=workload-cloud-6f545f89ff-pfdh2,0.0022949350395623305
1783669472,cpu_cores,pod=workload-cloud-6f545f89ff-plsxl,0.0009664553105845414
1783669582,cpu_cores,pod=workload-cloud-6f545f89ff-prsjj,0.022181162454246256
1783669592,cpu_cores,pod=workload-cloud-6f545f89ff-prsjj,0.023351148136233086
1783669602,cpu_cores,pod=workload-cloud-6f545f89ff-prsjj,0.031092566154318893
1783669612,cpu_cores,pod=workload-cloud-6f545f89ff-prsjj,0.03407697742940276
1783669622,cpu_cores,pod=workload-cloud-6f545f89ff-prsjj,0.040631318572590745
1783669632,cpu_cores,pod=workload-cloud-6f545f89ff-prsjj,0.03222078646284011
1783669642,cpu_cores,pod=workload-cloud-6f545f89ff-prsjj,0.03238616024375755
1783669652,cpu_cores,pod=workload-cloud-6f545f89ff-prsjj,0.032348207578352724
1783669662,cpu_cores,pod=workload-cloud-6f545f89ff-prsjj,0.046874374587906754
1783669672,cpu_cores,pod=workload-cloud-6f545f89ff-prsjj,0.09350789608881147
1783669682,cpu_cores,pod=workload-cloud-6f545f89ff-prsjj,0.09350789608881147
1783669692,cpu_cores,pod=workload-cloud-6f545f89ff-prsjj,0.19531335173937053
1783669702,cpu_cores,pod=workload-cloud-6f545f89ff-prsjj,0.24153600296246278
1783669712,cpu_cores,pod=workload-cloud-6f545f89ff-prsjj,0.2992063681695408
1783669722,cpu_cores,pod=workload-cloud-6f545f89ff-prsjj,0.3327217341524099
1783669732,cpu_cores,pod=workload-cloud-6f545f89ff-prsjj,0.2924256932614481
1783669742,cpu_cores,pod=workload-cloud-6f545f89ff-prsjj,0.3451365414045231
1783669752,cpu_cores,pod=workload-cloud-6f545f89ff-prsjj,0.3444998718934153
1783669762,cpu_cores,pod=workload-cloud-6f545f89ff-prsjj,0.2939295777866243
1783669772,cpu_cores,pod=workload-cloud-6f545f89ff-prsjj,0.34811318081867393
1783669782,cpu_cores,pod=workload-cloud-6f545f89ff-prsjj,0.3468651838093727
1783669792,cpu_cores,pod=workload-cloud-6f545f89ff-prsjj,0.3506566356196344
1783669802,cpu_cores,pod=workload-cloud-6f545f89ff-prsjj,0.351767143414679
1783669812,cpu_cores,pod=workload-cloud-6f545f89ff-prsjj,0.35264521541726296
1783669822,cpu_cores,pod=workload-cloud-6f545f89ff-prsjj,0.3423327266108481
1783669832,cpu_cores,pod=workload-cloud-6f545f89ff-prsjj,0.34106986910471626
1783669842,cpu_cores,pod=workload-cloud-6f545f89ff-prsjj,0.2541517604702723
1783669852,cpu_cores,pod=workload-cloud-6f545f89ff-prsjj,0.17027527038269538
1783669862,cpu_cores,pod=workload-cloud-6f545f89ff-prsjj,0.17027527038269538
1783669872,cpu_cores,pod=workload-cloud-6f545f89ff-prsjj,0.09345621092902645
1783669882,cpu_cores,pod=workload-cloud-6f545f89ff-prsjj,0.0639448224468637
1783669892,cpu_cores,pod=workload-cloud-6f545f89ff-prsjj,0.06337338037203341
1783669902,cpu_cores,pod=workload-cloud-6f545f89ff-prsjj,0.06249282224043233
1783669912,cpu_cores,pod=workload-cloud-6f545f89ff-prsjj,0.060536263303113846
1783669922,cpu_cores,pod=workload-cloud-6f545f89ff-prsjj,0.06020117330725999
1783669932,cpu_cores,pod=workload-cloud-6f545f89ff-prsjj,0.059317379749041416
1783669942,cpu_cores,pod=workload-cloud-6f545f89ff-prsjj,0.059317379749041416
1783669952,cpu_cores,pod=workload-cloud-6f545f89ff-prsjj,0.059735382231405086
1783669962,cpu_cores,pod=workload-cloud-6f545f89ff-prsjj,0.05958431291156444
1783669972,cpu_cores,pod=workload-cloud-6f545f89ff-prsjj,0.059655300520111525
1783669982,cpu_cores,pod=workload-cloud-6f545f89ff-prsjj,0.05954558447571302
1783669992,cpu_cores,pod=workload-cloud-6f545f89ff-prsjj,0.05928347069719971
1783670002,cpu_cores,pod=workload-cloud-6f545f89ff-prsjj,0.059098874038985755
1783670012,cpu_cores,pod=workload-cloud-6f545f89ff-prsjj,0.05930281755886245
1783670022,cpu_cores,pod=workload-cloud-6f545f89ff-prsjj,0.05685305194078811
1783670032,cpu_cores,pod=workload-cloud-6f545f89ff-prsjj,0.05614532163742687
1783670042,cpu_cores,pod=workload-cloud-6f545f89ff-prsjj,0.04130173199635347
1783670052,cpu_cores,pod=workload-cloud-6f545f89ff-prsjj,0.03470653375873576
1783670062,cpu_cores,pod=workload-cloud-6f545f89ff-prsjj,0.019026417079059995
1783670072,cpu_cores,pod=workload-cloud-6f545f89ff-prsjj,0.007693252950823629
1783670082,cpu_cores,pod=workload-cloud-6f545f89ff-prsjj,0.002453677172875057
1783670092,cpu_cores,pod=workload-cloud-6f545f89ff-prsjj,0.002453677172875057
1783670102,cpu_cores,pod=workload-cloud-6f545f89ff-prsjj,0.002444317767238161
1783670112,cpu_cores,pod=workload-cloud-6f545f89ff-prsjj,0.002444317767238161
1783669472,cpu_cores,pod=workload-cloud-6f545f89ff-r28zz,0.002488318084447933
1783669482,cpu_cores,pod=workload-cloud-6f545f89ff-r28zz,0.002549105217764817
1783669492,cpu_cores,pod=workload-cloud-6f545f89ff-r28zz,0.009039249457962304
1783669502,cpu_cores,pod=workload-cloud-6f545f89ff-r28zz,0.03484140451359042
1783669512,cpu_cores,pod=workload-cloud-6f545f89ff-r28zz,0.03484140451359041
1783669522,cpu_cores,pod=workload-cloud-6f545f89ff-r28zz,0.07679237964864272
1783669532,cpu_cores,pod=workload-cloud-6f545f89ff-r28zz,0.11259703375087106
1783669542,cpu_cores,pod=workload-cloud-6f545f89ff-r28zz,0.1276898482878215
1783669552,cpu_cores,pod=workload-cloud-6f545f89ff-r28zz,0.14772910496279978
1783669562,cpu_cores,pod=workload-cloud-6f545f89ff-r28zz,0.17811733264807525
1783669572,cpu_cores,pod=workload-cloud-6f545f89ff-r28zz,0.1447406183616683
1783669582,cpu_cores,pod=workload-cloud-6f545f89ff-r28zz,0.20480436941410235
1783669592,cpu_cores,pod=workload-cloud-6f545f89ff-r28zz,0.2165906792903761
1783669602,cpu_cores,pod=workload-cloud-6f545f89ff-r28zz,0.23305563595815237
1783669612,cpu_cores,pod=workload-cloud-6f545f89ff-r28zz,0.24294993319738462
1783669622,cpu_cores,pod=workload-cloud-6f545f89ff-r28zz,0.2538368964811742
1783669632,cpu_cores,pod=workload-cloud-6f545f89ff-r28zz,0.2655793325890075
1783669642,cpu_cores,pod=workload-cloud-6f545f89ff-r28zz,0.2765967504711108
1783669652,cpu_cores,pod=workload-cloud-6f545f89ff-r28zz,0.2865384457236842
1783669662,cpu_cores,pod=workload-cloud-6f545f89ff-r28zz,0.29401733712583106
1783669672,cpu_cores,pod=workload-cloud-6f545f89ff-r28zz,0.26592914260033945
1783669682,cpu_cores,pod=workload-cloud-6f545f89ff-r28zz,0.345975153647098
1783669692,cpu_cores,pod=workload-cloud-6f545f89ff-r28zz,0.3530816499122877
1783669702,cpu_cores,pod=workload-cloud-6f545f89ff-r28zz,0.3579628003830764
1783669712,cpu_cores,pod=workload-cloud-6f545f89ff-r28zz,0.4508596971911016
1783669722,cpu_cores,pod=workload-cloud-6f545f89ff-r28zz,0.38903380339506033
1783669732,cpu_cores,pod=workload-cloud-6f545f89ff-r28zz,0.487651610597325
1783669742,cpu_cores,pod=workload-cloud-6f545f89ff-r28zz,0.4919614755406597
1783669752,cpu_cores,pod=workload-cloud-6f545f89ff-r28zz,0.4949198631113687
1783669762,cpu_cores,pod=workload-cloud-6f545f89ff-r28zz,0.49807538790089534
1783669772,cpu_cores,pod=workload-cloud-6f545f89ff-r28zz,0.5011876892907733
1783669782,cpu_cores,pod=workload-cloud-6f545f89ff-r28zz,0.5011876892907733
1783669792,cpu_cores,pod=workload-cloud-6f545f89ff-r28zz,0.5050403025368502
1783669802,cpu_cores,pod=workload-cloud-6f545f89ff-r28zz,0.43150894205933626
1783669812,cpu_cores,pod=workload-cloud-6f545f89ff-r28zz,0.5037232696953892
1783669822,cpu_cores,pod=workload-cloud-6f545f89ff-r28zz,0.49415873879319205
1783669832,cpu_cores,pod=workload-cloud-6f545f89ff-r28zz,0.45381616011860665
1783669842,cpu_cores,pod=workload-cloud-6f545f89ff-r28zz,0.45381616011860665
1783669852,cpu_cores,pod=workload-cloud-6f545f89ff-r28zz,0.3876014704617793
1783669862,cpu_cores,pod=workload-cloud-6f545f89ff-r28zz,0.23391872500000094
1783669872,cpu_cores,pod=workload-cloud-6f545f89ff-r28zz,0.3182302513937073
1783669882,cpu_cores,pod=workload-cloud-6f545f89ff-r28zz,0.2958184744496163
1783669892,cpu_cores,pod=workload-cloud-6f545f89ff-r28zz,0.2927004813508688
1783669902,cpu_cores,pod=workload-cloud-6f545f89ff-r28zz,0.2927004813508688
1783669912,cpu_cores,pod=workload-cloud-6f545f89ff-r28zz,0.2856010410705069
1783669922,cpu_cores,pod=workload-cloud-6f545f89ff-r28zz,0.2873041585681887
1783669932,cpu_cores,pod=workload-cloud-6f545f89ff-r28zz,0.24216232274245011
1783669942,cpu_cores,pod=workload-cloud-6f545f89ff-r28zz,0.287971360534094
1783669952,cpu_cores,pod=workload-cloud-6f545f89ff-r28zz,0.291446832552552
1783669962,cpu_cores,pod=workload-cloud-6f545f89ff-r28zz,0.29055870362473124
1783669972,cpu_cores,pod=workload-cloud-6f545f89ff-r28zz,0.2900978966162958
1783669982,cpu_cores,pod=workload-cloud-6f545f89ff-r28zz,0.2937407249011024
1783669992,cpu_cores,pod=workload-cloud-6f545f89ff-r28zz,0.2937407249011024
1783670002,cpu_cores,pod=workload-cloud-6f545f89ff-r28zz,0.29783298020577004
1783670012,cpu_cores,pod=workload-cloud-6f545f89ff-r28zz,0.30211456005297777
1783670022,cpu_cores,pod=workload-cloud-6f545f89ff-r28zz,0.30105824188721353
1783670032,cpu_cores,pod=workload-cloud-6f545f89ff-r28zz,0.29034763800316454
1783670042,cpu_cores,pod=workload-cloud-6f545f89ff-r28zz,0.2818217184619838
1783670052,cpu_cores,pod=workload-cloud-6f545f89ff-r28zz,0.22644466435758118
1783670062,cpu_cores,pod=workload-cloud-6f545f89ff-r28zz,0.1925701499831995
1783670072,cpu_cores,pod=workload-cloud-6f545f89ff-r28zz,0.12676332873893684
1783670082,cpu_cores,pod=workload-cloud-6f545f89ff-r28zz,0.0466154501843589
1783670092,cpu_cores,pod=workload-cloud-6f545f89ff-r28zz,0.0024587449025795694
1783670102,cpu_cores,pod=workload-cloud-6f545f89ff-r28zz,0.0024587449025795694
1783670112,cpu_cores,pod=workload-cloud-6f545f89ff-r28zz,0.00242614789297199
1783669562,cpu_cores,pod=workload-cloud-6f545f89ff-z7nvb,0.012785581775772995
1783669572,cpu_cores,pod=workload-cloud-6f545f89ff-z7nvb,0.021195649372863497
1783669582,cpu_cores,pod=workload-cloud-6f545f89ff-z7nvb,0.024796157386932662
1783669592,cpu_cores,pod=workload-cloud-6f545f89ff-z7nvb,0.0290751142157446
1783669602,cpu_cores,pod=workload-cloud-6f545f89ff-z7nvb,0.03545643882411263
1783669612,cpu_cores,pod=workload-cloud-6f545f89ff-z7nvb,0.042308820212046024
1783669622,cpu_cores,pod=workload-cloud-6f545f89ff-z7nvb,0.045400201256493244
1783669632,cpu_cores,pod=workload-cloud-6f545f89ff-z7nvb,0.05786812257295552
1783669642,cpu_cores,pod=workload-cloud-6f545f89ff-z7nvb,0.07577939832370728
1783669652,cpu_cores,pod=workload-cloud-6f545f89ff-z7nvb,0.07365416710966072
1783669662,cpu_cores,pod=workload-cloud-6f545f89ff-z7nvb,0.09012964466371075
1783669672,cpu_cores,pod=workload-cloud-6f545f89ff-z7nvb,0.12883908544802541
1783669682,cpu_cores,pod=workload-cloud-6f545f89ff-z7nvb,0.12883908544802541
1783669692,cpu_cores,pod=workload-cloud-6f545f89ff-z7nvb,0.23426856197147977
1783669702,cpu_cores,pod=workload-cloud-6f545f89ff-z7nvb,0.34780416048925133
1783669712,cpu_cores,pod=workload-cloud-6f545f89ff-z7nvb,0.34780416048925133
1783669722,cpu_cores,pod=workload-cloud-6f545f89ff-z7nvb,0.3854612852116298
1783669732,cpu_cores,pod=workload-cloud-6f545f89ff-z7nvb,0.397429950785095
1783669742,cpu_cores,pod=workload-cloud-6f545f89ff-z7nvb,0.397429950785095
1783669752,cpu_cores,pod=workload-cloud-6f545f89ff-z7nvb,0.39179376134979194
1783669762,cpu_cores,pod=workload-cloud-6f545f89ff-z7nvb,0.3375268767187957
1783669772,cpu_cores,pod=workload-cloud-6f545f89ff-z7nvb,0.39292746657558303
1783669782,cpu_cores,pod=workload-cloud-6f545f89ff-z7nvb,0.39240826628125197
1783669792,cpu_cores,pod=workload-cloud-6f545f89ff-z7nvb,0.396556036027962
1783669802,cpu_cores,pod=workload-cloud-6f545f89ff-z7nvb,0.396556036027962
1783669812,cpu_cores,pod=workload-cloud-6f545f89ff-z7nvb,0.39919903781848004
1783669822,cpu_cores,pod=workload-cloud-6f545f89ff-z7nvb,0.3882649351903258
1783669832,cpu_cores,pod=workload-cloud-6f545f89ff-z7nvb,0.3660935138659814
1783669842,cpu_cores,pod=workload-cloud-6f545f89ff-z7nvb,0.30527431431762697
1783669852,cpu_cores,pod=workload-cloud-6f545f89ff-z7nvb,0.19865143504479396
1783669862,cpu_cores,pod=workload-cloud-6f545f89ff-z7nvb,0.20044082342078107
1783669872,cpu_cores,pod=workload-cloud-6f545f89ff-z7nvb,0.14250535913835893
1783669882,cpu_cores,pod=workload-cloud-6f545f89ff-z7nvb,0.11915980578425157
1783669892,cpu_cores,pod=workload-cloud-6f545f89ff-z7nvb,0.11422402610321919
1783669902,cpu_cores,pod=workload-cloud-6f545f89ff-z7nvb,0.11400324052147447
1783669912,cpu_cores,pod=workload-cloud-6f545f89ff-z7nvb,0.11467586931805987
1783669922,cpu_cores,pod=workload-cloud-6f545f89ff-z7nvb,0.11512333620902168
1783669932,cpu_cores,pod=workload-cloud-6f545f89ff-z7nvb,0.11575833082555932
1783669942,cpu_cores,pod=workload-cloud-6f545f89ff-z7nvb,0.11515976272269729
1783669952,cpu_cores,pod=workload-cloud-6f545f89ff-z7nvb,0.11577671645618322
1783669962,cpu_cores,pod=workload-cloud-6f545f89ff-z7nvb,0.11493776305950211
1783669972,cpu_cores,pod=workload-cloud-6f545f89ff-z7nvb,0.0922169102818194
1783669982,cpu_cores,pod=workload-cloud-6f545f89ff-z7nvb,0.11432860713846651
1783669992,cpu_cores,pod=workload-cloud-6f545f89ff-z7nvb,0.11485496661552741
1783670002,cpu_cores,pod=workload-cloud-6f545f89ff-z7nvb,0.11510840740558859
1783670012,cpu_cores,pod=workload-cloud-6f545f89ff-z7nvb,0.09362278367218321
1783670022,cpu_cores,pod=workload-cloud-6f545f89ff-z7nvb,0.11478684040383955
1783670032,cpu_cores,pod=workload-cloud-6f545f89ff-z7nvb,0.10849781260699216
1783670042,cpu_cores,pod=workload-cloud-6f545f89ff-z7nvb,0.08084820199738861
1783670052,cpu_cores,pod=workload-cloud-6f545f89ff-z7nvb,0.07382666237666245
1783670062,cpu_cores,pod=workload-cloud-6f545f89ff-z7nvb,0.028124259223857723
1783670072,cpu_cores,pod=workload-cloud-6f545f89ff-z7nvb,0.023520637194110197
1783670082,cpu_cores,pod=workload-cloud-6f545f89ff-z7nvb,0.00575736784656168
1783670092,cpu_cores,pod=workload-cloud-6f545f89ff-z7nvb,0.002191364691284233
1783670102,cpu_cores,pod=workload-cloud-6f545f89ff-z7nvb,0.0012794750000001188
1783670112,cpu_cores,pod=workload-cloud-6f545f89ff-z7nvb,0.0021691541119233555
1783669472,cpu_cores,pod=workload-edge-7b875fd8c6-pxwvc,0.002637277901309702
1783669482,cpu_cores,pod=workload-edge-7b875fd8c6-pxwvc,0.0025913293099135925
1783669492,cpu_cores,pod=workload-edge-7b875fd8c6-pxwvc,0.0021410939621800532
1783669502,cpu_cores,pod=workload-edge-7b875fd8c6-pxwvc,0.002617608000999263
1783669512,cpu_cores,pod=workload-edge-7b875fd8c6-pxwvc,0.002631240845361358
1783669522,cpu_cores,pod=workload-edge-7b875fd8c6-pxwvc,0.002631240845361358
1783669532,cpu_cores,pod=workload-edge-7b875fd8c6-pxwvc,0.002649041599907235
1783669542,cpu_cores,pod=workload-edge-7b875fd8c6-pxwvc,0.0026222875367376526
1783669552,cpu_cores,pod=workload-edge-7b875fd8c6-pxwvc,0.002643398090218721
1783669562,cpu_cores,pod=workload-edge-7b875fd8c6-pxwvc,0.002621000716604863
1783669572,cpu_cores,pod=workload-edge-7b875fd8c6-pxwvc,0.002630451929535312
1783669582,cpu_cores,pod=workload-edge-7b875fd8c6-pxwvc,0.00265887946227434
1783669592,cpu_cores,pod=workload-edge-7b875fd8c6-pxwvc,0.002635425163134595
1783669602,cpu_cores,pod=workload-edge-7b875fd8c6-pxwvc,0.002133405952059267
1783669612,cpu_cores,pod=workload-edge-7b875fd8c6-pxwvc,0.0027090250734445945
1783669622,cpu_cores,pod=workload-edge-7b875fd8c6-pxwvc,0.0021890081907683778
1783669632,cpu_cores,pod=workload-edge-7b875fd8c6-pxwvc,0.002662365196824912
1783669642,cpu_cores,pod=workload-edge-7b875fd8c6-pxwvc,0.0026164833644597226
1783669652,cpu_cores,pod=workload-edge-7b875fd8c6-pxwvc,0.002549202644887415
1783669662,cpu_cores,pod=workload-edge-7b875fd8c6-pxwvc,0.002570236412572145
1783669672,cpu_cores,pod=workload-edge-7b875fd8c6-pxwvc,0.002548656772501308
1783669682,cpu_cores,pod=workload-edge-7b875fd8c6-pxwvc,0.0026035778102651785
1783669692,cpu_cores,pod=workload-edge-7b875fd8c6-pxwvc,0.0026739689825423375
1783669702,cpu_cores,pod=workload-edge-7b875fd8c6-pxwvc,0.002758940202030371
1783669712,cpu_cores,pod=workload-edge-7b875fd8c6-pxwvc,0.0023179772567953
1783669722,cpu_cores,pod=workload-edge-7b875fd8c6-pxwvc,0.0028274683638355447
1783669732,cpu_cores,pod=workload-edge-7b875fd8c6-pxwvc,0.002758010333714406
1783669742,cpu_cores,pod=workload-edge-7b875fd8c6-pxwvc,0.002781123360493012
1783669752,cpu_cores,pod=workload-edge-7b875fd8c6-pxwvc,0.0027941578597262796
1783669762,cpu_cores,pod=workload-edge-7b875fd8c6-pxwvc,0.002760937499999972
1783669772,cpu_cores,pod=workload-edge-7b875fd8c6-pxwvc,0.00276428689746675
1783669782,cpu_cores,pod=workload-edge-7b875fd8c6-pxwvc,0.0028117290233310816
1783669792,cpu_cores,pod=workload-edge-7b875fd8c6-pxwvc,0.0022822639256016818
1783669802,cpu_cores,pod=workload-edge-7b875fd8c6-pxwvc,0.0027438651627350427
1783669812,cpu_cores,pod=workload-edge-7b875fd8c6-pxwvc,0.0027275929282206744
1783669822,cpu_cores,pod=workload-edge-7b875fd8c6-pxwvc,0.002747374621682003
1783669832,cpu_cores,pod=workload-edge-7b875fd8c6-pxwvc,0.002757546439627215
1783669842,cpu_cores,pod=workload-edge-7b875fd8c6-pxwvc,0.0027633911577603113
1783669852,cpu_cores,pod=workload-edge-7b875fd8c6-pxwvc,0.002720720720721748
1783669862,cpu_cores,pod=workload-edge-7b875fd8c6-pxwvc,0.0026879969373928355
1783669872,cpu_cores,pod=workload-edge-7b875fd8c6-pxwvc,0.002625081672653224
1783669882,cpu_cores,pod=workload-edge-7b875fd8c6-pxwvc,0.002650100815691631
1783669892,cpu_cores,pod=workload-edge-7b875fd8c6-pxwvc,0.002650100815691631
1783669902,cpu_cores,pod=workload-edge-7b875fd8c6-pxwvc,0.0026312281519474796
1783669912,cpu_cores,pod=workload-edge-7b875fd8c6-pxwvc,0.002620135067535602
1783669922,cpu_cores,pod=workload-edge-7b875fd8c6-pxwvc,0.0021754253650451572
1783669932,cpu_cores,pod=workload-edge-7b875fd8c6-pxwvc,0.0025624123422135665
1783669942,cpu_cores,pod=workload-edge-7b875fd8c6-pxwvc,0.0025729277725484567
1783669952,cpu_cores,pod=workload-edge-7b875fd8c6-pxwvc,0.0025729277725484567
1783669962,cpu_cores,pod=workload-edge-7b875fd8c6-pxwvc,0.0026538122656388323
1783669972,cpu_cores,pod=workload-edge-7b875fd8c6-pxwvc,0.0021819750247027737
1783669982,cpu_cores,pod=workload-edge-7b875fd8c6-pxwvc,0.0026659041731068958
1783669992,cpu_cores,pod=workload-edge-7b875fd8c6-pxwvc,0.0022355303655078275
1783670002,cpu_cores,pod=workload-edge-7b875fd8c6-pxwvc,0.0026428736073799896
1783670012,cpu_cores,pod=workload-edge-7b875fd8c6-pxwvc,0.002613129336417008
1783670022,cpu_cores,pod=workload-edge-7b875fd8c6-pxwvc,0.0025958333333318665
1783670032,cpu_cores,pod=workload-edge-7b875fd8c6-pxwvc,0.0025958333333318665
1783670042,cpu_cores,pod=workload-edge-7b875fd8c6-pxwvc,0.0026319471135363773
1783670052,cpu_cores,pod=workload-edge-7b875fd8c6-pxwvc,0.0026391793290169913
1783670062,cpu_cores,pod=workload-edge-7b875fd8c6-pxwvc,0.0022445381892560396
1783670072,cpu_cores,pod=workload-edge-7b875fd8c6-pxwvc,0.0027453256116291343
1783670082,cpu_cores,pod=workload-edge-7b875fd8c6-pxwvc,0.0027173718026399104
1783670092,cpu_cores,pod=workload-edge-7b875fd8c6-pxwvc,0.002681821666791715
1783670102,cpu_cores,pod=workload-edge-7b875fd8c6-pxwvc,0.002176298491557004
1783670112,cpu_cores,pod=workload-edge-7b875fd8c6-pxwvc,0.0016181293504178252
1783669642,cpu_utilisation,pod=workload-cloud-6f545f89ff-6q5dl,0.08295407275310303
1783669652,cpu_utilisation,pod=workload-cloud-6f545f89ff-6q5dl,0.09746836560423017
1783669662,cpu_utilisation,pod=workload-cloud-6f545f89ff-6q5dl,0.12976215132988161
1783669672,cpu_utilisation,pod=workload-cloud-6f545f89ff-6q5dl,0.29923227111644013
1783669682,cpu_utilisation,pod=workload-cloud-6f545f89ff-6q5dl,0.5700594277714327
1783669692,cpu_utilisation,pod=workload-cloud-6f545f89ff-6q5dl,0.6610771655733525
1783669702,cpu_utilisation,pod=workload-cloud-6f545f89ff-6q5dl,1.156258594570792
1783669712,cpu_utilisation,pod=workload-cloud-6f545f89ff-6q5dl,1.449101264663551
1783669722,cpu_utilisation,pod=workload-cloud-6f545f89ff-6q5dl,1.5569956169186938
1783669732,cpu_utilisation,pod=workload-cloud-6f545f89ff-6q5dl,1.5924491556019094
1783669742,cpu_utilisation,pod=workload-cloud-6f545f89ff-6q5dl,1.5713457671099578
1783669752,cpu_utilisation,pod=workload-cloud-6f545f89ff-6q5dl,1.5894705202806774
1783669762,cpu_utilisation,pod=workload-cloud-6f545f89ff-6q5dl,1.598017604837217
1783669772,cpu_utilisation,pod=workload-cloud-6f545f89ff-6q5dl,1.598017604837217
1783669782,cpu_utilisation,pod=workload-cloud-6f545f89ff-6q5dl,1.5847015622264156
1783669792,cpu_utilisation,pod=workload-cloud-6f545f89ff-6q5dl,1.5668167216163664
1783669802,cpu_utilisation,pod=workload-cloud-6f545f89ff-6q5dl,1.586977231483041
1783669812,cpu_utilisation,pod=workload-cloud-6f545f89ff-6q5dl,1.605192254904031
1783669822,cpu_utilisation,pod=workload-cloud-6f545f89ff-6q5dl,1.3739766400073694
1783669832,cpu_utilisation,pod=workload-cloud-6f545f89ff-6q5dl,1.4519271533813753
1783669842,cpu_utilisation,pod=workload-cloud-6f545f89ff-6q5dl,1.3533029855900536
1783669852,cpu_utilisation,pod=workload-cloud-6f545f89ff-6q5dl,1.0076279533827242
1783669862,cpu_utilisation,pod=workload-cloud-6f545f89ff-6q5dl,0.6180618448425604
1783669872,cpu_utilisation,pod=workload-cloud-6f545f89ff-6q5dl,0.19332499093786043
1783669882,cpu_utilisation,pod=workload-cloud-6f545f89ff-6q5dl,0.20462597452803852
1783669892,cpu_utilisation,pod=workload-cloud-6f545f89ff-6q5dl,0.16507554221100662
1783669902,cpu_utilisation,pod=workload-cloud-6f545f89ff-6q5dl,0.16365329804560227
1783669912,cpu_utilisation,pod=workload-cloud-6f545f89ff-6q5dl,0.16268333880277186
1783669922,cpu_utilisation,pod=workload-cloud-6f545f89ff-6q5dl,0.16175963003264474
1783669932,cpu_utilisation,pod=workload-cloud-6f545f89ff-6q5dl,0.16175963003264474
1783669942,cpu_utilisation,pod=workload-cloud-6f545f89ff-6q5dl,0.16217586664493772
1783669952,cpu_utilisation,pod=workload-cloud-6f545f89ff-6q5dl,0.1378166009863496
1783669962,cpu_utilisation,pod=workload-cloud-6f545f89ff-6q5dl,0.16234310169049443
1783669972,cpu_utilisation,pod=workload-cloud-6f545f89ff-6q5dl,0.16391318406850716
1783669982,cpu_utilisation,pod=workload-cloud-6f545f89ff-6q5dl,0.16473989209351947
1783669992,cpu_utilisation,pod=workload-cloud-6f545f89ff-6q5dl,0.16399853816884183
1783670002,cpu_utilisation,pod=workload-cloud-6f545f89ff-6q5dl,0.16414753552397904
1783670012,cpu_utilisation,pod=workload-cloud-6f545f89ff-6q5dl,0.16375981810665552
1783670022,cpu_utilisation,pod=workload-cloud-6f545f89ff-6q5dl,0.1628874671131301
1783670032,cpu_utilisation,pod=workload-cloud-6f545f89ff-6q5dl,0.1410362669704731
1783670042,cpu_utilisation,pod=workload-cloud-6f545f89ff-6q5dl,0.10376783497440584
1783670052,cpu_utilisation,pod=workload-cloud-6f545f89ff-6q5dl,0.08374753295070428
1783670062,cpu_utilisation,pod=workload-cloud-6f545f89ff-6q5dl,0.046645372010628836
1783670072,cpu_utilisation,pod=workload-cloud-6f545f89ff-6q5dl,0.010495390209064323
1783670082,cpu_utilisation,pod=workload-cloud-6f545f89ff-6q5dl,0.010664698483683979
1783670092,cpu_utilisation,pod=workload-cloud-6f545f89ff-6q5dl,0.011110097848322566
1783670102,cpu_utilisation,pod=workload-cloud-6f545f89ff-6q5dl,0.011496540997307528
1783670112,cpu_utilisation,pod=workload-cloud-6f545f89ff-6q5dl,0.00978745243871335
1783669692,cpu_utilisation,pod=workload-cloud-6f545f89ff-fgpnb,0.4685857509332711
1783669702,cpu_utilisation,pod=workload-cloud-6f545f89ff-fgpnb,0.6647815045496966
1783669712,cpu_utilisation,pod=workload-cloud-6f545f89ff-fgpnb,0.9971054553212851
1783669722,cpu_utilisation,pod=workload-cloud-6f545f89ff-fgpnb,1.2642488009850354
1783669732,cpu_utilisation,pod=workload-cloud-6f545f89ff-fgpnb,1.5473063227355792
1783669742,cpu_utilisation,pod=workload-cloud-6f545f89ff-fgpnb,1.5745843517989717
1783669752,cpu_utilisation,pod=workload-cloud-6f545f89ff-fgpnb,1.589138503677184
1783669762,cpu_utilisation,pod=workload-cloud-6f545f89ff-fgpnb,1.589138503677184
1783669772,cpu_utilisation,pod=workload-cloud-6f545f89ff-fgpnb,1.6246389026251855
1783669782,cpu_utilisation,pod=workload-cloud-6f545f89ff-fgpnb,1.6349041638469803
1783669792,cpu_utilisation,pod=workload-cloud-6f545f89ff-fgpnb,1.3638049948950777
1783669802,cpu_utilisation,pod=workload-cloud-6f545f89ff-fgpnb,1.6466947883491867
1783669812,cpu_utilisation,pod=workload-cloud-6f545f89ff-fgpnb,1.6082913697018137
1783669822,cpu_utilisation,pod=workload-cloud-6f545f89ff-fgpnb,1.6082913697018137
1783669832,cpu_utilisation,pod=workload-cloud-6f545f89ff-fgpnb,1.1465496644450084
1783669842,cpu_utilisation,pod=workload-cloud-6f545f89ff-fgpnb,0.5237025115558606
1783669852,cpu_utilisation,pod=workload-cloud-6f545f89ff-fgpnb,0.4495220949572846
1783669862,cpu_utilisation,pod=workload-cloud-6f545f89ff-fgpnb,0.17580050553223966
1783669872,cpu_utilisation,pod=workload-cloud-6f545f89ff-fgpnb,0.011264805525645247
1783669882,cpu_utilisation,pod=workload-cloud-6f545f89ff-fgpnb,0.010986124310967162
1783669892,cpu_utilisation,pod=workload-cloud-6f545f89ff-fgpnb,0.010901700014325551
1783669902,cpu_utilisation,pod=workload-cloud-6f545f89ff-fgpnb,0.0108925365194066
1783669912,cpu_utilisation,pod=workload-cloud-6f545f89ff-fgpnb,0.01073382558992947
1783669922,cpu_utilisation,pod=workload-cloud-6f545f89ff-fgpnb,0.010887447749127097
1783669932,cpu_utilisation,pod=workload-cloud-6f545f89ff-fgpnb,0.011096849474912792
1783669942,cpu_utilisation,pod=workload-cloud-6f545f89ff-fgpnb,0.009593317829260607
1783669952,cpu_utilisation,pod=workload-cloud-6f545f89ff-fgpnb,0.010894406165176554
1783669962,cpu_utilisation,pod=workload-cloud-6f545f89ff-fgpnb,0.011238812507141246
1783669972,cpu_utilisation,pod=workload-cloud-6f545f89ff-fgpnb,0.011180866205774924
1783669982,cpu_utilisation,pod=workload-cloud-6f545f89ff-fgpnb,0.0109909272247602
1783669992,cpu_utilisation,pod=workload-cloud-6f545f89ff-fgpnb,0.009292137755397622
1783670002,cpu_utilisation,pod=workload-cloud-6f545f89ff-fgpnb,0.011032808464136595
1783670012,cpu_utilisation,pod=workload-cloud-6f545f89ff-fgpnb,0.010968519228924278
1783670022,cpu_utilisation,pod=workload-cloud-6f545f89ff-fgpnb,0.009362461069283179
1783670032,cpu_utilisation,pod=workload-cloud-6f545f89ff-fgpnb,0.011156479217604312
1783670042,cpu_utilisation,pod=workload-cloud-6f545f89ff-fgpnb,0.011247991991246842
1783670052,cpu_utilisation,pod=workload-cloud-6f545f89ff-fgpnb,0.01095246107596367
1783670062,cpu_utilisation,pod=workload-cloud-6f545f89ff-fgpnb,0.011456597945300732
1783670072,cpu_utilisation,pod=workload-cloud-6f545f89ff-fgpnb,0.011428626225043637
1783670082,cpu_utilisation,pod=workload-cloud-6f545f89ff-fgpnb,0.011476026443098527
1783670092,cpu_utilisation,pod=workload-cloud-6f545f89ff-fgpnb,0.010384931134630801
1783670102,cpu_utilisation,pod=workload-cloud-6f545f89ff-fgpnb,0.011773533160802362
1783670112,cpu_utilisation,pod=workload-cloud-6f545f89ff-fgpnb,0.011470856656120666
1783669622,cpu_utilisation,pod=workload-cloud-6f545f89ff-pfdh2,0.07495374450601051
1783669632,cpu_utilisation,pod=workload-cloud-6f545f89ff-pfdh2,0.08540087499999999
1783669642,cpu_utilisation,pod=workload-cloud-6f545f89ff-pfdh2,0.07688377193411304
1783669652,cpu_utilisation,pod=workload-cloud-6f545f89ff-pfdh2,0.07203760015270508
1783669662,cpu_utilisation,pod=workload-cloud-6f545f89ff-pfdh2,0.07304009722222223
1783669672,cpu_utilisation,pod=workload-cloud-6f545f89ff-pfdh2,0.03790905149793506
1783669682,cpu_utilisation,pod=workload-cloud-6f545f89ff-pfdh2,0.337780354150601
1783669692,cpu_utilisation,pod=workload-cloud-6f545f89ff-pfdh2,0.35067384894533904
1783669702,cpu_utilisation,pod=workload-cloud-6f545f89ff-pfdh2,0.8797577762255001
1783669712,cpu_utilisation,pod=workload-cloud-6f545f89ff-pfdh2,1.140336053538175
1783669722,cpu_utilisation,pod=workload-cloud-6f545f89ff-pfdh2,1.4538356696268564
1783669732,cpu_utilisation,pod=workload-cloud-6f545f89ff-pfdh2,1.4257237995698102
1783669742,cpu_utilisation,pod=workload-cloud-6f545f89ff-pfdh2,1.7441117191671114
1783669752,cpu_utilisation,pod=workload-cloud-6f545f89ff-pfdh2,1.7401765424075932
1783669762,cpu_utilisation,pod=workload-cloud-6f545f89ff-pfdh2,1.7235872929182596
1783669772,cpu_utilisation,pod=workload-cloud-6f545f89ff-pfdh2,1.7085065939514128
1783669782,cpu_utilisation,pod=workload-cloud-6f545f89ff-pfdh2,1.722433420042115
1783669792,cpu_utilisation,pod=workload-cloud-6f545f89ff-pfdh2,1.722433420042115
1783669802,cpu_utilisation,pod=workload-cloud-6f545f89ff-pfdh2,1.7367210192103524
1783669812,cpu_utilisation,pod=workload-cloud-6f545f89ff-pfdh2,1.7499125038041825
1783669822,cpu_utilisation,pod=workload-cloud-6f545f89ff-pfdh2,1.7499125038041825
1783669832,cpu_utilisation,pod=workload-cloud-6f545f89ff-pfdh2,1.3933956714279516
1783669842,cpu_utilisation,pod=workload-cloud-6f545f89ff-pfdh2,1.2119207024502592
1783669852,cpu_utilisation,pod=workload-cloud-6f545f89ff-pfdh2,0.7678106636794213
1783669862,cpu_utilisation,pod=workload-cloud-6f545f89ff-pfdh2,0.31213602591708867
1783669872,cpu_utilisation,pod=workload-cloud-6f545f89ff-pfdh2,0.03987926703118085
1783669882,cpu_utilisation,pod=workload-cloud-6f545f89ff-pfdh2,0.03170645147661514
1783669892,cpu_utilisation,pod=workload-cloud-6f545f89ff-pfdh2,0.011295758568486018
1783669902,cpu_utilisation,pod=workload-cloud-6f545f89ff-pfdh2,0.011367132935922212
1783669912,cpu_utilisation,pod=workload-cloud-6f545f89ff-pfdh2,0.0115834328630131
1783669922,cpu_utilisation,pod=workload-cloud-6f545f89ff-pfdh2,0.011717322264318602
1783669932,cpu_utilisation,pod=workload-cloud-6f545f89ff-pfdh2,0.01142209560667918
1783669942,cpu_utilisation,pod=workload-cloud-6f545f89ff-pfdh2,0.011606647238412024
1783669952,cpu_utilisation,pod=workload-cloud-6f545f89ff-pfdh2,0.011366170630941598
1783669962,cpu_utilisation,pod=workload-cloud-6f545f89ff-pfdh2,0.011310990686557243
1783669972,cpu_utilisation,pod=workload-cloud-6f545f89ff-pfdh2,0.009492843770384821
1783669982,cpu_utilisation,pod=workload-cloud-6f545f89ff-pfdh2,0.011575171749329724
1783669992,cpu_utilisation,pod=workload-cloud-6f545f89ff-pfdh2,0.011938068144659864
1783670002,cpu_utilisation,pod=workload-cloud-6f545f89ff-pfdh2,0.01113423723437957
1783670012,cpu_utilisation,pod=workload-cloud-6f545f89ff-pfdh2,0.01069895368518214
1783670022,cpu_utilisation,pod=workload-cloud-6f545f89ff-pfdh2,0.010599201431915324
1783670032,cpu_utilisation,pod=workload-cloud-6f545f89ff-pfdh2,0.010919376706705026
1783670042,cpu_utilisation,pod=workload-cloud-6f545f89ff-pfdh2,0.011544414018031125
1783670052,cpu_utilisation,pod=workload-cloud-6f545f89ff-pfdh2,0.011049679836215482
1783670062,cpu_utilisation,pod=workload-cloud-6f545f89ff-pfdh2,0.011746957515047689
1783670072,cpu_utilisation,pod=workload-cloud-6f545f89ff-pfdh2,0.011653225105591834
1783670082,cpu_utilisation,pod=workload-cloud-6f545f89ff-pfdh2,0.011656903160483057
1783670092,cpu_utilisation,pod=workload-cloud-6f545f89ff-pfdh2,0.012018848864706671
1783670102,cpu_utilisation,pod=workload-cloud-6f545f89ff-pfdh2,0.012026576616086434
1783670112,cpu_utilisation,pod=workload-cloud-6f545f89ff-pfdh2,0.011474675197811653
1783669582,cpu_utilisation,pod=workload-cloud-6f545f89ff-prsjj,0.11090581227123128
1783669592,cpu_utilisation,pod=workload-cloud-6f545f89ff-prsjj,0.11675574068116543
1783669602,cpu_utilisation,pod=workload-cloud-6f545f89ff-prsjj,0.15546283077159445
1783669612,cpu_utilisation,pod=workload-cloud-6f545f89ff-prsjj,0.17038488714701377
1783669622,cpu_utilisation,pod=workload-cloud-6f545f89ff-prsjj,0.2031565928629537
1783669632,cpu_utilisation,pod=workload-cloud-6f545f89ff-prsjj,0.16110393231420053
1783669642,cpu_utilisation,pod=workload-cloud-6f545f89ff-prsjj,0.16193080121878775
1783669652,cpu_utilisation,pod=workload-cloud-6f545f89ff-prsjj,0.1617410378917636
1783669662,cpu_utilisation,pod=workload-cloud-6f545f89ff-prsjj,0.23437187293953377
1783669672,cpu_utilisation,pod=workload-cloud-6f545f89ff-prsjj,0.4675394804440573
1783669682,cpu_utilisation,pod=workload-cloud-6f545f89ff-prsjj,0.4675394804440573
1783669692,cpu_utilisation,pod=workload-cloud-6f545f89ff-prsjj,0.9765667586968526
1783669702,cpu_utilisation,pod=workload-cloud-6f545f89ff-prsjj,1.207680014812314
1783669712,cpu_utilisation,pod=workload-cloud-6f545f89ff-prsjj,1.496031840847704
1783669722,cpu_utilisation,pod=workload-cloud-6f545f89ff-prsjj,1.6636086707620494
1783669732,cpu_utilisation,pod=workload-cloud-6f545f89ff-prsjj,1.4621284663072405
1783669742,cpu_utilisation,pod=workload-cloud-6f545f89ff-prsjj,1.7256827070226155
1783669752,cpu_utilisation,pod=workload-cloud-6f545f89ff-prsjj,1.7224993594670763
1783669762,cpu_utilisation,pod=workload-cloud-6f545f89ff-prsjj,1.4696478889331215
1783669772,cpu_utilisation,pod=workload-cloud-6f545f89ff-prsjj,1.7405659040933696
1783669782,cpu_utilisation,pod=workload-cloud-6f545f89ff-prsjj,1.7343259190468634
1783669792,cpu_utilisation,pod=workload-cloud-6f545f89ff-prsjj,1.753283178098172
1783669802,cpu_utilisation,pod=workload-cloud-6f545f89ff-prsjj,1.758835717073395
1783669812,cpu_utilisation,pod=workload-cloud-6f545f89ff-prsjj,1.7632260770863146
1783669822,cpu_utilisation,pod=workload-cloud-6f545f89ff-prsjj,1.7116636330542405
1783669832,cpu_utilisation,pod=workload-cloud-6f545f89ff-prsjj,1.7053493455235813
1783669842,cpu_utilisation,pod=workload-cloud-6f545f89ff-prsjj,1.2707588023513616
1783669852,cpu_utilisation,pod=workload-cloud-6f545f89ff-prsjj,0.8513763519134768
1783669862,cpu_utilisation,pod=workload-cloud-6f545f89ff-prsjj,0.8513763519134768
1783669872,cpu_utilisation,pod=workload-cloud-6f545f89ff-prsjj,0.46728105464513225
1783669882,cpu_utilisation,pod=workload-cloud-6f545f89ff-prsjj,0.31972411223431846
1783669892,cpu_utilisation,pod=workload-cloud-6f545f89ff-prsjj,0.316866901860167
1783669902,cpu_utilisation,pod=workload-cloud-6f545f89ff-prsjj,0.3124641112021616
1783669912,cpu_utilisation,pod=workload-cloud-6f545f89ff-prsjj,0.30268131651556923
1783669922,cpu_utilisation,pod=workload-cloud-6f545f89ff-prsjj,0.30100586653629996
1783669932,cpu_utilisation,pod=workload-cloud-6f545f89ff-prsjj,0.29658689874520705
1783669942,cpu_utilisation,pod=workload-cloud-6f545f89ff-prsjj,0.29658689874520705
1783669952,cpu_utilisation,pod=workload-cloud-6f545f89ff-prsjj,0.29867691115702544
1783669962,cpu_utilisation,pod=workload-cloud-6f545f89ff-prsjj,0.2979215645578222
1783669972,cpu_utilisation,pod=workload-cloud-6f545f89ff-prsjj,0.2982765026005576
1783669982,cpu_utilisation,pod=workload-cloud-6f545f89ff-prsjj,0.2977279223785651
1783669992,cpu_utilisation,pod=workload-cloud-6f545f89ff-prsjj,0.29641735348599857
1783670002,cpu_utilisation,pod=workload-cloud-6f545f89ff-prsjj,0.29549437019492875
1783670012,cpu_utilisation,pod=workload-cloud-6f545f89ff-prsjj,0.2965140877943122
1783670022,cpu_utilisation,pod=workload-cloud-6f545f89ff-prsjj,0.2842652597039405
1783670032,cpu_utilisation,pod=workload-cloud-6f545f89ff-prsjj,0.28072660818713435
1783670042,cpu_utilisation,pod=workload-cloud-6f545f89ff-prsjj,0.20650865998176735
1783670052,cpu_utilisation,pod=workload-cloud-6f545f89ff-prsjj,0.1735326687936788
1783670062,cpu_utilisation,pod=workload-cloud-6f545f89ff-prsjj,0.09513208539529996
1783670072,cpu_utilisation,pod=workload-cloud-6f545f89ff-prsjj,0.03846626475411814
1783670082,cpu_utilisation,pod=workload-cloud-6f545f89ff-prsjj,0.012268385864375285
1783670092,cpu_utilisation,pod=workload-cloud-6f545f89ff-prsjj,0.012268385864375285
1783670102,cpu_utilisation,pod=workload-cloud-6f545f89ff-prsjj,0.012221588836190804
1783670112,cpu_utilisation,pod=workload-cloud-6f545f89ff-prsjj,0.012221588836190804
1783669472,cpu_utilisation,pod=workload-cloud-6f545f89ff-r28zz,0.012441590422239664
1783669482,cpu_utilisation,pod=workload-cloud-6f545f89ff-r28zz,0.012745526088824084
1783669492,cpu_utilisation,pod=workload-cloud-6f545f89ff-r28zz,0.04519624728981152
1783669502,cpu_utilisation,pod=workload-cloud-6f545f89ff-r28zz,0.1742070225679521
1783669512,cpu_utilisation,pod=workload-cloud-6f545f89ff-r28zz,0.17420702256795206
1783669522,cpu_utilisation,pod=workload-cloud-6f545f89ff-r28zz,0.3839618982432136
1783669532,cpu_utilisation,pod=workload-cloud-6f545f89ff-r28zz,0.5629851687543552
1783669542,cpu_utilisation,pod=workload-cloud-6f545f89ff-r28zz,0.6384492414391075
1783669552,cpu_utilisation,pod=workload-cloud-6f545f89ff-r28zz,0.7386455248139989
1783669562,cpu_utilisation,pod=workload-cloud-6f545f89ff-r28zz,0.8905866632403762
1783669572,cpu_utilisation,pod=workload-cloud-6f545f89ff-r28zz,0.7237030918083415
1783669582,cpu_utilisation,pod=workload-cloud-6f545f89ff-r28zz,1.0240218470705116
1783669592,cpu_utilisation,pod=workload-cloud-6f545f89ff-r28zz,1.0829533964518805
1783669602,cpu_utilisation,pod=workload-cloud-6f545f89ff-r28zz,1.1652781797907619
1783669612,cpu_utilisation,pod=workload-cloud-6f545f89ff-r28zz,1.214749665986923
1783669622,cpu_utilisation,pod=workload-cloud-6f545f89ff-r28zz,1.269184482405871
1783669632,cpu_utilisation,pod=workload-cloud-6f545f89ff-r28zz,1.3278966629450375
1783669642,cpu_utilisation,pod=workload-cloud-6f545f89ff-r28zz,1.382983752355554
1783669652,cpu_utilisation,pod=workload-cloud-6f545f89ff-r28zz,1.432692228618421
1783669662,cpu_utilisation,pod=workload-cloud-6f545f89ff-r28zz,1.4700866856291552
1783669672,cpu_utilisation,pod=workload-cloud-6f545f89ff-r28zz,1.3296457130016972
1783669682,cpu_utilisation,pod=workload-cloud-6f545f89ff-r28zz,1.72987576823549
1783669692,cpu_utilisation,pod=workload-cloud-6f545f89ff-r28zz,1.7654082495614383
1783669702,cpu_utilisation,pod=workload-cloud-6f545f89ff-r28zz,1.7898140019153819
1783669712,cpu_utilisation,pod=workload-cloud-6f545f89ff-r28zz,2.2542984859555077
1783669722,cpu_utilisation,pod=workload-cloud-6f545f89ff-r28zz,1.9451690169753015
1783669732,cpu_utilisation,pod=workload-cloud-6f545f89ff-r28zz,2.4382580529866247
1783669742,cpu_utilisation,pod=workload-cloud-6f545f89ff-r28zz,2.4598073777032985
1783669752,cpu_utilisation,pod=workload-cloud-6f545f89ff-r28zz,2.4745993155568433
1783669762,cpu_utilisation,pod=workload-cloud-6f545f89ff-r28zz,2.4903769395044764
1783669772,cpu_utilisation,pod=workload-cloud-6f545f89ff-r28zz,2.5059384464538663
1783669782,cpu_utilisation,pod=workload-cloud-6f545f89ff-r28zz,2.5059384464538663
1783669792,cpu_utilisation,pod=workload-cloud-6f545f89ff-r28zz,2.5252015126842506
1783669802,cpu_utilisation,pod=workload-cloud-6f545f89ff-r28zz,2.157544710296681
1783669812,cpu_utilisation,pod=workload-cloud-6f545f89ff-r28zz,2.5186163484769457
1783669822,cpu_utilisation,pod=workload-cloud-6f545f89ff-r28zz,2.4707936939659603
1783669832,cpu_utilisation,pod=workload-cloud-6f545f89ff-r28zz,2.269080800593033
1783669842,cpu_utilisation,pod=workload-cloud-6f545f89ff-r28zz,2.269080800593033
1783669852,cpu_utilisation,pod=workload-cloud-6f545f89ff-r28zz,1.9380073523088963
1783669862,cpu_utilisation,pod=workload-cloud-6f545f89ff-r28zz,1.1695936250000045
1783669872,cpu_utilisation,pod=workload-cloud-6f545f89ff-r28zz,1.5911512569685364
1783669882,cpu_utilisation,pod=workload-cloud-6f545f89ff-r28zz,1.4790923722480813
1783669892,cpu_utilisation,pod=workload-cloud-6f545f89ff-r28zz,1.4635024067543438
1783669902,cpu_utilisation,pod=workload-cloud-6f545f89ff-r28zz,1.4635024067543438
1783669912,cpu_utilisation,pod=workload-cloud-6f545f89ff-r28zz,1.4280052053525343
1783669922,cpu_utilisation,pod=workload-cloud-6f545f89ff-r28zz,1.4365207928409434
1783669932,cpu_utilisation,pod=workload-cloud-6f545f89ff-r28zz,1.2108116137122504
1783669942,cpu_utilisation,pod=workload-cloud-6f545f89ff-r28zz,1.43985680267047
1783669952,cpu_utilisation,pod=workload-cloud-6f545f89ff-r28zz,1.4572341627627599
1783669962,cpu_utilisation,pod=workload-cloud-6f545f89ff-r28zz,1.4527935181236562
1783669972,cpu_utilisation,pod=workload-cloud-6f545f89ff-r28zz,1.450489483081479
1783669982,cpu_utilisation,pod=workload-cloud-6f545f89ff-r28zz,1.468703624505512
1783669992,cpu_utilisation,pod=workload-cloud-6f545f89ff-r28zz,1.468703624505512
1783670002,cpu_utilisation,pod=workload-cloud-6f545f89ff-r28zz,1.4891649010288501
1783670012,cpu_utilisation,pod=workload-cloud-6f545f89ff-r28zz,1.5105728002648888
1783670022,cpu_utilisation,pod=workload-cloud-6f545f89ff-r28zz,1.5052912094360675
1783670032,cpu_utilisation,pod=workload-cloud-6f545f89ff-r28zz,1.4517381900158226
1783670042,cpu_utilisation,pod=workload-cloud-6f545f89ff-r28zz,1.409108592309919
1783670052,cpu_utilisation,pod=workload-cloud-6f545f89ff-r28zz,1.1322233217879059
1783670062,cpu_utilisation,pod=workload-cloud-6f545f89ff-r28zz,0.9628507499159974
1783670072,cpu_utilisation,pod=workload-cloud-6f545f89ff-r28zz,0.6338166436946842
1783670082,cpu_utilisation,pod=workload-cloud-6f545f89ff-r28zz,0.2330772509217945
1783670092,cpu_utilisation,pod=workload-cloud-6f545f89ff-r28zz,0.012293724512897846
1783670102,cpu_utilisation,pod=workload-cloud-6f545f89ff-r28zz,0.012293724512897846
1783670112,cpu_utilisation,pod=workload-cloud-6f545f89ff-r28zz,0.01213073946485995
1783669562,cpu_utilisation,pod=workload-cloud-6f545f89ff-z7nvb,0.06392790887886497
1783669572,cpu_utilisation,pod=workload-cloud-6f545f89ff-z7nvb,0.10597824686431748
1783669582,cpu_utilisation,pod=workload-cloud-6f545f89ff-z7nvb,0.1239807869346633
1783669592,cpu_utilisation,pod=workload-cloud-6f545f89ff-z7nvb,0.14537557107872298
1783669602,cpu_utilisation,pod=workload-cloud-6f545f89ff-z7nvb,0.17728219412056315
1783669612,cpu_utilisation,pod=workload-cloud-6f545f89ff-z7nvb,0.2115441010602301
1783669622,cpu_utilisation,pod=workload-cloud-6f545f89ff-z7nvb,0.22700100628246622
1783669632,cpu_utilisation,pod=workload-cloud-6f545f89ff-z7nvb,0.2893406128647776
1783669642,cpu_utilisation,pod=workload-cloud-6f545f89ff-z7nvb,0.3788969916185364
1783669652,cpu_utilisation,pod=workload-cloud-6f545f89ff-z7nvb,0.3682708355483036
1783669662,cpu_utilisation,pod=workload-cloud-6f545f89ff-z7nvb,0.4506482233185537
1783669672,cpu_utilisation,pod=workload-cloud-6f545f89ff-z7nvb,0.644195427240127
1783669682,cpu_utilisation,pod=workload-cloud-6f545f89ff-z7nvb,0.644195427240127
1783669692,cpu_utilisation,pod=workload-cloud-6f545f89ff-z7nvb,1.1713428098573988
1783669702,cpu_utilisation,pod=workload-cloud-6f545f89ff-z7nvb,1.7390208024462566
1783669712,cpu_utilisation,pod=workload-cloud-6f545f89ff-z7nvb,1.7390208024462566
1783669722,cpu_utilisation,pod=workload-cloud-6f545f89ff-z7nvb,1.927306426058149
1783669732,cpu_utilisation,pod=workload-cloud-6f545f89ff-z7nvb,1.987149753925475
1783669742,cpu_utilisation,pod=workload-cloud-6f545f89ff-z7nvb,1.987149753925475
1783669752,cpu_utilisation,pod=workload-cloud-6f545f89ff-z7nvb,1.9589688067489597
1783669762,cpu_utilisation,pod=workload-cloud-6f545f89ff-z7nvb,1.6876343835939784
1783669772,cpu_utilisation,pod=workload-cloud-6f545f89ff-z7nvb,1.964637332877915
1783669782,cpu_utilisation,pod=workload-cloud-6f545f89ff-z7nvb,1.9620413314062597
1783669792,cpu_utilisation,pod=workload-cloud-6f545f89ff-z7nvb,1.98278018013981
1783669802,cpu_utilisation,pod=workload-cloud-6f545f89ff-z7nvb,1.98278018013981
1783669812,cpu_utilisation,pod=workload-cloud-6f545f89ff-z7nvb,1.9959951890924001
1783669822,cpu_utilisation,pod=workload-cloud-6f545f89ff-z7nvb,1.941324675951629
1783669832,cpu_utilisation,pod=workload-cloud-6f545f89ff-z7nvb,1.8304675693299068
1783669842,cpu_utilisation,pod=workload-cloud-6f545f89ff-z7nvb,1.5263715715881347
1783669852,cpu_utilisation,pod=workload-cloud-6f545f89ff-z7nvb,0.9932571752239697
1783669862,cpu_utilisation,pod=workload-cloud-6f545f89ff-z7nvb,1.0022041171039053
1783669872,cpu_utilisation,pod=workload-cloud-6f545f89ff-z7nvb,0.7125267956917947
1783669882,cpu_utilisation,pod=workload-cloud-6f545f89ff-z7nvb,0.5957990289212578
1783669892,cpu_utilisation,pod=workload-cloud-6f545f89ff-z7nvb,0.5711201305160959
1783669902,cpu_utilisation,pod=workload-cloud-6f545f89ff-z7nvb,0.5700162026073723
1783669912,cpu_utilisation,pod=workload-cloud-6f545f89ff-z7nvb,0.5733793465902993
1783669922,cpu_utilisation,pod=workload-cloud-6f545f89ff-z7nvb,0.5756166810451083
1783669932,cpu_utilisation,pod=workload-cloud-6f545f89ff-z7nvb,0.5787916541277965
1783669942,cpu_utilisation,pod=workload-cloud-6f545f89ff-z7nvb,0.5757988136134864
1783669952,cpu_utilisation,pod=workload-cloud-6f545f89ff-z7nvb,0.5788835822809161
1783669962,cpu_utilisation,pod=workload-cloud-6f545f89ff-z7nvb,0.5746888152975105
1783669972,cpu_utilisation,pod=workload-cloud-6f545f89ff-z7nvb,0.461084551409097
1783669982,cpu_utilisation,pod=workload-cloud-6f545f89ff-z7nvb,0.5716430356923325
1783669992,cpu_utilisation,pod=workload-cloud-6f545f89ff-z7nvb,0.574274833077637
1783670002,cpu_utilisation,pod=workload-cloud-6f545f89ff-z7nvb,0.5755420370279429
1783670012,cpu_utilisation,pod=workload-cloud-6f545f89ff-z7nvb,0.46811391836091604
1783670022,cpu_utilisation,pod=workload-cloud-6f545f89ff-z7nvb,0.5739342020191976
1783670032,cpu_utilisation,pod=workload-cloud-6f545f89ff-z7nvb,0.5424890630349608
1783670042,cpu_utilisation,pod=workload-cloud-6f545f89ff-z7nvb,0.404241009986943
1783670052,cpu_utilisation,pod=workload-cloud-6f545f89ff-z7nvb,0.3691333118833122
1783670062,cpu_utilisation,pod=workload-cloud-6f545f89ff-z7nvb,0.1406212961192886
1783670072,cpu_utilisation,pod=workload-cloud-6f545f89ff-z7nvb,0.11760318597055099
1783670082,cpu_utilisation,pod=workload-cloud-6f545f89ff-z7nvb,0.0287868392328084
1783670092,cpu_utilisation,pod=workload-cloud-6f545f89ff-z7nvb,0.010956823456421164
1783670102,cpu_utilisation,pod=workload-cloud-6f545f89ff-z7nvb,0.0063973750000005936
1783670112,cpu_utilisation,pod=workload-cloud-6f545f89ff-z7nvb,0.010845770559616778
1783669472,cpu_utilisation,pod=workload-edge-7b875fd8c6-pxwvc,0.02637277901309702
1783669482,cpu_utilisation,pod=workload-edge-7b875fd8c6-pxwvc,0.025913293099135922
1783669492,cpu_utilisation,pod=workload-edge-7b875fd8c6-pxwvc,0.02141093962180053
1783669502,cpu_utilisation,pod=workload-edge-7b875fd8c6-pxwvc,0.02617608000999263
1783669512,cpu_utilisation,pod=workload-edge-7b875fd8c6-pxwvc,0.02631240845361358
1783669522,cpu_utilisation,pod=workload-edge-7b875fd8c6-pxwvc,0.02631240845361358
1783669532,cpu_utilisation,pod=workload-edge-7b875fd8c6-pxwvc,0.02649041599907235
1783669542,cpu_utilisation,pod=workload-edge-7b875fd8c6-pxwvc,0.026222875367376525
1783669552,cpu_utilisation,pod=workload-edge-7b875fd8c6-pxwvc,0.026433980902187206
1783669562,cpu_utilisation,pod=workload-edge-7b875fd8c6-pxwvc,0.02621000716604863
1783669572,cpu_utilisation,pod=workload-edge-7b875fd8c6-pxwvc,0.026304519295353115
1783669582,cpu_utilisation,pod=workload-edge-7b875fd8c6-pxwvc,0.0265887946227434
1783669592,cpu_utilisation,pod=workload-edge-7b875fd8c6-pxwvc,0.02635425163134595
1783669602,cpu_utilisation,pod=workload-edge-7b875fd8c6-pxwvc,0.02133405952059267
1783669612,cpu_utilisation,pod=workload-edge-7b875fd8c6-pxwvc,0.027090250734445945
1783669622,cpu_utilisation,pod=workload-edge-7b875fd8c6-pxwvc,0.021890081907683778
1783669632,cpu_utilisation,pod=workload-edge-7b875fd8c6-pxwvc,0.02662365196824912
1783669642,cpu_utilisation,pod=workload-edge-7b875fd8c6-pxwvc,0.026164833644597225
1783669652,cpu_utilisation,pod=workload-edge-7b875fd8c6-pxwvc,0.02549202644887415
1783669662,cpu_utilisation,pod=workload-edge-7b875fd8c6-pxwvc,0.02570236412572145
1783669672,cpu_utilisation,pod=workload-edge-7b875fd8c6-pxwvc,0.02548656772501308
1783669682,cpu_utilisation,pod=workload-edge-7b875fd8c6-pxwvc,0.026035778102651782
1783669692,cpu_utilisation,pod=workload-edge-7b875fd8c6-pxwvc,0.026739689825423373
1783669702,cpu_utilisation,pod=workload-edge-7b875fd8c6-pxwvc,0.027589402020303706
1783669712,cpu_utilisation,pod=workload-edge-7b875fd8c6-pxwvc,0.023179772567953
1783669722,cpu_utilisation,pod=workload-edge-7b875fd8c6-pxwvc,0.028274683638355447
1783669732,cpu_utilisation,pod=workload-edge-7b875fd8c6-pxwvc,0.027580103337144057
1783669742,cpu_utilisation,pod=workload-edge-7b875fd8c6-pxwvc,0.02781123360493012
1783669752,cpu_utilisation,pod=workload-edge-7b875fd8c6-pxwvc,0.027941578597262793
1783669762,cpu_utilisation,pod=workload-edge-7b875fd8c6-pxwvc,0.02760937499999972
1783669772,cpu_utilisation,pod=workload-edge-7b875fd8c6-pxwvc,0.0276428689746675
1783669782,cpu_utilisation,pod=workload-edge-7b875fd8c6-pxwvc,0.028117290233310815
1783669792,cpu_utilisation,pod=workload-edge-7b875fd8c6-pxwvc,0.022822639256016818
1783669802,cpu_utilisation,pod=workload-edge-7b875fd8c6-pxwvc,0.027438651627350426
1783669812,cpu_utilisation,pod=workload-edge-7b875fd8c6-pxwvc,0.02727592928220674
1783669822,cpu_utilisation,pod=workload-edge-7b875fd8c6-pxwvc,0.02747374621682003
1783669832,cpu_utilisation,pod=workload-edge-7b875fd8c6-pxwvc,0.027575464396272148
1783669842,cpu_utilisation,pod=workload-edge-7b875fd8c6-pxwvc,0.027633911577603112
1783669852,cpu_utilisation,pod=workload-edge-7b875fd8c6-pxwvc,0.02720720720721748
1783669862,cpu_utilisation,pod=workload-edge-7b875fd8c6-pxwvc,0.026879969373928354
1783669872,cpu_utilisation,pod=workload-edge-7b875fd8c6-pxwvc,0.026250816726532237
1783669882,cpu_utilisation,pod=workload-edge-7b875fd8c6-pxwvc,0.026501008156916306
1783669892,cpu_utilisation,pod=workload-edge-7b875fd8c6-pxwvc,0.026501008156916306
1783669902,cpu_utilisation,pod=workload-edge-7b875fd8c6-pxwvc,0.026312281519474793
1783669912,cpu_utilisation,pod=workload-edge-7b875fd8c6-pxwvc,0.02620135067535602
1783669922,cpu_utilisation,pod=workload-edge-7b875fd8c6-pxwvc,0.021754253650451572
1783669932,cpu_utilisation,pod=workload-edge-7b875fd8c6-pxwvc,0.025624123422135665
1783669942,cpu_utilisation,pod=workload-edge-7b875fd8c6-pxwvc,0.025729277725484567
1783669952,cpu_utilisation,pod=workload-edge-7b875fd8c6-pxwvc,0.025729277725484567
1783669962,cpu_utilisation,pod=workload-edge-7b875fd8c6-pxwvc,0.026538122656388323
1783669972,cpu_utilisation,pod=workload-edge-7b875fd8c6-pxwvc,0.021819750247027737
1783669982,cpu_utilisation,pod=workload-edge-7b875fd8c6-pxwvc,0.026659041731068957
1783669992,cpu_utilisation,pod=workload-edge-7b875fd8c6-pxwvc,0.022355303655078273
1783670002,cpu_utilisation,pod=workload-edge-7b875fd8c6-pxwvc,0.026428736073799895
1783670012,cpu_utilisation,pod=workload-edge-7b875fd8c6-pxwvc,0.02613129336417008
1783670022,cpu_utilisation,pod=workload-edge-7b875fd8c6-pxwvc,0.025958333333318664
1783670032,cpu_utilisation,pod=workload-edge-7b875fd8c6-pxwvc,0.025958333333318664
1783670042,cpu_utilisation,pod=workload-edge-7b875fd8c6-pxwvc,0.026319471135363773
1783670052,cpu_utilisation,pod=workload-edge-7b875fd8c6-pxwvc,0.026391793290169913
1783670062,cpu_utilisation,pod=workload-edge-7b875fd8c6-pxwvc,0.022445381892560394
1783670072,cpu_utilisation,pod=workload-edge-7b875fd8c6-pxwvc,0.027453256116291343
1783670082,cpu_utilisation,pod=workload-edge-7b875fd8c6-pxwvc,0.0271737180263991
1783670092,cpu_utilisation,pod=workload-edge-7b875fd8c6-pxwvc,0.02681821666791715
1783670102,cpu_utilisation,pod=workload-edge-7b875fd8c6-pxwvc,0.02176298491557004
1783670112,cpu_utilisation,pod=workload-edge-7b875fd8c6-pxwvc,0.01618129350417825
1783669632,mem_mib,pod=workload-cloud-6f545f89ff-6q5dl,3.57421875
1783669642,mem_mib,pod=workload-cloud-6f545f89ff-6q5dl,35.1328125
1783669652,mem_mib,pod=workload-cloud-6f545f89ff-6q5dl,35.25390625
1783669662,mem_mib,pod=workload-cloud-6f545f89ff-6q5dl,35.25390625
1783669672,mem_mib,pod=workload-cloud-6f545f89ff-6q5dl,35.99609375
1783669682,mem_mib,pod=workload-cloud-6f545f89ff-6q5dl,36.58984375
1783669692,mem_mib,pod=workload-cloud-6f545f89ff-6q5dl,36.58984375
1783669702,mem_mib,pod=workload-cloud-6f545f89ff-6q5dl,36.8125
1783669712,mem_mib,pod=workload-cloud-6f545f89ff-6q5dl,36.8125
1783669722,mem_mib,pod=workload-cloud-6f545f89ff-6q5dl,36.89453125
1783669732,mem_mib,pod=workload-cloud-6f545f89ff-6q5dl,37.18359375
1783669742,mem_mib,pod=workload-cloud-6f545f89ff-6q5dl,37.18359375
1783669752,mem_mib,pod=workload-cloud-6f545f89ff-6q5dl,37.0234375
1783669762,mem_mib,pod=workload-cloud-6f545f89ff-6q5dl,37.296875
1783669772,mem_mib,pod=workload-cloud-6f545f89ff-6q5dl,37.296875
1783669782,mem_mib,pod=workload-cloud-6f545f89ff-6q5dl,37.03125
1783669792,mem_mib,pod=workload-cloud-6f545f89ff-6q5dl,37.03125
1783669802,mem_mib,pod=workload-cloud-6f545f89ff-6q5dl,37.07421875
1783669812,mem_mib,pod=workload-cloud-6f545f89ff-6q5dl,37.12109375
1783669822,mem_mib,pod=workload-cloud-6f545f89ff-6q5dl,37.12109375
1783669832,mem_mib,pod=workload-cloud-6f545f89ff-6q5dl,37.2265625
1783669842,mem_mib,pod=workload-cloud-6f545f89ff-6q5dl,37.2265625
1783669852,mem_mib,pod=workload-cloud-6f545f89ff-6q5dl,36.6328125
1783669862,mem_mib,pod=workload-cloud-6f545f89ff-6q5dl,36.578125
1783669872,mem_mib,pod=workload-cloud-6f545f89ff-6q5dl,36.578125
1783669882,mem_mib,pod=workload-cloud-6f545f89ff-6q5dl,36.609375
1783669892,mem_mib,pod=workload-cloud-6f545f89ff-6q5dl,36.609375
1783669902,mem_mib,pod=workload-cloud-6f545f89ff-6q5dl,36.57421875
1783669912,mem_mib,pod=workload-cloud-6f545f89ff-6q5dl,36.58203125
1783669922,mem_mib,pod=workload-cloud-6f545f89ff-6q5dl,36.61328125
1783669932,mem_mib,pod=workload-cloud-6f545f89ff-6q5dl,36.61328125
1783669942,mem_mib,pod=workload-cloud-6f545f89ff-6q5dl,36.6171875
1783669952,mem_mib,pod=workload-cloud-6f545f89ff-6q5dl,36.6171875
1783669962,mem_mib,pod=workload-cloud-6f545f89ff-6q5dl,36.86328125
1783669972,mem_mib,pod=workload-cloud-6f545f89ff-6q5dl,36.64453125
1783669982,mem_mib,pod=workload-cloud-6f545f89ff-6q5dl,36.64453125
1783669992,mem_mib,pod=workload-cloud-6f545f89ff-6q5dl,36.609375
1783670002,mem_mib,pod=workload-cloud-6f545f89ff-6q5dl,36.62109375
1783670012,mem_mib,pod=workload-cloud-6f545f89ff-6q5dl,36.62109375
1783670022,mem_mib,pod=workload-cloud-6f545f89ff-6q5dl,36.62109375
1783670032,mem_mib,pod=workload-cloud-6f545f89ff-6q5dl,36.6171875
1783670042,mem_mib,pod=workload-cloud-6f545f89ff-6q5dl,36.6171875
1783670052,mem_mib,pod=workload-cloud-6f545f89ff-6q5dl,36.6171875
1783670062,mem_mib,pod=workload-cloud-6f545f89ff-6q5dl,36.6171875
1783670072,mem_mib,pod=workload-cloud-6f545f89ff-6q5dl,36.6171875
1783670082,mem_mib,pod=workload-cloud-6f545f89ff-6q5dl,36.6171875
1783670092,mem_mib,pod=workload-cloud-6f545f89ff-6q5dl,36.6171875
1783670102,mem_mib,pod=workload-cloud-6f545f89ff-6q5dl,36.6171875
1783670112,mem_mib,pod=workload-cloud-6f545f89ff-6q5dl,36.6171875
1783669672,mem_mib,pod=workload-cloud-6f545f89ff-fgpnb,2.9375
1783669682,mem_mib,pod=workload-cloud-6f545f89ff-fgpnb,2.9375
1783669692,mem_mib,pod=workload-cloud-6f545f89ff-fgpnb,36.8671875
1783669702,mem_mib,pod=workload-cloud-6f545f89ff-fgpnb,36.8671875
1783669712,mem_mib,pod=workload-cloud-6f545f89ff-fgpnb,37.1171875
1783669722,mem_mib,pod=workload-cloud-6f545f89ff-fgpnb,37.671875
1783669732,mem_mib,pod=workload-cloud-6f545f89ff-fgpnb,37.7109375
1783669742,mem_mib,pod=workload-cloud-6f545f89ff-fgpnb,37.7109375
1783669752,mem_mib,pod=workload-cloud-6f545f89ff-fgpnb,37.28125
1783669762,mem_mib,pod=workload-cloud-6f545f89ff-fgpnb,37.28125
1783669772,mem_mib,pod=workload-cloud-6f545f89ff-fgpnb,37.5
1783669782,mem_mib,pod=workload-cloud-6f545f89ff-fgpnb,37.26171875
1783669792,mem_mib,pod=workload-cloud-6f545f89ff-fgpnb,37.26171875
1783669802,mem_mib,pod=workload-cloud-6f545f89ff-fgpnb,37.3359375
1783669812,mem_mib,pod=workload-cloud-6f545f89ff-fgpnb,37.08203125
1783669822,mem_mib,pod=workload-cloud-6f545f89ff-fgpnb,37.08203125
1783669832,mem_mib,pod=workload-cloud-6f545f89ff-fgpnb,36.703125
1783669842,mem_mib,pod=workload-cloud-6f545f89ff-fgpnb,36.60546875
1783669852,mem_mib,pod=workload-cloud-6f545f89ff-fgpnb,36.6171875
1783669862,mem_mib,pod=workload-cloud-6f545f89ff-fgpnb,36.6171875
1783669872,mem_mib,pod=workload-cloud-6f545f89ff-fgpnb,36.61328125
1783669882,mem_mib,pod=workload-cloud-6f545f89ff-fgpnb,36.61328125
1783669892,mem_mib,pod=workload-cloud-6f545f89ff-fgpnb,36.61328125
1783669902,mem_mib,pod=workload-cloud-6f545f89ff-fgpnb,36.61328125
1783669912,mem_mib,pod=workload-cloud-6f545f89ff-fgpnb,36.61328125
1783669922,mem_mib,pod=workload-cloud-6f545f89ff-fgpnb,36.61328125
1783669932,mem_mib,pod=workload-cloud-6f545f89ff-fgpnb,36.61328125
1783669942,mem_mib,pod=workload-cloud-6f545f89ff-fgpnb,36.61328125
1783669952,mem_mib,pod=workload-cloud-6f545f89ff-fgpnb,36.61328125
1783669962,mem_mib,pod=workload-cloud-6f545f89ff-fgpnb,36.61328125
1783669972,mem_mib,pod=workload-cloud-6f545f89ff-fgpnb,36.61328125
1783669982,mem_mib,pod=workload-cloud-6f545f89ff-fgpnb,36.61328125
1783669992,mem_mib,pod=workload-cloud-6f545f89ff-fgpnb,36.61328125
1783670002,mem_mib,pod=workload-cloud-6f545f89ff-fgpnb,36.61328125
1783670012,mem_mib,pod=workload-cloud-6f545f89ff-fgpnb,36.61328125
1783670022,mem_mib,pod=workload-cloud-6f545f89ff-fgpnb,36.61328125
1783670032,mem_mib,pod=workload-cloud-6f545f89ff-fgpnb,36.61328125
1783670042,mem_mib,pod=workload-cloud-6f545f89ff-fgpnb,36.61328125
1783670052,mem_mib,pod=workload-cloud-6f545f89ff-fgpnb,36.61328125
1783670062,mem_mib,pod=workload-cloud-6f545f89ff-fgpnb,36.61328125
1783670072,mem_mib,pod=workload-cloud-6f545f89ff-fgpnb,36.61328125
1783670082,mem_mib,pod=workload-cloud-6f545f89ff-fgpnb,36.61328125
1783670092,mem_mib,pod=workload-cloud-6f545f89ff-fgpnb,36.61328125
1783670102,mem_mib,pod=workload-cloud-6f545f89ff-fgpnb,36.61328125
1783670112,mem_mib,pod=workload-cloud-6f545f89ff-fgpnb,36.61328125
1783669612,mem_mib,pod=workload-cloud-6f545f89ff-pfdh2,3.68359375
1783669622,mem_mib,pod=workload-cloud-6f545f89ff-pfdh2,35.140625
1783669632,mem_mib,pod=workload-cloud-6f545f89ff-pfdh2,35.140625
1783669642,mem_mib,pod=workload-cloud-6f545f89ff-pfdh2,35.15234375
1783669652,mem_mib,pod=workload-cloud-6f545f89ff-pfdh2,35.1640625
1783669662,mem_mib,pod=workload-cloud-6f545f89ff-pfdh2,35.1640625
1783669672,mem_mib,pod=workload-cloud-6f545f89ff-pfdh2,35.24609375
1783669682,mem_mib,pod=workload-cloud-6f545f89ff-pfdh2,36.36328125
1783669692,mem_mib,pod=workload-cloud-6f545f89ff-pfdh2,36.36328125
1783669702,mem_mib,pod=workload-cloud-6f545f89ff-pfdh2,37.0234375
1783669712,mem_mib,pod=workload-cloud-6f545f89ff-pfdh2,37.0234375
1783669722,mem_mib,pod=workload-cloud-6f545f89ff-pfdh2,37.18359375
1783669732,mem_mib,pod=workload-cloud-6f545f89ff-pfdh2,37.18359375
1783669742,mem_mib,pod=workload-cloud-6f545f89ff-pfdh2,37.2265625
1783669752,mem_mib,pod=workload-cloud-6f545f89ff-pfdh2,37.515625
1783669762,mem_mib,pod=workload-cloud-6f545f89ff-pfdh2,37.515625
1783669772,mem_mib,pod=workload-cloud-6f545f89ff-pfdh2,37.33203125
1783669782,mem_mib,pod=workload-cloud-6f545f89ff-pfdh2,37.8203125
1783669792,mem_mib,pod=workload-cloud-6f545f89ff-pfdh2,37.8203125
1783669802,mem_mib,pod=workload-cloud-6f545f89ff-pfdh2,37.57421875
1783669812,mem_mib,pod=workload-cloud-6f545f89ff-pfdh2,37.33203125
1783669822,mem_mib,pod=workload-cloud-6f545f89ff-pfdh2,37.33203125
1783669832,mem_mib,pod=workload-cloud-6f545f89ff-pfdh2,37.2734375
1783669842,mem_mib,pod=workload-cloud-6f545f89ff-pfdh2,37.2734375
1783669852,mem_mib,pod=workload-cloud-6f545f89ff-pfdh2,36.99609375
1783669862,mem_mib,pod=workload-cloud-6f545f89ff-pfdh2,36.75
1783669872,mem_mib,pod=workload-cloud-6f545f89ff-pfdh2,36.75
1783669882,mem_mib,pod=workload-cloud-6f545f89ff-pfdh2,36.75
1783669892,mem_mib,pod=workload-cloud-6f545f89ff-pfdh2,36.75
1783669902,mem_mib,pod=workload-cloud-6f545f89ff-pfdh2,36.75
1783669912,mem_mib,pod=workload-cloud-6f545f89ff-pfdh2,36.75
1783669922,mem_mib,pod=workload-cloud-6f545f89ff-pfdh2,36.75
1783669932,mem_mib,pod=workload-cloud-6f545f89ff-pfdh2,36.75
1783669942,mem_mib,pod=workload-cloud-6f545f89ff-pfdh2,36.75
1783669952,mem_mib,pod=workload-cloud-6f545f89ff-pfdh2,36.75
1783669962,mem_mib,pod=workload-cloud-6f545f89ff-pfdh2,36.75
1783669972,mem_mib,pod=workload-cloud-6f545f89ff-pfdh2,36.75
1783669982,mem_mib,pod=workload-cloud-6f545f89ff-pfdh2,36.75
1783669992,mem_mib,pod=workload-cloud-6f545f89ff-pfdh2,36.75
1783670002,mem_mib,pod=workload-cloud-6f545f89ff-pfdh2,36.75
1783670012,mem_mib,pod=workload-cloud-6f545f89ff-pfdh2,36.75
1783670022,mem_mib,pod=workload-cloud-6f545f89ff-pfdh2,36.75
1783670032,mem_mib,pod=workload-cloud-6f545f89ff-pfdh2,36.75
1783670042,mem_mib,pod=workload-cloud-6f545f89ff-pfdh2,36.75
1783670052,mem_mib,pod=workload-cloud-6f545f89ff-pfdh2,36.75
1783670062,mem_mib,pod=workload-cloud-6f545f89ff-pfdh2,36.75
1783670072,mem_mib,pod=workload-cloud-6f545f89ff-pfdh2,36.75
1783670082,mem_mib,pod=workload-cloud-6f545f89ff-pfdh2,36.75
1783670092,mem_mib,pod=workload-cloud-6f545f89ff-pfdh2,36.75
1783670102,mem_mib,pod=workload-cloud-6f545f89ff-pfdh2,36.75
1783670112,mem_mib,pod=workload-cloud-6f545f89ff-pfdh2,36.75
1783669572,mem_mib,pod=workload-cloud-6f545f89ff-prsjj,2.91015625
1783669582,mem_mib,pod=workload-cloud-6f545f89ff-prsjj,35.21484375
1783669592,mem_mib,pod=workload-cloud-6f545f89ff-prsjj,35.28515625
1783669602,mem_mib,pod=workload-cloud-6f545f89ff-prsjj,35.28515625
1783669612,mem_mib,pod=workload-cloud-6f545f89ff-prsjj,35.57421875
1783669622,mem_mib,pod=workload-cloud-6f545f89ff-prsjj,35.57421875
1783669632,mem_mib,pod=workload-cloud-6f545f89ff-prsjj,35.4375
1783669642,mem_mib,pod=workload-cloud-6f545f89ff-prsjj,35.47265625
1783669652,mem_mib,pod=workload-cloud-6f545f89ff-prsjj,35.47265625
1783669662,mem_mib,pod=workload-cloud-6f545f89ff-prsjj,36.0234375
1783669672,mem_mib,pod=workload-cloud-6f545f89ff-prsjj,36.02734375
1783669682,mem_mib,pod=workload-cloud-6f545f89ff-prsjj,36.02734375
1783669692,mem_mib,pod=workload-cloud-6f545f89ff-prsjj,37.24609375
1783669702,mem_mib,pod=workload-cloud-6f545f89ff-prsjj,37.16796875
1783669712,mem_mib,pod=workload-cloud-6f545f89ff-prsjj,37.16796875
1783669722,mem_mib,pod=workload-cloud-6f545f89ff-prsjj,37.43359375
1783669732,mem_mib,pod=workload-cloud-6f545f89ff-prsjj,37.43359375
1783669742,mem_mib,pod=workload-cloud-6f545f89ff-prsjj,37.20703125
1783669752,mem_mib,pod=workload-cloud-6f545f89ff-prsjj,37.71875
1783669762,mem_mib,pod=workload-cloud-6f545f89ff-prsjj,37.71875
1783669772,mem_mib,pod=workload-cloud-6f545f89ff-prsjj,37.46484375
1783669782,mem_mib,pod=workload-cloud-6f545f89ff-prsjj,37.21875
1783669792,mem_mib,pod=workload-cloud-6f545f89ff-prsjj,37.2421875
1783669802,mem_mib,pod=workload-cloud-6f545f89ff-prsjj,37.2421875
1783669812,mem_mib,pod=workload-cloud-6f545f89ff-prsjj,37.765625
1783669822,mem_mib,pod=workload-cloud-6f545f89ff-prsjj,37.4921875
1783669832,mem_mib,pod=workload-cloud-6f545f89ff-prsjj,37.4921875
1783669842,mem_mib,pod=workload-cloud-6f545f89ff-prsjj,36.94921875
1783669852,mem_mib,pod=workload-cloud-6f545f89ff-prsjj,36.72265625
1783669862,mem_mib,pod=workload-cloud-6f545f89ff-prsjj,36.72265625
1783669872,mem_mib,pod=workload-cloud-6f545f89ff-prsjj,36.9765625
1783669882,mem_mib,pod=workload-cloud-6f545f89ff-prsjj,36.9765625
1783669892,mem_mib,pod=workload-cloud-6f545f89ff-prsjj,36.7578125
1783669902,mem_mib,pod=workload-cloud-6f545f89ff-prsjj,36.7578125
1783669912,mem_mib,pod=workload-cloud-6f545f89ff-prsjj,36.7890625
1783669922,mem_mib,pod=workload-cloud-6f545f89ff-prsjj,37.01171875
1783669932,mem_mib,pod=workload-cloud-6f545f89ff-prsjj,36.7578125
1783669942,mem_mib,pod=workload-cloud-6f545f89ff-prsjj,36.7578125
1783669952,mem_mib,pod=workload-cloud-6f545f89ff-prsjj,36.7578125
1783669962,mem_mib,pod=workload-cloud-6f545f89ff-prsjj,36.765625
1783669972,mem_mib,pod=workload-cloud-6f545f89ff-prsjj,37.01171875
1783669982,mem_mib,pod=workload-cloud-6f545f89ff-prsjj,36.765625
1783669992,mem_mib,pod=workload-cloud-6f545f89ff-prsjj,36.765625
1783670002,mem_mib,pod=workload-cloud-6f545f89ff-prsjj,36.765625
1783670012,mem_mib,pod=workload-cloud-6f545f89ff-prsjj,37.0078125
1783670022,mem_mib,pod=workload-cloud-6f545f89ff-prsjj,36.765625
1783670032,mem_mib,pod=workload-cloud-6f545f89ff-prsjj,36.765625
1783670042,mem_mib,pod=workload-cloud-6f545f89ff-prsjj,36.734375
1783670052,mem_mib,pod=workload-cloud-6f545f89ff-prsjj,36.734375
1783670062,mem_mib,pod=workload-cloud-6f545f89ff-prsjj,36.734375
1783670072,mem_mib,pod=workload-cloud-6f545f89ff-prsjj,36.734375
1783670082,mem_mib,pod=workload-cloud-6f545f89ff-prsjj,36.734375
1783670092,mem_mib,pod=workload-cloud-6f545f89ff-prsjj,36.734375
1783670102,mem_mib,pod=workload-cloud-6f545f89ff-prsjj,36.73046875
1783670112,mem_mib,pod=workload-cloud-6f545f89ff-prsjj,36.73046875
1783669472,mem_mib,pod=workload-cloud-6f545f89ff-r28zz,39.640625
1783669482,mem_mib,pod=workload-cloud-6f545f89ff-r28zz,39.640625
1783669492,mem_mib,pod=workload-cloud-6f545f89ff-r28zz,39.640625
1783669502,mem_mib,pod=workload-cloud-6f545f89ff-r28zz,40.171875
1783669512,mem_mib,pod=workload-cloud-6f545f89ff-r28zz,40.171875
1783669522,mem_mib,pod=workload-cloud-6f545f89ff-r28zz,39.99609375
1783669532,mem_mib,pod=workload-cloud-6f545f89ff-r28zz,40.56640625
1783669542,mem_mib,pod=workload-cloud-6f545f89ff-r28zz,40.078125
1783669552,mem_mib,pod=workload-cloud-6f545f89ff-r28zz,40.078125
1783669562,mem_mib,pod=workload-cloud-6f545f89ff-r28zz,40.21875
1783669572,mem_mib,pod=workload-cloud-6f545f89ff-r28zz,40.21875
1783669582,mem_mib,pod=workload-cloud-6f545f89ff-r28zz,40.42578125
1783669592,mem_mib,pod=workload-cloud-6f545f89ff-r28zz,40.94921875
1783669602,mem_mib,pod=workload-cloud-6f545f89ff-r28zz,40.2578125
1783669612,mem_mib,pod=workload-cloud-6f545f89ff-r28zz,40.27734375
1783669622,mem_mib,pod=workload-cloud-6f545f89ff-r28zz,40.27734375
1783669632,mem_mib,pod=workload-cloud-6f545f89ff-r28zz,40.37109375
1783669642,mem_mib,pod=workload-cloud-6f545f89ff-r28zz,40.37109375
1783669652,mem_mib,pod=workload-cloud-6f545f89ff-r28zz,40.3828125
1783669662,mem_mib,pod=workload-cloud-6f545f89ff-r28zz,40.4140625
1783669672,mem_mib,pod=workload-cloud-6f545f89ff-r28zz,40.5546875
1783669682,mem_mib,pod=workload-cloud-6f545f89ff-r28zz,40.83984375
1783669692,mem_mib,pod=workload-cloud-6f545f89ff-r28zz,40.78515625
1783669702,mem_mib,pod=workload-cloud-6f545f89ff-r28zz,40.78515625
1783669712,mem_mib,pod=workload-cloud-6f545f89ff-r28zz,40.78125
1783669722,mem_mib,pod=workload-cloud-6f545f89ff-r28zz,40.78125
1783669732,mem_mib,pod=workload-cloud-6f545f89ff-r28zz,41.53515625
1783669742,mem_mib,pod=workload-cloud-6f545f89ff-r28zz,40.80078125
1783669752,mem_mib,pod=workload-cloud-6f545f89ff-r28zz,40.80078125
1783669762,mem_mib,pod=workload-cloud-6f545f89ff-r28zz,41.07421875
1783669772,mem_mib,pod=workload-cloud-6f545f89ff-r28zz,40.796875
1783669782,mem_mib,pod=workload-cloud-6f545f89ff-r28zz,40.796875
1783669792,mem_mib,pod=workload-cloud-6f545f89ff-r28zz,41.0390625
1783669802,mem_mib,pod=workload-cloud-6f545f89ff-r28zz,40.796875
1783669812,mem_mib,pod=workload-cloud-6f545f89ff-r28zz,40.796875
1783669822,mem_mib,pod=workload-cloud-6f545f89ff-r28zz,40.70703125
1783669832,mem_mib,pod=workload-cloud-6f545f89ff-r28zz,40.61328125
1783669842,mem_mib,pod=workload-cloud-6f545f89ff-r28zz,40.61328125
1783669852,mem_mib,pod=workload-cloud-6f545f89ff-r28zz,40.25
1783669862,mem_mib,pod=workload-cloud-6f545f89ff-r28zz,40.25
1783669872,mem_mib,pod=workload-cloud-6f545f89ff-r28zz,40.18359375
1783669882,mem_mib,pod=workload-cloud-6f545f89ff-r28zz,40.18359375
1783669892,mem_mib,pod=workload-cloud-6f545f89ff-r28zz,40.46484375
1783669902,mem_mib,pod=workload-cloud-6f545f89ff-r28zz,40.46484375
1783669912,mem_mib,pod=workload-cloud-6f545f89ff-r28zz,40.6953125
1783669922,mem_mib,pod=workload-cloud-6f545f89ff-r28zz,40.1875
1783669932,mem_mib,pod=workload-cloud-6f545f89ff-r28zz,40.1875
1783669942,mem_mib,pod=workload-cloud-6f545f89ff-r28zz,40.71484375
1783669952,mem_mib,pod=workload-cloud-6f545f89ff-r28zz,40.703125
1783669962,mem_mib,pod=workload-cloud-6f545f89ff-r28zz,40.4609375
1783669972,mem_mib,pod=workload-cloud-6f545f89ff-r28zz,40.4609375
1783669982,mem_mib,pod=workload-cloud-6f545f89ff-r28zz,40.4296875
1783669992,mem_mib,pod=workload-cloud-6f545f89ff-r28zz,40.4296875
1783670002,mem_mib,pod=workload-cloud-6f545f89ff-r28zz,41.6953125
1783670012,mem_mib,pod=workload-cloud-6f545f89ff-r28zz,41.6953125
1783670022,mem_mib,pod=workload-cloud-6f545f89ff-r28zz,40.421875
1783670032,mem_mib,pod=workload-cloud-6f545f89ff-r28zz,40.88671875
1783670042,mem_mib,pod=workload-cloud-6f545f89ff-r28zz,40.88671875
1783670052,mem_mib,pod=workload-cloud-6f545f89ff-r28zz,39.89453125
1783670062,mem_mib,pod=workload-cloud-6f545f89ff-r28zz,39.89453125
1783670072,mem_mib,pod=workload-cloud-6f545f89ff-r28zz,39.64453125
1783670082,mem_mib,pod=workload-cloud-6f545f89ff-r28zz,39.64453125
1783670092,mem_mib,pod=workload-cloud-6f545f89ff-r28zz,39.64453125
1783670102,mem_mib,pod=workload-cloud-6f545f89ff-r28zz,39.64453125
1783670112,mem_mib,pod=workload-cloud-6f545f89ff-r28zz,39.6484375
1783669552,mem_mib,pod=workload-cloud-6f545f89ff-z7nvb,3.09375
1783669562,mem_mib,pod=workload-cloud-6f545f89ff-z7nvb,36.10546875
1783669572,mem_mib,pod=workload-cloud-6f545f89ff-z7nvb,36.10546875
1783669582,mem_mib,pod=workload-cloud-6f545f89ff-z7nvb,36.1796875
1783669592,mem_mib,pod=workload-cloud-6f545f89ff-z7nvb,36.24609375
1783669602,mem_mib,pod=workload-cloud-6f545f89ff-z7nvb,36.24609375
1783669612,mem_mib,pod=workload-cloud-6f545f89ff-z7nvb,36.19140625
1783669622,mem_mib,pod=workload-cloud-6f545f89ff-z7nvb,36.19140625
1783669632,mem_mib,pod=workload-cloud-6f545f89ff-z7nvb,36.5078125
1783669642,mem_mib,pod=workload-cloud-6f545f89ff-z7nvb,36.3046875
1783669652,mem_mib,pod=workload-cloud-6f545f89ff-z7nvb,36.3046875
1783669662,mem_mib,pod=workload-cloud-6f545f89ff-z7nvb,36.44921875
1783669672,mem_mib,pod=workload-cloud-6f545f89ff-z7nvb,37.44921875
1783669682,mem_mib,pod=workload-cloud-6f545f89ff-z7nvb,37.44921875
1783669692,mem_mib,pod=workload-cloud-6f545f89ff-z7nvb,38.25
1783669702,mem_mib,pod=workload-cloud-6f545f89ff-z7nvb,38.12109375
1783669712,mem_mib,pod=workload-cloud-6f545f89ff-z7nvb,38.12109375
1783669722,mem_mib,pod=workload-cloud-6f545f89ff-z7nvb,38.1796875
1783669732,mem_mib,pod=workload-cloud-6f545f89ff-z7nvb,38.203125
1783669742,mem_mib,pod=workload-cloud-6f545f89ff-z7nvb,38.203125
1783669752,mem_mib,pod=workload-cloud-6f545f89ff-z7nvb,38.2421875
1783669762,mem_mib,pod=workload-cloud-6f545f89ff-z7nvb,38.26171875
1783669772,mem_mib,pod=workload-cloud-6f545f89ff-z7nvb,38.26171875
1783669782,mem_mib,pod=workload-cloud-6f545f89ff-z7nvb,38.55078125
1783669792,mem_mib,pod=workload-cloud-6f545f89ff-z7nvb,38.625
1783669802,mem_mib,pod=workload-cloud-6f545f89ff-z7nvb,38.625
1783669812,mem_mib,pod=workload-cloud-6f545f89ff-z7nvb,38.62890625
1783669822,mem_mib,pod=workload-cloud-6f545f89ff-z7nvb,38.3359375
1783669832,mem_mib,pod=workload-cloud-6f545f89ff-z7nvb,38.26953125
1783669842,mem_mib,pod=workload-cloud-6f545f89ff-z7nvb,37.8984375
1783669852,mem_mib,pod=workload-cloud-6f545f89ff-z7nvb,37.8203125
1783669862,mem_mib,pod=workload-cloud-6f545f89ff-z7nvb,37.828125
1783669872,mem_mib,pod=workload-cloud-6f545f89ff-z7nvb,37.828125
1783669882,mem_mib,pod=workload-cloud-6f545f89ff-z7nvb,38.02734375
1783669892,mem_mib,pod=workload-cloud-6f545f89ff-z7nvb,37.984375
1783669902,mem_mib,pod=workload-cloud-6f545f89ff-z7nvb,37.984375
1783669912,mem_mib,pod=workload-cloud-6f545f89ff-z7nvb,38.01953125
1783669922,mem_mib,pod=workload-cloud-6f545f89ff-z7nvb,38.01953125
1783669932,mem_mib,pod=workload-cloud-6f545f89ff-z7nvb,37.80078125
1783669942,mem_mib,pod=workload-cloud-6f545f89ff-z7nvb,37.80078125
1783669952,mem_mib,pod=workload-cloud-6f545f89ff-z7nvb,37.80078125
1783669962,mem_mib,pod=workload-cloud-6f545f89ff-z7nvb,37.73828125
1783669972,mem_mib,pod=workload-cloud-6f545f89ff-z7nvb,37.73828125
1783669982,mem_mib,pod=workload-cloud-6f545f89ff-z7nvb,38.01953125
1783669992,mem_mib,pod=workload-cloud-6f545f89ff-z7nvb,38.27734375
1783670002,mem_mib,pod=workload-cloud-6f545f89ff-z7nvb,38.30859375
1783670012,mem_mib,pod=workload-cloud-6f545f89ff-z7nvb,38.30859375
1783670022,mem_mib,pod=workload-cloud-6f545f89ff-z7nvb,38.28125
1783670032,mem_mib,pod=workload-cloud-6f545f89ff-z7nvb,37.78125
1783670042,mem_mib,pod=workload-cloud-6f545f89ff-z7nvb,37.69921875
1783670052,mem_mib,pod=workload-cloud-6f545f89ff-z7nvb,37.69921875
1783670062,mem_mib,pod=workload-cloud-6f545f89ff-z7nvb,37.95703125
1783670072,mem_mib,pod=workload-cloud-6f545f89ff-z7nvb,37.69921875
1783670082,mem_mib,pod=workload-cloud-6f545f89ff-z7nvb,37.69921875
1783670092,mem_mib,pod=workload-cloud-6f545f89ff-z7nvb,37.69921875
1783670102,mem_mib,pod=workload-cloud-6f545f89ff-z7nvb,37.69921875
1783670112,mem_mib,pod=workload-cloud-6f545f89ff-z7nvb,37.69921875
1783669472,mem_mib,pod=workload-edge-7b875fd8c6-pxwvc,39.26171875
1783669482,mem_mib,pod=workload-edge-7b875fd8c6-pxwvc,39.26171875
1783669492,mem_mib,pod=workload-edge-7b875fd8c6-pxwvc,39.26171875
1783669502,mem_mib,pod=workload-edge-7b875fd8c6-pxwvc,39.26171875
1783669512,mem_mib,pod=workload-edge-7b875fd8c6-pxwvc,39.26171875
1783669522,mem_mib,pod=workload-edge-7b875fd8c6-pxwvc,39.26171875
1783669532,mem_mib,pod=workload-edge-7b875fd8c6-pxwvc,39.26171875
1783669542,mem_mib,pod=workload-edge-7b875fd8c6-pxwvc,39.26171875
1783669552,mem_mib,pod=workload-edge-7b875fd8c6-pxwvc,39.26171875
1783669562,mem_mib,pod=workload-edge-7b875fd8c6-pxwvc,39.26171875
1783669572,mem_mib,pod=workload-edge-7b875fd8c6-pxwvc,39.26171875
1783669582,mem_mib,pod=workload-edge-7b875fd8c6-pxwvc,39.26171875
1783669592,mem_mib,pod=workload-edge-7b875fd8c6-pxwvc,39.26171875
1783669602,mem_mib,pod=workload-edge-7b875fd8c6-pxwvc,39.26171875
1783669612,mem_mib,pod=workload-edge-7b875fd8c6-pxwvc,39.26171875
1783669622,mem_mib,pod=workload-edge-7b875fd8c6-pxwvc,39.26171875
1783669632,mem_mib,pod=workload-edge-7b875fd8c6-pxwvc,39.26171875
1783669642,mem_mib,pod=workload-edge-7b875fd8c6-pxwvc,39.26171875
1783669652,mem_mib,pod=workload-edge-7b875fd8c6-pxwvc,39.26171875
1783669662,mem_mib,pod=workload-edge-7b875fd8c6-pxwvc,39.26171875
1783669672,mem_mib,pod=workload-edge-7b875fd8c6-pxwvc,39.26171875
1783669682,mem_mib,pod=workload-edge-7b875fd8c6-pxwvc,39.26171875
1783669692,mem_mib,pod=workload-edge-7b875fd8c6-pxwvc,39.26171875
1783669702,mem_mib,pod=workload-edge-7b875fd8c6-pxwvc,39.26171875
1783669712,mem_mib,pod=workload-edge-7b875fd8c6-pxwvc,39.26171875
1783669722,mem_mib,pod=workload-edge-7b875fd8c6-pxwvc,39.265625
1783669732,mem_mib,pod=workload-edge-7b875fd8c6-pxwvc,39.26171875
1783669742,mem_mib,pod=workload-edge-7b875fd8c6-pxwvc,39.26171875
1783669752,mem_mib,pod=workload-edge-7b875fd8c6-pxwvc,39.265625
1783669762,mem_mib,pod=workload-edge-7b875fd8c6-pxwvc,39.265625
1783669772,mem_mib,pod=workload-edge-7b875fd8c6-pxwvc,39.26171875
1783669782,mem_mib,pod=workload-edge-7b875fd8c6-pxwvc,39.26171875
1783669792,mem_mib,pod=workload-edge-7b875fd8c6-pxwvc,39.26171875
1783669802,mem_mib,pod=workload-edge-7b875fd8c6-pxwvc,39.26171875
1783669812,mem_mib,pod=workload-edge-7b875fd8c6-pxwvc,39.26171875
1783669822,mem_mib,pod=workload-edge-7b875fd8c6-pxwvc,39.26171875
1783669832,mem_mib,pod=workload-edge-7b875fd8c6-pxwvc,39.26171875
1783669842,mem_mib,pod=workload-edge-7b875fd8c6-pxwvc,39.26171875
1783669852,mem_mib,pod=workload-edge-7b875fd8c6-pxwvc,39.26171875
1783669862,mem_mib,pod=workload-edge-7b875fd8c6-pxwvc,39.26171875
1783669872,mem_mib,pod=workload-edge-7b875fd8c6-pxwvc,39.26171875
1783669882,mem_mib,pod=workload-edge-7b875fd8c6-pxwvc,39.26171875
1783669892,mem_mib,pod=workload-edge-7b875fd8c6-pxwvc,39.26171875
1783669902,mem_mib,pod=workload-edge-7b875fd8c6-pxwvc,39.26171875
1783669912,mem_mib,pod=workload-edge-7b875fd8c6-pxwvc,39.26171875
1783669922,mem_mib,pod=workload-edge-7b875fd8c6-pxwvc,39.26171875
1783669932,mem_mib,pod=workload-edge-7b875fd8c6-pxwvc,39.26171875
1783669942,mem_mib,pod=workload-edge-7b875fd8c6-pxwvc,39.26171875
1783669952,mem_mib,pod=workload-edge-7b875fd8c6-pxwvc,39.26171875
1783669962,mem_mib,pod=workload-edge-7b875fd8c6-pxwvc,39.26171875
1783669972,mem_mib,pod=workload-edge-7b875fd8c6-pxwvc,39.26171875
1783669982,mem_mib,pod=workload-edge-7b875fd8c6-pxwvc,39.26171875
1783669992,mem_mib,pod=workload-edge-7b875fd8c6-pxwvc,39.26171875
1783670002,mem_mib,pod=workload-edge-7b875fd8c6-pxwvc,39.26171875
1783670012,mem_mib,pod=workload-edge-7b875fd8c6-pxwvc,39.265625
1783670022,mem_mib,pod=workload-edge-7b875fd8c6-pxwvc,39.26171875
1783670032,mem_mib,pod=workload-edge-7b875fd8c6-pxwvc,39.26171875
1783670042,mem_mib,pod=workload-edge-7b875fd8c6-pxwvc,39.26171875
1783670052,mem_mib,pod=workload-edge-7b875fd8c6-pxwvc,39.26171875
1783670062,mem_mib,pod=workload-edge-7b875fd8c6-pxwvc,39.26171875
1783670072,mem_mib,pod=workload-edge-7b875fd8c6-pxwvc,39.26171875
1783670082,mem_mib,pod=workload-edge-7b875fd8c6-pxwvc,39.26171875
1783670092,mem_mib,pod=workload-edge-7b875fd8c6-pxwvc,39.26171875
1783670102,mem_mib,pod=workload-edge-7b875fd8c6-pxwvc,39.26171875
1783670112,mem_mib,pod=workload-edge-7b875fd8c6-pxwvc,39.26171875
1783669472,rps,tier=cloud,0.0
1783669482,rps,tier=cloud,0.6800160004640179
1783669492,rps,tier=cloud,5.4005400540054005
1783669502,rps,tier=cloud,14.161416141614161
1783669512,rps,tier=cloud,26.781316867411583
1783669522,rps,tier=cloud,43.40306582088021
1783669532,rps,tier=cloud,63.20445151983141
1783669542,rps,tier=cloud,82.38249768395504
1783669552,rps,tier=cloud,100.80604836290179
1783669562,rps,tier=cloud,118.58711522691362
1783669572,rps,tier=cloud,135.57190021360853
1783669582,rps,tier=cloud,156.0895342572915
1783669592,rps,tier=cloud,173.4305300555096
1783669602,rps,tier=cloud,191.7249144524803
1783669612,rps,tier=cloud,210.59485887978008
1783669622,rps,tier=cloud,232.43856287307196
1783669632,rps,tier=cloud,252.63439121092054
1783669642,rps,tier=cloud,269.9712620693156
1783669652,rps,tier=cloud,285.48368042911187
1783669662,rps,tier=cloud,313.0558888510048
1783669672,rps,tier=cloud,405.88495720462424
1783669682,rps,tier=cloud,564.3462182506247
1783669692,rps,tier=cloud,808.868224356737
1783669702,rps,tier=cloud,1041.9882919344518
1783669712,rps,tier=cloud,1263.653704348079
1783669722,rps,tier=cloud,1424.5691810856438
1783669732,rps,tier=cloud,1521.9876852327955
1783669742,rps,tier=cloud,1545.909855932455
1783669752,rps,tier=cloud,1546.3130354225796
1783669762,rps,tier=cloud,1544.866762816411
1783669772,rps,tier=cloud,1545.1572638632217
1783669782,rps,tier=cloud,1548.429643977268
1783669792,rps,tier=cloud,1553.0234840654416
1783669802,rps,tier=cloud,1552.2520122309027
1783669812,rps,tier=cloud,1550.5936371747598
1783669822,rps,tier=cloud,1496.2061950999134
1783669832,rps,tier=cloud,1355.9074905553111
1783669842,rps,tier=cloud,1137.0242624377472
1783669852,rps,tier=cloud,896.7154734626275
1783669862,rps,tier=cloud,661.1170060127399
1783669872,rps,tier=cloud,478.25061976476195
1783669882,rps,tier=cloud,376.61463662698577
1783669892,rps,tier=cloud,351.67327135733325
1783669902,rps,tier=cloud,351.5665267501887
1783669912,rps,tier=cloud,351.83234102407505
1783669922,rps,tier=cloud,351.32276781962724
1783669932,rps,tier=cloud,351.8396116715543
1783669942,rps,tier=cloud,351.8894131730498
1783669952,rps,tier=cloud,351.9263312121968
1783669962,rps,tier=cloud,351.51349215840054
1783669972,rps,tier=cloud,351.71152522998227
1783669982,rps,tier=cloud,352.4897094249401
1783669992,rps,tier=cloud,352.99304656069177
1783670002,rps,tier=cloud,355.40692286324764
1783670012,rps,tier=cloud,356.82101066375395
1783670022,rps,tier=cloud,353.7187805478482
1783670032,rps,tier=cloud,335.323317981981
1783670042,rps,tier=cloud,295.19286882024306
1783670052,rps,tier=cloud,233.44191876296026
1783670062,rps,tier=cloud,161.95444193966884
1783670072,rps,tier=cloud,94.34577020649328
1783670082,rps,tier=cloud,41.56133445152278
1783670092,rps,tier=cloud,10.200816065285222
1783670102,rps,tier=cloud,0.0
1783670112,rps,tier=cloud,0.0
1783669472,rps,tier=edge,0.0
1783669482,rps,tier=edge,0.0
1783669492,rps,tier=edge,0.0
1783669502,rps,tier=edge,0.0
1783669512,rps,tier=edge,0.0
1783669522,rps,tier=edge,0.0
1783669532,rps,tier=edge,0.0
1783669542,rps,tier=edge,0.0
1783669552,rps,tier=edge,0.0
1783669562,rps,tier=edge,0.0
1783669572,rps,tier=edge,0.0
1783669582,rps,tier=edge,0.0
1783669592,rps,tier=edge,0.0
1783669602,rps,tier=edge,0.0
1783669612,rps,tier=edge,0.0
1783669622,rps,tier=edge,0.0
1783669632,rps,tier=edge,0.0
1783669642,rps,tier=edge,0.0
1783669652,rps,tier=edge,0.0
1783669662,rps,tier=edge,0.0
1783669672,rps,tier=edge,0.0
1783669682,rps,tier=edge,0.0
1783669692,rps,tier=edge,0.0
1783669702,rps,tier=edge,0.0
1783669712,rps,tier=edge,0.0
1783669722,rps,tier=edge,0.0
1783669732,rps,tier=edge,0.0
1783669742,rps,tier=edge,0.0
1783669752,rps,tier=edge,0.0
1783669762,rps,tier=edge,0.0
1783669772,rps,tier=edge,0.0
1783669782,rps,tier=edge,0.0
1783669792,rps,tier=edge,0.0
1783669802,rps,tier=edge,0.0
1783669812,rps,tier=edge,0.0
1783669822,rps,tier=edge,0.0
1783669832,rps,tier=edge,0.0
1783669842,rps,tier=edge,0.0
1783669852,rps,tier=edge,0.0
1783669862,rps,tier=edge,0.0
1783669872,rps,tier=edge,0.0
1783669882,rps,tier=edge,0.0
1783669892,rps,tier=edge,0.0
1783669902,rps,tier=edge,0.0
1783669912,rps,tier=edge,0.0
1783669922,rps,tier=edge,0.0
1783669932,rps,tier=edge,0.0
1783669942,rps,tier=edge,0.0
1783669952,rps,tier=edge,0.0
1783669962,rps,tier=edge,0.0
1783669972,rps,tier=edge,0.0
1783669982,rps,tier=edge,0.0
1783669992,rps,tier=edge,0.0
1783670002,rps,tier=edge,0.0
1783670012,rps,tier=edge,0.0
1783670022,rps,tier=edge,0.0
1783670032,rps,tier=edge,0.0
1783670042,rps,tier=edge,0.0
1783670052,rps,tier=edge,0.0
1783670062,rps,tier=edge,0.0
1783670072,rps,tier=edge,0.0
1783670082,rps,tier=edge,0.0
1783670092,rps,tier=edge,0.0
1783670102,rps,tier=edge,0.0
1783670112,rps,tier=edge,0.0
1783669472,lat50_ms,tier=cloud,4.1387253568410145
1783669482,lat50_ms,tier=cloud,3.486238483902423
1783669492,lat50_ms,tier=cloud,3.4716981141785177
1783669502,lat50_ms,tier=cloud,3.4653179190751446
1783669512,lat50_ms,tier=cloud,3.6878330373001775
1783669522,lat50_ms,tier=cloud,3.713298791018998
1783669532,lat50_ms,tier=cloud,3.783919373435723
1783669542,lat50_ms,tier=cloud,4.070031435557108
1783669552,lat50_ms,tier=cloud,4.407943349753695
1783669562,lat50_ms,tier=cloud,4.817258883248731
1783669572,lat50_ms,tier=cloud,5.377605208697047
1783669582,lat50_ms,tier=cloud,5.408547692178435
1783669592,lat50_ms,tier=cloud,5.877541197439192
1783669602,lat50_ms,tier=cloud,6.372523502763415
1783669612,lat50_ms,tier=cloud,6.863520060390069
1783669622,lat50_ms,tier=cloud,6.805428332606532
1783669632,lat50_ms,tier=cloud,7.156197086612187
1783669642,lat50_ms,tier=cloud,7.646763196284414
1783669652,lat50_ms,tier=cloud,7.889874296467574
1783669662,lat50_ms,tier=cloud,7.751717308084034
1783669672,lat50_ms,tier=cloud,7.708454113621312
1783669682,lat50_ms,tier=cloud,9.22965003803794
1783669692,lat50_ms,tier=cloud,11.840194924703862
1783669702,lat50_ms,tier=cloud,14.239130287504345
1783669712,lat50_ms,tier=cloud,16.335349956742398
1783669722,lat50_ms,tier=cloud,18.143097505488257
1783669732,lat50_ms,tier=cloud,19.743250637978488
1783669742,lat50_ms,tier=cloud,21.023147267760535
1783669752,lat50_ms,tier=cloud,22.134202769146103
1783669762,lat50_ms,tier=cloud,23.22613306617201
1783669772,lat50_ms,tier=cloud,24.057310883992216
1783669782,lat50_ms,tier=cloud,24.727318569037045
1783669792,lat50_ms,tier=cloud,25.059492652325222
1783669802,lat50_ms,tier=cloud,25.385233372120346
1783669812,lat50_ms,tier=cloud,25.328494354270877
1783669822,lat50_ms,tier=cloud,24.632373616284646
1783669832,lat50_ms,tier=cloud,23.79835929777416
1783669842,lat50_ms,tier=cloud,23.02242117350301
1783669852,lat50_ms,tier=cloud,22.394105682157118
1783669862,lat50_ms,tier=cloud,21.323535263909363
1783669872,lat50_ms,tier=cloud,19.711626431696118
1783669882,lat50_ms,tier=cloud,18.575791431883015
1783669892,lat50_ms,tier=cloud,17.21614555810746
1783669902,lat50_ms,tier=cloud,16.02083501850852
1783669912,lat50_ms,tier=cloud,14.010265727740633
1783669922,lat50_ms,tier=cloud,11.490808295479038
1783669932,lat50_ms,tier=cloud,9.656351157777019
1783669942,lat50_ms,tier=cloud,8.01088879352994
1783669952,lat50_ms,tier=cloud,8.031614722976178
1783669962,lat50_ms,tier=cloud,7.948204004041403
1783669972,lat50_ms,tier=cloud,7.868949479648734
1783669982,lat50_ms,tier=cloud,7.6519834618996265
1783669992,lat50_ms,tier=cloud,7.4041609320939
1783670002,lat50_ms,tier=cloud,7.289822417082162
1783670012,lat50_ms,tier=cloud,6.889158240999864
1783670022,lat50_ms,tier=cloud,6.918520666466176
1783670032,lat50_ms,tier=cloud,7.203183452633636
1783670042,lat50_ms,tier=cloud,7.044355015992737
1783670052,lat50_ms,tier=cloud,6.789778679658177
1783670062,lat50_ms,tier=cloud,6.566501385808794
1783670072,lat50_ms,tier=cloud,6.414924211836552
1783670082,lat50_ms,tier=cloud,6.3707586859921195
1783670092,lat50_ms,tier=cloud,6.595818972225375
1783670102,lat50_ms,tier=cloud,6.796060010972934
1783670112,lat50_ms,tier=cloud,7.183017785427424
1783669472,lat95_ms,tier=cloud,16.339563925702667
1783669482,lat95_ms,tier=cloud,4.972477493268436
1783669492,lat95_ms,tier=cloud,4.847169811417851
1783669502,lat95_ms,tier=cloud,4.846531791907514
1783669512,lat95_ms,tier=cloud,8.108757062146891
1783669522,lat95_ms,tier=cloud,8.404411764705879
1783669532,lat95_ms,tier=cloud,8.950335418683668
1783669542,lat95_ms,tier=cloud,10.385135135135144
1783669552,lat95_ms,tier=cloud,16.46037735849056
1783669562,lat95_ms,tier=cloud,18.106194690265486
1783669572,lat95_ms,tier=cloud,18.58754820353087
1783669582,lat95_ms,tier=cloud,18.656501754264905
1783669592,lat95_ms,tier=cloud,18.694928748883207
1783669602,lat95_ms,tier=cloud,18.90350394872376
1783669612,lat95_ms,tier=cloud,19.195299633948316
1783669622,lat95_ms,tier=cloud,19.190135384179055
1783669632,lat95_ms,tier=cloud,19.454207050372457
1783669642,lat95_ms,tier=cloud,19.998843490144207
1783669652,lat95_ms,tier=cloud,25.50747884832331
1783669662,lat95_ms,tier=cloud,29.677175069273357
1783669672,lat95_ms,tier=cloud,37.14442353592344
1783669682,lat95_ms,tier=cloud,42.58373273856485
1783669692,lat95_ms,tier=cloud,45.1774552806453
1783669702,lat95_ms,tier=cloud,47.11539325401723
1783669712,lat95_ms,tier=cloud,47.92755414542356
1783669722,lat95_ms,tier=cloud,48.45847779021854
1783669732,lat95_ms,tier=cloud,48.772338344005085
1783669742,lat95_ms,tier=cloud,48.952116799118556
1783669752,lat95_ms,tier=cloud,49.04454495171004
1783669762,lat95_ms,tier=cloud,49.260357428883374
1783669772,lat95_ms,tier=cloud,49.38930067887801
1783669782,lat95_ms,tier=cloud,49.471226896370126
1783669792,lat95_ms,tier=cloud,49.541956049926235
1783669802,lat95_ms,tier=cloud,49.65209875207707
1783669812,lat95_ms,tier=cloud,49.67876859798199
1783669822,lat95_ms,tier=cloud,49.57290696418935
1783669832,lat95_ms,tier=cloud,49.40222745575341
1783669842,lat95_ms,tier=cloud,49.284413699142256
1783669852,lat95_ms,tier=cloud,49.19464418277654
1783669862,lat95_ms,tier=cloud,49.124432810361206
1783669872,lat95_ms,tier=cloud,48.829502630536815
1783669882,lat95_ms,tier=cloud,48.53749589706756
1783669892,lat95_ms,tier=cloud,48.24055885760552
1783669902,lat95_ms,tier=cloud,47.93726286104072
1783669912,lat95_ms,tier=cloud,47.191791378484496
1783669922,lat95_ms,tier=cloud,44.99050619259112
1783669932,lat95_ms,tier=cloud,43.277747773038364
1783669942,lat95_ms,tier=cloud,42.031685622956346
1783669952,lat95_ms,tier=cloud,41.58633870908828
1783669962,lat95_ms,tier=cloud,41.41664035288338
1783669972,lat95_ms,tier=cloud,41.35391196396025
1783669982,lat95_ms,tier=cloud,41.462707337280186
1783669992,lat95_ms,tier=cloud,40.86937447132014
1783670002,lat95_ms,tier=cloud,40.500808312888616
1783670012,lat95_ms,tier=cloud,39.94659005642184
1783670022,lat95_ms,tier=cloud,39.949944086987244
1783670032,lat95_ms,tier=cloud,40.116115716832056
1783670042,lat95_ms,tier=cloud,39.72887779527046
1783670052,lat95_ms,tier=cloud,39.79822964669078
1783670062,lat95_ms,tier=cloud,39.265568790318916
1783670072,lat95_ms,tier=cloud,38.574133523863374
1783670082,lat95_ms,tier=cloud,38.27110925686727
1783670092,lat95_ms,tier=cloud,38.02846627842732
1783670102,lat95_ms,tier=cloud,37.96464348985326
1783670112,lat95_ms,tier=cloud,38.91196960101328
1783669472,lat99_ms,tier=cloud,19.68582362985724
1783669482,lat99_ms,tier=cloud,8.800003818355387
1783669492,lat99_ms,tier=cloud,4.9694339622835715
1783669502,lat99_ms,tier=cloud,4.969306358381503
1783669512,lat99_ms,tier=cloud,9.62175141242938
1783669522,lat99_ms,tier=cloud,9.680882352941179
1783669532,lat99_ms,tier=cloud,10.87425584302798
1783669542,lat99_ms,tier=cloud,18.293243243243253
1783669552,lat99_ms,tier=cloud,19.352452830188685
1783669562,lat99_ms,tier=cloud,19.714159292035404
1783669572,lat99_ms,tier=cloud,19.872403820341646
1783669582,lat99_ms,tier=cloud,19.92396088500304
1783669592,lat99_ms,tier=cloud,19.93134783076056
1783669602,lat99_ms,tier=cloud,26.271029470927598
1783669612,lat99_ms,tier=cloud,35.889518421989216
1783669622,lat99_ms,tier=cloud,36.272359053332465
1783669632,lat99_ms,tier=cloud,40.2232922034533
1783669642,lat99_ms,tier=cloud,43.99500251301144
1783669652,lat99_ms,tier=cloud,45.10149576966468
1783669662,lat99_ms,tier=cloud,45.93543501385467
1783669672,lat99_ms,tier=cloud,47.7004791018652
1783669682,lat99_ms,tier=cloud,48.848870789903174
1783669692,lat99_ms,tier=cloud,49.51684469591692
1783669702,lat99_ms,tier=cloud,60.6550351427281
1783669712,lat99_ms,tier=cloud,64.162602092281
1783669722,lat99_ms,tier=cloud,66.1557747305027
1783669732,lat99_ms,tier=cloud,67.4191653664852
1783669742,lat99_ms,tier=cloud,67.93897824282996
1783669752,lat99_ms,tier=cloud,68.08720859682602
1783669762,lat99_ms,tier=cloud,68.66617189177474
1783669772,lat99_ms,tier=cloud,68.96404017836025
1783669782,lat99_ms,tier=cloud,69.1806528806215
1783669792,lat99_ms,tier=cloud,69.43231085513649
1783669802,lat99_ms,tier=cloud,69.71891547735932
1783669812,lat99_ms,tier=cloud,69.79891008834657
1783669822,lat99_ms,tier=cloud,69.5754096187218
1783669832,lat99_ms,tier=cloud,69.15295266156897
1783669842,lat99_ms,tier=cloud,68.67560469678615
1783669852,lat99_ms,tier=cloud,68.41724937749672
1783669862,lat99_ms,tier=cloud,68.32257754445244
1783669872,lat99_ms,tier=cloud,67.53037882348274
1783669882,lat99_ms,tier=cloud,66.65723765176237
1783669892,lat99_ms,tier=cloud,65.74520582916116
1783669902,lat99_ms,tier=cloud,64.65462335902757
1783669912,lat99_ms,tier=cloud,62.06556806707756
1783669922,lat99_ms,tier=cloud,49.47303954247093
1783669932,lat99_ms,tier=cloud,48.694068945879145
1783669942,lat99_ms,tier=cloud,48.40633712459126
1783669952,lat99_ms,tier=cloud,48.317267741817645
1783669962,lat99_ms,tier=cloud,48.28332807057669
1783669972,lat99_ms,tier=cloud,48.27078239279206
1783669982,lat99_ms,tier=cloud,48.29254146745604
1783669992,lat99_ms,tier=cloud,48.173874894264046
1783670002,lat99_ms,tier=cloud,48.10016166257772
1783670012,lat99_ms,tier=cloud,47.98931801128437
1783670022,lat99_ms,tier=cloud,47.98998881739747
1783670032,lat99_ms,tier=cloud,48.02322314336641
1783670042,lat99_ms,tier=cloud,47.94577555905411
1783670052,lat99_ms,tier=cloud,47.95964592933817
1783670062,lat99_ms,tier=cloud,47.853113758063785
1783670072,lat99_ms,tier=cloud,47.714826704772676
1783670082,lat99_ms,tier=cloud,47.65422185137347
1783670092,lat99_ms,tier=cloud,47.60569325568548
1783670102,lat99_ms,tier=cloud,47.59292869797066
1783670112,lat99_ms,tier=cloud,47.782393920202665
1783669472,inflight,tier=cloud,0.0
1783669482,inflight,tier=cloud,0.0
1783669492,inflight,tier=cloud,0.0
1783669502,inflight,tier=cloud,0.0
1783669512,inflight,tier=cloud,0.0
1783669522,inflight,tier=cloud,0.0
1783669532,inflight,tier=cloud,0.0
1783669542,inflight,tier=cloud,0.0
1783669552,inflight,tier=cloud,0.0
1783669562,inflight,tier=cloud,0.0
1783669572,inflight,tier=cloud,0.0
1783669582,inflight,tier=cloud,0.0
1783669592,inflight,tier=cloud,0.0
1783669602,inflight,tier=cloud,0.0
1783669612,inflight,tier=cloud,4.0
1783669622,inflight,tier=cloud,0.0
1783669632,inflight,tier=cloud,0.0
1783669642,inflight,tier=cloud,3.0
1783669652,inflight,tier=cloud,5.0
1783669662,inflight,tier=cloud,0.0
1783669672,inflight,tier=cloud,5.0
1783669682,inflight,tier=cloud,11.0
1783669692,inflight,tier=cloud,3.0
1783669702,inflight,tier=cloud,5.0
1783669712,inflight,tier=cloud,13.0
1783669722,inflight,tier=cloud,0.0
1783669732,inflight,tier=cloud,30.0
1783669742,inflight,tier=cloud,1.0
1783669752,inflight,tier=cloud,13.0
1783669762,inflight,tier=cloud,4.0
1783669772,inflight,tier=cloud,0.0
1783669782,inflight,tier=cloud,6.0
1783669792,inflight,tier=cloud,4.0
1783669802,inflight,tier=cloud,4.0
1783669812,inflight,tier=cloud,6.0
1783669822,inflight,tier=cloud,0.0
1783669832,inflight,tier=cloud,0.0
1783669842,inflight,tier=cloud,0.0
1783669852,inflight,tier=cloud,0.0
1783669862,inflight,tier=cloud,0.0
1783669872,inflight,tier=cloud,0.0
1783669882,inflight,tier=cloud,4.0
1783669892,inflight,tier=cloud,0.0
1783669902,inflight,tier=cloud,0.0
1783669912,inflight,tier=cloud,5.0
1783669922,inflight,tier=cloud,0.0
1783669932,inflight,tier=cloud,0.0
1783669942,inflight,tier=cloud,0.0
1783669952,inflight,tier=cloud,0.0
1783669962,inflight,tier=cloud,0.0
1783669972,inflight,tier=cloud,0.0
1783669982,inflight,tier=cloud,0.0
1783669992,inflight,tier=cloud,0.0
1783670002,inflight,tier=cloud,0.0
1783670012,inflight,tier=cloud,12.0
1783670022,inflight,tier=cloud,0.0
1783670032,inflight,tier=cloud,0.0
1783670042,inflight,tier=cloud,0.0
1783670052,inflight,tier=cloud,0.0
1783670062,inflight,tier=cloud,0.0
1783670072,inflight,tier=cloud,0.0
1783670082,inflight,tier=cloud,0.0
1783670092,inflight,tier=cloud,0.0
1783670102,inflight,tier=cloud,0.0
1783670112,inflight,tier=cloud,0.0
1783669472,inflight,tier=edge,0.0
1783669482,inflight,tier=edge,0.0
1783669492,inflight,tier=edge,0.0
1783669502,inflight,tier=edge,0.0
1783669512,inflight,tier=edge,0.0
1783669522,inflight,tier=edge,0.0
1783669532,inflight,tier=edge,0.0
1783669542,inflight,tier=edge,0.0
1783669552,inflight,tier=edge,0.0
1783669562,inflight,tier=edge,0.0
1783669572,inflight,tier=edge,0.0
1783669582,inflight,tier=edge,0.0
1783669592,inflight,tier=edge,0.0
1783669602,inflight,tier=edge,0.0
1783669612,inflight,tier=edge,0.0
1783669622,inflight,tier=edge,0.0
1783669632,inflight,tier=edge,0.0
1783669642,inflight,tier=edge,0.0
1783669652,inflight,tier=edge,0.0
1783669662,inflight,tier=edge,0.0
1783669672,inflight,tier=edge,0.0
1783669682,inflight,tier=edge,0.0
1783669692,inflight,tier=edge,0.0
1783669702,inflight,tier=edge,0.0
1783669712,inflight,tier=edge,0.0
1783669722,inflight,tier=edge,0.0
1783669732,inflight,tier=edge,0.0
1783669742,inflight,tier=edge,0.0
1783669752,inflight,tier=edge,0.0
1783669762,inflight,tier=edge,0.0
1783669772,inflight,tier=edge,0.0
1783669782,inflight,tier=edge,0.0
1783669792,inflight,tier=edge,0.0
1783669802,inflight,tier=edge,0.0
1783669812,inflight,tier=edge,0.0
1783669822,inflight,tier=edge,0.0
1783669832,inflight,tier=edge,0.0
1783669842,inflight,tier=edge,0.0
1783669852,inflight,tier=edge,0.0
1783669862,inflight,tier=edge,0.0
1783669872,inflight,tier=edge,0.0
1783669882,inflight,tier=edge,0.0
1783669892,inflight,tier=edge,0.0
1783669902,inflight,tier=edge,0.0
1783669912,inflight,tier=edge,0.0
1783669922,inflight,tier=edge,0.0
1783669932,inflight,tier=edge,0.0
1783669942,inflight,tier=edge,0.0
1783669952,inflight,tier=edge,0.0
1783669962,inflight,tier=edge,0.0
1783669972,inflight,tier=edge,0.0
1783669982,inflight,tier=edge,0.0
1783669992,inflight,tier=edge,0.0
1783670002,inflight,tier=edge,0.0
1783670012,inflight,tier=edge,0.0
1783670022,inflight,tier=edge,0.0
1783670032,inflight,tier=edge,0.0
1783670042,inflight,tier=edge,0.0
1783670052,inflight,tier=edge,0.0
1783670062,inflight,tier=edge,0.0
1783670072,inflight,tier=edge,0.0
1783670082,inflight,tier=edge,0.0
1783670092,inflight,tier=edge,0.0
1783670102,inflight,tier=edge,0.0
1783670112,inflight,tier=edge,0.0
