ts,metric,labels,value
1783674928,replicas_status,deployment=workload-cloud,1.0
1783674938,replicas_status,deployment=workload-cloud,1.0
1783674948,replicas_status,deployment=workload-cloud,1.0
1783674958,replicas_status,deployment=workload-cloud,1.0
1783674968,replicas_status,deployment=workload-cloud,1.0
1783674978,replicas_status,deployment=workload-cloud,1.0
1783674988,replicas_status,deployment=workload-cloud,1.0
1783674998,replicas_status,deployment=workload-cloud,1.0
1783675008,replicas_status,deployment=workload-cloud,1.0
1783675018,replicas_status,deployment=workload-cloud,2.0
1783675028,replicas_status,deployment=workload-cloud,2.0
1783675038,replicas_status,deployment=workload-cloud,2.0
1783675048,replicas_status,deployment=workload-cloud,2.0
1783675058,replicas_status,deployment=workload-cloud,2.0
1783675068,replicas_status,deployment=workload-cloud,2.0
1783675078,replicas_status,deployment=workload-cloud,3.0
1783675088,replicas_status,deployment=workload-cloud,3.0
1783675098,replicas_status,deployment=workload-cloud,3.0
1783675108,replicas_status,deployment=workload-cloud,3.0
1783675118,replicas_status,deployment=workload-cloud,3.0
1783675128,replicas_status,deployment=workload-cloud,5.0
1783675138,replicas_status,deployment=workload-cloud,5.0
1783675148,replicas_status,deployment=workload-cloud,5.0
1783675158,replicas_status,deployment=workload-cloud,6.0
1783675168,replicas_status,deployment=workload-cloud,6.0
1783675178,replicas_status,deployment=workload-cloud,6.0
1783675188,replicas_status,deployment=workload-cloud,6.0
1783675198,replicas_status,deployment=workload-cloud,6.0
1783675208,replicas_status,deployment=workload-cloud,6.0
1783675218,replicas_status,deployment=workload-cloud,6.0
1783675228,replicas_status,deployment=workload-cloud,6.0
1783675238,replicas_status,deployment=workload-cloud,6.0
1783675248,replicas_status,deployment=workload-cloud,6.0
1783675258,replicas_status,deployment=workload-cloud,6.0
1783675268,replicas_status,deployment=workload-cloud,6.0
1783675278,replicas_status,deployment=workload-cloud,6.0
1783675288,replicas_status,deployment=workload-cloud,6.0
1783675298,replicas_status,deployment=workload-cloud,6.0
1783675308,replicas_status,deployment=workload-cloud,6.0
1783675318,replicas_status,deployment=workload-cloud,6.0
1783675328,replicas_status,deployment=workload-cloud,6.0
1783675338,replicas_status,deployment=workload-cloud,6.0
1783675348,replicas_status,deployment=workload-cloud,6.0
1783675358,replicas_status,deployment=workload-cloud,6.0
1783675368,replicas_status,deployment=workload-cloud,6.0
1783675378,replicas_status,deployment=workload-cloud,6.0
1783675388,replicas_status,deployment=workload-cloud,6.0
1783675398,replicas_status,deployment=workload-cloud,6.0
1783675408,replicas_status,deployment=workload-cloud,6.0
1783675418,replicas_status,deployment=workload-cloud,6.0
1783675428,replicas_status,deployment=workload-cloud,6.0
1783675438,replicas_status,deployment=workload-cloud,6.0
1783675448,replicas_status,deployment=workload-cloud,6.0
1783675458,replicas_status,deployment=workload-cloud,6.0
1783675468,replicas_status,deployment=workload-cloud,6.0
1783675478,replicas_status,deployment=workload-cloud,6.0
1783675488,replicas_status,deployment=workload-cloud,6.0
1783675498,replicas_status,deployment=workload-cloud,6.0
1783675508,replicas_status,deployment=workload-cloud,6.0
1783675518,replicas_status,deployment=workload-cloud,6.0
1783675528,replicas_status,deployment=workload-cloud,6.0
1783675538,replicas_status,deployment=workload-cloud,6.0
1783675548,replicas_status,deployment=workload-cloud,6.0
1783675558,replicas_status,deployment=workload-cloud,6.0
1783674928,replicas_status,deployment=workload-edge,1.0
1783674938,replicas_status,deployment=workload-edge,1.0
1783674948,replicas_status,deployment=workload-edge,1.0
1783674958,replicas_status,deployment=workload-edge,1.0
1783674968,replicas_status,deployment=workload-edge,1.0
1783674978,replicas_status,deployment=workload-edge,1.0
1783674988,replicas_status,deployment=workload-edge,1.0
1783674998,replicas_status,deployment=workload-edge,1.0
1783675008,replicas_status,deployment=workload-edge,1.0
1783675018,replicas_status,deployment=workload-edge,1.0
1783675028,replicas_status,deployment=workload-edge,1.0
1783675038,replicas_status,deployment=workload-edge,1.0
1783675048,replicas_status,deployment=workload-edge,1.0
1783675058,replicas_status,deployment=workload-edge,1.0
1783675068,replicas_status,deployment=workload-edge,1.0
1783675078,replicas_status,deployment=workload-edge,1.0
1783675088,replicas_status,deployment=workload-edge,1.0
1783675098,replicas_status,deployment=workload-edge,1.0
1783675108,replicas_status,deployment=workload-edge,1.0
1783675118,replicas_status,deployment=workload-edge,1.0
1783675128,replicas_status,deployment=workload-edge,1.0
1783675138,replicas_status,deployment=workload-edge,1.0
1783675148,replicas_status,deployment=workload-edge,1.0
1783675158,replicas_status,deployment=workload-edge,1.0
1783675168,replicas_status,deployment=workload-edge,1.0
1783675178,replicas_status,deployment=workload-edge,1.0
1783675188,replicas_status,deployment=workload-edge,1.0
1783675198,replicas_status,deployment=workload-edge,1.0
1783675208,replicas_status,deployment=workload-edge,1.0
1783675218,replicas_status,deployment=workload-edge,1.0
1783675228,replicas_status,deployment=workload-edge,1.0
1783675238,replicas_status,deployment=workload-edge,1.0
1783675248,replicas_status,deployment=workload-edge,1.0
1783675258,replicas_status,deployment=workload-edge,1.0
1783675268,replicas_status,deployment=workload-edge,1.0
1783675278,replicas_status,deployment=workload-edge,1.0
1783675288,replicas_status,deployment=workload-edge,1.0
1783675298,replicas_status,deployment=workload-edge,1.0
1783675308,replicas_status,deployment=workload-edge,1.0
1783675318,replicas_status,deployment=workload-edge,1.0
1783675328,replicas_status,deployment=workload-edge,1.0
1783675338,replicas_status,deployment=workload-edge,1.0
1783675348,replicas_status,deployment=workload-edge,1.0
1783675358,replicas_status,deployment=workload-edge,1.0
1783675368,replicas_status,deployment=workload-edge,1.0
1783675378,replicas_status,deployment=workload-edge,1.0
1783675388,replicas_status,deployment=workload-edge,1.0
1783675398,replicas_status,deployment=workload-edge,1.0
1783675408,replicas_status,deployment=workload-edge,1.0
1783675418,replicas_status,deployment=workload-edge,1.0
1783675428,replicas_status,deployment=workload-edge,1.0
1783675438,replicas_status,deployment=workload-edge,1.0
1783675448,replicas_status,deployment=workload-edge,1.0
1783675458,replicas_status,deployment=workload-edge,1.0
1783675468,replicas_status,deployment=workload-edge,1.0
1783675478,replicas_status,deployment=workload-edge,1.0
1783675488,replicas_status,deployment=workload-edge,1.0
1783675498,replicas_status,deployment=workload-edge,1.0
1783675508,replicas_status,deployment=workload-edge,1.0
1783675518,replicas_status,deployment=workload-edge,1.0
1783675528,replicas_status,deployment=workload-edge,1.0
1783675538,replicas_status,deployment=workload-edge,1.0
1783675548,replicas_status,deployment=workload-edge,1.0
1783675558,replicas_status,deployment=workload-edge,1.0
1783674928,replicas_spec,deployment=workload-cloud,1.0
1783674938,replicas_spec,deployment=workload-cloud,1.0
1783674948,replicas_spec,deployment=workload-cloud,1.0
1783674958,replicas_spec,deployment=workload-cloud,1.0
1783674968,replicas_spec,deployment=workload-cloud,1.0
1783674978,replicas_spec,deployment=workload-cloud,1.0
1783674988,replicas_spec,deployment=workload-cloud,1.0
1783674998,replicas_spec,deployment=workload-cloud,1.0
1783675008,replicas_spec,deployment=workload-cloud,1.0
1783675018,replicas_spec,deployment=workload-cloud,2.0
1783675028,replicas_spec,deployment=workload-cloud,2.0
1783675038,replicas_spec,deployment=workload-cloud,2.0
1783675048,replicas_spec,deployment=workload-cloud,2.0
1783675058,replicas_spec,deployment=workload-cloud,2.0
1783675068,replicas_spec,deployment=workload-cloud,2.0
1783675078,replicas_spec,deployment=workload-cloud,3.0
1783675088,replicas_spec,deployment=workload-cloud,3.0
1783675098,replicas_spec,deployment=workload-cloud,3.0
1783675108,replicas_spec,deployment=workload-cloud,3.0
1783675118,replicas_spec,deployment=workload-cloud,3.0
1783675128,replicas_spec,deployment=workload-cloud,5.0
1783675138,replicas_spec,deployment=workload-cloud,5.0
1783675148,replicas_spec,deployment=workload-cloud,5.0
1783675158,replicas_spec,deployment=workload-cloud,6.0
1783675168,replicas_spec,deployment=workload-cloud,6.0
1783675178,replicas_spec,deployment=workload-cloud,6.0
1783675188,replicas_spec,deployment=workload-cloud,6.0
1783675198,replicas_spec,deployment=workload-cloud,6.0
1783675208,replicas_spec,deployment=workload-cloud,6.0
1783675218,replicas_spec,deployment=workload-cloud,6.0
1783675228,replicas_spec,deployment=workload-cloud,6.0
1783675238,replicas_spec,deployment=workload-cloud,6.0
1783675248,replicas_spec,deployment=workload-cloud,6.0
1783675258,replicas_spec,deployment=workload-cloud,6.0
1783675268,replicas_spec,deployment=workload-cloud,6.0
1783675278,replicas_spec,deployment=workload-cloud,6.0
1783675288,replicas_spec,deployment=workload-cloud,6.0
1783675298,replicas_spec,deployment=workload-cloud,6.0
1783675308,replicas_spec,deployment=workload-cloud,6.0
1783675318,replicas_spec,deployment=workload-cloud,6.0
1783675328,replicas_spec,deployment=workload-cloud,6.0
1783675338,replicas_spec,deployment=workload-cloud,6.0
1783675348,replicas_spec,deployment=workload-cloud,6.0
1783675358,replicas_spec,deployment=workload-cloud,6.0
1783675368,replicas_spec,deployment=workload-cloud,6.0
1783675378,replicas_spec,deployment=workload-cloud,6.0
1783675388,replicas_spec,deployment=workload-cloud,6.0
1783675398,replicas_spec,deployment=workload-cloud,6.0
1783675408,replicas_spec,deployment=workload-cloud,6.0
1783675418,replicas_spec,deployment=workload-cloud,6.0
1783675428,replicas_spec,deployment=workload-cloud,6.0
1783675438,replicas_spec,deployment=workload-cloud,6.0
1783675448,replicas_spec,deployment=workload-cloud,6.0
1783675458,replicas_spec,deployment=workload-cloud,6.0
1783675468,replicas_spec,deployment=workload-cloud,6.0
1783675478,replicas_spec,deployment=workload-cloud,6.0
1783675488,replicas_spec,deployment=workload-cloud,6.0
1783675498,replicas_spec,deployment=workload-cloud,6.0
1783675508,replicas_spec,deployment=workload-cloud,6.0
1783675518,replicas_spec,deployment=workload-cloud,6.0
1783675528,replicas_spec,deployment=workload-cloud,6.0
1783675538,replicas_spec,deployment=workload-cloud,6.0
1783675548,replicas_spec,deployment=workload-cloud,6.0
1783675558,replicas_spec,deployment=workload-cloud,6.0
1783674928,replicas_spec,deployment=workload-edge,1.0
1783674938,replicas_spec,deployment=workload-edge,1.0
1783674948,replicas_spec,deployment=workload-edge,1.0
1783674958,replicas_spec,deployment=workload-edge,1.0
1783674968,replicas_spec,deployment=workload-edge,1.0
1783674978,replicas_spec,deployment=workload-edge,1.0
1783674988,replicas_spec,deployment=workload-edge,1.0
1783674998,replicas_spec,deployment=workload-edge,1.0
1783675008,replicas_spec,deployment=workload-edge,1.0
1783675018,replicas_spec,deployment=workload-edge,1.0
1783675028,replicas_spec,deployment=workload-edge,1.0
1783675038,replicas_spec,deployment=workload-edge,1.0
1783675048,replicas_spec,deployment=workload-edge,1.0
1783675058,replicas_spec,deployment=workload-edge,1.0
1783675068,replicas_spec,deployment=workload-edge,1.0
1783675078,replicas_spec,deployment=workload-edge,1.0
1783675088,replicas_spec,deployment=workload-edge,1.0
1783675098,replicas_spec,deployment=workload-edge,1.0
1783675108,replicas_spec,deployment=workload-edge,1.0
1783675118,replicas_spec,deployment=workload-edge,1.0
1783675128,replicas_spec,deployment=workload-edge,1.0
1783675138,replicas_spec,deployment=workload-edge,1.0
1783675148,replicas_spec,deployment=workload-edge,1.0
1783675158,replicas_spec,deployment=workload-edge,1.0
1783675168,replicas_spec,deployment=workload-edge,1.0
1783675178,replicas_spec,deployment=workload-edge,1.0
1783675188,replicas_spec,deployment=workload-edge,1.0
1783675198,replicas_spec,deployment=workload-edge,1.0
1783675208,replicas_spec,deployment=workload-edge,1.0
1783675218,replicas_spec,deployment=workload-edge,1.0
1783675228,replicas_spec,deployment=workload-edge,1.0
1783675238,replicas_spec,deployment=workload-edge,1.0
1783675248,replicas_spec,deployment=workload-edge,1.0
1783675258,replicas_spec,deployment=workload-edge,1.0
1783675268,replicas_spec,deployment=workload-edge,1.0
1783675278,replicas_spec,deployment=workload-edge,1.0
1783675288,replicas_spec,deployment=workload-edge,1.0
1783675298,replicas_spec,deployment=workload-edge,1.0
1783675308,replicas_spec,deployment=workload-edge,1.0
1783675318,replicas_spec,deployment=workload-edge,1.0
1783675328,replicas_spec,deployment=workload-edge,1.0
1783675338,replicas_spec,deployment=workload-edge,1.0
1783675348,replicas_spec,deployment=workload-edge,1.0
1783675358,replicas_spec,deployment=workload-edge,1.0
1783675368,replicas_spec,deployment=workload-edge,1.0
1783675378,replicas_spec,deployment=workload-edge,1.0
1783675388,replicas_spec,deployment=workload-edge,1.0
1783675398,replicas_spec,deployment=workload-edge,1.0
1783675408,replicas_spec,deployment=workload-edge,1.0
1783675418,replicas_spec,deployment=workload-edge,1.0
1783675428,replicas_spec,deployment=workload-edge,1.0
1783675438,replicas_spec,deployment=workload-edge,1.0
1783675448,replicas_spec,deployment=workload-edge,1.0
1783675458,replicas_spec,deployment=workload-edge,1.0
1783675468,replicas_spec,deployment=workload-edge,1.0
1783675478,replicas_spec,deployment=workload-edge,1.0
1783675488,replicas_spec,deployment=workload-edge,1.0
1783675498,replicas_spec,deployment=workload-edge,1.0
1783675508,replicas_spec,deployment=workload-edge,1.0
1783675518,replicas_spec,deployment=workload-edge,1.0
1783675528,replicas_spec,deployment=workload-edge,1.0
1783675538,replicas_spec,deployment=workload-edge,1.0
1783675548,replicas_spec,deployment=workload-edge,1.0
1783675558,replicas_spec,deployment=workload-edge,1.0
1783675138,cpu_cores,pod=workload-cloud-6f545f89ff-82tbg,0.029042912456273447
1783675148,cpu_cores,pod=workload-cloud-6f545f89ff-82tbg,0.04437163079403211
1783675158,cpu_cores,pod=workload-cloud-6f545f89ff-82tbg,0.07893588616285822
1783675168,cpu_cores,pod=workload-cloud-6f545f89ff-82tbg,0.10583083870730592
1783675178,cpu_cores,pod=workload-cloud-6f545f89ff-82tbg,0.10600989166666666
1783675188,cpu_cores,pod=workload-cloud-6f545f89ff-82tbg,0.15273951276414377
1783675198,cpu_cores,pod=workload-cloud-6f545f89ff-82tbg,0.15134084680086948
1783675208,cpu_cores,pod=workload-cloud-6f545f89ff-82tbg,0.12840009677330436
1783675218,cpu_cores,pod=workload-cloud-6f545f89ff-82tbg,0.15056737209210164
1783675228,cpu_cores,pod=workload-cloud-6f545f89ff-82tbg,0.14752318278279136
1783675238,cpu_cores,pod=workload-cloud-6f545f89ff-82tbg,0.14752318278279136
1783675248,cpu_cores,pod=workload-cloud-6f545f89ff-82tbg,0.1500535182557605
1783675258,cpu_cores,pod=workload-cloud-6f545f89ff-82tbg,0.15030894291105357
1783675268,cpu_cores,pod=workload-cloud-6f545f89ff-82tbg,0.15030894291105357
1783675278,cpu_cores,pod=workload-cloud-6f545f89ff-82tbg,0.14309222732383808
1783675288,cpu_cores,pod=workload-cloud-6f545f89ff-82tbg,0.0908042612549778
1783675298,cpu_cores,pod=workload-cloud-6f545f89ff-82tbg,0.0908042612549778
1783675308,cpu_cores,pod=workload-cloud-6f545f89ff-82tbg,0.036982178792971124
1783675318,cpu_cores,pod=workload-cloud-6f545f89ff-82tbg,0.01056415812428815
1783675328,cpu_cores,pod=workload-cloud-6f545f89ff-82tbg,0.008301816780891345
1783675338,cpu_cores,pod=workload-cloud-6f545f89ff-82tbg,0.0021925619482237118
1783675348,cpu_cores,pod=workload-cloud-6f545f89ff-82tbg,0.001798377105317683
1783675358,cpu_cores,pod=workload-cloud-6f545f89ff-82tbg,0.002185450794508373
1783675368,cpu_cores,pod=workload-cloud-6f545f89ff-82tbg,0.0022814048041873156
1783675378,cpu_cores,pod=workload-cloud-6f545f89ff-82tbg,0.002268465019143742
1783675388,cpu_cores,pod=workload-cloud-6f545f89ff-82tbg,0.002263063566324457
1783675398,cpu_cores,pod=workload-cloud-6f545f89ff-82tbg,0.0022881081405347376
1783675408,cpu_cores,pod=workload-cloud-6f545f89ff-82tbg,0.0021783732812877127
1783675418,cpu_cores,pod=workload-cloud-6f545f89ff-82tbg,0.0021783732812877127
1783675428,cpu_cores,pod=workload-cloud-6f545f89ff-82tbg,0.0022705556197297
1783675438,cpu_cores,pod=workload-cloud-6f545f89ff-82tbg,0.0017846123039215486
1783675448,cpu_cores,pod=workload-cloud-6f545f89ff-82tbg,0.002192802486848374
1783675458,cpu_cores,pod=workload-cloud-6f545f89ff-82tbg,0.002266561551876521
1783675468,cpu_cores,pod=workload-cloud-6f545f89ff-82tbg,0.0021064415833733584
1783675478,cpu_cores,pod=workload-cloud-6f545f89ff-82tbg,0.0021064415833733584
1783675488,cpu_cores,pod=workload-cloud-6f545f89ff-82tbg,0.0022442736150528925
1783675498,cpu_cores,pod=workload-cloud-6f545f89ff-82tbg,0.0022108369416928802
1783675508,cpu_cores,pod=workload-cloud-6f545f89ff-82tbg,0.002215139040238931
1783675518,cpu_cores,pod=workload-cloud-6f545f89ff-82tbg,0.002332612509690288
1783675528,cpu_cores,pod=workload-cloud-6f545f89ff-82tbg,0.0022995372567631202
1783675538,cpu_cores,pod=workload-cloud-6f545f89ff-82tbg,0.0023572850566131345
1783675548,cpu_cores,pod=workload-cloud-6f545f89ff-82tbg,0.002422312110171034
1783675558,cpu_cores,pod=workload-cloud-6f545f89ff-82tbg,0.002327195691771606
1783675028,cpu_cores,pod=workload-cloud-6f545f89ff-cbxfm,0.019850501185403695
1783675038,cpu_cores,pod=workload-cloud-6f545f89ff-cbxfm,0.030114786119305147
1783675048,cpu_cores,pod=workload-cloud-6f545f89ff-cbxfm,0.04421775905497999
1783675058,cpu_cores,pod=workload-cloud-6f545f89ff-cbxfm,0.0602896090214506
1783675068,cpu_cores,pod=workload-cloud-6f545f89ff-cbxfm,0.08115426104978052
1783675078,cpu_cores,pod=workload-cloud-6f545f89ff-cbxfm,0.07790964917798676
1783675088,cpu_cores,pod=workload-cloud-6f545f89ff-cbxfm,0.11234071889493849
1783675098,cpu_cores,pod=workload-cloud-6f545f89ff-cbxfm,0.1244063314570662
1783675108,cpu_cores,pod=workload-cloud-6f545f89ff-cbxfm,0.13401529015169758
1783675118,cpu_cores,pod=workload-cloud-6f545f89ff-cbxfm,0.15204666971561617
1783675128,cpu_cores,pod=workload-cloud-6f545f89ff-cbxfm,0.22011792391726756
1783675138,cpu_cores,pod=workload-cloud-6f545f89ff-cbxfm,0.22011792391726756
1783675148,cpu_cores,pod=workload-cloud-6f545f89ff-cbxfm,0.32878016930650245
1783675158,cpu_cores,pod=workload-cloud-6f545f89ff-cbxfm,0.4672790244807122
1783675168,cpu_cores,pod=workload-cloud-6f545f89ff-cbxfm,0.4672790244807122
1783675178,cpu_cores,pod=workload-cloud-6f545f89ff-cbxfm,0.5388163164806303
1783675188,cpu_cores,pod=workload-cloud-6f545f89ff-cbxfm,0.5536998571126163
1783675198,cpu_cores,pod=workload-cloud-6f545f89ff-cbxfm,0.5518540228998805
1783675208,cpu_cores,pod=workload-cloud-6f545f89ff-cbxfm,0.5464506222787346
1783675218,cpu_cores,pod=workload-cloud-6f545f89ff-cbxfm,0.5538057015480891
1783675228,cpu_cores,pod=workload-cloud-6f545f89ff-cbxfm,0.5538057015480891
1783675238,cpu_cores,pod=workload-cloud-6f545f89ff-cbxfm,0.5529639294203376
1783675248,cpu_cores,pod=workload-cloud-6f545f89ff-cbxfm,0.5549246630387361
1783675258,cpu_cores,pod=workload-cloud-6f545f89ff-cbxfm,0.562051966557006
1783675268,cpu_cores,pod=workload-cloud-6f545f89ff-cbxfm,0.5567807272527832
1783675278,cpu_cores,pod=workload-cloud-6f545f89ff-cbxfm,0.4470655827226032
1783675288,cpu_cores,pod=workload-cloud-6f545f89ff-cbxfm,0.49941709566709575
1783675298,cpu_cores,pod=workload-cloud-6f545f89ff-cbxfm,0.3286880743813811
1783675308,cpu_cores,pod=workload-cloud-6f545f89ff-cbxfm,0.3892025904932381
1783675318,cpu_cores,pod=workload-cloud-6f545f89ff-cbxfm,0.25592847095231414
1783675328,cpu_cores,pod=workload-cloud-6f545f89ff-cbxfm,0.21423345755966633
1783675338,cpu_cores,pod=workload-cloud-6f545f89ff-cbxfm,0.17249883536960528
1783675348,cpu_cores,pod=workload-cloud-6f545f89ff-cbxfm,0.16443085594442247
1783675358,cpu_cores,pod=workload-cloud-6f545f89ff-cbxfm,0.16179963879159343
1783675368,cpu_cores,pod=workload-cloud-6f545f89ff-cbxfm,0.16220202251916416
1783675378,cpu_cores,pod=workload-cloud-6f545f89ff-cbxfm,0.1640887625330962
1783675388,cpu_cores,pod=workload-cloud-6f545f89ff-cbxfm,0.1640887625330962
1783675398,cpu_cores,pod=workload-cloud-6f545f89ff-cbxfm,0.16668666278392558
1783675408,cpu_cores,pod=workload-cloud-6f545f89ff-cbxfm,0.14361273739670943
1783675418,cpu_cores,pod=workload-cloud-6f545f89ff-cbxfm,0.16685001476232642
1783675428,cpu_cores,pod=workload-cloud-6f545f89ff-cbxfm,0.16545554325552897
1783675438,cpu_cores,pod=workload-cloud-6f545f89ff-cbxfm,0.13962587092858883
1783675448,cpu_cores,pod=workload-cloud-6f545f89ff-cbxfm,0.13964252312254163
1783675458,cpu_cores,pod=workload-cloud-6f545f89ff-cbxfm,0.16836282334419342
1783675468,cpu_cores,pod=workload-cloud-6f545f89ff-cbxfm,0.16916470167917122
1783675478,cpu_cores,pod=workload-cloud-6f545f89ff-cbxfm,0.16761738140221022
1783675488,cpu_cores,pod=workload-cloud-6f545f89ff-cbxfm,0.14894487974752452
1783675498,cpu_cores,pod=workload-cloud-6f545f89ff-cbxfm,0.13827128696330152
1783675508,cpu_cores,pod=workload-cloud-6f545f89ff-cbxfm,0.09302186391246993
1783675518,cpu_cores,pod=workload-cloud-6f545f89ff-cbxfm,0.05163973964084383
1783675528,cpu_cores,pod=workload-cloud-6f545f89ff-cbxfm,0.03526337009827712
1783675538,cpu_cores,pod=workload-cloud-6f545f89ff-cbxfm,0.002363671985545187
1783675548,cpu_cores,pod=workload-cloud-6f545f89ff-cbxfm,0.0019384389195982912
1783675558,cpu_cores,pod=workload-cloud-6f545f89ff-cbxfm,0.00234520100502549
1783675138,cpu_cores,pod=workload-cloud-6f545f89ff-dbglb,0.0435267499207293
1783675148,cpu_cores,pod=workload-cloud-6f545f89ff-dbglb,0.0960689892387225
1783675158,cpu_cores,pod=workload-cloud-6f545f89ff-dbglb,0.15381296975845538
1783675168,cpu_cores,pod=workload-cloud-6f545f89ff-dbglb,0.19370600889828624
1783675178,cpu_cores,pod=workload-cloud-6f545f89ff-dbglb,0.24583877744225177
1783675188,cpu_cores,pod=workload-cloud-6f545f89ff-dbglb,0.2848320489177909
1783675198,cpu_cores,pod=workload-cloud-6f545f89ff-dbglb,0.2926191106941148
1783675208,cpu_cores,pod=workload-cloud-6f545f89ff-dbglb,0.29132668310163423
1783675218,cpu_cores,pod=workload-cloud-6f545f89ff-dbglb,0.29962472394710177
1783675228,cpu_cores,pod=workload-cloud-6f545f89ff-dbglb,0.24215087585774875
1783675238,cpu_cores,pod=workload-cloud-6f545f89ff-dbglb,0.2984038821276877
1783675248,cpu_cores,pod=workload-cloud-6f545f89ff-dbglb,0.29560997442455245
1783675258,cpu_cores,pod=workload-cloud-6f545f89ff-dbglb,0.298035226968697
1783675268,cpu_cores,pod=workload-cloud-6f545f89ff-dbglb,0.28985667845532814
1783675278,cpu_cores,pod=workload-cloud-6f545f89ff-dbglb,0.2912176465899732
1783675288,cpu_cores,pod=workload-cloud-6f545f89ff-dbglb,0.21211846410916937
1783675298,cpu_cores,pod=workload-cloud-6f545f89ff-dbglb,0.18278209841628948
1783675308,cpu_cores,pod=workload-cloud-6f545f89ff-dbglb,0.08546638193767757
1783675318,cpu_cores,pod=workload-cloud-6f545f89ff-dbglb,0.03401331572279573
1783675328,cpu_cores,pod=workload-cloud-6f545f89ff-dbglb,0.0022443941693634315
1783675338,cpu_cores,pod=workload-cloud-6f545f89ff-dbglb,0.002207101711306485
1783675348,cpu_cores,pod=workload-cloud-6f545f89ff-dbglb,0.002265918097754349
1783675358,cpu_cores,pod=workload-cloud-6f545f89ff-dbglb,0.002256430360448593
1783675368,cpu_cores,pod=workload-cloud-6f545f89ff-dbglb,0.0021721569239689705
1783675378,cpu_cores,pod=workload-cloud-6f545f89ff-dbglb,0.0021721569239689705
1783675388,cpu_cores,pod=workload-cloud-6f545f89ff-dbglb,0.0022860020334170496
1783675398,cpu_cores,pod=workload-cloud-6f545f89ff-dbglb,0.002306543541404118
1783675408,cpu_cores,pod=workload-cloud-6f545f89ff-dbglb,0.002259619071967285
1783675418,cpu_cores,pod=workload-cloud-6f545f89ff-dbglb,0.0023439219092527184
1783675428,cpu_cores,pod=workload-cloud-6f545f89ff-dbglb,0.0018871286666374179
1783675438,cpu_cores,pod=workload-cloud-6f545f89ff-dbglb,0.0022189264633808497
1783675448,cpu_cores,pod=workload-cloud-6f545f89ff-dbglb,0.0018927913729864462
1783675458,cpu_cores,pod=workload-cloud-6f545f89ff-dbglb,0.0022300564359120966
1783675468,cpu_cores,pod=workload-cloud-6f545f89ff-dbglb,0.002180880895654548
1783675478,cpu_cores,pod=workload-cloud-6f545f89ff-dbglb,0.0022006838683553943
1783675488,cpu_cores,pod=workload-cloud-6f545f89ff-dbglb,0.0022006838683553943
1783675498,cpu_cores,pod=workload-cloud-6f545f89ff-dbglb,0.0021708383233532765
1783675508,cpu_cores,pod=workload-cloud-6f545f89ff-dbglb,0.0022129591858641574
1783675518,cpu_cores,pod=workload-cloud-6f545f89ff-dbglb,0.0022129591858641574
1783675528,cpu_cores,pod=workload-cloud-6f545f89ff-dbglb,0.002251403589507524
1783675538,cpu_cores,pod=workload-cloud-6f545f89ff-dbglb,0.0019400763418098656
1783675548,cpu_cores,pod=workload-cloud-6f545f89ff-dbglb,0.002323069424429878
1783675558,cpu_cores,pod=workload-cloud-6f545f89ff-dbglb,0.0022673506081439514
1783675168,cpu_cores,pod=workload-cloud-6f545f89ff-dncf5,0.016793490283613443
1783675178,cpu_cores,pod=workload-cloud-6f545f89ff-dncf5,0.013210755835868072
1783675188,cpu_cores,pod=workload-cloud-6f545f89ff-dncf5,0.01751452514462933
1783675198,cpu_cores,pod=workload-cloud-6f545f89ff-dncf5,0.015210731425993194
1783675208,cpu_cores,pod=workload-cloud-6f545f89ff-dncf5,0.017609361623360093
1783675218,cpu_cores,pod=workload-cloud-6f545f89ff-dncf5,0.002348522299838795
1783675228,cpu_cores,pod=workload-cloud-6f545f89ff-dncf5,0.002337836258676702
1783675238,cpu_cores,pod=workload-cloud-6f545f89ff-dncf5,0.0018107684644531694
1783675248,cpu_cores,pod=workload-cloud-6f545f89ff-dncf5,0.0022689596422106285
1783675258,cpu_cores,pod=workload-cloud-6f545f89ff-dncf5,0.0018761615316117554
1783675268,cpu_cores,pod=workload-cloud-6f545f89ff-dncf5,0.0022541627978953887
1783675278,cpu_cores,pod=workload-cloud-6f545f89ff-dncf5,0.0022906908299591524
1783675288,cpu_cores,pod=workload-cloud-6f545f89ff-dncf5,0.00225190464487589
1783675298,cpu_cores,pod=workload-cloud-6f545f89ff-dncf5,0.0022727884497736432
1783675308,cpu_cores,pod=workload-cloud-6f545f89ff-dncf5,0.0023227550257016705
1783675318,cpu_cores,pod=workload-cloud-6f545f89ff-dncf5,0.002335379117464264
1783675328,cpu_cores,pod=workload-cloud-6f545f89ff-dncf5,0.0023318442741953526
1783675338,cpu_cores,pod=workload-cloud-6f545f89ff-dncf5,0.002286708269009157
1783675348,cpu_cores,pod=workload-cloud-6f545f89ff-dncf5,0.002007801319823447
1783675358,cpu_cores,pod=workload-cloud-6f545f89ff-dncf5,0.0022416798300561023
1783675368,cpu_cores,pod=workload-cloud-6f545f89ff-dncf5,0.002216498706858112
1783675378,cpu_cores,pod=workload-cloud-6f545f89ff-dncf5,0.002210089154722942
1783675388,cpu_cores,pod=workload-cloud-6f545f89ff-dncf5,0.0022737218078892956
1783675398,cpu_cores,pod=workload-cloud-6f545f89ff-dncf5,0.0018636134882680318
1783675408,cpu_cores,pod=workload-cloud-6f545f89ff-dncf5,0.002249738598890048
1783675418,cpu_cores,pod=workload-cloud-6f545f89ff-dncf5,0.0022506654950507805
1783675428,cpu_cores,pod=workload-cloud-6f545f89ff-dncf5,0.0022082796355332506
1783675438,cpu_cores,pod=workload-cloud-6f545f89ff-dncf5,0.0022082796355332506
1783675448,cpu_cores,pod=workload-cloud-6f545f89ff-dncf5,0.002220931876476882
1783675458,cpu_cores,pod=workload-cloud-6f545f89ff-dncf5,0.002260067528617312
1783675468,cpu_cores,pod=workload-cloud-6f545f89ff-dncf5,0.0019648097820577776
1783675478,cpu_cores,pod=workload-cloud-6f545f89ff-dncf5,0.001996309325899643
1783675488,cpu_cores,pod=workload-cloud-6f545f89ff-dncf5,0.0023367741617599997
1783675498,cpu_cores,pod=workload-cloud-6f545f89ff-dncf5,0.0023480740114438558
1783675508,cpu_cores,pod=workload-cloud-6f545f89ff-dncf5,0.0023517303733913003
1783675518,cpu_cores,pod=workload-cloud-6f545f89ff-dncf5,0.0023253338447891438
1783675528,cpu_cores,pod=workload-cloud-6f545f89ff-dncf5,0.0024505258739301785
1783675538,cpu_cores,pod=workload-cloud-6f545f89ff-dncf5,0.0024505258739301785
1783675548,cpu_cores,pod=workload-cloud-6f545f89ff-dncf5,0.002474258821736147
1783675558,cpu_cores,pod=workload-cloud-6f545f89ff-dncf5,0.002448599066712062
1783674928,cpu_cores,pod=workload-cloud-6f545f89ff-jjd8v,0.0009919389920135923
1783675088,cpu_cores,pod=workload-cloud-6f545f89ff-mspvv,0.016699587703107747
1783675098,cpu_cores,pod=workload-cloud-6f545f89ff-mspvv,0.014554925
1783675108,cpu_cores,pod=workload-cloud-6f545f89ff-mspvv,0.013745349497343596
1783675118,cpu_cores,pod=workload-cloud-6f545f89ff-mspvv,0.02305262743948401
1783675128,cpu_cores,pod=workload-cloud-6f545f89ff-mspvv,0.08723997512035947
1783675138,cpu_cores,pod=workload-cloud-6f545f89ff-mspvv,0.15402759529277715
1783675148,cpu_cores,pod=workload-cloud-6f545f89ff-mspvv,0.24338653617774333
1783675158,cpu_cores,pod=workload-cloud-6f545f89ff-mspvv,0.28366774002893996
1783675168,cpu_cores,pod=workload-cloud-6f545f89ff-mspvv,0.3882496268440498
1783675178,cpu_cores,pod=workload-cloud-6f545f89ff-mspvv,0.44826471566996173
1783675188,cpu_cores,pod=workload-cloud-6f545f89ff-mspvv,0.46204224272252853
1783675198,cpu_cores,pod=workload-cloud-6f545f89ff-mspvv,0.4579574369436202
1783675208,cpu_cores,pod=workload-cloud-6f545f89ff-mspvv,0.46211678753345425
1783675218,cpu_cores,pod=workload-cloud-6f545f89ff-mspvv,0.46211678753345425
1783675228,cpu_cores,pod=workload-cloud-6f545f89ff-mspvv,0.464524392581078
1783675238,cpu_cores,pod=workload-cloud-6f545f89ff-mspvv,0.47041346417578395
1783675248,cpu_cores,pod=workload-cloud-6f545f89ff-mspvv,0.4724839147975499
1783675258,cpu_cores,pod=workload-cloud-6f545f89ff-mspvv,0.4690772841744736
1783675268,cpu_cores,pod=workload-cloud-6f545f89ff-mspvv,0.4705567734863626
1783675278,cpu_cores,pod=workload-cloud-6f545f89ff-mspvv,0.4542142902414804
1783675288,cpu_cores,pod=workload-cloud-6f545f89ff-mspvv,0.3926964425705024
1783675298,cpu_cores,pod=workload-cloud-6f545f89ff-mspvv,0.3926964425705024
1783675308,cpu_cores,pod=workload-cloud-6f545f89ff-mspvv,0.27029987807080924
1783675318,cpu_cores,pod=workload-cloud-6f545f89ff-mspvv,0.14294000883305538
1783675328,cpu_cores,pod=workload-cloud-6f545f89ff-mspvv,0.1207168080153162
1783675338,cpu_cores,pod=workload-cloud-6f545f89ff-mspvv,0.06121688340807167
1783675348,cpu_cores,pod=workload-cloud-6f545f89ff-mspvv,0.05878122777382667
1783675358,cpu_cores,pod=workload-cloud-6f545f89ff-mspvv,0.05876385624932206
1783675368,cpu_cores,pod=workload-cloud-6f545f89ff-mspvv,0.05859837780651217
1783675378,cpu_cores,pod=workload-cloud-6f545f89ff-mspvv,0.059048847087378606
1783675388,cpu_cores,pod=workload-cloud-6f545f89ff-mspvv,0.05926172429243524
1783675398,cpu_cores,pod=workload-cloud-6f545f89ff-mspvv,0.059734266257576656
1783675408,cpu_cores,pod=workload-cloud-6f545f89ff-mspvv,0.05988612889457957
1783675418,cpu_cores,pod=workload-cloud-6f545f89ff-mspvv,0.05022526764253137
1783675428,cpu_cores,pod=workload-cloud-6f545f89ff-mspvv,0.05906199168624633
1783675438,cpu_cores,pod=workload-cloud-6f545f89ff-mspvv,0.058640161422913034
1783675448,cpu_cores,pod=workload-cloud-6f545f89ff-mspvv,0.05822782551404182
1783675458,cpu_cores,pod=workload-cloud-6f545f89ff-mspvv,0.058614507994839665
1783675468,cpu_cores,pod=workload-cloud-6f545f89ff-mspvv,0.05022857657281247
1783675478,cpu_cores,pod=workload-cloud-6f545f89ff-mspvv,0.05781192295933954
1783675488,cpu_cores,pod=workload-cloud-6f545f89ff-mspvv,0.04292013219498761
1783675498,cpu_cores,pod=workload-cloud-6f545f89ff-mspvv,0.0259871814705948
1783675508,cpu_cores,pod=workload-cloud-6f545f89ff-mspvv,0.0259871814705948
1783675518,cpu_cores,pod=workload-cloud-6f545f89ff-mspvv,0.00227500651674201
1783675528,cpu_cores,pod=workload-cloud-6f545f89ff-mspvv,0.00227500651674201
1783675538,cpu_cores,pod=workload-cloud-6f545f89ff-mspvv,0.0023071252549287744
1783675548,cpu_cores,pod=workload-cloud-6f545f89ff-mspvv,0.002322878508724229
1783675558,cpu_cores,pod=workload-cloud-6f545f89ff-mspvv,0.002032003347462595
1783674928,cpu_cores,pod=workload-cloud-6f545f89ff-r28zz,0.002585187331020699
1783674938,cpu_cores,pod=workload-cloud-6f545f89ff-r28zz,0.002594373329591958
1783674948,cpu_cores,pod=workload-cloud-6f545f89ff-r28zz,0.01548094897113175
1783674958,cpu_cores,pod=workload-cloud-6f545f89ff-r28zz,0.034668291000050366
1783674968,cpu_cores,pod=workload-cloud-6f545f89ff-r28zz,0.04974925619551107
1783674978,cpu_cores,pod=workload-cloud-6f545f89ff-r28zz,0.07221376370280283
1783674988,cpu_cores,pod=workload-cloud-6f545f89ff-r28zz,0.09940736752462824
1783674998,cpu_cores,pod=workload-cloud-6f545f89ff-r28zz,0.1348333598409559
1783675008,cpu_cores,pod=workload-cloud-6f545f89ff-r28zz,0.14808301811665708
1783675018,cpu_cores,pod=workload-cloud-6f545f89ff-r28zz,0.1848725107465563
1783675028,cpu_cores,pod=workload-cloud-6f545f89ff-r28zz,0.17622790784892844
1783675038,cpu_cores,pod=workload-cloud-6f545f89ff-r28zz,0.21270219912231073
1783675048,cpu_cores,pod=workload-cloud-6f545f89ff-r28zz,0.2238225495270794
1783675058,cpu_cores,pod=workload-cloud-6f545f89ff-r28zz,0.19610833127196461
1783675068,cpu_cores,pod=workload-cloud-6f545f89ff-r28zz,0.23620480440562053
1783675078,cpu_cores,pod=workload-cloud-6f545f89ff-r28zz,0.24050463408458672
1783675088,cpu_cores,pod=workload-cloud-6f545f89ff-r28zz,0.24913227537707347
1783675098,cpu_cores,pod=workload-cloud-6f545f89ff-r28zz,0.20951885952392227
1783675108,cpu_cores,pod=workload-cloud-6f545f89ff-r28zz,0.2595203999587668
1783675118,cpu_cores,pod=workload-cloud-6f545f89ff-r28zz,0.2700916153443573
1783675128,cpu_cores,pod=workload-cloud-6f545f89ff-r28zz,0.27634772317069367
1783675138,cpu_cores,pod=workload-cloud-6f545f89ff-r28zz,0.3216174728725321
1783675148,cpu_cores,pod=workload-cloud-6f545f89ff-r28zz,0.4013068227532429
1783675158,cpu_cores,pod=workload-cloud-6f545f89ff-r28zz,0.4013068227532429
1783675168,cpu_cores,pod=workload-cloud-6f545f89ff-r28zz,0.47742308015636525
1783675178,cpu_cores,pod=workload-cloud-6f545f89ff-r28zz,0.5186459453088104
1783675188,cpu_cores,pod=workload-cloud-6f545f89ff-r28zz,0.5234921259098169
1783675198,cpu_cores,pod=workload-cloud-6f545f89ff-r28zz,0.5261068213189347
1783675208,cpu_cores,pod=workload-cloud-6f545f89ff-r28zz,0.4488910162222333
1783675218,cpu_cores,pod=workload-cloud-6f545f89ff-r28zz,0.5288004804993607
1783675228,cpu_cores,pod=workload-cloud-6f545f89ff-r28zz,0.5208077713225467
1783675238,cpu_cores,pod=workload-cloud-6f545f89ff-r28zz,0.5162472345835988
1783675248,cpu_cores,pod=workload-cloud-6f545f89ff-r28zz,0.5270302625993132
1783675258,cpu_cores,pod=workload-cloud-6f545f89ff-r28zz,0.5296364860665055
1783675268,cpu_cores,pod=workload-cloud-6f545f89ff-r28zz,0.5376060453762188
1783675278,cpu_cores,pod=workload-cloud-6f545f89ff-r28zz,0.522606782650224
1783675288,cpu_cores,pod=workload-cloud-6f545f89ff-r28zz,0.49770000954289995
1783675298,cpu_cores,pod=workload-cloud-6f545f89ff-r28zz,0.4769789129866752
1783675308,cpu_cores,pod=workload-cloud-6f545f89ff-r28zz,0.3695558290550174
1783675318,cpu_cores,pod=workload-cloud-6f545f89ff-r28zz,0.36955582905501744
1783675328,cpu_cores,pod=workload-cloud-6f545f89ff-r28zz,0.31423774465064513
1783675338,cpu_cores,pod=workload-cloud-6f545f89ff-r28zz,0.2924266310627204
1783675348,cpu_cores,pod=workload-cloud-6f545f89ff-r28zz,0.2886073892038316
1783675358,cpu_cores,pod=workload-cloud-6f545f89ff-r28zz,0.2828290506780886
1783675368,cpu_cores,pod=workload-cloud-6f545f89ff-r28zz,0.23010484850637497
1783675378,cpu_cores,pod=workload-cloud-6f545f89ff-r28zz,0.2744163673176206
1783675388,cpu_cores,pod=workload-cloud-6f545f89ff-r28zz,0.27554715325342694
1783675398,cpu_cores,pod=workload-cloud-6f545f89ff-r28zz,0.27554715325342694
1783675408,cpu_cores,pod=workload-cloud-6f545f89ff-r28zz,0.27821142696839685
1783675418,cpu_cores,pod=workload-cloud-6f545f89ff-r28zz,0.27960093661147595
1783675428,cpu_cores,pod=workload-cloud-6f545f89ff-r28zz,0.28130633208877065
1783675438,cpu_cores,pod=workload-cloud-6f545f89ff-r28zz,0.2785530796343874
1783675448,cpu_cores,pod=workload-cloud-6f545f89ff-r28zz,0.27963343025092885
1783675458,cpu_cores,pod=workload-cloud-6f545f89ff-r28zz,0.27931062119987504
1783675468,cpu_cores,pod=workload-cloud-6f545f89ff-r28zz,0.2774001439283198
1783675478,cpu_cores,pod=workload-cloud-6f545f89ff-r28zz,0.27740014392831985
1783675488,cpu_cores,pod=workload-cloud-6f545f89ff-r28zz,0.27382577581019557
1783675498,cpu_cores,pod=workload-cloud-6f545f89ff-r28zz,0.27144170734841305
1783675508,cpu_cores,pod=workload-cloud-6f545f89ff-r28zz,0.22692358006292146
1783675518,cpu_cores,pod=workload-cloud-6f545f89ff-r28zz,0.13930273654828432
1783675528,cpu_cores,pod=workload-cloud-6f545f89ff-r28zz,0.07347852936951645
1783675538,cpu_cores,pod=workload-cloud-6f545f89ff-r28zz,0.053037557820621195
1783675548,cpu_cores,pod=workload-cloud-6f545f89ff-r28zz,0.002523896938307655
1783675558,cpu_cores,pod=workload-cloud-6f545f89ff-r28zz,0.002523896938307655
1783674928,cpu_cores,pod=workload-edge-7b875fd8c6-pxwvc,0.0026930480188396807
1783674938,cpu_cores,pod=workload-edge-7b875fd8c6-pxwvc,0.0026930480188396807
1783674948,cpu_cores,pod=workload-edge-7b875fd8c6-pxwvc,0.0026619514227260235
1783674958,cpu_cores,pod=workload-edge-7b875fd8c6-pxwvc,0.002665863475807907
1783674968,cpu_cores,pod=workload-edge-7b875fd8c6-pxwvc,0.002647109090908502
1783674978,cpu_cores,pod=workload-edge-7b875fd8c6-pxwvc,0.0025783221366549617
1783674988,cpu_cores,pod=workload-edge-7b875fd8c6-pxwvc,0.0026312496508572323
1783674998,cpu_cores,pod=workload-edge-7b875fd8c6-pxwvc,0.0026289064745424018
1783675008,cpu_cores,pod=workload-edge-7b875fd8c6-pxwvc,0.0026392465143846447
1783675018,cpu_cores,pod=workload-edge-7b875fd8c6-pxwvc,0.0026443598227100756
1783675028,cpu_cores,pod=workload-edge-7b875fd8c6-pxwvc,0.002662751868426032
1783675038,cpu_cores,pod=workload-edge-7b875fd8c6-pxwvc,0.0026627518684260317
1783675048,cpu_cores,pod=workload-edge-7b875fd8c6-pxwvc,0.0026657639459281754
1783675058,cpu_cores,pod=workload-edge-7b875fd8c6-pxwvc,0.0027001698561890165
1783675068,cpu_cores,pod=workload-edge-7b875fd8c6-pxwvc,0.0027001698561890165
1783675078,cpu_cores,pod=workload-edge-7b875fd8c6-pxwvc,0.002593457089295439
1783675088,cpu_cores,pod=workload-edge-7b875fd8c6-pxwvc,0.002260392271545429
1783675098,cpu_cores,pod=workload-edge-7b875fd8c6-pxwvc,0.002674721412308859
1783675108,cpu_cores,pod=workload-edge-7b875fd8c6-pxwvc,0.0022417332821326095
1783675118,cpu_cores,pod=workload-edge-7b875fd8c6-pxwvc,0.002667647416415107
1783675128,cpu_cores,pod=workload-edge-7b875fd8c6-pxwvc,0.0026850298496177553
1783675138,cpu_cores,pod=workload-edge-7b875fd8c6-pxwvc,0.0026783792166084593
1783675148,cpu_cores,pod=workload-edge-7b875fd8c6-pxwvc,0.002646185783483682
1783675158,cpu_cores,pod=workload-edge-7b875fd8c6-pxwvc,0.0027785870531929205
1783675168,cpu_cores,pod=workload-edge-7b875fd8c6-pxwvc,0.0023503836334037814
1783675178,cpu_cores,pod=workload-edge-7b875fd8c6-pxwvc,0.0027620419301761893
1783675188,cpu_cores,pod=workload-edge-7b875fd8c6-pxwvc,0.0027806567416316192
1783675198,cpu_cores,pod=workload-edge-7b875fd8c6-pxwvc,0.0027616972098419845
1783675208,cpu_cores,pod=workload-edge-7b875fd8c6-pxwvc,0.0027661027439641827
1783675218,cpu_cores,pod=workload-edge-7b875fd8c6-pxwvc,0.002848344622536564
1783675228,cpu_cores,pod=workload-edge-7b875fd8c6-pxwvc,0.0028039433391231403
1783675238,cpu_cores,pod=workload-edge-7b875fd8c6-pxwvc,0.0027970382028908026
1783675248,cpu_cores,pod=workload-edge-7b875fd8c6-pxwvc,0.0028051433544030355
1783675258,cpu_cores,pod=workload-edge-7b875fd8c6-pxwvc,0.0028051433544030355
1783675268,cpu_cores,pod=workload-edge-7b875fd8c6-pxwvc,0.002738415608441946
1783675278,cpu_cores,pod=workload-edge-7b875fd8c6-pxwvc,0.00277293175334336
1783675288,cpu_cores,pod=workload-edge-7b875fd8c6-pxwvc,0.002779329771168037
1783675298,cpu_cores,pod=workload-edge-7b875fd8c6-pxwvc,0.0027658914426207256
1783675308,cpu_cores,pod=workload-edge-7b875fd8c6-pxwvc,0.002703371554249122
1783675318,cpu_cores,pod=workload-edge-7b875fd8c6-pxwvc,0.002703371554249122
1783675328,cpu_cores,pod=workload-edge-7b875fd8c6-pxwvc,0.0026220228679895777
1783675338,cpu_cores,pod=workload-edge-7b875fd8c6-pxwvc,0.0025867488279586615
1783675348,cpu_cores,pod=workload-edge-7b875fd8c6-pxwvc,0.0025221805843892234
1783675358,cpu_cores,pod=workload-edge-7b875fd8c6-pxwvc,0.002575460829489684
1783675368,cpu_cores,pod=workload-edge-7b875fd8c6-pxwvc,0.002128610857075183
1783675378,cpu_cores,pod=workload-edge-7b875fd8c6-pxwvc,0.002606214385550787
1783675388,cpu_cores,pod=workload-edge-7b875fd8c6-pxwvc,0.0026422837133869247
1783675398,cpu_cores,pod=workload-edge-7b875fd8c6-pxwvc,0.002678049530845184
1783675408,cpu_cores,pod=workload-edge-7b875fd8c6-pxwvc,0.002678049530845184
1783675418,cpu_cores,pod=workload-edge-7b875fd8c6-pxwvc,0.002613681794627739
1783675428,cpu_cores,pod=workload-edge-7b875fd8c6-pxwvc,0.002638922492374165
1783675438,cpu_cores,pod=workload-edge-7b875fd8c6-pxwvc,0.002644481469007839
1783675448,cpu_cores,pod=workload-edge-7b875fd8c6-pxwvc,0.0026032689450214115
1783675458,cpu_cores,pod=workload-edge-7b875fd8c6-pxwvc,0.002674023338404174
1783675468,cpu_cores,pod=workload-edge-7b875fd8c6-pxwvc,0.002674023338404174
1783675478,cpu_cores,pod=workload-edge-7b875fd8c6-pxwvc,0.0026786810757718294
1783675488,cpu_cores,pod=workload-edge-7b875fd8c6-pxwvc,0.002694174130763038
1783675498,cpu_cores,pod=workload-edge-7b875fd8c6-pxwvc,0.002573028070453696
1783675508,cpu_cores,pod=workload-edge-7b875fd8c6-pxwvc,0.002573028070453696
1783675518,cpu_cores,pod=workload-edge-7b875fd8c6-pxwvc,0.0021168626166166433
1783675528,cpu_cores,pod=workload-edge-7b875fd8c6-pxwvc,0.002577757296466795
1783675538,cpu_cores,pod=workload-edge-7b875fd8c6-pxwvc,0.002665449804432554
1783675548,cpu_cores,pod=workload-edge-7b875fd8c6-pxwvc,0.0026428614916307346
1783675558,cpu_cores,pod=workload-edge-7b875fd8c6-pxwvc,0.0026127560631019403
1783675138,cpu_utilisation,pod=workload-cloud-6f545f89ff-82tbg,0.14521456228136723
1783675148,cpu_utilisation,pod=workload-cloud-6f545f89ff-82tbg,0.22185815397016057
1783675158,cpu_utilisation,pod=workload-cloud-6f545f89ff-82tbg,0.3946794308142911
1783675168,cpu_utilisation,pod=workload-cloud-6f545f89ff-82tbg,0.5291541935365296
1783675178,cpu_utilisation,pod=workload-cloud-6f545f89ff-82tbg,0.5300494583333333
1783675188,cpu_utilisation,pod=workload-cloud-6f545f89ff-82tbg,0.7636975638207188
1783675198,cpu_utilisation,pod=workload-cloud-6f545f89ff-82tbg,0.7567042340043474
1783675208,cpu_utilisation,pod=workload-cloud-6f545f89ff-82tbg,0.6420004838665218
1783675218,cpu_utilisation,pod=workload-cloud-6f545f89ff-82tbg,0.7528368604605081
1783675228,cpu_utilisation,pod=workload-cloud-6f545f89ff-82tbg,0.7376159139139568
1783675238,cpu_utilisation,pod=workload-cloud-6f545f89ff-82tbg,0.7376159139139568
1783675248,cpu_utilisation,pod=workload-cloud-6f545f89ff-82tbg,0.7502675912788024
1783675258,cpu_utilisation,pod=workload-cloud-6f545f89ff-82tbg,0.7515447145552678
1783675268,cpu_utilisation,pod=workload-cloud-6f545f89ff-82tbg,0.7515447145552678
1783675278,cpu_utilisation,pod=workload-cloud-6f545f89ff-82tbg,0.7154611366191904
1783675288,cpu_utilisation,pod=workload-cloud-6f545f89ff-82tbg,0.45402130627488896
1783675298,cpu_utilisation,pod=workload-cloud-6f545f89ff-82tbg,0.45402130627488896
1783675308,cpu_utilisation,pod=workload-cloud-6f545f89ff-82tbg,0.1849108939648556
1783675318,cpu_utilisation,pod=workload-cloud-6f545f89ff-82tbg,0.052820790621440745
1783675328,cpu_utilisation,pod=workload-cloud-6f545f89ff-82tbg,0.04150908390445672
1783675338,cpu_utilisation,pod=workload-cloud-6f545f89ff-82tbg,0.010962809741118558
1783675348,cpu_utilisation,pod=workload-cloud-6f545f89ff-82tbg,0.008991885526588415
1783675358,cpu_utilisation,pod=workload-cloud-6f545f89ff-82tbg,0.010927253972541864
1783675368,cpu_utilisation,pod=workload-cloud-6f545f89ff-82tbg,0.011407024020936577
1783675378,cpu_utilisation,pod=workload-cloud-6f545f89ff-82tbg,0.01134232509571871
1783675388,cpu_utilisation,pod=workload-cloud-6f545f89ff-82tbg,0.011315317831622285
1783675398,cpu_utilisation,pod=workload-cloud-6f545f89ff-82tbg,0.011440540702673687
1783675408,cpu_utilisation,pod=workload-cloud-6f545f89ff-82tbg,0.010891866406438563
1783675418,cpu_utilisation,pod=workload-cloud-6f545f89ff-82tbg,0.010891866406438563
1783675428,cpu_utilisation,pod=workload-cloud-6f545f89ff-82tbg,0.011352778098648498
1783675438,cpu_utilisation,pod=workload-cloud-6f545f89ff-82tbg,0.008923061519607742
1783675448,cpu_utilisation,pod=workload-cloud-6f545f89ff-82tbg,0.010964012434241869
1783675458,cpu_utilisation,pod=workload-cloud-6f545f89ff-82tbg,0.011332807759382604
1783675468,cpu_utilisation,pod=workload-cloud-6f545f89ff-82tbg,0.01053220791686679
1783675478,cpu_utilisation,pod=workload-cloud-6f545f89ff-82tbg,0.01053220791686679
1783675488,cpu_utilisation,pod=workload-cloud-6f545f89ff-82tbg,0.011221368075264462
1783675498,cpu_utilisation,pod=workload-cloud-6f545f89ff-82tbg,0.0110541847084644
1783675508,cpu_utilisation,pod=workload-cloud-6f545f89ff-82tbg,0.011075695201194655
1783675518,cpu_utilisation,pod=workload-cloud-6f545f89ff-82tbg,0.01166306254845144
1783675528,cpu_utilisation,pod=workload-cloud-6f545f89ff-82tbg,0.011497686283815601
1783675538,cpu_utilisation,pod=workload-cloud-6f545f89ff-82tbg,0.011786425283065671
1783675548,cpu_utilisation,pod=workload-cloud-6f545f89ff-82tbg,0.01211156055085517
1783675558,cpu_utilisation,pod=workload-cloud-6f545f89ff-82tbg,0.01163597845885803
1783675028,cpu_utilisation,pod=workload-cloud-6f545f89ff-cbxfm,0.09925250592701847
1783675038,cpu_utilisation,pod=workload-cloud-6f545f89ff-cbxfm,0.1505739305965257
1783675048,cpu_utilisation,pod=workload-cloud-6f545f89ff-cbxfm,0.22108879527489994
1783675058,cpu_utilisation,pod=workload-cloud-6f545f89ff-cbxfm,0.301448045107253
1783675068,cpu_utilisation,pod=workload-cloud-6f545f89ff-cbxfm,0.4057713052489026
1783675078,cpu_utilisation,pod=workload-cloud-6f545f89ff-cbxfm,0.3895482458899338
1783675088,cpu_utilisation,pod=workload-cloud-6f545f89ff-cbxfm,0.5617035944746924
1783675098,cpu_utilisation,pod=workload-cloud-6f545f89ff-cbxfm,0.6220316572853309
1783675108,cpu_utilisation,pod=workload-cloud-6f545f89ff-cbxfm,0.6700764507584879
1783675118,cpu_utilisation,pod=workload-cloud-6f545f89ff-cbxfm,0.7602333485780808
1783675128,cpu_utilisation,pod=workload-cloud-6f545f89ff-cbxfm,1.1005896195863378
1783675138,cpu_utilisation,pod=workload-cloud-6f545f89ff-cbxfm,1.1005896195863378
1783675148,cpu_utilisation,pod=workload-cloud-6f545f89ff-cbxfm,1.6439008465325122
1783675158,cpu_utilisation,pod=workload-cloud-6f545f89ff-cbxfm,2.3363951224035606
1783675168,cpu_utilisation,pod=workload-cloud-6f545f89ff-cbxfm,2.3363951224035606
1783675178,cpu_utilisation,pod=workload-cloud-6f545f89ff-cbxfm,2.6940815824031517
1783675188,cpu_utilisation,pod=workload-cloud-6f545f89ff-cbxfm,2.768499285563081
1783675198,cpu_utilisation,pod=workload-cloud-6f545f89ff-cbxfm,2.7592701144994023
1783675208,cpu_utilisation,pod=workload-cloud-6f545f89ff-cbxfm,2.732253111393673
1783675218,cpu_utilisation,pod=workload-cloud-6f545f89ff-cbxfm,2.7690285077404453
1783675228,cpu_utilisation,pod=workload-cloud-6f545f89ff-cbxfm,2.7690285077404453
1783675238,cpu_utilisation,pod=workload-cloud-6f545f89ff-cbxfm,2.7648196471016875
1783675248,cpu_utilisation,pod=workload-cloud-6f545f89ff-cbxfm,2.7746233151936806
1783675258,cpu_utilisation,pod=workload-cloud-6f545f89ff-cbxfm,2.8102598327850297
1783675268,cpu_utilisation,pod=workload-cloud-6f545f89ff-cbxfm,2.783903636263916
1783675278,cpu_utilisation,pod=workload-cloud-6f545f89ff-cbxfm,2.2353279136130157
1783675288,cpu_utilisation,pod=workload-cloud-6f545f89ff-cbxfm,2.4970854783354786
1783675298,cpu_utilisation,pod=workload-cloud-6f545f89ff-cbxfm,1.6434403719069053
1783675308,cpu_utilisation,pod=workload-cloud-6f545f89ff-cbxfm,1.9460129524661902
1783675318,cpu_utilisation,pod=workload-cloud-6f545f89ff-cbxfm,1.2796423547615705
1783675328,cpu_utilisation,pod=workload-cloud-6f545f89ff-cbxfm,1.0711672877983316
1783675338,cpu_utilisation,pod=workload-cloud-6f545f89ff-cbxfm,0.8624941768480263
1783675348,cpu_utilisation,pod=workload-cloud-6f545f89ff-cbxfm,0.8221542797221123
1783675358,cpu_utilisation,pod=workload-cloud-6f545f89ff-cbxfm,0.8089981939579671
1783675368,cpu_utilisation,pod=workload-cloud-6f545f89ff-cbxfm,0.8110101125958208
1783675378,cpu_utilisation,pod=workload-cloud-6f545f89ff-cbxfm,0.8204438126654809
1783675388,cpu_utilisation,pod=workload-cloud-6f545f89ff-cbxfm,0.8204438126654809
1783675398,cpu_utilisation,pod=workload-cloud-6f545f89ff-cbxfm,0.8334333139196278
1783675408,cpu_utilisation,pod=workload-cloud-6f545f89ff-cbxfm,0.7180636869835472
1783675418,cpu_utilisation,pod=workload-cloud-6f545f89ff-cbxfm,0.8342500738116321
1783675428,cpu_utilisation,pod=workload-cloud-6f545f89ff-cbxfm,0.8272777162776448
1783675438,cpu_utilisation,pod=workload-cloud-6f545f89ff-cbxfm,0.6981293546429441
1783675448,cpu_utilisation,pod=workload-cloud-6f545f89ff-cbxfm,0.6982126156127081
1783675458,cpu_utilisation,pod=workload-cloud-6f545f89ff-cbxfm,0.8418141167209671
1783675468,cpu_utilisation,pod=workload-cloud-6f545f89ff-cbxfm,0.8458235083958561
1783675478,cpu_utilisation,pod=workload-cloud-6f545f89ff-cbxfm,0.838086907011051
1783675488,cpu_utilisation,pod=workload-cloud-6f545f89ff-cbxfm,0.7447243987376225
1783675498,cpu_utilisation,pod=workload-cloud-6f545f89ff-cbxfm,0.6913564348165075
1783675508,cpu_utilisation,pod=workload-cloud-6f545f89ff-cbxfm,0.46510931956234963
1783675518,cpu_utilisation,pod=workload-cloud-6f545f89ff-cbxfm,0.25819869820421915
1783675528,cpu_utilisation,pod=workload-cloud-6f545f89ff-cbxfm,0.17631685049138557
1783675538,cpu_utilisation,pod=workload-cloud-6f545f89ff-cbxfm,0.011818359927725935
1783675548,cpu_utilisation,pod=workload-cloud-6f545f89ff-cbxfm,0.009692194597991456
1783675558,cpu_utilisation,pod=workload-cloud-6f545f89ff-cbxfm,0.011726005025127448
1783675138,cpu_utilisation,pod=workload-cloud-6f545f89ff-dbglb,0.2176337496036465
1783675148,cpu_utilisation,pod=workload-cloud-6f545f89ff-dbglb,0.48034494619361245
1783675158,cpu_utilisation,pod=workload-cloud-6f545f89ff-dbglb,0.7690648487922769
1783675168,cpu_utilisation,pod=workload-cloud-6f545f89ff-dbglb,0.9685300444914311
1783675178,cpu_utilisation,pod=workload-cloud-6f545f89ff-dbglb,1.2291938872112589
1783675188,cpu_utilisation,pod=workload-cloud-6f545f89ff-dbglb,1.4241602445889545
1783675198,cpu_utilisation,pod=workload-cloud-6f545f89ff-dbglb,1.4630955534705739
1783675208,cpu_utilisation,pod=workload-cloud-6f545f89ff-dbglb,1.456633415508171
1783675218,cpu_utilisation,pod=workload-cloud-6f545f89ff-dbglb,1.4981236197355088
1783675228,cpu_utilisation,pod=workload-cloud-6f545f89ff-dbglb,1.2107543792887436
1783675238,cpu_utilisation,pod=workload-cloud-6f545f89ff-dbglb,1.4920194106384383
1783675248,cpu_utilisation,pod=workload-cloud-6f545f89ff-dbglb,1.4780498721227622
1783675258,cpu_utilisation,pod=workload-cloud-6f545f89ff-dbglb,1.490176134843485
1783675268,cpu_utilisation,pod=workload-cloud-6f545f89ff-dbglb,1.4492833922766406
1783675278,cpu_utilisation,pod=workload-cloud-6f545f89ff-dbglb,1.456088232949866
1783675288,cpu_utilisation,pod=workload-cloud-6f545f89ff-dbglb,1.0605923205458467
1783675298,cpu_utilisation,pod=workload-cloud-6f545f89ff-dbglb,0.9139104920814474
1783675308,cpu_utilisation,pod=workload-cloud-6f545f89ff-dbglb,0.4273319096883878
1783675318,cpu_utilisation,pod=workload-cloud-6f545f89ff-dbglb,0.17006657861397864
1783675328,cpu_utilisation,pod=workload-cloud-6f545f89ff-dbglb,0.011221970846817158
1783675338,cpu_utilisation,pod=workload-cloud-6f545f89ff-dbglb,0.011035508556532424
1783675348,cpu_utilisation,pod=workload-cloud-6f545f89ff-dbglb,0.011329590488771744
1783675358,cpu_utilisation,pod=workload-cloud-6f545f89ff-dbglb,0.011282151802242965
1783675368,cpu_utilisation,pod=workload-cloud-6f545f89ff-dbglb,0.010860784619844853
1783675378,cpu_utilisation,pod=workload-cloud-6f545f89ff-dbglb,0.010860784619844853
1783675388,cpu_utilisation,pod=workload-cloud-6f545f89ff-dbglb,0.011430010167085248
1783675398,cpu_utilisation,pod=workload-cloud-6f545f89ff-dbglb,0.01153271770702059
1783675408,cpu_utilisation,pod=workload-cloud-6f545f89ff-dbglb,0.011298095359836424
1783675418,cpu_utilisation,pod=workload-cloud-6f545f89ff-dbglb,0.01171960954626359
1783675428,cpu_utilisation,pod=workload-cloud-6f545f89ff-dbglb,0.00943564333318709
1783675438,cpu_utilisation,pod=workload-cloud-6f545f89ff-dbglb,0.011094632316904248
1783675448,cpu_utilisation,pod=workload-cloud-6f545f89ff-dbglb,0.00946395686493223
1783675458,cpu_utilisation,pod=workload-cloud-6f545f89ff-dbglb,0.011150282179560482
1783675468,cpu_utilisation,pod=workload-cloud-6f545f89ff-dbglb,0.010904404478272739
1783675478,cpu_utilisation,pod=workload-cloud-6f545f89ff-dbglb,0.01100341934177697
1783675488,cpu_utilisation,pod=workload-cloud-6f545f89ff-dbglb,0.01100341934177697
1783675498,cpu_utilisation,pod=workload-cloud-6f545f89ff-dbglb,0.010854191616766382
1783675508,cpu_utilisation,pod=workload-cloud-6f545f89ff-dbglb,0.011064795929320786
1783675518,cpu_utilisation,pod=workload-cloud-6f545f89ff-dbglb,0.011064795929320786
1783675528,cpu_utilisation,pod=workload-cloud-6f545f89ff-dbglb,0.011257017947537619
1783675538,cpu_utilisation,pod=workload-cloud-6f545f89ff-dbglb,0.009700381709049327
1783675548,cpu_utilisation,pod=workload-cloud-6f545f89ff-dbglb,0.01161534712214939
1783675558,cpu_utilisation,pod=workload-cloud-6f545f89ff-dbglb,0.011336753040719757
1783675168,cpu_utilisation,pod=workload-cloud-6f545f89ff-dncf5,0.0839674514180672
1783675178,cpu_utilisation,pod=workload-cloud-6f545f89ff-dncf5,0.06605377917934036
1783675188,cpu_utilisation,pod=workload-cloud-6f545f89ff-dncf5,0.08757262572314664
1783675198,cpu_utilisation,pod=workload-cloud-6f545f89ff-dncf5,0.07605365712996597
1783675208,cpu_utilisation,pod=workload-cloud-6f545f89ff-dncf5,0.08804680811680046
1783675218,cpu_utilisation,pod=workload-cloud-6f545f89ff-dncf5,0.011742611499193974
1783675228,cpu_utilisation,pod=workload-cloud-6f545f89ff-dncf5,0.011689181293383508
1783675238,cpu_utilisation,pod=workload-cloud-6f545f89ff-dncf5,0.009053842322265847
1783675248,cpu_utilisation,pod=workload-cloud-6f545f89ff-dncf5,0.011344798211053142
1783675258,cpu_utilisation,pod=workload-cloud-6f545f89ff-dncf5,0.009380807658058776
1783675268,cpu_utilisation,pod=workload-cloud-6f545f89ff-dncf5,0.011270813989476942
1783675278,cpu_utilisation,pod=workload-cloud-6f545f89ff-dncf5,0.011453454149795761
1783675288,cpu_utilisation,pod=workload-cloud-6f545f89ff-dncf5,0.01125952322437945
1783675298,cpu_utilisation,pod=workload-cloud-6f545f89ff-dncf5,0.011363942248868216
1783675308,cpu_utilisation,pod=workload-cloud-6f545f89ff-dncf5,0.011613775128508351
1783675318,cpu_utilisation,pod=workload-cloud-6f545f89ff-dncf5,0.011676895587321318
1783675328,cpu_utilisation,pod=workload-cloud-6f545f89ff-dncf5,0.011659221370976762
1783675338,cpu_utilisation,pod=workload-cloud-6f545f89ff-dncf5,0.011433541345045786
1783675348,cpu_utilisation,pod=workload-cloud-6f545f89ff-dncf5,0.010039006599117233
1783675358,cpu_utilisation,pod=workload-cloud-6f545f89ff-dncf5,0.011208399150280511
1783675368,cpu_utilisation,pod=workload-cloud-6f545f89ff-dncf5,0.011082493534290559
1783675378,cpu_utilisation,pod=workload-cloud-6f545f89ff-dncf5,0.01105044577361471
1783675388,cpu_utilisation,pod=workload-cloud-6f545f89ff-dncf5,0.011368609039446477
1783675398,cpu_utilisation,pod=workload-cloud-6f545f89ff-dncf5,0.009318067441340158
1783675408,cpu_utilisation,pod=workload-cloud-6f545f89ff-dncf5,0.01124869299445024
1783675418,cpu_utilisation,pod=workload-cloud-6f545f89ff-dncf5,0.011253327475253903
1783675428,cpu_utilisation,pod=workload-cloud-6f545f89ff-dncf5,0.011041398177666252
1783675438,cpu_utilisation,pod=workload-cloud-6f545f89ff-dncf5,0.011041398177666252
1783675448,cpu_utilisation,pod=workload-cloud-6f545f89ff-dncf5,0.01110465938238441
1783675458,cpu_utilisation,pod=workload-cloud-6f545f89ff-dncf5,0.011300337643086559
1783675468,cpu_utilisation,pod=workload-cloud-6f545f89ff-dncf5,0.009824048910288888
1783675478,cpu_utilisation,pod=workload-cloud-6f545f89ff-dncf5,0.009981546629498215
1783675488,cpu_utilisation,pod=workload-cloud-6f545f89ff-dncf5,0.011683870808799998
1783675498,cpu_utilisation,pod=workload-cloud-6f545f89ff-dncf5,0.011740370057219278
1783675508,cpu_utilisation,pod=workload-cloud-6f545f89ff-dncf5,0.011758651866956502
1783675518,cpu_utilisation,pod=workload-cloud-6f545f89ff-dncf5,0.011626669223945719
1783675528,cpu_utilisation,pod=workload-cloud-6f545f89ff-dncf5,0.012252629369650892
1783675538,cpu_utilisation,pod=workload-cloud-6f545f89ff-dncf5,0.012252629369650892
1783675548,cpu_utilisation,pod=workload-cloud-6f545f89ff-dncf5,0.012371294108680734
1783675558,cpu_utilisation,pod=workload-cloud-6f545f89ff-dncf5,0.012242995333560311
1783675088,cpu_utilisation,pod=workload-cloud-6f545f89ff-mspvv,0.08349793851553873
1783675098,cpu_utilisation,pod=workload-cloud-6f545f89ff-mspvv,0.072774625
1783675108,cpu_utilisation,pod=workload-cloud-6f545f89ff-mspvv,0.06872674748671798
1783675118,cpu_utilisation,pod=workload-cloud-6f545f89ff-mspvv,0.11526313719742005
1783675128,cpu_utilisation,pod=workload-cloud-6f545f89ff-mspvv,0.43619987560179735
1783675138,cpu_utilisation,pod=workload-cloud-6f545f89ff-mspvv,0.7701379764638857
1783675148,cpu_utilisation,pod=workload-cloud-6f545f89ff-mspvv,1.2169326808887166
1783675158,cpu_utilisation,pod=workload-cloud-6f545f89ff-mspvv,1.4183387001446996
1783675168,cpu_utilisation,pod=workload-cloud-6f545f89ff-mspvv,1.9412481342202488
1783675178,cpu_utilisation,pod=workload-cloud-6f545f89ff-mspvv,2.2413235783498084
1783675188,cpu_utilisation,pod=workload-cloud-6f545f89ff-mspvv,2.3102112136126425
1783675198,cpu_utilisation,pod=workload-cloud-6f545f89ff-mspvv,2.289787184718101
1783675208,cpu_utilisation,pod=workload-cloud-6f545f89ff-mspvv,2.310583937667271
1783675218,cpu_utilisation,pod=workload-cloud-6f545f89ff-mspvv,2.310583937667271
1783675228,cpu_utilisation,pod=workload-cloud-6f545f89ff-mspvv,2.32262196290539
1783675238,cpu_utilisation,pod=workload-cloud-6f545f89ff-mspvv,2.35206732087892
1783675248,cpu_utilisation,pod=workload-cloud-6f545f89ff-mspvv,2.3624195739877494
1783675258,cpu_utilisation,pod=workload-cloud-6f545f89ff-mspvv,2.3453864208723676
1783675268,cpu_utilisation,pod=workload-cloud-6f545f89ff-mspvv,2.3527838674318127
1783675278,cpu_utilisation,pod=workload-cloud-6f545f89ff-mspvv,2.2710714512074017
1783675288,cpu_utilisation,pod=workload-cloud-6f545f89ff-mspvv,1.963482212852512
1783675298,cpu_utilisation,pod=workload-cloud-6f545f89ff-mspvv,1.963482212852512
1783675308,cpu_utilisation,pod=workload-cloud-6f545f89ff-mspvv,1.3514993903540462
1783675318,cpu_utilisation,pod=workload-cloud-6f545f89ff-mspvv,0.7147000441652769
1783675328,cpu_utilisation,pod=workload-cloud-6f545f89ff-mspvv,0.603584040076581
1783675338,cpu_utilisation,pod=workload-cloud-6f545f89ff-mspvv,0.3060844170403583
1783675348,cpu_utilisation,pod=workload-cloud-6f545f89ff-mspvv,0.2939061388691333
1783675358,cpu_utilisation,pod=workload-cloud-6f545f89ff-mspvv,0.2938192812466103
1783675368,cpu_utilisation,pod=workload-cloud-6f545f89ff-mspvv,0.29299188903256085
1783675378,cpu_utilisation,pod=workload-cloud-6f545f89ff-mspvv,0.295244235436893
1783675388,cpu_utilisation,pod=workload-cloud-6f545f89ff-mspvv,0.2963086214621762
1783675398,cpu_utilisation,pod=workload-cloud-6f545f89ff-mspvv,0.29867133128788326
1783675408,cpu_utilisation,pod=workload-cloud-6f545f89ff-mspvv,0.2994306444728978
1783675418,cpu_utilisation,pod=workload-cloud-6f545f89ff-mspvv,0.25112633821265684
1783675428,cpu_utilisation,pod=workload-cloud-6f545f89ff-mspvv,0.29530995843123165
1783675438,cpu_utilisation,pod=workload-cloud-6f545f89ff-mspvv,0.29320080711456514
1783675448,cpu_utilisation,pod=workload-cloud-6f545f89ff-mspvv,0.2911391275702091
1783675458,cpu_utilisation,pod=workload-cloud-6f545f89ff-mspvv,0.2930725399741983
1783675468,cpu_utilisation,pod=workload-cloud-6f545f89ff-mspvv,0.25114288286406233
1783675478,cpu_utilisation,pod=workload-cloud-6f545f89ff-mspvv,0.2890596147966977
1783675488,cpu_utilisation,pod=workload-cloud-6f545f89ff-mspvv,0.21460066097493805
1783675498,cpu_utilisation,pod=workload-cloud-6f545f89ff-mspvv,0.129935907352974
1783675508,cpu_utilisation,pod=workload-cloud-6f545f89ff-mspvv,0.129935907352974
1783675518,cpu_utilisation,pod=workload-cloud-6f545f89ff-mspvv,0.01137503258371005
1783675528,cpu_utilisation,pod=workload-cloud-6f545f89ff-mspvv,0.01137503258371005
1783675538,cpu_utilisation,pod=workload-cloud-6f545f89ff-mspvv,0.011535626274643872
1783675548,cpu_utilisation,pod=workload-cloud-6f545f89ff-mspvv,0.011614392543621144
1783675558,cpu_utilisation,pod=workload-cloud-6f545f89ff-mspvv,0.010160016737312974
1783674928,cpu_utilisation,pod=workload-cloud-6f545f89ff-r28zz,0.012925936655103495
1783674938,cpu_utilisation,pod=workload-cloud-6f545f89ff-r28zz,0.012971866647959789
1783674948,cpu_utilisation,pod=workload-cloud-6f545f89ff-r28zz,0.07740474485565874
1783674958,cpu_utilisation,pod=workload-cloud-6f545f89ff-r28zz,0.17334145500025183
1783674968,cpu_utilisation,pod=workload-cloud-6f545f89ff-r28zz,0.24874628097755536
1783674978,cpu_utilisation,pod=workload-cloud-6f545f89ff-r28zz,0.3610688185140141
1783674988,cpu_utilisation,pod=workload-cloud-6f545f89ff-r28zz,0.49703683762314116
1783674998,cpu_utilisation,pod=workload-cloud-6f545f89ff-r28zz,0.6741667992047795
1783675008,cpu_utilisation,pod=workload-cloud-6f545f89ff-r28zz,0.7404150905832854
1783675018,cpu_utilisation,pod=workload-cloud-6f545f89ff-r28zz,0.9243625537327815
1783675028,cpu_utilisation,pod=workload-cloud-6f545f89ff-r28zz,0.8811395392446422
1783675038,cpu_utilisation,pod=workload-cloud-6f545f89ff-r28zz,1.0635109956115536
1783675048,cpu_utilisation,pod=workload-cloud-6f545f89ff-r28zz,1.1191127476353968
1783675058,cpu_utilisation,pod=workload-cloud-6f545f89ff-r28zz,0.980541656359823
1783675068,cpu_utilisation,pod=workload-cloud-6f545f89ff-r28zz,1.1810240220281025
1783675078,cpu_utilisation,pod=workload-cloud-6f545f89ff-r28zz,1.2025231704229336
1783675088,cpu_utilisation,pod=workload-cloud-6f545f89ff-r28zz,1.2456613768853673
1783675098,cpu_utilisation,pod=workload-cloud-6f545f89ff-r28zz,1.0475942976196113
1783675108,cpu_utilisation,pod=workload-cloud-6f545f89ff-r28zz,1.297601999793834
1783675118,cpu_utilisation,pod=workload-cloud-6f545f89ff-r28zz,1.3504580767217866
1783675128,cpu_utilisation,pod=workload-cloud-6f545f89ff-r28zz,1.3817386158534684
1783675138,cpu_utilisation,pod=workload-cloud-6f545f89ff-r28zz,1.6080873643626605
1783675148,cpu_utilisation,pod=workload-cloud-6f545f89ff-r28zz,2.0065341137662145
1783675158,cpu_utilisation,pod=workload-cloud-6f545f89ff-r28zz,2.0065341137662145
1783675168,cpu_utilisation,pod=workload-cloud-6f545f89ff-r28zz,2.387115400781826
1783675178,cpu_utilisation,pod=workload-cloud-6f545f89ff-r28zz,2.5932297265440516
1783675188,cpu_utilisation,pod=workload-cloud-6f545f89ff-r28zz,2.6174606295490843
1783675198,cpu_utilisation,pod=workload-cloud-6f545f89ff-r28zz,2.6305341065946735
1783675208,cpu_utilisation,pod=workload-cloud-6f545f89ff-r28zz,2.2444550811111665
1783675218,cpu_utilisation,pod=workload-cloud-6f545f89ff-r28zz,2.6440024024968034
1783675228,cpu_utilisation,pod=workload-cloud-6f545f89ff-r28zz,2.6040388566127337
1783675238,cpu_utilisation,pod=workload-cloud-6f545f89ff-r28zz,2.581236172917994
1783675248,cpu_utilisation,pod=workload-cloud-6f545f89ff-r28zz,2.6351513129965656
1783675258,cpu_utilisation,pod=workload-cloud-6f545f89ff-r28zz,2.648182430332527
1783675268,cpu_utilisation,pod=workload-cloud-6f545f89ff-r28zz,2.688030226881094
1783675278,cpu_utilisation,pod=workload-cloud-6f545f89ff-r28zz,2.6130339132511198
1783675288,cpu_utilisation,pod=workload-cloud-6f545f89ff-r28zz,2.4885000477144996
1783675298,cpu_utilisation,pod=workload-cloud-6f545f89ff-r28zz,2.384894564933376
1783675308,cpu_utilisation,pod=workload-cloud-6f545f89ff-r28zz,1.847779145275087
1783675318,cpu_utilisation,pod=workload-cloud-6f545f89ff-r28zz,1.8477791452750871
1783675328,cpu_utilisation,pod=workload-cloud-6f545f89ff-r28zz,1.5711887232532256
1783675338,cpu_utilisation,pod=workload-cloud-6f545f89ff-r28zz,1.4621331553136019
1783675348,cpu_utilisation,pod=workload-cloud-6f545f89ff-r28zz,1.4430369460191579
1783675358,cpu_utilisation,pod=workload-cloud-6f545f89ff-r28zz,1.414145253390443
1783675368,cpu_utilisation,pod=workload-cloud-6f545f89ff-r28zz,1.1505242425318747
1783675378,cpu_utilisation,pod=workload-cloud-6f545f89ff-r28zz,1.372081836588103
1783675388,cpu_utilisation,pod=workload-cloud-6f545f89ff-r28zz,1.3777357662671346
1783675398,cpu_utilisation,pod=workload-cloud-6f545f89ff-r28zz,1.3777357662671346
1783675408,cpu_utilisation,pod=workload-cloud-6f545f89ff-r28zz,1.3910571348419842
1783675418,cpu_utilisation,pod=workload-cloud-6f545f89ff-r28zz,1.3980046830573796
1783675428,cpu_utilisation,pod=workload-cloud-6f545f89ff-r28zz,1.4065316604438531
1783675438,cpu_utilisation,pod=workload-cloud-6f545f89ff-r28zz,1.392765398171937
1783675448,cpu_utilisation,pod=workload-cloud-6f545f89ff-r28zz,1.398167151254644
1783675458,cpu_utilisation,pod=workload-cloud-6f545f89ff-r28zz,1.3965531059993752
1783675468,cpu_utilisation,pod=workload-cloud-6f545f89ff-r28zz,1.387000719641599
1783675478,cpu_utilisation,pod=workload-cloud-6f545f89ff-r28zz,1.3870007196415992
1783675488,cpu_utilisation,pod=workload-cloud-6f545f89ff-r28zz,1.3691288790509777
1783675498,cpu_utilisation,pod=workload-cloud-6f545f89ff-r28zz,1.3572085367420652
1783675508,cpu_utilisation,pod=workload-cloud-6f545f89ff-r28zz,1.1346179003146073
1783675518,cpu_utilisation,pod=workload-cloud-6f545f89ff-r28zz,0.6965136827414216
1783675528,cpu_utilisation,pod=workload-cloud-6f545f89ff-r28zz,0.3673926468475822
1783675538,cpu_utilisation,pod=workload-cloud-6f545f89ff-r28zz,0.265187789103106
1783675548,cpu_utilisation,pod=workload-cloud-6f545f89ff-r28zz,0.012619484691538275
1783675558,cpu_utilisation,pod=workload-cloud-6f545f89ff-r28zz,0.012619484691538275
1783674928,cpu_utilisation,pod=workload-edge-7b875fd8c6-pxwvc,0.026930480188396805
1783674938,cpu_utilisation,pod=workload-edge-7b875fd8c6-pxwvc,0.026930480188396805
1783674948,cpu_utilisation,pod=workload-edge-7b875fd8c6-pxwvc,0.026619514227260235
1783674958,cpu_utilisation,pod=workload-edge-7b875fd8c6-pxwvc,0.02665863475807907
1783674968,cpu_utilisation,pod=workload-edge-7b875fd8c6-pxwvc,0.02647109090908502
1783674978,cpu_utilisation,pod=workload-edge-7b875fd8c6-pxwvc,0.025783221366549616
1783674988,cpu_utilisation,pod=workload-edge-7b875fd8c6-pxwvc,0.02631249650857232
1783674998,cpu_utilisation,pod=workload-edge-7b875fd8c6-pxwvc,0.026289064745424015
1783675008,cpu_utilisation,pod=workload-edge-7b875fd8c6-pxwvc,0.026392465143846446
1783675018,cpu_utilisation,pod=workload-edge-7b875fd8c6-pxwvc,0.026443598227100754
1783675028,cpu_utilisation,pod=workload-edge-7b875fd8c6-pxwvc,0.02662751868426032
1783675038,cpu_utilisation,pod=workload-edge-7b875fd8c6-pxwvc,0.026627518684260314
1783675048,cpu_utilisation,pod=workload-edge-7b875fd8c6-pxwvc,0.026657639459281752
1783675058,cpu_utilisation,pod=workload-edge-7b875fd8c6-pxwvc,0.027001698561890164
1783675068,cpu_utilisation,pod=workload-edge-7b875fd8c6-pxwvc,0.027001698561890164
1783675078,cpu_utilisation,pod=workload-edge-7b875fd8c6-pxwvc,0.025934570892954388
1783675088,cpu_utilisation,pod=workload-edge-7b875fd8c6-pxwvc,0.022603922715454288
1783675098,cpu_utilisation,pod=workload-edge-7b875fd8c6-pxwvc,0.02674721412308859
1783675108,cpu_utilisation,pod=workload-edge-7b875fd8c6-pxwvc,0.022417332821326092
1783675118,cpu_utilisation,pod=workload-edge-7b875fd8c6-pxwvc,0.026676474164151066
1783675128,cpu_utilisation,pod=workload-edge-7b875fd8c6-pxwvc,0.026850298496177552
1783675138,cpu_utilisation,pod=workload-edge-7b875fd8c6-pxwvc,0.02678379216608459
1783675148,cpu_utilisation,pod=workload-edge-7b875fd8c6-pxwvc,0.02646185783483682
1783675158,cpu_utilisation,pod=workload-edge-7b875fd8c6-pxwvc,0.027785870531929203
1783675168,cpu_utilisation,pod=workload-edge-7b875fd8c6-pxwvc,0.02350383633403781
1783675178,cpu_utilisation,pod=workload-edge-7b875fd8c6-pxwvc,0.027620419301761893
1783675188,cpu_utilisation,pod=workload-edge-7b875fd8c6-pxwvc,0.02780656741631619
1783675198,cpu_utilisation,pod=workload-edge-7b875fd8c6-pxwvc,0.027616972098419845
1783675208,cpu_utilisation,pod=workload-edge-7b875fd8c6-pxwvc,0.027661027439641824
1783675218,cpu_utilisation,pod=workload-edge-7b875fd8c6-pxwvc,0.02848344622536564
1783675228,cpu_utilisation,pod=workload-edge-7b875fd8c6-pxwvc,0.0280394333912314
1783675238,cpu_utilisation,pod=workload-edge-7b875fd8c6-pxwvc,0.027970382028908024
1783675248,cpu_utilisation,pod=workload-edge-7b875fd8c6-pxwvc,0.028051433544030353
1783675258,cpu_utilisation,pod=workload-edge-7b875fd8c6-pxwvc,0.028051433544030353
1783675268,cpu_utilisation,pod=workload-edge-7b875fd8c6-pxwvc,0.027384156084419457
1783675278,cpu_utilisation,pod=workload-edge-7b875fd8c6-pxwvc,0.0277293175334336
1783675288,cpu_utilisation,pod=workload-edge-7b875fd8c6-pxwvc,0.02779329771168037
1783675298,cpu_utilisation,pod=workload-edge-7b875fd8c6-pxwvc,0.027658914426207253
1783675308,cpu_utilisation,pod=workload-edge-7b875fd8c6-pxwvc,0.02703371554249122
1783675318,cpu_utilisation,pod=workload-edge-7b875fd8c6-pxwvc,0.02703371554249122
1783675328,cpu_utilisation,pod=workload-edge-7b875fd8c6-pxwvc,0.026220228679895777
1783675338,cpu_utilisation,pod=workload-edge-7b875fd8c6-pxwvc,0.025867488279586615
1783675348,cpu_utilisation,pod=workload-edge-7b875fd8c6-pxwvc,0.025221805843892234
1783675358,cpu_utilisation,pod=workload-edge-7b875fd8c6-pxwvc,0.025754608294896838
1783675368,cpu_utilisation,pod=workload-edge-7b875fd8c6-pxwvc,0.02128610857075183
1783675378,cpu_utilisation,pod=workload-edge-7b875fd8c6-pxwvc,0.02606214385550787
1783675388,cpu_utilisation,pod=workload-edge-7b875fd8c6-pxwvc,0.026422837133869247
1783675398,cpu_utilisation,pod=workload-edge-7b875fd8c6-pxwvc,0.02678049530845184
1783675408,cpu_utilisation,pod=workload-edge-7b875fd8c6-pxwvc,0.02678049530845184
1783675418,cpu_utilisation,pod=workload-edge-7b875fd8c6-pxwvc,0.02613681794627739
1783675428,cpu_utilisation,pod=workload-edge-7b875fd8c6-pxwvc,0.02638922492374165
1783675438,cpu_utilisation,pod=workload-edge-7b875fd8c6-pxwvc,0.026444814690078387
1783675448,cpu_utilisation,pod=workload-edge-7b875fd8c6-pxwvc,0.026032689450214114
1783675458,cpu_utilisation,pod=workload-edge-7b875fd8c6-pxwvc,0.026740233384041738
1783675468,cpu_utilisation,pod=workload-edge-7b875fd8c6-pxwvc,0.026740233384041738
1783675478,cpu_utilisation,pod=workload-edge-7b875fd8c6-pxwvc,0.026786810757718292
1783675488,cpu_utilisation,pod=workload-edge-7b875fd8c6-pxwvc,0.02694174130763038
1783675498,cpu_utilisation,pod=workload-edge-7b875fd8c6-pxwvc,0.025730280704536958
1783675508,cpu_utilisation,pod=workload-edge-7b875fd8c6-pxwvc,0.025730280704536958
1783675518,cpu_utilisation,pod=workload-edge-7b875fd8c6-pxwvc,0.02116862616616643
1783675528,cpu_utilisation,pod=workload-edge-7b875fd8c6-pxwvc,0.02577757296466795
1783675538,cpu_utilisation,pod=workload-edge-7b875fd8c6-pxwvc,0.02665449804432554
1783675548,cpu_utilisation,pod=workload-edge-7b875fd8c6-pxwvc,0.026428614916307346
1783675558,cpu_utilisation,pod=workload-edge-7b875fd8c6-pxwvc,0.0261275606310194
1783675128,mem_mib,pod=workload-cloud-6f545f89ff-82tbg,2.9296875
1783675138,mem_mib,pod=workload-cloud-6f545f89ff-82tbg,35.375
1783675148,mem_mib,pod=workload-cloud-6f545f89ff-82tbg,35.375
1783675158,mem_mib,pod=workload-cloud-6f545f89ff-82tbg,35.63671875
1783675168,mem_mib,pod=workload-cloud-6f545f89ff-82tbg,36.3125
1783675178,mem_mib,pod=workload-cloud-6f545f89ff-82tbg,36.3125
1783675188,mem_mib,pod=workload-cloud-6f545f89ff-82tbg,35.828125
1783675198,mem_mib,pod=workload-cloud-6f545f89ff-82tbg,35.88671875
1783675208,mem_mib,pod=workload-cloud-6f545f89ff-82tbg,35.88671875
1783675218,mem_mib,pod=workload-cloud-6f545f89ff-82tbg,36.015625
1783675228,mem_mib,pod=workload-cloud-6f545f89ff-82tbg,36.31640625
1783675238,mem_mib,pod=workload-cloud-6f545f89ff-82tbg,36.31640625
1783675248,mem_mib,pod=workload-cloud-6f545f89ff-82tbg,36.03515625
1783675258,mem_mib,pod=workload-cloud-6f545f89ff-82tbg,36.09375
1783675268,mem_mib,pod=workload-cloud-6f545f89ff-82tbg,36.09375
1783675278,mem_mib,pod=workload-cloud-6f545f89ff-82tbg,36.12890625
1783675288,mem_mib,pod=workload-cloud-6f545f89ff-82tbg,35.984375
1783675298,mem_mib,pod=workload-cloud-6f545f89ff-82tbg,35.984375
1783675308,mem_mib,pod=workload-cloud-6f545f89ff-82tbg,35.9921875
1783675318,mem_mib,pod=workload-cloud-6f545f89ff-82tbg,35.9921875
1783675328,mem_mib,pod=workload-cloud-6f545f89ff-82tbg,35.9921875
1783675338,mem_mib,pod=workload-cloud-6f545f89ff-82tbg,35.9921875
1783675348,mem_mib,pod=workload-cloud-6f545f89ff-82tbg,35.9921875
1783675358,mem_mib,pod=workload-cloud-6f545f89ff-82tbg,35.9921875
1783675368,mem_mib,pod=workload-cloud-6f545f89ff-82tbg,35.9921875
1783675378,mem_mib,pod=workload-cloud-6f545f89ff-82tbg,35.9921875
1783675388,mem_mib,pod=workload-cloud-6f545f89ff-82tbg,35.9921875
1783675398,mem_mib,pod=workload-cloud-6f545f89ff-82tbg,35.9921875
1783675408,mem_mib,pod=workload-cloud-6f545f89ff-82tbg,35.9921875
1783675418,mem_mib,pod=workload-cloud-6f545f89ff-82tbg,35.9921875
1783675428,mem_mib,pod=workload-cloud-6f545f89ff-82tbg,35.99609375
1783675438,mem_mib,pod=workload-cloud-6f545f89ff-82tbg,36.2421875
1783675448,mem_mib,pod=workload-cloud-6f545f89ff-82tbg,36.2421875
1783675458,mem_mib,pod=workload-cloud-6f545f89ff-82tbg,35.9921875
1783675468,mem_mib,pod=workload-cloud-6f545f89ff-82tbg,35.9921875
1783675478,mem_mib,pod=workload-cloud-6f545f89ff-82tbg,35.9921875
1783675488,mem_mib,pod=workload-cloud-6f545f89ff-82tbg,35.9921875
1783675498,mem_mib,pod=workload-cloud-6f545f89ff-82tbg,35.9921875
1783675508,mem_mib,pod=workload-cloud-6f545f89ff-82tbg,35.9921875
1783675518,mem_mib,pod=workload-cloud-6f545f89ff-82tbg,35.9921875
1783675528,mem_mib,pod=workload-cloud-6f545f89ff-82tbg,35.9921875
1783675538,mem_mib,pod=workload-cloud-6f545f89ff-82tbg,35.9921875
1783675548,mem_mib,pod=workload-cloud-6f545f89ff-82tbg,35.9921875
1783675558,mem_mib,pod=workload-cloud-6f545f89ff-82tbg,35.9921875
1783675018,mem_mib,pod=workload-cloud-6f545f89ff-cbxfm,2.62109375
1783675028,mem_mib,pod=workload-cloud-6f545f89ff-cbxfm,35.32421875
1783675038,mem_mib,pod=workload-cloud-6f545f89ff-cbxfm,35.32421875
1783675048,mem_mib,pod=workload-cloud-6f545f89ff-cbxfm,35.703125
1783675058,mem_mib,pod=workload-cloud-6f545f89ff-cbxfm,35.83203125
1783675068,mem_mib,pod=workload-cloud-6f545f89ff-cbxfm,36.30859375
1783675078,mem_mib,pod=workload-cloud-6f545f89ff-cbxfm,36.30859375
1783675088,mem_mib,pod=workload-cloud-6f545f89ff-cbxfm,36.0390625
1783675098,mem_mib,pod=workload-cloud-6f545f89ff-cbxfm,36.57421875
1783675108,mem_mib,pod=workload-cloud-6f545f89ff-cbxfm,36.57421875
1783675118,mem_mib,pod=workload-cloud-6f545f89ff-cbxfm,36.5859375
1783675128,mem_mib,pod=workload-cloud-6f545f89ff-cbxfm,37.33984375
1783675138,mem_mib,pod=workload-cloud-6f545f89ff-cbxfm,37.33984375
1783675148,mem_mib,pod=workload-cloud-6f545f89ff-cbxfm,38.8984375
1783675158,mem_mib,pod=workload-cloud-6f545f89ff-cbxfm,38.9765625
1783675168,mem_mib,pod=workload-cloud-6f545f89ff-cbxfm,38.9765625
1783675178,mem_mib,pod=workload-cloud-6f545f89ff-cbxfm,39.0390625
1783675188,mem_mib,pod=workload-cloud-6f545f89ff-cbxfm,39.54296875
1783675198,mem_mib,pod=workload-cloud-6f545f89ff-cbxfm,39.0625
1783675208,mem_mib,pod=workload-cloud-6f545f89ff-cbxfm,39.87109375
1783675218,mem_mib,pod=workload-cloud-6f545f89ff-cbxfm,40.375
1783675228,mem_mib,pod=workload-cloud-6f545f89ff-cbxfm,40.375
1783675238,mem_mib,pod=workload-cloud-6f545f89ff-cbxfm,39.20703125
1783675248,mem_mib,pod=workload-cloud-6f545f89ff-cbxfm,39.20703125
1783675258,mem_mib,pod=workload-cloud-6f545f89ff-cbxfm,39.25
1783675268,mem_mib,pod=workload-cloud-6f545f89ff-cbxfm,39.25
1783675278,mem_mib,pod=workload-cloud-6f545f89ff-cbxfm,39.203125
1783675288,mem_mib,pod=workload-cloud-6f545f89ff-cbxfm,38.734375
1783675298,mem_mib,pod=workload-cloud-6f545f89ff-cbxfm,38.796875
1783675308,mem_mib,pod=workload-cloud-6f545f89ff-cbxfm,38.796875
1783675318,mem_mib,pod=workload-cloud-6f545f89ff-cbxfm,37.98046875
1783675328,mem_mib,pod=workload-cloud-6f545f89ff-cbxfm,37.98046875
1783675338,mem_mib,pod=workload-cloud-6f545f89ff-cbxfm,38.3125
1783675348,mem_mib,pod=workload-cloud-6f545f89ff-cbxfm,38.3203125
1783675358,mem_mib,pod=workload-cloud-6f545f89ff-cbxfm,38.3203125
1783675368,mem_mib,pod=workload-cloud-6f545f89ff-cbxfm,38.33203125
1783675378,mem_mib,pod=workload-cloud-6f545f89ff-cbxfm,38.0546875
1783675388,mem_mib,pod=workload-cloud-6f545f89ff-cbxfm,38.0546875
1783675398,mem_mib,pod=workload-cloud-6f545f89ff-cbxfm,38.08984375
1783675408,mem_mib,pod=workload-cloud-6f545f89ff-cbxfm,38.34765625
1783675418,mem_mib,pod=workload-cloud-6f545f89ff-cbxfm,38.30859375
1783675428,mem_mib,pod=workload-cloud-6f545f89ff-cbxfm,38.30859375
1783675438,mem_mib,pod=workload-cloud-6f545f89ff-cbxfm,38.7734375
1783675448,mem_mib,pod=workload-cloud-6f545f89ff-cbxfm,38.7734375
1783675458,mem_mib,pod=workload-cloud-6f545f89ff-cbxfm,38.5859375
1783675468,mem_mib,pod=workload-cloud-6f545f89ff-cbxfm,38.5859375
1783675478,mem_mib,pod=workload-cloud-6f545f89ff-cbxfm,38.35546875
1783675488,mem_mib,pod=workload-cloud-6f545f89ff-cbxfm,38.0
1783675498,mem_mib,pod=workload-cloud-6f545f89ff-cbxfm,38.0
1783675508,mem_mib,pod=workload-cloud-6f545f89ff-cbxfm,37.90625
1783675518,mem_mib,pod=workload-cloud-6f545f89ff-cbxfm,37.90625
1783675528,mem_mib,pod=workload-cloud-6f545f89ff-cbxfm,37.90625
1783675538,mem_mib,pod=workload-cloud-6f545f89ff-cbxfm,37.90234375
1783675548,mem_mib,pod=workload-cloud-6f545f89ff-cbxfm,37.90234375
1783675558,mem_mib,pod=workload-cloud-6f545f89ff-cbxfm,37.90234375
1783675128,mem_mib,pod=workload-cloud-6f545f89ff-dbglb,1.13671875
1783675138,mem_mib,pod=workload-cloud-6f545f89ff-dbglb,35.94921875
1783675148,mem_mib,pod=workload-cloud-6f545f89ff-dbglb,36.70703125
1783675158,mem_mib,pod=workload-cloud-6f545f89ff-dbglb,36.96875
1783675168,mem_mib,pod=workload-cloud-6f545f89ff-dbglb,36.96875
1783675178,mem_mib,pod=workload-cloud-6f545f89ff-dbglb,36.7578125
1783675188,mem_mib,pod=workload-cloud-6f545f89ff-dbglb,37.03515625
1783675198,mem_mib,pod=workload-cloud-6f545f89ff-dbglb,36.87890625
1783675208,mem_mib,pod=workload-cloud-6f545f89ff-dbglb,36.87890625
1783675218,mem_mib,pod=workload-cloud-6f545f89ff-dbglb,37.0703125
1783675228,mem_mib,pod=workload-cloud-6f545f89ff-dbglb,37.0703125
1783675238,mem_mib,pod=workload-cloud-6f545f89ff-dbglb,36.8671875
1783675248,mem_mib,pod=workload-cloud-6f545f89ff-dbglb,37.69140625
1783675258,mem_mib,pod=workload-cloud-6f545f89ff-dbglb,37.171875
1783675268,mem_mib,pod=workload-cloud-6f545f89ff-dbglb,37.47265625
1783675278,mem_mib,pod=workload-cloud-6f545f89ff-dbglb,37.47265625
1783675288,mem_mib,pod=workload-cloud-6f545f89ff-dbglb,36.51171875
1783675298,mem_mib,pod=workload-cloud-6f545f89ff-dbglb,36.51171875
1783675308,mem_mib,pod=workload-cloud-6f545f89ff-dbglb,36.51953125
1783675318,mem_mib,pod=workload-cloud-6f545f89ff-dbglb,36.51953125
1783675328,mem_mib,pod=workload-cloud-6f545f89ff-dbglb,36.51953125
1783675338,mem_mib,pod=workload-cloud-6f545f89ff-dbglb,36.515625
1783675348,mem_mib,pod=workload-cloud-6f545f89ff-dbglb,36.515625
1783675358,mem_mib,pod=workload-cloud-6f545f89ff-dbglb,36.51953125
1783675368,mem_mib,pod=workload-cloud-6f545f89ff-dbglb,36.51953125
1783675378,mem_mib,pod=workload-cloud-6f545f89ff-dbglb,36.51953125
1783675388,mem_mib,pod=workload-cloud-6f545f89ff-dbglb,36.51953125
1783675398,mem_mib,pod=workload-cloud-6f545f89ff-dbglb,36.51953125
1783675408,mem_mib,pod=workload-cloud-6f545f89ff-dbglb,36.515625
1783675418,mem_mib,pod=workload-cloud-6f545f89ff-dbglb,36.5234375
1783675428,mem_mib,pod=workload-cloud-6f545f89ff-dbglb,36.5234375
1783675438,mem_mib,pod=workload-cloud-6f545f89ff-dbglb,36.515625
1783675448,mem_mib,pod=workload-cloud-6f545f89ff-dbglb,36.51953125
1783675458,mem_mib,pod=workload-cloud-6f545f89ff-dbglb,36.51953125
1783675468,mem_mib,pod=workload-cloud-6f545f89ff-dbglb,36.51953125
1783675478,mem_mib,pod=workload-cloud-6f545f89ff-dbglb,36.51953125
1783675488,mem_mib,pod=workload-cloud-6f545f89ff-dbglb,36.51953125
1783675498,mem_mib,pod=workload-cloud-6f545f89ff-dbglb,36.51953125
1783675508,mem_mib,pod=workload-cloud-6f545f89ff-dbglb,36.51953125
1783675518,mem_mib,pod=workload-cloud-6f545f89ff-dbglb,36.51953125
1783675528,mem_mib,pod=workload-cloud-6f545f89ff-dbglb,36.51953125
1783675538,mem_mib,pod=workload-cloud-6f545f89ff-dbglb,36.51953125
1783675548,mem_mib,pod=workload-cloud-6f545f89ff-dbglb,36.51953125
1783675558,mem_mib,pod=workload-cloud-6f545f89ff-dbglb,36.51953125
1783675158,mem_mib,pod=workload-cloud-6f545f89ff-dncf5,3.22265625
1783675168,mem_mib,pod=workload-cloud-6f545f89ff-dncf5,35.13671875
1783675178,mem_mib,pod=workload-cloud-6f545f89ff-dncf5,35.1484375
1783675188,mem_mib,pod=workload-cloud-6f545f89ff-dncf5,35.1484375
1783675198,mem_mib,pod=workload-cloud-6f545f89ff-dncf5,35.17578125
1783675208,mem_mib,pod=workload-cloud-6f545f89ff-dncf5,35.17578125
1783675218,mem_mib,pod=workload-cloud-6f545f89ff-dncf5,35.1796875
1783675228,mem_mib,pod=workload-cloud-6f545f89ff-dncf5,35.1875
1783675238,mem_mib,pod=workload-cloud-6f545f89ff-dncf5,35.1875
1783675248,mem_mib,pod=workload-cloud-6f545f89ff-dncf5,35.19921875
1783675258,mem_mib,pod=workload-cloud-6f545f89ff-dncf5,35.19921875
1783675268,mem_mib,pod=workload-cloud-6f545f89ff-dncf5,35.19921875
1783675278,mem_mib,pod=workload-cloud-6f545f89ff-dncf5,35.203125
1783675288,mem_mib,pod=workload-cloud-6f545f89ff-dncf5,35.203125
1783675298,mem_mib,pod=workload-cloud-6f545f89ff-dncf5,35.21875
1783675308,mem_mib,pod=workload-cloud-6f545f89ff-dncf5,35.21875
1783675318,mem_mib,pod=workload-cloud-6f545f89ff-dncf5,35.21875
1783675328,mem_mib,pod=workload-cloud-6f545f89ff-dncf5,35.21875
1783675338,mem_mib,pod=workload-cloud-6f545f89ff-dncf5,35.2265625
1783675348,mem_mib,pod=workload-cloud-6f545f89ff-dncf5,35.2265625
1783675358,mem_mib,pod=workload-cloud-6f545f89ff-dncf5,35.2265625
1783675368,mem_mib,pod=workload-cloud-6f545f89ff-dncf5,35.2265625
1783675378,mem_mib,pod=workload-cloud-6f545f89ff-dncf5,35.2265625
1783675388,mem_mib,pod=workload-cloud-6f545f89ff-dncf5,35.234375
1783675398,mem_mib,pod=workload-cloud-6f545f89ff-dncf5,35.2421875
1783675408,mem_mib,pod=workload-cloud-6f545f89ff-dncf5,35.2421875
1783675418,mem_mib,pod=workload-cloud-6f545f89ff-dncf5,35.2421875
1783675428,mem_mib,pod=workload-cloud-6f545f89ff-dncf5,35.2421875
1783675438,mem_mib,pod=workload-cloud-6f545f89ff-dncf5,35.2421875
1783675448,mem_mib,pod=workload-cloud-6f545f89ff-dncf5,35.25
1783675458,mem_mib,pod=workload-cloud-6f545f89ff-dncf5,35.25
1783675468,mem_mib,pod=workload-cloud-6f545f89ff-dncf5,35.25
1783675478,mem_mib,pod=workload-cloud-6f545f89ff-dncf5,35.25
1783675488,mem_mib,pod=workload-cloud-6f545f89ff-dncf5,35.25390625
1783675498,mem_mib,pod=workload-cloud-6f545f89ff-dncf5,35.2578125
1783675508,mem_mib,pod=workload-cloud-6f545f89ff-dncf5,35.2578125
1783675518,mem_mib,pod=workload-cloud-6f545f89ff-dncf5,35.2578125
1783675528,mem_mib,pod=workload-cloud-6f545f89ff-dncf5,35.2578125
1783675538,mem_mib,pod=workload-cloud-6f545f89ff-dncf5,35.2578125
1783675548,mem_mib,pod=workload-cloud-6f545f89ff-dncf5,35.2578125
1783675558,mem_mib,pod=workload-cloud-6f545f89ff-dncf5,35.2578125
1783675078,mem_mib,pod=workload-cloud-6f545f89ff-mspvv,3.85546875
1783675088,mem_mib,pod=workload-cloud-6f545f89ff-mspvv,35.1328125
1783675098,mem_mib,pod=workload-cloud-6f545f89ff-mspvv,35.1328125
1783675108,mem_mib,pod=workload-cloud-6f545f89ff-mspvv,35.15625
1783675118,mem_mib,pod=workload-cloud-6f545f89ff-mspvv,35.47265625
1783675128,mem_mib,pod=workload-cloud-6f545f89ff-mspvv,36.953125
1783675138,mem_mib,pod=workload-cloud-6f545f89ff-mspvv,37.609375
1783675148,mem_mib,pod=workload-cloud-6f545f89ff-mspvv,37.91796875
1783675158,mem_mib,pod=workload-cloud-6f545f89ff-mspvv,37.91796875
1783675168,mem_mib,pod=workload-cloud-6f545f89ff-mspvv,37.96875
1783675178,mem_mib,pod=workload-cloud-6f545f89ff-mspvv,38.03125
1783675188,mem_mib,pod=workload-cloud-6f545f89ff-mspvv,38.03125
1783675198,mem_mib,pod=workload-cloud-6f545f89ff-mspvv,38.0546875
1783675208,mem_mib,pod=workload-cloud-6f545f89ff-mspvv,38.1015625
1783675218,mem_mib,pod=workload-cloud-6f545f89ff-mspvv,38.1015625
1783675228,mem_mib,pod=workload-cloud-6f545f89ff-mspvv,38.15234375
1783675238,mem_mib,pod=workload-cloud-6f545f89ff-mspvv,38.15234375
1783675248,mem_mib,pod=workload-cloud-6f545f89ff-mspvv,38.453125
1783675258,mem_mib,pod=workload-cloud-6f545f89ff-mspvv,38.19921875
1783675268,mem_mib,pod=workload-cloud-6f545f89ff-mspvv,38.19921875
1783675278,mem_mib,pod=workload-cloud-6f545f89ff-mspvv,38.12890625
1783675288,mem_mib,pod=workload-cloud-6f545f89ff-mspvv,38.1015625
1783675298,mem_mib,pod=workload-cloud-6f545f89ff-mspvv,38.1015625
1783675308,mem_mib,pod=workload-cloud-6f545f89ff-mspvv,37.28125
1783675318,mem_mib,pod=workload-cloud-6f545f89ff-mspvv,37.5546875
1783675328,mem_mib,pod=workload-cloud-6f545f89ff-mspvv,37.5546875
1783675338,mem_mib,pod=workload-cloud-6f545f89ff-mspvv,37.53515625
1783675348,mem_mib,pod=workload-cloud-6f545f89ff-mspvv,37.56640625
1783675358,mem_mib,pod=workload-cloud-6f545f89ff-mspvv,37.28515625
1783675368,mem_mib,pod=workload-cloud-6f545f89ff-mspvv,37.28515625
1783675378,mem_mib,pod=workload-cloud-6f545f89ff-mspvv,37.78125
1783675388,mem_mib,pod=workload-cloud-6f545f89ff-mspvv,37.5703125
1783675398,mem_mib,pod=workload-cloud-6f545f89ff-mspvv,37.5703125
1783675408,mem_mib,pod=workload-cloud-6f545f89ff-mspvv,37.31640625
1783675418,mem_mib,pod=workload-cloud-6f545f89ff-mspvv,37.29296875
1783675428,mem_mib,pod=workload-cloud-6f545f89ff-mspvv,37.3046875
1783675438,mem_mib,pod=workload-cloud-6f545f89ff-mspvv,37.5546875
1783675448,mem_mib,pod=workload-cloud-6f545f89ff-mspvv,37.5546875
1783675458,mem_mib,pod=workload-cloud-6f545f89ff-mspvv,37.31640625
1783675468,mem_mib,pod=workload-cloud-6f545f89ff-mspvv,37.31640625
1783675478,mem_mib,pod=workload-cloud-6f545f89ff-mspvv,37.3125
1783675488,mem_mib,pod=workload-cloud-6f545f89ff-mspvv,37.265625
1783675498,mem_mib,pod=workload-cloud-6f545f89ff-mspvv,37.265625
1783675508,mem_mib,pod=workload-cloud-6f545f89ff-mspvv,37.265625
1783675518,mem_mib,pod=workload-cloud-6f545f89ff-mspvv,37.265625
1783675528,mem_mib,pod=workload-cloud-6f545f89ff-mspvv,37.265625
1783675538,mem_mib,pod=workload-cloud-6f545f89ff-mspvv,37.265625
1783675548,mem_mib,pod=workload-cloud-6f545f89ff-mspvv,37.265625
1783675558,mem_mib,pod=workload-cloud-6f545f89ff-mspvv,37.26171875
1783674928,mem_mib,pod=workload-cloud-6f545f89ff-r28zz,40.45703125
1783674938,mem_mib,pod=workload-cloud-6f545f89ff-r28zz,40.45703125
1783674948,mem_mib,pod=workload-cloud-6f545f89ff-r28zz,40.71875
1783674958,mem_mib,pod=workload-cloud-6f545f89ff-r28zz,40.7421875
1783674968,mem_mib,pod=workload-cloud-6f545f89ff-r28zz,40.56640625
1783674978,mem_mib,pod=workload-cloud-6f545f89ff-r28zz,40.56640625
1783674988,mem_mib,pod=workload-cloud-6f545f89ff-r28zz,40.84375
1783674998,mem_mib,pod=workload-cloud-6f545f89ff-r28zz,41.37890625
1783675008,mem_mib,pod=workload-cloud-6f545f89ff-r28zz,41.37890625
1783675018,mem_mib,pod=workload-cloud-6f545f89ff-r28zz,41.30078125
1783675028,mem_mib,pod=workload-cloud-6f545f89ff-r28zz,41.0078125
1783675038,mem_mib,pod=workload-cloud-6f545f89ff-r28zz,41.0078125
1783675048,mem_mib,pod=workload-cloud-6f545f89ff-r28zz,40.9921875
1783675058,mem_mib,pod=workload-cloud-6f545f89ff-r28zz,41.25390625
1783675068,mem_mib,pod=workload-cloud-6f545f89ff-r28zz,41.08203125
1783675078,mem_mib,pod=workload-cloud-6f545f89ff-r28zz,41.08203125
1783675088,mem_mib,pod=workload-cloud-6f545f89ff-r28zz,41.37890625
1783675098,mem_mib,pod=workload-cloud-6f545f89ff-r28zz,41.37890625
1783675108,mem_mib,pod=workload-cloud-6f545f89ff-r28zz,41.94140625
1783675118,mem_mib,pod=workload-cloud-6f545f89ff-r28zz,41.2890625
1783675128,mem_mib,pod=workload-cloud-6f545f89ff-r28zz,41.2890625
1783675138,mem_mib,pod=workload-cloud-6f545f89ff-r28zz,41.765625
1783675148,mem_mib,pod=workload-cloud-6f545f89ff-r28zz,41.734375
1783675158,mem_mib,pod=workload-cloud-6f545f89ff-r28zz,41.734375
1783675168,mem_mib,pod=workload-cloud-6f545f89ff-r28zz,42.015625
1783675178,mem_mib,pod=workload-cloud-6f545f89ff-r28zz,41.9921875
1783675188,mem_mib,pod=workload-cloud-6f545f89ff-r28zz,42.0078125
1783675198,mem_mib,pod=workload-cloud-6f545f89ff-r28zz,42.0390625
1783675208,mem_mib,pod=workload-cloud-6f545f89ff-r28zz,41.75390625
1783675218,mem_mib,pod=workload-cloud-6f545f89ff-r28zz,41.75390625
1783675228,mem_mib,pod=workload-cloud-6f545f89ff-r28zz,42.51953125
1783675238,mem_mib,pod=workload-cloud-6f545f89ff-r28zz,41.77734375
1783675248,mem_mib,pod=workload-cloud-6f545f89ff-r28zz,41.7578125
1783675258,mem_mib,pod=workload-cloud-6f545f89ff-r28zz,41.7578125
1783675268,mem_mib,pod=workload-cloud-6f545f89ff-r28zz,41.7578125
1783675278,mem_mib,pod=workload-cloud-6f545f89ff-r28zz,41.60546875
1783675288,mem_mib,pod=workload-cloud-6f545f89ff-r28zz,41.63671875
1783675298,mem_mib,pod=workload-cloud-6f545f89ff-r28zz,41.63671875
1783675308,mem_mib,pod=workload-cloud-6f545f89ff-r28zz,41.0078125
1783675318,mem_mib,pod=workload-cloud-6f545f89ff-r28zz,41.0078125
1783675328,mem_mib,pod=workload-cloud-6f545f89ff-r28zz,41.46484375
1783675338,mem_mib,pod=workload-cloud-6f545f89ff-r28zz,41.46484375
1783675348,mem_mib,pod=workload-cloud-6f545f89ff-r28zz,40.9609375
1783675358,mem_mib,pod=workload-cloud-6f545f89ff-r28zz,41.9765625
1783675368,mem_mib,pod=workload-cloud-6f545f89ff-r28zz,41.9765625
1783675378,mem_mib,pod=workload-cloud-6f545f89ff-r28zz,40.98828125
1783675388,mem_mib,pod=workload-cloud-6f545f89ff-r28zz,41.98046875
1783675398,mem_mib,pod=workload-cloud-6f545f89ff-r28zz,41.98046875
1783675408,mem_mib,pod=workload-cloud-6f545f89ff-r28zz,41.23046875
1783675418,mem_mib,pod=workload-cloud-6f545f89ff-r28zz,41.23046875
1783675428,mem_mib,pod=workload-cloud-6f545f89ff-r28zz,41.8984375
1783675438,mem_mib,pod=workload-cloud-6f545f89ff-r28zz,41.48046875
1783675448,mem_mib,pod=workload-cloud-6f545f89ff-r28zz,41.48046875
1783675458,mem_mib,pod=workload-cloud-6f545f89ff-r28zz,41.17578125
1783675468,mem_mib,pod=workload-cloud-6f545f89ff-r28zz,41.21875
1783675478,mem_mib,pod=workload-cloud-6f545f89ff-r28zz,41.21875
1783675488,mem_mib,pod=workload-cloud-6f545f89ff-r28zz,41.44140625
1783675498,mem_mib,pod=workload-cloud-6f545f89ff-r28zz,41.44140625
1783675508,mem_mib,pod=workload-cloud-6f545f89ff-r28zz,40.65625
1783675518,mem_mib,pod=workload-cloud-6f545f89ff-r28zz,40.46484375
1783675528,mem_mib,pod=workload-cloud-6f545f89ff-r28zz,40.46484375
1783675538,mem_mib,pod=workload-cloud-6f545f89ff-r28zz,40.4609375
1783675548,mem_mib,pod=workload-cloud-6f545f89ff-r28zz,40.46484375
1783675558,mem_mib,pod=workload-cloud-6f545f89ff-r28zz,40.46484375
1783674928,mem_mib,pod=workload-edge-7b875fd8c6-pxwvc,39.26171875
1783674938,mem_mib,pod=workload-edge-7b875fd8c6-pxwvc,39.26171875
1783674948,mem_mib,pod=workload-edge-7b875fd8c6-pxwvc,39.26171875
1783674958,mem_mib,pod=workload-edge-7b875fd8c6-pxwvc,39.26171875
1783674968,mem_mib,pod=workload-edge-7b875fd8c6-pxwvc,39.26171875
1783674978,mem_mib,pod=workload-edge-7b875fd8c6-pxwvc,39.26171875
1783674988,mem_mib,pod=workload-edge-7b875fd8c6-pxwvc,39.26171875
1783674998,mem_mib,pod=workload-edge-7b875fd8c6-pxwvc,39.26171875
1783675008,mem_mib,pod=workload-edge-7b875fd8c6-pxwvc,39.26171875
1783675018,mem_mib,pod=workload-edge-7b875fd8c6-pxwvc,39.26171875
1783675028,mem_mib,pod=workload-edge-7b875fd8c6-pxwvc,39.26171875
1783675038,mem_mib,pod=workload-edge-7b875fd8c6-pxwvc,39.26171875
1783675048,mem_mib,pod=workload-edge-7b875fd8c6-pxwvc,39.265625
1783675058,mem_mib,pod=workload-edge-7b875fd8c6-pxwvc,39.26171875
1783675068,mem_mib,pod=workload-edge-7b875fd8c6-pxwvc,39.26171875
1783675078,mem_mib,pod=workload-edge-7b875fd8c6-pxwvc,39.26171875
1783675088,mem_mib,pod=workload-edge-7b875fd8c6-pxwvc,39.26171875
1783675098,mem_mib,pod=workload-edge-7b875fd8c6-pxwvc,39.26171875
1783675108,mem_mib,pod=workload-edge-7b875fd8c6-pxwvc,39.26171875
1783675118,mem_mib,pod=workload-edge-7b875fd8c6-pxwvc,39.26171875
1783675128,mem_mib,pod=workload-edge-7b875fd8c6-pxwvc,39.26171875
1783675138,mem_mib,pod=workload-edge-7b875fd8c6-pxwvc,39.26171875
1783675148,mem_mib,pod=workload-edge-7b875fd8c6-pxwvc,39.26171875
1783675158,mem_mib,pod=workload-edge-7b875fd8c6-pxwvc,39.26171875
1783675168,mem_mib,pod=workload-edge-7b875fd8c6-pxwvc,39.26171875
1783675178,mem_mib,pod=workload-edge-7b875fd8c6-pxwvc,39.26171875
1783675188,mem_mib,pod=workload-edge-7b875fd8c6-pxwvc,39.26171875
1783675198,mem_mib,pod=workload-edge-7b875fd8c6-pxwvc,39.26171875
1783675208,mem_mib,pod=workload-edge-7b875fd8c6-pxwvc,39.26171875
1783675218,mem_mib,pod=workload-edge-7b875fd8c6-pxwvc,39.26171875
1783675228,mem_mib,pod=workload-edge-7b875fd8c6-pxwvc,39.26171875
1783675238,mem_mib,pod=workload-edge-7b875fd8c6-pxwvc,39.26171875
1783675248,mem_mib,pod=workload-edge-7b875fd8c6-pxwvc,39.26171875
1783675258,mem_mib,pod=workload-edge-7b875fd8c6-pxwvc,39.26171875
1783675268,mem_mib,pod=workload-edge-7b875fd8c6-pxwvc,39.26171875
1783675278,mem_mib,pod=workload-edge-7b875fd8c6-pxwvc,39.26171875
1783675288,mem_mib,pod=workload-edge-7b875fd8c6-pxwvc,39.26171875
1783675298,mem_mib,pod=workload-edge-7b875fd8c6-pxwvc,39.26171875
1783675308,mem_mib,pod=workload-edge-7b875fd8c6-pxwvc,39.26171875
1783675318,mem_mib,pod=workload-edge-7b875fd8c6-pxwvc,39.26171875
1783675328,mem_mib,pod=workload-edge-7b875fd8c6-pxwvc,39.26171875
1783675338,mem_mib,pod=workload-edge-7b875fd8c6-pxwvc,39.26171875
1783675348,mem_mib,pod=workload-edge-7b875fd8c6-pxwvc,39.26171875
1783675358,mem_mib,pod=workload-edge-7b875fd8c6-pxwvc,39.26171875
1783675368,mem_mib,pod=workload-edge-7b875fd8c6-pxwvc,39.26171875
1783675378,mem_mib,pod=workload-edge-7b875fd8c6-pxwvc,39.26171875
1783675388,mem_mib,pod=workload-edge-7b875fd8c6-pxwvc,39.26171875
1783675398,mem_mib,pod=workload-edge-7b875fd8c6-pxwvc,39.26171875
1783675408,mem_mib,pod=workload-edge-7b875fd8c6-pxwvc,39.26171875
1783675418,mem_mib,pod=workload-edge-7b875fd8c6-pxwvc,39.26171875
1783675428,mem_mib,pod=workload-edge-7b875fd8c6-pxwvc,39.26171875
1783675438,mem_mib,pod=workload-edge-7b875fd8c6-pxwvc,39.26171875
1783675448,mem_mib,pod=workload-edge-7b875fd8c6-pxwvc,39.26171875
1783675458,mem_mib,pod=workload-edge-7b875fd8c6-pxwvc,39.26171875
1783675468,mem_mib,pod=workload-edge-7b875fd8c6-pxwvc,39.26171875
1783675478,mem_mib,pod=workload-edge-7b875fd8c6-pxwvc,39.26171875
1783675488,mem_mib,pod=workload-edge-7b875fd8c6-pxwvc,39.26171875
1783675498,mem_mib,pod=workload-edge-7b875fd8c6-pxwvc,39.26171875
1783675508,mem_mib,pod=workload-edge-7b875fd8c6-pxwvc,39.26171875
1783675518,mem_mib,pod=workload-edge-7b875fd8c6-pxwvc,39.26171875
1783675528,mem_mib,pod=workload-edge-7b875fd8c6-pxwvc,39.26171875
1783675538,mem_mib,pod=workload-edge-7b875fd8c6-pxwvc,39.26171875
1783675548,mem_mib,pod=workload-edge-7b875fd8c6-pxwvc,39.26171875
1783675558,mem_mib,pod=workload-edge-7b875fd8c6-pxwvc,39.26171875
1783674928,rps,tier=cloud,0.0
1783674938,rps,tier=cloud,2.320064001984068
1783674948,rps,tier=cloud,8.700696055684455
1783674958,rps,tier=cloud,19.10152812224978
1783674968,rps,tier=cloud,33.32133285331413
1783674978,rps,tier=cloud,51.62412993039443
1783674988,rps,tier=cloud,71.2864445897346
1783674998,rps,tier=cloud,90.60362414496579
1783675008,rps,tier=cloud,110.34990089936267
1783675018,rps,tier=cloud,127.5114518412398
1783675028,rps,tier=cloud,141.56566262650506
1783675038,rps,tier=cloud,164.2643288212612
1783675048,rps,tier=cloud,181.60727264733364
1783675058,rps,tier=cloud,196.99520422579087
1783675068,rps,tier=cloud,215.8970045017916
1783675078,rps,tier=cloud,234.79146590939672
1783675088,rps,tier=cloud,253.19400967529413
1783675098,rps,tier=cloud,271.8020266868713
1783675108,rps,tier=cloud,287.5430034402752
1783675118,rps,tier=cloud,318.0488092577644
1783675128,rps,tier=cloud,402.82158140348776
1783675138,rps,tier=cloud,559.800186268866
1783675148,rps,tier=cloud,758.6563339853
1783675158,rps,tier=cloud,956.7676207964554
1783675168,rps,tier=cloud,1150.6882468331762
1783675178,rps,tier=cloud,1310.6629062831748
1783675188,rps,tier=cloud,1391.7440174400847
1783675198,rps,tier=cloud,1408.48915171569
1783675208,rps,tier=cloud,1411.0556852215595
1783675218,rps,tier=cloud,1414.0584874206975
1783675228,rps,tier=cloud,1408.8419579880342
1783675238,rps,tier=cloud,1413.4566906512848
1783675248,rps,tier=cloud,1411.0519741286066
1783675258,rps,tier=cloud,1412.6503425506046
1783675268,rps,tier=cloud,1404.1440066200112
1783675278,rps,tier=cloud,1343.7664491205733
1783675288,rps,tier=cloud,1217.3448895083718
1783675298,rps,tier=cloud,1023.4599035934486
1783675308,rps,tier=cloud,811.9787898041544
1783675318,rps,tier=cloud,610.8860136852172
1783675328,rps,tier=cloud,460.401346065413
1783675338,rps,tier=cloud,373.6706602969352
1783675348,rps,tier=cloud,357.55290826306407
1783675358,rps,tier=cloud,356.95969435712
1783675368,rps,tier=cloud,354.4711709670011
1783675378,rps,tier=cloud,353.63460900054326
1783675388,rps,tier=cloud,353.6398936735569
1783675398,rps,tier=cloud,354.6461412020766
1783675408,rps,tier=cloud,354.71324874706846
1783675418,rps,tier=cloud,355.9732830606806
1783675428,rps,tier=cloud,357.12991346111704
1783675438,rps,tier=cloud,356.2688784308195
1783675448,rps,tier=cloud,356.10041012030445
1783675458,rps,tier=cloud,357.1440464970387
1783675468,rps,tier=cloud,356.87174727460837
1783675478,rps,tier=cloud,351.97632564675337
1783675488,rps,tier=cloud,335.36770604658466
1783675498,rps,tier=cloud,291.5668973461094
1783675508,rps,tier=cloud,222.93416936652713
1783675518,rps,tier=cloud,151.5715297274866
1783675528,rps,tier=cloud,84.12750028389551
1783675538,rps,tier=cloud,30.28110004888262
1783675548,rps,tier=cloud,3.0801504081925017
1783675558,rps,tier=cloud,0.0
1783674928,rps,tier=edge,0.0
1783674938,rps,tier=edge,0.0
1783674948,rps,tier=edge,0.0
1783674958,rps,tier=edge,0.0
1783674968,rps,tier=edge,0.0
1783674978,rps,tier=edge,0.0
1783674988,rps,tier=edge,0.0
1783674998,rps,tier=edge,0.0
1783675008,rps,tier=edge,0.0
1783675018,rps,tier=edge,0.0
1783675028,rps,tier=edge,0.0
1783675038,rps,tier=edge,0.0
1783675048,rps,tier=edge,0.0
1783675058,rps,tier=edge,0.0
1783675068,rps,tier=edge,0.0
1783675078,rps,tier=edge,0.0
1783675088,rps,tier=edge,0.0
1783675098,rps,tier=edge,0.0
1783675108,rps,tier=edge,0.0
1783675118,rps,tier=edge,0.0
1783675128,rps,tier=edge,0.0
1783675138,rps,tier=edge,0.0
1783675148,rps,tier=edge,0.0
1783675158,rps,tier=edge,0.0
1783675168,rps,tier=edge,0.0
1783675178,rps,tier=edge,0.0
1783675188,rps,tier=edge,0.0
1783675198,rps,tier=edge,0.0
1783675208,rps,tier=edge,0.0
1783675218,rps,tier=edge,0.0
1783675228,rps,tier=edge,0.0
1783675238,rps,tier=edge,0.0
1783675248,rps,tier=edge,0.0
1783675258,rps,tier=edge,0.0
1783675268,rps,tier=edge,0.0
1783675278,rps,tier=edge,0.0
1783675288,rps,tier=edge,0.0
1783675298,rps,tier=edge,0.0
1783675308,rps,tier=edge,0.0
1783675318,rps,tier=edge,0.0
1783675328,rps,tier=edge,0.0
1783675338,rps,tier=edge,0.0
1783675348,rps,tier=edge,0.0
1783675358,rps,tier=edge,0.0
1783675368,rps,tier=edge,0.0
1783675378,rps,tier=edge,0.0
1783675388,rps,tier=edge,0.0
1783675398,rps,tier=edge,0.0
1783675408,rps,tier=edge,0.0
1783675418,rps,tier=edge,0.0
1783675428,rps,tier=edge,0.0
1783675438,rps,tier=edge,0.0
1783675448,rps,tier=edge,0.0
1783675458,rps,tier=edge,0.0
1783675468,rps,tier=edge,0.0
1783675478,rps,tier=edge,0.0
1783675488,rps,tier=edge,0.0
1783675498,rps,tier=edge,0.0
1783675508,rps,tier=edge,0.0
1783675518,rps,tier=edge,0.0
1783675528,rps,tier=edge,0.0
1783675538,rps,tier=edge,0.0
1783675548,rps,tier=edge,0.0
1783675558,rps,tier=edge,0.0
1783674928,lat50_ms,tier=cloud,3.2323953555053464
1783674938,lat50_ms,tier=cloud,3.358490536908826
1783674948,lat50_ms,tier=cloud,3.423913043478261
1783674958,lat50_ms,tier=cloud,3.364105504587156
1783674968,lat50_ms,tier=cloud,3.583963691376702
1783674978,lat50_ms,tier=cloud,3.6451859398879267
1783674988,lat50_ms,tier=cloud,3.796966161026838
1783674998,lat50_ms,tier=cloud,4.048816088225754
1783675008,lat50_ms,tier=cloud,3.9875359466296
1783675018,lat50_ms,tier=cloud,4.3203123106435175
1783675028,lat50_ms,tier=cloud,4.581190524397652
1783675038,lat50_ms,tier=cloud,4.476908152164765
1783675048,lat50_ms,tier=cloud,4.580323024343181
1783675058,lat50_ms,tier=cloud,4.752959129251383
1783675068,lat50_ms,tier=cloud,4.8309197765995044
1783675078,lat50_ms,tier=cloud,4.990566933946818
1783675088,lat50_ms,tier=cloud,5.732955271439317
1783675098,lat50_ms,tier=cloud,6.211492702535672
1783675108,lat50_ms,tier=cloud,6.779819734572836
1783675118,lat50_ms,tier=cloud,7.493218596879155
1783675128,lat50_ms,tier=cloud,8.901410765071438
1783675138,lat50_ms,tier=cloud,11.165955374289622
1783675148,lat50_ms,tier=cloud,14.96349165525092
1783675158,lat50_ms,tier=cloud,18.617999664626385
1783675168,lat50_ms,tier=cloud,22.397092749643672
1783675178,lat50_ms,tier=cloud,25.103520452241195
1783675188,lat50_ms,tier=cloud,27.292617548287655
1783675198,lat50_ms,tier=cloud,28.63208329994863
1783675208,lat50_ms,tier=cloud,30.06908723177374
1783675218,lat50_ms,tier=cloud,30.949355420715424
1783675228,lat50_ms,tier=cloud,31.716704316809736
1783675238,lat50_ms,tier=cloud,32.3946766293981
1783675248,lat50_ms,tier=cloud,32.84456164800552
1783675258,lat50_ms,tier=cloud,32.83951058871458
1783675268,lat50_ms,tier=cloud,32.597832732763436
1783675278,lat50_ms,tier=cloud,31.89224717270043
1783675288,lat50_ms,tier=cloud,31.35645249464619
1783675298,lat50_ms,tier=cloud,30.207443712192344
1783675308,lat50_ms,tier=cloud,29.262165952658687
1783675318,lat50_ms,tier=cloud,27.62724441000701
1783675328,lat50_ms,tier=cloud,25.89526668901137
1783675338,lat50_ms,tier=cloud,23.41855753182932
1783675348,lat50_ms,tier=cloud,20.09564864285457
1783675358,lat50_ms,tier=cloud,17.560852422002057
1783675368,lat50_ms,tier=cloud,15.070153313803518
1783675378,lat50_ms,tier=cloud,11.96657662673448
1783675388,lat50_ms,tier=cloud,9.602890264600012
1783675398,lat50_ms,tier=cloud,8.075985200718579
1783675408,lat50_ms,tier=cloud,7.8478006547713814
1783675418,lat50_ms,tier=cloud,7.676390383863545
1783675428,lat50_ms,tier=cloud,7.875956237946085
1783675438,lat50_ms,tier=cloud,8.131083062333603
1783675448,lat50_ms,tier=cloud,7.96165803591352
1783675458,lat50_ms,tier=cloud,7.64394361265244
1783675468,lat50_ms,tier=cloud,7.4961987568300525
1783675478,lat50_ms,tier=cloud,7.569946281273069
1783675488,lat50_ms,tier=cloud,7.191065276521477
1783675498,lat50_ms,tier=cloud,7.098784376271422
1783675508,lat50_ms,tier=cloud,6.915178782144017
1783675518,lat50_ms,tier=cloud,6.682082926954135
1783675528,lat50_ms,tier=cloud,6.666360036390699
1783675538,lat50_ms,tier=cloud,6.643792501716004
1783675548,lat50_ms,tier=cloud,6.482465255686491
1783675558,lat50_ms,tier=cloud,6.3715977500360905
1783674928,lat95_ms,tier=cloud,4.823239535550535
1783674938,lat95_ms,tier=cloud,4.8358490536908825
1783674948,lat95_ms,tier=cloud,4.842391304347826
1783674958,lat95_ms,tier=cloud,4.842603211009174
1783674968,lat95_ms,tier=cloud,8.065853658536584
1783674978,lat95_ms,tier=cloud,8.436874999999997
1783674988,lat95_ms,tier=cloud,9.445234708392606
1783674998,lat95_ms,tier=cloud,11.364503816793892
1783675008,lat95_ms,tier=cloud,10.046821979204829
1783675018,lat95_ms,tier=cloud,17.32969156259739
1783675028,lat95_ms,tier=cloud,17.949112734864297
1783675038,lat95_ms,tier=cloud,17.638052533763478
1783675048,lat95_ms,tier=cloud,17.977540532484543
1783675058,lat95_ms,tier=cloud,18.36962341044466
1783675068,lat95_ms,tier=cloud,18.47946141290293
1783675078,lat95_ms,tier=cloud,19.011477172804813
1783675088,lat95_ms,tier=cloud,19.180883145637434
1783675098,lat95_ms,tier=cloud,19.44274078993268
1783675108,lat95_ms,tier=cloud,20.164617342630667
1783675118,lat95_ms,tier=cloud,30.627000902657965
1783675128,lat95_ms,tier=cloud,41.75321351908511
1783675138,lat95_ms,tier=cloud,45.811722732697106
1783675148,lat95_ms,tier=cloud,56.77567522393451
1783675158,lat95_ms,tier=cloud,65.15797747982505
1783675168,lat95_ms,tier=cloud,67.59709782708812
1783675178,lat95_ms,tier=cloud,68.28786364270839
1783675188,lat95_ms,tier=cloud,69.044101551616
1783675198,lat95_ms,tier=cloud,69.48877271483289
1783675208,lat95_ms,tier=cloud,70.05134873081121
1783675218,lat95_ms,tier=cloud,70.39905192092158
1783675228,lat95_ms,tier=cloud,70.53557000222565
1783675238,lat95_ms,tier=cloud,70.67810751110002
1783675248,lat95_ms,tier=cloud,71.15750655785496
1783675258,lat95_ms,tier=cloud,71.17534719742753
1783675268,lat95_ms,tier=cloud,70.89086390187724
1783675278,lat95_ms,tier=cloud,70.56655934759124
1783675288,lat95_ms,tier=cloud,70.33869762069573
1783675298,lat95_ms,tier=cloud,70.05610413224898
1783675308,lat95_ms,tier=cloud,69.79945721430157
1783675318,lat95_ms,tier=cloud,69.1793423921782
1783675328,lat95_ms,tier=cloud,68.42008345732225
1783675338,lat95_ms,tier=cloud,67.67027123357266
1783675348,lat95_ms,tier=cloud,66.7171660266996
1783675358,lat95_ms,tier=cloud,63.15763066355552
1783675368,lat95_ms,tier=cloud,54.85324594246311
1783675378,lat95_ms,tier=cloud,46.536757893624504
1783675388,lat95_ms,tier=cloud,41.63461031859278
1783675398,lat95_ms,tier=cloud,34.47863773509134
1783675408,lat95_ms,tier=cloud,33.596036702548915
1783675418,lat95_ms,tier=cloud,33.456859208982365
1783675428,lat95_ms,tier=cloud,33.50041449522828
1783675438,lat95_ms,tier=cloud,34.927484767027096
1783675448,lat95_ms,tier=cloud,35.497943841869535
1783675458,lat95_ms,tier=cloud,34.8646074749524
1783675468,lat95_ms,tier=cloud,34.75946410643008
1783675478,lat95_ms,tier=cloud,34.46927758149634
1783675488,lat95_ms,tier=cloud,33.284479203017774
1783675498,lat95_ms,tier=cloud,32.261130911478375
1783675508,lat95_ms,tier=cloud,32.247130092746524
1783675518,lat95_ms,tier=cloud,31.752063051821143
1783675528,lat95_ms,tier=cloud,32.03110804148309
1783675538,lat95_ms,tier=cloud,33.38950734124571
1783675548,lat95_ms,tier=cloud,30.83754948153674
1783675558,lat95_ms,tier=cloud,28.87524585164298
1783674928,lat99_ms,tier=cloud,4.964647907110106
1783674938,lat99_ms,tier=cloud,4.967169810738176
1783674948,lat99_ms,tier=cloud,4.968478260869565
1783674958,lat99_ms,tier=cloud,4.974025229357799
1783674968,lat99_ms,tier=cloud,9.69121951219512
1783674978,lat99_ms,tier=cloud,9.727374999999997
1783674988,lat99_ms,tier=cloud,16.52830188679245
1783674998,lat99_ms,tier=cloud,18.944656488549644
1783675008,lat99_ms,tier=cloud,18.705016749550378
1783675018,lat99_ms,tier=cloud,19.931957762560145
1783675028,lat99_ms,tier=cloud,19.965605427974953
1783675038,lat99_ms,tier=cloud,19.871535789695084
1783675048,lat99_ms,tier=cloud,19.89951351340487
1783675058,lat99_ms,tier=cloud,21.269568437278362
1783675068,lat99_ms,tier=cloud,26.5218231067342
1783675078,lat99_ms,tier=cloud,36.91357372740593
1783675088,lat99_ms,tier=cloud,38.25406181733091
1783675098,lat99_ms,tier=cloud,40.7751131439968
1783675108,lat99_ms,tier=cloud,44.03292346852611
1783675118,lat99_ms,tier=cloud,46.12540018053159
1783675128,lat99_ms,tier=cloud,48.57067136260759
1783675138,lat99_ms,tier=cloud,51.10751127028145
1783675148,lat99_ms,tier=cloud,72.19693483802853
1783675158,lat99_ms,tier=cloud,74.45293033877293
1783675168,lat99_ms,tier=cloud,74.68819134084342
1783675178,lat99_ms,tier=cloud,74.7904174887991
1783675188,lat99_ms,tier=cloud,74.91939702057368
1783675198,lat99_ms,tier=cloud,74.99388636648668
1783675208,lat99_ms,tier=cloud,77.11109670880731
1783675218,lat99_ms,tier=cloud,78.8499630752814
1783675228,lat99_ms,tier=cloud,78.630102339101
1783675238,lat99_ms,tier=cloud,78.23635343693665
1783675248,lat99_ms,tier=cloud,82.11664139504063
1783675258,lat99_ms,tier=cloud,82.40855325371477
1783675268,lat99_ms,tier=cloud,79.53367145159297
1783675278,lat99_ms,tier=cloud,78.53805372933309
1783675288,lat99_ms,tier=cloud,77.99376895656944
1783675298,lat99_ms,tier=cloud,77.06973509594354
1783675308,lat99_ms,tier=cloud,76.2832652486398
1783675318,lat99_ms,tier=cloud,74.9401797193924
1783675328,lat99_ms,tier=cloud,74.74322035725073
1783675338,lat99_ms,tier=cloud,74.68447539510093
1783675348,lat99_ms,tier=cloud,74.69367019622341
1783675358,lat99_ms,tier=cloud,73.47587782213233
1783675368,lat99_ms,tier=cloud,71.56951601528519
1783675378,lat99_ms,tier=cloud,63.40765899023557
1783675388,lat99_ms,tier=cloud,48.42199104975283
1783675398,lat99_ms,tier=cloud,46.89572754701825
1783675408,lat99_ms,tier=cloud,46.71920734050981
1783675418,lat99_ms,tier=cloud,46.69137184179649
1783675428,lat99_ms,tier=cloud,46.70008289904567
1783675438,lat99_ms,tier=cloud,46.98549695340542
1783675448,lat99_ms,tier=cloud,47.099588768373934
1783675458,lat99_ms,tier=cloud,46.97292149499048
1783675468,lat99_ms,tier=cloud,46.951892821286
1783675478,lat99_ms,tier=cloud,46.893855516299254
1783675488,lat99_ms,tier=cloud,46.65689584060353
1783675498,lat99_ms,tier=cloud,46.4522261822957
1783675508,lat99_ms,tier=cloud,46.449426018549296
1783675518,lat99_ms,tier=cloud,46.35041261036421
1783675528,lat99_ms,tier=cloud,46.406221608296605
1783675538,lat99_ms,tier=cloud,46.67790146824916
1783675548,lat99_ms,tier=cloud,46.167509896307365
1783675558,lat99_ms,tier=cloud,45.77504917032862
1783674928,inflight,tier=cloud,0.0
1783674938,inflight,tier=cloud,0.0
1783674948,inflight,tier=cloud,0.0
1783674958,inflight,tier=cloud,0.0
1783674968,inflight,tier=cloud,0.0
1783674978,inflight,tier=cloud,0.0
1783674988,inflight,tier=cloud,0.0
1783674998,inflight,tier=cloud,0.0
1783675008,inflight,tier=cloud,0.0
1783675018,inflight,tier=cloud,0.0
1783675028,inflight,tier=cloud,0.0
1783675038,inflight,tier=cloud,0.0
1783675048,inflight,tier=cloud,0.0
1783675058,inflight,tier=cloud,3.0
1783675068,inflight,tier=cloud,1.0
1783675078,inflight,tier=cloud,0.0
1783675088,inflight,tier=cloud,0.0
1783675098,inflight,tier=cloud,0.0
1783675108,inflight,tier=cloud,0.0
1783675118,inflight,tier=cloud,0.0
1783675128,inflight,tier=cloud,1.0
1783675138,inflight,tier=cloud,0.0
1783675148,inflight,tier=cloud,34.0
1783675158,inflight,tier=cloud,8.0
1783675168,inflight,tier=cloud,0.0
1783675178,inflight,tier=cloud,23.0
1783675188,inflight,tier=cloud,49.0
1783675198,inflight,tier=cloud,0.0
1783675208,inflight,tier=cloud,7.0
1783675218,inflight,tier=cloud,5.0
1783675228,inflight,tier=cloud,12.0
1783675238,inflight,tier=cloud,9.0
1783675248,inflight,tier=cloud,12.0
1783675258,inflight,tier=cloud,8.0
1783675268,inflight,tier=cloud,53.0
1783675278,inflight,tier=cloud,0.0
1783675288,inflight,tier=cloud,0.0
1783675298,inflight,tier=cloud,0.0
1783675308,inflight,tier=cloud,0.0
1783675318,inflight,tier=cloud,1.0
1783675328,inflight,tier=cloud,0.0
1783675338,inflight,tier=cloud,6.0
1783675348,inflight,tier=cloud,0.0
1783675358,inflight,tier=cloud,0.0
1783675368,inflight,tier=cloud,1.0
1783675378,inflight,tier=cloud,0.0
1783675388,inflight,tier=cloud,0.0
1783675398,inflight,tier=cloud,0.0
1783675408,inflight,tier=cloud,0.0
1783675418,inflight,tier=cloud,0.0
1783675428,inflight,tier=cloud,0.0
1783675438,inflight,tier=cloud,0.0
1783675448,inflight,tier=cloud,0.0
1783675458,inflight,tier=cloud,0.0
1783675468,inflight,tier=cloud,0.0
1783675478,inflight,tier=cloud,0.0
1783675488,inflight,tier=cloud,0.0
1783675498,inflight,tier=cloud,0.0
1783675508,inflight,tier=cloud,0.0
1783675518,inflight,tier=cloud,0.0
1783675528,inflight,tier=cloud,0.0
1783675538,inflight,tier=cloud,0.0
1783675548,inflight,tier=cloud,0.0
1783675558,inflight,tier=cloud,0.0
1783674928,inflight,tier=edge,0.0
1783674938,inflight,tier=edge,0.0
1783674948,inflight,tier=edge,0.0
1783674958,inflight,tier=edge,0.0
1783674968,inflight,tier=edge,0.0
1783674978,inflight,tier=edge,0.0
1783674988,inflight,tier=edge,0.0
1783674998,inflight,tier=edge,0.0
1783675008,inflight,tier=edge,0.0
1783675018,inflight,tier=edge,0.0
1783675028,inflight,tier=edge,0.0
1783675038,inflight,tier=edge,0.0
1783675048,inflight,tier=edge,0.0
1783675058,inflight,tier=edge,0.0
1783675068,inflight,tier=edge,0.0
1783675078,inflight,tier=edge,0.0
1783675088,inflight,tier=edge,0.0
1783675098,inflight,tier=edge,0.0
1783675108,inflight,tier=edge,0.0
1783675118,inflight,tier=edge,0.0
1783675128,inflight,tier=edge,0.0
1783675138,inflight,tier=edge,0.0
1783675148,inflight,tier=edge,0.0
1783675158,inflight,tier=edge,0.0
1783675168,inflight,tier=edge,0.0
1783675178,inflight,tier=edge,0.0
1783675188,inflight,tier=edge,0.0
1783675198,inflight,tier=edge,0.0
1783675208,inflight,tier=edge,0.0
1783675218,inflight,tier=edge,0.0
1783675228,inflight,tier=edge,0.0
1783675238,inflight,tier=edge,0.0
1783675248,inflight,tier=edge,0.0
1783675258,inflight,tier=edge,0.0
1783675268,inflight,tier=edge,0.0
1783675278,inflight,tier=edge,0.0
1783675288,inflight,tier=edge,0.0
1783675298,inflight,tier=edge,0.0
1783675308,inflight,tier=edge,0.0
1783675318,inflight,tier=edge,0.0
1783675328,inflight,tier=edge,0.0
1783675338,inflight,tier=edge,0.0
1783675348,inflight,tier=edge,0.0
1783675358,inflight,tier=edge,0.0
1783675368,inflight,tier=edge,0.0
1783675378,inflight,tier=edge,0.0
1783675388,inflight,tier=edge,0.0
1783675398,inflight,tier=edge,0.0
1783675408,inflight,tier=edge,0.0
1783675418,inflight,tier=edge,0.0
1783675428,inflight,tier=edge,0.0
1783675438,inflight,tier=edge,0.0
1783675448,inflight,tier=edge,0.0
1783675458,inflight,tier=edge,0.0
1783675468,inflight,tier=edge,0.0
1783675478,inflight,tier=edge,0.0
1783675488,inflight,tier=edge,0.0
1783675498,inflight,tier=edge,0.0
1783675508,inflight,tier=edge,0.0
1783675518,inflight,tier=edge,0.0
1783675528,inflight,tier=edge,0.0
1783675538,inflight,tier=edge,0.0
1783675548,inflight,tier=edge,0.0
1783675558,inflight,tier=edge,0.0
