ts,metric,labels,value
1783735602,replicas_status,deployment=workload-cloud,1.0
1783735612,replicas_status,deployment=workload-cloud,1.0
1783735622,replicas_status,deployment=workload-cloud,1.0
1783735632,replicas_status,deployment=workload-cloud,1.0
1783735642,replicas_status,deployment=workload-cloud,1.0
1783735652,replicas_status,deployment=workload-cloud,1.0
1783735662,replicas_status,deployment=workload-cloud,1.0
1783735672,replicas_status,deployment=workload-cloud,1.0
1783735682,replicas_status,deployment=workload-cloud,1.0
1783735692,replicas_status,deployment=workload-cloud,2.0
1783735702,replicas_status,deployment=workload-cloud,2.0
1783735712,replicas_status,deployment=workload-cloud,2.0
1783735722,replicas_status,deployment=workload-cloud,2.0
1783735732,replicas_status,deployment=workload-cloud,2.0
1783735742,replicas_status,deployment=workload-cloud,3.0
1783735752,replicas_status,deployment=workload-cloud,3.0
1783735762,replicas_status,deployment=workload-cloud,3.0
1783735772,replicas_status,deployment=workload-cloud,3.0
1783735782,replicas_status,deployment=workload-cloud,3.0
1783735792,replicas_status,deployment=workload-cloud,3.0
1783735802,replicas_status,deployment=workload-cloud,5.0
1783735812,replicas_status,deployment=workload-cloud,5.0
1783735822,replicas_status,deployment=workload-cloud,5.0
1783735832,replicas_status,deployment=workload-cloud,5.0
1783735842,replicas_status,deployment=workload-cloud,6.0
1783735852,replicas_status,deployment=workload-cloud,6.0
1783735862,replicas_status,deployment=workload-cloud,6.0
1783735872,replicas_status,deployment=workload-cloud,6.0
1783735882,replicas_status,deployment=workload-cloud,6.0
1783735892,replicas_status,deployment=workload-cloud,6.0
1783735902,replicas_status,deployment=workload-cloud,6.0
1783735912,replicas_status,deployment=workload-cloud,6.0
1783735922,replicas_status,deployment=workload-cloud,6.0
1783735932,replicas_status,deployment=workload-cloud,6.0
1783735942,replicas_status,deployment=workload-cloud,6.0
1783735952,replicas_status,deployment=workload-cloud,6.0
1783735962,replicas_status,deployment=workload-cloud,6.0
1783735972,replicas_status,deployment=workload-cloud,6.0
1783735982,replicas_status,deployment=workload-cloud,6.0
1783735992,replicas_status,deployment=workload-cloud,6.0
1783736002,replicas_status,deployment=workload-cloud,6.0
1783736012,replicas_status,deployment=workload-cloud,6.0
1783736022,replicas_status,deployment=workload-cloud,6.0
1783736032,replicas_status,deployment=workload-cloud,6.0
1783736042,replicas_status,deployment=workload-cloud,6.0
1783736052,replicas_status,deployment=workload-cloud,6.0
1783736062,replicas_status,deployment=workload-cloud,6.0
1783736072,replicas_status,deployment=workload-cloud,6.0
1783736082,replicas_status,deployment=workload-cloud,6.0
1783736092,replicas_status,deployment=workload-cloud,6.0
1783736102,replicas_status,deployment=workload-cloud,6.0
1783736112,replicas_status,deployment=workload-cloud,6.0
1783736122,replicas_status,deployment=workload-cloud,6.0
1783736132,replicas_status,deployment=workload-cloud,6.0
1783736142,replicas_status,deployment=workload-cloud,6.0
1783736152,replicas_status,deployment=workload-cloud,6.0
1783736162,replicas_status,deployment=workload-cloud,6.0
1783736172,replicas_status,deployment=workload-cloud,6.0
1783736182,replicas_status,deployment=workload-cloud,6.0
1783736192,replicas_status,deployment=workload-cloud,6.0
1783736202,replicas_status,deployment=workload-cloud,6.0
1783736212,replicas_status,deployment=workload-cloud,6.0
1783736222,replicas_status,deployment=workload-cloud,6.0
1783736232,replicas_status,deployment=workload-cloud,5.0
1783736242,replicas_status,deployment=workload-cloud,5.0
1783736252,replicas_status,deployment=workload-cloud,5.0
1783735602,replicas_status,deployment=workload-edge,1.0
1783735612,replicas_status,deployment=workload-edge,1.0
1783735622,replicas_status,deployment=workload-edge,1.0
1783735632,replicas_status,deployment=workload-edge,1.0
1783735642,replicas_status,deployment=workload-edge,1.0
1783735652,replicas_status,deployment=workload-edge,1.0
1783735662,replicas_status,deployment=workload-edge,1.0
1783735672,replicas_status,deployment=workload-edge,1.0
1783735682,replicas_status,deployment=workload-edge,1.0
1783735692,replicas_status,deployment=workload-edge,1.0
1783735702,replicas_status,deployment=workload-edge,1.0
1783735712,replicas_status,deployment=workload-edge,1.0
1783735722,replicas_status,deployment=workload-edge,1.0
1783735732,replicas_status,deployment=workload-edge,1.0
1783735742,replicas_status,deployment=workload-edge,1.0
1783735752,replicas_status,deployment=workload-edge,1.0
1783735762,replicas_status,deployment=workload-edge,1.0
1783735772,replicas_status,deployment=workload-edge,1.0
1783735782,replicas_status,deployment=workload-edge,1.0
1783735792,replicas_status,deployment=workload-edge,1.0
1783735802,replicas_status,deployment=workload-edge,1.0
1783735812,replicas_status,deployment=workload-edge,1.0
1783735822,replicas_status,deployment=workload-edge,1.0
1783735832,replicas_status,deployment=workload-edge,1.0
1783735842,replicas_status,deployment=workload-edge,1.0
1783735852,replicas_status,deployment=workload-edge,1.0
1783735862,replicas_status,deployment=workload-edge,1.0
1783735872,replicas_status,deployment=workload-edge,1.0
1783735882,replicas_status,deployment=workload-edge,1.0
1783735892,replicas_status,deployment=workload-edge,1.0
1783735902,replicas_status,deployment=workload-edge,1.0
1783735912,replicas_status,deployment=workload-edge,1.0
1783735922,replicas_status,deployment=workload-edge,1.0
1783735932,replicas_status,deployment=workload-edge,1.0
1783735942,replicas_status,deployment=workload-edge,1.0
1783735952,replicas_status,deployment=workload-edge,1.0
1783735962,replicas_status,deployment=workload-edge,1.0
1783735972,replicas_status,deployment=workload-edge,1.0
1783735982,replicas_status,deployment=workload-edge,1.0
1783735992,replicas_status,deployment=workload-edge,1.0
1783736002,replicas_status,deployment=workload-edge,1.0
1783736012,replicas_status,deployment=workload-edge,1.0
1783736022,replicas_status,deployment=workload-edge,1.0
1783736032,replicas_status,deployment=workload-edge,1.0
1783736042,replicas_status,deployment=workload-edge,1.0
1783736052,replicas_status,deployment=workload-edge,1.0
1783736062,replicas_status,deployment=workload-edge,1.0
1783736072,replicas_status,deployment=workload-edge,1.0
1783736082,replicas_status,deployment=workload-edge,1.0
1783736092,replicas_status,deployment=workload-edge,1.0
1783736102,replicas_status,deployment=workload-edge,1.0
1783736112,replicas_status,deployment=workload-edge,1.0
1783736122,replicas_status,deployment=workload-edge,1.0
1783736132,replicas_status,deployment=workload-edge,1.0
1783736142,replicas_status,deployment=workload-edge,1.0
1783736152,replicas_status,deployment=workload-edge,1.0
1783736162,replicas_status,deployment=workload-edge,1.0
1783736172,replicas_status,deployment=workload-edge,1.0
1783736182,replicas_status,deployment=workload-edge,1.0
1783736192,replicas_status,deployment=workload-edge,1.0
1783736202,replicas_status,deployment=workload-edge,1.0
1783736212,replicas_status,deployment=workload-edge,1.0
1783736222,replicas_status,deployment=workload-edge,1.0
1783736232,replicas_status,deployment=workload-edge,1.0
1783736242,replicas_status,deployment=workload-edge,1.0
1783736252,replicas_status,deployment=workload-edge,1.0
1783735602,replicas_spec,deployment=workload-cloud,1.0
1783735612,replicas_spec,deployment=workload-cloud,1.0
1783735622,replicas_spec,deployment=workload-cloud,1.0
1783735632,replicas_spec,deployment=workload-cloud,1.0
1783735642,replicas_spec,deployment=workload-cloud,1.0
1783735652,replicas_spec,deployment=workload-cloud,1.0
1783735662,replicas_spec,deployment=workload-cloud,1.0
1783735672,replicas_spec,deployment=workload-cloud,1.0
1783735682,replicas_spec,deployment=workload-cloud,1.0
1783735692,replicas_spec,deployment=workload-cloud,2.0
1783735702,replicas_spec,deployment=workload-cloud,2.0
1783735712,replicas_spec,deployment=workload-cloud,2.0
1783735722,replicas_spec,deployment=workload-cloud,2.0
1783735732,replicas_spec,deployment=workload-cloud,2.0
1783735742,replicas_spec,deployment=workload-cloud,3.0
1783735752,replicas_spec,deployment=workload-cloud,3.0
1783735762,replicas_spec,deployment=workload-cloud,3.0
1783735772,replicas_spec,deployment=workload-cloud,3.0
1783735782,replicas_spec,deployment=workload-cloud,3.0
1783735792,replicas_spec,deployment=workload-cloud,3.0
1783735802,replicas_spec,deployment=workload-cloud,5.0
1783735812,replicas_spec,deployment=workload-cloud,5.0
1783735822,replicas_spec,deployment=workload-cloud,5.0
1783735832,replicas_spec,deployment=workload-cloud,5.0
1783735842,replicas_spec,deployment=workload-cloud,6.0
1783735852,replicas_spec,deployment=workload-cloud,6.0
1783735862,replicas_spec,deployment=workload-cloud,6.0
1783735872,replicas_spec,deployment=workload-cloud,6.0
1783735882,replicas_spec,deployment=workload-cloud,6.0
1783735892,replicas_spec,deployment=workload-cloud,6.0
1783735902,replicas_spec,deployment=workload-cloud,6.0
1783735912,replicas_spec,deployment=workload-cloud,6.0
1783735922,replicas_spec,deployment=workload-cloud,6.0
1783735932,replicas_spec,deployment=workload-cloud,6.0
1783735942,replicas_spec,deployment=workload-cloud,6.0
1783735952,replicas_spec,deployment=workload-cloud,6.0
1783735962,replicas_spec,deployment=workload-cloud,6.0
1783735972,replicas_spec,deployment=workload-cloud,6.0
1783735982,replicas_spec,deployment=workload-cloud,6.0
1783735992,replicas_spec,deployment=workload-cloud,6.0
1783736002,replicas_spec,deployment=workload-cloud,6.0
1783736012,replicas_spec,deployment=workload-cloud,6.0
1783736022,replicas_spec,deployment=workload-cloud,6.0
1783736032,replicas_spec,deployment=workload-cloud,6.0
1783736042,replicas_spec,deployment=workload-cloud,6.0
1783736052,replicas_spec,deployment=workload-cloud,6.0
1783736062,replicas_spec,deployment=workload-cloud,6.0
1783736072,replicas_spec,deployment=workload-cloud,6.0
1783736082,replicas_spec,deployment=workload-cloud,6.0
1783736092,replicas_spec,deployment=workload-cloud,6.0
1783736102,replicas_spec,deployment=workload-cloud,6.0
1783736112,replicas_spec,deployment=workload-cloud,6.0
1783736122,replicas_spec,deployment=workload-cloud,6.0
1783736132,replicas_spec,deployment=workload-cloud,6.0
1783736142,replicas_spec,deployment=workload-cloud,6.0
1783736152,replicas_spec,deployment=workload-cloud,6.0
1783736162,replicas_spec,deployment=workload-cloud,6.0
1783736172,replicas_spec,deployment=workload-cloud,6.0
1783736182,replicas_spec,deployment=workload-cloud,6.0
1783736192,replicas_spec,deployment=workload-cloud,6.0
1783736202,replicas_spec,deployment=workload-cloud,6.0
1783736212,replicas_spec,deployment=workload-cloud,6.0
1783736222,replicas_spec,deployment=workload-cloud,6.0
1783736232,replicas_spec,deployment=workload-cloud,5.0
1783736242,replicas_spec,deployment=workload-cloud,5.0
1783736252,replicas_spec,deployment=workload-cloud,5.0
1783735602,replicas_spec,deployment=workload-edge,1.0
1783735612,replicas_spec,deployment=workload-edge,1.0
1783735622,replicas_spec,deployment=workload-edge,1.0
1783735632,replicas_spec,deployment=workload-edge,1.0
1783735642,replicas_spec,deployment=workload-edge,1.0
1783735652,replicas_spec,deployment=workload-edge,1.0
1783735662,replicas_spec,deployment=workload-edge,1.0
1783735672,replicas_spec,deployment=workload-edge,1.0
1783735682,replicas_spec,deployment=workload-edge,1.0
1783735692,replicas_spec,deployment=workload-edge,1.0
1783735702,replicas_spec,deployment=workload-edge,1.0
1783735712,replicas_spec,deployment=workload-edge,1.0
1783735722,replicas_spec,deployment=workload-edge,1.0
1783735732,replicas_spec,deployment=workload-edge,1.0
1783735742,replicas_spec,deployment=workload-edge,1.0
1783735752,replicas_spec,deployment=workload-edge,1.0
1783735762,replicas_spec,deployment=workload-edge,1.0
1783735772,replicas_spec,deployment=workload-edge,1.0
1783735782,replicas_spec,deployment=workload-edge,1.0
1783735792,replicas_spec,deployment=workload-edge,1.0
1783735802,replicas_spec,deployment=workload-edge,1.0
1783735812,replicas_spec,deployment=workload-edge,1.0
1783735822,replicas_spec,deployment=workload-edge,1.0
1783735832,replicas_spec,deployment=workload-edge,1.0
1783735842,replicas_spec,deployment=workload-edge,1.0
1783735852,replicas_spec,deployment=workload-edge,1.0
1783735862,replicas_spec,deployment=workload-edge,1.0
1783735872,replicas_spec,deployment=workload-edge,1.0
1783735882,replicas_spec,deployment=workload-edge,1.0
1783735892,replicas_spec,deployment=workload-edge,1.0
1783735902,replicas_spec,deployment=workload-edge,1.0
1783735912,replicas_spec,deployment=workload-edge,1.0
1783735922,replicas_spec,deployment=workload-edge,1.0
1783735932,replicas_spec,deployment=workload-edge,1.0
1783735942,replicas_spec,deployment=workload-edge,1.0
1783735952,replicas_spec,deployment=workload-edge,1.0
1783735962,replicas_spec,deployment=workload-edge,1.0
1783735972,replicas_spec,deployment=workload-edge,1.0
1783735982,replicas_spec,deployment=workload-edge,1.0
1783735992,replicas_spec,deployment=workload-edge,1.0
1783736002,replicas_spec,deployment=workload-edge,1.0
1783736012,replicas_spec,deployment=workload-edge,1.0
1783736022,replicas_spec,deployment=workload-edge,1.0
1783736032,replicas_spec,deployment=workload-edge,1.0
1783736042,replicas_spec,deployment=workload-edge,1.0
1783736052,replicas_spec,deployment=workload-edge,1.0
1783736062,replicas_spec,deployment=workload-edge,1.0
1783736072,replicas_spec,deployment=workload-edge,1.0
1783736082,replicas_spec,deployment=workload-edge,1.0
1783736092,replicas_spec,deployment=workload-edge,1.0
1783736102,replicas_spec,deployment=workload-edge,1.0
1783736112,replicas_spec,deployment=workload-edge,1.0
1783736122,replicas_spec,deployment=workload-edge,1.0
1783736132,replicas_spec,deployment=workload-edge,1.0
1783736142,replicas_spec,deployment=workload-edge,1.0
1783736152,replicas_spec,deployment=workload-edge,1.0
1783736162,replicas_spec,deployment=workload-edge,1.0
1783736172,replicas_spec,deployment=workload-edge,1.0
1783736182,replicas_spec,deployment=workload-edge,1.0
1783736192,replicas_spec,deployment=workload-edge,1.0
1783736202,replicas_spec,deployment=workload-edge,1.0
1783736212,replicas_spec,deployment=workload-edge,1.0
1783736222,replicas_spec,deployment=workload-edge,1.0
1783736232,replicas_spec,deployment=workload-edge,1.0
1783736242,replicas_spec,deployment=workload-edge,1.0
1783736252,replicas_spec,deployment=workload-edge,1.0
1783735602,cpu_cores,pod=workload-cloud-6f545f89ff-9hvzm,0.0020382211070551918
1783735612,cpu_cores,pod=workload-cloud-6f545f89ff-9hvzm,0.003669176136363827
1783735622,cpu_cores,pod=workload-cloud-6f545f89ff-9hvzm,0.0031411816903410723
1783735632,cpu_cores,pod=workload-cloud-6f545f89ff-9hvzm,0.019375427477081115
1783735642,cpu_cores,pod=workload-cloud-6f545f89ff-9hvzm,0.04328593265767044
1783735652,cpu_cores,pod=workload-cloud-6f545f89ff-9hvzm,0.059312646581273866
1783735662,cpu_cores,pod=workload-cloud-6f545f89ff-9hvzm,0.07306966028386187
1783735672,cpu_cores,pod=workload-cloud-6f545f89ff-9hvzm,0.11275690036901043
1783735682,cpu_cores,pod=workload-cloud-6f545f89ff-9hvzm,0.11275690036901041
1783735692,cpu_cores,pod=workload-cloud-6f545f89ff-9hvzm,0.13916671243004172
1783735702,cpu_cores,pod=workload-cloud-6f545f89ff-9hvzm,0.15702755138199576
1783735712,cpu_cores,pod=workload-cloud-6f545f89ff-9hvzm,0.15702755138199576
1783735722,cpu_cores,pod=workload-cloud-6f545f89ff-9hvzm,0.17890868001106378
1783735732,cpu_cores,pod=workload-cloud-6f545f89ff-9hvzm,0.19542634997392383
1783735742,cpu_cores,pod=workload-cloud-6f545f89ff-9hvzm,0.20480141038999053
1783735752,cpu_cores,pod=workload-cloud-6f545f89ff-9hvzm,0.211094915018754
1783735762,cpu_cores,pod=workload-cloud-6f545f89ff-9hvzm,0.22720574443141636
1783735772,cpu_cores,pod=workload-cloud-6f545f89ff-9hvzm,0.22720574443141636
1783735782,cpu_cores,pod=workload-cloud-6f545f89ff-9hvzm,0.23744534924229005
1783735792,cpu_cores,pod=workload-cloud-6f545f89ff-9hvzm,0.2437405320681181
1783735802,cpu_cores,pod=workload-cloud-6f545f89ff-9hvzm,0.22813364118051987
1783735812,cpu_cores,pod=workload-cloud-6f545f89ff-9hvzm,0.27497115908713754
1783735822,cpu_cores,pod=workload-cloud-6f545f89ff-9hvzm,0.3392537984806121
1783735832,cpu_cores,pod=workload-cloud-6f545f89ff-9hvzm,0.3718481821578143
1783735842,cpu_cores,pod=workload-cloud-6f545f89ff-9hvzm,0.4283998798558306
1783735852,cpu_cores,pod=workload-cloud-6f545f89ff-9hvzm,0.40307260825888097
1783735862,cpu_cores,pod=workload-cloud-6f545f89ff-9hvzm,0.4903184498537525
1783735872,cpu_cores,pod=workload-cloud-6f545f89ff-9hvzm,0.48834980254652455
1783735882,cpu_cores,pod=workload-cloud-6f545f89ff-9hvzm,0.4874445954238604
1783735892,cpu_cores,pod=workload-cloud-6f545f89ff-9hvzm,0.49090923864968933
1783735902,cpu_cores,pod=workload-cloud-6f545f89ff-9hvzm,0.4176052653386167
1783735912,cpu_cores,pod=workload-cloud-6f545f89ff-9hvzm,0.4879403758530989
1783735922,cpu_cores,pod=workload-cloud-6f545f89ff-9hvzm,0.48745830250502525
1783735932,cpu_cores,pod=workload-cloud-6f545f89ff-9hvzm,0.3464191555555569
1783735942,cpu_cores,pod=workload-cloud-6f545f89ff-9hvzm,0.49195729609390493
1783735952,cpu_cores,pod=workload-cloud-6f545f89ff-9hvzm,0.4769738137695762
1783735962,cpu_cores,pod=workload-cloud-6f545f89ff-9hvzm,0.47533055314936307
1783735972,cpu_cores,pod=workload-cloud-6f545f89ff-9hvzm,0.40178272140832955
1783735982,cpu_cores,pod=workload-cloud-6f545f89ff-9hvzm,0.31406949078138613
1783735992,cpu_cores,pod=workload-cloud-6f545f89ff-9hvzm,0.31406949078138613
1783736002,cpu_cores,pod=workload-cloud-6f545f89ff-9hvzm,0.26355949234415615
1783736012,cpu_cores,pod=workload-cloud-6f545f89ff-9hvzm,0.20180551979448416
1783736022,cpu_cores,pod=workload-cloud-6f545f89ff-9hvzm,0.2396842903452094
1783736032,cpu_cores,pod=workload-cloud-6f545f89ff-9hvzm,0.24059045043692376
1783736042,cpu_cores,pod=workload-cloud-6f545f89ff-9hvzm,0.23553211914964867
1783736052,cpu_cores,pod=workload-cloud-6f545f89ff-9hvzm,0.23553211914964867
1783736062,cpu_cores,pod=workload-cloud-6f545f89ff-9hvzm,0.23305787362085778
1783736072,cpu_cores,pod=workload-cloud-6f545f89ff-9hvzm,0.23303045139074882
1783736082,cpu_cores,pod=workload-cloud-6f545f89ff-9hvzm,0.2018299482181519
1783736092,cpu_cores,pod=workload-cloud-6f545f89ff-9hvzm,0.19692968252568482
1783736102,cpu_cores,pod=workload-cloud-6f545f89ff-9hvzm,0.2523417959427231
1783736112,cpu_cores,pod=workload-cloud-6f545f89ff-9hvzm,0.24858143495042917
1783736122,cpu_cores,pod=workload-cloud-6f545f89ff-9hvzm,0.24471239855610788
1783736132,cpu_cores,pod=workload-cloud-6f545f89ff-9hvzm,0.24044698824005903
1783736142,cpu_cores,pod=workload-cloud-6f545f89ff-9hvzm,0.24025422578384767
1783736152,cpu_cores,pod=workload-cloud-6f545f89ff-9hvzm,0.24344407367859364
1783736162,cpu_cores,pod=workload-cloud-6f545f89ff-9hvzm,0.24410242833218856
1783736172,cpu_cores,pod=workload-cloud-6f545f89ff-9hvzm,0.21391875532440072
1783736182,cpu_cores,pod=workload-cloud-6f545f89ff-9hvzm,0.21391875532440072
1783736192,cpu_cores,pod=workload-cloud-6f545f89ff-9hvzm,0.14590933639514578
1783736202,cpu_cores,pod=workload-cloud-6f545f89ff-9hvzm,0.0676131691493938
1783736212,cpu_cores,pod=workload-cloud-6f545f89ff-9hvzm,0.0037260274658296173
1783736222,cpu_cores,pod=workload-cloud-6f545f89ff-9hvzm,0.0039176482064072855
1783736232,cpu_cores,pod=workload-cloud-6f545f89ff-9hvzm,0.0019187088274042533
1783736242,cpu_cores,pod=workload-cloud-6f545f89ff-9hvzm,0.0019125190684494817
1783736252,cpu_cores,pod=workload-cloud-6f545f89ff-9hvzm,0.0015480313846464836
1783735822,cpu_cores,pod=workload-cloud-6f545f89ff-9tqjb,0.031022238414232378
1783735832,cpu_cores,pod=workload-cloud-6f545f89ff-9tqjb,0.04623324984223986
1783735842,cpu_cores,pod=workload-cloud-6f545f89ff-9tqjb,0.06124376596477577
1783735852,cpu_cores,pod=workload-cloud-6f545f89ff-9tqjb,0.07559069539475283
1783735862,cpu_cores,pod=workload-cloud-6f545f89ff-9tqjb,0.08848936683858226
1783735872,cpu_cores,pod=workload-cloud-6f545f89ff-9tqjb,0.08959946777779723
1783735882,cpu_cores,pod=workload-cloud-6f545f89ff-9tqjb,0.0905525584597605
1783735892,cpu_cores,pod=workload-cloud-6f545f89ff-9tqjb,0.08940015144503809
1783735902,cpu_cores,pod=workload-cloud-6f545f89ff-9tqjb,0.07391901683637012
1783735912,cpu_cores,pod=workload-cloud-6f545f89ff-9tqjb,0.08849191447414743
1783735922,cpu_cores,pod=workload-cloud-6f545f89ff-9tqjb,0.08676490682498171
1783735932,cpu_cores,pod=workload-cloud-6f545f89ff-9tqjb,0.05324254999999998
1783735942,cpu_cores,pod=workload-cloud-6f545f89ff-9tqjb,0.08784273907369673
1783735952,cpu_cores,pod=workload-cloud-6f545f89ff-9tqjb,0.08702830628728549
1783735962,cpu_cores,pod=workload-cloud-6f545f89ff-9tqjb,0.06354782914808733
1783735972,cpu_cores,pod=workload-cloud-6f545f89ff-9tqjb,0.04648114791634866
1783735982,cpu_cores,pod=workload-cloud-6f545f89ff-9tqjb,0.025938874384978407
1783735992,cpu_cores,pod=workload-cloud-6f545f89ff-9tqjb,0.018138693074688725
1783736002,cpu_cores,pod=workload-cloud-6f545f89ff-9tqjb,0.004695283115815425
1783736012,cpu_cores,pod=workload-cloud-6f545f89ff-9tqjb,0.0018363930664262618
1783736022,cpu_cores,pod=workload-cloud-6f545f89ff-9tqjb,0.0017536432818806838
1783736032,cpu_cores,pod=workload-cloud-6f545f89ff-9tqjb,0.0015020163000000312
1783736042,cpu_cores,pod=workload-cloud-6f545f89ff-9tqjb,0.0018131004546483348
1783736052,cpu_cores,pod=workload-cloud-6f545f89ff-9tqjb,0.0018633676035829097
1783736062,cpu_cores,pod=workload-cloud-6f545f89ff-9tqjb,0.0018633676035829097
1783736072,cpu_cores,pod=workload-cloud-6f545f89ff-9tqjb,0.0018623842776880422
1783736082,cpu_cores,pod=workload-cloud-6f545f89ff-9tqjb,0.0019080300667565907
1783736092,cpu_cores,pod=workload-cloud-6f545f89ff-9tqjb,0.001964312030259843
1783736102,cpu_cores,pod=workload-cloud-6f545f89ff-9tqjb,0.001869825144963387
1783736112,cpu_cores,pod=workload-cloud-6f545f89ff-9tqjb,0.001614560592378881
1783736122,cpu_cores,pod=workload-cloud-6f545f89ff-9tqjb,0.0019268279304481522
1783736132,cpu_cores,pod=workload-cloud-6f545f89ff-9tqjb,0.0018844960681047855
1783736142,cpu_cores,pod=workload-cloud-6f545f89ff-9tqjb,0.0019340667935448537
1783736152,cpu_cores,pod=workload-cloud-6f545f89ff-9tqjb,0.001988062893302251
1783736162,cpu_cores,pod=workload-cloud-6f545f89ff-9tqjb,0.0019578751045083286
1783736172,cpu_cores,pod=workload-cloud-6f545f89ff-9tqjb,0.0018028091551381034
1783736182,cpu_cores,pod=workload-cloud-6f545f89ff-9tqjb,0.001844700800962221
1783736192,cpu_cores,pod=workload-cloud-6f545f89ff-9tqjb,0.0019042126570675444
1783736202,cpu_cores,pod=workload-cloud-6f545f89ff-9tqjb,0.0017913271952484861
1783736212,cpu_cores,pod=workload-cloud-6f545f89ff-9tqjb,0.001621557897453268
1783736222,cpu_cores,pod=workload-cloud-6f545f89ff-9tqjb,0.001956355542652539
1783736232,cpu_cores,pod=workload-cloud-6f545f89ff-9tqjb,0.0014236593860490311
1783736242,cpu_cores,pod=workload-cloud-6f545f89ff-9tqjb,0.0011064323582462465
1783736252,cpu_cores,pod=workload-cloud-6f545f89ff-9tqjb,0.0008521602234663522
1783735712,cpu_cores,pod=workload-cloud-6f545f89ff-dxwdf,0.013175496767171105
1783735722,cpu_cores,pod=workload-cloud-6f545f89ff-dxwdf,0.016989283769727002
1783735732,cpu_cores,pod=workload-cloud-6f545f89ff-dxwdf,0.022064659336145893
1783735742,cpu_cores,pod=workload-cloud-6f545f89ff-dxwdf,0.02711295113178015
1783735752,cpu_cores,pod=workload-cloud-6f545f89ff-dxwdf,0.028584704504837615
1783735762,cpu_cores,pod=workload-cloud-6f545f89ff-dxwdf,0.03527267507390001
1783735772,cpu_cores,pod=workload-cloud-6f545f89ff-dxwdf,0.041710919565123225
1783735782,cpu_cores,pod=workload-cloud-6f545f89ff-dxwdf,0.032986724999999995
1783735792,cpu_cores,pod=workload-cloud-6f545f89ff-dxwdf,0.06359500848290026
1783735802,cpu_cores,pod=workload-cloud-6f545f89ff-dxwdf,0.11118844784075096
1783735812,cpu_cores,pod=workload-cloud-6f545f89ff-dxwdf,0.11118844784075096
1783735822,cpu_cores,pod=workload-cloud-6f545f89ff-dxwdf,0.2055305970308207
1783735832,cpu_cores,pod=workload-cloud-6f545f89ff-dxwdf,0.32868160361529347
1783735842,cpu_cores,pod=workload-cloud-6f545f89ff-dxwdf,0.3286816036152934
1783735852,cpu_cores,pod=workload-cloud-6f545f89ff-dxwdf,0.3849759046402725
1783735862,cpu_cores,pod=workload-cloud-6f545f89ff-dxwdf,0.4076719327184443
1783735872,cpu_cores,pod=workload-cloud-6f545f89ff-dxwdf,0.4131977982651966
1783735882,cpu_cores,pod=workload-cloud-6f545f89ff-dxwdf,0.4174399886637381
1783735892,cpu_cores,pod=workload-cloud-6f545f89ff-dxwdf,0.41614108568036395
1783735902,cpu_cores,pod=workload-cloud-6f545f89ff-dxwdf,0.4134066245719178
1783735912,cpu_cores,pod=workload-cloud-6f545f89ff-dxwdf,0.41522532125168327
1783735922,cpu_cores,pod=workload-cloud-6f545f89ff-dxwdf,0.40710000654921735
1783735932,cpu_cores,pod=workload-cloud-6f545f89ff-dxwdf,0.3373005184152696
1783735942,cpu_cores,pod=workload-cloud-6f545f89ff-dxwdf,0.4105341362744435
1783735952,cpu_cores,pod=workload-cloud-6f545f89ff-dxwdf,0.3428198638701268
1783735962,cpu_cores,pod=workload-cloud-6f545f89ff-dxwdf,0.39080944109819293
1783735972,cpu_cores,pod=workload-cloud-6f545f89ff-dxwdf,0.3286956356356357
1783735982,cpu_cores,pod=workload-cloud-6f545f89ff-dxwdf,0.2242062222405
1783735992,cpu_cores,pod=workload-cloud-6f545f89ff-dxwdf,0.22420622224050005
1783736002,cpu_cores,pod=workload-cloud-6f545f89ff-dxwdf,0.11704728228956579
1783736012,cpu_cores,pod=workload-cloud-6f545f89ff-dxwdf,0.10994606248722201
1783736022,cpu_cores,pod=workload-cloud-6f545f89ff-dxwdf,0.07451110212737262
1783736032,cpu_cores,pod=workload-cloud-6f545f89ff-dxwdf,0.08813917747448022
1783736042,cpu_cores,pod=workload-cloud-6f545f89ff-dxwdf,0.0898034807618938
1783736052,cpu_cores,pod=workload-cloud-6f545f89ff-dxwdf,0.08801101002599335
1783736062,cpu_cores,pod=workload-cloud-6f545f89ff-dxwdf,0.08672793917473649
1783736072,cpu_cores,pod=workload-cloud-6f545f89ff-dxwdf,0.0876997387206641
1783736082,cpu_cores,pod=workload-cloud-6f545f89ff-dxwdf,0.0876997387206641
1783736092,cpu_cores,pod=workload-cloud-6f545f89ff-dxwdf,0.08968759544805163
1783736102,cpu_cores,pod=workload-cloud-6f545f89ff-dxwdf,0.0766699392331861
1783736112,cpu_cores,pod=workload-cloud-6f545f89ff-dxwdf,0.09127163362952824
1783736122,cpu_cores,pod=workload-cloud-6f545f89ff-dxwdf,0.0898427632486097
1783736132,cpu_cores,pod=workload-cloud-6f545f89ff-dxwdf,0.08861280077889575
1783736142,cpu_cores,pod=workload-cloud-6f545f89ff-dxwdf,0.08934690100028035
1783736152,cpu_cores,pod=workload-cloud-6f545f89ff-dxwdf,0.08852533361408682
1783736162,cpu_cores,pod=workload-cloud-6f545f89ff-dxwdf,0.07833835355530476
1783736172,cpu_cores,pod=workload-cloud-6f545f89ff-dxwdf,0.0759779009112357
1783736182,cpu_cores,pod=workload-cloud-6f545f89ff-dxwdf,0.04528035952500695
1783736192,cpu_cores,pod=workload-cloud-6f545f89ff-dxwdf,0.03149788015828157
1783736202,cpu_cores,pod=workload-cloud-6f545f89ff-dxwdf,0.0020525995743388985
1783736212,cpu_cores,pod=workload-cloud-6f545f89ff-dxwdf,0.0020525995743388985
1783736222,cpu_cores,pod=workload-cloud-6f545f89ff-dxwdf,0.0019802325278954445
1783736232,cpu_cores,pod=workload-cloud-6f545f89ff-dxwdf,0.0019319611773814121
1783736242,cpu_cores,pod=workload-cloud-6f545f89ff-dxwdf,0.001958908296943027
1783736252,cpu_cores,pod=workload-cloud-6f545f89ff-dxwdf,0.001958908296943027
1783735862,cpu_cores,pod=workload-cloud-6f545f89ff-m45tg,0.01029078136424112
1783735872,cpu_cores,pod=workload-cloud-6f545f89ff-m45tg,0.014650734286152902
1783735882,cpu_cores,pod=workload-cloud-6f545f89ff-m45tg,0.010136695909126704
1783735892,cpu_cores,pod=workload-cloud-6f545f89ff-m45tg,0.00921296709310953
1783735902,cpu_cores,pod=workload-cloud-6f545f89ff-m45tg,0.001790950253931347
1783735912,cpu_cores,pod=workload-cloud-6f545f89ff-m45tg,0.0018048032811145646
1783735922,cpu_cores,pod=workload-cloud-6f545f89ff-m45tg,0.0017360075861156423
1783735932,cpu_cores,pod=workload-cloud-6f545f89ff-m45tg,0.0017360075861156423
1783735942,cpu_cores,pod=workload-cloud-6f545f89ff-m45tg,0.0018443421136013175
1783735952,cpu_cores,pod=workload-cloud-6f545f89ff-m45tg,0.0019222445614114339
1783735962,cpu_cores,pod=workload-cloud-6f545f89ff-m45tg,0.0019439872858908697
1783735972,cpu_cores,pod=workload-cloud-6f545f89ff-m45tg,0.002045432375749891
1783735982,cpu_cores,pod=workload-cloud-6f545f89ff-m45tg,0.0017060506128970066
1783735992,cpu_cores,pod=workload-cloud-6f545f89ff-m45tg,0.0018966615525043212
1783736002,cpu_cores,pod=workload-cloud-6f545f89ff-m45tg,0.001867044367596204
1783736012,cpu_cores,pod=workload-cloud-6f545f89ff-m45tg,0.0018214804409418825
1783736022,cpu_cores,pod=workload-cloud-6f545f89ff-m45tg,0.001872064502027831
1783736032,cpu_cores,pod=workload-cloud-6f545f89ff-m45tg,0.0018687939306035934
1783736042,cpu_cores,pod=workload-cloud-6f545f89ff-m45tg,0.0019207966480240697
1783736052,cpu_cores,pod=workload-cloud-6f545f89ff-m45tg,0.0018723421343238632
1783736062,cpu_cores,pod=workload-cloud-6f545f89ff-m45tg,0.001850980905048392
1783736072,cpu_cores,pod=workload-cloud-6f545f89ff-m45tg,0.0018572606627799933
1783736082,cpu_cores,pod=workload-cloud-6f545f89ff-m45tg,0.0019169713838709083
1783736092,cpu_cores,pod=workload-cloud-6f545f89ff-m45tg,0.0019212330506322688
1783736102,cpu_cores,pod=workload-cloud-6f545f89ff-m45tg,0.0018627857192182865
1783736112,cpu_cores,pod=workload-cloud-6f545f89ff-m45tg,0.0019163112616674394
1783736122,cpu_cores,pod=workload-cloud-6f545f89ff-m45tg,0.0019114684230918256
1783736132,cpu_cores,pod=workload-cloud-6f545f89ff-m45tg,0.0015781871840329575
1783736142,cpu_cores,pod=workload-cloud-6f545f89ff-m45tg,0.001923749443760959
1783736152,cpu_cores,pod=workload-cloud-6f545f89ff-m45tg,0.001996966471527409
1783736162,cpu_cores,pod=workload-cloud-6f545f89ff-m45tg,0.0019787812597512615
1783736172,cpu_cores,pod=workload-cloud-6f545f89ff-m45tg,0.0019461113221082823
1783736182,cpu_cores,pod=workload-cloud-6f545f89ff-m45tg,0.0020981583523643926
1783736192,cpu_cores,pod=workload-cloud-6f545f89ff-m45tg,0.0020981583523643926
1783736202,cpu_cores,pod=workload-cloud-6f545f89ff-m45tg,0.0019561067448937153
1783736212,cpu_cores,pod=workload-cloud-6f545f89ff-m45tg,0.002022509519715028
1783736222,cpu_cores,pod=workload-cloud-6f545f89ff-m45tg,0.001987051326424661
1783736232,cpu_cores,pod=workload-cloud-6f545f89ff-m45tg,0.0018280950205573304
1783736242,cpu_cores,pod=workload-cloud-6f545f89ff-m45tg,0.001998009482912863
1783736252,cpu_cores,pod=workload-cloud-6f545f89ff-m45tg,0.001998009482912863
1783735602,cpu_cores,pod=workload-cloud-6f545f89ff-m5w99,0.000661870720754644
1783735822,cpu_cores,pod=workload-cloud-6f545f89ff-qtcv2,0.03614185193966604
1783735832,cpu_cores,pod=workload-cloud-6f545f89ff-qtcv2,0.052125448435319244
1783735842,cpu_cores,pod=workload-cloud-6f545f89ff-qtcv2,0.0716397654911337
1783735852,cpu_cores,pod=workload-cloud-6f545f89ff-qtcv2,0.09083947643721683
1783735862,cpu_cores,pod=workload-cloud-6f545f89ff-qtcv2,0.08843955750645996
1783735872,cpu_cores,pod=workload-cloud-6f545f89ff-qtcv2,0.1078761412575366
1783735882,cpu_cores,pod=workload-cloud-6f545f89ff-qtcv2,0.0939612057744151
1783735892,cpu_cores,pod=workload-cloud-6f545f89ff-qtcv2,0.10875383470135365
1783735902,cpu_cores,pod=workload-cloud-6f545f89ff-qtcv2,0.09331453489346016
1783735912,cpu_cores,pod=workload-cloud-6f545f89ff-qtcv2,0.10807105211789966
1783735922,cpu_cores,pod=workload-cloud-6f545f89ff-qtcv2,0.10791426435698269
1783735932,cpu_cores,pod=workload-cloud-6f545f89ff-qtcv2,0.10644133170072623
1783735942,cpu_cores,pod=workload-cloud-6f545f89ff-qtcv2,0.10673299309975724
1783735952,cpu_cores,pod=workload-cloud-6f545f89ff-qtcv2,0.08863672946771539
1783735962,cpu_cores,pod=workload-cloud-6f545f89ff-qtcv2,0.08863672946771539
1783735972,cpu_cores,pod=workload-cloud-6f545f89ff-qtcv2,0.048974451330007385
1783735982,cpu_cores,pod=workload-cloud-6f545f89ff-qtcv2,0.04002835387962291
1783735992,cpu_cores,pod=workload-cloud-6f545f89ff-qtcv2,0.007281546517579459
1783736002,cpu_cores,pod=workload-cloud-6f545f89ff-qtcv2,0.0018611404824550688
1783736012,cpu_cores,pod=workload-cloud-6f545f89ff-qtcv2,0.001570884635639667
1783736022,cpu_cores,pod=workload-cloud-6f545f89ff-qtcv2,0.0014914541205174451
1783736032,cpu_cores,pod=workload-cloud-6f545f89ff-qtcv2,0.0019055902300533934
1783736042,cpu_cores,pod=workload-cloud-6f545f89ff-qtcv2,0.001893946985422177
1783736052,cpu_cores,pod=workload-cloud-6f545f89ff-qtcv2,0.001857259739442354
1783736062,cpu_cores,pod=workload-cloud-6f545f89ff-qtcv2,0.001857259739442354
1783736072,cpu_cores,pod=workload-cloud-6f545f89ff-qtcv2,0.0019079041648007273
1783736082,cpu_cores,pod=workload-cloud-6f545f89ff-qtcv2,0.0019079041648007273
1783736092,cpu_cores,pod=workload-cloud-6f545f89ff-qtcv2,0.0019314847329014368
1783736102,cpu_cores,pod=workload-cloud-6f545f89ff-qtcv2,0.0019533303512471673
1783736112,cpu_cores,pod=workload-cloud-6f545f89ff-qtcv2,0.0019144314937040415
1783736122,cpu_cores,pod=workload-cloud-6f545f89ff-qtcv2,0.0019144314937040415
1783736132,cpu_cores,pod=workload-cloud-6f545f89ff-qtcv2,0.0018901862850972111
1783736142,cpu_cores,pod=workload-cloud-6f545f89ff-qtcv2,0.0019137606280916104
1783736152,cpu_cores,pod=workload-cloud-6f545f89ff-qtcv2,0.00191615396750277
1783736162,cpu_cores,pod=workload-cloud-6f545f89ff-qtcv2,0.0018997786428517315
1783736172,cpu_cores,pod=workload-cloud-6f545f89ff-qtcv2,0.0016520357635992776
1783736182,cpu_cores,pod=workload-cloud-6f545f89ff-qtcv2,0.0019329738494315444
1783736192,cpu_cores,pod=workload-cloud-6f545f89ff-qtcv2,0.0019130530973451429
1783736202,cpu_cores,pod=workload-cloud-6f545f89ff-qtcv2,0.0018949533334725263
1783736212,cpu_cores,pod=workload-cloud-6f545f89ff-qtcv2,0.0019057118796643436
1783736222,cpu_cores,pod=workload-cloud-6f545f89ff-qtcv2,0.0018096619109718535
1783736232,cpu_cores,pod=workload-cloud-6f545f89ff-qtcv2,0.0017971382556987274
1783736242,cpu_cores,pod=workload-cloud-6f545f89ff-qtcv2,0.0017546999742467236
1783736252,cpu_cores,pod=workload-cloud-6f545f89ff-qtcv2,0.0012831828461670582
1783735762,cpu_cores,pod=workload-cloud-6f545f89ff-st2df,0.010915247761836767
1783735772,cpu_cores,pod=workload-cloud-6f545f89ff-st2df,0.014770366113901513
1783735782,cpu_cores,pod=workload-cloud-6f545f89ff-st2df,0.0195076009508618
1783735792,cpu_cores,pod=workload-cloud-6f545f89ff-st2df,0.033330326047890504
1783735802,cpu_cores,pod=workload-cloud-6f545f89ff-st2df,0.04033048266143827
1783735812,cpu_cores,pod=workload-cloud-6f545f89ff-st2df,0.09774292210359825
1783735822,cpu_cores,pod=workload-cloud-6f545f89ff-st2df,0.16379373243341427
1783735832,cpu_cores,pod=workload-cloud-6f545f89ff-st2df,0.2338121412764116
1783735842,cpu_cores,pod=workload-cloud-6f545f89ff-st2df,0.28442387360827864
1783735852,cpu_cores,pod=workload-cloud-6f545f89ff-st2df,0.33089803850262517
1783735862,cpu_cores,pod=workload-cloud-6f545f89ff-st2df,0.33089803850262517
1783735872,cpu_cores,pod=workload-cloud-6f545f89ff-st2df,0.34128777849374187
1783735882,cpu_cores,pod=workload-cloud-6f545f89ff-st2df,0.3454822919970399
1783735892,cpu_cores,pod=workload-cloud-6f545f89ff-st2df,0.3451743004355377
1783735902,cpu_cores,pod=workload-cloud-6f545f89ff-st2df,0.34270721558024586
1783735912,cpu_cores,pod=workload-cloud-6f545f89ff-st2df,0.23574557499999998
1783735922,cpu_cores,pod=workload-cloud-6f545f89ff-st2df,0.3318467941751793
1783735932,cpu_cores,pod=workload-cloud-6f545f89ff-st2df,0.32806056179506216
1783735942,cpu_cores,pod=workload-cloud-6f545f89ff-st2df,0.278085091602276
1783735952,cpu_cores,pod=workload-cloud-6f545f89ff-st2df,0.3336329470971408
1783735962,cpu_cores,pod=workload-cloud-6f545f89ff-st2df,0.30673009767582815
1783735972,cpu_cores,pod=workload-cloud-6f545f89ff-st2df,0.30673009767582815
1783735982,cpu_cores,pod=workload-cloud-6f545f89ff-st2df,0.21517816350759397
1783735992,cpu_cores,pod=workload-cloud-6f545f89ff-st2df,0.10199090579271977
1783736002,cpu_cores,pod=workload-cloud-6f545f89ff-st2df,0.10199090579271979
1783736012,cpu_cores,pod=workload-cloud-6f545f89ff-st2df,0.052141144616910905
1783736022,cpu_cores,pod=workload-cloud-6f545f89ff-st2df,0.04555520995334374
1783736032,cpu_cores,pod=workload-cloud-6f545f89ff-st2df,0.04598576456166713
1783736042,cpu_cores,pod=workload-cloud-6f545f89ff-st2df,0.04643411378213472
1783736052,cpu_cores,pod=workload-cloud-6f545f89ff-st2df,0.0456663077999677
1783736062,cpu_cores,pod=workload-cloud-6f545f89ff-st2df,0.04552519086819368
1783736072,cpu_cores,pod=workload-cloud-6f545f89ff-st2df,0.04486451841568964
1783736082,cpu_cores,pod=workload-cloud-6f545f89ff-st2df,0.045780260073333454
1783736092,cpu_cores,pod=workload-cloud-6f545f89ff-st2df,0.046444701099510245
1783736102,cpu_cores,pod=workload-cloud-6f545f89ff-st2df,0.04651509842519695
1783736112,cpu_cores,pod=workload-cloud-6f545f89ff-st2df,0.04702188123850154
1783736122,cpu_cores,pod=workload-cloud-6f545f89ff-st2df,0.04670586724502034
1783736132,cpu_cores,pod=workload-cloud-6f545f89ff-st2df,0.04613175972895572
1783736142,cpu_cores,pod=workload-cloud-6f545f89ff-st2df,0.04586637980166406
1783736152,cpu_cores,pod=workload-cloud-6f545f89ff-st2df,0.046512489283765814
1783736162,cpu_cores,pod=workload-cloud-6f545f89ff-st2df,0.035759213457882674
1783736172,cpu_cores,pod=workload-cloud-6f545f89ff-st2df,0.030175430554645902
1783736182,cpu_cores,pod=workload-cloud-6f545f89ff-st2df,0.019204627187724775
1783736192,cpu_cores,pod=workload-cloud-6f545f89ff-st2df,0.0054277350680070665
1783736202,cpu_cores,pod=workload-cloud-6f545f89ff-st2df,0.004397495409626299
1783736212,cpu_cores,pod=workload-cloud-6f545f89ff-st2df,0.002025614004273956
1783736222,cpu_cores,pod=workload-cloud-6f545f89ff-st2df,0.0019129381548610815
1783736232,cpu_cores,pod=workload-cloud-6f545f89ff-st2df,0.001870097708136393
1783736242,cpu_cores,pod=workload-cloud-6f545f89ff-st2df,0.0018018899601862743
1783736252,cpu_cores,pod=workload-cloud-6f545f89ff-st2df,0.0015018752818152597
1783735602,cpu_cores,pod=workload-edge-7b875fd8c6-pxwvc,0.002113745757824516
1783735612,cpu_cores,pod=workload-edge-7b875fd8c6-pxwvc,0.002015699172656947
1783735622,cpu_cores,pod=workload-edge-7b875fd8c6-pxwvc,0.0020546995699194178
1783735632,cpu_cores,pod=workload-edge-7b875fd8c6-pxwvc,0.0020618520470918446
1783735642,cpu_cores,pod=workload-edge-7b875fd8c6-pxwvc,0.0020618520470918446
1783735652,cpu_cores,pod=workload-edge-7b875fd8c6-pxwvc,0.0021723770216630655
1783735662,cpu_cores,pod=workload-edge-7b875fd8c6-pxwvc,0.0021476039976081737
1783735672,cpu_cores,pod=workload-edge-7b875fd8c6-pxwvc,0.0021476039976081737
1783735682,cpu_cores,pod=workload-edge-7b875fd8c6-pxwvc,0.0021787297485340406
1783735692,cpu_cores,pod=workload-edge-7b875fd8c6-pxwvc,0.002060389519405981
1783735702,cpu_cores,pod=workload-edge-7b875fd8c6-pxwvc,0.002060389519405981
1783735712,cpu_cores,pod=workload-edge-7b875fd8c6-pxwvc,0.0021294866294865955
1783735722,cpu_cores,pod=workload-edge-7b875fd8c6-pxwvc,0.0021269392869347095
1783735732,cpu_cores,pod=workload-edge-7b875fd8c6-pxwvc,0.0021269392869347095
1783735742,cpu_cores,pod=workload-edge-7b875fd8c6-pxwvc,0.0022585043927218582
1783735752,cpu_cores,pod=workload-edge-7b875fd8c6-pxwvc,0.0022690726758593975
1783735762,cpu_cores,pod=workload-edge-7b875fd8c6-pxwvc,0.0022639844750320126
1783735772,cpu_cores,pod=workload-edge-7b875fd8c6-pxwvc,0.0019131788029670006
1783735782,cpu_cores,pod=workload-edge-7b875fd8c6-pxwvc,0.002255500314303698
1783735792,cpu_cores,pod=workload-edge-7b875fd8c6-pxwvc,0.0022610040262190352
1783735802,cpu_cores,pod=workload-edge-7b875fd8c6-pxwvc,0.0022108915843442388
1783735812,cpu_cores,pod=workload-edge-7b875fd8c6-pxwvc,0.0022108915843442388
1783735822,cpu_cores,pod=workload-edge-7b875fd8c6-pxwvc,0.002178652081132003
1783735832,cpu_cores,pod=workload-edge-7b875fd8c6-pxwvc,0.002178652081132003
1783735842,cpu_cores,pod=workload-edge-7b875fd8c6-pxwvc,0.002134526525121364
1783735852,cpu_cores,pod=workload-edge-7b875fd8c6-pxwvc,0.0021872277786739694
1783735862,cpu_cores,pod=workload-edge-7b875fd8c6-pxwvc,0.0017633247654682258
1783735872,cpu_cores,pod=workload-edge-7b875fd8c6-pxwvc,0.0022326297381837154
1783735882,cpu_cores,pod=workload-edge-7b875fd8c6-pxwvc,0.0018033482461584777
1783735892,cpu_cores,pod=workload-edge-7b875fd8c6-pxwvc,0.0018804256366363287
1783735902,cpu_cores,pod=workload-edge-7b875fd8c6-pxwvc,0.002270441463355871
1783735912,cpu_cores,pod=workload-edge-7b875fd8c6-pxwvc,0.002215363007778782
1783735922,cpu_cores,pod=workload-edge-7b875fd8c6-pxwvc,0.00216777378406668
1783735932,cpu_cores,pod=workload-edge-7b875fd8c6-pxwvc,0.00216777378406668
1783735942,cpu_cores,pod=workload-edge-7b875fd8c6-pxwvc,0.0022590894758543313
1783735952,cpu_cores,pod=workload-edge-7b875fd8c6-pxwvc,0.0023661075978370708
1783735962,cpu_cores,pod=workload-edge-7b875fd8c6-pxwvc,0.00236335415702612
1783735972,cpu_cores,pod=workload-edge-7b875fd8c6-pxwvc,0.0024292930525391223
1783735982,cpu_cores,pod=workload-edge-7b875fd8c6-pxwvc,0.0023190295504196294
1783735992,cpu_cores,pod=workload-edge-7b875fd8c6-pxwvc,0.0022797435944666286
1783736002,cpu_cores,pod=workload-edge-7b875fd8c6-pxwvc,0.0021439347704024516
1783736012,cpu_cores,pod=workload-edge-7b875fd8c6-pxwvc,0.0021441555108849125
1783736022,cpu_cores,pod=workload-edge-7b875fd8c6-pxwvc,0.0021164537941399638
1783736032,cpu_cores,pod=workload-edge-7b875fd8c6-pxwvc,0.002173439109828982
1783736042,cpu_cores,pod=workload-edge-7b875fd8c6-pxwvc,0.00218827864072521
1783736052,cpu_cores,pod=workload-edge-7b875fd8c6-pxwvc,0.002186570527264369
1783736062,cpu_cores,pod=workload-edge-7b875fd8c6-pxwvc,0.0022000256208480353
1783736072,cpu_cores,pod=workload-edge-7b875fd8c6-pxwvc,0.0021673400197769494
1783736082,cpu_cores,pod=workload-edge-7b875fd8c6-pxwvc,0.0022466182435620396
1783736092,cpu_cores,pod=workload-edge-7b875fd8c6-pxwvc,0.002286913791261624
1783736102,cpu_cores,pod=workload-edge-7b875fd8c6-pxwvc,0.002286913791261624
1783736112,cpu_cores,pod=workload-edge-7b875fd8c6-pxwvc,0.002287158679679685
1783736122,cpu_cores,pod=workload-edge-7b875fd8c6-pxwvc,0.0018384025826333895
1783736132,cpu_cores,pod=workload-edge-7b875fd8c6-pxwvc,0.0022366419025945396
1783736142,cpu_cores,pod=workload-edge-7b875fd8c6-pxwvc,0.0022287301130706548
1783736152,cpu_cores,pod=workload-edge-7b875fd8c6-pxwvc,0.0019485820770256228
1783736162,cpu_cores,pod=workload-edge-7b875fd8c6-pxwvc,0.002255028668546821
1783736172,cpu_cores,pod=workload-edge-7b875fd8c6-pxwvc,0.0022449802479226773
1783736182,cpu_cores,pod=workload-edge-7b875fd8c6-pxwvc,0.002219758025736225
1783736192,cpu_cores,pod=workload-edge-7b875fd8c6-pxwvc,0.0018942669924772633
1783736202,cpu_cores,pod=workload-edge-7b875fd8c6-pxwvc,0.0021685986763678197
1783736212,cpu_cores,pod=workload-edge-7b875fd8c6-pxwvc,0.0020980887344432242
1783736222,cpu_cores,pod=workload-edge-7b875fd8c6-pxwvc,0.00207079387349477
1783736232,cpu_cores,pod=workload-edge-7b875fd8c6-pxwvc,0.0020585118983525758
1783736242,cpu_cores,pod=workload-edge-7b875fd8c6-pxwvc,0.0020669105499174197
1783736252,cpu_cores,pod=workload-edge-7b875fd8c6-pxwvc,0.0017657501999580633
1783735602,cpu_utilisation,pod=workload-cloud-6f545f89ff-9hvzm,0.010191105535275958
1783735612,cpu_utilisation,pod=workload-cloud-6f545f89ff-9hvzm,0.018345880681819134
1783735622,cpu_utilisation,pod=workload-cloud-6f545f89ff-9hvzm,0.01570590845170536
1783735632,cpu_utilisation,pod=workload-cloud-6f545f89ff-9hvzm,0.09687713738540557
1783735642,cpu_utilisation,pod=workload-cloud-6f545f89ff-9hvzm,0.21642966328835217
1783735652,cpu_utilisation,pod=workload-cloud-6f545f89ff-9hvzm,0.2965632329063693
1783735662,cpu_utilisation,pod=workload-cloud-6f545f89ff-9hvzm,0.36534830141930935
1783735672,cpu_utilisation,pod=workload-cloud-6f545f89ff-9hvzm,0.5637845018450521
1783735682,cpu_utilisation,pod=workload-cloud-6f545f89ff-9hvzm,0.563784501845052
1783735692,cpu_utilisation,pod=workload-cloud-6f545f89ff-9hvzm,0.6958335621502085
1783735702,cpu_utilisation,pod=workload-cloud-6f545f89ff-9hvzm,0.7851377569099788
1783735712,cpu_utilisation,pod=workload-cloud-6f545f89ff-9hvzm,0.7851377569099788
1783735722,cpu_utilisation,pod=workload-cloud-6f545f89ff-9hvzm,0.8945434000553188
1783735732,cpu_utilisation,pod=workload-cloud-6f545f89ff-9hvzm,0.9771317498696191
1783735742,cpu_utilisation,pod=workload-cloud-6f545f89ff-9hvzm,1.0240070519499527
1783735752,cpu_utilisation,pod=workload-cloud-6f545f89ff-9hvzm,1.05547457509377
1783735762,cpu_utilisation,pod=workload-cloud-6f545f89ff-9hvzm,1.1360287221570817
1783735772,cpu_utilisation,pod=workload-cloud-6f545f89ff-9hvzm,1.1360287221570817
1783735782,cpu_utilisation,pod=workload-cloud-6f545f89ff-9hvzm,1.18722674621145
1783735792,cpu_utilisation,pod=workload-cloud-6f545f89ff-9hvzm,1.2187026603405904
1783735802,cpu_utilisation,pod=workload-cloud-6f545f89ff-9hvzm,1.1406682059025992
1783735812,cpu_utilisation,pod=workload-cloud-6f545f89ff-9hvzm,1.3748557954356877
1783735822,cpu_utilisation,pod=workload-cloud-6f545f89ff-9hvzm,1.6962689924030605
1783735832,cpu_utilisation,pod=workload-cloud-6f545f89ff-9hvzm,1.8592409107890713
1783735842,cpu_utilisation,pod=workload-cloud-6f545f89ff-9hvzm,2.141999399279153
1783735852,cpu_utilisation,pod=workload-cloud-6f545f89ff-9hvzm,2.0153630412944046
1783735862,cpu_utilisation,pod=workload-cloud-6f545f89ff-9hvzm,2.4515922492687623
1783735872,cpu_utilisation,pod=workload-cloud-6f545f89ff-9hvzm,2.4417490127326227
1783735882,cpu_utilisation,pod=workload-cloud-6f545f89ff-9hvzm,2.437222977119302
1783735892,cpu_utilisation,pod=workload-cloud-6f545f89ff-9hvzm,2.4545461932484467
1783735902,cpu_utilisation,pod=workload-cloud-6f545f89ff-9hvzm,2.0880263266930834
1783735912,cpu_utilisation,pod=workload-cloud-6f545f89ff-9hvzm,2.4397018792654945
1783735922,cpu_utilisation,pod=workload-cloud-6f545f89ff-9hvzm,2.437291512525126
1783735932,cpu_utilisation,pod=workload-cloud-6f545f89ff-9hvzm,1.7320957777777846
1783735942,cpu_utilisation,pod=workload-cloud-6f545f89ff-9hvzm,2.4597864804695244
1783735952,cpu_utilisation,pod=workload-cloud-6f545f89ff-9hvzm,2.384869068847881
1783735962,cpu_utilisation,pod=workload-cloud-6f545f89ff-9hvzm,2.3766527657468153
1783735972,cpu_utilisation,pod=workload-cloud-6f545f89ff-9hvzm,2.008913607041648
1783735982,cpu_utilisation,pod=workload-cloud-6f545f89ff-9hvzm,1.5703474539069306
1783735992,cpu_utilisation,pod=workload-cloud-6f545f89ff-9hvzm,1.5703474539069306
1783736002,cpu_utilisation,pod=workload-cloud-6f545f89ff-9hvzm,1.3177974617207806
1783736012,cpu_utilisation,pod=workload-cloud-6f545f89ff-9hvzm,1.0090275989724207
1783736022,cpu_utilisation,pod=workload-cloud-6f545f89ff-9hvzm,1.198421451726047
1783736032,cpu_utilisation,pod=workload-cloud-6f545f89ff-9hvzm,1.2029522521846188
1783736042,cpu_utilisation,pod=workload-cloud-6f545f89ff-9hvzm,1.1776605957482433
1783736052,cpu_utilisation,pod=workload-cloud-6f545f89ff-9hvzm,1.1776605957482433
1783736062,cpu_utilisation,pod=workload-cloud-6f545f89ff-9hvzm,1.1652893681042888
1783736072,cpu_utilisation,pod=workload-cloud-6f545f89ff-9hvzm,1.165152256953744
1783736082,cpu_utilisation,pod=workload-cloud-6f545f89ff-9hvzm,1.0091497410907595
1783736092,cpu_utilisation,pod=workload-cloud-6f545f89ff-9hvzm,0.9846484126284241
1783736102,cpu_utilisation,pod=workload-cloud-6f545f89ff-9hvzm,1.2617089797136154
1783736112,cpu_utilisation,pod=workload-cloud-6f545f89ff-9hvzm,1.2429071747521458
1783736122,cpu_utilisation,pod=workload-cloud-6f545f89ff-9hvzm,1.2235619927805392
1783736132,cpu_utilisation,pod=workload-cloud-6f545f89ff-9hvzm,1.202234941200295
1783736142,cpu_utilisation,pod=workload-cloud-6f545f89ff-9hvzm,1.2012711289192384
1783736152,cpu_utilisation,pod=workload-cloud-6f545f89ff-9hvzm,1.217220368392968
1783736162,cpu_utilisation,pod=workload-cloud-6f545f89ff-9hvzm,1.2205121416609428
1783736172,cpu_utilisation,pod=workload-cloud-6f545f89ff-9hvzm,1.0695937766220036
1783736182,cpu_utilisation,pod=workload-cloud-6f545f89ff-9hvzm,1.0695937766220036
1783736192,cpu_utilisation,pod=workload-cloud-6f545f89ff-9hvzm,0.7295466819757288
1783736202,cpu_utilisation,pod=workload-cloud-6f545f89ff-9hvzm,0.338065845746969
1783736212,cpu_utilisation,pod=workload-cloud-6f545f89ff-9hvzm,0.018630137329148085
1783736222,cpu_utilisation,pod=workload-cloud-6f545f89ff-9hvzm,0.019588241032036425
1783736232,cpu_utilisation,pod=workload-cloud-6f545f89ff-9hvzm,0.009593544137021267
1783736242,cpu_utilisation,pod=workload-cloud-6f545f89ff-9hvzm,0.009562595342247408
1783736252,cpu_utilisation,pod=workload-cloud-6f545f89ff-9hvzm,0.007740156923232417
1783735822,cpu_utilisation,pod=workload-cloud-6f545f89ff-9tqjb,0.1551111920711619
1783735832,cpu_utilisation,pod=workload-cloud-6f545f89ff-9tqjb,0.23116624921119927
1783735842,cpu_utilisation,pod=workload-cloud-6f545f89ff-9tqjb,0.3062188298238788
1783735852,cpu_utilisation,pod=workload-cloud-6f545f89ff-9tqjb,0.37795347697376414
1783735862,cpu_utilisation,pod=workload-cloud-6f545f89ff-9tqjb,0.44244683419291125
1783735872,cpu_utilisation,pod=workload-cloud-6f545f89ff-9tqjb,0.44799733888898613
1783735882,cpu_utilisation,pod=workload-cloud-6f545f89ff-9tqjb,0.45276279229880245
1783735892,cpu_utilisation,pod=workload-cloud-6f545f89ff-9tqjb,0.4470007572251904
1783735902,cpu_utilisation,pod=workload-cloud-6f545f89ff-9tqjb,0.36959508418185055
1783735912,cpu_utilisation,pod=workload-cloud-6f545f89ff-9tqjb,0.44245957237073713
1783735922,cpu_utilisation,pod=workload-cloud-6f545f89ff-9tqjb,0.4338245341249085
1783735932,cpu_utilisation,pod=workload-cloud-6f545f89ff-9tqjb,0.2662127499999999
1783735942,cpu_utilisation,pod=workload-cloud-6f545f89ff-9tqjb,0.43921369536848365
1783735952,cpu_utilisation,pod=workload-cloud-6f545f89ff-9tqjb,0.4351415314364274
1783735962,cpu_utilisation,pod=workload-cloud-6f545f89ff-9tqjb,0.31773914574043666
1783735972,cpu_utilisation,pod=workload-cloud-6f545f89ff-9tqjb,0.23240573958174326
1783735982,cpu_utilisation,pod=workload-cloud-6f545f89ff-9tqjb,0.12969437192489203
1783735992,cpu_utilisation,pod=workload-cloud-6f545f89ff-9tqjb,0.09069346537344362
1783736002,cpu_utilisation,pod=workload-cloud-6f545f89ff-9tqjb,0.023476415579077124
1783736012,cpu_utilisation,pod=workload-cloud-6f545f89ff-9tqjb,0.009181965332131309
1783736022,cpu_utilisation,pod=workload-cloud-6f545f89ff-9tqjb,0.008768216409403418
1783736032,cpu_utilisation,pod=workload-cloud-6f545f89ff-9tqjb,0.007510081500000156
1783736042,cpu_utilisation,pod=workload-cloud-6f545f89ff-9tqjb,0.009065502273241674
1783736052,cpu_utilisation,pod=workload-cloud-6f545f89ff-9tqjb,0.009316838017914547
1783736062,cpu_utilisation,pod=workload-cloud-6f545f89ff-9tqjb,0.009316838017914547
1783736072,cpu_utilisation,pod=workload-cloud-6f545f89ff-9tqjb,0.00931192138844021
1783736082,cpu_utilisation,pod=workload-cloud-6f545f89ff-9tqjb,0.009540150333782953
1783736092,cpu_utilisation,pod=workload-cloud-6f545f89ff-9tqjb,0.009821560151299214
1783736102,cpu_utilisation,pod=workload-cloud-6f545f89ff-9tqjb,0.009349125724816935
1783736112,cpu_utilisation,pod=workload-cloud-6f545f89ff-9tqjb,0.008072802961894405
1783736122,cpu_utilisation,pod=workload-cloud-6f545f89ff-9tqjb,0.009634139652240761
1783736132,cpu_utilisation,pod=workload-cloud-6f545f89ff-9tqjb,0.009422480340523927
1783736142,cpu_utilisation,pod=workload-cloud-6f545f89ff-9tqjb,0.009670333967724268
1783736152,cpu_utilisation,pod=workload-cloud-6f545f89ff-9tqjb,0.009940314466511254
1783736162,cpu_utilisation,pod=workload-cloud-6f545f89ff-9tqjb,0.009789375522541643
1783736172,cpu_utilisation,pod=workload-cloud-6f545f89ff-9tqjb,0.009014045775690517
1783736182,cpu_utilisation,pod=workload-cloud-6f545f89ff-9tqjb,0.009223504004811103
1783736192,cpu_utilisation,pod=workload-cloud-6f545f89ff-9tqjb,0.009521063285337722
1783736202,cpu_utilisation,pod=workload-cloud-6f545f89ff-9tqjb,0.00895663597624243
1783736212,cpu_utilisation,pod=workload-cloud-6f545f89ff-9tqjb,0.008107789487266339
1783736222,cpu_utilisation,pod=workload-cloud-6f545f89ff-9tqjb,0.009781777713262696
1783736232,cpu_utilisation,pod=workload-cloud-6f545f89ff-9tqjb,0.007118296930245156
1783735712,cpu_utilisation,pod=workload-cloud-6f545f89ff-dxwdf,0.06587748383585552
1783735722,cpu_utilisation,pod=workload-cloud-6f545f89ff-dxwdf,0.084946418848635
1783735732,cpu_utilisation,pod=workload-cloud-6f545f89ff-dxwdf,0.11032329668072946
1783735742,cpu_utilisation,pod=workload-cloud-6f545f89ff-dxwdf,0.13556475565890075
1783735752,cpu_utilisation,pod=workload-cloud-6f545f89ff-dxwdf,0.14292352252418808
1783735762,cpu_utilisation,pod=workload-cloud-6f545f89ff-dxwdf,0.17636337536950003
1783735772,cpu_utilisation,pod=workload-cloud-6f545f89ff-dxwdf,0.2085545978256161
1783735782,cpu_utilisation,pod=workload-cloud-6f545f89ff-dxwdf,0.16493362499999997
1783735792,cpu_utilisation,pod=workload-cloud-6f545f89ff-dxwdf,0.31797504241450125
1783735802,cpu_utilisation,pod=workload-cloud-6f545f89ff-dxwdf,0.5559422392037547
1783735812,cpu_utilisation,pod=workload-cloud-6f545f89ff-dxwdf,0.5559422392037547
1783735822,cpu_utilisation,pod=workload-cloud-6f545f89ff-dxwdf,1.0276529851541034
1783735832,cpu_utilisation,pod=workload-cloud-6f545f89ff-dxwdf,1.6434080180764672
1783735842,cpu_utilisation,pod=workload-cloud-6f545f89ff-dxwdf,1.643408018076467
1783735852,cpu_utilisation,pod=workload-cloud-6f545f89ff-dxwdf,1.9248795232013622
1783735862,cpu_utilisation,pod=workload-cloud-6f545f89ff-dxwdf,2.0383596635922214
1783735872,cpu_utilisation,pod=workload-cloud-6f545f89ff-dxwdf,2.065988991325983
1783735882,cpu_utilisation,pod=workload-cloud-6f545f89ff-dxwdf,2.0871999433186903
1783735892,cpu_utilisation,pod=workload-cloud-6f545f89ff-dxwdf,2.08070542840182
1783735902,cpu_utilisation,pod=workload-cloud-6f545f89ff-dxwdf,2.0670331228595886
1783735912,cpu_utilisation,pod=workload-cloud-6f545f89ff-dxwdf,2.0761266062584163
1783735922,cpu_utilisation,pod=workload-cloud-6f545f89ff-dxwdf,2.0355000327460866
1783735932,cpu_utilisation,pod=workload-cloud-6f545f89ff-dxwdf,1.686502592076348
1783735942,cpu_utilisation,pod=workload-cloud-6f545f89ff-dxwdf,2.0526706813722173
1783735952,cpu_utilisation,pod=workload-cloud-6f545f89ff-dxwdf,1.714099319350634
1783735962,cpu_utilisation,pod=workload-cloud-6f545f89ff-dxwdf,1.9540472054909646
1783735972,cpu_utilisation,pod=workload-cloud-6f545f89ff-dxwdf,1.6434781781781784
1783735982,cpu_utilisation,pod=workload-cloud-6f545f89ff-dxwdf,1.1210311112025
1783735992,cpu_utilisation,pod=workload-cloud-6f545f89ff-dxwdf,1.1210311112025002
1783736002,cpu_utilisation,pod=workload-cloud-6f545f89ff-dxwdf,0.5852364114478289
1783736012,cpu_utilisation,pod=workload-cloud-6f545f89ff-dxwdf,0.54973031243611
1783736022,cpu_utilisation,pod=workload-cloud-6f545f89ff-dxwdf,0.3725555106368631
1783736032,cpu_utilisation,pod=workload-cloud-6f545f89ff-dxwdf,0.44069588737240106
1783736042,cpu_utilisation,pod=workload-cloud-6f545f89ff-dxwdf,0.449017403809469
1783736052,cpu_utilisation,pod=workload-cloud-6f545f89ff-dxwdf,0.4400550501299667
1783736062,cpu_utilisation,pod=workload-cloud-6f545f89ff-dxwdf,0.43363969587368245
1783736072,cpu_utilisation,pod=workload-cloud-6f545f89ff-dxwdf,0.43849869360332044
1783736082,cpu_utilisation,pod=workload-cloud-6f545f89ff-dxwdf,0.43849869360332044
1783736092,cpu_utilisation,pod=workload-cloud-6f545f89ff-dxwdf,0.44843797724025813
1783736102,cpu_utilisation,pod=workload-cloud-6f545f89ff-dxwdf,0.3833496961659305
1783736112,cpu_utilisation,pod=workload-cloud-6f545f89ff-dxwdf,0.4563581681476412
1783736122,cpu_utilisation,pod=workload-cloud-6f545f89ff-dxwdf,0.44921381624304846
1783736132,cpu_utilisation,pod=workload-cloud-6f545f89ff-dxwdf,0.4430640038944787
1783736142,cpu_utilisation,pod=workload-cloud-6f545f89ff-dxwdf,0.4467345050014017
1783736152,cpu_utilisation,pod=workload-cloud-6f545f89ff-dxwdf,0.4426266680704341
1783736162,cpu_utilisation,pod=workload-cloud-6f545f89ff-dxwdf,0.39169176777652376
1783736172,cpu_utilisation,pod=workload-cloud-6f545f89ff-dxwdf,0.3798895045561785
1783736182,cpu_utilisation,pod=workload-cloud-6f545f89ff-dxwdf,0.22640179762503473
1783736192,cpu_utilisation,pod=workload-cloud-6f545f89ff-dxwdf,0.15748940079140783
1783736202,cpu_utilisation,pod=workload-cloud-6f545f89ff-dxwdf,0.010262997871694492
1783736212,cpu_utilisation,pod=workload-cloud-6f545f89ff-dxwdf,0.010262997871694492
1783736222,cpu_utilisation,pod=workload-cloud-6f545f89ff-dxwdf,0.009901162639477223
1783736232,cpu_utilisation,pod=workload-cloud-6f545f89ff-dxwdf,0.00965980588690706
1783736242,cpu_utilisation,pod=workload-cloud-6f545f89ff-dxwdf,0.009794541484715135
1783736252,cpu_utilisation,pod=workload-cloud-6f545f89ff-dxwdf,0.009794541484715135
1783735862,cpu_utilisation,pod=workload-cloud-6f545f89ff-m45tg,0.0514539068212056
1783735872,cpu_utilisation,pod=workload-cloud-6f545f89ff-m45tg,0.0732536714307645
1783735882,cpu_utilisation,pod=workload-cloud-6f545f89ff-m45tg,0.050683479545633514
1783735892,cpu_utilisation,pod=workload-cloud-6f545f89ff-m45tg,0.04606483546554765
1783735902,cpu_utilisation,pod=workload-cloud-6f545f89ff-m45tg,0.008954751269656735
1783735912,cpu_utilisation,pod=workload-cloud-6f545f89ff-m45tg,0.009024016405572823
1783735922,cpu_utilisation,pod=workload-cloud-6f545f89ff-m45tg,0.008680037930578212
1783735932,cpu_utilisation,pod=workload-cloud-6f545f89ff-m45tg,0.008680037930578212
1783735942,cpu_utilisation,pod=workload-cloud-6f545f89ff-m45tg,0.009221710568006587
1783735952,cpu_utilisation,pod=workload-cloud-6f545f89ff-m45tg,0.009611222807057168
1783735962,cpu_utilisation,pod=workload-cloud-6f545f89ff-m45tg,0.009719936429454347
1783735972,cpu_utilisation,pod=workload-cloud-6f545f89ff-m45tg,0.010227161878749455
1783735982,cpu_utilisation,pod=workload-cloud-6f545f89ff-m45tg,0.008530253064485032
1783735992,cpu_utilisation,pod=workload-cloud-6f545f89ff-m45tg,0.009483307762521605
1783736002,cpu_utilisation,pod=workload-cloud-6f545f89ff-m45tg,0.009335221837981019
1783736012,cpu_utilisation,pod=workload-cloud-6f545f89ff-m45tg,0.009107402204709411
1783736022,cpu_utilisation,pod=workload-cloud-6f545f89ff-m45tg,0.009360322510139156
1783736032,cpu_utilisation,pod=workload-cloud-6f545f89ff-m45tg,0.009343969653017967
1783736042,cpu_utilisation,pod=workload-cloud-6f545f89ff-m45tg,0.009603983240120349
1783736052,cpu_utilisation,pod=workload-cloud-6f545f89ff-m45tg,0.009361710671619314
1783736062,cpu_utilisation,pod=workload-cloud-6f545f89ff-m45tg,0.009254904525241959
1783736072,cpu_utilisation,pod=workload-cloud-6f545f89ff-m45tg,0.009286303313899966
1783736082,cpu_utilisation,pod=workload-cloud-6f545f89ff-m45tg,0.009584856919354541
1783736092,cpu_utilisation,pod=workload-cloud-6f545f89ff-m45tg,0.009606165253161344
1783736102,cpu_utilisation,pod=workload-cloud-6f545f89ff-m45tg,0.009313928596091432
1783736112,cpu_utilisation,pod=workload-cloud-6f545f89ff-m45tg,0.009581556308337196
1783736122,cpu_utilisation,pod=workload-cloud-6f545f89ff-m45tg,0.009557342115459128
1783736132,cpu_utilisation,pod=workload-cloud-6f545f89ff-m45tg,0.007890935920164786
1783736142,cpu_utilisation,pod=workload-cloud-6f545f89ff-m45tg,0.009618747218804794
1783736152,cpu_utilisation,pod=workload-cloud-6f545f89ff-m45tg,0.009984832357637044
1783736162,cpu_utilisation,pod=workload-cloud-6f545f89ff-m45tg,0.009893906298756307
1783736172,cpu_utilisation,pod=workload-cloud-6f545f89ff-m45tg,0.00973055661054141
1783736182,cpu_utilisation,pod=workload-cloud-6f545f89ff-m45tg,0.010490791761821962
1783736192,cpu_utilisation,pod=workload-cloud-6f545f89ff-m45tg,0.010490791761821962
1783736202,cpu_utilisation,pod=workload-cloud-6f545f89ff-m45tg,0.009780533724468576
1783736212,cpu_utilisation,pod=workload-cloud-6f545f89ff-m45tg,0.010112547598575139
1783736222,cpu_utilisation,pod=workload-cloud-6f545f89ff-m45tg,0.009935256632123303
1783736232,cpu_utilisation,pod=workload-cloud-6f545f89ff-m45tg,0.009140475102786651
1783736242,cpu_utilisation,pod=workload-cloud-6f545f89ff-m45tg,0.009990047414564315
1783736252,cpu_utilisation,pod=workload-cloud-6f545f89ff-m45tg,0.009990047414564315
1783735822,cpu_utilisation,pod=workload-cloud-6f545f89ff-qtcv2,0.1807092596983302
1783735832,cpu_utilisation,pod=workload-cloud-6f545f89ff-qtcv2,0.2606272421765962
1783735842,cpu_utilisation,pod=workload-cloud-6f545f89ff-qtcv2,0.35819882745566844
1783735852,cpu_utilisation,pod=workload-cloud-6f545f89ff-qtcv2,0.45419738218608413
1783735862,cpu_utilisation,pod=workload-cloud-6f545f89ff-qtcv2,0.44219778753229977
1783735872,cpu_utilisation,pod=workload-cloud-6f545f89ff-qtcv2,0.539380706287683
1783735882,cpu_utilisation,pod=workload-cloud-6f545f89ff-qtcv2,0.46980602887207545
1783735892,cpu_utilisation,pod=workload-cloud-6f545f89ff-qtcv2,0.5437691735067682
1783735902,cpu_utilisation,pod=workload-cloud-6f545f89ff-qtcv2,0.4665726744673008
1783735912,cpu_utilisation,pod=workload-cloud-6f545f89ff-qtcv2,0.5403552605894982
1783735922,cpu_utilisation,pod=workload-cloud-6f545f89ff-qtcv2,0.5395713217849134
1783735932,cpu_utilisation,pod=workload-cloud-6f545f89ff-qtcv2,0.5322066585036311
1783735942,cpu_utilisation,pod=workload-cloud-6f545f89ff-qtcv2,0.5336649654987862
1783735952,cpu_utilisation,pod=workload-cloud-6f545f89ff-qtcv2,0.44318364733857696
1783735962,cpu_utilisation,pod=workload-cloud-6f545f89ff-qtcv2,0.44318364733857696
1783735972,cpu_utilisation,pod=workload-cloud-6f545f89ff-qtcv2,0.24487225665003692
1783735982,cpu_utilisation,pod=workload-cloud-6f545f89ff-qtcv2,0.20014176939811454
1783735992,cpu_utilisation,pod=workload-cloud-6f545f89ff-qtcv2,0.03640773258789729
1783736002,cpu_utilisation,pod=workload-cloud-6f545f89ff-qtcv2,0.009305702412275343
1783736012,cpu_utilisation,pod=workload-cloud-6f545f89ff-qtcv2,0.007854423178198334
1783736022,cpu_utilisation,pod=workload-cloud-6f545f89ff-qtcv2,0.007457270602587225
1783736032,cpu_utilisation,pod=workload-cloud-6f545f89ff-qtcv2,0.009527951150266967
1783736042,cpu_utilisation,pod=workload-cloud-6f545f89ff-qtcv2,0.009469734927110885
1783736052,cpu_utilisation,pod=workload-cloud-6f545f89ff-qtcv2,0.00928629869721177
1783736062,cpu_utilisation,pod=workload-cloud-6f545f89ff-qtcv2,0.00928629869721177
1783736072,cpu_utilisation,pod=workload-cloud-6f545f89ff-qtcv2,0.009539520824003635
1783736082,cpu_utilisation,pod=workload-cloud-6f545f89ff-qtcv2,0.009539520824003635
1783736092,cpu_utilisation,pod=workload-cloud-6f545f89ff-qtcv2,0.009657423664507184
1783736102,cpu_utilisation,pod=workload-cloud-6f545f89ff-qtcv2,0.009766651756235836
1783736112,cpu_utilisation,pod=workload-cloud-6f545f89ff-qtcv2,0.009572157468520207
1783736122,cpu_utilisation,pod=workload-cloud-6f545f89ff-qtcv2,0.009572157468520207
1783736132,cpu_utilisation,pod=workload-cloud-6f545f89ff-qtcv2,0.009450931425486055
1783736142,cpu_utilisation,pod=workload-cloud-6f545f89ff-qtcv2,0.009568803140458052
1783736152,cpu_utilisation,pod=workload-cloud-6f545f89ff-qtcv2,0.00958076983751385
1783736162,cpu_utilisation,pod=workload-cloud-6f545f89ff-qtcv2,0.009498893214258657
1783736172,cpu_utilisation,pod=workload-cloud-6f545f89ff-qtcv2,0.008260178817996388
1783736182,cpu_utilisation,pod=workload-cloud-6f545f89ff-qtcv2,0.009664869247157721
1783736192,cpu_utilisation,pod=workload-cloud-6f545f89ff-qtcv2,0.009565265486725713
1783736202,cpu_utilisation,pod=workload-cloud-6f545f89ff-qtcv2,0.009474766667362631
1783736212,cpu_utilisation,pod=workload-cloud-6f545f89ff-qtcv2,0.009528559398321717
1783736222,cpu_utilisation,pod=workload-cloud-6f545f89ff-qtcv2,0.009048309554859267
1783736232,cpu_utilisation,pod=workload-cloud-6f545f89ff-qtcv2,0.008985691278493637
1783736242,cpu_utilisation,pod=workload-cloud-6f545f89ff-qtcv2,0.008773499871233617
1783736252,cpu_utilisation,pod=workload-cloud-6f545f89ff-qtcv2,0.006415914230835291
1783735762,cpu_utilisation,pod=workload-cloud-6f545f89ff-st2df,0.05457623880918383
1783735772,cpu_utilisation,pod=workload-cloud-6f545f89ff-st2df,0.07385183056950756
1783735782,cpu_utilisation,pod=workload-cloud-6f545f89ff-st2df,0.09753800475430899
1783735792,cpu_utilisation,pod=workload-cloud-6f545f89ff-st2df,0.1666516302394525
1783735802,cpu_utilisation,pod=workload-cloud-6f545f89ff-st2df,0.20165241330719136
1783735812,cpu_utilisation,pod=workload-cloud-6f545f89ff-st2df,0.48871461051799125
1783735822,cpu_utilisation,pod=workload-cloud-6f545f89ff-st2df,0.8189686621670713
1783735832,cpu_utilisation,pod=workload-cloud-6f545f89ff-st2df,1.169060706382058
1783735842,cpu_utilisation,pod=workload-cloud-6f545f89ff-st2df,1.422119368041393
1783735852,cpu_utilisation,pod=workload-cloud-6f545f89ff-st2df,1.6544901925131257
1783735862,cpu_utilisation,pod=workload-cloud-6f545f89ff-st2df,1.6544901925131257
1783735872,cpu_utilisation,pod=workload-cloud-6f545f89ff-st2df,1.7064388924687093
1783735882,cpu_utilisation,pod=workload-cloud-6f545f89ff-st2df,1.7274114599851993
1783735892,cpu_utilisation,pod=workload-cloud-6f545f89ff-st2df,1.7258715021776885
1783735902,cpu_utilisation,pod=workload-cloud-6f545f89ff-st2df,1.7135360779012292
1783735912,cpu_utilisation,pod=workload-cloud-6f545f89ff-st2df,1.1787278749999999
1783735922,cpu_utilisation,pod=workload-cloud-6f545f89ff-st2df,1.6592339708758965
1783735932,cpu_utilisation,pod=workload-cloud-6f545f89ff-st2df,1.6403028089753107
1783735942,cpu_utilisation,pod=workload-cloud-6f545f89ff-st2df,1.39042545801138
1783735952,cpu_utilisation,pod=workload-cloud-6f545f89ff-st2df,1.6681647354857039
1783735962,cpu_utilisation,pod=workload-cloud-6f545f89ff-st2df,1.5336504883791406
1783735972,cpu_utilisation,pod=workload-cloud-6f545f89ff-st2df,1.5336504883791406
1783735982,cpu_utilisation,pod=workload-cloud-6f545f89ff-st2df,1.0758908175379698
1783735992,cpu_utilisation,pod=workload-cloud-6f545f89ff-st2df,0.5099545289635988
1783736002,cpu_utilisation,pod=workload-cloud-6f545f89ff-st2df,0.5099545289635989
1783736012,cpu_utilisation,pod=workload-cloud-6f545f89ff-st2df,0.26070572308455453
1783736022,cpu_utilisation,pod=workload-cloud-6f545f89ff-st2df,0.22777604976671867
1783736032,cpu_utilisation,pod=workload-cloud-6f545f89ff-st2df,0.22992882280833563
1783736042,cpu_utilisation,pod=workload-cloud-6f545f89ff-st2df,0.23217056891067359
1783736052,cpu_utilisation,pod=workload-cloud-6f545f89ff-st2df,0.2283315389998385
1783736062,cpu_utilisation,pod=workload-cloud-6f545f89ff-st2df,0.22762595434096838
1783736072,cpu_utilisation,pod=workload-cloud-6f545f89ff-st2df,0.2243225920784482
1783736082,cpu_utilisation,pod=workload-cloud-6f545f89ff-st2df,0.22890130036666725
1783736092,cpu_utilisation,pod=workload-cloud-6f545f89ff-st2df,0.23222350549755122
1783736102,cpu_utilisation,pod=workload-cloud-6f545f89ff-st2df,0.23257549212598475
1783736112,cpu_utilisation,pod=workload-cloud-6f545f89ff-st2df,0.2351094061925077
1783736122,cpu_utilisation,pod=workload-cloud-6f545f89ff-st2df,0.2335293362251017
1783736132,cpu_utilisation,pod=workload-cloud-6f545f89ff-st2df,0.23065879864477856
1783736142,cpu_utilisation,pod=workload-cloud-6f545f89ff-st2df,0.2293318990083203
1783736152,cpu_utilisation,pod=workload-cloud-6f545f89ff-st2df,0.23256244641882906
1783736162,cpu_utilisation,pod=workload-cloud-6f545f89ff-st2df,0.17879606728941336
1783736172,cpu_utilisation,pod=workload-cloud-6f545f89ff-st2df,0.1508771527732295
1783736182,cpu_utilisation,pod=workload-cloud-6f545f89ff-st2df,0.09602313593862387
1783736192,cpu_utilisation,pod=workload-cloud-6f545f89ff-st2df,0.02713867534003533
1783736202,cpu_utilisation,pod=workload-cloud-6f545f89ff-st2df,0.021987477048131497
1783736212,cpu_utilisation,pod=workload-cloud-6f545f89ff-st2df,0.010128070021369779
1783736222,cpu_utilisation,pod=workload-cloud-6f545f89ff-st2df,0.009564690774305407
1783736232,cpu_utilisation,pod=workload-cloud-6f545f89ff-st2df,0.009350488540681965
1783736242,cpu_utilisation,pod=workload-cloud-6f545f89ff-st2df,0.00900944980093137
1783736252,cpu_utilisation,pod=workload-cloud-6f545f89ff-st2df,0.007509376409076298
1783735602,cpu_utilisation,pod=workload-edge-7b875fd8c6-pxwvc,0.02113745757824516
1783735612,cpu_utilisation,pod=workload-edge-7b875fd8c6-pxwvc,0.02015699172656947
1783735622,cpu_utilisation,pod=workload-edge-7b875fd8c6-pxwvc,0.020546995699194177
1783735632,cpu_utilisation,pod=workload-edge-7b875fd8c6-pxwvc,0.020618520470918444
1783735642,cpu_utilisation,pod=workload-edge-7b875fd8c6-pxwvc,0.020618520470918444
1783735652,cpu_utilisation,pod=workload-edge-7b875fd8c6-pxwvc,0.021723770216630654
1783735662,cpu_utilisation,pod=workload-edge-7b875fd8c6-pxwvc,0.021476039976081735
1783735672,cpu_utilisation,pod=workload-edge-7b875fd8c6-pxwvc,0.021476039976081735
1783735682,cpu_utilisation,pod=workload-edge-7b875fd8c6-pxwvc,0.021787297485340404
1783735692,cpu_utilisation,pod=workload-edge-7b875fd8c6-pxwvc,0.02060389519405981
1783735702,cpu_utilisation,pod=workload-edge-7b875fd8c6-pxwvc,0.02060389519405981
1783735712,cpu_utilisation,pod=workload-edge-7b875fd8c6-pxwvc,0.021294866294865954
1783735722,cpu_utilisation,pod=workload-edge-7b875fd8c6-pxwvc,0.021269392869347092
1783735732,cpu_utilisation,pod=workload-edge-7b875fd8c6-pxwvc,0.021269392869347092
1783735742,cpu_utilisation,pod=workload-edge-7b875fd8c6-pxwvc,0.022585043927218582
1783735752,cpu_utilisation,pod=workload-edge-7b875fd8c6-pxwvc,0.022690726758593974
1783735762,cpu_utilisation,pod=workload-edge-7b875fd8c6-pxwvc,0.022639844750320125
1783735772,cpu_utilisation,pod=workload-edge-7b875fd8c6-pxwvc,0.019131788029670006
1783735782,cpu_utilisation,pod=workload-edge-7b875fd8c6-pxwvc,0.022555003143036982
1783735792,cpu_utilisation,pod=workload-edge-7b875fd8c6-pxwvc,0.02261004026219035
1783735802,cpu_utilisation,pod=workload-edge-7b875fd8c6-pxwvc,0.022108915843442385
1783735812,cpu_utilisation,pod=workload-edge-7b875fd8c6-pxwvc,0.022108915843442385
1783735822,cpu_utilisation,pod=workload-edge-7b875fd8c6-pxwvc,0.02178652081132003
1783735832,cpu_utilisation,pod=workload-edge-7b875fd8c6-pxwvc,0.02178652081132003
1783735842,cpu_utilisation,pod=workload-edge-7b875fd8c6-pxwvc,0.021345265251213635
1783735852,cpu_utilisation,pod=workload-edge-7b875fd8c6-pxwvc,0.021872277786739693
1783735862,cpu_utilisation,pod=workload-edge-7b875fd8c6-pxwvc,0.017633247654682258
1783735872,cpu_utilisation,pod=workload-edge-7b875fd8c6-pxwvc,0.022326297381837154
1783735882,cpu_utilisation,pod=workload-edge-7b875fd8c6-pxwvc,0.018033482461584777
1783735892,cpu_utilisation,pod=workload-edge-7b875fd8c6-pxwvc,0.018804256366363285
1783735902,cpu_utilisation,pod=workload-edge-7b875fd8c6-pxwvc,0.022704414633558708
1783735912,cpu_utilisation,pod=workload-edge-7b875fd8c6-pxwvc,0.02215363007778782
1783735922,cpu_utilisation,pod=workload-edge-7b875fd8c6-pxwvc,0.0216777378406668
1783735932,cpu_utilisation,pod=workload-edge-7b875fd8c6-pxwvc,0.0216777378406668
1783735942,cpu_utilisation,pod=workload-edge-7b875fd8c6-pxwvc,0.022590894758543312
1783735952,cpu_utilisation,pod=workload-edge-7b875fd8c6-pxwvc,0.023661075978370708
1783735962,cpu_utilisation,pod=workload-edge-7b875fd8c6-pxwvc,0.0236335415702612
1783735972,cpu_utilisation,pod=workload-edge-7b875fd8c6-pxwvc,0.02429293052539122
1783735982,cpu_utilisation,pod=workload-edge-7b875fd8c6-pxwvc,0.023190295504196292
1783735992,cpu_utilisation,pod=workload-edge-7b875fd8c6-pxwvc,0.022797435944666284
1783736002,cpu_utilisation,pod=workload-edge-7b875fd8c6-pxwvc,0.021439347704024513
1783736012,cpu_utilisation,pod=workload-edge-7b875fd8c6-pxwvc,0.021441555108849125
1783736022,cpu_utilisation,pod=workload-edge-7b875fd8c6-pxwvc,0.021164537941399636
1783736032,cpu_utilisation,pod=workload-edge-7b875fd8c6-pxwvc,0.02173439109828982
1783736042,cpu_utilisation,pod=workload-edge-7b875fd8c6-pxwvc,0.021882786407252098
1783736052,cpu_utilisation,pod=workload-edge-7b875fd8c6-pxwvc,0.021865705272643688
1783736062,cpu_utilisation,pod=workload-edge-7b875fd8c6-pxwvc,0.02200025620848035
1783736072,cpu_utilisation,pod=workload-edge-7b875fd8c6-pxwvc,0.021673400197769494
1783736082,cpu_utilisation,pod=workload-edge-7b875fd8c6-pxwvc,0.022466182435620395
1783736092,cpu_utilisation,pod=workload-edge-7b875fd8c6-pxwvc,0.02286913791261624
1783736102,cpu_utilisation,pod=workload-edge-7b875fd8c6-pxwvc,0.02286913791261624
1783736112,cpu_utilisation,pod=workload-edge-7b875fd8c6-pxwvc,0.02287158679679685
1783736122,cpu_utilisation,pod=workload-edge-7b875fd8c6-pxwvc,0.018384025826333895
1783736132,cpu_utilisation,pod=workload-edge-7b875fd8c6-pxwvc,0.022366419025945394
1783736142,cpu_utilisation,pod=workload-edge-7b875fd8c6-pxwvc,0.022287301130706545
1783736152,cpu_utilisation,pod=workload-edge-7b875fd8c6-pxwvc,0.019485820770256228
1783736162,cpu_utilisation,pod=workload-edge-7b875fd8c6-pxwvc,0.022550286685468206
1783736172,cpu_utilisation,pod=workload-edge-7b875fd8c6-pxwvc,0.02244980247922677
1783736182,cpu_utilisation,pod=workload-edge-7b875fd8c6-pxwvc,0.022197580257362248
1783736192,cpu_utilisation,pod=workload-edge-7b875fd8c6-pxwvc,0.018942669924772632
1783736202,cpu_utilisation,pod=workload-edge-7b875fd8c6-pxwvc,0.021685986763678194
1783736212,cpu_utilisation,pod=workload-edge-7b875fd8c6-pxwvc,0.02098088734443224
1783736222,cpu_utilisation,pod=workload-edge-7b875fd8c6-pxwvc,0.0207079387349477
1783736232,cpu_utilisation,pod=workload-edge-7b875fd8c6-pxwvc,0.020585118983525757
1783736242,cpu_utilisation,pod=workload-edge-7b875fd8c6-pxwvc,0.020669105499174195
1783736252,cpu_utilisation,pod=workload-edge-7b875fd8c6-pxwvc,0.017657501999580633
1783735602,mem_mib,pod=workload-cloud-6f545f89ff-9hvzm,40.640625
1783735612,mem_mib,pod=workload-cloud-6f545f89ff-9hvzm,40.64453125
1783735622,mem_mib,pod=workload-cloud-6f545f89ff-9hvzm,40.64453125
1783735632,mem_mib,pod=workload-cloud-6f545f89ff-9hvzm,40.90234375
1783735642,mem_mib,pod=workload-cloud-6f545f89ff-9hvzm,40.72265625
1783735652,mem_mib,pod=workload-cloud-6f545f89ff-9hvzm,40.72265625
1783735662,mem_mib,pod=workload-cloud-6f545f89ff-9hvzm,41.21484375
1783735672,mem_mib,pod=workload-cloud-6f545f89ff-9hvzm,41.77734375
1783735682,mem_mib,pod=workload-cloud-6f545f89ff-9hvzm,41.77734375
1783735692,mem_mib,pod=workload-cloud-6f545f89ff-9hvzm,41.21484375
1783735702,mem_mib,pod=workload-cloud-6f545f89ff-9hvzm,41.01953125
1783735712,mem_mib,pod=workload-cloud-6f545f89ff-9hvzm,41.01953125
1783735722,mem_mib,pod=workload-cloud-6f545f89ff-9hvzm,41.31640625
1783735732,mem_mib,pod=workload-cloud-6f545f89ff-9hvzm,41.6171875
1783735742,mem_mib,pod=workload-cloud-6f545f89ff-9hvzm,42.90234375
1783735752,mem_mib,pod=workload-cloud-6f545f89ff-9hvzm,42.90234375
1783735762,mem_mib,pod=workload-cloud-6f545f89ff-9hvzm,41.72265625
1783735772,mem_mib,pod=workload-cloud-6f545f89ff-9hvzm,41.72265625
1783735782,mem_mib,pod=workload-cloud-6f545f89ff-9hvzm,41.234375
1783735792,mem_mib,pod=workload-cloud-6f545f89ff-9hvzm,41.42578125
1783735802,mem_mib,pod=workload-cloud-6f545f89ff-9hvzm,43.05859375
1783735812,mem_mib,pod=workload-cloud-6f545f89ff-9hvzm,43.05859375
1783735822,mem_mib,pod=workload-cloud-6f545f89ff-9hvzm,42.421875
1783735832,mem_mib,pod=workload-cloud-6f545f89ff-9hvzm,43.4296875
1783735842,mem_mib,pod=workload-cloud-6f545f89ff-9hvzm,42.4296875
1783735852,mem_mib,pod=workload-cloud-6f545f89ff-9hvzm,42.4296875
1783735862,mem_mib,pod=workload-cloud-6f545f89ff-9hvzm,42.43359375
1783735872,mem_mib,pod=workload-cloud-6f545f89ff-9hvzm,42.4375
1783735882,mem_mib,pod=workload-cloud-6f545f89ff-9hvzm,42.4375
1783735892,mem_mib,pod=workload-cloud-6f545f89ff-9hvzm,42.4296875
1783735902,mem_mib,pod=workload-cloud-6f545f89ff-9hvzm,42.4296875
1783735912,mem_mib,pod=workload-cloud-6f545f89ff-9hvzm,43.16796875
1783735922,mem_mib,pod=workload-cloud-6f545f89ff-9hvzm,43.15234375
1783735932,mem_mib,pod=workload-cloud-6f545f89ff-9hvzm,43.15234375
1783735942,mem_mib,pod=workload-cloud-6f545f89ff-9hvzm,42.41796875
1783735952,mem_mib,pod=workload-cloud-6f545f89ff-9hvzm,42.1953125
1783735962,mem_mib,pod=workload-cloud-6f545f89ff-9hvzm,42.1953125
1783735972,mem_mib,pod=workload-cloud-6f545f89ff-9hvzm,41.50390625
1783735982,mem_mib,pod=workload-cloud-6f545f89ff-9hvzm,41.296875
1783735992,mem_mib,pod=workload-cloud-6f545f89ff-9hvzm,41.296875
1783736002,mem_mib,pod=workload-cloud-6f545f89ff-9hvzm,41.20703125
1783736012,mem_mib,pod=workload-cloud-6f545f89ff-9hvzm,41.2734375
1783736022,mem_mib,pod=workload-cloud-6f545f89ff-9hvzm,41.53125
1783736032,mem_mib,pod=workload-cloud-6f545f89ff-9hvzm,41.53125
1783736042,mem_mib,pod=workload-cloud-6f545f89ff-9hvzm,41.29296875
1783736052,mem_mib,pod=workload-cloud-6f545f89ff-9hvzm,41.29296875
1783736062,mem_mib,pod=workload-cloud-6f545f89ff-9hvzm,41.53125
1783736072,mem_mib,pod=workload-cloud-6f545f89ff-9hvzm,41.53125
1783736082,mem_mib,pod=workload-cloud-6f545f89ff-9hvzm,41.49609375
1783736092,mem_mib,pod=workload-cloud-6f545f89ff-9hvzm,41.49609375
1783736102,mem_mib,pod=workload-cloud-6f545f89ff-9hvzm,41.2734375
1783736112,mem_mib,pod=workload-cloud-6f545f89ff-9hvzm,41.80078125
1783736122,mem_mib,pod=workload-cloud-6f545f89ff-9hvzm,41.80078125
1783736132,mem_mib,pod=workload-cloud-6f545f89ff-9hvzm,41.2734375
1783736142,mem_mib,pod=workload-cloud-6f545f89ff-9hvzm,42.0546875
1783736152,mem_mib,pod=workload-cloud-6f545f89ff-9hvzm,41.5234375
1783736162,mem_mib,pod=workload-cloud-6f545f89ff-9hvzm,41.5234375
1783736172,mem_mib,pod=workload-cloud-6f545f89ff-9hvzm,41.01171875
1783736182,mem_mib,pod=workload-cloud-6f545f89ff-9hvzm,41.01171875
1783736192,mem_mib,pod=workload-cloud-6f545f89ff-9hvzm,40.66015625
1783736202,mem_mib,pod=workload-cloud-6f545f89ff-9hvzm,40.65625
1783736212,mem_mib,pod=workload-cloud-6f545f89ff-9hvzm,40.65625
1783736222,mem_mib,pod=workload-cloud-6f545f89ff-9hvzm,40.65625
1783736232,mem_mib,pod=workload-cloud-6f545f89ff-9hvzm,40.65625
1783736242,mem_mib,pod=workload-cloud-6f545f89ff-9hvzm,40.65625
1783736252,mem_mib,pod=workload-cloud-6f545f89ff-9hvzm,40.65625
1783735802,mem_mib,pod=workload-cloud-6f545f89ff-9tqjb,2.9375
1783735812,mem_mib,pod=workload-cloud-6f545f89ff-9tqjb,2.9375
1783735822,mem_mib,pod=workload-cloud-6f545f89ff-9tqjb,35.44140625
1783735832,mem_mib,pod=workload-cloud-6f545f89ff-9tqjb,35.5859375
1783735842,mem_mib,pod=workload-cloud-6f545f89ff-9tqjb,35.58203125
1783735852,mem_mib,pod=workload-cloud-6f545f89ff-9tqjb,35.58203125
1783735862,mem_mib,pod=workload-cloud-6f545f89ff-9tqjb,35.6640625
1783735872,mem_mib,pod=workload-cloud-6f545f89ff-9tqjb,35.71484375
1783735882,mem_mib,pod=workload-cloud-6f545f89ff-9tqjb,35.71484375
1783735892,mem_mib,pod=workload-cloud-6f545f89ff-9tqjb,35.73046875
1783735902,mem_mib,pod=workload-cloud-6f545f89ff-9tqjb,35.73828125
1783735912,mem_mib,pod=workload-cloud-6f545f89ff-9tqjb,35.73828125
1783735922,mem_mib,pod=workload-cloud-6f545f89ff-9tqjb,35.96484375
1783735932,mem_mib,pod=workload-cloud-6f545f89ff-9tqjb,35.96484375
1783735942,mem_mib,pod=workload-cloud-6f545f89ff-9tqjb,35.71875
1783735952,mem_mib,pod=workload-cloud-6f545f89ff-9tqjb,35.9921875
1783735962,mem_mib,pod=workload-cloud-6f545f89ff-9tqjb,35.70703125
1783735972,mem_mib,pod=workload-cloud-6f545f89ff-9tqjb,35.70703125
1783735982,mem_mib,pod=workload-cloud-6f545f89ff-9tqjb,35.70703125
1783735992,mem_mib,pod=workload-cloud-6f545f89ff-9tqjb,35.70703125
1783736002,mem_mib,pod=workload-cloud-6f545f89ff-9tqjb,35.70703125
1783736012,mem_mib,pod=workload-cloud-6f545f89ff-9tqjb,35.70703125
1783736022,mem_mib,pod=workload-cloud-6f545f89ff-9tqjb,35.70703125
1783736032,mem_mib,pod=workload-cloud-6f545f89ff-9tqjb,35.70703125
1783736042,mem_mib,pod=workload-cloud-6f545f89ff-9tqjb,35.70703125
1783736052,mem_mib,pod=workload-cloud-6f545f89ff-9tqjb,35.70703125
1783736062,mem_mib,pod=workload-cloud-6f545f89ff-9tqjb,35.70703125
1783736072,mem_mib,pod=workload-cloud-6f545f89ff-9tqjb,35.703125
1783736082,mem_mib,pod=workload-cloud-6f545f89ff-9tqjb,35.7109375
1783736092,mem_mib,pod=workload-cloud-6f545f89ff-9tqjb,35.7109375
1783736102,mem_mib,pod=workload-cloud-6f545f89ff-9tqjb,35.70703125
1783736112,mem_mib,pod=workload-cloud-6f545f89ff-9tqjb,35.70703125
1783736122,mem_mib,pod=workload-cloud-6f545f89ff-9tqjb,35.70703125
1783736132,mem_mib,pod=workload-cloud-6f545f89ff-9tqjb,35.70703125
1783736142,mem_mib,pod=workload-cloud-6f545f89ff-9tqjb,35.70703125
1783736152,mem_mib,pod=workload-cloud-6f545f89ff-9tqjb,35.70703125
1783736162,mem_mib,pod=workload-cloud-6f545f89ff-9tqjb,35.70703125
1783736172,mem_mib,pod=workload-cloud-6f545f89ff-9tqjb,35.703125
1783736182,mem_mib,pod=workload-cloud-6f545f89ff-9tqjb,35.703125
1783736192,mem_mib,pod=workload-cloud-6f545f89ff-9tqjb,35.70703125
1783736202,mem_mib,pod=workload-cloud-6f545f89ff-9tqjb,35.703125
1783736212,mem_mib,pod=workload-cloud-6f545f89ff-9tqjb,35.7109375
1783736222,mem_mib,pod=workload-cloud-6f545f89ff-9tqjb,35.7109375
1783736232,mem_mib,pod=workload-cloud-6f545f89ff-9tqjb,35.7109375
1783735692,mem_mib,pod=workload-cloud-6f545f89ff-dxwdf,3.75390625
1783735702,mem_mib,pod=workload-cloud-6f545f89ff-dxwdf,3.75390625
1783735712,mem_mib,pod=workload-cloud-6f545f89ff-dxwdf,35.22265625
1783735722,mem_mib,pod=workload-cloud-6f545f89ff-dxwdf,35.34765625
1783735732,mem_mib,pod=workload-cloud-6f545f89ff-dxwdf,35.34765625
1783735742,mem_mib,pod=workload-cloud-6f545f89ff-dxwdf,35.375
1783735752,mem_mib,pod=workload-cloud-6f545f89ff-dxwdf,35.375
1783735762,mem_mib,pod=workload-cloud-6f545f89ff-dxwdf,35.45703125
1783735772,mem_mib,pod=workload-cloud-6f545f89ff-dxwdf,35.734375
1783735782,mem_mib,pod=workload-cloud-6f545f89ff-dxwdf,35.734375
1783735792,mem_mib,pod=workload-cloud-6f545f89ff-dxwdf,35.60546875
1783735802,mem_mib,pod=workload-cloud-6f545f89ff-dxwdf,37.91015625
1783735812,mem_mib,pod=workload-cloud-6f545f89ff-dxwdf,37.91015625
1783735822,mem_mib,pod=workload-cloud-6f545f89ff-dxwdf,38.40625
1783735832,mem_mib,pod=workload-cloud-6f545f89ff-dxwdf,38.66015625
1783735842,mem_mib,pod=workload-cloud-6f545f89ff-dxwdf,38.66015625
1783735852,mem_mib,pod=workload-cloud-6f545f89ff-dxwdf,38.984375
1783735862,mem_mib,pod=workload-cloud-6f545f89ff-dxwdf,39.0234375
1783735872,mem_mib,pod=workload-cloud-6f545f89ff-dxwdf,39.390625
1783735882,mem_mib,pod=workload-cloud-6f545f89ff-dxwdf,39.390625
1783735892,mem_mib,pod=workload-cloud-6f545f89ff-dxwdf,38.90234375
1783735902,mem_mib,pod=workload-cloud-6f545f89ff-dxwdf,38.96484375
1783735912,mem_mib,pod=workload-cloud-6f545f89ff-dxwdf,38.96484375
1783735922,mem_mib,pod=workload-cloud-6f545f89ff-dxwdf,39.2734375
1783735932,mem_mib,pod=workload-cloud-6f545f89ff-dxwdf,39.2734375
1783735942,mem_mib,pod=workload-cloud-6f545f89ff-dxwdf,39.00390625
1783735952,mem_mib,pod=workload-cloud-6f545f89ff-dxwdf,39.00390625
1783735962,mem_mib,pod=workload-cloud-6f545f89ff-dxwdf,38.83203125
1783735972,mem_mib,pod=workload-cloud-6f545f89ff-dxwdf,38.01953125
1783735982,mem_mib,pod=workload-cloud-6f545f89ff-dxwdf,37.87890625
1783735992,mem_mib,pod=workload-cloud-6f545f89ff-dxwdf,37.87890625
1783736002,mem_mib,pod=workload-cloud-6f545f89ff-dxwdf,37.859375
1783736012,mem_mib,pod=workload-cloud-6f545f89ff-dxwdf,38.09765625
1783736022,mem_mib,pod=workload-cloud-6f545f89ff-dxwdf,38.09765625
1783736032,mem_mib,pod=workload-cloud-6f545f89ff-dxwdf,37.83203125
1783736042,mem_mib,pod=workload-cloud-6f545f89ff-dxwdf,37.83203125
1783736052,mem_mib,pod=workload-cloud-6f545f89ff-dxwdf,38.11328125
1783736062,mem_mib,pod=workload-cloud-6f545f89ff-dxwdf,38.0546875
1783736072,mem_mib,pod=workload-cloud-6f545f89ff-dxwdf,38.55078125
1783736082,mem_mib,pod=workload-cloud-6f545f89ff-dxwdf,38.55078125
1783736092,mem_mib,pod=workload-cloud-6f545f89ff-dxwdf,37.8125
1783736102,mem_mib,pod=workload-cloud-6f545f89ff-dxwdf,37.8125
1783736112,mem_mib,pod=workload-cloud-6f545f89ff-dxwdf,38.3359375
1783736122,mem_mib,pod=workload-cloud-6f545f89ff-dxwdf,38.3046875
1783736132,mem_mib,pod=workload-cloud-6f545f89ff-dxwdf,38.125
1783736142,mem_mib,pod=workload-cloud-6f545f89ff-dxwdf,38.0859375
1783736152,mem_mib,pod=workload-cloud-6f545f89ff-dxwdf,38.0859375
1783736162,mem_mib,pod=workload-cloud-6f545f89ff-dxwdf,37.8046875
1783736172,mem_mib,pod=workload-cloud-6f545f89ff-dxwdf,37.8046875
1783736182,mem_mib,pod=workload-cloud-6f545f89ff-dxwdf,37.7578125
1783736192,mem_mib,pod=workload-cloud-6f545f89ff-dxwdf,37.7578125
1783736202,mem_mib,pod=workload-cloud-6f545f89ff-dxwdf,37.7578125
1783736212,mem_mib,pod=workload-cloud-6f545f89ff-dxwdf,37.7578125
1783736222,mem_mib,pod=workload-cloud-6f545f89ff-dxwdf,37.7578125
1783736232,mem_mib,pod=workload-cloud-6f545f89ff-dxwdf,37.7578125
1783736242,mem_mib,pod=workload-cloud-6f545f89ff-dxwdf,37.7578125
1783736252,mem_mib,pod=workload-cloud-6f545f89ff-dxwdf,37.7578125
1783735842,mem_mib,pod=workload-cloud-6f545f89ff-m45tg,2.9609375
1783735852,mem_mib,pod=workload-cloud-6f545f89ff-m45tg,2.9609375
1783735862,mem_mib,pod=workload-cloud-6f545f89ff-m45tg,35.125
1783735872,mem_mib,pod=workload-cloud-6f545f89ff-m45tg,35.125
1783735882,mem_mib,pod=workload-cloud-6f545f89ff-m45tg,35.15625
1783735892,mem_mib,pod=workload-cloud-6f545f89ff-m45tg,35.171875
1783735902,mem_mib,pod=workload-cloud-6f545f89ff-m45tg,35.171875
1783735912,mem_mib,pod=workload-cloud-6f545f89ff-m45tg,35.171875
1783735922,mem_mib,pod=workload-cloud-6f545f89ff-m45tg,35.19140625
1783735932,mem_mib,pod=workload-cloud-6f545f89ff-m45tg,35.19140625
1783735942,mem_mib,pod=workload-cloud-6f545f89ff-m45tg,35.1953125
1783735952,mem_mib,pod=workload-cloud-6f545f89ff-m45tg,35.19921875
1783735962,mem_mib,pod=workload-cloud-6f545f89ff-m45tg,35.19921875
1783735972,mem_mib,pod=workload-cloud-6f545f89ff-m45tg,35.19921875
1783735982,mem_mib,pod=workload-cloud-6f545f89ff-m45tg,35.203125
1783735992,mem_mib,pod=workload-cloud-6f545f89ff-m45tg,35.21484375
1783736002,mem_mib,pod=workload-cloud-6f545f89ff-m45tg,35.2109375
1783736012,mem_mib,pod=workload-cloud-6f545f89ff-m45tg,35.2109375
1783736022,mem_mib,pod=workload-cloud-6f545f89ff-m45tg,35.2109375
1783736032,mem_mib,pod=workload-cloud-6f545f89ff-m45tg,35.2109375
1783736042,mem_mib,pod=workload-cloud-6f545f89ff-m45tg,35.22265625
1783736052,mem_mib,pod=workload-cloud-6f545f89ff-m45tg,35.22265625
1783736062,mem_mib,pod=workload-cloud-6f545f89ff-m45tg,35.22265625
1783736072,mem_mib,pod=workload-cloud-6f545f89ff-m45tg,35.21875
1783736082,mem_mib,pod=workload-cloud-6f545f89ff-m45tg,35.23828125
1783736092,mem_mib,pod=workload-cloud-6f545f89ff-m45tg,35.23828125
1783736102,mem_mib,pod=workload-cloud-6f545f89ff-m45tg,35.234375
1783736112,mem_mib,pod=workload-cloud-6f545f89ff-m45tg,35.234375
1783736122,mem_mib,pod=workload-cloud-6f545f89ff-m45tg,35.23828125
1783736132,mem_mib,pod=workload-cloud-6f545f89ff-m45tg,35.23828125
1783736142,mem_mib,pod=workload-cloud-6f545f89ff-m45tg,35.25
1783736152,mem_mib,pod=workload-cloud-6f545f89ff-m45tg,35.25
1783736162,mem_mib,pod=workload-cloud-6f545f89ff-m45tg,35.25
1783736172,mem_mib,pod=workload-cloud-6f545f89ff-m45tg,35.24609375
1783736182,mem_mib,pod=workload-cloud-6f545f89ff-m45tg,35.2578125
1783736192,mem_mib,pod=workload-cloud-6f545f89ff-m45tg,35.2578125
1783736202,mem_mib,pod=workload-cloud-6f545f89ff-m45tg,35.2578125
1783736212,mem_mib,pod=workload-cloud-6f545f89ff-m45tg,35.2578125
1783736222,mem_mib,pod=workload-cloud-6f545f89ff-m45tg,35.2578125
1783736232,mem_mib,pod=workload-cloud-6f545f89ff-m45tg,35.25390625
1783736242,mem_mib,pod=workload-cloud-6f545f89ff-m45tg,35.2578125
1783736252,mem_mib,pod=workload-cloud-6f545f89ff-m45tg,35.2578125
1783735802,mem_mib,pod=workload-cloud-6f545f89ff-qtcv2,2.76171875
1783735812,mem_mib,pod=workload-cloud-6f545f89ff-qtcv2,2.76171875
1783735822,mem_mib,pod=workload-cloud-6f545f89ff-qtcv2,35.55859375
1783735832,mem_mib,pod=workload-cloud-6f545f89ff-qtcv2,35.55859375
1783735842,mem_mib,pod=workload-cloud-6f545f89ff-qtcv2,35.79296875
1783735852,mem_mib,pod=workload-cloud-6f545f89ff-qtcv2,36.11328125
1783735862,mem_mib,pod=workload-cloud-6f545f89ff-qtcv2,35.9453125
1783735872,mem_mib,pod=workload-cloud-6f545f89ff-qtcv2,35.9453125
1783735882,mem_mib,pod=workload-cloud-6f545f89ff-qtcv2,35.98046875
1783735892,mem_mib,pod=workload-cloud-6f545f89ff-qtcv2,35.9765625
1783735902,mem_mib,pod=workload-cloud-6f545f89ff-qtcv2,35.9765625
1783735912,mem_mib,pod=workload-cloud-6f545f89ff-qtcv2,36.6953125
1783735922,mem_mib,pod=workload-cloud-6f545f89ff-qtcv2,36.6953125
1783735932,mem_mib,pod=workload-cloud-6f545f89ff-qtcv2,36.21875
1783735942,mem_mib,pod=workload-cloud-6f545f89ff-qtcv2,36.2890625
1783735952,mem_mib,pod=workload-cloud-6f545f89ff-qtcv2,35.98828125
1783735962,mem_mib,pod=workload-cloud-6f545f89ff-qtcv2,35.98828125
1783735972,mem_mib,pod=workload-cloud-6f545f89ff-qtcv2,35.921875
1783735982,mem_mib,pod=workload-cloud-6f545f89ff-qtcv2,35.92578125
1783735992,mem_mib,pod=workload-cloud-6f545f89ff-qtcv2,35.92578125
1783736002,mem_mib,pod=workload-cloud-6f545f89ff-qtcv2,35.92578125
1783736012,mem_mib,pod=workload-cloud-6f545f89ff-qtcv2,35.92578125
1783736022,mem_mib,pod=workload-cloud-6f545f89ff-qtcv2,35.92578125
1783736032,mem_mib,pod=workload-cloud-6f545f89ff-qtcv2,35.92578125
1783736042,mem_mib,pod=workload-cloud-6f545f89ff-qtcv2,35.92578125
1783736052,mem_mib,pod=workload-cloud-6f545f89ff-qtcv2,35.92578125
1783736062,mem_mib,pod=workload-cloud-6f545f89ff-qtcv2,35.92578125
1783736072,mem_mib,pod=workload-cloud-6f545f89ff-qtcv2,35.92578125
1783736082,mem_mib,pod=workload-cloud-6f545f89ff-qtcv2,35.92578125
1783736092,mem_mib,pod=workload-cloud-6f545f89ff-qtcv2,35.92578125
1783736102,mem_mib,pod=workload-cloud-6f545f89ff-qtcv2,35.92578125
1783736112,mem_mib,pod=workload-cloud-6f545f89ff-qtcv2,35.92578125
1783736122,mem_mib,pod=workload-cloud-6f545f89ff-qtcv2,35.92578125
1783736132,mem_mib,pod=workload-cloud-6f545f89ff-qtcv2,35.92578125
1783736142,mem_mib,pod=workload-cloud-6f545f89ff-qtcv2,35.92578125
1783736152,mem_mib,pod=workload-cloud-6f545f89ff-qtcv2,35.92578125
1783736162,mem_mib,pod=workload-cloud-6f545f89ff-qtcv2,35.92578125
1783736172,mem_mib,pod=workload-cloud-6f545f89ff-qtcv2,35.92578125
1783736182,mem_mib,pod=workload-cloud-6f545f89ff-qtcv2,35.92578125
1783736192,mem_mib,pod=workload-cloud-6f545f89ff-qtcv2,35.92578125
1783736202,mem_mib,pod=workload-cloud-6f545f89ff-qtcv2,35.92578125
1783736212,mem_mib,pod=workload-cloud-6f545f89ff-qtcv2,35.92578125
1783736222,mem_mib,pod=workload-cloud-6f545f89ff-qtcv2,35.92578125
1783736232,mem_mib,pod=workload-cloud-6f545f89ff-qtcv2,35.92578125
1783736242,mem_mib,pod=workload-cloud-6f545f89ff-qtcv2,35.92578125
1783736252,mem_mib,pod=workload-cloud-6f545f89ff-qtcv2,35.92578125
1783735742,mem_mib,pod=workload-cloud-6f545f89ff-st2df,3.578125
1783735752,mem_mib,pod=workload-cloud-6f545f89ff-st2df,3.578125
1783735762,mem_mib,pod=workload-cloud-6f545f89ff-st2df,35.140625
1783735772,mem_mib,pod=workload-cloud-6f545f89ff-st2df,35.24609375
1783735782,mem_mib,pod=workload-cloud-6f545f89ff-st2df,35.28515625
1783735792,mem_mib,pod=workload-cloud-6f545f89ff-st2df,35.7734375
1783735802,mem_mib,pod=workload-cloud-6f545f89ff-st2df,35.7734375
1783735812,mem_mib,pod=workload-cloud-6f545f89ff-st2df,37.5234375
1783735822,mem_mib,pod=workload-cloud-6f545f89ff-st2df,38.26953125
1783735832,mem_mib,pod=workload-cloud-6f545f89ff-st2df,38.4296875
1783735842,mem_mib,pod=workload-cloud-6f545f89ff-st2df,38.4296875
1783735852,mem_mib,pod=workload-cloud-6f545f89ff-st2df,38.2421875
1783735862,mem_mib,pod=workload-cloud-6f545f89ff-st2df,38.2421875
1783735872,mem_mib,pod=workload-cloud-6f545f89ff-st2df,38.04296875
1783735882,mem_mib,pod=workload-cloud-6f545f89ff-st2df,38.04296875
1783735892,mem_mib,pod=workload-cloud-6f545f89ff-st2df,38.3359375
1783735902,mem_mib,pod=workload-cloud-6f545f89ff-st2df,38.27734375
1783735912,mem_mib,pod=workload-cloud-6f545f89ff-st2df,38.27734375
1783735922,mem_mib,pod=workload-cloud-6f545f89ff-st2df,39.6015625
1783735932,mem_mib,pod=workload-cloud-6f545f89ff-st2df,38.34375
1783735942,mem_mib,pod=workload-cloud-6f545f89ff-st2df,38.34375
1783735952,mem_mib,pod=workload-cloud-6f545f89ff-st2df,38.0859375
1783735962,mem_mib,pod=workload-cloud-6f545f89ff-st2df,37.85546875
1783735972,mem_mib,pod=workload-cloud-6f545f89ff-st2df,37.85546875
1783735982,mem_mib,pod=workload-cloud-6f545f89ff-st2df,37.234375
1783735992,mem_mib,pod=workload-cloud-6f545f89ff-st2df,37.234375
1783736002,mem_mib,pod=workload-cloud-6f545f89ff-st2df,37.234375
1783736012,mem_mib,pod=workload-cloud-6f545f89ff-st2df,37.75
1783736022,mem_mib,pod=workload-cloud-6f545f89ff-st2df,37.75
1783736032,mem_mib,pod=workload-cloud-6f545f89ff-st2df,37.25
1783736042,mem_mib,pod=workload-cloud-6f545f89ff-st2df,37.25
1783736052,mem_mib,pod=workload-cloud-6f545f89ff-st2df,37.25
1783736062,mem_mib,pod=workload-cloud-6f545f89ff-st2df,37.2578125
1783736072,mem_mib,pod=workload-cloud-6f545f89ff-st2df,37.2578125
1783736082,mem_mib,pod=workload-cloud-6f545f89ff-st2df,37.2890625
1783736092,mem_mib,pod=workload-cloud-6f545f89ff-st2df,37.2890625
1783736102,mem_mib,pod=workload-cloud-6f545f89ff-st2df,37.50390625
1783736112,mem_mib,pod=workload-cloud-6f545f89ff-st2df,37.52734375
1783736122,mem_mib,pod=workload-cloud-6f545f89ff-st2df,37.52734375
1783736132,mem_mib,pod=workload-cloud-6f545f89ff-st2df,37.26171875
1783736142,mem_mib,pod=workload-cloud-6f545f89ff-st2df,37.26171875
1783736152,mem_mib,pod=workload-cloud-6f545f89ff-st2df,37.5078125
1783736162,mem_mib,pod=workload-cloud-6f545f89ff-st2df,37.203125
1783736172,mem_mib,pod=workload-cloud-6f545f89ff-st2df,37.203125
1783736182,mem_mib,pod=workload-cloud-6f545f89ff-st2df,37.45703125
1783736192,mem_mib,pod=workload-cloud-6f545f89ff-st2df,37.45703125
1783736202,mem_mib,pod=workload-cloud-6f545f89ff-st2df,37.20703125
1783736212,mem_mib,pod=workload-cloud-6f545f89ff-st2df,37.20703125
1783736222,mem_mib,pod=workload-cloud-6f545f89ff-st2df,37.20703125
1783736232,mem_mib,pod=workload-cloud-6f545f89ff-st2df,37.203125
1783736242,mem_mib,pod=workload-cloud-6f545f89ff-st2df,37.203125
1783736252,mem_mib,pod=workload-cloud-6f545f89ff-st2df,37.203125
1783735602,mem_mib,pod=workload-edge-7b875fd8c6-pxwvc,35.984375
1783735612,mem_mib,pod=workload-edge-7b875fd8c6-pxwvc,35.984375
1783735622,mem_mib,pod=workload-edge-7b875fd8c6-pxwvc,35.984375
1783735632,mem_mib,pod=workload-edge-7b875fd8c6-pxwvc,35.984375
1783735642,mem_mib,pod=workload-edge-7b875fd8c6-pxwvc,35.984375
1783735652,mem_mib,pod=workload-edge-7b875fd8c6-pxwvc,35.984375
1783735662,mem_mib,pod=workload-edge-7b875fd8c6-pxwvc,35.984375
1783735672,mem_mib,pod=workload-edge-7b875fd8c6-pxwvc,35.984375
1783735682,mem_mib,pod=workload-edge-7b875fd8c6-pxwvc,35.984375
1783735692,mem_mib,pod=workload-edge-7b875fd8c6-pxwvc,35.984375
1783735702,mem_mib,pod=workload-edge-7b875fd8c6-pxwvc,35.984375
1783735712,mem_mib,pod=workload-edge-7b875fd8c6-pxwvc,35.984375
1783735722,mem_mib,pod=workload-edge-7b875fd8c6-pxwvc,35.984375
1783735732,mem_mib,pod=workload-edge-7b875fd8c6-pxwvc,35.984375
1783735742,mem_mib,pod=workload-edge-7b875fd8c6-pxwvc,35.984375
1783735752,mem_mib,pod=workload-edge-7b875fd8c6-pxwvc,35.984375
1783735762,mem_mib,pod=workload-edge-7b875fd8c6-pxwvc,35.984375
1783735772,mem_mib,pod=workload-edge-7b875fd8c6-pxwvc,35.984375
1783735782,mem_mib,pod=workload-edge-7b875fd8c6-pxwvc,35.984375
1783735792,mem_mib,pod=workload-edge-7b875fd8c6-pxwvc,35.984375
1783735802,mem_mib,pod=workload-edge-7b875fd8c6-pxwvc,35.984375
1783735812,mem_mib,pod=workload-edge-7b875fd8c6-pxwvc,35.984375
1783735822,mem_mib,pod=workload-edge-7b875fd8c6-pxwvc,35.984375
1783735832,mem_mib,pod=workload-edge-7b875fd8c6-pxwvc,35.984375
1783735842,mem_mib,pod=workload-edge-7b875fd8c6-pxwvc,35.984375
1783735852,mem_mib,pod=workload-edge-7b875fd8c6-pxwvc,35.984375
1783735862,mem_mib,pod=workload-edge-7b875fd8c6-pxwvc,35.984375
1783735872,mem_mib,pod=workload-edge-7b875fd8c6-pxwvc,35.984375
1783735882,mem_mib,pod=workload-edge-7b875fd8c6-pxwvc,35.9921875
1783735892,mem_mib,pod=workload-edge-7b875fd8c6-pxwvc,35.9921875
1783735902,mem_mib,pod=workload-edge-7b875fd8c6-pxwvc,35.9921875
1783735912,mem_mib,pod=workload-edge-7b875fd8c6-pxwvc,35.9921875
1783735922,mem_mib,pod=workload-edge-7b875fd8c6-pxwvc,35.9921875
1783735932,mem_mib,pod=workload-edge-7b875fd8c6-pxwvc,35.9921875
1783735942,mem_mib,pod=workload-edge-7b875fd8c6-pxwvc,35.9921875
1783735952,mem_mib,pod=workload-edge-7b875fd8c6-pxwvc,35.9921875
1783735962,mem_mib,pod=workload-edge-7b875fd8c6-pxwvc,35.9921875
1783735972,mem_mib,pod=workload-edge-7b875fd8c6-pxwvc,35.9921875
1783735982,mem_mib,pod=workload-edge-7b875fd8c6-pxwvc,35.9921875
1783735992,mem_mib,pod=workload-edge-7b875fd8c6-pxwvc,35.9921875
1783736002,mem_mib,pod=workload-edge-7b875fd8c6-pxwvc,35.9921875
1783736012,mem_mib,pod=workload-edge-7b875fd8c6-pxwvc,35.9921875
1783736022,mem_mib,pod=workload-edge-7b875fd8c6-pxwvc,35.9921875
1783736032,mem_mib,pod=workload-edge-7b875fd8c6-pxwvc,35.9921875
1783736042,mem_mib,pod=workload-edge-7b875fd8c6-pxwvc,35.9921875
1783736052,mem_mib,pod=workload-edge-7b875fd8c6-pxwvc,35.98828125
1783736062,mem_mib,pod=workload-edge-7b875fd8c6-pxwvc,35.9921875
1783736072,mem_mib,pod=workload-edge-7b875fd8c6-pxwvc,35.9921875
1783736082,mem_mib,pod=workload-edge-7b875fd8c6-pxwvc,35.9921875
1783736092,mem_mib,pod=workload-edge-7b875fd8c6-pxwvc,35.9921875
1783736102,mem_mib,pod=workload-edge-7b875fd8c6-pxwvc,35.9921875
1783736112,mem_mib,pod=workload-edge-7b875fd8c6-pxwvc,35.9921875
1783736122,mem_mib,pod=workload-edge-7b875fd8c6-pxwvc,35.9921875
1783736132,mem_mib,pod=workload-edge-7b875fd8c6-pxwvc,35.9921875
1783736142,mem_mib,pod=workload-edge-7b875fd8c6-pxwvc,35.9921875
1783736152,mem_mib,pod=workload-edge-7b875fd8c6-pxwvc,35.9921875
1783736162,mem_mib,pod=workload-edge-7b875fd8c6-pxwvc,35.9921875
1783736172,mem_mib,pod=workload-edge-7b875fd8c6-pxwvc,35.9921875
1783736182,mem_mib,pod=workload-edge-7b875fd8c6-pxwvc,35.9921875
1783736192,mem_mib,pod=workload-edge-7b875fd8c6-pxwvc,35.9921875
1783736202,mem_mib,pod=workload-edge-7b875fd8c6-pxwvc,35.9921875
1783736212,mem_mib,pod=workload-edge-7b875fd8c6-pxwvc,35.9921875
1783736222,mem_mib,pod=workload-edge-7b875fd8c6-pxwvc,35.9921875
1783736232,mem_mib,pod=workload-edge-7b875fd8c6-pxwvc,35.98828125
1783736242,mem_mib,pod=workload-edge-7b875fd8c6-pxwvc,35.9921875
1783736252,mem_mib,pod=workload-edge-7b875fd8c6-pxwvc,35.9921875
1783735602,rps,tier=cloud,0.0
1783735612,rps,tier=cloud,1.4800616026081128
1783735622,rps,tier=cloud,7.02028081123245
1783735632,rps,tier=cloud,16.580994859691582
1783735642,rps,tier=cloud,30.121708908679572
1783735652,rps,tier=cloud,47.66244453006314
1783735662,rps,tier=cloud,67.80406824409465
1783735672,rps,tier=cloud,88.06433982262786
1783735682,rps,tier=cloud,107.80545308657557
1783735692,rps,tier=cloud,126.30637353421812
1783735702,rps,tier=cloud,143.88564587900757
1783735712,rps,tier=cloud,161.33390093548857
1783735722,rps,tier=cloud,180.30249223105284
1783735732,rps,tier=cloud,196.11773004226845
1783735742,rps,tier=cloud,213.59880921978356
1783735752,rps,tier=cloud,231.08706041075425
1783735762,rps,tier=cloud,248.034776467743
1783735772,rps,tier=cloud,267.1762132292701
1783735782,rps,tier=cloud,285.36905940426607
1783735792,rps,tier=cloud,313.84111571317493
1783735802,rps,tier=cloud,404.253887872687
1783735812,rps,tier=cloud,555.3524410592601
1783735822,rps,tier=cloud,789.9534175754421
1783735832,rps,tier=cloud,1019.7596982526499
1783735842,rps,tier=cloud,1233.751218649199
1783735852,rps,tier=cloud,1396.5210121552868
1783735862,rps,tier=cloud,1478.3564037817325
1783735872,rps,tier=cloud,1501.0076761744695
1783735882,rps,tier=cloud,1499.564623862046
1783735892,rps,tier=cloud,1503.3250137536145
1783735902,rps,tier=cloud,1505.0519645931513
1783735912,rps,tier=cloud,1502.153163325829
1783735922,rps,tier=cloud,1501.9515237769954
1783735932,rps,tier=cloud,1506.0947647947107
1783735942,rps,tier=cloud,1492.8923022343497
1783735952,rps,tier=cloud,1435.9959850063756
1783735962,rps,tier=cloud,1300.96138876959
1783735972,rps,tier=cloud,1094.6728430784324
1783735982,rps,tier=cloud,859.9512408755369
1783735992,rps,tier=cloud,643.0610690629758
1783736002,rps,tier=cloud,472.95744515834895
1783736012,rps,tier=cloud,379.2412341440289
1783736022,rps,tier=cloud,357.2406752101434
1783736032,rps,tier=cloud,356.9994601062101
1783736042,rps,tier=cloud,355.6714252314426
1783736052,rps,tier=cloud,354.8233135759494
1783736062,rps,tier=cloud,357.1858817113586
1783736072,rps,tier=cloud,356.9971094786612
1783736082,rps,tier=cloud,358.7559514069978
1783736092,rps,tier=cloud,359.8044692916753
1783736102,rps,tier=cloud,359.49154563567475
1783736112,rps,tier=cloud,358.86670988742486
1783736122,rps,tier=cloud,357.6954671852434
1783736132,rps,tier=cloud,356.3729754003939
1783736142,rps,tier=cloud,355.93574739285265
1783736152,rps,tier=cloud,355.35627440418597
1783736162,rps,tier=cloud,336.40090435948065
1783736172,rps,tier=cloud,295.89495438529065
1783736182,rps,tier=cloud,232.07783388115442
1783736192,rps,tier=cloud,160.2878597735229
1783736202,rps,tier=cloud,89.88254782912199
1783736212,rps,tier=cloud,37.481297680127255
1783736222,rps,tier=cloud,7.500184405752241
1783736232,rps,tier=cloud,0.0
1783736242,rps,tier=cloud,0.0
1783736252,rps,tier=cloud,0.0
1783735612,lat50_ms,tier=cloud,1.5781248668253496
1783735622,lat50_ms,tier=cloud,1.5754097813371823
1783735632,lat50_ms,tier=cloud,1.6772875816993464
1783735642,lat50_ms,tier=cloud,1.9138339442556
1783735652,lat50_ms,tier=cloud,2.2614805499867647
1783735662,lat50_ms,tier=cloud,2.48992913706559
1783735672,lat50_ms,tier=cloud,2.6374015304996914
1783735682,lat50_ms,tier=cloud,2.894239423942394
1783735692,lat50_ms,tier=cloud,3.3224128233970758
1783735702,lat50_ms,tier=cloud,3.720419193087295
1783735712,lat50_ms,tier=cloud,3.97141133392046
1783735722,lat50_ms,tier=cloud,4.261441691679366
1783735732,lat50_ms,tier=cloud,4.767269659239825
1783735742,lat50_ms,tier=cloud,5.532788926483799
1783735752,lat50_ms,tier=cloud,6.675840240265218
1783735762,lat50_ms,tier=cloud,8.122998882721953
1783735772,lat50_ms,tier=cloud,9.37064595730636
1783735782,lat50_ms,tier=cloud,10.259811564220154
1783735792,lat50_ms,tier=cloud,10.61803665069723
1783735802,lat50_ms,tier=cloud,10.83929206594086
1783735812,lat50_ms,tier=cloud,12.756057166523664
1783735822,lat50_ms,tier=cloud,14.770530740621325
1783735832,lat50_ms,tier=cloud,16.995858088550445
1783735842,lat50_ms,tier=cloud,19.311751211019935
1783735852,lat50_ms,tier=cloud,21.73448459807688
1783735862,lat50_ms,tier=cloud,23.530808570687796
1783735872,lat50_ms,tier=cloud,24.546988209250653
1783735882,lat50_ms,tier=cloud,25.565259399293357
1783735892,lat50_ms,tier=cloud,26.37428941170198
1783735902,lat50_ms,tier=cloud,27.192083363799856
1783735912,lat50_ms,tier=cloud,28.093426596240263
1783735922,lat50_ms,tier=cloud,28.453380910236547
1783735932,lat50_ms,tier=cloud,28.37837504297487
1783735942,lat50_ms,tier=cloud,28.439079248003928
1783735952,lat50_ms,tier=cloud,27.90199489706195
1783735962,lat50_ms,tier=cloud,27.3567370172644
1783735972,lat50_ms,tier=cloud,26.684686815015954
1783735982,lat50_ms,tier=cloud,26.036276321775492
1783735992,lat50_ms,tier=cloud,24.990597799253937
1783736002,lat50_ms,tier=cloud,23.710996139550353
1783736012,lat50_ms,tier=cloud,21.83303138799511
1783736022,lat50_ms,tier=cloud,19.026398945725788
1783736032,lat50_ms,tier=cloud,16.431272692897522
1783736042,lat50_ms,tier=cloud,14.169065015499102
1783736052,lat50_ms,tier=cloud,11.90856437073629
1783736062,lat50_ms,tier=cloud,10.21304404011251
1783736072,lat50_ms,tier=cloud,8.323193758392344
1783736082,lat50_ms,tier=cloud,7.446244372108497
1783736092,lat50_ms,tier=cloud,7.114675299287219
1783736102,lat50_ms,tier=cloud,7.262029044243886
1783736112,lat50_ms,tier=cloud,7.477811715743252
1783736122,lat50_ms,tier=cloud,7.772398108169766
1783736132,lat50_ms,tier=cloud,7.927216366559089
1783736142,lat50_ms,tier=cloud,7.669195506405395
1783736152,lat50_ms,tier=cloud,6.9275046928971244
1783736162,lat50_ms,tier=cloud,6.8258297941324715
1783736172,lat50_ms,tier=cloud,6.361791182524681
1783736182,lat50_ms,tier=cloud,6.171205511399755
1783736192,lat50_ms,tier=cloud,6.493094957319331
1783736202,lat50_ms,tier=cloud,6.551724023101507
1783736212,lat50_ms,tier=cloud,6.33955331706223
1783736222,lat50_ms,tier=cloud,6.1128204000441375
1783736232,lat50_ms,tier=cloud,5.4647426443377425
1783736242,lat50_ms,tier=cloud,4.990543722753628
1783736252,lat50_ms,tier=cloud,4.758747611448984
1783735612,lat95_ms,tier=cloud,3.889998363547101
1783735622,lat95_ms,tier=cloud,3.85543406080638
1783735632,lat95_ms,tier=cloud,4.646482412060303
1783735642,lat95_ms,tier=cloud,4.935644042136644
1783735652,lat95_ms,tier=cloud,4.997066475805594
1783735662,lat95_ms,tier=cloud,5.5589735246723215
1783735672,lat95_ms,tier=cloud,5.647436211240473
1783735682,lat95_ms,tier=cloud,8.179016620498615
1783735692,lat95_ms,tier=cloud,14.339150227617575
1783735702,lat95_ms,tier=cloud,17.003574256852772
1783735712,lat95_ms,tier=cloud,17.449053973656177
1783735722,lat95_ms,tier=cloud,17.980565944874925
1783735732,lat95_ms,tier=cloud,18.50206718859633
1783735742,lat95_ms,tier=cloud,18.791369178874337
1783735752,lat95_ms,tier=cloud,18.979726132838195
1783735762,lat95_ms,tier=cloud,19.350847944419392
1783735772,lat95_ms,tier=cloud,19.535009915730726
1783735782,lat95_ms,tier=cloud,19.67031431635243
1783735792,lat95_ms,tier=cloud,19.856767789984644
1783735802,lat95_ms,tier=cloud,35.60688547137281
1783735812,lat95_ms,tier=cloud,43.52396197690194
1783735822,lat95_ms,tier=cloud,46.4496247132326
1783735832,lat95_ms,tier=cloud,47.83979014957352
1783735842,lat95_ms,tier=cloud,48.96434625945984
1783735852,lat95_ms,tier=cloud,49.83113432606772
1783735862,lat95_ms,tier=cloud,51.88633693861433
1783735872,lat95_ms,tier=cloud,54.795458250037136
1783735882,lat95_ms,tier=cloud,55.29177985619096
1783735892,lat95_ms,tier=cloud,55.64514287806081
1783735902,lat95_ms,tier=cloud,56.10009768254226
1783735912,lat95_ms,tier=cloud,56.85085331646314
1783735922,lat95_ms,tier=cloud,57.863454016292465
1783735932,lat95_ms,tier=cloud,58.104438601799956
1783735942,lat95_ms,tier=cloud,58.67588210115905
1783735952,lat95_ms,tier=cloud,57.252351828411825
1783735962,lat95_ms,tier=cloud,55.171766303703535
1783735972,lat95_ms,tier=cloud,53.67296564809322
1783735982,lat95_ms,tier=cloud,50.9107224371219
1783735992,lat95_ms,tier=cloud,49.94448949085141
1783736002,lat95_ms,tier=cloud,49.75998585238893
1783736012,lat95_ms,tier=cloud,49.48917019434007
1783736022,lat95_ms,tier=cloud,49.038402564163405
1783736032,lat95_ms,tier=cloud,48.34768844847878
1783736042,lat95_ms,tier=cloud,47.25508911526227
1783736052,lat95_ms,tier=cloud,43.85432112901229
1783736062,lat95_ms,tier=cloud,38.61839871998289
1783736072,lat95_ms,tier=cloud,23.92294146408757
1783736082,lat95_ms,tier=cloud,19.723242850972984
1783736092,lat95_ms,tier=cloud,19.654269226634845
1783736102,lat95_ms,tier=cloud,19.71354143510052
1783736112,lat95_ms,tier=cloud,19.72419213328196
1783736122,lat95_ms,tier=cloud,19.67755730306194
1783736132,lat95_ms,tier=cloud,19.688116483219726
1783736142,lat95_ms,tier=cloud,19.659709786983232
1783736152,lat95_ms,tier=cloud,19.652043598611417
1783736162,lat95_ms,tier=cloud,19.684714799230743
1783736172,lat95_ms,tier=cloud,19.65981698479274
1783736182,lat95_ms,tier=cloud,19.610798756509723
1783736192,lat95_ms,tier=cloud,19.62779652087216
1783736202,lat95_ms,tier=cloud,19.680375519069518
1783736212,lat95_ms,tier=cloud,19.673673549265207
1783736222,lat95_ms,tier=cloud,19.65740243160171
1783736232,lat95_ms,tier=cloud,19.58568125260181
1783736242,lat95_ms,tier=cloud,19.53194679375639
1783736252,lat95_ms,tier=cloud,19.45368213804518
1783735612,lat99_ms,tier=cloud,4.777999672709421
1783735622,lat99_ms,tier=cloud,4.7710868121612755
1783735632,lat99_ms,tier=cloud,7.697222222222237
1783735642,lat99_ms,tier=cloud,8.78547963086842
1783735652,lat99_ms,tier=cloud,8.99025473510771
1783735662,lat99_ms,tier=cloud,9.11179470493446
1783735672,lat99_ms,tier=cloud,9.129487242248091
1783735682,lat99_ms,tier=cloud,9.901731301939057
1783735692,lat99_ms,tier=cloud,19.08634294385431
1783735702,lat99_ms,tier=cloud,19.494343023368202
1783735712,lat99_ms,tier=cloud,19.574525454937728
1783735722,lat99_ms,tier=cloud,19.690758269921442
1783735732,lat99_ms,tier=cloud,19.838022271866645
1783735742,lat99_ms,tier=cloud,19.97261891973394
1783735752,lat99_ms,tier=cloud,23.458181126533137
1783735762,lat99_ms,tier=cloud,36.80033620344567
1783735772,lat99_ms,tier=cloud,39.63317472483309
1783735782,lat99_ms,tier=cloud,41.23698421498413
1783735792,lat99_ms,tier=cloud,43.027058064833206
1783735802,lat99_ms,tier=cloud,47.12137709427458
1783735812,lat99_ms,tier=cloud,48.74429046070948
1783735822,lat99_ms,tier=cloud,51.277411593811756
1783735832,lat99_ms,tier=cloud,63.02198753131577
1783735842,lat99_ms,tier=cloud,67.85318287447272
1783735852,lat99_ms,tier=cloud,69.89674691402232
1783735862,lat99_ms,tier=cloud,70.52041637633857
1783735872,lat99_ms,tier=cloud,71.19085260375283
1783735882,lat99_ms,tier=cloud,71.2629786429084
1783735892,lat99_ms,tier=cloud,71.37411872076623
1783735902,lat99_ms,tier=cloud,71.49695981148227
1783735912,lat99_ms,tier=cloud,71.62907044511442
1783735922,lat99_ms,tier=cloud,71.81084718167195
1783735932,lat99_ms,tier=cloud,71.87900605190899
1783735942,lat99_ms,tier=cloud,72.22875981146561
1783735952,lat99_ms,tier=cloud,71.96282500388082
1783735962,lat99_ms,tier=cloud,71.58421093655035
1783735972,lat99_ms,tier=cloud,71.36990169394919
1783735982,lat99_ms,tier=cloud,70.8333737352514
1783735992,lat99_ms,tier=cloud,70.65145274192578
1783736002,lat99_ms,tier=cloud,70.3140701963889
1783736012,lat99_ms,tier=cloud,69.79009046880898
1783736022,lat99_ms,tier=cloud,68.97129530491588
1783736032,lat99_ms,tier=cloud,67.52403251362736
1783736042,lat99_ms,tier=cloud,64.51592885339088
1783736052,lat99_ms,tier=cloud,49.183249051900255
1783736062,lat99_ms,tier=cloud,47.84259543909176
1783736072,lat99_ms,tier=cloud,44.78458829281753
1783736082,lat99_ms,tier=cloud,42.265679173830854
1783736092,lat99_ms,tier=cloud,41.70580359809478
1783736102,lat99_ms,tier=cloud,42.17232973255684
1783736112,lat99_ms,tier=cloud,42.20080542498395
1783736122,lat99_ms,tier=cloud,41.70358223389331
1783736132,lat99_ms,tier=cloud,41.784171552831985
1783736142,lat99_ms,tier=cloud,41.54508408092174
1783736152,lat99_ms,tier=cloud,41.60749575623249
1783736162,lat99_ms,tier=cloud,41.94652031718041
1783736172,lat99_ms,tier=cloud,41.80247411984947
1783736182,lat99_ms,tier=cloud,41.36989403554113
1783736192,lat99_ms,tier=cloud,41.42235541526293
1783736202,lat99_ms,tier=cloud,41.89228572658871
1783736212,lat99_ms,tier=cloud,41.87554334736961
1783736222,lat99_ms,tier=cloud,41.813277065023485
1783736232,lat99_ms,tier=cloud,41.39754534805977
1783736242,lat99_ms,tier=cloud,41.2320030322702
1783736252,lat99_ms,tier=cloud,41.02909085069791
1783735602,inflight,tier=cloud,0.0
1783735612,inflight,tier=cloud,0.0
1783735622,inflight,tier=cloud,0.0
1783735632,inflight,tier=cloud,0.0
1783735642,inflight,tier=cloud,0.0
1783735652,inflight,tier=cloud,0.0
1783735662,inflight,tier=cloud,0.0
1783735672,inflight,tier=cloud,1.0
1783735682,inflight,tier=cloud,0.0
1783735692,inflight,tier=cloud,0.0
1783735702,inflight,tier=cloud,0.0
1783735712,inflight,tier=cloud,0.0
1783735722,inflight,tier=cloud,0.0
1783735732,inflight,tier=cloud,0.0
1783735742,inflight,tier=cloud,0.0
1783735752,inflight,tier=cloud,0.0
1783735762,inflight,tier=cloud,0.0
1783735772,inflight,tier=cloud,1.0
1783735782,inflight,tier=cloud,0.0
1783735792,inflight,tier=cloud,0.0
1783735802,inflight,tier=cloud,21.0
1783735812,inflight,tier=cloud,0.0
1783735822,inflight,tier=cloud,1.0
1783735832,inflight,tier=cloud,4.0
1783735842,inflight,tier=cloud,21.0
1783735852,inflight,tier=cloud,0.0
1783735862,inflight,tier=cloud,8.0
1783735872,inflight,tier=cloud,0.0
1783735882,inflight,tier=cloud,0.0
1783735892,inflight,tier=cloud,38.0
1783735902,inflight,tier=cloud,0.0
1783735912,inflight,tier=cloud,0.0
1783735922,inflight,tier=cloud,0.0
1783735932,inflight,tier=cloud,0.0
1783735942,inflight,tier=cloud,0.0
1783735952,inflight,tier=cloud,4.0
1783735962,inflight,tier=cloud,0.0
1783735972,inflight,tier=cloud,0.0
1783735982,inflight,tier=cloud,0.0
1783735992,inflight,tier=cloud,0.0
1783736002,inflight,tier=cloud,0.0
1783736012,inflight,tier=cloud,0.0
1783736022,inflight,tier=cloud,0.0
1783736032,inflight,tier=cloud,0.0
1783736042,inflight,tier=cloud,0.0
1783736052,inflight,tier=cloud,0.0
1783736062,inflight,tier=cloud,0.0
1783736072,inflight,tier=cloud,0.0
1783736082,inflight,tier=cloud,0.0
1783736092,inflight,tier=cloud,0.0
1783736102,inflight,tier=cloud,0.0
1783736112,inflight,tier=cloud,0.0
1783736122,inflight,tier=cloud,0.0
1783736132,inflight,tier=cloud,0.0
1783736142,inflight,tier=cloud,0.0
1783736152,inflight,tier=cloud,0.0
1783736162,inflight,tier=cloud,0.0
1783736172,inflight,tier=cloud,0.0
1783736182,inflight,tier=cloud,0.0
1783736192,inflight,tier=cloud,0.0
1783736202,inflight,tier=cloud,0.0
1783736212,inflight,tier=cloud,0.0
1783736222,inflight,tier=cloud,0.0
1783736232,inflight,tier=cloud,0.0
1783736242,inflight,tier=cloud,0.0
1783736252,inflight,tier=cloud,0.0
1783735602,inflight,tier=edge,0.0
1783735612,inflight,tier=edge,0.0
1783735622,inflight,tier=edge,0.0
1783735632,inflight,tier=edge,0.0
1783735642,inflight,tier=edge,0.0
1783735652,inflight,tier=edge,0.0
1783735662,inflight,tier=edge,0.0
1783735672,inflight,tier=edge,0.0
1783735682,inflight,tier=edge,0.0
1783735692,inflight,tier=edge,0.0
1783735702,inflight,tier=edge,0.0
1783735712,inflight,tier=edge,0.0
1783735722,inflight,tier=edge,0.0
1783735732,inflight,tier=edge,0.0
1783735742,inflight,tier=edge,0.0
1783735752,inflight,tier=edge,0.0
1783735762,inflight,tier=edge,0.0
1783735772,inflight,tier=edge,0.0
1783735782,inflight,tier=edge,0.0
1783735792,inflight,tier=edge,0.0
1783735802,inflight,tier=edge,0.0
1783735812,inflight,tier=edge,0.0
1783735822,inflight,tier=edge,0.0
1783735832,inflight,tier=edge,0.0
1783735842,inflight,tier=edge,0.0
1783735852,inflight,tier=edge,0.0
1783735862,inflight,tier=edge,0.0
1783735872,inflight,tier=edge,0.0
1783735882,inflight,tier=edge,0.0
1783735892,inflight,tier=edge,0.0
1783735902,inflight,tier=edge,0.0
1783735912,inflight,tier=edge,0.0
1783735922,inflight,tier=edge,0.0
1783735932,inflight,tier=edge,0.0
1783735942,inflight,tier=edge,0.0
1783735952,inflight,tier=edge,0.0
1783735962,inflight,tier=edge,0.0
1783735972,inflight,tier=edge,0.0
1783735982,inflight,tier=edge,0.0
1783735992,inflight,tier=edge,0.0
1783736002,inflight,tier=edge,0.0
1783736012,inflight,tier=edge,0.0
1783736022,inflight,tier=edge,0.0
1783736032,inflight,tier=edge,0.0
1783736042,inflight,tier=edge,0.0
1783736052,inflight,tier=edge,0.0
1783736062,inflight,tier=edge,0.0
1783736072,inflight,tier=edge,0.0
1783736082,inflight,tier=edge,0.0
1783736092,inflight,tier=edge,0.0
1783736102,inflight,tier=edge,0.0
1783736112,inflight,tier=edge,0.0
1783736122,inflight,tier=edge,0.0
1783736132,inflight,tier=edge,0.0
1783736142,inflight,tier=edge,0.0
1783736152,inflight,tier=edge,0.0
1783736162,inflight,tier=edge,0.0
1783736172,inflight,tier=edge,0.0
1783736182,inflight,tier=edge,0.0
1783736192,inflight,tier=edge,0.0
1783736202,inflight,tier=edge,0.0
1783736212,inflight,tier=edge,0.0
1783736222,inflight,tier=edge,0.0
1783736232,inflight,tier=edge,0.0
1783736242,inflight,tier=edge,0.0
1783736252,inflight,tier=edge,0.0
