ts,metric,labels,value
1783707270,replicas_status,deployment=workload-cloud,1.0
1783707280,replicas_status,deployment=workload-cloud,1.0
1783707290,replicas_status,deployment=workload-cloud,1.0
1783707300,replicas_status,deployment=workload-cloud,1.0
1783707310,replicas_status,deployment=workload-cloud,1.0
1783707320,replicas_status,deployment=workload-cloud,1.0
1783707330,replicas_status,deployment=workload-cloud,1.0
1783707340,replicas_status,deployment=workload-cloud,1.0
1783707350,replicas_status,deployment=workload-cloud,1.0
1783707360,replicas_status,deployment=workload-cloud,1.0
1783707370,replicas_status,deployment=workload-cloud,2.0
1783707380,replicas_status,deployment=workload-cloud,2.0
1783707390,replicas_status,deployment=workload-cloud,2.0
1783707400,replicas_status,deployment=workload-cloud,2.0
1783707410,replicas_status,deployment=workload-cloud,2.0
1783707420,replicas_status,deployment=workload-cloud,3.0
1783707430,replicas_status,deployment=workload-cloud,3.0
1783707440,replicas_status,deployment=workload-cloud,3.0
1783707450,replicas_status,deployment=workload-cloud,3.0
1783707460,replicas_status,deployment=workload-cloud,3.0
1783707470,replicas_status,deployment=workload-cloud,3.0
1783707480,replicas_status,deployment=workload-cloud,5.0
1783707490,replicas_status,deployment=workload-cloud,5.0
1783707500,replicas_status,deployment=workload-cloud,5.0
1783707510,replicas_status,deployment=workload-cloud,5.0
1783707520,replicas_status,deployment=workload-cloud,6.0
1783707530,replicas_status,deployment=workload-cloud,6.0
1783707540,replicas_status,deployment=workload-cloud,6.0
1783707550,replicas_status,deployment=workload-cloud,6.0
1783707560,replicas_status,deployment=workload-cloud,6.0
1783707570,replicas_status,deployment=workload-cloud,6.0
1783707580,replicas_status,deployment=workload-cloud,6.0
1783707590,replicas_status,deployment=workload-cloud,6.0
1783707600,replicas_status,deployment=workload-cloud,6.0
1783707610,replicas_status,deployment=workload-cloud,6.0
1783707620,replicas_status,deployment=workload-cloud,6.0
1783707630,replicas_status,deployment=workload-cloud,6.0
1783707640,replicas_status,deployment=workload-cloud,6.0
1783707650,replicas_status,deployment=workload-cloud,6.0
1783707660,replicas_status,deployment=workload-cloud,6.0
1783707670,replicas_status,deployment=workload-cloud,6.0
1783707680,replicas_status,deployment=workload-cloud,6.0
1783707690,replicas_status,deployment=workload-cloud,6.0
1783707700,replicas_status,deployment=workload-cloud,6.0
1783707710,replicas_status,deployment=workload-cloud,6.0
1783707720,replicas_status,deployment=workload-cloud,6.0
1783707730,replicas_status,deployment=workload-cloud,6.0
1783707740,replicas_status,deployment=workload-cloud,6.0
1783707750,replicas_status,deployment=workload-cloud,6.0
1783707760,replicas_status,deployment=workload-cloud,6.0
1783707770,replicas_status,deployment=workload-cloud,6.0
1783707780,replicas_status,deployment=workload-cloud,6.0
1783707790,replicas_status,deployment=workload-cloud,6.0
1783707800,replicas_status,deployment=workload-cloud,6.0
1783707810,replicas_status,deployment=workload-cloud,6.0
1783707820,replicas_status,deployment=workload-cloud,6.0
1783707830,replicas_status,deployment=workload-cloud,6.0
1783707840,replicas_status,deployment=workload-cloud,6.0
1783707850,replicas_status,deployment=workload-cloud,6.0
1783707860,replicas_status,deployment=workload-cloud,6.0
1783707870,replicas_status,deployment=workload-cloud,6.0
1783707880,replicas_status,deployment=workload-cloud,6.0
1783707890,replicas_status,deployment=workload-cloud,6.0
1783707900,replicas_status,deployment=workload-cloud,6.0
1783707910,replicas_status,deployment=workload-cloud,6.0
1783707920,replicas_status,deployment=workload-cloud,6.0
1783707930,replicas_status,deployment=workload-cloud,6.0
1783707270,replicas_status,deployment=workload-edge,1.0
1783707280,replicas_status,deployment=workload-edge,1.0
1783707290,replicas_status,deployment=workload-edge,1.0
1783707300,replicas_status,deployment=workload-edge,1.0
1783707310,replicas_status,deployment=workload-edge,1.0
1783707320,replicas_status,deployment=workload-edge,1.0
1783707330,replicas_status,deployment=workload-edge,1.0
1783707340,replicas_status,deployment=workload-edge,1.0
1783707350,replicas_status,deployment=workload-edge,1.0
1783707360,replicas_status,deployment=workload-edge,1.0
1783707370,replicas_status,deployment=workload-edge,1.0
1783707380,replicas_status,deployment=workload-edge,1.0
1783707390,replicas_status,deployment=workload-edge,1.0
1783707400,replicas_status,deployment=workload-edge,1.0
1783707410,replicas_status,deployment=workload-edge,1.0
1783707420,replicas_status,deployment=workload-edge,1.0
1783707430,replicas_status,deployment=workload-edge,1.0
1783707440,replicas_status,deployment=workload-edge,1.0
1783707450,replicas_status,deployment=workload-edge,1.0
1783707460,replicas_status,deployment=workload-edge,1.0
1783707470,replicas_status,deployment=workload-edge,1.0
1783707480,replicas_status,deployment=workload-edge,1.0
1783707490,replicas_status,deployment=workload-edge,1.0
1783707500,replicas_status,deployment=workload-edge,1.0
1783707510,replicas_status,deployment=workload-edge,1.0
1783707520,replicas_status,deployment=workload-edge,1.0
1783707530,replicas_status,deployment=workload-edge,1.0
1783707540,replicas_status,deployment=workload-edge,1.0
1783707550,replicas_status,deployment=workload-edge,1.0
1783707560,replicas_status,deployment=workload-edge,1.0
1783707570,replicas_status,deployment=workload-edge,1.0
1783707580,replicas_status,deployment=workload-edge,1.0
1783707590,replicas_status,deployment=workload-edge,1.0
1783707600,replicas_status,deployment=workload-edge,1.0
1783707610,replicas_status,deployment=workload-edge,1.0
1783707620,replicas_status,deployment=workload-edge,1.0
1783707630,replicas_status,deployment=workload-edge,1.0
1783707640,replicas_status,deployment=workload-edge,1.0
1783707650,replicas_status,deployment=workload-edge,1.0
1783707660,replicas_status,deployment=workload-edge,1.0
1783707670,replicas_status,deployment=workload-edge,1.0
1783707680,replicas_status,deployment=workload-edge,1.0
1783707690,replicas_status,deployment=workload-edge,1.0
1783707700,replicas_status,deployment=workload-edge,1.0
1783707710,replicas_status,deployment=workload-edge,1.0
1783707720,replicas_status,deployment=workload-edge,1.0
1783707730,replicas_status,deployment=workload-edge,1.0
1783707740,replicas_status,deployment=workload-edge,1.0
1783707750,replicas_status,deployment=workload-edge,1.0
1783707760,replicas_status,deployment=workload-edge,1.0
1783707770,replicas_status,deployment=workload-edge,1.0
1783707780,replicas_status,deployment=workload-edge,1.0
1783707790,replicas_status,deployment=workload-edge,1.0
1783707800,replicas_status,deployment=workload-edge,1.0
1783707810,replicas_status,deployment=workload-edge,1.0
1783707820,replicas_status,deployment=workload-edge,1.0
1783707830,replicas_status,deployment=workload-edge,1.0
1783707840,replicas_status,deployment=workload-edge,1.0
1783707850,replicas_status,deployment=workload-edge,1.0
1783707860,replicas_status,deployment=workload-edge,1.0
1783707870,replicas_status,deployment=workload-edge,1.0
1783707880,replicas_status,deployment=workload-edge,1.0
1783707890,replicas_status,deployment=workload-edge,1.0
1783707900,replicas_status,deployment=workload-edge,1.0
1783707910,replicas_status,deployment=workload-edge,1.0
1783707920,replicas_status,deployment=workload-edge,1.0
1783707930,replicas_status,deployment=workload-edge,1.0
1783707270,replicas_spec,deployment=workload-cloud,1.0
1783707280,replicas_spec,deployment=workload-cloud,1.0
1783707290,replicas_spec,deployment=workload-cloud,1.0
1783707300,replicas_spec,deployment=workload-cloud,1.0
1783707310,replicas_spec,deployment=workload-cloud,1.0
1783707320,replicas_spec,deployment=workload-cloud,1.0
1783707330,replicas_spec,deployment=workload-cloud,1.0
1783707340,replicas_spec,deployment=workload-cloud,1.0
1783707350,replicas_spec,deployment=workload-cloud,1.0
1783707360,replicas_spec,deployment=workload-cloud,1.0
1783707370,replicas_spec,deployment=workload-cloud,2.0
1783707380,replicas_spec,deployment=workload-cloud,2.0
1783707390,replicas_spec,deployment=workload-cloud,2.0
1783707400,replicas_spec,deployment=workload-cloud,2.0
1783707410,replicas_spec,deployment=workload-cloud,2.0
1783707420,replicas_spec,deployment=workload-cloud,3.0
1783707430,replicas_spec,deployment=workload-cloud,3.0
1783707440,replicas_spec,deployment=workload-cloud,3.0
1783707450,replicas_spec,deployment=workload-cloud,3.0
1783707460,replicas_spec,deployment=workload-cloud,3.0
1783707470,replicas_spec,deployment=workload-cloud,3.0
1783707480,replicas_spec,deployment=workload-cloud,5.0
1783707490,replicas_spec,deployment=workload-cloud,5.0
1783707500,replicas_spec,deployment=workload-cloud,5.0
1783707510,replicas_spec,deployment=workload-cloud,5.0
1783707520,replicas_spec,deployment=workload-cloud,6.0
1783707530,replicas_spec,deployment=workload-cloud,6.0
1783707540,replicas_spec,deployment=workload-cloud,6.0
1783707550,replicas_spec,deployment=workload-cloud,6.0
1783707560,replicas_spec,deployment=workload-cloud,6.0
1783707570,replicas_spec,deployment=workload-cloud,6.0
1783707580,replicas_spec,deployment=workload-cloud,6.0
1783707590,replicas_spec,deployment=workload-cloud,6.0
1783707600,replicas_spec,deployment=workload-cloud,6.0
1783707610,replicas_spec,deployment=workload-cloud,6.0
1783707620,replicas_spec,deployment=workload-cloud,6.0
1783707630,replicas_spec,deployment=workload-cloud,6.0
1783707640,replicas_spec,deployment=workload-cloud,6.0
1783707650,replicas_spec,deployment=workload-cloud,6.0
1783707660,replicas_spec,deployment=workload-cloud,6.0
1783707670,replicas_spec,deployment=workload-cloud,6.0
1783707680,replicas_spec,deployment=workload-cloud,6.0
1783707690,replicas_spec,deployment=workload-cloud,6.0
1783707700,replicas_spec,deployment=workload-cloud,6.0
1783707710,replicas_spec,deployment=workload-cloud,6.0
1783707720,replicas_spec,deployment=workload-cloud,6.0
1783707730,replicas_spec,deployment=workload-cloud,6.0
1783707740,replicas_spec,deployment=workload-cloud,6.0
1783707750,replicas_spec,deployment=workload-cloud,6.0
1783707760,replicas_spec,deployment=workload-cloud,6.0
1783707770,replicas_spec,deployment=workload-cloud,6.0
1783707780,replicas_spec,deployment=workload-cloud,6.0
1783707790,replicas_spec,deployment=workload-cloud,6.0
1783707800,replicas_spec,deployment=workload-cloud,6.0
1783707810,replicas_spec,deployment=workload-cloud,6.0
1783707820,replicas_spec,deployment=workload-cloud,6.0
1783707830,replicas_spec,deployment=workload-cloud,6.0
1783707840,replicas_spec,deployment=workload-cloud,6.0
1783707850,replicas_spec,deployment=workload-cloud,6.0
1783707860,replicas_spec,deployment=workload-cloud,6.0
1783707870,replicas_spec,deployment=workload-cloud,6.0
1783707880,replicas_spec,deployment=workload-cloud,6.0
1783707890,replicas_spec,deployment=workload-cloud,6.0
1783707900,replicas_spec,deployment=workload-cloud,6.0
1783707910,replicas_spec,deployment=workload-cloud,6.0
1783707920,replicas_spec,deployment=workload-cloud,6.0
1783707930,replicas_spec,deployment=workload-cloud,6.0
1783707270,replicas_spec,deployment=workload-edge,1.0
1783707280,replicas_spec,deployment=workload-edge,1.0
1783707290,replicas_spec,deployment=workload-edge,1.0
1783707300,replicas_spec,deployment=workload-edge,1.0
1783707310,replicas_spec,deployment=workload-edge,1.0
1783707320,replicas_spec,deployment=workload-edge,1.0
1783707330,replicas_spec,deployment=workload-edge,1.0
1783707340,replicas_spec,deployment=workload-edge,1.0
1783707350,replicas_spec,deployment=workload-edge,1.0
1783707360,replicas_spec,deployment=workload-edge,1.0
1783707370,replicas_spec,deployment=workload-edge,1.0
1783707380,replicas_spec,deployment=workload-edge,1.0
1783707390,replicas_spec,deployment=workload-edge,1.0
1783707400,replicas_spec,deployment=workload-edge,1.0
1783707410,replicas_spec,deployment=workload-edge,1.0
1783707420,replicas_spec,deployment=workload-edge,1.0
1783707430,replicas_spec,deployment=workload-edge,1.0
1783707440,replicas_spec,deployment=workload-edge,1.0
1783707450,replicas_spec,deployment=workload-edge,1.0
1783707460,replicas_spec,deployment=workload-edge,1.0
1783707470,replicas_spec,deployment=workload-edge,1.0
1783707480,replicas_spec,deployment=workload-edge,1.0
1783707490,replicas_spec,deployment=workload-edge,1.0
1783707500,replicas_spec,deployment=workload-edge,1.0
1783707510,replicas_spec,deployment=workload-edge,1.0
1783707520,replicas_spec,deployment=workload-edge,1.0
1783707530,replicas_spec,deployment=workload-edge,1.0
1783707540,replicas_spec,deployment=workload-edge,1.0
1783707550,replicas_spec,deployment=workload-edge,1.0
1783707560,replicas_spec,deployment=workload-edge,1.0
1783707570,replicas_spec,deployment=workload-edge,1.0
1783707580,replicas_spec,deployment=workload-edge,1.0
1783707590,replicas_spec,deployment=workload-edge,1.0
1783707600,replicas_spec,deployment=workload-edge,1.0
1783707610,replicas_spec,deployment=workload-edge,1.0
1783707620,replicas_spec,deployment=workload-edge,1.0
1783707630,replicas_spec,deployment=workload-edge,1.0
1783707640,replicas_spec,deployment=workload-edge,1.0
1783707650,replicas_spec,deployment=workload-edge,1.0
1783707660,replicas_spec,deployment=workload-edge,1.0
1783707670,replicas_spec,deployment=workload-edge,1.0
1783707680,replicas_spec,deployment=workload-edge,1.0
1783707690,replicas_spec,deployment=workload-edge,1.0
1783707700,replicas_spec,deployment=workload-edge,1.0
1783707710,replicas_spec,deployment=workload-edge,1.0
1783707720,replicas_spec,deployment=workload-edge,1.0
1783707730,replicas_spec,deployment=workload-edge,1.0
1783707740,replicas_spec,deployment=workload-edge,1.0
1783707750,replicas_spec,deployment=workload-edge,1.0
1783707760,replicas_spec,deployment=workload-edge,1.0
1783707770,replicas_spec,deployment=workload-edge,1.0
1783707780,replicas_spec,deployment=workload-edge,1.0
1783707790,replicas_spec,deployment=workload-edge,1.0
1783707800,replicas_spec,deployment=workload-edge,1.0
1783707810,replicas_spec,deployment=workload-edge,1.0
1783707820,replicas_spec,deployment=workload-edge,1.0
1783707830,replicas_spec,deployment=workload-edge,1.0
1783707840,replicas_spec,deployment=workload-edge,1.0
1783707850,replicas_spec,deployment=workload-edge,1.0
1783707860,replicas_spec,deployment=workload-edge,1.0
1783707870,replicas_spec,deployment=workload-edge,1.0
1783707880,replicas_spec,deployment=workload-edge,1.0
1783707890,replicas_spec,deployment=workload-edge,1.0
1783707900,replicas_spec,deployment=workload-edge,1.0
1783707910,replicas_spec,deployment=workload-edge,1.0
1783707920,replicas_spec,deployment=workload-edge,1.0
1783707930,replicas_spec,deployment=workload-edge,1.0
1783707480,cpu_cores,pod=workload-cloud-6f545f89ff-25lvh,0.016783532991477005
1783707490,cpu_cores,pod=workload-cloud-6f545f89ff-25lvh,0.029458707041615937
1783707500,cpu_cores,pod=workload-cloud-6f545f89ff-25lvh,0.05558634971291734
1783707510,cpu_cores,pod=workload-cloud-6f545f89ff-25lvh,0.079985534392172
1783707520,cpu_cores,pod=workload-cloud-6f545f89ff-25lvh,0.0986012193434879
1783707530,cpu_cores,pod=workload-cloud-6f545f89ff-25lvh,0.1226628081637868
1783707540,cpu_cores,pod=workload-cloud-6f545f89ff-25lvh,0.12848699829205804
1783707550,cpu_cores,pod=workload-cloud-6f545f89ff-25lvh,0.12848699829205806
1783707560,cpu_cores,pod=workload-cloud-6f545f89ff-25lvh,0.13998190207516498
1783707570,cpu_cores,pod=workload-cloud-6f545f89ff-25lvh,0.11750494001925545
1783707580,cpu_cores,pod=workload-cloud-6f545f89ff-25lvh,0.11502691286906287
1783707590,cpu_cores,pod=workload-cloud-6f545f89ff-25lvh,0.14265909038625227
1783707600,cpu_cores,pod=workload-cloud-6f545f89ff-25lvh,0.13117156048014775
1783707610,cpu_cores,pod=workload-cloud-6f545f89ff-25lvh,0.13117156048014775
1783707620,cpu_cores,pod=workload-cloud-6f545f89ff-25lvh,0.11697390763731033
1783707630,cpu_cores,pod=workload-cloud-6f545f89ff-25lvh,0.10503614571536429
1783707640,cpu_cores,pod=workload-cloud-6f545f89ff-25lvh,0.06902676950072431
1783707650,cpu_cores,pod=workload-cloud-6f545f89ff-25lvh,0.037865334422506024
1783707660,cpu_cores,pod=workload-cloud-6f545f89ff-25lvh,0.002460419187130136
1783707670,cpu_cores,pod=workload-cloud-6f545f89ff-25lvh,0.0024656544606529566
1783707680,cpu_cores,pod=workload-cloud-6f545f89ff-25lvh,0.0024421134777819088
1783707690,cpu_cores,pod=workload-cloud-6f545f89ff-25lvh,0.002422044159544169
1783707700,cpu_cores,pod=workload-cloud-6f545f89ff-25lvh,0.0024522663551401606
1783707710,cpu_cores,pod=workload-cloud-6f545f89ff-25lvh,0.002060154563353826
1783707720,cpu_cores,pod=workload-cloud-6f545f89ff-25lvh,0.0019519915654610813
1783707730,cpu_cores,pod=workload-cloud-6f545f89ff-25lvh,0.002766003122560488
1783707740,cpu_cores,pod=workload-cloud-6f545f89ff-25lvh,0.0030641204714098895
1783707750,cpu_cores,pod=workload-cloud-6f545f89ff-25lvh,0.0029337424149564256
1783707760,cpu_cores,pod=workload-cloud-6f545f89ff-25lvh,0.0037673513784880876
1783707770,cpu_cores,pod=workload-cloud-6f545f89ff-25lvh,0.003716685656105337
1783707780,cpu_cores,pod=workload-cloud-6f545f89ff-25lvh,0.0037515420370795786
1783707790,cpu_cores,pod=workload-cloud-6f545f89ff-25lvh,0.003969327106771389
1783707800,cpu_cores,pod=workload-cloud-6f545f89ff-25lvh,0.003838794503596397
1783707810,cpu_cores,pod=workload-cloud-6f545f89ff-25lvh,0.004036516126805513
1783707820,cpu_cores,pod=workload-cloud-6f545f89ff-25lvh,0.0042482721728896375
1783707830,cpu_cores,pod=workload-cloud-6f545f89ff-25lvh,0.004642400530220417
1783707840,cpu_cores,pod=workload-cloud-6f545f89ff-25lvh,0.004707930255459623
1783707850,cpu_cores,pod=workload-cloud-6f545f89ff-25lvh,0.00481066424341918
1783707860,cpu_cores,pod=workload-cloud-6f545f89ff-25lvh,0.005125396615547376
1783707870,cpu_cores,pod=workload-cloud-6f545f89ff-25lvh,0.005166111407249516
1783707880,cpu_cores,pod=workload-cloud-6f545f89ff-25lvh,0.00414945253641385
1783707890,cpu_cores,pod=workload-cloud-6f545f89ff-25lvh,0.003510340431559551
1783707900,cpu_cores,pod=workload-cloud-6f545f89ff-25lvh,0.0032312385938392685
1783707910,cpu_cores,pod=workload-cloud-6f545f89ff-25lvh,0.0025283412887828196
1783707920,cpu_cores,pod=workload-cloud-6f545f89ff-25lvh,0.0021417949878960226
1783707930,cpu_cores,pod=workload-cloud-6f545f89ff-25lvh,0.0024901202501202537
1783707530,cpu_cores,pod=workload-cloud-6f545f89ff-c6hjw,0.02048782262023217
1783707540,cpu_cores,pod=workload-cloud-6f545f89ff-c6hjw,0.015054658430341082
1783707550,cpu_cores,pod=workload-cloud-6f545f89ff-c6hjw,0.019384744973697608
1783707560,cpu_cores,pod=workload-cloud-6f545f89ff-c6hjw,0.017397130166895557
1783707570,cpu_cores,pod=workload-cloud-6f545f89ff-c6hjw,0.002460147303637187
1783707580,cpu_cores,pod=workload-cloud-6f545f89ff-c6hjw,0.002380248537505624
1783707590,cpu_cores,pod=workload-cloud-6f545f89ff-c6hjw,0.0024435268857796754
1783707600,cpu_cores,pod=workload-cloud-6f545f89ff-c6hjw,0.0022162338226352813
1783707610,cpu_cores,pod=workload-cloud-6f545f89ff-c6hjw,0.0022162338226352813
1783707620,cpu_cores,pod=workload-cloud-6f545f89ff-c6hjw,0.0022740391833058083
1783707630,cpu_cores,pod=workload-cloud-6f545f89ff-c6hjw,0.002309363977699395
1783707640,cpu_cores,pod=workload-cloud-6f545f89ff-c6hjw,0.0022849104453954677
1783707650,cpu_cores,pod=workload-cloud-6f545f89ff-c6hjw,0.002324778551091428
1783707660,cpu_cores,pod=workload-cloud-6f545f89ff-c6hjw,0.0023153291391744732
1783707670,cpu_cores,pod=workload-cloud-6f545f89ff-c6hjw,0.0022950064949950376
1783707680,cpu_cores,pod=workload-cloud-6f545f89ff-c6hjw,0.002332738186855473
1783707690,cpu_cores,pod=workload-cloud-6f545f89ff-c6hjw,0.0023574658010665417
1783707700,cpu_cores,pod=workload-cloud-6f545f89ff-c6hjw,0.0023294563713685476
1783707710,cpu_cores,pod=workload-cloud-6f545f89ff-c6hjw,0.0024472125852374634
1783707720,cpu_cores,pod=workload-cloud-6f545f89ff-c6hjw,0.00260325588341974
1783707730,cpu_cores,pod=workload-cloud-6f545f89ff-c6hjw,0.0018944499999999978
1783707740,cpu_cores,pod=workload-cloud-6f545f89ff-c6hjw,0.0031636947447286714
1783707750,cpu_cores,pod=workload-cloud-6f545f89ff-c6hjw,0.0037776776017867776
1783707760,cpu_cores,pod=workload-cloud-6f545f89ff-c6hjw,0.003777677601786778
1783707770,cpu_cores,pod=workload-cloud-6f545f89ff-c6hjw,0.0038554139778066224
1783707780,cpu_cores,pod=workload-cloud-6f545f89ff-c6hjw,0.0039029058003597133
1783707790,cpu_cores,pod=workload-cloud-6f545f89ff-c6hjw,0.0041427600551928664
1783707800,cpu_cores,pod=workload-cloud-6f545f89ff-c6hjw,0.004270722282770236
1783707810,cpu_cores,pod=workload-cloud-6f545f89ff-c6hjw,0.0039334902684096725
1783707820,cpu_cores,pod=workload-cloud-6f545f89ff-c6hjw,0.004667435785807577
1783707830,cpu_cores,pod=workload-cloud-6f545f89ff-c6hjw,0.004615008948342285
1783707840,cpu_cores,pod=workload-cloud-6f545f89ff-c6hjw,0.004737656460227506
1783707850,cpu_cores,pod=workload-cloud-6f545f89ff-c6hjw,0.0047147401682394625
1783707860,cpu_cores,pod=workload-cloud-6f545f89ff-c6hjw,0.004845435814185813
1783707870,cpu_cores,pod=workload-cloud-6f545f89ff-c6hjw,0.00447868781909587
1783707880,cpu_cores,pod=workload-cloud-6f545f89ff-c6hjw,0.004244362619169951
1783707890,cpu_cores,pod=workload-cloud-6f545f89ff-c6hjw,0.0037885251062490153
1783707900,cpu_cores,pod=workload-cloud-6f545f89ff-c6hjw,0.003126035027382666
1783707910,cpu_cores,pod=workload-cloud-6f545f89ff-c6hjw,0.002717075438800416
1783707920,cpu_cores,pod=workload-cloud-6f545f89ff-c6hjw,0.002728372383874303
1783707930,cpu_cores,pod=workload-cloud-6f545f89ff-c6hjw,0.002706610519175871
1783707380,cpu_cores,pod=workload-cloud-6f545f89ff-gxx4w,0.01879203810664841
1783707390,cpu_cores,pod=workload-cloud-6f545f89ff-gxx4w,0.026698502050053252
1783707400,cpu_cores,pod=workload-cloud-6f545f89ff-gxx4w,0.03835731712256087
1783707410,cpu_cores,pod=workload-cloud-6f545f89ff-gxx4w,0.050086546072587584
1783707420,cpu_cores,pod=workload-cloud-6f545f89ff-gxx4w,0.06260466181308287
1783707430,cpu_cores,pod=workload-cloud-6f545f89ff-gxx4w,0.06365465512252665
1783707440,cpu_cores,pod=workload-cloud-6f545f89ff-gxx4w,0.08098270644185042
1783707450,cpu_cores,pod=workload-cloud-6f545f89ff-gxx4w,0.08848059663061869
1783707460,cpu_cores,pod=workload-cloud-6f545f89ff-gxx4w,0.0862285130522194
1783707470,cpu_cores,pod=workload-cloud-6f545f89ff-gxx4w,0.14361657420249652
1783707480,cpu_cores,pod=workload-cloud-6f545f89ff-gxx4w,0.21134983310289818
1783707490,cpu_cores,pod=workload-cloud-6f545f89ff-gxx4w,0.3215930490143152
1783707500,cpu_cores,pod=workload-cloud-6f545f89ff-gxx4w,0.4012714494546272
1783707510,cpu_cores,pod=workload-cloud-6f545f89ff-gxx4w,0.5038045577228081
1783707520,cpu_cores,pod=workload-cloud-6f545f89ff-gxx4w,0.5146935549777117
1783707530,cpu_cores,pod=workload-cloud-6f545f89ff-gxx4w,0.5246318214277487
1783707540,cpu_cores,pod=workload-cloud-6f545f89ff-gxx4w,0.5342347217999392
1783707550,cpu_cores,pod=workload-cloud-6f545f89ff-gxx4w,0.5339354955255405
1783707560,cpu_cores,pod=workload-cloud-6f545f89ff-gxx4w,0.5794312263222265
1783707570,cpu_cores,pod=workload-cloud-6f545f89ff-gxx4w,0.4716642611166213
1783707580,cpu_cores,pod=workload-cloud-6f545f89ff-gxx4w,0.5759495041865516
1783707590,cpu_cores,pod=workload-cloud-6f545f89ff-gxx4w,0.5677174330563252
1783707600,cpu_cores,pod=workload-cloud-6f545f89ff-gxx4w,0.5405813785264031
1783707610,cpu_cores,pod=workload-cloud-6f545f89ff-gxx4w,0.5375027060460802
1783707620,cpu_cores,pod=workload-cloud-6f545f89ff-gxx4w,0.5358434811165844
1783707630,cpu_cores,pod=workload-cloud-6f545f89ff-gxx4w,0.5358434811165845
1783707640,cpu_cores,pod=workload-cloud-6f545f89ff-gxx4w,0.45190412300460286
1783707650,cpu_cores,pod=workload-cloud-6f545f89ff-gxx4w,0.2942742561992147
1783707660,cpu_cores,pod=workload-cloud-6f545f89ff-gxx4w,0.2942742561992147
1783707670,cpu_cores,pod=workload-cloud-6f545f89ff-gxx4w,0.17971803001063372
1783707680,cpu_cores,pod=workload-cloud-6f545f89ff-gxx4w,0.1249676870748297
1783707690,cpu_cores,pod=workload-cloud-6f545f89ff-gxx4w,0.1273808009281485
1783707700,cpu_cores,pod=workload-cloud-6f545f89ff-gxx4w,0.12995819549505896
1783707710,cpu_cores,pod=workload-cloud-6f545f89ff-gxx4w,0.13153462711754427
1783707720,cpu_cores,pod=workload-cloud-6f545f89ff-gxx4w,0.14640624071910832
1783707730,cpu_cores,pod=workload-cloud-6f545f89ff-gxx4w,0.15099242649644315
1783707740,cpu_cores,pod=workload-cloud-6f545f89ff-gxx4w,0.1809026779761462
1783707750,cpu_cores,pod=workload-cloud-6f545f89ff-gxx4w,0.21365873610231
1783707760,cpu_cores,pod=workload-cloud-6f545f89ff-gxx4w,0.24040495306324117
1783707770,cpu_cores,pod=workload-cloud-6f545f89ff-gxx4w,0.23691193194340357
1783707780,cpu_cores,pod=workload-cloud-6f545f89ff-gxx4w,0.19077549262319668
1783707790,cpu_cores,pod=workload-cloud-6f545f89ff-gxx4w,0.2330527746982662
1783707800,cpu_cores,pod=workload-cloud-6f545f89ff-gxx4w,0.2336210694370531
1783707810,cpu_cores,pod=workload-cloud-6f545f89ff-gxx4w,0.19715599852252816
1783707820,cpu_cores,pod=workload-cloud-6f545f89ff-gxx4w,0.2591941500458983
1783707830,cpu_cores,pod=workload-cloud-6f545f89ff-gxx4w,0.26227759395201045
1783707840,cpu_cores,pod=workload-cloud-6f545f89ff-gxx4w,0.21117181261876936
1783707850,cpu_cores,pod=workload-cloud-6f545f89ff-gxx4w,0.20515358032111264
1783707860,cpu_cores,pod=workload-cloud-6f545f89ff-gxx4w,0.1051559232392833
1783707870,cpu_cores,pod=workload-cloud-6f545f89ff-gxx4w,0.07416584945218477
1783707880,cpu_cores,pod=workload-cloud-6f545f89ff-gxx4w,0.006277040706952945
1783707890,cpu_cores,pod=workload-cloud-6f545f89ff-gxx4w,0.00347982677006733
1783707900,cpu_cores,pod=workload-cloud-6f545f89ff-gxx4w,0.002809787998176878
1783707910,cpu_cores,pod=workload-cloud-6f545f89ff-gxx4w,0.0026552771908638505
1783707920,cpu_cores,pod=workload-cloud-6f545f89ff-gxx4w,0.0020599238078371036
1783707930,cpu_cores,pod=workload-cloud-6f545f89ff-gxx4w,0.0020707662207780325
1783707490,cpu_cores,pod=workload-cloud-6f545f89ff-ksh5z,0.08606398959600975
1783707500,cpu_cores,pod=workload-cloud-6f545f89ff-ksh5z,0.12403426982284033
1783707510,cpu_cores,pod=workload-cloud-6f545f89ff-ksh5z,0.19255460364566726
1783707520,cpu_cores,pod=workload-cloud-6f545f89ff-ksh5z,0.24623909081008935
1783707530,cpu_cores,pod=workload-cloud-6f545f89ff-ksh5z,0.297313603062486
1783707540,cpu_cores,pod=workload-cloud-6f545f89ff-ksh5z,0.3027741941402021
1783707550,cpu_cores,pod=workload-cloud-6f545f89ff-ksh5z,0.3151317019580811
1783707560,cpu_cores,pod=workload-cloud-6f545f89ff-ksh5z,0.3151317019580811
1783707570,cpu_cores,pod=workload-cloud-6f545f89ff-ksh5z,0.32814947065378897
1783707580,cpu_cores,pod=workload-cloud-6f545f89ff-ksh5z,0.2677239683040629
1783707590,cpu_cores,pod=workload-cloud-6f545f89ff-ksh5z,0.33372728377065114
1783707600,cpu_cores,pod=workload-cloud-6f545f89ff-ksh5z,0.32431476886080485
1783707610,cpu_cores,pod=workload-cloud-6f545f89ff-ksh5z,0.3106635074450485
1783707620,cpu_cores,pod=workload-cloud-6f545f89ff-ksh5z,0.3106635074450485
1783707630,cpu_cores,pod=workload-cloud-6f545f89ff-ksh5z,0.25072289542091575
1783707640,cpu_cores,pod=workload-cloud-6f545f89ff-ksh5z,0.14819748836493712
1783707650,cpu_cores,pod=workload-cloud-6f545f89ff-ksh5z,0.073504882169344
1783707660,cpu_cores,pod=workload-cloud-6f545f89ff-ksh5z,0.0519580709015656
1783707670,cpu_cores,pod=workload-cloud-6f545f89ff-ksh5z,0.0024586718592628782
1783707680,cpu_cores,pod=workload-cloud-6f545f89ff-ksh5z,0.0024586718592628782
1783707690,cpu_cores,pod=workload-cloud-6f545f89ff-ksh5z,0.002309260444281803
1783707700,cpu_cores,pod=workload-cloud-6f545f89ff-ksh5z,0.002495632028572655
1783707710,cpu_cores,pod=workload-cloud-6f545f89ff-ksh5z,0.002492131483378312
1783707720,cpu_cores,pod=workload-cloud-6f545f89ff-ksh5z,0.00247697352441093
1783707730,cpu_cores,pod=workload-cloud-6f545f89ff-ksh5z,0.0030656884610870162
1783707740,cpu_cores,pod=workload-cloud-6f545f89ff-ksh5z,0.0030656884610870162
1783707750,cpu_cores,pod=workload-cloud-6f545f89ff-ksh5z,0.00355325571366983
1783707760,cpu_cores,pod=workload-cloud-6f545f89ff-ksh5z,0.003978166207944748
1783707770,cpu_cores,pod=workload-cloud-6f545f89ff-ksh5z,0.00409501928020567
1783707780,cpu_cores,pod=workload-cloud-6f545f89ff-ksh5z,0.0038456332442452956
1783707790,cpu_cores,pod=workload-cloud-6f545f89ff-ksh5z,0.003917699470050382
1783707800,cpu_cores,pod=workload-cloud-6f545f89ff-ksh5z,0.003917699470050382
1783707810,cpu_cores,pod=workload-cloud-6f545f89ff-ksh5z,0.004054266451586292
1783707820,cpu_cores,pod=workload-cloud-6f545f89ff-ksh5z,0.004385240945643608
1783707830,cpu_cores,pod=workload-cloud-6f545f89ff-ksh5z,0.004577464788732269
1783707840,cpu_cores,pod=workload-cloud-6f545f89ff-ksh5z,0.004851696453786291
1783707850,cpu_cores,pod=workload-cloud-6f545f89ff-ksh5z,0.004984285262062922
1783707860,cpu_cores,pod=workload-cloud-6f545f89ff-ksh5z,0.004984285262062922
1783707870,cpu_cores,pod=workload-cloud-6f545f89ff-ksh5z,0.004355388688547174
1783707880,cpu_cores,pod=workload-cloud-6f545f89ff-ksh5z,0.004355388688547174
1783707890,cpu_cores,pod=workload-cloud-6f545f89ff-ksh5z,0.003263305322128889
1783707900,cpu_cores,pod=workload-cloud-6f545f89ff-ksh5z,0.002695492159283262
1783707910,cpu_cores,pod=workload-cloud-6f545f89ff-ksh5z,0.002050436281873337
1783707920,cpu_cores,pod=workload-cloud-6f545f89ff-ksh5z,0.0025003827181492152
1783707930,cpu_cores,pod=workload-cloud-6f545f89ff-ksh5z,0.0025232547323378878
1783707420,cpu_cores,pod=workload-cloud-6f545f89ff-npghw,0.015526255917159764
1783707430,cpu_cores,pod=workload-cloud-6f545f89ff-npghw,0.01880125
1783707440,cpu_cores,pod=workload-cloud-6f545f89ff-npghw,0.014860804178904606
1783707450,cpu_cores,pod=workload-cloud-6f545f89ff-npghw,0.019125233694000876
1783707460,cpu_cores,pod=workload-cloud-6f545f89ff-npghw,0.02480629564604704
1783707470,cpu_cores,pod=workload-cloud-6f545f89ff-npghw,0.015771280240341537
1783707480,cpu_cores,pod=workload-cloud-6f545f89ff-npghw,0.12377526748641707
1783707490,cpu_cores,pod=workload-cloud-6f545f89ff-npghw,0.2117000213179787
1783707500,cpu_cores,pod=workload-cloud-6f545f89ff-npghw,0.30965669855665845
1783707510,cpu_cores,pod=workload-cloud-6f545f89ff-npghw,0.39025080706608656
1783707520,cpu_cores,pod=workload-cloud-6f545f89ff-npghw,0.4530978855024932
1783707530,cpu_cores,pod=workload-cloud-6f545f89ff-npghw,0.4557254246897083
1783707540,cpu_cores,pod=workload-cloud-6f545f89ff-npghw,0.46489699155050856
1783707550,cpu_cores,pod=workload-cloud-6f545f89ff-npghw,0.4671015025919114
1783707560,cpu_cores,pod=workload-cloud-6f545f89ff-npghw,0.4787565415716359
1783707570,cpu_cores,pod=workload-cloud-6f545f89ff-npghw,0.4835773442659036
1783707580,cpu_cores,pod=workload-cloud-6f545f89ff-npghw,0.47451700952533415
1783707590,cpu_cores,pod=workload-cloud-6f545f89ff-npghw,0.48361020847709263
1783707600,cpu_cores,pod=workload-cloud-6f545f89ff-npghw,0.38479446119456306
1783707610,cpu_cores,pod=workload-cloud-6f545f89ff-npghw,0.4682178816528291
1783707620,cpu_cores,pod=workload-cloud-6f545f89ff-npghw,0.47363958795481786
1783707630,cpu_cores,pod=workload-cloud-6f545f89ff-npghw,0.416427393698902
1783707640,cpu_cores,pod=workload-cloud-6f545f89ff-npghw,0.38682784314650204
1783707650,cpu_cores,pod=workload-cloud-6f545f89ff-npghw,0.24578151312787738
1783707660,cpu_cores,pod=workload-cloud-6f545f89ff-npghw,0.14620606703260136
1783707670,cpu_cores,pod=workload-cloud-6f545f89ff-npghw,0.14620606703260136
1783707680,cpu_cores,pod=workload-cloud-6f545f89ff-npghw,0.04208884057016103
1783707690,cpu_cores,pod=workload-cloud-6f545f89ff-npghw,0.029939618397806882
1783707700,cpu_cores,pod=workload-cloud-6f545f89ff-npghw,0.03663234846177277
1783707710,cpu_cores,pod=workload-cloud-6f545f89ff-npghw,0.037280819358153944
1783707720,cpu_cores,pod=workload-cloud-6f545f89ff-npghw,0.04220296355438642
1783707730,cpu_cores,pod=workload-cloud-6f545f89ff-npghw,0.04220296355438643
1783707740,cpu_cores,pod=workload-cloud-6f545f89ff-npghw,0.05273062077495598
1783707750,cpu_cores,pod=workload-cloud-6f545f89ff-npghw,0.05977985442881839
1783707760,cpu_cores,pod=workload-cloud-6f545f89ff-npghw,0.06325505085279258
1783707770,cpu_cores,pod=workload-cloud-6f545f89ff-npghw,0.06860827201070377
1783707780,cpu_cores,pod=workload-cloud-6f545f89ff-npghw,0.06237977620087338
1783707790,cpu_cores,pod=workload-cloud-6f545f89ff-npghw,0.06933542241643659
1783707800,cpu_cores,pod=workload-cloud-6f545f89ff-npghw,0.06931332365919383
1783707810,cpu_cores,pod=workload-cloud-6f545f89ff-npghw,0.07050140510363823
1783707820,cpu_cores,pod=workload-cloud-6f545f89ff-npghw,0.07845938488071284
1783707830,cpu_cores,pod=workload-cloud-6f545f89ff-npghw,0.07329295507151738
1783707840,cpu_cores,pod=workload-cloud-6f545f89ff-npghw,0.04676051029830226
1783707850,cpu_cores,pod=workload-cloud-6f545f89ff-npghw,0.032055363321799354
1783707860,cpu_cores,pod=workload-cloud-6f545f89ff-npghw,0.02317177626044241
1783707870,cpu_cores,pod=workload-cloud-6f545f89ff-npghw,0.0059181468491911774
1783707880,cpu_cores,pod=workload-cloud-6f545f89ff-npghw,0.004764729413109373
1783707890,cpu_cores,pod=workload-cloud-6f545f89ff-npghw,0.0037119226638021915
1783707900,cpu_cores,pod=workload-cloud-6f545f89ff-npghw,0.0020990397706552996
1783707910,cpu_cores,pod=workload-cloud-6f545f89ff-npghw,0.00251099965558818
1783707920,cpu_cores,pod=workload-cloud-6f545f89ff-npghw,0.002575410452437554
1783707930,cpu_cores,pod=workload-cloud-6f545f89ff-npghw,0.002148114088788547
1783707270,cpu_cores,pod=workload-cloud-6f545f89ff-r28zz,0.0035578513495537487
1783707280,cpu_cores,pod=workload-cloud-6f545f89ff-r28zz,0.0034329677959563376
1783707290,cpu_cores,pod=workload-cloud-6f545f89ff-r28zz,0.0027116204513756444
1783707300,cpu_cores,pod=workload-cloud-6f545f89ff-r28zz,0.020145795197595573
1783707310,cpu_cores,pod=workload-cloud-6f545f89ff-r28zz,0.04496755802580783
1783707320,cpu_cores,pod=workload-cloud-6f545f89ff-r28zz,0.07642041014439489
1783707330,cpu_cores,pod=workload-cloud-6f545f89ff-r28zz,0.09140683823387016
1783707340,cpu_cores,pod=workload-cloud-6f545f89ff-r28zz,0.13613421785352173
1783707350,cpu_cores,pod=workload-cloud-6f545f89ff-r28zz,0.13613421785352173
1783707360,cpu_cores,pod=workload-cloud-6f545f89ff-r28zz,0.17579319404704422
1783707370,cpu_cores,pod=workload-cloud-6f545f89ff-r28zz,0.2007307504703482
1783707380,cpu_cores,pod=workload-cloud-6f545f89ff-r28zz,0.22030401727710258
1783707390,cpu_cores,pod=workload-cloud-6f545f89ff-r28zz,0.23482800225787012
1783707400,cpu_cores,pod=workload-cloud-6f545f89ff-r28zz,0.21682250130313602
1783707410,cpu_cores,pod=workload-cloud-6f545f89ff-r28zz,0.26427176209995484
1783707420,cpu_cores,pod=workload-cloud-6f545f89ff-r28zz,0.28092233077786477
1783707430,cpu_cores,pod=workload-cloud-6f545f89ff-r28zz,0.29043141574175885
1783707440,cpu_cores,pod=workload-cloud-6f545f89ff-r28zz,0.2943200261780102
1783707450,cpu_cores,pod=workload-cloud-6f545f89ff-r28zz,0.3047570949099327
1783707460,cpu_cores,pod=workload-cloud-6f545f89ff-r28zz,0.3100435060966685
1783707470,cpu_cores,pod=workload-cloud-6f545f89ff-r28zz,0.324047861783693
1783707480,cpu_cores,pod=workload-cloud-6f545f89ff-r28zz,0.41519088346968724
1783707490,cpu_cores,pod=workload-cloud-6f545f89ff-r28zz,0.4748330404779512
1783707500,cpu_cores,pod=workload-cloud-6f545f89ff-r28zz,0.5049032063725841
1783707510,cpu_cores,pod=workload-cloud-6f545f89ff-r28zz,0.5730287996948349
1783707520,cpu_cores,pod=workload-cloud-6f545f89ff-r28zz,0.5730287996948349
1783707530,cpu_cores,pod=workload-cloud-6f545f89ff-r28zz,0.5846536141345157
1783707540,cpu_cores,pod=workload-cloud-6f545f89ff-r28zz,0.5887872977468659
1783707550,cpu_cores,pod=workload-cloud-6f545f89ff-r28zz,0.59971647128569
1783707560,cpu_cores,pod=workload-cloud-6f545f89ff-r28zz,0.6148202624606194
1783707570,cpu_cores,pod=workload-cloud-6f545f89ff-r28zz,0.6268406362837843
1783707580,cpu_cores,pod=workload-cloud-6f545f89ff-r28zz,0.6193474142180485
1783707590,cpu_cores,pod=workload-cloud-6f545f89ff-r28zz,0.6213848597773619
1783707600,cpu_cores,pod=workload-cloud-6f545f89ff-r28zz,0.6195156800176089
1783707610,cpu_cores,pod=workload-cloud-6f545f89ff-r28zz,0.6138322135168501
1783707620,cpu_cores,pod=workload-cloud-6f545f89ff-r28zz,0.630823981379517
1783707630,cpu_cores,pod=workload-cloud-6f545f89ff-r28zz,0.5881943950101071
1783707640,cpu_cores,pod=workload-cloud-6f545f89ff-r28zz,0.5762549024120803
1783707650,cpu_cores,pod=workload-cloud-6f545f89ff-r28zz,0.47606959910913316
1783707660,cpu_cores,pod=workload-cloud-6f545f89ff-r28zz,0.41129089837501787
1783707670,cpu_cores,pod=workload-cloud-6f545f89ff-r28zz,0.3951499010746068
1783707680,cpu_cores,pod=workload-cloud-6f545f89ff-r28zz,0.34293206077365374
1783707690,cpu_cores,pod=workload-cloud-6f545f89ff-r28zz,0.36586204967553215
1783707700,cpu_cores,pod=workload-cloud-6f545f89ff-r28zz,0.3658620496755321
1783707710,cpu_cores,pod=workload-cloud-6f545f89ff-r28zz,0.36421180511705853
1783707720,cpu_cores,pod=workload-cloud-6f545f89ff-r28zz,0.36421180511705853
1783707730,cpu_cores,pod=workload-cloud-6f545f89ff-r28zz,0.4248311609116562
1783707740,cpu_cores,pod=workload-cloud-6f545f89ff-r28zz,0.4714091217392891
1783707750,cpu_cores,pod=workload-cloud-6f545f89ff-r28zz,0.5445956824482187
1783707760,cpu_cores,pod=workload-cloud-6f545f89ff-r28zz,0.5445956824482187
1783707770,cpu_cores,pod=workload-cloud-6f545f89ff-r28zz,0.5810972712180954
1783707780,cpu_cores,pod=workload-cloud-6f545f89ff-r28zz,0.5530641878984118
1783707790,cpu_cores,pod=workload-cloud-6f545f89ff-r28zz,0.5564710456587688
1783707800,cpu_cores,pod=workload-cloud-6f545f89ff-r28zz,0.552699045206538
1783707810,cpu_cores,pod=workload-cloud-6f545f89ff-r28zz,0.5564996978243395
1783707820,cpu_cores,pod=workload-cloud-6f545f89ff-r28zz,0.5918569547354043
1783707830,cpu_cores,pod=workload-cloud-6f545f89ff-r28zz,0.6249372829150035
1783707840,cpu_cores,pod=workload-cloud-6f545f89ff-r28zz,0.6236151423908819
1783707850,cpu_cores,pod=workload-cloud-6f545f89ff-r28zz,0.633701220824743
1783707860,cpu_cores,pod=workload-cloud-6f545f89ff-r28zz,0.4430519250542645
1783707870,cpu_cores,pod=workload-cloud-6f545f89ff-r28zz,0.22850461706654818
1783707880,cpu_cores,pod=workload-cloud-6f545f89ff-r28zz,0.07528701385411521
1783707890,cpu_cores,pod=workload-cloud-6f545f89ff-r28zz,0.0560998872835377
1783707900,cpu_cores,pod=workload-cloud-6f545f89ff-r28zz,0.0026307452940889293
1783707910,cpu_cores,pod=workload-cloud-6f545f89ff-r28zz,0.0026027141858375505
1783707920,cpu_cores,pod=workload-cloud-6f545f89ff-r28zz,0.0025050459406592853
1783707930,cpu_cores,pod=workload-cloud-6f545f89ff-r28zz,0.0026060930682142006
1783707270,cpu_cores,pod=workload-edge-7b875fd8c6-pxwvc,0.003555110705571768
1783707280,cpu_cores,pod=workload-edge-7b875fd8c6-pxwvc,0.0035991614255781027
1783707290,cpu_cores,pod=workload-edge-7b875fd8c6-pxwvc,0.0033419775038485006
1783707300,cpu_cores,pod=workload-edge-7b875fd8c6-pxwvc,0.0029916250633095416
1783707310,cpu_cores,pod=workload-edge-7b875fd8c6-pxwvc,0.002952245498151022
1783707320,cpu_cores,pod=workload-edge-7b875fd8c6-pxwvc,0.0026878119465485874
1783707330,cpu_cores,pod=workload-edge-7b875fd8c6-pxwvc,0.00263607458037843
1783707340,cpu_cores,pod=workload-edge-7b875fd8c6-pxwvc,0.00263607458037843
1783707350,cpu_cores,pod=workload-edge-7b875fd8c6-pxwvc,0.002627719193908429
1783707360,cpu_cores,pod=workload-edge-7b875fd8c6-pxwvc,0.0026136606432558105
1783707370,cpu_cores,pod=workload-edge-7b875fd8c6-pxwvc,0.0026595850140137775
1783707380,cpu_cores,pod=workload-edge-7b875fd8c6-pxwvc,0.0027023025919200266
1783707390,cpu_cores,pod=workload-edge-7b875fd8c6-pxwvc,0.002748421790973519
1783707400,cpu_cores,pod=workload-edge-7b875fd8c6-pxwvc,0.002726818094390363
1783707410,cpu_cores,pod=workload-edge-7b875fd8c6-pxwvc,0.0027459521094639126
1783707420,cpu_cores,pod=workload-edge-7b875fd8c6-pxwvc,0.0027250509164953272
1783707430,cpu_cores,pod=workload-edge-7b875fd8c6-pxwvc,0.0020692580980549
1783707440,cpu_cores,pod=workload-edge-7b875fd8c6-pxwvc,0.002266767358235173
1783707450,cpu_cores,pod=workload-edge-7b875fd8c6-pxwvc,0.002638391097715349
1783707460,cpu_cores,pod=workload-edge-7b875fd8c6-pxwvc,0.0026042222912179627
1783707470,cpu_cores,pod=workload-edge-7b875fd8c6-pxwvc,0.0026866078716330745
1783707480,cpu_cores,pod=workload-edge-7b875fd8c6-pxwvc,0.0028230018115144835
1783707490,cpu_cores,pod=workload-edge-7b875fd8c6-pxwvc,0.0023434936056509173
1783707500,cpu_cores,pod=workload-edge-7b875fd8c6-pxwvc,0.0029226732198998017
1783707510,cpu_cores,pod=workload-edge-7b875fd8c6-pxwvc,0.002377451275727209
1783707520,cpu_cores,pod=workload-edge-7b875fd8c6-pxwvc,0.0029368673734782302
1783707530,cpu_cores,pod=workload-edge-7b875fd8c6-pxwvc,0.0028374078180841804
1783707540,cpu_cores,pod=workload-edge-7b875fd8c6-pxwvc,0.00281320463947165
1783707550,cpu_cores,pod=workload-edge-7b875fd8c6-pxwvc,0.002932977182523862
1783707560,cpu_cores,pod=workload-edge-7b875fd8c6-pxwvc,0.002980866230355344
1783707570,cpu_cores,pod=workload-edge-7b875fd8c6-pxwvc,0.0029698446907480106
1783707580,cpu_cores,pod=workload-edge-7b875fd8c6-pxwvc,0.0030653227556574976
1783707590,cpu_cores,pod=workload-edge-7b875fd8c6-pxwvc,0.002942953836623615
1783707600,cpu_cores,pod=workload-edge-7b875fd8c6-pxwvc,0.0029429538366236145
1783707610,cpu_cores,pod=workload-edge-7b875fd8c6-pxwvc,0.0028132394600867455
1783707620,cpu_cores,pod=workload-edge-7b875fd8c6-pxwvc,0.0027835669740403366
1783707630,cpu_cores,pod=workload-edge-7b875fd8c6-pxwvc,0.0028364512154160936
1783707640,cpu_cores,pod=workload-edge-7b875fd8c6-pxwvc,0.0028168554927238887
1783707650,cpu_cores,pod=workload-edge-7b875fd8c6-pxwvc,0.002908923729079101
1783707660,cpu_cores,pod=workload-edge-7b875fd8c6-pxwvc,0.0028295651473053745
1783707670,cpu_cores,pod=workload-edge-7b875fd8c6-pxwvc,0.0027209781781268104
1783707680,cpu_cores,pod=workload-edge-7b875fd8c6-pxwvc,0.0028055173303501114
1783707690,cpu_cores,pod=workload-edge-7b875fd8c6-pxwvc,0.002857665169982785
1783707700,cpu_cores,pod=workload-edge-7b875fd8c6-pxwvc,0.0024356539326422515
1783707710,cpu_cores,pod=workload-edge-7b875fd8c6-pxwvc,0.0028540030151524196
1783707720,cpu_cores,pod=workload-edge-7b875fd8c6-pxwvc,0.0024426650886812747
1783707730,cpu_cores,pod=workload-edge-7b875fd8c6-pxwvc,0.0031482491589191947
1783707740,cpu_cores,pod=workload-edge-7b875fd8c6-pxwvc,0.0034855429800329163
1783707750,cpu_cores,pod=workload-edge-7b875fd8c6-pxwvc,0.00385959779195128
1783707760,cpu_cores,pod=workload-edge-7b875fd8c6-pxwvc,0.004155119000786544
1783707770,cpu_cores,pod=workload-edge-7b875fd8c6-pxwvc,0.004147515635454322
1783707780,cpu_cores,pod=workload-edge-7b875fd8c6-pxwvc,0.004147515635454322
1783707790,cpu_cores,pod=workload-edge-7b875fd8c6-pxwvc,0.004405851377297984
1783707800,cpu_cores,pod=workload-edge-7b875fd8c6-pxwvc,0.004510671850783602
1783707810,cpu_cores,pod=workload-edge-7b875fd8c6-pxwvc,0.0048061007003073275
1783707820,cpu_cores,pod=workload-edge-7b875fd8c6-pxwvc,0.0048061007003073275
1783707830,cpu_cores,pod=workload-edge-7b875fd8c6-pxwvc,0.005581251723188429
1783707840,cpu_cores,pod=workload-edge-7b875fd8c6-pxwvc,0.00557372032641101
1783707850,cpu_cores,pod=workload-edge-7b875fd8c6-pxwvc,0.006012125458075638
1783707860,cpu_cores,pod=workload-edge-7b875fd8c6-pxwvc,0.006033422691947451
1783707870,cpu_cores,pod=workload-edge-7b875fd8c6-pxwvc,0.004923856309489014
1783707880,cpu_cores,pod=workload-edge-7b875fd8c6-pxwvc,0.004923856309489014
1783707890,cpu_cores,pod=workload-edge-7b875fd8c6-pxwvc,0.00385436306502431
1783707900,cpu_cores,pod=workload-edge-7b875fd8c6-pxwvc,0.0029115885976221927
1783707910,cpu_cores,pod=workload-edge-7b875fd8c6-pxwvc,0.002855788414018183
1783707920,cpu_cores,pod=workload-edge-7b875fd8c6-pxwvc,0.0027061489690560197
1783707930,cpu_cores,pod=workload-edge-7b875fd8c6-pxwvc,0.0028372187036758475
1783707480,cpu_utilisation,pod=workload-cloud-6f545f89ff-25lvh,0.08391766495738502
1783707490,cpu_utilisation,pod=workload-cloud-6f545f89ff-25lvh,0.14729353520807967
1783707500,cpu_utilisation,pod=workload-cloud-6f545f89ff-25lvh,0.2779317485645867
1783707510,cpu_utilisation,pod=workload-cloud-6f545f89ff-25lvh,0.39992767196086
1783707520,cpu_utilisation,pod=workload-cloud-6f545f89ff-25lvh,0.49300609671743945
1783707530,cpu_utilisation,pod=workload-cloud-6f545f89ff-25lvh,0.6133140408189339
1783707540,cpu_utilisation,pod=workload-cloud-6f545f89ff-25lvh,0.6424349914602902
1783707550,cpu_utilisation,pod=workload-cloud-6f545f89ff-25lvh,0.6424349914602903
1783707560,cpu_utilisation,pod=workload-cloud-6f545f89ff-25lvh,0.6999095103758248
1783707570,cpu_utilisation,pod=workload-cloud-6f545f89ff-25lvh,0.5875247000962772
1783707580,cpu_utilisation,pod=workload-cloud-6f545f89ff-25lvh,0.5751345643453143
1783707590,cpu_utilisation,pod=workload-cloud-6f545f89ff-25lvh,0.7132954519312613
1783707600,cpu_utilisation,pod=workload-cloud-6f545f89ff-25lvh,0.6558578024007387
1783707610,cpu_utilisation,pod=workload-cloud-6f545f89ff-25lvh,0.6558578024007387
1783707620,cpu_utilisation,pod=workload-cloud-6f545f89ff-25lvh,0.5848695381865516
1783707630,cpu_utilisation,pod=workload-cloud-6f545f89ff-25lvh,0.5251807285768214
1783707640,cpu_utilisation,pod=workload-cloud-6f545f89ff-25lvh,0.3451338475036215
1783707650,cpu_utilisation,pod=workload-cloud-6f545f89ff-25lvh,0.1893266721125301
1783707660,cpu_utilisation,pod=workload-cloud-6f545f89ff-25lvh,0.012302095935650681
1783707670,cpu_utilisation,pod=workload-cloud-6f545f89ff-25lvh,0.012328272303264783
1783707680,cpu_utilisation,pod=workload-cloud-6f545f89ff-25lvh,0.012210567388909544
1783707690,cpu_utilisation,pod=workload-cloud-6f545f89ff-25lvh,0.012110220797720844
1783707700,cpu_utilisation,pod=workload-cloud-6f545f89ff-25lvh,0.012261331775700803
1783707710,cpu_utilisation,pod=workload-cloud-6f545f89ff-25lvh,0.01030077281676913
1783707720,cpu_utilisation,pod=workload-cloud-6f545f89ff-25lvh,0.009759957827305406
1783707730,cpu_utilisation,pod=workload-cloud-6f545f89ff-25lvh,0.01383001561280244
1783707740,cpu_utilisation,pod=workload-cloud-6f545f89ff-25lvh,0.015320602357049446
1783707750,cpu_utilisation,pod=workload-cloud-6f545f89ff-25lvh,0.014668712074782127
1783707760,cpu_utilisation,pod=workload-cloud-6f545f89ff-25lvh,0.018836756892440437
1783707770,cpu_utilisation,pod=workload-cloud-6f545f89ff-25lvh,0.018583428280526684
1783707780,cpu_utilisation,pod=workload-cloud-6f545f89ff-25lvh,0.018757710185397892
1783707790,cpu_utilisation,pod=workload-cloud-6f545f89ff-25lvh,0.019846635533856946
1783707800,cpu_utilisation,pod=workload-cloud-6f545f89ff-25lvh,0.019193972517981984
1783707810,cpu_utilisation,pod=workload-cloud-6f545f89ff-25lvh,0.02018258063402756
1783707820,cpu_utilisation,pod=workload-cloud-6f545f89ff-25lvh,0.021241360864448187
1783707830,cpu_utilisation,pod=workload-cloud-6f545f89ff-25lvh,0.02321200265110208
1783707840,cpu_utilisation,pod=workload-cloud-6f545f89ff-25lvh,0.023539651277298113
1783707850,cpu_utilisation,pod=workload-cloud-6f545f89ff-25lvh,0.0240533212170959
1783707860,cpu_utilisation,pod=workload-cloud-6f545f89ff-25lvh,0.02562698307773688
1783707870,cpu_utilisation,pod=workload-cloud-6f545f89ff-25lvh,0.025830557036247582
1783707880,cpu_utilisation,pod=workload-cloud-6f545f89ff-25lvh,0.020747262682069247
1783707890,cpu_utilisation,pod=workload-cloud-6f545f89ff-25lvh,0.017551702157797753
1783707900,cpu_utilisation,pod=workload-cloud-6f545f89ff-25lvh,0.01615619296919634
1783707910,cpu_utilisation,pod=workload-cloud-6f545f89ff-25lvh,0.012641706443914097
1783707920,cpu_utilisation,pod=workload-cloud-6f545f89ff-25lvh,0.010708974939480113
1783707930,cpu_utilisation,pod=workload-cloud-6f545f89ff-25lvh,0.012450601250601268
1783707530,cpu_utilisation,pod=workload-cloud-6f545f89ff-c6hjw,0.10243911310116084
1783707540,cpu_utilisation,pod=workload-cloud-6f545f89ff-c6hjw,0.0752732921517054
1783707550,cpu_utilisation,pod=workload-cloud-6f545f89ff-c6hjw,0.09692372486848803
1783707560,cpu_utilisation,pod=workload-cloud-6f545f89ff-c6hjw,0.08698565083447778
1783707570,cpu_utilisation,pod=workload-cloud-6f545f89ff-c6hjw,0.012300736518185935
1783707580,cpu_utilisation,pod=workload-cloud-6f545f89ff-c6hjw,0.011901242687528119
1783707590,cpu_utilisation,pod=workload-cloud-6f545f89ff-c6hjw,0.012217634428898377
1783707600,cpu_utilisation,pod=workload-cloud-6f545f89ff-c6hjw,0.011081169113176406
1783707610,cpu_utilisation,pod=workload-cloud-6f545f89ff-c6hjw,0.011081169113176406
1783707620,cpu_utilisation,pod=workload-cloud-6f545f89ff-c6hjw,0.011370195916529042
1783707630,cpu_utilisation,pod=workload-cloud-6f545f89ff-c6hjw,0.011546819888496974
1783707640,cpu_utilisation,pod=workload-cloud-6f545f89ff-c6hjw,0.011424552226977337
1783707650,cpu_utilisation,pod=workload-cloud-6f545f89ff-c6hjw,0.01162389275545714
1783707660,cpu_utilisation,pod=workload-cloud-6f545f89ff-c6hjw,0.011576645695872365
1783707670,cpu_utilisation,pod=workload-cloud-6f545f89ff-c6hjw,0.011475032474975187
1783707680,cpu_utilisation,pod=workload-cloud-6f545f89ff-c6hjw,0.011663690934277365
1783707690,cpu_utilisation,pod=workload-cloud-6f545f89ff-c6hjw,0.011787329005332707
1783707700,cpu_utilisation,pod=workload-cloud-6f545f89ff-c6hjw,0.011647281856842738
1783707710,cpu_utilisation,pod=workload-cloud-6f545f89ff-c6hjw,0.012236062926187317
1783707720,cpu_utilisation,pod=workload-cloud-6f545f89ff-c6hjw,0.0130162794170987
1783707730,cpu_utilisation,pod=workload-cloud-6f545f89ff-c6hjw,0.00947224999999999
1783707740,cpu_utilisation,pod=workload-cloud-6f545f89ff-c6hjw,0.015818473723643357
1783707750,cpu_utilisation,pod=workload-cloud-6f545f89ff-c6hjw,0.018888388008933887
1783707760,cpu_utilisation,pod=workload-cloud-6f545f89ff-c6hjw,0.01888838800893389
1783707770,cpu_utilisation,pod=workload-cloud-6f545f89ff-c6hjw,0.019277069889033112
1783707780,cpu_utilisation,pod=workload-cloud-6f545f89ff-c6hjw,0.019514529001798564
1783707790,cpu_utilisation,pod=workload-cloud-6f545f89ff-c6hjw,0.020713800275964332
1783707800,cpu_utilisation,pod=workload-cloud-6f545f89ff-c6hjw,0.02135361141385118
1783707810,cpu_utilisation,pod=workload-cloud-6f545f89ff-c6hjw,0.01966745134204836
1783707820,cpu_utilisation,pod=workload-cloud-6f545f89ff-c6hjw,0.023337178929037885
1783707830,cpu_utilisation,pod=workload-cloud-6f545f89ff-c6hjw,0.023075044741711424
1783707840,cpu_utilisation,pod=workload-cloud-6f545f89ff-c6hjw,0.02368828230113753
1783707850,cpu_utilisation,pod=workload-cloud-6f545f89ff-c6hjw,0.023573700841197313
1783707860,cpu_utilisation,pod=workload-cloud-6f545f89ff-c6hjw,0.024227179070929063
1783707870,cpu_utilisation,pod=workload-cloud-6f545f89ff-c6hjw,0.02239343909547935
1783707880,cpu_utilisation,pod=workload-cloud-6f545f89ff-c6hjw,0.021221813095849754
1783707890,cpu_utilisation,pod=workload-cloud-6f545f89ff-c6hjw,0.018942625531245077
1783707900,cpu_utilisation,pod=workload-cloud-6f545f89ff-c6hjw,0.01563017513691333
1783707910,cpu_utilisation,pod=workload-cloud-6f545f89ff-c6hjw,0.01358537719400208
1783707920,cpu_utilisation,pod=workload-cloud-6f545f89ff-c6hjw,0.013641861919371515
1783707930,cpu_utilisation,pod=workload-cloud-6f545f89ff-c6hjw,0.013533052595879355
1783707380,cpu_utilisation,pod=workload-cloud-6f545f89ff-gxx4w,0.09396019053324205
1783707390,cpu_utilisation,pod=workload-cloud-6f545f89ff-gxx4w,0.13349251025026626
1783707400,cpu_utilisation,pod=workload-cloud-6f545f89ff-gxx4w,0.19178658561280434
1783707410,cpu_utilisation,pod=workload-cloud-6f545f89ff-gxx4w,0.2504327303629379
1783707420,cpu_utilisation,pod=workload-cloud-6f545f89ff-gxx4w,0.3130233090654143
1783707430,cpu_utilisation,pod=workload-cloud-6f545f89ff-gxx4w,0.3182732756126332
1783707440,cpu_utilisation,pod=workload-cloud-6f545f89ff-gxx4w,0.4049135322092521
1783707450,cpu_utilisation,pod=workload-cloud-6f545f89ff-gxx4w,0.44240298315309345
1783707460,cpu_utilisation,pod=workload-cloud-6f545f89ff-gxx4w,0.431142565261097
1783707470,cpu_utilisation,pod=workload-cloud-6f545f89ff-gxx4w,0.7180828710124826
1783707480,cpu_utilisation,pod=workload-cloud-6f545f89ff-gxx4w,1.0567491655144907
1783707490,cpu_utilisation,pod=workload-cloud-6f545f89ff-gxx4w,1.6079652450715758
1783707500,cpu_utilisation,pod=workload-cloud-6f545f89ff-gxx4w,2.006357247273136
1783707510,cpu_utilisation,pod=workload-cloud-6f545f89ff-gxx4w,2.5190227886140404
1783707520,cpu_utilisation,pod=workload-cloud-6f545f89ff-gxx4w,2.5734677748885586
1783707530,cpu_utilisation,pod=workload-cloud-6f545f89ff-gxx4w,2.623159107138743
1783707540,cpu_utilisation,pod=workload-cloud-6f545f89ff-gxx4w,2.671173608999696
1783707550,cpu_utilisation,pod=workload-cloud-6f545f89ff-gxx4w,2.6696774776277024
1783707560,cpu_utilisation,pod=workload-cloud-6f545f89ff-gxx4w,2.8971561316111325
1783707570,cpu_utilisation,pod=workload-cloud-6f545f89ff-gxx4w,2.3583213055831065
1783707580,cpu_utilisation,pod=workload-cloud-6f545f89ff-gxx4w,2.8797475209327574
1783707590,cpu_utilisation,pod=workload-cloud-6f545f89ff-gxx4w,2.8385871652816257
1783707600,cpu_utilisation,pod=workload-cloud-6f545f89ff-gxx4w,2.7029068926320154
1783707610,cpu_utilisation,pod=workload-cloud-6f545f89ff-gxx4w,2.687513530230401
1783707620,cpu_utilisation,pod=workload-cloud-6f545f89ff-gxx4w,2.679217405582922
1783707630,cpu_utilisation,pod=workload-cloud-6f545f89ff-gxx4w,2.6792174055829223
1783707640,cpu_utilisation,pod=workload-cloud-6f545f89ff-gxx4w,2.259520615023014
1783707650,cpu_utilisation,pod=workload-cloud-6f545f89ff-gxx4w,1.4713712809960735
1783707660,cpu_utilisation,pod=workload-cloud-6f545f89ff-gxx4w,1.4713712809960735
1783707670,cpu_utilisation,pod=workload-cloud-6f545f89ff-gxx4w,0.8985901500531686
1783707680,cpu_utilisation,pod=workload-cloud-6f545f89ff-gxx4w,0.6248384353741485
1783707690,cpu_utilisation,pod=workload-cloud-6f545f89ff-gxx4w,0.6369040046407424
1783707700,cpu_utilisation,pod=workload-cloud-6f545f89ff-gxx4w,0.6497909774752948
1783707710,cpu_utilisation,pod=workload-cloud-6f545f89ff-gxx4w,0.6576731355877213
1783707720,cpu_utilisation,pod=workload-cloud-6f545f89ff-gxx4w,0.7320312035955415
1783707730,cpu_utilisation,pod=workload-cloud-6f545f89ff-gxx4w,0.7549621324822157
1783707740,cpu_utilisation,pod=workload-cloud-6f545f89ff-gxx4w,0.9045133898807309
1783707750,cpu_utilisation,pod=workload-cloud-6f545f89ff-gxx4w,1.06829368051155
1783707760,cpu_utilisation,pod=workload-cloud-6f545f89ff-gxx4w,1.2020247653162057
1783707770,cpu_utilisation,pod=workload-cloud-6f545f89ff-gxx4w,1.1845596597170178
1783707780,cpu_utilisation,pod=workload-cloud-6f545f89ff-gxx4w,0.9538774631159833
1783707790,cpu_utilisation,pod=workload-cloud-6f545f89ff-gxx4w,1.165263873491331
1783707800,cpu_utilisation,pod=workload-cloud-6f545f89ff-gxx4w,1.1681053471852654
1783707810,cpu_utilisation,pod=workload-cloud-6f545f89ff-gxx4w,0.9857799926126407
1783707820,cpu_utilisation,pod=workload-cloud-6f545f89ff-gxx4w,1.2959707502294915
1783707830,cpu_utilisation,pod=workload-cloud-6f545f89ff-gxx4w,1.3113879697600521
1783707840,cpu_utilisation,pod=workload-cloud-6f545f89ff-gxx4w,1.0558590630938467
1783707850,cpu_utilisation,pod=workload-cloud-6f545f89ff-gxx4w,1.0257679016055632
1783707860,cpu_utilisation,pod=workload-cloud-6f545f89ff-gxx4w,0.5257796161964164
1783707870,cpu_utilisation,pod=workload-cloud-6f545f89ff-gxx4w,0.3708292472609238
1783707880,cpu_utilisation,pod=workload-cloud-6f545f89ff-gxx4w,0.031385203534764726
1783707890,cpu_utilisation,pod=workload-cloud-6f545f89ff-gxx4w,0.01739913385033665
1783707900,cpu_utilisation,pod=workload-cloud-6f545f89ff-gxx4w,0.01404893999088439
1783707910,cpu_utilisation,pod=workload-cloud-6f545f89ff-gxx4w,0.013276385954319252
1783707920,cpu_utilisation,pod=workload-cloud-6f545f89ff-gxx4w,0.010299619039185517
1783707930,cpu_utilisation,pod=workload-cloud-6f545f89ff-gxx4w,0.010353831103890161
1783707490,cpu_utilisation,pod=workload-cloud-6f545f89ff-ksh5z,0.43031994798004874
1783707500,cpu_utilisation,pod=workload-cloud-6f545f89ff-ksh5z,0.6201713491142016
1783707510,cpu_utilisation,pod=workload-cloud-6f545f89ff-ksh5z,0.9627730182283363
1783707520,cpu_utilisation,pod=workload-cloud-6f545f89ff-ksh5z,1.2311954540504466
1783707530,cpu_utilisation,pod=workload-cloud-6f545f89ff-ksh5z,1.4865680153124299
1783707540,cpu_utilisation,pod=workload-cloud-6f545f89ff-ksh5z,1.5138709707010105
1783707550,cpu_utilisation,pod=workload-cloud-6f545f89ff-ksh5z,1.5756585097904054
1783707560,cpu_utilisation,pod=workload-cloud-6f545f89ff-ksh5z,1.5756585097904054
1783707570,cpu_utilisation,pod=workload-cloud-6f545f89ff-ksh5z,1.6407473532689447
1783707580,cpu_utilisation,pod=workload-cloud-6f545f89ff-ksh5z,1.3386198415203145
1783707590,cpu_utilisation,pod=workload-cloud-6f545f89ff-ksh5z,1.6686364188532556
1783707600,cpu_utilisation,pod=workload-cloud-6f545f89ff-ksh5z,1.6215738443040242
1783707610,cpu_utilisation,pod=workload-cloud-6f545f89ff-ksh5z,1.5533175372252424
1783707620,cpu_utilisation,pod=workload-cloud-6f545f89ff-ksh5z,1.5533175372252424
1783707630,cpu_utilisation,pod=workload-cloud-6f545f89ff-ksh5z,1.2536144771045787
1783707640,cpu_utilisation,pod=workload-cloud-6f545f89ff-ksh5z,0.7409874418246856
1783707650,cpu_utilisation,pod=workload-cloud-6f545f89ff-ksh5z,0.36752441084672
1783707660,cpu_utilisation,pod=workload-cloud-6f545f89ff-ksh5z,0.259790354507828
1783707670,cpu_utilisation,pod=workload-cloud-6f545f89ff-ksh5z,0.01229335929631439
1783707680,cpu_utilisation,pod=workload-cloud-6f545f89ff-ksh5z,0.01229335929631439
1783707690,cpu_utilisation,pod=workload-cloud-6f545f89ff-ksh5z,0.011546302221409014
1783707700,cpu_utilisation,pod=workload-cloud-6f545f89ff-ksh5z,0.012478160142863274
1783707710,cpu_utilisation,pod=workload-cloud-6f545f89ff-ksh5z,0.01246065741689156
1783707720,cpu_utilisation,pod=workload-cloud-6f545f89ff-ksh5z,0.01238486762205465
1783707730,cpu_utilisation,pod=workload-cloud-6f545f89ff-ksh5z,0.015328442305435081
1783707740,cpu_utilisation,pod=workload-cloud-6f545f89ff-ksh5z,0.015328442305435081
1783707750,cpu_utilisation,pod=workload-cloud-6f545f89ff-ksh5z,0.01776627856834915
1783707760,cpu_utilisation,pod=workload-cloud-6f545f89ff-ksh5z,0.01989083103972374
1783707770,cpu_utilisation,pod=workload-cloud-6f545f89ff-ksh5z,0.02047509640102835
1783707780,cpu_utilisation,pod=workload-cloud-6f545f89ff-ksh5z,0.019228166221226476
1783707790,cpu_utilisation,pod=workload-cloud-6f545f89ff-ksh5z,0.019588497350251907
1783707800,cpu_utilisation,pod=workload-cloud-6f545f89ff-ksh5z,0.019588497350251907
1783707810,cpu_utilisation,pod=workload-cloud-6f545f89ff-ksh5z,0.020271332257931457
1783707820,cpu_utilisation,pod=workload-cloud-6f545f89ff-ksh5z,0.02192620472821804
1783707830,cpu_utilisation,pod=workload-cloud-6f545f89ff-ksh5z,0.02288732394366134
1783707840,cpu_utilisation,pod=workload-cloud-6f545f89ff-ksh5z,0.02425848226893145
1783707850,cpu_utilisation,pod=workload-cloud-6f545f89ff-ksh5z,0.02492142631031461
1783707860,cpu_utilisation,pod=workload-cloud-6f545f89ff-ksh5z,0.02492142631031461
1783707870,cpu_utilisation,pod=workload-cloud-6f545f89ff-ksh5z,0.02177694344273587
1783707880,cpu_utilisation,pod=workload-cloud-6f545f89ff-ksh5z,0.02177694344273587
1783707890,cpu_utilisation,pod=workload-cloud-6f545f89ff-ksh5z,0.016316526610644443
1783707900,cpu_utilisation,pod=workload-cloud-6f545f89ff-ksh5z,0.01347746079641631
1783707910,cpu_utilisation,pod=workload-cloud-6f545f89ff-ksh5z,0.010252181409366684
1783707920,cpu_utilisation,pod=workload-cloud-6f545f89ff-ksh5z,0.012501913590746075
1783707930,cpu_utilisation,pod=workload-cloud-6f545f89ff-ksh5z,0.012616273661689438
1783707420,cpu_utilisation,pod=workload-cloud-6f545f89ff-npghw,0.07763127958579881
1783707430,cpu_utilisation,pod=workload-cloud-6f545f89ff-npghw,0.09400624999999999
1783707440,cpu_utilisation,pod=workload-cloud-6f545f89ff-npghw,0.07430402089452302
1783707450,cpu_utilisation,pod=workload-cloud-6f545f89ff-npghw,0.09562616847000438
1783707460,cpu_utilisation,pod=workload-cloud-6f545f89ff-npghw,0.1240314782302352
1783707470,cpu_utilisation,pod=workload-cloud-6f545f89ff-npghw,0.07885640120170768
1783707480,cpu_utilisation,pod=workload-cloud-6f545f89ff-npghw,0.6188763374320853
1783707490,cpu_utilisation,pod=workload-cloud-6f545f89ff-npghw,1.0585001065898934
1783707500,cpu_utilisation,pod=workload-cloud-6f545f89ff-npghw,1.5482834927832922
1783707510,cpu_utilisation,pod=workload-cloud-6f545f89ff-npghw,1.9512540353304326
1783707520,cpu_utilisation,pod=workload-cloud-6f545f89ff-npghw,2.265489427512466
1783707530,cpu_utilisation,pod=workload-cloud-6f545f89ff-npghw,2.2786271234485413
1783707540,cpu_utilisation,pod=workload-cloud-6f545f89ff-npghw,2.3244849577525426
1783707550,cpu_utilisation,pod=workload-cloud-6f545f89ff-npghw,2.335507512959557
1783707560,cpu_utilisation,pod=workload-cloud-6f545f89ff-npghw,2.3937827078581795
1783707570,cpu_utilisation,pod=workload-cloud-6f545f89ff-npghw,2.4178867213295177
1783707580,cpu_utilisation,pod=workload-cloud-6f545f89ff-npghw,2.3725850476266706
1783707590,cpu_utilisation,pod=workload-cloud-6f545f89ff-npghw,2.418051042385463
1783707600,cpu_utilisation,pod=workload-cloud-6f545f89ff-npghw,1.9239723059728153
1783707610,cpu_utilisation,pod=workload-cloud-6f545f89ff-npghw,2.3410894082641454
1783707620,cpu_utilisation,pod=workload-cloud-6f545f89ff-npghw,2.368197939774089
1783707630,cpu_utilisation,pod=workload-cloud-6f545f89ff-npghw,2.08213696849451
1783707640,cpu_utilisation,pod=workload-cloud-6f545f89ff-npghw,1.9341392157325101
1783707650,cpu_utilisation,pod=workload-cloud-6f545f89ff-npghw,1.2289075656393869
1783707660,cpu_utilisation,pod=workload-cloud-6f545f89ff-npghw,0.7310303351630068
1783707670,cpu_utilisation,pod=workload-cloud-6f545f89ff-npghw,0.7310303351630068
1783707680,cpu_utilisation,pod=workload-cloud-6f545f89ff-npghw,0.21044420285080515
1783707690,cpu_utilisation,pod=workload-cloud-6f545f89ff-npghw,0.14969809198903442
1783707700,cpu_utilisation,pod=workload-cloud-6f545f89ff-npghw,0.18316174230886384
1783707710,cpu_utilisation,pod=workload-cloud-6f545f89ff-npghw,0.18640409679076972
1783707720,cpu_utilisation,pod=workload-cloud-6f545f89ff-npghw,0.2110148177719321
1783707730,cpu_utilisation,pod=workload-cloud-6f545f89ff-npghw,0.21101481777193212
1783707740,cpu_utilisation,pod=workload-cloud-6f545f89ff-npghw,0.26365310387477986
1783707750,cpu_utilisation,pod=workload-cloud-6f545f89ff-npghw,0.29889927214409195
1783707760,cpu_utilisation,pod=workload-cloud-6f545f89ff-npghw,0.31627525426396286
1783707770,cpu_utilisation,pod=workload-cloud-6f545f89ff-npghw,0.3430413600535188
1783707780,cpu_utilisation,pod=workload-cloud-6f545f89ff-npghw,0.31189888100436686
1783707790,cpu_utilisation,pod=workload-cloud-6f545f89ff-npghw,0.34667711208218294
1783707800,cpu_utilisation,pod=workload-cloud-6f545f89ff-npghw,0.34656661829596913
1783707810,cpu_utilisation,pod=workload-cloud-6f545f89ff-npghw,0.35250702551819113
1783707820,cpu_utilisation,pod=workload-cloud-6f545f89ff-npghw,0.3922969244035642
1783707830,cpu_utilisation,pod=workload-cloud-6f545f89ff-npghw,0.36646477535758687
1783707840,cpu_utilisation,pod=workload-cloud-6f545f89ff-npghw,0.2338025514915113
1783707850,cpu_utilisation,pod=workload-cloud-6f545f89ff-npghw,0.16027681660899676
1783707860,cpu_utilisation,pod=workload-cloud-6f545f89ff-npghw,0.11585888130221204
1783707870,cpu_utilisation,pod=workload-cloud-6f545f89ff-npghw,0.029590734245955885
1783707880,cpu_utilisation,pod=workload-cloud-6f545f89ff-npghw,0.023823647065546863
1783707890,cpu_utilisation,pod=workload-cloud-6f545f89ff-npghw,0.018559613319010956
1783707900,cpu_utilisation,pod=workload-cloud-6f545f89ff-npghw,0.010495198853276497
1783707910,cpu_utilisation,pod=workload-cloud-6f545f89ff-npghw,0.012554998277940899
1783707920,cpu_utilisation,pod=workload-cloud-6f545f89ff-npghw,0.01287705226218777
1783707930,cpu_utilisation,pod=workload-cloud-6f545f89ff-npghw,0.010740570443942733
1783707270,cpu_utilisation,pod=workload-cloud-6f545f89ff-r28zz,0.017789256747768743
1783707280,cpu_utilisation,pod=workload-cloud-6f545f89ff-r28zz,0.017164838979781688
1783707290,cpu_utilisation,pod=workload-cloud-6f545f89ff-r28zz,0.01355810225687822
1783707300,cpu_utilisation,pod=workload-cloud-6f545f89ff-r28zz,0.10072897598797786
1783707310,cpu_utilisation,pod=workload-cloud-6f545f89ff-r28zz,0.22483779012903915
1783707320,cpu_utilisation,pod=workload-cloud-6f545f89ff-r28zz,0.38210205072197445
1783707330,cpu_utilisation,pod=workload-cloud-6f545f89ff-r28zz,0.4570341911693508
1783707340,cpu_utilisation,pod=workload-cloud-6f545f89ff-r28zz,0.6806710892676086
1783707350,cpu_utilisation,pod=workload-cloud-6f545f89ff-r28zz,0.6806710892676086
1783707360,cpu_utilisation,pod=workload-cloud-6f545f89ff-r28zz,0.878965970235221
1783707370,cpu_utilisation,pod=workload-cloud-6f545f89ff-r28zz,1.0036537523517408
1783707380,cpu_utilisation,pod=workload-cloud-6f545f89ff-r28zz,1.1015200863855128
1783707390,cpu_utilisation,pod=workload-cloud-6f545f89ff-r28zz,1.1741400112893505
1783707400,cpu_utilisation,pod=workload-cloud-6f545f89ff-r28zz,1.08411250651568
1783707410,cpu_utilisation,pod=workload-cloud-6f545f89ff-r28zz,1.3213588104997742
1783707420,cpu_utilisation,pod=workload-cloud-6f545f89ff-r28zz,1.4046116538893239
1783707430,cpu_utilisation,pod=workload-cloud-6f545f89ff-r28zz,1.452157078708794
1783707440,cpu_utilisation,pod=workload-cloud-6f545f89ff-r28zz,1.4716001308900508
1783707450,cpu_utilisation,pod=workload-cloud-6f545f89ff-r28zz,1.5237854745496633
1783707460,cpu_utilisation,pod=workload-cloud-6f545f89ff-r28zz,1.5502175304833423
1783707470,cpu_utilisation,pod=workload-cloud-6f545f89ff-r28zz,1.6202393089184648
1783707480,cpu_utilisation,pod=workload-cloud-6f545f89ff-r28zz,2.075954417348436
1783707490,cpu_utilisation,pod=workload-cloud-6f545f89ff-r28zz,2.374165202389756
1783707500,cpu_utilisation,pod=workload-cloud-6f545f89ff-r28zz,2.5245160318629205
1783707510,cpu_utilisation,pod=workload-cloud-6f545f89ff-r28zz,2.8651439984741742
1783707520,cpu_utilisation,pod=workload-cloud-6f545f89ff-r28zz,2.8651439984741742
1783707530,cpu_utilisation,pod=workload-cloud-6f545f89ff-r28zz,2.923268070672578
1783707540,cpu_utilisation,pod=workload-cloud-6f545f89ff-r28zz,2.9439364887343293
1783707550,cpu_utilisation,pod=workload-cloud-6f545f89ff-r28zz,2.9985823564284497
1783707560,cpu_utilisation,pod=workload-cloud-6f545f89ff-r28zz,3.074101312303097
1783707570,cpu_utilisation,pod=workload-cloud-6f545f89ff-r28zz,3.134203181418921
1783707580,cpu_utilisation,pod=workload-cloud-6f545f89ff-r28zz,3.096737071090242
1783707590,cpu_utilisation,pod=workload-cloud-6f545f89ff-r28zz,3.1069242988868093
1783707600,cpu_utilisation,pod=workload-cloud-6f545f89ff-r28zz,3.0975784000880444
1783707610,cpu_utilisation,pod=workload-cloud-6f545f89ff-r28zz,3.0691610675842504
1783707620,cpu_utilisation,pod=workload-cloud-6f545f89ff-r28zz,3.1541199068975847
1783707630,cpu_utilisation,pod=workload-cloud-6f545f89ff-r28zz,2.940971975050535
1783707640,cpu_utilisation,pod=workload-cloud-6f545f89ff-r28zz,2.8812745120604015
1783707650,cpu_utilisation,pod=workload-cloud-6f545f89ff-r28zz,2.3803479955456655
1783707660,cpu_utilisation,pod=workload-cloud-6f545f89ff-r28zz,2.056454491875089
1783707670,cpu_utilisation,pod=workload-cloud-6f545f89ff-r28zz,1.9757495053730338
1783707680,cpu_utilisation,pod=workload-cloud-6f545f89ff-r28zz,1.7146603038682686
1783707690,cpu_utilisation,pod=workload-cloud-6f545f89ff-r28zz,1.8293102483776607
1783707700,cpu_utilisation,pod=workload-cloud-6f545f89ff-r28zz,1.8293102483776604
1783707710,cpu_utilisation,pod=workload-cloud-6f545f89ff-r28zz,1.8210590255852925
1783707720,cpu_utilisation,pod=workload-cloud-6f545f89ff-r28zz,1.8210590255852925
1783707730,cpu_utilisation,pod=workload-cloud-6f545f89ff-r28zz,2.124155804558281
1783707740,cpu_utilisation,pod=workload-cloud-6f545f89ff-r28zz,2.3570456086964455
1783707750,cpu_utilisation,pod=workload-cloud-6f545f89ff-r28zz,2.722978412241093
1783707760,cpu_utilisation,pod=workload-cloud-6f545f89ff-r28zz,2.722978412241093
1783707770,cpu_utilisation,pod=workload-cloud-6f545f89ff-r28zz,2.905486356090477
1783707780,cpu_utilisation,pod=workload-cloud-6f545f89ff-r28zz,2.765320939492059
1783707790,cpu_utilisation,pod=workload-cloud-6f545f89ff-r28zz,2.7823552282938437
1783707800,cpu_utilisation,pod=workload-cloud-6f545f89ff-r28zz,2.7634952260326897
1783707810,cpu_utilisation,pod=workload-cloud-6f545f89ff-r28zz,2.7824984891216973
1783707820,cpu_utilisation,pod=workload-cloud-6f545f89ff-r28zz,2.9592847736770214
1783707830,cpu_utilisation,pod=workload-cloud-6f545f89ff-r28zz,3.1246864145750175
1783707840,cpu_utilisation,pod=workload-cloud-6f545f89ff-r28zz,3.1180757119544094
1783707850,cpu_utilisation,pod=workload-cloud-6f545f89ff-r28zz,3.168506104123715
1783707860,cpu_utilisation,pod=workload-cloud-6f545f89ff-r28zz,2.2152596252713224
1783707870,cpu_utilisation,pod=workload-cloud-6f545f89ff-r28zz,1.1425230853327408
1783707880,cpu_utilisation,pod=workload-cloud-6f545f89ff-r28zz,0.376435069270576
1783707890,cpu_utilisation,pod=workload-cloud-6f545f89ff-r28zz,0.2804994364176885
1783707900,cpu_utilisation,pod=workload-cloud-6f545f89ff-r28zz,0.013153726470444646
1783707910,cpu_utilisation,pod=workload-cloud-6f545f89ff-r28zz,0.013013570929187751
1783707920,cpu_utilisation,pod=workload-cloud-6f545f89ff-r28zz,0.012525229703296425
1783707930,cpu_utilisation,pod=workload-cloud-6f545f89ff-r28zz,0.013030465341071003
1783707270,cpu_utilisation,pod=workload-edge-7b875fd8c6-pxwvc,0.03555110705571768
1783707280,cpu_utilisation,pod=workload-edge-7b875fd8c6-pxwvc,0.035991614255781026
1783707290,cpu_utilisation,pod=workload-edge-7b875fd8c6-pxwvc,0.033419775038485006
1783707300,cpu_utilisation,pod=workload-edge-7b875fd8c6-pxwvc,0.029916250633095415
1783707310,cpu_utilisation,pod=workload-edge-7b875fd8c6-pxwvc,0.02952245498151022
1783707320,cpu_utilisation,pod=workload-edge-7b875fd8c6-pxwvc,0.02687811946548587
1783707330,cpu_utilisation,pod=workload-edge-7b875fd8c6-pxwvc,0.0263607458037843
1783707340,cpu_utilisation,pod=workload-edge-7b875fd8c6-pxwvc,0.0263607458037843
1783707350,cpu_utilisation,pod=workload-edge-7b875fd8c6-pxwvc,0.026277191939084288
1783707360,cpu_utilisation,pod=workload-edge-7b875fd8c6-pxwvc,0.026136606432558104
1783707370,cpu_utilisation,pod=workload-edge-7b875fd8c6-pxwvc,0.026595850140137774
1783707380,cpu_utilisation,pod=workload-edge-7b875fd8c6-pxwvc,0.027023025919200264
1783707390,cpu_utilisation,pod=workload-edge-7b875fd8c6-pxwvc,0.027484217909735188
1783707400,cpu_utilisation,pod=workload-edge-7b875fd8c6-pxwvc,0.02726818094390363
1783707410,cpu_utilisation,pod=workload-edge-7b875fd8c6-pxwvc,0.027459521094639124
1783707420,cpu_utilisation,pod=workload-edge-7b875fd8c6-pxwvc,0.027250509164953272
1783707430,cpu_utilisation,pod=workload-edge-7b875fd8c6-pxwvc,0.020692580980549
1783707440,cpu_utilisation,pod=workload-edge-7b875fd8c6-pxwvc,0.02266767358235173
1783707450,cpu_utilisation,pod=workload-edge-7b875fd8c6-pxwvc,0.02638391097715349
1783707460,cpu_utilisation,pod=workload-edge-7b875fd8c6-pxwvc,0.026042222912179627
1783707470,cpu_utilisation,pod=workload-edge-7b875fd8c6-pxwvc,0.026866078716330743
1783707480,cpu_utilisation,pod=workload-edge-7b875fd8c6-pxwvc,0.028230018115144834
1783707490,cpu_utilisation,pod=workload-edge-7b875fd8c6-pxwvc,0.023434936056509172
1783707500,cpu_utilisation,pod=workload-edge-7b875fd8c6-pxwvc,0.029226732198998014
1783707510,cpu_utilisation,pod=workload-edge-7b875fd8c6-pxwvc,0.023774512757272086
1783707520,cpu_utilisation,pod=workload-edge-7b875fd8c6-pxwvc,0.029368673734782302
1783707530,cpu_utilisation,pod=workload-edge-7b875fd8c6-pxwvc,0.028374078180841804
1783707540,cpu_utilisation,pod=workload-edge-7b875fd8c6-pxwvc,0.028132046394716496
1783707550,cpu_utilisation,pod=workload-edge-7b875fd8c6-pxwvc,0.02932977182523862
1783707560,cpu_utilisation,pod=workload-edge-7b875fd8c6-pxwvc,0.02980866230355344
1783707570,cpu_utilisation,pod=workload-edge-7b875fd8c6-pxwvc,0.029698446907480105
1783707580,cpu_utilisation,pod=workload-edge-7b875fd8c6-pxwvc,0.030653227556574975
1783707590,cpu_utilisation,pod=workload-edge-7b875fd8c6-pxwvc,0.029429538366236147
1783707600,cpu_utilisation,pod=workload-edge-7b875fd8c6-pxwvc,0.029429538366236144
1783707610,cpu_utilisation,pod=workload-edge-7b875fd8c6-pxwvc,0.028132394600867455
1783707620,cpu_utilisation,pod=workload-edge-7b875fd8c6-pxwvc,0.027835669740403364
1783707630,cpu_utilisation,pod=workload-edge-7b875fd8c6-pxwvc,0.028364512154160935
1783707640,cpu_utilisation,pod=workload-edge-7b875fd8c6-pxwvc,0.028168554927238885
1783707650,cpu_utilisation,pod=workload-edge-7b875fd8c6-pxwvc,0.029089237290791006
1783707660,cpu_utilisation,pod=workload-edge-7b875fd8c6-pxwvc,0.028295651473053744
1783707670,cpu_utilisation,pod=workload-edge-7b875fd8c6-pxwvc,0.0272097817812681
1783707680,cpu_utilisation,pod=workload-edge-7b875fd8c6-pxwvc,0.028055173303501112
1783707690,cpu_utilisation,pod=workload-edge-7b875fd8c6-pxwvc,0.028576651699827847
1783707700,cpu_utilisation,pod=workload-edge-7b875fd8c6-pxwvc,0.024356539326422514
1783707710,cpu_utilisation,pod=workload-edge-7b875fd8c6-pxwvc,0.028540030151524193
1783707720,cpu_utilisation,pod=workload-edge-7b875fd8c6-pxwvc,0.024426650886812746
1783707730,cpu_utilisation,pod=workload-edge-7b875fd8c6-pxwvc,0.03148249158919195
1783707740,cpu_utilisation,pod=workload-edge-7b875fd8c6-pxwvc,0.03485542980032916
1783707750,cpu_utilisation,pod=workload-edge-7b875fd8c6-pxwvc,0.038595977919512796
1783707760,cpu_utilisation,pod=workload-edge-7b875fd8c6-pxwvc,0.04155119000786544
1783707770,cpu_utilisation,pod=workload-edge-7b875fd8c6-pxwvc,0.04147515635454322
1783707780,cpu_utilisation,pod=workload-edge-7b875fd8c6-pxwvc,0.04147515635454322
1783707790,cpu_utilisation,pod=workload-edge-7b875fd8c6-pxwvc,0.04405851377297984
1783707800,cpu_utilisation,pod=workload-edge-7b875fd8c6-pxwvc,0.04510671850783602
1783707810,cpu_utilisation,pod=workload-edge-7b875fd8c6-pxwvc,0.048061007003073274
1783707820,cpu_utilisation,pod=workload-edge-7b875fd8c6-pxwvc,0.048061007003073274
1783707830,cpu_utilisation,pod=workload-edge-7b875fd8c6-pxwvc,0.05581251723188429
1783707840,cpu_utilisation,pod=workload-edge-7b875fd8c6-pxwvc,0.0557372032641101
1783707850,cpu_utilisation,pod=workload-edge-7b875fd8c6-pxwvc,0.06012125458075638
1783707860,cpu_utilisation,pod=workload-edge-7b875fd8c6-pxwvc,0.06033422691947451
1783707870,cpu_utilisation,pod=workload-edge-7b875fd8c6-pxwvc,0.049238563094890136
1783707880,cpu_utilisation,pod=workload-edge-7b875fd8c6-pxwvc,0.049238563094890136
1783707890,cpu_utilisation,pod=workload-edge-7b875fd8c6-pxwvc,0.0385436306502431
1783707900,cpu_utilisation,pod=workload-edge-7b875fd8c6-pxwvc,0.029115885976221927
1783707910,cpu_utilisation,pod=workload-edge-7b875fd8c6-pxwvc,0.02855788414018183
1783707920,cpu_utilisation,pod=workload-edge-7b875fd8c6-pxwvc,0.027061489690560197
1783707930,cpu_utilisation,pod=workload-edge-7b875fd8c6-pxwvc,0.028372187036758475
1783707470,mem_mib,pod=workload-cloud-6f545f89ff-25lvh,3.296875
1783707480,mem_mib,pod=workload-cloud-6f545f89ff-25lvh,35.1484375
1783707490,mem_mib,pod=workload-cloud-6f545f89ff-25lvh,35.1484375
1783707500,mem_mib,pod=workload-cloud-6f545f89ff-25lvh,35.6171875
1783707510,mem_mib,pod=workload-cloud-6f545f89ff-25lvh,35.6640625
1783707520,mem_mib,pod=workload-cloud-6f545f89ff-25lvh,35.6640625
1783707530,mem_mib,pod=workload-cloud-6f545f89ff-25lvh,35.75390625
1783707540,mem_mib,pod=workload-cloud-6f545f89ff-25lvh,36.015625
1783707550,mem_mib,pod=workload-cloud-6f545f89ff-25lvh,36.015625
1783707560,mem_mib,pod=workload-cloud-6f545f89ff-25lvh,36.33984375
1783707570,mem_mib,pod=workload-cloud-6f545f89ff-25lvh,36.0546875
1783707580,mem_mib,pod=workload-cloud-6f545f89ff-25lvh,36.0546875
1783707590,mem_mib,pod=workload-cloud-6f545f89ff-25lvh,35.83203125
1783707600,mem_mib,pod=workload-cloud-6f545f89ff-25lvh,35.87109375
1783707610,mem_mib,pod=workload-cloud-6f545f89ff-25lvh,35.87109375
1783707620,mem_mib,pod=workload-cloud-6f545f89ff-25lvh,35.8828125
1783707630,mem_mib,pod=workload-cloud-6f545f89ff-25lvh,35.8828125
1783707640,mem_mib,pod=workload-cloud-6f545f89ff-25lvh,35.82421875
1783707650,mem_mib,pod=workload-cloud-6f545f89ff-25lvh,35.82421875
1783707660,mem_mib,pod=workload-cloud-6f545f89ff-25lvh,35.82421875
1783707670,mem_mib,pod=workload-cloud-6f545f89ff-25lvh,35.82421875
1783707680,mem_mib,pod=workload-cloud-6f545f89ff-25lvh,35.82421875
1783707690,mem_mib,pod=workload-cloud-6f545f89ff-25lvh,35.82421875
1783707700,mem_mib,pod=workload-cloud-6f545f89ff-25lvh,35.82421875
1783707710,mem_mib,pod=workload-cloud-6f545f89ff-25lvh,35.82421875
1783707720,mem_mib,pod=workload-cloud-6f545f89ff-25lvh,35.82421875
1783707730,mem_mib,pod=workload-cloud-6f545f89ff-25lvh,35.82421875
1783707740,mem_mib,pod=workload-cloud-6f545f89ff-25lvh,35.82421875
1783707750,mem_mib,pod=workload-cloud-6f545f89ff-25lvh,35.82421875
1783707760,mem_mib,pod=workload-cloud-6f545f89ff-25lvh,35.82421875
1783707770,mem_mib,pod=workload-cloud-6f545f89ff-25lvh,35.82421875
1783707780,mem_mib,pod=workload-cloud-6f545f89ff-25lvh,35.82421875
1783707790,mem_mib,pod=workload-cloud-6f545f89ff-25lvh,35.82421875
1783707800,mem_mib,pod=workload-cloud-6f545f89ff-25lvh,35.82421875
1783707810,mem_mib,pod=workload-cloud-6f545f89ff-25lvh,35.82421875
1783707820,mem_mib,pod=workload-cloud-6f545f89ff-25lvh,35.82421875
1783707830,mem_mib,pod=workload-cloud-6f545f89ff-25lvh,35.82421875
1783707840,mem_mib,pod=workload-cloud-6f545f89ff-25lvh,35.82421875
1783707850,mem_mib,pod=workload-cloud-6f545f89ff-25lvh,35.82421875
1783707860,mem_mib,pod=workload-cloud-6f545f89ff-25lvh,35.82421875
1783707870,mem_mib,pod=workload-cloud-6f545f89ff-25lvh,35.82421875
1783707880,mem_mib,pod=workload-cloud-6f545f89ff-25lvh,36.07421875
1783707890,mem_mib,pod=workload-cloud-6f545f89ff-25lvh,35.82421875
1783707900,mem_mib,pod=workload-cloud-6f545f89ff-25lvh,35.82421875
1783707910,mem_mib,pod=workload-cloud-6f545f89ff-25lvh,35.82421875
1783707920,mem_mib,pod=workload-cloud-6f545f89ff-25lvh,35.82421875
1783707930,mem_mib,pod=workload-cloud-6f545f89ff-25lvh,35.82421875
1783707510,mem_mib,pod=workload-cloud-6f545f89ff-c6hjw,2.71875
1783707520,mem_mib,pod=workload-cloud-6f545f89ff-c6hjw,2.71875
1783707530,mem_mib,pod=workload-cloud-6f545f89ff-c6hjw,35.13671875
1783707540,mem_mib,pod=workload-cloud-6f545f89ff-c6hjw,35.15625
1783707550,mem_mib,pod=workload-cloud-6f545f89ff-c6hjw,35.15625
1783707560,mem_mib,pod=workload-cloud-6f545f89ff-c6hjw,35.1796875
1783707570,mem_mib,pod=workload-cloud-6f545f89ff-c6hjw,35.1796875
1783707580,mem_mib,pod=workload-cloud-6f545f89ff-c6hjw,35.19140625
1783707590,mem_mib,pod=workload-cloud-6f545f89ff-c6hjw,35.19140625
1783707600,mem_mib,pod=workload-cloud-6f545f89ff-c6hjw,35.203125
1783707610,mem_mib,pod=workload-cloud-6f545f89ff-c6hjw,35.203125
1783707620,mem_mib,pod=workload-cloud-6f545f89ff-c6hjw,35.203125
1783707630,mem_mib,pod=workload-cloud-6f545f89ff-c6hjw,35.203125
1783707640,mem_mib,pod=workload-cloud-6f545f89ff-c6hjw,35.20703125
1783707650,mem_mib,pod=workload-cloud-6f545f89ff-c6hjw,35.22265625
1783707660,mem_mib,pod=workload-cloud-6f545f89ff-c6hjw,35.22265625
1783707670,mem_mib,pod=workload-cloud-6f545f89ff-c6hjw,35.22265625
1783707680,mem_mib,pod=workload-cloud-6f545f89ff-c6hjw,35.22265625
1783707690,mem_mib,pod=workload-cloud-6f545f89ff-c6hjw,35.234375
1783707700,mem_mib,pod=workload-cloud-6f545f89ff-c6hjw,35.234375
1783707710,mem_mib,pod=workload-cloud-6f545f89ff-c6hjw,35.23828125
1783707720,mem_mib,pod=workload-cloud-6f545f89ff-c6hjw,35.23046875
1783707730,mem_mib,pod=workload-cloud-6f545f89ff-c6hjw,35.23046875
1783707740,mem_mib,pod=workload-cloud-6f545f89ff-c6hjw,35.23046875
1783707750,mem_mib,pod=workload-cloud-6f545f89ff-c6hjw,35.2421875
1783707760,mem_mib,pod=workload-cloud-6f545f89ff-c6hjw,35.2421875
1783707770,mem_mib,pod=workload-cloud-6f545f89ff-c6hjw,35.2421875
1783707780,mem_mib,pod=workload-cloud-6f545f89ff-c6hjw,35.2421875
1783707790,mem_mib,pod=workload-cloud-6f545f89ff-c6hjw,35.2421875
1783707800,mem_mib,pod=workload-cloud-6f545f89ff-c6hjw,35.25390625
1783707810,mem_mib,pod=workload-cloud-6f545f89ff-c6hjw,35.25390625
1783707820,mem_mib,pod=workload-cloud-6f545f89ff-c6hjw,35.25390625
1783707830,mem_mib,pod=workload-cloud-6f545f89ff-c6hjw,35.25390625
1783707840,mem_mib,pod=workload-cloud-6f545f89ff-c6hjw,35.25390625
1783707850,mem_mib,pod=workload-cloud-6f545f89ff-c6hjw,35.26171875
1783707860,mem_mib,pod=workload-cloud-6f545f89ff-c6hjw,35.26171875
1783707870,mem_mib,pod=workload-cloud-6f545f89ff-c6hjw,35.26171875
1783707880,mem_mib,pod=workload-cloud-6f545f89ff-c6hjw,35.26171875
1783707890,mem_mib,pod=workload-cloud-6f545f89ff-c6hjw,35.26171875
1783707900,mem_mib,pod=workload-cloud-6f545f89ff-c6hjw,35.26171875
1783707910,mem_mib,pod=workload-cloud-6f545f89ff-c6hjw,35.26171875
1783707920,mem_mib,pod=workload-cloud-6f545f89ff-c6hjw,35.26171875
1783707930,mem_mib,pod=workload-cloud-6f545f89ff-c6hjw,35.26171875
1783707360,mem_mib,pod=workload-cloud-6f545f89ff-gxx4w,3.40234375
1783707370,mem_mib,pod=workload-cloud-6f545f89ff-gxx4w,3.40234375
1783707380,mem_mib,pod=workload-cloud-6f545f89ff-gxx4w,35.21875
1783707390,mem_mib,pod=workload-cloud-6f545f89ff-gxx4w,35.21875
1783707400,mem_mib,pod=workload-cloud-6f545f89ff-gxx4w,35.89453125
1783707410,mem_mib,pod=workload-cloud-6f545f89ff-gxx4w,35.50390625
1783707420,mem_mib,pod=workload-cloud-6f545f89ff-gxx4w,36.0703125
1783707430,mem_mib,pod=workload-cloud-6f545f89ff-gxx4w,36.0703125
1783707440,mem_mib,pod=workload-cloud-6f545f89ff-gxx4w,36.23828125
1783707450,mem_mib,pod=workload-cloud-6f545f89ff-gxx4w,36.21484375
1783707460,mem_mib,pod=workload-cloud-6f545f89ff-gxx4w,36.21484375
1783707470,mem_mib,pod=workload-cloud-6f545f89ff-gxx4w,36.69921875
1783707480,mem_mib,pod=workload-cloud-6f545f89ff-gxx4w,37.5078125
1783707490,mem_mib,pod=workload-cloud-6f545f89ff-gxx4w,38.49609375
1783707500,mem_mib,pod=workload-cloud-6f545f89ff-gxx4w,38.51171875
1783707510,mem_mib,pod=workload-cloud-6f545f89ff-gxx4w,38.51171875
1783707520,mem_mib,pod=workload-cloud-6f545f89ff-gxx4w,39.19140625
1783707530,mem_mib,pod=workload-cloud-6f545f89ff-gxx4w,39.19140625
1783707540,mem_mib,pod=workload-cloud-6f545f89ff-gxx4w,38.76171875
1783707550,mem_mib,pod=workload-cloud-6f545f89ff-gxx4w,38.76171875
1783707560,mem_mib,pod=workload-cloud-6f545f89ff-gxx4w,38.7734375
1783707570,mem_mib,pod=workload-cloud-6f545f89ff-gxx4w,38.7734375
1783707580,mem_mib,pod=workload-cloud-6f545f89ff-gxx4w,39.12109375
1783707590,mem_mib,pod=workload-cloud-6f545f89ff-gxx4w,39.12890625
1783707600,mem_mib,pod=workload-cloud-6f545f89ff-gxx4w,39.12890625
1783707610,mem_mib,pod=workload-cloud-6f545f89ff-gxx4w,38.90625
1783707620,mem_mib,pod=workload-cloud-6f545f89ff-gxx4w,38.7265625
1783707630,mem_mib,pod=workload-cloud-6f545f89ff-gxx4w,38.7265625
1783707640,mem_mib,pod=workload-cloud-6f545f89ff-gxx4w,38.6796875
1783707650,mem_mib,pod=workload-cloud-6f545f89ff-gxx4w,38.078125
1783707660,mem_mib,pod=workload-cloud-6f545f89ff-gxx4w,38.078125
1783707670,mem_mib,pod=workload-cloud-6f545f89ff-gxx4w,38.2890625
1783707680,mem_mib,pod=workload-cloud-6f545f89ff-gxx4w,38.2890625
1783707690,mem_mib,pod=workload-cloud-6f545f89ff-gxx4w,37.8203125
1783707700,mem_mib,pod=workload-cloud-6f545f89ff-gxx4w,38.015625
1783707710,mem_mib,pod=workload-cloud-6f545f89ff-gxx4w,38.015625
1783707720,mem_mib,pod=workload-cloud-6f545f89ff-gxx4w,37.76953125
1783707730,mem_mib,pod=workload-cloud-6f545f89ff-gxx4w,37.76953125
1783707740,mem_mib,pod=workload-cloud-6f545f89ff-gxx4w,38.08203125
1783707750,mem_mib,pod=workload-cloud-6f545f89ff-gxx4w,37.828125
1783707760,mem_mib,pod=workload-cloud-6f545f89ff-gxx4w,37.828125
1783707770,mem_mib,pod=workload-cloud-6f545f89ff-gxx4w,37.80859375
1783707780,mem_mib,pod=workload-cloud-6f545f89ff-gxx4w,37.80859375
1783707790,mem_mib,pod=workload-cloud-6f545f89ff-gxx4w,37.83984375
1783707800,mem_mib,pod=workload-cloud-6f545f89ff-gxx4w,37.80859375
1783707810,mem_mib,pod=workload-cloud-6f545f89ff-gxx4w,37.80859375
1783707820,mem_mib,pod=workload-cloud-6f545f89ff-gxx4w,37.8671875
1783707830,mem_mib,pod=workload-cloud-6f545f89ff-gxx4w,37.8046875
1783707840,mem_mib,pod=workload-cloud-6f545f89ff-gxx4w,37.72265625
1783707850,mem_mib,pod=workload-cloud-6f545f89ff-gxx4w,37.72265625
1783707860,mem_mib,pod=workload-cloud-6f545f89ff-gxx4w,37.7265625
1783707870,mem_mib,pod=workload-cloud-6f545f89ff-gxx4w,37.72265625
1783707880,mem_mib,pod=workload-cloud-6f545f89ff-gxx4w,37.72265625
1783707890,mem_mib,pod=workload-cloud-6f545f89ff-gxx4w,37.7265625
1783707900,mem_mib,pod=workload-cloud-6f545f89ff-gxx4w,37.7265625
1783707910,mem_mib,pod=workload-cloud-6f545f89ff-gxx4w,37.72265625
1783707920,mem_mib,pod=workload-cloud-6f545f89ff-gxx4w,37.72265625
1783707930,mem_mib,pod=workload-cloud-6f545f89ff-gxx4w,37.72265625
1783707470,mem_mib,pod=workload-cloud-6f545f89ff-ksh5z,3.2421875
1783707480,mem_mib,pod=workload-cloud-6f545f89ff-ksh5z,3.2421875
1783707490,mem_mib,pod=workload-cloud-6f545f89ff-ksh5z,36.08984375
1783707500,mem_mib,pod=workload-cloud-6f545f89ff-ksh5z,36.08984375
1783707510,mem_mib,pod=workload-cloud-6f545f89ff-ksh5z,36.99609375
1783707520,mem_mib,pod=workload-cloud-6f545f89ff-ksh5z,36.77734375
1783707530,mem_mib,pod=workload-cloud-6f545f89ff-ksh5z,36.77734375
1783707540,mem_mib,pod=workload-cloud-6f545f89ff-ksh5z,37.328125
1783707550,mem_mib,pod=workload-cloud-6f545f89ff-ksh5z,36.83984375
1783707560,mem_mib,pod=workload-cloud-6f545f89ff-ksh5z,36.83984375
1783707570,mem_mib,pod=workload-cloud-6f545f89ff-ksh5z,37.08203125
1783707580,mem_mib,pod=workload-cloud-6f545f89ff-ksh5z,36.89453125
1783707590,mem_mib,pod=workload-cloud-6f545f89ff-ksh5z,37.1796875
1783707600,mem_mib,pod=workload-cloud-6f545f89ff-ksh5z,37.1796875
1783707610,mem_mib,pod=workload-cloud-6f545f89ff-ksh5z,36.90625
1783707620,mem_mib,pod=workload-cloud-6f545f89ff-ksh5z,36.90625
1783707630,mem_mib,pod=workload-cloud-6f545f89ff-ksh5z,36.80859375
1783707640,mem_mib,pod=workload-cloud-6f545f89ff-ksh5z,36.49609375
1783707650,mem_mib,pod=workload-cloud-6f545f89ff-ksh5z,36.49609375
1783707660,mem_mib,pod=workload-cloud-6f545f89ff-ksh5z,36.49609375
1783707670,mem_mib,pod=workload-cloud-6f545f89ff-ksh5z,36.49609375
1783707680,mem_mib,pod=workload-cloud-6f545f89ff-ksh5z,36.49609375
1783707690,mem_mib,pod=workload-cloud-6f545f89ff-ksh5z,36.49609375
1783707700,mem_mib,pod=workload-cloud-6f545f89ff-ksh5z,36.49609375
1783707710,mem_mib,pod=workload-cloud-6f545f89ff-ksh5z,36.49609375
1783707720,mem_mib,pod=workload-cloud-6f545f89ff-ksh5z,36.49609375
1783707730,mem_mib,pod=workload-cloud-6f545f89ff-ksh5z,36.49609375
1783707740,mem_mib,pod=workload-cloud-6f545f89ff-ksh5z,36.49609375
1783707750,mem_mib,pod=workload-cloud-6f545f89ff-ksh5z,36.49609375
1783707760,mem_mib,pod=workload-cloud-6f545f89ff-ksh5z,36.49609375
1783707770,mem_mib,pod=workload-cloud-6f545f89ff-ksh5z,36.49609375
1783707780,mem_mib,pod=workload-cloud-6f545f89ff-ksh5z,36.49609375
1783707790,mem_mib,pod=workload-cloud-6f545f89ff-ksh5z,36.49609375
1783707800,mem_mib,pod=workload-cloud-6f545f89ff-ksh5z,36.49609375
1783707810,mem_mib,pod=workload-cloud-6f545f89ff-ksh5z,36.49609375
1783707820,mem_mib,pod=workload-cloud-6f545f89ff-ksh5z,36.49609375
1783707830,mem_mib,pod=workload-cloud-6f545f89ff-ksh5z,36.49609375
1783707840,mem_mib,pod=workload-cloud-6f545f89ff-ksh5z,36.49609375
1783707850,mem_mib,pod=workload-cloud-6f545f89ff-ksh5z,36.49609375
1783707860,mem_mib,pod=workload-cloud-6f545f89ff-ksh5z,36.49609375
1783707870,mem_mib,pod=workload-cloud-6f545f89ff-ksh5z,36.49609375
1783707880,mem_mib,pod=workload-cloud-6f545f89ff-ksh5z,36.49609375
1783707890,mem_mib,pod=workload-cloud-6f545f89ff-ksh5z,36.49609375
1783707900,mem_mib,pod=workload-cloud-6f545f89ff-ksh5z,36.49609375
1783707910,mem_mib,pod=workload-cloud-6f545f89ff-ksh5z,36.49609375
1783707920,mem_mib,pod=workload-cloud-6f545f89ff-ksh5z,36.49609375
1783707930,mem_mib,pod=workload-cloud-6f545f89ff-ksh5z,36.49609375
1783707410,mem_mib,pod=workload-cloud-6f545f89ff-npghw,3.3515625
1783707420,mem_mib,pod=workload-cloud-6f545f89ff-npghw,35.14453125
1783707430,mem_mib,pod=workload-cloud-6f545f89ff-npghw,35.14453125
1783707440,mem_mib,pod=workload-cloud-6f545f89ff-npghw,35.16796875
1783707450,mem_mib,pod=workload-cloud-6f545f89ff-npghw,35.16796875
1783707460,mem_mib,pod=workload-cloud-6f545f89ff-npghw,35.60546875
1783707470,mem_mib,pod=workload-cloud-6f545f89ff-npghw,35.60546875
1783707480,mem_mib,pod=workload-cloud-6f545f89ff-npghw,37.01171875
1783707490,mem_mib,pod=workload-cloud-6f545f89ff-npghw,38.05859375
1783707500,mem_mib,pod=workload-cloud-6f545f89ff-npghw,38.04296875
1783707510,mem_mib,pod=workload-cloud-6f545f89ff-npghw,37.83203125
1783707520,mem_mib,pod=workload-cloud-6f545f89ff-npghw,37.83203125
1783707530,mem_mib,pod=workload-cloud-6f545f89ff-npghw,39.16015625
1783707540,mem_mib,pod=workload-cloud-6f545f89ff-npghw,37.9765625
1783707550,mem_mib,pod=workload-cloud-6f545f89ff-npghw,37.9765625
1783707560,mem_mib,pod=workload-cloud-6f545f89ff-npghw,38.0546875
1783707570,mem_mib,pod=workload-cloud-6f545f89ff-npghw,38.0546875
1783707580,mem_mib,pod=workload-cloud-6f545f89ff-npghw,38.3046875
1783707590,mem_mib,pod=workload-cloud-6f545f89ff-npghw,38.08984375
1783707600,mem_mib,pod=workload-cloud-6f545f89ff-npghw,38.078125
1783707610,mem_mib,pod=workload-cloud-6f545f89ff-npghw,38.078125
1783707620,mem_mib,pod=workload-cloud-6f545f89ff-npghw,38.09375
1783707630,mem_mib,pod=workload-cloud-6f545f89ff-npghw,37.60546875
1783707640,mem_mib,pod=workload-cloud-6f545f89ff-npghw,37.60546875
1783707650,mem_mib,pod=workload-cloud-6f545f89ff-npghw,37.171875
1783707660,mem_mib,pod=workload-cloud-6f545f89ff-npghw,37.17578125
1783707670,mem_mib,pod=workload-cloud-6f545f89ff-npghw,37.17578125
1783707680,mem_mib,pod=workload-cloud-6f545f89ff-npghw,37.17578125
1783707690,mem_mib,pod=workload-cloud-6f545f89ff-npghw,37.2109375
1783707700,mem_mib,pod=workload-cloud-6f545f89ff-npghw,37.2109375
1783707710,mem_mib,pod=workload-cloud-6f545f89ff-npghw,37.18359375
1783707720,mem_mib,pod=workload-cloud-6f545f89ff-npghw,37.1875
1783707730,mem_mib,pod=workload-cloud-6f545f89ff-npghw,37.1875
1783707740,mem_mib,pod=workload-cloud-6f545f89ff-npghw,37.4375
1783707750,mem_mib,pod=workload-cloud-6f545f89ff-npghw,37.4375
1783707760,mem_mib,pod=workload-cloud-6f545f89ff-npghw,37.1875
1783707770,mem_mib,pod=workload-cloud-6f545f89ff-npghw,37.1875
1783707780,mem_mib,pod=workload-cloud-6f545f89ff-npghw,37.19140625
1783707790,mem_mib,pod=workload-cloud-6f545f89ff-npghw,37.21875
1783707800,mem_mib,pod=workload-cloud-6f545f89ff-npghw,37.21875
1783707810,mem_mib,pod=workload-cloud-6f545f89ff-npghw,37.46484375
1783707820,mem_mib,pod=workload-cloud-6f545f89ff-npghw,37.46484375
1783707830,mem_mib,pod=workload-cloud-6f545f89ff-npghw,37.21875
1783707840,mem_mib,pod=workload-cloud-6f545f89ff-npghw,37.18359375
1783707850,mem_mib,pod=workload-cloud-6f545f89ff-npghw,37.18359375
1783707860,mem_mib,pod=workload-cloud-6f545f89ff-npghw,37.18359375
1783707870,mem_mib,pod=workload-cloud-6f545f89ff-npghw,37.18359375
1783707880,mem_mib,pod=workload-cloud-6f545f89ff-npghw,37.18359375
1783707890,mem_mib,pod=workload-cloud-6f545f89ff-npghw,37.18359375
1783707900,mem_mib,pod=workload-cloud-6f545f89ff-npghw,37.18359375
1783707910,mem_mib,pod=workload-cloud-6f545f89ff-npghw,37.18359375
1783707920,mem_mib,pod=workload-cloud-6f545f89ff-npghw,37.18359375
1783707930,mem_mib,pod=workload-cloud-6f545f89ff-npghw,37.18359375
1783707270,mem_mib,pod=workload-cloud-6f545f89ff-r28zz,40.625
1783707280,mem_mib,pod=workload-cloud-6f545f89ff-r28zz,40.625
1783707290,mem_mib,pod=workload-cloud-6f545f89ff-r28zz,40.625
1783707300,mem_mib,pod=workload-cloud-6f545f89ff-r28zz,40.87109375
1783707310,mem_mib,pod=workload-cloud-6f545f89ff-r28zz,40.9453125
1783707320,mem_mib,pod=workload-cloud-6f545f89ff-r28zz,41.4453125
1783707330,mem_mib,pod=workload-cloud-6f545f89ff-r28zz,41.046875
1783707340,mem_mib,pod=workload-cloud-6f545f89ff-r28zz,40.8046875
1783707350,mem_mib,pod=workload-cloud-6f545f89ff-r28zz,40.8046875
1783707360,mem_mib,pod=workload-cloud-6f545f89ff-r28zz,40.94921875
1783707370,mem_mib,pod=workload-cloud-6f545f89ff-r28zz,41.23828125
1783707380,mem_mib,pod=workload-cloud-6f545f89ff-r28zz,42.5078125
1783707390,mem_mib,pod=workload-cloud-6f545f89ff-r28zz,42.5078125
1783707400,mem_mib,pod=workload-cloud-6f545f89ff-r28zz,41.01171875
1783707410,mem_mib,pod=workload-cloud-6f545f89ff-r28zz,41.01171875
1783707420,mem_mib,pod=workload-cloud-6f545f89ff-r28zz,41.83984375
1783707430,mem_mib,pod=workload-cloud-6f545f89ff-r28zz,41.390625
1783707440,mem_mib,pod=workload-cloud-6f545f89ff-r28zz,41.390625
1783707450,mem_mib,pod=workload-cloud-6f545f89ff-r28zz,41.88671875
1783707460,mem_mib,pod=workload-cloud-6f545f89ff-r28zz,41.88671875
1783707470,mem_mib,pod=workload-cloud-6f545f89ff-r28zz,41.69140625
1783707480,mem_mib,pod=workload-cloud-6f545f89ff-r28zz,41.97265625
1783707490,mem_mib,pod=workload-cloud-6f545f89ff-r28zz,41.97265625
1783707500,mem_mib,pod=workload-cloud-6f545f89ff-r28zz,42.15234375
1783707510,mem_mib,pod=workload-cloud-6f545f89ff-r28zz,42.203125
1783707520,mem_mib,pod=workload-cloud-6f545f89ff-r28zz,42.203125
1783707530,mem_mib,pod=workload-cloud-6f545f89ff-r28zz,42.671875
1783707540,mem_mib,pod=workload-cloud-6f545f89ff-r28zz,42.671875
1783707550,mem_mib,pod=workload-cloud-6f545f89ff-r28zz,42.41796875
1783707560,mem_mib,pod=workload-cloud-6f545f89ff-r28zz,43.18359375
1783707570,mem_mib,pod=workload-cloud-6f545f89ff-r28zz,43.18359375
1783707580,mem_mib,pod=workload-cloud-6f545f89ff-r28zz,42.453125
1783707590,mem_mib,pod=workload-cloud-6f545f89ff-r28zz,42.171875
1783707600,mem_mib,pod=workload-cloud-6f545f89ff-r28zz,42.16796875
1783707610,mem_mib,pod=workload-cloud-6f545f89ff-r28zz,42.16796875
1783707620,mem_mib,pod=workload-cloud-6f545f89ff-r28zz,42.1796875
1783707630,mem_mib,pod=workload-cloud-6f545f89ff-r28zz,41.796875
1783707640,mem_mib,pod=workload-cloud-6f545f89ff-r28zz,41.796875
1783707650,mem_mib,pod=workload-cloud-6f545f89ff-r28zz,41.84765625
1783707660,mem_mib,pod=workload-cloud-6f545f89ff-r28zz,41.84765625
1783707670,mem_mib,pod=workload-cloud-6f545f89ff-r28zz,41.33984375
1783707680,mem_mib,pod=workload-cloud-6f545f89ff-r28zz,41.33984375
1783707690,mem_mib,pod=workload-cloud-6f545f89ff-r28zz,42.04296875
1783707700,mem_mib,pod=workload-cloud-6f545f89ff-r28zz,42.04296875
1783707710,mem_mib,pod=workload-cloud-6f545f89ff-r28zz,41.33203125
1783707720,mem_mib,pod=workload-cloud-6f545f89ff-r28zz,41.33203125
1783707730,mem_mib,pod=workload-cloud-6f545f89ff-r28zz,41.83203125
1783707740,mem_mib,pod=workload-cloud-6f545f89ff-r28zz,41.37890625
1783707750,mem_mib,pod=workload-cloud-6f545f89ff-r28zz,41.3359375
1783707760,mem_mib,pod=workload-cloud-6f545f89ff-r28zz,41.3359375
1783707770,mem_mib,pod=workload-cloud-6f545f89ff-r28zz,41.83984375
1783707780,mem_mib,pod=workload-cloud-6f545f89ff-r28zz,41.32421875
1783707790,mem_mib,pod=workload-cloud-6f545f89ff-r28zz,41.3359375
1783707800,mem_mib,pod=workload-cloud-6f545f89ff-r28zz,41.3359375
1783707810,mem_mib,pod=workload-cloud-6f545f89ff-r28zz,41.328125
1783707820,mem_mib,pod=workload-cloud-6f545f89ff-r28zz,41.37109375
1783707830,mem_mib,pod=workload-cloud-6f545f89ff-r28zz,41.37109375
1783707840,mem_mib,pod=workload-cloud-6f545f89ff-r28zz,41.453125
1783707850,mem_mib,pod=workload-cloud-6f545f89ff-r28zz,41.453125
1783707860,mem_mib,pod=workload-cloud-6f545f89ff-r28zz,40.640625
1783707870,mem_mib,pod=workload-cloud-6f545f89ff-r28zz,40.640625
1783707880,mem_mib,pod=workload-cloud-6f545f89ff-r28zz,40.640625
1783707890,mem_mib,pod=workload-cloud-6f545f89ff-r28zz,40.640625
1783707900,mem_mib,pod=workload-cloud-6f545f89ff-r28zz,40.640625
1783707910,mem_mib,pod=workload-cloud-6f545f89ff-r28zz,40.640625
1783707920,mem_mib,pod=workload-cloud-6f545f89ff-r28zz,40.640625
1783707930,mem_mib,pod=workload-cloud-6f545f89ff-r28zz,40.63671875
1783707270,mem_mib,pod=workload-edge-7b875fd8c6-pxwvc,39.26171875
1783707280,mem_mib,pod=workload-edge-7b875fd8c6-pxwvc,39.26171875
1783707290,mem_mib,pod=workload-edge-7b875fd8c6-pxwvc,39.26171875
1783707300,mem_mib,pod=workload-edge-7b875fd8c6-pxwvc,39.26171875
1783707310,mem_mib,pod=workload-edge-7b875fd8c6-pxwvc,39.26171875
1783707320,mem_mib,pod=workload-edge-7b875fd8c6-pxwvc,39.26171875
1783707330,mem_mib,pod=workload-edge-7b875fd8c6-pxwvc,39.26171875
1783707340,mem_mib,pod=workload-edge-7b875fd8c6-pxwvc,39.26171875
1783707350,mem_mib,pod=workload-edge-7b875fd8c6-pxwvc,39.26171875
1783707360,mem_mib,pod=workload-edge-7b875fd8c6-pxwvc,39.26171875
1783707370,mem_mib,pod=workload-edge-7b875fd8c6-pxwvc,39.26171875
1783707380,mem_mib,pod=workload-edge-7b875fd8c6-pxwvc,39.26171875
1783707390,mem_mib,pod=workload-edge-7b875fd8c6-pxwvc,39.26171875
1783707400,mem_mib,pod=workload-edge-7b875fd8c6-pxwvc,39.26171875
1783707410,mem_mib,pod=workload-edge-7b875fd8c6-pxwvc,39.26171875
1783707420,mem_mib,pod=workload-edge-7b875fd8c6-pxwvc,39.26171875
1783707430,mem_mib,pod=workload-edge-7b875fd8c6-pxwvc,39.26171875
1783707440,mem_mib,pod=workload-edge-7b875fd8c6-pxwvc,39.26171875
1783707450,mem_mib,pod=workload-edge-7b875fd8c6-pxwvc,39.26171875
1783707460,mem_mib,pod=workload-edge-7b875fd8c6-pxwvc,39.26171875
1783707470,mem_mib,pod=workload-edge-7b875fd8c6-pxwvc,39.26171875
1783707480,mem_mib,pod=workload-edge-7b875fd8c6-pxwvc,39.26171875
1783707490,mem_mib,pod=workload-edge-7b875fd8c6-pxwvc,39.26171875
1783707500,mem_mib,pod=workload-edge-7b875fd8c6-pxwvc,39.26171875
1783707510,mem_mib,pod=workload-edge-7b875fd8c6-pxwvc,39.26171875
1783707520,mem_mib,pod=workload-edge-7b875fd8c6-pxwvc,39.26171875
1783707530,mem_mib,pod=workload-edge-7b875fd8c6-pxwvc,39.26171875
1783707540,mem_mib,pod=workload-edge-7b875fd8c6-pxwvc,39.26171875
1783707550,mem_mib,pod=workload-edge-7b875fd8c6-pxwvc,39.26171875
1783707560,mem_mib,pod=workload-edge-7b875fd8c6-pxwvc,39.26171875
1783707570,mem_mib,pod=workload-edge-7b875fd8c6-pxwvc,39.26171875
1783707580,mem_mib,pod=workload-edge-7b875fd8c6-pxwvc,39.26171875
1783707590,mem_mib,pod=workload-edge-7b875fd8c6-pxwvc,39.26171875
1783707600,mem_mib,pod=workload-edge-7b875fd8c6-pxwvc,39.26171875
1783707610,mem_mib,pod=workload-edge-7b875fd8c6-pxwvc,39.26171875
1783707620,mem_mib,pod=workload-edge-7b875fd8c6-pxwvc,39.26171875
1783707630,mem_mib,pod=workload-edge-7b875fd8c6-pxwvc,39.26171875
1783707640,mem_mib,pod=workload-edge-7b875fd8c6-pxwvc,39.26171875
1783707650,mem_mib,pod=workload-edge-7b875fd8c6-pxwvc,39.26171875
1783707660,mem_mib,pod=workload-edge-7b875fd8c6-pxwvc,39.26171875
1783707670,mem_mib,pod=workload-edge-7b875fd8c6-pxwvc,39.26171875
1783707680,mem_mib,pod=workload-edge-7b875fd8c6-pxwvc,39.26171875
1783707690,mem_mib,pod=workload-edge-7b875fd8c6-pxwvc,39.26171875
1783707700,mem_mib,pod=workload-edge-7b875fd8c6-pxwvc,39.26171875
1783707710,mem_mib,pod=workload-edge-7b875fd8c6-pxwvc,39.26171875
1783707720,mem_mib,pod=workload-edge-7b875fd8c6-pxwvc,39.26171875
1783707730,mem_mib,pod=workload-edge-7b875fd8c6-pxwvc,39.26171875
1783707740,mem_mib,pod=workload-edge-7b875fd8c6-pxwvc,39.26171875
1783707750,mem_mib,pod=workload-edge-7b875fd8c6-pxwvc,39.26171875
1783707760,mem_mib,pod=workload-edge-7b875fd8c6-pxwvc,39.26171875
1783707770,mem_mib,pod=workload-edge-7b875fd8c6-pxwvc,39.26171875
1783707780,mem_mib,pod=workload-edge-7b875fd8c6-pxwvc,39.26171875
1783707790,mem_mib,pod=workload-edge-7b875fd8c6-pxwvc,39.265625
1783707800,mem_mib,pod=workload-edge-7b875fd8c6-pxwvc,39.265625
1783707810,mem_mib,pod=workload-edge-7b875fd8c6-pxwvc,39.26171875
1783707820,mem_mib,pod=workload-edge-7b875fd8c6-pxwvc,39.26171875
1783707830,mem_mib,pod=workload-edge-7b875fd8c6-pxwvc,39.26171875
1783707840,mem_mib,pod=workload-edge-7b875fd8c6-pxwvc,39.26171875
1783707850,mem_mib,pod=workload-edge-7b875fd8c6-pxwvc,39.26171875
1783707860,mem_mib,pod=workload-edge-7b875fd8c6-pxwvc,39.765625
1783707870,mem_mib,pod=workload-edge-7b875fd8c6-pxwvc,39.26171875
1783707880,mem_mib,pod=workload-edge-7b875fd8c6-pxwvc,39.26171875
1783707890,mem_mib,pod=workload-edge-7b875fd8c6-pxwvc,39.26171875
1783707900,mem_mib,pod=workload-edge-7b875fd8c6-pxwvc,39.26171875
1783707910,mem_mib,pod=workload-edge-7b875fd8c6-pxwvc,39.26171875
1783707920,mem_mib,pod=workload-edge-7b875fd8c6-pxwvc,39.26171875
1783707930,mem_mib,pod=workload-edge-7b875fd8c6-pxwvc,39.26171875
1783707270,rps,tier=cloud,0.0
1783707280,rps,tier=cloud,0.22000880035201406
1783707290,rps,tier=cloud,4.040340830290802
1783707300,rps,tier=cloud,11.861082900033342
1783707310,rps,tier=cloud,23.60115805916314
1783707320,rps,tier=cloud,39.36247221794121
1783707330,rps,tier=cloud,58.4241190962377
1783707340,rps,tier=cloud,77.84380225567548
1783707350,rps,tier=cloud,96.96487385466978
1783707360,rps,tier=cloud,115.6303817436708
1783707370,rps,tier=cloud,133.34795652806991
1783707380,rps,tier=cloud,149.4690118031155
1783707390,rps,tier=cloud,170.94439539210398
1783707400,rps,tier=cloud,188.03391797691404
1783707410,rps,tier=cloud,204.3394405998035
1783707420,rps,tier=cloud,220.44508624521447
1783707430,rps,tier=cloud,237.54008339201948
1783707440,rps,tier=cloud,254.93786687766115
1783707450,rps,tier=cloud,272.27957945565595
1783707460,rps,tier=cloud,298.1545016654263
1783707470,rps,tier=cloud,361.2362332255279
1783707480,rps,tier=cloud,475.6007030691975
1783707490,rps,tier=cloud,670.0122418034063
1783707500,rps,tier=cloud,878.2009083774656
1783707510,rps,tier=cloud,1075.211783037561
1783707520,rps,tier=cloud,1246.4742908956928
1783707530,rps,tier=cloud,1343.3622595595984
1783707540,rps,tier=cloud,1375.4437428110464
1783707550,rps,tier=cloud,1356.0814796820468
1783707560,rps,tier=cloud,1340.404060262786
1783707570,rps,tier=cloud,1344.9550909847799
1783707580,rps,tier=cloud,1347.851871369471
1783707590,rps,tier=cloud,1343.132617891871
1783707600,rps,tier=cloud,1369.176380306235
1783707610,rps,tier=cloud,1376.9480729274646
1783707620,rps,tier=cloud,1325.478732992312
1783707630,rps,tier=cloud,1213.147103491733
1783707640,rps,tier=cloud,1047.1161502689301
1783707650,rps,tier=cloud,833.4631168145772
1783707660,rps,tier=cloud,630.1065222711295
1783707670,rps,tier=cloud,468.02086012421074
1783707680,rps,tier=cloud,367.87849123965316
1783707690,rps,tier=cloud,335.4874756746219
1783707700,rps,tier=cloud,335.02203190321086
1783707710,rps,tier=cloud,334.94424281165306
1783707720,rps,tier=cloud,331.7171635011985
1783707730,rps,tier=cloud,319.19959227857083
1783707740,rps,tier=cloud,304.93900453475896
1783707750,rps,tier=cloud,292.90188545817546
1783707760,rps,tier=cloud,279.4210133024481
1783707770,rps,tier=cloud,276.8656904713403
1783707780,rps,tier=cloud,283.0243190909734
1783707790,rps,tier=cloud,277.3564287803241
1783707800,rps,tier=cloud,282.5011379476363
1783707810,rps,tier=cloud,279.1621751589511
1783707820,rps,tier=cloud,267.9229662863634
1783707830,rps,tier=cloud,250.000277399882
1783707840,rps,tier=cloud,230.1642982503502
1783707850,rps,tier=cloud,183.33577130807143
1783707860,rps,tier=cloud,133.9314247619202
1783707870,rps,tier=cloud,84.6907509801147
1783707880,rps,tier=cloud,41.903825553369
1783707890,rps,tier=cloud,13.381106502826544
1783707900,rps,tier=cloud,0.38003800380038005
1783707910,rps,tier=cloud,0.0
1783707920,rps,tier=cloud,0.0
1783707930,rps,tier=cloud,0.0
1783707270,rps,tier=edge,0.0
1783707280,rps,tier=edge,0.0
1783707290,rps,tier=edge,0.0
1783707300,rps,tier=edge,0.0
1783707310,rps,tier=edge,0.0
1783707320,rps,tier=edge,0.0
1783707330,rps,tier=edge,0.0
1783707340,rps,tier=edge,0.0
1783707350,rps,tier=edge,0.0
1783707360,rps,tier=edge,0.0
1783707370,rps,tier=edge,0.0
1783707380,rps,tier=edge,0.0
1783707390,rps,tier=edge,0.0
1783707400,rps,tier=edge,0.0
1783707410,rps,tier=edge,0.0
1783707420,rps,tier=edge,0.0
1783707430,rps,tier=edge,0.0
1783707440,rps,tier=edge,0.0
1783707450,rps,tier=edge,0.0
1783707460,rps,tier=edge,0.0
1783707470,rps,tier=edge,0.0
1783707480,rps,tier=edge,0.0
1783707490,rps,tier=edge,0.0
1783707500,rps,tier=edge,0.0
1783707510,rps,tier=edge,0.0
1783707520,rps,tier=edge,0.0
1783707530,rps,tier=edge,0.0
1783707540,rps,tier=edge,0.0
1783707550,rps,tier=edge,0.0
1783707560,rps,tier=edge,0.0
1783707570,rps,tier=edge,0.0
1783707580,rps,tier=edge,0.0
1783707590,rps,tier=edge,0.0
1783707600,rps,tier=edge,0.0
1783707610,rps,tier=edge,0.0
1783707620,rps,tier=edge,0.0
1783707630,rps,tier=edge,0.0
1783707640,rps,tier=edge,0.0
1783707650,rps,tier=edge,0.0
1783707660,rps,tier=edge,0.0
1783707670,rps,tier=edge,0.0
1783707680,rps,tier=edge,0.0
1783707690,rps,tier=edge,0.0
1783707700,rps,tier=edge,0.0
1783707710,rps,tier=edge,0.0
1783707720,rps,tier=edge,0.0
1783707730,rps,tier=edge,0.0
1783707740,rps,tier=edge,0.0
1783707750,rps,tier=edge,0.0
1783707760,rps,tier=edge,0.0
1783707770,rps,tier=edge,0.0
1783707780,rps,tier=edge,0.0
1783707790,rps,tier=edge,0.0
1783707800,rps,tier=edge,0.0
1783707810,rps,tier=edge,0.0
1783707820,rps,tier=edge,0.0
1783707830,rps,tier=edge,0.0
1783707840,rps,tier=edge,0.0
1783707850,rps,tier=edge,0.0
1783707860,rps,tier=edge,0.0
1783707870,rps,tier=edge,0.0
1783707880,rps,tier=edge,0.0
1783707890,rps,tier=edge,0.0
1783707900,rps,tier=edge,0.0
1783707910,rps,tier=edge,0.0
1783707920,rps,tier=edge,0.0
1783707930,rps,tier=edge,0.0
1783707280,lat50_ms,tier=cloud,3.5
1783707290,lat50_ms,tier=cloud,3.4461534494966704
1783707300,lat50_ms,tier=cloud,3.4447514866241953
1783707310,lat50_ms,tier=cloud,3.587890415404417
1783707320,lat50_ms,tier=cloud,3.678181873451749
1783707330,lat50_ms,tier=cloud,4.0033653846153845
1783707340,lat50_ms,tier=cloud,4.175084289259655
1783707350,lat50_ms,tier=cloud,4.390625560658077
1783707360,lat50_ms,tier=cloud,4.583660510170588
1783707370,lat50_ms,tier=cloud,4.873125585754452
1783707380,lat50_ms,tier=cloud,5.463514898308405
1783707390,lat50_ms,tier=cloud,5.904640087654128
1783707400,lat50_ms,tier=cloud,6.367575095602356
1783707410,lat50_ms,tier=cloud,6.900046703357291
1783707420,lat50_ms,tier=cloud,7.717453844448559
1783707430,lat50_ms,tier=cloud,8.614959034463316
1783707440,lat50_ms,tier=cloud,9.250401426987125
1783707450,lat50_ms,tier=cloud,9.674758922322058
1783707460,lat50_ms,tier=cloud,9.562481635960495
1783707470,lat50_ms,tier=cloud,10.479481586116844
1783707480,lat50_ms,tier=cloud,13.347835511870018
1783707490,lat50_ms,tier=cloud,16.272178143710555
1783707500,lat50_ms,tier=cloud,19.547837360349924
1783707510,lat50_ms,tier=cloud,23.765274196904997
1783707520,lat50_ms,tier=cloud,26.585597538728884
1783707530,lat50_ms,tier=cloud,28.585222106857902
1783707540,lat50_ms,tier=cloud,30.5243917670766
1783707550,lat50_ms,tier=cloud,32.37851878063172
1783707560,lat50_ms,tier=cloud,33.895170420063664
1783707570,lat50_ms,tier=cloud,34.63704054839178
1783707580,lat50_ms,tier=cloud,35.328269579062194
1783707590,lat50_ms,tier=cloud,35.947603706012316
1783707600,lat50_ms,tier=cloud,35.87337901542172
1783707610,lat50_ms,tier=cloud,35.92488975150723
1783707620,lat50_ms,tier=cloud,35.95779445366443
1783707630,lat50_ms,tier=cloud,35.36713245792668
1783707640,lat50_ms,tier=cloud,34.72821274794287
1783707650,lat50_ms,tier=cloud,33.87026335492375
1783707660,lat50_ms,tier=cloud,32.58258324915554
1783707670,lat50_ms,tier=cloud,31.233691383057543
1783707680,lat50_ms,tier=cloud,30.26956627022947
1783707690,lat50_ms,tier=cloud,28.984750689636744
1783707700,lat50_ms,tier=cloud,26.935149902895596
1783707710,lat50_ms,tier=cloud,24.616092558490124
1783707720,lat50_ms,tier=cloud,21.45781552219205
1783707730,lat50_ms,tier=cloud,18.372445295478986
1783707740,lat50_ms,tier=cloud,16.49273213986337
1783707750,lat50_ms,tier=cloud,16.705837983720542
1783707760,lat50_ms,tier=cloud,17.77946745741924
1783707770,lat50_ms,tier=cloud,17.548965634626434
1783707780,lat50_ms,tier=cloud,18.065403653853146
1783707790,lat50_ms,tier=cloud,19.51400095150332
1783707800,lat50_ms,tier=cloud,20.401310468669628
1783707810,lat50_ms,tier=cloud,22.80706127500475
1783707820,lat50_ms,tier=cloud,26.678290619120094
1783707830,lat50_ms,tier=cloud,28.816436670894564
1783707840,lat50_ms,tier=cloud,28.94868922538542
1783707850,lat50_ms,tier=cloud,27.8413436477441
1783707860,lat50_ms,tier=cloud,27.498665995147995
1783707870,lat50_ms,tier=cloud,26.35601838055661
1783707880,lat50_ms,tier=cloud,29.09953896525396
1783707890,lat50_ms,tier=cloud,31.39156734027923
1783707900,lat50_ms,tier=cloud,29.983652742906987
1783707910,lat50_ms,tier=cloud,35.27852340623959
1783707920,lat50_ms,tier=cloud,34.40094238041363
1783707930,lat50_ms,tier=cloud,31.60688340192154
1783707280,lat95_ms,tier=cloud,4.8500000000000005
1783707290,lat95_ms,tier=cloud,4.844615344949667
1783707300,lat95_ms,tier=cloud,4.919060946866222
1783707310,lat95_ms,tier=cloud,7.268516472471298
1783707320,lat95_ms,tier=cloud,8.085603415422636
1783707330,lat95_ms,tier=cloud,11.999999999999952
1783707340,lat95_ms,tier=cloud,14.170660002799824
1783707350,lat95_ms,tier=cloud,16.2492869660612
1783707360,lat95_ms,tier=cloud,17.465818152095345
1783707370,lat95_ms,tier=cloud,18.302650957290133
1783707380,lat95_ms,tier=cloud,18.663998427081182
1783707390,lat95_ms,tier=cloud,19.23980970408149
1783707400,lat95_ms,tier=cloud,19.47574326682945
1783707410,lat95_ms,tier=cloud,23.082000135728247
1783707420,lat95_ms,tier=cloud,31.483476502126393
1783707430,lat95_ms,tier=cloud,35.89839085672832
1783707440,lat95_ms,tier=cloud,38.40565178330181
1783707450,lat95_ms,tier=cloud,39.627181455807865
1783707460,lat95_ms,tier=cloud,40.241225572230206
1783707470,lat95_ms,tier=cloud,43.77321466519482
1783707480,lat95_ms,tier=cloud,49.72597077517199
1783707490,lat95_ms,tier=cloud,63.39782374849033
1783707500,lat95_ms,tier=cloud,68.65832664563865
1783707510,lat95_ms,tier=cloud,70.29029371602175
1783707520,lat95_ms,tier=cloud,71.38733559263714
1783707530,lat95_ms,tier=cloud,71.94464497936208
1783707540,lat95_ms,tier=cloud,72.42995216183782
1783707550,lat95_ms,tier=cloud,73.91049834324953
1783707560,lat95_ms,tier=cloud,74.90534356610603
1783707570,lat95_ms,tier=cloud,74.80909217834486
1783707580,lat95_ms,tier=cloud,74.66814732977834
1783707590,lat95_ms,tier=cloud,75.52759759059286
1783707600,lat95_ms,tier=cloud,75.30536617393265
1783707610,lat95_ms,tier=cloud,74.97912981842158
1783707620,lat95_ms,tier=cloud,76.26701433763047
1783707630,lat95_ms,tier=cloud,75.4899540997035
1783707640,lat95_ms,tier=cloud,75.71519112015214
1783707650,lat95_ms,tier=cloud,75.95630812609514
1783707660,lat95_ms,tier=cloud,73.90386667284373
1783707670,lat95_ms,tier=cloud,72.4571987186774
1783707680,lat95_ms,tier=cloud,72.14172973223411
1783707690,lat95_ms,tier=cloud,71.92095398622305
1783707700,lat95_ms,tier=cloud,69.21209339797852
1783707710,lat95_ms,tier=cloud,67.95973521850327
1783707720,lat95_ms,tier=cloud,62.447126841456594
1783707730,lat95_ms,tier=cloud,54.10943192421215
1783707740,lat95_ms,tier=cloud,60.15798880018235
1783707750,lat95_ms,tier=cloud,65.90895568398399
1783707760,lat95_ms,tier=cloud,69.94721545615022
1783707770,lat95_ms,tier=cloud,71.59656541353849
1783707780,lat95_ms,tier=cloud,73.0022415645585
1783707790,lat95_ms,tier=cloud,82.10521135848492
1783707800,lat95_ms,tier=cloud,86.14756445411669
1783707810,lat95_ms,tier=cloud,94.92152211051082
1783707820,lat95_ms,tier=cloud,103.4381688172584
1783707830,lat95_ms,tier=cloud,114.85452552646659
1783707840,lat95_ms,tier=cloud,117.33880149913384
1783707850,lat95_ms,tier=cloud,119.35077967439247
1783707860,lat95_ms,tier=cloud,123.61487080497896
1783707870,lat95_ms,tier=cloud,126.47755069938668
1783707880,lat95_ms,tier=cloud,131.11542076289396
1783707890,lat95_ms,tier=cloud,136.1729708754241
1783707900,lat95_ms,tier=cloud,131.41857910582635
1783707910,lat95_ms,tier=cloud,137.51574435941404
1783707920,lat95_ms,tier=cloud,133.56507925558455
1783707930,lat95_ms,tier=cloud,126.77759887826029
1783707280,lat99_ms,tier=cloud,4.970000000000001
1783707290,lat99_ms,tier=cloud,4.968923068989934
1783707300,lat99_ms,tier=cloud,8.023337557890656
1783707310,lat99_ms,tier=cloud,9.453703294494256
1783707320,lat99_ms,tier=cloud,9.617120683084526
1783707330,lat99_ms,tier=cloud,18.62598870056495
1783707340,lat99_ms,tier=cloud,19.07365295864379
1783707350,lat99_ms,tier=cloud,19.37629405801002
1783707360,lat99_ms,tier=cloud,19.677583262351778
1783707370,lat99_ms,tier=cloud,19.99828178694159
1783707380,lat99_ms,tier=cloud,25.613272716115024
1783707390,lat99_ms,tier=cloud,39.98897112660879
1783707400,lat99_ms,tier=cloud,41.77558460085306
1783707410,lat99_ms,tier=cloud,44.98361292662959
1783707420,lat99_ms,tier=cloud,46.52280566381697
1783707430,lat99_ms,tier=cloud,47.33581213094616
1783707440,lat99_ms,tier=cloud,47.79848972998659
1783707450,lat99_ms,tier=cloud,48.02209912200163
1783707460,lat99_ms,tier=cloud,48.13108538529859
1783707470,lat99_ms,tier=cloud,49.77804003645879
1783707480,lat99_ms,tier=cloud,78.85034881454479
1783707490,lat99_ms,tier=cloud,86.92550778048735
1783707500,lat99_ms,tier=cloud,90.34362714154135
1783707510,lat99_ms,tier=cloud,91.53379268126427
1783707520,lat99_ms,tier=cloud,92.50945088715237
1783707530,lat99_ms,tier=cloud,93.10454146182848
1783707540,lat99_ms,tier=cloud,94.1195429505215
1783707550,lat99_ms,tier=cloud,105.7054813502761
1783707560,lat99_ms,tier=cloud,115.85863751577824
1783707570,lat99_ms,tier=cloud,112.38591984612833
1783707580,lat99_ms,tier=cloud,109.35315599403872
1783707590,lat99_ms,tier=cloud,114.50748123486859
1783707600,lat99_ms,tier=cloud,114.33322628302633
1783707610,lat99_ms,tier=cloud,116.64454099341347
1783707620,lat99_ms,tier=cloud,118.6483900302193
1783707630,lat99_ms,tier=cloud,119.55241708523907
1783707640,lat99_ms,tier=cloud,121.141291715156
1783707650,lat99_ms,tier=cloud,122.33874571087267
1783707660,lat99_ms,tier=cloud,102.68629779767971
1783707670,lat99_ms,tier=cloud,97.12666200453268
1783707680,lat99_ms,tier=cloud,97.82416906434776
1783707690,lat99_ms,tier=cloud,98.74082024673366
1783707700,lat99_ms,tier=cloud,89.24823293045581
1783707710,lat99_ms,tier=cloud,86.50444167182027
1783707720,lat99_ms,tier=cloud,80.40259439487073
1783707730,lat99_ms,tier=cloud,73.27141251970346
1783707740,lat99_ms,tier=cloud,84.47946857820773
1783707750,lat99_ms,tier=cloud,91.72150687761936
1783707760,lat99_ms,tier=cloud,97.72411671712734
1783707770,lat99_ms,tier=cloud,103.04733707881766
1783707780,lat99_ms,tier=cloud,111.8435673536668
1783707790,lat99_ms,tier=cloud,137.64351071658655
1783707800,lat99_ms,tier=cloud,141.16160898918812
1783707810,lat99_ms,tier=cloud,149.65694824455022
1783707820,lat99_ms,tier=cloud,162.98004467736445
1783707830,lat99_ms,tier=cloud,170.91855267665588
1783707840,lat99_ms,tier=cloud,172.8944555369475
1783707850,lat99_ms,tier=cloud,175.62576235987729
1783707860,lat99_ms,tier=cloud,179.2659386782519
1783707870,lat99_ms,tier=cloud,182.14867969024536
1783707880,lat99_ms,tier=cloud,186.11714729256718
1783707890,lat99_ms,tier=cloud,189.91978713291715
1783707900,lat99_ms,tier=cloud,182.45199101465775
1783707910,lat99_ms,tier=cloud,182.84184563263833
1783707920,lat99_ms,tier=cloud,177.0546820026632
1783707930,lat99_ms,tier=cloud,169.26811725943261
1783707270,inflight,tier=cloud,0.0
1783707280,inflight,tier=cloud,0.0
1783707290,inflight,tier=cloud,0.0
1783707300,inflight,tier=cloud,0.0
1783707310,inflight,tier=cloud,0.0
1783707320,inflight,tier=cloud,0.0
1783707330,inflight,tier=cloud,0.0
1783707340,inflight,tier=cloud,0.0
1783707350,inflight,tier=cloud,0.0
1783707360,inflight,tier=cloud,5.0
1783707370,inflight,tier=cloud,0.0
1783707380,inflight,tier=cloud,0.0
1783707390,inflight,tier=cloud,0.0
1783707400,inflight,tier=cloud,0.0
1783707410,inflight,tier=cloud,0.0
1783707420,inflight,tier=cloud,0.0
1783707430,inflight,tier=cloud,0.0
1783707440,inflight,tier=cloud,0.0
1783707450,inflight,tier=cloud,2.0
1783707460,inflight,tier=cloud,0.0
1783707470,inflight,tier=cloud,0.0
1783707480,inflight,tier=cloud,12.0
1783707490,inflight,tier=cloud,8.0
1783707500,inflight,tier=cloud,0.0
1783707510,inflight,tier=cloud,13.0
1783707520,inflight,tier=cloud,47.0
1783707530,inflight,tier=cloud,32.0
1783707540,inflight,tier=cloud,26.0
1783707550,inflight,tier=cloud,36.0
1783707560,inflight,tier=cloud,37.0
1783707570,inflight,tier=cloud,12.0
1783707580,inflight,tier=cloud,5.0
1783707590,inflight,tier=cloud,37.0
1783707600,inflight,tier=cloud,12.0
1783707610,inflight,tier=cloud,10.0
1783707620,inflight,tier=cloud,0.0
1783707630,inflight,tier=cloud,1.0
1783707640,inflight,tier=cloud,0.0
1783707650,inflight,tier=cloud,4.0
1783707660,inflight,tier=cloud,0.0
1783707670,inflight,tier=cloud,0.0
1783707680,inflight,tier=cloud,0.0
1783707690,inflight,tier=cloud,0.0
1783707700,inflight,tier=cloud,1.0
1783707710,inflight,tier=cloud,0.0
1783707720,inflight,tier=cloud,7.0
1783707730,inflight,tier=cloud,0.0
1783707740,inflight,tier=cloud,8.0
1783707750,inflight,tier=cloud,0.0
1783707760,inflight,tier=cloud,0.0
1783707770,inflight,tier=cloud,0.0
1783707780,inflight,tier=cloud,0.0
1783707790,inflight,tier=cloud,0.0
1783707800,inflight,tier=cloud,0.0
1783707810,inflight,tier=cloud,4.0
1783707820,inflight,tier=cloud,7.0
1783707830,inflight,tier=cloud,5.0
1783707840,inflight,tier=cloud,0.0
1783707850,inflight,tier=cloud,0.0
1783707860,inflight,tier=cloud,0.0
1783707870,inflight,tier=cloud,0.0
1783707880,inflight,tier=cloud,0.0
1783707890,inflight,tier=cloud,0.0
1783707900,inflight,tier=cloud,0.0
1783707910,inflight,tier=cloud,0.0
1783707920,inflight,tier=cloud,0.0
1783707930,inflight,tier=cloud,0.0
1783707270,inflight,tier=edge,0.0
1783707280,inflight,tier=edge,0.0
1783707290,inflight,tier=edge,0.0
1783707300,inflight,tier=edge,0.0
1783707310,inflight,tier=edge,0.0
1783707320,inflight,tier=edge,0.0
1783707330,inflight,tier=edge,0.0
1783707340,inflight,tier=edge,0.0
1783707350,inflight,tier=edge,0.0
1783707360,inflight,tier=edge,0.0
1783707370,inflight,tier=edge,0.0
1783707380,inflight,tier=edge,0.0
1783707390,inflight,tier=edge,0.0
1783707400,inflight,tier=edge,0.0
1783707410,inflight,tier=edge,0.0
1783707420,inflight,tier=edge,0.0
1783707430,inflight,tier=edge,0.0
1783707440,inflight,tier=edge,0.0
1783707450,inflight,tier=edge,0.0
1783707460,inflight,tier=edge,0.0
1783707470,inflight,tier=edge,0.0
1783707480,inflight,tier=edge,0.0
1783707490,inflight,tier=edge,0.0
1783707500,inflight,tier=edge,0.0
1783707510,inflight,tier=edge,0.0
1783707520,inflight,tier=edge,0.0
1783707530,inflight,tier=edge,0.0
1783707540,inflight,tier=edge,0.0
1783707550,inflight,tier=edge,0.0
1783707560,inflight,tier=edge,0.0
1783707570,inflight,tier=edge,0.0
1783707580,inflight,tier=edge,0.0
1783707590,inflight,tier=edge,0.0
1783707600,inflight,tier=edge,0.0
1783707610,inflight,tier=edge,0.0
1783707620,inflight,tier=edge,0.0
1783707630,inflight,tier=edge,0.0
1783707640,inflight,tier=edge,0.0
1783707650,inflight,tier=edge,0.0
1783707660,inflight,tier=edge,0.0
1783707670,inflight,tier=edge,0.0
1783707680,inflight,tier=edge,0.0
1783707690,inflight,tier=edge,0.0
1783707700,inflight,tier=edge,0.0
1783707710,inflight,tier=edge,0.0
1783707720,inflight,tier=edge,0.0
1783707730,inflight,tier=edge,0.0
1783707740,inflight,tier=edge,0.0
1783707750,inflight,tier=edge,0.0
1783707760,inflight,tier=edge,0.0
1783707770,inflight,tier=edge,0.0
1783707780,inflight,tier=edge,0.0
1783707790,inflight,tier=edge,0.0
1783707800,inflight,tier=edge,0.0
1783707810,inflight,tier=edge,0.0
1783707820,inflight,tier=edge,0.0
1783707830,inflight,tier=edge,0.0
1783707840,inflight,tier=edge,0.0
1783707850,inflight,tier=edge,0.0
1783707860,inflight,tier=edge,0.0
1783707870,inflight,tier=edge,0.0
1783707880,inflight,tier=edge,0.0
1783707890,inflight,tier=edge,0.0
1783707900,inflight,tier=edge,0.0
1783707910,inflight,tier=edge,0.0
1783707920,inflight,tier=edge,0.0
1783707930,inflight,tier=edge,0.0
