ts,metric,labels,value
1783667359,replicas_status,deployment=workload-cloud,1.0
1783667369,replicas_status,deployment=workload-cloud,1.0
1783667379,replicas_status,deployment=workload-cloud,1.0
1783667389,replicas_status,deployment=workload-cloud,1.0
1783667399,replicas_status,deployment=workload-cloud,1.0
1783667409,replicas_status,deployment=workload-cloud,1.0
1783667419,replicas_status,deployment=workload-cloud,1.0
1783667429,replicas_status,deployment=workload-cloud,1.0
1783667439,replicas_status,deployment=workload-cloud,1.0
1783667449,replicas_status,deployment=workload-cloud,2.0
1783667459,replicas_status,deployment=workload-cloud,2.0
1783667469,replicas_status,deployment=workload-cloud,2.0
1783667479,replicas_status,deployment=workload-cloud,2.0
1783667489,replicas_status,deployment=workload-cloud,2.0
1783667499,replicas_status,deployment=workload-cloud,2.0
1783667509,replicas_status,deployment=workload-cloud,3.0
1783667519,replicas_status,deployment=workload-cloud,3.0
1783667529,replicas_status,deployment=workload-cloud,3.0
1783667539,replicas_status,deployment=workload-cloud,3.0
1783667549,replicas_status,deployment=workload-cloud,3.0
1783667559,replicas_status,deployment=workload-cloud,5.0
1783667569,replicas_status,deployment=workload-cloud,5.0
1783667579,replicas_status,deployment=workload-cloud,5.0
1783667589,replicas_status,deployment=workload-cloud,6.0
1783667599,replicas_status,deployment=workload-cloud,6.0
1783667609,replicas_status,deployment=workload-cloud,6.0
1783667619,replicas_status,deployment=workload-cloud,6.0
1783667629,replicas_status,deployment=workload-cloud,6.0
1783667639,replicas_status,deployment=workload-cloud,6.0
1783667649,replicas_status,deployment=workload-cloud,6.0
1783667659,replicas_status,deployment=workload-cloud,6.0
1783667669,replicas_status,deployment=workload-cloud,6.0
1783667679,replicas_status,deployment=workload-cloud,6.0
1783667689,replicas_status,deployment=workload-cloud,6.0
1783667699,replicas_status,deployment=workload-cloud,6.0
1783667709,replicas_status,deployment=workload-cloud,6.0
1783667719,replicas_status,deployment=workload-cloud,6.0
1783667729,replicas_status,deployment=workload-cloud,6.0
1783667739,replicas_status,deployment=workload-cloud,6.0
1783667749,replicas_status,deployment=workload-cloud,6.0
1783667759,replicas_status,deployment=workload-cloud,6.0
1783667769,replicas_status,deployment=workload-cloud,6.0
1783667779,replicas_status,deployment=workload-cloud,6.0
1783667789,replicas_status,deployment=workload-cloud,6.0
1783667799,replicas_status,deployment=workload-cloud,6.0
1783667809,replicas_status,deployment=workload-cloud,6.0
1783667819,replicas_status,deployment=workload-cloud,6.0
1783667829,replicas_status,deployment=workload-cloud,6.0
1783667839,replicas_status,deployment=workload-cloud,6.0
1783667849,replicas_status,deployment=workload-cloud,6.0
1783667859,replicas_status,deployment=workload-cloud,6.0
1783667869,replicas_status,deployment=workload-cloud,6.0
1783667879,replicas_status,deployment=workload-cloud,6.0
1783667889,replicas_status,deployment=workload-cloud,6.0
1783667899,replicas_status,deployment=workload-cloud,6.0
1783667909,replicas_status,deployment=workload-cloud,6.0
1783667919,replicas_status,deployment=workload-cloud,6.0
1783667929,replicas_status,deployment=workload-cloud,6.0
1783667939,replicas_status,deployment=workload-cloud,6.0
1783667949,replicas_status,deployment=workload-cloud,6.0
1783667959,replicas_status,deployment=workload-cloud,6.0
1783667969,replicas_status,deployment=workload-cloud,6.0
1783667979,replicas_status,deployment=workload-cloud,6.0
1783667989,replicas_status,deployment=workload-cloud,6.0
1783667999,replicas_status,deployment=workload-cloud,6.0
1783667359,replicas_status,deployment=workload-edge,1.0
1783667369,replicas_status,deployment=workload-edge,1.0
1783667379,replicas_status,deployment=workload-edge,1.0
1783667389,replicas_status,deployment=workload-edge,1.0
1783667399,replicas_status,deployment=workload-edge,1.0
1783667409,replicas_status,deployment=workload-edge,1.0
1783667419,replicas_status,deployment=workload-edge,1.0
1783667429,replicas_status,deployment=workload-edge,1.0
1783667439,replicas_status,deployment=workload-edge,1.0
1783667449,replicas_status,deployment=workload-edge,1.0
1783667459,replicas_status,deployment=workload-edge,1.0
1783667469,replicas_status,deployment=workload-edge,1.0
1783667479,replicas_status,deployment=workload-edge,1.0
1783667489,replicas_status,deployment=workload-edge,1.0
1783667499,replicas_status,deployment=workload-edge,1.0
1783667509,replicas_status,deployment=workload-edge,1.0
1783667519,replicas_status,deployment=workload-edge,1.0
1783667529,replicas_status,deployment=workload-edge,1.0
1783667539,replicas_status,deployment=workload-edge,1.0
1783667549,replicas_status,deployment=workload-edge,1.0
1783667559,replicas_status,deployment=workload-edge,1.0
1783667569,replicas_status,deployment=workload-edge,1.0
1783667579,replicas_status,deployment=workload-edge,1.0
1783667589,replicas_status,deployment=workload-edge,1.0
1783667599,replicas_status,deployment=workload-edge,1.0
1783667609,replicas_status,deployment=workload-edge,1.0
1783667619,replicas_status,deployment=workload-edge,1.0
1783667629,replicas_status,deployment=workload-edge,1.0
1783667639,replicas_status,deployment=workload-edge,1.0
1783667649,replicas_status,deployment=workload-edge,1.0
1783667659,replicas_status,deployment=workload-edge,1.0
1783667669,replicas_status,deployment=workload-edge,1.0
1783667679,replicas_status,deployment=workload-edge,1.0
1783667689,replicas_status,deployment=workload-edge,1.0
1783667699,replicas_status,deployment=workload-edge,1.0
1783667709,replicas_status,deployment=workload-edge,1.0
1783667719,replicas_status,deployment=workload-edge,1.0
1783667729,replicas_status,deployment=workload-edge,1.0
1783667739,replicas_status,deployment=workload-edge,1.0
1783667749,replicas_status,deployment=workload-edge,1.0
1783667759,replicas_status,deployment=workload-edge,1.0
1783667769,replicas_status,deployment=workload-edge,1.0
1783667779,replicas_status,deployment=workload-edge,1.0
1783667789,replicas_status,deployment=workload-edge,1.0
1783667799,replicas_status,deployment=workload-edge,1.0
1783667809,replicas_status,deployment=workload-edge,1.0
1783667819,replicas_status,deployment=workload-edge,1.0
1783667829,replicas_status,deployment=workload-edge,1.0
1783667839,replicas_status,deployment=workload-edge,1.0
1783667849,replicas_status,deployment=workload-edge,1.0
1783667859,replicas_status,deployment=workload-edge,1.0
1783667869,replicas_status,deployment=workload-edge,1.0
1783667879,replicas_status,deployment=workload-edge,1.0
1783667889,replicas_status,deployment=workload-edge,1.0
1783667899,replicas_status,deployment=workload-edge,1.0
1783667909,replicas_status,deployment=workload-edge,1.0
1783667919,replicas_status,deployment=workload-edge,1.0
1783667929,replicas_status,deployment=workload-edge,1.0
1783667939,replicas_status,deployment=workload-edge,1.0
1783667949,replicas_status,deployment=workload-edge,1.0
1783667959,replicas_status,deployment=workload-edge,1.0
1783667969,replicas_status,deployment=workload-edge,1.0
1783667979,replicas_status,deployment=workload-edge,1.0
1783667989,replicas_status,deployment=workload-edge,1.0
1783667999,replicas_status,deployment=workload-edge,1.0
1783667359,replicas_spec,deployment=workload-cloud,1.0
1783667369,replicas_spec,deployment=workload-cloud,1.0
1783667379,replicas_spec,deployment=workload-cloud,1.0
1783667389,replicas_spec,deployment=workload-cloud,1.0
1783667399,replicas_spec,deployment=workload-cloud,1.0
1783667409,replicas_spec,deployment=workload-cloud,1.0
1783667419,replicas_spec,deployment=workload-cloud,1.0
1783667429,replicas_spec,deployment=workload-cloud,1.0
1783667439,replicas_spec,deployment=workload-cloud,1.0
1783667449,replicas_spec,deployment=workload-cloud,2.0
1783667459,replicas_spec,deployment=workload-cloud,2.0
1783667469,replicas_spec,deployment=workload-cloud,2.0
1783667479,replicas_spec,deployment=workload-cloud,2.0
1783667489,replicas_spec,deployment=workload-cloud,2.0
1783667499,replicas_spec,deployment=workload-cloud,2.0
1783667509,replicas_spec,deployment=workload-cloud,3.0
1783667519,replicas_spec,deployment=workload-cloud,3.0
1783667529,replicas_spec,deployment=workload-cloud,3.0
1783667539,replicas_spec,deployment=workload-cloud,3.0
1783667549,replicas_spec,deployment=workload-cloud,3.0
1783667559,replicas_spec,deployment=workload-cloud,5.0
1783667569,replicas_spec,deployment=workload-cloud,5.0
1783667579,replicas_spec,deployment=workload-cloud,5.0
1783667589,replicas_spec,deployment=workload-cloud,6.0
1783667599,replicas_spec,deployment=workload-cloud,6.0
1783667609,replicas_spec,deployment=workload-cloud,6.0
1783667619,replicas_spec,deployment=workload-cloud,6.0
1783667629,replicas_spec,deployment=workload-cloud,6.0
1783667639,replicas_spec,deployment=workload-cloud,6.0
1783667649,replicas_spec,deployment=workload-cloud,6.0
1783667659,replicas_spec,deployment=workload-cloud,6.0
1783667669,replicas_spec,deployment=workload-cloud,6.0
1783667679,replicas_spec,deployment=workload-cloud,6.0
1783667689,replicas_spec,deployment=workload-cloud,6.0
1783667699,replicas_spec,deployment=workload-cloud,6.0
1783667709,replicas_spec,deployment=workload-cloud,6.0
1783667719,replicas_spec,deployment=workload-cloud,6.0
1783667729,replicas_spec,deployment=workload-cloud,6.0
1783667739,replicas_spec,deployment=workload-cloud,6.0
1783667749,replicas_spec,deployment=workload-cloud,6.0
1783667759,replicas_spec,deployment=workload-cloud,6.0
1783667769,replicas_spec,deployment=workload-cloud,6.0
1783667779,replicas_spec,deployment=workload-cloud,6.0
1783667789,replicas_spec,deployment=workload-cloud,6.0
1783667799,replicas_spec,deployment=workload-cloud,6.0
1783667809,replicas_spec,deployment=workload-cloud,6.0
1783667819,replicas_spec,deployment=workload-cloud,6.0
1783667829,replicas_spec,deployment=workload-cloud,6.0
1783667839,replicas_spec,deployment=workload-cloud,6.0
1783667849,replicas_spec,deployment=workload-cloud,6.0
1783667859,replicas_spec,deployment=workload-cloud,6.0
1783667869,replicas_spec,deployment=workload-cloud,6.0
1783667879,replicas_spec,deployment=workload-cloud,6.0
1783667889,replicas_spec,deployment=workload-cloud,6.0
1783667899,replicas_spec,deployment=workload-cloud,6.0
1783667909,replicas_spec,deployment=workload-cloud,6.0
1783667919,replicas_spec,deployment=workload-cloud,6.0
1783667929,replicas_spec,deployment=workload-cloud,6.0
1783667939,replicas_spec,deployment=workload-cloud,6.0
1783667949,replicas_spec,deployment=workload-cloud,6.0
1783667959,replicas_spec,deployment=workload-cloud,6.0
1783667969,replicas_spec,deployment=workload-cloud,6.0
1783667979,replicas_spec,deployment=workload-cloud,6.0
1783667989,replicas_spec,deployment=workload-cloud,6.0
1783667999,replicas_spec,deployment=workload-cloud,6.0
1783667359,replicas_spec,deployment=workload-edge,1.0
1783667369,replicas_spec,deployment=workload-edge,1.0
1783667379,replicas_spec,deployment=workload-edge,1.0
1783667389,replicas_spec,deployment=workload-edge,1.0
1783667399,replicas_spec,deployment=workload-edge,1.0
1783667409,replicas_spec,deployment=workload-edge,1.0
1783667419,replicas_spec,deployment=workload-edge,1.0
1783667429,replicas_spec,deployment=workload-edge,1.0
1783667439,replicas_spec,deployment=workload-edge,1.0
1783667449,replicas_spec,deployment=workload-edge,1.0
1783667459,replicas_spec,deployment=workload-edge,1.0
1783667469,replicas_spec,deployment=workload-edge,1.0
1783667479,replicas_spec,deployment=workload-edge,1.0
1783667489,replicas_spec,deployment=workload-edge,1.0
1783667499,replicas_spec,deployment=workload-edge,1.0
1783667509,replicas_spec,deployment=workload-edge,1.0
1783667519,replicas_spec,deployment=workload-edge,1.0
1783667529,replicas_spec,deployment=workload-edge,1.0
1783667539,replicas_spec,deployment=workload-edge,1.0
1783667549,replicas_spec,deployment=workload-edge,1.0
1783667559,replicas_spec,deployment=workload-edge,1.0
1783667569,replicas_spec,deployment=workload-edge,1.0
1783667579,replicas_spec,deployment=workload-edge,1.0
1783667589,replicas_spec,deployment=workload-edge,1.0
1783667599,replicas_spec,deployment=workload-edge,1.0
1783667609,replicas_spec,deployment=workload-edge,1.0
1783667619,replicas_spec,deployment=workload-edge,1.0
1783667629,replicas_spec,deployment=workload-edge,1.0
1783667639,replicas_spec,deployment=workload-edge,1.0
1783667649,replicas_spec,deployment=workload-edge,1.0
1783667659,replicas_spec,deployment=workload-edge,1.0
1783667669,replicas_spec,deployment=workload-edge,1.0
1783667679,replicas_spec,deployment=workload-edge,1.0
1783667689,replicas_spec,deployment=workload-edge,1.0
1783667699,replicas_spec,deployment=workload-edge,1.0
1783667709,replicas_spec,deployment=workload-edge,1.0
1783667719,replicas_spec,deployment=workload-edge,1.0
1783667729,replicas_spec,deployment=workload-edge,1.0
1783667739,replicas_spec,deployment=workload-edge,1.0
1783667749,replicas_spec,deployment=workload-edge,1.0
1783667759,replicas_spec,deployment=workload-edge,1.0
1783667769,replicas_spec,deployment=workload-edge,1.0
1783667779,replicas_spec,deployment=workload-edge,1.0
1783667789,replicas_spec,deployment=workload-edge,1.0
1783667799,replicas_spec,deployment=workload-edge,1.0
1783667809,replicas_spec,deployment=workload-edge,1.0
1783667819,replicas_spec,deployment=workload-edge,1.0
1783667829,replicas_spec,deployment=workload-edge,1.0
1783667839,replicas_spec,deployment=workload-edge,1.0
1783667849,replicas_spec,deployment=workload-edge,1.0
1783667859,replicas_spec,deployment=workload-edge,1.0
1783667869,replicas_spec,deployment=workload-edge,1.0
1783667879,replicas_spec,deployment=workload-edge,1.0
1783667889,replicas_spec,deployment=workload-edge,1.0
1783667899,replicas_spec,deployment=workload-edge,1.0
1783667909,replicas_spec,deployment=workload-edge,1.0
1783667919,replicas_spec,deployment=workload-edge,1.0
1783667929,replicas_spec,deployment=workload-edge,1.0
1783667939,replicas_spec,deployment=workload-edge,1.0
1783667949,replicas_spec,deployment=workload-edge,1.0
1783667959,replicas_spec,deployment=workload-edge,1.0
1783667969,replicas_spec,deployment=workload-edge,1.0
1783667979,replicas_spec,deployment=workload-edge,1.0
1783667989,replicas_spec,deployment=workload-edge,1.0
1783667999,replicas_spec,deployment=workload-edge,1.0
1783667519,cpu_cores,pod=workload-cloud-6f545f89ff-cdqw6,0.018602332026821513
1783667529,cpu_cores,pod=workload-cloud-6f545f89ff-cdqw6,0.018555933333333333
1783667539,cpu_cores,pod=workload-cloud-6f545f89ff-cdqw6,0.022403147076526228
1783667549,cpu_cores,pod=workload-cloud-6f545f89ff-cdqw6,0.03726772198530059
1783667559,cpu_cores,pod=workload-cloud-6f545f89ff-cdqw6,0.04482538636343631
1783667569,cpu_cores,pod=workload-cloud-6f545f89ff-cdqw6,0.13262631374075515
1783667579,cpu_cores,pod=workload-cloud-6f545f89ff-cdqw6,0.2224384659153417
1783667589,cpu_cores,pod=workload-cloud-6f545f89ff-cdqw6,0.2617193382036958
1783667599,cpu_cores,pod=workload-cloud-6f545f89ff-cdqw6,0.35107859138326586
1783667609,cpu_cores,pod=workload-cloud-6f545f89ff-cdqw6,0.4074242916275986
1783667619,cpu_cores,pod=workload-cloud-6f545f89ff-cdqw6,0.4074242916275986
1783667629,cpu_cores,pod=workload-cloud-6f545f89ff-cdqw6,0.4129234025355228
1783667639,cpu_cores,pod=workload-cloud-6f545f89ff-cdqw6,0.41346398134407464
1783667649,cpu_cores,pod=workload-cloud-6f545f89ff-cdqw6,0.41346398134407464
1783667659,cpu_cores,pod=workload-cloud-6f545f89ff-cdqw6,0.41004051661704355
1783667669,cpu_cores,pod=workload-cloud-6f545f89ff-cdqw6,0.40927934956292894
1783667679,cpu_cores,pod=workload-cloud-6f545f89ff-cdqw6,0.4086679470111958
1783667689,cpu_cores,pod=workload-cloud-6f545f89ff-cdqw6,0.4077465712197428
1783667699,cpu_cores,pod=workload-cloud-6f545f89ff-cdqw6,0.32306037047407854
1783667709,cpu_cores,pod=workload-cloud-6f545f89ff-cdqw6,0.3946775073587479
1783667719,cpu_cores,pod=workload-cloud-6f545f89ff-cdqw6,0.36591873014272014
1783667729,cpu_cores,pod=workload-cloud-6f545f89ff-cdqw6,0.2982949159305114
1783667739,cpu_cores,pod=workload-cloud-6f545f89ff-cdqw6,0.25222975029087996
1783667749,cpu_cores,pod=workload-cloud-6f545f89ff-cdqw6,0.1270716839288268
1783667759,cpu_cores,pod=workload-cloud-6f545f89ff-cdqw6,0.1270716839288268
1783667769,cpu_cores,pod=workload-cloud-6f545f89ff-cdqw6,0.056260005338553194
1783667779,cpu_cores,pod=workload-cloud-6f545f89ff-cdqw6,0.032635529522599994
1783667789,cpu_cores,pod=workload-cloud-6f545f89ff-cdqw6,0.0326355295226
1783667799,cpu_cores,pod=workload-cloud-6f545f89ff-cdqw6,0.032563986435740516
1783667809,cpu_cores,pod=workload-cloud-6f545f89ff-cdqw6,0.020194075000000214
1783667819,cpu_cores,pod=workload-cloud-6f545f89ff-cdqw6,0.03237131582467558
1783667829,cpu_cores,pod=workload-cloud-6f545f89ff-cdqw6,0.03250392784405
1783667839,cpu_cores,pod=workload-cloud-6f545f89ff-cdqw6,0.032925202501794135
1783667849,cpu_cores,pod=workload-cloud-6f545f89ff-cdqw6,0.032925202501794135
1783667859,cpu_cores,pod=workload-cloud-6f545f89ff-cdqw6,0.033020137497970274
1783667869,cpu_cores,pod=workload-cloud-6f545f89ff-cdqw6,0.03291941303824876
1783667879,cpu_cores,pod=workload-cloud-6f545f89ff-cdqw6,0.03255756898152075
1783667889,cpu_cores,pod=workload-cloud-6f545f89ff-cdqw6,0.03255756898152075
1783667899,cpu_cores,pod=workload-cloud-6f545f89ff-cdqw6,0.03260444321140457
1783667909,cpu_cores,pod=workload-cloud-6f545f89ff-cdqw6,0.03260444321140457
1783667919,cpu_cores,pod=workload-cloud-6f545f89ff-cdqw6,0.02744758554802858
1783667929,cpu_cores,pod=workload-cloud-6f545f89ff-cdqw6,0.01913601309723819
1783667939,cpu_cores,pod=workload-cloud-6f545f89ff-cdqw6,0.007266044412866009
1783667949,cpu_cores,pod=workload-cloud-6f545f89ff-cdqw6,0.008828074021207293
1783667959,cpu_cores,pod=workload-cloud-6f545f89ff-cdqw6,0.0022900797274947693
1783667969,cpu_cores,pod=workload-cloud-6f545f89ff-cdqw6,0.0019356199150066138
1783667979,cpu_cores,pod=workload-cloud-6f545f89ff-cdqw6,0.002295053120119826
1783667989,cpu_cores,pod=workload-cloud-6f545f89ff-cdqw6,0.002268210027764012
1783667999,cpu_cores,pod=workload-cloud-6f545f89ff-cdqw6,0.002205921680993322
1783667569,cpu_cores,pod=workload-cloud-6f545f89ff-gvqhf,0.030594599689157072
1783667579,cpu_cores,pod=workload-cloud-6f545f89ff-gvqhf,0.07317760067917381
1783667589,cpu_cores,pod=workload-cloud-6f545f89ff-gvqhf,0.11867491180956126
1783667599,cpu_cores,pod=workload-cloud-6f545f89ff-gvqhf,0.1494601635138088
1783667609,cpu_cores,pod=workload-cloud-6f545f89ff-gvqhf,0.20066984262416498
1783667619,cpu_cores,pod=workload-cloud-6f545f89ff-gvqhf,0.23639090788072414
1783667629,cpu_cores,pod=workload-cloud-6f545f89ff-gvqhf,0.24325542158586616
1783667639,cpu_cores,pod=workload-cloud-6f545f89ff-gvqhf,0.2512722613838924
1783667649,cpu_cores,pod=workload-cloud-6f545f89ff-gvqhf,0.1974142666075532
1783667659,cpu_cores,pod=workload-cloud-6f545f89ff-gvqhf,0.25173255872314804
1783667669,cpu_cores,pod=workload-cloud-6f545f89ff-gvqhf,0.25494581928603877
1783667679,cpu_cores,pod=workload-cloud-6f545f89ff-gvqhf,0.25494581928603877
1783667689,cpu_cores,pod=workload-cloud-6f545f89ff-gvqhf,0.24263731180845274
1783667699,cpu_cores,pod=workload-cloud-6f545f89ff-gvqhf,0.23142419026137198
1783667709,cpu_cores,pod=workload-cloud-6f545f89ff-gvqhf,0.22214627791926467
1783667719,cpu_cores,pod=workload-cloud-6f545f89ff-gvqhf,0.1823483343469153
1783667729,cpu_cores,pod=workload-cloud-6f545f89ff-gvqhf,0.10082767978290377
1783667739,cpu_cores,pod=workload-cloud-6f545f89ff-gvqhf,0.07300788012117716
1783667749,cpu_cores,pod=workload-cloud-6f545f89ff-gvqhf,0.0147515831745868
1783667759,cpu_cores,pod=workload-cloud-6f545f89ff-gvqhf,0.0022833607134475006
1783667769,cpu_cores,pod=workload-cloud-6f545f89ff-gvqhf,0.002346138635219646
1783667779,cpu_cores,pod=workload-cloud-6f545f89ff-gvqhf,0.0023534539319522646
1783667789,cpu_cores,pod=workload-cloud-6f545f89ff-gvqhf,0.0023551437038430573
1783667799,cpu_cores,pod=workload-cloud-6f545f89ff-gvqhf,0.0023503125723548196
1783667809,cpu_cores,pod=workload-cloud-6f545f89ff-gvqhf,0.0023503125723548196
1783667819,cpu_cores,pod=workload-cloud-6f545f89ff-gvqhf,0.002273852614738495
1783667829,cpu_cores,pod=workload-cloud-6f545f89ff-gvqhf,0.002261092595275978
1783667839,cpu_cores,pod=workload-cloud-6f545f89ff-gvqhf,0.0023004118321830976
1783667849,cpu_cores,pod=workload-cloud-6f545f89ff-gvqhf,0.0023301129723411833
1783667859,cpu_cores,pod=workload-cloud-6f545f89ff-gvqhf,0.0023669074300282523
1783667869,cpu_cores,pod=workload-cloud-6f545f89ff-gvqhf,0.0023353788633085903
1783667879,cpu_cores,pod=workload-cloud-6f545f89ff-gvqhf,0.0023123342392194985
1783667889,cpu_cores,pod=workload-cloud-6f545f89ff-gvqhf,0.002307340152892443
1783667899,cpu_cores,pod=workload-cloud-6f545f89ff-gvqhf,0.0022830704613567006
1783667909,cpu_cores,pod=workload-cloud-6f545f89ff-gvqhf,0.0022830704613567006
1783667919,cpu_cores,pod=workload-cloud-6f545f89ff-gvqhf,0.002289259753107623
1783667929,cpu_cores,pod=workload-cloud-6f545f89ff-gvqhf,0.0022385681723031876
1783667939,cpu_cores,pod=workload-cloud-6f545f89ff-gvqhf,0.001877810474846683
1783667949,cpu_cores,pod=workload-cloud-6f545f89ff-gvqhf,0.002282982484332313
1783667959,cpu_cores,pod=workload-cloud-6f545f89ff-gvqhf,0.002329308005427329
1783667969,cpu_cores,pod=workload-cloud-6f545f89ff-gvqhf,0.002329308005427329
1783667979,cpu_cores,pod=workload-cloud-6f545f89ff-gvqhf,0.002330491748204678
1783667989,cpu_cores,pod=workload-cloud-6f545f89ff-gvqhf,0.0023072019443971374
1783667999,cpu_cores,pod=workload-cloud-6f545f89ff-gvqhf,0.0023072019443971374
1783667599,cpu_cores,pod=workload-cloud-6f545f89ff-lgs7t,0.01499238767499498
1783667609,cpu_cores,pod=workload-cloud-6f545f89ff-lgs7t,0.012993088427257554
1783667619,cpu_cores,pod=workload-cloud-6f545f89ff-lgs7t,0.017183629719588554
1783667629,cpu_cores,pod=workload-cloud-6f545f89ff-lgs7t,0.015482767672758076
1783667639,cpu_cores,pod=workload-cloud-6f545f89ff-lgs7t,0.013822539419684643
1783667649,cpu_cores,pod=workload-cloud-6f545f89ff-lgs7t,0.0021690009107243973
1783667659,cpu_cores,pod=workload-cloud-6f545f89ff-lgs7t,0.002175176680342836
1783667669,cpu_cores,pod=workload-cloud-6f545f89ff-lgs7t,0.002175250620803828
1783667679,cpu_cores,pod=workload-cloud-6f545f89ff-lgs7t,0.0021688046336436643
1783667689,cpu_cores,pod=workload-cloud-6f545f89ff-lgs7t,0.0021411649977404064
1783667699,cpu_cores,pod=workload-cloud-6f545f89ff-lgs7t,0.0017510453403956662
1783667709,cpu_cores,pod=workload-cloud-6f545f89ff-lgs7t,0.0016966799455128809
1783667719,cpu_cores,pod=workload-cloud-6f545f89ff-lgs7t,0.0021595099023455308
1783667729,cpu_cores,pod=workload-cloud-6f545f89ff-lgs7t,0.002206112341978366
1783667739,cpu_cores,pod=workload-cloud-6f545f89ff-lgs7t,0.002181713040190389
1783667749,cpu_cores,pod=workload-cloud-6f545f89ff-lgs7t,0.002181713040190389
1783667759,cpu_cores,pod=workload-cloud-6f545f89ff-lgs7t,0.002145564730310492
1783667769,cpu_cores,pod=workload-cloud-6f545f89ff-lgs7t,0.002175883669680196
1783667779,cpu_cores,pod=workload-cloud-6f545f89ff-lgs7t,0.002174599000788851
1783667789,cpu_cores,pod=workload-cloud-6f545f89ff-lgs7t,0.0022153226965646085
1783667799,cpu_cores,pod=workload-cloud-6f545f89ff-lgs7t,0.002167765567765568
1783667809,cpu_cores,pod=workload-cloud-6f545f89ff-lgs7t,0.002225826960115185
1783667819,cpu_cores,pod=workload-cloud-6f545f89ff-lgs7t,0.001901382861078315
1783667829,cpu_cores,pod=workload-cloud-6f545f89ff-lgs7t,0.002176671125879258
1783667839,cpu_cores,pod=workload-cloud-6f545f89ff-lgs7t,0.0022781329526410554
1783667849,cpu_cores,pod=workload-cloud-6f545f89ff-lgs7t,0.002173474206114979
1783667859,cpu_cores,pod=workload-cloud-6f545f89ff-lgs7t,0.002094263258218658
1783667869,cpu_cores,pod=workload-cloud-6f545f89ff-lgs7t,0.0020436519332689305
1783667879,cpu_cores,pod=workload-cloud-6f545f89ff-lgs7t,0.0021380171740827455
1783667889,cpu_cores,pod=workload-cloud-6f545f89ff-lgs7t,0.002221136168648119
1783667899,cpu_cores,pod=workload-cloud-6f545f89ff-lgs7t,0.002163199629808806
1783667909,cpu_cores,pod=workload-cloud-6f545f89ff-lgs7t,0.0021919715597689252
1783667919,cpu_cores,pod=workload-cloud-6f545f89ff-lgs7t,0.0022034630408653876
1783667929,cpu_cores,pod=workload-cloud-6f545f89ff-lgs7t,0.002134801915110023
1783667939,cpu_cores,pod=workload-cloud-6f545f89ff-lgs7t,0.002196211412535078
1783667949,cpu_cores,pod=workload-cloud-6f545f89ff-lgs7t,0.0022437115812497664
1783667959,cpu_cores,pod=workload-cloud-6f545f89ff-lgs7t,0.0023356482362342557
1783667969,cpu_cores,pod=workload-cloud-6f545f89ff-lgs7t,0.0023662597950572617
1783667979,cpu_cores,pod=workload-cloud-6f545f89ff-lgs7t,0.00208547953494198
1783667989,cpu_cores,pod=workload-cloud-6f545f89ff-lgs7t,0.0024084260034277997
1783667999,cpu_cores,pod=workload-cloud-6f545f89ff-lgs7t,0.0023959961300885593
1783667569,cpu_cores,pod=workload-cloud-6f545f89ff-m99m2,0.05011351260928043
1783667579,cpu_cores,pod=workload-cloud-6f545f89ff-m99m2,0.05506548333333334
1783667589,cpu_cores,pod=workload-cloud-6f545f89ff-m99m2,0.1484978592158711
1783667599,cpu_cores,pod=workload-cloud-6f545f89ff-m99m2,0.2117741973615628
1783667609,cpu_cores,pod=workload-cloud-6f545f89ff-m99m2,0.255497692734426
1783667619,cpu_cores,pod=workload-cloud-6f545f89ff-m99m2,0.3070810163401488
1783667629,cpu_cores,pod=workload-cloud-6f545f89ff-m99m2,0.3133350038550501
1783667639,cpu_cores,pod=workload-cloud-6f545f89ff-m99m2,0.3084438124814628
1783667649,cpu_cores,pod=workload-cloud-6f545f89ff-m99m2,0.30696564373719226
1783667659,cpu_cores,pod=workload-cloud-6f545f89ff-m99m2,0.298338370137877
1783667669,cpu_cores,pod=workload-cloud-6f545f89ff-m99m2,0.29712189265292727
1783667679,cpu_cores,pod=workload-cloud-6f545f89ff-m99m2,0.2941930330179813
1783667689,cpu_cores,pod=workload-cloud-6f545f89ff-m99m2,0.3013598752897258
1783667699,cpu_cores,pod=workload-cloud-6f545f89ff-m99m2,0.2601136122002058
1783667709,cpu_cores,pod=workload-cloud-6f545f89ff-m99m2,0.291842145932222
1783667719,cpu_cores,pod=workload-cloud-6f545f89ff-m99m2,0.23638683500744048
1783667729,cpu_cores,pod=workload-cloud-6f545f89ff-m99m2,0.10180200787649436
1783667739,cpu_cores,pod=workload-cloud-6f545f89ff-m99m2,0.09668088183559392
1783667749,cpu_cores,pod=workload-cloud-6f545f89ff-m99m2,0.02510511775867845
1783667759,cpu_cores,pod=workload-cloud-6f545f89ff-m99m2,0.018032115469623876
1783667769,cpu_cores,pod=workload-cloud-6f545f89ff-m99m2,0.0023436555320435763
1783667779,cpu_cores,pod=workload-cloud-6f545f89ff-m99m2,0.001995162113701562
1783667789,cpu_cores,pod=workload-cloud-6f545f89ff-m99m2,0.0023356307064976377
1783667799,cpu_cores,pod=workload-cloud-6f545f89ff-m99m2,0.0019247689157074366
1783667809,cpu_cores,pod=workload-cloud-6f545f89ff-m99m2,0.0022680724847907265
1783667819,cpu_cores,pod=workload-cloud-6f545f89ff-m99m2,0.0023063654765494244
1783667829,cpu_cores,pod=workload-cloud-6f545f89ff-m99m2,0.0023320901930957397
1783667839,cpu_cores,pod=workload-cloud-6f545f89ff-m99m2,0.0023134362756395267
1783667849,cpu_cores,pod=workload-cloud-6f545f89ff-m99m2,0.0023645490075868
1783667859,cpu_cores,pod=workload-cloud-6f545f89ff-m99m2,0.0023663739480425413
1783667869,cpu_cores,pod=workload-cloud-6f545f89ff-m99m2,0.0023881088454573243
1783667879,cpu_cores,pod=workload-cloud-6f545f89ff-m99m2,0.0022689173457508156
1783667889,cpu_cores,pod=workload-cloud-6f545f89ff-m99m2,0.0023424330389311136
1783667899,cpu_cores,pod=workload-cloud-6f545f89ff-m99m2,0.002329038112522569
1783667909,cpu_cores,pod=workload-cloud-6f545f89ff-m99m2,0.0023443160042034435
1783667919,cpu_cores,pod=workload-cloud-6f545f89ff-m99m2,0.002428518598415995
1783667929,cpu_cores,pod=workload-cloud-6f545f89ff-m99m2,0.002363965323735487
1783667939,cpu_cores,pod=workload-cloud-6f545f89ff-m99m2,0.002373400631439082
1783667949,cpu_cores,pod=workload-cloud-6f545f89ff-m99m2,0.002371713647354145
1783667959,cpu_cores,pod=workload-cloud-6f545f89ff-m99m2,0.0024459483993303395
1783667969,cpu_cores,pod=workload-cloud-6f545f89ff-m99m2,0.002561361032447679
1783667979,cpu_cores,pod=workload-cloud-6f545f89ff-m99m2,0.002561361032447679
1783667989,cpu_cores,pod=workload-cloud-6f545f89ff-m99m2,0.0025047118561387404
1783667999,cpu_cores,pod=workload-cloud-6f545f89ff-m99m2,0.0026044160485666707
1783667459,cpu_cores,pod=workload-cloud-6f545f89ff-npbdx,0.021184134086446767
1783667469,cpu_cores,pod=workload-cloud-6f545f89ff-npbdx,0.020744475000000002
1783667479,cpu_cores,pod=workload-cloud-6f545f89ff-npbdx,0.030301782758620686
1783667489,cpu_cores,pod=workload-cloud-6f545f89ff-npbdx,0.0297058625
1783667499,cpu_cores,pod=workload-cloud-6f545f89ff-npbdx,0.053124377259621276
1783667509,cpu_cores,pod=workload-cloud-6f545f89ff-npbdx,0.06253422112755433
1783667519,cpu_cores,pod=workload-cloud-6f545f89ff-npbdx,0.09118715711011828
1783667529,cpu_cores,pod=workload-cloud-6f545f89ff-npbdx,0.09118715711011828
1783667539,cpu_cores,pod=workload-cloud-6f545f89ff-npbdx,0.1147840433843467
1783667549,cpu_cores,pod=workload-cloud-6f545f89ff-npbdx,0.12801805079532472
1783667559,cpu_cores,pod=workload-cloud-6f545f89ff-npbdx,0.13315661681592905
1783667569,cpu_cores,pod=workload-cloud-6f545f89ff-npbdx,0.23696621183861785
1783667579,cpu_cores,pod=workload-cloud-6f545f89ff-npbdx,0.3083158725648068
1783667589,cpu_cores,pod=workload-cloud-6f545f89ff-npbdx,0.3746818143865069
1783667599,cpu_cores,pod=workload-cloud-6f545f89ff-npbdx,0.464807405130007
1783667609,cpu_cores,pod=workload-cloud-6f545f89ff-npbdx,0.4306526717087783
1783667619,cpu_cores,pod=workload-cloud-6f545f89ff-npbdx,0.5134958485123065
1783667629,cpu_cores,pod=workload-cloud-6f545f89ff-npbdx,0.5175064742878283
1783667639,cpu_cores,pod=workload-cloud-6f545f89ff-npbdx,0.5145341141439206
1783667649,cpu_cores,pod=workload-cloud-6f545f89ff-npbdx,0.5268443103448276
1783667659,cpu_cores,pod=workload-cloud-6f545f89ff-npbdx,0.45694337368514204
1783667669,cpu_cores,pod=workload-cloud-6f545f89ff-npbdx,0.5207905747583979
1783667679,cpu_cores,pod=workload-cloud-6f545f89ff-npbdx,0.526630759346509
1783667689,cpu_cores,pod=workload-cloud-6f545f89ff-npbdx,0.5229507056913277
1783667699,cpu_cores,pod=workload-cloud-6f545f89ff-npbdx,0.50938507445502
1783667709,cpu_cores,pod=workload-cloud-6f545f89ff-npbdx,0.50894714489429
1783667719,cpu_cores,pod=workload-cloud-6f545f89ff-npbdx,0.4756651576816769
1783667729,cpu_cores,pod=workload-cloud-6f545f89ff-npbdx,0.3868484109828451
1783667739,cpu_cores,pod=workload-cloud-6f545f89ff-npbdx,0.3304437635037075
1783667749,cpu_cores,pod=workload-cloud-6f545f89ff-npbdx,0.23979090115644766
1783667759,cpu_cores,pod=workload-cloud-6f545f89ff-npbdx,0.1643882142776383
1783667769,cpu_cores,pod=workload-cloud-6f545f89ff-npbdx,0.1643882142776383
1783667779,cpu_cores,pod=workload-cloud-6f545f89ff-npbdx,0.1419588346927238
1783667789,cpu_cores,pod=workload-cloud-6f545f89ff-npbdx,0.14361377716589632
1783667799,cpu_cores,pod=workload-cloud-6f545f89ff-npbdx,0.12137598162607487
1783667809,cpu_cores,pod=workload-cloud-6f545f89ff-npbdx,0.14259929055417483
1783667819,cpu_cores,pod=workload-cloud-6f545f89ff-npbdx,0.11677262852894825
1783667829,cpu_cores,pod=workload-cloud-6f545f89ff-npbdx,0.14260628851979532
1783667839,cpu_cores,pod=workload-cloud-6f545f89ff-npbdx,0.14181976467668886
1783667849,cpu_cores,pod=workload-cloud-6f545f89ff-npbdx,0.1432249105048761
1783667859,cpu_cores,pod=workload-cloud-6f545f89ff-npbdx,0.11856834431448803
1783667869,cpu_cores,pod=workload-cloud-6f545f89ff-npbdx,0.14213412757508037
1783667879,cpu_cores,pod=workload-cloud-6f545f89ff-npbdx,0.11466907632332236
1783667889,cpu_cores,pod=workload-cloud-6f545f89ff-npbdx,0.14241081092077965
1783667899,cpu_cores,pod=workload-cloud-6f545f89ff-npbdx,0.1419797041313368
1783667909,cpu_cores,pod=workload-cloud-6f545f89ff-npbdx,0.14172064158869607
1783667919,cpu_cores,pod=workload-cloud-6f545f89ff-npbdx,0.13369600853951452
1783667929,cpu_cores,pod=workload-cloud-6f545f89ff-npbdx,0.09611575244586129
1783667939,cpu_cores,pod=workload-cloud-6f545f89ff-npbdx,0.07582134866269663
1783667949,cpu_cores,pod=workload-cloud-6f545f89ff-npbdx,0.04861619128534999
1783667959,cpu_cores,pod=workload-cloud-6f545f89ff-npbdx,0.0053268376316040955
1783667969,cpu_cores,pod=workload-cloud-6f545f89ff-npbdx,0.0053268376316040955
1783667979,cpu_cores,pod=workload-cloud-6f545f89ff-npbdx,0.0024950272494010605
1783667989,cpu_cores,pod=workload-cloud-6f545f89ff-npbdx,0.002381692947496231
1783667999,cpu_cores,pod=workload-cloud-6f545f89ff-npbdx,0.0020639795344499783
1783667359,cpu_cores,pod=workload-cloud-6f545f89ff-r28zz,0.0025890198109535714
1783667369,cpu_cores,pod=workload-cloud-6f545f89ff-r28zz,0.0025939871858047807
1783667379,cpu_cores,pod=workload-cloud-6f545f89ff-r28zz,0.011204862223646373
1783667389,cpu_cores,pod=workload-cloud-6f545f89ff-r28zz,0.029268125427372282
1783667399,cpu_cores,pod=workload-cloud-6f545f89ff-r28zz,0.06008648245654871
1783667409,cpu_cores,pod=workload-cloud-6f545f89ff-r28zz,0.06008648245654871
1783667419,cpu_cores,pod=workload-cloud-6f545f89ff-r28zz,0.11391745283018817
1783667429,cpu_cores,pod=workload-cloud-6f545f89ff-r28zz,0.13196663209470244
1783667439,cpu_cores,pod=workload-cloud-6f545f89ff-r28zz,0.1499174056482349
1783667449,cpu_cores,pod=workload-cloud-6f545f89ff-r28zz,0.17863069439270926
1783667459,cpu_cores,pod=workload-cloud-6f545f89ff-r28zz,0.1775453691463057
1783667469,cpu_cores,pod=workload-cloud-6f545f89ff-r28zz,0.21470068524260086
1783667479,cpu_cores,pod=workload-cloud-6f545f89ff-r28zz,0.1962676055616897
1783667489,cpu_cores,pod=workload-cloud-6f545f89ff-r28zz,0.2411220862470843
1783667499,cpu_cores,pod=workload-cloud-6f545f89ff-r28zz,0.24805877799475778
1783667509,cpu_cores,pod=workload-cloud-6f545f89ff-r28zz,0.2524239754054002
1783667519,cpu_cores,pod=workload-cloud-6f545f89ff-r28zz,0.26579509153164765
1783667529,cpu_cores,pod=workload-cloud-6f545f89ff-r28zz,0.2703608080808094
1783667539,cpu_cores,pod=workload-cloud-6f545f89ff-r28zz,0.2798856980537332
1783667549,cpu_cores,pod=workload-cloud-6f545f89ff-r28zz,0.28535058726772466
1783667559,cpu_cores,pod=workload-cloud-6f545f89ff-r28zz,0.32561316531255236
1783667569,cpu_cores,pod=workload-cloud-6f545f89ff-r28zz,0.3661751706679385
1783667579,cpu_cores,pod=workload-cloud-6f545f89ff-r28zz,0.3620157959407204
1783667589,cpu_cores,pod=workload-cloud-6f545f89ff-r28zz,0.4808831355415174
1783667599,cpu_cores,pod=workload-cloud-6f545f89ff-r28zz,0.45830095140364524
1783667609,cpu_cores,pod=workload-cloud-6f545f89ff-r28zz,0.548329433047227
1783667619,cpu_cores,pod=workload-cloud-6f545f89ff-r28zz,0.566333425103243
1783667629,cpu_cores,pod=workload-cloud-6f545f89ff-r28zz,0.5799543492657975
1783667639,cpu_cores,pod=workload-cloud-6f545f89ff-r28zz,0.5731103170505024
1783667649,cpu_cores,pod=workload-cloud-6f545f89ff-r28zz,0.48246971170326935
1783667659,cpu_cores,pod=workload-cloud-6f545f89ff-r28zz,0.5751580251111049
1783667669,cpu_cores,pod=workload-cloud-6f545f89ff-r28zz,0.564160533774802
1783667679,cpu_cores,pod=workload-cloud-6f545f89ff-r28zz,0.4431433979423255
1783667689,cpu_cores,pod=workload-cloud-6f545f89ff-r28zz,0.5685738941058004
1783667699,cpu_cores,pod=workload-cloud-6f545f89ff-r28zz,0.5706959850054268
1783667709,cpu_cores,pod=workload-cloud-6f545f89ff-r28zz,0.5724650610672939
1783667719,cpu_cores,pod=workload-cloud-6f545f89ff-r28zz,0.544814439277274
1783667729,cpu_cores,pod=workload-cloud-6f545f89ff-r28zz,0.4734713787845788
1783667739,cpu_cores,pod=workload-cloud-6f545f89ff-r28zz,0.4734713787845789
1783667749,cpu_cores,pod=workload-cloud-6f545f89ff-r28zz,0.3656876454866779
1783667759,cpu_cores,pod=workload-cloud-6f545f89ff-r28zz,0.31669749034142464
1783667769,cpu_cores,pod=workload-cloud-6f545f89ff-r28zz,0.3187232225728591
1783667779,cpu_cores,pod=workload-cloud-6f545f89ff-r28zz,0.3093684714693125
1783667789,cpu_cores,pod=workload-cloud-6f545f89ff-r28zz,0.31916911673872994
1783667799,cpu_cores,pod=workload-cloud-6f545f89ff-r28zz,0.3239325197681536
1783667809,cpu_cores,pod=workload-cloud-6f545f89ff-r28zz,0.3245273725070291
1783667819,cpu_cores,pod=workload-cloud-6f545f89ff-r28zz,0.3173115666290601
1783667829,cpu_cores,pod=workload-cloud-6f545f89ff-r28zz,0.3171350108837605
1783667839,cpu_cores,pod=workload-cloud-6f545f89ff-r28zz,0.31098204919515027
1783667849,cpu_cores,pod=workload-cloud-6f545f89ff-r28zz,0.2999167626114045
1783667859,cpu_cores,pod=workload-cloud-6f545f89ff-r28zz,0.3002181789737237
1783667869,cpu_cores,pod=workload-cloud-6f545f89ff-r28zz,0.29870855423413073
1783667879,cpu_cores,pod=workload-cloud-6f545f89ff-r28zz,0.2986939466287876
1783667889,cpu_cores,pod=workload-cloud-6f545f89ff-r28zz,0.3012353912636547
1783667899,cpu_cores,pod=workload-cloud-6f545f89ff-r28zz,0.3012353912636547
1783667909,cpu_cores,pod=workload-cloud-6f545f89ff-r28zz,0.30240997927543234
1783667919,cpu_cores,pod=workload-cloud-6f545f89ff-r28zz,0.2898843994526123
1783667929,cpu_cores,pod=workload-cloud-6f545f89ff-r28zz,0.28158903088391735
1783667939,cpu_cores,pod=workload-cloud-6f545f89ff-r28zz,0.2468598766964588
1783667949,cpu_cores,pod=workload-cloud-6f545f89ff-r28zz,0.13926089122852525
1783667959,cpu_cores,pod=workload-cloud-6f545f89ff-r28zz,0.13926089122852525
1783667969,cpu_cores,pod=workload-cloud-6f545f89ff-r28zz,0.03371522814733543
1783667979,cpu_cores,pod=workload-cloud-6f545f89ff-r28zz,0.003265830915414549
1783667989,cpu_cores,pod=workload-cloud-6f545f89ff-r28zz,0.0030716226741668343
1783667999,cpu_cores,pod=workload-cloud-6f545f89ff-r28zz,0.0024241197993631835
1783667359,cpu_cores,pod=workload-edge-7b875fd8c6-pxwvc,0.0026287390835926703
1783667369,cpu_cores,pod=workload-edge-7b875fd8c6-pxwvc,0.0025876069660749398
1783667379,cpu_cores,pod=workload-edge-7b875fd8c6-pxwvc,0.0025086774386618325
1783667389,cpu_cores,pod=workload-edge-7b875fd8c6-pxwvc,0.002516480626499133
1783667399,cpu_cores,pod=workload-edge-7b875fd8c6-pxwvc,0.0025433602216591335
1783667409,cpu_cores,pod=workload-edge-7b875fd8c6-pxwvc,0.002268177663536021
1783667419,cpu_cores,pod=workload-edge-7b875fd8c6-pxwvc,0.0026767281714094524
1783667429,cpu_cores,pod=workload-edge-7b875fd8c6-pxwvc,0.002663132732783054
1783667439,cpu_cores,pod=workload-edge-7b875fd8c6-pxwvc,0.002690223650959325
1783667449,cpu_cores,pod=workload-edge-7b875fd8c6-pxwvc,0.002703379513016311
1783667459,cpu_cores,pod=workload-edge-7b875fd8c6-pxwvc,0.0026571243766605663
1783667469,cpu_cores,pod=workload-edge-7b875fd8c6-pxwvc,0.002711969991298701
1783667479,cpu_cores,pod=workload-edge-7b875fd8c6-pxwvc,0.0026674845293688508
1783667489,cpu_cores,pod=workload-edge-7b875fd8c6-pxwvc,0.0026215333434144467
1783667499,cpu_cores,pod=workload-edge-7b875fd8c6-pxwvc,0.0026208306746273715
1783667509,cpu_cores,pod=workload-edge-7b875fd8c6-pxwvc,0.0026341042984945055
1783667519,cpu_cores,pod=workload-edge-7b875fd8c6-pxwvc,0.002660989660637195
1783667529,cpu_cores,pod=workload-edge-7b875fd8c6-pxwvc,0.0026911948562237135
1783667539,cpu_cores,pod=workload-edge-7b875fd8c6-pxwvc,0.002710122251983585
1783667549,cpu_cores,pod=workload-edge-7b875fd8c6-pxwvc,0.0026533390502768194
1783667559,cpu_cores,pod=workload-edge-7b875fd8c6-pxwvc,0.002647976334543364
1783667569,cpu_cores,pod=workload-edge-7b875fd8c6-pxwvc,0.0026845007306383947
1783667579,cpu_cores,pod=workload-edge-7b875fd8c6-pxwvc,0.0026925934936004414
1783667589,cpu_cores,pod=workload-edge-7b875fd8c6-pxwvc,0.0018857249999996385
1783667599,cpu_cores,pod=workload-edge-7b875fd8c6-pxwvc,0.002808264214187169
1783667609,cpu_cores,pod=workload-edge-7b875fd8c6-pxwvc,0.0023653161778877684
1783667619,cpu_cores,pod=workload-edge-7b875fd8c6-pxwvc,0.0027866090257285306
1783667629,cpu_cores,pod=workload-edge-7b875fd8c6-pxwvc,0.0027781378226006815
1783667639,cpu_cores,pod=workload-edge-7b875fd8c6-pxwvc,0.0027520572340966293
1783667649,cpu_cores,pod=workload-edge-7b875fd8c6-pxwvc,0.0027980188497797316
1783667659,cpu_cores,pod=workload-edge-7b875fd8c6-pxwvc,0.0028425350716000356
1783667669,cpu_cores,pod=workload-edge-7b875fd8c6-pxwvc,0.002805946575585222
1783667679,cpu_cores,pod=workload-edge-7b875fd8c6-pxwvc,0.002817279432150556
1783667689,cpu_cores,pod=workload-edge-7b875fd8c6-pxwvc,0.0027849006546103675
1783667699,cpu_cores,pod=workload-edge-7b875fd8c6-pxwvc,0.0028297063772669212
1783667709,cpu_cores,pod=workload-edge-7b875fd8c6-pxwvc,0.0028746954307774545
1783667719,cpu_cores,pod=workload-edge-7b875fd8c6-pxwvc,0.0027832757346326876
1783667729,cpu_cores,pod=workload-edge-7b875fd8c6-pxwvc,0.0027197069773035065
1783667739,cpu_cores,pod=workload-edge-7b875fd8c6-pxwvc,0.0021886093108210583
1783667749,cpu_cores,pod=workload-edge-7b875fd8c6-pxwvc,0.0026118476291480835
1783667759,cpu_cores,pod=workload-edge-7b875fd8c6-pxwvc,0.00264398285318081
1783667769,cpu_cores,pod=workload-edge-7b875fd8c6-pxwvc,0.0026529364660855814
1783667779,cpu_cores,pod=workload-edge-7b875fd8c6-pxwvc,0.002681420598682542
1783667789,cpu_cores,pod=workload-edge-7b875fd8c6-pxwvc,0.002703984342235009
1783667799,cpu_cores,pod=workload-edge-7b875fd8c6-pxwvc,0.002649723513383385
1783667809,cpu_cores,pod=workload-edge-7b875fd8c6-pxwvc,0.0026727894573204194
1783667819,cpu_cores,pod=workload-edge-7b875fd8c6-pxwvc,0.00227594704264477
1783667829,cpu_cores,pod=workload-edge-7b875fd8c6-pxwvc,0.002592915108963069
1783667839,cpu_cores,pod=workload-edge-7b875fd8c6-pxwvc,0.0026322131593268998
1783667849,cpu_cores,pod=workload-edge-7b875fd8c6-pxwvc,0.0026341186690070364
1783667859,cpu_cores,pod=workload-edge-7b875fd8c6-pxwvc,0.0026010658376807356
1783667869,cpu_cores,pod=workload-edge-7b875fd8c6-pxwvc,0.0026318946374304813
1783667879,cpu_cores,pod=workload-edge-7b875fd8c6-pxwvc,0.0021133602181276153
1783667889,cpu_cores,pod=workload-edge-7b875fd8c6-pxwvc,0.0026843012957959928
1783667899,cpu_cores,pod=workload-edge-7b875fd8c6-pxwvc,0.0026809889804615115
1783667909,cpu_cores,pod=workload-edge-7b875fd8c6-pxwvc,0.002734625778408721
1783667919,cpu_cores,pod=workload-edge-7b875fd8c6-pxwvc,0.0023379455207023824
1783667929,cpu_cores,pod=workload-edge-7b875fd8c6-pxwvc,0.0026454032430880165
1783667939,cpu_cores,pod=workload-edge-7b875fd8c6-pxwvc,0.0026513672421847457
1783667949,cpu_cores,pod=workload-edge-7b875fd8c6-pxwvc,0.0026254763769259
1783667959,cpu_cores,pod=workload-edge-7b875fd8c6-pxwvc,0.002577682779786755
1783667969,cpu_cores,pod=workload-edge-7b875fd8c6-pxwvc,0.0026283513553537726
1783667979,cpu_cores,pod=workload-edge-7b875fd8c6-pxwvc,0.0022291047844755344
1783667989,cpu_cores,pod=workload-edge-7b875fd8c6-pxwvc,0.00256913350365627
1783667999,cpu_cores,pod=workload-edge-7b875fd8c6-pxwvc,0.002123718352122685
1783667519,cpu_utilisation,pod=workload-cloud-6f545f89ff-cdqw6,0.09301166013410755
1783667529,cpu_utilisation,pod=workload-cloud-6f545f89ff-cdqw6,0.09277966666666666
1783667539,cpu_utilisation,pod=workload-cloud-6f545f89ff-cdqw6,0.11201573538263114
1783667549,cpu_utilisation,pod=workload-cloud-6f545f89ff-cdqw6,0.18633860992650292
1783667559,cpu_utilisation,pod=workload-cloud-6f545f89ff-cdqw6,0.22412693181718155
1783667569,cpu_utilisation,pod=workload-cloud-6f545f89ff-cdqw6,0.6631315687037757
1783667579,cpu_utilisation,pod=workload-cloud-6f545f89ff-cdqw6,1.1121923295767084
1783667589,cpu_utilisation,pod=workload-cloud-6f545f89ff-cdqw6,1.308596691018479
1783667599,cpu_utilisation,pod=workload-cloud-6f545f89ff-cdqw6,1.7553929569163291
1783667609,cpu_utilisation,pod=workload-cloud-6f545f89ff-cdqw6,2.037121458137993
1783667619,cpu_utilisation,pod=workload-cloud-6f545f89ff-cdqw6,2.037121458137993
1783667629,cpu_utilisation,pod=workload-cloud-6f545f89ff-cdqw6,2.0646170126776138
1783667639,cpu_utilisation,pod=workload-cloud-6f545f89ff-cdqw6,2.067319906720373
1783667649,cpu_utilisation,pod=workload-cloud-6f545f89ff-cdqw6,2.067319906720373
1783667659,cpu_utilisation,pod=workload-cloud-6f545f89ff-cdqw6,2.0502025830852175
1783667669,cpu_utilisation,pod=workload-cloud-6f545f89ff-cdqw6,2.0463967478146445
1783667679,cpu_utilisation,pod=workload-cloud-6f545f89ff-cdqw6,2.0433397350559788
1783667689,cpu_utilisation,pod=workload-cloud-6f545f89ff-cdqw6,2.0387328560987137
1783667699,cpu_utilisation,pod=workload-cloud-6f545f89ff-cdqw6,1.6153018523703926
1783667709,cpu_utilisation,pod=workload-cloud-6f545f89ff-cdqw6,1.9733875367937395
1783667719,cpu_utilisation,pod=workload-cloud-6f545f89ff-cdqw6,1.8295936507136006
1783667729,cpu_utilisation,pod=workload-cloud-6f545f89ff-cdqw6,1.4914745796525568
1783667739,cpu_utilisation,pod=workload-cloud-6f545f89ff-cdqw6,1.2611487514543998
1783667749,cpu_utilisation,pod=workload-cloud-6f545f89ff-cdqw6,0.635358419644134
1783667759,cpu_utilisation,pod=workload-cloud-6f545f89ff-cdqw6,0.635358419644134
1783667769,cpu_utilisation,pod=workload-cloud-6f545f89ff-cdqw6,0.28130002669276594
1783667779,cpu_utilisation,pod=workload-cloud-6f545f89ff-cdqw6,0.16317764761299997
1783667789,cpu_utilisation,pod=workload-cloud-6f545f89ff-cdqw6,0.163177647613
1783667799,cpu_utilisation,pod=workload-cloud-6f545f89ff-cdqw6,0.16281993217870258
1783667809,cpu_utilisation,pod=workload-cloud-6f545f89ff-cdqw6,0.10097037500000107
1783667819,cpu_utilisation,pod=workload-cloud-6f545f89ff-cdqw6,0.1618565791233779
1783667829,cpu_utilisation,pod=workload-cloud-6f545f89ff-cdqw6,0.16251963922024998
1783667839,cpu_utilisation,pod=workload-cloud-6f545f89ff-cdqw6,0.16462601250897066
1783667849,cpu_utilisation,pod=workload-cloud-6f545f89ff-cdqw6,0.16462601250897066
1783667859,cpu_utilisation,pod=workload-cloud-6f545f89ff-cdqw6,0.16510068748985135
1783667869,cpu_utilisation,pod=workload-cloud-6f545f89ff-cdqw6,0.16459706519124379
1783667879,cpu_utilisation,pod=workload-cloud-6f545f89ff-cdqw6,0.16278784490760373
1783667889,cpu_utilisation,pod=workload-cloud-6f545f89ff-cdqw6,0.16278784490760373
1783667899,cpu_utilisation,pod=workload-cloud-6f545f89ff-cdqw6,0.16302221605702286
1783667909,cpu_utilisation,pod=workload-cloud-6f545f89ff-cdqw6,0.16302221605702286
1783667919,cpu_utilisation,pod=workload-cloud-6f545f89ff-cdqw6,0.1372379277401429
1783667929,cpu_utilisation,pod=workload-cloud-6f545f89ff-cdqw6,0.09568006548619094
1783667939,cpu_utilisation,pod=workload-cloud-6f545f89ff-cdqw6,0.036330222064330044
1783667949,cpu_utilisation,pod=workload-cloud-6f545f89ff-cdqw6,0.04414037010603646
1783667959,cpu_utilisation,pod=workload-cloud-6f545f89ff-cdqw6,0.011450398637473845
1783667969,cpu_utilisation,pod=workload-cloud-6f545f89ff-cdqw6,0.009678099575033069
1783667979,cpu_utilisation,pod=workload-cloud-6f545f89ff-cdqw6,0.01147526560059913
1783667989,cpu_utilisation,pod=workload-cloud-6f545f89ff-cdqw6,0.01134105013882006
1783667999,cpu_utilisation,pod=workload-cloud-6f545f89ff-cdqw6,0.01102960840496661
1783667569,cpu_utilisation,pod=workload-cloud-6f545f89ff-gvqhf,0.15297299844578535
1783667579,cpu_utilisation,pod=workload-cloud-6f545f89ff-gvqhf,0.365888003395869
1783667589,cpu_utilisation,pod=workload-cloud-6f545f89ff-gvqhf,0.5933745590478062
1783667599,cpu_utilisation,pod=workload-cloud-6f545f89ff-gvqhf,0.747300817569044
1783667609,cpu_utilisation,pod=workload-cloud-6f545f89ff-gvqhf,1.0033492131208248
1783667619,cpu_utilisation,pod=workload-cloud-6f545f89ff-gvqhf,1.1819545394036206
1783667629,cpu_utilisation,pod=workload-cloud-6f545f89ff-gvqhf,1.2162771079293306
1783667639,cpu_utilisation,pod=workload-cloud-6f545f89ff-gvqhf,1.256361306919462
1783667649,cpu_utilisation,pod=workload-cloud-6f545f89ff-gvqhf,0.987071333037766
1783667659,cpu_utilisation,pod=workload-cloud-6f545f89ff-gvqhf,1.2586627936157402
1783667669,cpu_utilisation,pod=workload-cloud-6f545f89ff-gvqhf,1.2747290964301938
1783667679,cpu_utilisation,pod=workload-cloud-6f545f89ff-gvqhf,1.2747290964301938
1783667689,cpu_utilisation,pod=workload-cloud-6f545f89ff-gvqhf,1.2131865590422637
1783667699,cpu_utilisation,pod=workload-cloud-6f545f89ff-gvqhf,1.1571209513068599
1783667709,cpu_utilisation,pod=workload-cloud-6f545f89ff-gvqhf,1.1107313895963233
1783667719,cpu_utilisation,pod=workload-cloud-6f545f89ff-gvqhf,0.9117416717345764
1783667729,cpu_utilisation,pod=workload-cloud-6f545f89ff-gvqhf,0.5041383989145188
1783667739,cpu_utilisation,pod=workload-cloud-6f545f89ff-gvqhf,0.3650394006058858
1783667749,cpu_utilisation,pod=workload-cloud-6f545f89ff-gvqhf,0.073757915872934
1783667759,cpu_utilisation,pod=workload-cloud-6f545f89ff-gvqhf,0.011416803567237503
1783667769,cpu_utilisation,pod=workload-cloud-6f545f89ff-gvqhf,0.01173069317609823
1783667779,cpu_utilisation,pod=workload-cloud-6f545f89ff-gvqhf,0.011767269659761322
1783667789,cpu_utilisation,pod=workload-cloud-6f545f89ff-gvqhf,0.011775718519215286
1783667799,cpu_utilisation,pod=workload-cloud-6f545f89ff-gvqhf,0.011751562861774097
1783667809,cpu_utilisation,pod=workload-cloud-6f545f89ff-gvqhf,0.011751562861774097
1783667819,cpu_utilisation,pod=workload-cloud-6f545f89ff-gvqhf,0.011369263073692475
1783667829,cpu_utilisation,pod=workload-cloud-6f545f89ff-gvqhf,0.011305462976379889
1783667839,cpu_utilisation,pod=workload-cloud-6f545f89ff-gvqhf,0.011502059160915488
1783667849,cpu_utilisation,pod=workload-cloud-6f545f89ff-gvqhf,0.011650564861705915
1783667859,cpu_utilisation,pod=workload-cloud-6f545f89ff-gvqhf,0.011834537150141261
1783667869,cpu_utilisation,pod=workload-cloud-6f545f89ff-gvqhf,0.011676894316542952
1783667879,cpu_utilisation,pod=workload-cloud-6f545f89ff-gvqhf,0.011561671196097491
1783667889,cpu_utilisation,pod=workload-cloud-6f545f89ff-gvqhf,0.011536700764462213
1783667899,cpu_utilisation,pod=workload-cloud-6f545f89ff-gvqhf,0.011415352306783502
1783667909,cpu_utilisation,pod=workload-cloud-6f545f89ff-gvqhf,0.011415352306783502
1783667919,cpu_utilisation,pod=workload-cloud-6f545f89ff-gvqhf,0.011446298765538113
1783667929,cpu_utilisation,pod=workload-cloud-6f545f89ff-gvqhf,0.011192840861515937
1783667939,cpu_utilisation,pod=workload-cloud-6f545f89ff-gvqhf,0.009389052374233414
1783667949,cpu_utilisation,pod=workload-cloud-6f545f89ff-gvqhf,0.011414912421661566
1783667959,cpu_utilisation,pod=workload-cloud-6f545f89ff-gvqhf,0.011646540027136646
1783667969,cpu_utilisation,pod=workload-cloud-6f545f89ff-gvqhf,0.011646540027136646
1783667979,cpu_utilisation,pod=workload-cloud-6f545f89ff-gvqhf,0.01165245874102339
1783667989,cpu_utilisation,pod=workload-cloud-6f545f89ff-gvqhf,0.011536009721985686
1783667999,cpu_utilisation,pod=workload-cloud-6f545f89ff-gvqhf,0.011536009721985686
1783667599,cpu_utilisation,pod=workload-cloud-6f545f89ff-lgs7t,0.07496193837497489
1783667609,cpu_utilisation,pod=workload-cloud-6f545f89ff-lgs7t,0.06496544213628777
1783667619,cpu_utilisation,pod=workload-cloud-6f545f89ff-lgs7t,0.08591814859794276
1783667629,cpu_utilisation,pod=workload-cloud-6f545f89ff-lgs7t,0.07741383836379037
1783667639,cpu_utilisation,pod=workload-cloud-6f545f89ff-lgs7t,0.06911269709842321
1783667649,cpu_utilisation,pod=workload-cloud-6f545f89ff-lgs7t,0.010845004553621985
1783667659,cpu_utilisation,pod=workload-cloud-6f545f89ff-lgs7t,0.010875883401714179
1783667669,cpu_utilisation,pod=workload-cloud-6f545f89ff-lgs7t,0.01087625310401914
1783667679,cpu_utilisation,pod=workload-cloud-6f545f89ff-lgs7t,0.01084402316821832
1783667689,cpu_utilisation,pod=workload-cloud-6f545f89ff-lgs7t,0.010705824988702031
1783667699,cpu_utilisation,pod=workload-cloud-6f545f89ff-lgs7t,0.008755226701978331
1783667709,cpu_utilisation,pod=workload-cloud-6f545f89ff-lgs7t,0.008483399727564404
1783667719,cpu_utilisation,pod=workload-cloud-6f545f89ff-lgs7t,0.010797549511727653
1783667729,cpu_utilisation,pod=workload-cloud-6f545f89ff-lgs7t,0.011030561709891829
1783667739,cpu_utilisation,pod=workload-cloud-6f545f89ff-lgs7t,0.010908565200951943
1783667749,cpu_utilisation,pod=workload-cloud-6f545f89ff-lgs7t,0.010908565200951943
1783667759,cpu_utilisation,pod=workload-cloud-6f545f89ff-lgs7t,0.01072782365155246
1783667769,cpu_utilisation,pod=workload-cloud-6f545f89ff-lgs7t,0.010879418348400978
1783667779,cpu_utilisation,pod=workload-cloud-6f545f89ff-lgs7t,0.010872995003944255
1783667789,cpu_utilisation,pod=workload-cloud-6f545f89ff-lgs7t,0.011076613482823043
1783667799,cpu_utilisation,pod=workload-cloud-6f545f89ff-lgs7t,0.01083882783882784
1783667809,cpu_utilisation,pod=workload-cloud-6f545f89ff-lgs7t,0.011129134800575924
1783667819,cpu_utilisation,pod=workload-cloud-6f545f89ff-lgs7t,0.009506914305391575
1783667829,cpu_utilisation,pod=workload-cloud-6f545f89ff-lgs7t,0.010883355629396288
1783667839,cpu_utilisation,pod=workload-cloud-6f545f89ff-lgs7t,0.011390664763205277
1783667849,cpu_utilisation,pod=workload-cloud-6f545f89ff-lgs7t,0.010867371030574896
1783667859,cpu_utilisation,pod=workload-cloud-6f545f89ff-lgs7t,0.01047131629109329
1783667869,cpu_utilisation,pod=workload-cloud-6f545f89ff-lgs7t,0.010218259666344652
1783667879,cpu_utilisation,pod=workload-cloud-6f545f89ff-lgs7t,0.010690085870413727
1783667889,cpu_utilisation,pod=workload-cloud-6f545f89ff-lgs7t,0.011105680843240595
1783667899,cpu_utilisation,pod=workload-cloud-6f545f89ff-lgs7t,0.01081599814904403
1783667909,cpu_utilisation,pod=workload-cloud-6f545f89ff-lgs7t,0.010959857798844626
1783667919,cpu_utilisation,pod=workload-cloud-6f545f89ff-lgs7t,0.011017315204326937
1783667929,cpu_utilisation,pod=workload-cloud-6f545f89ff-lgs7t,0.010674009575550114
1783667939,cpu_utilisation,pod=workload-cloud-6f545f89ff-lgs7t,0.01098105706267539
1783667949,cpu_utilisation,pod=workload-cloud-6f545f89ff-lgs7t,0.011218557906248832
1783667959,cpu_utilisation,pod=workload-cloud-6f545f89ff-lgs7t,0.011678241181171278
1783667969,cpu_utilisation,pod=workload-cloud-6f545f89ff-lgs7t,0.011831298975286307
1783667979,cpu_utilisation,pod=workload-cloud-6f545f89ff-lgs7t,0.010427397674709899
1783667989,cpu_utilisation,pod=workload-cloud-6f545f89ff-lgs7t,0.012042130017138998
1783667999,cpu_utilisation,pod=workload-cloud-6f545f89ff-lgs7t,0.011979980650442796
1783667569,cpu_utilisation,pod=workload-cloud-6f545f89ff-m99m2,0.25056756304640215
1783667579,cpu_utilisation,pod=workload-cloud-6f545f89ff-m99m2,0.27532741666666666
1783667589,cpu_utilisation,pod=workload-cloud-6f545f89ff-m99m2,0.7424892960793555
1783667599,cpu_utilisation,pod=workload-cloud-6f545f89ff-m99m2,1.0588709868078139
1783667609,cpu_utilisation,pod=workload-cloud-6f545f89ff-m99m2,1.27748846367213
1783667619,cpu_utilisation,pod=workload-cloud-6f545f89ff-m99m2,1.5354050817007439
1783667629,cpu_utilisation,pod=workload-cloud-6f545f89ff-m99m2,1.5666750192752503
1783667639,cpu_utilisation,pod=workload-cloud-6f545f89ff-m99m2,1.542219062407314
1783667649,cpu_utilisation,pod=workload-cloud-6f545f89ff-m99m2,1.5348282186859612
1783667659,cpu_utilisation,pod=workload-cloud-6f545f89ff-m99m2,1.491691850689385
1783667669,cpu_utilisation,pod=workload-cloud-6f545f89ff-m99m2,1.4856094632646362
1783667679,cpu_utilisation,pod=workload-cloud-6f545f89ff-m99m2,1.4709651650899063
1783667689,cpu_utilisation,pod=workload-cloud-6f545f89ff-m99m2,1.506799376448629
1783667699,cpu_utilisation,pod=workload-cloud-6f545f89ff-m99m2,1.3005680610010288
1783667709,cpu_utilisation,pod=workload-cloud-6f545f89ff-m99m2,1.45921072966111
1783667719,cpu_utilisation,pod=workload-cloud-6f545f89ff-m99m2,1.1819341750372023
1783667729,cpu_utilisation,pod=workload-cloud-6f545f89ff-m99m2,0.5090100393824718
1783667739,cpu_utilisation,pod=workload-cloud-6f545f89ff-m99m2,0.4834044091779696
1783667749,cpu_utilisation,pod=workload-cloud-6f545f89ff-m99m2,0.12552558879339223
1783667759,cpu_utilisation,pod=workload-cloud-6f545f89ff-m99m2,0.09016057734811937
1783667769,cpu_utilisation,pod=workload-cloud-6f545f89ff-m99m2,0.011718277660217881
1783667779,cpu_utilisation,pod=workload-cloud-6f545f89ff-m99m2,0.00997581056850781
1783667789,cpu_utilisation,pod=workload-cloud-6f545f89ff-m99m2,0.011678153532488187
1783667799,cpu_utilisation,pod=workload-cloud-6f545f89ff-m99m2,0.009623844578537183
1783667809,cpu_utilisation,pod=workload-cloud-6f545f89ff-m99m2,0.011340362423953632
1783667819,cpu_utilisation,pod=workload-cloud-6f545f89ff-m99m2,0.011531827382747122
1783667829,cpu_utilisation,pod=workload-cloud-6f545f89ff-m99m2,0.011660450965478698
1783667839,cpu_utilisation,pod=workload-cloud-6f545f89ff-m99m2,0.011567181378197632
1783667849,cpu_utilisation,pod=workload-cloud-6f545f89ff-m99m2,0.011822745037934
1783667859,cpu_utilisation,pod=workload-cloud-6f545f89ff-m99m2,0.011831869740212705
1783667869,cpu_utilisation,pod=workload-cloud-6f545f89ff-m99m2,0.011940544227286621
1783667879,cpu_utilisation,pod=workload-cloud-6f545f89ff-m99m2,0.011344586728754078
1783667889,cpu_utilisation,pod=workload-cloud-6f545f89ff-m99m2,0.011712165194655568
1783667899,cpu_utilisation,pod=workload-cloud-6f545f89ff-m99m2,0.011645190562612843
1783667909,cpu_utilisation,pod=workload-cloud-6f545f89ff-m99m2,0.011721580021017216
1783667919,cpu_utilisation,pod=workload-cloud-6f545f89ff-m99m2,0.012142592992079974
1783667929,cpu_utilisation,pod=workload-cloud-6f545f89ff-m99m2,0.011819826618677436
1783667939,cpu_utilisation,pod=workload-cloud-6f545f89ff-m99m2,0.011867003157195409
1783667949,cpu_utilisation,pod=workload-cloud-6f545f89ff-m99m2,0.011858568236770723
1783667959,cpu_utilisation,pod=workload-cloud-6f545f89ff-m99m2,0.012229741996651698
1783667969,cpu_utilisation,pod=workload-cloud-6f545f89ff-m99m2,0.012806805162238394
1783667979,cpu_utilisation,pod=workload-cloud-6f545f89ff-m99m2,0.012806805162238394
1783667989,cpu_utilisation,pod=workload-cloud-6f545f89ff-m99m2,0.012523559280693701
1783667999,cpu_utilisation,pod=workload-cloud-6f545f89ff-m99m2,0.013022080242833352
1783667459,cpu_utilisation,pod=workload-cloud-6f545f89ff-npbdx,0.10592067043223383
1783667469,cpu_utilisation,pod=workload-cloud-6f545f89ff-npbdx,0.103722375
1783667479,cpu_utilisation,pod=workload-cloud-6f545f89ff-npbdx,0.1515089137931034
1783667489,cpu_utilisation,pod=workload-cloud-6f545f89ff-npbdx,0.14852931249999998
1783667499,cpu_utilisation,pod=workload-cloud-6f545f89ff-npbdx,0.26562188629810635
1783667509,cpu_utilisation,pod=workload-cloud-6f545f89ff-npbdx,0.3126711056377716
1783667519,cpu_utilisation,pod=workload-cloud-6f545f89ff-npbdx,0.4559357855505914
1783667529,cpu_utilisation,pod=workload-cloud-6f545f89ff-npbdx,0.4559357855505914
1783667539,cpu_utilisation,pod=workload-cloud-6f545f89ff-npbdx,0.5739202169217335
1783667549,cpu_utilisation,pod=workload-cloud-6f545f89ff-npbdx,0.6400902539766236
1783667559,cpu_utilisation,pod=workload-cloud-6f545f89ff-npbdx,0.6657830840796453
1783667569,cpu_utilisation,pod=workload-cloud-6f545f89ff-npbdx,1.1848310591930893
1783667579,cpu_utilisation,pod=workload-cloud-6f545f89ff-npbdx,1.541579362824034
1783667589,cpu_utilisation,pod=workload-cloud-6f545f89ff-npbdx,1.8734090719325343
1783667599,cpu_utilisation,pod=workload-cloud-6f545f89ff-npbdx,2.324037025650035
1783667609,cpu_utilisation,pod=workload-cloud-6f545f89ff-npbdx,2.1532633585438914
1783667619,cpu_utilisation,pod=workload-cloud-6f545f89ff-npbdx,2.5674792425615323
1783667629,cpu_utilisation,pod=workload-cloud-6f545f89ff-npbdx,2.587532371439141
1783667639,cpu_utilisation,pod=workload-cloud-6f545f89ff-npbdx,2.5726705707196027
1783667649,cpu_utilisation,pod=workload-cloud-6f545f89ff-npbdx,2.6342215517241376
1783667659,cpu_utilisation,pod=workload-cloud-6f545f89ff-npbdx,2.28471686842571
1783667669,cpu_utilisation,pod=workload-cloud-6f545f89ff-npbdx,2.603952873791989
1783667679,cpu_utilisation,pod=workload-cloud-6f545f89ff-npbdx,2.633153796732545
1783667689,cpu_utilisation,pod=workload-cloud-6f545f89ff-npbdx,2.6147535284566383
1783667699,cpu_utilisation,pod=workload-cloud-6f545f89ff-npbdx,2.5469253722751
1783667709,cpu_utilisation,pod=workload-cloud-6f545f89ff-npbdx,2.54473572447145
1783667719,cpu_utilisation,pod=workload-cloud-6f545f89ff-npbdx,2.378325788408384
1783667729,cpu_utilisation,pod=workload-cloud-6f545f89ff-npbdx,1.9342420549142254
1783667739,cpu_utilisation,pod=workload-cloud-6f545f89ff-npbdx,1.6522188175185375
1783667749,cpu_utilisation,pod=workload-cloud-6f545f89ff-npbdx,1.1989545057822382
1783667759,cpu_utilisation,pod=workload-cloud-6f545f89ff-npbdx,0.8219410713881915
1783667769,cpu_utilisation,pod=workload-cloud-6f545f89ff-npbdx,0.8219410713881915
1783667779,cpu_utilisation,pod=workload-cloud-6f545f89ff-npbdx,0.709794173463619
1783667789,cpu_utilisation,pod=workload-cloud-6f545f89ff-npbdx,0.7180688858294816
1783667799,cpu_utilisation,pod=workload-cloud-6f545f89ff-npbdx,0.6068799081303743
1783667809,cpu_utilisation,pod=workload-cloud-6f545f89ff-npbdx,0.7129964527708741
1783667819,cpu_utilisation,pod=workload-cloud-6f545f89ff-npbdx,0.5838631426447413
1783667829,cpu_utilisation,pod=workload-cloud-6f545f89ff-npbdx,0.7130314425989766
1783667839,cpu_utilisation,pod=workload-cloud-6f545f89ff-npbdx,0.7090988233834442
1783667849,cpu_utilisation,pod=workload-cloud-6f545f89ff-npbdx,0.7161245525243805
1783667859,cpu_utilisation,pod=workload-cloud-6f545f89ff-npbdx,0.5928417215724401
1783667869,cpu_utilisation,pod=workload-cloud-6f545f89ff-npbdx,0.7106706378754019
1783667879,cpu_utilisation,pod=workload-cloud-6f545f89ff-npbdx,0.5733453816166117
1783667889,cpu_utilisation,pod=workload-cloud-6f545f89ff-npbdx,0.7120540546038981
1783667899,cpu_utilisation,pod=workload-cloud-6f545f89ff-npbdx,0.7098985206566839
1783667909,cpu_utilisation,pod=workload-cloud-6f545f89ff-npbdx,0.7086032079434803
1783667919,cpu_utilisation,pod=workload-cloud-6f545f89ff-npbdx,0.6684800426975726
1783667929,cpu_utilisation,pod=workload-cloud-6f545f89ff-npbdx,0.48057876222930646
1783667939,cpu_utilisation,pod=workload-cloud-6f545f89ff-npbdx,0.37910674331348315
1783667949,cpu_utilisation,pod=workload-cloud-6f545f89ff-npbdx,0.24308095642674993
1783667959,cpu_utilisation,pod=workload-cloud-6f545f89ff-npbdx,0.026634188158020475
1783667969,cpu_utilisation,pod=workload-cloud-6f545f89ff-npbdx,0.026634188158020475
1783667979,cpu_utilisation,pod=workload-cloud-6f545f89ff-npbdx,0.012475136247005301
1783667989,cpu_utilisation,pod=workload-cloud-6f545f89ff-npbdx,0.011908464737481155
1783667999,cpu_utilisation,pod=workload-cloud-6f545f89ff-npbdx,0.010319897672249891
1783667359,cpu_utilisation,pod=workload-cloud-6f545f89ff-r28zz,0.012945099054767857
1783667369,cpu_utilisation,pod=workload-cloud-6f545f89ff-r28zz,0.012969935929023903
1783667379,cpu_utilisation,pod=workload-cloud-6f545f89ff-r28zz,0.05602431111823186
1783667389,cpu_utilisation,pod=workload-cloud-6f545f89ff-r28zz,0.1463406271368614
1783667399,cpu_utilisation,pod=workload-cloud-6f545f89ff-r28zz,0.30043241228274353
1783667409,cpu_utilisation,pod=workload-cloud-6f545f89ff-r28zz,0.30043241228274353
1783667419,cpu_utilisation,pod=workload-cloud-6f545f89ff-r28zz,0.5695872641509409
1783667429,cpu_utilisation,pod=workload-cloud-6f545f89ff-r28zz,0.6598331604735121
1783667439,cpu_utilisation,pod=workload-cloud-6f545f89ff-r28zz,0.7495870282411745
1783667449,cpu_utilisation,pod=workload-cloud-6f545f89ff-r28zz,0.8931534719635462
1783667459,cpu_utilisation,pod=workload-cloud-6f545f89ff-r28zz,0.8877268457315285
1783667469,cpu_utilisation,pod=workload-cloud-6f545f89ff-r28zz,1.0735034262130043
1783667479,cpu_utilisation,pod=workload-cloud-6f545f89ff-r28zz,0.9813380278084485
1783667489,cpu_utilisation,pod=workload-cloud-6f545f89ff-r28zz,1.2056104312354214
1783667499,cpu_utilisation,pod=workload-cloud-6f545f89ff-r28zz,1.2402938899737888
1783667509,cpu_utilisation,pod=workload-cloud-6f545f89ff-r28zz,1.2621198770270008
1783667519,cpu_utilisation,pod=workload-cloud-6f545f89ff-r28zz,1.3289754576582382
1783667529,cpu_utilisation,pod=workload-cloud-6f545f89ff-r28zz,1.351804040404047
1783667539,cpu_utilisation,pod=workload-cloud-6f545f89ff-r28zz,1.399428490268666
1783667549,cpu_utilisation,pod=workload-cloud-6f545f89ff-r28zz,1.4267529363386233
1783667559,cpu_utilisation,pod=workload-cloud-6f545f89ff-r28zz,1.6280658265627617
1783667569,cpu_utilisation,pod=workload-cloud-6f545f89ff-r28zz,1.8308758533396923
1783667579,cpu_utilisation,pod=workload-cloud-6f545f89ff-r28zz,1.810078979703602
1783667589,cpu_utilisation,pod=workload-cloud-6f545f89ff-r28zz,2.4044156777075867
1783667599,cpu_utilisation,pod=workload-cloud-6f545f89ff-r28zz,2.291504757018226
1783667609,cpu_utilisation,pod=workload-cloud-6f545f89ff-r28zz,2.741647165236135
1783667619,cpu_utilisation,pod=workload-cloud-6f545f89ff-r28zz,2.831667125516215
1783667629,cpu_utilisation,pod=workload-cloud-6f545f89ff-r28zz,2.8997717463289874
1783667639,cpu_utilisation,pod=workload-cloud-6f545f89ff-r28zz,2.8655515852525117
1783667649,cpu_utilisation,pod=workload-cloud-6f545f89ff-r28zz,2.4123485585163467
1783667659,cpu_utilisation,pod=workload-cloud-6f545f89ff-r28zz,2.8757901255555245
1783667669,cpu_utilisation,pod=workload-cloud-6f545f89ff-r28zz,2.82080266887401
1783667679,cpu_utilisation,pod=workload-cloud-6f545f89ff-r28zz,2.2157169897116273
1783667689,cpu_utilisation,pod=workload-cloud-6f545f89ff-r28zz,2.842869470529002
1783667699,cpu_utilisation,pod=workload-cloud-6f545f89ff-r28zz,2.853479925027134
1783667709,cpu_utilisation,pod=workload-cloud-6f545f89ff-r28zz,2.8623253053364692
1783667719,cpu_utilisation,pod=workload-cloud-6f545f89ff-r28zz,2.72407219638637
1783667729,cpu_utilisation,pod=workload-cloud-6f545f89ff-r28zz,2.367356893922894
1783667739,cpu_utilisation,pod=workload-cloud-6f545f89ff-r28zz,2.3673568939228944
1783667749,cpu_utilisation,pod=workload-cloud-6f545f89ff-r28zz,1.8284382274333895
1783667759,cpu_utilisation,pod=workload-cloud-6f545f89ff-r28zz,1.5834874517071231
1783667769,cpu_utilisation,pod=workload-cloud-6f545f89ff-r28zz,1.5936161128642956
1783667779,cpu_utilisation,pod=workload-cloud-6f545f89ff-r28zz,1.5468423573465624
1783667789,cpu_utilisation,pod=workload-cloud-6f545f89ff-r28zz,1.5958455836936496
1783667799,cpu_utilisation,pod=workload-cloud-6f545f89ff-r28zz,1.619662598840768
1783667809,cpu_utilisation,pod=workload-cloud-6f545f89ff-r28zz,1.6226368625351455
1783667819,cpu_utilisation,pod=workload-cloud-6f545f89ff-r28zz,1.5865578331453005
1783667829,cpu_utilisation,pod=workload-cloud-6f545f89ff-r28zz,1.5856750544188025
1783667839,cpu_utilisation,pod=workload-cloud-6f545f89ff-r28zz,1.5549102459757513
1783667849,cpu_utilisation,pod=workload-cloud-6f545f89ff-r28zz,1.4995838130570223
1783667859,cpu_utilisation,pod=workload-cloud-6f545f89ff-r28zz,1.5010908948686186
1783667869,cpu_utilisation,pod=workload-cloud-6f545f89ff-r28zz,1.4935427711706535
1783667879,cpu_utilisation,pod=workload-cloud-6f545f89ff-r28zz,1.493469733143938
1783667889,cpu_utilisation,pod=workload-cloud-6f545f89ff-r28zz,1.5061769563182732
1783667899,cpu_utilisation,pod=workload-cloud-6f545f89ff-r28zz,1.5061769563182732
1783667909,cpu_utilisation,pod=workload-cloud-6f545f89ff-r28zz,1.5120498963771616
1783667919,cpu_utilisation,pod=workload-cloud-6f545f89ff-r28zz,1.4494219972630613
1783667929,cpu_utilisation,pod=workload-cloud-6f545f89ff-r28zz,1.4079451544195867
1783667939,cpu_utilisation,pod=workload-cloud-6f545f89ff-r28zz,1.234299383482294
1783667949,cpu_utilisation,pod=workload-cloud-6f545f89ff-r28zz,0.6963044561426263
1783667959,cpu_utilisation,pod=workload-cloud-6f545f89ff-r28zz,0.6963044561426263
1783667969,cpu_utilisation,pod=workload-cloud-6f545f89ff-r28zz,0.16857614073667712
1783667979,cpu_utilisation,pod=workload-cloud-6f545f89ff-r28zz,0.016329154577072742
1783667989,cpu_utilisation,pod=workload-cloud-6f545f89ff-r28zz,0.01535811337083417
1783667999,cpu_utilisation,pod=workload-cloud-6f545f89ff-r28zz,0.012120598996815916
1783667359,cpu_utilisation,pod=workload-edge-7b875fd8c6-pxwvc,0.0262873908359267
1783667369,cpu_utilisation,pod=workload-edge-7b875fd8c6-pxwvc,0.025876069660749398
1783667379,cpu_utilisation,pod=workload-edge-7b875fd8c6-pxwvc,0.025086774386618323
1783667389,cpu_utilisation,pod=workload-edge-7b875fd8c6-pxwvc,0.02516480626499133
1783667399,cpu_utilisation,pod=workload-edge-7b875fd8c6-pxwvc,0.025433602216591335
1783667409,cpu_utilisation,pod=workload-edge-7b875fd8c6-pxwvc,0.02268177663536021
1783667419,cpu_utilisation,pod=workload-edge-7b875fd8c6-pxwvc,0.026767281714094524
1783667429,cpu_utilisation,pod=workload-edge-7b875fd8c6-pxwvc,0.02663132732783054
1783667439,cpu_utilisation,pod=workload-edge-7b875fd8c6-pxwvc,0.02690223650959325
1783667449,cpu_utilisation,pod=workload-edge-7b875fd8c6-pxwvc,0.02703379513016311
1783667459,cpu_utilisation,pod=workload-edge-7b875fd8c6-pxwvc,0.026571243766605662
1783667469,cpu_utilisation,pod=workload-edge-7b875fd8c6-pxwvc,0.02711969991298701
1783667479,cpu_utilisation,pod=workload-edge-7b875fd8c6-pxwvc,0.026674845293688507
1783667489,cpu_utilisation,pod=workload-edge-7b875fd8c6-pxwvc,0.026215333434144467
1783667499,cpu_utilisation,pod=workload-edge-7b875fd8c6-pxwvc,0.026208306746273714
1783667509,cpu_utilisation,pod=workload-edge-7b875fd8c6-pxwvc,0.026341042984945055
1783667519,cpu_utilisation,pod=workload-edge-7b875fd8c6-pxwvc,0.02660989660637195
1783667529,cpu_utilisation,pod=workload-edge-7b875fd8c6-pxwvc,0.026911948562237133
1783667539,cpu_utilisation,pod=workload-edge-7b875fd8c6-pxwvc,0.02710122251983585
1783667549,cpu_utilisation,pod=workload-edge-7b875fd8c6-pxwvc,0.026533390502768192
1783667559,cpu_utilisation,pod=workload-edge-7b875fd8c6-pxwvc,0.02647976334543364
1783667569,cpu_utilisation,pod=workload-edge-7b875fd8c6-pxwvc,0.026845007306383947
1783667579,cpu_utilisation,pod=workload-edge-7b875fd8c6-pxwvc,0.02692593493600441
1783667589,cpu_utilisation,pod=workload-edge-7b875fd8c6-pxwvc,0.018857249999996384
1783667599,cpu_utilisation,pod=workload-edge-7b875fd8c6-pxwvc,0.028082642141871686
1783667609,cpu_utilisation,pod=workload-edge-7b875fd8c6-pxwvc,0.023653161778877684
1783667619,cpu_utilisation,pod=workload-edge-7b875fd8c6-pxwvc,0.027866090257285304
1783667629,cpu_utilisation,pod=workload-edge-7b875fd8c6-pxwvc,0.027781378226006813
1783667639,cpu_utilisation,pod=workload-edge-7b875fd8c6-pxwvc,0.02752057234096629
1783667649,cpu_utilisation,pod=workload-edge-7b875fd8c6-pxwvc,0.027980188497797313
1783667659,cpu_utilisation,pod=workload-edge-7b875fd8c6-pxwvc,0.028425350716000355
1783667669,cpu_utilisation,pod=workload-edge-7b875fd8c6-pxwvc,0.02805946575585222
1783667679,cpu_utilisation,pod=workload-edge-7b875fd8c6-pxwvc,0.02817279432150556
1783667689,cpu_utilisation,pod=workload-edge-7b875fd8c6-pxwvc,0.027849006546103675
1783667699,cpu_utilisation,pod=workload-edge-7b875fd8c6-pxwvc,0.02829706377266921
1783667709,cpu_utilisation,pod=workload-edge-7b875fd8c6-pxwvc,0.028746954307774544
1783667719,cpu_utilisation,pod=workload-edge-7b875fd8c6-pxwvc,0.027832757346326873
1783667729,cpu_utilisation,pod=workload-edge-7b875fd8c6-pxwvc,0.027197069773035064
1783667739,cpu_utilisation,pod=workload-edge-7b875fd8c6-pxwvc,0.02188609310821058
1783667749,cpu_utilisation,pod=workload-edge-7b875fd8c6-pxwvc,0.026118476291480834
1783667759,cpu_utilisation,pod=workload-edge-7b875fd8c6-pxwvc,0.026439828531808096
1783667769,cpu_utilisation,pod=workload-edge-7b875fd8c6-pxwvc,0.026529364660855814
1783667779,cpu_utilisation,pod=workload-edge-7b875fd8c6-pxwvc,0.026814205986825417
1783667789,cpu_utilisation,pod=workload-edge-7b875fd8c6-pxwvc,0.02703984342235009
1783667799,cpu_utilisation,pod=workload-edge-7b875fd8c6-pxwvc,0.026497235133833848
1783667809,cpu_utilisation,pod=workload-edge-7b875fd8c6-pxwvc,0.026727894573204194
1783667819,cpu_utilisation,pod=workload-edge-7b875fd8c6-pxwvc,0.0227594704264477
1783667829,cpu_utilisation,pod=workload-edge-7b875fd8c6-pxwvc,0.02592915108963069
1783667839,cpu_utilisation,pod=workload-edge-7b875fd8c6-pxwvc,0.026322131593268995
1783667849,cpu_utilisation,pod=workload-edge-7b875fd8c6-pxwvc,0.02634118669007036
1783667859,cpu_utilisation,pod=workload-edge-7b875fd8c6-pxwvc,0.026010658376807355
1783667869,cpu_utilisation,pod=workload-edge-7b875fd8c6-pxwvc,0.026318946374304812
1783667879,cpu_utilisation,pod=workload-edge-7b875fd8c6-pxwvc,0.02113360218127615
1783667889,cpu_utilisation,pod=workload-edge-7b875fd8c6-pxwvc,0.026843012957959926
1783667899,cpu_utilisation,pod=workload-edge-7b875fd8c6-pxwvc,0.026809889804615114
1783667909,cpu_utilisation,pod=workload-edge-7b875fd8c6-pxwvc,0.027346257784087207
1783667919,cpu_utilisation,pod=workload-edge-7b875fd8c6-pxwvc,0.023379455207023822
1783667929,cpu_utilisation,pod=workload-edge-7b875fd8c6-pxwvc,0.026454032430880164
1783667939,cpu_utilisation,pod=workload-edge-7b875fd8c6-pxwvc,0.026513672421847455
1783667949,cpu_utilisation,pod=workload-edge-7b875fd8c6-pxwvc,0.026254763769259
1783667959,cpu_utilisation,pod=workload-edge-7b875fd8c6-pxwvc,0.02577682779786755
1783667969,cpu_utilisation,pod=workload-edge-7b875fd8c6-pxwvc,0.026283513553537724
1783667979,cpu_utilisation,pod=workload-edge-7b875fd8c6-pxwvc,0.022291047844755343
1783667989,cpu_utilisation,pod=workload-edge-7b875fd8c6-pxwvc,0.025691335036562696
1783667999,cpu_utilisation,pod=workload-edge-7b875fd8c6-pxwvc,0.021237183521226846
1783667509,mem_mib,pod=workload-cloud-6f545f89ff-cdqw6,3.10546875
1783667519,mem_mib,pod=workload-cloud-6f545f89ff-cdqw6,35.13671875
1783667529,mem_mib,pod=workload-cloud-6f545f89ff-cdqw6,35.13671875
1783667539,mem_mib,pod=workload-cloud-6f545f89ff-cdqw6,35.24609375
1783667549,mem_mib,pod=workload-cloud-6f545f89ff-cdqw6,35.92578125
1783667559,mem_mib,pod=workload-cloud-6f545f89ff-cdqw6,35.92578125
1783667569,mem_mib,pod=workload-cloud-6f545f89ff-cdqw6,37.16015625
1783667579,mem_mib,pod=workload-cloud-6f545f89ff-cdqw6,37.4921875
1783667589,mem_mib,pod=workload-cloud-6f545f89ff-cdqw6,37.4921875
1783667599,mem_mib,pod=workload-cloud-6f545f89ff-cdqw6,37.79296875
1783667609,mem_mib,pod=workload-cloud-6f545f89ff-cdqw6,37.796875
1783667619,mem_mib,pod=workload-cloud-6f545f89ff-cdqw6,37.796875
1783667629,mem_mib,pod=workload-cloud-6f545f89ff-cdqw6,37.61328125
1783667639,mem_mib,pod=workload-cloud-6f545f89ff-cdqw6,37.65234375
1783667649,mem_mib,pod=workload-cloud-6f545f89ff-cdqw6,37.65234375
1783667659,mem_mib,pod=workload-cloud-6f545f89ff-cdqw6,37.75390625
1783667669,mem_mib,pod=workload-cloud-6f545f89ff-cdqw6,37.75390625
1783667679,mem_mib,pod=workload-cloud-6f545f89ff-cdqw6,38.0078125
1783667689,mem_mib,pod=workload-cloud-6f545f89ff-cdqw6,38.0546875
1783667699,mem_mib,pod=workload-cloud-6f545f89ff-cdqw6,38.0546875
1783667709,mem_mib,pod=workload-cloud-6f545f89ff-cdqw6,37.8359375
1783667719,mem_mib,pod=workload-cloud-6f545f89ff-cdqw6,37.6953125
1783667729,mem_mib,pod=workload-cloud-6f545f89ff-cdqw6,37.6953125
1783667739,mem_mib,pod=workload-cloud-6f545f89ff-cdqw6,37.0390625
1783667749,mem_mib,pod=workload-cloud-6f545f89ff-cdqw6,37.046875
1783667759,mem_mib,pod=workload-cloud-6f545f89ff-cdqw6,37.046875
1783667769,mem_mib,pod=workload-cloud-6f545f89ff-cdqw6,37.04296875
1783667779,mem_mib,pod=workload-cloud-6f545f89ff-cdqw6,37.04296875
1783667789,mem_mib,pod=workload-cloud-6f545f89ff-cdqw6,37.04296875
1783667799,mem_mib,pod=workload-cloud-6f545f89ff-cdqw6,37.04296875
1783667809,mem_mib,pod=workload-cloud-6f545f89ff-cdqw6,37.04296875
1783667819,mem_mib,pod=workload-cloud-6f545f89ff-cdqw6,37.078125
1783667829,mem_mib,pod=workload-cloud-6f545f89ff-cdqw6,37.078125
1783667839,mem_mib,pod=workload-cloud-6f545f89ff-cdqw6,37.046875
1783667849,mem_mib,pod=workload-cloud-6f545f89ff-cdqw6,37.046875
1783667859,mem_mib,pod=workload-cloud-6f545f89ff-cdqw6,37.046875
1783667869,mem_mib,pod=workload-cloud-6f545f89ff-cdqw6,37.05078125
1783667879,mem_mib,pod=workload-cloud-6f545f89ff-cdqw6,37.046875
1783667889,mem_mib,pod=workload-cloud-6f545f89ff-cdqw6,37.046875
1783667899,mem_mib,pod=workload-cloud-6f545f89ff-cdqw6,37.05078125
1783667909,mem_mib,pod=workload-cloud-6f545f89ff-cdqw6,37.05078125
1783667919,mem_mib,pod=workload-cloud-6f545f89ff-cdqw6,37.046875
1783667929,mem_mib,pod=workload-cloud-6f545f89ff-cdqw6,37.046875
1783667939,mem_mib,pod=workload-cloud-6f545f89ff-cdqw6,37.046875
1783667949,mem_mib,pod=workload-cloud-6f545f89ff-cdqw6,37.046875
1783667959,mem_mib,pod=workload-cloud-6f545f89ff-cdqw6,37.046875
1783667969,mem_mib,pod=workload-cloud-6f545f89ff-cdqw6,37.046875
1783667979,mem_mib,pod=workload-cloud-6f545f89ff-cdqw6,37.046875
1783667989,mem_mib,pod=workload-cloud-6f545f89ff-cdqw6,37.04296875
1783667999,mem_mib,pod=workload-cloud-6f545f89ff-cdqw6,37.04296875
1783667559,mem_mib,pod=workload-cloud-6f545f89ff-gvqhf,2.66015625
1783667569,mem_mib,pod=workload-cloud-6f545f89ff-gvqhf,35.3671875
1783667579,mem_mib,pod=workload-cloud-6f545f89ff-gvqhf,36.00390625
1783667589,mem_mib,pod=workload-cloud-6f545f89ff-gvqhf,36.421875
1783667599,mem_mib,pod=workload-cloud-6f545f89ff-gvqhf,36.421875
1783667609,mem_mib,pod=workload-cloud-6f545f89ff-gvqhf,36.40625
1783667619,mem_mib,pod=workload-cloud-6f545f89ff-gvqhf,36.40625
1783667629,mem_mib,pod=workload-cloud-6f545f89ff-gvqhf,37.00390625
1783667639,mem_mib,pod=workload-cloud-6f545f89ff-gvqhf,36.88671875
1783667649,mem_mib,pod=workload-cloud-6f545f89ff-gvqhf,36.5390625
1783667659,mem_mib,pod=workload-cloud-6f545f89ff-gvqhf,36.5390625
1783667669,mem_mib,pod=workload-cloud-6f545f89ff-gvqhf,36.57421875
1783667679,mem_mib,pod=workload-cloud-6f545f89ff-gvqhf,36.57421875
1783667689,mem_mib,pod=workload-cloud-6f545f89ff-gvqhf,36.8359375
1783667699,mem_mib,pod=workload-cloud-6f545f89ff-gvqhf,36.8515625
1783667709,mem_mib,pod=workload-cloud-6f545f89ff-gvqhf,36.8515625
1783667719,mem_mib,pod=workload-cloud-6f545f89ff-gvqhf,36.37890625
1783667729,mem_mib,pod=workload-cloud-6f545f89ff-gvqhf,36.30078125
1783667739,mem_mib,pod=workload-cloud-6f545f89ff-gvqhf,36.30078125
1783667749,mem_mib,pod=workload-cloud-6f545f89ff-gvqhf,36.30078125
1783667759,mem_mib,pod=workload-cloud-6f545f89ff-gvqhf,36.30859375
1783667769,mem_mib,pod=workload-cloud-6f545f89ff-gvqhf,36.30859375
1783667779,mem_mib,pod=workload-cloud-6f545f89ff-gvqhf,36.30859375
1783667789,mem_mib,pod=workload-cloud-6f545f89ff-gvqhf,36.30859375
1783667799,mem_mib,pod=workload-cloud-6f545f89ff-gvqhf,36.30859375
1783667809,mem_mib,pod=workload-cloud-6f545f89ff-gvqhf,36.30859375
1783667819,mem_mib,pod=workload-cloud-6f545f89ff-gvqhf,36.30859375
1783667829,mem_mib,pod=workload-cloud-6f545f89ff-gvqhf,36.30859375
1783667839,mem_mib,pod=workload-cloud-6f545f89ff-gvqhf,36.30859375
1783667849,mem_mib,pod=workload-cloud-6f545f89ff-gvqhf,36.30859375
1783667859,mem_mib,pod=workload-cloud-6f545f89ff-gvqhf,36.30859375
1783667869,mem_mib,pod=workload-cloud-6f545f89ff-gvqhf,36.30859375
1783667879,mem_mib,pod=workload-cloud-6f545f89ff-gvqhf,36.30859375
1783667889,mem_mib,pod=workload-cloud-6f545f89ff-gvqhf,36.30859375
1783667899,mem_mib,pod=workload-cloud-6f545f89ff-gvqhf,36.31640625
1783667909,mem_mib,pod=workload-cloud-6f545f89ff-gvqhf,36.31640625
1783667919,mem_mib,pod=workload-cloud-6f545f89ff-gvqhf,36.30859375
1783667929,mem_mib,pod=workload-cloud-6f545f89ff-gvqhf,36.30859375
1783667939,mem_mib,pod=workload-cloud-6f545f89ff-gvqhf,36.30859375
1783667949,mem_mib,pod=workload-cloud-6f545f89ff-gvqhf,36.30859375
1783667959,mem_mib,pod=workload-cloud-6f545f89ff-gvqhf,36.30859375
1783667969,mem_mib,pod=workload-cloud-6f545f89ff-gvqhf,36.30859375
1783667979,mem_mib,pod=workload-cloud-6f545f89ff-gvqhf,36.30859375
1783667989,mem_mib,pod=workload-cloud-6f545f89ff-gvqhf,36.30859375
1783667999,mem_mib,pod=workload-cloud-6f545f89ff-gvqhf,36.30859375
1783667589,mem_mib,pod=workload-cloud-6f545f89ff-lgs7t,3.3828125
1783667599,mem_mib,pod=workload-cloud-6f545f89ff-lgs7t,35.13671875
1783667609,mem_mib,pod=workload-cloud-6f545f89ff-lgs7t,35.14453125
1783667619,mem_mib,pod=workload-cloud-6f545f89ff-lgs7t,35.14453125
1783667629,mem_mib,pod=workload-cloud-6f545f89ff-lgs7t,35.16015625
1783667639,mem_mib,pod=workload-cloud-6f545f89ff-lgs7t,35.1640625
1783667649,mem_mib,pod=workload-cloud-6f545f89ff-lgs7t,35.1640625
1783667659,mem_mib,pod=workload-cloud-6f545f89ff-lgs7t,35.1875
1783667669,mem_mib,pod=workload-cloud-6f545f89ff-lgs7t,35.19921875
1783667679,mem_mib,pod=workload-cloud-6f545f89ff-lgs7t,35.19921875
1783667689,mem_mib,pod=workload-cloud-6f545f89ff-lgs7t,35.19921875
1783667699,mem_mib,pod=workload-cloud-6f545f89ff-lgs7t,35.19921875
1783667709,mem_mib,pod=workload-cloud-6f545f89ff-lgs7t,35.19921875
1783667719,mem_mib,pod=workload-cloud-6f545f89ff-lgs7t,35.19921875
1783667729,mem_mib,pod=workload-cloud-6f545f89ff-lgs7t,35.21484375
1783667739,mem_mib,pod=workload-cloud-6f545f89ff-lgs7t,35.21484375
1783667749,mem_mib,pod=workload-cloud-6f545f89ff-lgs7t,35.21484375
1783667759,mem_mib,pod=workload-cloud-6f545f89ff-lgs7t,35.21484375
1783667769,mem_mib,pod=workload-cloud-6f545f89ff-lgs7t,35.23046875
1783667779,mem_mib,pod=workload-cloud-6f545f89ff-lgs7t,35.23046875
1783667789,mem_mib,pod=workload-cloud-6f545f89ff-lgs7t,35.23046875
1783667799,mem_mib,pod=workload-cloud-6f545f89ff-lgs7t,35.23046875
1783667809,mem_mib,pod=workload-cloud-6f545f89ff-lgs7t,35.23046875
1783667819,mem_mib,pod=workload-cloud-6f545f89ff-lgs7t,35.23046875
1783667829,mem_mib,pod=workload-cloud-6f545f89ff-lgs7t,35.23046875
1783667839,mem_mib,pod=workload-cloud-6f545f89ff-lgs7t,35.23046875
1783667849,mem_mib,pod=workload-cloud-6f545f89ff-lgs7t,35.23046875
1783667859,mem_mib,pod=workload-cloud-6f545f89ff-lgs7t,35.23046875
1783667869,mem_mib,pod=workload-cloud-6f545f89ff-lgs7t,35.23046875
1783667879,mem_mib,pod=workload-cloud-6f545f89ff-lgs7t,35.2421875
1783667889,mem_mib,pod=workload-cloud-6f545f89ff-lgs7t,35.2421875
1783667899,mem_mib,pod=workload-cloud-6f545f89ff-lgs7t,35.2421875
1783667909,mem_mib,pod=workload-cloud-6f545f89ff-lgs7t,35.2421875
1783667919,mem_mib,pod=workload-cloud-6f545f89ff-lgs7t,35.25
1783667929,mem_mib,pod=workload-cloud-6f545f89ff-lgs7t,35.25
1783667939,mem_mib,pod=workload-cloud-6f545f89ff-lgs7t,35.25
1783667949,mem_mib,pod=workload-cloud-6f545f89ff-lgs7t,35.25
1783667959,mem_mib,pod=workload-cloud-6f545f89ff-lgs7t,35.25
1783667969,mem_mib,pod=workload-cloud-6f545f89ff-lgs7t,35.25
1783667979,mem_mib,pod=workload-cloud-6f545f89ff-lgs7t,35.25
1783667989,mem_mib,pod=workload-cloud-6f545f89ff-lgs7t,35.25
1783667999,mem_mib,pod=workload-cloud-6f545f89ff-lgs7t,35.25
1783667559,mem_mib,pod=workload-cloud-6f545f89ff-m99m2,2.984375
1783667569,mem_mib,pod=workload-cloud-6f545f89ff-m99m2,36.02734375
1783667579,mem_mib,pod=workload-cloud-6f545f89ff-m99m2,36.02734375
1783667589,mem_mib,pod=workload-cloud-6f545f89ff-m99m2,37.15625
1783667599,mem_mib,pod=workload-cloud-6f545f89ff-m99m2,36.7578125
1783667609,mem_mib,pod=workload-cloud-6f545f89ff-m99m2,36.7578125
1783667619,mem_mib,pod=workload-cloud-6f545f89ff-m99m2,36.7734375
1783667629,mem_mib,pod=workload-cloud-6f545f89ff-m99m2,36.76953125
1783667639,mem_mib,pod=workload-cloud-6f545f89ff-m99m2,36.859375
1783667649,mem_mib,pod=workload-cloud-6f545f89ff-m99m2,36.859375
1783667659,mem_mib,pod=workload-cloud-6f545f89ff-m99m2,36.88671875
1783667669,mem_mib,pod=workload-cloud-6f545f89ff-m99m2,36.90625
1783667679,mem_mib,pod=workload-cloud-6f545f89ff-m99m2,36.90625
1783667689,mem_mib,pod=workload-cloud-6f545f89ff-m99m2,37.69140625
1783667699,mem_mib,pod=workload-cloud-6f545f89ff-m99m2,37.69140625
1783667709,mem_mib,pod=workload-cloud-6f545f89ff-m99m2,36.890625
1783667719,mem_mib,pod=workload-cloud-6f545f89ff-m99m2,36.82421875
1783667729,mem_mib,pod=workload-cloud-6f545f89ff-m99m2,36.48046875
1783667739,mem_mib,pod=workload-cloud-6f545f89ff-m99m2,36.484375
1783667749,mem_mib,pod=workload-cloud-6f545f89ff-m99m2,36.484375
1783667759,mem_mib,pod=workload-cloud-6f545f89ff-m99m2,36.48828125
1783667769,mem_mib,pod=workload-cloud-6f545f89ff-m99m2,36.48828125
1783667779,mem_mib,pod=workload-cloud-6f545f89ff-m99m2,36.48828125
1783667789,mem_mib,pod=workload-cloud-6f545f89ff-m99m2,36.48828125
1783667799,mem_mib,pod=workload-cloud-6f545f89ff-m99m2,36.48828125
1783667809,mem_mib,pod=workload-cloud-6f545f89ff-m99m2,36.48828125
1783667819,mem_mib,pod=workload-cloud-6f545f89ff-m99m2,36.484375
1783667829,mem_mib,pod=workload-cloud-6f545f89ff-m99m2,36.48828125
1783667839,mem_mib,pod=workload-cloud-6f545f89ff-m99m2,36.48828125
1783667849,mem_mib,pod=workload-cloud-6f545f89ff-m99m2,36.48828125
1783667859,mem_mib,pod=workload-cloud-6f545f89ff-m99m2,36.48828125
1783667869,mem_mib,pod=workload-cloud-6f545f89ff-m99m2,36.48828125
1783667879,mem_mib,pod=workload-cloud-6f545f89ff-m99m2,36.48828125
1783667889,mem_mib,pod=workload-cloud-6f545f89ff-m99m2,36.48828125
1783667899,mem_mib,pod=workload-cloud-6f545f89ff-m99m2,36.48828125
1783667909,mem_mib,pod=workload-cloud-6f545f89ff-m99m2,36.48828125
1783667919,mem_mib,pod=workload-cloud-6f545f89ff-m99m2,36.48828125
1783667929,mem_mib,pod=workload-cloud-6f545f89ff-m99m2,36.484375
1783667939,mem_mib,pod=workload-cloud-6f545f89ff-m99m2,36.48828125
1783667949,mem_mib,pod=workload-cloud-6f545f89ff-m99m2,36.48828125
1783667959,mem_mib,pod=workload-cloud-6f545f89ff-m99m2,36.48828125
1783667969,mem_mib,pod=workload-cloud-6f545f89ff-m99m2,36.48828125
1783667979,mem_mib,pod=workload-cloud-6f545f89ff-m99m2,36.48828125
1783667989,mem_mib,pod=workload-cloud-6f545f89ff-m99m2,36.48828125
1783667999,mem_mib,pod=workload-cloud-6f545f89ff-m99m2,36.48828125
1783667449,mem_mib,pod=workload-cloud-6f545f89ff-npbdx,3.140625
1783667459,mem_mib,pod=workload-cloud-6f545f89ff-npbdx,35.51953125
1783667469,mem_mib,pod=workload-cloud-6f545f89ff-npbdx,35.51953125
1783667479,mem_mib,pod=workload-cloud-6f545f89ff-npbdx,35.37109375
1783667489,mem_mib,pod=workload-cloud-6f545f89ff-npbdx,35.37109375
1783667499,mem_mib,pod=workload-cloud-6f545f89ff-npbdx,36.0859375
1783667509,mem_mib,pod=workload-cloud-6f545f89ff-npbdx,35.88671875
1783667519,mem_mib,pod=workload-cloud-6f545f89ff-npbdx,35.9140625
1783667529,mem_mib,pod=workload-cloud-6f545f89ff-npbdx,35.9140625
1783667539,mem_mib,pod=workload-cloud-6f545f89ff-npbdx,35.9765625
1783667549,mem_mib,pod=workload-cloud-6f545f89ff-npbdx,36.29296875
1783667559,mem_mib,pod=workload-cloud-6f545f89ff-npbdx,36.29296875
1783667569,mem_mib,pod=workload-cloud-6f545f89ff-npbdx,37.53125
1783667579,mem_mib,pod=workload-cloud-6f545f89ff-npbdx,37.53125
1783667589,mem_mib,pod=workload-cloud-6f545f89ff-npbdx,38.45703125
1783667599,mem_mib,pod=workload-cloud-6f545f89ff-npbdx,38.78515625
1783667609,mem_mib,pod=workload-cloud-6f545f89ff-npbdx,38.5546875
1783667619,mem_mib,pod=workload-cloud-6f545f89ff-npbdx,38.85546875
1783667629,mem_mib,pod=workload-cloud-6f545f89ff-npbdx,38.85546875
1783667639,mem_mib,pod=workload-cloud-6f545f89ff-npbdx,38.63671875
1783667649,mem_mib,pod=workload-cloud-6f545f89ff-npbdx,38.57421875
1783667659,mem_mib,pod=workload-cloud-6f545f89ff-npbdx,38.57421875
1783667669,mem_mib,pod=workload-cloud-6f545f89ff-npbdx,38.92578125
1783667679,mem_mib,pod=workload-cloud-6f545f89ff-npbdx,38.92578125
1783667689,mem_mib,pod=workload-cloud-6f545f89ff-npbdx,38.74609375
1783667699,mem_mib,pod=workload-cloud-6f545f89ff-npbdx,39.23046875
1783667709,mem_mib,pod=workload-cloud-6f545f89ff-npbdx,39.23046875
1783667719,mem_mib,pod=workload-cloud-6f545f89ff-npbdx,39.0
1783667729,mem_mib,pod=workload-cloud-6f545f89ff-npbdx,38.078125
1783667739,mem_mib,pod=workload-cloud-6f545f89ff-npbdx,38.078125
1783667749,mem_mib,pod=workload-cloud-6f545f89ff-npbdx,37.78125
1783667759,mem_mib,pod=workload-cloud-6f545f89ff-npbdx,37.79296875
1783667769,mem_mib,pod=workload-cloud-6f545f89ff-npbdx,37.79296875
1783667779,mem_mib,pod=workload-cloud-6f545f89ff-npbdx,37.765625
1783667789,mem_mib,pod=workload-cloud-6f545f89ff-npbdx,38.515625
1783667799,mem_mib,pod=workload-cloud-6f545f89ff-npbdx,38.515625
1783667809,mem_mib,pod=workload-cloud-6f545f89ff-npbdx,37.81640625
1783667819,mem_mib,pod=workload-cloud-6f545f89ff-npbdx,37.81640625
1783667829,mem_mib,pod=workload-cloud-6f545f89ff-npbdx,38.52734375
1783667839,mem_mib,pod=workload-cloud-6f545f89ff-npbdx,37.82421875
1783667849,mem_mib,pod=workload-cloud-6f545f89ff-npbdx,37.78515625
1783667859,mem_mib,pod=workload-cloud-6f545f89ff-npbdx,37.78515625
1783667869,mem_mib,pod=workload-cloud-6f545f89ff-npbdx,37.76171875
1783667879,mem_mib,pod=workload-cloud-6f545f89ff-npbdx,37.76171875
1783667889,mem_mib,pod=workload-cloud-6f545f89ff-npbdx,37.7578125
1783667899,mem_mib,pod=workload-cloud-6f545f89ff-npbdx,38.2890625
1783667909,mem_mib,pod=workload-cloud-6f545f89ff-npbdx,38.2890625
1783667919,mem_mib,pod=workload-cloud-6f545f89ff-npbdx,37.796875
1783667929,mem_mib,pod=workload-cloud-6f545f89ff-npbdx,37.7109375
1783667939,mem_mib,pod=workload-cloud-6f545f89ff-npbdx,37.66796875
1783667949,mem_mib,pod=workload-cloud-6f545f89ff-npbdx,37.66796875
1783667959,mem_mib,pod=workload-cloud-6f545f89ff-npbdx,37.671875
1783667969,mem_mib,pod=workload-cloud-6f545f89ff-npbdx,37.671875
1783667979,mem_mib,pod=workload-cloud-6f545f89ff-npbdx,37.671875
1783667989,mem_mib,pod=workload-cloud-6f545f89ff-npbdx,37.671875
1783667999,mem_mib,pod=workload-cloud-6f545f89ff-npbdx,37.671875
1783667359,mem_mib,pod=workload-cloud-6f545f89ff-r28zz,39.51953125
1783667369,mem_mib,pod=workload-cloud-6f545f89ff-r28zz,39.51953125
1783667379,mem_mib,pod=workload-cloud-6f545f89ff-r28zz,40.015625
1783667389,mem_mib,pod=workload-cloud-6f545f89ff-r28zz,39.59375
1783667399,mem_mib,pod=workload-cloud-6f545f89ff-r28zz,40.08984375
1783667409,mem_mib,pod=workload-cloud-6f545f89ff-r28zz,40.08984375
1783667419,mem_mib,pod=workload-cloud-6f545f89ff-r28zz,39.953125
1783667429,mem_mib,pod=workload-cloud-6f545f89ff-r28zz,39.765625
1783667439,mem_mib,pod=workload-cloud-6f545f89ff-r28zz,39.765625
1783667449,mem_mib,pod=workload-cloud-6f545f89ff-r28zz,39.875
1783667459,mem_mib,pod=workload-cloud-6f545f89ff-r28zz,40.09765625
1783667469,mem_mib,pod=workload-cloud-6f545f89ff-r28zz,39.91015625
1783667479,mem_mib,pod=workload-cloud-6f545f89ff-r28zz,39.91015625
1783667489,mem_mib,pod=workload-cloud-6f545f89ff-r28zz,40.44140625
1783667499,mem_mib,pod=workload-cloud-6f545f89ff-r28zz,40.1953125
1783667509,mem_mib,pod=workload-cloud-6f545f89ff-r28zz,40.1953125
1783667519,mem_mib,pod=workload-cloud-6f545f89ff-r28zz,40.5546875
1783667529,mem_mib,pod=workload-cloud-6f545f89ff-r28zz,40.5546875
1783667539,mem_mib,pod=workload-cloud-6f545f89ff-r28zz,40.29296875
1783667549,mem_mib,pod=workload-cloud-6f545f89ff-r28zz,40.29296875
1783667559,mem_mib,pod=workload-cloud-6f545f89ff-r28zz,40.546875
1783667569,mem_mib,pod=workload-cloud-6f545f89ff-r28zz,41.234375
1783667579,mem_mib,pod=workload-cloud-6f545f89ff-r28zz,41.01171875
1783667589,mem_mib,pod=workload-cloud-6f545f89ff-r28zz,41.84765625
1783667599,mem_mib,pod=workload-cloud-6f545f89ff-r28zz,41.84765625
1783667609,mem_mib,pod=workload-cloud-6f545f89ff-r28zz,41.05859375
1783667619,mem_mib,pod=workload-cloud-6f545f89ff-r28zz,41.05859375
1783667629,mem_mib,pod=workload-cloud-6f545f89ff-r28zz,41.03515625
1783667639,mem_mib,pod=workload-cloud-6f545f89ff-r28zz,42.05078125
1783667649,mem_mib,pod=workload-cloud-6f545f89ff-r28zz,41.046875
1783667659,mem_mib,pod=workload-cloud-6f545f89ff-r28zz,41.046875
1783667669,mem_mib,pod=workload-cloud-6f545f89ff-r28zz,41.28515625
1783667679,mem_mib,pod=workload-cloud-6f545f89ff-r28zz,41.28515625
1783667689,mem_mib,pod=workload-cloud-6f545f89ff-r28zz,41.06640625
1783667699,mem_mib,pod=workload-cloud-6f545f89ff-r28zz,41.046875
1783667709,mem_mib,pod=workload-cloud-6f545f89ff-r28zz,41.046875
1783667719,mem_mib,pod=workload-cloud-6f545f89ff-r28zz,41.8671875
1783667729,mem_mib,pod=workload-cloud-6f545f89ff-r28zz,40.375
1783667739,mem_mib,pod=workload-cloud-6f545f89ff-r28zz,40.375
1783667749,mem_mib,pod=workload-cloud-6f545f89ff-r28zz,40.1953125
1783667759,mem_mib,pod=workload-cloud-6f545f89ff-r28zz,40.1953125
1783667769,mem_mib,pod=workload-cloud-6f545f89ff-r28zz,40.16015625
1783667779,mem_mib,pod=workload-cloud-6f545f89ff-r28zz,40.66015625
1783667789,mem_mib,pod=workload-cloud-6f545f89ff-r28zz,40.61328125
1783667799,mem_mib,pod=workload-cloud-6f545f89ff-r28zz,40.515625
1783667809,mem_mib,pod=workload-cloud-6f545f89ff-r28zz,40.515625
1783667819,mem_mib,pod=workload-cloud-6f545f89ff-r28zz,40.203125
1783667829,mem_mib,pod=workload-cloud-6f545f89ff-r28zz,40.41015625
1783667839,mem_mib,pod=workload-cloud-6f545f89ff-r28zz,40.41015625
1783667849,mem_mib,pod=workload-cloud-6f545f89ff-r28zz,40.67578125
1783667859,mem_mib,pod=workload-cloud-6f545f89ff-r28zz,40.67578125
1783667869,mem_mib,pod=workload-cloud-6f545f89ff-r28zz,40.671875
1783667879,mem_mib,pod=workload-cloud-6f545f89ff-r28zz,40.671875
1783667889,mem_mib,pod=workload-cloud-6f545f89ff-r28zz,40.640625
1783667899,mem_mib,pod=workload-cloud-6f545f89ff-r28zz,40.640625
1783667909,mem_mib,pod=workload-cloud-6f545f89ff-r28zz,40.41015625
1783667919,mem_mib,pod=workload-cloud-6f545f89ff-r28zz,40.2109375
1783667929,mem_mib,pod=workload-cloud-6f545f89ff-r28zz,40.2109375
1783667939,mem_mib,pod=workload-cloud-6f545f89ff-r28zz,40.34375
1783667949,mem_mib,pod=workload-cloud-6f545f89ff-r28zz,39.55078125
1783667959,mem_mib,pod=workload-cloud-6f545f89ff-r28zz,39.55078125
1783667969,mem_mib,pod=workload-cloud-6f545f89ff-r28zz,39.55078125
1783667979,mem_mib,pod=workload-cloud-6f545f89ff-r28zz,39.55078125
1783667989,mem_mib,pod=workload-cloud-6f545f89ff-r28zz,39.55078125
1783667999,mem_mib,pod=workload-cloud-6f545f89ff-r28zz,39.55078125
1783667359,mem_mib,pod=workload-edge-7b875fd8c6-pxwvc,39.51953125
1783667369,mem_mib,pod=workload-edge-7b875fd8c6-pxwvc,39.26171875
1783667379,mem_mib,pod=workload-edge-7b875fd8c6-pxwvc,39.26171875
1783667389,mem_mib,pod=workload-edge-7b875fd8c6-pxwvc,39.26171875
1783667399,mem_mib,pod=workload-edge-7b875fd8c6-pxwvc,39.26171875
1783667409,mem_mib,pod=workload-edge-7b875fd8c6-pxwvc,39.26171875
1783667419,mem_mib,pod=workload-edge-7b875fd8c6-pxwvc,39.26171875
1783667429,mem_mib,pod=workload-edge-7b875fd8c6-pxwvc,39.26171875
1783667439,mem_mib,pod=workload-edge-7b875fd8c6-pxwvc,39.26171875
1783667449,mem_mib,pod=workload-edge-7b875fd8c6-pxwvc,39.26171875
1783667459,mem_mib,pod=workload-edge-7b875fd8c6-pxwvc,39.26171875
1783667469,mem_mib,pod=workload-edge-7b875fd8c6-pxwvc,39.26171875
1783667479,mem_mib,pod=workload-edge-7b875fd8c6-pxwvc,39.26171875
1783667489,mem_mib,pod=workload-edge-7b875fd8c6-pxwvc,39.26171875
1783667499,mem_mib,pod=workload-edge-7b875fd8c6-pxwvc,39.26171875
1783667509,mem_mib,pod=workload-edge-7b875fd8c6-pxwvc,39.26171875
1783667519,mem_mib,pod=workload-edge-7b875fd8c6-pxwvc,39.26171875
1783667529,mem_mib,pod=workload-edge-7b875fd8c6-pxwvc,39.26171875
1783667539,mem_mib,pod=workload-edge-7b875fd8c6-pxwvc,39.26171875
1783667549,mem_mib,pod=workload-edge-7b875fd8c6-pxwvc,39.26171875
1783667559,mem_mib,pod=workload-edge-7b875fd8c6-pxwvc,39.26171875
1783667569,mem_mib,pod=workload-edge-7b875fd8c6-pxwvc,39.26171875
1783667579,mem_mib,pod=workload-edge-7b875fd8c6-pxwvc,39.26171875
1783667589,mem_mib,pod=workload-edge-7b875fd8c6-pxwvc,39.26171875
1783667599,mem_mib,pod=workload-edge-7b875fd8c6-pxwvc,39.26171875
1783667609,mem_mib,pod=workload-edge-7b875fd8c6-pxwvc,39.26171875
1783667619,mem_mib,pod=workload-edge-7b875fd8c6-pxwvc,39.26171875
1783667629,mem_mib,pod=workload-edge-7b875fd8c6-pxwvc,39.26171875
1783667639,mem_mib,pod=workload-edge-7b875fd8c6-pxwvc,39.26171875
1783667649,mem_mib,pod=workload-edge-7b875fd8c6-pxwvc,39.26171875
1783667659,mem_mib,pod=workload-edge-7b875fd8c6-pxwvc,39.26171875
1783667669,mem_mib,pod=workload-edge-7b875fd8c6-pxwvc,39.26171875
1783667679,mem_mib,pod=workload-edge-7b875fd8c6-pxwvc,39.265625
1783667689,mem_mib,pod=workload-edge-7b875fd8c6-pxwvc,39.265625
1783667699,mem_mib,pod=workload-edge-7b875fd8c6-pxwvc,39.265625
1783667709,mem_mib,pod=workload-edge-7b875fd8c6-pxwvc,39.265625
1783667719,mem_mib,pod=workload-edge-7b875fd8c6-pxwvc,39.26171875
1783667729,mem_mib,pod=workload-edge-7b875fd8c6-pxwvc,39.26171875
1783667739,mem_mib,pod=workload-edge-7b875fd8c6-pxwvc,39.26171875
1783667749,mem_mib,pod=workload-edge-7b875fd8c6-pxwvc,39.26171875
1783667759,mem_mib,pod=workload-edge-7b875fd8c6-pxwvc,39.26171875
1783667769,mem_mib,pod=workload-edge-7b875fd8c6-pxwvc,39.26171875
1783667779,mem_mib,pod=workload-edge-7b875fd8c6-pxwvc,39.26171875
1783667789,mem_mib,pod=workload-edge-7b875fd8c6-pxwvc,39.26171875
1783667799,mem_mib,pod=workload-edge-7b875fd8c6-pxwvc,39.26171875
1783667809,mem_mib,pod=workload-edge-7b875fd8c6-pxwvc,39.26171875
1783667819,mem_mib,pod=workload-edge-7b875fd8c6-pxwvc,39.26171875
1783667829,mem_mib,pod=workload-edge-7b875fd8c6-pxwvc,39.26171875
1783667839,mem_mib,pod=workload-edge-7b875fd8c6-pxwvc,39.26171875
1783667849,mem_mib,pod=workload-edge-7b875fd8c6-pxwvc,39.26171875
1783667859,mem_mib,pod=workload-edge-7b875fd8c6-pxwvc,39.26171875
1783667869,mem_mib,pod=workload-edge-7b875fd8c6-pxwvc,39.26171875
1783667879,mem_mib,pod=workload-edge-7b875fd8c6-pxwvc,39.26171875
1783667889,mem_mib,pod=workload-edge-7b875fd8c6-pxwvc,39.26171875
1783667899,mem_mib,pod=workload-edge-7b875fd8c6-pxwvc,39.26171875
1783667909,mem_mib,pod=workload-edge-7b875fd8c6-pxwvc,39.26171875
1783667919,mem_mib,pod=workload-edge-7b875fd8c6-pxwvc,39.26171875
1783667929,mem_mib,pod=workload-edge-7b875fd8c6-pxwvc,39.26171875
1783667939,mem_mib,pod=workload-edge-7b875fd8c6-pxwvc,39.26171875
1783667949,mem_mib,pod=workload-edge-7b875fd8c6-pxwvc,39.26171875
1783667959,mem_mib,pod=workload-edge-7b875fd8c6-pxwvc,39.26171875
1783667969,mem_mib,pod=workload-edge-7b875fd8c6-pxwvc,39.26171875
1783667979,mem_mib,pod=workload-edge-7b875fd8c6-pxwvc,39.26171875
1783667989,mem_mib,pod=workload-edge-7b875fd8c6-pxwvc,39.26171875
1783667999,mem_mib,pod=workload-edge-7b875fd8c6-pxwvc,39.26171875
1783667359,rps,tier=cloud,0.0
1783667369,rps,tier=cloud,2.0001488118089967
1783667379,rps,tier=cloud,8.040321612864513
1783667389,rps,tier=cloud,18.061280492574816
1783667399,rps,tier=cloud,31.9219153149189
1783667409,rps,tier=cloud,49.70298217893074
1783667419,rps,tier=cloud,69.06486154910554
1783667429,rps,tier=cloud,88.36530191811511
1783667439,rps,tier=cloud,107.9642610113238
1783667449,rps,tier=cloud,125.65005200416033
1783667459,rps,tier=cloud,145.00995564017177
1783667469,rps,tier=cloud,162.2282714476579
1783667479,rps,tier=cloud,178.83859435380154
1783667489,rps,tier=cloud,196.9679990154273
1783667499,rps,tier=cloud,214.81097509148336
1783667509,rps,tier=cloud,233.58131098338737
1783667519,rps,tier=cloud,253.20446706265398
1783667529,rps,tier=cloud,271.30881951212365
1783667539,rps,tier=cloud,288.4356354274248
1783667549,rps,tier=cloud,321.59355787387574
1783667559,rps,tier=cloud,416.8285806538745
1783667569,rps,tier=cloud,564.549587797251
1783667579,rps,tier=cloud,787.2358228740629
1783667589,rps,tier=cloud,996.0564354278191
1783667599,rps,tier=cloud,1195.6589915120142
1783667609,rps,tier=cloud,1341.6715758318867
1783667619,rps,tier=cloud,1427.2983819235105
1783667629,rps,tier=cloud,1448.4907902074663
1783667639,rps,tier=cloud,1449.1562403178743
1783667649,rps,tier=cloud,1449.422499403107
1783667659,rps,tier=cloud,1445.9382724463487
1783667669,rps,tier=cloud,1444.7286594776292
1783667679,rps,tier=cloud,1444.670663968566
1783667689,rps,tier=cloud,1446.165373706341
1783667699,rps,tier=cloud,1435.6993208436875
1783667709,rps,tier=cloud,1370.8378431091892
1783667719,rps,tier=cloud,1228.9885184458772
1783667729,rps,tier=cloud,1016.9384458622957
1783667739,rps,tier=cloud,796.7126185874012
1783667749,rps,tier=cloud,585.770352286456
1783667759,rps,tier=cloud,433.9264968076433
1783667769,rps,tier=cloud,355.1746102547998
1783667779,rps,tier=cloud,349.40410614390294
1783667789,rps,tier=cloud,353.0847213661846
1783667799,rps,tier=cloud,354.97180293941506
1783667809,rps,tier=cloud,351.7682911014811
1783667819,rps,tier=cloud,352.88955489676493
1783667829,rps,tier=cloud,351.04087084458644
1783667839,rps,tier=cloud,347.76379576837064
1783667849,rps,tier=cloud,344.3294495613125
1783667859,rps,tier=cloud,343.8949052338287
1783667869,rps,tier=cloud,342.9847954480762
1783667879,rps,tier=cloud,343.64311358641515
1783667889,rps,tier=cloud,344.2147319874267
1783667899,rps,tier=cloud,343.5430818898048
1783667909,rps,tier=cloud,340.76331925024755
1783667919,rps,tier=cloud,319.8714070167138
1783667929,rps,tier=cloud,275.42070920291957
1783667939,rps,tier=cloud,209.9171706144294
1783667949,rps,tier=cloud,141.8268731729142
1783667959,rps,tier=cloud,76.2058036713526
1783667969,rps,tier=cloud,29.102326586030877
1783667979,rps,tier=cloud,4.160166406656266
1783667989,rps,tier=cloud,0.0
1783667999,rps,tier=cloud,0.0
1783667359,rps,tier=edge,0.0
1783667369,rps,tier=edge,0.0
1783667379,rps,tier=edge,0.0
1783667389,rps,tier=edge,0.0
1783667399,rps,tier=edge,0.0
1783667409,rps,tier=edge,0.0
1783667419,rps,tier=edge,0.0
1783667429,rps,tier=edge,0.0
1783667439,rps,tier=edge,0.0
1783667449,rps,tier=edge,0.0
1783667459,rps,tier=edge,0.0
1783667469,rps,tier=edge,0.0
1783667479,rps,tier=edge,0.0
1783667489,rps,tier=edge,0.0
1783667499,rps,tier=edge,0.0
1783667509,rps,tier=edge,0.0
1783667519,rps,tier=edge,0.0
1783667529,rps,tier=edge,0.0
1783667539,rps,tier=edge,0.0
1783667549,rps,tier=edge,0.0
1783667559,rps,tier=edge,0.0
1783667569,rps,tier=edge,0.0
1783667579,rps,tier=edge,0.0
1783667589,rps,tier=edge,0.0
1783667599,rps,tier=edge,0.0
1783667609,rps,tier=edge,0.0
1783667619,rps,tier=edge,0.0
1783667629,rps,tier=edge,0.0
1783667639,rps,tier=edge,0.0
1783667649,rps,tier=edge,0.0
1783667659,rps,tier=edge,0.0
1783667669,rps,tier=edge,0.0
1783667679,rps,tier=edge,0.0
1783667689,rps,tier=edge,0.0
1783667699,rps,tier=edge,0.0
1783667709,rps,tier=edge,0.0
1783667719,rps,tier=edge,0.0
1783667729,rps,tier=edge,0.0
1783667739,rps,tier=edge,0.0
1783667749,rps,tier=edge,0.0
1783667759,rps,tier=edge,0.0
1783667769,rps,tier=edge,0.0
1783667779,rps,tier=edge,0.0
1783667789,rps,tier=edge,0.0
1783667799,rps,tier=edge,0.0
1783667809,rps,tier=edge,0.0
1783667819,rps,tier=edge,0.0
1783667829,rps,tier=edge,0.0
1783667839,rps,tier=edge,0.0
1783667849,rps,tier=edge,0.0
1783667859,rps,tier=edge,0.0
1783667869,rps,tier=edge,0.0
1783667879,rps,tier=edge,0.0
1783667889,rps,tier=edge,0.0
1783667899,rps,tier=edge,0.0
1783667909,rps,tier=edge,0.0
1783667919,rps,tier=edge,0.0
1783667929,rps,tier=edge,0.0
1783667939,rps,tier=edge,0.0
1783667949,rps,tier=edge,0.0
1783667959,rps,tier=edge,0.0
1783667969,rps,tier=edge,0.0
1783667979,rps,tier=edge,0.0
1783667989,rps,tier=edge,0.0
1783667999,rps,tier=edge,0.0
1783667369,lat50_ms,tier=cloud,3.4210527524625887
1783667379,lat50_ms,tier=cloud,3.4089709762532987
1783667389,lat50_ms,tier=cloud,3.450943649563577
1783667399,lat50_ms,tier=cloud,3.657407407407407
1783667409,lat50_ms,tier=cloud,3.821884748087389
1783667419,lat50_ms,tier=cloud,4.1192010131803825
1783667429,lat50_ms,tier=cloud,4.290388429765588
1783667439,lat50_ms,tier=cloud,4.3587879580962525
1783667449,lat50_ms,tier=cloud,4.705443698732289
1783667459,lat50_ms,tier=cloud,4.831420541795708
1783667469,lat50_ms,tier=cloud,5.080265650390747
1783667479,lat50_ms,tier=cloud,5.7511476140037505
1783667489,lat50_ms,tier=cloud,5.8023643392585305
1783667499,lat50_ms,tier=cloud,6.270588175308939
1783667509,lat50_ms,tier=cloud,6.780490229670619
1783667519,lat50_ms,tier=cloud,7.33244226142997
1783667529,lat50_ms,tier=cloud,7.594400577795809
1783667539,lat50_ms,tier=cloud,8.002110639894502
1783667549,lat50_ms,tier=cloud,8.486987809259706
1783667559,lat50_ms,tier=cloud,10.212965031349116
1783667569,lat50_ms,tier=cloud,12.721562659577009
1783667579,lat50_ms,tier=cloud,15.265266238528593
1783667589,lat50_ms,tier=cloud,17.740116562869783
1783667599,lat50_ms,tier=cloud,19.91915251327996
1783667609,lat50_ms,tier=cloud,22.188437341533245
1783667619,lat50_ms,tier=cloud,24.104183562080145
1783667629,lat50_ms,tier=cloud,25.616986197187703
1783667639,lat50_ms,tier=cloud,26.962378201443393
1783667649,lat50_ms,tier=cloud,27.72114875401264
1783667659,lat50_ms,tier=cloud,28.612787075087677
1783667669,lat50_ms,tier=cloud,29.4967459794975
1783667679,lat50_ms,tier=cloud,29.503434003707675
1783667689,lat50_ms,tier=cloud,29.259814729693858
1783667699,lat50_ms,tier=cloud,29.109006913577602
1783667709,lat50_ms,tier=cloud,28.97131887388529
1783667719,lat50_ms,tier=cloud,28.62396712315993
1783667729,lat50_ms,tier=cloud,28.151107104103605
1783667739,lat50_ms,tier=cloud,27.383284910686147
1783667749,lat50_ms,tier=cloud,26.309701504527737
1783667759,lat50_ms,tier=cloud,24.993333701549457
1783667769,lat50_ms,tier=cloud,23.772161609891764
1783667779,lat50_ms,tier=cloud,21.48542963981929
1783667789,lat50_ms,tier=cloud,18.681587979387185
1783667799,lat50_ms,tier=cloud,15.499126553329782
1783667809,lat50_ms,tier=cloud,12.077465127099314
1783667819,lat50_ms,tier=cloud,9.603097896626698
1783667829,lat50_ms,tier=cloud,8.753552158933076
1783667839,lat50_ms,tier=cloud,8.663583433946828
1783667849,lat50_ms,tier=cloud,8.623634537384726
1783667859,lat50_ms,tier=cloud,8.811310253595384
1783667869,lat50_ms,tier=cloud,9.439683885413798
1783667879,lat50_ms,tier=cloud,9.275525352796098
1783667889,lat50_ms,tier=cloud,9.440037784752404
1783667899,lat50_ms,tier=cloud,10.139137888490174
1783667909,lat50_ms,tier=cloud,10.898325803048058
1783667919,lat50_ms,tier=cloud,10.794931485070178
1783667929,lat50_ms,tier=cloud,10.56855127736012
1783667939,lat50_ms,tier=cloud,10.419970122654796
1783667949,lat50_ms,tier=cloud,10.400820840423085
1783667959,lat50_ms,tier=cloud,10.350235657402893
1783667969,lat50_ms,tier=cloud,10.189564360454249
1783667979,lat50_ms,tier=cloud,9.895854206561545
1783667989,lat50_ms,tier=cloud,9.846798270903871
1783667999,lat50_ms,tier=cloud,10.057117716178425
1783667369,lat95_ms,tier=cloud,4.842105275246259
1783667379,lat95_ms,tier=cloud,4.84089709762533
1783667389,lat95_ms,tier=cloud,4.984340089145677
1783667399,lat95_ms,tier=cloud,8.259433962264147
1783667409,lat95_ms,tier=cloud,8.88520325796829
1783667419,lat95_ms,tier=cloud,9.942494631458
1783667429,lat95_ms,tier=cloud,12.492207761016193
1783667439,lat95_ms,tier=cloud,11.90102892977322
1783667449,lat95_ms,tier=cloud,16.9695067264574
1783667459,lat95_ms,tier=cloud,17.510057020495186
1783667469,lat95_ms,tier=cloud,18.41452283000398
1783667479,lat95_ms,tier=cloud,19.069323264146323
1783667489,lat95_ms,tier=cloud,19.02442550522406
1783667499,lat95_ms,tier=cloud,19.43830789642582
1783667509,lat95_ms,tier=cloud,19.953417419282687
1783667519,lat95_ms,tier=cloud,28.05373667557553
1783667529,lat95_ms,tier=cloud,30.746478998971988
1783667539,lat95_ms,tier=cloud,34.41780076562666
1783667549,lat95_ms,tier=cloud,37.553206740093025
1783667559,lat95_ms,tier=cloud,42.909226627795796
1783667569,lat95_ms,tier=cloud,48.34263224555611
1783667579,lat95_ms,tier=cloud,61.46946918342998
1783667589,lat95_ms,tier=cloud,65.4557476033911
1783667599,lat95_ms,tier=cloud,66.76145048768926
1783667609,lat95_ms,tier=cloud,67.79693405917409
1783667619,lat95_ms,tier=cloud,68.53540279323909
1783667629,lat95_ms,tier=cloud,68.98356611136138
1783667639,lat95_ms,tier=cloud,69.37039220654928
1783667649,lat95_ms,tier=cloud,69.66971883394841
1783667659,lat95_ms,tier=cloud,69.92972637646861
1783667669,lat95_ms,tier=cloud,70.25012390747318
1783667679,lat95_ms,tier=cloud,70.51607693072921
1783667689,lat95_ms,tier=cloud,70.34711058954356
1783667699,lat95_ms,tier=cloud,70.0724116996824
1783667709,lat95_ms,tier=cloud,69.77219372214554
1783667719,lat95_ms,tier=cloud,69.40205461179164
1783667729,lat95_ms,tier=cloud,69.0594622957733
1783667739,lat95_ms,tier=cloud,68.7149636505897
1783667749,lat95_ms,tier=cloud,68.18423404307316
1783667759,lat95_ms,tier=cloud,67.49749806552722
1783667769,lat95_ms,tier=cloud,66.46203158527766
1783667779,lat95_ms,tier=cloud,64.64941620186889
1783667789,lat95_ms,tier=cloud,60.33711767249142
1783667799,lat95_ms,tier=cloud,50.07880262275688
1783667809,lat95_ms,tier=cloud,46.98208538659033
1783667819,lat95_ms,tier=cloud,44.68015425285036
1783667829,lat95_ms,tier=cloud,43.48687860125871
1783667839,lat95_ms,tier=cloud,43.21539258031244
1783667849,lat95_ms,tier=cloud,43.33058462179033
1783667859,lat95_ms,tier=cloud,43.645206202601806
1783667869,lat95_ms,tier=cloud,44.1551276086561
1783667879,lat95_ms,tier=cloud,43.89481259497431
1783667889,lat95_ms,tier=cloud,44.00583260791375
1783667899,lat95_ms,tier=cloud,44.576595762655046
1783667909,lat95_ms,tier=cloud,45.02496117137916
1783667919,lat95_ms,tier=cloud,44.75042046603018
1783667929,lat95_ms,tier=cloud,44.48144917394051
1783667939,lat95_ms,tier=cloud,44.347736871546005
1783667949,lat95_ms,tier=cloud,44.301489432365685
1783667959,lat95_ms,tier=cloud,44.125161394448035
1783667969,lat95_ms,tier=cloud,43.76461064130304
1783667979,lat95_ms,tier=cloud,43.30638541402138
1783667989,lat95_ms,tier=cloud,42.909351198244416
1783667999,lat95_ms,tier=cloud,42.84757047010958
1783667369,lat99_ms,tier=cloud,4.9684210550492525
1783667379,lat99_ms,tier=cloud,4.9681794195250655
1783667389,lat99_ms,tier=cloud,9.206582914825335
1783667399,lat99_ms,tier=cloud,9.76509433962264
1783667409,lat99_ms,tier=cloud,9.899489376730859
1783667419,lat99_ms,tier=cloud,17.872455167340703
1783667429,lat99_ms,tier=cloud,18.498441552203236
1783667439,lat99_ms,tier=cloud,18.380205785954644
1783667449,lat99_ms,tier=cloud,19.79569506726457
1783667459,lat99_ms,tier=cloud,19.830192141316637
1783667469,lat99_ms,tier=cloud,31.126948268129198
1783667479,lat99_ms,tier=cloud,38.13915042309089
1783667489,lat99_ms,tier=cloud,37.81485794191383
1783667499,lat99_ms,tier=cloud,41.227861687901516
1783667509,lat99_ms,tier=cloud,43.82752914132
1783667519,lat99_ms,tier=cloud,45.61074733511511
1783667529,lat99_ms,tier=cloud,46.14929579979437
1783667539,lat99_ms,tier=cloud,46.883560153125316
1783667549,lat99_ms,tier=cloud,47.51064134801861
1783667559,lat99_ms,tier=cloud,48.96426218321616
1783667569,lat99_ms,tier=cloud,69.01444638996009
1783667579,lat99_ms,tier=cloud,73.58317689429563
1783667589,lat99_ms,tier=cloud,74.43056752666413
1783667599,lat99_ms,tier=cloud,74.62598596207542
1783667609,lat99_ms,tier=cloud,74.77612551964609
1783667619,lat99_ms,tier=cloud,76.86829596300153
1783667629,lat99_ms,tier=cloud,77.66624568022362
1783667639,lat99_ms,tier=cloud,78.5251504152695
1783667649,lat99_ms,tier=cloud,80.87651042423619
1783667659,lat99_ms,tier=cloud,81.37473182618442
1783667669,lat99_ms,tier=cloud,82.19266841523604
1783667679,lat99_ms,tier=cloud,83.66064778733457
1783667689,lat99_ms,tier=cloud,83.0636719953682
1783667699,lat99_ms,tier=cloud,81.43388400757978
1783667709,lat99_ms,tier=cloud,80.52929716025277
1783667719,lat99_ms,tier=cloud,79.77737857245408
1783667729,lat99_ms,tier=cloud,77.09863478111956
1783667739,lat99_ms,tier=cloud,76.31987055731364
1783667749,lat99_ms,tier=cloud,75.00954355701063
1783667759,lat99_ms,tier=cloud,74.67645558402153
1783667769,lat99_ms,tier=cloud,74.44680897102555
1783667779,lat99_ms,tier=cloud,74.01371734229997
1783667789,lat99_ms,tier=cloud,72.59930159593385
1783667799,lat99_ms,tier=cloud,70.25330590906746
1783667809,lat99_ms,tier=cloud,60.66686827672709
1783667819,lat99_ms,tier=cloud,49.25717212683403
1783667829,lat99_ms,tier=cloud,48.76257834660283
1783667839,lat99_ms,tier=cloud,48.68572243939527
1783667849,lat99_ms,tier=cloud,48.69399472523014
1783667859,lat99_ms,tier=cloud,48.7556664897561
1783667869,lat99_ms,tier=cloud,48.85564848264226
1783667879,lat99_ms,tier=cloud,48.804622735853826
1783667889,lat99_ms,tier=cloud,48.82639515608292
1783667899,lat99_ms,tier=cloud,48.938274678419646
1783667909,lat99_ms,tier=cloud,49.02623493254289
1783667919,lat99_ms,tier=cloud,48.95008409320603
1783667929,lat99_ms,tier=cloud,48.89628983478811
1783667939,lat99_ms,tier=cloud,48.86954737430921
1783667949,lat99_ms,tier=cloud,48.860297886473134
1783667959,lat99_ms,tier=cloud,48.82503227888961
1783667969,lat99_ms,tier=cloud,48.7529221282606
1783667979,lat99_ms,tier=cloud,48.66127708280428
1783667989,lat99_ms,tier=cloud,48.581870239648886
1783667999,lat99_ms,tier=cloud,48.56951409402191
1783667359,inflight,tier=cloud,0.0
1783667369,inflight,tier=cloud,0.0
1783667379,inflight,tier=cloud,0.0
1783667389,inflight,tier=cloud,0.0
1783667399,inflight,tier=cloud,0.0
1783667409,inflight,tier=cloud,0.0
1783667419,inflight,tier=cloud,0.0
1783667429,inflight,tier=cloud,0.0
1783667439,inflight,tier=cloud,0.0
1783667449,inflight,tier=cloud,0.0
1783667459,inflight,tier=cloud,0.0
1783667469,inflight,tier=cloud,0.0
1783667479,inflight,tier=cloud,0.0
1783667489,inflight,tier=cloud,2.0
1783667499,inflight,tier=cloud,0.0
1783667509,inflight,tier=cloud,0.0
1783667519,inflight,tier=cloud,0.0
1783667529,inflight,tier=cloud,0.0
1783667539,inflight,tier=cloud,0.0
1783667549,inflight,tier=cloud,0.0
1783667559,inflight,tier=cloud,0.0
1783667569,inflight,tier=cloud,25.0
1783667579,inflight,tier=cloud,3.0
1783667589,inflight,tier=cloud,14.0
1783667599,inflight,tier=cloud,7.0
1783667609,inflight,tier=cloud,11.0
1783667619,inflight,tier=cloud,17.0
1783667629,inflight,tier=cloud,9.0
1783667639,inflight,tier=cloud,14.0
1783667649,inflight,tier=cloud,1.0
1783667659,inflight,tier=cloud,38.0
1783667669,inflight,tier=cloud,39.0
1783667679,inflight,tier=cloud,0.0
1783667689,inflight,tier=cloud,52.0
1783667699,inflight,tier=cloud,3.0
1783667709,inflight,tier=cloud,30.0
1783667719,inflight,tier=cloud,0.0
1783667729,inflight,tier=cloud,11.0
1783667739,inflight,tier=cloud,0.0
1783667749,inflight,tier=cloud,5.0
1783667759,inflight,tier=cloud,0.0
1783667769,inflight,tier=cloud,7.0
1783667779,inflight,tier=cloud,0.0
1783667789,inflight,tier=cloud,0.0
1783667799,inflight,tier=cloud,0.0
1783667809,inflight,tier=cloud,0.0
1783667819,inflight,tier=cloud,0.0
1783667829,inflight,tier=cloud,0.0
1783667839,inflight,tier=cloud,1.0
1783667849,inflight,tier=cloud,0.0
1783667859,inflight,tier=cloud,0.0
1783667869,inflight,tier=cloud,0.0
1783667879,inflight,tier=cloud,0.0
1783667889,inflight,tier=cloud,0.0
1783667899,inflight,tier=cloud,0.0
1783667909,inflight,tier=cloud,0.0
1783667919,inflight,tier=cloud,0.0
1783667929,inflight,tier=cloud,0.0
1783667939,inflight,tier=cloud,0.0
1783667949,inflight,tier=cloud,0.0
1783667959,inflight,tier=cloud,0.0
1783667969,inflight,tier=cloud,0.0
1783667979,inflight,tier=cloud,0.0
1783667989,inflight,tier=cloud,0.0
1783667999,inflight,tier=cloud,0.0
1783667359,inflight,tier=edge,0.0
1783667369,inflight,tier=edge,0.0
1783667379,inflight,tier=edge,0.0
1783667389,inflight,tier=edge,0.0
1783667399,inflight,tier=edge,0.0
1783667409,inflight,tier=edge,0.0
1783667419,inflight,tier=edge,0.0
1783667429,inflight,tier=edge,0.0
1783667439,inflight,tier=edge,0.0
1783667449,inflight,tier=edge,0.0
1783667459,inflight,tier=edge,0.0
1783667469,inflight,tier=edge,0.0
1783667479,inflight,tier=edge,0.0
1783667489,inflight,tier=edge,0.0
1783667499,inflight,tier=edge,0.0
1783667509,inflight,tier=edge,0.0
1783667519,inflight,tier=edge,0.0
1783667529,inflight,tier=edge,0.0
1783667539,inflight,tier=edge,0.0
1783667549,inflight,tier=edge,0.0
1783667559,inflight,tier=edge,0.0
1783667569,inflight,tier=edge,0.0
1783667579,inflight,tier=edge,0.0
1783667589,inflight,tier=edge,0.0
1783667599,inflight,tier=edge,0.0
1783667609,inflight,tier=edge,0.0
1783667619,inflight,tier=edge,0.0
1783667629,inflight,tier=edge,0.0
1783667639,inflight,tier=edge,0.0
1783667649,inflight,tier=edge,0.0
1783667659,inflight,tier=edge,0.0
1783667669,inflight,tier=edge,0.0
1783667679,inflight,tier=edge,0.0
1783667689,inflight,tier=edge,0.0
1783667699,inflight,tier=edge,0.0
1783667709,inflight,tier=edge,0.0
1783667719,inflight,tier=edge,0.0
1783667729,inflight,tier=edge,0.0
1783667739,inflight,tier=edge,0.0
1783667749,inflight,tier=edge,0.0
1783667759,inflight,tier=edge,0.0
1783667769,inflight,tier=edge,0.0
1783667779,inflight,tier=edge,0.0
1783667789,inflight,tier=edge,0.0
1783667799,inflight,tier=edge,0.0
1783667809,inflight,tier=edge,0.0
1783667819,inflight,tier=edge,0.0
1783667829,inflight,tier=edge,0.0
1783667839,inflight,tier=edge,0.0
1783667849,inflight,tier=edge,0.0
1783667859,inflight,tier=edge,0.0
1783667869,inflight,tier=edge,0.0
1783667879,inflight,tier=edge,0.0
1783667889,inflight,tier=edge,0.0
1783667899,inflight,tier=edge,0.0
1783667909,inflight,tier=edge,0.0
1783667919,inflight,tier=edge,0.0
1783667929,inflight,tier=edge,0.0
1783667939,inflight,tier=edge,0.0
1783667949,inflight,tier=edge,0.0
1783667959,inflight,tier=edge,0.0
1783667969,inflight,tier=edge,0.0
1783667979,inflight,tier=edge,0.0
1783667989,inflight,tier=edge,0.0
1783667999,inflight,tier=edge,0.0
