ts,metric,labels,value
1783734907,replicas_status,deployment=workload-cloud,1.0
1783734917,replicas_status,deployment=workload-cloud,1.0
1783734927,replicas_status,deployment=workload-cloud,1.0
1783734937,replicas_status,deployment=workload-cloud,1.0
1783734947,replicas_status,deployment=workload-cloud,1.0
1783734957,replicas_status,deployment=workload-cloud,1.0
1783734967,replicas_status,deployment=workload-cloud,1.0
1783734977,replicas_status,deployment=workload-cloud,1.0
1783734987,replicas_status,deployment=workload-cloud,2.0
1783734997,replicas_status,deployment=workload-cloud,2.0
1783735007,replicas_status,deployment=workload-cloud,2.0
1783735017,replicas_status,deployment=workload-cloud,3.0
1783735027,replicas_status,deployment=workload-cloud,3.0
1783735037,replicas_status,deployment=workload-cloud,3.0
1783735047,replicas_status,deployment=workload-cloud,4.0
1783735057,replicas_status,deployment=workload-cloud,4.0
1783735067,replicas_status,deployment=workload-cloud,4.0
1783735077,replicas_status,deployment=workload-cloud,5.0
1783735087,replicas_status,deployment=workload-cloud,5.0
1783735097,replicas_status,deployment=workload-cloud,5.0
1783735107,replicas_status,deployment=workload-cloud,6.0
1783735117,replicas_status,deployment=workload-cloud,6.0
1783735127,replicas_status,deployment=workload-cloud,6.0
1783735137,replicas_status,deployment=workload-cloud,6.0
1783735147,replicas_status,deployment=workload-cloud,6.0
1783735157,replicas_status,deployment=workload-cloud,6.0
1783735167,replicas_status,deployment=workload-cloud,6.0
1783735177,replicas_status,deployment=workload-cloud,6.0
1783735187,replicas_status,deployment=workload-cloud,6.0
1783735197,replicas_status,deployment=workload-cloud,6.0
1783735207,replicas_status,deployment=workload-cloud,6.0
1783735217,replicas_status,deployment=workload-cloud,6.0
1783735227,replicas_status,deployment=workload-cloud,6.0
1783735237,replicas_status,deployment=workload-cloud,6.0
1783735247,replicas_status,deployment=workload-cloud,6.0
1783735257,replicas_status,deployment=workload-cloud,6.0
1783735267,replicas_status,deployment=workload-cloud,6.0
1783735277,replicas_status,deployment=workload-cloud,6.0
1783735287,replicas_status,deployment=workload-cloud,6.0
1783735297,replicas_status,deployment=workload-cloud,6.0
1783735307,replicas_status,deployment=workload-cloud,6.0
1783735317,replicas_status,deployment=workload-cloud,6.0
1783735327,replicas_status,deployment=workload-cloud,6.0
1783735337,replicas_status,deployment=workload-cloud,6.0
1783735347,replicas_status,deployment=workload-cloud,6.0
1783735357,replicas_status,deployment=workload-cloud,6.0
1783735367,replicas_status,deployment=workload-cloud,6.0
1783735377,replicas_status,deployment=workload-cloud,6.0
1783735387,replicas_status,deployment=workload-cloud,6.0
1783735397,replicas_status,deployment=workload-cloud,6.0
1783735407,replicas_status,deployment=workload-cloud,6.0
1783735417,replicas_status,deployment=workload-cloud,6.0
1783735427,replicas_status,deployment=workload-cloud,6.0
1783735437,replicas_status,deployment=workload-cloud,6.0
1783735447,replicas_status,deployment=workload-cloud,6.0
1783735457,replicas_status,deployment=workload-cloud,6.0
1783735467,replicas_status,deployment=workload-cloud,6.0
1783735477,replicas_status,deployment=workload-cloud,6.0
1783735487,replicas_status,deployment=workload-cloud,6.0
1783735497,replicas_status,deployment=workload-cloud,6.0
1783735507,replicas_status,deployment=workload-cloud,6.0
1783735517,replicas_status,deployment=workload-cloud,6.0
1783735527,replicas_status,deployment=workload-cloud,6.0
1783735537,replicas_status,deployment=workload-cloud,6.0
1783735547,replicas_status,deployment=workload-cloud,6.0
1783735557,replicas_status,deployment=workload-cloud,6.0
1783734907,replicas_status,deployment=workload-edge,1.0
1783734917,replicas_status,deployment=workload-edge,1.0
1783734927,replicas_status,deployment=workload-edge,1.0
1783734937,replicas_status,deployment=workload-edge,1.0
1783734947,replicas_status,deployment=workload-edge,1.0
1783734957,replicas_status,deployment=workload-edge,1.0
1783734967,replicas_status,deployment=workload-edge,1.0
1783734977,replicas_status,deployment=workload-edge,1.0
1783734987,replicas_status,deployment=workload-edge,1.0
1783734997,replicas_status,deployment=workload-edge,1.0
1783735007,replicas_status,deployment=workload-edge,1.0
1783735017,replicas_status,deployment=workload-edge,1.0
1783735027,replicas_status,deployment=workload-edge,1.0
1783735037,replicas_status,deployment=workload-edge,1.0
1783735047,replicas_status,deployment=workload-edge,1.0
1783735057,replicas_status,deployment=workload-edge,1.0
1783735067,replicas_status,deployment=workload-edge,1.0
1783735077,replicas_status,deployment=workload-edge,1.0
1783735087,replicas_status,deployment=workload-edge,1.0
1783735097,replicas_status,deployment=workload-edge,1.0
1783735107,replicas_status,deployment=workload-edge,1.0
1783735117,replicas_status,deployment=workload-edge,1.0
1783735127,replicas_status,deployment=workload-edge,1.0
1783735137,replicas_status,deployment=workload-edge,1.0
1783735147,replicas_status,deployment=workload-edge,1.0
1783735157,replicas_status,deployment=workload-edge,1.0
1783735167,replicas_status,deployment=workload-edge,1.0
1783735177,replicas_status,deployment=workload-edge,1.0
1783735187,replicas_status,deployment=workload-edge,1.0
1783735197,replicas_status,deployment=workload-edge,1.0
1783735207,replicas_status,deployment=workload-edge,1.0
1783735217,replicas_status,deployment=workload-edge,1.0
1783735227,replicas_status,deployment=workload-edge,1.0
1783735237,replicas_status,deployment=workload-edge,1.0
1783735247,replicas_status,deployment=workload-edge,1.0
1783735257,replicas_status,deployment=workload-edge,1.0
1783735267,replicas_status,deployment=workload-edge,1.0
1783735277,replicas_status,deployment=workload-edge,1.0
1783735287,replicas_status,deployment=workload-edge,1.0
1783735297,replicas_status,deployment=workload-edge,1.0
1783735307,replicas_status,deployment=workload-edge,1.0
1783735317,replicas_status,deployment=workload-edge,1.0
1783735327,replicas_status,deployment=workload-edge,1.0
1783735337,replicas_status,deployment=workload-edge,1.0
1783735347,replicas_status,deployment=workload-edge,1.0
1783735357,replicas_status,deployment=workload-edge,1.0
1783735367,replicas_status,deployment=workload-edge,1.0
1783735377,replicas_status,deployment=workload-edge,1.0
1783735387,replicas_status,deployment=workload-edge,1.0
1783735397,replicas_status,deployment=workload-edge,1.0
1783735407,replicas_status,deployment=workload-edge,1.0
1783735417,replicas_status,deployment=workload-edge,1.0
1783735427,replicas_status,deployment=workload-edge,1.0
1783735437,replicas_status,deployment=workload-edge,1.0
1783735447,replicas_status,deployment=workload-edge,1.0
1783735457,replicas_status,deployment=workload-edge,1.0
1783735467,replicas_status,deployment=workload-edge,1.0
1783735477,replicas_status,deployment=workload-edge,1.0
1783735487,replicas_status,deployment=workload-edge,1.0
1783735497,replicas_status,deployment=workload-edge,1.0
1783735507,replicas_status,deployment=workload-edge,1.0
1783735517,replicas_status,deployment=workload-edge,1.0
1783735527,replicas_status,deployment=workload-edge,1.0
1783735537,replicas_status,deployment=workload-edge,1.0
1783735547,replicas_status,deployment=workload-edge,1.0
1783735557,replicas_status,deployment=workload-edge,1.0
1783734907,replicas_spec,deployment=workload-cloud,1.0
1783734917,replicas_spec,deployment=workload-cloud,1.0
1783734927,replicas_spec,deployment=workload-cloud,1.0
1783734937,replicas_spec,deployment=workload-cloud,1.0
1783734947,replicas_spec,deployment=workload-cloud,1.0
1783734957,replicas_spec,deployment=workload-cloud,1.0
1783734967,replicas_spec,deployment=workload-cloud,1.0
1783734977,replicas_spec,deployment=workload-cloud,1.0
1783734987,replicas_spec,deployment=workload-cloud,2.0
1783734997,replicas_spec,deployment=workload-cloud,2.0
1783735007,replicas_spec,deployment=workload-cloud,2.0
1783735017,replicas_spec,deployment=workload-cloud,3.0
1783735027,replicas_spec,deployment=workload-cloud,3.0
1783735037,replicas_spec,deployment=workload-cloud,3.0
1783735047,replicas_spec,deployment=workload-cloud,4.0
1783735057,replicas_spec,deployment=workload-cloud,4.0
1783735067,replicas_spec,deployment=workload-cloud,4.0
1783735077,replicas_spec,deployment=workload-cloud,5.0
1783735087,replicas_spec,deployment=workload-cloud,5.0
1783735097,replicas_spec,deployment=workload-cloud,5.0
1783735107,replicas_spec,deployment=workload-cloud,6.0
1783735117,replicas_spec,deployment=workload-cloud,6.0
1783735127,replicas_spec,deployment=workload-cloud,6.0
1783735137,replicas_spec,deployment=workload-cloud,6.0
1783735147,replicas_spec,deployment=workload-cloud,6.0
1783735157,replicas_spec,deployment=workload-cloud,6.0
1783735167,replicas_spec,deployment=workload-cloud,6.0
1783735177,replicas_spec,deployment=workload-cloud,6.0
1783735187,replicas_spec,deployment=workload-cloud,6.0
1783735197,replicas_spec,deployment=workload-cloud,6.0
1783735207,replicas_spec,deployment=workload-cloud,6.0
1783735217,replicas_spec,deployment=workload-cloud,6.0
1783735227,replicas_spec,deployment=workload-cloud,6.0
1783735237,replicas_spec,deployment=workload-cloud,6.0
1783735247,replicas_spec,deployment=workload-cloud,6.0
1783735257,replicas_spec,deployment=workload-cloud,6.0
1783735267,replicas_spec,deployment=workload-cloud,6.0
1783735277,replicas_spec,deployment=workload-cloud,6.0
1783735287,replicas_spec,deployment=workload-cloud,6.0
1783735297,replicas_spec,deployment=workload-cloud,6.0
1783735307,replicas_spec,deployment=workload-cloud,6.0
1783735317,replicas_spec,deployment=workload-cloud,6.0
1783735327,replicas_spec,deployment=workload-cloud,6.0
1783735337,replicas_spec,deployment=workload-cloud,6.0
1783735347,replicas_spec,deployment=workload-cloud,6.0
1783735357,replicas_spec,deployment=workload-cloud,6.0
1783735367,replicas_spec,deployment=workload-cloud,6.0
1783735377,replicas_spec,deployment=workload-cloud,6.0
1783735387,replicas_spec,deployment=workload-cloud,6.0
1783735397,replicas_spec,deployment=workload-cloud,6.0
1783735407,replicas_spec,deployment=workload-cloud,6.0
1783735417,replicas_spec,deployment=workload-cloud,6.0
1783735427,replicas_spec,deployment=workload-cloud,6.0
1783735437,replicas_spec,deployment=workload-cloud,6.0
1783735447,replicas_spec,deployment=workload-cloud,6.0
1783735457,replicas_spec,deployment=workload-cloud,6.0
1783735467,replicas_spec,deployment=workload-cloud,6.0
1783735477,replicas_spec,deployment=workload-cloud,6.0
1783735487,replicas_spec,deployment=workload-cloud,6.0
1783735497,replicas_spec,deployment=workload-cloud,6.0
1783735507,replicas_spec,deployment=workload-cloud,6.0
1783735517,replicas_spec,deployment=workload-cloud,6.0
1783735527,replicas_spec,deployment=workload-cloud,6.0
1783735537,replicas_spec,deployment=workload-cloud,6.0
1783735547,replicas_spec,deployment=workload-cloud,6.0
1783735557,replicas_spec,deployment=workload-cloud,6.0
1783734907,replicas_spec,deployment=workload-edge,1.0
1783734917,replicas_spec,deployment=workload-edge,1.0
1783734927,replicas_spec,deployment=workload-edge,1.0
1783734937,replicas_spec,deployment=workload-edge,1.0
1783734947,replicas_spec,deployment=workload-edge,1.0
1783734957,replicas_spec,deployment=workload-edge,1.0
1783734967,replicas_spec,deployment=workload-edge,1.0
1783734977,replicas_spec,deployment=workload-edge,1.0
1783734987,replicas_spec,deployment=workload-edge,1.0
1783734997,replicas_spec,deployment=workload-edge,1.0
1783735007,replicas_spec,deployment=workload-edge,1.0
1783735017,replicas_spec,deployment=workload-edge,1.0
1783735027,replicas_spec,deployment=workload-edge,1.0
1783735037,replicas_spec,deployment=workload-edge,1.0
1783735047,replicas_spec,deployment=workload-edge,1.0
1783735057,replicas_spec,deployment=workload-edge,1.0
1783735067,replicas_spec,deployment=workload-edge,1.0
1783735077,replicas_spec,deployment=workload-edge,1.0
1783735087,replicas_spec,deployment=workload-edge,1.0
1783735097,replicas_spec,deployment=workload-edge,1.0
1783735107,replicas_spec,deployment=workload-edge,1.0
1783735117,replicas_spec,deployment=workload-edge,1.0
1783735127,replicas_spec,deployment=workload-edge,1.0
1783735137,replicas_spec,deployment=workload-edge,1.0
1783735147,replicas_spec,deployment=workload-edge,1.0
1783735157,replicas_spec,deployment=workload-edge,1.0
1783735167,replicas_spec,deployment=workload-edge,1.0
1783735177,replicas_spec,deployment=workload-edge,1.0
1783735187,replicas_spec,deployment=workload-edge,1.0
1783735197,replicas_spec,deployment=workload-edge,1.0
1783735207,replicas_spec,deployment=workload-edge,1.0
1783735217,replicas_spec,deployment=workload-edge,1.0
1783735227,replicas_spec,deployment=workload-edge,1.0
1783735237,replicas_spec,deployment=workload-edge,1.0
1783735247,replicas_spec,deployment=workload-edge,1.0
1783735257,replicas_spec,deployment=workload-edge,1.0
1783735267,replicas_spec,deployment=workload-edge,1.0
1783735277,replicas_spec,deployment=workload-edge,1.0
1783735287,replicas_spec,deployment=workload-edge,1.0
1783735297,replicas_spec,deployment=workload-edge,1.0
1783735307,replicas_spec,deployment=workload-edge,1.0
1783735317,replicas_spec,deployment=workload-edge,1.0
1783735327,replicas_spec,deployment=workload-edge,1.0
1783735337,replicas_spec,deployment=workload-edge,1.0
1783735347,replicas_spec,deployment=workload-edge,1.0
1783735357,replicas_spec,deployment=workload-edge,1.0
1783735367,replicas_spec,deployment=workload-edge,1.0
1783735377,replicas_spec,deployment=workload-edge,1.0
1783735387,replicas_spec,deployment=workload-edge,1.0
1783735397,replicas_spec,deployment=workload-edge,1.0
1783735407,replicas_spec,deployment=workload-edge,1.0
1783735417,replicas_spec,deployment=workload-edge,1.0
1783735427,replicas_spec,deployment=workload-edge,1.0
1783735437,replicas_spec,deployment=workload-edge,1.0
1783735447,replicas_spec,deployment=workload-edge,1.0
1783735457,replicas_spec,deployment=workload-edge,1.0
1783735467,replicas_spec,deployment=workload-edge,1.0
1783735477,replicas_spec,deployment=workload-edge,1.0
1783735487,replicas_spec,deployment=workload-edge,1.0
1783735497,replicas_spec,deployment=workload-edge,1.0
1783735507,replicas_spec,deployment=workload-edge,1.0
1783735517,replicas_spec,deployment=workload-edge,1.0
1783735527,replicas_spec,deployment=workload-edge,1.0
1783735537,replicas_spec,deployment=workload-edge,1.0
1783735547,replicas_spec,deployment=workload-edge,1.0
1783735557,replicas_spec,deployment=workload-edge,1.0
1783735117,cpu_cores,pod=workload-cloud-6f545f89ff-4dc8g,0.0258038535907918
1783735127,cpu_cores,pod=workload-cloud-6f545f89ff-4dc8g,0.05393517008429311
1783735137,cpu_cores,pod=workload-cloud-6f545f89ff-4dc8g,0.0898881876095669
1783735147,cpu_cores,pod=workload-cloud-6f545f89ff-4dc8g,0.11223350542900239
1783735157,cpu_cores,pod=workload-cloud-6f545f89ff-4dc8g,0.14980262484116297
1783735167,cpu_cores,pod=workload-cloud-6f545f89ff-4dc8g,0.14101846260112647
1783735177,cpu_cores,pod=workload-cloud-6f545f89ff-4dc8g,0.1866713717438727
1783735187,cpu_cores,pod=workload-cloud-6f545f89ff-4dc8g,0.189534395936419
1783735197,cpu_cores,pod=workload-cloud-6f545f89ff-4dc8g,0.18795085699829234
1783735207,cpu_cores,pod=workload-cloud-6f545f89ff-4dc8g,0.18534698392819873
1783735217,cpu_cores,pod=workload-cloud-6f545f89ff-4dc8g,0.18241538276069924
1783735227,cpu_cores,pod=workload-cloud-6f545f89ff-4dc8g,0.18334388009991673
1783735237,cpu_cores,pod=workload-cloud-6f545f89ff-4dc8g,0.18208486858544784
1783735247,cpu_cores,pod=workload-cloud-6f545f89ff-4dc8g,0.1823293761356754
1783735257,cpu_cores,pod=workload-cloud-6f545f89ff-4dc8g,0.16828573323731189
1783735267,cpu_cores,pod=workload-cloud-6f545f89ff-4dc8g,0.1384725522984786
1783735277,cpu_cores,pod=workload-cloud-6f545f89ff-4dc8g,0.09890005874750323
1783735287,cpu_cores,pod=workload-cloud-6f545f89ff-4dc8g,0.04311326086956521
1783735297,cpu_cores,pod=workload-cloud-6f545f89ff-4dc8g,0.03468794926004229
1783735307,cpu_cores,pod=workload-cloud-6f545f89ff-4dc8g,0.008990683642297442
1783735317,cpu_cores,pod=workload-cloud-6f545f89ff-4dc8g,0.001842517804412054
1783735327,cpu_cores,pod=workload-cloud-6f545f89ff-4dc8g,0.001620801495281137
1783735337,cpu_cores,pod=workload-cloud-6f545f89ff-4dc8g,0.0018308703111596355
1783735347,cpu_cores,pod=workload-cloud-6f545f89ff-4dc8g,0.0015593917465938586
1783735357,cpu_cores,pod=workload-cloud-6f545f89ff-4dc8g,0.0018879578745011035
1783735367,cpu_cores,pod=workload-cloud-6f545f89ff-4dc8g,0.00192499474458691
1783735377,cpu_cores,pod=workload-cloud-6f545f89ff-4dc8g,0.0019578408291060843
1783735387,cpu_cores,pod=workload-cloud-6f545f89ff-4dc8g,0.0019578408291060843
1783735397,cpu_cores,pod=workload-cloud-6f545f89ff-4dc8g,0.0018086640816024062
1783735407,cpu_cores,pod=workload-cloud-6f545f89ff-4dc8g,0.0017895750750194564
1783735417,cpu_cores,pod=workload-cloud-6f545f89ff-4dc8g,0.001762201023088611
1783735427,cpu_cores,pod=workload-cloud-6f545f89ff-4dc8g,0.0018528678304239397
1783735437,cpu_cores,pod=workload-cloud-6f545f89ff-4dc8g,0.0019401479191963997
1783735447,cpu_cores,pod=workload-cloud-6f545f89ff-4dc8g,0.0019401479191963997
1783735457,cpu_cores,pod=workload-cloud-6f545f89ff-4dc8g,0.002005774719560992
1783735467,cpu_cores,pod=workload-cloud-6f545f89ff-4dc8g,0.001942836098123317
1783735477,cpu_cores,pod=workload-cloud-6f545f89ff-4dc8g,0.001909513683248239
1783735487,cpu_cores,pod=workload-cloud-6f545f89ff-4dc8g,0.0018950754078178118
1783735497,cpu_cores,pod=workload-cloud-6f545f89ff-4dc8g,0.0018804847471793444
1783735507,cpu_cores,pod=workload-cloud-6f545f89ff-4dc8g,0.0018802424842262052
1783735517,cpu_cores,pod=workload-cloud-6f545f89ff-4dc8g,0.0018727850421605755
1783735527,cpu_cores,pod=workload-cloud-6f545f89ff-4dc8g,0.0015610651740736205
1783735537,cpu_cores,pod=workload-cloud-6f545f89ff-4dc8g,0.0018794083614227545
1783735547,cpu_cores,pod=workload-cloud-6f545f89ff-4dc8g,0.0019444677523932803
1783735557,cpu_cores,pod=workload-cloud-6f545f89ff-4dc8g,0.0016646154021028514
1783734997,cpu_cores,pod=workload-cloud-6f545f89ff-4n5hx,0.010816601512550398
1783735007,cpu_cores,pod=workload-cloud-6f545f89ff-4n5hx,0.008644877928063696
1783735017,cpu_cores,pod=workload-cloud-6f545f89ff-4n5hx,0.01130311769899279
1783735027,cpu_cores,pod=workload-cloud-6f545f89ff-4n5hx,0.01677467609314902
1783735037,cpu_cores,pod=workload-cloud-6f545f89ff-4n5hx,0.017525724720383475
1783735047,cpu_cores,pod=workload-cloud-6f545f89ff-4n5hx,0.01752572472038347
1783735057,cpu_cores,pod=workload-cloud-6f545f89ff-4n5hx,0.02441728041462084
1783735067,cpu_cores,pod=workload-cloud-6f545f89ff-4n5hx,0.02436979096788043
1783735077,cpu_cores,pod=workload-cloud-6f545f89ff-4n5hx,0.02466013458950202
1783735087,cpu_cores,pod=workload-cloud-6f545f89ff-4n5hx,0.02479899685057739
1783735097,cpu_cores,pod=workload-cloud-6f545f89ff-4n5hx,0.024776734605896585
1783735107,cpu_cores,pod=workload-cloud-6f545f89ff-4n5hx,0.020274733103742382
1783735117,cpu_cores,pod=workload-cloud-6f545f89ff-4n5hx,0.0703282682103232
1783735127,cpu_cores,pod=workload-cloud-6f545f89ff-4n5hx,0.15514083345666743
1783735137,cpu_cores,pod=workload-cloud-6f545f89ff-4n5hx,0.20362971014492753
1783735147,cpu_cores,pod=workload-cloud-6f545f89ff-4n5hx,0.2312217295740488
1783735157,cpu_cores,pod=workload-cloud-6f545f89ff-4n5hx,0.28107403448913737
1783735167,cpu_cores,pod=workload-cloud-6f545f89ff-4n5hx,0.28107403448913737
1783735177,cpu_cores,pod=workload-cloud-6f545f89ff-4n5hx,0.2856720328542095
1783735187,cpu_cores,pod=workload-cloud-6f545f89ff-4n5hx,0.28709226268735216
1783735197,cpu_cores,pod=workload-cloud-6f545f89ff-4n5hx,0.28639809339422123
1783735207,cpu_cores,pod=workload-cloud-6f545f89ff-4n5hx,0.2841065017348015
1783735217,cpu_cores,pod=workload-cloud-6f545f89ff-4n5hx,0.27799974420918006
1783735227,cpu_cores,pod=workload-cloud-6f545f89ff-4n5hx,0.2789822935284093
1783735237,cpu_cores,pod=workload-cloud-6f545f89ff-4n5hx,0.2755766366889083
1783735247,cpu_cores,pod=workload-cloud-6f545f89ff-4n5hx,0.2785737365368683
1783735257,cpu_cores,pod=workload-cloud-6f545f89ff-4n5hx,0.28264789596368545
1783735267,cpu_cores,pod=workload-cloud-6f545f89ff-4n5hx,0.26099982790270754
1783735277,cpu_cores,pod=workload-cloud-6f545f89ff-4n5hx,0.2542132967507557
1783735287,cpu_cores,pod=workload-cloud-6f545f89ff-4n5hx,0.14457342712407145
1783735297,cpu_cores,pod=workload-cloud-6f545f89ff-4n5hx,0.11377429893819764
1783735307,cpu_cores,pod=workload-cloud-6f545f89ff-4n5hx,0.04464881815316742
1783735317,cpu_cores,pod=workload-cloud-6f545f89ff-4n5hx,0.03785275321543407
1783735327,cpu_cores,pod=workload-cloud-6f545f89ff-4n5hx,0.02168889565126668
1783735337,cpu_cores,pod=workload-cloud-6f545f89ff-4n5hx,0.025342118250912992
1783735347,cpu_cores,pod=workload-cloud-6f545f89ff-4n5hx,0.02565246593744007
1783735357,cpu_cores,pod=workload-cloud-6f545f89ff-4n5hx,0.025609802258043556
1783735367,cpu_cores,pod=workload-cloud-6f545f89ff-4n5hx,0.025609802258043556
1783735377,cpu_cores,pod=workload-cloud-6f545f89ff-4n5hx,0.02586254812913428
1783735387,cpu_cores,pod=workload-cloud-6f545f89ff-4n5hx,0.02553980534065396
1783735397,cpu_cores,pod=workload-cloud-6f545f89ff-4n5hx,0.025046843796953166
1783735407,cpu_cores,pod=workload-cloud-6f545f89ff-4n5hx,0.024811624477758698
1783735417,cpu_cores,pod=workload-cloud-6f545f89ff-4n5hx,0.02544485302117094
1783735427,cpu_cores,pod=workload-cloud-6f545f89ff-4n5hx,0.02544485302117094
1783735437,cpu_cores,pod=workload-cloud-6f545f89ff-4n5hx,0.026112178799708292
1783735447,cpu_cores,pod=workload-cloud-6f545f89ff-4n5hx,0.026663349075340882
1783735457,cpu_cores,pod=workload-cloud-6f545f89ff-4n5hx,0.021406927195257754
1783735467,cpu_cores,pod=workload-cloud-6f545f89ff-4n5hx,0.02668472008217782
1783735477,cpu_cores,pod=workload-cloud-6f545f89ff-4n5hx,0.023029350812087325
1783735487,cpu_cores,pod=workload-cloud-6f545f89ff-4n5hx,0.018075209991158185
1783735497,cpu_cores,pod=workload-cloud-6f545f89ff-4n5hx,0.01192462894682664
1783735507,cpu_cores,pod=workload-cloud-6f545f89ff-4n5hx,0.007407054196878417
1783735517,cpu_cores,pod=workload-cloud-6f545f89ff-4n5hx,0.0020720870621037174
1783735527,cpu_cores,pod=workload-cloud-6f545f89ff-4n5hx,0.0020200714220308443
1783735537,cpu_cores,pod=workload-cloud-6f545f89ff-4n5hx,0.0020258519669974565
1783735547,cpu_cores,pod=workload-cloud-6f545f89ff-4n5hx,0.0020745953247205224
1783735557,cpu_cores,pod=workload-cloud-6f545f89ff-4n5hx,0.0014332499999998305
1783735057,cpu_cores,pod=workload-cloud-6f545f89ff-67qmp,0.01684969646631824
1783735067,cpu_cores,pod=workload-cloud-6f545f89ff-67qmp,0.023421752018055984
1783735077,cpu_cores,pod=workload-cloud-6f545f89ff-67qmp,0.031016344434080665
1783735087,cpu_cores,pod=workload-cloud-6f545f89ff-67qmp,0.0385908118629857
1783735097,cpu_cores,pod=workload-cloud-6f545f89ff-67qmp,0.044595938001068945
1783735107,cpu_cores,pod=workload-cloud-6f545f89ff-67qmp,0.06471193100143745
1783735117,cpu_cores,pod=workload-cloud-6f545f89ff-67qmp,0.07535997464561485
1783735127,cpu_cores,pod=workload-cloud-6f545f89ff-67qmp,0.15611162564142742
1783735137,cpu_cores,pod=workload-cloud-6f545f89ff-67qmp,0.22485979316687982
1783735147,cpu_cores,pod=workload-cloud-6f545f89ff-67qmp,0.29532001353687876
1783735157,cpu_cores,pod=workload-cloud-6f545f89ff-67qmp,0.29648859775729985
1783735167,cpu_cores,pod=workload-cloud-6f545f89ff-67qmp,0.31838542007956944
1783735177,cpu_cores,pod=workload-cloud-6f545f89ff-67qmp,0.3166629670270367
1783735187,cpu_cores,pod=workload-cloud-6f545f89ff-67qmp,0.3184189459950608
1783735197,cpu_cores,pod=workload-cloud-6f545f89ff-67qmp,0.3116933796306942
1783735207,cpu_cores,pod=workload-cloud-6f545f89ff-67qmp,0.3103858263925665
1783735217,cpu_cores,pod=workload-cloud-6f545f89ff-67qmp,0.3112909644409396
1783735227,cpu_cores,pod=workload-cloud-6f545f89ff-67qmp,0.31139922722472874
1783735237,cpu_cores,pod=workload-cloud-6f545f89ff-67qmp,0.30917452619990027
1783735247,cpu_cores,pod=workload-cloud-6f545f89ff-67qmp,0.308117851153646
1783735257,cpu_cores,pod=workload-cloud-6f545f89ff-67qmp,0.29785986584574226
1783735267,cpu_cores,pod=workload-cloud-6f545f89ff-67qmp,0.26683530875782874
1783735277,cpu_cores,pod=workload-cloud-6f545f89ff-67qmp,0.25399613710554964
1783735287,cpu_cores,pod=workload-cloud-6f545f89ff-67qmp,0.20453820903886955
1783735297,cpu_cores,pod=workload-cloud-6f545f89ff-67qmp,0.13183509480882802
1783735307,cpu_cores,pod=workload-cloud-6f545f89ff-67qmp,0.08335884863523572
1783735317,cpu_cores,pod=workload-cloud-6f545f89ff-67qmp,0.05563349997449357
1783735327,cpu_cores,pod=workload-cloud-6f545f89ff-67qmp,0.04866043422973677
1783735337,cpu_cores,pod=workload-cloud-6f545f89ff-67qmp,0.04790790246490215
1783735347,cpu_cores,pod=workload-cloud-6f545f89ff-67qmp,0.03878276662301072
1783735357,cpu_cores,pod=workload-cloud-6f545f89ff-67qmp,0.04658484031476737
1783735367,cpu_cores,pod=workload-cloud-6f545f89ff-67qmp,0.04637685954464124
1783735377,cpu_cores,pod=workload-cloud-6f545f89ff-67qmp,0.03890670689348815
1783735387,cpu_cores,pod=workload-cloud-6f545f89ff-67qmp,0.04655345731607403
1783735397,cpu_cores,pod=workload-cloud-6f545f89ff-67qmp,0.03780058467533905
1783735407,cpu_cores,pod=workload-cloud-6f545f89ff-67qmp,0.04577131414470366
1783735417,cpu_cores,pod=workload-cloud-6f545f89ff-67qmp,0.04635014464275976
1783735427,cpu_cores,pod=workload-cloud-6f545f89ff-67qmp,0.046542687088759783
1783735437,cpu_cores,pod=workload-cloud-6f545f89ff-67qmp,0.04702730286920938
1783735447,cpu_cores,pod=workload-cloud-6f545f89ff-67qmp,0.04788444161260427
1783735457,cpu_cores,pod=workload-cloud-6f545f89ff-67qmp,0.04750401174365045
1783735467,cpu_cores,pod=workload-cloud-6f545f89ff-67qmp,0.03886049725246448
1783735477,cpu_cores,pod=workload-cloud-6f545f89ff-67qmp,0.032260269677014584
1783735487,cpu_cores,pod=workload-cloud-6f545f89ff-67qmp,0.023677838591312422
1783735497,cpu_cores,pod=workload-cloud-6f545f89ff-67qmp,0.010286531757690119
1783735507,cpu_cores,pod=workload-cloud-6f545f89ff-67qmp,0.010286531757690119
1783735517,cpu_cores,pod=workload-cloud-6f545f89ff-67qmp,0.0018249199536753864
1783735527,cpu_cores,pod=workload-cloud-6f545f89ff-67qmp,0.0018028684351323434
1783735537,cpu_cores,pod=workload-cloud-6f545f89ff-67qmp,0.0018319958405860163
1783735547,cpu_cores,pod=workload-cloud-6f545f89ff-67qmp,0.0020077013850071427
1783735557,cpu_cores,pod=workload-cloud-6f545f89ff-67qmp,0.002090729542572802
1783735027,cpu_cores,pod=workload-cloud-6f545f89ff-6rtr2,0.010840283521103763
1783735037,cpu_cores,pod=workload-cloud-6f545f89ff-6rtr2,0.010000916666666667
1783735047,cpu_cores,pod=workload-cloud-6f545f89ff-6rtr2,0.020596598197707587
1783735057,cpu_cores,pod=workload-cloud-6f545f89ff-6rtr2,0.029781557661508647
1783735067,cpu_cores,pod=workload-cloud-6f545f89ff-6rtr2,0.03595087656369128
1783735077,cpu_cores,pod=workload-cloud-6f545f89ff-6rtr2,0.039886465085587845
1783735087,cpu_cores,pod=workload-cloud-6f545f89ff-6rtr2,0.04640435174795944
1783735097,cpu_cores,pod=workload-cloud-6f545f89ff-6rtr2,0.04640435174795944
1783735107,cpu_cores,pod=workload-cloud-6f545f89ff-6rtr2,0.06183848018445894
1783735117,cpu_cores,pod=workload-cloud-6f545f89ff-6rtr2,0.06943509302050006
1783735127,cpu_cores,pod=workload-cloud-6f545f89ff-6rtr2,0.10767049527181659
1783735137,cpu_cores,pod=workload-cloud-6f545f89ff-6rtr2,0.1623940929135473
1783735147,cpu_cores,pod=workload-cloud-6f545f89ff-6rtr2,0.17864384955574067
1783735157,cpu_cores,pod=workload-cloud-6f545f89ff-6rtr2,0.22456363787686484
1783735167,cpu_cores,pod=workload-cloud-6f545f89ff-6rtr2,0.22719207639171068
1783735177,cpu_cores,pod=workload-cloud-6f545f89ff-6rtr2,0.22719207639171068
1783735187,cpu_cores,pod=workload-cloud-6f545f89ff-6rtr2,0.22962318455543754
1783735197,cpu_cores,pod=workload-cloud-6f545f89ff-6rtr2,0.14484135000000006
1783735207,cpu_cores,pod=workload-cloud-6f545f89ff-6rtr2,0.22155368111618115
1783735217,cpu_cores,pod=workload-cloud-6f545f89ff-6rtr2,0.22258221837673575
1783735227,cpu_cores,pod=workload-cloud-6f545f89ff-6rtr2,0.22128279527111513
1783735237,cpu_cores,pod=workload-cloud-6f545f89ff-6rtr2,0.2206254819919599
1783735247,cpu_cores,pod=workload-cloud-6f545f89ff-6rtr2,0.21992515095883744
1783735257,cpu_cores,pod=workload-cloud-6f545f89ff-6rtr2,0.21992515095883744
1783735267,cpu_cores,pod=workload-cloud-6f545f89ff-6rtr2,0.20746111262985245
1783735277,cpu_cores,pod=workload-cloud-6f545f89ff-6rtr2,0.15109125560538114
1783735287,cpu_cores,pod=workload-cloud-6f545f89ff-6rtr2,0.15109125560538114
1783735297,cpu_cores,pod=workload-cloud-6f545f89ff-6rtr2,0.09640976420484056
1783735307,cpu_cores,pod=workload-cloud-6f545f89ff-6rtr2,0.05617919714621139
1783735317,cpu_cores,pod=workload-cloud-6f545f89ff-6rtr2,0.05617919714621138
1783735327,cpu_cores,pod=workload-cloud-6f545f89ff-6rtr2,0.046340917054028236
1783735337,cpu_cores,pod=workload-cloud-6f545f89ff-6rtr2,0.04578260869565214
1783735347,cpu_cores,pod=workload-cloud-6f545f89ff-6rtr2,0.04578260869565214
1783735357,cpu_cores,pod=workload-cloud-6f545f89ff-6rtr2,0.04614150140172361
1783735367,cpu_cores,pod=workload-cloud-6f545f89ff-6rtr2,0.04662755167270392
1783735377,cpu_cores,pod=workload-cloud-6f545f89ff-6rtr2,0.0462741515273382
1783735387,cpu_cores,pod=workload-cloud-6f545f89ff-6rtr2,0.04643834739736424
1783735397,cpu_cores,pod=workload-cloud-6f545f89ff-6rtr2,0.04538806476633714
1783735407,cpu_cores,pod=workload-cloud-6f545f89ff-6rtr2,0.04521339873698845
1783735417,cpu_cores,pod=workload-cloud-6f545f89ff-6rtr2,0.0379339119482124
1783735427,cpu_cores,pod=workload-cloud-6f545f89ff-6rtr2,0.046117456261057566
1783735437,cpu_cores,pod=workload-cloud-6f545f89ff-6rtr2,0.040806270622145764
1783735447,cpu_cores,pod=workload-cloud-6f545f89ff-6rtr2,0.04706132390351264
1783735457,cpu_cores,pod=workload-cloud-6f545f89ff-6rtr2,0.04765495968999155
1783735467,cpu_cores,pod=workload-cloud-6f545f89ff-6rtr2,0.044530428647027775
1783735477,cpu_cores,pod=workload-cloud-6f545f89ff-6rtr2,0.044530428647027775
1783735487,cpu_cores,pod=workload-cloud-6f545f89ff-6rtr2,0.02944369675147081
1783735497,cpu_cores,pod=workload-cloud-6f545f89ff-6rtr2,0.019749816356513208
1783735507,cpu_cores,pod=workload-cloud-6f545f89ff-6rtr2,0.0019071843290464608
1783735517,cpu_cores,pod=workload-cloud-6f545f89ff-6rtr2,0.0018744182314234669
1783735527,cpu_cores,pod=workload-cloud-6f545f89ff-6rtr2,0.0018730045708249428
1783735537,cpu_cores,pod=workload-cloud-6f545f89ff-6rtr2,0.0019345631031854364
1783735547,cpu_cores,pod=workload-cloud-6f545f89ff-6rtr2,0.0017146005063006
1783735557,cpu_cores,pod=workload-cloud-6f545f89ff-6rtr2,0.0019741476631294115
1783734907,cpu_cores,pod=workload-cloud-6f545f89ff-9hvzm,0.00209251761347953
1783734917,cpu_cores,pod=workload-cloud-6f545f89ff-9hvzm,0.0021201878637937166
1783734927,cpu_cores,pod=workload-cloud-6f545f89ff-9hvzm,0.00812105374860358
1783734937,cpu_cores,pod=workload-cloud-6f545f89ff-9hvzm,0.023928399935971657
1783734947,cpu_cores,pod=workload-cloud-6f545f89ff-9hvzm,0.02879848065997477
1783734957,cpu_cores,pod=workload-cloud-6f545f89ff-9hvzm,0.05835830887379403
1783734967,cpu_cores,pod=workload-cloud-6f545f89ff-9hvzm,0.08683836748605346
1783734977,cpu_cores,pod=workload-cloud-6f545f89ff-9hvzm,0.08683836748605346
1783734987,cpu_cores,pod=workload-cloud-6f545f89ff-9hvzm,0.12020450715077602
1783734997,cpu_cores,pod=workload-cloud-6f545f89ff-9hvzm,0.1306924026504773
1783735007,cpu_cores,pod=workload-cloud-6f545f89ff-9hvzm,0.1552914274959958
1783735017,cpu_cores,pod=workload-cloud-6f545f89ff-9hvzm,0.1723861581080112
1783735027,cpu_cores,pod=workload-cloud-6f545f89ff-9hvzm,0.18751106835836664
1783735037,cpu_cores,pod=workload-cloud-6f545f89ff-9hvzm,0.1927614497464245
1783735047,cpu_cores,pod=workload-cloud-6f545f89ff-9hvzm,0.15951967885195115
1783735057,cpu_cores,pod=workload-cloud-6f545f89ff-9hvzm,0.20717877311054264
1783735067,cpu_cores,pod=workload-cloud-6f545f89ff-9hvzm,0.20672946784706264
1783735077,cpu_cores,pod=workload-cloud-6f545f89ff-9hvzm,0.2116893993778416
1783735087,cpu_cores,pod=workload-cloud-6f545f89ff-9hvzm,0.21958235852039243
1783735097,cpu_cores,pod=workload-cloud-6f545f89ff-9hvzm,0.23153235270476638
1783735107,cpu_cores,pod=workload-cloud-6f545f89ff-9hvzm,0.23153235270476638
1783735117,cpu_cores,pod=workload-cloud-6f545f89ff-9hvzm,0.2633342968023625
1783735127,cpu_cores,pod=workload-cloud-6f545f89ff-9hvzm,0.22369658825948804
1783735137,cpu_cores,pod=workload-cloud-6f545f89ff-9hvzm,0.34434030495857876
1783735147,cpu_cores,pod=workload-cloud-6f545f89ff-9hvzm,0.3989173540253798
1783735157,cpu_cores,pod=workload-cloud-6f545f89ff-9hvzm,0.4212076841504272
1783735167,cpu_cores,pod=workload-cloud-6f545f89ff-9hvzm,0.4216422996307013
1783735177,cpu_cores,pod=workload-cloud-6f545f89ff-9hvzm,0.4191772696303884
1783735187,cpu_cores,pod=workload-cloud-6f545f89ff-9hvzm,0.42138623227367744
1783735197,cpu_cores,pod=workload-cloud-6f545f89ff-9hvzm,0.41615174299384516
1783735207,cpu_cores,pod=workload-cloud-6f545f89ff-9hvzm,0.409682052039488
1783735217,cpu_cores,pod=workload-cloud-6f545f89ff-9hvzm,0.40661664031695743
1783735227,cpu_cores,pod=workload-cloud-6f545f89ff-9hvzm,0.41105422194352836
1783735237,cpu_cores,pod=workload-cloud-6f545f89ff-9hvzm,0.404989293973965
1783735247,cpu_cores,pod=workload-cloud-6f545f89ff-9hvzm,0.4111207997019707
1783735257,cpu_cores,pod=workload-cloud-6f545f89ff-9hvzm,0.34206506737647496
1783735267,cpu_cores,pod=workload-cloud-6f545f89ff-9hvzm,0.3985266875653142
1783735277,cpu_cores,pod=workload-cloud-6f545f89ff-9hvzm,0.3920351256575098
1783735287,cpu_cores,pod=workload-cloud-6f545f89ff-9hvzm,0.319052512615644
1783735297,cpu_cores,pod=workload-cloud-6f545f89ff-9hvzm,0.3040324908250247
1783735307,cpu_cores,pod=workload-cloud-6f545f89ff-9hvzm,0.250533234376565
1783735317,cpu_cores,pod=workload-cloud-6f545f89ff-9hvzm,0.2457369295092155
1783735327,cpu_cores,pod=workload-cloud-6f545f89ff-9hvzm,0.1930068527476096
1783735337,cpu_cores,pod=workload-cloud-6f545f89ff-9hvzm,0.23565172646152652
1783735347,cpu_cores,pod=workload-cloud-6f545f89ff-9hvzm,0.2345901965033933
1783735357,cpu_cores,pod=workload-cloud-6f545f89ff-9hvzm,0.23523872909815396
1783735367,cpu_cores,pod=workload-cloud-6f545f89ff-9hvzm,0.23677204301075322
1783735377,cpu_cores,pod=workload-cloud-6f545f89ff-9hvzm,0.2370798972467398
1783735387,cpu_cores,pod=workload-cloud-6f545f89ff-9hvzm,0.2370798972467398
1783735397,cpu_cores,pod=workload-cloud-6f545f89ff-9hvzm,0.23541033530077074
1783735407,cpu_cores,pod=workload-cloud-6f545f89ff-9hvzm,0.23501136144397447
1783735417,cpu_cores,pod=workload-cloud-6f545f89ff-9hvzm,0.20463199528597512
1783735427,cpu_cores,pod=workload-cloud-6f545f89ff-9hvzm,0.23921986531195447
1783735437,cpu_cores,pod=workload-cloud-6f545f89ff-9hvzm,0.25029971744274493
1783735447,cpu_cores,pod=workload-cloud-6f545f89ff-9hvzm,0.25029971744274493
1783735457,cpu_cores,pod=workload-cloud-6f545f89ff-9hvzm,0.24907490411069647
1783735467,cpu_cores,pod=workload-cloud-6f545f89ff-9hvzm,0.24751589267830792
1783735477,cpu_cores,pod=workload-cloud-6f545f89ff-9hvzm,0.2183227866992986
1783735487,cpu_cores,pod=workload-cloud-6f545f89ff-9hvzm,0.17405865335161905
1783735497,cpu_cores,pod=workload-cloud-6f545f89ff-9hvzm,0.07898374378421394
1783735507,cpu_cores,pod=workload-cloud-6f545f89ff-9hvzm,0.07572540290441002
1783735517,cpu_cores,pod=workload-cloud-6f545f89ff-9hvzm,0.01849927828486691
1783735527,cpu_cores,pod=workload-cloud-6f545f89ff-9hvzm,0.01849927828486691
1783735537,cpu_cores,pod=workload-cloud-6f545f89ff-9hvzm,0.0018487584188017147
1783735547,cpu_cores,pod=workload-cloud-6f545f89ff-9hvzm,0.0019205407317108734
1783735557,cpu_cores,pod=workload-cloud-6f545f89ff-9hvzm,0.001959138678615553
1783735087,cpu_cores,pod=workload-cloud-6f545f89ff-m5w99,0.0184131734849924
1783735097,cpu_cores,pod=workload-cloud-6f545f89ff-m5w99,0.020246130973356712
1783735107,cpu_cores,pod=workload-cloud-6f545f89ff-m5w99,0.043857728185966914
1783735117,cpu_cores,pod=workload-cloud-6f545f89ff-m5w99,0.08102388877794327
1783735127,cpu_cores,pod=workload-cloud-6f545f89ff-m5w99,0.09657961863606804
1783735137,cpu_cores,pod=workload-cloud-6f545f89ff-m5w99,0.16223733442093874
1783735147,cpu_cores,pod=workload-cloud-6f545f89ff-m5w99,0.20195803665763237
1783735157,cpu_cores,pod=workload-cloud-6f545f89ff-m5w99,0.2520248856131343
1783735167,cpu_cores,pod=workload-cloud-6f545f89ff-m5w99,0.27587444662370414
1783735177,cpu_cores,pod=workload-cloud-6f545f89ff-m5w99,0.2857872711912138
1783735187,cpu_cores,pod=workload-cloud-6f545f89ff-m5w99,0.28446387300814985
1783735197,cpu_cores,pod=workload-cloud-6f545f89ff-m5w99,0.28261582436295074
1783735207,cpu_cores,pod=workload-cloud-6f545f89ff-m5w99,0.27934783186512757
1783735217,cpu_cores,pod=workload-cloud-6f545f89ff-m5w99,0.27685447294803883
1783735227,cpu_cores,pod=workload-cloud-6f545f89ff-m5w99,0.27513879485443465
1783735237,cpu_cores,pod=workload-cloud-6f545f89ff-m5w99,0.2756773025288792
1783735247,cpu_cores,pod=workload-cloud-6f545f89ff-m5w99,0.2295576095273324
1783735257,cpu_cores,pod=workload-cloud-6f545f89ff-m5w99,0.26904698001972793
1783735267,cpu_cores,pod=workload-cloud-6f545f89ff-m5w99,0.2258646426040839
1783735277,cpu_cores,pod=workload-cloud-6f545f89ff-m5w99,0.19319448856000976
1783735287,cpu_cores,pod=workload-cloud-6f545f89ff-m5w99,0.16642105977953334
1783735297,cpu_cores,pod=workload-cloud-6f545f89ff-m5w99,0.09679418244890303
1783735307,cpu_cores,pod=workload-cloud-6f545f89ff-m5w99,0.04032314773723423
1783735317,cpu_cores,pod=workload-cloud-6f545f89ff-m5w99,0.04205295233581704
1783735327,cpu_cores,pod=workload-cloud-6f545f89ff-m5w99,0.04849149371657459
1783735337,cpu_cores,pod=workload-cloud-6f545f89ff-m5w99,0.047720242814106875
1783735347,cpu_cores,pod=workload-cloud-6f545f89ff-m5w99,0.047720242814106875
1783735357,cpu_cores,pod=workload-cloud-6f545f89ff-m5w99,0.04807658473479956
1783735367,cpu_cores,pod=workload-cloud-6f545f89ff-m5w99,0.04899655743975516
1783735377,cpu_cores,pod=workload-cloud-6f545f89ff-m5w99,0.04811493780583463
1783735387,cpu_cores,pod=workload-cloud-6f545f89ff-m5w99,0.048572626856209195
1783735397,cpu_cores,pod=workload-cloud-6f545f89ff-m5w99,0.046379099317948265
1783735407,cpu_cores,pod=workload-cloud-6f545f89ff-m5w99,0.046006456201783626
1783735417,cpu_cores,pod=workload-cloud-6f545f89ff-m5w99,0.04500847958050877
1783735427,cpu_cores,pod=workload-cloud-6f545f89ff-m5w99,0.04590892560150802
1783735437,cpu_cores,pod=workload-cloud-6f545f89ff-m5w99,0.03873204085349095
1783735447,cpu_cores,pod=workload-cloud-6f545f89ff-m5w99,0.04679229315233259
1783735457,cpu_cores,pod=workload-cloud-6f545f89ff-m5w99,0.04500674922237218
1783735467,cpu_cores,pod=workload-cloud-6f545f89ff-m5w99,0.0435208333333332
1783735477,cpu_cores,pod=workload-cloud-6f545f89ff-m5w99,0.030280239592932325
1783735487,cpu_cores,pod=workload-cloud-6f545f89ff-m5w99,0.015055994633236262
1783735497,cpu_cores,pod=workload-cloud-6f545f89ff-m5w99,0.015055994633236262
1783735507,cpu_cores,pod=workload-cloud-6f545f89ff-m5w99,0.001850643097138701
1783735517,cpu_cores,pod=workload-cloud-6f545f89ff-m5w99,0.001861625732982083
1783735527,cpu_cores,pod=workload-cloud-6f545f89ff-m5w99,0.001861625732982083
1783735537,cpu_cores,pod=workload-cloud-6f545f89ff-m5w99,0.001961225056715631
1783735547,cpu_cores,pod=workload-cloud-6f545f89ff-m5w99,0.0020823041319937216
1783735557,cpu_cores,pod=workload-cloud-6f545f89ff-m5w99,0.0020609838213616854
1783734907,cpu_cores,pod=workload-edge-7b875fd8c6-pxwvc,0.0021316119632523636
1783734917,cpu_cores,pod=workload-edge-7b875fd8c6-pxwvc,0.0021316119632523636
1783734927,cpu_cores,pod=workload-edge-7b875fd8c6-pxwvc,0.0021878963857262356
1783734937,cpu_cores,pod=workload-edge-7b875fd8c6-pxwvc,0.002152113168005642
1783734947,cpu_cores,pod=workload-edge-7b875fd8c6-pxwvc,0.002152113168005642
1783734957,cpu_cores,pod=workload-edge-7b875fd8c6-pxwvc,0.0021735154882080755
1783734967,cpu_cores,pod=workload-edge-7b875fd8c6-pxwvc,0.0017470785159393056
1783734977,cpu_cores,pod=workload-edge-7b875fd8c6-pxwvc,0.00213718319638932
1783734987,cpu_cores,pod=workload-edge-7b875fd8c6-pxwvc,0.001759766823469508
1783734997,cpu_cores,pod=workload-edge-7b875fd8c6-pxwvc,0.0022466471627611414
1783735007,cpu_cores,pod=workload-edge-7b875fd8c6-pxwvc,0.002198977482867533
1783735017,cpu_cores,pod=workload-edge-7b875fd8c6-pxwvc,0.002131815633060469
1783735027,cpu_cores,pod=workload-edge-7b875fd8c6-pxwvc,0.0021318156330604686
1783735037,cpu_cores,pod=workload-edge-7b875fd8c6-pxwvc,0.002051470588235374
1783735047,cpu_cores,pod=workload-edge-7b875fd8c6-pxwvc,0.0020681577255270128
1783735057,cpu_cores,pod=workload-edge-7b875fd8c6-pxwvc,0.002071386737814746
1783735067,cpu_cores,pod=workload-edge-7b875fd8c6-pxwvc,0.0020921345929306003
1783735077,cpu_cores,pod=workload-edge-7b875fd8c6-pxwvc,0.0020668751085634288
1783735087,cpu_cores,pod=workload-edge-7b875fd8c6-pxwvc,0.0021016260909507488
1783735097,cpu_cores,pod=workload-edge-7b875fd8c6-pxwvc,0.002094400504633829
1783735107,cpu_cores,pod=workload-edge-7b875fd8c6-pxwvc,0.0021291150512008435
1783735117,cpu_cores,pod=workload-edge-7b875fd8c6-pxwvc,0.00216725303468485
1783735127,cpu_cores,pod=workload-edge-7b875fd8c6-pxwvc,0.002214673454124399
1783735137,cpu_cores,pod=workload-edge-7b875fd8c6-pxwvc,0.0021413954936719804
1783735147,cpu_cores,pod=workload-edge-7b875fd8c6-pxwvc,0.0022326194610586447
1783735157,cpu_cores,pod=workload-edge-7b875fd8c6-pxwvc,0.002171261036597747
1783735167,cpu_cores,pod=workload-edge-7b875fd8c6-pxwvc,0.0021390777484852483
1783735177,cpu_cores,pod=workload-edge-7b875fd8c6-pxwvc,0.002246646742379002
1783735187,cpu_cores,pod=workload-edge-7b875fd8c6-pxwvc,0.002246646742379002
1783735197,cpu_cores,pod=workload-edge-7b875fd8c6-pxwvc,0.00212444127745029
1783735207,cpu_cores,pod=workload-edge-7b875fd8c6-pxwvc,0.002191907170484972
1783735217,cpu_cores,pod=workload-edge-7b875fd8c6-pxwvc,0.0021608721272834927
1783735227,cpu_cores,pod=workload-edge-7b875fd8c6-pxwvc,0.0021238574137600807
1783735237,cpu_cores,pod=workload-edge-7b875fd8c6-pxwvc,0.0017844718513753829
1783735247,cpu_cores,pod=workload-edge-7b875fd8c6-pxwvc,0.002148370863186581
1783735257,cpu_cores,pod=workload-edge-7b875fd8c6-pxwvc,0.002187397602828352
1783735267,cpu_cores,pod=workload-edge-7b875fd8c6-pxwvc,0.0022086491924991672
1783735277,cpu_cores,pod=workload-edge-7b875fd8c6-pxwvc,0.0022577722163491503
1783735287,cpu_cores,pod=workload-edge-7b875fd8c6-pxwvc,0.0023291717613745815
1783735297,cpu_cores,pod=workload-edge-7b875fd8c6-pxwvc,0.0023291717613745815
1783735307,cpu_cores,pod=workload-edge-7b875fd8c6-pxwvc,0.002278442482849053
1783735317,cpu_cores,pod=workload-edge-7b875fd8c6-pxwvc,0.002225663141470251
1783735327,cpu_cores,pod=workload-edge-7b875fd8c6-pxwvc,0.0017826843390362432
1783735337,cpu_cores,pod=workload-edge-7b875fd8c6-pxwvc,0.0021220894607843314
1783735347,cpu_cores,pod=workload-edge-7b875fd8c6-pxwvc,0.0021591393917229753
1783735357,cpu_cores,pod=workload-edge-7b875fd8c6-pxwvc,0.0021591393917229757
1783735367,cpu_cores,pod=workload-edge-7b875fd8c6-pxwvc,0.0021898128347690657
1783735377,cpu_cores,pod=workload-edge-7b875fd8c6-pxwvc,0.0018593049160298743
1783735387,cpu_cores,pod=workload-edge-7b875fd8c6-pxwvc,0.002199096188067801
1783735397,cpu_cores,pod=workload-edge-7b875fd8c6-pxwvc,0.002145088956732262
1783735407,cpu_cores,pod=workload-edge-7b875fd8c6-pxwvc,0.0020683636683372537
1783735417,cpu_cores,pod=workload-edge-7b875fd8c6-pxwvc,0.0020683636683372537
1783735427,cpu_cores,pod=workload-edge-7b875fd8c6-pxwvc,0.002236748422041259
1783735437,cpu_cores,pod=workload-edge-7b875fd8c6-pxwvc,0.002236748422041259
1783735447,cpu_cores,pod=workload-edge-7b875fd8c6-pxwvc,0.0023113163038350404
1783735457,cpu_cores,pod=workload-edge-7b875fd8c6-pxwvc,0.002340425969326977
1783735467,cpu_cores,pod=workload-edge-7b875fd8c6-pxwvc,0.0018729062027490655
1783735477,cpu_cores,pod=workload-edge-7b875fd8c6-pxwvc,0.002260802360710985
1783735487,cpu_cores,pod=workload-edge-7b875fd8c6-pxwvc,0.0021586655130937577
1783735497,cpu_cores,pod=workload-edge-7b875fd8c6-pxwvc,0.0021586655130937577
1783735507,cpu_cores,pod=workload-edge-7b875fd8c6-pxwvc,0.0021781710213776835
1783735517,cpu_cores,pod=workload-edge-7b875fd8c6-pxwvc,0.0020869160217827825
1783735527,cpu_cores,pod=workload-edge-7b875fd8c6-pxwvc,0.0020620807926829423
1783735537,cpu_cores,pod=workload-edge-7b875fd8c6-pxwvc,0.0022228313177385787
1783735547,cpu_cores,pod=workload-edge-7b875fd8c6-pxwvc,0.002230999697644267
1783735557,cpu_cores,pod=workload-edge-7b875fd8c6-pxwvc,0.002175982937685423
1783735117,cpu_utilisation,pod=workload-cloud-6f545f89ff-4dc8g,0.129019267953959
1783735127,cpu_utilisation,pod=workload-cloud-6f545f89ff-4dc8g,0.2696758504214655
1783735137,cpu_utilisation,pod=workload-cloud-6f545f89ff-4dc8g,0.4494409380478345
1783735147,cpu_utilisation,pod=workload-cloud-6f545f89ff-4dc8g,0.561167527145012
1783735157,cpu_utilisation,pod=workload-cloud-6f545f89ff-4dc8g,0.7490131242058148
1783735167,cpu_utilisation,pod=workload-cloud-6f545f89ff-4dc8g,0.7050923130056322
1783735177,cpu_utilisation,pod=workload-cloud-6f545f89ff-4dc8g,0.9333568587193634
1783735187,cpu_utilisation,pod=workload-cloud-6f545f89ff-4dc8g,0.9476719796820949
1783735197,cpu_utilisation,pod=workload-cloud-6f545f89ff-4dc8g,0.9397542849914616
1783735207,cpu_utilisation,pod=workload-cloud-6f545f89ff-4dc8g,0.9267349196409936
1783735217,cpu_utilisation,pod=workload-cloud-6f545f89ff-4dc8g,0.9120769138034962
1783735227,cpu_utilisation,pod=workload-cloud-6f545f89ff-4dc8g,0.9167194004995836
1783735237,cpu_utilisation,pod=workload-cloud-6f545f89ff-4dc8g,0.9104243429272392
1783735247,cpu_utilisation,pod=workload-cloud-6f545f89ff-4dc8g,0.911646880678377
1783735257,cpu_utilisation,pod=workload-cloud-6f545f89ff-4dc8g,0.8414286661865594
1783735267,cpu_utilisation,pod=workload-cloud-6f545f89ff-4dc8g,0.692362761492393
1783735277,cpu_utilisation,pod=workload-cloud-6f545f89ff-4dc8g,0.4945002937375161
1783735287,cpu_utilisation,pod=workload-cloud-6f545f89ff-4dc8g,0.21556630434782606
1783735297,cpu_utilisation,pod=workload-cloud-6f545f89ff-4dc8g,0.17343974630021144
1783735307,cpu_utilisation,pod=workload-cloud-6f545f89ff-4dc8g,0.044953418211487205
1783735317,cpu_utilisation,pod=workload-cloud-6f545f89ff-4dc8g,0.009212589022060269
1783735327,cpu_utilisation,pod=workload-cloud-6f545f89ff-4dc8g,0.008104007476405684
1783735337,cpu_utilisation,pod=workload-cloud-6f545f89ff-4dc8g,0.009154351555798176
1783735347,cpu_utilisation,pod=workload-cloud-6f545f89ff-4dc8g,0.0077969587329692926
1783735357,cpu_utilisation,pod=workload-cloud-6f545f89ff-4dc8g,0.009439789372505517
1783735367,cpu_utilisation,pod=workload-cloud-6f545f89ff-4dc8g,0.00962497372293455
1783735377,cpu_utilisation,pod=workload-cloud-6f545f89ff-4dc8g,0.00978920414553042
1783735387,cpu_utilisation,pod=workload-cloud-6f545f89ff-4dc8g,0.00978920414553042
1783735397,cpu_utilisation,pod=workload-cloud-6f545f89ff-4dc8g,0.009043320408012031
1783735407,cpu_utilisation,pod=workload-cloud-6f545f89ff-4dc8g,0.008947875375097282
1783735417,cpu_utilisation,pod=workload-cloud-6f545f89ff-4dc8g,0.008811005115443055
1783735427,cpu_utilisation,pod=workload-cloud-6f545f89ff-4dc8g,0.009264339152119699
1783735437,cpu_utilisation,pod=workload-cloud-6f545f89ff-4dc8g,0.009700739595981998
1783735447,cpu_utilisation,pod=workload-cloud-6f545f89ff-4dc8g,0.009700739595981998
1783735457,cpu_utilisation,pod=workload-cloud-6f545f89ff-4dc8g,0.010028873597804959
1783735467,cpu_utilisation,pod=workload-cloud-6f545f89ff-4dc8g,0.009714180490616585
1783735477,cpu_utilisation,pod=workload-cloud-6f545f89ff-4dc8g,0.009547568416241195
1783735487,cpu_utilisation,pod=workload-cloud-6f545f89ff-4dc8g,0.009475377039089058
1783735497,cpu_utilisation,pod=workload-cloud-6f545f89ff-4dc8g,0.009402423735896722
1783735507,cpu_utilisation,pod=workload-cloud-6f545f89ff-4dc8g,0.009401212421131025
1783735517,cpu_utilisation,pod=workload-cloud-6f545f89ff-4dc8g,0.009363925210802877
1783735527,cpu_utilisation,pod=workload-cloud-6f545f89ff-4dc8g,0.007805325870368102
1783735537,cpu_utilisation,pod=workload-cloud-6f545f89ff-4dc8g,0.009397041807113772
1783735547,cpu_utilisation,pod=workload-cloud-6f545f89ff-4dc8g,0.009722338761966402
1783735557,cpu_utilisation,pod=workload-cloud-6f545f89ff-4dc8g,0.008323077010514256
1783734997,cpu_utilisation,pod=workload-cloud-6f545f89ff-4n5hx,0.054083007562751986
1783735007,cpu_utilisation,pod=workload-cloud-6f545f89ff-4n5hx,0.043224389640318474
1783735017,cpu_utilisation,pod=workload-cloud-6f545f89ff-4n5hx,0.05651558849496395
1783735027,cpu_utilisation,pod=workload-cloud-6f545f89ff-4n5hx,0.08387338046574509
1783735037,cpu_utilisation,pod=workload-cloud-6f545f89ff-4n5hx,0.08762862360191737
1783735047,cpu_utilisation,pod=workload-cloud-6f545f89ff-4n5hx,0.08762862360191735
1783735057,cpu_utilisation,pod=workload-cloud-6f545f89ff-4n5hx,0.1220864020731042
1783735067,cpu_utilisation,pod=workload-cloud-6f545f89ff-4n5hx,0.12184895483940215
1783735077,cpu_utilisation,pod=workload-cloud-6f545f89ff-4n5hx,0.1233006729475101
1783735087,cpu_utilisation,pod=workload-cloud-6f545f89ff-4n5hx,0.12399498425288695
1783735097,cpu_utilisation,pod=workload-cloud-6f545f89ff-4n5hx,0.12388367302948292
1783735107,cpu_utilisation,pod=workload-cloud-6f545f89ff-4n5hx,0.10137366551871191
1783735117,cpu_utilisation,pod=workload-cloud-6f545f89ff-4n5hx,0.351641341051616
1783735127,cpu_utilisation,pod=workload-cloud-6f545f89ff-4n5hx,0.7757041672833371
1783735137,cpu_utilisation,pod=workload-cloud-6f545f89ff-4n5hx,1.0181485507246375
1783735147,cpu_utilisation,pod=workload-cloud-6f545f89ff-4n5hx,1.1561086478702438
1783735157,cpu_utilisation,pod=workload-cloud-6f545f89ff-4n5hx,1.4053701724456868
1783735167,cpu_utilisation,pod=workload-cloud-6f545f89ff-4n5hx,1.4053701724456868
1783735177,cpu_utilisation,pod=workload-cloud-6f545f89ff-4n5hx,1.4283601642710475
1783735187,cpu_utilisation,pod=workload-cloud-6f545f89ff-4n5hx,1.4354613134367606
1783735197,cpu_utilisation,pod=workload-cloud-6f545f89ff-4n5hx,1.431990466971106
1783735207,cpu_utilisation,pod=workload-cloud-6f545f89ff-4n5hx,1.4205325086740075
1783735217,cpu_utilisation,pod=workload-cloud-6f545f89ff-4n5hx,1.3899987210459002
1783735227,cpu_utilisation,pod=workload-cloud-6f545f89ff-4n5hx,1.3949114676420464
1783735237,cpu_utilisation,pod=workload-cloud-6f545f89ff-4n5hx,1.3778831834445415
1783735247,cpu_utilisation,pod=workload-cloud-6f545f89ff-4n5hx,1.3928686826843413
1783735257,cpu_utilisation,pod=workload-cloud-6f545f89ff-4n5hx,1.4132394798184271
1783735267,cpu_utilisation,pod=workload-cloud-6f545f89ff-4n5hx,1.3049991395135376
1783735277,cpu_utilisation,pod=workload-cloud-6f545f89ff-4n5hx,1.2710664837537784
1783735287,cpu_utilisation,pod=workload-cloud-6f545f89ff-4n5hx,0.7228671356203572
1783735297,cpu_utilisation,pod=workload-cloud-6f545f89ff-4n5hx,0.5688714946909882
1783735307,cpu_utilisation,pod=workload-cloud-6f545f89ff-4n5hx,0.2232440907658371
1783735317,cpu_utilisation,pod=workload-cloud-6f545f89ff-4n5hx,0.18926376607717033
1783735327,cpu_utilisation,pod=workload-cloud-6f545f89ff-4n5hx,0.1084444782563334
1783735337,cpu_utilisation,pod=workload-cloud-6f545f89ff-4n5hx,0.12671059125456496
1783735347,cpu_utilisation,pod=workload-cloud-6f545f89ff-4n5hx,0.12826232968720033
1783735357,cpu_utilisation,pod=workload-cloud-6f545f89ff-4n5hx,0.12804901129021778
1783735367,cpu_utilisation,pod=workload-cloud-6f545f89ff-4n5hx,0.12804901129021778
1783735377,cpu_utilisation,pod=workload-cloud-6f545f89ff-4n5hx,0.1293127406456714
1783735387,cpu_utilisation,pod=workload-cloud-6f545f89ff-4n5hx,0.1276990267032698
1783735397,cpu_utilisation,pod=workload-cloud-6f545f89ff-4n5hx,0.12523421898476583
1783735407,cpu_utilisation,pod=workload-cloud-6f545f89ff-4n5hx,0.12405812238879349
1783735417,cpu_utilisation,pod=workload-cloud-6f545f89ff-4n5hx,0.1272242651058547
1783735427,cpu_utilisation,pod=workload-cloud-6f545f89ff-4n5hx,0.1272242651058547
1783735437,cpu_utilisation,pod=workload-cloud-6f545f89ff-4n5hx,0.13056089399854146
1783735447,cpu_utilisation,pod=workload-cloud-6f545f89ff-4n5hx,0.1333167453767044
1783735457,cpu_utilisation,pod=workload-cloud-6f545f89ff-4n5hx,0.10703463597628876
1783735467,cpu_utilisation,pod=workload-cloud-6f545f89ff-4n5hx,0.13342360041088908
1783735477,cpu_utilisation,pod=workload-cloud-6f545f89ff-4n5hx,0.11514675406043662
1783735487,cpu_utilisation,pod=workload-cloud-6f545f89ff-4n5hx,0.09037604995579092
1783735497,cpu_utilisation,pod=workload-cloud-6f545f89ff-4n5hx,0.059623144734133195
1783735507,cpu_utilisation,pod=workload-cloud-6f545f89ff-4n5hx,0.037035270984392084
1783735517,cpu_utilisation,pod=workload-cloud-6f545f89ff-4n5hx,0.010360435310518586
1783735527,cpu_utilisation,pod=workload-cloud-6f545f89ff-4n5hx,0.010100357110154222
1783735537,cpu_utilisation,pod=workload-cloud-6f545f89ff-4n5hx,0.010129259834987282
1783735547,cpu_utilisation,pod=workload-cloud-6f545f89ff-4n5hx,0.010372976623602611
1783735557,cpu_utilisation,pod=workload-cloud-6f545f89ff-4n5hx,0.0071662499999991525
1783735057,cpu_utilisation,pod=workload-cloud-6f545f89ff-67qmp,0.08424848233159118
1783735067,cpu_utilisation,pod=workload-cloud-6f545f89ff-67qmp,0.11710876009027991
1783735077,cpu_utilisation,pod=workload-cloud-6f545f89ff-67qmp,0.1550817221704033
1783735087,cpu_utilisation,pod=workload-cloud-6f545f89ff-67qmp,0.19295405931492848
1783735097,cpu_utilisation,pod=workload-cloud-6f545f89ff-67qmp,0.2229796900053447
1783735107,cpu_utilisation,pod=workload-cloud-6f545f89ff-67qmp,0.3235596550071872
1783735117,cpu_utilisation,pod=workload-cloud-6f545f89ff-67qmp,0.37679987322807423
1783735127,cpu_utilisation,pod=workload-cloud-6f545f89ff-67qmp,0.780558128207137
1783735137,cpu_utilisation,pod=workload-cloud-6f545f89ff-67qmp,1.124298965834399
1783735147,cpu_utilisation,pod=workload-cloud-6f545f89ff-67qmp,1.4766000676843938
1783735157,cpu_utilisation,pod=workload-cloud-6f545f89ff-67qmp,1.4824429887864992
1783735167,cpu_utilisation,pod=workload-cloud-6f545f89ff-67qmp,1.591927100397847
1783735177,cpu_utilisation,pod=workload-cloud-6f545f89ff-67qmp,1.5833148351351836
1783735187,cpu_utilisation,pod=workload-cloud-6f545f89ff-67qmp,1.592094729975304
1783735197,cpu_utilisation,pod=workload-cloud-6f545f89ff-67qmp,1.558466898153471
1783735207,cpu_utilisation,pod=workload-cloud-6f545f89ff-67qmp,1.5519291319628326
1783735217,cpu_utilisation,pod=workload-cloud-6f545f89ff-67qmp,1.556454822204698
1783735227,cpu_utilisation,pod=workload-cloud-6f545f89ff-67qmp,1.5569961361236435
1783735237,cpu_utilisation,pod=workload-cloud-6f545f89ff-67qmp,1.5458726309995012
1783735247,cpu_utilisation,pod=workload-cloud-6f545f89ff-67qmp,1.54058925576823
1783735257,cpu_utilisation,pod=workload-cloud-6f545f89ff-67qmp,1.489299329228711
1783735267,cpu_utilisation,pod=workload-cloud-6f545f89ff-67qmp,1.3341765437891435
1783735277,cpu_utilisation,pod=workload-cloud-6f545f89ff-67qmp,1.269980685527748
1783735287,cpu_utilisation,pod=workload-cloud-6f545f89ff-67qmp,1.0226910451943476
1783735297,cpu_utilisation,pod=workload-cloud-6f545f89ff-67qmp,0.65917547404414
1783735307,cpu_utilisation,pod=workload-cloud-6f545f89ff-67qmp,0.4167942431761786
1783735317,cpu_utilisation,pod=workload-cloud-6f545f89ff-67qmp,0.27816749987246786
1783735327,cpu_utilisation,pod=workload-cloud-6f545f89ff-67qmp,0.24330217114868383
1783735337,cpu_utilisation,pod=workload-cloud-6f545f89ff-67qmp,0.23953951232451073
1783735347,cpu_utilisation,pod=workload-cloud-6f545f89ff-67qmp,0.1939138331150536
1783735357,cpu_utilisation,pod=workload-cloud-6f545f89ff-67qmp,0.23292420157383684
1783735367,cpu_utilisation,pod=workload-cloud-6f545f89ff-67qmp,0.2318842977232062
1783735377,cpu_utilisation,pod=workload-cloud-6f545f89ff-67qmp,0.19453353446744073
1783735387,cpu_utilisation,pod=workload-cloud-6f545f89ff-67qmp,0.23276728658037013
1783735397,cpu_utilisation,pod=workload-cloud-6f545f89ff-67qmp,0.18900292337669522
1783735407,cpu_utilisation,pod=workload-cloud-6f545f89ff-67qmp,0.22885657072351828
1783735417,cpu_utilisation,pod=workload-cloud-6f545f89ff-67qmp,0.23175072321379878
1783735427,cpu_utilisation,pod=workload-cloud-6f545f89ff-67qmp,0.2327134354437989
1783735437,cpu_utilisation,pod=workload-cloud-6f545f89ff-67qmp,0.23513651434604688
1783735447,cpu_utilisation,pod=workload-cloud-6f545f89ff-67qmp,0.23942220806302136
1783735457,cpu_utilisation,pod=workload-cloud-6f545f89ff-67qmp,0.23752005871825224
1783735467,cpu_utilisation,pod=workload-cloud-6f545f89ff-67qmp,0.19430248626232238
1783735477,cpu_utilisation,pod=workload-cloud-6f545f89ff-67qmp,0.1613013483850729
1783735487,cpu_utilisation,pod=workload-cloud-6f545f89ff-67qmp,0.11838919295656211
1783735497,cpu_utilisation,pod=workload-cloud-6f545f89ff-67qmp,0.05143265878845059
1783735507,cpu_utilisation,pod=workload-cloud-6f545f89ff-67qmp,0.05143265878845059
1783735517,cpu_utilisation,pod=workload-cloud-6f545f89ff-67qmp,0.009124599768376932
1783735527,cpu_utilisation,pod=workload-cloud-6f545f89ff-67qmp,0.009014342175661716
1783735537,cpu_utilisation,pod=workload-cloud-6f545f89ff-67qmp,0.009159979202930081
1783735547,cpu_utilisation,pod=workload-cloud-6f545f89ff-67qmp,0.010038506925035712
1783735557,cpu_utilisation,pod=workload-cloud-6f545f89ff-67qmp,0.01045364771286401
1783735027,cpu_utilisation,pod=workload-cloud-6f545f89ff-6rtr2,0.05420141760551882
1783735037,cpu_utilisation,pod=workload-cloud-6f545f89ff-6rtr2,0.05000458333333333
1783735047,cpu_utilisation,pod=workload-cloud-6f545f89ff-6rtr2,0.10298299098853793
1783735057,cpu_utilisation,pod=workload-cloud-6f545f89ff-6rtr2,0.14890778830754323
1783735067,cpu_utilisation,pod=workload-cloud-6f545f89ff-6rtr2,0.1797543828184564
1783735077,cpu_utilisation,pod=workload-cloud-6f545f89ff-6rtr2,0.1994323254279392
1783735087,cpu_utilisation,pod=workload-cloud-6f545f89ff-6rtr2,0.2320217587397972
1783735097,cpu_utilisation,pod=workload-cloud-6f545f89ff-6rtr2,0.2320217587397972
1783735107,cpu_utilisation,pod=workload-cloud-6f545f89ff-6rtr2,0.3091924009222947
1783735117,cpu_utilisation,pod=workload-cloud-6f545f89ff-6rtr2,0.3471754651025003
1783735127,cpu_utilisation,pod=workload-cloud-6f545f89ff-6rtr2,0.5383524763590829
1783735137,cpu_utilisation,pod=workload-cloud-6f545f89ff-6rtr2,0.8119704645677365
1783735147,cpu_utilisation,pod=workload-cloud-6f545f89ff-6rtr2,0.8932192477787033
1783735157,cpu_utilisation,pod=workload-cloud-6f545f89ff-6rtr2,1.122818189384324
1783735167,cpu_utilisation,pod=workload-cloud-6f545f89ff-6rtr2,1.1359603819585533
1783735177,cpu_utilisation,pod=workload-cloud-6f545f89ff-6rtr2,1.1359603819585533
1783735187,cpu_utilisation,pod=workload-cloud-6f545f89ff-6rtr2,1.1481159227771875
1783735197,cpu_utilisation,pod=workload-cloud-6f545f89ff-6rtr2,0.7242067500000002
1783735207,cpu_utilisation,pod=workload-cloud-6f545f89ff-6rtr2,1.1077684055809056
1783735217,cpu_utilisation,pod=workload-cloud-6f545f89ff-6rtr2,1.1129110918836786
1783735227,cpu_utilisation,pod=workload-cloud-6f545f89ff-6rtr2,1.1064139763555756
1783735237,cpu_utilisation,pod=workload-cloud-6f545f89ff-6rtr2,1.1031274099597994
1783735247,cpu_utilisation,pod=workload-cloud-6f545f89ff-6rtr2,1.0996257547941872
1783735257,cpu_utilisation,pod=workload-cloud-6f545f89ff-6rtr2,1.0996257547941872
1783735267,cpu_utilisation,pod=workload-cloud-6f545f89ff-6rtr2,1.0373055631492623
1783735277,cpu_utilisation,pod=workload-cloud-6f545f89ff-6rtr2,0.7554562780269056
1783735287,cpu_utilisation,pod=workload-cloud-6f545f89ff-6rtr2,0.7554562780269056
1783735297,cpu_utilisation,pod=workload-cloud-6f545f89ff-6rtr2,0.48204882102420277
1783735307,cpu_utilisation,pod=workload-cloud-6f545f89ff-6rtr2,0.28089598573105695
1783735317,cpu_utilisation,pod=workload-cloud-6f545f89ff-6rtr2,0.2808959857310569
1783735327,cpu_utilisation,pod=workload-cloud-6f545f89ff-6rtr2,0.23170458527014118
1783735337,cpu_utilisation,pod=workload-cloud-6f545f89ff-6rtr2,0.2289130434782607
1783735347,cpu_utilisation,pod=workload-cloud-6f545f89ff-6rtr2,0.2289130434782607
1783735357,cpu_utilisation,pod=workload-cloud-6f545f89ff-6rtr2,0.23070750700861803
1783735367,cpu_utilisation,pod=workload-cloud-6f545f89ff-6rtr2,0.23313775836351958
1783735377,cpu_utilisation,pod=workload-cloud-6f545f89ff-6rtr2,0.231370757636691
1783735387,cpu_utilisation,pod=workload-cloud-6f545f89ff-6rtr2,0.23219173698682116
1783735397,cpu_utilisation,pod=workload-cloud-6f545f89ff-6rtr2,0.2269403238316857
1783735407,cpu_utilisation,pod=workload-cloud-6f545f89ff-6rtr2,0.22606699368494224
1783735417,cpu_utilisation,pod=workload-cloud-6f545f89ff-6rtr2,0.18966955974106198
1783735427,cpu_utilisation,pod=workload-cloud-6f545f89ff-6rtr2,0.23058728130528783
1783735437,cpu_utilisation,pod=workload-cloud-6f545f89ff-6rtr2,0.2040313531107288
1783735447,cpu_utilisation,pod=workload-cloud-6f545f89ff-6rtr2,0.2353066195175632
1783735457,cpu_utilisation,pod=workload-cloud-6f545f89ff-6rtr2,0.23827479844995772
1783735467,cpu_utilisation,pod=workload-cloud-6f545f89ff-6rtr2,0.22265214323513888
1783735477,cpu_utilisation,pod=workload-cloud-6f545f89ff-6rtr2,0.22265214323513888
1783735487,cpu_utilisation,pod=workload-cloud-6f545f89ff-6rtr2,0.14721848375735405
1783735497,cpu_utilisation,pod=workload-cloud-6f545f89ff-6rtr2,0.09874908178256603
1783735507,cpu_utilisation,pod=workload-cloud-6f545f89ff-6rtr2,0.009535921645232303
1783735517,cpu_utilisation,pod=workload-cloud-6f545f89ff-6rtr2,0.009372091157117334
1783735527,cpu_utilisation,pod=workload-cloud-6f545f89ff-6rtr2,0.009365022854124714
1783735537,cpu_utilisation,pod=workload-cloud-6f545f89ff-6rtr2,0.00967281551592718
1783735547,cpu_utilisation,pod=workload-cloud-6f545f89ff-6rtr2,0.008573002531503
1783735557,cpu_utilisation,pod=workload-cloud-6f545f89ff-6rtr2,0.009870738315647058
1783734907,cpu_utilisation,pod=workload-cloud-6f545f89ff-9hvzm,0.01046258806739765
1783734917,cpu_utilisation,pod=workload-cloud-6f545f89ff-9hvzm,0.010600939318968583
1783734927,cpu_utilisation,pod=workload-cloud-6f545f89ff-9hvzm,0.0406052687430179
1783734937,cpu_utilisation,pod=workload-cloud-6f545f89ff-9hvzm,0.11964199967985828
1783734947,cpu_utilisation,pod=workload-cloud-6f545f89ff-9hvzm,0.14399240329987384
1783734957,cpu_utilisation,pod=workload-cloud-6f545f89ff-9hvzm,0.29179154436897015
1783734967,cpu_utilisation,pod=workload-cloud-6f545f89ff-9hvzm,0.4341918374302673
1783734977,cpu_utilisation,pod=workload-cloud-6f545f89ff-9hvzm,0.4341918374302673
1783734987,cpu_utilisation,pod=workload-cloud-6f545f89ff-9hvzm,0.6010225357538801
1783734997,cpu_utilisation,pod=workload-cloud-6f545f89ff-9hvzm,0.6534620132523864
1783735007,cpu_utilisation,pod=workload-cloud-6f545f89ff-9hvzm,0.776457137479979
1783735017,cpu_utilisation,pod=workload-cloud-6f545f89ff-9hvzm,0.861930790540056
1783735027,cpu_utilisation,pod=workload-cloud-6f545f89ff-9hvzm,0.9375553417918332
1783735037,cpu_utilisation,pod=workload-cloud-6f545f89ff-9hvzm,0.9638072487321225
1783735047,cpu_utilisation,pod=workload-cloud-6f545f89ff-9hvzm,0.7975983942597556
1783735057,cpu_utilisation,pod=workload-cloud-6f545f89ff-9hvzm,1.0358938655527132
1783735067,cpu_utilisation,pod=workload-cloud-6f545f89ff-9hvzm,1.0336473392353132
1783735077,cpu_utilisation,pod=workload-cloud-6f545f89ff-9hvzm,1.0584469968892078
1783735087,cpu_utilisation,pod=workload-cloud-6f545f89ff-9hvzm,1.0979117926019621
1783735097,cpu_utilisation,pod=workload-cloud-6f545f89ff-9hvzm,1.1576617635238318
1783735107,cpu_utilisation,pod=workload-cloud-6f545f89ff-9hvzm,1.1576617635238318
1783735117,cpu_utilisation,pod=workload-cloud-6f545f89ff-9hvzm,1.3166714840118123
1783735127,cpu_utilisation,pod=workload-cloud-6f545f89ff-9hvzm,1.1184829412974402
1783735137,cpu_utilisation,pod=workload-cloud-6f545f89ff-9hvzm,1.7217015247928937
1783735147,cpu_utilisation,pod=workload-cloud-6f545f89ff-9hvzm,1.994586770126899
1783735157,cpu_utilisation,pod=workload-cloud-6f545f89ff-9hvzm,2.1060384207521357
1783735167,cpu_utilisation,pod=workload-cloud-6f545f89ff-9hvzm,2.1082114981535063
1783735177,cpu_utilisation,pod=workload-cloud-6f545f89ff-9hvzm,2.095886348151942
1783735187,cpu_utilisation,pod=workload-cloud-6f545f89ff-9hvzm,2.106931161368387
1783735197,cpu_utilisation,pod=workload-cloud-6f545f89ff-9hvzm,2.0807587149692255
1783735207,cpu_utilisation,pod=workload-cloud-6f545f89ff-9hvzm,2.0484102601974397
1783735217,cpu_utilisation,pod=workload-cloud-6f545f89ff-9hvzm,2.033083201584787
1783735227,cpu_utilisation,pod=workload-cloud-6f545f89ff-9hvzm,2.0552711097176415
1783735237,cpu_utilisation,pod=workload-cloud-6f545f89ff-9hvzm,2.0249464698698247
1783735247,cpu_utilisation,pod=workload-cloud-6f545f89ff-9hvzm,2.055603998509853
1783735257,cpu_utilisation,pod=workload-cloud-6f545f89ff-9hvzm,1.7103253368823748
1783735267,cpu_utilisation,pod=workload-cloud-6f545f89ff-9hvzm,1.9926334378265709
1783735277,cpu_utilisation,pod=workload-cloud-6f545f89ff-9hvzm,1.9601756282875489
1783735287,cpu_utilisation,pod=workload-cloud-6f545f89ff-9hvzm,1.5952625630782198
1783735297,cpu_utilisation,pod=workload-cloud-6f545f89ff-9hvzm,1.5201624541251235
1783735307,cpu_utilisation,pod=workload-cloud-6f545f89ff-9hvzm,1.252666171882825
1783735317,cpu_utilisation,pod=workload-cloud-6f545f89ff-9hvzm,1.2286846475460773
1783735327,cpu_utilisation,pod=workload-cloud-6f545f89ff-9hvzm,0.9650342637380479
1783735337,cpu_utilisation,pod=workload-cloud-6f545f89ff-9hvzm,1.1782586323076325
1783735347,cpu_utilisation,pod=workload-cloud-6f545f89ff-9hvzm,1.1729509825169664
1783735357,cpu_utilisation,pod=workload-cloud-6f545f89ff-9hvzm,1.1761936454907698
1783735367,cpu_utilisation,pod=workload-cloud-6f545f89ff-9hvzm,1.183860215053766
1783735377,cpu_utilisation,pod=workload-cloud-6f545f89ff-9hvzm,1.185399486233699
1783735387,cpu_utilisation,pod=workload-cloud-6f545f89ff-9hvzm,1.185399486233699
1783735397,cpu_utilisation,pod=workload-cloud-6f545f89ff-9hvzm,1.1770516765038537
1783735407,cpu_utilisation,pod=workload-cloud-6f545f89ff-9hvzm,1.1750568072198724
1783735417,cpu_utilisation,pod=workload-cloud-6f545f89ff-9hvzm,1.0231599764298756
1783735427,cpu_utilisation,pod=workload-cloud-6f545f89ff-9hvzm,1.1960993265597724
1783735437,cpu_utilisation,pod=workload-cloud-6f545f89ff-9hvzm,1.2514985872137245
1783735447,cpu_utilisation,pod=workload-cloud-6f545f89ff-9hvzm,1.2514985872137245
1783735457,cpu_utilisation,pod=workload-cloud-6f545f89ff-9hvzm,1.2453745205534823
1783735467,cpu_utilisation,pod=workload-cloud-6f545f89ff-9hvzm,1.2375794633915396
1783735477,cpu_utilisation,pod=workload-cloud-6f545f89ff-9hvzm,1.091613933496493
1783735487,cpu_utilisation,pod=workload-cloud-6f545f89ff-9hvzm,0.8702932667580952
1783735497,cpu_utilisation,pod=workload-cloud-6f545f89ff-9hvzm,0.39491871892106967
1783735507,cpu_utilisation,pod=workload-cloud-6f545f89ff-9hvzm,0.37862701452205005
1783735517,cpu_utilisation,pod=workload-cloud-6f545f89ff-9hvzm,0.09249639142433454
1783735527,cpu_utilisation,pod=workload-cloud-6f545f89ff-9hvzm,0.09249639142433454
1783735537,cpu_utilisation,pod=workload-cloud-6f545f89ff-9hvzm,0.009243792094008572
1783735547,cpu_utilisation,pod=workload-cloud-6f545f89ff-9hvzm,0.009602703658554366
1783735557,cpu_utilisation,pod=workload-cloud-6f545f89ff-9hvzm,0.009795693393077764
1783735087,cpu_utilisation,pod=workload-cloud-6f545f89ff-m5w99,0.09206586742496199
1783735097,cpu_utilisation,pod=workload-cloud-6f545f89ff-m5w99,0.10123065486678355
1783735107,cpu_utilisation,pod=workload-cloud-6f545f89ff-m5w99,0.21928864092983455
1783735117,cpu_utilisation,pod=workload-cloud-6f545f89ff-m5w99,0.4051194438897163
1783735127,cpu_utilisation,pod=workload-cloud-6f545f89ff-m5w99,0.48289809318034016
1783735137,cpu_utilisation,pod=workload-cloud-6f545f89ff-m5w99,0.8111866721046936
1783735147,cpu_utilisation,pod=workload-cloud-6f545f89ff-m5w99,1.0097901832881617
1783735157,cpu_utilisation,pod=workload-cloud-6f545f89ff-m5w99,1.2601244280656714
1783735167,cpu_utilisation,pod=workload-cloud-6f545f89ff-m5w99,1.3793722331185205
1783735177,cpu_utilisation,pod=workload-cloud-6f545f89ff-m5w99,1.4289363559560688
1783735187,cpu_utilisation,pod=workload-cloud-6f545f89ff-m5w99,1.422319365040749
1783735197,cpu_utilisation,pod=workload-cloud-6f545f89ff-m5w99,1.4130791218147536
1783735207,cpu_utilisation,pod=workload-cloud-6f545f89ff-m5w99,1.3967391593256377
1783735217,cpu_utilisation,pod=workload-cloud-6f545f89ff-m5w99,1.384272364740194
1783735227,cpu_utilisation,pod=workload-cloud-6f545f89ff-m5w99,1.3756939742721732
1783735237,cpu_utilisation,pod=workload-cloud-6f545f89ff-m5w99,1.3783865126443957
1783735247,cpu_utilisation,pod=workload-cloud-6f545f89ff-m5w99,1.147788047636662
1783735257,cpu_utilisation,pod=workload-cloud-6f545f89ff-m5w99,1.3452349000986397
1783735267,cpu_utilisation,pod=workload-cloud-6f545f89ff-m5w99,1.1293232130204194
1783735277,cpu_utilisation,pod=workload-cloud-6f545f89ff-m5w99,0.9659724428000488
1783735287,cpu_utilisation,pod=workload-cloud-6f545f89ff-m5w99,0.8321052988976666
1783735297,cpu_utilisation,pod=workload-cloud-6f545f89ff-m5w99,0.48397091224451516
1783735307,cpu_utilisation,pod=workload-cloud-6f545f89ff-m5w99,0.20161573868617114
1783735317,cpu_utilisation,pod=workload-cloud-6f545f89ff-m5w99,0.21026476167908517
1783735327,cpu_utilisation,pod=workload-cloud-6f545f89ff-m5w99,0.24245746858287293
1783735337,cpu_utilisation,pod=workload-cloud-6f545f89ff-m5w99,0.23860121407053436
1783735347,cpu_utilisation,pod=workload-cloud-6f545f89ff-m5w99,0.23860121407053436
1783735357,cpu_utilisation,pod=workload-cloud-6f545f89ff-m5w99,0.2403829236739978
1783735367,cpu_utilisation,pod=workload-cloud-6f545f89ff-m5w99,0.24498278719877578
1783735377,cpu_utilisation,pod=workload-cloud-6f545f89ff-m5w99,0.24057468902917314
1783735387,cpu_utilisation,pod=workload-cloud-6f545f89ff-m5w99,0.24286313428104597
1783735397,cpu_utilisation,pod=workload-cloud-6f545f89ff-m5w99,0.23189549658974132
1783735407,cpu_utilisation,pod=workload-cloud-6f545f89ff-m5w99,0.23003228100891812
1783735417,cpu_utilisation,pod=workload-cloud-6f545f89ff-m5w99,0.22504239790254385
1783735427,cpu_utilisation,pod=workload-cloud-6f545f89ff-m5w99,0.22954462800754008
1783735437,cpu_utilisation,pod=workload-cloud-6f545f89ff-m5w99,0.19366020426745473
1783735447,cpu_utilisation,pod=workload-cloud-6f545f89ff-m5w99,0.23396146576166293
1783735457,cpu_utilisation,pod=workload-cloud-6f545f89ff-m5w99,0.2250337461118609
1783735467,cpu_utilisation,pod=workload-cloud-6f545f89ff-m5w99,0.21760416666666602
1783735477,cpu_utilisation,pod=workload-cloud-6f545f89ff-m5w99,0.15140119796466162
1783735487,cpu_utilisation,pod=workload-cloud-6f545f89ff-m5w99,0.0752799731661813
1783735497,cpu_utilisation,pod=workload-cloud-6f545f89ff-m5w99,0.0752799731661813
1783735507,cpu_utilisation,pod=workload-cloud-6f545f89ff-m5w99,0.009253215485693505
1783735517,cpu_utilisation,pod=workload-cloud-6f545f89ff-m5w99,0.009308128664910414
1783735527,cpu_utilisation,pod=workload-cloud-6f545f89ff-m5w99,0.009308128664910414
1783735537,cpu_utilisation,pod=workload-cloud-6f545f89ff-m5w99,0.009806125283578155
1783735547,cpu_utilisation,pod=workload-cloud-6f545f89ff-m5w99,0.010411520659968608
1783735557,cpu_utilisation,pod=workload-cloud-6f545f89ff-m5w99,0.010304919106808426
1783734907,cpu_utilisation,pod=workload-edge-7b875fd8c6-pxwvc,0.021316119632523636
1783734917,cpu_utilisation,pod=workload-edge-7b875fd8c6-pxwvc,0.021316119632523636
1783734927,cpu_utilisation,pod=workload-edge-7b875fd8c6-pxwvc,0.021878963857262356
1783734937,cpu_utilisation,pod=workload-edge-7b875fd8c6-pxwvc,0.02152113168005642
1783734947,cpu_utilisation,pod=workload-edge-7b875fd8c6-pxwvc,0.02152113168005642
1783734957,cpu_utilisation,pod=workload-edge-7b875fd8c6-pxwvc,0.021735154882080755
1783734967,cpu_utilisation,pod=workload-edge-7b875fd8c6-pxwvc,0.017470785159393053
1783734977,cpu_utilisation,pod=workload-edge-7b875fd8c6-pxwvc,0.0213718319638932
1783734987,cpu_utilisation,pod=workload-edge-7b875fd8c6-pxwvc,0.01759766823469508
1783734997,cpu_utilisation,pod=workload-edge-7b875fd8c6-pxwvc,0.022466471627611413
1783735007,cpu_utilisation,pod=workload-edge-7b875fd8c6-pxwvc,0.021989774828675326
1783735017,cpu_utilisation,pod=workload-edge-7b875fd8c6-pxwvc,0.02131815633060469
1783735027,cpu_utilisation,pod=workload-edge-7b875fd8c6-pxwvc,0.021318156330604684
1783735037,cpu_utilisation,pod=workload-edge-7b875fd8c6-pxwvc,0.02051470588235374
1783735047,cpu_utilisation,pod=workload-edge-7b875fd8c6-pxwvc,0.020681577255270128
1783735057,cpu_utilisation,pod=workload-edge-7b875fd8c6-pxwvc,0.020713867378147458
1783735067,cpu_utilisation,pod=workload-edge-7b875fd8c6-pxwvc,0.020921345929306
1783735077,cpu_utilisation,pod=workload-edge-7b875fd8c6-pxwvc,0.020668751085634287
1783735087,cpu_utilisation,pod=workload-edge-7b875fd8c6-pxwvc,0.021016260909507485
1783735097,cpu_utilisation,pod=workload-edge-7b875fd8c6-pxwvc,0.020944005046338286
1783735107,cpu_utilisation,pod=workload-edge-7b875fd8c6-pxwvc,0.021291150512008434
1783735117,cpu_utilisation,pod=workload-edge-7b875fd8c6-pxwvc,0.0216725303468485
1783735127,cpu_utilisation,pod=workload-edge-7b875fd8c6-pxwvc,0.02214673454124399
1783735137,cpu_utilisation,pod=workload-edge-7b875fd8c6-pxwvc,0.0214139549367198
1783735147,cpu_utilisation,pod=workload-edge-7b875fd8c6-pxwvc,0.022326194610586447
1783735157,cpu_utilisation,pod=workload-edge-7b875fd8c6-pxwvc,0.021712610365977467
1783735167,cpu_utilisation,pod=workload-edge-7b875fd8c6-pxwvc,0.02139077748485248
1783735177,cpu_utilisation,pod=workload-edge-7b875fd8c6-pxwvc,0.02246646742379002
1783735187,cpu_utilisation,pod=workload-edge-7b875fd8c6-pxwvc,0.02246646742379002
1783735197,cpu_utilisation,pod=workload-edge-7b875fd8c6-pxwvc,0.0212444127745029
1783735207,cpu_utilisation,pod=workload-edge-7b875fd8c6-pxwvc,0.02191907170484972
1783735217,cpu_utilisation,pod=workload-edge-7b875fd8c6-pxwvc,0.021608721272834926
1783735227,cpu_utilisation,pod=workload-edge-7b875fd8c6-pxwvc,0.021238574137600805
1783735237,cpu_utilisation,pod=workload-edge-7b875fd8c6-pxwvc,0.017844718513753827
1783735247,cpu_utilisation,pod=workload-edge-7b875fd8c6-pxwvc,0.021483708631865807
1783735257,cpu_utilisation,pod=workload-edge-7b875fd8c6-pxwvc,0.02187397602828352
1783735267,cpu_utilisation,pod=workload-edge-7b875fd8c6-pxwvc,0.02208649192499167
1783735277,cpu_utilisation,pod=workload-edge-7b875fd8c6-pxwvc,0.022577722163491503
1783735287,cpu_utilisation,pod=workload-edge-7b875fd8c6-pxwvc,0.023291717613745815
1783735297,cpu_utilisation,pod=workload-edge-7b875fd8c6-pxwvc,0.023291717613745815
1783735307,cpu_utilisation,pod=workload-edge-7b875fd8c6-pxwvc,0.02278442482849053
1783735317,cpu_utilisation,pod=workload-edge-7b875fd8c6-pxwvc,0.022256631414702507
1783735327,cpu_utilisation,pod=workload-edge-7b875fd8c6-pxwvc,0.017826843390362432
1783735337,cpu_utilisation,pod=workload-edge-7b875fd8c6-pxwvc,0.021220894607843314
1783735347,cpu_utilisation,pod=workload-edge-7b875fd8c6-pxwvc,0.02159139391722975
1783735357,cpu_utilisation,pod=workload-edge-7b875fd8c6-pxwvc,0.021591393917229754
1783735367,cpu_utilisation,pod=workload-edge-7b875fd8c6-pxwvc,0.021898128347690657
1783735377,cpu_utilisation,pod=workload-edge-7b875fd8c6-pxwvc,0.018593049160298743
1783735387,cpu_utilisation,pod=workload-edge-7b875fd8c6-pxwvc,0.02199096188067801
1783735397,cpu_utilisation,pod=workload-edge-7b875fd8c6-pxwvc,0.021450889567322617
1783735407,cpu_utilisation,pod=workload-edge-7b875fd8c6-pxwvc,0.020683636683372537
1783735417,cpu_utilisation,pod=workload-edge-7b875fd8c6-pxwvc,0.020683636683372537
1783735427,cpu_utilisation,pod=workload-edge-7b875fd8c6-pxwvc,0.022367484220412587
1783735437,cpu_utilisation,pod=workload-edge-7b875fd8c6-pxwvc,0.022367484220412587
1783735447,cpu_utilisation,pod=workload-edge-7b875fd8c6-pxwvc,0.023113163038350402
1783735457,cpu_utilisation,pod=workload-edge-7b875fd8c6-pxwvc,0.023404259693269768
1783735467,cpu_utilisation,pod=workload-edge-7b875fd8c6-pxwvc,0.018729062027490653
1783735477,cpu_utilisation,pod=workload-edge-7b875fd8c6-pxwvc,0.02260802360710985
1783735487,cpu_utilisation,pod=workload-edge-7b875fd8c6-pxwvc,0.021586655130937576
1783735497,cpu_utilisation,pod=workload-edge-7b875fd8c6-pxwvc,0.021586655130937576
1783735507,cpu_utilisation,pod=workload-edge-7b875fd8c6-pxwvc,0.021781710213776832
1783735517,cpu_utilisation,pod=workload-edge-7b875fd8c6-pxwvc,0.020869160217827823
1783735527,cpu_utilisation,pod=workload-edge-7b875fd8c6-pxwvc,0.02062080792682942
1783735537,cpu_utilisation,pod=workload-edge-7b875fd8c6-pxwvc,0.022228313177385786
1783735547,cpu_utilisation,pod=workload-edge-7b875fd8c6-pxwvc,0.02230999697644267
1783735557,cpu_utilisation,pod=workload-edge-7b875fd8c6-pxwvc,0.02175982937685423
1783735107,mem_mib,pod=workload-cloud-6f545f89ff-4dc8g,3.35546875
1783735117,mem_mib,pod=workload-cloud-6f545f89ff-4dc8g,35.6640625
1783735127,mem_mib,pod=workload-cloud-6f545f89ff-4dc8g,35.73828125
1783735137,mem_mib,pod=workload-cloud-6f545f89ff-4dc8g,36.26171875
1783735147,mem_mib,pod=workload-cloud-6f545f89ff-4dc8g,36.26171875
1783735157,mem_mib,pod=workload-cloud-6f545f89ff-4dc8g,36.4296875
1783735167,mem_mib,pod=workload-cloud-6f545f89ff-4dc8g,36.4296875
1783735177,mem_mib,pod=workload-cloud-6f545f89ff-4dc8g,36.28125
1783735187,mem_mib,pod=workload-cloud-6f545f89ff-4dc8g,36.30078125
1783735197,mem_mib,pod=workload-cloud-6f545f89ff-4dc8g,36.30078125
1783735207,mem_mib,pod=workload-cloud-6f545f89ff-4dc8g,36.46875
1783735217,mem_mib,pod=workload-cloud-6f545f89ff-4dc8g,36.47265625
1783735227,mem_mib,pod=workload-cloud-6f545f89ff-4dc8g,36.46484375
1783735237,mem_mib,pod=workload-cloud-6f545f89ff-4dc8g,36.46484375
1783735247,mem_mib,pod=workload-cloud-6f545f89ff-4dc8g,36.78515625
1783735257,mem_mib,pod=workload-cloud-6f545f89ff-4dc8g,36.3203125
1783735267,mem_mib,pod=workload-cloud-6f545f89ff-4dc8g,36.3203125
1783735277,mem_mib,pod=workload-cloud-6f545f89ff-4dc8g,36.2265625
1783735287,mem_mib,pod=workload-cloud-6f545f89ff-4dc8g,36.234375
1783735297,mem_mib,pod=workload-cloud-6f545f89ff-4dc8g,36.234375
1783735307,mem_mib,pod=workload-cloud-6f545f89ff-4dc8g,36.234375
1783735317,mem_mib,pod=workload-cloud-6f545f89ff-4dc8g,36.234375
1783735327,mem_mib,pod=workload-cloud-6f545f89ff-4dc8g,36.234375
1783735337,mem_mib,pod=workload-cloud-6f545f89ff-4dc8g,36.234375
1783735347,mem_mib,pod=workload-cloud-6f545f89ff-4dc8g,36.234375
1783735357,mem_mib,pod=workload-cloud-6f545f89ff-4dc8g,36.234375
1783735367,mem_mib,pod=workload-cloud-6f545f89ff-4dc8g,36.234375
1783735377,mem_mib,pod=workload-cloud-6f545f89ff-4dc8g,36.234375
1783735387,mem_mib,pod=workload-cloud-6f545f89ff-4dc8g,36.234375
1783735397,mem_mib,pod=workload-cloud-6f545f89ff-4dc8g,36.234375
1783735407,mem_mib,pod=workload-cloud-6f545f89ff-4dc8g,36.234375
1783735417,mem_mib,pod=workload-cloud-6f545f89ff-4dc8g,36.234375
1783735427,mem_mib,pod=workload-cloud-6f545f89ff-4dc8g,36.234375
1783735437,mem_mib,pod=workload-cloud-6f545f89ff-4dc8g,36.234375
1783735447,mem_mib,pod=workload-cloud-6f545f89ff-4dc8g,36.234375
1783735457,mem_mib,pod=workload-cloud-6f545f89ff-4dc8g,36.234375
1783735467,mem_mib,pod=workload-cloud-6f545f89ff-4dc8g,36.234375
1783735477,mem_mib,pod=workload-cloud-6f545f89ff-4dc8g,36.234375
1783735487,mem_mib,pod=workload-cloud-6f545f89ff-4dc8g,36.234375
1783735497,mem_mib,pod=workload-cloud-6f545f89ff-4dc8g,36.234375
1783735507,mem_mib,pod=workload-cloud-6f545f89ff-4dc8g,36.234375
1783735517,mem_mib,pod=workload-cloud-6f545f89ff-4dc8g,36.4921875
1783735527,mem_mib,pod=workload-cloud-6f545f89ff-4dc8g,36.4921875
1783735537,mem_mib,pod=workload-cloud-6f545f89ff-4dc8g,36.234375
1783735547,mem_mib,pod=workload-cloud-6f545f89ff-4dc8g,36.234375
1783735557,mem_mib,pod=workload-cloud-6f545f89ff-4dc8g,36.234375
1783734977,mem_mib,pod=workload-cloud-6f545f89ff-4n5hx,3.6875
1783734987,mem_mib,pod=workload-cloud-6f545f89ff-4n5hx,3.6875
1783734997,mem_mib,pod=workload-cloud-6f545f89ff-4n5hx,35.12890625
1783735007,mem_mib,pod=workload-cloud-6f545f89ff-4n5hx,35.17578125
1783735017,mem_mib,pod=workload-cloud-6f545f89ff-4n5hx,35.17578125
1783735027,mem_mib,pod=workload-cloud-6f545f89ff-4n5hx,35.27734375
1783735037,mem_mib,pod=workload-cloud-6f545f89ff-4n5hx,35.3203125
1783735047,mem_mib,pod=workload-cloud-6f545f89ff-4n5hx,35.3203125
1783735057,mem_mib,pod=workload-cloud-6f545f89ff-4n5hx,35.59765625
1783735067,mem_mib,pod=workload-cloud-6f545f89ff-4n5hx,35.3828125
1783735077,mem_mib,pod=workload-cloud-6f545f89ff-4n5hx,35.453125
1783735087,mem_mib,pod=workload-cloud-6f545f89ff-4n5hx,35.453125
1783735097,mem_mib,pod=workload-cloud-6f545f89ff-4n5hx,35.47265625
1783735107,mem_mib,pod=workload-cloud-6f545f89ff-4n5hx,35.47265625
1783735117,mem_mib,pod=workload-cloud-6f545f89ff-4n5hx,36.8515625
1783735127,mem_mib,pod=workload-cloud-6f545f89ff-4n5hx,36.94921875
1783735137,mem_mib,pod=workload-cloud-6f545f89ff-4n5hx,36.94921875
1783735147,mem_mib,pod=workload-cloud-6f545f89ff-4n5hx,37.43359375
1783735157,mem_mib,pod=workload-cloud-6f545f89ff-4n5hx,37.53125
1783735167,mem_mib,pod=workload-cloud-6f545f89ff-4n5hx,37.53125
1783735177,mem_mib,pod=workload-cloud-6f545f89ff-4n5hx,37.80078125
1783735187,mem_mib,pod=workload-cloud-6f545f89ff-4n5hx,37.80078125
1783735197,mem_mib,pod=workload-cloud-6f545f89ff-4n5hx,37.33203125
1783735207,mem_mib,pod=workload-cloud-6f545f89ff-4n5hx,37.33203125
1783735217,mem_mib,pod=workload-cloud-6f545f89ff-4n5hx,37.3671875
1783735227,mem_mib,pod=workload-cloud-6f545f89ff-4n5hx,37.6796875
1783735237,mem_mib,pod=workload-cloud-6f545f89ff-4n5hx,37.6796875
1783735247,mem_mib,pod=workload-cloud-6f545f89ff-4n5hx,37.921875
1783735257,mem_mib,pod=workload-cloud-6f545f89ff-4n5hx,37.921875
1783735267,mem_mib,pod=workload-cloud-6f545f89ff-4n5hx,37.453125
1783735277,mem_mib,pod=workload-cloud-6f545f89ff-4n5hx,37.453125
1783735287,mem_mib,pod=workload-cloud-6f545f89ff-4n5hx,36.76953125
1783735297,mem_mib,pod=workload-cloud-6f545f89ff-4n5hx,36.78125
1783735307,mem_mib,pod=workload-cloud-6f545f89ff-4n5hx,36.78125
1783735317,mem_mib,pod=workload-cloud-6f545f89ff-4n5hx,36.7734375
1783735327,mem_mib,pod=workload-cloud-6f545f89ff-4n5hx,36.7734375
1783735337,mem_mib,pod=workload-cloud-6f545f89ff-4n5hx,36.7734375
1783735347,mem_mib,pod=workload-cloud-6f545f89ff-4n5hx,36.77734375
1783735357,mem_mib,pod=workload-cloud-6f545f89ff-4n5hx,36.8125
1783735367,mem_mib,pod=workload-cloud-6f545f89ff-4n5hx,36.8125
1783735377,mem_mib,pod=workload-cloud-6f545f89ff-4n5hx,36.77734375
1783735387,mem_mib,pod=workload-cloud-6f545f89ff-4n5hx,36.8125
1783735397,mem_mib,pod=workload-cloud-6f545f89ff-4n5hx,37.03125
1783735407,mem_mib,pod=workload-cloud-6f545f89ff-4n5hx,37.03125
1783735417,mem_mib,pod=workload-cloud-6f545f89ff-4n5hx,36.78125
1783735427,mem_mib,pod=workload-cloud-6f545f89ff-4n5hx,36.78125
1783735437,mem_mib,pod=workload-cloud-6f545f89ff-4n5hx,36.78125
1783735447,mem_mib,pod=workload-cloud-6f545f89ff-4n5hx,36.80859375
1783735457,mem_mib,pod=workload-cloud-6f545f89ff-4n5hx,36.80859375
1783735467,mem_mib,pod=workload-cloud-6f545f89ff-4n5hx,36.80859375
1783735477,mem_mib,pod=workload-cloud-6f545f89ff-4n5hx,36.77734375
1783735487,mem_mib,pod=workload-cloud-6f545f89ff-4n5hx,36.77734375
1783735497,mem_mib,pod=workload-cloud-6f545f89ff-4n5hx,36.77734375
1783735507,mem_mib,pod=workload-cloud-6f545f89ff-4n5hx,36.77734375
1783735517,mem_mib,pod=workload-cloud-6f545f89ff-4n5hx,36.77734375
1783735527,mem_mib,pod=workload-cloud-6f545f89ff-4n5hx,36.77734375
1783735537,mem_mib,pod=workload-cloud-6f545f89ff-4n5hx,36.77734375
1783735547,mem_mib,pod=workload-cloud-6f545f89ff-4n5hx,36.77734375
1783735557,mem_mib,pod=workload-cloud-6f545f89ff-4n5hx,36.77734375
1783735037,mem_mib,pod=workload-cloud-6f545f89ff-67qmp,3.54296875
1783735047,mem_mib,pod=workload-cloud-6f545f89ff-67qmp,3.54296875
1783735057,mem_mib,pod=workload-cloud-6f545f89ff-67qmp,35.2109375
1783735067,mem_mib,pod=workload-cloud-6f545f89ff-67qmp,35.3125
1783735077,mem_mib,pod=workload-cloud-6f545f89ff-67qmp,35.3125
1783735087,mem_mib,pod=workload-cloud-6f545f89ff-67qmp,35.5078125
1783735097,mem_mib,pod=workload-cloud-6f545f89ff-67qmp,35.5078125
1783735107,mem_mib,pod=workload-cloud-6f545f89ff-67qmp,36.0078125
1783735117,mem_mib,pod=workload-cloud-6f545f89ff-67qmp,36.0078125
1783735127,mem_mib,pod=workload-cloud-6f545f89ff-67qmp,37.4296875
1783735137,mem_mib,pod=workload-cloud-6f545f89ff-67qmp,37.49609375
1783735147,mem_mib,pod=workload-cloud-6f545f89ff-67qmp,37.76171875
1783735157,mem_mib,pod=workload-cloud-6f545f89ff-67qmp,37.76171875
1783735167,mem_mib,pod=workload-cloud-6f545f89ff-67qmp,37.58203125
1783735177,mem_mib,pod=workload-cloud-6f545f89ff-67qmp,37.875
1783735187,mem_mib,pod=workload-cloud-6f545f89ff-67qmp,37.875
1783735197,mem_mib,pod=workload-cloud-6f545f89ff-67qmp,38.17578125
1783735207,mem_mib,pod=workload-cloud-6f545f89ff-67qmp,38.26953125
1783735217,mem_mib,pod=workload-cloud-6f545f89ff-67qmp,38.02734375
1783735227,mem_mib,pod=workload-cloud-6f545f89ff-67qmp,38.02734375
1783735237,mem_mib,pod=workload-cloud-6f545f89ff-67qmp,37.78125
1783735247,mem_mib,pod=workload-cloud-6f545f89ff-67qmp,37.796875
1783735257,mem_mib,pod=workload-cloud-6f545f89ff-67qmp,37.9453125
1783735267,mem_mib,pod=workload-cloud-6f545f89ff-67qmp,37.7421875
1783735277,mem_mib,pod=workload-cloud-6f545f89ff-67qmp,37.7421875
1783735287,mem_mib,pod=workload-cloud-6f545f89ff-67qmp,37.3125
1783735297,mem_mib,pod=workload-cloud-6f545f89ff-67qmp,37.30078125
1783735307,mem_mib,pod=workload-cloud-6f545f89ff-67qmp,37.3046875
1783735317,mem_mib,pod=workload-cloud-6f545f89ff-67qmp,37.3046875
1783735327,mem_mib,pod=workload-cloud-6f545f89ff-67qmp,37.0234375
1783735337,mem_mib,pod=workload-cloud-6f545f89ff-67qmp,37.0546875
1783735347,mem_mib,pod=workload-cloud-6f545f89ff-67qmp,37.0546875
1783735357,mem_mib,pod=workload-cloud-6f545f89ff-67qmp,37.0703125
1783735367,mem_mib,pod=workload-cloud-6f545f89ff-67qmp,37.09765625
1783735377,mem_mib,pod=workload-cloud-6f545f89ff-67qmp,37.09765625
1783735387,mem_mib,pod=workload-cloud-6f545f89ff-67qmp,37.0703125
1783735397,mem_mib,pod=workload-cloud-6f545f89ff-67qmp,37.0703125
1783735407,mem_mib,pod=workload-cloud-6f545f89ff-67qmp,37.31640625
1783735417,mem_mib,pod=workload-cloud-6f545f89ff-67qmp,37.07421875
1783735427,mem_mib,pod=workload-cloud-6f545f89ff-67qmp,37.07421875
1783735437,mem_mib,pod=workload-cloud-6f545f89ff-67qmp,37.07421875
1783735447,mem_mib,pod=workload-cloud-6f545f89ff-67qmp,37.07421875
1783735457,mem_mib,pod=workload-cloud-6f545f89ff-67qmp,37.32421875
1783735467,mem_mib,pod=workload-cloud-6f545f89ff-67qmp,37.32421875
1783735477,mem_mib,pod=workload-cloud-6f545f89ff-67qmp,37.046875
1783735487,mem_mib,pod=workload-cloud-6f545f89ff-67qmp,37.0390625
1783735497,mem_mib,pod=workload-cloud-6f545f89ff-67qmp,37.0390625
1783735507,mem_mib,pod=workload-cloud-6f545f89ff-67qmp,37.0390625
1783735517,mem_mib,pod=workload-cloud-6f545f89ff-67qmp,37.0390625
1783735527,mem_mib,pod=workload-cloud-6f545f89ff-67qmp,37.0390625
1783735537,mem_mib,pod=workload-cloud-6f545f89ff-67qmp,37.0390625
1783735547,mem_mib,pod=workload-cloud-6f545f89ff-67qmp,37.0390625
1783735557,mem_mib,pod=workload-cloud-6f545f89ff-67qmp,37.0390625
1783735007,mem_mib,pod=workload-cloud-6f545f89ff-6rtr2,2.796875
1783735017,mem_mib,pod=workload-cloud-6f545f89ff-6rtr2,2.796875
1783735027,mem_mib,pod=workload-cloud-6f545f89ff-6rtr2,35.1328125
1783735037,mem_mib,pod=workload-cloud-6f545f89ff-6rtr2,35.1328125
1783735047,mem_mib,pod=workload-cloud-6f545f89ff-6rtr2,35.3046875
1783735057,mem_mib,pod=workload-cloud-6f545f89ff-6rtr2,35.6328125
1783735067,mem_mib,pod=workload-cloud-6f545f89ff-6rtr2,35.6328125
1783735077,mem_mib,pod=workload-cloud-6f545f89ff-6rtr2,35.42578125
1783735087,mem_mib,pod=workload-cloud-6f545f89ff-6rtr2,35.4765625
1783735097,mem_mib,pod=workload-cloud-6f545f89ff-6rtr2,35.4765625
1783735107,mem_mib,pod=workload-cloud-6f545f89ff-6rtr2,35.6640625
1783735117,mem_mib,pod=workload-cloud-6f545f89ff-6rtr2,35.6640625
1783735127,mem_mib,pod=workload-cloud-6f545f89ff-6rtr2,36.38671875
1783735137,mem_mib,pod=workload-cloud-6f545f89ff-6rtr2,37.109375
1783735147,mem_mib,pod=workload-cloud-6f545f89ff-6rtr2,37.109375
1783735157,mem_mib,pod=workload-cloud-6f545f89ff-6rtr2,36.77734375
1783735167,mem_mib,pod=workload-cloud-6f545f89ff-6rtr2,36.7734375
1783735177,mem_mib,pod=workload-cloud-6f545f89ff-6rtr2,36.7734375
1783735187,mem_mib,pod=workload-cloud-6f545f89ff-6rtr2,36.78515625
1783735197,mem_mib,pod=workload-cloud-6f545f89ff-6rtr2,36.78515625
1783735207,mem_mib,pod=workload-cloud-6f545f89ff-6rtr2,36.84765625
1783735217,mem_mib,pod=workload-cloud-6f545f89ff-6rtr2,37.07421875
1783735227,mem_mib,pod=workload-cloud-6f545f89ff-6rtr2,37.07421875
1783735237,mem_mib,pod=workload-cloud-6f545f89ff-6rtr2,36.88671875
1783735247,mem_mib,pod=workload-cloud-6f545f89ff-6rtr2,37.13671875
1783735257,mem_mib,pod=workload-cloud-6f545f89ff-6rtr2,37.13671875
1783735267,mem_mib,pod=workload-cloud-6f545f89ff-6rtr2,37.21484375
1783735277,mem_mib,pod=workload-cloud-6f545f89ff-6rtr2,36.53125
1783735287,mem_mib,pod=workload-cloud-6f545f89ff-6rtr2,36.53125
1783735297,mem_mib,pod=workload-cloud-6f545f89ff-6rtr2,36.5234375
1783735307,mem_mib,pod=workload-cloud-6f545f89ff-6rtr2,36.765625
1783735317,mem_mib,pod=workload-cloud-6f545f89ff-6rtr2,36.765625
1783735327,mem_mib,pod=workload-cloud-6f545f89ff-6rtr2,36.5234375
1783735337,mem_mib,pod=workload-cloud-6f545f89ff-6rtr2,36.52734375
1783735347,mem_mib,pod=workload-cloud-6f545f89ff-6rtr2,36.52734375
1783735357,mem_mib,pod=workload-cloud-6f545f89ff-6rtr2,36.52734375
1783735367,mem_mib,pod=workload-cloud-6f545f89ff-6rtr2,36.78515625
1783735377,mem_mib,pod=workload-cloud-6f545f89ff-6rtr2,36.53125
1783735387,mem_mib,pod=workload-cloud-6f545f89ff-6rtr2,36.53125
1783735397,mem_mib,pod=workload-cloud-6f545f89ff-6rtr2,36.79296875
1783735407,mem_mib,pod=workload-cloud-6f545f89ff-6rtr2,37.0234375
1783735417,mem_mib,pod=workload-cloud-6f545f89ff-6rtr2,37.0234375
1783735427,mem_mib,pod=workload-cloud-6f545f89ff-6rtr2,36.54296875
1783735437,mem_mib,pod=workload-cloud-6f545f89ff-6rtr2,36.78125
1783735447,mem_mib,pod=workload-cloud-6f545f89ff-6rtr2,36.53515625
1783735457,mem_mib,pod=workload-cloud-6f545f89ff-6rtr2,36.53515625
1783735467,mem_mib,pod=workload-cloud-6f545f89ff-6rtr2,36.56640625
1783735477,mem_mib,pod=workload-cloud-6f545f89ff-6rtr2,36.56640625
1783735487,mem_mib,pod=workload-cloud-6f545f89ff-6rtr2,36.50390625
1783735497,mem_mib,pod=workload-cloud-6f545f89ff-6rtr2,36.50390625
1783735507,mem_mib,pod=workload-cloud-6f545f89ff-6rtr2,36.50390625
1783735517,mem_mib,pod=workload-cloud-6f545f89ff-6rtr2,36.5
1783735527,mem_mib,pod=workload-cloud-6f545f89ff-6rtr2,36.50390625
1783735537,mem_mib,pod=workload-cloud-6f545f89ff-6rtr2,36.50390625
1783735547,mem_mib,pod=workload-cloud-6f545f89ff-6rtr2,36.50390625
1783735557,mem_mib,pod=workload-cloud-6f545f89ff-6rtr2,36.50390625
1783734907,mem_mib,pod=workload-cloud-6f545f89ff-9hvzm,40.6328125
1783734917,mem_mib,pod=workload-cloud-6f545f89ff-9hvzm,40.6328125
1783734927,mem_mib,pod=workload-cloud-6f545f89ff-9hvzm,40.6328125
1783734937,mem_mib,pod=workload-cloud-6f545f89ff-9hvzm,40.69921875
1783734947,mem_mib,pod=workload-cloud-6f545f89ff-9hvzm,40.69921875
1783734957,mem_mib,pod=workload-cloud-6f545f89ff-9hvzm,40.76171875
1783734967,mem_mib,pod=workload-cloud-6f545f89ff-9hvzm,40.7421875
1783734977,mem_mib,pod=workload-cloud-6f545f89ff-9hvzm,40.7421875
1783734987,mem_mib,pod=workload-cloud-6f545f89ff-9hvzm,41.35546875
1783734997,mem_mib,pod=workload-cloud-6f545f89ff-9hvzm,41.20703125
1783735007,mem_mib,pod=workload-cloud-6f545f89ff-9hvzm,41.20703125
1783735017,mem_mib,pod=workload-cloud-6f545f89ff-9hvzm,41.50390625
1783735027,mem_mib,pod=workload-cloud-6f545f89ff-9hvzm,41.50390625
1783735037,mem_mib,pod=workload-cloud-6f545f89ff-9hvzm,41.01171875
1783735047,mem_mib,pod=workload-cloud-6f545f89ff-9hvzm,41.01171875
1783735057,mem_mib,pod=workload-cloud-6f545f89ff-9hvzm,42.25390625
1783735067,mem_mib,pod=workload-cloud-6f545f89ff-9hvzm,41.48828125
1783735077,mem_mib,pod=workload-cloud-6f545f89ff-9hvzm,41.34375
1783735087,mem_mib,pod=workload-cloud-6f545f89ff-9hvzm,41.421875
1783735097,mem_mib,pod=workload-cloud-6f545f89ff-9hvzm,41.28515625
1783735107,mem_mib,pod=workload-cloud-6f545f89ff-9hvzm,41.28515625
1783735117,mem_mib,pod=workload-cloud-6f545f89ff-9hvzm,42.9140625
1783735127,mem_mib,pod=workload-cloud-6f545f89ff-9hvzm,42.9140625
1783735137,mem_mib,pod=workload-cloud-6f545f89ff-9hvzm,42.0703125
1783735147,mem_mib,pod=workload-cloud-6f545f89ff-9hvzm,42.390625
1783735157,mem_mib,pod=workload-cloud-6f545f89ff-9hvzm,42.390625
1783735167,mem_mib,pod=workload-cloud-6f545f89ff-9hvzm,41.8515625
1783735177,mem_mib,pod=workload-cloud-6f545f89ff-9hvzm,42.41015625
1783735187,mem_mib,pod=workload-cloud-6f545f89ff-9hvzm,42.125
1783735197,mem_mib,pod=workload-cloud-6f545f89ff-9hvzm,42.125
1783735207,mem_mib,pod=workload-cloud-6f545f89ff-9hvzm,42.15625
1783735217,mem_mib,pod=workload-cloud-6f545f89ff-9hvzm,41.8828125
1783735227,mem_mib,pod=workload-cloud-6f545f89ff-9hvzm,41.875
1783735237,mem_mib,pod=workload-cloud-6f545f89ff-9hvzm,41.875
1783735247,mem_mib,pod=workload-cloud-6f545f89ff-9hvzm,41.87109375
1783735257,mem_mib,pod=workload-cloud-6f545f89ff-9hvzm,41.87109375
1783735267,mem_mib,pod=workload-cloud-6f545f89ff-9hvzm,41.50390625
1783735277,mem_mib,pod=workload-cloud-6f545f89ff-9hvzm,41.50390625
1783735287,mem_mib,pod=workload-cloud-6f545f89ff-9hvzm,42.19140625
1783735297,mem_mib,pod=workload-cloud-6f545f89ff-9hvzm,41.45703125
1783735307,mem_mib,pod=workload-cloud-6f545f89ff-9hvzm,41.45703125
1783735317,mem_mib,pod=workload-cloud-6f545f89ff-9hvzm,41.2109375
1783735327,mem_mib,pod=workload-cloud-6f545f89ff-9hvzm,41.2109375
1783735337,mem_mib,pod=workload-cloud-6f545f89ff-9hvzm,41.453125
1783735347,mem_mib,pod=workload-cloud-6f545f89ff-9hvzm,41.46484375
1783735357,mem_mib,pod=workload-cloud-6f545f89ff-9hvzm,41.46484375
1783735367,mem_mib,pod=workload-cloud-6f545f89ff-9hvzm,41.46484375
1783735377,mem_mib,pod=workload-cloud-6f545f89ff-9hvzm,41.17578125
1783735387,mem_mib,pod=workload-cloud-6f545f89ff-9hvzm,41.17578125
1783735397,mem_mib,pod=workload-cloud-6f545f89ff-9hvzm,41.69921875
1783735407,mem_mib,pod=workload-cloud-6f545f89ff-9hvzm,41.1953125
1783735417,mem_mib,pod=workload-cloud-6f545f89ff-9hvzm,41.4453125
1783735427,mem_mib,pod=workload-cloud-6f545f89ff-9hvzm,41.4453125
1783735437,mem_mib,pod=workload-cloud-6f545f89ff-9hvzm,41.15234375
1783735447,mem_mib,pod=workload-cloud-6f545f89ff-9hvzm,41.15234375
1783735457,mem_mib,pod=workload-cloud-6f545f89ff-9hvzm,41.66015625
1783735467,mem_mib,pod=workload-cloud-6f545f89ff-9hvzm,41.66015625
1783735477,mem_mib,pod=workload-cloud-6f545f89ff-9hvzm,41.640625
1783735487,mem_mib,pod=workload-cloud-6f545f89ff-9hvzm,40.7421875
1783735497,mem_mib,pod=workload-cloud-6f545f89ff-9hvzm,40.64453125
1783735507,mem_mib,pod=workload-cloud-6f545f89ff-9hvzm,40.640625
1783735517,mem_mib,pod=workload-cloud-6f545f89ff-9hvzm,40.640625
1783735527,mem_mib,pod=workload-cloud-6f545f89ff-9hvzm,40.640625
1783735537,mem_mib,pod=workload-cloud-6f545f89ff-9hvzm,40.640625
1783735547,mem_mib,pod=workload-cloud-6f545f89ff-9hvzm,40.64453125
1783735557,mem_mib,pod=workload-cloud-6f545f89ff-9hvzm,40.64453125
1783735077,mem_mib,pod=workload-cloud-6f545f89ff-m5w99,3.22265625
1783735087,mem_mib,pod=workload-cloud-6f545f89ff-m5w99,35.46875
1783735097,mem_mib,pod=workload-cloud-6f545f89ff-m5w99,35.5390625
1783735107,mem_mib,pod=workload-cloud-6f545f89ff-m5w99,36.0703125
1783735117,mem_mib,pod=workload-cloud-6f545f89ff-m5w99,36.953125
1783735127,mem_mib,pod=workload-cloud-6f545f89ff-m5w99,36.953125
1783735137,mem_mib,pod=workload-cloud-6f545f89ff-m5w99,37.16015625
1783735147,mem_mib,pod=workload-cloud-6f545f89ff-m5w99,37.16015625
1783735157,mem_mib,pod=workload-cloud-6f545f89ff-m5w99,37.46484375
1783735167,mem_mib,pod=workload-cloud-6f545f89ff-m5w99,37.46484375
1783735177,mem_mib,pod=workload-cloud-6f545f89ff-m5w99,37.73046875
1783735187,mem_mib,pod=workload-cloud-6f545f89ff-m5w99,37.7734375
1783735197,mem_mib,pod=workload-cloud-6f545f89ff-m5w99,37.7734375
1783735207,mem_mib,pod=workload-cloud-6f545f89ff-m5w99,37.2890625
1783735217,mem_mib,pod=workload-cloud-6f545f89ff-m5w99,37.2890625
1783735227,mem_mib,pod=workload-cloud-6f545f89ff-m5w99,37.39453125
1783735237,mem_mib,pod=workload-cloud-6f545f89ff-m5w99,37.4375
1783735247,mem_mib,pod=workload-cloud-6f545f89ff-m5w99,37.3046875
1783735257,mem_mib,pod=workload-cloud-6f545f89ff-m5w99,37.3046875
1783735267,mem_mib,pod=workload-cloud-6f545f89ff-m5w99,36.96484375
1783735277,mem_mib,pod=workload-cloud-6f545f89ff-m5w99,36.7578125
1783735287,mem_mib,pod=workload-cloud-6f545f89ff-m5w99,36.7578125
1783735297,mem_mib,pod=workload-cloud-6f545f89ff-m5w99,36.796875
1783735307,mem_mib,pod=workload-cloud-6f545f89ff-m5w99,36.76953125
1783735317,mem_mib,pod=workload-cloud-6f545f89ff-m5w99,36.76953125
1783735327,mem_mib,pod=workload-cloud-6f545f89ff-m5w99,37.015625
1783735337,mem_mib,pod=workload-cloud-6f545f89ff-m5w99,36.765625
1783735347,mem_mib,pod=workload-cloud-6f545f89ff-m5w99,36.765625
1783735357,mem_mib,pod=workload-cloud-6f545f89ff-m5w99,37.0234375
1783735367,mem_mib,pod=workload-cloud-6f545f89ff-m5w99,37.01171875
1783735377,mem_mib,pod=workload-cloud-6f545f89ff-m5w99,36.765625
1783735387,mem_mib,pod=workload-cloud-6f545f89ff-m5w99,36.765625
1783735397,mem_mib,pod=workload-cloud-6f545f89ff-m5w99,37.0390625
1783735407,mem_mib,pod=workload-cloud-6f545f89ff-m5w99,36.796875
1783735417,mem_mib,pod=workload-cloud-6f545f89ff-m5w99,36.796875
1783735427,mem_mib,pod=workload-cloud-6f545f89ff-m5w99,36.828125
1783735437,mem_mib,pod=workload-cloud-6f545f89ff-m5w99,36.828125
1783735447,mem_mib,pod=workload-cloud-6f545f89ff-m5w99,36.8046875
1783735457,mem_mib,pod=workload-cloud-6f545f89ff-m5w99,36.8046875
1783735467,mem_mib,pod=workload-cloud-6f545f89ff-m5w99,36.8046875
1783735477,mem_mib,pod=workload-cloud-6f545f89ff-m5w99,36.76953125
1783735487,mem_mib,pod=workload-cloud-6f545f89ff-m5w99,37.01953125
1783735497,mem_mib,pod=workload-cloud-6f545f89ff-m5w99,37.01953125
1783735507,mem_mib,pod=workload-cloud-6f545f89ff-m5w99,36.76953125
1783735517,mem_mib,pod=workload-cloud-6f545f89ff-m5w99,36.76953125
1783735527,mem_mib,pod=workload-cloud-6f545f89ff-m5w99,36.76953125
1783735537,mem_mib,pod=workload-cloud-6f545f89ff-m5w99,36.76953125
1783735547,mem_mib,pod=workload-cloud-6f545f89ff-m5w99,36.76953125
1783735557,mem_mib,pod=workload-cloud-6f545f89ff-m5w99,36.76953125
1783734907,mem_mib,pod=workload-edge-7b875fd8c6-pxwvc,35.984375
1783734917,mem_mib,pod=workload-edge-7b875fd8c6-pxwvc,35.984375
1783734927,mem_mib,pod=workload-edge-7b875fd8c6-pxwvc,35.984375
1783734937,mem_mib,pod=workload-edge-7b875fd8c6-pxwvc,35.984375
1783734947,mem_mib,pod=workload-edge-7b875fd8c6-pxwvc,35.984375
1783734957,mem_mib,pod=workload-edge-7b875fd8c6-pxwvc,35.984375
1783734967,mem_mib,pod=workload-edge-7b875fd8c6-pxwvc,35.984375
1783734977,mem_mib,pod=workload-edge-7b875fd8c6-pxwvc,35.984375
1783734987,mem_mib,pod=workload-edge-7b875fd8c6-pxwvc,35.984375
1783734997,mem_mib,pod=workload-edge-7b875fd8c6-pxwvc,36.23046875
1783735007,mem_mib,pod=workload-edge-7b875fd8c6-pxwvc,35.984375
1783735017,mem_mib,pod=workload-edge-7b875fd8c6-pxwvc,35.984375
1783735027,mem_mib,pod=workload-edge-7b875fd8c6-pxwvc,35.984375
1783735037,mem_mib,pod=workload-edge-7b875fd8c6-pxwvc,35.984375
1783735047,mem_mib,pod=workload-edge-7b875fd8c6-pxwvc,35.984375
1783735057,mem_mib,pod=workload-edge-7b875fd8c6-pxwvc,35.984375
1783735067,mem_mib,pod=workload-edge-7b875fd8c6-pxwvc,35.984375
1783735077,mem_mib,pod=workload-edge-7b875fd8c6-pxwvc,35.984375
1783735087,mem_mib,pod=workload-edge-7b875fd8c6-pxwvc,35.984375
1783735097,mem_mib,pod=workload-edge-7b875fd8c6-pxwvc,35.984375
1783735107,mem_mib,pod=workload-edge-7b875fd8c6-pxwvc,35.984375
1783735117,mem_mib,pod=workload-edge-7b875fd8c6-pxwvc,35.984375
1783735127,mem_mib,pod=workload-edge-7b875fd8c6-pxwvc,35.984375
1783735137,mem_mib,pod=workload-edge-7b875fd8c6-pxwvc,35.984375
1783735147,mem_mib,pod=workload-edge-7b875fd8c6-pxwvc,35.984375
1783735157,mem_mib,pod=workload-edge-7b875fd8c6-pxwvc,35.984375
1783735167,mem_mib,pod=workload-edge-7b875fd8c6-pxwvc,35.984375
1783735177,mem_mib,pod=workload-edge-7b875fd8c6-pxwvc,35.984375
1783735187,mem_mib,pod=workload-edge-7b875fd8c6-pxwvc,35.984375
1783735197,mem_mib,pod=workload-edge-7b875fd8c6-pxwvc,35.984375
1783735207,mem_mib,pod=workload-edge-7b875fd8c6-pxwvc,35.984375
1783735217,mem_mib,pod=workload-edge-7b875fd8c6-pxwvc,35.984375
1783735227,mem_mib,pod=workload-edge-7b875fd8c6-pxwvc,35.984375
1783735237,mem_mib,pod=workload-edge-7b875fd8c6-pxwvc,35.984375
1783735247,mem_mib,pod=workload-edge-7b875fd8c6-pxwvc,35.984375
1783735257,mem_mib,pod=workload-edge-7b875fd8c6-pxwvc,35.984375
1783735267,mem_mib,pod=workload-edge-7b875fd8c6-pxwvc,35.984375
1783735277,mem_mib,pod=workload-edge-7b875fd8c6-pxwvc,35.984375
1783735287,mem_mib,pod=workload-edge-7b875fd8c6-pxwvc,35.984375
1783735297,mem_mib,pod=workload-edge-7b875fd8c6-pxwvc,35.984375
1783735307,mem_mib,pod=workload-edge-7b875fd8c6-pxwvc,35.984375
1783735317,mem_mib,pod=workload-edge-7b875fd8c6-pxwvc,35.98046875
1783735327,mem_mib,pod=workload-edge-7b875fd8c6-pxwvc,35.984375
1783735337,mem_mib,pod=workload-edge-7b875fd8c6-pxwvc,35.984375
1783735347,mem_mib,pod=workload-edge-7b875fd8c6-pxwvc,35.984375
1783735357,mem_mib,pod=workload-edge-7b875fd8c6-pxwvc,35.984375
1783735367,mem_mib,pod=workload-edge-7b875fd8c6-pxwvc,35.984375
1783735377,mem_mib,pod=workload-edge-7b875fd8c6-pxwvc,35.984375
1783735387,mem_mib,pod=workload-edge-7b875fd8c6-pxwvc,35.984375
1783735397,mem_mib,pod=workload-edge-7b875fd8c6-pxwvc,35.984375
1783735407,mem_mib,pod=workload-edge-7b875fd8c6-pxwvc,35.984375
1783735417,mem_mib,pod=workload-edge-7b875fd8c6-pxwvc,35.984375
1783735427,mem_mib,pod=workload-edge-7b875fd8c6-pxwvc,35.984375
1783735437,mem_mib,pod=workload-edge-7b875fd8c6-pxwvc,35.984375
1783735447,mem_mib,pod=workload-edge-7b875fd8c6-pxwvc,35.984375
1783735457,mem_mib,pod=workload-edge-7b875fd8c6-pxwvc,35.984375
1783735467,mem_mib,pod=workload-edge-7b875fd8c6-pxwvc,35.984375
1783735477,mem_mib,pod=workload-edge-7b875fd8c6-pxwvc,35.984375
1783735487,mem_mib,pod=workload-edge-7b875fd8c6-pxwvc,35.984375
1783735497,mem_mib,pod=workload-edge-7b875fd8c6-pxwvc,35.984375
1783735507,mem_mib,pod=workload-edge-7b875fd8c6-pxwvc,35.984375
1783735517,mem_mib,pod=workload-edge-7b875fd8c6-pxwvc,35.984375
1783735527,mem_mib,pod=workload-edge-7b875fd8c6-pxwvc,35.984375
1783735537,mem_mib,pod=workload-edge-7b875fd8c6-pxwvc,35.984375
1783735547,mem_mib,pod=workload-edge-7b875fd8c6-pxwvc,35.984375
1783735557,mem_mib,pod=workload-edge-7b875fd8c6-pxwvc,35.984375
1783734907,rps,tier=cloud,0.0
1783734917,rps,tier=cloud,1.600118808952683
1783734927,rps,tier=cloud,7.200288011520461
1783734937,rps,tier=cloud,16.84101046062764
1783734947,rps,tier=cloud,30.481496876532063
1783734957,rps,tier=cloud,47.961404845921635
1783734967,rps,tier=cloud,68.16272650906036
1783734977,rps,tier=cloud,87.68435022458002
1783734987,rps,tier=cloud,106.92213844276887
1783734997,rps,tier=cloud,126.84767651526926
1783735007,rps,tier=cloud,145.64731478192465
1783735017,rps,tier=cloud,160.62642505700228
1783735027,rps,tier=cloud,183.00418251444907
1783735037,rps,tier=cloud,201.0089911147911
1783735047,rps,tier=cloud,220.7933304131582
1783735057,rps,tier=cloud,234.2944484251792
1783735067,rps,tier=cloud,261.27969576975414
1783735077,rps,tier=cloud,277.0011326583422
1783735087,rps,tier=cloud,301.17346418398364
1783735097,rps,tier=cloud,324.2917921647317
1783735107,rps,tier=cloud,416.3243271075859
1783735117,rps,tier=cloud,592.9138468462199
1783735127,rps,tier=cloud,852.8340610556991
1783735137,rps,tier=cloud,1118.5576656129208
1783735147,rps,tier=cloud,1373.086989607647
1783735157,rps,tier=cloud,1573.270524049779
1783735167,rps,tier=cloud,1677.4569816053802
1783735177,rps,tier=cloud,1700.839784315018
1783735187,rps,tier=cloud,1707.280819808429
1783735197,rps,tier=cloud,1713.5774064735265
1783735207,rps,tier=cloud,1706.9370638634066
1783735217,rps,tier=cloud,1707.2031702197344
1783735227,rps,tier=cloud,1705.4791742701445
1783735237,rps,tier=cloud,1699.0620532949706
1783735247,rps,tier=cloud,1690.2700245458066
1783735257,rps,tier=cloud,1624.856672452797
1783735267,rps,tier=cloud,1471.568651179517
1783735277,rps,tier=cloud,1235.1562232930933
1783735287,rps,tier=cloud,968.16033448514
1783735297,rps,tier=cloud,708.2002796712098
1783735307,rps,tier=cloud,509.4456441889531
1783735317,rps,tier=cloud,394.9133789420071
1783735327,rps,tier=cloud,365.77942509588763
1783735337,rps,tier=cloud,364.45784370967215
1783735347,rps,tier=cloud,364.2895938842014
1783735357,rps,tier=cloud,364.8836256329014
1783735367,rps,tier=cloud,365.2407576452064
1783735377,rps,tier=cloud,365.134601414571
1783735387,rps,tier=cloud,366.58026956242793
1783735397,rps,tier=cloud,366.4608288033744
1783735407,rps,tier=cloud,366.45117882355436
1783735417,rps,tier=cloud,366.97701645142894
1783735427,rps,tier=cloud,367.1589234111597
1783735437,rps,tier=cloud,366.8344802058746
1783735447,rps,tier=cloud,366.8192978646534
1783735457,rps,tier=cloud,364.4418665119908
1783735467,rps,tier=cloud,347.57173725603576
1783735477,rps,tier=cloud,302.8989972718168
1783735487,rps,tier=cloud,235.01076291701824
1783735497,rps,tier=cloud,162.5453546028246
1783735507,rps,tier=cloud,92.02536872074741
1783735517,rps,tier=cloud,35.9424561713402
1783735527,rps,tier=cloud,6.080121602432049
1783735537,rps,tier=cloud,0.0
1783735547,rps,tier=cloud,0.0
1783735557,rps,tier=cloud,0.0
1783734917,lat50_ms,tier=cloud,1.606060608147711
1783734927,lat50_ms,tier=cloud,1.882353440567638
1783734937,lat50_ms,tier=cloud,2.63905325443787
1783734947,lat50_ms,tier=cloud,2.5329411764705885
1783734957,lat50_ms,tier=cloud,2.76502791384607
1783734967,lat50_ms,tier=cloud,2.5440806878138384
1783734977,lat50_ms,tier=cloud,2.949069539666994
1783734987,lat50_ms,tier=cloud,3.218672199170124
1783734997,lat50_ms,tier=cloud,3.2627999543145774
1783735007,lat50_ms,tier=cloud,3.578856152512998
1783735017,lat50_ms,tier=cloud,3.89201815269621
1783735027,lat50_ms,tier=cloud,3.8539640210607544
1783735037,lat50_ms,tier=cloud,4.00568779668551
1783735047,lat50_ms,tier=cloud,3.9477114401247584
1783735057,lat50_ms,tier=cloud,4.181936189501697
1783735067,lat50_ms,tier=cloud,4.005218004491811
1783735077,lat50_ms,tier=cloud,4.245228029520448
1783735087,lat50_ms,tier=cloud,4.0375950438830595
1783735097,lat50_ms,tier=cloud,3.965906577138356
1783735107,lat50_ms,tier=cloud,4.03403354767434
1783735117,lat50_ms,tier=cloud,4.157332406827958
1783735127,lat50_ms,tier=cloud,4.863694259424574
1783735137,lat50_ms,tier=cloud,6.648699396987338
1783735147,lat50_ms,tier=cloud,8.05751361698523
1783735157,lat50_ms,tier=cloud,8.80539971906124
1783735167,lat50_ms,tier=cloud,9.590930094395622
1783735177,lat50_ms,tier=cloud,10.07268482187293
1783735187,lat50_ms,tier=cloud,10.424185568248978
1783735197,lat50_ms,tier=cloud,11.053456279385662
1783735207,lat50_ms,tier=cloud,11.54769108612068
1783735217,lat50_ms,tier=cloud,12.021816735723451
1783735227,lat50_ms,tier=cloud,12.445794719891312
1783735237,lat50_ms,tier=cloud,12.68252344552435
1783735247,lat50_ms,tier=cloud,12.606753792100106
1783735257,lat50_ms,tier=cloud,12.352435164650982
1783735267,lat50_ms,tier=cloud,12.112193118010886
1783735277,lat50_ms,tier=cloud,11.624892764554726
1783735287,lat50_ms,tier=cloud,11.426009009100454
1783735297,lat50_ms,tier=cloud,11.279601367520662
1783735307,lat50_ms,tier=cloud,10.920332995524468
1783735317,lat50_ms,tier=cloud,10.305948320366173
1783735327,lat50_ms,tier=cloud,9.407638533381238
1783735337,lat50_ms,tier=cloud,8.60107585910121
1783735347,lat50_ms,tier=cloud,7.187768332101025
1783735357,lat50_ms,tier=cloud,5.104766207221087
1783735367,lat50_ms,tier=cloud,4.494583004572227
1783735377,lat50_ms,tier=cloud,4.219821827777642
1783735387,lat50_ms,tier=cloud,4.304348780243312
1783735397,lat50_ms,tier=cloud,4.399955655567721
1783735407,lat50_ms,tier=cloud,4.415083474910473
1783735417,lat50_ms,tier=cloud,4.407442847897386
1783735427,lat50_ms,tier=cloud,4.37469028698792
1783735437,lat50_ms,tier=cloud,4.472767484127588
1783735447,lat50_ms,tier=cloud,4.49389863192745
1783735457,lat50_ms,tier=cloud,4.502147870142115
1783735467,lat50_ms,tier=cloud,4.529686694834902
1783735477,lat50_ms,tier=cloud,4.459953656456913
1783735487,lat50_ms,tier=cloud,4.503167641860117
1783735497,lat50_ms,tier=cloud,4.552504696878928
1783735507,lat50_ms,tier=cloud,4.519721724850967
1783735517,lat50_ms,tier=cloud,4.499488074110755
1783735527,lat50_ms,tier=cloud,4.472025773061102
1783735537,lat50_ms,tier=cloud,4.503637943766992
1783735547,lat50_ms,tier=cloud,4.545083854254967
1783735557,lat50_ms,tier=cloud,4.397975148818416
1783734917,lat95_ms,tier=cloud,4.142857156772593
1783734927,lat95_ms,tier=cloud,4.653846410042353
1783734937,lat95_ms,tier=cloud,4.8810650887573965
1783734947,lat95_ms,tier=cloud,4.953411764705883
1783734957,lat95_ms,tier=cloud,8.444591488835915
1783734967,lat95_ms,tier=cloud,8.04977327126798
1783734977,lat95_ms,tier=cloud,9.549261083743845
1783734987,lat95_ms,tier=cloud,11.421348314606737
1783734997,lat95_ms,tier=cloud,10.19395709679675
1783735007,lat95_ms,tier=cloud,13.806451612903224
1783735017,lat95_ms,tier=cloud,15.900000000000004
1783735027,lat95_ms,tier=cloud,15.648914970901092
1783735037,lat95_ms,tier=cloud,16.361620387395
1783735047,lat95_ms,tier=cloud,16.783886551186733
1783735057,lat95_ms,tier=cloud,17.295527028712304
1783735067,lat95_ms,tier=cloud,17.34101282096659
1783735077,lat95_ms,tier=cloud,17.652461952976477
1783735087,lat95_ms,tier=cloud,17.413935151121066
1783735097,lat95_ms,tier=cloud,17.719640235203936
1783735107,lat95_ms,tier=cloud,18.78486310596946
1783735117,lat95_ms,tier=cloud,27.97244131048626
1783735127,lat95_ms,tier=cloud,36.669344812598
1783735137,lat95_ms,tier=cloud,39.82118622073899
1783735147,lat95_ms,tier=cloud,41.94872085642712
1783735157,lat95_ms,tier=cloud,42.32549264935638
1783735167,lat95_ms,tier=cloud,42.96249400882565
1783735177,lat95_ms,tier=cloud,43.438112366955885
1783735187,lat95_ms,tier=cloud,43.396130705449416
1783735197,lat95_ms,tier=cloud,43.61560331819207
1783735207,lat95_ms,tier=cloud,43.9318365193115
1783735217,lat95_ms,tier=cloud,44.08228784769617
1783735227,lat95_ms,tier=cloud,44.24320925203588
1783735237,lat95_ms,tier=cloud,44.31112884424153
1783735247,lat95_ms,tier=cloud,44.32454029897654
1783735257,lat95_ms,tier=cloud,44.14760080675018
1783735267,lat95_ms,tier=cloud,44.07662714212502
1783735277,lat95_ms,tier=cloud,43.83251356823302
1783735287,lat95_ms,tier=cloud,43.55142191475814
1783735297,lat95_ms,tier=cloud,43.605366539914826
1783735307,lat95_ms,tier=cloud,43.36555027311017
1783735317,lat95_ms,tier=cloud,42.728882930546234
1783735327,lat95_ms,tier=cloud,42.16172387268208
1783735337,lat95_ms,tier=cloud,40.91253056393141
1783735347,lat95_ms,tier=cloud,38.853566296962875
1783735357,lat95_ms,tier=cloud,33.68571807207822
1783735367,lat95_ms,tier=cloud,19.756360746019435
1783735377,lat95_ms,tier=cloud,19.028335466629958
1783735387,lat95_ms,tier=cloud,18.944930190243618
1783735397,lat95_ms,tier=cloud,18.956493486376907
1783735407,lat95_ms,tier=cloud,18.94567652023483
1783735417,lat95_ms,tier=cloud,18.928201885178048
1783735427,lat95_ms,tier=cloud,18.75175988589987
1783735437,lat95_ms,tier=cloud,18.739040607951598
1783735447,lat95_ms,tier=cloud,18.73273051919455
1783735457,lat95_ms,tier=cloud,18.77150887440407
1783735467,lat95_ms,tier=cloud,18.69626509753755
1783735477,lat95_ms,tier=cloud,18.505636966445493
1783735487,lat95_ms,tier=cloud,18.537571993901707
1783735497,lat95_ms,tier=cloud,18.632293732677677
1783735507,lat95_ms,tier=cloud,18.549266949105732
1783735517,lat95_ms,tier=cloud,18.439687064907606
1783735527,lat95_ms,tier=cloud,18.22440024470427
1783735537,lat95_ms,tier=cloud,18.5139408573495
1783735547,lat95_ms,tier=cloud,18.721465949184516
1783735557,lat95_ms,tier=cloud,18.386607578279445
1783734917,lat99_ms,tier=cloud,4.8285714313545185
1783734927,lat99_ms,tier=cloud,4.930769282008471
1783734937,lat99_ms,tier=cloud,8.086363636363648
1783734947,lat99_ms,tier=cloud,8.790476190476191
1783734957,lat99_ms,tier=cloud,9.710026484781677
1783734967,lat99_ms,tier=cloud,9.628054201392626
1783734977,lat99_ms,tier=cloud,17.10731707317073
1783734987,lat99_ms,tier=cloud,18.374157303370772
1783734997,lat99_ms,tier=cloud,18.11939591921607
1783735007,lat99_ms,tier=cloud,18.802580645161292
1783735017,lat99_ms,tier=cloud,19.202939068100367
1783735027,lat99_ms,tier=cloud,19.15001055423079
1783735037,lat99_ms,tier=cloud,19.287002976561567
1783735047,lat99_ms,tier=cloud,19.396992763549733
1783735057,lat99_ms,tier=cloud,19.521293079257177
1783735067,lat99_ms,tier=cloud,19.522532669987694
1783735077,lat99_ms,tier=cloud,19.593970024621758
1783735087,lat99_ms,tier=cloud,19.546632918051465
1783735097,lat99_ms,tier=cloud,19.772961949678017
1783735107,lat99_ms,tier=cloud,38.14469893600186
1783735117,lat99_ms,tier=cloud,45.59448826209723
1783735127,lat99_ms,tier=cloud,47.341067810671284
1783735137,lat99_ms,tier=cloud,48.00860265221273
1783735147,lat99_ms,tier=cloud,48.53621175975992
1783735157,lat99_ms,tier=cloud,48.665644191743226
1783735167,lat99_ms,tier=cloud,48.76401868588007
1783735177,lat99_ms,tier=cloud,48.86783558753634
1783735187,lat99_ms,tier=cloud,48.842548300787506
1783735197,lat99_ms,tier=cloud,48.871207241825815
1783735207,lat99_ms,tier=cloud,48.929897625145145
1783735217,lat99_ms,tier=cloud,48.95330058440606
1783735227,lat99_ms,tier=cloud,48.97990089511238
1783735237,lat99_ms,tier=cloud,49.0034672201794
1783735247,lat99_ms,tier=cloud,49.00098439545609
1783735257,lat99_ms,tier=cloud,48.93211987363794
1783735267,lat99_ms,tier=cloud,48.888629568412114
1783735277,lat99_ms,tier=cloud,48.84220457914176
1783735287,lat99_ms,tier=cloud,48.76563153199211
1783735297,lat99_ms,tier=cloud,48.78152692737508
1783735307,lat99_ms,tier=cloud,48.737462381314465
1783735317,lat99_ms,tier=cloud,48.60006313016719
1783735327,lat99_ms,tier=cloud,48.487094852712865
1783735337,lat99_ms,tier=cloud,48.24913385956153
1783735347,lat99_ms,tier=cloud,47.80127669072439
1783735357,lat99_ms,tier=cloud,46.75540154856857
1783735367,lat99_ms,tier=cloud,43.022289406907774
1783735377,lat99_ms,tier=cloud,35.75975405272079
1783735387,lat99_ms,tier=cloud,33.1321915350346
1783735397,lat99_ms,tier=cloud,32.27620428345015
1783735407,lat99_ms,tier=cloud,31.818508718405663
1783735417,lat99_ms,tier=cloud,32.76633084453472
1783735427,lat99_ms,tier=cloud,30.973553895389276
1783735437,lat99_ms,tier=cloud,30.336121007334988
1783735447,lat99_ms,tier=cloud,30.28123907312214
1783735457,lat99_ms,tier=cloud,31.16188383404586
1783735467,lat99_ms,tier=cloud,30.026873740816146
1783735477,lat99_ms,tier=cloud,26.738236078764018
1783735487,lat99_ms,tier=cloud,26.898586760577924
1783735497,lat99_ms,tier=cloud,29.103399238414543
1783735507,lat99_ms,tier=cloud,29.32266171165585
1783735517,lat99_ms,tier=cloud,28.671019090008166
1783735527,lat99_ms,tier=cloud,20.347912950334237
1783735537,lat99_ms,tier=cloud,25.08390523581014
1783735547,lat99_ms,tier=cloud,29.62425003723748
1783735557,lat99_ms,tier=cloud,26.55673123048765
1783734907,inflight,tier=cloud,0.0
1783734917,inflight,tier=cloud,0.0
1783734927,inflight,tier=cloud,0.0
1783734937,inflight,tier=cloud,0.0
1783734947,inflight,tier=cloud,0.0
1783734957,inflight,tier=cloud,0.0
1783734967,inflight,tier=cloud,0.0
1783734977,inflight,tier=cloud,0.0
1783734987,inflight,tier=cloud,0.0
1783734997,inflight,tier=cloud,0.0
1783735007,inflight,tier=cloud,0.0
1783735017,inflight,tier=cloud,0.0
1783735027,inflight,tier=cloud,0.0
1783735037,inflight,tier=cloud,0.0
1783735047,inflight,tier=cloud,0.0
1783735057,inflight,tier=cloud,6.0
1783735067,inflight,tier=cloud,0.0
1783735077,inflight,tier=cloud,0.0
1783735087,inflight,tier=cloud,2.0
1783735097,inflight,tier=cloud,0.0
1783735107,inflight,tier=cloud,0.0
1783735117,inflight,tier=cloud,3.0
1783735127,inflight,tier=cloud,11.0
1783735137,inflight,tier=cloud,8.0
1783735147,inflight,tier=cloud,0.0
1783735157,inflight,tier=cloud,14.0
1783735167,inflight,tier=cloud,7.0
1783735177,inflight,tier=cloud,0.0
1783735187,inflight,tier=cloud,3.0
1783735197,inflight,tier=cloud,12.0
1783735207,inflight,tier=cloud,1.0
1783735217,inflight,tier=cloud,5.0
1783735227,inflight,tier=cloud,2.0
1783735237,inflight,tier=cloud,4.0
1783735247,inflight,tier=cloud,0.0
1783735257,inflight,tier=cloud,4.0
1783735267,inflight,tier=cloud,0.0
1783735277,inflight,tier=cloud,0.0
1783735287,inflight,tier=cloud,0.0
1783735297,inflight,tier=cloud,0.0
1783735307,inflight,tier=cloud,0.0
1783735317,inflight,tier=cloud,0.0
1783735327,inflight,tier=cloud,0.0
1783735337,inflight,tier=cloud,0.0
1783735347,inflight,tier=cloud,0.0
1783735357,inflight,tier=cloud,0.0
1783735367,inflight,tier=cloud,0.0
1783735377,inflight,tier=cloud,0.0
1783735387,inflight,tier=cloud,0.0
1783735397,inflight,tier=cloud,0.0
1783735407,inflight,tier=cloud,0.0
1783735417,inflight,tier=cloud,0.0
1783735427,inflight,tier=cloud,0.0
1783735437,inflight,tier=cloud,0.0
1783735447,inflight,tier=cloud,0.0
1783735457,inflight,tier=cloud,0.0
1783735467,inflight,tier=cloud,0.0
1783735477,inflight,tier=cloud,0.0
1783735487,inflight,tier=cloud,0.0
1783735497,inflight,tier=cloud,0.0
1783735507,inflight,tier=cloud,0.0
1783735517,inflight,tier=cloud,0.0
1783735527,inflight,tier=cloud,0.0
1783735537,inflight,tier=cloud,0.0
1783735547,inflight,tier=cloud,0.0
1783735557,inflight,tier=cloud,0.0
1783734907,inflight,tier=edge,0.0
1783734917,inflight,tier=edge,0.0
1783734927,inflight,tier=edge,0.0
1783734937,inflight,tier=edge,0.0
1783734947,inflight,tier=edge,0.0
1783734957,inflight,tier=edge,0.0
1783734967,inflight,tier=edge,0.0
1783734977,inflight,tier=edge,0.0
1783734987,inflight,tier=edge,0.0
1783734997,inflight,tier=edge,0.0
1783735007,inflight,tier=edge,0.0
1783735017,inflight,tier=edge,0.0
1783735027,inflight,tier=edge,0.0
1783735037,inflight,tier=edge,0.0
1783735047,inflight,tier=edge,0.0
1783735057,inflight,tier=edge,0.0
1783735067,inflight,tier=edge,0.0
1783735077,inflight,tier=edge,0.0
1783735087,inflight,tier=edge,0.0
1783735097,inflight,tier=edge,0.0
1783735107,inflight,tier=edge,0.0
1783735117,inflight,tier=edge,0.0
1783735127,inflight,tier=edge,0.0
1783735137,inflight,tier=edge,0.0
1783735147,inflight,tier=edge,0.0
1783735157,inflight,tier=edge,0.0
1783735167,inflight,tier=edge,0.0
1783735177,inflight,tier=edge,0.0
1783735187,inflight,tier=edge,0.0
1783735197,inflight,tier=edge,0.0
1783735207,inflight,tier=edge,0.0
1783735217,inflight,tier=edge,0.0
1783735227,inflight,tier=edge,0.0
1783735237,inflight,tier=edge,0.0
1783735247,inflight,tier=edge,0.0
1783735257,inflight,tier=edge,0.0
1783735267,inflight,tier=edge,0.0
1783735277,inflight,tier=edge,0.0
1783735287,inflight,tier=edge,0.0
1783735297,inflight,tier=edge,0.0
1783735307,inflight,tier=edge,0.0
1783735317,inflight,tier=edge,0.0
1783735327,inflight,tier=edge,0.0
1783735337,inflight,tier=edge,0.0
1783735347,inflight,tier=edge,0.0
1783735357,inflight,tier=edge,0.0
1783735367,inflight,tier=edge,0.0
1783735377,inflight,tier=edge,0.0
1783735387,inflight,tier=edge,0.0
1783735397,inflight,tier=edge,0.0
1783735407,inflight,tier=edge,0.0
1783735417,inflight,tier=edge,0.0
1783735427,inflight,tier=edge,0.0
1783735437,inflight,tier=edge,0.0
1783735447,inflight,tier=edge,0.0
1783735457,inflight,tier=edge,0.0
1783735467,inflight,tier=edge,0.0
1783735477,inflight,tier=edge,0.0
1783735487,inflight,tier=edge,0.0
1783735497,inflight,tier=edge,0.0
1783735507,inflight,tier=edge,0.0
1783735517,inflight,tier=edge,0.0
1783735527,inflight,tier=edge,0.0
1783735537,inflight,tier=edge,0.0
1783735547,inflight,tier=edge,0.0
1783735557,inflight,tier=edge,0.0
