ts,metric,labels,value
1783672175,replicas_status,deployment=workload-cloud,1.0
1783672185,replicas_status,deployment=workload-cloud,1.0
1783672195,replicas_status,deployment=workload-cloud,1.0
1783672205,replicas_status,deployment=workload-cloud,1.0
1783672215,replicas_status,deployment=workload-cloud,1.0
1783672225,replicas_status,deployment=workload-cloud,1.0
1783672235,replicas_status,deployment=workload-cloud,1.0
1783672245,replicas_status,deployment=workload-cloud,1.0
1783672255,replicas_status,deployment=workload-cloud,1.0
1783672265,replicas_status,deployment=workload-cloud,1.0
1783672275,replicas_status,deployment=workload-cloud,2.0
1783672285,replicas_status,deployment=workload-cloud,2.0
1783672295,replicas_status,deployment=workload-cloud,2.0
1783672305,replicas_status,deployment=workload-cloud,2.0
1783672315,replicas_status,deployment=workload-cloud,2.0
1783672325,replicas_status,deployment=workload-cloud,2.0
1783672335,replicas_status,deployment=workload-cloud,3.0
1783672345,replicas_status,deployment=workload-cloud,3.0
1783672355,replicas_status,deployment=workload-cloud,3.0
1783672365,replicas_status,deployment=workload-cloud,3.0
1783672375,replicas_status,deployment=workload-cloud,3.0
1783672385,replicas_status,deployment=workload-cloud,4.0
1783672395,replicas_status,deployment=workload-cloud,4.0
1783672405,replicas_status,deployment=workload-cloud,4.0
1783672415,replicas_status,deployment=workload-cloud,4.0
1783672425,replicas_status,deployment=workload-cloud,6.0
1783672435,replicas_status,deployment=workload-cloud,6.0
1783672445,replicas_status,deployment=workload-cloud,6.0
1783672455,replicas_status,deployment=workload-cloud,6.0
1783672465,replicas_status,deployment=workload-cloud,6.0
1783672475,replicas_status,deployment=workload-cloud,6.0
1783672485,replicas_status,deployment=workload-cloud,6.0
1783672495,replicas_status,deployment=workload-cloud,6.0
1783672505,replicas_status,deployment=workload-cloud,6.0
1783672515,replicas_status,deployment=workload-cloud,6.0
1783672525,replicas_status,deployment=workload-cloud,6.0
1783672535,replicas_status,deployment=workload-cloud,6.0
1783672545,replicas_status,deployment=workload-cloud,6.0
1783672555,replicas_status,deployment=workload-cloud,6.0
1783672565,replicas_status,deployment=workload-cloud,6.0
1783672575,replicas_status,deployment=workload-cloud,6.0
1783672585,replicas_status,deployment=workload-cloud,6.0
1783672595,replicas_status,deployment=workload-cloud,6.0
1783672605,replicas_status,deployment=workload-cloud,6.0
1783672615,replicas_status,deployment=workload-cloud,6.0
1783672625,replicas_status,deployment=workload-cloud,6.0
1783672635,replicas_status,deployment=workload-cloud,6.0
1783672645,replicas_status,deployment=workload-cloud,6.0
1783672655,replicas_status,deployment=workload-cloud,6.0
1783672665,replicas_status,deployment=workload-cloud,6.0
1783672675,replicas_status,deployment=workload-cloud,6.0
1783672685,replicas_status,deployment=workload-cloud,6.0
1783672695,replicas_status,deployment=workload-cloud,6.0
1783672705,replicas_status,deployment=workload-cloud,6.0
1783672715,replicas_status,deployment=workload-cloud,6.0
1783672725,replicas_status,deployment=workload-cloud,6.0
1783672735,replicas_status,deployment=workload-cloud,6.0
1783672745,replicas_status,deployment=workload-cloud,6.0
1783672755,replicas_status,deployment=workload-cloud,6.0
1783672765,replicas_status,deployment=workload-cloud,6.0
1783672775,replicas_status,deployment=workload-cloud,6.0
1783672785,replicas_status,deployment=workload-cloud,6.0
1783672795,replicas_status,deployment=workload-cloud,6.0
1783672805,replicas_status,deployment=workload-cloud,6.0
1783672175,replicas_status,deployment=workload-edge,1.0
1783672185,replicas_status,deployment=workload-edge,1.0
1783672195,replicas_status,deployment=workload-edge,1.0
1783672205,replicas_status,deployment=workload-edge,1.0
1783672215,replicas_status,deployment=workload-edge,1.0
1783672225,replicas_status,deployment=workload-edge,1.0
1783672235,replicas_status,deployment=workload-edge,1.0
1783672245,replicas_status,deployment=workload-edge,1.0
1783672255,replicas_status,deployment=workload-edge,1.0
1783672265,replicas_status,deployment=workload-edge,1.0
1783672275,replicas_status,deployment=workload-edge,1.0
1783672285,replicas_status,deployment=workload-edge,1.0
1783672295,replicas_status,deployment=workload-edge,1.0
1783672305,replicas_status,deployment=workload-edge,1.0
1783672315,replicas_status,deployment=workload-edge,1.0
1783672325,replicas_status,deployment=workload-edge,1.0
1783672335,replicas_status,deployment=workload-edge,1.0
1783672345,replicas_status,deployment=workload-edge,1.0
1783672355,replicas_status,deployment=workload-edge,1.0
1783672365,replicas_status,deployment=workload-edge,1.0
1783672375,replicas_status,deployment=workload-edge,1.0
1783672385,replicas_status,deployment=workload-edge,1.0
1783672395,replicas_status,deployment=workload-edge,1.0
1783672405,replicas_status,deployment=workload-edge,1.0
1783672415,replicas_status,deployment=workload-edge,1.0
1783672425,replicas_status,deployment=workload-edge,1.0
1783672435,replicas_status,deployment=workload-edge,1.0
1783672445,replicas_status,deployment=workload-edge,1.0
1783672455,replicas_status,deployment=workload-edge,1.0
1783672465,replicas_status,deployment=workload-edge,1.0
1783672475,replicas_status,deployment=workload-edge,1.0
1783672485,replicas_status,deployment=workload-edge,1.0
1783672495,replicas_status,deployment=workload-edge,1.0
1783672505,replicas_status,deployment=workload-edge,1.0
1783672515,replicas_status,deployment=workload-edge,1.0
1783672525,replicas_status,deployment=workload-edge,1.0
1783672535,replicas_status,deployment=workload-edge,1.0
1783672545,replicas_status,deployment=workload-edge,1.0
1783672555,replicas_status,deployment=workload-edge,1.0
1783672565,replicas_status,deployment=workload-edge,1.0
1783672575,replicas_status,deployment=workload-edge,1.0
1783672585,replicas_status,deployment=workload-edge,1.0
1783672595,replicas_status,deployment=workload-edge,1.0
1783672605,replicas_status,deployment=workload-edge,1.0
1783672615,replicas_status,deployment=workload-edge,1.0
1783672625,replicas_status,deployment=workload-edge,1.0
1783672635,replicas_status,deployment=workload-edge,1.0
1783672645,replicas_status,deployment=workload-edge,1.0
1783672655,replicas_status,deployment=workload-edge,1.0
1783672665,replicas_status,deployment=workload-edge,1.0
1783672675,replicas_status,deployment=workload-edge,1.0
1783672685,replicas_status,deployment=workload-edge,1.0
1783672695,replicas_status,deployment=workload-edge,1.0
1783672705,replicas_status,deployment=workload-edge,1.0
1783672715,replicas_status,deployment=workload-edge,1.0
1783672725,replicas_status,deployment=workload-edge,1.0
1783672735,replicas_status,deployment=workload-edge,1.0
1783672745,replicas_status,deployment=workload-edge,1.0
1783672755,replicas_status,deployment=workload-edge,1.0
1783672765,replicas_status,deployment=workload-edge,1.0
1783672775,replicas_status,deployment=workload-edge,1.0
1783672785,replicas_status,deployment=workload-edge,1.0
1783672795,replicas_status,deployment=workload-edge,1.0
1783672805,replicas_status,deployment=workload-edge,1.0
1783672175,replicas_spec,deployment=workload-cloud,1.0
1783672185,replicas_spec,deployment=workload-cloud,1.0
1783672195,replicas_spec,deployment=workload-cloud,1.0
1783672205,replicas_spec,deployment=workload-cloud,1.0
1783672215,replicas_spec,deployment=workload-cloud,1.0
1783672225,replicas_spec,deployment=workload-cloud,1.0
1783672235,replicas_spec,deployment=workload-cloud,1.0
1783672245,replicas_spec,deployment=workload-cloud,1.0
1783672255,replicas_spec,deployment=workload-cloud,1.0
1783672265,replicas_spec,deployment=workload-cloud,1.0
1783672275,replicas_spec,deployment=workload-cloud,2.0
1783672285,replicas_spec,deployment=workload-cloud,2.0
1783672295,replicas_spec,deployment=workload-cloud,2.0
1783672305,replicas_spec,deployment=workload-cloud,2.0
1783672315,replicas_spec,deployment=workload-cloud,2.0
1783672325,replicas_spec,deployment=workload-cloud,2.0
1783672335,replicas_spec,deployment=workload-cloud,3.0
1783672345,replicas_spec,deployment=workload-cloud,3.0
1783672355,replicas_spec,deployment=workload-cloud,3.0
1783672365,replicas_spec,deployment=workload-cloud,3.0
1783672375,replicas_spec,deployment=workload-cloud,3.0
1783672385,replicas_spec,deployment=workload-cloud,4.0
1783672395,replicas_spec,deployment=workload-cloud,4.0
1783672405,replicas_spec,deployment=workload-cloud,4.0
1783672415,replicas_spec,deployment=workload-cloud,4.0
1783672425,replicas_spec,deployment=workload-cloud,6.0
1783672435,replicas_spec,deployment=workload-cloud,6.0
1783672445,replicas_spec,deployment=workload-cloud,6.0
1783672455,replicas_spec,deployment=workload-cloud,6.0
1783672465,replicas_spec,deployment=workload-cloud,6.0
1783672475,replicas_spec,deployment=workload-cloud,6.0
1783672485,replicas_spec,deployment=workload-cloud,6.0
1783672495,replicas_spec,deployment=workload-cloud,6.0
1783672505,replicas_spec,deployment=workload-cloud,6.0
1783672515,replicas_spec,deployment=workload-cloud,6.0
1783672525,replicas_spec,deployment=workload-cloud,6.0
1783672535,replicas_spec,deployment=workload-cloud,6.0
1783672545,replicas_spec,deployment=workload-cloud,6.0
1783672555,replicas_spec,deployment=workload-cloud,6.0
1783672565,replicas_spec,deployment=workload-cloud,6.0
1783672575,replicas_spec,deployment=workload-cloud,6.0
1783672585,replicas_spec,deployment=workload-cloud,6.0
1783672595,replicas_spec,deployment=workload-cloud,6.0
1783672605,replicas_spec,deployment=workload-cloud,6.0
1783672615,replicas_spec,deployment=workload-cloud,6.0
1783672625,replicas_spec,deployment=workload-cloud,6.0
1783672635,replicas_spec,deployment=workload-cloud,6.0
1783672645,replicas_spec,deployment=workload-cloud,6.0
1783672655,replicas_spec,deployment=workload-cloud,6.0
1783672665,replicas_spec,deployment=workload-cloud,6.0
1783672675,replicas_spec,deployment=workload-cloud,6.0
1783672685,replicas_spec,deployment=workload-cloud,6.0
1783672695,replicas_spec,deployment=workload-cloud,6.0
1783672705,replicas_spec,deployment=workload-cloud,6.0
1783672715,replicas_spec,deployment=workload-cloud,6.0
1783672725,replicas_spec,deployment=workload-cloud,6.0
1783672735,replicas_spec,deployment=workload-cloud,6.0
1783672745,replicas_spec,deployment=workload-cloud,6.0
1783672755,replicas_spec,deployment=workload-cloud,6.0
1783672765,replicas_spec,deployment=workload-cloud,6.0
1783672775,replicas_spec,deployment=workload-cloud,6.0
1783672785,replicas_spec,deployment=workload-cloud,6.0
1783672795,replicas_spec,deployment=workload-cloud,6.0
1783672805,replicas_spec,deployment=workload-cloud,6.0
1783672175,replicas_spec,deployment=workload-edge,1.0
1783672185,replicas_spec,deployment=workload-edge,1.0
1783672195,replicas_spec,deployment=workload-edge,1.0
1783672205,replicas_spec,deployment=workload-edge,1.0
1783672215,replicas_spec,deployment=workload-edge,1.0
1783672225,replicas_spec,deployment=workload-edge,1.0
1783672235,replicas_spec,deployment=workload-edge,1.0
1783672245,replicas_spec,deployment=workload-edge,1.0
1783672255,replicas_spec,deployment=workload-edge,1.0
1783672265,replicas_spec,deployment=workload-edge,1.0
1783672275,replicas_spec,deployment=workload-edge,1.0
1783672285,replicas_spec,deployment=workload-edge,1.0
1783672295,replicas_spec,deployment=workload-edge,1.0
1783672305,replicas_spec,deployment=workload-edge,1.0
1783672315,replicas_spec,deployment=workload-edge,1.0
1783672325,replicas_spec,deployment=workload-edge,1.0
1783672335,replicas_spec,deployment=workload-edge,1.0
1783672345,replicas_spec,deployment=workload-edge,1.0
1783672355,replicas_spec,deployment=workload-edge,1.0
1783672365,replicas_spec,deployment=workload-edge,1.0
1783672375,replicas_spec,deployment=workload-edge,1.0
1783672385,replicas_spec,deployment=workload-edge,1.0
1783672395,replicas_spec,deployment=workload-edge,1.0
1783672405,replicas_spec,deployment=workload-edge,1.0
1783672415,replicas_spec,deployment=workload-edge,1.0
1783672425,replicas_spec,deployment=workload-edge,1.0
1783672435,replicas_spec,deployment=workload-edge,1.0
1783672445,replicas_spec,deployment=workload-edge,1.0
1783672455,replicas_spec,deployment=workload-edge,1.0
1783672465,replicas_spec,deployment=workload-edge,1.0
1783672475,replicas_spec,deployment=workload-edge,1.0
1783672485,replicas_spec,deployment=workload-edge,1.0
1783672495,replicas_spec,deployment=workload-edge,1.0
1783672505,replicas_spec,deployment=workload-edge,1.0
1783672515,replicas_spec,deployment=workload-edge,1.0
1783672525,replicas_spec,deployment=workload-edge,1.0
1783672535,replicas_spec,deployment=workload-edge,1.0
1783672545,replicas_spec,deployment=workload-edge,1.0
1783672555,replicas_spec,deployment=workload-edge,1.0
1783672565,replicas_spec,deployment=workload-edge,1.0
1783672575,replicas_spec,deployment=workload-edge,1.0
1783672585,replicas_spec,deployment=workload-edge,1.0
1783672595,replicas_spec,deployment=workload-edge,1.0
1783672605,replicas_spec,deployment=workload-edge,1.0
1783672615,replicas_spec,deployment=workload-edge,1.0
1783672625,replicas_spec,deployment=workload-edge,1.0
1783672635,replicas_spec,deployment=workload-edge,1.0
1783672645,replicas_spec,deployment=workload-edge,1.0
1783672655,replicas_spec,deployment=workload-edge,1.0
1783672665,replicas_spec,deployment=workload-edge,1.0
1783672675,replicas_spec,deployment=workload-edge,1.0
1783672685,replicas_spec,deployment=workload-edge,1.0
1783672695,replicas_spec,deployment=workload-edge,1.0
1783672705,replicas_spec,deployment=workload-edge,1.0
1783672715,replicas_spec,deployment=workload-edge,1.0
1783672725,replicas_spec,deployment=workload-edge,1.0
1783672735,replicas_spec,deployment=workload-edge,1.0
1783672745,replicas_spec,deployment=workload-edge,1.0
1783672755,replicas_spec,deployment=workload-edge,1.0
1783672765,replicas_spec,deployment=workload-edge,1.0
1783672775,replicas_spec,deployment=workload-edge,1.0
1783672785,replicas_spec,deployment=workload-edge,1.0
1783672795,replicas_spec,deployment=workload-edge,1.0
1783672805,replicas_spec,deployment=workload-edge,1.0
1783672435,cpu_cores,pod=workload-cloud-6f545f89ff-5644b,0.019648496271735923
1783672445,cpu_cores,pod=workload-cloud-6f545f89ff-5644b,0.016023481292091923
1783672455,cpu_cores,pod=workload-cloud-6f545f89ff-5644b,0.019916802128028883
1783672465,cpu_cores,pod=workload-cloud-6f545f89ff-5644b,0.016068527475088863
1783672475,cpu_cores,pod=workload-cloud-6f545f89ff-5644b,0.002219159450514578
1783672485,cpu_cores,pod=workload-cloud-6f545f89ff-5644b,0.002219159450514578
1783672495,cpu_cores,pod=workload-cloud-6f545f89ff-5644b,0.0022483272443659967
1783672505,cpu_cores,pod=workload-cloud-6f545f89ff-5644b,0.002183232834078975
1783672515,cpu_cores,pod=workload-cloud-6f545f89ff-5644b,0.0021860635398446085
1783672525,cpu_cores,pod=workload-cloud-6f545f89ff-5644b,0.002221201593393598
1783672535,cpu_cores,pod=workload-cloud-6f545f89ff-5644b,0.0022092861707743994
1783672545,cpu_cores,pod=workload-cloud-6f545f89ff-5644b,0.0021759172521467578
1783672555,cpu_cores,pod=workload-cloud-6f545f89ff-5644b,0.002130457067724467
1783672565,cpu_cores,pod=workload-cloud-6f545f89ff-5644b,0.002130457067724467
1783672575,cpu_cores,pod=workload-cloud-6f545f89ff-5644b,0.0021680594694393194
1783672585,cpu_cores,pod=workload-cloud-6f545f89ff-5644b,0.002153901873672014
1783672595,cpu_cores,pod=workload-cloud-6f545f89ff-5644b,0.0021386121408711804
1783672605,cpu_cores,pod=workload-cloud-6f545f89ff-5644b,0.0021717663595973813
1783672615,cpu_cores,pod=workload-cloud-6f545f89ff-5644b,0.0021578279438682116
1783672625,cpu_cores,pod=workload-cloud-6f545f89ff-5644b,0.002144381577249857
1783672635,cpu_cores,pod=workload-cloud-6f545f89ff-5644b,0.0021593353074105823
1783672645,cpu_cores,pod=workload-cloud-6f545f89ff-5644b,0.0021800468795780833
1783672655,cpu_cores,pod=workload-cloud-6f545f89ff-5644b,0.002111606158189599
1783672665,cpu_cores,pod=workload-cloud-6f545f89ff-5644b,0.002111606158189599
1783672675,cpu_cores,pod=workload-cloud-6f545f89ff-5644b,0.0021727206361107274
1783672685,cpu_cores,pod=workload-cloud-6f545f89ff-5644b,0.002196053218568767
1783672695,cpu_cores,pod=workload-cloud-6f545f89ff-5644b,0.002251239222519303
1783672705,cpu_cores,pod=workload-cloud-6f545f89ff-5644b,0.0022324779946001697
1783672715,cpu_cores,pod=workload-cloud-6f545f89ff-5644b,0.0017655784445691507
1783672725,cpu_cores,pod=workload-cloud-6f545f89ff-5644b,0.0020833739996095994
1783672735,cpu_cores,pod=workload-cloud-6f545f89ff-5644b,0.0021452593831019326
1783672745,cpu_cores,pod=workload-cloud-6f545f89ff-5644b,0.001744471298853914
1783672755,cpu_cores,pod=workload-cloud-6f545f89ff-5644b,0.0021792878533043454
1783672765,cpu_cores,pod=workload-cloud-6f545f89ff-5644b,0.0022916880341880383
1783672775,cpu_cores,pod=workload-cloud-6f545f89ff-5644b,0.0022285815351963216
1783672785,cpu_cores,pod=workload-cloud-6f545f89ff-5644b,0.002206770765479893
1783672795,cpu_cores,pod=workload-cloud-6f545f89ff-5644b,0.0018646203190299615
1783672805,cpu_cores,pod=workload-cloud-6f545f89ff-5644b,0.0022825004017354962
1783672425,cpu_cores,pod=workload-cloud-6f545f89ff-74dzq,0.014357374037278835
1783672435,cpu_cores,pod=workload-cloud-6f545f89ff-74dzq,0.021574518516415935
1783672445,cpu_cores,pod=workload-cloud-6f545f89ff-74dzq,0.015711331138553813
1783672455,cpu_cores,pod=workload-cloud-6f545f89ff-74dzq,0.019524975446739822
1783672465,cpu_cores,pod=workload-cloud-6f545f89ff-74dzq,0.016213936714751045
1783672475,cpu_cores,pod=workload-cloud-6f545f89ff-74dzq,0.0021379256342565663
1783672485,cpu_cores,pod=workload-cloud-6f545f89ff-74dzq,0.0018523841360165419
1783672495,cpu_cores,pod=workload-cloud-6f545f89ff-74dzq,0.002207175304059004
1783672505,cpu_cores,pod=workload-cloud-6f545f89ff-74dzq,0.002136821530596903
1783672515,cpu_cores,pod=workload-cloud-6f545f89ff-74dzq,0.0021275999148150787
1783672525,cpu_cores,pod=workload-cloud-6f545f89ff-74dzq,0.0021441099734713113
1783672535,cpu_cores,pod=workload-cloud-6f545f89ff-74dzq,0.00214084063392066
1783672545,cpu_cores,pod=workload-cloud-6f545f89ff-74dzq,0.0021424997824762925
1783672555,cpu_cores,pod=workload-cloud-6f545f89ff-74dzq,0.002142499782476292
1783672565,cpu_cores,pod=workload-cloud-6f545f89ff-74dzq,0.002090793381417055
1783672575,cpu_cores,pod=workload-cloud-6f545f89ff-74dzq,0.0016336634200619256
1783672585,cpu_cores,pod=workload-cloud-6f545f89ff-74dzq,0.0020535602813267335
1783672595,cpu_cores,pod=workload-cloud-6f545f89ff-74dzq,0.002051012189228374
1783672605,cpu_cores,pod=workload-cloud-6f545f89ff-74dzq,0.0021112695380807634
1783672615,cpu_cores,pod=workload-cloud-6f545f89ff-74dzq,0.0021112695380807634
1783672625,cpu_cores,pod=workload-cloud-6f545f89ff-74dzq,0.00209148264984227
1783672635,cpu_cores,pod=workload-cloud-6f545f89ff-74dzq,0.0021165461753731326
1783672645,cpu_cores,pod=workload-cloud-6f545f89ff-74dzq,0.002126824091270894
1783672655,cpu_cores,pod=workload-cloud-6f545f89ff-74dzq,0.0020681492569229114
1783672665,cpu_cores,pod=workload-cloud-6f545f89ff-74dzq,0.0020731882951098694
1783672675,cpu_cores,pod=workload-cloud-6f545f89ff-74dzq,0.0020731882951098694
1783672685,cpu_cores,pod=workload-cloud-6f545f89ff-74dzq,0.0021021629288183645
1783672695,cpu_cores,pod=workload-cloud-6f545f89ff-74dzq,0.002177354399008672
1783672705,cpu_cores,pod=workload-cloud-6f545f89ff-74dzq,0.0021358322004272675
1783672715,cpu_cores,pod=workload-cloud-6f545f89ff-74dzq,0.0021725709794675314
1783672725,cpu_cores,pod=workload-cloud-6f545f89ff-74dzq,0.002114733556102709
1783672735,cpu_cores,pod=workload-cloud-6f545f89ff-74dzq,0.002114733556102709
1783672745,cpu_cores,pod=workload-cloud-6f545f89ff-74dzq,0.0021213176844664724
1783672755,cpu_cores,pod=workload-cloud-6f545f89ff-74dzq,0.002173257871773757
1783672765,cpu_cores,pod=workload-cloud-6f545f89ff-74dzq,0.002155976641062299
1783672775,cpu_cores,pod=workload-cloud-6f545f89ff-74dzq,0.002194593952825712
1783672785,cpu_cores,pod=workload-cloud-6f545f89ff-74dzq,0.002252482227836207
1783672795,cpu_cores,pod=workload-cloud-6f545f89ff-74dzq,0.0021517978885036452
1783672805,cpu_cores,pod=workload-cloud-6f545f89ff-74dzq,0.0021987111074624403
1783672335,cpu_cores,pod=workload-cloud-6f545f89ff-7996n,0.01437953005674668
1783672345,cpu_cores,pod=workload-cloud-6f545f89ff-7996n,0.013147767477601468
1783672355,cpu_cores,pod=workload-cloud-6f545f89ff-7996n,0.012701917909069075
1783672365,cpu_cores,pod=workload-cloud-6f545f89ff-7996n,0.01574163783738846
1783672375,cpu_cores,pod=workload-cloud-6f545f89ff-7996n,0.04715163435236703
1783672385,cpu_cores,pod=workload-cloud-6f545f89ff-7996n,0.1479089419399091
1783672395,cpu_cores,pod=workload-cloud-6f545f89ff-7996n,0.18098519863469945
1783672405,cpu_cores,pod=workload-cloud-6f545f89ff-7996n,0.3090966664658262
1783672415,cpu_cores,pod=workload-cloud-6f545f89ff-7996n,0.39344219047940177
1783672425,cpu_cores,pod=workload-cloud-6f545f89ff-7996n,0.4304134786238788
1783672435,cpu_cores,pod=workload-cloud-6f545f89ff-7996n,0.4686555059842993
1783672445,cpu_cores,pod=workload-cloud-6f545f89ff-7996n,0.3938721753691059
1783672455,cpu_cores,pod=workload-cloud-6f545f89ff-7996n,0.4742519571487433
1783672465,cpu_cores,pod=workload-cloud-6f545f89ff-7996n,0.47132947475039794
1783672475,cpu_cores,pod=workload-cloud-6f545f89ff-7996n,0.3321901333333332
1783672485,cpu_cores,pod=workload-cloud-6f545f89ff-7996n,0.46967049865951743
1783672495,cpu_cores,pod=workload-cloud-6f545f89ff-7996n,0.47151048074732294
1783672505,cpu_cores,pod=workload-cloud-6f545f89ff-7996n,0.4670224551958633
1783672515,cpu_cores,pod=workload-cloud-6f545f89ff-7996n,0.47156672990382065
1783672525,cpu_cores,pod=workload-cloud-6f545f89ff-7996n,0.4667204149099273
1783672535,cpu_cores,pod=workload-cloud-6f545f89ff-7996n,0.3846191081448832
1783672545,cpu_cores,pod=workload-cloud-6f545f89ff-7996n,0.3808138048669546
1783672555,cpu_cores,pod=workload-cloud-6f545f89ff-7996n,0.22557089694252966
1783672565,cpu_cores,pod=workload-cloud-6f545f89ff-7996n,0.18900658165364045
1783672575,cpu_cores,pod=workload-cloud-6f545f89ff-7996n,0.12711213043570785
1783672585,cpu_cores,pod=workload-cloud-6f545f89ff-7996n,0.03293490148424633
1783672595,cpu_cores,pod=workload-cloud-6f545f89ff-7996n,0.032905093396291954
1783672605,cpu_cores,pod=workload-cloud-6f545f89ff-7996n,0.03276400827166958
1783672615,cpu_cores,pod=workload-cloud-6f545f89ff-7996n,0.03290091544261783
1783672625,cpu_cores,pod=workload-cloud-6f545f89ff-7996n,0.027211724005049565
1783672635,cpu_cores,pod=workload-cloud-6f545f89ff-7996n,0.03288205102650994
1783672645,cpu_cores,pod=workload-cloud-6f545f89ff-7996n,0.03299037802258077
1783672655,cpu_cores,pod=workload-cloud-6f545f89ff-7996n,0.03284637174245022
1783672665,cpu_cores,pod=workload-cloud-6f545f89ff-7996n,0.03280685879266944
1783672675,cpu_cores,pod=workload-cloud-6f545f89ff-7996n,0.0327897426236843
1783672685,cpu_cores,pod=workload-cloud-6f545f89ff-7996n,0.0329086793286219
1783672695,cpu_cores,pod=workload-cloud-6f545f89ff-7996n,0.0329086793286219
1783672705,cpu_cores,pod=workload-cloud-6f545f89ff-7996n,0.03290806500150469
1783672715,cpu_cores,pod=workload-cloud-6f545f89ff-7996n,0.03299583367150917
1783672725,cpu_cores,pod=workload-cloud-6f545f89ff-7996n,0.030431809381211802
1783672735,cpu_cores,pod=workload-cloud-6f545f89ff-7996n,0.030431809381211802
1783672745,cpu_cores,pod=workload-cloud-6f545f89ff-7996n,0.016135595959596044
1783672755,cpu_cores,pod=workload-cloud-6f545f89ff-7996n,0.012694689283769354
1783672765,cpu_cores,pod=workload-cloud-6f545f89ff-7996n,0.0020601526252253945
1783672775,cpu_cores,pod=workload-cloud-6f545f89ff-7996n,0.0024388521706055315
1783672785,cpu_cores,pod=workload-cloud-6f545f89ff-7996n,0.0025408528198074746
1783672795,cpu_cores,pod=workload-cloud-6f545f89ff-7996n,0.0025408528198074746
1783672805,cpu_cores,pod=workload-cloud-6f545f89ff-7996n,0.002587014369345326
1783672175,cpu_cores,pod=workload-cloud-6f545f89ff-g7lpf,0.0011505365724153818
1783672185,cpu_cores,pod=workload-cloud-6f545f89ff-g7lpf,0.0007740890468402151
1783672385,cpu_cores,pod=workload-cloud-6f545f89ff-hkdhw,0.05028619442529727
1783672395,cpu_cores,pod=workload-cloud-6f545f89ff-hkdhw,0.0987886681802213
1783672405,cpu_cores,pod=workload-cloud-6f545f89ff-hkdhw,0.13306182820129983
1783672415,cpu_cores,pod=workload-cloud-6f545f89ff-hkdhw,0.19154158889212078
1783672425,cpu_cores,pod=workload-cloud-6f545f89ff-hkdhw,0.2401009535811418
1783672435,cpu_cores,pod=workload-cloud-6f545f89ff-hkdhw,0.2825193552449314
1783672445,cpu_cores,pod=workload-cloud-6f545f89ff-hkdhw,0.28113353661270796
1783672455,cpu_cores,pod=workload-cloud-6f545f89ff-hkdhw,0.18651037499999995
1783672465,cpu_cores,pod=workload-cloud-6f545f89ff-hkdhw,0.2891133471372403
1783672475,cpu_cores,pod=workload-cloud-6f545f89ff-hkdhw,0.2908571903022252
1783672485,cpu_cores,pod=workload-cloud-6f545f89ff-hkdhw,0.2967211476823095
1783672495,cpu_cores,pod=workload-cloud-6f545f89ff-hkdhw,0.2967211476823095
1783672505,cpu_cores,pod=workload-cloud-6f545f89ff-hkdhw,0.2953728978281077
1783672515,cpu_cores,pod=workload-cloud-6f545f89ff-hkdhw,0.2953728978281077
1783672525,cpu_cores,pod=workload-cloud-6f545f89ff-hkdhw,0.2759731623268446
1783672535,cpu_cores,pod=workload-cloud-6f545f89ff-hkdhw,0.20630682529743272
1783672545,cpu_cores,pod=workload-cloud-6f545f89ff-hkdhw,0.08459112662051452
1783672555,cpu_cores,pod=workload-cloud-6f545f89ff-hkdhw,0.08311963008982957
1783672565,cpu_cores,pod=workload-cloud-6f545f89ff-hkdhw,0.009830311111111061
1783672575,cpu_cores,pod=workload-cloud-6f545f89ff-hkdhw,0.009768093306287997
1783672585,cpu_cores,pod=workload-cloud-6f545f89ff-hkdhw,0.0019715544847060213
1783672595,cpu_cores,pod=workload-cloud-6f545f89ff-hkdhw,0.002301119369165131
1783672605,cpu_cores,pod=workload-cloud-6f545f89ff-hkdhw,0.0023189537257212916
1783672615,cpu_cores,pod=workload-cloud-6f545f89ff-hkdhw,0.002224046112399002
1783672625,cpu_cores,pod=workload-cloud-6f545f89ff-hkdhw,0.002194258512451616
1783672635,cpu_cores,pod=workload-cloud-6f545f89ff-hkdhw,0.0022835608408007016
1783672645,cpu_cores,pod=workload-cloud-6f545f89ff-hkdhw,0.0022908867541419904
1783672655,cpu_cores,pod=workload-cloud-6f545f89ff-hkdhw,0.00224534043362487
1783672665,cpu_cores,pod=workload-cloud-6f545f89ff-hkdhw,0.002301782243724937
1783672675,cpu_cores,pod=workload-cloud-6f545f89ff-hkdhw,0.002301782243724937
1783672685,cpu_cores,pod=workload-cloud-6f545f89ff-hkdhw,0.0022460222063766227
1783672695,cpu_cores,pod=workload-cloud-6f545f89ff-hkdhw,0.002224151456513822
1783672705,cpu_cores,pod=workload-cloud-6f545f89ff-hkdhw,0.0017623979974950301
1783672715,cpu_cores,pod=workload-cloud-6f545f89ff-hkdhw,0.002193977938984447
1783672725,cpu_cores,pod=workload-cloud-6f545f89ff-hkdhw,0.001859862843720675
1783672735,cpu_cores,pod=workload-cloud-6f545f89ff-hkdhw,0.0022035848484141243
1783672745,cpu_cores,pod=workload-cloud-6f545f89ff-hkdhw,0.002261286766547929
1783672755,cpu_cores,pod=workload-cloud-6f545f89ff-hkdhw,0.002278372788713611
1783672765,cpu_cores,pod=workload-cloud-6f545f89ff-hkdhw,0.002261666807825865
1783672775,cpu_cores,pod=workload-cloud-6f545f89ff-hkdhw,0.0023081729357991064
1783672785,cpu_cores,pod=workload-cloud-6f545f89ff-hkdhw,0.0023081729357991064
1783672795,cpu_cores,pod=workload-cloud-6f545f89ff-hkdhw,0.0023252769029336786
1783672805,cpu_cores,pod=workload-cloud-6f545f89ff-hkdhw,0.002324944415535332
1783672275,cpu_cores,pod=workload-cloud-6f545f89ff-j6qdx,0.023105734689398038
1783672285,cpu_cores,pod=workload-cloud-6f545f89ff-j6qdx,0.02525799847020934
1783672295,cpu_cores,pod=workload-cloud-6f545f89ff-j6qdx,0.025670474999999998
1783672305,cpu_cores,pod=workload-cloud-6f545f89ff-j6qdx,0.047160144514141376
1783672315,cpu_cores,pod=workload-cloud-6f545f89ff-j6qdx,0.06610681953262967
1783672325,cpu_cores,pod=workload-cloud-6f545f89ff-j6qdx,0.0775961781427669
1783672335,cpu_cores,pod=workload-cloud-6f545f89ff-j6qdx,0.09701113392929049
1783672345,cpu_cores,pod=workload-cloud-6f545f89ff-j6qdx,0.11185601853876086
1783672355,cpu_cores,pod=workload-cloud-6f545f89ff-j6qdx,0.09698243054031305
1783672365,cpu_cores,pod=workload-cloud-6f545f89ff-j6qdx,0.11445875621024956
1783672375,cpu_cores,pod=workload-cloud-6f545f89ff-j6qdx,0.15229933817533614
1783672385,cpu_cores,pod=workload-cloud-6f545f89ff-j6qdx,0.16226679960598706
1783672395,cpu_cores,pod=workload-cloud-6f545f89ff-j6qdx,0.277034243329556
1783672405,cpu_cores,pod=workload-cloud-6f545f89ff-j6qdx,0.359837646180642
1783672415,cpu_cores,pod=workload-cloud-6f545f89ff-j6qdx,0.4101637003069988
1783672425,cpu_cores,pod=workload-cloud-6f545f89ff-j6qdx,0.46455409585876917
1783672435,cpu_cores,pod=workload-cloud-6f545f89ff-j6qdx,0.49583598377836496
1783672445,cpu_cores,pod=workload-cloud-6f545f89ff-j6qdx,0.48929802314635357
1783672455,cpu_cores,pod=workload-cloud-6f545f89ff-j6qdx,0.4190504467271892
1783672465,cpu_cores,pod=workload-cloud-6f545f89ff-j6qdx,0.48949267026859555
1783672475,cpu_cores,pod=workload-cloud-6f545f89ff-j6qdx,0.4919061826981246
1783672485,cpu_cores,pod=workload-cloud-6f545f89ff-j6qdx,0.4791597493277822
1783672495,cpu_cores,pod=workload-cloud-6f545f89ff-j6qdx,0.48425846334179906
1783672505,cpu_cores,pod=workload-cloud-6f545f89ff-j6qdx,0.4831316368782432
1783672515,cpu_cores,pod=workload-cloud-6f545f89ff-j6qdx,0.4831316368782432
1783672525,cpu_cores,pod=workload-cloud-6f545f89ff-j6qdx,0.4761970762346792
1783672535,cpu_cores,pod=workload-cloud-6f545f89ff-j6qdx,0.4761970762346792
1783672545,cpu_cores,pod=workload-cloud-6f545f89ff-j6qdx,0.3839464999179024
1783672555,cpu_cores,pod=workload-cloud-6f545f89ff-j6qdx,0.32069088930283174
1783672565,cpu_cores,pod=workload-cloud-6f545f89ff-j6qdx,0.20559822588593724
1783672575,cpu_cores,pod=workload-cloud-6f545f89ff-j6qdx,0.20559822588593724
1783672585,cpu_cores,pod=workload-cloud-6f545f89ff-j6qdx,0.1146281918564527
1783672595,cpu_cores,pod=workload-cloud-6f545f89ff-j6qdx,0.11391194261275538
1783672605,cpu_cores,pod=workload-cloud-6f545f89ff-j6qdx,0.11365719042400732
1783672615,cpu_cores,pod=workload-cloud-6f545f89ff-j6qdx,0.11237648438645359
1783672625,cpu_cores,pod=workload-cloud-6f545f89ff-j6qdx,0.11242541352732319
1783672635,cpu_cores,pod=workload-cloud-6f545f89ff-j6qdx,0.11219021431875435
1783672645,cpu_cores,pod=workload-cloud-6f545f89ff-j6qdx,0.11213722859840039
1783672655,cpu_cores,pod=workload-cloud-6f545f89ff-j6qdx,0.11339178921568625
1783672665,cpu_cores,pod=workload-cloud-6f545f89ff-j6qdx,0.11344505425969809
1783672675,cpu_cores,pod=workload-cloud-6f545f89ff-j6qdx,0.11355344073757259
1783672685,cpu_cores,pod=workload-cloud-6f545f89ff-j6qdx,0.11480802228904997
1783672695,cpu_cores,pod=workload-cloud-6f545f89ff-j6qdx,0.11439814967784553
1783672705,cpu_cores,pod=workload-cloud-6f545f89ff-j6qdx,0.11439814967784553
1783672715,cpu_cores,pod=workload-cloud-6f545f89ff-j6qdx,0.1153298265001657
1783672725,cpu_cores,pod=workload-cloud-6f545f89ff-j6qdx,0.11526144642737783
1783672735,cpu_cores,pod=workload-cloud-6f545f89ff-j6qdx,0.11470651838121719
1783672745,cpu_cores,pod=workload-cloud-6f545f89ff-j6qdx,0.09205755602571748
1783672755,cpu_cores,pod=workload-cloud-6f545f89ff-j6qdx,0.05618712546816467
1783672765,cpu_cores,pod=workload-cloud-6f545f89ff-j6qdx,0.05618712546816467
1783672775,cpu_cores,pod=workload-cloud-6f545f89ff-j6qdx,0.007618360304061746
1783672785,cpu_cores,pod=workload-cloud-6f545f89ff-j6qdx,0.006421584793520214
1783672795,cpu_cores,pod=workload-cloud-6f545f89ff-j6qdx,0.0024104315716593785
1783672805,cpu_cores,pod=workload-cloud-6f545f89ff-j6qdx,0.0023743224593477555
1783672175,cpu_cores,pod=workload-cloud-6f545f89ff-pxvjz,0.0011968782707308802
1783672185,cpu_cores,pod=workload-cloud-6f545f89ff-pxvjz,0.0007987346442116663
1783672175,cpu_cores,pod=workload-cloud-6f545f89ff-r28zz,0.0024603415008620563
1783672185,cpu_cores,pod=workload-cloud-6f545f89ff-r28zz,0.002563670147715501
1783672195,cpu_cores,pod=workload-cloud-6f545f89ff-r28zz,0.018491936764269735
1783672205,cpu_cores,pod=workload-cloud-6f545f89ff-r28zz,0.018491936764269735
1783672215,cpu_cores,pod=workload-cloud-6f545f89ff-r28zz,0.05558103295706465
1783672225,cpu_cores,pod=workload-cloud-6f545f89ff-r28zz,0.05558103295706465
1783672235,cpu_cores,pod=workload-cloud-6f545f89ff-r28zz,0.09447973368451629
1783672245,cpu_cores,pod=workload-cloud-6f545f89ff-r28zz,0.12932365188861833
1783672255,cpu_cores,pod=workload-cloud-6f545f89ff-r28zz,0.12611754720452467
1783672265,cpu_cores,pod=workload-cloud-6f545f89ff-r28zz,0.1688622926713267
1783672275,cpu_cores,pod=workload-cloud-6f545f89ff-r28zz,0.16717824603347847
1783672285,cpu_cores,pod=workload-cloud-6f545f89ff-r28zz,0.1682924791636483
1783672295,cpu_cores,pod=workload-cloud-6f545f89ff-r28zz,0.219214977196454
1783672305,cpu_cores,pod=workload-cloud-6f545f89ff-r28zz,0.23384284712833303
1783672315,cpu_cores,pod=workload-cloud-6f545f89ff-r28zz,0.23476597948217076
1783672325,cpu_cores,pod=workload-cloud-6f545f89ff-r28zz,0.24577405833493546
1783672335,cpu_cores,pod=workload-cloud-6f545f89ff-r28zz,0.2165964128732081
1783672345,cpu_cores,pod=workload-cloud-6f545f89ff-r28zz,0.26319223129117764
1783672355,cpu_cores,pod=workload-cloud-6f545f89ff-r28zz,0.2237788217593747
1783672365,cpu_cores,pod=workload-cloud-6f545f89ff-r28zz,0.29209134370219253
1783672375,cpu_cores,pod=workload-cloud-6f545f89ff-r28zz,0.32494873535902846
1783672385,cpu_cores,pod=workload-cloud-6f545f89ff-r28zz,0.3740838415010506
1783672395,cpu_cores,pod=workload-cloud-6f545f89ff-r28zz,0.3145910021192182
1783672405,cpu_cores,pod=workload-cloud-6f545f89ff-r28zz,0.5084580358040836
1783672415,cpu_cores,pod=workload-cloud-6f545f89ff-r28zz,0.40576363640598656
1783672425,cpu_cores,pod=workload-cloud-6f545f89ff-r28zz,0.5918021408546407
1783672435,cpu_cores,pod=workload-cloud-6f545f89ff-r28zz,0.6268856616970334
1783672445,cpu_cores,pod=workload-cloud-6f545f89ff-r28zz,0.6345545889517087
1783672455,cpu_cores,pod=workload-cloud-6f545f89ff-r28zz,0.6287536131639279
1783672465,cpu_cores,pod=workload-cloud-6f545f89ff-r28zz,0.6219771680105305
1783672475,cpu_cores,pod=workload-cloud-6f545f89ff-r28zz,0.6219771680105305
1783672485,cpu_cores,pod=workload-cloud-6f545f89ff-r28zz,0.6207790085631297
1783672495,cpu_cores,pod=workload-cloud-6f545f89ff-r28zz,0.6228732678102707
1783672505,cpu_cores,pod=workload-cloud-6f545f89ff-r28zz,0.6242343996110871
1783672515,cpu_cores,pod=workload-cloud-6f545f89ff-r28zz,0.6256885241624104
1783672525,cpu_cores,pod=workload-cloud-6f545f89ff-r28zz,0.5966173929128253
1783672535,cpu_cores,pod=workload-cloud-6f545f89ff-r28zz,0.5966173929128253
1783672545,cpu_cores,pod=workload-cloud-6f545f89ff-r28zz,0.4851436396835034
1783672555,cpu_cores,pod=workload-cloud-6f545f89ff-r28zz,0.4402919810348312
1783672565,cpu_cores,pod=workload-cloud-6f545f89ff-r28zz,0.3008254801670552
1783672575,cpu_cores,pod=workload-cloud-6f545f89ff-r28zz,0.34461591962905214
1783672585,cpu_cores,pod=workload-cloud-6f545f89ff-r28zz,0.32621442052397015
1783672595,cpu_cores,pod=workload-cloud-6f545f89ff-r28zz,0.3237031924919523
1783672605,cpu_cores,pod=workload-cloud-6f545f89ff-r28zz,0.32078217671883874
1783672615,cpu_cores,pod=workload-cloud-6f545f89ff-r28zz,0.3195637451878515
1783672625,cpu_cores,pod=workload-cloud-6f545f89ff-r28zz,0.32113086018662124
1783672635,cpu_cores,pod=workload-cloud-6f545f89ff-r28zz,0.3219695230080195
1783672645,cpu_cores,pod=workload-cloud-6f545f89ff-r28zz,0.3214488239757205
1783672655,cpu_cores,pod=workload-cloud-6f545f89ff-r28zz,0.3223434681012987
1783672665,cpu_cores,pod=workload-cloud-6f545f89ff-r28zz,0.3215478362513624
1783672675,cpu_cores,pod=workload-cloud-6f545f89ff-r28zz,0.3206994093576273
1783672685,cpu_cores,pod=workload-cloud-6f545f89ff-r28zz,0.32078435674772987
1783672695,cpu_cores,pod=workload-cloud-6f545f89ff-r28zz,0.3241008358315619
1783672705,cpu_cores,pod=workload-cloud-6f545f89ff-r28zz,0.3251369440341456
1783672715,cpu_cores,pod=workload-cloud-6f545f89ff-r28zz,0.3258060997328593
1783672725,cpu_cores,pod=workload-cloud-6f545f89ff-r28zz,0.3284305544281178
1783672735,cpu_cores,pod=workload-cloud-6f545f89ff-r28zz,0.311944249238693
1783672745,cpu_cores,pod=workload-cloud-6f545f89ff-r28zz,0.28417836936453444
1783672755,cpu_cores,pod=workload-cloud-6f545f89ff-r28zz,0.2584319671609463
1783672765,cpu_cores,pod=workload-cloud-6f545f89ff-r28zz,0.18829998002352757
1783672775,cpu_cores,pod=workload-cloud-6f545f89ff-r28zz,0.060404346361085506
1783672785,cpu_cores,pod=workload-cloud-6f545f89ff-r28zz,0.052763178086395114
1783672795,cpu_cores,pod=workload-cloud-6f545f89ff-r28zz,0.010476431060230945
1783672805,cpu_cores,pod=workload-cloud-6f545f89ff-r28zz,0.002264760127589763
1783672175,cpu_cores,pod=workload-cloud-6f545f89ff-w44qm,0.0013161985104778338
1783672175,cpu_cores,pod=workload-edge-7b875fd8c6-pxwvc,0.002565237594955497
1783672185,cpu_cores,pod=workload-edge-7b875fd8c6-pxwvc,0.002488858219039165
1783672195,cpu_cores,pod=workload-edge-7b875fd8c6-pxwvc,0.0025435454233400084
1783672205,cpu_cores,pod=workload-edge-7b875fd8c6-pxwvc,0.002044068070998862
1783672215,cpu_cores,pod=workload-edge-7b875fd8c6-pxwvc,0.0025693446856563723
1783672225,cpu_cores,pod=workload-edge-7b875fd8c6-pxwvc,0.002669312403271565
1783672235,cpu_cores,pod=workload-edge-7b875fd8c6-pxwvc,0.002595247582894399
1783672245,cpu_cores,pod=workload-edge-7b875fd8c6-pxwvc,0.0025952475828943996
1783672255,cpu_cores,pod=workload-edge-7b875fd8c6-pxwvc,0.0026487505592169116
1783672265,cpu_cores,pod=workload-edge-7b875fd8c6-pxwvc,0.0026295350988384415
1783672275,cpu_cores,pod=workload-edge-7b875fd8c6-pxwvc,0.002599493480126076
1783672285,cpu_cores,pod=workload-edge-7b875fd8c6-pxwvc,0.0026565815565141554
1783672295,cpu_cores,pod=workload-edge-7b875fd8c6-pxwvc,0.0021525732164429778
1783672305,cpu_cores,pod=workload-edge-7b875fd8c6-pxwvc,0.0025813208528318757
1783672315,cpu_cores,pod=workload-edge-7b875fd8c6-pxwvc,0.0025908892406818866
1783672325,cpu_cores,pod=workload-edge-7b875fd8c6-pxwvc,0.002632270268826813
1783672335,cpu_cores,pod=workload-edge-7b875fd8c6-pxwvc,0.002639202522630075
1783672345,cpu_cores,pod=workload-edge-7b875fd8c6-pxwvc,0.0026894852845817745
1783672355,cpu_cores,pod=workload-edge-7b875fd8c6-pxwvc,0.002652053438889926
1783672365,cpu_cores,pod=workload-edge-7b875fd8c6-pxwvc,0.0026186930819620106
1783672375,cpu_cores,pod=workload-edge-7b875fd8c6-pxwvc,0.0026381366788897974
1783672385,cpu_cores,pod=workload-edge-7b875fd8c6-pxwvc,0.0026262997631697907
1783672395,cpu_cores,pod=workload-edge-7b875fd8c6-pxwvc,0.00225074529726846
1783672405,cpu_cores,pod=workload-edge-7b875fd8c6-pxwvc,0.0026835852319759077
1783672415,cpu_cores,pod=workload-edge-7b875fd8c6-pxwvc,0.0027464908446240763
1783672425,cpu_cores,pod=workload-edge-7b875fd8c6-pxwvc,0.0027183217224996713
1783672435,cpu_cores,pod=workload-edge-7b875fd8c6-pxwvc,0.0027422684865240207
1783672445,cpu_cores,pod=workload-edge-7b875fd8c6-pxwvc,0.0027740761722142046
1783672455,cpu_cores,pod=workload-edge-7b875fd8c6-pxwvc,0.0027154663253203632
1783672465,cpu_cores,pod=workload-edge-7b875fd8c6-pxwvc,0.0027340891153067397
1783672475,cpu_cores,pod=workload-edge-7b875fd8c6-pxwvc,0.0027693732942728052
1783672485,cpu_cores,pod=workload-edge-7b875fd8c6-pxwvc,0.002768964198112492
1783672495,cpu_cores,pod=workload-edge-7b875fd8c6-pxwvc,0.0027749551119080388
1783672505,cpu_cores,pod=workload-edge-7b875fd8c6-pxwvc,0.00280893809905682
1783672515,cpu_cores,pod=workload-edge-7b875fd8c6-pxwvc,0.002784095898831511
1783672525,cpu_cores,pod=workload-edge-7b875fd8c6-pxwvc,0.0023105437891372147
1783672535,cpu_cores,pod=workload-edge-7b875fd8c6-pxwvc,0.0027210997825938624
1783672545,cpu_cores,pod=workload-edge-7b875fd8c6-pxwvc,0.002699378971694109
1783672555,cpu_cores,pod=workload-edge-7b875fd8c6-pxwvc,0.002768743346682335
1783672565,cpu_cores,pod=workload-edge-7b875fd8c6-pxwvc,0.00272478314270327
1783672575,cpu_cores,pod=workload-edge-7b875fd8c6-pxwvc,0.0023119528771294194
1783672585,cpu_cores,pod=workload-edge-7b875fd8c6-pxwvc,0.0027617311198525453
1783672595,cpu_cores,pod=workload-edge-7b875fd8c6-pxwvc,0.0026529495236190855
1783672605,cpu_cores,pod=workload-edge-7b875fd8c6-pxwvc,0.0026449641041275066
1783672615,cpu_cores,pod=workload-edge-7b875fd8c6-pxwvc,0.0026608776324359568
1783672625,cpu_cores,pod=workload-edge-7b875fd8c6-pxwvc,0.00262101979346447
1783672635,cpu_cores,pod=workload-edge-7b875fd8c6-pxwvc,0.002621885713237918
1783672645,cpu_cores,pod=workload-edge-7b875fd8c6-pxwvc,0.0026325818934443686
1783672655,cpu_cores,pod=workload-edge-7b875fd8c6-pxwvc,0.00263786057692218
1783672665,cpu_cores,pod=workload-edge-7b875fd8c6-pxwvc,0.00263136774049409
1783672675,cpu_cores,pod=workload-edge-7b875fd8c6-pxwvc,0.0026492113198824897
1783672685,cpu_cores,pod=workload-edge-7b875fd8c6-pxwvc,0.0026414028311380127
1783672695,cpu_cores,pod=workload-edge-7b875fd8c6-pxwvc,0.0026431745821138375
1783672705,cpu_cores,pod=workload-edge-7b875fd8c6-pxwvc,0.0025949115444089637
1783672715,cpu_cores,pod=workload-edge-7b875fd8c6-pxwvc,0.002621804730039429
1783672725,cpu_cores,pod=workload-edge-7b875fd8c6-pxwvc,0.002621804730039429
1783672735,cpu_cores,pod=workload-edge-7b875fd8c6-pxwvc,0.002622593890839078
1783672745,cpu_cores,pod=workload-edge-7b875fd8c6-pxwvc,0.0026617982109028893
1783672755,cpu_cores,pod=workload-edge-7b875fd8c6-pxwvc,0.00262650009464419
1783672765,cpu_cores,pod=workload-edge-7b875fd8c6-pxwvc,0.0025770029057703946
1783672775,cpu_cores,pod=workload-edge-7b875fd8c6-pxwvc,0.0022329929857208674
1783672785,cpu_cores,pod=workload-edge-7b875fd8c6-pxwvc,0.002605156393141181
1783672795,cpu_cores,pod=workload-edge-7b875fd8c6-pxwvc,0.00260908529048065
1783672805,cpu_cores,pod=workload-edge-7b875fd8c6-pxwvc,0.002683718297099038
1783672435,cpu_utilisation,pod=workload-cloud-6f545f89ff-5644b,0.0982424813586796
1783672445,cpu_utilisation,pod=workload-cloud-6f545f89ff-5644b,0.0801174064604596
1783672455,cpu_utilisation,pod=workload-cloud-6f545f89ff-5644b,0.09958401064014441
1783672465,cpu_utilisation,pod=workload-cloud-6f545f89ff-5644b,0.08034263737544431
1783672475,cpu_utilisation,pod=workload-cloud-6f545f89ff-5644b,0.011095797252572889
1783672485,cpu_utilisation,pod=workload-cloud-6f545f89ff-5644b,0.011095797252572889
1783672495,cpu_utilisation,pod=workload-cloud-6f545f89ff-5644b,0.011241636221829982
1783672505,cpu_utilisation,pod=workload-cloud-6f545f89ff-5644b,0.010916164170394874
1783672515,cpu_utilisation,pod=workload-cloud-6f545f89ff-5644b,0.010930317699223042
1783672525,cpu_utilisation,pod=workload-cloud-6f545f89ff-5644b,0.01110600796696799
1783672535,cpu_utilisation,pod=workload-cloud-6f545f89ff-5644b,0.011046430853871997
1783672545,cpu_utilisation,pod=workload-cloud-6f545f89ff-5644b,0.010879586260733789
1783672555,cpu_utilisation,pod=workload-cloud-6f545f89ff-5644b,0.010652285338622336
1783672565,cpu_utilisation,pod=workload-cloud-6f545f89ff-5644b,0.010652285338622336
1783672575,cpu_utilisation,pod=workload-cloud-6f545f89ff-5644b,0.010840297347196597
1783672585,cpu_utilisation,pod=workload-cloud-6f545f89ff-5644b,0.010769509368360068
1783672595,cpu_utilisation,pod=workload-cloud-6f545f89ff-5644b,0.0106930607043559
1783672605,cpu_utilisation,pod=workload-cloud-6f545f89ff-5644b,0.010858831797986905
1783672615,cpu_utilisation,pod=workload-cloud-6f545f89ff-5644b,0.010789139719341057
1783672625,cpu_utilisation,pod=workload-cloud-6f545f89ff-5644b,0.010721907886249285
1783672635,cpu_utilisation,pod=workload-cloud-6f545f89ff-5644b,0.01079667653705291
1783672645,cpu_utilisation,pod=workload-cloud-6f545f89ff-5644b,0.010900234397890415
1783672655,cpu_utilisation,pod=workload-cloud-6f545f89ff-5644b,0.010558030790947994
1783672665,cpu_utilisation,pod=workload-cloud-6f545f89ff-5644b,0.010558030790947994
1783672675,cpu_utilisation,pod=workload-cloud-6f545f89ff-5644b,0.010863603180553636
1783672685,cpu_utilisation,pod=workload-cloud-6f545f89ff-5644b,0.010980266092843836
1783672695,cpu_utilisation,pod=workload-cloud-6f545f89ff-5644b,0.011256196112596513
1783672705,cpu_utilisation,pod=workload-cloud-6f545f89ff-5644b,0.011162389973000848
1783672715,cpu_utilisation,pod=workload-cloud-6f545f89ff-5644b,0.008827892222845753
1783672725,cpu_utilisation,pod=workload-cloud-6f545f89ff-5644b,0.010416869998047997
1783672735,cpu_utilisation,pod=workload-cloud-6f545f89ff-5644b,0.010726296915509663
1783672745,cpu_utilisation,pod=workload-cloud-6f545f89ff-5644b,0.00872235649426957
1783672755,cpu_utilisation,pod=workload-cloud-6f545f89ff-5644b,0.010896439266521726
1783672765,cpu_utilisation,pod=workload-cloud-6f545f89ff-5644b,0.011458440170940191
1783672775,cpu_utilisation,pod=workload-cloud-6f545f89ff-5644b,0.011142907675981608
1783672785,cpu_utilisation,pod=workload-cloud-6f545f89ff-5644b,0.011033853827399463
1783672795,cpu_utilisation,pod=workload-cloud-6f545f89ff-5644b,0.009323101595149806
1783672805,cpu_utilisation,pod=workload-cloud-6f545f89ff-5644b,0.01141250200867748
1783672425,cpu_utilisation,pod=workload-cloud-6f545f89ff-74dzq,0.07178687018639417
1783672435,cpu_utilisation,pod=workload-cloud-6f545f89ff-74dzq,0.10787259258207967
1783672445,cpu_utilisation,pod=workload-cloud-6f545f89ff-74dzq,0.07855665569276905
1783672455,cpu_utilisation,pod=workload-cloud-6f545f89ff-74dzq,0.0976248772336991
1783672465,cpu_utilisation,pod=workload-cloud-6f545f89ff-74dzq,0.08106968357375521
1783672475,cpu_utilisation,pod=workload-cloud-6f545f89ff-74dzq,0.010689628171282831
1783672485,cpu_utilisation,pod=workload-cloud-6f545f89ff-74dzq,0.009261920680082709
1783672495,cpu_utilisation,pod=workload-cloud-6f545f89ff-74dzq,0.01103587652029502
1783672505,cpu_utilisation,pod=workload-cloud-6f545f89ff-74dzq,0.010684107652984514
1783672515,cpu_utilisation,pod=workload-cloud-6f545f89ff-74dzq,0.010637999574075394
1783672525,cpu_utilisation,pod=workload-cloud-6f545f89ff-74dzq,0.010720549867356556
1783672535,cpu_utilisation,pod=workload-cloud-6f545f89ff-74dzq,0.010704203169603299
1783672545,cpu_utilisation,pod=workload-cloud-6f545f89ff-74dzq,0.010712498912381461
1783672555,cpu_utilisation,pod=workload-cloud-6f545f89ff-74dzq,0.01071249891238146
1783672565,cpu_utilisation,pod=workload-cloud-6f545f89ff-74dzq,0.010453966907085275
1783672575,cpu_utilisation,pod=workload-cloud-6f545f89ff-74dzq,0.008168317100309628
1783672585,cpu_utilisation,pod=workload-cloud-6f545f89ff-74dzq,0.010267801406633666
1783672595,cpu_utilisation,pod=workload-cloud-6f545f89ff-74dzq,0.01025506094614187
1783672605,cpu_utilisation,pod=workload-cloud-6f545f89ff-74dzq,0.010556347690403816
1783672615,cpu_utilisation,pod=workload-cloud-6f545f89ff-74dzq,0.010556347690403816
1783672625,cpu_utilisation,pod=workload-cloud-6f545f89ff-74dzq,0.010457413249211348
1783672635,cpu_utilisation,pod=workload-cloud-6f545f89ff-74dzq,0.010582730876865662
1783672645,cpu_utilisation,pod=workload-cloud-6f545f89ff-74dzq,0.010634120456354468
1783672655,cpu_utilisation,pod=workload-cloud-6f545f89ff-74dzq,0.010340746284614556
1783672665,cpu_utilisation,pod=workload-cloud-6f545f89ff-74dzq,0.010365941475549346
1783672675,cpu_utilisation,pod=workload-cloud-6f545f89ff-74dzq,0.010365941475549346
1783672685,cpu_utilisation,pod=workload-cloud-6f545f89ff-74dzq,0.010510814644091822
1783672695,cpu_utilisation,pod=workload-cloud-6f545f89ff-74dzq,0.010886771995043358
1783672705,cpu_utilisation,pod=workload-cloud-6f545f89ff-74dzq,0.010679161002136337
1783672715,cpu_utilisation,pod=workload-cloud-6f545f89ff-74dzq,0.010862854897337655
1783672725,cpu_utilisation,pod=workload-cloud-6f545f89ff-74dzq,0.010573667780513545
1783672735,cpu_utilisation,pod=workload-cloud-6f545f89ff-74dzq,0.010573667780513545
1783672745,cpu_utilisation,pod=workload-cloud-6f545f89ff-74dzq,0.010606588422332362
1783672755,cpu_utilisation,pod=workload-cloud-6f545f89ff-74dzq,0.010866289358868785
1783672765,cpu_utilisation,pod=workload-cloud-6f545f89ff-74dzq,0.010779883205311496
1783672775,cpu_utilisation,pod=workload-cloud-6f545f89ff-74dzq,0.010972969764128558
1783672785,cpu_utilisation,pod=workload-cloud-6f545f89ff-74dzq,0.011262411139181035
1783672795,cpu_utilisation,pod=workload-cloud-6f545f89ff-74dzq,0.010758989442518225
1783672805,cpu_utilisation,pod=workload-cloud-6f545f89ff-74dzq,0.0109935555373122
1783672335,cpu_utilisation,pod=workload-cloud-6f545f89ff-7996n,0.07189765028373339
1783672345,cpu_utilisation,pod=workload-cloud-6f545f89ff-7996n,0.06573883738800734
1783672355,cpu_utilisation,pod=workload-cloud-6f545f89ff-7996n,0.06350958954534537
1783672365,cpu_utilisation,pod=workload-cloud-6f545f89ff-7996n,0.07870818918694229
1783672375,cpu_utilisation,pod=workload-cloud-6f545f89ff-7996n,0.23575817176183514
1783672385,cpu_utilisation,pod=workload-cloud-6f545f89ff-7996n,0.7395447096995456
1783672395,cpu_utilisation,pod=workload-cloud-6f545f89ff-7996n,0.9049259931734972
1783672405,cpu_utilisation,pod=workload-cloud-6f545f89ff-7996n,1.5454833323291308
1783672415,cpu_utilisation,pod=workload-cloud-6f545f89ff-7996n,1.9672109523970087
1783672425,cpu_utilisation,pod=workload-cloud-6f545f89ff-7996n,2.1520673931193937
1783672435,cpu_utilisation,pod=workload-cloud-6f545f89ff-7996n,2.343277529921496
1783672445,cpu_utilisation,pod=workload-cloud-6f545f89ff-7996n,1.9693608768455295
1783672455,cpu_utilisation,pod=workload-cloud-6f545f89ff-7996n,2.3712597857437165
1783672465,cpu_utilisation,pod=workload-cloud-6f545f89ff-7996n,2.3566473737519895
1783672475,cpu_utilisation,pod=workload-cloud-6f545f89ff-7996n,1.6609506666666658
1783672485,cpu_utilisation,pod=workload-cloud-6f545f89ff-7996n,2.348352493297587
1783672495,cpu_utilisation,pod=workload-cloud-6f545f89ff-7996n,2.3575524037366145
1783672505,cpu_utilisation,pod=workload-cloud-6f545f89ff-7996n,2.3351122759793164
1783672515,cpu_utilisation,pod=workload-cloud-6f545f89ff-7996n,2.3578336495191032
1783672525,cpu_utilisation,pod=workload-cloud-6f545f89ff-7996n,2.333602074549636
1783672535,cpu_utilisation,pod=workload-cloud-6f545f89ff-7996n,1.923095540724416
1783672545,cpu_utilisation,pod=workload-cloud-6f545f89ff-7996n,1.9040690243347729
1783672555,cpu_utilisation,pod=workload-cloud-6f545f89ff-7996n,1.1278544847126482
1783672565,cpu_utilisation,pod=workload-cloud-6f545f89ff-7996n,0.9450329082682022
1783672575,cpu_utilisation,pod=workload-cloud-6f545f89ff-7996n,0.6355606521785392
1783672585,cpu_utilisation,pod=workload-cloud-6f545f89ff-7996n,0.16467450742123166
1783672595,cpu_utilisation,pod=workload-cloud-6f545f89ff-7996n,0.16452546698145976
1783672605,cpu_utilisation,pod=workload-cloud-6f545f89ff-7996n,0.16382004135834788
1783672615,cpu_utilisation,pod=workload-cloud-6f545f89ff-7996n,0.16450457721308911
1783672625,cpu_utilisation,pod=workload-cloud-6f545f89ff-7996n,0.13605862002524782
1783672635,cpu_utilisation,pod=workload-cloud-6f545f89ff-7996n,0.1644102551325497
1783672645,cpu_utilisation,pod=workload-cloud-6f545f89ff-7996n,0.16495189011290384
1783672655,cpu_utilisation,pod=workload-cloud-6f545f89ff-7996n,0.16423185871225107
1783672665,cpu_utilisation,pod=workload-cloud-6f545f89ff-7996n,0.16403429396334718
1783672675,cpu_utilisation,pod=workload-cloud-6f545f89ff-7996n,0.1639487131184215
1783672685,cpu_utilisation,pod=workload-cloud-6f545f89ff-7996n,0.16454339664310946
1783672695,cpu_utilisation,pod=workload-cloud-6f545f89ff-7996n,0.16454339664310946
1783672705,cpu_utilisation,pod=workload-cloud-6f545f89ff-7996n,0.16454032500752344
1783672715,cpu_utilisation,pod=workload-cloud-6f545f89ff-7996n,0.16497916835754584
1783672725,cpu_utilisation,pod=workload-cloud-6f545f89ff-7996n,0.152159046906059
1783672735,cpu_utilisation,pod=workload-cloud-6f545f89ff-7996n,0.152159046906059
1783672745,cpu_utilisation,pod=workload-cloud-6f545f89ff-7996n,0.08067797979798022
1783672755,cpu_utilisation,pod=workload-cloud-6f545f89ff-7996n,0.06347344641884677
1783672765,cpu_utilisation,pod=workload-cloud-6f545f89ff-7996n,0.010300763126126971
1783672775,cpu_utilisation,pod=workload-cloud-6f545f89ff-7996n,0.012194260853027657
1783672785,cpu_utilisation,pod=workload-cloud-6f545f89ff-7996n,0.012704264099037372
1783672795,cpu_utilisation,pod=workload-cloud-6f545f89ff-7996n,0.012704264099037372
1783672805,cpu_utilisation,pod=workload-cloud-6f545f89ff-7996n,0.01293507184672663
1783672385,cpu_utilisation,pod=workload-cloud-6f545f89ff-hkdhw,0.25143097212648635
1783672395,cpu_utilisation,pod=workload-cloud-6f545f89ff-hkdhw,0.49394334090110653
1783672405,cpu_utilisation,pod=workload-cloud-6f545f89ff-hkdhw,0.6653091410064991
1783672415,cpu_utilisation,pod=workload-cloud-6f545f89ff-hkdhw,0.9577079444606038
1783672425,cpu_utilisation,pod=workload-cloud-6f545f89ff-hkdhw,1.200504767905709
1783672435,cpu_utilisation,pod=workload-cloud-6f545f89ff-hkdhw,1.4125967762246567
1783672445,cpu_utilisation,pod=workload-cloud-6f545f89ff-hkdhw,1.4056676830635397
1783672455,cpu_utilisation,pod=workload-cloud-6f545f89ff-hkdhw,0.9325518749999997
1783672465,cpu_utilisation,pod=workload-cloud-6f545f89ff-hkdhw,1.4455667356862014
1783672475,cpu_utilisation,pod=workload-cloud-6f545f89ff-hkdhw,1.4542859515111257
1783672485,cpu_utilisation,pod=workload-cloud-6f545f89ff-hkdhw,1.4836057384115475
1783672495,cpu_utilisation,pod=workload-cloud-6f545f89ff-hkdhw,1.4836057384115475
1783672505,cpu_utilisation,pod=workload-cloud-6f545f89ff-hkdhw,1.4768644891405385
1783672515,cpu_utilisation,pod=workload-cloud-6f545f89ff-hkdhw,1.4768644891405385
1783672525,cpu_utilisation,pod=workload-cloud-6f545f89ff-hkdhw,1.3798658116342228
1783672535,cpu_utilisation,pod=workload-cloud-6f545f89ff-hkdhw,1.0315341264871636
1783672545,cpu_utilisation,pod=workload-cloud-6f545f89ff-hkdhw,0.42295563310257256
1783672555,cpu_utilisation,pod=workload-cloud-6f545f89ff-hkdhw,0.41559815044914783
1783672565,cpu_utilisation,pod=workload-cloud-6f545f89ff-hkdhw,0.0491515555555553
1783672575,cpu_utilisation,pod=workload-cloud-6f545f89ff-hkdhw,0.04884046653143998
1783672585,cpu_utilisation,pod=workload-cloud-6f545f89ff-hkdhw,0.009857772423530106
1783672595,cpu_utilisation,pod=workload-cloud-6f545f89ff-hkdhw,0.011505596845825654
1783672605,cpu_utilisation,pod=workload-cloud-6f545f89ff-hkdhw,0.011594768628606457
1783672615,cpu_utilisation,pod=workload-cloud-6f545f89ff-hkdhw,0.01112023056199501
1783672625,cpu_utilisation,pod=workload-cloud-6f545f89ff-hkdhw,0.01097129256225808
1783672635,cpu_utilisation,pod=workload-cloud-6f545f89ff-hkdhw,0.011417804204003507
1783672645,cpu_utilisation,pod=workload-cloud-6f545f89ff-hkdhw,0.01145443377070995
1783672655,cpu_utilisation,pod=workload-cloud-6f545f89ff-hkdhw,0.01122670216812435
1783672665,cpu_utilisation,pod=workload-cloud-6f545f89ff-hkdhw,0.011508911218624684
1783672675,cpu_utilisation,pod=workload-cloud-6f545f89ff-hkdhw,0.011508911218624684
1783672685,cpu_utilisation,pod=workload-cloud-6f545f89ff-hkdhw,0.011230111031883113
1783672695,cpu_utilisation,pod=workload-cloud-6f545f89ff-hkdhw,0.01112075728256911
1783672705,cpu_utilisation,pod=workload-cloud-6f545f89ff-hkdhw,0.00881198998747515
1783672715,cpu_utilisation,pod=workload-cloud-6f545f89ff-hkdhw,0.010969889694922233
1783672725,cpu_utilisation,pod=workload-cloud-6f545f89ff-hkdhw,0.009299314218603374
1783672735,cpu_utilisation,pod=workload-cloud-6f545f89ff-hkdhw,0.01101792424207062
1783672745,cpu_utilisation,pod=workload-cloud-6f545f89ff-hkdhw,0.011306433832739644
1783672755,cpu_utilisation,pod=workload-cloud-6f545f89ff-hkdhw,0.011391863943568056
1783672765,cpu_utilisation,pod=workload-cloud-6f545f89ff-hkdhw,0.011308334039129325
1783672775,cpu_utilisation,pod=workload-cloud-6f545f89ff-hkdhw,0.011540864678995531
1783672785,cpu_utilisation,pod=workload-cloud-6f545f89ff-hkdhw,0.011540864678995531
1783672795,cpu_utilisation,pod=workload-cloud-6f545f89ff-hkdhw,0.011626384514668393
1783672805,cpu_utilisation,pod=workload-cloud-6f545f89ff-hkdhw,0.011624722077676659
1783672275,cpu_utilisation,pod=workload-cloud-6f545f89ff-j6qdx,0.11552867344699018
1783672285,cpu_utilisation,pod=workload-cloud-6f545f89ff-j6qdx,0.12628999235104668
1783672295,cpu_utilisation,pod=workload-cloud-6f545f89ff-j6qdx,0.128352375
1783672305,cpu_utilisation,pod=workload-cloud-6f545f89ff-j6qdx,0.23580072257070686
1783672315,cpu_utilisation,pod=workload-cloud-6f545f89ff-j6qdx,0.33053409766314834
1783672325,cpu_utilisation,pod=workload-cloud-6f545f89ff-j6qdx,0.38798089071383446
1783672335,cpu_utilisation,pod=workload-cloud-6f545f89ff-j6qdx,0.4850556696464524
1783672345,cpu_utilisation,pod=workload-cloud-6f545f89ff-j6qdx,0.5592800926938043
1783672355,cpu_utilisation,pod=workload-cloud-6f545f89ff-j6qdx,0.48491215270156524
1783672365,cpu_utilisation,pod=workload-cloud-6f545f89ff-j6qdx,0.5722937810512477
1783672375,cpu_utilisation,pod=workload-cloud-6f545f89ff-j6qdx,0.7614966908766807
1783672385,cpu_utilisation,pod=workload-cloud-6f545f89ff-j6qdx,0.8113339980299352
1783672395,cpu_utilisation,pod=workload-cloud-6f545f89ff-j6qdx,1.3851712166477799
1783672405,cpu_utilisation,pod=workload-cloud-6f545f89ff-j6qdx,1.79918823090321
1783672415,cpu_utilisation,pod=workload-cloud-6f545f89ff-j6qdx,2.0508185015349936
1783672425,cpu_utilisation,pod=workload-cloud-6f545f89ff-j6qdx,2.3227704792938457
1783672435,cpu_utilisation,pod=workload-cloud-6f545f89ff-j6qdx,2.4791799188918247
1783672445,cpu_utilisation,pod=workload-cloud-6f545f89ff-j6qdx,2.4464901157317676
1783672455,cpu_utilisation,pod=workload-cloud-6f545f89ff-j6qdx,2.095252233635946
1783672465,cpu_utilisation,pod=workload-cloud-6f545f89ff-j6qdx,2.4474633513429778
1783672475,cpu_utilisation,pod=workload-cloud-6f545f89ff-j6qdx,2.4595309134906227
1783672485,cpu_utilisation,pod=workload-cloud-6f545f89ff-j6qdx,2.395798746638911
1783672495,cpu_utilisation,pod=workload-cloud-6f545f89ff-j6qdx,2.4212923167089953
1783672505,cpu_utilisation,pod=workload-cloud-6f545f89ff-j6qdx,2.4156581843912157
1783672515,cpu_utilisation,pod=workload-cloud-6f545f89ff-j6qdx,2.4156581843912157
1783672525,cpu_utilisation,pod=workload-cloud-6f545f89ff-j6qdx,2.380985381173396
1783672535,cpu_utilisation,pod=workload-cloud-6f545f89ff-j6qdx,2.380985381173396
1783672545,cpu_utilisation,pod=workload-cloud-6f545f89ff-j6qdx,1.919732499589512
1783672555,cpu_utilisation,pod=workload-cloud-6f545f89ff-j6qdx,1.6034544465141587
1783672565,cpu_utilisation,pod=workload-cloud-6f545f89ff-j6qdx,1.0279911294296862
1783672575,cpu_utilisation,pod=workload-cloud-6f545f89ff-j6qdx,1.0279911294296862
1783672585,cpu_utilisation,pod=workload-cloud-6f545f89ff-j6qdx,0.5731409592822635
1783672595,cpu_utilisation,pod=workload-cloud-6f545f89ff-j6qdx,0.5695597130637768
1783672605,cpu_utilisation,pod=workload-cloud-6f545f89ff-j6qdx,0.5682859521200365
1783672615,cpu_utilisation,pod=workload-cloud-6f545f89ff-j6qdx,0.5618824219322679
1783672625,cpu_utilisation,pod=workload-cloud-6f545f89ff-j6qdx,0.5621270676366159
1783672635,cpu_utilisation,pod=workload-cloud-6f545f89ff-j6qdx,0.5609510715937718
1783672645,cpu_utilisation,pod=workload-cloud-6f545f89ff-j6qdx,0.5606861429920019
1783672655,cpu_utilisation,pod=workload-cloud-6f545f89ff-j6qdx,0.5669589460784312
1783672665,cpu_utilisation,pod=workload-cloud-6f545f89ff-j6qdx,0.5672252712984904
1783672675,cpu_utilisation,pod=workload-cloud-6f545f89ff-j6qdx,0.5677672036878629
1783672685,cpu_utilisation,pod=workload-cloud-6f545f89ff-j6qdx,0.5740401114452498
1783672695,cpu_utilisation,pod=workload-cloud-6f545f89ff-j6qdx,0.5719907483892276
1783672705,cpu_utilisation,pod=workload-cloud-6f545f89ff-j6qdx,0.5719907483892276
1783672715,cpu_utilisation,pod=workload-cloud-6f545f89ff-j6qdx,0.5766491325008285
1783672725,cpu_utilisation,pod=workload-cloud-6f545f89ff-j6qdx,0.5763072321368892
1783672735,cpu_utilisation,pod=workload-cloud-6f545f89ff-j6qdx,0.573532591906086
1783672745,cpu_utilisation,pod=workload-cloud-6f545f89ff-j6qdx,0.4602877801285874
1783672755,cpu_utilisation,pod=workload-cloud-6f545f89ff-j6qdx,0.28093562734082334
1783672765,cpu_utilisation,pod=workload-cloud-6f545f89ff-j6qdx,0.28093562734082334
1783672775,cpu_utilisation,pod=workload-cloud-6f545f89ff-j6qdx,0.03809180152030873
1783672785,cpu_utilisation,pod=workload-cloud-6f545f89ff-j6qdx,0.032107923967601065
1783672795,cpu_utilisation,pod=workload-cloud-6f545f89ff-j6qdx,0.012052157858296891
1783672805,cpu_utilisation,pod=workload-cloud-6f545f89ff-j6qdx,0.011871612296738776
1783672175,cpu_utilisation,pod=workload-cloud-6f545f89ff-r28zz,0.012301707504310281
1783672185,cpu_utilisation,pod=workload-cloud-6f545f89ff-r28zz,0.012818350738577504
1783672195,cpu_utilisation,pod=workload-cloud-6f545f89ff-r28zz,0.09245968382134867
1783672205,cpu_utilisation,pod=workload-cloud-6f545f89ff-r28zz,0.09245968382134867
1783672215,cpu_utilisation,pod=workload-cloud-6f545f89ff-r28zz,0.27790516478532323
1783672225,cpu_utilisation,pod=workload-cloud-6f545f89ff-r28zz,0.27790516478532323
1783672235,cpu_utilisation,pod=workload-cloud-6f545f89ff-r28zz,0.47239866842258144
1783672245,cpu_utilisation,pod=workload-cloud-6f545f89ff-r28zz,0.6466182594430916
1783672255,cpu_utilisation,pod=workload-cloud-6f545f89ff-r28zz,0.6305877360226233
1783672265,cpu_utilisation,pod=workload-cloud-6f545f89ff-r28zz,0.8443114633566335
1783672275,cpu_utilisation,pod=workload-cloud-6f545f89ff-r28zz,0.8358912301673923
1783672285,cpu_utilisation,pod=workload-cloud-6f545f89ff-r28zz,0.8414623958182416
1783672295,cpu_utilisation,pod=workload-cloud-6f545f89ff-r28zz,1.09607488598227
1783672305,cpu_utilisation,pod=workload-cloud-6f545f89ff-r28zz,1.169214235641665
1783672315,cpu_utilisation,pod=workload-cloud-6f545f89ff-r28zz,1.1738298974108536
1783672325,cpu_utilisation,pod=workload-cloud-6f545f89ff-r28zz,1.2288702916746772
1783672335,cpu_utilisation,pod=workload-cloud-6f545f89ff-r28zz,1.0829820643660404
1783672345,cpu_utilisation,pod=workload-cloud-6f545f89ff-r28zz,1.3159611564558882
1783672355,cpu_utilisation,pod=workload-cloud-6f545f89ff-r28zz,1.1188941087968733
1783672365,cpu_utilisation,pod=workload-cloud-6f545f89ff-r28zz,1.4604567185109625
1783672375,cpu_utilisation,pod=workload-cloud-6f545f89ff-r28zz,1.6247436767951422
1783672385,cpu_utilisation,pod=workload-cloud-6f545f89ff-r28zz,1.870419207505253
1783672395,cpu_utilisation,pod=workload-cloud-6f545f89ff-r28zz,1.572955010596091
1783672405,cpu_utilisation,pod=workload-cloud-6f545f89ff-r28zz,2.5422901790204175
1783672415,cpu_utilisation,pod=workload-cloud-6f545f89ff-r28zz,2.0288181820299327
1783672425,cpu_utilisation,pod=workload-cloud-6f545f89ff-r28zz,2.959010704273203
1783672435,cpu_utilisation,pod=workload-cloud-6f545f89ff-r28zz,3.134428308485167
1783672445,cpu_utilisation,pod=workload-cloud-6f545f89ff-r28zz,3.172772944758543
1783672455,cpu_utilisation,pod=workload-cloud-6f545f89ff-r28zz,3.143768065819639
1783672465,cpu_utilisation,pod=workload-cloud-6f545f89ff-r28zz,3.109885840052652
1783672475,cpu_utilisation,pod=workload-cloud-6f545f89ff-r28zz,3.109885840052652
1783672485,cpu_utilisation,pod=workload-cloud-6f545f89ff-r28zz,3.1038950428156484
1783672495,cpu_utilisation,pod=workload-cloud-6f545f89ff-r28zz,3.1143663390513536
1783672505,cpu_utilisation,pod=workload-cloud-6f545f89ff-r28zz,3.121171998055435
1783672515,cpu_utilisation,pod=workload-cloud-6f545f89ff-r28zz,3.1284426208120517
1783672525,cpu_utilisation,pod=workload-cloud-6f545f89ff-r28zz,2.9830869645641265
1783672535,cpu_utilisation,pod=workload-cloud-6f545f89ff-r28zz,2.9830869645641265
1783672545,cpu_utilisation,pod=workload-cloud-6f545f89ff-r28zz,2.425718198417517
1783672555,cpu_utilisation,pod=workload-cloud-6f545f89ff-r28zz,2.201459905174156
1783672565,cpu_utilisation,pod=workload-cloud-6f545f89ff-r28zz,1.5041274008352759
1783672575,cpu_utilisation,pod=workload-cloud-6f545f89ff-r28zz,1.7230795981452607
1783672585,cpu_utilisation,pod=workload-cloud-6f545f89ff-r28zz,1.6310721026198507
1783672595,cpu_utilisation,pod=workload-cloud-6f545f89ff-r28zz,1.6185159624597614
1783672605,cpu_utilisation,pod=workload-cloud-6f545f89ff-r28zz,1.6039108835941935
1783672615,cpu_utilisation,pod=workload-cloud-6f545f89ff-r28zz,1.5978187259392576
1783672625,cpu_utilisation,pod=workload-cloud-6f545f89ff-r28zz,1.6056543009331061
1783672635,cpu_utilisation,pod=workload-cloud-6f545f89ff-r28zz,1.6098476150400975
1783672645,cpu_utilisation,pod=workload-cloud-6f545f89ff-r28zz,1.6072441198786025
1783672655,cpu_utilisation,pod=workload-cloud-6f545f89ff-r28zz,1.6117173405064935
1783672665,cpu_utilisation,pod=workload-cloud-6f545f89ff-r28zz,1.607739181256812
1783672675,cpu_utilisation,pod=workload-cloud-6f545f89ff-r28zz,1.6034970467881364
1783672685,cpu_utilisation,pod=workload-cloud-6f545f89ff-r28zz,1.6039217837386492
1783672695,cpu_utilisation,pod=workload-cloud-6f545f89ff-r28zz,1.6205041791578094
1783672705,cpu_utilisation,pod=workload-cloud-6f545f89ff-r28zz,1.625684720170728
1783672715,cpu_utilisation,pod=workload-cloud-6f545f89ff-r28zz,1.6290304986642963
1783672725,cpu_utilisation,pod=workload-cloud-6f545f89ff-r28zz,1.6421527721405889
1783672735,cpu_utilisation,pod=workload-cloud-6f545f89ff-r28zz,1.559721246193465
1783672745,cpu_utilisation,pod=workload-cloud-6f545f89ff-r28zz,1.420891846822672
1783672755,cpu_utilisation,pod=workload-cloud-6f545f89ff-r28zz,1.2921598358047315
1783672765,cpu_utilisation,pod=workload-cloud-6f545f89ff-r28zz,0.9414999001176378
1783672775,cpu_utilisation,pod=workload-cloud-6f545f89ff-r28zz,0.3020217318054275
1783672785,cpu_utilisation,pod=workload-cloud-6f545f89ff-r28zz,0.26381589043197556
1783672795,cpu_utilisation,pod=workload-cloud-6f545f89ff-r28zz,0.05238215530115472
1783672805,cpu_utilisation,pod=workload-cloud-6f545f89ff-r28zz,0.011323800637948815
1783672175,cpu_utilisation,pod=workload-edge-7b875fd8c6-pxwvc,0.025652375949554967
1783672185,cpu_utilisation,pod=workload-edge-7b875fd8c6-pxwvc,0.024888582190391646
1783672195,cpu_utilisation,pod=workload-edge-7b875fd8c6-pxwvc,0.025435454233400084
1783672205,cpu_utilisation,pod=workload-edge-7b875fd8c6-pxwvc,0.02044068070998862
1783672215,cpu_utilisation,pod=workload-edge-7b875fd8c6-pxwvc,0.02569344685656372
1783672225,cpu_utilisation,pod=workload-edge-7b875fd8c6-pxwvc,0.026693124032715648
1783672235,cpu_utilisation,pod=workload-edge-7b875fd8c6-pxwvc,0.02595247582894399
1783672245,cpu_utilisation,pod=workload-edge-7b875fd8c6-pxwvc,0.025952475828943996
1783672255,cpu_utilisation,pod=workload-edge-7b875fd8c6-pxwvc,0.026487505592169114
1783672265,cpu_utilisation,pod=workload-edge-7b875fd8c6-pxwvc,0.026295350988384415
1783672275,cpu_utilisation,pod=workload-edge-7b875fd8c6-pxwvc,0.02599493480126076
1783672285,cpu_utilisation,pod=workload-edge-7b875fd8c6-pxwvc,0.02656581556514155
1783672295,cpu_utilisation,pod=workload-edge-7b875fd8c6-pxwvc,0.021525732164429778
1783672305,cpu_utilisation,pod=workload-edge-7b875fd8c6-pxwvc,0.025813208528318754
1783672315,cpu_utilisation,pod=workload-edge-7b875fd8c6-pxwvc,0.025908892406818866
1783672325,cpu_utilisation,pod=workload-edge-7b875fd8c6-pxwvc,0.02632270268826813
1783672335,cpu_utilisation,pod=workload-edge-7b875fd8c6-pxwvc,0.02639202522630075
1783672345,cpu_utilisation,pod=workload-edge-7b875fd8c6-pxwvc,0.026894852845817743
1783672355,cpu_utilisation,pod=workload-edge-7b875fd8c6-pxwvc,0.02652053438889926
1783672365,cpu_utilisation,pod=workload-edge-7b875fd8c6-pxwvc,0.026186930819620105
1783672375,cpu_utilisation,pod=workload-edge-7b875fd8c6-pxwvc,0.02638136678889797
1783672385,cpu_utilisation,pod=workload-edge-7b875fd8c6-pxwvc,0.026262997631697906
1783672395,cpu_utilisation,pod=workload-edge-7b875fd8c6-pxwvc,0.0225074529726846
1783672405,cpu_utilisation,pod=workload-edge-7b875fd8c6-pxwvc,0.026835852319759077
1783672415,cpu_utilisation,pod=workload-edge-7b875fd8c6-pxwvc,0.027464908446240763
1783672425,cpu_utilisation,pod=workload-edge-7b875fd8c6-pxwvc,0.02718321722499671
1783672435,cpu_utilisation,pod=workload-edge-7b875fd8c6-pxwvc,0.027422684865240205
1783672445,cpu_utilisation,pod=workload-edge-7b875fd8c6-pxwvc,0.027740761722142043
1783672455,cpu_utilisation,pod=workload-edge-7b875fd8c6-pxwvc,0.02715466325320363
1783672465,cpu_utilisation,pod=workload-edge-7b875fd8c6-pxwvc,0.027340891153067395
1783672475,cpu_utilisation,pod=workload-edge-7b875fd8c6-pxwvc,0.02769373294272805
1783672485,cpu_utilisation,pod=workload-edge-7b875fd8c6-pxwvc,0.027689641981124922
1783672495,cpu_utilisation,pod=workload-edge-7b875fd8c6-pxwvc,0.027749551119080385
1783672505,cpu_utilisation,pod=workload-edge-7b875fd8c6-pxwvc,0.028089380990568198
1783672515,cpu_utilisation,pod=workload-edge-7b875fd8c6-pxwvc,0.027840958988315106
1783672525,cpu_utilisation,pod=workload-edge-7b875fd8c6-pxwvc,0.023105437891372146
1783672535,cpu_utilisation,pod=workload-edge-7b875fd8c6-pxwvc,0.027210997825938624
1783672545,cpu_utilisation,pod=workload-edge-7b875fd8c6-pxwvc,0.026993789716941087
1783672555,cpu_utilisation,pod=workload-edge-7b875fd8c6-pxwvc,0.027687433466823348
1783672565,cpu_utilisation,pod=workload-edge-7b875fd8c6-pxwvc,0.027247831427032698
1783672575,cpu_utilisation,pod=workload-edge-7b875fd8c6-pxwvc,0.023119528771294192
1783672585,cpu_utilisation,pod=workload-edge-7b875fd8c6-pxwvc,0.02761731119852545
1783672595,cpu_utilisation,pod=workload-edge-7b875fd8c6-pxwvc,0.026529495236190855
1783672605,cpu_utilisation,pod=workload-edge-7b875fd8c6-pxwvc,0.026449641041275066
1783672615,cpu_utilisation,pod=workload-edge-7b875fd8c6-pxwvc,0.026608776324359568
1783672625,cpu_utilisation,pod=workload-edge-7b875fd8c6-pxwvc,0.0262101979346447
1783672635,cpu_utilisation,pod=workload-edge-7b875fd8c6-pxwvc,0.02621885713237918
1783672645,cpu_utilisation,pod=workload-edge-7b875fd8c6-pxwvc,0.026325818934443683
1783672655,cpu_utilisation,pod=workload-edge-7b875fd8c6-pxwvc,0.026378605769221797
1783672665,cpu_utilisation,pod=workload-edge-7b875fd8c6-pxwvc,0.026313677404940897
1783672675,cpu_utilisation,pod=workload-edge-7b875fd8c6-pxwvc,0.026492113198824895
1783672685,cpu_utilisation,pod=workload-edge-7b875fd8c6-pxwvc,0.026414028311380126
1783672695,cpu_utilisation,pod=workload-edge-7b875fd8c6-pxwvc,0.026431745821138372
1783672705,cpu_utilisation,pod=workload-edge-7b875fd8c6-pxwvc,0.025949115444089635
1783672715,cpu_utilisation,pod=workload-edge-7b875fd8c6-pxwvc,0.026218047300394287
1783672725,cpu_utilisation,pod=workload-edge-7b875fd8c6-pxwvc,0.026218047300394287
1783672735,cpu_utilisation,pod=workload-edge-7b875fd8c6-pxwvc,0.02622593890839078
1783672745,cpu_utilisation,pod=workload-edge-7b875fd8c6-pxwvc,0.026617982109028892
1783672755,cpu_utilisation,pod=workload-edge-7b875fd8c6-pxwvc,0.026265000946441897
1783672765,cpu_utilisation,pod=workload-edge-7b875fd8c6-pxwvc,0.025770029057703946
1783672775,cpu_utilisation,pod=workload-edge-7b875fd8c6-pxwvc,0.022329929857208674
1783672785,cpu_utilisation,pod=workload-edge-7b875fd8c6-pxwvc,0.02605156393141181
1783672795,cpu_utilisation,pod=workload-edge-7b875fd8c6-pxwvc,0.0260908529048065
1783672805,cpu_utilisation,pod=workload-edge-7b875fd8c6-pxwvc,0.02683718297099038
1783672415,mem_mib,pod=workload-cloud-6f545f89ff-5644b,3.02734375
1783672425,mem_mib,pod=workload-cloud-6f545f89ff-5644b,3.02734375
1783672435,mem_mib,pod=workload-cloud-6f545f89ff-5644b,35.14453125
1783672445,mem_mib,pod=workload-cloud-6f545f89ff-5644b,35.16796875
1783672455,mem_mib,pod=workload-cloud-6f545f89ff-5644b,35.16796875
1783672465,mem_mib,pod=workload-cloud-6f545f89ff-5644b,35.17578125
1783672475,mem_mib,pod=workload-cloud-6f545f89ff-5644b,35.17578125
1783672485,mem_mib,pod=workload-cloud-6f545f89ff-5644b,35.17578125
1783672495,mem_mib,pod=workload-cloud-6f545f89ff-5644b,35.1953125
1783672505,mem_mib,pod=workload-cloud-6f545f89ff-5644b,35.1953125
1783672515,mem_mib,pod=workload-cloud-6f545f89ff-5644b,35.19921875
1783672525,mem_mib,pod=workload-cloud-6f545f89ff-5644b,35.19921875
1783672535,mem_mib,pod=workload-cloud-6f545f89ff-5644b,35.19921875
1783672545,mem_mib,pod=workload-cloud-6f545f89ff-5644b,35.203125
1783672555,mem_mib,pod=workload-cloud-6f545f89ff-5644b,35.2109375
1783672565,mem_mib,pod=workload-cloud-6f545f89ff-5644b,35.2109375
1783672575,mem_mib,pod=workload-cloud-6f545f89ff-5644b,35.2109375
1783672585,mem_mib,pod=workload-cloud-6f545f89ff-5644b,35.2109375
1783672595,mem_mib,pod=workload-cloud-6f545f89ff-5644b,35.21484375
1783672605,mem_mib,pod=workload-cloud-6f545f89ff-5644b,35.21484375
1783672615,mem_mib,pod=workload-cloud-6f545f89ff-5644b,35.22265625
1783672625,mem_mib,pod=workload-cloud-6f545f89ff-5644b,35.22265625
1783672635,mem_mib,pod=workload-cloud-6f545f89ff-5644b,35.22265625
1783672645,mem_mib,pod=workload-cloud-6f545f89ff-5644b,35.22265625
1783672655,mem_mib,pod=workload-cloud-6f545f89ff-5644b,35.234375
1783672665,mem_mib,pod=workload-cloud-6f545f89ff-5644b,35.234375
1783672675,mem_mib,pod=workload-cloud-6f545f89ff-5644b,35.234375
1783672685,mem_mib,pod=workload-cloud-6f545f89ff-5644b,35.234375
1783672695,mem_mib,pod=workload-cloud-6f545f89ff-5644b,35.234375
1783672705,mem_mib,pod=workload-cloud-6f545f89ff-5644b,35.24609375
1783672715,mem_mib,pod=workload-cloud-6f545f89ff-5644b,35.24609375
1783672725,mem_mib,pod=workload-cloud-6f545f89ff-5644b,35.24609375
1783672735,mem_mib,pod=workload-cloud-6f545f89ff-5644b,35.24609375
1783672745,mem_mib,pod=workload-cloud-6f545f89ff-5644b,35.24609375
1783672755,mem_mib,pod=workload-cloud-6f545f89ff-5644b,35.25
1783672765,mem_mib,pod=workload-cloud-6f545f89ff-5644b,35.25
1783672775,mem_mib,pod=workload-cloud-6f545f89ff-5644b,35.25
1783672785,mem_mib,pod=workload-cloud-6f545f89ff-5644b,35.25
1783672795,mem_mib,pod=workload-cloud-6f545f89ff-5644b,35.25
1783672805,mem_mib,pod=workload-cloud-6f545f89ff-5644b,35.25
1783672415,mem_mib,pod=workload-cloud-6f545f89ff-74dzq,4.12109375
1783672425,mem_mib,pod=workload-cloud-6f545f89ff-74dzq,35.12890625
1783672435,mem_mib,pod=workload-cloud-6f545f89ff-74dzq,35.12890625
1783672445,mem_mib,pod=workload-cloud-6f545f89ff-74dzq,35.15234375
1783672455,mem_mib,pod=workload-cloud-6f545f89ff-74dzq,35.15234375
1783672465,mem_mib,pod=workload-cloud-6f545f89ff-74dzq,35.15234375
1783672475,mem_mib,pod=workload-cloud-6f545f89ff-74dzq,35.15234375
1783672485,mem_mib,pod=workload-cloud-6f545f89ff-74dzq,35.17578125
1783672495,mem_mib,pod=workload-cloud-6f545f89ff-74dzq,35.17578125
1783672505,mem_mib,pod=workload-cloud-6f545f89ff-74dzq,35.1796875
1783672515,mem_mib,pod=workload-cloud-6f545f89ff-74dzq,35.18359375
1783672525,mem_mib,pod=workload-cloud-6f545f89ff-74dzq,35.18359375
1783672535,mem_mib,pod=workload-cloud-6f545f89ff-74dzq,35.19140625
1783672545,mem_mib,pod=workload-cloud-6f545f89ff-74dzq,35.203125
1783672555,mem_mib,pod=workload-cloud-6f545f89ff-74dzq,35.203125
1783672565,mem_mib,pod=workload-cloud-6f545f89ff-74dzq,35.203125
1783672575,mem_mib,pod=workload-cloud-6f545f89ff-74dzq,35.203125
1783672585,mem_mib,pod=workload-cloud-6f545f89ff-74dzq,35.69921875
1783672595,mem_mib,pod=workload-cloud-6f545f89ff-74dzq,35.69921875
1783672605,mem_mib,pod=workload-cloud-6f545f89ff-74dzq,35.21484375
1783672615,mem_mib,pod=workload-cloud-6f545f89ff-74dzq,35.21484375
1783672625,mem_mib,pod=workload-cloud-6f545f89ff-74dzq,35.21484375
1783672635,mem_mib,pod=workload-cloud-6f545f89ff-74dzq,35.21875
1783672645,mem_mib,pod=workload-cloud-6f545f89ff-74dzq,35.21875
1783672655,mem_mib,pod=workload-cloud-6f545f89ff-74dzq,35.2265625
1783672665,mem_mib,pod=workload-cloud-6f545f89ff-74dzq,35.2265625
1783672675,mem_mib,pod=workload-cloud-6f545f89ff-74dzq,35.2265625
1783672685,mem_mib,pod=workload-cloud-6f545f89ff-74dzq,35.2265625
1783672695,mem_mib,pod=workload-cloud-6f545f89ff-74dzq,35.2265625
1783672705,mem_mib,pod=workload-cloud-6f545f89ff-74dzq,35.234375
1783672715,mem_mib,pod=workload-cloud-6f545f89ff-74dzq,35.234375
1783672725,mem_mib,pod=workload-cloud-6f545f89ff-74dzq,35.234375
1783672735,mem_mib,pod=workload-cloud-6f545f89ff-74dzq,35.234375
1783672745,mem_mib,pod=workload-cloud-6f545f89ff-74dzq,35.23828125
1783672755,mem_mib,pod=workload-cloud-6f545f89ff-74dzq,35.23828125
1783672765,mem_mib,pod=workload-cloud-6f545f89ff-74dzq,35.23828125
1783672775,mem_mib,pod=workload-cloud-6f545f89ff-74dzq,35.23828125
1783672785,mem_mib,pod=workload-cloud-6f545f89ff-74dzq,35.23828125
1783672795,mem_mib,pod=workload-cloud-6f545f89ff-74dzq,35.23828125
1783672805,mem_mib,pod=workload-cloud-6f545f89ff-74dzq,35.23828125
1783672325,mem_mib,pod=workload-cloud-6f545f89ff-7996n,2.67578125
1783672335,mem_mib,pod=workload-cloud-6f545f89ff-7996n,35.1328125
1783672345,mem_mib,pod=workload-cloud-6f545f89ff-7996n,35.1484375
1783672355,mem_mib,pod=workload-cloud-6f545f89ff-7996n,35.16796875
1783672365,mem_mib,pod=workload-cloud-6f545f89ff-7996n,35.16796875
1783672375,mem_mib,pod=workload-cloud-6f545f89ff-7996n,36.53125
1783672385,mem_mib,pod=workload-cloud-6f545f89ff-7996n,38.53515625
1783672395,mem_mib,pod=workload-cloud-6f545f89ff-7996n,38.53515625
1783672405,mem_mib,pod=workload-cloud-6f545f89ff-7996n,39.21484375
1783672415,mem_mib,pod=workload-cloud-6f545f89ff-7996n,38.2734375
1783672425,mem_mib,pod=workload-cloud-6f545f89ff-7996n,38.2734375
1783672435,mem_mib,pod=workload-cloud-6f545f89ff-7996n,38.30859375
1783672445,mem_mib,pod=workload-cloud-6f545f89ff-7996n,38.08203125
1783672455,mem_mib,pod=workload-cloud-6f545f89ff-7996n,38.57421875
1783672465,mem_mib,pod=workload-cloud-6f545f89ff-7996n,38.67578125
1783672475,mem_mib,pod=workload-cloud-6f545f89ff-7996n,38.67578125
1783672485,mem_mib,pod=workload-cloud-6f545f89ff-7996n,38.19921875
1783672495,mem_mib,pod=workload-cloud-6f545f89ff-7996n,38.2421875
1783672505,mem_mib,pod=workload-cloud-6f545f89ff-7996n,38.2421875
1783672515,mem_mib,pod=workload-cloud-6f545f89ff-7996n,39.578125
1783672525,mem_mib,pod=workload-cloud-6f545f89ff-7996n,38.78125
1783672535,mem_mib,pod=workload-cloud-6f545f89ff-7996n,38.78125
1783672545,mem_mib,pod=workload-cloud-6f545f89ff-7996n,38.03515625
1783672555,mem_mib,pod=workload-cloud-6f545f89ff-7996n,37.59765625
1783672565,mem_mib,pod=workload-cloud-6f545f89ff-7996n,37.32421875
1783672575,mem_mib,pod=workload-cloud-6f545f89ff-7996n,37.32421875
1783672585,mem_mib,pod=workload-cloud-6f545f89ff-7996n,37.33203125
1783672595,mem_mib,pod=workload-cloud-6f545f89ff-7996n,37.3359375
1783672605,mem_mib,pod=workload-cloud-6f545f89ff-7996n,37.3359375
1783672615,mem_mib,pod=workload-cloud-6f545f89ff-7996n,37.33203125
1783672625,mem_mib,pod=workload-cloud-6f545f89ff-7996n,37.58203125
1783672635,mem_mib,pod=workload-cloud-6f545f89ff-7996n,37.58203125
1783672645,mem_mib,pod=workload-cloud-6f545f89ff-7996n,37.33203125
1783672655,mem_mib,pod=workload-cloud-6f545f89ff-7996n,37.33203125
1783672665,mem_mib,pod=workload-cloud-6f545f89ff-7996n,37.33203125
1783672675,mem_mib,pod=workload-cloud-6f545f89ff-7996n,37.33203125
1783672685,mem_mib,pod=workload-cloud-6f545f89ff-7996n,37.36328125
1783672695,mem_mib,pod=workload-cloud-6f545f89ff-7996n,37.36328125
1783672705,mem_mib,pod=workload-cloud-6f545f89ff-7996n,37.36328125
1783672715,mem_mib,pod=workload-cloud-6f545f89ff-7996n,37.36328125
1783672725,mem_mib,pod=workload-cloud-6f545f89ff-7996n,37.33203125
1783672735,mem_mib,pod=workload-cloud-6f545f89ff-7996n,37.33203125
1783672745,mem_mib,pod=workload-cloud-6f545f89ff-7996n,37.328125
1783672755,mem_mib,pod=workload-cloud-6f545f89ff-7996n,37.328125
1783672765,mem_mib,pod=workload-cloud-6f545f89ff-7996n,37.328125
1783672775,mem_mib,pod=workload-cloud-6f545f89ff-7996n,37.328125
1783672785,mem_mib,pod=workload-cloud-6f545f89ff-7996n,37.328125
1783672795,mem_mib,pod=workload-cloud-6f545f89ff-7996n,37.328125
1783672805,mem_mib,pod=workload-cloud-6f545f89ff-7996n,37.328125
1783672375,mem_mib,pod=workload-cloud-6f545f89ff-hkdhw,3.51171875
1783672385,mem_mib,pod=workload-cloud-6f545f89ff-hkdhw,36.1171875
1783672395,mem_mib,pod=workload-cloud-6f545f89ff-hkdhw,36.57421875
1783672405,mem_mib,pod=workload-cloud-6f545f89ff-hkdhw,36.57421875
1783672415,mem_mib,pod=workload-cloud-6f545f89ff-hkdhw,36.66796875
1783672425,mem_mib,pod=workload-cloud-6f545f89ff-hkdhw,36.6875
1783672435,mem_mib,pod=workload-cloud-6f545f89ff-hkdhw,36.6875
1783672445,mem_mib,pod=workload-cloud-6f545f89ff-hkdhw,36.82421875
1783672455,mem_mib,pod=workload-cloud-6f545f89ff-hkdhw,36.82421875
1783672465,mem_mib,pod=workload-cloud-6f545f89ff-hkdhw,36.76171875
1783672475,mem_mib,pod=workload-cloud-6f545f89ff-hkdhw,37.26171875
1783672485,mem_mib,pod=workload-cloud-6f545f89ff-hkdhw,36.8203125
1783672495,mem_mib,pod=workload-cloud-6f545f89ff-hkdhw,36.8203125
1783672505,mem_mib,pod=workload-cloud-6f545f89ff-hkdhw,37.28125
1783672515,mem_mib,pod=workload-cloud-6f545f89ff-hkdhw,37.28125
1783672525,mem_mib,pod=workload-cloud-6f545f89ff-hkdhw,36.80859375
1783672535,mem_mib,pod=workload-cloud-6f545f89ff-hkdhw,36.5625
1783672545,mem_mib,pod=workload-cloud-6f545f89ff-hkdhw,36.4296875
1783672555,mem_mib,pod=workload-cloud-6f545f89ff-hkdhw,36.42578125
1783672565,mem_mib,pod=workload-cloud-6f545f89ff-hkdhw,36.42578125
1783672575,mem_mib,pod=workload-cloud-6f545f89ff-hkdhw,36.43359375
1783672585,mem_mib,pod=workload-cloud-6f545f89ff-hkdhw,36.43359375
1783672595,mem_mib,pod=workload-cloud-6f545f89ff-hkdhw,36.43359375
1783672605,mem_mib,pod=workload-cloud-6f545f89ff-hkdhw,36.43359375
1783672615,mem_mib,pod=workload-cloud-6f545f89ff-hkdhw,36.43359375
1783672625,mem_mib,pod=workload-cloud-6f545f89ff-hkdhw,36.43359375
1783672635,mem_mib,pod=workload-cloud-6f545f89ff-hkdhw,36.43359375
1783672645,mem_mib,pod=workload-cloud-6f545f89ff-hkdhw,36.43359375
1783672655,mem_mib,pod=workload-cloud-6f545f89ff-hkdhw,36.43359375
1783672665,mem_mib,pod=workload-cloud-6f545f89ff-hkdhw,36.43359375
1783672675,mem_mib,pod=workload-cloud-6f545f89ff-hkdhw,36.43359375
1783672685,mem_mib,pod=workload-cloud-6f545f89ff-hkdhw,36.43359375
1783672695,mem_mib,pod=workload-cloud-6f545f89ff-hkdhw,36.43359375
1783672705,mem_mib,pod=workload-cloud-6f545f89ff-hkdhw,36.4375
1783672715,mem_mib,pod=workload-cloud-6f545f89ff-hkdhw,36.4375
1783672725,mem_mib,pod=workload-cloud-6f545f89ff-hkdhw,36.4375
1783672735,mem_mib,pod=workload-cloud-6f545f89ff-hkdhw,36.4375
1783672745,mem_mib,pod=workload-cloud-6f545f89ff-hkdhw,36.4375
1783672755,mem_mib,pod=workload-cloud-6f545f89ff-hkdhw,36.43359375
1783672765,mem_mib,pod=workload-cloud-6f545f89ff-hkdhw,36.43359375
1783672775,mem_mib,pod=workload-cloud-6f545f89ff-hkdhw,36.43359375
1783672785,mem_mib,pod=workload-cloud-6f545f89ff-hkdhw,36.43359375
1783672795,mem_mib,pod=workload-cloud-6f545f89ff-hkdhw,36.4375
1783672805,mem_mib,pod=workload-cloud-6f545f89ff-hkdhw,36.4375
1783672265,mem_mib,pod=workload-cloud-6f545f89ff-j6qdx,3.18359375
1783672275,mem_mib,pod=workload-cloud-6f545f89ff-j6qdx,35.69921875
1783672285,mem_mib,pod=workload-cloud-6f545f89ff-j6qdx,35.265625
1783672295,mem_mib,pod=workload-cloud-6f545f89ff-j6qdx,35.265625
1783672305,mem_mib,pod=workload-cloud-6f545f89ff-j6qdx,36.2265625
1783672315,mem_mib,pod=workload-cloud-6f545f89ff-j6qdx,36.13671875
1783672325,mem_mib,pod=workload-cloud-6f545f89ff-j6qdx,35.84765625
1783672335,mem_mib,pod=workload-cloud-6f545f89ff-j6qdx,35.91015625
1783672345,mem_mib,pod=workload-cloud-6f545f89ff-j6qdx,35.71875
1783672355,mem_mib,pod=workload-cloud-6f545f89ff-j6qdx,35.71875
1783672365,mem_mib,pod=workload-cloud-6f545f89ff-j6qdx,36.0390625
1783672375,mem_mib,pod=workload-cloud-6f545f89ff-j6qdx,37.5
1783672385,mem_mib,pod=workload-cloud-6f545f89ff-j6qdx,37.5
1783672395,mem_mib,pod=workload-cloud-6f545f89ff-j6qdx,38.2734375
1783672405,mem_mib,pod=workload-cloud-6f545f89ff-j6qdx,38.2734375
1783672415,mem_mib,pod=workload-cloud-6f545f89ff-j6qdx,38.34765625
1783672425,mem_mib,pod=workload-cloud-6f545f89ff-j6qdx,39.11328125
1783672435,mem_mib,pod=workload-cloud-6f545f89ff-j6qdx,38.44921875
1783672445,mem_mib,pod=workload-cloud-6f545f89ff-j6qdx,38.4453125
1783672455,mem_mib,pod=workload-cloud-6f545f89ff-j6qdx,38.4453125
1783672465,mem_mib,pod=workload-cloud-6f545f89ff-j6qdx,38.828125
1783672475,mem_mib,pod=workload-cloud-6f545f89ff-j6qdx,38.828125
1783672485,mem_mib,pod=workload-cloud-6f545f89ff-j6qdx,38.54296875
1783672495,mem_mib,pod=workload-cloud-6f545f89ff-j6qdx,38.54296875
1783672505,mem_mib,pod=workload-cloud-6f545f89ff-j6qdx,39.375
1783672515,mem_mib,pod=workload-cloud-6f545f89ff-j6qdx,39.375
1783672525,mem_mib,pod=workload-cloud-6f545f89ff-j6qdx,38.64453125
1783672535,mem_mib,pod=workload-cloud-6f545f89ff-j6qdx,38.64453125
1783672545,mem_mib,pod=workload-cloud-6f545f89ff-j6qdx,38.25390625
1783672555,mem_mib,pod=workload-cloud-6f545f89ff-j6qdx,37.671875
1783672565,mem_mib,pod=workload-cloud-6f545f89ff-j6qdx,37.89453125
1783672575,mem_mib,pod=workload-cloud-6f545f89ff-j6qdx,37.89453125
1783672585,mem_mib,pod=workload-cloud-6f545f89ff-j6qdx,37.68359375
1783672595,mem_mib,pod=workload-cloud-6f545f89ff-j6qdx,38.72265625
1783672605,mem_mib,pod=workload-cloud-6f545f89ff-j6qdx,38.72265625
1783672615,mem_mib,pod=workload-cloud-6f545f89ff-j6qdx,37.9375
1783672625,mem_mib,pod=workload-cloud-6f545f89ff-j6qdx,37.93359375
1783672635,mem_mib,pod=workload-cloud-6f545f89ff-j6qdx,37.9453125
1783672645,mem_mib,pod=workload-cloud-6f545f89ff-j6qdx,37.9453125
1783672655,mem_mib,pod=workload-cloud-6f545f89ff-j6qdx,37.91015625
1783672665,mem_mib,pod=workload-cloud-6f545f89ff-j6qdx,37.921875
1783672675,mem_mib,pod=workload-cloud-6f545f89ff-j6qdx,37.921875
1783672685,mem_mib,pod=workload-cloud-6f545f89ff-j6qdx,37.69140625
1783672695,mem_mib,pod=workload-cloud-6f545f89ff-j6qdx,37.8671875
1783672705,mem_mib,pod=workload-cloud-6f545f89ff-j6qdx,37.8671875
1783672715,mem_mib,pod=workload-cloud-6f545f89ff-j6qdx,38.1171875
1783672725,mem_mib,pod=workload-cloud-6f545f89ff-j6qdx,38.1171875
1783672735,mem_mib,pod=workload-cloud-6f545f89ff-j6qdx,37.625
1783672745,mem_mib,pod=workload-cloud-6f545f89ff-j6qdx,37.61328125
1783672755,mem_mib,pod=workload-cloud-6f545f89ff-j6qdx,37.5625
1783672765,mem_mib,pod=workload-cloud-6f545f89ff-j6qdx,37.5625
1783672775,mem_mib,pod=workload-cloud-6f545f89ff-j6qdx,37.5625
1783672785,mem_mib,pod=workload-cloud-6f545f89ff-j6qdx,37.5625
1783672795,mem_mib,pod=workload-cloud-6f545f89ff-j6qdx,37.5625
1783672805,mem_mib,pod=workload-cloud-6f545f89ff-j6qdx,37.5625
1783672175,mem_mib,pod=workload-cloud-6f545f89ff-r28zz,40.40625
1783672185,mem_mib,pod=workload-cloud-6f545f89ff-r28zz,40.40625
1783672195,mem_mib,pod=workload-cloud-6f545f89ff-r28zz,40.65234375
1783672205,mem_mib,pod=workload-cloud-6f545f89ff-r28zz,40.65234375
1783672215,mem_mib,pod=workload-cloud-6f545f89ff-r28zz,40.72265625
1783672225,mem_mib,pod=workload-cloud-6f545f89ff-r28zz,40.72265625
1783672235,mem_mib,pod=workload-cloud-6f545f89ff-r28zz,40.765625
1783672245,mem_mib,pod=workload-cloud-6f545f89ff-r28zz,41.375
1783672255,mem_mib,pod=workload-cloud-6f545f89ff-r28zz,41.375
1783672265,mem_mib,pod=workload-cloud-6f545f89ff-r28zz,41.44140625
1783672275,mem_mib,pod=workload-cloud-6f545f89ff-r28zz,40.69140625
1783672285,mem_mib,pod=workload-cloud-6f545f89ff-r28zz,40.69140625
1783672295,mem_mib,pod=workload-cloud-6f545f89ff-r28zz,41.51171875
1783672305,mem_mib,pod=workload-cloud-6f545f89ff-r28zz,40.7734375
1783672315,mem_mib,pod=workload-cloud-6f545f89ff-r28zz,41.03125
1783672325,mem_mib,pod=workload-cloud-6f545f89ff-r28zz,40.82421875
1783672335,mem_mib,pod=workload-cloud-6f545f89ff-r28zz,40.82421875
1783672345,mem_mib,pod=workload-cloud-6f545f89ff-r28zz,41.609375
1783672355,mem_mib,pod=workload-cloud-6f545f89ff-r28zz,41.609375
1783672365,mem_mib,pod=workload-cloud-6f545f89ff-r28zz,41.76953125
1783672375,mem_mib,pod=workload-cloud-6f545f89ff-r28zz,41.39453125
1783672385,mem_mib,pod=workload-cloud-6f545f89ff-r28zz,41.87890625
1783672395,mem_mib,pod=workload-cloud-6f545f89ff-r28zz,41.87890625
1783672405,mem_mib,pod=workload-cloud-6f545f89ff-r28zz,42.1796875
1783672415,mem_mib,pod=workload-cloud-6f545f89ff-r28zz,42.1796875
1783672425,mem_mib,pod=workload-cloud-6f545f89ff-r28zz,42.21875
1783672435,mem_mib,pod=workload-cloud-6f545f89ff-r28zz,42.40625
1783672445,mem_mib,pod=workload-cloud-6f545f89ff-r28zz,42.40625
1783672455,mem_mib,pod=workload-cloud-6f545f89ff-r28zz,42.4140625
1783672465,mem_mib,pod=workload-cloud-6f545f89ff-r28zz,42.171875
1783672475,mem_mib,pod=workload-cloud-6f545f89ff-r28zz,42.171875
1783672485,mem_mib,pod=workload-cloud-6f545f89ff-r28zz,42.2421875
1783672495,mem_mib,pod=workload-cloud-6f545f89ff-r28zz,42.2421875
1783672505,mem_mib,pod=workload-cloud-6f545f89ff-r28zz,42.43359375
1783672515,mem_mib,pod=workload-cloud-6f545f89ff-r28zz,42.43359375
1783672525,mem_mib,pod=workload-cloud-6f545f89ff-r28zz,42.609375
1783672535,mem_mib,pod=workload-cloud-6f545f89ff-r28zz,42.609375
1783672545,mem_mib,pod=workload-cloud-6f545f89ff-r28zz,41.2421875
1783672555,mem_mib,pod=workload-cloud-6f545f89ff-r28zz,41.6015625
1783672565,mem_mib,pod=workload-cloud-6f545f89ff-r28zz,41.6015625
1783672575,mem_mib,pod=workload-cloud-6f545f89ff-r28zz,41.33984375
1783672585,mem_mib,pod=workload-cloud-6f545f89ff-r28zz,41.33984375
1783672595,mem_mib,pod=workload-cloud-6f545f89ff-r28zz,41.08203125
1783672605,mem_mib,pod=workload-cloud-6f545f89ff-r28zz,41.08984375
1783672615,mem_mib,pod=workload-cloud-6f545f89ff-r28zz,41.08984375
1783672625,mem_mib,pod=workload-cloud-6f545f89ff-r28zz,41.8125
1783672635,mem_mib,pod=workload-cloud-6f545f89ff-r28zz,41.8125
1783672645,mem_mib,pod=workload-cloud-6f545f89ff-r28zz,41.37890625
1783672655,mem_mib,pod=workload-cloud-6f545f89ff-r28zz,41.37890625
1783672665,mem_mib,pod=workload-cloud-6f545f89ff-r28zz,41.31640625
1783672675,mem_mib,pod=workload-cloud-6f545f89ff-r28zz,41.86328125
1783672685,mem_mib,pod=workload-cloud-6f545f89ff-r28zz,41.86328125
1783672695,mem_mib,pod=workload-cloud-6f545f89ff-r28zz,41.296875
1783672705,mem_mib,pod=workload-cloud-6f545f89ff-r28zz,41.296875
1783672715,mem_mib,pod=workload-cloud-6f545f89ff-r28zz,41.796875
1783672725,mem_mib,pod=workload-cloud-6f545f89ff-r28zz,41.796875
1783672735,mem_mib,pod=workload-cloud-6f545f89ff-r28zz,41.6875
1783672745,mem_mib,pod=workload-cloud-6f545f89ff-r28zz,41.453125
1783672755,mem_mib,pod=workload-cloud-6f545f89ff-r28zz,41.453125
1783672765,mem_mib,pod=workload-cloud-6f545f89ff-r28zz,40.453125
1783672775,mem_mib,pod=workload-cloud-6f545f89ff-r28zz,40.41015625
1783672785,mem_mib,pod=workload-cloud-6f545f89ff-r28zz,40.41015625
1783672795,mem_mib,pod=workload-cloud-6f545f89ff-r28zz,40.41015625
1783672805,mem_mib,pod=workload-cloud-6f545f89ff-r28zz,40.41015625
1783672175,mem_mib,pod=workload-edge-7b875fd8c6-pxwvc,39.26171875
1783672185,mem_mib,pod=workload-edge-7b875fd8c6-pxwvc,39.26171875
1783672195,mem_mib,pod=workload-edge-7b875fd8c6-pxwvc,39.26171875
1783672205,mem_mib,pod=workload-edge-7b875fd8c6-pxwvc,39.26171875
1783672215,mem_mib,pod=workload-edge-7b875fd8c6-pxwvc,39.26171875
1783672225,mem_mib,pod=workload-edge-7b875fd8c6-pxwvc,39.26171875
1783672235,mem_mib,pod=workload-edge-7b875fd8c6-pxwvc,39.26171875
1783672245,mem_mib,pod=workload-edge-7b875fd8c6-pxwvc,39.26171875
1783672255,mem_mib,pod=workload-edge-7b875fd8c6-pxwvc,39.26171875
1783672265,mem_mib,pod=workload-edge-7b875fd8c6-pxwvc,39.26171875
1783672275,mem_mib,pod=workload-edge-7b875fd8c6-pxwvc,39.26171875
1783672285,mem_mib,pod=workload-edge-7b875fd8c6-pxwvc,39.265625
1783672295,mem_mib,pod=workload-edge-7b875fd8c6-pxwvc,39.265625
1783672305,mem_mib,pod=workload-edge-7b875fd8c6-pxwvc,39.26171875
1783672315,mem_mib,pod=workload-edge-7b875fd8c6-pxwvc,39.26171875
1783672325,mem_mib,pod=workload-edge-7b875fd8c6-pxwvc,39.26171875
1783672335,mem_mib,pod=workload-edge-7b875fd8c6-pxwvc,39.26171875
1783672345,mem_mib,pod=workload-edge-7b875fd8c6-pxwvc,39.26171875
1783672355,mem_mib,pod=workload-edge-7b875fd8c6-pxwvc,39.26171875
1783672365,mem_mib,pod=workload-edge-7b875fd8c6-pxwvc,39.26171875
1783672375,mem_mib,pod=workload-edge-7b875fd8c6-pxwvc,39.26171875
1783672385,mem_mib,pod=workload-edge-7b875fd8c6-pxwvc,39.26171875
1783672395,mem_mib,pod=workload-edge-7b875fd8c6-pxwvc,39.26171875
1783672405,mem_mib,pod=workload-edge-7b875fd8c6-pxwvc,39.26171875
1783672415,mem_mib,pod=workload-edge-7b875fd8c6-pxwvc,39.26171875
1783672425,mem_mib,pod=workload-edge-7b875fd8c6-pxwvc,39.26171875
1783672435,mem_mib,pod=workload-edge-7b875fd8c6-pxwvc,39.26171875
1783672445,mem_mib,pod=workload-edge-7b875fd8c6-pxwvc,39.26171875
1783672455,mem_mib,pod=workload-edge-7b875fd8c6-pxwvc,39.26171875
1783672465,mem_mib,pod=workload-edge-7b875fd8c6-pxwvc,39.26171875
1783672475,mem_mib,pod=workload-edge-7b875fd8c6-pxwvc,39.26171875
1783672485,mem_mib,pod=workload-edge-7b875fd8c6-pxwvc,39.26171875
1783672495,mem_mib,pod=workload-edge-7b875fd8c6-pxwvc,39.26171875
1783672505,mem_mib,pod=workload-edge-7b875fd8c6-pxwvc,39.26171875
1783672515,mem_mib,pod=workload-edge-7b875fd8c6-pxwvc,39.26171875
1783672525,mem_mib,pod=workload-edge-7b875fd8c6-pxwvc,39.26171875
1783672535,mem_mib,pod=workload-edge-7b875fd8c6-pxwvc,39.26171875
1783672545,mem_mib,pod=workload-edge-7b875fd8c6-pxwvc,39.26171875
1783672555,mem_mib,pod=workload-edge-7b875fd8c6-pxwvc,39.26171875
1783672565,mem_mib,pod=workload-edge-7b875fd8c6-pxwvc,39.26171875
1783672575,mem_mib,pod=workload-edge-7b875fd8c6-pxwvc,39.26171875
1783672585,mem_mib,pod=workload-edge-7b875fd8c6-pxwvc,39.26171875
1783672595,mem_mib,pod=workload-edge-7b875fd8c6-pxwvc,39.26171875
1783672605,mem_mib,pod=workload-edge-7b875fd8c6-pxwvc,39.26171875
1783672615,mem_mib,pod=workload-edge-7b875fd8c6-pxwvc,39.26171875
1783672625,mem_mib,pod=workload-edge-7b875fd8c6-pxwvc,39.26171875
1783672635,mem_mib,pod=workload-edge-7b875fd8c6-pxwvc,39.26171875
1783672645,mem_mib,pod=workload-edge-7b875fd8c6-pxwvc,39.26171875
1783672655,mem_mib,pod=workload-edge-7b875fd8c6-pxwvc,39.265625
1783672665,mem_mib,pod=workload-edge-7b875fd8c6-pxwvc,39.265625
1783672675,mem_mib,pod=workload-edge-7b875fd8c6-pxwvc,39.26171875
1783672685,mem_mib,pod=workload-edge-7b875fd8c6-pxwvc,39.26171875
1783672695,mem_mib,pod=workload-edge-7b875fd8c6-pxwvc,39.26171875
1783672705,mem_mib,pod=workload-edge-7b875fd8c6-pxwvc,39.26171875
1783672715,mem_mib,pod=workload-edge-7b875fd8c6-pxwvc,39.26171875
1783672725,mem_mib,pod=workload-edge-7b875fd8c6-pxwvc,39.26171875
1783672735,mem_mib,pod=workload-edge-7b875fd8c6-pxwvc,39.26171875
1783672745,mem_mib,pod=workload-edge-7b875fd8c6-pxwvc,39.26171875
1783672755,mem_mib,pod=workload-edge-7b875fd8c6-pxwvc,39.26171875
1783672765,mem_mib,pod=workload-edge-7b875fd8c6-pxwvc,39.26171875
1783672775,mem_mib,pod=workload-edge-7b875fd8c6-pxwvc,39.26171875
1783672785,mem_mib,pod=workload-edge-7b875fd8c6-pxwvc,39.26171875
1783672795,mem_mib,pod=workload-edge-7b875fd8c6-pxwvc,39.26171875
1783672805,mem_mib,pod=workload-edge-7b875fd8c6-pxwvc,39.26171875
1783672175,rps,tier=cloud,0.0
1783672185,rps,tier=cloud,1.4401144091047253
1783672195,rps,tier=cloud,6.920457230794117
1783672205,rps,tier=cloud,16.44090485597182
1783672215,rps,tier=cloud,29.941658517945143
1783672225,rps,tier=cloud,47.02376190095208
1783672235,rps,tier=cloud,66.68326816677684
1783672245,rps,tier=cloud,85.36615812067225
1783672255,rps,tier=cloud,103.28826306104489
1783672265,rps,tier=cloud,120.76712926905748
1783672275,rps,tier=cloud,138.1096692404596
1783672285,rps,tier=cloud,157.0949533839814
1783672295,rps,tier=cloud,176.5300268654485
1783672305,rps,tier=cloud,195.43183715735964
1783672315,rps,tier=cloud,213.4750027715026
1783672325,rps,tier=cloud,232.92079324759487
1783672335,rps,tier=cloud,253.62495690049798
1783672345,rps,tier=cloud,270.8596474505168
1783672355,rps,tier=cloud,285.3770347309612
1783672365,rps,tier=cloud,306.315484478318
1783672375,rps,tier=cloud,406.24592764076243
1783672385,rps,tier=cloud,548.0460955485908
1783672395,rps,tier=cloud,747.9076411204568
1783672405,rps,tier=cloud,944.2596457732152
1783672415,rps,tier=cloud,1130.0629573939236
1783672425,rps,tier=cloud,1272.7825100167684
1783672435,rps,tier=cloud,1351.1976816354718
1783672445,rps,tier=cloud,1363.6538588177082
1783672455,rps,tier=cloud,1361.6316592999615
1783672465,rps,tier=cloud,1356.1195531813462
1783672475,rps,tier=cloud,1357.7583099892452
1783672485,rps,tier=cloud,1352.497152844398
1783672495,rps,tier=cloud,1355.5473415410345
1783672505,rps,tier=cloud,1362.887077884811
1783672515,rps,tier=cloud,1358.5497920020389
1783672525,rps,tier=cloud,1309.996628106806
1783672535,rps,tier=cloud,1198.304999134911
1783672545,rps,tier=cloud,1015.0940036878483
1783672555,rps,tier=cloud,805.8417705587858
1783672565,rps,tier=cloud,611.819782696333
1783672575,rps,tier=cloud,454.98539279118165
1783672585,rps,tier=cloud,365.1488614878938
1783672595,rps,tier=cloud,343.9537445869364
1783672605,rps,tier=cloud,342.9393997227169
1783672615,rps,tier=cloud,341.0040613394328
1783672625,rps,tier=cloud,341.3437645371664
1783672635,rps,tier=cloud,340.95798741799763
1783672645,rps,tier=cloud,341.9256346751797
1783672655,rps,tier=cloud,343.38006019599135
1783672665,rps,tier=cloud,342.7371117494084
1783672675,rps,tier=cloud,341.3627170005723
1783672685,rps,tier=cloud,341.5816302494611
1783672695,rps,tier=cloud,342.0414568941817
1783672705,rps,tier=cloud,340.72195103767996
1783672715,rps,tier=cloud,342.24111015048976
1783672725,rps,tier=cloud,342.5980591933722
1783672735,rps,tier=cloud,325.2859341113287
1783672745,rps,tier=cloud,283.6375283957674
1783672755,rps,tier=cloud,222.93628889650253
1783672765,rps,tier=cloud,153.97175170617447
1783672775,rps,tier=cloud,86.24606324519343
1783672785,rps,tier=cloud,35.38116485051464
1783672795,rps,tier=cloud,7.580469629361857
1783672805,rps,tier=cloud,0.0
1783672175,rps,tier=edge,0.0
1783672185,rps,tier=edge,0.0
1783672195,rps,tier=edge,0.0
1783672205,rps,tier=edge,0.0
1783672215,rps,tier=edge,0.0
1783672225,rps,tier=edge,0.0
1783672235,rps,tier=edge,0.0
1783672245,rps,tier=edge,0.0
1783672255,rps,tier=edge,0.0
1783672265,rps,tier=edge,0.0
1783672275,rps,tier=edge,0.0
1783672285,rps,tier=edge,0.0
1783672295,rps,tier=edge,0.0
1783672305,rps,tier=edge,0.0
1783672315,rps,tier=edge,0.0
1783672325,rps,tier=edge,0.0
1783672335,rps,tier=edge,0.0
1783672345,rps,tier=edge,0.0
1783672355,rps,tier=edge,0.0
1783672365,rps,tier=edge,0.0
1783672375,rps,tier=edge,0.0
1783672385,rps,tier=edge,0.0
1783672395,rps,tier=edge,0.0
1783672405,rps,tier=edge,0.0
1783672415,rps,tier=edge,0.0
1783672425,rps,tier=edge,0.0
1783672435,rps,tier=edge,0.0
1783672445,rps,tier=edge,0.0
1783672455,rps,tier=edge,0.0
1783672465,rps,tier=edge,0.0
1783672475,rps,tier=edge,0.0
1783672485,rps,tier=edge,0.0
1783672495,rps,tier=edge,0.0
1783672505,rps,tier=edge,0.0
1783672515,rps,tier=edge,0.0
1783672525,rps,tier=edge,0.0
1783672535,rps,tier=edge,0.0
1783672545,rps,tier=edge,0.0
1783672555,rps,tier=edge,0.0
1783672565,rps,tier=edge,0.0
1783672575,rps,tier=edge,0.0
1783672585,rps,tier=edge,0.0
1783672595,rps,tier=edge,0.0
1783672605,rps,tier=edge,0.0
1783672615,rps,tier=edge,0.0
1783672625,rps,tier=edge,0.0
1783672635,rps,tier=edge,0.0
1783672645,rps,tier=edge,0.0
1783672655,rps,tier=edge,0.0
1783672665,rps,tier=edge,0.0
1783672675,rps,tier=edge,0.0
1783672685,rps,tier=edge,0.0
1783672695,rps,tier=edge,0.0
1783672705,rps,tier=edge,0.0
1783672715,rps,tier=edge,0.0
1783672725,rps,tier=edge,0.0
1783672735,rps,tier=edge,0.0
1783672745,rps,tier=edge,0.0
1783672755,rps,tier=edge,0.0
1783672765,rps,tier=edge,0.0
1783672775,rps,tier=edge,0.0
1783672785,rps,tier=edge,0.0
1783672795,rps,tier=edge,0.0
1783672805,rps,tier=edge,0.0
1783672175,lat50_ms,tier=cloud,4.267666002227068
1783672185,lat50_ms,tier=cloud,3.3974353345701442
1783672195,lat50_ms,tier=cloud,3.362776025236593
1783672205,lat50_ms,tier=cloud,3.371202130597916
1783672215,lat50_ms,tier=cloud,3.3961628847432954
1783672225,lat50_ms,tier=cloud,3.6902730375426627
1783672235,lat50_ms,tier=cloud,3.903447243100636
1783672245,lat50_ms,tier=cloud,4.320971686201917
1783672255,lat50_ms,tier=cloud,4.805410398881996
1783672265,lat50_ms,tier=cloud,5.542494742036648
1783672275,lat50_ms,tier=cloud,6.339023535338506
1783672285,lat50_ms,tier=cloud,6.65652538924038
1783672295,lat50_ms,tier=cloud,6.646684227947012
1783672305,lat50_ms,tier=cloud,6.802585469897712
1783672315,lat50_ms,tier=cloud,7.218626334819348
1783672325,lat50_ms,tier=cloud,7.6141444062584105
1783672335,lat50_ms,tier=cloud,7.924895063903082
1783672345,lat50_ms,tier=cloud,8.47500014305387
1783672355,lat50_ms,tier=cloud,8.86630886988165
1783672365,lat50_ms,tier=cloud,9.079859082451717
1783672375,lat50_ms,tier=cloud,9.676276917011577
1783672385,lat50_ms,tier=cloud,12.601467564958186
1783672395,lat50_ms,tier=cloud,16.61969251896087
1783672405,lat50_ms,tier=cloud,20.756275865035676
1783672415,lat50_ms,tier=cloud,24.78303536714612
1783672425,lat50_ms,tier=cloud,27.644033235082194
1783672435,lat50_ms,tier=cloud,29.669658033289615
1783672445,lat50_ms,tier=cloud,31.380855975216594
1783672455,lat50_ms,tier=cloud,32.53649927585096
1783672465,lat50_ms,tier=cloud,33.53428793747225
1783672475,lat50_ms,tier=cloud,34.25002209088456
1783672485,lat50_ms,tier=cloud,35.287524548707445
1783672495,lat50_ms,tier=cloud,35.69204880937522
1783672505,lat50_ms,tier=cloud,35.4935471578989
1783672515,lat50_ms,tier=cloud,35.51390503020943
1783672525,lat50_ms,tier=cloud,34.952069403553274
1783672535,lat50_ms,tier=cloud,34.00110600399841
1783672545,lat50_ms,tier=cloud,33.22050973020606
1783672555,lat50_ms,tier=cloud,32.158232843715254
1783672565,lat50_ms,tier=cloud,30.89298586069798
1783672575,lat50_ms,tier=cloud,29.35353294473389
1783672585,lat50_ms,tier=cloud,27.666235328233473
1783672595,lat50_ms,tier=cloud,25.4624785619255
1783672605,lat50_ms,tier=cloud,22.61378582095934
1783672615,lat50_ms,tier=cloud,19.499058546655046
1783672625,lat50_ms,tier=cloud,15.879720760438063
1783672635,lat50_ms,tier=cloud,13.374790425653172
1783672645,lat50_ms,tier=cloud,11.656675049243251
1783672655,lat50_ms,tier=cloud,11.260387843785315
1783672665,lat50_ms,tier=cloud,11.647199674897518
1783672675,lat50_ms,tier=cloud,12.142887379902856
1783672685,lat50_ms,tier=cloud,12.112327299992751
1783672695,lat50_ms,tier=cloud,11.835566594495914
1783672705,lat50_ms,tier=cloud,11.846868628829295
1783672715,lat50_ms,tier=cloud,11.66663753972213
1783672725,lat50_ms,tier=cloud,11.453897310320183
1783672735,lat50_ms,tier=cloud,11.156520984676598
1783672745,lat50_ms,tier=cloud,10.429764170146479
1783672755,lat50_ms,tier=cloud,10.24144928251009
1783672765,lat50_ms,tier=cloud,10.368199974824543
1783672775,lat50_ms,tier=cloud,9.987260599074563
1783672785,lat50_ms,tier=cloud,9.53504076786709
1783672795,lat50_ms,tier=cloud,9.193161094480192
1783672805,lat50_ms,tier=cloud,9.110089793500434
1783672175,lat95_ms,tier=cloud,9.586956956761096
1783672185,lat95_ms,tier=cloud,4.932050788223752
1783672195,lat95_ms,tier=cloud,4.836277602523659
1783672205,lat95_ms,tier=cloud,4.837120213059791
1783672215,lat95_ms,tier=cloud,4.916817780789571
1783672225,lat95_ms,tier=cloud,9.510093167701864
1783672235,lat95_ms,tier=cloud,10.591161745349213
1783672245,lat95_ms,tier=cloud,17.06151107171856
1783672255,lat95_ms,tier=cloud,18.39519734121227
1783672265,lat95_ms,tier=cloud,18.670050902483137
1783672275,lat95_ms,tier=cloud,18.853634239477046
1783672285,lat95_ms,tier=cloud,18.91275334863385
1783672295,lat95_ms,tier=cloud,18.906772215925965
1783672305,lat95_ms,tier=cloud,18.989458791751844
1783672315,lat95_ms,tier=cloud,19.16547383048283
1783672325,lat95_ms,tier=cloud,19.347847960874237
1783672335,lat95_ms,tier=cloud,19.5553374439786
1783672345,lat95_ms,tier=cloud,22.61215711696738
1783672355,lat95_ms,tier=cloud,33.64538506873995
1783672365,lat95_ms,tier=cloud,38.38775128543169
1783672375,lat95_ms,tier=cloud,42.510049394429956
1783672385,lat95_ms,tier=cloud,48.525107089217464
1783672395,lat95_ms,tier=cloud,62.54385342578604
1783672405,lat95_ms,tier=cloud,67.21655992061348
1783672415,lat95_ms,tier=cloud,69.60963646845586
1783672425,lat95_ms,tier=cloud,71.07953279251527
1783672435,lat95_ms,tier=cloud,71.79267933197103
1783672445,lat95_ms,tier=cloud,72.58307663333593
1783672455,lat95_ms,tier=cloud,73.34546036995226
1783672465,lat95_ms,tier=cloud,73.8055622688036
1783672475,lat95_ms,tier=cloud,74.07980354305805
1783672485,lat95_ms,tier=cloud,74.56868586382603
1783672495,lat95_ms,tier=cloud,74.912136053593
1783672505,lat95_ms,tier=cloud,75.27464073928523
1783672515,lat95_ms,tier=cloud,76.3624854441944
1783672525,lat95_ms,tier=cloud,75.59296240884666
1783672535,lat95_ms,tier=cloud,74.83378299334889
1783672545,lat95_ms,tier=cloud,74.75381528310898
1783672555,lat95_ms,tier=cloud,74.45476773612324
1783672565,lat95_ms,tier=cloud,73.85514233473927
1783672575,lat95_ms,tier=cloud,73.22502412719936
1783672585,lat95_ms,tier=cloud,72.56435395226872
1783672595,lat95_ms,tier=cloud,70.95223931979847
1783672605,lat95_ms,tier=cloud,68.62430153579027
1783672615,lat95_ms,tier=cloud,63.978017034856215
1783672625,lat95_ms,tier=cloud,49.2740997928959
1783672635,lat95_ms,tier=cloud,46.26418923671378
1783672645,lat95_ms,tier=cloud,45.30329022430225
1783672655,lat95_ms,tier=cloud,45.05259006022838
1783672665,lat95_ms,tier=cloud,45.31191462011848
1783672675,lat95_ms,tier=cloud,45.6453434325218
1783672685,lat95_ms,tier=cloud,45.687929611722986
1783672695,lat95_ms,tier=cloud,45.5528417180838
1783672705,lat95_ms,tier=cloud,45.501447906525456
1783672715,lat95_ms,tier=cloud,45.38285759408877
1783672725,lat95_ms,tier=cloud,45.20977275900392
1783672735,lat95_ms,tier=cloud,44.95601856549325
1783672745,lat95_ms,tier=cloud,44.62214644701358
1783672755,lat95_ms,tier=cloud,44.59054145630955
1783672765,lat95_ms,tier=cloud,44.65054945892771
1783672775,lat95_ms,tier=cloud,44.17185005429067
1783672785,lat95_ms,tier=cloud,43.41598397082108
1783672795,lat95_ms,tier=cloud,42.7593632520531
1783672805,lat95_ms,tier=cloud,42.846374671946855
1783672175,lat99_ms,tier=cloud,15.466672811786063
1783672185,lat99_ms,tier=cloud,8.337492044876004
1783672195,lat99_ms,tier=cloud,4.9672555205047315
1783672205,lat99_ms,tier=cloud,4.967424042611958
1783672215,lat99_ms,tier=cloud,8.030277847691217
1783672225,lat99_ms,tier=cloud,17.266279069767457
1783672235,lat99_ms,tier=cloud,18.118232349069842
1783672245,lat99_ms,tier=cloud,19.763694539028236
1783672255,lat99_ms,tier=cloud,19.94899427014902
1783672265,lat99_ms,tier=cloud,19.972557864354048
1783672275,lat99_ms,tier=cloud,20.737217869296448
1783672285,lat99_ms,tier=cloud,23.522393026587544
1783672295,lat99_ms,tier=cloud,23.467456065957084
1783672305,lat99_ms,tier=cloud,28.71178729839187
1783672315,lat99_ms,tier=cloud,34.30330857775165
1783672325,lat99_ms,tier=cloud,38.051099686707865
1783672335,lat99_ms,tier=cloud,40.80004858611777
1783672345,lat99_ms,tier=cloud,44.522431423393485
1783672355,lat99_ms,tier=cloud,46.72907701374798
1783672365,lat99_ms,tier=cloud,47.67755025708635
1783672375,lat99_ms,tier=cloud,48.808541998285364
1783672385,lat99_ms,tier=cloud,68.4797937936416
1783672395,lat99_ms,tier=cloud,74.26128900506322
1783672405,lat99_ms,tier=cloud,81.33778764852744
1783672415,lat99_ms,tier=cloud,87.2885097170423
1783672425,lat99_ms,tier=cloud,90.1616731219847
1783672435,lat99_ms,tier=cloud,91.39690842194892
1783672445,lat99_ms,tier=cloud,92.8161899063883
1783672455,lat99_ms,tier=cloud,94.0939561782139
1783672465,lat99_ms,tier=cloud,94.93743808972219
1783672475,lat99_ms,tier=cloud,95.4877879183551
1783672485,lat99_ms,tier=cloud,95.93930752782347
1783672495,lat99_ms,tier=cloud,96.29474558967601
1783672505,lat99_ms,tier=cloud,96.4053651823183
1783672515,lat99_ms,tier=cloud,96.63477783773767
1783672525,lat99_ms,tier=cloud,96.54370288720719
1783672535,lat99_ms,tier=cloud,96.35295378580754
1783672545,lat99_ms,tier=cloud,96.2815160997146
1783672555,lat99_ms,tier=cloud,96.05941264137819
1783672565,lat99_ms,tier=cloud,95.48753178097257
1783672575,lat99_ms,tier=cloud,94.65045070809461
1783672585,lat99_ms,tier=cloud,93.68617587987433
1783672595,lat99_ms,tier=cloud,91.98984642939858
1783672605,lat99_ms,tier=cloud,89.6828371497577
1783672615,lat99_ms,tier=cloud,85.2601798301408
1783672625,lat99_ms,tier=cloud,71.27359815062418
1783672635,lat99_ms,tier=cloud,49.684940742503876
1783672645,lat99_ms,tier=cloud,49.0742811322078
1783672655,lat99_ms,tier=cloud,49.01051801204568
1783672665,lat99_ms,tier=cloud,49.0623829240237
1783672675,lat99_ms,tier=cloud,49.155238831977094
1783672685,lat99_ms,tier=cloud,49.18981254405887
1783672695,lat99_ms,tier=cloud,49.16435847003893
1783672705,lat99_ms,tier=cloud,49.154684918687465
1783672715,lat99_ms,tier=cloud,49.132339147950276
1783672725,lat99_ms,tier=cloud,49.09984068139107
1783672735,lat99_ms,tier=cloud,49.053663049573764
1783672745,lat99_ms,tier=cloud,48.99493604357759
1783672755,lat99_ms,tier=cloud,48.99603040007119
1783672765,lat99_ms,tier=cloud,49.01687556869026
1783672775,lat99_ms,tier=cloud,48.94204506324682
1783672785,lat99_ms,tier=cloud,48.752891303557256
1783672795,lat99_ms,tier=cloud,48.55187265041062
1783672805,lat99_ms,tier=cloud,48.569274934389384
1783672175,inflight,tier=cloud,0.0
1783672185,inflight,tier=cloud,0.0
1783672195,inflight,tier=cloud,0.0
1783672205,inflight,tier=cloud,0.0
1783672215,inflight,tier=cloud,0.0
1783672225,inflight,tier=cloud,0.0
1783672235,inflight,tier=cloud,0.0
1783672245,inflight,tier=cloud,0.0
1783672255,inflight,tier=cloud,0.0
1783672265,inflight,tier=cloud,0.0
1783672275,inflight,tier=cloud,0.0
1783672285,inflight,tier=cloud,0.0
1783672295,inflight,tier=cloud,0.0
1783672305,inflight,tier=cloud,0.0
1783672315,inflight,tier=cloud,0.0
1783672325,inflight,tier=cloud,0.0
1783672335,inflight,tier=cloud,0.0
1783672345,inflight,tier=cloud,10.0
1783672355,inflight,tier=cloud,0.0
1783672365,inflight,tier=cloud,0.0
1783672375,inflight,tier=cloud,11.0
1783672385,inflight,tier=cloud,19.0
1783672395,inflight,tier=cloud,58.0
1783672405,inflight,tier=cloud,23.0
1783672415,inflight,tier=cloud,37.0
1783672425,inflight,tier=cloud,14.0
1783672435,inflight,tier=cloud,27.0
1783672445,inflight,tier=cloud,21.0
1783672455,inflight,tier=cloud,10.0
1783672465,inflight,tier=cloud,15.0
1783672475,inflight,tier=cloud,0.0
1783672485,inflight,tier=cloud,4.0
1783672495,inflight,tier=cloud,0.0
1783672505,inflight,tier=cloud,28.0
1783672515,inflight,tier=cloud,34.0
1783672525,inflight,tier=cloud,12.0
1783672535,inflight,tier=cloud,1.0
1783672545,inflight,tier=cloud,0.0
1783672555,inflight,tier=cloud,0.0
1783672565,inflight,tier=cloud,0.0
1783672575,inflight,tier=cloud,9.0
1783672585,inflight,tier=cloud,2.0
1783672595,inflight,tier=cloud,0.0
1783672605,inflight,tier=cloud,0.0
1783672615,inflight,tier=cloud,0.0
1783672625,inflight,tier=cloud,0.0
1783672635,inflight,tier=cloud,0.0
1783672645,inflight,tier=cloud,0.0
1783672655,inflight,tier=cloud,0.0
1783672665,inflight,tier=cloud,0.0
1783672675,inflight,tier=cloud,0.0
1783672685,inflight,tier=cloud,2.0
1783672695,inflight,tier=cloud,0.0
1783672705,inflight,tier=cloud,0.0
1783672715,inflight,tier=cloud,0.0
1783672725,inflight,tier=cloud,0.0
1783672735,inflight,tier=cloud,0.0
1783672745,inflight,tier=cloud,0.0
1783672755,inflight,tier=cloud,0.0
1783672765,inflight,tier=cloud,0.0
1783672775,inflight,tier=cloud,0.0
1783672785,inflight,tier=cloud,0.0
1783672795,inflight,tier=cloud,0.0
1783672805,inflight,tier=cloud,0.0
1783672175,inflight,tier=edge,0.0
1783672185,inflight,tier=edge,0.0
1783672195,inflight,tier=edge,0.0
1783672205,inflight,tier=edge,0.0
1783672215,inflight,tier=edge,0.0
1783672225,inflight,tier=edge,0.0
1783672235,inflight,tier=edge,0.0
1783672245,inflight,tier=edge,0.0
1783672255,inflight,tier=edge,0.0
1783672265,inflight,tier=edge,0.0
1783672275,inflight,tier=edge,0.0
1783672285,inflight,tier=edge,0.0
1783672295,inflight,tier=edge,0.0
1783672305,inflight,tier=edge,0.0
1783672315,inflight,tier=edge,0.0
1783672325,inflight,tier=edge,0.0
1783672335,inflight,tier=edge,0.0
1783672345,inflight,tier=edge,0.0
1783672355,inflight,tier=edge,0.0
1783672365,inflight,tier=edge,0.0
1783672375,inflight,tier=edge,0.0
1783672385,inflight,tier=edge,0.0
1783672395,inflight,tier=edge,0.0
1783672405,inflight,tier=edge,0.0
1783672415,inflight,tier=edge,0.0
1783672425,inflight,tier=edge,0.0
1783672435,inflight,tier=edge,0.0
1783672445,inflight,tier=edge,0.0
1783672455,inflight,tier=edge,0.0
1783672465,inflight,tier=edge,0.0
1783672475,inflight,tier=edge,0.0
1783672485,inflight,tier=edge,0.0
1783672495,inflight,tier=edge,0.0
1783672505,inflight,tier=edge,0.0
1783672515,inflight,tier=edge,0.0
1783672525,inflight,tier=edge,0.0
1783672535,inflight,tier=edge,0.0
1783672545,inflight,tier=edge,0.0
1783672555,inflight,tier=edge,0.0
1783672565,inflight,tier=edge,0.0
1783672575,inflight,tier=edge,0.0
1783672585,inflight,tier=edge,0.0
1783672595,inflight,tier=edge,0.0
1783672605,inflight,tier=edge,0.0
1783672615,inflight,tier=edge,0.0
1783672625,inflight,tier=edge,0.0
1783672635,inflight,tier=edge,0.0
1783672645,inflight,tier=edge,0.0
1783672655,inflight,tier=edge,0.0
1783672665,inflight,tier=edge,0.0
1783672675,inflight,tier=edge,0.0
1783672685,inflight,tier=edge,0.0
1783672695,inflight,tier=edge,0.0
1783672705,inflight,tier=edge,0.0
1783672715,inflight,tier=edge,0.0
1783672725,inflight,tier=edge,0.0
1783672735,inflight,tier=edge,0.0
1783672745,inflight,tier=edge,0.0
1783672755,inflight,tier=edge,0.0
1783672765,inflight,tier=edge,0.0
1783672775,inflight,tier=edge,0.0
1783672785,inflight,tier=edge,0.0
1783672795,inflight,tier=edge,0.0
1783672805,inflight,tier=edge,0.0
