ts,metric,labels,value
1783694325,replicas_status,deployment=workload-cloud,1.0
1783694335,replicas_status,deployment=workload-cloud,1.0
1783694345,replicas_status,deployment=workload-cloud,1.0
1783694355,replicas_status,deployment=workload-cloud,1.0
1783694365,replicas_status,deployment=workload-cloud,1.0
1783694375,replicas_status,deployment=workload-cloud,1.0
1783694385,replicas_status,deployment=workload-cloud,1.0
1783694395,replicas_status,deployment=workload-cloud,1.0
1783694405,replicas_status,deployment=workload-cloud,1.0
1783694415,replicas_status,deployment=workload-cloud,1.0
1783694425,replicas_status,deployment=workload-cloud,1.0
1783694435,replicas_status,deployment=workload-cloud,2.0
1783694445,replicas_status,deployment=workload-cloud,2.0
1783694455,replicas_status,deployment=workload-cloud,2.0
1783694465,replicas_status,deployment=workload-cloud,2.0
1783694475,replicas_status,deployment=workload-cloud,2.0
1783694485,replicas_status,deployment=workload-cloud,2.0
1783694495,replicas_status,deployment=workload-cloud,2.0
1783694505,replicas_status,deployment=workload-cloud,2.0
1783694515,replicas_status,deployment=workload-cloud,2.0
1783694525,replicas_status,deployment=workload-cloud,3.0
1783694535,replicas_status,deployment=workload-cloud,3.0
1783694545,replicas_status,deployment=workload-cloud,3.0
1783694555,replicas_status,deployment=workload-cloud,4.0
1783694565,replicas_status,deployment=workload-cloud,4.0
1783694575,replicas_status,deployment=workload-cloud,4.0
1783694585,replicas_status,deployment=workload-cloud,5.0
1783694595,replicas_status,deployment=workload-cloud,5.0
1783694605,replicas_status,deployment=workload-cloud,5.0
1783694615,replicas_status,deployment=workload-cloud,6.0
1783694625,replicas_status,deployment=workload-cloud,6.0
1783694635,replicas_status,deployment=workload-cloud,6.0
1783694645,replicas_status,deployment=workload-cloud,6.0
1783694655,replicas_status,deployment=workload-cloud,6.0
1783694665,replicas_status,deployment=workload-cloud,6.0
1783694675,replicas_status,deployment=workload-cloud,6.0
1783694685,replicas_status,deployment=workload-cloud,6.0
1783694695,replicas_status,deployment=workload-cloud,6.0
1783694705,replicas_status,deployment=workload-cloud,6.0
1783694715,replicas_status,deployment=workload-cloud,6.0
1783694725,replicas_status,deployment=workload-cloud,6.0
1783694735,replicas_status,deployment=workload-cloud,6.0
1783694745,replicas_status,deployment=workload-cloud,6.0
1783694755,replicas_status,deployment=workload-cloud,6.0
1783694765,replicas_status,deployment=workload-cloud,6.0
1783694775,replicas_status,deployment=workload-cloud,6.0
1783694785,replicas_status,deployment=workload-cloud,6.0
1783694795,replicas_status,deployment=workload-cloud,6.0
1783694805,replicas_status,deployment=workload-cloud,6.0
1783694815,replicas_status,deployment=workload-cloud,6.0
1783694825,replicas_status,deployment=workload-cloud,6.0
1783694835,replicas_status,deployment=workload-cloud,6.0
1783694845,replicas_status,deployment=workload-cloud,6.0
1783694855,replicas_status,deployment=workload-cloud,6.0
1783694865,replicas_status,deployment=workload-cloud,6.0
1783694875,replicas_status,deployment=workload-cloud,6.0
1783694885,replicas_status,deployment=workload-cloud,6.0
1783694895,replicas_status,deployment=workload-cloud,6.0
1783694905,replicas_status,deployment=workload-cloud,5.0
1783694915,replicas_status,deployment=workload-cloud,5.0
1783694925,replicas_status,deployment=workload-cloud,5.0
1783694935,replicas_status,deployment=workload-cloud,5.0
1783694945,replicas_status,deployment=workload-cloud,5.0
1783694955,replicas_status,deployment=workload-cloud,5.0
1783694965,replicas_status,deployment=workload-cloud,4.0
1783694325,replicas_status,deployment=workload-edge,1.0
1783694335,replicas_status,deployment=workload-edge,1.0
1783694345,replicas_status,deployment=workload-edge,1.0
1783694355,replicas_status,deployment=workload-edge,1.0
1783694365,replicas_status,deployment=workload-edge,1.0
1783694375,replicas_status,deployment=workload-edge,1.0
1783694385,replicas_status,deployment=workload-edge,1.0
1783694395,replicas_status,deployment=workload-edge,1.0
1783694405,replicas_status,deployment=workload-edge,1.0
1783694415,replicas_status,deployment=workload-edge,1.0
1783694425,replicas_status,deployment=workload-edge,1.0
1783694435,replicas_status,deployment=workload-edge,1.0
1783694445,replicas_status,deployment=workload-edge,1.0
1783694455,replicas_status,deployment=workload-edge,1.0
1783694465,replicas_status,deployment=workload-edge,1.0
1783694475,replicas_status,deployment=workload-edge,1.0
1783694485,replicas_status,deployment=workload-edge,1.0
1783694495,replicas_status,deployment=workload-edge,1.0
1783694505,replicas_status,deployment=workload-edge,1.0
1783694515,replicas_status,deployment=workload-edge,1.0
1783694525,replicas_status,deployment=workload-edge,1.0
1783694535,replicas_status,deployment=workload-edge,1.0
1783694545,replicas_status,deployment=workload-edge,1.0
1783694555,replicas_status,deployment=workload-edge,1.0
1783694565,replicas_status,deployment=workload-edge,1.0
1783694575,replicas_status,deployment=workload-edge,1.0
1783694585,replicas_status,deployment=workload-edge,1.0
1783694595,replicas_status,deployment=workload-edge,1.0
1783694605,replicas_status,deployment=workload-edge,1.0
1783694615,replicas_status,deployment=workload-edge,1.0
1783694625,replicas_status,deployment=workload-edge,1.0
1783694635,replicas_status,deployment=workload-edge,1.0
1783694645,replicas_status,deployment=workload-edge,1.0
1783694655,replicas_status,deployment=workload-edge,1.0
1783694665,replicas_status,deployment=workload-edge,1.0
1783694675,replicas_status,deployment=workload-edge,1.0
1783694685,replicas_status,deployment=workload-edge,1.0
1783694695,replicas_status,deployment=workload-edge,1.0
1783694705,replicas_status,deployment=workload-edge,1.0
1783694715,replicas_status,deployment=workload-edge,1.0
1783694725,replicas_status,deployment=workload-edge,1.0
1783694735,replicas_status,deployment=workload-edge,1.0
1783694745,replicas_status,deployment=workload-edge,1.0
1783694755,replicas_status,deployment=workload-edge,1.0
1783694765,replicas_status,deployment=workload-edge,1.0
1783694775,replicas_status,deployment=workload-edge,1.0
1783694785,replicas_status,deployment=workload-edge,1.0
1783694795,replicas_status,deployment=workload-edge,1.0
1783694805,replicas_status,deployment=workload-edge,1.0
1783694815,replicas_status,deployment=workload-edge,1.0
1783694825,replicas_status,deployment=workload-edge,1.0
1783694835,replicas_status,deployment=workload-edge,1.0
1783694845,replicas_status,deployment=workload-edge,1.0
1783694855,replicas_status,deployment=workload-edge,1.0
1783694865,replicas_status,deployment=workload-edge,1.0
1783694875,replicas_status,deployment=workload-edge,1.0
1783694885,replicas_status,deployment=workload-edge,1.0
1783694895,replicas_status,deployment=workload-edge,1.0
1783694905,replicas_status,deployment=workload-edge,1.0
1783694915,replicas_status,deployment=workload-edge,1.0
1783694925,replicas_status,deployment=workload-edge,1.0
1783694935,replicas_status,deployment=workload-edge,1.0
1783694945,replicas_status,deployment=workload-edge,1.0
1783694955,replicas_status,deployment=workload-edge,1.0
1783694965,replicas_status,deployment=workload-edge,1.0
1783694325,replicas_spec,deployment=workload-cloud,1.0
1783694335,replicas_spec,deployment=workload-cloud,1.0
1783694345,replicas_spec,deployment=workload-cloud,1.0
1783694355,replicas_spec,deployment=workload-cloud,1.0
1783694365,replicas_spec,deployment=workload-cloud,1.0
1783694375,replicas_spec,deployment=workload-cloud,1.0
1783694385,replicas_spec,deployment=workload-cloud,1.0
1783694395,replicas_spec,deployment=workload-cloud,1.0
1783694405,replicas_spec,deployment=workload-cloud,1.0
1783694415,replicas_spec,deployment=workload-cloud,1.0
1783694425,replicas_spec,deployment=workload-cloud,1.0
1783694435,replicas_spec,deployment=workload-cloud,2.0
1783694445,replicas_spec,deployment=workload-cloud,2.0
1783694455,replicas_spec,deployment=workload-cloud,2.0
1783694465,replicas_spec,deployment=workload-cloud,2.0
1783694475,replicas_spec,deployment=workload-cloud,2.0
1783694485,replicas_spec,deployment=workload-cloud,2.0
1783694495,replicas_spec,deployment=workload-cloud,2.0
1783694505,replicas_spec,deployment=workload-cloud,2.0
1783694515,replicas_spec,deployment=workload-cloud,2.0
1783694525,replicas_spec,deployment=workload-cloud,3.0
1783694535,replicas_spec,deployment=workload-cloud,3.0
1783694545,replicas_spec,deployment=workload-cloud,3.0
1783694555,replicas_spec,deployment=workload-cloud,4.0
1783694565,replicas_spec,deployment=workload-cloud,4.0
1783694575,replicas_spec,deployment=workload-cloud,4.0
1783694585,replicas_spec,deployment=workload-cloud,5.0
1783694595,replicas_spec,deployment=workload-cloud,5.0
1783694605,replicas_spec,deployment=workload-cloud,5.0
1783694615,replicas_spec,deployment=workload-cloud,6.0
1783694625,replicas_spec,deployment=workload-cloud,6.0
1783694635,replicas_spec,deployment=workload-cloud,6.0
1783694645,replicas_spec,deployment=workload-cloud,6.0
1783694655,replicas_spec,deployment=workload-cloud,6.0
1783694665,replicas_spec,deployment=workload-cloud,6.0
1783694675,replicas_spec,deployment=workload-cloud,6.0
1783694685,replicas_spec,deployment=workload-cloud,6.0
1783694695,replicas_spec,deployment=workload-cloud,6.0
1783694705,replicas_spec,deployment=workload-cloud,6.0
1783694715,replicas_spec,deployment=workload-cloud,6.0
1783694725,replicas_spec,deployment=workload-cloud,6.0
1783694735,replicas_spec,deployment=workload-cloud,6.0
1783694745,replicas_spec,deployment=workload-cloud,6.0
1783694755,replicas_spec,deployment=workload-cloud,6.0
1783694765,replicas_spec,deployment=workload-cloud,6.0
1783694775,replicas_spec,deployment=workload-cloud,6.0
1783694785,replicas_spec,deployment=workload-cloud,6.0
1783694795,replicas_spec,deployment=workload-cloud,6.0
1783694805,replicas_spec,deployment=workload-cloud,6.0
1783694815,replicas_spec,deployment=workload-cloud,6.0
1783694825,replicas_spec,deployment=workload-cloud,6.0
1783694835,replicas_spec,deployment=workload-cloud,6.0
1783694845,replicas_spec,deployment=workload-cloud,6.0
1783694855,replicas_spec,deployment=workload-cloud,6.0
1783694865,replicas_spec,deployment=workload-cloud,6.0
1783694875,replicas_spec,deployment=workload-cloud,6.0
1783694885,replicas_spec,deployment=workload-cloud,6.0
1783694895,replicas_spec,deployment=workload-cloud,6.0
1783694905,replicas_spec,deployment=workload-cloud,5.0
1783694915,replicas_spec,deployment=workload-cloud,5.0
1783694925,replicas_spec,deployment=workload-cloud,5.0
1783694935,replicas_spec,deployment=workload-cloud,5.0
1783694945,replicas_spec,deployment=workload-cloud,5.0
1783694955,replicas_spec,deployment=workload-cloud,5.0
1783694965,replicas_spec,deployment=workload-cloud,4.0
1783694325,replicas_spec,deployment=workload-edge,1.0
1783694335,replicas_spec,deployment=workload-edge,1.0
1783694345,replicas_spec,deployment=workload-edge,1.0
1783694355,replicas_spec,deployment=workload-edge,1.0
1783694365,replicas_spec,deployment=workload-edge,1.0
1783694375,replicas_spec,deployment=workload-edge,1.0
1783694385,replicas_spec,deployment=workload-edge,1.0
1783694395,replicas_spec,deployment=workload-edge,1.0
1783694405,replicas_spec,deployment=workload-edge,1.0
1783694415,replicas_spec,deployment=workload-edge,1.0
1783694425,replicas_spec,deployment=workload-edge,1.0
1783694435,replicas_spec,deployment=workload-edge,1.0
1783694445,replicas_spec,deployment=workload-edge,1.0
1783694455,replicas_spec,deployment=workload-edge,1.0
1783694465,replicas_spec,deployment=workload-edge,1.0
1783694475,replicas_spec,deployment=workload-edge,1.0
1783694485,replicas_spec,deployment=workload-edge,1.0
1783694495,replicas_spec,deployment=workload-edge,1.0
1783694505,replicas_spec,deployment=workload-edge,1.0
1783694515,replicas_spec,deployment=workload-edge,1.0
1783694525,replicas_spec,deployment=workload-edge,1.0
1783694535,replicas_spec,deployment=workload-edge,1.0
1783694545,replicas_spec,deployment=workload-edge,1.0
1783694555,replicas_spec,deployment=workload-edge,1.0
1783694565,replicas_spec,deployment=workload-edge,1.0
1783694575,replicas_spec,deployment=workload-edge,1.0
1783694585,replicas_spec,deployment=workload-edge,1.0
1783694595,replicas_spec,deployment=workload-edge,1.0
1783694605,replicas_spec,deployment=workload-edge,1.0
1783694615,replicas_spec,deployment=workload-edge,1.0
1783694625,replicas_spec,deployment=workload-edge,1.0
1783694635,replicas_spec,deployment=workload-edge,1.0
1783694645,replicas_spec,deployment=workload-edge,1.0
1783694655,replicas_spec,deployment=workload-edge,1.0
1783694665,replicas_spec,deployment=workload-edge,1.0
1783694675,replicas_spec,deployment=workload-edge,1.0
1783694685,replicas_spec,deployment=workload-edge,1.0
1783694695,replicas_spec,deployment=workload-edge,1.0
1783694705,replicas_spec,deployment=workload-edge,1.0
1783694715,replicas_spec,deployment=workload-edge,1.0
1783694725,replicas_spec,deployment=workload-edge,1.0
1783694735,replicas_spec,deployment=workload-edge,1.0
1783694745,replicas_spec,deployment=workload-edge,1.0
1783694755,replicas_spec,deployment=workload-edge,1.0
1783694765,replicas_spec,deployment=workload-edge,1.0
1783694775,replicas_spec,deployment=workload-edge,1.0
1783694785,replicas_spec,deployment=workload-edge,1.0
1783694795,replicas_spec,deployment=workload-edge,1.0
1783694805,replicas_spec,deployment=workload-edge,1.0
1783694815,replicas_spec,deployment=workload-edge,1.0
1783694825,replicas_spec,deployment=workload-edge,1.0
1783694835,replicas_spec,deployment=workload-edge,1.0
1783694845,replicas_spec,deployment=workload-edge,1.0
1783694855,replicas_spec,deployment=workload-edge,1.0
1783694865,replicas_spec,deployment=workload-edge,1.0
1783694875,replicas_spec,deployment=workload-edge,1.0
1783694885,replicas_spec,deployment=workload-edge,1.0
1783694895,replicas_spec,deployment=workload-edge,1.0
1783694905,replicas_spec,deployment=workload-edge,1.0
1783694915,replicas_spec,deployment=workload-edge,1.0
1783694925,replicas_spec,deployment=workload-edge,1.0
1783694935,replicas_spec,deployment=workload-edge,1.0
1783694945,replicas_spec,deployment=workload-edge,1.0
1783694955,replicas_spec,deployment=workload-edge,1.0
1783694965,replicas_spec,deployment=workload-edge,1.0
1783694445,cpu_cores,pod=workload-cloud-6f545f89ff-gxn5c,0.016318197618240857
1783694455,cpu_cores,pod=workload-cloud-6f545f89ff-gxn5c,0.018736791666666665
1783694465,cpu_cores,pod=workload-cloud-6f545f89ff-gxn5c,0.028905208987375194
1783694475,cpu_cores,pod=workload-cloud-6f545f89ff-gxn5c,0.05480018867173624
1783694485,cpu_cores,pod=workload-cloud-6f545f89ff-gxn5c,0.06667860741305821
1783694495,cpu_cores,pod=workload-cloud-6f545f89ff-gxn5c,0.10924896282604232
1783694505,cpu_cores,pod=workload-cloud-6f545f89ff-gxn5c,0.13699169244220993
1783694515,cpu_cores,pod=workload-cloud-6f545f89ff-gxn5c,0.170466601960594
1783694525,cpu_cores,pod=workload-cloud-6f545f89ff-gxn5c,0.22160352575181474
1783694535,cpu_cores,pod=workload-cloud-6f545f89ff-gxn5c,0.3343877343207591
1783694545,cpu_cores,pod=workload-cloud-6f545f89ff-gxn5c,0.3343877343207591
1783694555,cpu_cores,pod=workload-cloud-6f545f89ff-gxn5c,0.4940087283500455
1783694565,cpu_cores,pod=workload-cloud-6f545f89ff-gxn5c,0.4940087283500455
1783694575,cpu_cores,pod=workload-cloud-6f545f89ff-gxn5c,0.5589425922727012
1783694585,cpu_cores,pod=workload-cloud-6f545f89ff-gxn5c,0.6032860280682658
1783694595,cpu_cores,pod=workload-cloud-6f545f89ff-gxn5c,0.5155341569647698
1783694605,cpu_cores,pod=workload-cloud-6f545f89ff-gxn5c,0.6187436727296266
1783694615,cpu_cores,pod=workload-cloud-6f545f89ff-gxn5c,0.5374307704437946
1783694625,cpu_cores,pod=workload-cloud-6f545f89ff-gxn5c,0.6638329415074247
1783694635,cpu_cores,pod=workload-cloud-6f545f89ff-gxn5c,0.6836946739544933
1783694645,cpu_cores,pod=workload-cloud-6f545f89ff-gxn5c,0.5185065555555555
1783694655,cpu_cores,pod=workload-cloud-6f545f89ff-gxn5c,0.7263949947862355
1783694665,cpu_cores,pod=workload-cloud-6f545f89ff-gxn5c,0.5992220606322968
1783694675,cpu_cores,pod=workload-cloud-6f545f89ff-gxn5c,0.6904333310668388
1783694685,cpu_cores,pod=workload-cloud-6f545f89ff-gxn5c,0.5506547700631311
1783694695,cpu_cores,pod=workload-cloud-6f545f89ff-gxn5c,0.48903993698306447
1783694705,cpu_cores,pod=workload-cloud-6f545f89ff-gxn5c,0.4008316659417139
1783694715,cpu_cores,pod=workload-cloud-6f545f89ff-gxn5c,0.30818182999402305
1783694725,cpu_cores,pod=workload-cloud-6f545f89ff-gxn5c,0.25879607702878227
1783694735,cpu_cores,pod=workload-cloud-6f545f89ff-gxn5c,0.16801278021772162
1783694745,cpu_cores,pod=workload-cloud-6f545f89ff-gxn5c,0.16801278021772162
1783694755,cpu_cores,pod=workload-cloud-6f545f89ff-gxn5c,0.12450261882617848
1783694765,cpu_cores,pod=workload-cloud-6f545f89ff-gxn5c,0.12505788562304615
1783694775,cpu_cores,pod=workload-cloud-6f545f89ff-gxn5c,0.12505788562304615
1783694785,cpu_cores,pod=workload-cloud-6f545f89ff-gxn5c,0.13852844867142206
1783694795,cpu_cores,pod=workload-cloud-6f545f89ff-gxn5c,0.14588514591085885
1783694805,cpu_cores,pod=workload-cloud-6f545f89ff-gxn5c,0.20299235737351978
1783694815,cpu_cores,pod=workload-cloud-6f545f89ff-gxn5c,0.25817274199281215
1783694825,cpu_cores,pod=workload-cloud-6f545f89ff-gxn5c,0.3083736426158296
1783694835,cpu_cores,pod=workload-cloud-6f545f89ff-gxn5c,0.3038542663031331
1783694845,cpu_cores,pod=workload-cloud-6f545f89ff-gxn5c,0.2524285686419638
1783694855,cpu_cores,pod=workload-cloud-6f545f89ff-gxn5c,0.299089972787059
1783694865,cpu_cores,pod=workload-cloud-6f545f89ff-gxn5c,0.29434788622588876
1783694875,cpu_cores,pod=workload-cloud-6f545f89ff-gxn5c,0.29740457825329647
1783694885,cpu_cores,pod=workload-cloud-6f545f89ff-gxn5c,0.29740457825329647
1783694895,cpu_cores,pod=workload-cloud-6f545f89ff-gxn5c,0.21571253000266674
1783694905,cpu_cores,pod=workload-cloud-6f545f89ff-gxn5c,0.18903243102248965
1783694915,cpu_cores,pod=workload-cloud-6f545f89ff-gxn5c,0.04782340807415155
1783694925,cpu_cores,pod=workload-cloud-6f545f89ff-gxn5c,0.035592028292869914
1783694935,cpu_cores,pod=workload-cloud-6f545f89ff-gxn5c,0.00437666928515356
1783694945,cpu_cores,pod=workload-cloud-6f545f89ff-gxn5c,0.00437666928515356
1783694955,cpu_cores,pod=workload-cloud-6f545f89ff-gxn5c,0.004272646043130933
1783694965,cpu_cores,pod=workload-cloud-6f545f89ff-gxn5c,0.0036206046515654595
1783694565,cpu_cores,pod=workload-cloud-6f545f89ff-jlhd6,0.018471165171495173
1783694575,cpu_cores,pod=workload-cloud-6f545f89ff-jlhd6,0.018474658333333335
1783694585,cpu_cores,pod=workload-cloud-6f545f89ff-jlhd6,0.01664710602287736
1783694595,cpu_cores,pod=workload-cloud-6f545f89ff-jlhd6,0.014590017598240449
1783694605,cpu_cores,pod=workload-cloud-6f545f89ff-jlhd6,0.017611130693616594
1783694615,cpu_cores,pod=workload-cloud-6f545f89ff-jlhd6,0.0024389463534361853
1783694625,cpu_cores,pod=workload-cloud-6f545f89ff-jlhd6,0.0029074312877696027
1783694635,cpu_cores,pod=workload-cloud-6f545f89ff-jlhd6,0.003104183207184319
1783694645,cpu_cores,pod=workload-cloud-6f545f89ff-jlhd6,0.0032241240778164647
1783694655,cpu_cores,pod=workload-cloud-6f545f89ff-jlhd6,0.003507834863552513
1783694665,cpu_cores,pod=workload-cloud-6f545f89ff-jlhd6,0.003507834863552513
1783694675,cpu_cores,pod=workload-cloud-6f545f89ff-jlhd6,0.0030747443969235855
1783694685,cpu_cores,pod=workload-cloud-6f545f89ff-jlhd6,0.0028529010147527382
1783694695,cpu_cores,pod=workload-cloud-6f545f89ff-jlhd6,0.002422182282305746
1783694705,cpu_cores,pod=workload-cloud-6f545f89ff-jlhd6,0.002422182282305746
1783694715,cpu_cores,pod=workload-cloud-6f545f89ff-jlhd6,0.0027714209686003164
1783694725,cpu_cores,pod=workload-cloud-6f545f89ff-jlhd6,0.0026876630471136466
1783694735,cpu_cores,pod=workload-cloud-6f545f89ff-jlhd6,0.002257458044504385
1783694745,cpu_cores,pod=workload-cloud-6f545f89ff-jlhd6,0.002612831690674754
1783694755,cpu_cores,pod=workload-cloud-6f545f89ff-jlhd6,0.00239997408990802
1783694765,cpu_cores,pod=workload-cloud-6f545f89ff-jlhd6,0.0023965572990965285
1783694775,cpu_cores,pod=workload-cloud-6f545f89ff-jlhd6,0.0023567582121701656
1783694785,cpu_cores,pod=workload-cloud-6f545f89ff-jlhd6,0.002459712691717047
1783694795,cpu_cores,pod=workload-cloud-6f545f89ff-jlhd6,0.0031024086514828786
1783694805,cpu_cores,pod=workload-cloud-6f545f89ff-jlhd6,0.0029874860648732788
1783694815,cpu_cores,pod=workload-cloud-6f545f89ff-jlhd6,0.003736602308713866
1783694825,cpu_cores,pod=workload-cloud-6f545f89ff-jlhd6,0.0033349545389539767
1783694835,cpu_cores,pod=workload-cloud-6f545f89ff-jlhd6,0.004673426268786755
1783694845,cpu_cores,pod=workload-cloud-6f545f89ff-jlhd6,0.0046805998372875385
1783694855,cpu_cores,pod=workload-cloud-6f545f89ff-jlhd6,0.004908694192682107
1783694865,cpu_cores,pod=workload-cloud-6f545f89ff-jlhd6,0.004678421052631578
1783694875,cpu_cores,pod=workload-cloud-6f545f89ff-jlhd6,0.004685443186867764
1783694885,cpu_cores,pod=workload-cloud-6f545f89ff-jlhd6,0.004749633242866573
1783694895,cpu_cores,pod=workload-cloud-6f545f89ff-jlhd6,0.004734109840800057
1783694905,cpu_cores,pod=workload-cloud-6f545f89ff-jlhd6,0.003132908913081497
1783694915,cpu_cores,pod=workload-cloud-6f545f89ff-jlhd6,0.0027181155166410634
1783694325,cpu_cores,pod=workload-cloud-6f545f89ff-r28zz,0.0033127277516793504
1783694335,cpu_cores,pod=workload-cloud-6f545f89ff-r28zz,0.008471153410378431
1783694345,cpu_cores,pod=workload-cloud-6f545f89ff-r28zz,0.008471153410378431
1783694355,cpu_cores,pod=workload-cloud-6f545f89ff-r28zz,0.046805633978244617
1783694365,cpu_cores,pod=workload-cloud-6f545f89ff-r28zz,0.06281154954492278
1783694375,cpu_cores,pod=workload-cloud-6f545f89ff-r28zz,0.10958984078847614
1783694385,cpu_cores,pod=workload-cloud-6f545f89ff-r28zz,0.10958984078847614
1783694395,cpu_cores,pod=workload-cloud-6f545f89ff-r28zz,0.13880239621064366
1783694405,cpu_cores,pod=workload-cloud-6f545f89ff-r28zz,0.15870474265336873
1783694415,cpu_cores,pod=workload-cloud-6f545f89ff-r28zz,0.19048167816091954
1783694425,cpu_cores,pod=workload-cloud-6f545f89ff-r28zz,0.19048167816091954
1783694435,cpu_cores,pod=workload-cloud-6f545f89ff-r28zz,0.22004749916079208
1783694445,cpu_cores,pod=workload-cloud-6f545f89ff-r28zz,0.17854287336074742
1783694455,cpu_cores,pod=workload-cloud-6f545f89ff-r28zz,0.25815774027879673
1783694465,cpu_cores,pod=workload-cloud-6f545f89ff-r28zz,0.2973305997578024
1783694475,cpu_cores,pod=workload-cloud-6f545f89ff-r28zz,0.32380207034173125
1783694485,cpu_cores,pod=workload-cloud-6f545f89ff-r28zz,0.413421703403692
1783694495,cpu_cores,pod=workload-cloud-6f545f89ff-r28zz,0.5136738581307715
1783694505,cpu_cores,pod=workload-cloud-6f545f89ff-r28zz,0.5136738581307714
1783694515,cpu_cores,pod=workload-cloud-6f545f89ff-r28zz,0.5466872078529135
1783694525,cpu_cores,pod=workload-cloud-6f545f89ff-r28zz,0.532916383383576
1783694535,cpu_cores,pod=workload-cloud-6f545f89ff-r28zz,0.532916383383576
1783694545,cpu_cores,pod=workload-cloud-6f545f89ff-r28zz,0.5644583283150669
1783694555,cpu_cores,pod=workload-cloud-6f545f89ff-r28zz,0.586599646602167
1783694565,cpu_cores,pod=workload-cloud-6f545f89ff-r28zz,0.6059458588820762
1783694575,cpu_cores,pod=workload-cloud-6f545f89ff-r28zz,0.6561140873504357
1783694585,cpu_cores,pod=workload-cloud-6f545f89ff-r28zz,0.5324859607327139
1783694595,cpu_cores,pod=workload-cloud-6f545f89ff-r28zz,0.7048721639522474
1783694605,cpu_cores,pod=workload-cloud-6f545f89ff-r28zz,0.7143116402521498
1783694615,cpu_cores,pod=workload-cloud-6f545f89ff-r28zz,0.7220406667919177
1783694625,cpu_cores,pod=workload-cloud-6f545f89ff-r28zz,0.7297503006427533
1783694635,cpu_cores,pod=workload-cloud-6f545f89ff-r28zz,0.7354886588716375
1783694645,cpu_cores,pod=workload-cloud-6f545f89ff-r28zz,0.6116664336213972
1783694655,cpu_cores,pod=workload-cloud-6f545f89ff-r28zz,0.6626768102555644
1783694665,cpu_cores,pod=workload-cloud-6f545f89ff-r28zz,0.7555221125730994
1783694675,cpu_cores,pod=workload-cloud-6f545f89ff-r28zz,0.7646734298447146
1783694685,cpu_cores,pod=workload-cloud-6f545f89ff-r28zz,0.6991067644356094
1783694695,cpu_cores,pod=workload-cloud-6f545f89ff-r28zz,0.5855467580768021
1783694705,cpu_cores,pod=workload-cloud-6f545f89ff-r28zz,0.5837688140806562
1783694715,cpu_cores,pod=workload-cloud-6f545f89ff-r28zz,0.5521902361369065
1783694725,cpu_cores,pod=workload-cloud-6f545f89ff-r28zz,0.41336628913684953
1783694735,cpu_cores,pod=workload-cloud-6f545f89ff-r28zz,0.45250148747955976
1783694745,cpu_cores,pod=workload-cloud-6f545f89ff-r28zz,0.43968135215453197
1783694755,cpu_cores,pod=workload-cloud-6f545f89ff-r28zz,0.361960749694418
1783694765,cpu_cores,pod=workload-cloud-6f545f89ff-r28zz,0.24527772500000042
1783694775,cpu_cores,pod=workload-cloud-6f545f89ff-r28zz,0.36274477778732933
1783694785,cpu_cores,pod=workload-cloud-6f545f89ff-r28zz,0.38290488698709957
1783694795,cpu_cores,pod=workload-cloud-6f545f89ff-r28zz,0.3367475946599545
1783694805,cpu_cores,pod=workload-cloud-6f545f89ff-r28zz,0.49845747515330896
1783694815,cpu_cores,pod=workload-cloud-6f545f89ff-r28zz,0.6092266656954161
1783694825,cpu_cores,pod=workload-cloud-6f545f89ff-r28zz,0.6388516885291661
1783694835,cpu_cores,pod=workload-cloud-6f545f89ff-r28zz,0.693021921401471
1783694845,cpu_cores,pod=workload-cloud-6f545f89ff-r28zz,0.712170890077822
1783694855,cpu_cores,pod=workload-cloud-6f545f89ff-r28zz,0.7180849933598936
1783694865,cpu_cores,pod=workload-cloud-6f545f89ff-r28zz,0.597854206476452
1783694875,cpu_cores,pod=workload-cloud-6f545f89ff-r28zz,0.7177992213570634
1783694885,cpu_cores,pod=workload-cloud-6f545f89ff-r28zz,0.7014767866457999
1783694895,cpu_cores,pod=workload-cloud-6f545f89ff-r28zz,0.6608795567004574
1783694905,cpu_cores,pod=workload-cloud-6f545f89ff-r28zz,0.6408637122582446
1783694915,cpu_cores,pod=workload-cloud-6f545f89ff-r28zz,0.37470148840254824
1783694925,cpu_cores,pod=workload-cloud-6f545f89ff-r28zz,0.26694583928571397
1783694935,cpu_cores,pod=workload-cloud-6f545f89ff-r28zz,0.16823830122789268
1783694945,cpu_cores,pod=workload-cloud-6f545f89ff-r28zz,0.028580856306791743
1783694955,cpu_cores,pod=workload-cloud-6f545f89ff-r28zz,0.004612060498919321
1783694965,cpu_cores,pod=workload-cloud-6f545f89ff-r28zz,0.003598656288875528
1783694625,cpu_cores,pod=workload-cloud-6f545f89ff-tltnh,0.024510772309374405
1783694635,cpu_cores,pod=workload-cloud-6f545f89ff-tltnh,0.019772224277792107
1783694645,cpu_cores,pod=workload-cloud-6f545f89ff-tltnh,0.019921076998372728
1783694655,cpu_cores,pod=workload-cloud-6f545f89ff-tltnh,0.025351515965648632
1783694665,cpu_cores,pod=workload-cloud-6f545f89ff-tltnh,0.021401724319064872
1783694675,cpu_cores,pod=workload-cloud-6f545f89ff-tltnh,0.00317948845294264
1783694685,cpu_cores,pod=workload-cloud-6f545f89ff-tltnh,0.0026115515288788224
1783694695,cpu_cores,pod=workload-cloud-6f545f89ff-tltnh,0.0025778851844545283
1783694705,cpu_cores,pod=workload-cloud-6f545f89ff-tltnh,0.002767345354669213
1783694715,cpu_cores,pod=workload-cloud-6f545f89ff-tltnh,0.003038240486833702
1783694725,cpu_cores,pod=workload-cloud-6f545f89ff-tltnh,0.003397911167221396
1783694735,cpu_cores,pod=workload-cloud-6f545f89ff-tltnh,0.00312189674426596
1783694745,cpu_cores,pod=workload-cloud-6f545f89ff-tltnh,0.002869082093070242
1783694755,cpu_cores,pod=workload-cloud-6f545f89ff-tltnh,0.0014685500000000018
1783694765,cpu_cores,pod=workload-cloud-6f545f89ff-tltnh,0.002590225201330953
1783694775,cpu_cores,pod=workload-cloud-6f545f89ff-tltnh,0.0026965212337581456
1783694785,cpu_cores,pod=workload-cloud-6f545f89ff-tltnh,0.0026965212337581456
1783694795,cpu_cores,pod=workload-cloud-6f545f89ff-tltnh,0.0029809270628942744
1783694805,cpu_cores,pod=workload-cloud-6f545f89ff-tltnh,0.003922098431584642
1783694815,cpu_cores,pod=workload-cloud-6f545f89ff-tltnh,0.003922098431584642
1783694825,cpu_cores,pod=workload-cloud-6f545f89ff-tltnh,0.004656647848049185
1783694835,cpu_cores,pod=workload-cloud-6f545f89ff-tltnh,0.004815971701146958
1783694845,cpu_cores,pod=workload-cloud-6f545f89ff-tltnh,0.004815971701146958
1783694855,cpu_cores,pod=workload-cloud-6f545f89ff-tltnh,0.004651357910551254
1783694865,cpu_cores,pod=workload-cloud-6f545f89ff-tltnh,0.0046939008894536245
1783694875,cpu_cores,pod=workload-cloud-6f545f89ff-tltnh,0.004553516761423056
1783694885,cpu_cores,pod=workload-cloud-6f545f89ff-tltnh,0.0040468592085907635
1783694895,cpu_cores,pod=workload-cloud-6f545f89ff-tltnh,0.00449495656370656
1783694905,cpu_cores,pod=workload-cloud-6f545f89ff-tltnh,0.003641489172163232
1783694915,cpu_cores,pod=workload-cloud-6f545f89ff-tltnh,0.004335660928873006
1783694925,cpu_cores,pod=workload-cloud-6f545f89ff-tltnh,0.004264778551446713
1783694935,cpu_cores,pod=workload-cloud-6f545f89ff-tltnh,0.004182867268876689
1783694945,cpu_cores,pod=workload-cloud-6f545f89ff-tltnh,0.004182867268876689
1783694955,cpu_cores,pod=workload-cloud-6f545f89ff-tltnh,0.004099862978703641
1783694965,cpu_cores,pod=workload-cloud-6f545f89ff-tltnh,0.004099862978703641
1783694535,cpu_cores,pod=workload-cloud-6f545f89ff-v88bc,0.05930446544178939
1783694545,cpu_cores,pod=workload-cloud-6f545f89ff-v88bc,0.09804130206307307
1783694555,cpu_cores,pod=workload-cloud-6f545f89ff-v88bc,0.19318830481244012
1783694565,cpu_cores,pod=workload-cloud-6f545f89ff-v88bc,0.24802852885253152
1783694575,cpu_cores,pod=workload-cloud-6f545f89ff-v88bc,0.3357984519758087
1783694585,cpu_cores,pod=workload-cloud-6f545f89ff-v88bc,0.4231962319784126
1783694595,cpu_cores,pod=workload-cloud-6f545f89ff-v88bc,0.38051397258299013
1783694605,cpu_cores,pod=workload-cloud-6f545f89ff-v88bc,0.45621516171463944
1783694615,cpu_cores,pod=workload-cloud-6f545f89ff-v88bc,0.4285941485548425
1783694625,cpu_cores,pod=workload-cloud-6f545f89ff-v88bc,0.4863962646558864
1783694635,cpu_cores,pod=workload-cloud-6f545f89ff-v88bc,0.5014182671226869
1783694645,cpu_cores,pod=workload-cloud-6f545f89ff-v88bc,0.5936189631304958
1783694655,cpu_cores,pod=workload-cloud-6f545f89ff-v88bc,0.626812495411497
1783694665,cpu_cores,pod=workload-cloud-6f545f89ff-v88bc,0.5805319280296348
1783694675,cpu_cores,pod=workload-cloud-6f545f89ff-v88bc,0.4776216154390052
1783694685,cpu_cores,pod=workload-cloud-6f545f89ff-v88bc,0.4776216154390052
1783694695,cpu_cores,pod=workload-cloud-6f545f89ff-v88bc,0.20484370471577018
1783694705,cpu_cores,pod=workload-cloud-6f545f89ff-v88bc,0.1013543363679922
1783694715,cpu_cores,pod=workload-cloud-6f545f89ff-v88bc,0.06502031930333817
1783694725,cpu_cores,pod=workload-cloud-6f545f89ff-v88bc,0.0029761617865606536
1783694735,cpu_cores,pod=workload-cloud-6f545f89ff-v88bc,0.00284789119041708
1783694745,cpu_cores,pod=workload-cloud-6f545f89ff-v88bc,0.002684172647876935
1783694755,cpu_cores,pod=workload-cloud-6f545f89ff-v88bc,0.0022959685039369306
1783694765,cpu_cores,pod=workload-cloud-6f545f89ff-v88bc,0.0023726137377343822
1783694775,cpu_cores,pod=workload-cloud-6f545f89ff-v88bc,0.002480615784908986
1783694785,cpu_cores,pod=workload-cloud-6f545f89ff-v88bc,0.0020145023310919343
1783694795,cpu_cores,pod=workload-cloud-6f545f89ff-v88bc,0.0028936679431073435
1783694805,cpu_cores,pod=workload-cloud-6f545f89ff-v88bc,0.0036081930771671112
1783694815,cpu_cores,pod=workload-cloud-6f545f89ff-v88bc,0.0036081930771671112
1783694825,cpu_cores,pod=workload-cloud-6f545f89ff-v88bc,0.00453967800323899
1783694835,cpu_cores,pod=workload-cloud-6f545f89ff-v88bc,0.00482165591351444
1783694845,cpu_cores,pod=workload-cloud-6f545f89ff-v88bc,0.00482165591351444
1783694855,cpu_cores,pod=workload-cloud-6f545f89ff-v88bc,0.005004012590403538
1783694865,cpu_cores,pod=workload-cloud-6f545f89ff-v88bc,0.003733607078852904
1783694875,cpu_cores,pod=workload-cloud-6f545f89ff-v88bc,0.003937464605734616
1783694885,cpu_cores,pod=workload-cloud-6f545f89ff-v88bc,0.004882600666606675
1783694895,cpu_cores,pod=workload-cloud-6f545f89ff-v88bc,0.004744361132364268
1783694905,cpu_cores,pod=workload-cloud-6f545f89ff-v88bc,0.004837153563751907
1783694915,cpu_cores,pod=workload-cloud-6f545f89ff-v88bc,0.004795824998147675
1783694925,cpu_cores,pod=workload-cloud-6f545f89ff-v88bc,0.004690757347065495
1783694935,cpu_cores,pod=workload-cloud-6f545f89ff-v88bc,0.004690757347065495
1783694945,cpu_cores,pod=workload-cloud-6f545f89ff-v88bc,0.004459858292046
1783694955,cpu_cores,pod=workload-cloud-6f545f89ff-v88bc,0.0035099828068117355
1783694965,cpu_cores,pod=workload-cloud-6f545f89ff-v88bc,0.0026876889492109504
1783694605,cpu_cores,pod=workload-cloud-6f545f89ff-xxnfp,0.029282901203783317
1783694615,cpu_cores,pod=workload-cloud-6f545f89ff-xxnfp,0.019549036625812494
1783694625,cpu_cores,pod=workload-cloud-6f545f89ff-xxnfp,0.024750038180782117
1783694635,cpu_cores,pod=workload-cloud-6f545f89ff-xxnfp,0.02073565155633669
1783694645,cpu_cores,pod=workload-cloud-6f545f89ff-xxnfp,0.003197587842317307
1783694655,cpu_cores,pod=workload-cloud-6f545f89ff-xxnfp,0.003161199055752274
1783694665,cpu_cores,pod=workload-cloud-6f545f89ff-xxnfp,0.0030515363156930217
1783694675,cpu_cores,pod=workload-cloud-6f545f89ff-xxnfp,0.0021889759328655467
1783694685,cpu_cores,pod=workload-cloud-6f545f89ff-xxnfp,0.0025766903446461454
1783694695,cpu_cores,pod=workload-cloud-6f545f89ff-xxnfp,0.0018589020078971985
1783694705,cpu_cores,pod=workload-cloud-6f545f89ff-xxnfp,0.0018911458565321485
1783694715,cpu_cores,pod=workload-cloud-6f545f89ff-xxnfp,0.0029539665848814095
1783694725,cpu_cores,pod=workload-cloud-6f545f89ff-xxnfp,0.0029542420278742512
1783694735,cpu_cores,pod=workload-cloud-6f545f89ff-xxnfp,0.002892742914806644
1783694745,cpu_cores,pod=workload-cloud-6f545f89ff-xxnfp,0.0029476463104325702
1783694755,cpu_cores,pod=workload-cloud-6f545f89ff-xxnfp,0.0024513131126317777
1783694765,cpu_cores,pod=workload-cloud-6f545f89ff-xxnfp,0.0024864899592496052
1783694775,cpu_cores,pod=workload-cloud-6f545f89ff-xxnfp,0.002569950751107477
1783694785,cpu_cores,pod=workload-cloud-6f545f89ff-xxnfp,0.0024360894845767214
1783694795,cpu_cores,pod=workload-cloud-6f545f89ff-xxnfp,0.003188584169453731
1783694805,cpu_cores,pod=workload-cloud-6f545f89ff-xxnfp,0.0031885841694537305
1783694815,cpu_cores,pod=workload-cloud-6f545f89ff-xxnfp,0.0038705938242280316
1783694825,cpu_cores,pod=workload-cloud-6f545f89ff-xxnfp,0.004450142227093609
1783694835,cpu_cores,pod=workload-cloud-6f545f89ff-xxnfp,0.00434097297702485
1783694845,cpu_cores,pod=workload-cloud-6f545f89ff-xxnfp,0.004536310010383758
1783694855,cpu_cores,pod=workload-cloud-6f545f89ff-xxnfp,0.0028804999999999968
1783694865,cpu_cores,pod=workload-cloud-6f545f89ff-xxnfp,0.004616866321807784
1783694875,cpu_cores,pod=workload-cloud-6f545f89ff-xxnfp,0.00489221527522373
1783694885,cpu_cores,pod=workload-cloud-6f545f89ff-xxnfp,0.004852138564176372
1783694895,cpu_cores,pod=workload-cloud-6f545f89ff-xxnfp,0.0048609355561084824
1783694905,cpu_cores,pod=workload-cloud-6f545f89ff-xxnfp,0.00474763876149632
1783694915,cpu_cores,pod=workload-cloud-6f545f89ff-xxnfp,0.003954875403524576
1783694925,cpu_cores,pod=workload-cloud-6f545f89ff-xxnfp,0.004661923890063432
1783694935,cpu_cores,pod=workload-cloud-6f545f89ff-xxnfp,0.004581082092344539
1783694945,cpu_cores,pod=workload-cloud-6f545f89ff-xxnfp,0.004520356126560168
1783694955,cpu_cores,pod=workload-cloud-6f545f89ff-xxnfp,0.0045803818084360634
1783694965,cpu_cores,pod=workload-cloud-6f545f89ff-xxnfp,0.0043573187081048115
1783694325,cpu_cores,pod=workload-edge-7b875fd8c6-pxwvc,0.0038668802929734585
1783694335,cpu_cores,pod=workload-edge-7b875fd8c6-pxwvc,0.004006270678514695
1783694345,cpu_cores,pod=workload-edge-7b875fd8c6-pxwvc,0.004345654012194859
1783694355,cpu_cores,pod=workload-edge-7b875fd8c6-pxwvc,0.004280552446522314
1783694365,cpu_cores,pod=workload-edge-7b875fd8c6-pxwvc,0.004100492083150689
1783694375,cpu_cores,pod=workload-edge-7b875fd8c6-pxwvc,0.0036053537036611497
1783694385,cpu_cores,pod=workload-edge-7b875fd8c6-pxwvc,0.0030911090782348013
1783694395,cpu_cores,pod=workload-edge-7b875fd8c6-pxwvc,0.0027182325952496834
1783694405,cpu_cores,pod=workload-edge-7b875fd8c6-pxwvc,0.00269356335041248
1783694415,cpu_cores,pod=workload-edge-7b875fd8c6-pxwvc,0.002666154020128998
1783694425,cpu_cores,pod=workload-edge-7b875fd8c6-pxwvc,0.002666154020128998
1783694435,cpu_cores,pod=workload-edge-7b875fd8c6-pxwvc,0.002680579122503037
1783694445,cpu_cores,pod=workload-edge-7b875fd8c6-pxwvc,0.002698289114806487
1783694455,cpu_cores,pod=workload-edge-7b875fd8c6-pxwvc,0.002765390257475227
1783694465,cpu_cores,pod=workload-edge-7b875fd8c6-pxwvc,0.0028154499613871034
1783694475,cpu_cores,pod=workload-edge-7b875fd8c6-pxwvc,0.0033059814583692904
1783694485,cpu_cores,pod=workload-edge-7b875fd8c6-pxwvc,0.003533758072960163
1783694495,cpu_cores,pod=workload-edge-7b875fd8c6-pxwvc,0.0037137554353558933
1783694505,cpu_cores,pod=workload-edge-7b875fd8c6-pxwvc,0.0042158052019910155
1783694515,cpu_cores,pod=workload-edge-7b875fd8c6-pxwvc,0.004236261682241942
1783694525,cpu_cores,pod=workload-edge-7b875fd8c6-pxwvc,0.0041844000084462745
1783694535,cpu_cores,pod=workload-edge-7b875fd8c6-pxwvc,0.003768196994991313
1783694545,cpu_cores,pod=workload-edge-7b875fd8c6-pxwvc,0.003347759241836744
1783694555,cpu_cores,pod=workload-edge-7b875fd8c6-pxwvc,0.003347759241836744
1783694565,cpu_cores,pod=workload-edge-7b875fd8c6-pxwvc,0.0028183202416928585
1783694575,cpu_cores,pod=workload-edge-7b875fd8c6-pxwvc,0.0023815197475671557
1783694585,cpu_cores,pod=workload-edge-7b875fd8c6-pxwvc,0.0027778394534596217
1783694595,cpu_cores,pod=workload-edge-7b875fd8c6-pxwvc,0.0028556512988265363
1783694605,cpu_cores,pod=workload-edge-7b875fd8c6-pxwvc,0.002904845353784532
1783694615,cpu_cores,pod=workload-edge-7b875fd8c6-pxwvc,0.0030396935807324205
1783694625,cpu_cores,pod=workload-edge-7b875fd8c6-pxwvc,0.0032036851375161777
1783694635,cpu_cores,pod=workload-edge-7b875fd8c6-pxwvc,0.0034490382327659283
1783694645,cpu_cores,pod=workload-edge-7b875fd8c6-pxwvc,0.0035628709018379477
1783694655,cpu_cores,pod=workload-edge-7b875fd8c6-pxwvc,0.0038347066860209855
1783694665,cpu_cores,pod=workload-edge-7b875fd8c6-pxwvc,0.003923491561775325
1783694675,cpu_cores,pod=workload-edge-7b875fd8c6-pxwvc,0.003343551683334607
1783694685,cpu_cores,pod=workload-edge-7b875fd8c6-pxwvc,0.003174726451909785
1783694695,cpu_cores,pod=workload-edge-7b875fd8c6-pxwvc,0.002809954882003472
1783694705,cpu_cores,pod=workload-edge-7b875fd8c6-pxwvc,0.003039889462935614
1783694715,cpu_cores,pod=workload-edge-7b875fd8c6-pxwvc,0.0031616091954060834
1783694725,cpu_cores,pod=workload-edge-7b875fd8c6-pxwvc,0.0033199932774553996
1783694735,cpu_cores,pod=workload-edge-7b875fd8c6-pxwvc,0.003349482766408318
1783694745,cpu_cores,pod=workload-edge-7b875fd8c6-pxwvc,0.002735120501292303
1783694755,cpu_cores,pod=workload-edge-7b875fd8c6-pxwvc,0.0030540776182894297
1783694765,cpu_cores,pod=workload-edge-7b875fd8c6-pxwvc,0.0030013198606560643
1783694775,cpu_cores,pod=workload-edge-7b875fd8c6-pxwvc,0.0030485674596284233
1783694785,cpu_cores,pod=workload-edge-7b875fd8c6-pxwvc,0.0031352418774139726
1783694795,cpu_cores,pod=workload-edge-7b875fd8c6-pxwvc,0.0036465575125257258
1783694805,cpu_cores,pod=workload-edge-7b875fd8c6-pxwvc,0.004211975790567302
1783694815,cpu_cores,pod=workload-edge-7b875fd8c6-pxwvc,0.004515201377113167
1783694825,cpu_cores,pod=workload-edge-7b875fd8c6-pxwvc,0.0052647931303640315
1783694835,cpu_cores,pod=workload-edge-7b875fd8c6-pxwvc,0.005573856750120604
1783694845,cpu_cores,pod=workload-edge-7b875fd8c6-pxwvc,0.00538737367008589
1783694855,cpu_cores,pod=workload-edge-7b875fd8c6-pxwvc,0.005477648583885288
1783694865,cpu_cores,pod=workload-edge-7b875fd8c6-pxwvc,0.0053889619690755675
1783694875,cpu_cores,pod=workload-edge-7b875fd8c6-pxwvc,0.005285037504935635
1783694885,cpu_cores,pod=workload-edge-7b875fd8c6-pxwvc,0.005607116272145449
1783694895,cpu_cores,pod=workload-edge-7b875fd8c6-pxwvc,0.005607116272145449
1783694905,cpu_cores,pod=workload-edge-7b875fd8c6-pxwvc,0.005364013603986676
1783694915,cpu_cores,pod=workload-edge-7b875fd8c6-pxwvc,0.005464854082651529
1783694925,cpu_cores,pod=workload-edge-7b875fd8c6-pxwvc,0.005464854082651529
1783694935,cpu_cores,pod=workload-edge-7b875fd8c6-pxwvc,0.004958977240794283
1783694945,cpu_cores,pod=workload-edge-7b875fd8c6-pxwvc,0.004104307139043899
1783694955,cpu_cores,pod=workload-edge-7b875fd8c6-pxwvc,0.004076427684170302
1783694965,cpu_cores,pod=workload-edge-7b875fd8c6-pxwvc,0.004497946611906549
1783694445,cpu_utilisation,pod=workload-cloud-6f545f89ff-gxn5c,0.08159098809120428
1783694455,cpu_utilisation,pod=workload-cloud-6f545f89ff-gxn5c,0.09368395833333332
1783694465,cpu_utilisation,pod=workload-cloud-6f545f89ff-gxn5c,0.14452604493687596
1783694475,cpu_utilisation,pod=workload-cloud-6f545f89ff-gxn5c,0.2740009433586812
1783694485,cpu_utilisation,pod=workload-cloud-6f545f89ff-gxn5c,0.33339303706529105
1783694495,cpu_utilisation,pod=workload-cloud-6f545f89ff-gxn5c,0.5462448141302115
1783694505,cpu_utilisation,pod=workload-cloud-6f545f89ff-gxn5c,0.6849584622110496
1783694515,cpu_utilisation,pod=workload-cloud-6f545f89ff-gxn5c,0.8523330098029699
1783694525,cpu_utilisation,pod=workload-cloud-6f545f89ff-gxn5c,1.1080176287590737
1783694535,cpu_utilisation,pod=workload-cloud-6f545f89ff-gxn5c,1.6719386716037954
1783694545,cpu_utilisation,pod=workload-cloud-6f545f89ff-gxn5c,1.6719386716037954
1783694555,cpu_utilisation,pod=workload-cloud-6f545f89ff-gxn5c,2.470043641750227
1783694565,cpu_utilisation,pod=workload-cloud-6f545f89ff-gxn5c,2.470043641750227
1783694575,cpu_utilisation,pod=workload-cloud-6f545f89ff-gxn5c,2.7947129613635058
1783694585,cpu_utilisation,pod=workload-cloud-6f545f89ff-gxn5c,3.016430140341329
1783694595,cpu_utilisation,pod=workload-cloud-6f545f89ff-gxn5c,2.577670784823849
1783694605,cpu_utilisation,pod=workload-cloud-6f545f89ff-gxn5c,3.093718363648133
1783694615,cpu_utilisation,pod=workload-cloud-6f545f89ff-gxn5c,2.687153852218973
1783694625,cpu_utilisation,pod=workload-cloud-6f545f89ff-gxn5c,3.3191647075371233
1783694635,cpu_utilisation,pod=workload-cloud-6f545f89ff-gxn5c,3.4184733697724665
1783694645,cpu_utilisation,pod=workload-cloud-6f545f89ff-gxn5c,2.592532777777777
1783694655,cpu_utilisation,pod=workload-cloud-6f545f89ff-gxn5c,3.631974973931177
1783694665,cpu_utilisation,pod=workload-cloud-6f545f89ff-gxn5c,2.9961103031614837
1783694675,cpu_utilisation,pod=workload-cloud-6f545f89ff-gxn5c,3.4521666553341936
1783694685,cpu_utilisation,pod=workload-cloud-6f545f89ff-gxn5c,2.7532738503156553
1783694695,cpu_utilisation,pod=workload-cloud-6f545f89ff-gxn5c,2.4451996849153224
1783694705,cpu_utilisation,pod=workload-cloud-6f545f89ff-gxn5c,2.004158329708569
1783694715,cpu_utilisation,pod=workload-cloud-6f545f89ff-gxn5c,1.540909149970115
1783694725,cpu_utilisation,pod=workload-cloud-6f545f89ff-gxn5c,1.2939803851439113
1783694735,cpu_utilisation,pod=workload-cloud-6f545f89ff-gxn5c,0.8400639010886081
1783694745,cpu_utilisation,pod=workload-cloud-6f545f89ff-gxn5c,0.8400639010886081
1783694755,cpu_utilisation,pod=workload-cloud-6f545f89ff-gxn5c,0.6225130941308924
1783694765,cpu_utilisation,pod=workload-cloud-6f545f89ff-gxn5c,0.6252894281152307
1783694775,cpu_utilisation,pod=workload-cloud-6f545f89ff-gxn5c,0.6252894281152307
1783694785,cpu_utilisation,pod=workload-cloud-6f545f89ff-gxn5c,0.6926422433571102
1783694795,cpu_utilisation,pod=workload-cloud-6f545f89ff-gxn5c,0.7294257295542942
1783694805,cpu_utilisation,pod=workload-cloud-6f545f89ff-gxn5c,1.0149617868675989
1783694815,cpu_utilisation,pod=workload-cloud-6f545f89ff-gxn5c,1.2908637099640607
1783694825,cpu_utilisation,pod=workload-cloud-6f545f89ff-gxn5c,1.541868213079148
1783694835,cpu_utilisation,pod=workload-cloud-6f545f89ff-gxn5c,1.5192713315156654
1783694845,cpu_utilisation,pod=workload-cloud-6f545f89ff-gxn5c,1.2621428432098187
1783694855,cpu_utilisation,pod=workload-cloud-6f545f89ff-gxn5c,1.4954498639352949
1783694865,cpu_utilisation,pod=workload-cloud-6f545f89ff-gxn5c,1.4717394311294436
1783694875,cpu_utilisation,pod=workload-cloud-6f545f89ff-gxn5c,1.4870228912664822
1783694885,cpu_utilisation,pod=workload-cloud-6f545f89ff-gxn5c,1.4870228912664822
1783694895,cpu_utilisation,pod=workload-cloud-6f545f89ff-gxn5c,1.0785626500133336
1783694905,cpu_utilisation,pod=workload-cloud-6f545f89ff-gxn5c,0.9451621551124482
1783694915,cpu_utilisation,pod=workload-cloud-6f545f89ff-gxn5c,0.23911704037075773
1783694925,cpu_utilisation,pod=workload-cloud-6f545f89ff-gxn5c,0.17796014146434955
1783694935,cpu_utilisation,pod=workload-cloud-6f545f89ff-gxn5c,0.0218833464257678
1783694945,cpu_utilisation,pod=workload-cloud-6f545f89ff-gxn5c,0.0218833464257678
1783694955,cpu_utilisation,pod=workload-cloud-6f545f89ff-gxn5c,0.02136323021565466
1783694965,cpu_utilisation,pod=workload-cloud-6f545f89ff-gxn5c,0.018103023257827297
1783694565,cpu_utilisation,pod=workload-cloud-6f545f89ff-jlhd6,0.09235582585747586
1783694575,cpu_utilisation,pod=workload-cloud-6f545f89ff-jlhd6,0.09237329166666666
1783694585,cpu_utilisation,pod=workload-cloud-6f545f89ff-jlhd6,0.08323553011438681
1783694595,cpu_utilisation,pod=workload-cloud-6f545f89ff-jlhd6,0.07295008799120224
1783694605,cpu_utilisation,pod=workload-cloud-6f545f89ff-jlhd6,0.08805565346808296
1783694615,cpu_utilisation,pod=workload-cloud-6f545f89ff-jlhd6,0.012194731767180925
1783694625,cpu_utilisation,pod=workload-cloud-6f545f89ff-jlhd6,0.014537156438848012
1783694635,cpu_utilisation,pod=workload-cloud-6f545f89ff-jlhd6,0.015520916035921595
1783694645,cpu_utilisation,pod=workload-cloud-6f545f89ff-jlhd6,0.016120620389082324
1783694655,cpu_utilisation,pod=workload-cloud-6f545f89ff-jlhd6,0.017539174317762564
1783694665,cpu_utilisation,pod=workload-cloud-6f545f89ff-jlhd6,0.017539174317762564
1783694675,cpu_utilisation,pod=workload-cloud-6f545f89ff-jlhd6,0.015373721984617927
1783694685,cpu_utilisation,pod=workload-cloud-6f545f89ff-jlhd6,0.01426450507376369
1783694695,cpu_utilisation,pod=workload-cloud-6f545f89ff-jlhd6,0.01211091141152873
1783694705,cpu_utilisation,pod=workload-cloud-6f545f89ff-jlhd6,0.01211091141152873
1783694715,cpu_utilisation,pod=workload-cloud-6f545f89ff-jlhd6,0.013857104843001582
1783694725,cpu_utilisation,pod=workload-cloud-6f545f89ff-jlhd6,0.013438315235568233
1783694735,cpu_utilisation,pod=workload-cloud-6f545f89ff-jlhd6,0.011287290222521925
1783694745,cpu_utilisation,pod=workload-cloud-6f545f89ff-jlhd6,0.013064158453373768
1783694755,cpu_utilisation,pod=workload-cloud-6f545f89ff-jlhd6,0.011999870449540099
1783694765,cpu_utilisation,pod=workload-cloud-6f545f89ff-jlhd6,0.011982786495482642
1783694775,cpu_utilisation,pod=workload-cloud-6f545f89ff-jlhd6,0.011783791060850828
1783694785,cpu_utilisation,pod=workload-cloud-6f545f89ff-jlhd6,0.012298563458585234
1783694795,cpu_utilisation,pod=workload-cloud-6f545f89ff-jlhd6,0.015512043257414392
1783694805,cpu_utilisation,pod=workload-cloud-6f545f89ff-jlhd6,0.014937430324366393
1783694815,cpu_utilisation,pod=workload-cloud-6f545f89ff-jlhd6,0.018683011543569328
1783694825,cpu_utilisation,pod=workload-cloud-6f545f89ff-jlhd6,0.01667477269476988
1783694835,cpu_utilisation,pod=workload-cloud-6f545f89ff-jlhd6,0.023367131343933773
1783694845,cpu_utilisation,pod=workload-cloud-6f545f89ff-jlhd6,0.023402999186437692
1783694855,cpu_utilisation,pod=workload-cloud-6f545f89ff-jlhd6,0.024543470963410533
1783694865,cpu_utilisation,pod=workload-cloud-6f545f89ff-jlhd6,0.02339210526315789
1783694875,cpu_utilisation,pod=workload-cloud-6f545f89ff-jlhd6,0.02342721593433882
1783694885,cpu_utilisation,pod=workload-cloud-6f545f89ff-jlhd6,0.02374816621433286
1783694895,cpu_utilisation,pod=workload-cloud-6f545f89ff-jlhd6,0.023670549204000284
1783694325,cpu_utilisation,pod=workload-cloud-6f545f89ff-r28zz,0.01656363875839675
1783694335,cpu_utilisation,pod=workload-cloud-6f545f89ff-r28zz,0.04235576705189215
1783694345,cpu_utilisation,pod=workload-cloud-6f545f89ff-r28zz,0.04235576705189215
1783694355,cpu_utilisation,pod=workload-cloud-6f545f89ff-r28zz,0.23402816989122308
1783694365,cpu_utilisation,pod=workload-cloud-6f545f89ff-r28zz,0.31405774772461387
1783694375,cpu_utilisation,pod=workload-cloud-6f545f89ff-r28zz,0.5479492039423807
1783694385,cpu_utilisation,pod=workload-cloud-6f545f89ff-r28zz,0.5479492039423807
1783694395,cpu_utilisation,pod=workload-cloud-6f545f89ff-r28zz,0.6940119810532183
1783694405,cpu_utilisation,pod=workload-cloud-6f545f89ff-r28zz,0.7935237132668436
1783694415,cpu_utilisation,pod=workload-cloud-6f545f89ff-r28zz,0.9524083908045977
1783694425,cpu_utilisation,pod=workload-cloud-6f545f89ff-r28zz,0.9524083908045977
1783694435,cpu_utilisation,pod=workload-cloud-6f545f89ff-r28zz,1.1002374958039602
1783694445,cpu_utilisation,pod=workload-cloud-6f545f89ff-r28zz,0.8927143668037371
1783694455,cpu_utilisation,pod=workload-cloud-6f545f89ff-r28zz,1.2907887013939836
1783694465,cpu_utilisation,pod=workload-cloud-6f545f89ff-r28zz,1.486652998789012
1783694475,cpu_utilisation,pod=workload-cloud-6f545f89ff-r28zz,1.6190103517086563
1783694485,cpu_utilisation,pod=workload-cloud-6f545f89ff-r28zz,2.0671085170184598
1783694495,cpu_utilisation,pod=workload-cloud-6f545f89ff-r28zz,2.568369290653857
1783694505,cpu_utilisation,pod=workload-cloud-6f545f89ff-r28zz,2.5683692906538567
1783694515,cpu_utilisation,pod=workload-cloud-6f545f89ff-r28zz,2.7334360392645674
1783694525,cpu_utilisation,pod=workload-cloud-6f545f89ff-r28zz,2.66458191691788
1783694535,cpu_utilisation,pod=workload-cloud-6f545f89ff-r28zz,2.66458191691788
1783694545,cpu_utilisation,pod=workload-cloud-6f545f89ff-r28zz,2.8222916415753345
1783694555,cpu_utilisation,pod=workload-cloud-6f545f89ff-r28zz,2.932998233010835
1783694565,cpu_utilisation,pod=workload-cloud-6f545f89ff-r28zz,3.0297292944103806
1783694575,cpu_utilisation,pod=workload-cloud-6f545f89ff-r28zz,3.2805704367521784
1783694585,cpu_utilisation,pod=workload-cloud-6f545f89ff-r28zz,2.6624298036635694
1783694595,cpu_utilisation,pod=workload-cloud-6f545f89ff-r28zz,3.524360819761237
1783694605,cpu_utilisation,pod=workload-cloud-6f545f89ff-r28zz,3.5715582012607485
1783694615,cpu_utilisation,pod=workload-cloud-6f545f89ff-r28zz,3.6102033339595883
1783694625,cpu_utilisation,pod=workload-cloud-6f545f89ff-r28zz,3.648751503213766
1783694635,cpu_utilisation,pod=workload-cloud-6f545f89ff-r28zz,3.6774432943581874
1783694645,cpu_utilisation,pod=workload-cloud-6f545f89ff-r28zz,3.0583321681069857
1783694655,cpu_utilisation,pod=workload-cloud-6f545f89ff-r28zz,3.3133840512778217
1783694665,cpu_utilisation,pod=workload-cloud-6f545f89ff-r28zz,3.777610562865497
1783694675,cpu_utilisation,pod=workload-cloud-6f545f89ff-r28zz,3.8233671492235732
1783694685,cpu_utilisation,pod=workload-cloud-6f545f89ff-r28zz,3.4955338221780465
1783694695,cpu_utilisation,pod=workload-cloud-6f545f89ff-r28zz,2.9277337903840106
1783694705,cpu_utilisation,pod=workload-cloud-6f545f89ff-r28zz,2.9188440704032805
1783694715,cpu_utilisation,pod=workload-cloud-6f545f89ff-r28zz,2.7609511806845326
1783694725,cpu_utilisation,pod=workload-cloud-6f545f89ff-r28zz,2.0668314456842474
1783694735,cpu_utilisation,pod=workload-cloud-6f545f89ff-r28zz,2.2625074373977987
1783694745,cpu_utilisation,pod=workload-cloud-6f545f89ff-r28zz,2.19840676077266
1783694755,cpu_utilisation,pod=workload-cloud-6f545f89ff-r28zz,1.80980374847209
1783694765,cpu_utilisation,pod=workload-cloud-6f545f89ff-r28zz,1.226388625000002
1783694775,cpu_utilisation,pod=workload-cloud-6f545f89ff-r28zz,1.8137238889366465
1783694785,cpu_utilisation,pod=workload-cloud-6f545f89ff-r28zz,1.9145244349354977
1783694795,cpu_utilisation,pod=workload-cloud-6f545f89ff-r28zz,1.6837379732997726
1783694805,cpu_utilisation,pod=workload-cloud-6f545f89ff-r28zz,2.4922873757665447
1783694815,cpu_utilisation,pod=workload-cloud-6f545f89ff-r28zz,3.04613332847708
1783694825,cpu_utilisation,pod=workload-cloud-6f545f89ff-r28zz,3.1942584426458303
1783694835,cpu_utilisation,pod=workload-cloud-6f545f89ff-r28zz,3.465109607007355
1783694845,cpu_utilisation,pod=workload-cloud-6f545f89ff-r28zz,3.5608544503891095
1783694855,cpu_utilisation,pod=workload-cloud-6f545f89ff-r28zz,3.590424966799468
1783694865,cpu_utilisation,pod=workload-cloud-6f545f89ff-r28zz,2.98927103238226
1783694875,cpu_utilisation,pod=workload-cloud-6f545f89ff-r28zz,3.588996106785317
1783694885,cpu_utilisation,pod=workload-cloud-6f545f89ff-r28zz,3.5073839332289993
1783694895,cpu_utilisation,pod=workload-cloud-6f545f89ff-r28zz,3.304397783502287
1783694905,cpu_utilisation,pod=workload-cloud-6f545f89ff-r28zz,3.2043185612912226
1783694915,cpu_utilisation,pod=workload-cloud-6f545f89ff-r28zz,1.873507442012741
1783694925,cpu_utilisation,pod=workload-cloud-6f545f89ff-r28zz,1.3347291964285697
1783694935,cpu_utilisation,pod=workload-cloud-6f545f89ff-r28zz,0.8411915061394634
1783694945,cpu_utilisation,pod=workload-cloud-6f545f89ff-r28zz,0.1429042815339587
1783694955,cpu_utilisation,pod=workload-cloud-6f545f89ff-r28zz,0.023060302494596605
1783694965,cpu_utilisation,pod=workload-cloud-6f545f89ff-r28zz,0.02184600926973462
1783694625,cpu_utilisation,pod=workload-cloud-6f545f89ff-tltnh,0.12255386154687202
1783694635,cpu_utilisation,pod=workload-cloud-6f545f89ff-tltnh,0.09886112138896053
1783694645,cpu_utilisation,pod=workload-cloud-6f545f89ff-tltnh,0.09960538499186364
1783694655,cpu_utilisation,pod=workload-cloud-6f545f89ff-tltnh,0.12675757982824315
1783694665,cpu_utilisation,pod=workload-cloud-6f545f89ff-tltnh,0.10700862159532436
1783694675,cpu_utilisation,pod=workload-cloud-6f545f89ff-tltnh,0.015897442264713197
1783694685,cpu_utilisation,pod=workload-cloud-6f545f89ff-tltnh,0.01305775764439411
1783694695,cpu_utilisation,pod=workload-cloud-6f545f89ff-tltnh,0.012889425922272641
1783694705,cpu_utilisation,pod=workload-cloud-6f545f89ff-tltnh,0.013836726773346063
1783694715,cpu_utilisation,pod=workload-cloud-6f545f89ff-tltnh,0.01519120243416851
1783694725,cpu_utilisation,pod=workload-cloud-6f545f89ff-tltnh,0.01698955583610698
1783694735,cpu_utilisation,pod=workload-cloud-6f545f89ff-tltnh,0.015609483721329798
1783694745,cpu_utilisation,pod=workload-cloud-6f545f89ff-tltnh,0.014345410465351208
1783694755,cpu_utilisation,pod=workload-cloud-6f545f89ff-tltnh,0.007342750000000009
1783694765,cpu_utilisation,pod=workload-cloud-6f545f89ff-tltnh,0.012951126006654764
1783694775,cpu_utilisation,pod=workload-cloud-6f545f89ff-tltnh,0.013482606168790727
1783694785,cpu_utilisation,pod=workload-cloud-6f545f89ff-tltnh,0.013482606168790727
1783694795,cpu_utilisation,pod=workload-cloud-6f545f89ff-tltnh,0.014904635314471372
1783694805,cpu_utilisation,pod=workload-cloud-6f545f89ff-tltnh,0.01961049215792321
1783694815,cpu_utilisation,pod=workload-cloud-6f545f89ff-tltnh,0.01961049215792321
1783694825,cpu_utilisation,pod=workload-cloud-6f545f89ff-tltnh,0.023283239240245925
1783694835,cpu_utilisation,pod=workload-cloud-6f545f89ff-tltnh,0.024079858505734787
1783694845,cpu_utilisation,pod=workload-cloud-6f545f89ff-tltnh,0.024079858505734787
1783694855,cpu_utilisation,pod=workload-cloud-6f545f89ff-tltnh,0.02325678955275627
1783694865,cpu_utilisation,pod=workload-cloud-6f545f89ff-tltnh,0.02346950444726812
1783694875,cpu_utilisation,pod=workload-cloud-6f545f89ff-tltnh,0.02276758380711528
1783694885,cpu_utilisation,pod=workload-cloud-6f545f89ff-tltnh,0.020234296042953816
1783694895,cpu_utilisation,pod=workload-cloud-6f545f89ff-tltnh,0.0224747828185328
1783694905,cpu_utilisation,pod=workload-cloud-6f545f89ff-tltnh,0.018207445860816157
1783694915,cpu_utilisation,pod=workload-cloud-6f545f89ff-tltnh,0.02167830464436503
1783694925,cpu_utilisation,pod=workload-cloud-6f545f89ff-tltnh,0.021323892757233565
1783694935,cpu_utilisation,pod=workload-cloud-6f545f89ff-tltnh,0.020914336344383444
1783694945,cpu_utilisation,pod=workload-cloud-6f545f89ff-tltnh,0.020914336344383444
1783694955,cpu_utilisation,pod=workload-cloud-6f545f89ff-tltnh,0.0204993148935182
1783694965,cpu_utilisation,pod=workload-cloud-6f545f89ff-tltnh,0.0204993148935182
1783694535,cpu_utilisation,pod=workload-cloud-6f545f89ff-v88bc,0.29652232720894695
1783694545,cpu_utilisation,pod=workload-cloud-6f545f89ff-v88bc,0.49020651031536533
1783694555,cpu_utilisation,pod=workload-cloud-6f545f89ff-v88bc,0.9659415240622006
1783694565,cpu_utilisation,pod=workload-cloud-6f545f89ff-v88bc,1.2401426442626575
1783694575,cpu_utilisation,pod=workload-cloud-6f545f89ff-v88bc,1.6789922598790434
1783694585,cpu_utilisation,pod=workload-cloud-6f545f89ff-v88bc,2.115981159892063
1783694595,cpu_utilisation,pod=workload-cloud-6f545f89ff-v88bc,1.9025698629149506
1783694605,cpu_utilisation,pod=workload-cloud-6f545f89ff-v88bc,2.2810758085731972
1783694615,cpu_utilisation,pod=workload-cloud-6f545f89ff-v88bc,2.1429707427742124
1783694625,cpu_utilisation,pod=workload-cloud-6f545f89ff-v88bc,2.431981323279432
1783694635,cpu_utilisation,pod=workload-cloud-6f545f89ff-v88bc,2.5070913356134343
1783694645,cpu_utilisation,pod=workload-cloud-6f545f89ff-v88bc,2.9680948156524787
1783694655,cpu_utilisation,pod=workload-cloud-6f545f89ff-v88bc,3.1340624770574848
1783694665,cpu_utilisation,pod=workload-cloud-6f545f89ff-v88bc,2.902659640148174
1783694675,cpu_utilisation,pod=workload-cloud-6f545f89ff-v88bc,2.388108077195026
1783694685,cpu_utilisation,pod=workload-cloud-6f545f89ff-v88bc,2.388108077195026
1783694695,cpu_utilisation,pod=workload-cloud-6f545f89ff-v88bc,1.0242185235788508
1783694705,cpu_utilisation,pod=workload-cloud-6f545f89ff-v88bc,0.5067716818399609
1783694715,cpu_utilisation,pod=workload-cloud-6f545f89ff-v88bc,0.3251015965166908
1783694725,cpu_utilisation,pod=workload-cloud-6f545f89ff-v88bc,0.014880808932803267
1783694735,cpu_utilisation,pod=workload-cloud-6f545f89ff-v88bc,0.0142394559520854
1783694745,cpu_utilisation,pod=workload-cloud-6f545f89ff-v88bc,0.013420863239384675
1783694755,cpu_utilisation,pod=workload-cloud-6f545f89ff-v88bc,0.011479842519684652
1783694765,cpu_utilisation,pod=workload-cloud-6f545f89ff-v88bc,0.01186306868867191
1783694775,cpu_utilisation,pod=workload-cloud-6f545f89ff-v88bc,0.01240307892454493
1783694785,cpu_utilisation,pod=workload-cloud-6f545f89ff-v88bc,0.01007251165545967
1783694795,cpu_utilisation,pod=workload-cloud-6f545f89ff-v88bc,0.014468339715536717
1783694805,cpu_utilisation,pod=workload-cloud-6f545f89ff-v88bc,0.018040965385835554
1783694815,cpu_utilisation,pod=workload-cloud-6f545f89ff-v88bc,0.018040965385835554
1783694825,cpu_utilisation,pod=workload-cloud-6f545f89ff-v88bc,0.022698390016194947
1783694835,cpu_utilisation,pod=workload-cloud-6f545f89ff-v88bc,0.024108279567572197
1783694845,cpu_utilisation,pod=workload-cloud-6f545f89ff-v88bc,0.024108279567572197
1783694855,cpu_utilisation,pod=workload-cloud-6f545f89ff-v88bc,0.02502006295201769
1783694865,cpu_utilisation,pod=workload-cloud-6f545f89ff-v88bc,0.01866803539426452
1783694875,cpu_utilisation,pod=workload-cloud-6f545f89ff-v88bc,0.019687323028673077
1783694885,cpu_utilisation,pod=workload-cloud-6f545f89ff-v88bc,0.024413003333033374
1783694895,cpu_utilisation,pod=workload-cloud-6f545f89ff-v88bc,0.02372180566182134
1783694905,cpu_utilisation,pod=workload-cloud-6f545f89ff-v88bc,0.024185767818759536
1783694915,cpu_utilisation,pod=workload-cloud-6f545f89ff-v88bc,0.023979124990738374
1783694925,cpu_utilisation,pod=workload-cloud-6f545f89ff-v88bc,0.023453786735327473
1783694935,cpu_utilisation,pod=workload-cloud-6f545f89ff-v88bc,0.023453786735327473
1783694945,cpu_utilisation,pod=workload-cloud-6f545f89ff-v88bc,0.02229929146023
1783694955,cpu_utilisation,pod=workload-cloud-6f545f89ff-v88bc,0.017549914034058676
1783694605,cpu_utilisation,pod=workload-cloud-6f545f89ff-xxnfp,0.14641450601891656
1783694615,cpu_utilisation,pod=workload-cloud-6f545f89ff-xxnfp,0.09774518312906247
1783694625,cpu_utilisation,pod=workload-cloud-6f545f89ff-xxnfp,0.12375019090391058
1783694635,cpu_utilisation,pod=workload-cloud-6f545f89ff-xxnfp,0.10367825778168344
1783694645,cpu_utilisation,pod=workload-cloud-6f545f89ff-xxnfp,0.015987939211586533
1783694655,cpu_utilisation,pod=workload-cloud-6f545f89ff-xxnfp,0.015805995278761368
1783694665,cpu_utilisation,pod=workload-cloud-6f545f89ff-xxnfp,0.015257681578465108
1783694675,cpu_utilisation,pod=workload-cloud-6f545f89ff-xxnfp,0.010944879664327733
1783694685,cpu_utilisation,pod=workload-cloud-6f545f89ff-xxnfp,0.012883451723230726
1783694695,cpu_utilisation,pod=workload-cloud-6f545f89ff-xxnfp,0.009294510039485991
1783694705,cpu_utilisation,pod=workload-cloud-6f545f89ff-xxnfp,0.009455729282660742
1783694715,cpu_utilisation,pod=workload-cloud-6f545f89ff-xxnfp,0.014769832924407048
1783694725,cpu_utilisation,pod=workload-cloud-6f545f89ff-xxnfp,0.014771210139371256
1783694735,cpu_utilisation,pod=workload-cloud-6f545f89ff-xxnfp,0.01446371457403322
1783694745,cpu_utilisation,pod=workload-cloud-6f545f89ff-xxnfp,0.014738231552162851
1783694755,cpu_utilisation,pod=workload-cloud-6f545f89ff-xxnfp,0.012256565563158888
1783694765,cpu_utilisation,pod=workload-cloud-6f545f89ff-xxnfp,0.012432449796248026
1783694775,cpu_utilisation,pod=workload-cloud-6f545f89ff-xxnfp,0.012849753755537385
1783694785,cpu_utilisation,pod=workload-cloud-6f545f89ff-xxnfp,0.012180447422883607
1783694795,cpu_utilisation,pod=workload-cloud-6f545f89ff-xxnfp,0.015942920847268654
1783694805,cpu_utilisation,pod=workload-cloud-6f545f89ff-xxnfp,0.01594292084726865
1783694815,cpu_utilisation,pod=workload-cloud-6f545f89ff-xxnfp,0.019352969121140158
1783694825,cpu_utilisation,pod=workload-cloud-6f545f89ff-xxnfp,0.022250711135468046
1783694835,cpu_utilisation,pod=workload-cloud-6f545f89ff-xxnfp,0.02170486488512425
1783694845,cpu_utilisation,pod=workload-cloud-6f545f89ff-xxnfp,0.02268155005191879
1783694855,cpu_utilisation,pod=workload-cloud-6f545f89ff-xxnfp,0.014402499999999983
1783694865,cpu_utilisation,pod=workload-cloud-6f545f89ff-xxnfp,0.02308433160903892
1783694875,cpu_utilisation,pod=workload-cloud-6f545f89ff-xxnfp,0.02446107637611865
1783694885,cpu_utilisation,pod=workload-cloud-6f545f89ff-xxnfp,0.02426069282088186
1783694895,cpu_utilisation,pod=workload-cloud-6f545f89ff-xxnfp,0.024304677780542412
1783694905,cpu_utilisation,pod=workload-cloud-6f545f89ff-xxnfp,0.0237381938074816
1783694915,cpu_utilisation,pod=workload-cloud-6f545f89ff-xxnfp,0.019774377017622878
1783694925,cpu_utilisation,pod=workload-cloud-6f545f89ff-xxnfp,0.02330961945031716
1783694935,cpu_utilisation,pod=workload-cloud-6f545f89ff-xxnfp,0.022905410461722696
1783694945,cpu_utilisation,pod=workload-cloud-6f545f89ff-xxnfp,0.02260178063280084
1783694955,cpu_utilisation,pod=workload-cloud-6f545f89ff-xxnfp,0.022901909042180316
1783694965,cpu_utilisation,pod=workload-cloud-6f545f89ff-xxnfp,0.021786593540524056
1783694325,cpu_utilisation,pod=workload-edge-7b875fd8c6-pxwvc,0.03866880292973458
1783694335,cpu_utilisation,pod=workload-edge-7b875fd8c6-pxwvc,0.04006270678514695
1783694345,cpu_utilisation,pod=workload-edge-7b875fd8c6-pxwvc,0.043456540121948585
1783694355,cpu_utilisation,pod=workload-edge-7b875fd8c6-pxwvc,0.042805524465223135
1783694365,cpu_utilisation,pod=workload-edge-7b875fd8c6-pxwvc,0.04100492083150689
1783694375,cpu_utilisation,pod=workload-edge-7b875fd8c6-pxwvc,0.036053537036611495
1783694385,cpu_utilisation,pod=workload-edge-7b875fd8c6-pxwvc,0.03091109078234801
1783694395,cpu_utilisation,pod=workload-edge-7b875fd8c6-pxwvc,0.02718232595249683
1783694405,cpu_utilisation,pod=workload-edge-7b875fd8c6-pxwvc,0.026935633504124798
1783694415,cpu_utilisation,pod=workload-edge-7b875fd8c6-pxwvc,0.02666154020128998
1783694425,cpu_utilisation,pod=workload-edge-7b875fd8c6-pxwvc,0.02666154020128998
1783694435,cpu_utilisation,pod=workload-edge-7b875fd8c6-pxwvc,0.02680579122503037
1783694445,cpu_utilisation,pod=workload-edge-7b875fd8c6-pxwvc,0.02698289114806487
1783694455,cpu_utilisation,pod=workload-edge-7b875fd8c6-pxwvc,0.027653902574752268
1783694465,cpu_utilisation,pod=workload-edge-7b875fd8c6-pxwvc,0.028154499613871033
1783694475,cpu_utilisation,pod=workload-edge-7b875fd8c6-pxwvc,0.0330598145836929
1783694485,cpu_utilisation,pod=workload-edge-7b875fd8c6-pxwvc,0.03533758072960163
1783694495,cpu_utilisation,pod=workload-edge-7b875fd8c6-pxwvc,0.03713755435355893
1783694505,cpu_utilisation,pod=workload-edge-7b875fd8c6-pxwvc,0.04215805201991015
1783694515,cpu_utilisation,pod=workload-edge-7b875fd8c6-pxwvc,0.042362616822419416
1783694525,cpu_utilisation,pod=workload-edge-7b875fd8c6-pxwvc,0.04184400008446274
1783694535,cpu_utilisation,pod=workload-edge-7b875fd8c6-pxwvc,0.03768196994991313
1783694545,cpu_utilisation,pod=workload-edge-7b875fd8c6-pxwvc,0.03347759241836744
1783694555,cpu_utilisation,pod=workload-edge-7b875fd8c6-pxwvc,0.03347759241836744
1783694565,cpu_utilisation,pod=workload-edge-7b875fd8c6-pxwvc,0.028183202416928583
1783694575,cpu_utilisation,pod=workload-edge-7b875fd8c6-pxwvc,0.023815197475671554
1783694585,cpu_utilisation,pod=workload-edge-7b875fd8c6-pxwvc,0.027778394534596216
1783694595,cpu_utilisation,pod=workload-edge-7b875fd8c6-pxwvc,0.02855651298826536
1783694605,cpu_utilisation,pod=workload-edge-7b875fd8c6-pxwvc,0.02904845353784532
1783694615,cpu_utilisation,pod=workload-edge-7b875fd8c6-pxwvc,0.030396935807324204
1783694625,cpu_utilisation,pod=workload-edge-7b875fd8c6-pxwvc,0.032036851375161775
1783694635,cpu_utilisation,pod=workload-edge-7b875fd8c6-pxwvc,0.03449038232765928
1783694645,cpu_utilisation,pod=workload-edge-7b875fd8c6-pxwvc,0.03562870901837947
1783694655,cpu_utilisation,pod=workload-edge-7b875fd8c6-pxwvc,0.038347066860209854
1783694665,cpu_utilisation,pod=workload-edge-7b875fd8c6-pxwvc,0.039234915617753253
1783694675,cpu_utilisation,pod=workload-edge-7b875fd8c6-pxwvc,0.033435516833346064
1783694685,cpu_utilisation,pod=workload-edge-7b875fd8c6-pxwvc,0.031747264519097845
1783694695,cpu_utilisation,pod=workload-edge-7b875fd8c6-pxwvc,0.02809954882003472
1783694705,cpu_utilisation,pod=workload-edge-7b875fd8c6-pxwvc,0.03039889462935614
1783694715,cpu_utilisation,pod=workload-edge-7b875fd8c6-pxwvc,0.03161609195406083
1783694725,cpu_utilisation,pod=workload-edge-7b875fd8c6-pxwvc,0.03319993277455399
1783694735,cpu_utilisation,pod=workload-edge-7b875fd8c6-pxwvc,0.033494827664083175
1783694745,cpu_utilisation,pod=workload-edge-7b875fd8c6-pxwvc,0.027351205012923027
1783694755,cpu_utilisation,pod=workload-edge-7b875fd8c6-pxwvc,0.030540776182894296
1783694765,cpu_utilisation,pod=workload-edge-7b875fd8c6-pxwvc,0.030013198606560643
1783694775,cpu_utilisation,pod=workload-edge-7b875fd8c6-pxwvc,0.03048567459628423
1783694785,cpu_utilisation,pod=workload-edge-7b875fd8c6-pxwvc,0.031352418774139724
1783694795,cpu_utilisation,pod=workload-edge-7b875fd8c6-pxwvc,0.036465575125257256
1783694805,cpu_utilisation,pod=workload-edge-7b875fd8c6-pxwvc,0.04211975790567302
1783694815,cpu_utilisation,pod=workload-edge-7b875fd8c6-pxwvc,0.04515201377113167
1783694825,cpu_utilisation,pod=workload-edge-7b875fd8c6-pxwvc,0.05264793130364031
1783694835,cpu_utilisation,pod=workload-edge-7b875fd8c6-pxwvc,0.05573856750120604
1783694845,cpu_utilisation,pod=workload-edge-7b875fd8c6-pxwvc,0.053873736700858904
1783694855,cpu_utilisation,pod=workload-edge-7b875fd8c6-pxwvc,0.054776485838852876
1783694865,cpu_utilisation,pod=workload-edge-7b875fd8c6-pxwvc,0.053889619690755675
1783694875,cpu_utilisation,pod=workload-edge-7b875fd8c6-pxwvc,0.05285037504935635
1783694885,cpu_utilisation,pod=workload-edge-7b875fd8c6-pxwvc,0.05607116272145449
1783694895,cpu_utilisation,pod=workload-edge-7b875fd8c6-pxwvc,0.05607116272145449
1783694905,cpu_utilisation,pod=workload-edge-7b875fd8c6-pxwvc,0.053640136039866754
1783694915,cpu_utilisation,pod=workload-edge-7b875fd8c6-pxwvc,0.05464854082651528
1783694925,cpu_utilisation,pod=workload-edge-7b875fd8c6-pxwvc,0.05464854082651528
1783694935,cpu_utilisation,pod=workload-edge-7b875fd8c6-pxwvc,0.04958977240794282
1783694945,cpu_utilisation,pod=workload-edge-7b875fd8c6-pxwvc,0.041043071390438994
1783694955,cpu_utilisation,pod=workload-edge-7b875fd8c6-pxwvc,0.040764276841703015
1783694965,cpu_utilisation,pod=workload-edge-7b875fd8c6-pxwvc,0.04497946611906549
1783694435,mem_mib,pod=workload-cloud-6f545f89ff-gxn5c,2.95703125
1783694445,mem_mib,pod=workload-cloud-6f545f89ff-gxn5c,35.3828125
1783694455,mem_mib,pod=workload-cloud-6f545f89ff-gxn5c,35.3828125
1783694465,mem_mib,pod=workload-cloud-6f545f89ff-gxn5c,35.25390625
1783694475,mem_mib,pod=workload-cloud-6f545f89ff-gxn5c,35.7265625
1783694485,mem_mib,pod=workload-cloud-6f545f89ff-gxn5c,35.7265625
1783694495,mem_mib,pod=workload-cloud-6f545f89ff-gxn5c,35.6484375
1783694505,mem_mib,pod=workload-cloud-6f545f89ff-gxn5c,35.6484375
1783694515,mem_mib,pod=workload-cloud-6f545f89ff-gxn5c,35.7578125
1783694525,mem_mib,pod=workload-cloud-6f545f89ff-gxn5c,37.51953125
1783694535,mem_mib,pod=workload-cloud-6f545f89ff-gxn5c,39.3359375
1783694545,mem_mib,pod=workload-cloud-6f545f89ff-gxn5c,39.3359375
1783694555,mem_mib,pod=workload-cloud-6f545f89ff-gxn5c,39.30859375
1783694565,mem_mib,pod=workload-cloud-6f545f89ff-gxn5c,39.30859375
1783694575,mem_mib,pod=workload-cloud-6f545f89ff-gxn5c,39.375
1783694585,mem_mib,pod=workload-cloud-6f545f89ff-gxn5c,39.38671875
1783694595,mem_mib,pod=workload-cloud-6f545f89ff-gxn5c,39.38671875
1783694605,mem_mib,pod=workload-cloud-6f545f89ff-gxn5c,39.671875
1783694615,mem_mib,pod=workload-cloud-6f545f89ff-gxn5c,39.5078125
1783694625,mem_mib,pod=workload-cloud-6f545f89ff-gxn5c,39.48046875
1783694635,mem_mib,pod=workload-cloud-6f545f89ff-gxn5c,39.49609375
1783694645,mem_mib,pod=workload-cloud-6f545f89ff-gxn5c,39.49609375
1783694655,mem_mib,pod=workload-cloud-6f545f89ff-gxn5c,39.796875
1783694665,mem_mib,pod=workload-cloud-6f545f89ff-gxn5c,39.796875
1783694675,mem_mib,pod=workload-cloud-6f545f89ff-gxn5c,39.66015625
1783694685,mem_mib,pod=workload-cloud-6f545f89ff-gxn5c,39.66015625
1783694695,mem_mib,pod=workload-cloud-6f545f89ff-gxn5c,39.30078125
1783694705,mem_mib,pod=workload-cloud-6f545f89ff-gxn5c,38.76953125
1783694715,mem_mib,pod=workload-cloud-6f545f89ff-gxn5c,38.76953125
1783694725,mem_mib,pod=workload-cloud-6f545f89ff-gxn5c,39.24609375
1783694735,mem_mib,pod=workload-cloud-6f545f89ff-gxn5c,38.20703125
1783694745,mem_mib,pod=workload-cloud-6f545f89ff-gxn5c,38.20703125
1783694755,mem_mib,pod=workload-cloud-6f545f89ff-gxn5c,38.45703125
1783694765,mem_mib,pod=workload-cloud-6f545f89ff-gxn5c,38.453125
1783694775,mem_mib,pod=workload-cloud-6f545f89ff-gxn5c,38.453125
1783694785,mem_mib,pod=workload-cloud-6f545f89ff-gxn5c,38.48828125
1783694795,mem_mib,pod=workload-cloud-6f545f89ff-gxn5c,38.48828125
1783694805,mem_mib,pod=workload-cloud-6f545f89ff-gxn5c,38.4921875
1783694815,mem_mib,pod=workload-cloud-6f545f89ff-gxn5c,38.5
1783694825,mem_mib,pod=workload-cloud-6f545f89ff-gxn5c,38.5
1783694835,mem_mib,pod=workload-cloud-6f545f89ff-gxn5c,38.5
1783694845,mem_mib,pod=workload-cloud-6f545f89ff-gxn5c,38.50390625
1783694855,mem_mib,pod=workload-cloud-6f545f89ff-gxn5c,38.76171875
1783694865,mem_mib,pod=workload-cloud-6f545f89ff-gxn5c,38.76171875
1783694875,mem_mib,pod=workload-cloud-6f545f89ff-gxn5c,38.76953125
1783694885,mem_mib,pod=workload-cloud-6f545f89ff-gxn5c,38.76953125
1783694895,mem_mib,pod=workload-cloud-6f545f89ff-gxn5c,38.1484375
1783694905,mem_mib,pod=workload-cloud-6f545f89ff-gxn5c,38.1484375
1783694915,mem_mib,pod=workload-cloud-6f545f89ff-gxn5c,38.15234375
1783694925,mem_mib,pod=workload-cloud-6f545f89ff-gxn5c,38.15625
1783694935,mem_mib,pod=workload-cloud-6f545f89ff-gxn5c,38.15625
1783694945,mem_mib,pod=workload-cloud-6f545f89ff-gxn5c,38.15625
1783694955,mem_mib,pod=workload-cloud-6f545f89ff-gxn5c,38.15625
1783694965,mem_mib,pod=workload-cloud-6f545f89ff-gxn5c,38.15625
1783694555,mem_mib,pod=workload-cloud-6f545f89ff-jlhd6,3.51953125
1783694565,mem_mib,pod=workload-cloud-6f545f89ff-jlhd6,35.12890625
1783694575,mem_mib,pod=workload-cloud-6f545f89ff-jlhd6,35.12890625
1783694585,mem_mib,pod=workload-cloud-6f545f89ff-jlhd6,35.1484375
1783694595,mem_mib,pod=workload-cloud-6f545f89ff-jlhd6,35.171875
1783694605,mem_mib,pod=workload-cloud-6f545f89ff-jlhd6,35.171875
1783694615,mem_mib,pod=workload-cloud-6f545f89ff-jlhd6,35.17578125
1783694625,mem_mib,pod=workload-cloud-6f545f89ff-jlhd6,35.1796875
1783694635,mem_mib,pod=workload-cloud-6f545f89ff-jlhd6,35.1953125
1783694645,mem_mib,pod=workload-cloud-6f545f89ff-jlhd6,35.1953125
1783694655,mem_mib,pod=workload-cloud-6f545f89ff-jlhd6,35.19921875
1783694665,mem_mib,pod=workload-cloud-6f545f89ff-jlhd6,35.19921875
1783694675,mem_mib,pod=workload-cloud-6f545f89ff-jlhd6,35.19921875
1783694685,mem_mib,pod=workload-cloud-6f545f89ff-jlhd6,35.19921875
1783694695,mem_mib,pod=workload-cloud-6f545f89ff-jlhd6,35.2109375
1783694705,mem_mib,pod=workload-cloud-6f545f89ff-jlhd6,35.2109375
1783694715,mem_mib,pod=workload-cloud-6f545f89ff-jlhd6,35.2109375
1783694725,mem_mib,pod=workload-cloud-6f545f89ff-jlhd6,35.2109375
1783694735,mem_mib,pod=workload-cloud-6f545f89ff-jlhd6,35.2109375
1783694745,mem_mib,pod=workload-cloud-6f545f89ff-jlhd6,35.22265625
1783694755,mem_mib,pod=workload-cloud-6f545f89ff-jlhd6,35.22265625
1783694765,mem_mib,pod=workload-cloud-6f545f89ff-jlhd6,35.22265625
1783694775,mem_mib,pod=workload-cloud-6f545f89ff-jlhd6,35.22265625
1783694785,mem_mib,pod=workload-cloud-6f545f89ff-jlhd6,35.23046875
1783694795,mem_mib,pod=workload-cloud-6f545f89ff-jlhd6,35.23828125
1783694805,mem_mib,pod=workload-cloud-6f545f89ff-jlhd6,35.23828125
1783694815,mem_mib,pod=workload-cloud-6f545f89ff-jlhd6,35.25
1783694825,mem_mib,pod=workload-cloud-6f545f89ff-jlhd6,35.25
1783694835,mem_mib,pod=workload-cloud-6f545f89ff-jlhd6,35.23828125
1783694845,mem_mib,pod=workload-cloud-6f545f89ff-jlhd6,35.24609375
1783694855,mem_mib,pod=workload-cloud-6f545f89ff-jlhd6,35.25
1783694865,mem_mib,pod=workload-cloud-6f545f89ff-jlhd6,35.24609375
1783694875,mem_mib,pod=workload-cloud-6f545f89ff-jlhd6,35.24609375
1783694885,mem_mib,pod=workload-cloud-6f545f89ff-jlhd6,35.25
1783694895,mem_mib,pod=workload-cloud-6f545f89ff-jlhd6,35.25
1783694325,mem_mib,pod=workload-cloud-6f545f89ff-r28zz,37.0546875
1783694335,mem_mib,pod=workload-cloud-6f545f89ff-r28zz,37.05859375
1783694345,mem_mib,pod=workload-cloud-6f545f89ff-r28zz,37.05859375
1783694355,mem_mib,pod=workload-cloud-6f545f89ff-r28zz,37.09375
1783694365,mem_mib,pod=workload-cloud-6f545f89ff-r28zz,37.09375
1783694375,mem_mib,pod=workload-cloud-6f545f89ff-r28zz,37.91796875
1783694385,mem_mib,pod=workload-cloud-6f545f89ff-r28zz,37.91796875
1783694395,mem_mib,pod=workload-cloud-6f545f89ff-r28zz,37.2109375
1783694405,mem_mib,pod=workload-cloud-6f545f89ff-r28zz,37.6484375
1783694415,mem_mib,pod=workload-cloud-6f545f89ff-r28zz,37.91015625
1783694425,mem_mib,pod=workload-cloud-6f545f89ff-r28zz,37.91015625
1783694435,mem_mib,pod=workload-cloud-6f545f89ff-r28zz,37.8125
1783694445,mem_mib,pod=workload-cloud-6f545f89ff-r28zz,37.8125
1783694455,mem_mib,pod=workload-cloud-6f545f89ff-r28zz,37.69140625
1783694465,mem_mib,pod=workload-cloud-6f545f89ff-r28zz,37.765625
1783694475,mem_mib,pod=workload-cloud-6f545f89ff-r28zz,37.765625
1783694485,mem_mib,pod=workload-cloud-6f545f89ff-r28zz,37.87109375
1783694495,mem_mib,pod=workload-cloud-6f545f89ff-r28zz,38.13671875
1783694505,mem_mib,pod=workload-cloud-6f545f89ff-r28zz,38.13671875
1783694515,mem_mib,pod=workload-cloud-6f545f89ff-r28zz,38.62109375
1783694525,mem_mib,pod=workload-cloud-6f545f89ff-r28zz,39.69921875
1783694535,mem_mib,pod=workload-cloud-6f545f89ff-r28zz,39.69921875
1783694545,mem_mib,pod=workload-cloud-6f545f89ff-r28zz,41.04296875
1783694555,mem_mib,pod=workload-cloud-6f545f89ff-r28zz,41.04296875
1783694565,mem_mib,pod=workload-cloud-6f545f89ff-r28zz,40.57421875
1783694575,mem_mib,pod=workload-cloud-6f545f89ff-r28zz,41.4609375
1783694585,mem_mib,pod=workload-cloud-6f545f89ff-r28zz,40.65625
1783694595,mem_mib,pod=workload-cloud-6f545f89ff-r28zz,40.69921875
1783694605,mem_mib,pod=workload-cloud-6f545f89ff-r28zz,40.69921875
1783694615,mem_mib,pod=workload-cloud-6f545f89ff-r28zz,40.7734375
1783694625,mem_mib,pod=workload-cloud-6f545f89ff-r28zz,40.7734375
1783694635,mem_mib,pod=workload-cloud-6f545f89ff-r28zz,40.859375
1783694645,mem_mib,pod=workload-cloud-6f545f89ff-r28zz,40.859375
1783694655,mem_mib,pod=workload-cloud-6f545f89ff-r28zz,40.95703125
1783694665,mem_mib,pod=workload-cloud-6f545f89ff-r28zz,40.953125
1783694675,mem_mib,pod=workload-cloud-6f545f89ff-r28zz,40.953125
1783694685,mem_mib,pod=workload-cloud-6f545f89ff-r28zz,42.625
1783694695,mem_mib,pod=workload-cloud-6f545f89ff-r28zz,40.5703125
1783694705,mem_mib,pod=workload-cloud-6f545f89ff-r28zz,39.94140625
1783694715,mem_mib,pod=workload-cloud-6f545f89ff-r28zz,39.94140625
1783694725,mem_mib,pod=workload-cloud-6f545f89ff-r28zz,40.15625
1783694735,mem_mib,pod=workload-cloud-6f545f89ff-r28zz,40.43359375
1783694745,mem_mib,pod=workload-cloud-6f545f89ff-r28zz,40.43359375
1783694755,mem_mib,pod=workload-cloud-6f545f89ff-r28zz,41.22265625
1783694765,mem_mib,pod=workload-cloud-6f545f89ff-r28zz,41.22265625
1783694775,mem_mib,pod=workload-cloud-6f545f89ff-r28zz,40.2421875
1783694785,mem_mib,pod=workload-cloud-6f545f89ff-r28zz,40.21484375
1783694795,mem_mib,pod=workload-cloud-6f545f89ff-r28zz,40.21484375
1783694805,mem_mib,pod=workload-cloud-6f545f89ff-r28zz,39.99609375
1783694815,mem_mib,pod=workload-cloud-6f545f89ff-r28zz,39.98828125
1783694825,mem_mib,pod=workload-cloud-6f545f89ff-r28zz,39.984375
1783694835,mem_mib,pod=workload-cloud-6f545f89ff-r28zz,39.984375
1783694845,mem_mib,pod=workload-cloud-6f545f89ff-r28zz,40.01953125
1783694855,mem_mib,pod=workload-cloud-6f545f89ff-r28zz,40.08984375
1783694865,mem_mib,pod=workload-cloud-6f545f89ff-r28zz,40.08984375
1783694875,mem_mib,pod=workload-cloud-6f545f89ff-r28zz,40.26953125
1783694885,mem_mib,pod=workload-cloud-6f545f89ff-r28zz,40.04296875
1783694895,mem_mib,pod=workload-cloud-6f545f89ff-r28zz,40.29296875
1783694905,mem_mib,pod=workload-cloud-6f545f89ff-r28zz,40.29296875
1783694915,mem_mib,pod=workload-cloud-6f545f89ff-r28zz,39.39453125
1783694925,mem_mib,pod=workload-cloud-6f545f89ff-r28zz,39.35546875
1783694935,mem_mib,pod=workload-cloud-6f545f89ff-r28zz,39.35546875
1783694945,mem_mib,pod=workload-cloud-6f545f89ff-r28zz,39.35546875
1783694955,mem_mib,pod=workload-cloud-6f545f89ff-r28zz,39.35546875
1783694965,mem_mib,pod=workload-cloud-6f545f89ff-r28zz,39.39453125
1783694615,mem_mib,pod=workload-cloud-6f545f89ff-tltnh,3.11328125
1783694625,mem_mib,pod=workload-cloud-6f545f89ff-tltnh,35.08203125
1783694635,mem_mib,pod=workload-cloud-6f545f89ff-tltnh,35.140625
1783694645,mem_mib,pod=workload-cloud-6f545f89ff-tltnh,35.41015625
1783694655,mem_mib,pod=workload-cloud-6f545f89ff-tltnh,35.41015625
1783694665,mem_mib,pod=workload-cloud-6f545f89ff-tltnh,35.171875
1783694675,mem_mib,pod=workload-cloud-6f545f89ff-tltnh,35.171875
1783694685,mem_mib,pod=workload-cloud-6f545f89ff-tltnh,35.17578125
1783694695,mem_mib,pod=workload-cloud-6f545f89ff-tltnh,35.1953125
1783694705,mem_mib,pod=workload-cloud-6f545f89ff-tltnh,35.1953125
1783694715,mem_mib,pod=workload-cloud-6f545f89ff-tltnh,35.1953125
1783694725,mem_mib,pod=workload-cloud-6f545f89ff-tltnh,35.1953125
1783694735,mem_mib,pod=workload-cloud-6f545f89ff-tltnh,35.1953125
1783694745,mem_mib,pod=workload-cloud-6f545f89ff-tltnh,35.203125
1783694755,mem_mib,pod=workload-cloud-6f545f89ff-tltnh,35.203125
1783694765,mem_mib,pod=workload-cloud-6f545f89ff-tltnh,35.21484375
1783694775,mem_mib,pod=workload-cloud-6f545f89ff-tltnh,35.21484375
1783694785,mem_mib,pod=workload-cloud-6f545f89ff-tltnh,35.21484375
1783694795,mem_mib,pod=workload-cloud-6f545f89ff-tltnh,35.21875
1783694805,mem_mib,pod=workload-cloud-6f545f89ff-tltnh,35.21875
1783694815,mem_mib,pod=workload-cloud-6f545f89ff-tltnh,35.21875
1783694825,mem_mib,pod=workload-cloud-6f545f89ff-tltnh,35.21875
1783694835,mem_mib,pod=workload-cloud-6f545f89ff-tltnh,35.22265625
1783694845,mem_mib,pod=workload-cloud-6f545f89ff-tltnh,35.22265625
1783694855,mem_mib,pod=workload-cloud-6f545f89ff-tltnh,35.234375
1783694865,mem_mib,pod=workload-cloud-6f545f89ff-tltnh,35.234375
1783694875,mem_mib,pod=workload-cloud-6f545f89ff-tltnh,35.234375
1783694885,mem_mib,pod=workload-cloud-6f545f89ff-tltnh,35.234375
1783694895,mem_mib,pod=workload-cloud-6f545f89ff-tltnh,35.23828125
1783694905,mem_mib,pod=workload-cloud-6f545f89ff-tltnh,35.23828125
1783694915,mem_mib,pod=workload-cloud-6f545f89ff-tltnh,35.24609375
1783694925,mem_mib,pod=workload-cloud-6f545f89ff-tltnh,35.24609375
1783694935,mem_mib,pod=workload-cloud-6f545f89ff-tltnh,35.24609375
1783694945,mem_mib,pod=workload-cloud-6f545f89ff-tltnh,35.24609375
1783694955,mem_mib,pod=workload-cloud-6f545f89ff-tltnh,35.2578125
1783694965,mem_mib,pod=workload-cloud-6f545f89ff-tltnh,35.2578125
1783694525,mem_mib,pod=workload-cloud-6f545f89ff-v88bc,2.88671875
1783694535,mem_mib,pod=workload-cloud-6f545f89ff-v88bc,36.796875
1783694545,mem_mib,pod=workload-cloud-6f545f89ff-v88bc,36.796875
1783694555,mem_mib,pod=workload-cloud-6f545f89ff-v88bc,37.76171875
1783694565,mem_mib,pod=workload-cloud-6f545f89ff-v88bc,37.76171875
1783694575,mem_mib,pod=workload-cloud-6f545f89ff-v88bc,38.0390625
1783694585,mem_mib,pod=workload-cloud-6f545f89ff-v88bc,37.8671875
1783694595,mem_mib,pod=workload-cloud-6f545f89ff-v88bc,37.91796875
1783694605,mem_mib,pod=workload-cloud-6f545f89ff-v88bc,37.91015625
1783694615,mem_mib,pod=workload-cloud-6f545f89ff-v88bc,37.93359375
1783694625,mem_mib,pod=workload-cloud-6f545f89ff-v88bc,37.93359375
1783694635,mem_mib,pod=workload-cloud-6f545f89ff-v88bc,37.9375
1783694645,mem_mib,pod=workload-cloud-6f545f89ff-v88bc,38.01171875
1783694655,mem_mib,pod=workload-cloud-6f545f89ff-v88bc,38.01171875
1783694665,mem_mib,pod=workload-cloud-6f545f89ff-v88bc,38.0234375
1783694675,mem_mib,pod=workload-cloud-6f545f89ff-v88bc,37.59765625
1783694685,mem_mib,pod=workload-cloud-6f545f89ff-v88bc,37.59765625
1783694695,mem_mib,pod=workload-cloud-6f545f89ff-v88bc,37.14453125
1783694705,mem_mib,pod=workload-cloud-6f545f89ff-v88bc,37.14453125
1783694715,mem_mib,pod=workload-cloud-6f545f89ff-v88bc,37.15234375
1783694725,mem_mib,pod=workload-cloud-6f545f89ff-v88bc,37.15234375
1783694735,mem_mib,pod=workload-cloud-6f545f89ff-v88bc,37.15234375
1783694745,mem_mib,pod=workload-cloud-6f545f89ff-v88bc,37.15234375
1783694755,mem_mib,pod=workload-cloud-6f545f89ff-v88bc,37.15234375
1783694765,mem_mib,pod=workload-cloud-6f545f89ff-v88bc,37.15234375
1783694775,mem_mib,pod=workload-cloud-6f545f89ff-v88bc,37.15234375
1783694785,mem_mib,pod=workload-cloud-6f545f89ff-v88bc,37.15234375
1783694795,mem_mib,pod=workload-cloud-6f545f89ff-v88bc,37.15234375
1783694805,mem_mib,pod=workload-cloud-6f545f89ff-v88bc,37.15234375
1783694815,mem_mib,pod=workload-cloud-6f545f89ff-v88bc,37.15234375
1783694825,mem_mib,pod=workload-cloud-6f545f89ff-v88bc,37.15234375
1783694835,mem_mib,pod=workload-cloud-6f545f89ff-v88bc,37.15625
1783694845,mem_mib,pod=workload-cloud-6f545f89ff-v88bc,37.15625
1783694855,mem_mib,pod=workload-cloud-6f545f89ff-v88bc,37.15234375
1783694865,mem_mib,pod=workload-cloud-6f545f89ff-v88bc,37.15234375
1783694875,mem_mib,pod=workload-cloud-6f545f89ff-v88bc,37.15234375
1783694885,mem_mib,pod=workload-cloud-6f545f89ff-v88bc,37.15234375
1783694895,mem_mib,pod=workload-cloud-6f545f89ff-v88bc,37.15234375
1783694905,mem_mib,pod=workload-cloud-6f545f89ff-v88bc,37.15234375
1783694915,mem_mib,pod=workload-cloud-6f545f89ff-v88bc,37.15234375
1783694925,mem_mib,pod=workload-cloud-6f545f89ff-v88bc,37.15234375
1783694935,mem_mib,pod=workload-cloud-6f545f89ff-v88bc,37.15234375
1783694945,mem_mib,pod=workload-cloud-6f545f89ff-v88bc,37.15234375
1783694955,mem_mib,pod=workload-cloud-6f545f89ff-v88bc,37.15234375
1783694585,mem_mib,pod=workload-cloud-6f545f89ff-xxnfp,3.41015625
1783694595,mem_mib,pod=workload-cloud-6f545f89ff-xxnfp,3.41015625
1783694605,mem_mib,pod=workload-cloud-6f545f89ff-xxnfp,35.140625
1783694615,mem_mib,pod=workload-cloud-6f545f89ff-xxnfp,35.16796875
1783694625,mem_mib,pod=workload-cloud-6f545f89ff-xxnfp,35.16796875
1783694635,mem_mib,pod=workload-cloud-6f545f89ff-xxnfp,35.171875
1783694645,mem_mib,pod=workload-cloud-6f545f89ff-xxnfp,35.171875
1783694655,mem_mib,pod=workload-cloud-6f545f89ff-xxnfp,35.19140625
1783694665,mem_mib,pod=workload-cloud-6f545f89ff-xxnfp,35.203125
1783694675,mem_mib,pod=workload-cloud-6f545f89ff-xxnfp,35.203125
1783694685,mem_mib,pod=workload-cloud-6f545f89ff-xxnfp,35.203125
1783694695,mem_mib,pod=workload-cloud-6f545f89ff-xxnfp,35.203125
1783694705,mem_mib,pod=workload-cloud-6f545f89ff-xxnfp,35.203125
1783694715,mem_mib,pod=workload-cloud-6f545f89ff-xxnfp,35.20703125
1783694725,mem_mib,pod=workload-cloud-6f545f89ff-xxnfp,35.21484375
1783694735,mem_mib,pod=workload-cloud-6f545f89ff-xxnfp,35.21484375
1783694745,mem_mib,pod=workload-cloud-6f545f89ff-xxnfp,35.21484375
1783694755,mem_mib,pod=workload-cloud-6f545f89ff-xxnfp,35.21484375
1783694765,mem_mib,pod=workload-cloud-6f545f89ff-xxnfp,35.21875
1783694775,mem_mib,pod=workload-cloud-6f545f89ff-xxnfp,35.21875
1783694785,mem_mib,pod=workload-cloud-6f545f89ff-xxnfp,35.2265625
1783694795,mem_mib,pod=workload-cloud-6f545f89ff-xxnfp,35.2265625
1783694805,mem_mib,pod=workload-cloud-6f545f89ff-xxnfp,35.2265625
1783694815,mem_mib,pod=workload-cloud-6f545f89ff-xxnfp,35.23828125
1783694825,mem_mib,pod=workload-cloud-6f545f89ff-xxnfp,35.23828125
1783694835,mem_mib,pod=workload-cloud-6f545f89ff-xxnfp,35.23828125
1783694845,mem_mib,pod=workload-cloud-6f545f89ff-xxnfp,35.23828125
1783694855,mem_mib,pod=workload-cloud-6f545f89ff-xxnfp,35.23828125
1783694865,mem_mib,pod=workload-cloud-6f545f89ff-xxnfp,35.23828125
1783694875,mem_mib,pod=workload-cloud-6f545f89ff-xxnfp,35.25
1783694885,mem_mib,pod=workload-cloud-6f545f89ff-xxnfp,35.25
1783694895,mem_mib,pod=workload-cloud-6f545f89ff-xxnfp,35.25
1783694905,mem_mib,pod=workload-cloud-6f545f89ff-xxnfp,35.25
1783694915,mem_mib,pod=workload-cloud-6f545f89ff-xxnfp,35.25
1783694925,mem_mib,pod=workload-cloud-6f545f89ff-xxnfp,35.25390625
1783694935,mem_mib,pod=workload-cloud-6f545f89ff-xxnfp,35.25390625
1783694945,mem_mib,pod=workload-cloud-6f545f89ff-xxnfp,35.25390625
1783694955,mem_mib,pod=workload-cloud-6f545f89ff-xxnfp,35.25390625
1783694965,mem_mib,pod=workload-cloud-6f545f89ff-xxnfp,35.25390625
1783694325,mem_mib,pod=workload-edge-7b875fd8c6-pxwvc,39.26171875
1783694335,mem_mib,pod=workload-edge-7b875fd8c6-pxwvc,39.26171875
1783694345,mem_mib,pod=workload-edge-7b875fd8c6-pxwvc,39.26171875
1783694355,mem_mib,pod=workload-edge-7b875fd8c6-pxwvc,39.26171875
1783694365,mem_mib,pod=workload-edge-7b875fd8c6-pxwvc,39.26171875
1783694375,mem_mib,pod=workload-edge-7b875fd8c6-pxwvc,39.26171875
1783694385,mem_mib,pod=workload-edge-7b875fd8c6-pxwvc,39.26171875
1783694395,mem_mib,pod=workload-edge-7b875fd8c6-pxwvc,39.26171875
1783694405,mem_mib,pod=workload-edge-7b875fd8c6-pxwvc,39.51171875
1783694415,mem_mib,pod=workload-edge-7b875fd8c6-pxwvc,39.26171875
1783694425,mem_mib,pod=workload-edge-7b875fd8c6-pxwvc,39.26171875
1783694435,mem_mib,pod=workload-edge-7b875fd8c6-pxwvc,39.26171875
1783694445,mem_mib,pod=workload-edge-7b875fd8c6-pxwvc,39.26171875
1783694455,mem_mib,pod=workload-edge-7b875fd8c6-pxwvc,39.26171875
1783694465,mem_mib,pod=workload-edge-7b875fd8c6-pxwvc,39.26171875
1783694475,mem_mib,pod=workload-edge-7b875fd8c6-pxwvc,39.26171875
1783694485,mem_mib,pod=workload-edge-7b875fd8c6-pxwvc,39.26171875
1783694495,mem_mib,pod=workload-edge-7b875fd8c6-pxwvc,39.26171875
1783694505,mem_mib,pod=workload-edge-7b875fd8c6-pxwvc,39.26171875
1783694515,mem_mib,pod=workload-edge-7b875fd8c6-pxwvc,39.26171875
1783694525,mem_mib,pod=workload-edge-7b875fd8c6-pxwvc,39.26171875
1783694535,mem_mib,pod=workload-edge-7b875fd8c6-pxwvc,39.26171875
1783694545,mem_mib,pod=workload-edge-7b875fd8c6-pxwvc,39.26171875
1783694555,mem_mib,pod=workload-edge-7b875fd8c6-pxwvc,39.26171875
1783694565,mem_mib,pod=workload-edge-7b875fd8c6-pxwvc,39.26171875
1783694575,mem_mib,pod=workload-edge-7b875fd8c6-pxwvc,39.26171875
1783694585,mem_mib,pod=workload-edge-7b875fd8c6-pxwvc,39.265625
1783694595,mem_mib,pod=workload-edge-7b875fd8c6-pxwvc,39.26171875
1783694605,mem_mib,pod=workload-edge-7b875fd8c6-pxwvc,39.26171875
1783694615,mem_mib,pod=workload-edge-7b875fd8c6-pxwvc,39.26171875
1783694625,mem_mib,pod=workload-edge-7b875fd8c6-pxwvc,39.26171875
1783694635,mem_mib,pod=workload-edge-7b875fd8c6-pxwvc,39.26171875
1783694645,mem_mib,pod=workload-edge-7b875fd8c6-pxwvc,39.26171875
1783694655,mem_mib,pod=workload-edge-7b875fd8c6-pxwvc,39.26171875
1783694665,mem_mib,pod=workload-edge-7b875fd8c6-pxwvc,39.26171875
1783694675,mem_mib,pod=workload-edge-7b875fd8c6-pxwvc,39.26171875
1783694685,mem_mib,pod=workload-edge-7b875fd8c6-pxwvc,39.26171875
1783694695,mem_mib,pod=workload-edge-7b875fd8c6-pxwvc,39.26171875
1783694705,mem_mib,pod=workload-edge-7b875fd8c6-pxwvc,39.26171875
1783694715,mem_mib,pod=workload-edge-7b875fd8c6-pxwvc,39.26171875
1783694725,mem_mib,pod=workload-edge-7b875fd8c6-pxwvc,39.265625
1783694735,mem_mib,pod=workload-edge-7b875fd8c6-pxwvc,39.26171875
1783694745,mem_mib,pod=workload-edge-7b875fd8c6-pxwvc,39.26171875
1783694755,mem_mib,pod=workload-edge-7b875fd8c6-pxwvc,39.26171875
1783694765,mem_mib,pod=workload-edge-7b875fd8c6-pxwvc,39.26171875
1783694775,mem_mib,pod=workload-edge-7b875fd8c6-pxwvc,39.26171875
1783694785,mem_mib,pod=workload-edge-7b875fd8c6-pxwvc,39.26171875
1783694795,mem_mib,pod=workload-edge-7b875fd8c6-pxwvc,39.26171875
1783694805,mem_mib,pod=workload-edge-7b875fd8c6-pxwvc,39.26171875
1783694815,mem_mib,pod=workload-edge-7b875fd8c6-pxwvc,39.26171875
1783694825,mem_mib,pod=workload-edge-7b875fd8c6-pxwvc,39.26171875
1783694835,mem_mib,pod=workload-edge-7b875fd8c6-pxwvc,39.26171875
1783694845,mem_mib,pod=workload-edge-7b875fd8c6-pxwvc,39.26171875
1783694855,mem_mib,pod=workload-edge-7b875fd8c6-pxwvc,39.26171875
1783694865,mem_mib,pod=workload-edge-7b875fd8c6-pxwvc,39.26171875
1783694875,mem_mib,pod=workload-edge-7b875fd8c6-pxwvc,39.26171875
1783694885,mem_mib,pod=workload-edge-7b875fd8c6-pxwvc,39.26171875
1783694895,mem_mib,pod=workload-edge-7b875fd8c6-pxwvc,39.26171875
1783694905,mem_mib,pod=workload-edge-7b875fd8c6-pxwvc,39.26171875
1783694915,mem_mib,pod=workload-edge-7b875fd8c6-pxwvc,39.26171875
1783694925,mem_mib,pod=workload-edge-7b875fd8c6-pxwvc,39.26171875
1783694935,mem_mib,pod=workload-edge-7b875fd8c6-pxwvc,39.26171875
1783694945,mem_mib,pod=workload-edge-7b875fd8c6-pxwvc,39.26171875
1783694955,mem_mib,pod=workload-edge-7b875fd8c6-pxwvc,39.26171875
1783694965,mem_mib,pod=workload-edge-7b875fd8c6-pxwvc,39.26171875
1783694325,rps,tier=cloud,0.0
1783694335,rps,tier=cloud,0.8200820082008201
1783694345,rps,tier=cloud,5.0805356568780855
1783694355,rps,tier=cloud,13.320799247954879
1783694365,rps,tier=cloud,25.563067568108174
1783694375,rps,tier=cloud,41.664999799976
1783694385,rps,tier=cloud,61.14366862011722
1783694395,rps,tier=cloud,80.80895700083269
1783694405,rps,tier=cloud,99.86998699869989
1783694415,rps,tier=cloud,117.90583470049606
1783694425,rps,tier=cloud,134.7161659399128
1783694435,rps,tier=cloud,150.9196733796282
1783694445,rps,tier=cloud,167.4717800453418
1783694455,rps,tier=cloud,181.7036614993683
1783694465,rps,tier=cloud,197.64714586334907
1783694475,rps,tier=cloud,206.41942998573134
1783694485,rps,tier=cloud,211.60605601439002
1783694495,rps,tier=cloud,217.96946623759504
1783694505,rps,tier=cloud,225.3729585543273
1783694515,rps,tier=cloud,240.42404240424042
1783694525,rps,tier=cloud,302.7323536726744
1783694535,rps,tier=cloud,418.3985672371955
1783694545,rps,tier=cloud,619.8315259885197
1783694555,rps,tier=cloud,809.6728721589595
1783694565,rps,tier=cloud,989.905688894883
1783694575,rps,tier=cloud,1128.6243533212753
1783694585,rps,tier=cloud,1197.9463179035301
1783694595,rps,tier=cloud,1206.017297235282
1783694605,rps,tier=cloud,1199.4113096951974
1783694615,rps,tier=cloud,1182.9569900551703
1783694625,rps,tier=cloud,1137.4934691962167
1783694635,rps,tier=cloud,1107.5147615376516
1783694645,rps,tier=cloud,1017.1103790431541
1783694655,rps,tier=cloud,998.1705174190931
1783694665,rps,tier=cloud,1013.4561798565575
1783694675,rps,tier=cloud,1023.3204861194095
1783694685,rps,tier=cloud,975.8717240059243
1783694695,rps,tier=cloud,930.8692258557655
1783694705,rps,tier=cloud,767.3727888876022
1783694715,rps,tier=cloud,581.1736596572039
1783694725,rps,tier=cloud,432.14589331077764
1783694735,rps,tier=cloud,337.7572845495135
1783694745,rps,tier=cloud,312.8629448629719
1783694755,rps,tier=cloud,322.38913092243797
1783694765,rps,tier=cloud,327.0159791912304
1783694775,rps,tier=cloud,325.7890272560542
1783694785,rps,tier=cloud,321.90109127579336
1783694795,rps,tier=cloud,308.1323475073808
1783694805,rps,tier=cloud,290.39237457640553
1783694815,rps,tier=cloud,274.4548525286215
1783694825,rps,tier=cloud,253.75950905117486
1783694835,rps,tier=cloud,243.15074411228062
1783694845,rps,tier=cloud,241.9063637770794
1783694855,rps,tier=cloud,240.72930257980994
1783694865,rps,tier=cloud,239.9904558957126
1783694875,rps,tier=cloud,242.10460151236072
1783694885,rps,tier=cloud,229.7024842841057
1783694895,rps,tier=cloud,204.09013612379607
1783694905,rps,tier=cloud,167.54036414182895
1783694915,rps,tier=cloud,121.11082945533761
1783694925,rps,tier=cloud,73.80349123285644
1783694935,rps,tier=cloud,35.383998855396236
1783694945,rps,tier=cloud,10.801296155538665
1783694955,rps,tier=cloud,0.5400324019441167
1783694965,rps,tier=cloud,0.0
1783694325,rps,tier=edge,0.0
1783694335,rps,tier=edge,0.0
1783694345,rps,tier=edge,0.0
1783694355,rps,tier=edge,0.0
1783694365,rps,tier=edge,0.0
1783694375,rps,tier=edge,0.0
1783694385,rps,tier=edge,0.0
1783694395,rps,tier=edge,0.0
1783694405,rps,tier=edge,0.0
1783694415,rps,tier=edge,0.0
1783694425,rps,tier=edge,0.0
1783694435,rps,tier=edge,0.0
1783694445,rps,tier=edge,0.0
1783694455,rps,tier=edge,0.0
1783694465,rps,tier=edge,0.0
1783694475,rps,tier=edge,0.0
1783694485,rps,tier=edge,0.0
1783694495,rps,tier=edge,0.0
1783694505,rps,tier=edge,0.0
1783694515,rps,tier=edge,0.0
1783694525,rps,tier=edge,0.0
1783694535,rps,tier=edge,0.0
1783694545,rps,tier=edge,0.0
1783694555,rps,tier=edge,0.0
1783694565,rps,tier=edge,0.0
1783694575,rps,tier=edge,0.0
1783694585,rps,tier=edge,0.0
1783694595,rps,tier=edge,0.0
1783694605,rps,tier=edge,0.0
1783694615,rps,tier=edge,0.0
1783694625,rps,tier=edge,0.0
1783694635,rps,tier=edge,0.0
1783694645,rps,tier=edge,0.0
1783694655,rps,tier=edge,0.0
1783694665,rps,tier=edge,0.0
1783694675,rps,tier=edge,0.0
1783694685,rps,tier=edge,0.0
1783694695,rps,tier=edge,0.0
1783694705,rps,tier=edge,0.0
1783694715,rps,tier=edge,0.0
1783694725,rps,tier=edge,0.0
1783694735,rps,tier=edge,0.0
1783694745,rps,tier=edge,0.0
1783694755,rps,tier=edge,0.0
1783694765,rps,tier=edge,0.0
1783694775,rps,tier=edge,0.0
1783694785,rps,tier=edge,0.0
1783694795,rps,tier=edge,0.0
1783694805,rps,tier=edge,0.0
1783694815,rps,tier=edge,0.0
1783694825,rps,tier=edge,0.0
1783694835,rps,tier=edge,0.0
1783694845,rps,tier=edge,0.0
1783694855,rps,tier=edge,0.0
1783694865,rps,tier=edge,0.0
1783694875,rps,tier=edge,0.0
1783694885,rps,tier=edge,0.0
1783694895,rps,tier=edge,0.0
1783694905,rps,tier=edge,0.0
1783694915,rps,tier=edge,0.0
1783694925,rps,tier=edge,0.0
1783694935,rps,tier=edge,0.0
1783694945,rps,tier=edge,0.0
1783694955,rps,tier=edge,0.0
1783694965,rps,tier=edge,0.0
1783694335,lat50_ms,tier=cloud,9.531250000000002
1783694345,lat50_ms,tier=cloud,4.458064516129033
1783694355,lat50_ms,tier=cloud,4.208425720620842
1783694365,lat50_ms,tier=cloud,4.141891891891892
1783694375,lat50_ms,tier=cloud,4.170414617006324
1783694385,lat50_ms,tier=cloud,4.214843750000001
1783694395,lat50_ms,tier=cloud,4.360544085070813
1783694405,lat50_ms,tier=cloud,4.621400599001642
1783694415,lat50_ms,tier=cloud,4.987507179781735
1783694425,lat50_ms,tier=cloud,6.203784955557085
1783694435,lat50_ms,tier=cloud,7.25726313972048
1783694445,lat50_ms,tier=cloud,7.931303914582898
1783694455,lat50_ms,tier=cloud,8.54339736722765
1783694465,lat50_ms,tier=cloud,9.435718509925518
1783694475,lat50_ms,tier=cloud,10.828142932292426
1783694485,lat50_ms,tier=cloud,12.412911399943747
1783694495,lat50_ms,tier=cloud,13.983045759433804
1783694505,lat50_ms,tier=cloud,15.550592786597514
1783694515,lat50_ms,tier=cloud,16.741523480377026
1783694525,lat50_ms,tier=cloud,19.110470467686593
1783694535,lat50_ms,tier=cloud,26.643859101036853
1783694545,lat50_ms,tier=cloud,32.2694489219357
1783694555,lat50_ms,tier=cloud,38.46776526405306
1783694565,lat50_ms,tier=cloud,42.48947394087147
1783694575,lat50_ms,tier=cloud,43.98629841928608
1783694585,lat50_ms,tier=cloud,45.211725838704226
1783694595,lat50_ms,tier=cloud,46.973273271003116
1783694605,lat50_ms,tier=cloud,48.24496715472548
1783694615,lat50_ms,tier=cloud,49.419066656134085
1783694625,lat50_ms,tier=cloud,50.98689785980813
1783694635,lat50_ms,tier=cloud,52.30586455154421
1783694645,lat50_ms,tier=cloud,54.614366627994734
1783694655,lat50_ms,tier=cloud,54.9515526950439
1783694665,lat50_ms,tier=cloud,54.768284106891706
1783694675,lat50_ms,tier=cloud,54.35190736698776
1783694685,lat50_ms,tier=cloud,53.82156876503834
1783694695,lat50_ms,tier=cloud,52.92974812644571
1783694705,lat50_ms,tier=cloud,51.63497803620578
1783694715,lat50_ms,tier=cloud,50.58407561469359
1783694725,lat50_ms,tier=cloud,48.03649230135636
1783694735,lat50_ms,tier=cloud,44.46118545152361
1783694745,lat50_ms,tier=cloud,41.47128482575654
1783694755,lat50_ms,tier=cloud,36.87094586259243
1783694765,lat50_ms,tier=cloud,33.32887805238366
1783694775,lat50_ms,tier=cloud,28.31237719623432
1783694785,lat50_ms,tier=cloud,23.32453001184464
1783694795,lat50_ms,tier=cloud,20.466456667827646
1783694805,lat50_ms,tier=cloud,20.369134374635877
1783694815,lat50_ms,tier=cloud,20.530621608492293
1783694825,lat50_ms,tier=cloud,22.441363214256672
1783694835,lat50_ms,tier=cloud,25.082515512951666
1783694845,lat50_ms,tier=cloud,26.97037139786198
1783694855,lat50_ms,tier=cloud,29.856344445179403
1783694865,lat50_ms,tier=cloud,33.423403333644764
1783694875,lat50_ms,tier=cloud,37.05419794167121
1783694885,lat50_ms,tier=cloud,42.675724959129454
1783694895,lat50_ms,tier=cloud,46.67146205765612
1783694905,lat50_ms,tier=cloud,46.97633724642834
1783694915,lat50_ms,tier=cloud,46.622924921897265
1783694925,lat50_ms,tier=cloud,46.32250237070381
1783694935,lat50_ms,tier=cloud,45.17308682994821
1783694945,lat50_ms,tier=cloud,46.15673646382448
1783694955,lat50_ms,tier=cloud,47.14093218783672
1783694965,lat50_ms,tier=cloud,46.5852754531334
1783694335,lat95_ms,tier=cloud,19.970588235294123
1783694345,lat95_ms,tier=cloud,17.583333333333346
1783694355,lat95_ms,tier=cloud,12.853658536585352
1783694365,lat95_ms,tier=cloud,9.92484662576687
1783694375,lat95_ms,tier=cloud,9.729130434782604
1783694385,lat95_ms,tier=cloud,9.613440860215054
1783694395,lat95_ms,tier=cloud,9.865930538646444
1783694405,lat95_ms,tier=cloud,15.600829346849435
1783694415,lat95_ms,tier=cloud,17.708892025405788
1783694425,lat95_ms,tier=cloud,19.049522778756405
1783694435,lat95_ms,tier=cloud,19.73439406817369
1783694445,lat95_ms,tier=cloud,24.091659854117466
1783694455,lat95_ms,tier=cloud,30.320852127085427
1783694465,lat95_ms,tier=cloud,39.31655809734786
1783694475,lat95_ms,tier=cloud,48.40592659507598
1783694485,lat95_ms,tier=cloud,62.7828531497317
1783694495,lat95_ms,tier=cloud,66.90305227082307
1783694505,lat95_ms,tier=cloud,69.66675955803534
1783694515,lat95_ms,tier=cloud,71.9577257753891
1783694525,lat95_ms,tier=cloud,72.45748315949426
1783694535,lat95_ms,tier=cloud,73.09461872706385
1783694545,lat95_ms,tier=cloud,79.30757078444687
1783694555,lat95_ms,tier=cloud,86.74749035920017
1783694565,lat95_ms,tier=cloud,89.58540976329164
1783694575,lat95_ms,tier=cloud,90.52099181708067
1783694585,lat95_ms,tier=cloud,93.43846884130268
1783694595,lat95_ms,tier=cloud,96.71396032762205
1783694605,lat95_ms,tier=cloud,97.82112085587853
1783694615,lat95_ms,tier=cloud,99.56802525834205
1783694625,lat95_ms,tier=cloud,113.51196977857694
1783694635,lat95_ms,tier=cloud,126.77351722767713
1783694645,lat95_ms,tier=cloud,162.73425449181454
1783694655,lat95_ms,tier=cloud,173.35796835993835
1783694665,lat95_ms,tier=cloud,174.135792525773
1783694675,lat95_ms,tier=cloud,175.3379676175753
1783694685,lat95_ms,tier=cloud,178.7152563304444
1783694695,lat95_ms,tier=cloud,181.2098840014213
1783694705,lat95_ms,tier=cloud,184.88528638787315
1783694715,lat95_ms,tier=cloud,191.56733219439295
1783694725,lat95_ms,tier=cloud,193.89720804371456
1783694735,lat95_ms,tier=cloud,189.57039635795576
1783694745,lat95_ms,tier=cloud,169.42498953967905
1783694755,lat95_ms,tier=cloud,93.57472098148463
1783694765,lat95_ms,tier=cloud,83.1306516925145
1783694775,lat95_ms,tier=cloud,74.00355183129994
1783694785,lat95_ms,tier=cloud,69.47254739694857
1783694795,lat95_ms,tier=cloud,73.21540942839296
1783694805,lat95_ms,tier=cloud,84.30775613704165
1783694815,lat95_ms,tier=cloud,90.94226306772684
1783694825,lat95_ms,tier=cloud,98.70437920205372
1783694835,lat95_ms,tier=cloud,104.75018167121172
1783694845,lat95_ms,tier=cloud,111.70259435240688
1783694855,lat95_ms,tier=cloud,120.87585759070674
1783694865,lat95_ms,tier=cloud,127.06755289859514
1783694875,lat95_ms,tier=cloud,131.6647915658259
1783694885,lat95_ms,tier=cloud,136.0953480529944
1783694895,lat95_ms,tier=cloud,138.0630232045778
1783694905,lat95_ms,tier=cloud,138.39952662064331
1783694915,lat95_ms,tier=cloud,137.83870268276783
1783694925,lat95_ms,tier=cloud,137.3559646207733
1783694935,lat95_ms,tier=cloud,132.96786741851548
1783694945,lat95_ms,tier=cloud,135.37208330078053
1783694955,lat95_ms,tier=cloud,137.19472739657704
1783694965,lat95_ms,tier=cloud,132.1927320988474
1783694335,lat99_ms,tier=cloud,43.849999999999994
1783694345,lat99_ms,tier=cloud,30.95000000000013
1783694355,lat99_ms,tier=cloud,19.351219512195126
1783694365,lat99_ms,tier=cloud,18.40363636363636
1783694375,lat99_ms,tier=cloud,17.560869565217384
1783694385,lat99_ms,tier=cloud,16.58481012658223
1783694395,lat99_ms,tier=cloud,17.932539579810896
1783694405,lat99_ms,tier=cloud,19.373499089358933
1783694415,lat99_ms,tier=cloud,19.733733239237832
1783694425,lat99_ms,tier=cloud,36.83878349477139
1783694435,lat99_ms,tier=cloud,42.676845349827296
1783694445,lat99_ms,tier=cloud,44.81833197082349
1783694455,lat99_ms,tier=cloud,46.41972722614445
1783694465,lat99_ms,tier=cloud,61.35795271263698
1783694475,lat99_ms,tier=cloud,85.0641743692754
1783694485,lat99_ms,tier=cloud,93.3302801872925
1783694495,lat99_ms,tier=cloud,95.58972944736414
1783694505,lat99_ms,tier=cloud,97.56227822249599
1783694515,lat99_ms,tier=cloud,102.54145600206346
1783694525,lat99_ms,tier=cloud,104.06227543859839
1783694535,lat99_ms,tier=cloud,98.8107700913727
1783694545,lat99_ms,tier=cloud,99.17665418307217
1783694555,lat99_ms,tier=cloud,99.65976156334018
1783694565,lat99_ms,tier=cloud,99.94519232424292
1783694575,lat99_ms,tier=cloud,110.43644706767861
1783694585,lat99_ms,tier=cloud,135.0801312535487
1783694595,lat99_ms,tier=cloud,146.06452725484078
1783694605,lat99_ms,tier=cloud,147.54947129158344
1783694615,lat99_ms,tier=cloud,162.01451593789196
1783694625,lat99_ms,tier=cloud,198.6311110528269
1783694635,lat99_ms,tier=cloud,250.29067102508208
1783694645,lat99_ms,tier=cloud,312.71888016620454
1783694655,lat99_ms,tier=cloud,343.2353122220659
1783694665,lat99_ms,tier=cloud,343.29955947136716
1783694675,lat99_ms,tier=cloud,345.46234968602005
1783694685,lat99_ms,tier=cloud,352.211443038202
1783694695,lat99_ms,tier=cloud,363.0222966624111
1783694705,lat99_ms,tier=cloud,375.4553914816517
1783694715,lat99_ms,tier=cloud,388.6226193035877
1783694725,lat99_ms,tier=cloud,397.27941782447493
1783694735,lat99_ms,tier=cloud,397.7877498815798
1783694745,lat99_ms,tier=cloud,376.5762419748063
1783694755,lat99_ms,tier=cloud,171.9225378772622
1783694765,lat99_ms,tier=cloud,113.17673161216034
1783694775,lat99_ms,tier=cloud,99.63581647030237
1783694785,lat99_ms,tier=cloud,103.09940679665813
1783694795,lat99_ms,tier=cloud,128.34012266647264
1783694805,lat99_ms,tier=cloud,138.9789774776336
1783694815,lat99_ms,tier=cloud,143.69091851093694
1783694825,lat99_ms,tier=cloud,149.3336295399934
1783694835,lat99_ms,tier=cloud,155.28285154049337
1783694845,lat99_ms,tier=cloud,164.50322406073022
1783694855,lat99_ms,tier=cloud,176.25004226405247
1783694865,lat99_ms,tier=cloud,181.26135414008542
1783694875,lat99_ms,tier=cloud,185.57143610766036
1783694885,lat99_ms,tier=cloud,189.69599809510567
1783694895,lat99_ms,tier=cloud,191.38137961113154
1783694905,lat99_ms,tier=cloud,192.66746315456817
1783694915,lat99_ms,tier=cloud,193.4017528434254
1783694925,lat99_ms,tier=cloud,195.06842842849906
1783694935,lat99_ms,tier=cloud,194.33278428203053
1783694945,lat99_ms,tier=cloud,195.67338720921856
1783694955,lat99_ms,tier=cloud,194.67136897012622
1783694965,lat99_ms,tier=cloud,190.04383906960777
1783694325,inflight,tier=cloud,0.0
1783694335,inflight,tier=cloud,0.0
1783694345,inflight,tier=cloud,0.0
1783694355,inflight,tier=cloud,0.0
1783694365,inflight,tier=cloud,0.0
1783694375,inflight,tier=cloud,0.0
1783694385,inflight,tier=cloud,0.0
1783694395,inflight,tier=cloud,0.0
1783694405,inflight,tier=cloud,0.0
1783694415,inflight,tier=cloud,0.0
1783694425,inflight,tier=cloud,0.0
1783694435,inflight,tier=cloud,0.0
1783694445,inflight,tier=cloud,0.0
1783694455,inflight,tier=cloud,0.0
1783694465,inflight,tier=cloud,0.0
1783694475,inflight,tier=cloud,1.0
1783694485,inflight,tier=cloud,2.0
1783694495,inflight,tier=cloud,0.0
1783694505,inflight,tier=cloud,1.0
1783694515,inflight,tier=cloud,0.0
1783694525,inflight,tier=cloud,0.0
1783694535,inflight,tier=cloud,37.0
1783694545,inflight,tier=cloud,40.0
1783694555,inflight,tier=cloud,2.0
1783694565,inflight,tier=cloud,24.0
1783694575,inflight,tier=cloud,27.0
1783694585,inflight,tier=cloud,17.0
1783694595,inflight,tier=cloud,25.0
1783694605,inflight,tier=cloud,31.0
1783694615,inflight,tier=cloud,27.0
1783694625,inflight,tier=cloud,1.0
1783694635,inflight,tier=cloud,44.0
1783694645,inflight,tier=cloud,33.0
1783694655,inflight,tier=cloud,18.0
1783694665,inflight,tier=cloud,19.0
1783694675,inflight,tier=cloud,0.0
1783694685,inflight,tier=cloud,0.0
1783694695,inflight,tier=cloud,0.0
1783694705,inflight,tier=cloud,10.0
1783694715,inflight,tier=cloud,6.0
1783694725,inflight,tier=cloud,0.0
1783694735,inflight,tier=cloud,0.0
1783694745,inflight,tier=cloud,0.0
1783694755,inflight,tier=cloud,0.0
1783694765,inflight,tier=cloud,0.0
1783694775,inflight,tier=cloud,1.0
1783694785,inflight,tier=cloud,0.0
1783694795,inflight,tier=cloud,0.0
1783694805,inflight,tier=cloud,0.0
1783694815,inflight,tier=cloud,7.0
1783694825,inflight,tier=cloud,3.0
1783694835,inflight,tier=cloud,12.0
1783694845,inflight,tier=cloud,9.0
1783694855,inflight,tier=cloud,0.0
1783694865,inflight,tier=cloud,0.0
1783694875,inflight,tier=cloud,4.0
1783694885,inflight,tier=cloud,0.0
1783694895,inflight,tier=cloud,0.0
1783694905,inflight,tier=cloud,0.0
1783694915,inflight,tier=cloud,0.0
1783694925,inflight,tier=cloud,0.0
1783694935,inflight,tier=cloud,0.0
1783694945,inflight,tier=cloud,0.0
1783694955,inflight,tier=cloud,0.0
1783694965,inflight,tier=cloud,0.0
1783694325,inflight,tier=edge,0.0
1783694335,inflight,tier=edge,0.0
1783694345,inflight,tier=edge,0.0
1783694355,inflight,tier=edge,0.0
1783694365,inflight,tier=edge,0.0
1783694375,inflight,tier=edge,0.0
1783694385,inflight,tier=edge,0.0
1783694395,inflight,tier=edge,0.0
1783694405,inflight,tier=edge,0.0
1783694415,inflight,tier=edge,0.0
1783694425,inflight,tier=edge,0.0
1783694435,inflight,tier=edge,0.0
1783694445,inflight,tier=edge,0.0
1783694455,inflight,tier=edge,0.0
1783694465,inflight,tier=edge,0.0
1783694475,inflight,tier=edge,0.0
1783694485,inflight,tier=edge,0.0
1783694495,inflight,tier=edge,0.0
1783694505,inflight,tier=edge,0.0
1783694515,inflight,tier=edge,0.0
1783694525,inflight,tier=edge,0.0
1783694535,inflight,tier=edge,0.0
1783694545,inflight,tier=edge,0.0
1783694555,inflight,tier=edge,0.0
1783694565,inflight,tier=edge,0.0
1783694575,inflight,tier=edge,0.0
1783694585,inflight,tier=edge,0.0
1783694595,inflight,tier=edge,0.0
1783694605,inflight,tier=edge,0.0
1783694615,inflight,tier=edge,0.0
1783694625,inflight,tier=edge,0.0
1783694635,inflight,tier=edge,0.0
1783694645,inflight,tier=edge,0.0
1783694655,inflight,tier=edge,0.0
1783694665,inflight,tier=edge,0.0
1783694675,inflight,tier=edge,0.0
1783694685,inflight,tier=edge,0.0
1783694695,inflight,tier=edge,0.0
1783694705,inflight,tier=edge,0.0
1783694715,inflight,tier=edge,0.0
1783694725,inflight,tier=edge,0.0
1783694735,inflight,tier=edge,0.0
1783694745,inflight,tier=edge,0.0
1783694755,inflight,tier=edge,0.0
1783694765,inflight,tier=edge,0.0
1783694775,inflight,tier=edge,0.0
1783694785,inflight,tier=edge,0.0
1783694795,inflight,tier=edge,0.0
1783694805,inflight,tier=edge,0.0
1783694815,inflight,tier=edge,0.0
1783694825,inflight,tier=edge,0.0
1783694835,inflight,tier=edge,0.0
1783694845,inflight,tier=edge,0.0
1783694855,inflight,tier=edge,0.0
1783694865,inflight,tier=edge,0.0
1783694875,inflight,tier=edge,0.0
1783694885,inflight,tier=edge,0.0
1783694895,inflight,tier=edge,0.0
1783694905,inflight,tier=edge,0.0
1783694915,inflight,tier=edge,0.0
1783694925,inflight,tier=edge,0.0
1783694935,inflight,tier=edge,0.0
1783694945,inflight,tier=edge,0.0
1783694955,inflight,tier=edge,0.0
1783694965,inflight,tier=edge,0.0
