ts,metric,labels,value
1783674249,replicas_status,deployment=workload-cloud,1.0
1783674259,replicas_status,deployment=workload-cloud,1.0
1783674269,replicas_status,deployment=workload-cloud,1.0
1783674279,replicas_status,deployment=workload-cloud,1.0
1783674289,replicas_status,deployment=workload-cloud,1.0
1783674299,replicas_status,deployment=workload-cloud,1.0
1783674309,replicas_status,deployment=workload-cloud,1.0
1783674319,replicas_status,deployment=workload-cloud,1.0
1783674329,replicas_status,deployment=workload-cloud,2.0
1783674339,replicas_status,deployment=workload-cloud,2.0
1783674349,replicas_status,deployment=workload-cloud,2.0
1783674359,replicas_status,deployment=workload-cloud,3.0
1783674369,replicas_status,deployment=workload-cloud,3.0
1783674379,replicas_status,deployment=workload-cloud,3.0
1783674389,replicas_status,deployment=workload-cloud,4.0
1783674399,replicas_status,deployment=workload-cloud,4.0
1783674409,replicas_status,deployment=workload-cloud,4.0
1783674419,replicas_status,deployment=workload-cloud,5.0
1783674429,replicas_status,deployment=workload-cloud,5.0
1783674439,replicas_status,deployment=workload-cloud,5.0
1783674449,replicas_status,deployment=workload-cloud,6.0
1783674459,replicas_status,deployment=workload-cloud,6.0
1783674469,replicas_status,deployment=workload-cloud,6.0
1783674479,replicas_status,deployment=workload-cloud,6.0
1783674489,replicas_status,deployment=workload-cloud,6.0
1783674499,replicas_status,deployment=workload-cloud,6.0
1783674509,replicas_status,deployment=workload-cloud,6.0
1783674519,replicas_status,deployment=workload-cloud,6.0
1783674529,replicas_status,deployment=workload-cloud,6.0
1783674539,replicas_status,deployment=workload-cloud,6.0
1783674549,replicas_status,deployment=workload-cloud,6.0
1783674559,replicas_status,deployment=workload-cloud,6.0
1783674569,replicas_status,deployment=workload-cloud,6.0
1783674579,replicas_status,deployment=workload-cloud,6.0
1783674589,replicas_status,deployment=workload-cloud,6.0
1783674599,replicas_status,deployment=workload-cloud,6.0
1783674609,replicas_status,deployment=workload-cloud,6.0
1783674619,replicas_status,deployment=workload-cloud,6.0
1783674629,replicas_status,deployment=workload-cloud,6.0
1783674639,replicas_status,deployment=workload-cloud,6.0
1783674649,replicas_status,deployment=workload-cloud,6.0
1783674659,replicas_status,deployment=workload-cloud,6.0
1783674669,replicas_status,deployment=workload-cloud,6.0
1783674679,replicas_status,deployment=workload-cloud,6.0
1783674689,replicas_status,deployment=workload-cloud,6.0
1783674699,replicas_status,deployment=workload-cloud,6.0
1783674709,replicas_status,deployment=workload-cloud,6.0
1783674719,replicas_status,deployment=workload-cloud,6.0
1783674729,replicas_status,deployment=workload-cloud,6.0
1783674739,replicas_status,deployment=workload-cloud,6.0
1783674749,replicas_status,deployment=workload-cloud,6.0
1783674759,replicas_status,deployment=workload-cloud,6.0
1783674769,replicas_status,deployment=workload-cloud,6.0
1783674779,replicas_status,deployment=workload-cloud,6.0
1783674789,replicas_status,deployment=workload-cloud,6.0
1783674799,replicas_status,deployment=workload-cloud,6.0
1783674809,replicas_status,deployment=workload-cloud,6.0
1783674819,replicas_status,deployment=workload-cloud,6.0
1783674829,replicas_status,deployment=workload-cloud,6.0
1783674839,replicas_status,deployment=workload-cloud,6.0
1783674849,replicas_status,deployment=workload-cloud,6.0
1783674859,replicas_status,deployment=workload-cloud,6.0
1783674869,replicas_status,deployment=workload-cloud,6.0
1783674879,replicas_status,deployment=workload-cloud,6.0
1783674889,replicas_status,deployment=workload-cloud,6.0
1783674249,replicas_status,deployment=workload-edge,1.0
1783674259,replicas_status,deployment=workload-edge,1.0
1783674269,replicas_status,deployment=workload-edge,1.0
1783674279,replicas_status,deployment=workload-edge,1.0
1783674289,replicas_status,deployment=workload-edge,1.0
1783674299,replicas_status,deployment=workload-edge,1.0
1783674309,replicas_status,deployment=workload-edge,1.0
1783674319,replicas_status,deployment=workload-edge,1.0
1783674329,replicas_status,deployment=workload-edge,1.0
1783674339,replicas_status,deployment=workload-edge,1.0
1783674349,replicas_status,deployment=workload-edge,1.0
1783674359,replicas_status,deployment=workload-edge,1.0
1783674369,replicas_status,deployment=workload-edge,1.0
1783674379,replicas_status,deployment=workload-edge,1.0
1783674389,replicas_status,deployment=workload-edge,1.0
1783674399,replicas_status,deployment=workload-edge,1.0
1783674409,replicas_status,deployment=workload-edge,1.0
1783674419,replicas_status,deployment=workload-edge,1.0
1783674429,replicas_status,deployment=workload-edge,1.0
1783674439,replicas_status,deployment=workload-edge,1.0
1783674449,replicas_status,deployment=workload-edge,1.0
1783674459,replicas_status,deployment=workload-edge,1.0
1783674469,replicas_status,deployment=workload-edge,1.0
1783674479,replicas_status,deployment=workload-edge,1.0
1783674489,replicas_status,deployment=workload-edge,1.0
1783674499,replicas_status,deployment=workload-edge,1.0
1783674509,replicas_status,deployment=workload-edge,1.0
1783674519,replicas_status,deployment=workload-edge,1.0
1783674529,replicas_status,deployment=workload-edge,1.0
1783674539,replicas_status,deployment=workload-edge,1.0
1783674549,replicas_status,deployment=workload-edge,1.0
1783674559,replicas_status,deployment=workload-edge,1.0
1783674569,replicas_status,deployment=workload-edge,1.0
1783674579,replicas_status,deployment=workload-edge,1.0
1783674589,replicas_status,deployment=workload-edge,1.0
1783674599,replicas_status,deployment=workload-edge,1.0
1783674609,replicas_status,deployment=workload-edge,1.0
1783674619,replicas_status,deployment=workload-edge,1.0
1783674629,replicas_status,deployment=workload-edge,1.0
1783674639,replicas_status,deployment=workload-edge,1.0
1783674649,replicas_status,deployment=workload-edge,1.0
1783674659,replicas_status,deployment=workload-edge,1.0
1783674669,replicas_status,deployment=workload-edge,1.0
1783674679,replicas_status,deployment=workload-edge,1.0
1783674689,replicas_status,deployment=workload-edge,1.0
1783674699,replicas_status,deployment=workload-edge,1.0
1783674709,replicas_status,deployment=workload-edge,1.0
1783674719,replicas_status,deployment=workload-edge,1.0
1783674729,replicas_status,deployment=workload-edge,1.0
1783674739,replicas_status,deployment=workload-edge,1.0
1783674749,replicas_status,deployment=workload-edge,1.0
1783674759,replicas_status,deployment=workload-edge,1.0
1783674769,replicas_status,deployment=workload-edge,1.0
1783674779,replicas_status,deployment=workload-edge,1.0
1783674789,replicas_status,deployment=workload-edge,1.0
1783674799,replicas_status,deployment=workload-edge,1.0
1783674809,replicas_status,deployment=workload-edge,1.0
1783674819,replicas_status,deployment=workload-edge,1.0
1783674829,replicas_status,deployment=workload-edge,1.0
1783674839,replicas_status,deployment=workload-edge,1.0
1783674849,replicas_status,deployment=workload-edge,1.0
1783674859,replicas_status,deployment=workload-edge,1.0
1783674869,replicas_status,deployment=workload-edge,1.0
1783674879,replicas_status,deployment=workload-edge,1.0
1783674889,replicas_status,deployment=workload-edge,1.0
1783674249,replicas_spec,deployment=workload-cloud,1.0
1783674259,replicas_spec,deployment=workload-cloud,1.0
1783674269,replicas_spec,deployment=workload-cloud,1.0
1783674279,replicas_spec,deployment=workload-cloud,1.0
1783674289,replicas_spec,deployment=workload-cloud,1.0
1783674299,replicas_spec,deployment=workload-cloud,1.0
1783674309,replicas_spec,deployment=workload-cloud,1.0
1783674319,replicas_spec,deployment=workload-cloud,1.0
1783674329,replicas_spec,deployment=workload-cloud,2.0
1783674339,replicas_spec,deployment=workload-cloud,2.0
1783674349,replicas_spec,deployment=workload-cloud,2.0
1783674359,replicas_spec,deployment=workload-cloud,3.0
1783674369,replicas_spec,deployment=workload-cloud,3.0
1783674379,replicas_spec,deployment=workload-cloud,3.0
1783674389,replicas_spec,deployment=workload-cloud,4.0
1783674399,replicas_spec,deployment=workload-cloud,4.0
1783674409,replicas_spec,deployment=workload-cloud,4.0
1783674419,replicas_spec,deployment=workload-cloud,5.0
1783674429,replicas_spec,deployment=workload-cloud,5.0
1783674439,replicas_spec,deployment=workload-cloud,5.0
1783674449,replicas_spec,deployment=workload-cloud,6.0
1783674459,replicas_spec,deployment=workload-cloud,6.0
1783674469,replicas_spec,deployment=workload-cloud,6.0
1783674479,replicas_spec,deployment=workload-cloud,6.0
1783674489,replicas_spec,deployment=workload-cloud,6.0
1783674499,replicas_spec,deployment=workload-cloud,6.0
1783674509,replicas_spec,deployment=workload-cloud,6.0
1783674519,replicas_spec,deployment=workload-cloud,6.0
1783674529,replicas_spec,deployment=workload-cloud,6.0
1783674539,replicas_spec,deployment=workload-cloud,6.0
1783674549,replicas_spec,deployment=workload-cloud,6.0
1783674559,replicas_spec,deployment=workload-cloud,6.0
1783674569,replicas_spec,deployment=workload-cloud,6.0
1783674579,replicas_spec,deployment=workload-cloud,6.0
1783674589,replicas_spec,deployment=workload-cloud,6.0
1783674599,replicas_spec,deployment=workload-cloud,6.0
1783674609,replicas_spec,deployment=workload-cloud,6.0
1783674619,replicas_spec,deployment=workload-cloud,6.0
1783674629,replicas_spec,deployment=workload-cloud,6.0
1783674639,replicas_spec,deployment=workload-cloud,6.0
1783674649,replicas_spec,deployment=workload-cloud,6.0
1783674659,replicas_spec,deployment=workload-cloud,6.0
1783674669,replicas_spec,deployment=workload-cloud,6.0
1783674679,replicas_spec,deployment=workload-cloud,6.0
1783674689,replicas_spec,deployment=workload-cloud,6.0
1783674699,replicas_spec,deployment=workload-cloud,6.0
1783674709,replicas_spec,deployment=workload-cloud,6.0
1783674719,replicas_spec,deployment=workload-cloud,6.0
1783674729,replicas_spec,deployment=workload-cloud,6.0
1783674739,replicas_spec,deployment=workload-cloud,6.0
1783674749,replicas_spec,deployment=workload-cloud,6.0
1783674759,replicas_spec,deployment=workload-cloud,6.0
1783674769,replicas_spec,deployment=workload-cloud,6.0
1783674779,replicas_spec,deployment=workload-cloud,6.0
1783674789,replicas_spec,deployment=workload-cloud,6.0
1783674799,replicas_spec,deployment=workload-cloud,6.0
1783674809,replicas_spec,deployment=workload-cloud,6.0
1783674819,replicas_spec,deployment=workload-cloud,6.0
1783674829,replicas_spec,deployment=workload-cloud,6.0
1783674839,replicas_spec,deployment=workload-cloud,6.0
1783674849,replicas_spec,deployment=workload-cloud,6.0
1783674859,replicas_spec,deployment=workload-cloud,6.0
1783674869,replicas_spec,deployment=workload-cloud,6.0
1783674879,replicas_spec,deployment=workload-cloud,6.0
1783674889,replicas_spec,deployment=workload-cloud,6.0
1783674249,replicas_spec,deployment=workload-edge,1.0
1783674259,replicas_spec,deployment=workload-edge,1.0
1783674269,replicas_spec,deployment=workload-edge,1.0
1783674279,replicas_spec,deployment=workload-edge,1.0
1783674289,replicas_spec,deployment=workload-edge,1.0
1783674299,replicas_spec,deployment=workload-edge,1.0
1783674309,replicas_spec,deployment=workload-edge,1.0
1783674319,replicas_spec,deployment=workload-edge,1.0
1783674329,replicas_spec,deployment=workload-edge,1.0
1783674339,replicas_spec,deployment=workload-edge,1.0
1783674349,replicas_spec,deployment=workload-edge,1.0
1783674359,replicas_spec,deployment=workload-edge,1.0
1783674369,replicas_spec,deployment=workload-edge,1.0
1783674379,replicas_spec,deployment=workload-edge,1.0
1783674389,replicas_spec,deployment=workload-edge,1.0
1783674399,replicas_spec,deployment=workload-edge,1.0
1783674409,replicas_spec,deployment=workload-edge,1.0
1783674419,replicas_spec,deployment=workload-edge,1.0
1783674429,replicas_spec,deployment=workload-edge,1.0
1783674439,replicas_spec,deployment=workload-edge,1.0
1783674449,replicas_spec,deployment=workload-edge,1.0
1783674459,replicas_spec,deployment=workload-edge,1.0
1783674469,replicas_spec,deployment=workload-edge,1.0
1783674479,replicas_spec,deployment=workload-edge,1.0
1783674489,replicas_spec,deployment=workload-edge,1.0
1783674499,replicas_spec,deployment=workload-edge,1.0
1783674509,replicas_spec,deployment=workload-edge,1.0
1783674519,replicas_spec,deployment=workload-edge,1.0
1783674529,replicas_spec,deployment=workload-edge,1.0
1783674539,replicas_spec,deployment=workload-edge,1.0
1783674549,replicas_spec,deployment=workload-edge,1.0
1783674559,replicas_spec,deployment=workload-edge,1.0
1783674569,replicas_spec,deployment=workload-edge,1.0
1783674579,replicas_spec,deployment=workload-edge,1.0
1783674589,replicas_spec,deployment=workload-edge,1.0
1783674599,replicas_spec,deployment=workload-edge,1.0
1783674609,replicas_spec,deployment=workload-edge,1.0
1783674619,replicas_spec,deployment=workload-edge,1.0
1783674629,replicas_spec,deployment=workload-edge,1.0
1783674639,replicas_spec,deployment=workload-edge,1.0
1783674649,replicas_spec,deployment=workload-edge,1.0
1783674659,replicas_spec,deployment=workload-edge,1.0
1783674669,replicas_spec,deployment=workload-edge,1.0
1783674679,replicas_spec,deployment=workload-edge,1.0
1783674689,replicas_spec,deployment=workload-edge,1.0
1783674699,replicas_spec,deployment=workload-edge,1.0
1783674709,replicas_spec,deployment=workload-edge,1.0
1783674719,replicas_spec,deployment=workload-edge,1.0
1783674729,replicas_spec,deployment=workload-edge,1.0
1783674739,replicas_spec,deployment=workload-edge,1.0
1783674749,replicas_spec,deployment=workload-edge,1.0
1783674759,replicas_spec,deployment=workload-edge,1.0
1783674769,replicas_spec,deployment=workload-edge,1.0
1783674779,replicas_spec,deployment=workload-edge,1.0
1783674789,replicas_spec,deployment=workload-edge,1.0
1783674799,replicas_spec,deployment=workload-edge,1.0
1783674809,replicas_spec,deployment=workload-edge,1.0
1783674819,replicas_spec,deployment=workload-edge,1.0
1783674829,replicas_spec,deployment=workload-edge,1.0
1783674839,replicas_spec,deployment=workload-edge,1.0
1783674849,replicas_spec,deployment=workload-edge,1.0
1783674859,replicas_spec,deployment=workload-edge,1.0
1783674869,replicas_spec,deployment=workload-edge,1.0
1783674879,replicas_spec,deployment=workload-edge,1.0
1783674889,replicas_spec,deployment=workload-edge,1.0
1783674399,cpu_cores,pod=workload-cloud-6f545f89ff-26xbs,0.010651448446483181
1783674409,cpu_cores,pod=workload-cloud-6f545f89ff-26xbs,0.01646442500101937
1783674419,cpu_cores,pod=workload-cloud-6f545f89ff-26xbs,0.01970568831776588
1783674429,cpu_cores,pod=workload-cloud-6f545f89ff-26xbs,0.02482062642764931
1783674439,cpu_cores,pod=workload-cloud-6f545f89ff-26xbs,0.039971771178433334
1783674449,cpu_cores,pod=workload-cloud-6f545f89ff-26xbs,0.08480749900798762
1783674459,cpu_cores,pod=workload-cloud-6f545f89ff-26xbs,0.10329582041255089
1783674469,cpu_cores,pod=workload-cloud-6f545f89ff-26xbs,0.17599386508698012
1783674479,cpu_cores,pod=workload-cloud-6f545f89ff-26xbs,0.2225653851488972
1783674489,cpu_cores,pod=workload-cloud-6f545f89ff-26xbs,0.2759098269765885
1783674499,cpu_cores,pod=workload-cloud-6f545f89ff-26xbs,0.3054295381342159
1783674509,cpu_cores,pod=workload-cloud-6f545f89ff-26xbs,0.32264254711433454
1783674519,cpu_cores,pod=workload-cloud-6f545f89ff-26xbs,0.31966390982314447
1783674529,cpu_cores,pod=workload-cloud-6f545f89ff-26xbs,0.3163198957625198
1783674539,cpu_cores,pod=workload-cloud-6f545f89ff-26xbs,0.3137553239043753
1783674549,cpu_cores,pod=workload-cloud-6f545f89ff-26xbs,0.30624789693667004
1783674559,cpu_cores,pod=workload-cloud-6f545f89ff-26xbs,0.30332051673472504
1783674569,cpu_cores,pod=workload-cloud-6f545f89ff-26xbs,0.3049764376857193
1783674579,cpu_cores,pod=workload-cloud-6f545f89ff-26xbs,0.3047758294859221
1783674589,cpu_cores,pod=workload-cloud-6f545f89ff-26xbs,0.29797212403428947
1783674599,cpu_cores,pod=workload-cloud-6f545f89ff-26xbs,0.2989694249563434
1783674609,cpu_cores,pod=workload-cloud-6f545f89ff-26xbs,0.27208837200023944
1783674619,cpu_cores,pod=workload-cloud-6f545f89ff-26xbs,0.25358375327554944
1783674629,cpu_cores,pod=workload-cloud-6f545f89ff-26xbs,0.14443732726385936
1783674639,cpu_cores,pod=workload-cloud-6f545f89ff-26xbs,0.14443732726385936
1783674649,cpu_cores,pod=workload-cloud-6f545f89ff-26xbs,0.06758327577963118
1783674659,cpu_cores,pod=workload-cloud-6f545f89ff-26xbs,0.06531119672717162
1783674669,cpu_cores,pod=workload-cloud-6f545f89ff-26xbs,0.05933079484850612
1783674679,cpu_cores,pod=workload-cloud-6f545f89ff-26xbs,0.05933079484850612
1783674689,cpu_cores,pod=workload-cloud-6f545f89ff-26xbs,0.05846731764705888
1783674699,cpu_cores,pod=workload-cloud-6f545f89ff-26xbs,0.05846731764705888
1783674709,cpu_cores,pod=workload-cloud-6f545f89ff-26xbs,0.05886039861538134
1783674719,cpu_cores,pod=workload-cloud-6f545f89ff-26xbs,0.059132347208829907
1783674729,cpu_cores,pod=workload-cloud-6f545f89ff-26xbs,0.05987514474490843
1783674739,cpu_cores,pod=workload-cloud-6f545f89ff-26xbs,0.059662992964861106
1783674749,cpu_cores,pod=workload-cloud-6f545f89ff-26xbs,0.05967016595090399
1783674759,cpu_cores,pod=workload-cloud-6f545f89ff-26xbs,0.05964760447732281
1783674769,cpu_cores,pod=workload-cloud-6f545f89ff-26xbs,0.059344856772057905
1783674779,cpu_cores,pod=workload-cloud-6f545f89ff-26xbs,0.05910090323868451
1783674789,cpu_cores,pod=workload-cloud-6f545f89ff-26xbs,0.05931816746423096
1783674799,cpu_cores,pod=workload-cloud-6f545f89ff-26xbs,0.05636416236425144
1783674809,cpu_cores,pod=workload-cloud-6f545f89ff-26xbs,0.05636416236425144
1783674819,cpu_cores,pod=workload-cloud-6f545f89ff-26xbs,0.034951808506127245
1783674829,cpu_cores,pod=workload-cloud-6f545f89ff-26xbs,0.027024300008408254
1783674839,cpu_cores,pod=workload-cloud-6f545f89ff-26xbs,0.019898249038863856
1783674849,cpu_cores,pod=workload-cloud-6f545f89ff-26xbs,0.0023433413069236927
1783674859,cpu_cores,pod=workload-cloud-6f545f89ff-26xbs,0.001994906641371085
1783674869,cpu_cores,pod=workload-cloud-6f545f89ff-26xbs,0.0022676650414055802
1783674879,cpu_cores,pod=workload-cloud-6f545f89ff-26xbs,0.0022213704079728763
1783674889,cpu_cores,pod=workload-cloud-6f545f89ff-26xbs,0.0022213704079728763
1783674369,cpu_cores,pod=workload-cloud-6f545f89ff-4m7cz,0.012325818084461508
1783674379,cpu_cores,pod=workload-cloud-6f545f89ff-4m7cz,0.011822053657191068
1783674389,cpu_cores,pod=workload-cloud-6f545f89ff-4m7cz,0.014760925965365322
1783674399,cpu_cores,pod=workload-cloud-6f545f89ff-4m7cz,0.01852751210779141
1783674409,cpu_cores,pod=workload-cloud-6f545f89ff-4m7cz,0.025661875069801124
1783674419,cpu_cores,pod=workload-cloud-6f545f89ff-4m7cz,0.020687997162689365
1783674429,cpu_cores,pod=workload-cloud-6f545f89ff-4m7cz,0.03914326574172892
1783674439,cpu_cores,pod=workload-cloud-6f545f89ff-4m7cz,0.045122083470259616
1783674449,cpu_cores,pod=workload-cloud-6f545f89ff-4m7cz,0.08469145612153708
1783674459,cpu_cores,pod=workload-cloud-6f545f89ff-4m7cz,0.14947038689831466
1783674469,cpu_cores,pod=workload-cloud-6f545f89ff-4m7cz,0.24219351986515406
1783674479,cpu_cores,pod=workload-cloud-6f545f89ff-4m7cz,0.2835298022908003
1783674489,cpu_cores,pod=workload-cloud-6f545f89ff-4m7cz,0.4088199909865035
1783674499,cpu_cores,pod=workload-cloud-6f545f89ff-4m7cz,0.4226550865699579
1783674509,cpu_cores,pod=workload-cloud-6f545f89ff-4m7cz,0.4623298491949876
1783674519,cpu_cores,pod=workload-cloud-6f545f89ff-4m7cz,0.46742422121768074
1783674529,cpu_cores,pod=workload-cloud-6f545f89ff-4m7cz,0.46743221022086084
1783674539,cpu_cores,pod=workload-cloud-6f545f89ff-4m7cz,0.4607569509303829
1783674549,cpu_cores,pod=workload-cloud-6f545f89ff-4m7cz,0.4572888538617428
1783674559,cpu_cores,pod=workload-cloud-6f545f89ff-4m7cz,0.4596449136640195
1783674569,cpu_cores,pod=workload-cloud-6f545f89ff-4m7cz,0.46639184560113617
1783674579,cpu_cores,pod=workload-cloud-6f545f89ff-4m7cz,0.3930906927017472
1783674589,cpu_cores,pod=workload-cloud-6f545f89ff-4m7cz,0.4723817328229746
1783674599,cpu_cores,pod=workload-cloud-6f545f89ff-4m7cz,0.39247053449272234
1783674609,cpu_cores,pod=workload-cloud-6f545f89ff-4m7cz,0.395883156360608
1783674619,cpu_cores,pod=workload-cloud-6f545f89ff-4m7cz,0.3696564818971666
1783674629,cpu_cores,pod=workload-cloud-6f545f89ff-4m7cz,0.1829776189153007
1783674639,cpu_cores,pod=workload-cloud-6f545f89ff-4m7cz,0.154892534289277
1783674649,cpu_cores,pod=workload-cloud-6f545f89ff-4m7cz,0.06846311822892123
1783674659,cpu_cores,pod=workload-cloud-6f545f89ff-4m7cz,0.06693067936122597
1783674669,cpu_cores,pod=workload-cloud-6f545f89ff-4m7cz,0.05136799067516012
1783674679,cpu_cores,pod=workload-cloud-6f545f89ff-4m7cz,0.06060966400814528
1783674689,cpu_cores,pod=workload-cloud-6f545f89ff-4m7cz,0.06056104826546007
1783674699,cpu_cores,pod=workload-cloud-6f545f89ff-4m7cz,0.0601886661894537
1783674709,cpu_cores,pod=workload-cloud-6f545f89ff-4m7cz,0.06014957412921527
1783674719,cpu_cores,pod=workload-cloud-6f545f89ff-4m7cz,0.06012886933488962
1783674729,cpu_cores,pod=workload-cloud-6f545f89ff-4m7cz,0.06022829070150385
1783674739,cpu_cores,pod=workload-cloud-6f545f89ff-4m7cz,0.06024669746332738
1783674749,cpu_cores,pod=workload-cloud-6f545f89ff-4m7cz,0.06032354127613123
1783674759,cpu_cores,pod=workload-cloud-6f545f89ff-4m7cz,0.05082442674445734
1783674769,cpu_cores,pod=workload-cloud-6f545f89ff-4m7cz,0.06025213431986338
1783674779,cpu_cores,pod=workload-cloud-6f545f89ff-4m7cz,0.060145843548027746
1783674789,cpu_cores,pod=workload-cloud-6f545f89ff-4m7cz,0.06041401712541052
1783674799,cpu_cores,pod=workload-cloud-6f545f89ff-4m7cz,0.06041401712541052
1783674809,cpu_cores,pod=workload-cloud-6f545f89ff-4m7cz,0.05168037472213392
1783674819,cpu_cores,pod=workload-cloud-6f545f89ff-4m7cz,0.05168037472213392
1783674829,cpu_cores,pod=workload-cloud-6f545f89ff-4m7cz,0.032605732785849544
1783674839,cpu_cores,pod=workload-cloud-6f545f89ff-4m7cz,0.015549773180141443
1783674849,cpu_cores,pod=workload-cloud-6f545f89ff-4m7cz,0.0023884389552541576
1783674859,cpu_cores,pod=workload-cloud-6f545f89ff-4m7cz,0.002355074847837045
1783674869,cpu_cores,pod=workload-cloud-6f545f89ff-4m7cz,0.002436122045004831
1783674879,cpu_cores,pod=workload-cloud-6f545f89ff-4m7cz,0.0024085828839057856
1783674889,cpu_cores,pod=workload-cloud-6f545f89ff-4m7cz,0.0023332281192225885
1783674459,cpu_cores,pod=workload-cloud-6f545f89ff-9v7bb,0.031709957294505
1783674469,cpu_cores,pod=workload-cloud-6f545f89ff-9v7bb,0.07346833161521414
1783674479,cpu_cores,pod=workload-cloud-6f545f89ff-9v7bb,0.11976862202340495
1783674489,cpu_cores,pod=workload-cloud-6f545f89ff-9v7bb,0.12926530277777779
1783674499,cpu_cores,pod=workload-cloud-6f545f89ff-9v7bb,0.20318942086908032
1783674509,cpu_cores,pod=workload-cloud-6f545f89ff-9v7bb,0.24354266350552
1783674519,cpu_cores,pod=workload-cloud-6f545f89ff-9v7bb,0.24676851555626647
1783674529,cpu_cores,pod=workload-cloud-6f545f89ff-9v7bb,0.241380376262779
1783674539,cpu_cores,pod=workload-cloud-6f545f89ff-9v7bb,0.199557764259881
1783674549,cpu_cores,pod=workload-cloud-6f545f89ff-9v7bb,0.240243947858473
1783674559,cpu_cores,pod=workload-cloud-6f545f89ff-9v7bb,0.24660448464715393
1783674569,cpu_cores,pod=workload-cloud-6f545f89ff-9v7bb,0.24660448464715393
1783674579,cpu_cores,pod=workload-cloud-6f545f89ff-9v7bb,0.251030085455026
1783674589,cpu_cores,pod=workload-cloud-6f545f89ff-9v7bb,0.24573274526165212
1783674599,cpu_cores,pod=workload-cloud-6f545f89ff-9v7bb,0.24573274526165215
1783674609,cpu_cores,pod=workload-cloud-6f545f89ff-9v7bb,0.1762191232140677
1783674619,cpu_cores,pod=workload-cloud-6f545f89ff-9v7bb,0.11679028526802866
1783674629,cpu_cores,pod=workload-cloud-6f545f89ff-9v7bb,0.08781051535658516
1783674639,cpu_cores,pod=workload-cloud-6f545f89ff-9v7bb,0.02110212013447591
1783674649,cpu_cores,pod=workload-cloud-6f545f89ff-9v7bb,0.0022574013157894714
1783674659,cpu_cores,pod=workload-cloud-6f545f89ff-9v7bb,0.0022574013157894714
1783674669,cpu_cores,pod=workload-cloud-6f545f89ff-9v7bb,0.0022718188031770016
1783674679,cpu_cores,pod=workload-cloud-6f545f89ff-9v7bb,0.002262890341321654
1783674689,cpu_cores,pod=workload-cloud-6f545f89ff-9v7bb,0.0022393299452312045
1783674699,cpu_cores,pod=workload-cloud-6f545f89ff-9v7bb,0.002203777358071359
1783674709,cpu_cores,pod=workload-cloud-6f545f89ff-9v7bb,0.0022073140872971445
1783674719,cpu_cores,pod=workload-cloud-6f545f89ff-9v7bb,0.0022073140872971445
1783674729,cpu_cores,pod=workload-cloud-6f545f89ff-9v7bb,0.00216304118268225
1783674739,cpu_cores,pod=workload-cloud-6f545f89ff-9v7bb,0.0018771525273186356
1783674749,cpu_cores,pod=workload-cloud-6f545f89ff-9v7bb,0.0017416194487806648
1783674759,cpu_cores,pod=workload-cloud-6f545f89ff-9v7bb,0.002113471225944277
1783674769,cpu_cores,pod=workload-cloud-6f545f89ff-9v7bb,0.0021666887037771845
1783674779,cpu_cores,pod=workload-cloud-6f545f89ff-9v7bb,0.0021666887037771845
1783674789,cpu_cores,pod=workload-cloud-6f545f89ff-9v7bb,0.0021812374774346226
1783674799,cpu_cores,pod=workload-cloud-6f545f89ff-9v7bb,0.0021878488711155964
1783674809,cpu_cores,pod=workload-cloud-6f545f89ff-9v7bb,0.0021878488711155964
1783674819,cpu_cores,pod=workload-cloud-6f545f89ff-9v7bb,0.0021387282038522718
1783674829,cpu_cores,pod=workload-cloud-6f545f89ff-9v7bb,0.0020969913151365513
1783674839,cpu_cores,pod=workload-cloud-6f545f89ff-9v7bb,0.0021410108247620985
1783674849,cpu_cores,pod=workload-cloud-6f545f89ff-9v7bb,0.002165679635034355
1783674859,cpu_cores,pod=workload-cloud-6f545f89ff-9v7bb,0.0022008136197719597
1783674869,cpu_cores,pod=workload-cloud-6f545f89ff-9v7bb,0.0021890773027624035
1783674879,cpu_cores,pod=workload-cloud-6f545f89ff-9v7bb,0.0021735915723352086
1783674889,cpu_cores,pod=workload-cloud-6f545f89ff-9v7bb,0.002198307013516009
1783674429,cpu_cores,pod=workload-cloud-6f545f89ff-jjd8v,0.012215212853756645
1783674439,cpu_cores,pod=workload-cloud-6f545f89ff-jjd8v,0.01898877268711392
1783674449,cpu_cores,pod=workload-cloud-6f545f89ff-jjd8v,0.05191834626449989
1783674459,cpu_cores,pod=workload-cloud-6f545f89ff-jjd8v,0.12513780083477907
1783674469,cpu_cores,pod=workload-cloud-6f545f89ff-jjd8v,0.18907072262318972
1783674479,cpu_cores,pod=workload-cloud-6f545f89ff-jjd8v,0.2328511132265964
1783674489,cpu_cores,pod=workload-cloud-6f545f89ff-jjd8v,0.3226909280823327
1783674499,cpu_cores,pod=workload-cloud-6f545f89ff-jjd8v,0.361923134479272
1783674509,cpu_cores,pod=workload-cloud-6f545f89ff-jjd8v,0.3726232832190561
1783674519,cpu_cores,pod=workload-cloud-6f545f89ff-jjd8v,0.36904960565786604
1783674529,cpu_cores,pod=workload-cloud-6f545f89ff-jjd8v,0.3585360775898108
1783674539,cpu_cores,pod=workload-cloud-6f545f89ff-jjd8v,0.35866317394814745
1783674549,cpu_cores,pod=workload-cloud-6f545f89ff-jjd8v,0.3585030325836728
1783674559,cpu_cores,pod=workload-cloud-6f545f89ff-jjd8v,0.3607308369854773
1783674569,cpu_cores,pod=workload-cloud-6f545f89ff-jjd8v,0.36885791950665364
1783674579,cpu_cores,pod=workload-cloud-6f545f89ff-jjd8v,0.29995358177356823
1783674589,cpu_cores,pod=workload-cloud-6f545f89ff-jjd8v,0.37303921814938573
1783674599,cpu_cores,pod=workload-cloud-6f545f89ff-jjd8v,0.3616855819339896
1783674609,cpu_cores,pod=workload-cloud-6f545f89ff-jjd8v,0.3030985457537154
1783674619,cpu_cores,pod=workload-cloud-6f545f89ff-jjd8v,0.27333967439391266
1783674629,cpu_cores,pod=workload-cloud-6f545f89ff-jjd8v,0.19213002105082266
1783674639,cpu_cores,pod=workload-cloud-6f545f89ff-jjd8v,0.12074417492748553
1783674649,cpu_cores,pod=workload-cloud-6f545f89ff-jjd8v,0.08860257754830382
1783674659,cpu_cores,pod=workload-cloud-6f545f89ff-jjd8v,0.027608271116905045
1783674669,cpu_cores,pod=workload-cloud-6f545f89ff-jjd8v,0.032622881012247494
1783674679,cpu_cores,pod=workload-cloud-6f545f89ff-jjd8v,0.03295451415455239
1783674689,cpu_cores,pod=workload-cloud-6f545f89ff-jjd8v,0.0328101904845764
1783674699,cpu_cores,pod=workload-cloud-6f545f89ff-jjd8v,0.03301298528207774
1783674709,cpu_cores,pod=workload-cloud-6f545f89ff-jjd8v,0.033441955254974336
1783674719,cpu_cores,pod=workload-cloud-6f545f89ff-jjd8v,0.03351174841606181
1783674729,cpu_cores,pod=workload-cloud-6f545f89ff-jjd8v,0.033580603157625497
1783674739,cpu_cores,pod=workload-cloud-6f545f89ff-jjd8v,0.03361846181884451
1783674749,cpu_cores,pod=workload-cloud-6f545f89ff-jjd8v,0.03361846181884451
1783674759,cpu_cores,pod=workload-cloud-6f545f89ff-jjd8v,0.03364209905660382
1783674769,cpu_cores,pod=workload-cloud-6f545f89ff-jjd8v,0.03374462569071226
1783674779,cpu_cores,pod=workload-cloud-6f545f89ff-jjd8v,0.028110698923053345
1783674789,cpu_cores,pod=workload-cloud-6f545f89ff-jjd8v,0.03368628453263302
1783674799,cpu_cores,pod=workload-cloud-6f545f89ff-jjd8v,0.027996216620817818
1783674809,cpu_cores,pod=workload-cloud-6f545f89ff-jjd8v,0.02787681055792764
1783674819,cpu_cores,pod=workload-cloud-6f545f89ff-jjd8v,0.018985145714337917
1783674829,cpu_cores,pod=workload-cloud-6f545f89ff-jjd8v,0.010999574504297742
1783674839,cpu_cores,pod=workload-cloud-6f545f89ff-jjd8v,0.008228394587113821
1783674849,cpu_cores,pod=workload-cloud-6f545f89ff-jjd8v,0.0022049599274157183
1783674859,cpu_cores,pod=workload-cloud-6f545f89ff-jjd8v,0.0022734611503532217
1783674869,cpu_cores,pod=workload-cloud-6f545f89ff-jjd8v,0.0023598229109020883
1783674879,cpu_cores,pod=workload-cloud-6f545f89ff-jjd8v,0.0023958476524539637
1783674889,cpu_cores,pod=workload-cloud-6f545f89ff-jjd8v,0.0023724229172024575
1783674339,cpu_cores,pod=workload-cloud-6f545f89ff-p445n,0.018212154099520303
1783674349,cpu_cores,pod=workload-cloud-6f545f89ff-p445n,0.02838224716493136
1783674359,cpu_cores,pod=workload-cloud-6f545f89ff-p445n,0.03061220123733334
1783674369,cpu_cores,pod=workload-cloud-6f545f89ff-p445n,0.03996095054851919
1783674379,cpu_cores,pod=workload-cloud-6f545f89ff-p445n,0.04826642227502791
1783674389,cpu_cores,pod=workload-cloud-6f545f89ff-p445n,0.05622313886390065
1783674399,cpu_cores,pod=workload-cloud-6f545f89ff-p445n,0.06543481602164089
1783674409,cpu_cores,pod=workload-cloud-6f545f89ff-p445n,0.07314374541381842
1783674419,cpu_cores,pod=workload-cloud-6f545f89ff-p445n,0.08215946451422383
1783674429,cpu_cores,pod=workload-cloud-6f545f89ff-p445n,0.08651834150580348
1783674439,cpu_cores,pod=workload-cloud-6f545f89ff-p445n,0.0870877155631254
1783674449,cpu_cores,pod=workload-cloud-6f545f89ff-p445n,0.13223125671556699
1783674459,cpu_cores,pod=workload-cloud-6f545f89ff-p445n,0.13223125671556699
1783674469,cpu_cores,pod=workload-cloud-6f545f89ff-p445n,0.21298878681437447
1783674479,cpu_cores,pod=workload-cloud-6f545f89ff-p445n,0.29507924859981194
1783674489,cpu_cores,pod=workload-cloud-6f545f89ff-p445n,0.29507924859981194
1783674499,cpu_cores,pod=workload-cloud-6f545f89ff-p445n,0.35535166131008805
1783674509,cpu_cores,pod=workload-cloud-6f545f89ff-p445n,0.23085782500000002
1783674519,cpu_cores,pod=workload-cloud-6f545f89ff-p445n,0.3752602510070552
1783674529,cpu_cores,pod=workload-cloud-6f545f89ff-p445n,0.37238508427425954
1783674539,cpu_cores,pod=workload-cloud-6f545f89ff-p445n,0.3728528072423855
1783674549,cpu_cores,pod=workload-cloud-6f545f89ff-p445n,0.3733234791294493
1783674559,cpu_cores,pod=workload-cloud-6f545f89ff-p445n,0.37185699311478787
1783674569,cpu_cores,pod=workload-cloud-6f545f89ff-p445n,0.37185699311478787
1783674579,cpu_cores,pod=workload-cloud-6f545f89ff-p445n,0.3656943823070104
1783674589,cpu_cores,pod=workload-cloud-6f545f89ff-p445n,0.3614868124999999
1783674599,cpu_cores,pod=workload-cloud-6f545f89ff-p445n,0.36166130215209247
1783674609,cpu_cores,pod=workload-cloud-6f545f89ff-p445n,0.3318583725467692
1783674619,cpu_cores,pod=workload-cloud-6f545f89ff-p445n,0.21074190000000023
1783674629,cpu_cores,pod=workload-cloud-6f545f89ff-p445n,0.23071871082097622
1783674639,cpu_cores,pod=workload-cloud-6f545f89ff-p445n,0.1352135494635626
1783674649,cpu_cores,pod=workload-cloud-6f545f89ff-p445n,0.13463695937090422
1783674659,cpu_cores,pod=workload-cloud-6f545f89ff-p445n,0.09930106034530614
1783674669,cpu_cores,pod=workload-cloud-6f545f89ff-p445n,0.08968509794910103
1783674679,cpu_cores,pod=workload-cloud-6f545f89ff-p445n,0.08952179688443428
1783674689,cpu_cores,pod=workload-cloud-6f545f89ff-p445n,0.08964886735197958
1783674699,cpu_cores,pod=workload-cloud-6f545f89ff-p445n,0.08875796318747933
1783674709,cpu_cores,pod=workload-cloud-6f545f89ff-p445n,0.07633758321454616
1783674719,cpu_cores,pod=workload-cloud-6f545f89ff-p445n,0.08744897697224872
1783674729,cpu_cores,pod=workload-cloud-6f545f89ff-p445n,0.06883279017163144
1783674739,cpu_cores,pod=workload-cloud-6f545f89ff-p445n,0.08721823489010982
1783674749,cpu_cores,pod=workload-cloud-6f545f89ff-p445n,0.0879287871007499
1783674759,cpu_cores,pod=workload-cloud-6f545f89ff-p445n,0.08805864988967738
1783674769,cpu_cores,pod=workload-cloud-6f545f89ff-p445n,0.08758252754666046
1783674779,cpu_cores,pod=workload-cloud-6f545f89ff-p445n,0.08800698012823424
1783674789,cpu_cores,pod=workload-cloud-6f545f89ff-p445n,0.08784739395836608
1783674799,cpu_cores,pod=workload-cloud-6f545f89ff-p445n,0.08763156822433354
1783674809,cpu_cores,pod=workload-cloud-6f545f89ff-p445n,0.0757824743876125
1783674819,cpu_cores,pod=workload-cloud-6f545f89ff-p445n,0.07583075740579193
1783674829,cpu_cores,pod=workload-cloud-6f545f89ff-p445n,0.052239658519118944
1783674839,cpu_cores,pod=workload-cloud-6f545f89ff-p445n,0.040243854946388824
1783674849,cpu_cores,pod=workload-cloud-6f545f89ff-p445n,0.014870073687696534
1783674859,cpu_cores,pod=workload-cloud-6f545f89ff-p445n,0.0022986982731001806
1783674869,cpu_cores,pod=workload-cloud-6f545f89ff-p445n,0.0023406481616043604
1783674879,cpu_cores,pod=workload-cloud-6f545f89ff-p445n,0.002267308656836044
1783674889,cpu_cores,pod=workload-cloud-6f545f89ff-p445n,0.0022287761311219306
1783674249,cpu_cores,pod=workload-cloud-6f545f89ff-qrmgj,0.0009321836956521787
1783674249,cpu_cores,pod=workload-cloud-6f545f89ff-r28zz,0.002560570071261201
1783674259,cpu_cores,pod=workload-cloud-6f545f89ff-r28zz,0.004659173837536559
1783674269,cpu_cores,pod=workload-cloud-6f545f89ff-r28zz,0.005418126186953907
1783674279,cpu_cores,pod=workload-cloud-6f545f89ff-r28zz,0.02884050089656508
1783674289,cpu_cores,pod=workload-cloud-6f545f89ff-r28zz,0.04973317538449395
1783674299,cpu_cores,pod=workload-cloud-6f545f89ff-r28zz,0.0746413093289811
1783674309,cpu_cores,pod=workload-cloud-6f545f89ff-r28zz,0.10051086184865099
1783674319,cpu_cores,pod=workload-cloud-6f545f89ff-r28zz,0.13592303300467218
1783674329,cpu_cores,pod=workload-cloud-6f545f89ff-r28zz,0.14701812789554855
1783674339,cpu_cores,pod=workload-cloud-6f545f89ff-r28zz,0.16468816897388272
1783674349,cpu_cores,pod=workload-cloud-6f545f89ff-r28zz,0.1980222700119397
1783674359,cpu_cores,pod=workload-cloud-6f545f89ff-r28zz,0.1980222700119397
1783674369,cpu_cores,pod=workload-cloud-6f545f89ff-r28zz,0.22323137631079665
1783674379,cpu_cores,pod=workload-cloud-6f545f89ff-r28zz,0.24096550974723988
1783674389,cpu_cores,pod=workload-cloud-6f545f89ff-r28zz,0.21907035647128276
1783674399,cpu_cores,pod=workload-cloud-6f545f89ff-r28zz,0.25765320878321085
1783674409,cpu_cores,pod=workload-cloud-6f545f89ff-r28zz,0.26546117838122474
1783674419,cpu_cores,pod=workload-cloud-6f545f89ff-r28zz,0.272820506081998
1783674429,cpu_cores,pod=workload-cloud-6f545f89ff-r28zz,0.2768726444361716
1783674439,cpu_cores,pod=workload-cloud-6f545f89ff-r28zz,0.28250028137310185
1783674449,cpu_cores,pod=workload-cloud-6f545f89ff-r28zz,0.3033506166446927
1783674459,cpu_cores,pod=workload-cloud-6f545f89ff-r28zz,0.32383001073021994
1783674469,cpu_cores,pod=workload-cloud-6f545f89ff-r28zz,0.33038362895493956
1783674479,cpu_cores,pod=workload-cloud-6f545f89ff-r28zz,0.4135994769490147
1783674489,cpu_cores,pod=workload-cloud-6f545f89ff-r28zz,0.46098635725272813
1783674499,cpu_cores,pod=workload-cloud-6f545f89ff-r28zz,0.4644324433412069
1783674509,cpu_cores,pod=workload-cloud-6f545f89ff-r28zz,0.48048920807851975
1783674519,cpu_cores,pod=workload-cloud-6f545f89ff-r28zz,0.46677968669748765
1783674529,cpu_cores,pod=workload-cloud-6f545f89ff-r28zz,0.46696267422632126
1783674539,cpu_cores,pod=workload-cloud-6f545f89ff-r28zz,0.46524997592373146
1783674549,cpu_cores,pod=workload-cloud-6f545f89ff-r28zz,0.47369791388071647
1783674559,cpu_cores,pod=workload-cloud-6f545f89ff-r28zz,0.4799210962888898
1783674569,cpu_cores,pod=workload-cloud-6f545f89ff-r28zz,0.4799210962888898
1783674579,cpu_cores,pod=workload-cloud-6f545f89ff-r28zz,0.4830462337771592
1783674589,cpu_cores,pod=workload-cloud-6f545f89ff-r28zz,0.4790570305108829
1783674599,cpu_cores,pod=workload-cloud-6f545f89ff-r28zz,0.4671472678768016
1783674609,cpu_cores,pod=workload-cloud-6f545f89ff-r28zz,0.4296243145699974
1783674619,cpu_cores,pod=workload-cloud-6f545f89ff-r28zz,0.37654553327559914
1783674629,cpu_cores,pod=workload-cloud-6f545f89ff-r28zz,0.37654553327559914
1783674639,cpu_cores,pod=workload-cloud-6f545f89ff-r28zz,0.3092557490948223
1783674649,cpu_cores,pod=workload-cloud-6f545f89ff-r28zz,0.30479587708312805
1783674659,cpu_cores,pod=workload-cloud-6f545f89ff-r28zz,0.2811394419836862
1783674669,cpu_cores,pod=workload-cloud-6f545f89ff-r28zz,0.2834564645880368
1783674679,cpu_cores,pod=workload-cloud-6f545f89ff-r28zz,0.23669849589186592
1783674689,cpu_cores,pod=workload-cloud-6f545f89ff-r28zz,0.22532692566340004
1783674699,cpu_cores,pod=workload-cloud-6f545f89ff-r28zz,0.2843163964044318
1783674709,cpu_cores,pod=workload-cloud-6f545f89ff-r28zz,0.28403239443091766
1783674719,cpu_cores,pod=workload-cloud-6f545f89ff-r28zz,0.2819074797843692
1783674729,cpu_cores,pod=workload-cloud-6f545f89ff-r28zz,0.2819074797843692
1783674739,cpu_cores,pod=workload-cloud-6f545f89ff-r28zz,0.27635310218978876
1783674749,cpu_cores,pod=workload-cloud-6f545f89ff-r28zz,0.27732581076869933
1783674759,cpu_cores,pod=workload-cloud-6f545f89ff-r28zz,0.27952103807317913
1783674769,cpu_cores,pod=workload-cloud-6f545f89ff-r28zz,0.28107456803702957
1783674779,cpu_cores,pod=workload-cloud-6f545f89ff-r28zz,0.2738461607584048
1783674789,cpu_cores,pod=workload-cloud-6f545f89ff-r28zz,0.2738461607584048
1783674799,cpu_cores,pod=workload-cloud-6f545f89ff-r28zz,0.2731018263887579
1783674809,cpu_cores,pod=workload-cloud-6f545f89ff-r28zz,0.2735712948601405
1783674819,cpu_cores,pod=workload-cloud-6f545f89ff-r28zz,0.25382081484322544
1783674829,cpu_cores,pod=workload-cloud-6f545f89ff-r28zz,0.19167476297225555
1783674839,cpu_cores,pod=workload-cloud-6f545f89ff-r28zz,0.11339298606831726
1783674849,cpu_cores,pod=workload-cloud-6f545f89ff-r28zz,0.09115392247651002
1783674859,cpu_cores,pod=workload-cloud-6f545f89ff-r28zz,0.01031274763266305
1783674869,cpu_cores,pod=workload-cloud-6f545f89ff-r28zz,0.012011586325266591
1783674879,cpu_cores,pod=workload-cloud-6f545f89ff-r28zz,0.0024648013521516242
1783674889,cpu_cores,pod=workload-cloud-6f545f89ff-r28zz,0.0025353598756618304
1783674249,cpu_cores,pod=workload-cloud-6f545f89ff-wwwnb,0.0009674013887126077
1783674249,cpu_cores,pod=workload-edge-7b875fd8c6-pxwvc,0.002527048866584123
1783674259,cpu_cores,pod=workload-edge-7b875fd8c6-pxwvc,0.002524517853117135
1783674269,cpu_cores,pod=workload-edge-7b875fd8c6-pxwvc,0.0025271221532121497
1783674279,cpu_cores,pod=workload-edge-7b875fd8c6-pxwvc,0.00254051510553577
1783674289,cpu_cores,pod=workload-edge-7b875fd8c6-pxwvc,0.0025617049444549805
1783674299,cpu_cores,pod=workload-edge-7b875fd8c6-pxwvc,0.0025538181889284365
1783674309,cpu_cores,pod=workload-edge-7b875fd8c6-pxwvc,0.0026004034761018605
1783674319,cpu_cores,pod=workload-edge-7b875fd8c6-pxwvc,0.0025950100717360173
1783674329,cpu_cores,pod=workload-edge-7b875fd8c6-pxwvc,0.0025967407710603286
1783674339,cpu_cores,pod=workload-edge-7b875fd8c6-pxwvc,0.0022337815626242703
1783674349,cpu_cores,pod=workload-edge-7b875fd8c6-pxwvc,0.0026512219267421097
1783674359,cpu_cores,pod=workload-edge-7b875fd8c6-pxwvc,0.0026355408990586496
1783674369,cpu_cores,pod=workload-edge-7b875fd8c6-pxwvc,0.0025843323467426476
1783674379,cpu_cores,pod=workload-edge-7b875fd8c6-pxwvc,0.002543128964062698
1783674389,cpu_cores,pod=workload-edge-7b875fd8c6-pxwvc,0.0026259723086520365
1783674399,cpu_cores,pod=workload-edge-7b875fd8c6-pxwvc,0.0025805073431240826
1783674409,cpu_cores,pod=workload-edge-7b875fd8c6-pxwvc,0.002649753001604014
1783674419,cpu_cores,pod=workload-edge-7b875fd8c6-pxwvc,0.0026822850595424057
1783674429,cpu_cores,pod=workload-edge-7b875fd8c6-pxwvc,0.0026262761780127333
1783674439,cpu_cores,pod=workload-edge-7b875fd8c6-pxwvc,0.002620490620491212
1783674449,cpu_cores,pod=workload-edge-7b875fd8c6-pxwvc,0.0026291979573430315
1783674459,cpu_cores,pod=workload-edge-7b875fd8c6-pxwvc,0.002648362787005221
1783674469,cpu_cores,pod=workload-edge-7b875fd8c6-pxwvc,0.0026483627870052214
1783674479,cpu_cores,pod=workload-edge-7b875fd8c6-pxwvc,0.002691594451883619
1783674489,cpu_cores,pod=workload-edge-7b875fd8c6-pxwvc,0.0027390314285161
1783674499,cpu_cores,pod=workload-edge-7b875fd8c6-pxwvc,0.0023867864662329005
1783674509,cpu_cores,pod=workload-edge-7b875fd8c6-pxwvc,0.0027348999622492016
1783674519,cpu_cores,pod=workload-edge-7b875fd8c6-pxwvc,0.0028336610836100103
1783674529,cpu_cores,pod=workload-edge-7b875fd8c6-pxwvc,0.0028336610836100103
1783674539,cpu_cores,pod=workload-edge-7b875fd8c6-pxwvc,0.0027934250099269737
1783674549,cpu_cores,pod=workload-edge-7b875fd8c6-pxwvc,0.0028717847249693936
1783674559,cpu_cores,pod=workload-edge-7b875fd8c6-pxwvc,0.0028158072096030403
1783674569,cpu_cores,pod=workload-edge-7b875fd8c6-pxwvc,0.002741185106433848
1783674579,cpu_cores,pod=workload-edge-7b875fd8c6-pxwvc,0.002692352312629306
1783674589,cpu_cores,pod=workload-edge-7b875fd8c6-pxwvc,0.002755000105822736
1783674599,cpu_cores,pod=workload-edge-7b875fd8c6-pxwvc,0.0023108295375805885
1783674609,cpu_cores,pod=workload-edge-7b875fd8c6-pxwvc,0.0027821208013250522
1783674619,cpu_cores,pod=workload-edge-7b875fd8c6-pxwvc,0.002761343646835188
1783674629,cpu_cores,pod=workload-edge-7b875fd8c6-pxwvc,0.002761034115138748
1783674639,cpu_cores,pod=workload-edge-7b875fd8c6-pxwvc,0.0027140190494463015
1783674649,cpu_cores,pod=workload-edge-7b875fd8c6-pxwvc,0.002662870465856952
1783674659,cpu_cores,pod=workload-edge-7b875fd8c6-pxwvc,0.002756012130041036
1783674669,cpu_cores,pod=workload-edge-7b875fd8c6-pxwvc,0.0023501816883032436
1783674679,cpu_cores,pod=workload-edge-7b875fd8c6-pxwvc,0.002684342361280644
1783674689,cpu_cores,pod=workload-edge-7b875fd8c6-pxwvc,0.002700456249719751
1783674699,cpu_cores,pod=workload-edge-7b875fd8c6-pxwvc,0.0027263144410112957
1783674709,cpu_cores,pod=workload-edge-7b875fd8c6-pxwvc,0.0026990324416631246
1783674719,cpu_cores,pod=workload-edge-7b875fd8c6-pxwvc,0.002426162826099049
1783674729,cpu_cores,pod=workload-edge-7b875fd8c6-pxwvc,0.0027045436492164248
1783674739,cpu_cores,pod=workload-edge-7b875fd8c6-pxwvc,0.002712208635843478
1783674749,cpu_cores,pod=workload-edge-7b875fd8c6-pxwvc,0.002681446713205777
1783674759,cpu_cores,pod=workload-edge-7b875fd8c6-pxwvc,0.002648238559244454
1783674769,cpu_cores,pod=workload-edge-7b875fd8c6-pxwvc,0.002656414949773139
1783674779,cpu_cores,pod=workload-edge-7b875fd8c6-pxwvc,0.002656414949773139
1783674789,cpu_cores,pod=workload-edge-7b875fd8c6-pxwvc,0.002599890990844174
1783674799,cpu_cores,pod=workload-edge-7b875fd8c6-pxwvc,0.0016394499999989876
1783674809,cpu_cores,pod=workload-edge-7b875fd8c6-pxwvc,0.002570255714160119
1783674819,cpu_cores,pod=workload-edge-7b875fd8c6-pxwvc,0.0026518115063134894
1783674829,cpu_cores,pod=workload-edge-7b875fd8c6-pxwvc,0.0026450557620835923
1783674839,cpu_cores,pod=workload-edge-7b875fd8c6-pxwvc,0.0026450557620835923
1783674849,cpu_cores,pod=workload-edge-7b875fd8c6-pxwvc,0.0026883459384078002
1783674859,cpu_cores,pod=workload-edge-7b875fd8c6-pxwvc,0.0026883459384078002
1783674869,cpu_cores,pod=workload-edge-7b875fd8c6-pxwvc,0.0026415168392333824
1783674879,cpu_cores,pod=workload-edge-7b875fd8c6-pxwvc,0.0026186202806878223
1783674889,cpu_cores,pod=workload-edge-7b875fd8c6-pxwvc,0.0021519730259020285
1783674399,cpu_utilisation,pod=workload-cloud-6f545f89ff-26xbs,0.0532572422324159
1783674409,cpu_utilisation,pod=workload-cloud-6f545f89ff-26xbs,0.08232212500509685
1783674419,cpu_utilisation,pod=workload-cloud-6f545f89ff-26xbs,0.09852844158882938
1783674429,cpu_utilisation,pod=workload-cloud-6f545f89ff-26xbs,0.12410313213824654
1783674439,cpu_utilisation,pod=workload-cloud-6f545f89ff-26xbs,0.19985885589216665
1783674449,cpu_utilisation,pod=workload-cloud-6f545f89ff-26xbs,0.4240374950399381
1783674459,cpu_utilisation,pod=workload-cloud-6f545f89ff-26xbs,0.5164791020627544
1783674469,cpu_utilisation,pod=workload-cloud-6f545f89ff-26xbs,0.8799693254349006
1783674479,cpu_utilisation,pod=workload-cloud-6f545f89ff-26xbs,1.112826925744486
1783674489,cpu_utilisation,pod=workload-cloud-6f545f89ff-26xbs,1.3795491348829425
1783674499,cpu_utilisation,pod=workload-cloud-6f545f89ff-26xbs,1.5271476906710795
1783674509,cpu_utilisation,pod=workload-cloud-6f545f89ff-26xbs,1.6132127355716726
1783674519,cpu_utilisation,pod=workload-cloud-6f545f89ff-26xbs,1.5983195491157223
1783674529,cpu_utilisation,pod=workload-cloud-6f545f89ff-26xbs,1.5815994788125989
1783674539,cpu_utilisation,pod=workload-cloud-6f545f89ff-26xbs,1.5687766195218766
1783674549,cpu_utilisation,pod=workload-cloud-6f545f89ff-26xbs,1.5312394846833501
1783674559,cpu_utilisation,pod=workload-cloud-6f545f89ff-26xbs,1.5166025836736252
1783674569,cpu_utilisation,pod=workload-cloud-6f545f89ff-26xbs,1.5248821884285964
1783674579,cpu_utilisation,pod=workload-cloud-6f545f89ff-26xbs,1.5238791474296103
1783674589,cpu_utilisation,pod=workload-cloud-6f545f89ff-26xbs,1.4898606201714473
1783674599,cpu_utilisation,pod=workload-cloud-6f545f89ff-26xbs,1.4948471247817168
1783674609,cpu_utilisation,pod=workload-cloud-6f545f89ff-26xbs,1.3604418600011972
1783674619,cpu_utilisation,pod=workload-cloud-6f545f89ff-26xbs,1.2679187663777471
1783674629,cpu_utilisation,pod=workload-cloud-6f545f89ff-26xbs,0.7221866363192967
1783674639,cpu_utilisation,pod=workload-cloud-6f545f89ff-26xbs,0.7221866363192967
1783674649,cpu_utilisation,pod=workload-cloud-6f545f89ff-26xbs,0.33791637889815584
1783674659,cpu_utilisation,pod=workload-cloud-6f545f89ff-26xbs,0.3265559836358581
1783674669,cpu_utilisation,pod=workload-cloud-6f545f89ff-26xbs,0.2966539742425306
1783674679,cpu_utilisation,pod=workload-cloud-6f545f89ff-26xbs,0.2966539742425306
1783674689,cpu_utilisation,pod=workload-cloud-6f545f89ff-26xbs,0.2923365882352944
1783674699,cpu_utilisation,pod=workload-cloud-6f545f89ff-26xbs,0.2923365882352944
1783674709,cpu_utilisation,pod=workload-cloud-6f545f89ff-26xbs,0.2943019930769067
1783674719,cpu_utilisation,pod=workload-cloud-6f545f89ff-26xbs,0.2956617360441495
1783674729,cpu_utilisation,pod=workload-cloud-6f545f89ff-26xbs,0.29937572372454213
1783674739,cpu_utilisation,pod=workload-cloud-6f545f89ff-26xbs,0.29831496482430553
1783674749,cpu_utilisation,pod=workload-cloud-6f545f89ff-26xbs,0.29835082975451993
1783674759,cpu_utilisation,pod=workload-cloud-6f545f89ff-26xbs,0.29823802238661407
1783674769,cpu_utilisation,pod=workload-cloud-6f545f89ff-26xbs,0.2967242838602895
1783674779,cpu_utilisation,pod=workload-cloud-6f545f89ff-26xbs,0.29550451619342255
1783674789,cpu_utilisation,pod=workload-cloud-6f545f89ff-26xbs,0.29659083732115477
1783674799,cpu_utilisation,pod=workload-cloud-6f545f89ff-26xbs,0.2818208118212572
1783674809,cpu_utilisation,pod=workload-cloud-6f545f89ff-26xbs,0.2818208118212572
1783674819,cpu_utilisation,pod=workload-cloud-6f545f89ff-26xbs,0.1747590425306362
1783674829,cpu_utilisation,pod=workload-cloud-6f545f89ff-26xbs,0.13512150004204126
1783674839,cpu_utilisation,pod=workload-cloud-6f545f89ff-26xbs,0.09949124519431927
1783674849,cpu_utilisation,pod=workload-cloud-6f545f89ff-26xbs,0.011716706534618463
1783674859,cpu_utilisation,pod=workload-cloud-6f545f89ff-26xbs,0.009974533206855424
1783674869,cpu_utilisation,pod=workload-cloud-6f545f89ff-26xbs,0.0113383252070279
1783674879,cpu_utilisation,pod=workload-cloud-6f545f89ff-26xbs,0.011106852039864381
1783674889,cpu_utilisation,pod=workload-cloud-6f545f89ff-26xbs,0.011106852039864381
1783674369,cpu_utilisation,pod=workload-cloud-6f545f89ff-4m7cz,0.061629090422307534
1783674379,cpu_utilisation,pod=workload-cloud-6f545f89ff-4m7cz,0.059110268285955336
1783674389,cpu_utilisation,pod=workload-cloud-6f545f89ff-4m7cz,0.0738046298268266
1783674399,cpu_utilisation,pod=workload-cloud-6f545f89ff-4m7cz,0.09263756053895705
1783674409,cpu_utilisation,pod=workload-cloud-6f545f89ff-4m7cz,0.1283093753490056
1783674419,cpu_utilisation,pod=workload-cloud-6f545f89ff-4m7cz,0.10343998581344682
1783674429,cpu_utilisation,pod=workload-cloud-6f545f89ff-4m7cz,0.19571632870864458
1783674439,cpu_utilisation,pod=workload-cloud-6f545f89ff-4m7cz,0.22561041735129808
1783674449,cpu_utilisation,pod=workload-cloud-6f545f89ff-4m7cz,0.4234572806076854
1783674459,cpu_utilisation,pod=workload-cloud-6f545f89ff-4m7cz,0.7473519344915732
1783674469,cpu_utilisation,pod=workload-cloud-6f545f89ff-4m7cz,1.2109675993257702
1783674479,cpu_utilisation,pod=workload-cloud-6f545f89ff-4m7cz,1.4176490114540015
1783674489,cpu_utilisation,pod=workload-cloud-6f545f89ff-4m7cz,2.0440999549325176
1783674499,cpu_utilisation,pod=workload-cloud-6f545f89ff-4m7cz,2.1132754328497896
1783674509,cpu_utilisation,pod=workload-cloud-6f545f89ff-4m7cz,2.311649245974938
1783674519,cpu_utilisation,pod=workload-cloud-6f545f89ff-4m7cz,2.3371211060884036
1783674529,cpu_utilisation,pod=workload-cloud-6f545f89ff-4m7cz,2.337161051104304
1783674539,cpu_utilisation,pod=workload-cloud-6f545f89ff-4m7cz,2.303784754651914
1783674549,cpu_utilisation,pod=workload-cloud-6f545f89ff-4m7cz,2.286444269308714
1783674559,cpu_utilisation,pod=workload-cloud-6f545f89ff-4m7cz,2.2982245683200975
1783674569,cpu_utilisation,pod=workload-cloud-6f545f89ff-4m7cz,2.331959228005681
1783674579,cpu_utilisation,pod=workload-cloud-6f545f89ff-4m7cz,1.9654534635087357
1783674589,cpu_utilisation,pod=workload-cloud-6f545f89ff-4m7cz,2.3619086641148725
1783674599,cpu_utilisation,pod=workload-cloud-6f545f89ff-4m7cz,1.9623526724636116
1783674609,cpu_utilisation,pod=workload-cloud-6f545f89ff-4m7cz,1.97941578180304
1783674619,cpu_utilisation,pod=workload-cloud-6f545f89ff-4m7cz,1.848282409485833
1783674629,cpu_utilisation,pod=workload-cloud-6f545f89ff-4m7cz,0.9148880945765034
1783674639,cpu_utilisation,pod=workload-cloud-6f545f89ff-4m7cz,0.7744626714463849
1783674649,cpu_utilisation,pod=workload-cloud-6f545f89ff-4m7cz,0.34231559114460614
1783674659,cpu_utilisation,pod=workload-cloud-6f545f89ff-4m7cz,0.3346533968061298
1783674669,cpu_utilisation,pod=workload-cloud-6f545f89ff-4m7cz,0.25683995337580057
1783674679,cpu_utilisation,pod=workload-cloud-6f545f89ff-4m7cz,0.30304832004072635
1783674689,cpu_utilisation,pod=workload-cloud-6f545f89ff-4m7cz,0.30280524132730036
1783674699,cpu_utilisation,pod=workload-cloud-6f545f89ff-4m7cz,0.3009433309472685
1783674709,cpu_utilisation,pod=workload-cloud-6f545f89ff-4m7cz,0.30074787064607633
1783674719,cpu_utilisation,pod=workload-cloud-6f545f89ff-4m7cz,0.30064434667444806
1783674729,cpu_utilisation,pod=workload-cloud-6f545f89ff-4m7cz,0.30114145350751925
1783674739,cpu_utilisation,pod=workload-cloud-6f545f89ff-4m7cz,0.30123348731663685
1783674749,cpu_utilisation,pod=workload-cloud-6f545f89ff-4m7cz,0.30161770638065616
1783674759,cpu_utilisation,pod=workload-cloud-6f545f89ff-4m7cz,0.2541221337222867
1783674769,cpu_utilisation,pod=workload-cloud-6f545f89ff-4m7cz,0.30126067159931685
1783674779,cpu_utilisation,pod=workload-cloud-6f545f89ff-4m7cz,0.3007292177401387
1783674789,cpu_utilisation,pod=workload-cloud-6f545f89ff-4m7cz,0.3020700856270526
1783674799,cpu_utilisation,pod=workload-cloud-6f545f89ff-4m7cz,0.3020700856270526
1783674809,cpu_utilisation,pod=workload-cloud-6f545f89ff-4m7cz,0.2584018736106696
1783674819,cpu_utilisation,pod=workload-cloud-6f545f89ff-4m7cz,0.2584018736106696
1783674829,cpu_utilisation,pod=workload-cloud-6f545f89ff-4m7cz,0.1630286639292477
1783674839,cpu_utilisation,pod=workload-cloud-6f545f89ff-4m7cz,0.0777488659007072
1783674849,cpu_utilisation,pod=workload-cloud-6f545f89ff-4m7cz,0.011942194776270787
1783674859,cpu_utilisation,pod=workload-cloud-6f545f89ff-4m7cz,0.011775374239185224
1783674869,cpu_utilisation,pod=workload-cloud-6f545f89ff-4m7cz,0.012180610225024154
1783674879,cpu_utilisation,pod=workload-cloud-6f545f89ff-4m7cz,0.012042914419528927
1783674889,cpu_utilisation,pod=workload-cloud-6f545f89ff-4m7cz,0.011666140596112942
1783674459,cpu_utilisation,pod=workload-cloud-6f545f89ff-9v7bb,0.158549786472525
1783674469,cpu_utilisation,pod=workload-cloud-6f545f89ff-9v7bb,0.36734165807607067
1783674479,cpu_utilisation,pod=workload-cloud-6f545f89ff-9v7bb,0.5988431101170247
1783674489,cpu_utilisation,pod=workload-cloud-6f545f89ff-9v7bb,0.6463265138888888
1783674499,cpu_utilisation,pod=workload-cloud-6f545f89ff-9v7bb,1.0159471043454016
1783674509,cpu_utilisation,pod=workload-cloud-6f545f89ff-9v7bb,1.2177133175276
1783674519,cpu_utilisation,pod=workload-cloud-6f545f89ff-9v7bb,1.2338425777813322
1783674529,cpu_utilisation,pod=workload-cloud-6f545f89ff-9v7bb,1.206901881313895
1783674539,cpu_utilisation,pod=workload-cloud-6f545f89ff-9v7bb,0.9977888212994049
1783674549,cpu_utilisation,pod=workload-cloud-6f545f89ff-9v7bb,1.201219739292365
1783674559,cpu_utilisation,pod=workload-cloud-6f545f89ff-9v7bb,1.2330224232357696
1783674569,cpu_utilisation,pod=workload-cloud-6f545f89ff-9v7bb,1.2330224232357696
1783674579,cpu_utilisation,pod=workload-cloud-6f545f89ff-9v7bb,1.2551504272751297
1783674589,cpu_utilisation,pod=workload-cloud-6f545f89ff-9v7bb,1.2286637263082605
1783674599,cpu_utilisation,pod=workload-cloud-6f545f89ff-9v7bb,1.2286637263082607
1783674609,cpu_utilisation,pod=workload-cloud-6f545f89ff-9v7bb,0.8810956160703385
1783674619,cpu_utilisation,pod=workload-cloud-6f545f89ff-9v7bb,0.5839514263401433
1783674629,cpu_utilisation,pod=workload-cloud-6f545f89ff-9v7bb,0.43905257678292575
1783674639,cpu_utilisation,pod=workload-cloud-6f545f89ff-9v7bb,0.10551060067237955
1783674649,cpu_utilisation,pod=workload-cloud-6f545f89ff-9v7bb,0.011287006578947356
1783674659,cpu_utilisation,pod=workload-cloud-6f545f89ff-9v7bb,0.011287006578947356
1783674669,cpu_utilisation,pod=workload-cloud-6f545f89ff-9v7bb,0.011359094015885007
1783674679,cpu_utilisation,pod=workload-cloud-6f545f89ff-9v7bb,0.01131445170660827
1783674689,cpu_utilisation,pod=workload-cloud-6f545f89ff-9v7bb,0.011196649726156022
1783674699,cpu_utilisation,pod=workload-cloud-6f545f89ff-9v7bb,0.011018886790356794
1783674709,cpu_utilisation,pod=workload-cloud-6f545f89ff-9v7bb,0.011036570436485722
1783674719,cpu_utilisation,pod=workload-cloud-6f545f89ff-9v7bb,0.011036570436485722
1783674729,cpu_utilisation,pod=workload-cloud-6f545f89ff-9v7bb,0.010815205913411249
1783674739,cpu_utilisation,pod=workload-cloud-6f545f89ff-9v7bb,0.009385762636593178
1783674749,cpu_utilisation,pod=workload-cloud-6f545f89ff-9v7bb,0.008708097243903323
1783674759,cpu_utilisation,pod=workload-cloud-6f545f89ff-9v7bb,0.010567356129721385
1783674769,cpu_utilisation,pod=workload-cloud-6f545f89ff-9v7bb,0.010833443518885922
1783674779,cpu_utilisation,pod=workload-cloud-6f545f89ff-9v7bb,0.010833443518885922
1783674789,cpu_utilisation,pod=workload-cloud-6f545f89ff-9v7bb,0.010906187387173112
1783674799,cpu_utilisation,pod=workload-cloud-6f545f89ff-9v7bb,0.010939244355577981
1783674809,cpu_utilisation,pod=workload-cloud-6f545f89ff-9v7bb,0.010939244355577981
1783674819,cpu_utilisation,pod=workload-cloud-6f545f89ff-9v7bb,0.010693641019261358
1783674829,cpu_utilisation,pod=workload-cloud-6f545f89ff-9v7bb,0.010484956575682755
1783674839,cpu_utilisation,pod=workload-cloud-6f545f89ff-9v7bb,0.010705054123810492
1783674849,cpu_utilisation,pod=workload-cloud-6f545f89ff-9v7bb,0.010828398175171776
1783674859,cpu_utilisation,pod=workload-cloud-6f545f89ff-9v7bb,0.011004068098859798
1783674869,cpu_utilisation,pod=workload-cloud-6f545f89ff-9v7bb,0.010945386513812017
1783674879,cpu_utilisation,pod=workload-cloud-6f545f89ff-9v7bb,0.010867957861676042
1783674889,cpu_utilisation,pod=workload-cloud-6f545f89ff-9v7bb,0.010991535067580044
1783674429,cpu_utilisation,pod=workload-cloud-6f545f89ff-jjd8v,0.061076064268783224
1783674439,cpu_utilisation,pod=workload-cloud-6f545f89ff-jjd8v,0.09494386343556958
1783674449,cpu_utilisation,pod=workload-cloud-6f545f89ff-jjd8v,0.25959173132249946
1783674459,cpu_utilisation,pod=workload-cloud-6f545f89ff-jjd8v,0.6256890041738953
1783674469,cpu_utilisation,pod=workload-cloud-6f545f89ff-jjd8v,0.9453536131159486
1783674479,cpu_utilisation,pod=workload-cloud-6f545f89ff-jjd8v,1.1642555661329819
1783674489,cpu_utilisation,pod=workload-cloud-6f545f89ff-jjd8v,1.6134546404116634
1783674499,cpu_utilisation,pod=workload-cloud-6f545f89ff-jjd8v,1.80961567239636
1783674509,cpu_utilisation,pod=workload-cloud-6f545f89ff-jjd8v,1.8631164160952802
1783674519,cpu_utilisation,pod=workload-cloud-6f545f89ff-jjd8v,1.8452480282893302
1783674529,cpu_utilisation,pod=workload-cloud-6f545f89ff-jjd8v,1.792680387949054
1783674539,cpu_utilisation,pod=workload-cloud-6f545f89ff-jjd8v,1.7933158697407372
1783674549,cpu_utilisation,pod=workload-cloud-6f545f89ff-jjd8v,1.7925151629183638
1783674559,cpu_utilisation,pod=workload-cloud-6f545f89ff-jjd8v,1.8036541849273864
1783674569,cpu_utilisation,pod=workload-cloud-6f545f89ff-jjd8v,1.844289597533268
1783674579,cpu_utilisation,pod=workload-cloud-6f545f89ff-jjd8v,1.499767908867841
1783674589,cpu_utilisation,pod=workload-cloud-6f545f89ff-jjd8v,1.8651960907469285
1783674599,cpu_utilisation,pod=workload-cloud-6f545f89ff-jjd8v,1.8084279096699478
1783674609,cpu_utilisation,pod=workload-cloud-6f545f89ff-jjd8v,1.515492728768577
1783674619,cpu_utilisation,pod=workload-cloud-6f545f89ff-jjd8v,1.3666983719695631
1783674629,cpu_utilisation,pod=workload-cloud-6f545f89ff-jjd8v,0.9606501052541133
1783674639,cpu_utilisation,pod=workload-cloud-6f545f89ff-jjd8v,0.6037208746374276
1783674649,cpu_utilisation,pod=workload-cloud-6f545f89ff-jjd8v,0.4430128877415191
1783674659,cpu_utilisation,pod=workload-cloud-6f545f89ff-jjd8v,0.1380413555845252
1783674669,cpu_utilisation,pod=workload-cloud-6f545f89ff-jjd8v,0.16311440506123745
1783674679,cpu_utilisation,pod=workload-cloud-6f545f89ff-jjd8v,0.16477257077276194
1783674689,cpu_utilisation,pod=workload-cloud-6f545f89ff-jjd8v,0.164050952422882
1783674699,cpu_utilisation,pod=workload-cloud-6f545f89ff-jjd8v,0.16506492641038867
1783674709,cpu_utilisation,pod=workload-cloud-6f545f89ff-jjd8v,0.16720977627487166
1783674719,cpu_utilisation,pod=workload-cloud-6f545f89ff-jjd8v,0.16755874208030905
1783674729,cpu_utilisation,pod=workload-cloud-6f545f89ff-jjd8v,0.16790301578812747
1783674739,cpu_utilisation,pod=workload-cloud-6f545f89ff-jjd8v,0.16809230909422254
1783674749,cpu_utilisation,pod=workload-cloud-6f545f89ff-jjd8v,0.16809230909422254
1783674759,cpu_utilisation,pod=workload-cloud-6f545f89ff-jjd8v,0.1682104952830191
1783674769,cpu_utilisation,pod=workload-cloud-6f545f89ff-jjd8v,0.16872312845356127
1783674779,cpu_utilisation,pod=workload-cloud-6f545f89ff-jjd8v,0.14055349461526673
1783674789,cpu_utilisation,pod=workload-cloud-6f545f89ff-jjd8v,0.16843142266316508
1783674799,cpu_utilisation,pod=workload-cloud-6f545f89ff-jjd8v,0.13998108310408908
1783674809,cpu_utilisation,pod=workload-cloud-6f545f89ff-jjd8v,0.1393840527896382
1783674819,cpu_utilisation,pod=workload-cloud-6f545f89ff-jjd8v,0.09492572857168959
1783674829,cpu_utilisation,pod=workload-cloud-6f545f89ff-jjd8v,0.05499787252148871
1783674839,cpu_utilisation,pod=workload-cloud-6f545f89ff-jjd8v,0.0411419729355691
1783674849,cpu_utilisation,pod=workload-cloud-6f545f89ff-jjd8v,0.011024799637078591
1783674859,cpu_utilisation,pod=workload-cloud-6f545f89ff-jjd8v,0.011367305751766107
1783674869,cpu_utilisation,pod=workload-cloud-6f545f89ff-jjd8v,0.01179911455451044
1783674879,cpu_utilisation,pod=workload-cloud-6f545f89ff-jjd8v,0.011979238262269818
1783674889,cpu_utilisation,pod=workload-cloud-6f545f89ff-jjd8v,0.011862114586012287
1783674339,cpu_utilisation,pod=workload-cloud-6f545f89ff-p445n,0.09106077049760151
1783674349,cpu_utilisation,pod=workload-cloud-6f545f89ff-p445n,0.14191123582465678
1783674359,cpu_utilisation,pod=workload-cloud-6f545f89ff-p445n,0.15306100618666668
1783674369,cpu_utilisation,pod=workload-cloud-6f545f89ff-p445n,0.19980475274259593
1783674379,cpu_utilisation,pod=workload-cloud-6f545f89ff-p445n,0.24133211137513955
1783674389,cpu_utilisation,pod=workload-cloud-6f545f89ff-p445n,0.28111569431950323
1783674399,cpu_utilisation,pod=workload-cloud-6f545f89ff-p445n,0.3271740801082044
1783674409,cpu_utilisation,pod=workload-cloud-6f545f89ff-p445n,0.3657187270690921
1783674419,cpu_utilisation,pod=workload-cloud-6f545f89ff-p445n,0.4107973225711191
1783674429,cpu_utilisation,pod=workload-cloud-6f545f89ff-p445n,0.4325917075290174
1783674439,cpu_utilisation,pod=workload-cloud-6f545f89ff-p445n,0.435438577815627
1783674449,cpu_utilisation,pod=workload-cloud-6f545f89ff-p445n,0.6611562835778348
1783674459,cpu_utilisation,pod=workload-cloud-6f545f89ff-p445n,0.6611562835778348
1783674469,cpu_utilisation,pod=workload-cloud-6f545f89ff-p445n,1.0649439340718723
1783674479,cpu_utilisation,pod=workload-cloud-6f545f89ff-p445n,1.4753962429990597
1783674489,cpu_utilisation,pod=workload-cloud-6f545f89ff-p445n,1.4753962429990597
1783674499,cpu_utilisation,pod=workload-cloud-6f545f89ff-p445n,1.7767583065504402
1783674509,cpu_utilisation,pod=workload-cloud-6f545f89ff-p445n,1.154289125
1783674519,cpu_utilisation,pod=workload-cloud-6f545f89ff-p445n,1.8763012550352758
1783674529,cpu_utilisation,pod=workload-cloud-6f545f89ff-p445n,1.8619254213712977
1783674539,cpu_utilisation,pod=workload-cloud-6f545f89ff-p445n,1.8642640362119274
1783674549,cpu_utilisation,pod=workload-cloud-6f545f89ff-p445n,1.8666173956472465
1783674559,cpu_utilisation,pod=workload-cloud-6f545f89ff-p445n,1.8592849655739392
1783674569,cpu_utilisation,pod=workload-cloud-6f545f89ff-p445n,1.8592849655739392
1783674579,cpu_utilisation,pod=workload-cloud-6f545f89ff-p445n,1.8284719115350518
1783674589,cpu_utilisation,pod=workload-cloud-6f545f89ff-p445n,1.8074340624999996
1783674599,cpu_utilisation,pod=workload-cloud-6f545f89ff-p445n,1.8083065107604623
1783674609,cpu_utilisation,pod=workload-cloud-6f545f89ff-p445n,1.659291862733846
1783674619,cpu_utilisation,pod=workload-cloud-6f545f89ff-p445n,1.0537095000000012
1783674629,cpu_utilisation,pod=workload-cloud-6f545f89ff-p445n,1.153593554104881
1783674639,cpu_utilisation,pod=workload-cloud-6f545f89ff-p445n,0.6760677473178129
1783674649,cpu_utilisation,pod=workload-cloud-6f545f89ff-p445n,0.673184796854521
1783674659,cpu_utilisation,pod=workload-cloud-6f545f89ff-p445n,0.4965053017265307
1783674669,cpu_utilisation,pod=workload-cloud-6f545f89ff-p445n,0.4484254897455051
1783674679,cpu_utilisation,pod=workload-cloud-6f545f89ff-p445n,0.44760898442217134
1783674689,cpu_utilisation,pod=workload-cloud-6f545f89ff-p445n,0.4482443367598979
1783674699,cpu_utilisation,pod=workload-cloud-6f545f89ff-p445n,0.44378981593739664
1783674709,cpu_utilisation,pod=workload-cloud-6f545f89ff-p445n,0.3816879160727308
1783674719,cpu_utilisation,pod=workload-cloud-6f545f89ff-p445n,0.4372448848612436
1783674729,cpu_utilisation,pod=workload-cloud-6f545f89ff-p445n,0.34416395085815715
1783674739,cpu_utilisation,pod=workload-cloud-6f545f89ff-p445n,0.4360911744505491
1783674749,cpu_utilisation,pod=workload-cloud-6f545f89ff-p445n,0.4396439355037495
1783674759,cpu_utilisation,pod=workload-cloud-6f545f89ff-p445n,0.4402932494483869
1783674769,cpu_utilisation,pod=workload-cloud-6f545f89ff-p445n,0.4379126377333023
1783674779,cpu_utilisation,pod=workload-cloud-6f545f89ff-p445n,0.4400349006411712
1783674789,cpu_utilisation,pod=workload-cloud-6f545f89ff-p445n,0.43923696979183036
1783674799,cpu_utilisation,pod=workload-cloud-6f545f89ff-p445n,0.4381578411216677
1783674809,cpu_utilisation,pod=workload-cloud-6f545f89ff-p445n,0.3789123719380625
1783674819,cpu_utilisation,pod=workload-cloud-6f545f89ff-p445n,0.37915378702895963
1783674829,cpu_utilisation,pod=workload-cloud-6f545f89ff-p445n,0.2611982925955947
1783674839,cpu_utilisation,pod=workload-cloud-6f545f89ff-p445n,0.20121927473194412
1783674849,cpu_utilisation,pod=workload-cloud-6f545f89ff-p445n,0.07435036843848267
1783674859,cpu_utilisation,pod=workload-cloud-6f545f89ff-p445n,0.011493491365500902
1783674869,cpu_utilisation,pod=workload-cloud-6f545f89ff-p445n,0.0117032408080218
1783674879,cpu_utilisation,pod=workload-cloud-6f545f89ff-p445n,0.011336543284180219
1783674889,cpu_utilisation,pod=workload-cloud-6f545f89ff-p445n,0.011143880655609652
1783674249,cpu_utilisation,pod=workload-cloud-6f545f89ff-r28zz,0.012802850356306003
1783674259,cpu_utilisation,pod=workload-cloud-6f545f89ff-r28zz,0.023295869187682793
1783674269,cpu_utilisation,pod=workload-cloud-6f545f89ff-r28zz,0.027090630934769534
1783674279,cpu_utilisation,pod=workload-cloud-6f545f89ff-r28zz,0.1442025044828254
1783674289,cpu_utilisation,pod=workload-cloud-6f545f89ff-r28zz,0.24866587692246972
1783674299,cpu_utilisation,pod=workload-cloud-6f545f89ff-r28zz,0.37320654664490543
1783674309,cpu_utilisation,pod=workload-cloud-6f545f89ff-r28zz,0.502554309243255
1783674319,cpu_utilisation,pod=workload-cloud-6f545f89ff-r28zz,0.6796151650233608
1783674329,cpu_utilisation,pod=workload-cloud-6f545f89ff-r28zz,0.7350906394777427
1783674339,cpu_utilisation,pod=workload-cloud-6f545f89ff-r28zz,0.8234408448694136
1783674349,cpu_utilisation,pod=workload-cloud-6f545f89ff-r28zz,0.9901113500596984
1783674359,cpu_utilisation,pod=workload-cloud-6f545f89ff-r28zz,0.9901113500596984
1783674369,cpu_utilisation,pod=workload-cloud-6f545f89ff-r28zz,1.116156881553983
1783674379,cpu_utilisation,pod=workload-cloud-6f545f89ff-r28zz,1.2048275487361992
1783674389,cpu_utilisation,pod=workload-cloud-6f545f89ff-r28zz,1.0953517823564136
1783674399,cpu_utilisation,pod=workload-cloud-6f545f89ff-r28zz,1.2882660439160543
1783674409,cpu_utilisation,pod=workload-cloud-6f545f89ff-r28zz,1.3273058919061236
1783674419,cpu_utilisation,pod=workload-cloud-6f545f89ff-r28zz,1.3641025304099899
1783674429,cpu_utilisation,pod=workload-cloud-6f545f89ff-r28zz,1.384363222180858
1783674439,cpu_utilisation,pod=workload-cloud-6f545f89ff-r28zz,1.412501406865509
1783674449,cpu_utilisation,pod=workload-cloud-6f545f89ff-r28zz,1.5167530832234635
1783674459,cpu_utilisation,pod=workload-cloud-6f545f89ff-r28zz,1.6191500536510997
1783674469,cpu_utilisation,pod=workload-cloud-6f545f89ff-r28zz,1.6519181447746978
1783674479,cpu_utilisation,pod=workload-cloud-6f545f89ff-r28zz,2.0679973847450737
1783674489,cpu_utilisation,pod=workload-cloud-6f545f89ff-r28zz,2.3049317862636407
1783674499,cpu_utilisation,pod=workload-cloud-6f545f89ff-r28zz,2.3221622167060345
1783674509,cpu_utilisation,pod=workload-cloud-6f545f89ff-r28zz,2.4024460403925985
1783674519,cpu_utilisation,pod=workload-cloud-6f545f89ff-r28zz,2.333898433487438
1783674529,cpu_utilisation,pod=workload-cloud-6f545f89ff-r28zz,2.3348133711316064
1783674539,cpu_utilisation,pod=workload-cloud-6f545f89ff-r28zz,2.3262498796186573
1783674549,cpu_utilisation,pod=workload-cloud-6f545f89ff-r28zz,2.3684895694035824
1783674559,cpu_utilisation,pod=workload-cloud-6f545f89ff-r28zz,2.399605481444449
1783674569,cpu_utilisation,pod=workload-cloud-6f545f89ff-r28zz,2.399605481444449
1783674579,cpu_utilisation,pod=workload-cloud-6f545f89ff-r28zz,2.415231168885796
1783674589,cpu_utilisation,pod=workload-cloud-6f545f89ff-r28zz,2.3952851525544143
1783674599,cpu_utilisation,pod=workload-cloud-6f545f89ff-r28zz,2.335736339384008
1783674609,cpu_utilisation,pod=workload-cloud-6f545f89ff-r28zz,2.1481215728499867
1783674619,cpu_utilisation,pod=workload-cloud-6f545f89ff-r28zz,1.8827276663779957
1783674629,cpu_utilisation,pod=workload-cloud-6f545f89ff-r28zz,1.8827276663779957
1783674639,cpu_utilisation,pod=workload-cloud-6f545f89ff-r28zz,1.5462787454741114
1783674649,cpu_utilisation,pod=workload-cloud-6f545f89ff-r28zz,1.5239793854156403
1783674659,cpu_utilisation,pod=workload-cloud-6f545f89ff-r28zz,1.4056972099184308
1783674669,cpu_utilisation,pod=workload-cloud-6f545f89ff-r28zz,1.4172823229401839
1783674679,cpu_utilisation,pod=workload-cloud-6f545f89ff-r28zz,1.1834924794593296
1783674689,cpu_utilisation,pod=workload-cloud-6f545f89ff-r28zz,1.1266346283170001
1783674699,cpu_utilisation,pod=workload-cloud-6f545f89ff-r28zz,1.421581982022159
1783674709,cpu_utilisation,pod=workload-cloud-6f545f89ff-r28zz,1.4201619721545882
1783674719,cpu_utilisation,pod=workload-cloud-6f545f89ff-r28zz,1.4095373989218458
1783674729,cpu_utilisation,pod=workload-cloud-6f545f89ff-r28zz,1.4095373989218458
1783674739,cpu_utilisation,pod=workload-cloud-6f545f89ff-r28zz,1.3817655109489437
1783674749,cpu_utilisation,pod=workload-cloud-6f545f89ff-r28zz,1.3866290538434967
1783674759,cpu_utilisation,pod=workload-cloud-6f545f89ff-r28zz,1.3976051903658955
1783674769,cpu_utilisation,pod=workload-cloud-6f545f89ff-r28zz,1.4053728401851477
1783674779,cpu_utilisation,pod=workload-cloud-6f545f89ff-r28zz,1.3692308037920238
1783674789,cpu_utilisation,pod=workload-cloud-6f545f89ff-r28zz,1.3692308037920238
1783674799,cpu_utilisation,pod=workload-cloud-6f545f89ff-r28zz,1.3655091319437895
1783674809,cpu_utilisation,pod=workload-cloud-6f545f89ff-r28zz,1.3678564743007022
1783674819,cpu_utilisation,pod=workload-cloud-6f545f89ff-r28zz,1.269104074216127
1783674829,cpu_utilisation,pod=workload-cloud-6f545f89ff-r28zz,0.9583738148612777
1783674839,cpu_utilisation,pod=workload-cloud-6f545f89ff-r28zz,0.5669649303415862
1783674849,cpu_utilisation,pod=workload-cloud-6f545f89ff-r28zz,0.4557696123825501
1783674859,cpu_utilisation,pod=workload-cloud-6f545f89ff-r28zz,0.05156373816331524
1783674869,cpu_utilisation,pod=workload-cloud-6f545f89ff-r28zz,0.06005793162633295
1783674879,cpu_utilisation,pod=workload-cloud-6f545f89ff-r28zz,0.01232400676075812
1783674889,cpu_utilisation,pod=workload-cloud-6f545f89ff-r28zz,0.012676799378309152
1783674249,cpu_utilisation,pod=workload-edge-7b875fd8c6-pxwvc,0.02527048866584123
1783674259,cpu_utilisation,pod=workload-edge-7b875fd8c6-pxwvc,0.02524517853117135
1783674269,cpu_utilisation,pod=workload-edge-7b875fd8c6-pxwvc,0.025271221532121496
1783674279,cpu_utilisation,pod=workload-edge-7b875fd8c6-pxwvc,0.0254051510553577
1783674289,cpu_utilisation,pod=workload-edge-7b875fd8c6-pxwvc,0.025617049444549803
1783674299,cpu_utilisation,pod=workload-edge-7b875fd8c6-pxwvc,0.025538181889284365
1783674309,cpu_utilisation,pod=workload-edge-7b875fd8c6-pxwvc,0.026004034761018605
1783674319,cpu_utilisation,pod=workload-edge-7b875fd8c6-pxwvc,0.02595010071736017
1783674329,cpu_utilisation,pod=workload-edge-7b875fd8c6-pxwvc,0.025967407710603286
1783674339,cpu_utilisation,pod=workload-edge-7b875fd8c6-pxwvc,0.0223378156262427
1783674349,cpu_utilisation,pod=workload-edge-7b875fd8c6-pxwvc,0.026512219267421096
1783674359,cpu_utilisation,pod=workload-edge-7b875fd8c6-pxwvc,0.026355408990586495
1783674369,cpu_utilisation,pod=workload-edge-7b875fd8c6-pxwvc,0.025843323467426474
1783674379,cpu_utilisation,pod=workload-edge-7b875fd8c6-pxwvc,0.02543128964062698
1783674389,cpu_utilisation,pod=workload-edge-7b875fd8c6-pxwvc,0.026259723086520362
1783674399,cpu_utilisation,pod=workload-edge-7b875fd8c6-pxwvc,0.025805073431240826
1783674409,cpu_utilisation,pod=workload-edge-7b875fd8c6-pxwvc,0.02649753001604014
1783674419,cpu_utilisation,pod=workload-edge-7b875fd8c6-pxwvc,0.026822850595424056
1783674429,cpu_utilisation,pod=workload-edge-7b875fd8c6-pxwvc,0.026262761780127333
1783674439,cpu_utilisation,pod=workload-edge-7b875fd8c6-pxwvc,0.02620490620491212
1783674449,cpu_utilisation,pod=workload-edge-7b875fd8c6-pxwvc,0.026291979573430314
1783674459,cpu_utilisation,pod=workload-edge-7b875fd8c6-pxwvc,0.02648362787005221
1783674469,cpu_utilisation,pod=workload-edge-7b875fd8c6-pxwvc,0.026483627870052213
1783674479,cpu_utilisation,pod=workload-edge-7b875fd8c6-pxwvc,0.026915944518836186
1783674489,cpu_utilisation,pod=workload-edge-7b875fd8c6-pxwvc,0.027390314285160998
1783674499,cpu_utilisation,pod=workload-edge-7b875fd8c6-pxwvc,0.023867864662329003
1783674509,cpu_utilisation,pod=workload-edge-7b875fd8c6-pxwvc,0.027348999622492015
1783674519,cpu_utilisation,pod=workload-edge-7b875fd8c6-pxwvc,0.0283366108361001
1783674529,cpu_utilisation,pod=workload-edge-7b875fd8c6-pxwvc,0.0283366108361001
1783674539,cpu_utilisation,pod=workload-edge-7b875fd8c6-pxwvc,0.027934250099269736
1783674549,cpu_utilisation,pod=workload-edge-7b875fd8c6-pxwvc,0.028717847249693933
1783674559,cpu_utilisation,pod=workload-edge-7b875fd8c6-pxwvc,0.0281580720960304
1783674569,cpu_utilisation,pod=workload-edge-7b875fd8c6-pxwvc,0.02741185106433848
1783674579,cpu_utilisation,pod=workload-edge-7b875fd8c6-pxwvc,0.026923523126293057
1783674589,cpu_utilisation,pod=workload-edge-7b875fd8c6-pxwvc,0.027550001058227358
1783674599,cpu_utilisation,pod=workload-edge-7b875fd8c6-pxwvc,0.023108295375805884
1783674609,cpu_utilisation,pod=workload-edge-7b875fd8c6-pxwvc,0.027821208013250522
1783674619,cpu_utilisation,pod=workload-edge-7b875fd8c6-pxwvc,0.02761343646835188
1783674629,cpu_utilisation,pod=workload-edge-7b875fd8c6-pxwvc,0.027610341151387476
1783674639,cpu_utilisation,pod=workload-edge-7b875fd8c6-pxwvc,0.027140190494463014
1783674649,cpu_utilisation,pod=workload-edge-7b875fd8c6-pxwvc,0.026628704658569518
1783674659,cpu_utilisation,pod=workload-edge-7b875fd8c6-pxwvc,0.02756012130041036
1783674669,cpu_utilisation,pod=workload-edge-7b875fd8c6-pxwvc,0.023501816883032434
1783674679,cpu_utilisation,pod=workload-edge-7b875fd8c6-pxwvc,0.02684342361280644
1783674689,cpu_utilisation,pod=workload-edge-7b875fd8c6-pxwvc,0.027004562497197508
1783674699,cpu_utilisation,pod=workload-edge-7b875fd8c6-pxwvc,0.027263144410112957
1783674709,cpu_utilisation,pod=workload-edge-7b875fd8c6-pxwvc,0.026990324416631243
1783674719,cpu_utilisation,pod=workload-edge-7b875fd8c6-pxwvc,0.024261628260990487
1783674729,cpu_utilisation,pod=workload-edge-7b875fd8c6-pxwvc,0.027045436492164246
1783674739,cpu_utilisation,pod=workload-edge-7b875fd8c6-pxwvc,0.02712208635843478
1783674749,cpu_utilisation,pod=workload-edge-7b875fd8c6-pxwvc,0.02681446713205777
1783674759,cpu_utilisation,pod=workload-edge-7b875fd8c6-pxwvc,0.02648238559244454
1783674769,cpu_utilisation,pod=workload-edge-7b875fd8c6-pxwvc,0.02656414949773139
1783674779,cpu_utilisation,pod=workload-edge-7b875fd8c6-pxwvc,0.02656414949773139
1783674789,cpu_utilisation,pod=workload-edge-7b875fd8c6-pxwvc,0.02599890990844174
1783674799,cpu_utilisation,pod=workload-edge-7b875fd8c6-pxwvc,0.016394499999989876
1783674809,cpu_utilisation,pod=workload-edge-7b875fd8c6-pxwvc,0.02570255714160119
1783674819,cpu_utilisation,pod=workload-edge-7b875fd8c6-pxwvc,0.02651811506313489
1783674829,cpu_utilisation,pod=workload-edge-7b875fd8c6-pxwvc,0.02645055762083592
1783674839,cpu_utilisation,pod=workload-edge-7b875fd8c6-pxwvc,0.02645055762083592
1783674849,cpu_utilisation,pod=workload-edge-7b875fd8c6-pxwvc,0.026883459384078
1783674859,cpu_utilisation,pod=workload-edge-7b875fd8c6-pxwvc,0.026883459384078
1783674869,cpu_utilisation,pod=workload-edge-7b875fd8c6-pxwvc,0.026415168392333824
1783674879,cpu_utilisation,pod=workload-edge-7b875fd8c6-pxwvc,0.026186202806878223
1783674889,cpu_utilisation,pod=workload-edge-7b875fd8c6-pxwvc,0.021519730259020285
1783674389,mem_mib,pod=workload-cloud-6f545f89ff-26xbs,3.68359375
1783674399,mem_mib,pod=workload-cloud-6f545f89ff-26xbs,35.140625
1783674409,mem_mib,pod=workload-cloud-6f545f89ff-26xbs,35.140625
1783674419,mem_mib,pod=workload-cloud-6f545f89ff-26xbs,35.2578125
1783674429,mem_mib,pod=workload-cloud-6f545f89ff-26xbs,35.2578125
1783674439,mem_mib,pod=workload-cloud-6f545f89ff-26xbs,35.6796875
1783674449,mem_mib,pod=workload-cloud-6f545f89ff-26xbs,35.59765625
1783674459,mem_mib,pod=workload-cloud-6f545f89ff-26xbs,35.59765625
1783674469,mem_mib,pod=workload-cloud-6f545f89ff-26xbs,36.65625
1783674479,mem_mib,pod=workload-cloud-6f545f89ff-26xbs,36.65625
1783674489,mem_mib,pod=workload-cloud-6f545f89ff-26xbs,36.75390625
1783674499,mem_mib,pod=workload-cloud-6f545f89ff-26xbs,36.75390625
1783674509,mem_mib,pod=workload-cloud-6f545f89ff-26xbs,36.58984375
1783674519,mem_mib,pod=workload-cloud-6f545f89ff-26xbs,37.79296875
1783674529,mem_mib,pod=workload-cloud-6f545f89ff-26xbs,36.78515625
1783674539,mem_mib,pod=workload-cloud-6f545f89ff-26xbs,37.32421875
1783674549,mem_mib,pod=workload-cloud-6f545f89ff-26xbs,37.32421875
1783674559,mem_mib,pod=workload-cloud-6f545f89ff-26xbs,36.8515625
1783674569,mem_mib,pod=workload-cloud-6f545f89ff-26xbs,36.90234375
1783674579,mem_mib,pod=workload-cloud-6f545f89ff-26xbs,36.90234375
1783674589,mem_mib,pod=workload-cloud-6f545f89ff-26xbs,36.91015625
1783674599,mem_mib,pod=workload-cloud-6f545f89ff-26xbs,36.91015625
1783674609,mem_mib,pod=workload-cloud-6f545f89ff-26xbs,37.0234375
1783674619,mem_mib,pod=workload-cloud-6f545f89ff-26xbs,37.0234375
1783674629,mem_mib,pod=workload-cloud-6f545f89ff-26xbs,37.0390625
1783674639,mem_mib,pod=workload-cloud-6f545f89ff-26xbs,37.0390625
1783674649,mem_mib,pod=workload-cloud-6f545f89ff-26xbs,36.5703125
1783674659,mem_mib,pod=workload-cloud-6f545f89ff-26xbs,36.5625
1783674669,mem_mib,pod=workload-cloud-6f545f89ff-26xbs,37.1015625
1783674679,mem_mib,pod=workload-cloud-6f545f89ff-26xbs,37.1015625
1783674689,mem_mib,pod=workload-cloud-6f545f89ff-26xbs,36.57421875
1783674699,mem_mib,pod=workload-cloud-6f545f89ff-26xbs,36.57421875
1783674709,mem_mib,pod=workload-cloud-6f545f89ff-26xbs,36.5859375
1783674719,mem_mib,pod=workload-cloud-6f545f89ff-26xbs,36.5859375
1783674729,mem_mib,pod=workload-cloud-6f545f89ff-26xbs,36.83203125
1783674739,mem_mib,pod=workload-cloud-6f545f89ff-26xbs,36.5859375
1783674749,mem_mib,pod=workload-cloud-6f545f89ff-26xbs,36.5859375
1783674759,mem_mib,pod=workload-cloud-6f545f89ff-26xbs,36.58984375
1783674769,mem_mib,pod=workload-cloud-6f545f89ff-26xbs,36.58984375
1783674779,mem_mib,pod=workload-cloud-6f545f89ff-26xbs,36.58984375
1783674789,mem_mib,pod=workload-cloud-6f545f89ff-26xbs,36.8671875
1783674799,mem_mib,pod=workload-cloud-6f545f89ff-26xbs,36.5859375
1783674809,mem_mib,pod=workload-cloud-6f545f89ff-26xbs,36.5859375
1783674819,mem_mib,pod=workload-cloud-6f545f89ff-26xbs,36.5390625
1783674829,mem_mib,pod=workload-cloud-6f545f89ff-26xbs,36.5390625
1783674839,mem_mib,pod=workload-cloud-6f545f89ff-26xbs,36.54296875
1783674849,mem_mib,pod=workload-cloud-6f545f89ff-26xbs,36.54296875
1783674859,mem_mib,pod=workload-cloud-6f545f89ff-26xbs,36.54296875
1783674869,mem_mib,pod=workload-cloud-6f545f89ff-26xbs,36.5390625
1783674879,mem_mib,pod=workload-cloud-6f545f89ff-26xbs,36.5390625
1783674889,mem_mib,pod=workload-cloud-6f545f89ff-26xbs,36.5390625
1783674359,mem_mib,pod=workload-cloud-6f545f89ff-4m7cz,3.5
1783674369,mem_mib,pod=workload-cloud-6f545f89ff-4m7cz,35.1328125
1783674379,mem_mib,pod=workload-cloud-6f545f89ff-4m7cz,35.1484375
1783674389,mem_mib,pod=workload-cloud-6f545f89ff-4m7cz,35.23046875
1783674399,mem_mib,pod=workload-cloud-6f545f89ff-4m7cz,35.23046875
1783674409,mem_mib,pod=workload-cloud-6f545f89ff-4m7cz,35.5546875
1783674419,mem_mib,pod=workload-cloud-6f545f89ff-4m7cz,35.5546875
1783674429,mem_mib,pod=workload-cloud-6f545f89ff-4m7cz,35.4375
1783674439,mem_mib,pod=workload-cloud-6f545f89ff-4m7cz,35.4375
1783674449,mem_mib,pod=workload-cloud-6f545f89ff-4m7cz,36.078125
1783674459,mem_mib,pod=workload-cloud-6f545f89ff-4m7cz,37.1796875
1783674469,mem_mib,pod=workload-cloud-6f545f89ff-4m7cz,38.0234375
1783674479,mem_mib,pod=workload-cloud-6f545f89ff-4m7cz,38.0234375
1783674489,mem_mib,pod=workload-cloud-6f545f89ff-4m7cz,38.72265625
1783674499,mem_mib,pod=workload-cloud-6f545f89ff-4m7cz,38.04296875
1783674509,mem_mib,pod=workload-cloud-6f545f89ff-4m7cz,38.06640625
1783674519,mem_mib,pod=workload-cloud-6f545f89ff-4m7cz,38.09765625
1783674529,mem_mib,pod=workload-cloud-6f545f89ff-4m7cz,38.09765625
1783674539,mem_mib,pod=workload-cloud-6f545f89ff-4m7cz,38.13671875
1783674549,mem_mib,pod=workload-cloud-6f545f89ff-4m7cz,38.13671875
1783674559,mem_mib,pod=workload-cloud-6f545f89ff-4m7cz,38.16796875
1783674569,mem_mib,pod=workload-cloud-6f545f89ff-4m7cz,38.5234375
1783674579,mem_mib,pod=workload-cloud-6f545f89ff-4m7cz,38.5234375
1783674589,mem_mib,pod=workload-cloud-6f545f89ff-4m7cz,38.2421875
1783674599,mem_mib,pod=workload-cloud-6f545f89ff-4m7cz,38.2421875
1783674609,mem_mib,pod=workload-cloud-6f545f89ff-4m7cz,37.75
1783674619,mem_mib,pod=workload-cloud-6f545f89ff-4m7cz,37.75
1783674629,mem_mib,pod=workload-cloud-6f545f89ff-4m7cz,37.5625
1783674639,mem_mib,pod=workload-cloud-6f545f89ff-4m7cz,37.31640625
1783674649,mem_mib,pod=workload-cloud-6f545f89ff-4m7cz,37.56640625
1783674659,mem_mib,pod=workload-cloud-6f545f89ff-4m7cz,37.33203125
1783674669,mem_mib,pod=workload-cloud-6f545f89ff-4m7cz,37.33203125
1783674679,mem_mib,pod=workload-cloud-6f545f89ff-4m7cz,37.328125
1783674689,mem_mib,pod=workload-cloud-6f545f89ff-4m7cz,37.3359375
1783674699,mem_mib,pod=workload-cloud-6f545f89ff-4m7cz,37.3359375
1783674709,mem_mib,pod=workload-cloud-6f545f89ff-4m7cz,37.3359375
1783674719,mem_mib,pod=workload-cloud-6f545f89ff-4m7cz,37.57421875
1783674729,mem_mib,pod=workload-cloud-6f545f89ff-4m7cz,37.33203125
1783674739,mem_mib,pod=workload-cloud-6f545f89ff-4m7cz,37.33203125
1783674749,mem_mib,pod=workload-cloud-6f545f89ff-4m7cz,37.5859375
1783674759,mem_mib,pod=workload-cloud-6f545f89ff-4m7cz,37.5859375
1783674769,mem_mib,pod=workload-cloud-6f545f89ff-4m7cz,37.33203125
1783674779,mem_mib,pod=workload-cloud-6f545f89ff-4m7cz,37.578125
1783674789,mem_mib,pod=workload-cloud-6f545f89ff-4m7cz,37.86328125
1783674799,mem_mib,pod=workload-cloud-6f545f89ff-4m7cz,37.86328125
1783674809,mem_mib,pod=workload-cloud-6f545f89ff-4m7cz,37.3671875
1783674819,mem_mib,pod=workload-cloud-6f545f89ff-4m7cz,37.3671875
1783674829,mem_mib,pod=workload-cloud-6f545f89ff-4m7cz,37.27734375
1783674839,mem_mib,pod=workload-cloud-6f545f89ff-4m7cz,37.28515625
1783674849,mem_mib,pod=workload-cloud-6f545f89ff-4m7cz,37.28515625
1783674859,mem_mib,pod=workload-cloud-6f545f89ff-4m7cz,37.28515625
1783674869,mem_mib,pod=workload-cloud-6f545f89ff-4m7cz,37.28515625
1783674879,mem_mib,pod=workload-cloud-6f545f89ff-4m7cz,37.28515625
1783674889,mem_mib,pod=workload-cloud-6f545f89ff-4m7cz,37.28515625
1783674449,mem_mib,pod=workload-cloud-6f545f89ff-9v7bb,2.9609375
1783674459,mem_mib,pod=workload-cloud-6f545f89ff-9v7bb,35.74609375
1783674469,mem_mib,pod=workload-cloud-6f545f89ff-9v7bb,37.3515625
1783674479,mem_mib,pod=workload-cloud-6f545f89ff-9v7bb,36.546875
1783674489,mem_mib,pod=workload-cloud-6f545f89ff-9v7bb,36.546875
1783674499,mem_mib,pod=workload-cloud-6f545f89ff-9v7bb,36.4140625
1783674509,mem_mib,pod=workload-cloud-6f545f89ff-9v7bb,36.4140625
1783674519,mem_mib,pod=workload-cloud-6f545f89ff-9v7bb,36.7578125
1783674529,mem_mib,pod=workload-cloud-6f545f89ff-9v7bb,36.5390625
1783674539,mem_mib,pod=workload-cloud-6f545f89ff-9v7bb,36.5390625
1783674549,mem_mib,pod=workload-cloud-6f545f89ff-9v7bb,36.5234375
1783674559,mem_mib,pod=workload-cloud-6f545f89ff-9v7bb,36.56640625
1783674569,mem_mib,pod=workload-cloud-6f545f89ff-9v7bb,36.56640625
1783674579,mem_mib,pod=workload-cloud-6f545f89ff-9v7bb,36.5859375
1783674589,mem_mib,pod=workload-cloud-6f545f89ff-9v7bb,37.05859375
1783674599,mem_mib,pod=workload-cloud-6f545f89ff-9v7bb,37.05859375
1783674609,mem_mib,pod=workload-cloud-6f545f89ff-9v7bb,36.3671875
1783674619,mem_mib,pod=workload-cloud-6f545f89ff-9v7bb,36.3671875
1783674629,mem_mib,pod=workload-cloud-6f545f89ff-9v7bb,36.27734375
1783674639,mem_mib,pod=workload-cloud-6f545f89ff-9v7bb,36.54296875
1783674649,mem_mib,pod=workload-cloud-6f545f89ff-9v7bb,36.28515625
1783674659,mem_mib,pod=workload-cloud-6f545f89ff-9v7bb,36.28515625
1783674669,mem_mib,pod=workload-cloud-6f545f89ff-9v7bb,36.28515625
1783674679,mem_mib,pod=workload-cloud-6f545f89ff-9v7bb,36.28515625
1783674689,mem_mib,pod=workload-cloud-6f545f89ff-9v7bb,36.28515625
1783674699,mem_mib,pod=workload-cloud-6f545f89ff-9v7bb,36.28515625
1783674709,mem_mib,pod=workload-cloud-6f545f89ff-9v7bb,36.28515625
1783674719,mem_mib,pod=workload-cloud-6f545f89ff-9v7bb,36.28515625
1783674729,mem_mib,pod=workload-cloud-6f545f89ff-9v7bb,36.28515625
1783674739,mem_mib,pod=workload-cloud-6f545f89ff-9v7bb,36.28515625
1783674749,mem_mib,pod=workload-cloud-6f545f89ff-9v7bb,36.28515625
1783674759,mem_mib,pod=workload-cloud-6f545f89ff-9v7bb,36.28515625
1783674769,mem_mib,pod=workload-cloud-6f545f89ff-9v7bb,36.2890625
1783674779,mem_mib,pod=workload-cloud-6f545f89ff-9v7bb,36.2890625
1783674789,mem_mib,pod=workload-cloud-6f545f89ff-9v7bb,36.28515625
1783674799,mem_mib,pod=workload-cloud-6f545f89ff-9v7bb,36.28515625
1783674809,mem_mib,pod=workload-cloud-6f545f89ff-9v7bb,36.28515625
1783674819,mem_mib,pod=workload-cloud-6f545f89ff-9v7bb,36.28515625
1783674829,mem_mib,pod=workload-cloud-6f545f89ff-9v7bb,36.28515625
1783674839,mem_mib,pod=workload-cloud-6f545f89ff-9v7bb,36.28515625
1783674849,mem_mib,pod=workload-cloud-6f545f89ff-9v7bb,36.28515625
1783674859,mem_mib,pod=workload-cloud-6f545f89ff-9v7bb,36.28515625
1783674869,mem_mib,pod=workload-cloud-6f545f89ff-9v7bb,36.28515625
1783674879,mem_mib,pod=workload-cloud-6f545f89ff-9v7bb,36.28515625
1783674889,mem_mib,pod=workload-cloud-6f545f89ff-9v7bb,36.2890625
1783674419,mem_mib,pod=workload-cloud-6f545f89ff-jjd8v,3.06640625
1783674429,mem_mib,pod=workload-cloud-6f545f89ff-jjd8v,35.1328125
1783674439,mem_mib,pod=workload-cloud-6f545f89ff-jjd8v,35.1328125
1783674449,mem_mib,pod=workload-cloud-6f545f89ff-jjd8v,36.484375
1783674459,mem_mib,pod=workload-cloud-6f545f89ff-jjd8v,36.84765625
1783674469,mem_mib,pod=workload-cloud-6f545f89ff-jjd8v,38.10546875
1783674479,mem_mib,pod=workload-cloud-6f545f89ff-jjd8v,38.10546875
1783674489,mem_mib,pod=workload-cloud-6f545f89ff-jjd8v,37.23046875
1783674499,mem_mib,pod=workload-cloud-6f545f89ff-jjd8v,37.48828125
1783674509,mem_mib,pod=workload-cloud-6f545f89ff-jjd8v,37.515625
1783674519,mem_mib,pod=workload-cloud-6f545f89ff-jjd8v,37.5390625
1783674529,mem_mib,pod=workload-cloud-6f545f89ff-jjd8v,37.5390625
1783674539,mem_mib,pod=workload-cloud-6f545f89ff-jjd8v,37.31640625
1783674549,mem_mib,pod=workload-cloud-6f545f89ff-jjd8v,37.31640625
1783674559,mem_mib,pod=workload-cloud-6f545f89ff-jjd8v,37.36328125
1783674569,mem_mib,pod=workload-cloud-6f545f89ff-jjd8v,37.37109375
1783674579,mem_mib,pod=workload-cloud-6f545f89ff-jjd8v,37.37109375
1783674589,mem_mib,pod=workload-cloud-6f545f89ff-jjd8v,37.37109375
1783674599,mem_mib,pod=workload-cloud-6f545f89ff-jjd8v,37.3828125
1783674609,mem_mib,pod=workload-cloud-6f545f89ff-jjd8v,37.3828125
1783674619,mem_mib,pod=workload-cloud-6f545f89ff-jjd8v,36.9765625
1783674629,mem_mib,pod=workload-cloud-6f545f89ff-jjd8v,36.78125
1783674639,mem_mib,pod=workload-cloud-6f545f89ff-jjd8v,36.78125
1783674649,mem_mib,pod=workload-cloud-6f545f89ff-jjd8v,36.79296875
1783674659,mem_mib,pod=workload-cloud-6f545f89ff-jjd8v,36.79296875
1783674669,mem_mib,pod=workload-cloud-6f545f89ff-jjd8v,36.8203125
1783674679,mem_mib,pod=workload-cloud-6f545f89ff-jjd8v,36.79296875
1783674689,mem_mib,pod=workload-cloud-6f545f89ff-jjd8v,36.79296875
1783674699,mem_mib,pod=workload-cloud-6f545f89ff-jjd8v,36.80078125
1783674709,mem_mib,pod=workload-cloud-6f545f89ff-jjd8v,36.80078125
1783674719,mem_mib,pod=workload-cloud-6f545f89ff-jjd8v,36.80859375
1783674729,mem_mib,pod=workload-cloud-6f545f89ff-jjd8v,36.8046875
1783674739,mem_mib,pod=workload-cloud-6f545f89ff-jjd8v,36.8046875
1783674749,mem_mib,pod=workload-cloud-6f545f89ff-jjd8v,36.8046875
1783674759,mem_mib,pod=workload-cloud-6f545f89ff-jjd8v,36.8046875
1783674769,mem_mib,pod=workload-cloud-6f545f89ff-jjd8v,36.8046875
1783674779,mem_mib,pod=workload-cloud-6f545f89ff-jjd8v,36.8046875
1783674789,mem_mib,pod=workload-cloud-6f545f89ff-jjd8v,36.8046875
1783674799,mem_mib,pod=workload-cloud-6f545f89ff-jjd8v,36.8046875
1783674809,mem_mib,pod=workload-cloud-6f545f89ff-jjd8v,36.8046875
1783674819,mem_mib,pod=workload-cloud-6f545f89ff-jjd8v,36.8046875
1783674829,mem_mib,pod=workload-cloud-6f545f89ff-jjd8v,36.8046875
1783674839,mem_mib,pod=workload-cloud-6f545f89ff-jjd8v,36.8046875
1783674849,mem_mib,pod=workload-cloud-6f545f89ff-jjd8v,36.8046875
1783674859,mem_mib,pod=workload-cloud-6f545f89ff-jjd8v,36.8046875
1783674869,mem_mib,pod=workload-cloud-6f545f89ff-jjd8v,36.8046875
1783674879,mem_mib,pod=workload-cloud-6f545f89ff-jjd8v,36.8046875
1783674889,mem_mib,pod=workload-cloud-6f545f89ff-jjd8v,36.8046875
1783674329,mem_mib,pod=workload-cloud-6f545f89ff-p445n,3.4453125
1783674339,mem_mib,pod=workload-cloud-6f545f89ff-p445n,35.234375
1783674349,mem_mib,pod=workload-cloud-6f545f89ff-p445n,35.234375
1783674359,mem_mib,pod=workload-cloud-6f545f89ff-p445n,35.62109375
1783674369,mem_mib,pod=workload-cloud-6f545f89ff-p445n,35.90625
1783674379,mem_mib,pod=workload-cloud-6f545f89ff-p445n,35.90625
1783674389,mem_mib,pod=workload-cloud-6f545f89ff-p445n,35.57421875
1783674399,mem_mib,pod=workload-cloud-6f545f89ff-p445n,35.57421875
1783674409,mem_mib,pod=workload-cloud-6f545f89ff-p445n,35.84375
1783674419,mem_mib,pod=workload-cloud-6f545f89ff-p445n,35.67578125
1783674429,mem_mib,pod=workload-cloud-6f545f89ff-p445n,35.67578125
1783674439,mem_mib,pod=workload-cloud-6f545f89ff-p445n,35.92578125
1783674449,mem_mib,pod=workload-cloud-6f545f89ff-p445n,36.35546875
1783674459,mem_mib,pod=workload-cloud-6f545f89ff-p445n,36.35546875
1783674469,mem_mib,pod=workload-cloud-6f545f89ff-p445n,37.92578125
1783674479,mem_mib,pod=workload-cloud-6f545f89ff-p445n,37.29296875
1783674489,mem_mib,pod=workload-cloud-6f545f89ff-p445n,37.29296875
1783674499,mem_mib,pod=workload-cloud-6f545f89ff-p445n,37.26953125
1783674509,mem_mib,pod=workload-cloud-6f545f89ff-p445n,37.26953125
1783674519,mem_mib,pod=workload-cloud-6f545f89ff-p445n,37.8125
1783674529,mem_mib,pod=workload-cloud-6f545f89ff-p445n,37.62890625
1783674539,mem_mib,pod=workload-cloud-6f545f89ff-p445n,37.62890625
1783674549,mem_mib,pod=workload-cloud-6f545f89ff-p445n,37.3828125
1783674559,mem_mib,pod=workload-cloud-6f545f89ff-p445n,37.38671875
1783674569,mem_mib,pod=workload-cloud-6f545f89ff-p445n,37.38671875
1783674579,mem_mib,pod=workload-cloud-6f545f89ff-p445n,37.4140625
1783674589,mem_mib,pod=workload-cloud-6f545f89ff-p445n,37.4140625
1783674599,mem_mib,pod=workload-cloud-6f545f89ff-p445n,37.390625
1783674609,mem_mib,pod=workload-cloud-6f545f89ff-p445n,37.20703125
1783674619,mem_mib,pod=workload-cloud-6f545f89ff-p445n,37.20703125
1783674629,mem_mib,pod=workload-cloud-6f545f89ff-p445n,37.3828125
1783674639,mem_mib,pod=workload-cloud-6f545f89ff-p445n,37.3828125
1783674649,mem_mib,pod=workload-cloud-6f545f89ff-p445n,37.37109375
1783674659,mem_mib,pod=workload-cloud-6f545f89ff-p445n,36.83984375
1783674669,mem_mib,pod=workload-cloud-6f545f89ff-p445n,36.83984375
1783674679,mem_mib,pod=workload-cloud-6f545f89ff-p445n,36.84375
1783674689,mem_mib,pod=workload-cloud-6f545f89ff-p445n,36.87109375
1783674699,mem_mib,pod=workload-cloud-6f545f89ff-p445n,36.87890625
1783674709,mem_mib,pod=workload-cloud-6f545f89ff-p445n,36.87890625
1783674719,mem_mib,pod=workload-cloud-6f545f89ff-p445n,36.8828125
1783674729,mem_mib,pod=workload-cloud-6f545f89ff-p445n,36.8828125
1783674739,mem_mib,pod=workload-cloud-6f545f89ff-p445n,37.140625
1783674749,mem_mib,pod=workload-cloud-6f545f89ff-p445n,37.38671875
1783674759,mem_mib,pod=workload-cloud-6f545f89ff-p445n,37.38671875
1783674769,mem_mib,pod=workload-cloud-6f545f89ff-p445n,37.1328125
1783674779,mem_mib,pod=workload-cloud-6f545f89ff-p445n,37.140625
1783674789,mem_mib,pod=workload-cloud-6f545f89ff-p445n,36.88671875
1783674799,mem_mib,pod=workload-cloud-6f545f89ff-p445n,37.13671875
1783674809,mem_mib,pod=workload-cloud-6f545f89ff-p445n,37.13671875
1783674819,mem_mib,pod=workload-cloud-6f545f89ff-p445n,36.859375
1783674829,mem_mib,pod=workload-cloud-6f545f89ff-p445n,36.80859375
1783674839,mem_mib,pod=workload-cloud-6f545f89ff-p445n,36.80859375
1783674849,mem_mib,pod=workload-cloud-6f545f89ff-p445n,36.80859375
1783674859,mem_mib,pod=workload-cloud-6f545f89ff-p445n,36.80859375
1783674869,mem_mib,pod=workload-cloud-6f545f89ff-p445n,37.05859375
1783674879,mem_mib,pod=workload-cloud-6f545f89ff-p445n,36.80859375
1783674889,mem_mib,pod=workload-cloud-6f545f89ff-p445n,36.80859375
1783674249,mem_mib,pod=workload-cloud-6f545f89ff-r28zz,40.4375
1783674259,mem_mib,pod=workload-cloud-6f545f89ff-r28zz,40.4375
1783674269,mem_mib,pod=workload-cloud-6f545f89ff-r28zz,40.4375
1783674279,mem_mib,pod=workload-cloud-6f545f89ff-r28zz,40.72265625
1783674289,mem_mib,pod=workload-cloud-6f545f89ff-r28zz,40.546875
1783674299,mem_mib,pod=workload-cloud-6f545f89ff-r28zz,40.546875
1783674309,mem_mib,pod=workload-cloud-6f545f89ff-r28zz,40.80078125
1783674319,mem_mib,pod=workload-cloud-6f545f89ff-r28zz,41.1796875
1783674329,mem_mib,pod=workload-cloud-6f545f89ff-r28zz,41.94921875
1783674339,mem_mib,pod=workload-cloud-6f545f89ff-r28zz,41.94921875
1783674349,mem_mib,pod=workload-cloud-6f545f89ff-r28zz,41.234375
1783674359,mem_mib,pod=workload-cloud-6f545f89ff-r28zz,41.234375
1783674369,mem_mib,pod=workload-cloud-6f545f89ff-r28zz,41.0234375
1783674379,mem_mib,pod=workload-cloud-6f545f89ff-r28zz,40.76953125
1783674389,mem_mib,pod=workload-cloud-6f545f89ff-r28zz,41.6015625
1783674399,mem_mib,pod=workload-cloud-6f545f89ff-r28zz,41.6015625
1783674409,mem_mib,pod=workload-cloud-6f545f89ff-r28zz,41.40234375
1783674419,mem_mib,pod=workload-cloud-6f545f89ff-r28zz,41.125
1783674429,mem_mib,pod=workload-cloud-6f545f89ff-r28zz,41.171875
1783674439,mem_mib,pod=workload-cloud-6f545f89ff-r28zz,41.171875
1783674449,mem_mib,pod=workload-cloud-6f545f89ff-r28zz,41.44921875
1783674459,mem_mib,pod=workload-cloud-6f545f89ff-r28zz,41.80078125
1783674469,mem_mib,pod=workload-cloud-6f545f89ff-r28zz,41.80078125
1783674479,mem_mib,pod=workload-cloud-6f545f89ff-r28zz,41.98046875
1783674489,mem_mib,pod=workload-cloud-6f545f89ff-r28zz,41.98046875
1783674499,mem_mib,pod=workload-cloud-6f545f89ff-r28zz,41.515625
1783674509,mem_mib,pod=workload-cloud-6f545f89ff-r28zz,41.515625
1783674519,mem_mib,pod=workload-cloud-6f545f89ff-r28zz,41.99609375
1783674529,mem_mib,pod=workload-cloud-6f545f89ff-r28zz,41.50390625
1783674539,mem_mib,pod=workload-cloud-6f545f89ff-r28zz,41.50390625
1783674549,mem_mib,pod=workload-cloud-6f545f89ff-r28zz,42.0078125
1783674559,mem_mib,pod=workload-cloud-6f545f89ff-r28zz,41.50390625
1783674569,mem_mib,pod=workload-cloud-6f545f89ff-r28zz,41.50390625
1783674579,mem_mib,pod=workload-cloud-6f545f89ff-r28zz,42.9921875
1783674589,mem_mib,pod=workload-cloud-6f545f89ff-r28zz,42.9921875
1783674599,mem_mib,pod=workload-cloud-6f545f89ff-r28zz,41.984375
1783674609,mem_mib,pod=workload-cloud-6f545f89ff-r28zz,41.1796875
1783674619,mem_mib,pod=workload-cloud-6f545f89ff-r28zz,41.0078125
1783674629,mem_mib,pod=workload-cloud-6f545f89ff-r28zz,41.0078125
1783674639,mem_mib,pod=workload-cloud-6f545f89ff-r28zz,40.91015625
1783674649,mem_mib,pod=workload-cloud-6f545f89ff-r28zz,41.4453125
1783674659,mem_mib,pod=workload-cloud-6f545f89ff-r28zz,42.25
1783674669,mem_mib,pod=workload-cloud-6f545f89ff-r28zz,42.25
1783674679,mem_mib,pod=workload-cloud-6f545f89ff-r28zz,41.2265625
1783674689,mem_mib,pod=workload-cloud-6f545f89ff-r28zz,41.2265625
1783674699,mem_mib,pod=workload-cloud-6f545f89ff-r28zz,40.90625
1783674709,mem_mib,pod=workload-cloud-6f545f89ff-r28zz,41.18359375
1783674719,mem_mib,pod=workload-cloud-6f545f89ff-r28zz,41.19140625
1783674729,mem_mib,pod=workload-cloud-6f545f89ff-r28zz,41.19140625
1783674739,mem_mib,pod=workload-cloud-6f545f89ff-r28zz,41.640625
1783674749,mem_mib,pod=workload-cloud-6f545f89ff-r28zz,41.70703125
1783674759,mem_mib,pod=workload-cloud-6f545f89ff-r28zz,41.70703125
1783674769,mem_mib,pod=workload-cloud-6f545f89ff-r28zz,41.18359375
1783674779,mem_mib,pod=workload-cloud-6f545f89ff-r28zz,42.2109375
1783674789,mem_mib,pod=workload-cloud-6f545f89ff-r28zz,42.2109375
1783674799,mem_mib,pod=workload-cloud-6f545f89ff-r28zz,41.4453125
1783674809,mem_mib,pod=workload-cloud-6f545f89ff-r28zz,41.4453125
1783674819,mem_mib,pod=workload-cloud-6f545f89ff-r28zz,41.1015625
1783674829,mem_mib,pod=workload-cloud-6f545f89ff-r28zz,40.71484375
1783674839,mem_mib,pod=workload-cloud-6f545f89ff-r28zz,40.71484375
1783674849,mem_mib,pod=workload-cloud-6f545f89ff-r28zz,40.453125
1783674859,mem_mib,pod=workload-cloud-6f545f89ff-r28zz,40.45703125
1783674869,mem_mib,pod=workload-cloud-6f545f89ff-r28zz,40.45703125
1783674879,mem_mib,pod=workload-cloud-6f545f89ff-r28zz,40.45703125
1783674889,mem_mib,pod=workload-cloud-6f545f89ff-r28zz,40.45703125
1783674249,mem_mib,pod=workload-edge-7b875fd8c6-pxwvc,39.26171875
1783674259,mem_mib,pod=workload-edge-7b875fd8c6-pxwvc,39.26171875
1783674269,mem_mib,pod=workload-edge-7b875fd8c6-pxwvc,39.26171875
1783674279,mem_mib,pod=workload-edge-7b875fd8c6-pxwvc,39.26171875
1783674289,mem_mib,pod=workload-edge-7b875fd8c6-pxwvc,39.26171875
1783674299,mem_mib,pod=workload-edge-7b875fd8c6-pxwvc,39.26171875
1783674309,mem_mib,pod=workload-edge-7b875fd8c6-pxwvc,39.26171875
1783674319,mem_mib,pod=workload-edge-7b875fd8c6-pxwvc,39.26171875
1783674329,mem_mib,pod=workload-edge-7b875fd8c6-pxwvc,39.26171875
1783674339,mem_mib,pod=workload-edge-7b875fd8c6-pxwvc,39.26171875
1783674349,mem_mib,pod=workload-edge-7b875fd8c6-pxwvc,39.26171875
1783674359,mem_mib,pod=workload-edge-7b875fd8c6-pxwvc,39.26171875
1783674369,mem_mib,pod=workload-edge-7b875fd8c6-pxwvc,39.26171875
1783674379,mem_mib,pod=workload-edge-7b875fd8c6-pxwvc,39.26171875
1783674389,mem_mib,pod=workload-edge-7b875fd8c6-pxwvc,39.26171875
1783674399,mem_mib,pod=workload-edge-7b875fd8c6-pxwvc,39.26171875
1783674409,mem_mib,pod=workload-edge-7b875fd8c6-pxwvc,39.26171875
1783674419,mem_mib,pod=workload-edge-7b875fd8c6-pxwvc,39.26171875
1783674429,mem_mib,pod=workload-edge-7b875fd8c6-pxwvc,39.26171875
1783674439,mem_mib,pod=workload-edge-7b875fd8c6-pxwvc,39.26171875
1783674449,mem_mib,pod=workload-edge-7b875fd8c6-pxwvc,39.26171875
1783674459,mem_mib,pod=workload-edge-7b875fd8c6-pxwvc,39.26171875
1783674469,mem_mib,pod=workload-edge-7b875fd8c6-pxwvc,39.26171875
1783674479,mem_mib,pod=workload-edge-7b875fd8c6-pxwvc,39.26171875
1783674489,mem_mib,pod=workload-edge-7b875fd8c6-pxwvc,39.26171875
1783674499,mem_mib,pod=workload-edge-7b875fd8c6-pxwvc,39.26171875
1783674509,mem_mib,pod=workload-edge-7b875fd8c6-pxwvc,39.26171875
1783674519,mem_mib,pod=workload-edge-7b875fd8c6-pxwvc,39.265625
1783674529,mem_mib,pod=workload-edge-7b875fd8c6-pxwvc,39.265625
1783674539,mem_mib,pod=workload-edge-7b875fd8c6-pxwvc,39.26171875
1783674549,mem_mib,pod=workload-edge-7b875fd8c6-pxwvc,39.26171875
1783674559,mem_mib,pod=workload-edge-7b875fd8c6-pxwvc,39.26171875
1783674569,mem_mib,pod=workload-edge-7b875fd8c6-pxwvc,39.26171875
1783674579,mem_mib,pod=workload-edge-7b875fd8c6-pxwvc,39.26171875
1783674589,mem_mib,pod=workload-edge-7b875fd8c6-pxwvc,39.26171875
1783674599,mem_mib,pod=workload-edge-7b875fd8c6-pxwvc,39.26171875
1783674609,mem_mib,pod=workload-edge-7b875fd8c6-pxwvc,39.26171875
1783674619,mem_mib,pod=workload-edge-7b875fd8c6-pxwvc,39.26171875
1783674629,mem_mib,pod=workload-edge-7b875fd8c6-pxwvc,39.26171875
1783674639,mem_mib,pod=workload-edge-7b875fd8c6-pxwvc,39.26171875
1783674649,mem_mib,pod=workload-edge-7b875fd8c6-pxwvc,39.26171875
1783674659,mem_mib,pod=workload-edge-7b875fd8c6-pxwvc,39.26171875
1783674669,mem_mib,pod=workload-edge-7b875fd8c6-pxwvc,39.26171875
1783674679,mem_mib,pod=workload-edge-7b875fd8c6-pxwvc,39.26171875
1783674689,mem_mib,pod=workload-edge-7b875fd8c6-pxwvc,39.26171875
1783674699,mem_mib,pod=workload-edge-7b875fd8c6-pxwvc,39.26171875
1783674709,mem_mib,pod=workload-edge-7b875fd8c6-pxwvc,39.26171875
1783674719,mem_mib,pod=workload-edge-7b875fd8c6-pxwvc,39.26171875
1783674729,mem_mib,pod=workload-edge-7b875fd8c6-pxwvc,39.26171875
1783674739,mem_mib,pod=workload-edge-7b875fd8c6-pxwvc,39.26171875
1783674749,mem_mib,pod=workload-edge-7b875fd8c6-pxwvc,39.26171875
1783674759,mem_mib,pod=workload-edge-7b875fd8c6-pxwvc,39.51171875
1783674769,mem_mib,pod=workload-edge-7b875fd8c6-pxwvc,39.26171875
1783674779,mem_mib,pod=workload-edge-7b875fd8c6-pxwvc,39.26171875
1783674789,mem_mib,pod=workload-edge-7b875fd8c6-pxwvc,39.26171875
1783674799,mem_mib,pod=workload-edge-7b875fd8c6-pxwvc,39.26171875
1783674809,mem_mib,pod=workload-edge-7b875fd8c6-pxwvc,39.26171875
1783674819,mem_mib,pod=workload-edge-7b875fd8c6-pxwvc,39.26171875
1783674829,mem_mib,pod=workload-edge-7b875fd8c6-pxwvc,39.26171875
1783674839,mem_mib,pod=workload-edge-7b875fd8c6-pxwvc,39.26171875
1783674849,mem_mib,pod=workload-edge-7b875fd8c6-pxwvc,39.26171875
1783674859,mem_mib,pod=workload-edge-7b875fd8c6-pxwvc,39.26171875
1783674869,mem_mib,pod=workload-edge-7b875fd8c6-pxwvc,39.265625
1783674879,mem_mib,pod=workload-edge-7b875fd8c6-pxwvc,39.26171875
1783674889,mem_mib,pod=workload-edge-7b875fd8c6-pxwvc,39.26171875
1783674249,rps,tier=cloud,0.0
1783674259,rps,tier=cloud,2.0002000200020005
1783674269,rps,tier=cloud,8.00073126762232
1783674279,rps,tier=cloud,18.040721628865153
1783674289,rps,tier=cloud,31.80254420353628
1783674299,rps,tier=cloud,49.605484211260666
1783674309,rps,tier=cloud,69.30277211088443
1783674319,rps,tier=cloud,88.60886088608862
1783674329,rps,tier=cloud,106.0906090609061
1783674339,rps,tier=cloud,123.86822551431288
1783674349,rps,tier=cloud,144.0480786327824
1783674359,rps,tier=cloud,161.77277315536406
1783674369,rps,tier=cloud,178.83182249859337
1783674379,rps,tier=cloud,197.4106315278372
1783674389,rps,tier=cloud,214.7825492533052
1783674399,rps,tier=cloud,232.52407192672197
1783674409,rps,tier=cloud,249.77953755377624
1783674419,rps,tier=cloud,270.0175725613306
1783674429,rps,tier=cloud,288.37577768187856
1783674439,rps,tier=cloud,317.12073289910336
1783674449,rps,tier=cloud,433.61179504010005
1783674459,rps,tier=cloud,594.0102992135659
1783674469,rps,tier=cloud,832.0744559648681
1783674479,rps,tier=cloud,1063.640738621237
1783674489,rps,tier=cloud,1290.2558364101521
1783674499,rps,tier=cloud,1464.1268792696226
1783674509,rps,tier=cloud,1534.1114248335787
1783674519,rps,tier=cloud,1545.814285344378
1783674529,rps,tier=cloud,1539.563978044451
1783674539,rps,tier=cloud,1535.055915031149
1783674549,rps,tier=cloud,1534.4100493226422
1783674559,rps,tier=cloud,1535.389584835033
1783674569,rps,tier=cloud,1538.2797509726206
1783674579,rps,tier=cloud,1542.9525670066414
1783674589,rps,tier=cloud,1533.5636438663778
1783674599,rps,tier=cloud,1463.0533218882276
1783674609,rps,tier=cloud,1310.2950771546602
1783674619,rps,tier=cloud,1084.9463188465265
1783674629,rps,tier=cloud,847.468435784948
1783674639,rps,tier=cloud,622.064403273982
1783674649,rps,tier=cloud,454.76589998236557
1783674659,rps,tier=cloud,370.6428462949563
1783674669,rps,tier=cloud,357.80069336361885
1783674679,rps,tier=cloud,358.98834915166776
1783674689,rps,tier=cloud,359.51406125491343
1783674699,rps,tier=cloud,359.29456065432106
1783674709,rps,tier=cloud,358.97251269713166
1783674719,rps,tier=cloud,358.89234177047877
1783674729,rps,tier=cloud,358.18034880801434
1783674739,rps,tier=cloud,357.9693940951047
1783674749,rps,tier=cloud,358.14952830866173
1783674759,rps,tier=cloud,358.49697526743995
1783674769,rps,tier=cloud,358.53264387551116
1783674779,rps,tier=cloud,357.009473269439
1783674789,rps,tier=cloud,355.1609631456354
1783674799,rps,tier=cloud,349.7539906711559
1783674809,rps,tier=cloud,327.21105818377725
1783674819,rps,tier=cloud,283.970889700211
1783674829,rps,tier=cloud,217.95796244360062
1783674839,rps,tier=cloud,146.4127707564734
1783674849,rps,tier=cloud,80.5236321767775
1783674859,rps,tier=cloud,32.00244619115911
1783674869,rps,tier=cloud,4.340369631810769
1783674879,rps,tier=cloud,0.0
1783674889,rps,tier=cloud,0.0
1783674249,rps,tier=edge,0.0
1783674259,rps,tier=edge,0.0
1783674269,rps,tier=edge,0.0
1783674279,rps,tier=edge,0.0
1783674289,rps,tier=edge,0.0
1783674299,rps,tier=edge,0.0
1783674309,rps,tier=edge,0.0
1783674319,rps,tier=edge,0.0
1783674329,rps,tier=edge,0.0
1783674339,rps,tier=edge,0.0
1783674349,rps,tier=edge,0.0
1783674359,rps,tier=edge,0.0
1783674369,rps,tier=edge,0.0
1783674379,rps,tier=edge,0.0
1783674389,rps,tier=edge,0.0
1783674399,rps,tier=edge,0.0
1783674409,rps,tier=edge,0.0
1783674419,rps,tier=edge,0.0
1783674429,rps,tier=edge,0.0
1783674439,rps,tier=edge,0.0
1783674449,rps,tier=edge,0.0
1783674459,rps,tier=edge,0.0
1783674469,rps,tier=edge,0.0
1783674479,rps,tier=edge,0.0
1783674489,rps,tier=edge,0.0
1783674499,rps,tier=edge,0.0
1783674509,rps,tier=edge,0.0
1783674519,rps,tier=edge,0.0
1783674529,rps,tier=edge,0.0
1783674539,rps,tier=edge,0.0
1783674549,rps,tier=edge,0.0
1783674559,rps,tier=edge,0.0
1783674569,rps,tier=edge,0.0
1783674579,rps,tier=edge,0.0
1783674589,rps,tier=edge,0.0
1783674599,rps,tier=edge,0.0
1783674609,rps,tier=edge,0.0
1783674619,rps,tier=edge,0.0
1783674629,rps,tier=edge,0.0
1783674639,rps,tier=edge,0.0
1783674649,rps,tier=edge,0.0
1783674659,rps,tier=edge,0.0
1783674669,rps,tier=edge,0.0
1783674679,rps,tier=edge,0.0
1783674689,rps,tier=edge,0.0
1783674699,rps,tier=edge,0.0
1783674709,rps,tier=edge,0.0
1783674719,rps,tier=edge,0.0
1783674729,rps,tier=edge,0.0
1783674739,rps,tier=edge,0.0
1783674749,rps,tier=edge,0.0
1783674759,rps,tier=edge,0.0
1783674769,rps,tier=edge,0.0
1783674779,rps,tier=edge,0.0
1783674789,rps,tier=edge,0.0
1783674799,rps,tier=edge,0.0
1783674809,rps,tier=edge,0.0
1783674819,rps,tier=edge,0.0
1783674829,rps,tier=edge,0.0
1783674839,rps,tier=edge,0.0
1783674849,rps,tier=edge,0.0
1783674859,rps,tier=edge,0.0
1783674869,rps,tier=edge,0.0
1783674879,rps,tier=edge,0.0
1783674889,rps,tier=edge,0.0
1783674249,lat50_ms,tier=cloud,4.157370517928286
1783674259,lat50_ms,tier=cloud,3.4848485349405265
1783674269,lat50_ms,tier=cloud,3.4693877551020407
1783674279,lat50_ms,tier=cloud,3.445388349514563
1783674289,lat50_ms,tier=cloud,3.7419356963790666
1783674299,lat50_ms,tier=cloud,3.8225039882054483
1783674309,lat50_ms,tier=cloud,3.9480442512840783
1783674319,lat50_ms,tier=cloud,4.204553063274188
1783674329,lat50_ms,tier=cloud,4.671860513433956
1783674339,lat50_ms,tier=cloud,4.8461420904191606
1783674349,lat50_ms,tier=cloud,4.932659062661287
1783674359,lat50_ms,tier=cloud,5.226606083292201
1783674369,lat50_ms,tier=cloud,5.57588237574789
1783674379,lat50_ms,tier=cloud,6.005689935963744
1783674389,lat50_ms,tier=cloud,6.616604526135893
1783674399,lat50_ms,tier=cloud,6.880843519649829
1783674409,lat50_ms,tier=cloud,7.415783253124773
1783674419,lat50_ms,tier=cloud,7.522310060725746
1783674429,lat50_ms,tier=cloud,7.578157182663549
1783674439,lat50_ms,tier=cloud,7.006138347358531
1783674449,lat50_ms,tier=cloud,6.788444188406013
1783674459,lat50_ms,tier=cloud,8.987359258097408
1783674469,lat50_ms,tier=cloud,11.373452821490924
1783674479,lat50_ms,tier=cloud,13.6743308479131
1783674489,lat50_ms,tier=cloud,14.970889022490969
1783674499,lat50_ms,tier=cloud,16.206096705263885
1783674509,lat50_ms,tier=cloud,17.54765757188516
1783674519,lat50_ms,tier=cloud,18.667029617235784
1783674529,lat50_ms,tier=cloud,19.85525935420017
1783674539,lat50_ms,tier=cloud,20.90703560776309
1783674549,lat50_ms,tier=cloud,21.848716333091556
1783674559,lat50_ms,tier=cloud,23.005675779994668
1783674569,lat50_ms,tier=cloud,23.473517662270005
1783674579,lat50_ms,tier=cloud,23.73624850793001
1783674589,lat50_ms,tier=cloud,23.963414042780357
1783674599,lat50_ms,tier=cloud,23.969704056516118
1783674609,lat50_ms,tier=cloud,23.235781059036267
1783674619,lat50_ms,tier=cloud,22.43882376445479
1783674629,lat50_ms,tier=cloud,21.50512097841735
1783674639,lat50_ms,tier=cloud,19.99162470627098
1783674649,lat50_ms,tier=cloud,18.81078196674605
1783674659,lat50_ms,tier=cloud,17.399107285642373
1783674669,lat50_ms,tier=cloud,16.021813259744814
1783674679,lat50_ms,tier=cloud,14.106281027040039
1783674689,lat50_ms,tier=cloud,10.992082905632836
1783674699,lat50_ms,tier=cloud,8.286905230151993
1783674709,lat50_ms,tier=cloud,6.342495107048871
1783674719,lat50_ms,tier=cloud,5.608437657184383
1783674729,lat50_ms,tier=cloud,5.371276901960623
1783674739,lat50_ms,tier=cloud,5.326536263399612
1783674749,lat50_ms,tier=cloud,5.446650607414504
1783674759,lat50_ms,tier=cloud,5.525463687685472
1783674769,lat50_ms,tier=cloud,5.6732784193754915
1783674779,lat50_ms,tier=cloud,5.705054099413344
1783674789,lat50_ms,tier=cloud,5.882448066428795
1783674799,lat50_ms,tier=cloud,6.252847403075465
1783674809,lat50_ms,tier=cloud,6.483643143727248
1783674819,lat50_ms,tier=cloud,6.307423679595395
1783674829,lat50_ms,tier=cloud,6.190682096863573
1783674839,lat50_ms,tier=cloud,6.255060697653694
1783674849,lat50_ms,tier=cloud,6.5429762720749824
1783674859,lat50_ms,tier=cloud,6.755265546165458
1783674869,lat50_ms,tier=cloud,6.816525981192081
1783674879,lat50_ms,tier=cloud,6.648961823492652
1783674889,lat50_ms,tier=cloud,6.629910211861355
1783674249,lat95_ms,tier=cloud,9.31086956521739
1783674259,lat95_ms,tier=cloud,4.848484853494052
1783674269,lat95_ms,tier=cloud,4.846938775510204
1783674279,lat95_ms,tier=cloud,4.919902912621359
1783674289,lat95_ms,tier=cloud,8.661049720455281
1783674299,lat95_ms,tier=cloud,8.861283672858123
1783674309,lat95_ms,tier=cloud,9.105097365406646
1783674319,lat95_ms,tier=cloud,11.250000000000007
1783674329,lat95_ms,tier=cloud,17.40996499690282
1783674339,lat95_ms,tier=cloud,17.55354674226877
1783674349,lat95_ms,tier=cloud,17.84572931515646
1783674359,lat95_ms,tier=cloud,18.148463698231616
1783674369,lat95_ms,tier=cloud,18.24934151913517
1783674379,lat95_ms,tier=cloud,18.523929528381526
1783674389,lat95_ms,tier=cloud,18.95774320780913
1783674399,lat95_ms,tier=cloud,19.32547951237718
1783674409,lat95_ms,tier=cloud,19.724665831421984
1783674419,lat95_ms,tier=cloud,19.846134509813155
1783674429,lat95_ms,tier=cloud,22.916205306259286
1783674439,lat95_ms,tier=cloud,29.330942393523177
1783674449,lat95_ms,tier=cloud,36.696920008467245
1783674459,lat95_ms,tier=cloud,42.6730300985817
1783674469,lat95_ms,tier=cloud,45.31966785940694
1783674479,lat95_ms,tier=cloud,46.76824556787619
1783674489,lat95_ms,tier=cloud,47.47887807749859
1783674499,lat95_ms,tier=cloud,47.94367157110202
1783674509,lat95_ms,tier=cloud,48.22585245509542
1783674519,lat95_ms,tier=cloud,48.51487558567304
1783674529,lat95_ms,tier=cloud,48.673092051093285
1783674539,lat95_ms,tier=cloud,48.80085873823727
1783674549,lat95_ms,tier=cloud,48.925040224275826
1783674559,lat95_ms,tier=cloud,49.104276891054596
1783674569,lat95_ms,tier=cloud,49.22745027605436
1783674579,lat95_ms,tier=cloud,49.261837246667675
1783674589,lat95_ms,tier=cloud,49.1730593436984
1783674599,lat95_ms,tier=cloud,49.02359089369771
1783674609,lat95_ms,tier=cloud,48.882270394124255
1783674619,lat95_ms,tier=cloud,48.78764625398181
1783674629,lat95_ms,tier=cloud,48.60829604442561
1783674639,lat95_ms,tier=cloud,48.434811403287895
1783674649,lat95_ms,tier=cloud,48.21592817715287
1783674659,lat95_ms,tier=cloud,47.86656565523434
1783674669,lat95_ms,tier=cloud,47.3481452148666
1783674679,lat95_ms,tier=cloud,46.65807285106602
1783674689,lat95_ms,tier=cloud,45.34659651404464
1783674699,lat95_ms,tier=cloud,42.44008662048336
1783674709,lat95_ms,tier=cloud,37.46915043163521
1783674719,lat95_ms,tier=cloud,35.080525173718705
1783674729,lat95_ms,tier=cloud,34.11088557181436
1783674739,lat95_ms,tier=cloud,32.402937770471766
1783674749,lat95_ms,tier=cloud,33.95100092703993
1783674759,lat95_ms,tier=cloud,34.40129308410059
1783674769,lat95_ms,tier=cloud,34.13671174875493
1783674779,lat95_ms,tier=cloud,34.80090700201113
1783674789,lat95_ms,tier=cloud,34.510035606975705
1783674799,lat95_ms,tier=cloud,35.85424095937068
1783674809,lat95_ms,tier=cloud,35.37209175452435
1783674819,lat95_ms,tier=cloud,34.288054673219875
1783674829,lat95_ms,tier=cloud,33.06759174038576
1783674839,lat95_ms,tier=cloud,33.46032546483315
1783674849,lat95_ms,tier=cloud,35.373819413994774
1783674859,lat95_ms,tier=cloud,35.17090252276964
1783674869,lat95_ms,tier=cloud,35.125063931862044
1783674879,lat95_ms,tier=cloud,34.46652780647179
1783674889,lat95_ms,tier=cloud,29.204168869565553
1783674249,lat99_ms,tier=cloud,9.966521739130435
1783674259,lat99_ms,tier=cloud,4.96969697069881
1783674269,lat99_ms,tier=cloud,4.969387755102041
1783674279,lat99_ms,tier=cloud,8.043478260869554
1783674289,lat99_ms,tier=cloud,9.85206045222665
1783674299,lat99_ms,tier=cloud,9.888198727547191
1783674309,lat99_ms,tier=cloud,9.921821305841926
1783674319,lat99_ms,tier=cloud,18.249999999999996
1783674329,lat99_ms,tier=cloud,19.579895082499604
1783674339,lat99_ms,tier=cloud,19.58367352323673
1783674349,lat99_ms,tier=cloud,19.666569750619114
1783674359,lat99_ms,tier=cloud,19.780215387729946
1783674369,lat99_ms,tier=cloud,19.816155363414325
1783674379,lat99_ms,tier=cloud,19.88383124077796
1783674389,lat99_ms,tier=cloud,31.618298726779056
1783674399,lat99_ms,tier=cloud,39.049707237997985
1783674409,lat99_ms,tier=cloud,42.55262123446968
1783674419,lat99_ms,tier=cloud,43.260500301442875
1783674429,lat99_ms,tier=cloud,44.58324106125186
1783674439,lat99_ms,tier=cloud,45.86618847870462
1783674449,lat99_ms,tier=cloud,47.6218784073691
1783674459,lat99_ms,tier=cloud,48.8332315826755
1783674469,lat99_ms,tier=cloud,49.58321527184226
1783674479,lat99_ms,tier=cloud,57.800202592180106
1783674489,lat99_ms,tier=cloud,62.73421903498124
1783674499,lat99_ms,tier=cloud,64.55720614388615
1783674509,lat99_ms,tier=cloud,65.34769509006439
1783674519,lat99_ms,tier=cloud,66.74245755361568
1783674529,lat99_ms,tier=cloud,67.13465704387498
1783674539,lat99_ms,tier=cloud,67.52325949447916
1783674549,lat99_ms,tier=cloud,67.8438213080871
1783674559,lat99_ms,tier=cloud,68.51138204779141
1783674569,lat99_ms,tier=cloud,68.85436704612825
1783674579,lat99_ms,tier=cloud,68.9349470998394
1783674589,lat99_ms,tier=cloud,68.45707016600804
1783674599,lat99_ms,tier=cloud,67.87830426818442
1783674609,lat99_ms,tier=cloud,67.40533384461875
1783674619,lat99_ms,tier=cloud,67.15779641703776
1783674629,lat99_ms,tier=cloud,66.12215994954113
1783674639,lat99_ms,tier=cloud,65.47813306505967
1783674649,lat99_ms,tier=cloud,64.49943805571465
1783674659,lat99_ms,tier=cloud,62.70806734697136
1783674669,lat99_ms,tier=cloud,58.191546613162046
1783674679,lat99_ms,tier=cloud,50.746269050606514
1783674689,lat99_ms,tier=cloud,49.63312293706086
1783674699,lat99_ms,tier=cloud,48.64602045633079
1783674709,lat99_ms,tier=cloud,47.53022128701932
1783674719,lat99_ms,tier=cloud,47.01610503474374
1783674729,lat99_ms,tier=cloud,46.82217711436286
1783674739,lat99_ms,tier=cloud,46.48058755409434
1783674749,lat99_ms,tier=cloud,46.79020018540797
1783674759,lat99_ms,tier=cloud,46.880258616820136
1783674769,lat99_ms,tier=cloud,46.827342349750964
1783674779,lat99_ms,tier=cloud,46.96018140040221
1783674789,lat99_ms,tier=cloud,46.90200712139513
1783674799,lat99_ms,tier=cloud,47.17084819187414
1783674809,lat99_ms,tier=cloud,47.074418350904864
1783674819,lat99_ms,tier=cloud,46.85761093464395
1783674829,lat99_ms,tier=cloud,46.613518348077186
1783674839,lat99_ms,tier=cloud,46.6920650929666
1783674849,lat99_ms,tier=cloud,47.074763882798976
1783674859,lat99_ms,tier=cloud,47.03418050455392
1783674869,lat99_ms,tier=cloud,47.02501278637241
1783674879,lat99_ms,tier=cloud,46.893305561294355
1783674889,lat99_ms,tier=cloud,45.84083377391314
1783674249,inflight,tier=cloud,0.0
1783674259,inflight,tier=cloud,0.0
1783674269,inflight,tier=cloud,0.0
1783674279,inflight,tier=cloud,2.0
1783674289,inflight,tier=cloud,0.0
1783674299,inflight,tier=cloud,0.0
1783674309,inflight,tier=cloud,0.0
1783674319,inflight,tier=cloud,0.0
1783674329,inflight,tier=cloud,0.0
1783674339,inflight,tier=cloud,3.0
1783674349,inflight,tier=cloud,0.0
1783674359,inflight,tier=cloud,1.0
1783674369,inflight,tier=cloud,0.0
1783674379,inflight,tier=cloud,0.0
1783674389,inflight,tier=cloud,0.0
1783674399,inflight,tier=cloud,0.0
1783674409,inflight,tier=cloud,0.0
1783674419,inflight,tier=cloud,0.0
1783674429,inflight,tier=cloud,0.0
1783674439,inflight,tier=cloud,0.0
1783674449,inflight,tier=cloud,0.0
1783674459,inflight,tier=cloud,4.0
1783674469,inflight,tier=cloud,9.0
1783674479,inflight,tier=cloud,11.0
1783674489,inflight,tier=cloud,13.0
1783674499,inflight,tier=cloud,9.0
1783674509,inflight,tier=cloud,15.0
1783674519,inflight,tier=cloud,33.0
1783674529,inflight,tier=cloud,15.0
1783674539,inflight,tier=cloud,21.0
1783674549,inflight,tier=cloud,20.0
1783674559,inflight,tier=cloud,18.0
1783674569,inflight,tier=cloud,8.0
1783674579,inflight,tier=cloud,19.0
1783674589,inflight,tier=cloud,0.0
1783674599,inflight,tier=cloud,0.0
1783674609,inflight,tier=cloud,4.0
1783674619,inflight,tier=cloud,0.0
1783674629,inflight,tier=cloud,0.0
1783674639,inflight,tier=cloud,2.0
1783674649,inflight,tier=cloud,0.0
1783674659,inflight,tier=cloud,0.0
1783674669,inflight,tier=cloud,0.0
1783674679,inflight,tier=cloud,0.0
1783674689,inflight,tier=cloud,0.0
1783674699,inflight,tier=cloud,0.0
1783674709,inflight,tier=cloud,0.0
1783674719,inflight,tier=cloud,1.0
1783674729,inflight,tier=cloud,0.0
1783674739,inflight,tier=cloud,2.0
1783674749,inflight,tier=cloud,0.0
1783674759,inflight,tier=cloud,0.0
1783674769,inflight,tier=cloud,0.0
1783674779,inflight,tier=cloud,0.0
1783674789,inflight,tier=cloud,0.0
1783674799,inflight,tier=cloud,0.0
1783674809,inflight,tier=cloud,0.0
1783674819,inflight,tier=cloud,0.0
1783674829,inflight,tier=cloud,0.0
1783674839,inflight,tier=cloud,0.0
1783674849,inflight,tier=cloud,0.0
1783674859,inflight,tier=cloud,0.0
1783674869,inflight,tier=cloud,0.0
1783674879,inflight,tier=cloud,0.0
1783674889,inflight,tier=cloud,0.0
1783674249,inflight,tier=edge,0.0
1783674259,inflight,tier=edge,0.0
1783674269,inflight,tier=edge,0.0
1783674279,inflight,tier=edge,0.0
1783674289,inflight,tier=edge,0.0
1783674299,inflight,tier=edge,0.0
1783674309,inflight,tier=edge,0.0
1783674319,inflight,tier=edge,0.0
1783674329,inflight,tier=edge,0.0
1783674339,inflight,tier=edge,0.0
1783674349,inflight,tier=edge,0.0
1783674359,inflight,tier=edge,0.0
1783674369,inflight,tier=edge,0.0
1783674379,inflight,tier=edge,0.0
1783674389,inflight,tier=edge,0.0
1783674399,inflight,tier=edge,0.0
1783674409,inflight,tier=edge,0.0
1783674419,inflight,tier=edge,0.0
1783674429,inflight,tier=edge,0.0
1783674439,inflight,tier=edge,0.0
1783674449,inflight,tier=edge,0.0
1783674459,inflight,tier=edge,0.0
1783674469,inflight,tier=edge,0.0
1783674479,inflight,tier=edge,0.0
1783674489,inflight,tier=edge,0.0
1783674499,inflight,tier=edge,0.0
1783674509,inflight,tier=edge,0.0
1783674519,inflight,tier=edge,0.0
1783674529,inflight,tier=edge,0.0
1783674539,inflight,tier=edge,0.0
1783674549,inflight,tier=edge,0.0
1783674559,inflight,tier=edge,0.0
1783674569,inflight,tier=edge,0.0
1783674579,inflight,tier=edge,0.0
1783674589,inflight,tier=edge,0.0
1783674599,inflight,tier=edge,0.0
1783674609,inflight,tier=edge,0.0
1783674619,inflight,tier=edge,0.0
1783674629,inflight,tier=edge,0.0
1783674639,inflight,tier=edge,0.0
1783674649,inflight,tier=edge,0.0
1783674659,inflight,tier=edge,0.0
1783674669,inflight,tier=edge,0.0
1783674679,inflight,tier=edge,0.0
1783674689,inflight,tier=edge,0.0
1783674699,inflight,tier=edge,0.0
1783674709,inflight,tier=edge,0.0
1783674719,inflight,tier=edge,0.0
1783674729,inflight,tier=edge,0.0
1783674739,inflight,tier=edge,0.0
1783674749,inflight,tier=edge,0.0
1783674759,inflight,tier=edge,0.0
1783674769,inflight,tier=edge,0.0
1783674779,inflight,tier=edge,0.0
1783674789,inflight,tier=edge,0.0
1783674799,inflight,tier=edge,0.0
1783674809,inflight,tier=edge,0.0
1783674819,inflight,tier=edge,0.0
1783674829,inflight,tier=edge,0.0
1783674839,inflight,tier=edge,0.0
1783674849,inflight,tier=edge,0.0
1783674859,inflight,tier=edge,0.0
1783674869,inflight,tier=edge,0.0
1783674879,inflight,tier=edge,0.0
1783674889,inflight,tier=edge,0.0
