ts,metric,labels,value
1783743548,replicas_status,deployment=workload-cloud,1.0
1783743558,replicas_status,deployment=workload-cloud,1.0
1783743568,replicas_status,deployment=workload-cloud,1.0
1783743578,replicas_status,deployment=workload-cloud,1.0
1783743588,replicas_status,deployment=workload-cloud,1.0
1783743598,replicas_status,deployment=workload-cloud,1.0
1783743608,replicas_status,deployment=workload-cloud,1.0
1783743618,replicas_status,deployment=workload-cloud,2.0
1783743628,replicas_status,deployment=workload-cloud,2.0
1783743638,replicas_status,deployment=workload-cloud,2.0
1783743648,replicas_status,deployment=workload-cloud,3.0
1783743658,replicas_status,deployment=workload-cloud,3.0
1783743668,replicas_status,deployment=workload-cloud,3.0
1783743678,replicas_status,deployment=workload-cloud,3.0
1783743688,replicas_status,deployment=workload-cloud,3.0
1783743698,replicas_status,deployment=workload-cloud,4.0
1783743708,replicas_status,deployment=workload-cloud,4.0
1783743718,replicas_status,deployment=workload-cloud,4.0
1783743728,replicas_status,deployment=workload-cloud,4.0
1783743738,replicas_status,deployment=workload-cloud,4.0
1783743748,replicas_status,deployment=workload-cloud,4.0
1783743758,replicas_status,deployment=workload-cloud,6.0
1783743768,replicas_status,deployment=workload-cloud,6.0
1783743778,replicas_status,deployment=workload-cloud,6.0
1783743788,replicas_status,deployment=workload-cloud,6.0
1783743798,replicas_status,deployment=workload-cloud,6.0
1783743808,replicas_status,deployment=workload-cloud,6.0
1783743818,replicas_status,deployment=workload-cloud,6.0
1783743828,replicas_status,deployment=workload-cloud,6.0
1783743838,replicas_status,deployment=workload-cloud,6.0
1783743848,replicas_status,deployment=workload-cloud,6.0
1783743858,replicas_status,deployment=workload-cloud,6.0
1783743868,replicas_status,deployment=workload-cloud,6.0
1783743878,replicas_status,deployment=workload-cloud,6.0
1783743888,replicas_status,deployment=workload-cloud,6.0
1783743898,replicas_status,deployment=workload-cloud,6.0
1783743908,replicas_status,deployment=workload-cloud,6.0
1783743918,replicas_status,deployment=workload-cloud,6.0
1783743928,replicas_status,deployment=workload-cloud,6.0
1783743938,replicas_status,deployment=workload-cloud,6.0
1783743948,replicas_status,deployment=workload-cloud,6.0
1783743958,replicas_status,deployment=workload-cloud,6.0
1783743968,replicas_status,deployment=workload-cloud,6.0
1783743978,replicas_status,deployment=workload-cloud,6.0
1783743988,replicas_status,deployment=workload-cloud,6.0
1783743998,replicas_status,deployment=workload-cloud,6.0
1783744008,replicas_status,deployment=workload-cloud,6.0
1783744018,replicas_status,deployment=workload-cloud,6.0
1783744028,replicas_status,deployment=workload-cloud,6.0
1783744038,replicas_status,deployment=workload-cloud,6.0
1783744048,replicas_status,deployment=workload-cloud,6.0
1783744058,replicas_status,deployment=workload-cloud,6.0
1783744068,replicas_status,deployment=workload-cloud,6.0
1783744078,replicas_status,deployment=workload-cloud,6.0
1783744088,replicas_status,deployment=workload-cloud,6.0
1783744098,replicas_status,deployment=workload-cloud,6.0
1783744108,replicas_status,deployment=workload-cloud,6.0
1783744118,replicas_status,deployment=workload-cloud,6.0
1783744128,replicas_status,deployment=workload-cloud,6.0
1783744138,replicas_status,deployment=workload-cloud,6.0
1783744148,replicas_status,deployment=workload-cloud,6.0
1783744158,replicas_status,deployment=workload-cloud,6.0
1783744168,replicas_status,deployment=workload-cloud,6.0
1783744178,replicas_status,deployment=workload-cloud,6.0
1783744188,replicas_status,deployment=workload-cloud,5.0
1783743548,replicas_status,deployment=workload-edge,1.0
1783743558,replicas_status,deployment=workload-edge,1.0
1783743568,replicas_status,deployment=workload-edge,1.0
1783743578,replicas_status,deployment=workload-edge,1.0
1783743588,replicas_status,deployment=workload-edge,1.0
1783743598,replicas_status,deployment=workload-edge,1.0
1783743608,replicas_status,deployment=workload-edge,1.0
1783743618,replicas_status,deployment=workload-edge,1.0
1783743628,replicas_status,deployment=workload-edge,1.0
1783743638,replicas_status,deployment=workload-edge,1.0
1783743648,replicas_status,deployment=workload-edge,1.0
1783743658,replicas_status,deployment=workload-edge,1.0
1783743668,replicas_status,deployment=workload-edge,1.0
1783743678,replicas_status,deployment=workload-edge,1.0
1783743688,replicas_status,deployment=workload-edge,1.0
1783743698,replicas_status,deployment=workload-edge,1.0
1783743708,replicas_status,deployment=workload-edge,1.0
1783743718,replicas_status,deployment=workload-edge,1.0
1783743728,replicas_status,deployment=workload-edge,1.0
1783743738,replicas_status,deployment=workload-edge,1.0
1783743748,replicas_status,deployment=workload-edge,1.0
1783743758,replicas_status,deployment=workload-edge,1.0
1783743768,replicas_status,deployment=workload-edge,1.0
1783743778,replicas_status,deployment=workload-edge,1.0
1783743788,replicas_status,deployment=workload-edge,1.0
1783743798,replicas_status,deployment=workload-edge,1.0
1783743808,replicas_status,deployment=workload-edge,1.0
1783743818,replicas_status,deployment=workload-edge,1.0
1783743828,replicas_status,deployment=workload-edge,1.0
1783743838,replicas_status,deployment=workload-edge,1.0
1783743848,replicas_status,deployment=workload-edge,1.0
1783743858,replicas_status,deployment=workload-edge,1.0
1783743868,replicas_status,deployment=workload-edge,1.0
1783743878,replicas_status,deployment=workload-edge,1.0
1783743888,replicas_status,deployment=workload-edge,1.0
1783743898,replicas_status,deployment=workload-edge,1.0
1783743908,replicas_status,deployment=workload-edge,1.0
1783743918,replicas_status,deployment=workload-edge,1.0
1783743928,replicas_status,deployment=workload-edge,1.0
1783743938,replicas_status,deployment=workload-edge,1.0
1783743948,replicas_status,deployment=workload-edge,1.0
1783743958,replicas_status,deployment=workload-edge,1.0
1783743968,replicas_status,deployment=workload-edge,1.0
1783743978,replicas_status,deployment=workload-edge,1.0
1783743988,replicas_status,deployment=workload-edge,1.0
1783743998,replicas_status,deployment=workload-edge,1.0
1783744008,replicas_status,deployment=workload-edge,1.0
1783744018,replicas_status,deployment=workload-edge,1.0
1783744028,replicas_status,deployment=workload-edge,1.0
1783744038,replicas_status,deployment=workload-edge,1.0
1783744048,replicas_status,deployment=workload-edge,1.0
1783744058,replicas_status,deployment=workload-edge,1.0
1783744068,replicas_status,deployment=workload-edge,1.0
1783744078,replicas_status,deployment=workload-edge,1.0
1783744088,replicas_status,deployment=workload-edge,1.0
1783744098,replicas_status,deployment=workload-edge,1.0
1783744108,replicas_status,deployment=workload-edge,1.0
1783744118,replicas_status,deployment=workload-edge,1.0
1783744128,replicas_status,deployment=workload-edge,1.0
1783744138,replicas_status,deployment=workload-edge,1.0
1783744148,replicas_status,deployment=workload-edge,1.0
1783744158,replicas_status,deployment=workload-edge,1.0
1783744168,replicas_status,deployment=workload-edge,1.0
1783744178,replicas_status,deployment=workload-edge,1.0
1783744188,replicas_status,deployment=workload-edge,1.0
1783743548,replicas_spec,deployment=workload-cloud,1.0
1783743558,replicas_spec,deployment=workload-cloud,1.0
1783743568,replicas_spec,deployment=workload-cloud,1.0
1783743578,replicas_spec,deployment=workload-cloud,1.0
1783743588,replicas_spec,deployment=workload-cloud,1.0
1783743598,replicas_spec,deployment=workload-cloud,1.0
1783743608,replicas_spec,deployment=workload-cloud,1.0
1783743618,replicas_spec,deployment=workload-cloud,2.0
1783743628,replicas_spec,deployment=workload-cloud,2.0
1783743638,replicas_spec,deployment=workload-cloud,2.0
1783743648,replicas_spec,deployment=workload-cloud,3.0
1783743658,replicas_spec,deployment=workload-cloud,3.0
1783743668,replicas_spec,deployment=workload-cloud,3.0
1783743678,replicas_spec,deployment=workload-cloud,3.0
1783743688,replicas_spec,deployment=workload-cloud,3.0
1783743698,replicas_spec,deployment=workload-cloud,4.0
1783743708,replicas_spec,deployment=workload-cloud,4.0
1783743718,replicas_spec,deployment=workload-cloud,4.0
1783743728,replicas_spec,deployment=workload-cloud,4.0
1783743738,replicas_spec,deployment=workload-cloud,4.0
1783743748,replicas_spec,deployment=workload-cloud,4.0
1783743758,replicas_spec,deployment=workload-cloud,6.0
1783743768,replicas_spec,deployment=workload-cloud,6.0
1783743778,replicas_spec,deployment=workload-cloud,6.0
1783743788,replicas_spec,deployment=workload-cloud,6.0
1783743798,replicas_spec,deployment=workload-cloud,6.0
1783743808,replicas_spec,deployment=workload-cloud,6.0
1783743818,replicas_spec,deployment=workload-cloud,6.0
1783743828,replicas_spec,deployment=workload-cloud,6.0
1783743838,replicas_spec,deployment=workload-cloud,6.0
1783743848,replicas_spec,deployment=workload-cloud,6.0
1783743858,replicas_spec,deployment=workload-cloud,6.0
1783743868,replicas_spec,deployment=workload-cloud,6.0
1783743878,replicas_spec,deployment=workload-cloud,6.0
1783743888,replicas_spec,deployment=workload-cloud,6.0
1783743898,replicas_spec,deployment=workload-cloud,6.0
1783743908,replicas_spec,deployment=workload-cloud,6.0
1783743918,replicas_spec,deployment=workload-cloud,6.0
1783743928,replicas_spec,deployment=workload-cloud,6.0
1783743938,replicas_spec,deployment=workload-cloud,6.0
1783743948,replicas_spec,deployment=workload-cloud,6.0
1783743958,replicas_spec,deployment=workload-cloud,6.0
1783743968,replicas_spec,deployment=workload-cloud,6.0
1783743978,replicas_spec,deployment=workload-cloud,6.0
1783743988,replicas_spec,deployment=workload-cloud,6.0
1783743998,replicas_spec,deployment=workload-cloud,6.0
1783744008,replicas_spec,deployment=workload-cloud,6.0
1783744018,replicas_spec,deployment=workload-cloud,6.0
1783744028,replicas_spec,deployment=workload-cloud,6.0
1783744038,replicas_spec,deployment=workload-cloud,6.0
1783744048,replicas_spec,deployment=workload-cloud,6.0
1783744058,replicas_spec,deployment=workload-cloud,6.0
1783744068,replicas_spec,deployment=workload-cloud,6.0
1783744078,replicas_spec,deployment=workload-cloud,6.0
1783744088,replicas_spec,deployment=workload-cloud,6.0
1783744098,replicas_spec,deployment=workload-cloud,6.0
1783744108,replicas_spec,deployment=workload-cloud,6.0
1783744118,replicas_spec,deployment=workload-cloud,6.0
1783744128,replicas_spec,deployment=workload-cloud,6.0
1783744138,replicas_spec,deployment=workload-cloud,6.0
1783744148,replicas_spec,deployment=workload-cloud,6.0
1783744158,replicas_spec,deployment=workload-cloud,6.0
1783744168,replicas_spec,deployment=workload-cloud,6.0
1783744178,replicas_spec,deployment=workload-cloud,6.0
1783744188,replicas_spec,deployment=workload-cloud,5.0
1783743548,replicas_spec,deployment=workload-edge,1.0
1783743558,replicas_spec,deployment=workload-edge,1.0
1783743568,replicas_spec,deployment=workload-edge,1.0
1783743578,replicas_spec,deployment=workload-edge,1.0
1783743588,replicas_spec,deployment=workload-edge,1.0
1783743598,replicas_spec,deployment=workload-edge,1.0
1783743608,replicas_spec,deployment=workload-edge,1.0
1783743618,replicas_spec,deployment=workload-edge,1.0
1783743628,replicas_spec,deployment=workload-edge,1.0
1783743638,replicas_spec,deployment=workload-edge,1.0
1783743648,replicas_spec,deployment=workload-edge,1.0
1783743658,replicas_spec,deployment=workload-edge,1.0
1783743668,replicas_spec,deployment=workload-edge,1.0
1783743678,replicas_spec,deployment=workload-edge,1.0
1783743688,replicas_spec,deployment=workload-edge,1.0
1783743698,replicas_spec,deployment=workload-edge,1.0
1783743708,replicas_spec,deployment=workload-edge,1.0
1783743718,replicas_spec,deployment=workload-edge,1.0
1783743728,replicas_spec,deployment=workload-edge,1.0
1783743738,replicas_spec,deployment=workload-edge,1.0
1783743748,replicas_spec,deployment=workload-edge,1.0
1783743758,replicas_spec,deployment=workload-edge,1.0
1783743768,replicas_spec,deployment=workload-edge,1.0
1783743778,replicas_spec,deployment=workload-edge,1.0
1783743788,replicas_spec,deployment=workload-edge,1.0
1783743798,replicas_spec,deployment=workload-edge,1.0
1783743808,replicas_spec,deployment=workload-edge,1.0
1783743818,replicas_spec,deployment=workload-edge,1.0
1783743828,replicas_spec,deployment=workload-edge,1.0
1783743838,replicas_spec,deployment=workload-edge,1.0
1783743848,replicas_spec,deployment=workload-edge,1.0
1783743858,replicas_spec,deployment=workload-edge,1.0
1783743868,replicas_spec,deployment=workload-edge,1.0
1783743878,replicas_spec,deployment=workload-edge,1.0
1783743888,replicas_spec,deployment=workload-edge,1.0
1783743898,replicas_spec,deployment=workload-edge,1.0
1783743908,replicas_spec,deployment=workload-edge,1.0
1783743918,replicas_spec,deployment=workload-edge,1.0
1783743928,replicas_spec,deployment=workload-edge,1.0
1783743938,replicas_spec,deployment=workload-edge,1.0
1783743948,replicas_spec,deployment=workload-edge,1.0
1783743958,replicas_spec,deployment=workload-edge,1.0
1783743968,replicas_spec,deployment=workload-edge,1.0
1783743978,replicas_spec,deployment=workload-edge,1.0
1783743988,replicas_spec,deployment=workload-edge,1.0
1783743998,replicas_spec,deployment=workload-edge,1.0
1783744008,replicas_spec,deployment=workload-edge,1.0
1783744018,replicas_spec,deployment=workload-edge,1.0
1783744028,replicas_spec,deployment=workload-edge,1.0
1783744038,replicas_spec,deployment=workload-edge,1.0
1783744048,replicas_spec,deployment=workload-edge,1.0
1783744058,replicas_spec,deployment=workload-edge,1.0
1783744068,replicas_spec,deployment=workload-edge,1.0
1783744078,replicas_spec,deployment=workload-edge,1.0
1783744088,replicas_spec,deployment=workload-edge,1.0
1783744098,replicas_spec,deployment=workload-edge,1.0
1783744108,replicas_spec,deployment=workload-edge,1.0
1783744118,replicas_spec,deployment=workload-edge,1.0
1783744128,replicas_spec,deployment=workload-edge,1.0
1783744138,replicas_spec,deployment=workload-edge,1.0
1783744148,replicas_spec,deployment=workload-edge,1.0
1783744158,replicas_spec,deployment=workload-edge,1.0
1783744168,replicas_spec,deployment=workload-edge,1.0
1783744178,replicas_spec,deployment=workload-edge,1.0
1783744188,replicas_spec,deployment=workload-edge,1.0
1783743548,cpu_cores,pod=workload-cloud-6f545f89ff-57p5d,0.0005245916470774046
1783743548,cpu_cores,pod=workload-cloud-6f545f89ff-9hvzm,0.0020243143627147837
1783743558,cpu_cores,pod=workload-cloud-6f545f89ff-9hvzm,0.002152258180835963
1783743568,cpu_cores,pod=workload-cloud-6f545f89ff-9hvzm,0.006728857474028418
1783743578,cpu_cores,pod=workload-cloud-6f545f89ff-9hvzm,0.019934274089296072
1783743588,cpu_cores,pod=workload-cloud-6f545f89ff-9hvzm,0.019241358771567334
1783743598,cpu_cores,pod=workload-cloud-6f545f89ff-9hvzm,0.05504646984558284
1783743608,cpu_cores,pod=workload-cloud-6f545f89ff-9hvzm,0.0849913390067848
1783743618,cpu_cores,pod=workload-cloud-6f545f89ff-9hvzm,0.09910615384615545
1783743628,cpu_cores,pod=workload-cloud-6f545f89ff-9hvzm,0.11266996600250077
1783743638,cpu_cores,pod=workload-cloud-6f545f89ff-9hvzm,0.1364069565989953
1783743648,cpu_cores,pod=workload-cloud-6f545f89ff-9hvzm,0.13640695659899527
1783743658,cpu_cores,pod=workload-cloud-6f545f89ff-9hvzm,0.1506122097652299
1783743668,cpu_cores,pod=workload-cloud-6f545f89ff-9hvzm,0.15063564145126332
1783743678,cpu_cores,pod=workload-cloud-6f545f89ff-9hvzm,0.16311191335739866
1783743688,cpu_cores,pod=workload-cloud-6f545f89ff-9hvzm,0.17159969842616035
1783743698,cpu_cores,pod=workload-cloud-6f545f89ff-9hvzm,0.1779180291090641
1783743708,cpu_cores,pod=workload-cloud-6f545f89ff-9hvzm,0.18244635362014736
1783743718,cpu_cores,pod=workload-cloud-6f545f89ff-9hvzm,0.18971914561373918
1783743728,cpu_cores,pod=workload-cloud-6f545f89ff-9hvzm,0.1920323436813556
1783743738,cpu_cores,pod=workload-cloud-6f545f89ff-9hvzm,0.19889301204819493
1783743748,cpu_cores,pod=workload-cloud-6f545f89ff-9hvzm,0.184611356837741
1783743758,cpu_cores,pod=workload-cloud-6f545f89ff-9hvzm,0.21964540983209924
1783743768,cpu_cores,pod=workload-cloud-6f545f89ff-9hvzm,0.25252011471110647
1783743778,cpu_cores,pod=workload-cloud-6f545f89ff-9hvzm,0.31586175496689534
1783743788,cpu_cores,pod=workload-cloud-6f545f89ff-9hvzm,0.35341923992836405
1783743798,cpu_cores,pod=workload-cloud-6f545f89ff-9hvzm,0.3812600669517548
1783743808,cpu_cores,pod=workload-cloud-6f545f89ff-9hvzm,0.32125991875107873
1783743818,cpu_cores,pod=workload-cloud-6f545f89ff-9hvzm,0.39877099150905704
1783743828,cpu_cores,pod=workload-cloud-6f545f89ff-9hvzm,0.30972780089514024
1783743838,cpu_cores,pod=workload-cloud-6f545f89ff-9hvzm,0.4126353724875436
1783743848,cpu_cores,pod=workload-cloud-6f545f89ff-9hvzm,0.41066695790309804
1783743858,cpu_cores,pod=workload-cloud-6f545f89ff-9hvzm,0.4111296233897435
1783743868,cpu_cores,pod=workload-cloud-6f545f89ff-9hvzm,0.4037360753221003
1783743878,cpu_cores,pod=workload-cloud-6f545f89ff-9hvzm,0.3187700310300386
1783743888,cpu_cores,pod=workload-cloud-6f545f89ff-9hvzm,0.3905284619540238
1783743898,cpu_cores,pod=workload-cloud-6f545f89ff-9hvzm,0.37893594972532774
1783743908,cpu_cores,pod=workload-cloud-6f545f89ff-9hvzm,0.3786844170558511
1783743918,cpu_cores,pod=workload-cloud-6f545f89ff-9hvzm,0.34163597553710656
1783743928,cpu_cores,pod=workload-cloud-6f545f89ff-9hvzm,0.2565332885190405
1783743938,cpu_cores,pod=workload-cloud-6f545f89ff-9hvzm,0.26708446066569214
1783743948,cpu_cores,pod=workload-cloud-6f545f89ff-9hvzm,0.21272756643610594
1783743958,cpu_cores,pod=workload-cloud-6f545f89ff-9hvzm,0.19892569998808657
1783743968,cpu_cores,pod=workload-cloud-6f545f89ff-9hvzm,0.1689249415729388
1783743978,cpu_cores,pod=workload-cloud-6f545f89ff-9hvzm,0.20314667154352362
1783743988,cpu_cores,pod=workload-cloud-6f545f89ff-9hvzm,0.20553030472775963
1783743998,cpu_cores,pod=workload-cloud-6f545f89ff-9hvzm,0.2093400438837121
1783744008,cpu_cores,pod=workload-cloud-6f545f89ff-9hvzm,0.2105471271940193
1783744018,cpu_cores,pod=workload-cloud-6f545f89ff-9hvzm,0.20426694637164747
1783744028,cpu_cores,pod=workload-cloud-6f545f89ff-9hvzm,0.20426694637164747
1783744038,cpu_cores,pod=workload-cloud-6f545f89ff-9hvzm,0.19909732779225164
1783744048,cpu_cores,pod=workload-cloud-6f545f89ff-9hvzm,0.19759240883661366
1783744058,cpu_cores,pod=workload-cloud-6f545f89ff-9hvzm,0.2002009443178059
1783744068,cpu_cores,pod=workload-cloud-6f545f89ff-9hvzm,0.19983824525374988
1783744078,cpu_cores,pod=workload-cloud-6f545f89ff-9hvzm,0.19837158014075476
1783744088,cpu_cores,pod=workload-cloud-6f545f89ff-9hvzm,0.19837158014075476
1783744098,cpu_cores,pod=workload-cloud-6f545f89ff-9hvzm,0.19436023412172404
1783744108,cpu_cores,pod=workload-cloud-6f545f89ff-9hvzm,0.18687996256312234
1783744118,cpu_cores,pod=workload-cloud-6f545f89ff-9hvzm,0.18687996256312234
1783744128,cpu_cores,pod=workload-cloud-6f545f89ff-9hvzm,0.15917586715694057
1783744138,cpu_cores,pod=workload-cloud-6f545f89ff-9hvzm,0.09526919027886119
1783744148,cpu_cores,pod=workload-cloud-6f545f89ff-9hvzm,0.07766906631762259
1783744158,cpu_cores,pod=workload-cloud-6f545f89ff-9hvzm,0.04054014014013842
1783744168,cpu_cores,pod=workload-cloud-6f545f89ff-9hvzm,0.002504287494196453
1783744178,cpu_cores,pod=workload-cloud-6f545f89ff-9hvzm,0.002405525879535248
1783744188,cpu_cores,pod=workload-cloud-6f545f89ff-9hvzm,0.0019227596855178265
1783743708,cpu_cores,pod=workload-cloud-6f545f89ff-fgs59,0.010247524225323209
1783743718,cpu_cores,pod=workload-cloud-6f545f89ff-fgs59,0.014629133774539982
1783743728,cpu_cores,pod=workload-cloud-6f545f89ff-fgs59,0.01859100423095714
1783743738,cpu_cores,pod=workload-cloud-6f545f89ff-fgs59,0.022872585399067287
1783743748,cpu_cores,pod=workload-cloud-6f545f89ff-fgs59,0.03974289127579738
1783743758,cpu_cores,pod=workload-cloud-6f545f89ff-fgs59,0.09783442799541203
1783743768,cpu_cores,pod=workload-cloud-6f545f89ff-fgs59,0.12459457088628637
1783743778,cpu_cores,pod=workload-cloud-6f545f89ff-fgs59,0.18005528322307973
1783743788,cpu_cores,pod=workload-cloud-6f545f89ff-fgs59,0.23927529119771834
1783743798,cpu_cores,pod=workload-cloud-6f545f89ff-fgs59,0.2504663821597422
1783743808,cpu_cores,pod=workload-cloud-6f545f89ff-fgs59,0.26328894264566016
1783743818,cpu_cores,pod=workload-cloud-6f545f89ff-fgs59,0.27198427385980184
1783743828,cpu_cores,pod=workload-cloud-6f545f89ff-fgs59,0.27198427385980184
1783743838,cpu_cores,pod=workload-cloud-6f545f89ff-fgs59,0.27062701024143465
1783743848,cpu_cores,pod=workload-cloud-6f545f89ff-fgs59,0.27648152778646007
1783743858,cpu_cores,pod=workload-cloud-6f545f89ff-fgs59,0.2730327958160819
1783743868,cpu_cores,pod=workload-cloud-6f545f89ff-fgs59,0.2655484036652011
1783743878,cpu_cores,pod=workload-cloud-6f545f89ff-fgs59,0.22493486404540827
1783743888,cpu_cores,pod=workload-cloud-6f545f89ff-fgs59,0.2696494908687126
1783743898,cpu_cores,pod=workload-cloud-6f545f89ff-fgs59,0.2680766696615753
1783743908,cpu_cores,pod=workload-cloud-6f545f89ff-fgs59,0.2680766696615753
1783743918,cpu_cores,pod=workload-cloud-6f545f89ff-fgs59,0.21846763042111889
1783743928,cpu_cores,pod=workload-cloud-6f545f89ff-fgs59,0.14088797268697836
1783743938,cpu_cores,pod=workload-cloud-6f545f89ff-fgs59,0.08971347194531465
1783743948,cpu_cores,pod=workload-cloud-6f545f89ff-fgs59,0.07054542544465117
1783743958,cpu_cores,pod=workload-cloud-6f545f89ff-fgs59,0.02516986875106531
1783743968,cpu_cores,pod=workload-cloud-6f545f89ff-fgs59,0.025067199383845173
1783743978,cpu_cores,pod=workload-cloud-6f545f89ff-fgs59,0.02128367281288641
1783743988,cpu_cores,pod=workload-cloud-6f545f89ff-fgs59,0.021233482465976655
1783743998,cpu_cores,pod=workload-cloud-6f545f89ff-fgs59,0.02462660592255126
1783744008,cpu_cores,pod=workload-cloud-6f545f89ff-fgs59,0.02471453252260532
1783744018,cpu_cores,pod=workload-cloud-6f545f89ff-fgs59,0.02471426417370322
1783744028,cpu_cores,pod=workload-cloud-6f545f89ff-fgs59,0.024690408634085566
1783744038,cpu_cores,pod=workload-cloud-6f545f89ff-fgs59,0.024707816711590336
1783744048,cpu_cores,pod=workload-cloud-6f545f89ff-fgs59,0.024802271708264868
1783744058,cpu_cores,pod=workload-cloud-6f545f89ff-fgs59,0.019757516687817278
1783744068,cpu_cores,pod=workload-cloud-6f545f89ff-fgs59,0.024808534263959413
1783744078,cpu_cores,pod=workload-cloud-6f545f89ff-fgs59,0.02129219139331202
1783744088,cpu_cores,pod=workload-cloud-6f545f89ff-fgs59,0.024712966750423584
1783744098,cpu_cores,pod=workload-cloud-6f545f89ff-fgs59,0.024613404772038713
1783744108,cpu_cores,pod=workload-cloud-6f545f89ff-fgs59,0.022353600970074893
1783744118,cpu_cores,pod=workload-cloud-6f545f89ff-fgs59,0.014353111965322666
1783744128,cpu_cores,pod=workload-cloud-6f545f89ff-fgs59,0.014353111965322666
1783744138,cpu_cores,pod=workload-cloud-6f545f89ff-fgs59,0.007985211442505262
1783744148,cpu_cores,pod=workload-cloud-6f545f89ff-fgs59,0.0017966412486861657
1783744158,cpu_cores,pod=workload-cloud-6f545f89ff-fgs59,0.0017966412486861657
1783744168,cpu_cores,pod=workload-cloud-6f545f89ff-fgs59,0.00182797321972012
1783744178,cpu_cores,pod=workload-cloud-6f545f89ff-fgs59,0.001920165912182524
1783744188,cpu_cores,pod=workload-cloud-6f545f89ff-fgs59,0.001920165912182524
1783743658,cpu_cores,pod=workload-cloud-6f545f89ff-nddsz,0.008300649584958495
1783743668,cpu_cores,pod=workload-cloud-6f545f89ff-nddsz,0.011802924812481247
1783743678,cpu_cores,pod=workload-cloud-6f545f89ff-nddsz,0.009532123074348234
1783743688,cpu_cores,pod=workload-cloud-6f545f89ff-nddsz,0.00994414727581279
1783743698,cpu_cores,pod=workload-cloud-6f545f89ff-nddsz,0.008584069885477177
1783743708,cpu_cores,pod=workload-cloud-6f545f89ff-nddsz,0.010518153860824372
1783743718,cpu_cores,pod=workload-cloud-6f545f89ff-nddsz,0.018301822323462415
1783743728,cpu_cores,pod=workload-cloud-6f545f89ff-nddsz,0.019769473328578407
1783743738,cpu_cores,pod=workload-cloud-6f545f89ff-nddsz,0.030650060898907813
1783743748,cpu_cores,pod=workload-cloud-6f545f89ff-nddsz,0.032648333060511806
1783743758,cpu_cores,pod=workload-cloud-6f545f89ff-nddsz,0.10434874844901192
1783743768,cpu_cores,pod=workload-cloud-6f545f89ff-nddsz,0.08421312765441025
1783743778,cpu_cores,pod=workload-cloud-6f545f89ff-nddsz,0.2198554564891052
1783743788,cpu_cores,pod=workload-cloud-6f545f89ff-nddsz,0.284724911716061
1783743798,cpu_cores,pod=workload-cloud-6f545f89ff-nddsz,0.3173553255607153
1783743808,cpu_cores,pod=workload-cloud-6f545f89ff-nddsz,0.3177919209111155
1783743818,cpu_cores,pod=workload-cloud-6f545f89ff-nddsz,0.2812383654990537
1783743828,cpu_cores,pod=workload-cloud-6f545f89ff-nddsz,0.32738392662944976
1783743838,cpu_cores,pod=workload-cloud-6f545f89ff-nddsz,0.3284804779913312
1783743848,cpu_cores,pod=workload-cloud-6f545f89ff-nddsz,0.3291141502705877
1783743858,cpu_cores,pod=workload-cloud-6f545f89ff-nddsz,0.33240051081490946
1783743868,cpu_cores,pod=workload-cloud-6f545f89ff-nddsz,0.329339622036128
1783743878,cpu_cores,pod=workload-cloud-6f545f89ff-nddsz,0.3289735486087255
1783743888,cpu_cores,pod=workload-cloud-6f545f89ff-nddsz,0.33129563842457593
1783743898,cpu_cores,pod=workload-cloud-6f545f89ff-nddsz,0.3319958744565389
1783743908,cpu_cores,pod=workload-cloud-6f545f89ff-nddsz,0.3082888686015159
1783743918,cpu_cores,pod=workload-cloud-6f545f89ff-nddsz,0.2248253035826232
1783743928,cpu_cores,pod=workload-cloud-6f545f89ff-nddsz,0.18372927769274736
1783743938,cpu_cores,pod=workload-cloud-6f545f89ff-nddsz,0.13444414932501586
1783743948,cpu_cores,pod=workload-cloud-6f545f89ff-nddsz,0.04624419866659774
1783743958,cpu_cores,pod=workload-cloud-6f545f89ff-nddsz,0.03968376573382748
1783743968,cpu_cores,pod=workload-cloud-6f545f89ff-nddsz,0.024991097851454425
1783743978,cpu_cores,pod=workload-cloud-6f545f89ff-nddsz,0.024687666856317583
1783743988,cpu_cores,pod=workload-cloud-6f545f89ff-nddsz,0.024538868727029015
1783743998,cpu_cores,pod=workload-cloud-6f545f89ff-nddsz,0.024538868727029015
1783744008,cpu_cores,pod=workload-cloud-6f545f89ff-nddsz,0.024391532749110524
1783744018,cpu_cores,pod=workload-cloud-6f545f89ff-nddsz,0.02453416163937571
1783744028,cpu_cores,pod=workload-cloud-6f545f89ff-nddsz,0.0246392985253089
1783744038,cpu_cores,pod=workload-cloud-6f545f89ff-nddsz,0.024677380838666472
1783744048,cpu_cores,pod=workload-cloud-6f545f89ff-nddsz,0.02461373634170565
1783744058,cpu_cores,pod=workload-cloud-6f545f89ff-nddsz,0.024452365555691462
1783744068,cpu_cores,pod=workload-cloud-6f545f89ff-nddsz,0.02442527044073242
1783744078,cpu_cores,pod=workload-cloud-6f545f89ff-nddsz,0.024262770196836213
1783744088,cpu_cores,pod=workload-cloud-6f545f89ff-nddsz,0.024272523656130574
1783744098,cpu_cores,pod=workload-cloud-6f545f89ff-nddsz,0.02432213696527911
1783744108,cpu_cores,pod=workload-cloud-6f545f89ff-nddsz,0.021690401250651494
1783744118,cpu_cores,pod=workload-cloud-6f545f89ff-nddsz,0.01653461514960177
1783744128,cpu_cores,pod=workload-cloud-6f545f89ff-nddsz,0.011571650967552291
1783744138,cpu_cores,pod=workload-cloud-6f545f89ff-nddsz,0.009388043835404659
1783744148,cpu_cores,pod=workload-cloud-6f545f89ff-nddsz,0.0039855307400348695
1783744158,cpu_cores,pod=workload-cloud-6f545f89ff-nddsz,0.0017918027605098757
1783744168,cpu_cores,pod=workload-cloud-6f545f89ff-nddsz,0.0017892328026670647
1783744178,cpu_cores,pod=workload-cloud-6f545f89ff-nddsz,0.0018726931218506866
1783744188,cpu_cores,pod=workload-cloud-6f545f89ff-nddsz,0.0018487020348556807
1783743628,cpu_cores,pod=workload-cloud-6f545f89ff-vmt54,0.013633536255627101
1783743638,cpu_cores,pod=workload-cloud-6f545f89ff-vmt54,0.019575413285657303
1783743648,cpu_cores,pod=workload-cloud-6f545f89ff-vmt54,0.028690211444974235
1783743658,cpu_cores,pod=workload-cloud-6f545f89ff-vmt54,0.040484714611824915
1783743668,cpu_cores,pod=workload-cloud-6f545f89ff-vmt54,0.04951008634896916
1783743678,cpu_cores,pod=workload-cloud-6f545f89ff-vmt54,0.06429542191737118
1783743688,cpu_cores,pod=workload-cloud-6f545f89ff-vmt54,0.07950320331424174
1783743698,cpu_cores,pod=workload-cloud-6f545f89ff-vmt54,0.07950320331424174
1783743708,cpu_cores,pod=workload-cloud-6f545f89ff-vmt54,0.09003257322087059
1783743718,cpu_cores,pod=workload-cloud-6f545f89ff-vmt54,0.06564155000000002
1783743728,cpu_cores,pod=workload-cloud-6f545f89ff-vmt54,0.09827800847547863
1783743738,cpu_cores,pod=workload-cloud-6f545f89ff-vmt54,0.11227007893237856
1783743748,cpu_cores,pod=workload-cloud-6f545f89ff-vmt54,0.11724196839834411
1783743758,cpu_cores,pod=workload-cloud-6f545f89ff-vmt54,0.13988893308768108
1783743768,cpu_cores,pod=workload-cloud-6f545f89ff-vmt54,0.19946379786613955
1783743778,cpu_cores,pod=workload-cloud-6f545f89ff-vmt54,0.22271383618695048
1783743788,cpu_cores,pod=workload-cloud-6f545f89ff-vmt54,0.2573038287361054
1783743798,cpu_cores,pod=workload-cloud-6f545f89ff-vmt54,0.29241391421816953
1783743808,cpu_cores,pod=workload-cloud-6f545f89ff-vmt54,0.29241391421816953
1783743818,cpu_cores,pod=workload-cloud-6f545f89ff-vmt54,0.2928824385510996
1783743828,cpu_cores,pod=workload-cloud-6f545f89ff-vmt54,0.3071581919667286
1783743838,cpu_cores,pod=workload-cloud-6f545f89ff-vmt54,0.20961982499999998
1783743848,cpu_cores,pod=workload-cloud-6f545f89ff-vmt54,0.3127900320032227
1783743858,cpu_cores,pod=workload-cloud-6f545f89ff-vmt54,0.3203319777145678
1783743868,cpu_cores,pod=workload-cloud-6f545f89ff-vmt54,0.31810874456792454
1783743878,cpu_cores,pod=workload-cloud-6f545f89ff-vmt54,0.3122988617200675
1783743888,cpu_cores,pod=workload-cloud-6f545f89ff-vmt54,0.3162333854913721
1783743898,cpu_cores,pod=workload-cloud-6f545f89ff-vmt54,0.3162333854913721
1783743908,cpu_cores,pod=workload-cloud-6f545f89ff-vmt54,0.2861029033295801
1783743918,cpu_cores,pod=workload-cloud-6f545f89ff-vmt54,0.2741438513037351
1783743928,cpu_cores,pod=workload-cloud-6f545f89ff-vmt54,0.18468076783369197
1783743938,cpu_cores,pod=workload-cloud-6f545f89ff-vmt54,0.17334214390602062
1783743948,cpu_cores,pod=workload-cloud-6f545f89ff-vmt54,0.1441648613260326
1783743958,cpu_cores,pod=workload-cloud-6f545f89ff-vmt54,0.14303434265674456
1783743968,cpu_cores,pod=workload-cloud-6f545f89ff-vmt54,0.14293373873384746
1783743978,cpu_cores,pod=workload-cloud-6f545f89ff-vmt54,0.14293373873384746
1783743988,cpu_cores,pod=workload-cloud-6f545f89ff-vmt54,0.14148550590841938
1783743998,cpu_cores,pod=workload-cloud-6f545f89ff-vmt54,0.1418946790662992
1783744008,cpu_cores,pod=workload-cloud-6f545f89ff-vmt54,0.1418946790662992
1783744018,cpu_cores,pod=workload-cloud-6f545f89ff-vmt54,0.1412560510866204
1783744028,cpu_cores,pod=workload-cloud-6f545f89ff-vmt54,0.1407734322881921
1783744038,cpu_cores,pod=workload-cloud-6f545f89ff-vmt54,0.1393437506236405
1783744048,cpu_cores,pod=workload-cloud-6f545f89ff-vmt54,0.13912977591488004
1783744058,cpu_cores,pod=workload-cloud-6f545f89ff-vmt54,0.11598455091289035
1783744068,cpu_cores,pod=workload-cloud-6f545f89ff-vmt54,0.1403029493371702
1783744078,cpu_cores,pod=workload-cloud-6f545f89ff-vmt54,0.14085109729798315
1783744088,cpu_cores,pod=workload-cloud-6f545f89ff-vmt54,0.1401085251523
1783744098,cpu_cores,pod=workload-cloud-6f545f89ff-vmt54,0.13958058570079018
1783744108,cpu_cores,pod=workload-cloud-6f545f89ff-vmt54,0.13041818019346327
1783744118,cpu_cores,pod=workload-cloud-6f545f89ff-vmt54,0.10585978424722063
1783744128,cpu_cores,pod=workload-cloud-6f545f89ff-vmt54,0.07733654667897316
1783744138,cpu_cores,pod=workload-cloud-6f545f89ff-vmt54,0.055568116950922584
1783744148,cpu_cores,pod=workload-cloud-6f545f89ff-vmt54,0.017542097164211675
1783744158,cpu_cores,pod=workload-cloud-6f545f89ff-vmt54,0.013753249647181144
1783744168,cpu_cores,pod=workload-cloud-6f545f89ff-vmt54,0.001561018301231892
1783744178,cpu_cores,pod=workload-cloud-6f545f89ff-vmt54,0.0018325582527814633
1783744188,cpu_cores,pod=workload-cloud-6f545f89ff-vmt54,0.0018059930760942003
1783743768,cpu_cores,pod=workload-cloud-6f545f89ff-wn2r4,0.04693511143475987
1783743778,cpu_cores,pod=workload-cloud-6f545f89ff-wn2r4,0.08159637403191611
1783743788,cpu_cores,pod=workload-cloud-6f545f89ff-wn2r4,0.10695509515679055
1783743798,cpu_cores,pod=workload-cloud-6f545f89ff-wn2r4,0.1432478481649199
1783743808,cpu_cores,pod=workload-cloud-6f545f89ff-wn2r4,0.11995999999999998
1783743818,cpu_cores,pod=workload-cloud-6f545f89ff-wn2r4,0.19230024680278215
1783743828,cpu_cores,pod=workload-cloud-6f545f89ff-wn2r4,0.1972363835570258
1783743838,cpu_cores,pod=workload-cloud-6f545f89ff-wn2r4,0.19849289649173676
1783743848,cpu_cores,pod=workload-cloud-6f545f89ff-wn2r4,0.197363327872689
1783743858,cpu_cores,pod=workload-cloud-6f545f89ff-wn2r4,0.1673353532339486
1783743868,cpu_cores,pod=workload-cloud-6f545f89ff-wn2r4,0.1945918961401875
1783743878,cpu_cores,pod=workload-cloud-6f545f89ff-wn2r4,0.19128076981018377
1783743888,cpu_cores,pod=workload-cloud-6f545f89ff-wn2r4,0.1895421554050333
1783743898,cpu_cores,pod=workload-cloud-6f545f89ff-wn2r4,0.16973719209884316
1783743908,cpu_cores,pod=workload-cloud-6f545f89ff-wn2r4,0.10490690023678309
1783743918,cpu_cores,pod=workload-cloud-6f545f89ff-wn2r4,0.10490690023678309
1783743928,cpu_cores,pod=workload-cloud-6f545f89ff-wn2r4,0.03732841741253052
1783743938,cpu_cores,pod=workload-cloud-6f545f89ff-wn2r4,0.002639393939393935
1783743948,cpu_cores,pod=workload-cloud-6f545f89ff-wn2r4,0.0024179068311693287
1783743958,cpu_cores,pod=workload-cloud-6f545f89ff-wn2r4,0.0018162664601084337
1783743968,cpu_cores,pod=workload-cloud-6f545f89ff-wn2r4,0.0012404499999999707
1783743978,cpu_cores,pod=workload-cloud-6f545f89ff-wn2r4,0.0017942616901849588
1783743988,cpu_cores,pod=workload-cloud-6f545f89ff-wn2r4,0.0017412332964507852
1783743998,cpu_cores,pod=workload-cloud-6f545f89ff-wn2r4,0.0017412332964507852
1783744008,cpu_cores,pod=workload-cloud-6f545f89ff-wn2r4,0.0017423540142588484
1783744018,cpu_cores,pod=workload-cloud-6f545f89ff-wn2r4,0.001751011845478941
1783744028,cpu_cores,pod=workload-cloud-6f545f89ff-wn2r4,0.001751011845478941
1783744038,cpu_cores,pod=workload-cloud-6f545f89ff-wn2r4,0.001743183838782912
1783744048,cpu_cores,pod=workload-cloud-6f545f89ff-wn2r4,0.0013987647744057952
1783744058,cpu_cores,pod=workload-cloud-6f545f89ff-wn2r4,0.0015336331039344636
1783744068,cpu_cores,pod=workload-cloud-6f545f89ff-wn2r4,0.0017513251651025408
1783744078,cpu_cores,pod=workload-cloud-6f545f89ff-wn2r4,0.0017302366591186989
1783744088,cpu_cores,pod=workload-cloud-6f545f89ff-wn2r4,0.0017302366591186989
1783744098,cpu_cores,pod=workload-cloud-6f545f89ff-wn2r4,0.0017201383974208174
1783744108,cpu_cores,pod=workload-cloud-6f545f89ff-wn2r4,0.0017008346709471145
1783744118,cpu_cores,pod=workload-cloud-6f545f89ff-wn2r4,0.001776220732874968
1783744128,cpu_cores,pod=workload-cloud-6f545f89ff-wn2r4,0.0017905370115379653
1783744138,cpu_cores,pod=workload-cloud-6f545f89ff-wn2r4,0.0015106795217865114
1783744148,cpu_cores,pod=workload-cloud-6f545f89ff-wn2r4,0.0018431106781312237
1783744158,cpu_cores,pod=workload-cloud-6f545f89ff-wn2r4,0.0014829107825291218
1783744168,cpu_cores,pod=workload-cloud-6f545f89ff-wn2r4,0.0017689792056603622
1783744178,cpu_cores,pod=workload-cloud-6f545f89ff-wn2r4,0.0017957220812877183
1783744188,cpu_cores,pod=workload-cloud-6f545f89ff-wn2r4,0.0017744744744744368
1783743768,cpu_cores,pod=workload-cloud-6f545f89ff-wtk79,0.034126172473241595
1783743778,cpu_cores,pod=workload-cloud-6f545f89ff-wtk79,0.05873217891111991
1783743788,cpu_cores,pod=workload-cloud-6f545f89ff-wtk79,0.08194404406557837
1783743798,cpu_cores,pod=workload-cloud-6f545f89ff-wtk79,0.1013427534713105
1783743808,cpu_cores,pod=workload-cloud-6f545f89ff-wtk79,0.12465725643090467
1783743818,cpu_cores,pod=workload-cloud-6f545f89ff-wtk79,0.12781914659869925
1783743828,cpu_cores,pod=workload-cloud-6f545f89ff-wtk79,0.12991773746798008
1783743838,cpu_cores,pod=workload-cloud-6f545f89ff-wtk79,0.13112977668022058
1783743848,cpu_cores,pod=workload-cloud-6f545f89ff-wtk79,0.11248152181101448
1783743858,cpu_cores,pod=workload-cloud-6f545f89ff-wtk79,0.13241312932999344
1783743868,cpu_cores,pod=workload-cloud-6f545f89ff-wtk79,0.129649433282401
1783743878,cpu_cores,pod=workload-cloud-6f545f89ff-wtk79,0.12993232120625262
1783743888,cpu_cores,pod=workload-cloud-6f545f89ff-wtk79,0.12917683498297028
1783743898,cpu_cores,pod=workload-cloud-6f545f89ff-wtk79,0.11512969098813304
1783743908,cpu_cores,pod=workload-cloud-6f545f89ff-wtk79,0.0971684997798927
1783743918,cpu_cores,pod=workload-cloud-6f545f89ff-wtk79,0.07014355806329314
1783743928,cpu_cores,pod=workload-cloud-6f545f89ff-wtk79,0.030436471123237812
1783743938,cpu_cores,pod=workload-cloud-6f545f89ff-wtk79,0.0018291059272518206
1783743948,cpu_cores,pod=workload-cloud-6f545f89ff-wtk79,0.002024941606580686
1783743958,cpu_cores,pod=workload-cloud-6f545f89ff-wtk79,0.0018186647813351836
1783743968,cpu_cores,pod=workload-cloud-6f545f89ff-wtk79,0.0018186647813351834
1783743978,cpu_cores,pod=workload-cloud-6f545f89ff-wtk79,0.001788295794585128
1783743988,cpu_cores,pod=workload-cloud-6f545f89ff-wtk79,0.0017792057043363003
1783743998,cpu_cores,pod=workload-cloud-6f545f89ff-wtk79,0.0017800549334460348
1783744008,cpu_cores,pod=workload-cloud-6f545f89ff-wtk79,0.0016945174704842082
1783744018,cpu_cores,pod=workload-cloud-6f545f89ff-wtk79,0.0013432586746873452
1783744028,cpu_cores,pod=workload-cloud-6f545f89ff-wtk79,0.0017138662830794185
1783744038,cpu_cores,pod=workload-cloud-6f545f89ff-wtk79,0.0016944598757637733
1783744048,cpu_cores,pod=workload-cloud-6f545f89ff-wtk79,0.0016547925348794562
1783744058,cpu_cores,pod=workload-cloud-6f545f89ff-wtk79,0.0017150286636229166
1783744068,cpu_cores,pod=workload-cloud-6f545f89ff-wtk79,0.0017210188756761212
1783744078,cpu_cores,pod=workload-cloud-6f545f89ff-wtk79,0.0017050276082534125
1783744088,cpu_cores,pod=workload-cloud-6f545f89ff-wtk79,0.0017870342460989629
1783744098,cpu_cores,pod=workload-cloud-6f545f89ff-wtk79,0.0017870342460989629
1783744108,cpu_cores,pod=workload-cloud-6f545f89ff-wtk79,0.0017401548786783797
1783744118,cpu_cores,pod=workload-cloud-6f545f89ff-wtk79,0.0017677654602989
1783744128,cpu_cores,pod=workload-cloud-6f545f89ff-wtk79,0.0017677654602989
1783744138,cpu_cores,pod=workload-cloud-6f545f89ff-wtk79,0.0017522222222222373
1783744148,cpu_cores,pod=workload-cloud-6f545f89ff-wtk79,0.0014066792282532072
1783744158,cpu_cores,pod=workload-cloud-6f545f89ff-wtk79,0.0014788757505069308
1783744168,cpu_cores,pod=workload-cloud-6f545f89ff-wtk79,0.0017683076716797975
1783744178,cpu_cores,pod=workload-cloud-6f545f89ff-wtk79,0.0017867977263448576
1783744188,cpu_cores,pod=workload-cloud-6f545f89ff-wtk79,0.0018298211618424701
1783743548,cpu_cores,pod=workload-edge-7b875fd8c6-pxwvc,0.002111793719998124
1783743558,cpu_cores,pod=workload-edge-7b875fd8c6-pxwvc,0.002088378566457869
1783743568,cpu_cores,pod=workload-edge-7b875fd8c6-pxwvc,0.0020725510738607337
1783743578,cpu_cores,pod=workload-edge-7b875fd8c6-pxwvc,0.0020759417978871253
1783743588,cpu_cores,pod=workload-edge-7b875fd8c6-pxwvc,0.0020384816996084575
1783743598,cpu_cores,pod=workload-edge-7b875fd8c6-pxwvc,0.0020685279721014242
1783743608,cpu_cores,pod=workload-edge-7b875fd8c6-pxwvc,0.0021135599024959878
1783743618,cpu_cores,pod=workload-edge-7b875fd8c6-pxwvc,0.0021135599024959873
1783743628,cpu_cores,pod=workload-edge-7b875fd8c6-pxwvc,0.002185667208943359
1783743638,cpu_cores,pod=workload-edge-7b875fd8c6-pxwvc,0.0022101537710519977
1783743648,cpu_cores,pod=workload-edge-7b875fd8c6-pxwvc,0.0021340918736485327
1783743658,cpu_cores,pod=workload-edge-7b875fd8c6-pxwvc,0.002102065447589614
1783743668,cpu_cores,pod=workload-edge-7b875fd8c6-pxwvc,0.00204995283018878
1783743678,cpu_cores,pod=workload-edge-7b875fd8c6-pxwvc,0.00204995283018878
1783743688,cpu_cores,pod=workload-edge-7b875fd8c6-pxwvc,0.0021541851215763695
1783743698,cpu_cores,pod=workload-edge-7b875fd8c6-pxwvc,0.0021541851215763695
1783743708,cpu_cores,pod=workload-edge-7b875fd8c6-pxwvc,0.0021495572911437466
1783743718,cpu_cores,pod=workload-edge-7b875fd8c6-pxwvc,0.0021453195010696377
1783743728,cpu_cores,pod=workload-edge-7b875fd8c6-pxwvc,0.002088676627190302
1783743738,cpu_cores,pod=workload-edge-7b875fd8c6-pxwvc,0.0021158620418746145
1783743748,cpu_cores,pod=workload-edge-7b875fd8c6-pxwvc,0.00213215037593993
1783743758,cpu_cores,pod=workload-edge-7b875fd8c6-pxwvc,0.002113643659711055
1783743768,cpu_cores,pod=workload-edge-7b875fd8c6-pxwvc,0.0021204895281352527
1783743778,cpu_cores,pod=workload-edge-7b875fd8c6-pxwvc,0.002120291835314026
1783743788,cpu_cores,pod=workload-edge-7b875fd8c6-pxwvc,0.002120291835314026
1783743798,cpu_cores,pod=workload-edge-7b875fd8c6-pxwvc,0.002086029560056435
1783743808,cpu_cores,pod=workload-edge-7b875fd8c6-pxwvc,0.0020770398238601443
1783743818,cpu_cores,pod=workload-edge-7b875fd8c6-pxwvc,0.0018453981856248187
1783743828,cpu_cores,pod=workload-edge-7b875fd8c6-pxwvc,0.0021549718662821774
1783743838,cpu_cores,pod=workload-edge-7b875fd8c6-pxwvc,0.002282656562036015
1783743848,cpu_cores,pod=workload-edge-7b875fd8c6-pxwvc,0.002247479289035279
1783743858,cpu_cores,pod=workload-edge-7b875fd8c6-pxwvc,0.0019320268985225705
1783743868,cpu_cores,pod=workload-edge-7b875fd8c6-pxwvc,0.002228778927730608
1783743878,cpu_cores,pod=workload-edge-7b875fd8c6-pxwvc,0.0021798964492509404
1783743888,cpu_cores,pod=workload-edge-7b875fd8c6-pxwvc,0.002200892424095425
1783743898,cpu_cores,pod=workload-edge-7b875fd8c6-pxwvc,0.002273084016795406
1783743908,cpu_cores,pod=workload-edge-7b875fd8c6-pxwvc,0.0022655247626378926
1783743918,cpu_cores,pod=workload-edge-7b875fd8c6-pxwvc,0.0022655247626378926
1783743928,cpu_cores,pod=workload-edge-7b875fd8c6-pxwvc,0.002235383944153661
1783743938,cpu_cores,pod=workload-edge-7b875fd8c6-pxwvc,0.002235383944153661
1783743948,cpu_cores,pod=workload-edge-7b875fd8c6-pxwvc,0.002171040199278472
1783743958,cpu_cores,pod=workload-edge-7b875fd8c6-pxwvc,0.0021280925020182397
1783743968,cpu_cores,pod=workload-edge-7b875fd8c6-pxwvc,0.0017610105599610664
1783743978,cpu_cores,pod=workload-edge-7b875fd8c6-pxwvc,0.0018536379268489075
1783743988,cpu_cores,pod=workload-edge-7b875fd8c6-pxwvc,0.002080876685934553
1783743998,cpu_cores,pod=workload-edge-7b875fd8c6-pxwvc,0.0017179371106294682
1783744008,cpu_cores,pod=workload-edge-7b875fd8c6-pxwvc,0.002074046815905035
1783744018,cpu_cores,pod=workload-edge-7b875fd8c6-pxwvc,0.001997159856541772
1783744028,cpu_cores,pod=workload-edge-7b875fd8c6-pxwvc,0.0020828098716009855
1783744038,cpu_cores,pod=workload-edge-7b875fd8c6-pxwvc,0.0020828098716009855
1783744048,cpu_cores,pod=workload-edge-7b875fd8c6-pxwvc,0.0021045824940487687
1783744058,cpu_cores,pod=workload-edge-7b875fd8c6-pxwvc,0.0021045824940487687
1783744068,cpu_cores,pod=workload-edge-7b875fd8c6-pxwvc,0.002109605859192986
1783744078,cpu_cores,pod=workload-edge-7b875fd8c6-pxwvc,0.0020870156204737924
1783744088,cpu_cores,pod=workload-edge-7b875fd8c6-pxwvc,0.0021019114654568832
1783744098,cpu_cores,pod=workload-edge-7b875fd8c6-pxwvc,0.0020996168582375985
1783744108,cpu_cores,pod=workload-edge-7b875fd8c6-pxwvc,0.002085963352595411
1783744118,cpu_cores,pod=workload-edge-7b875fd8c6-pxwvc,0.0020846010320888873
1783744128,cpu_cores,pod=workload-edge-7b875fd8c6-pxwvc,0.0020663195516921373
1783744138,cpu_cores,pod=workload-edge-7b875fd8c6-pxwvc,0.0020041632176072033
1783744148,cpu_cores,pod=workload-edge-7b875fd8c6-pxwvc,0.0020128250404267338
1783744158,cpu_cores,pod=workload-edge-7b875fd8c6-pxwvc,0.0020174299463517685
1783744168,cpu_cores,pod=workload-edge-7b875fd8c6-pxwvc,0.0019816035460829932
1783744178,cpu_cores,pod=workload-edge-7b875fd8c6-pxwvc,0.002055926716716089
1783744188,cpu_cores,pod=workload-edge-7b875fd8c6-pxwvc,0.0020102628111781633
1783743548,cpu_utilisation,pod=workload-cloud-6f545f89ff-9hvzm,0.010121571813573918
1783743558,cpu_utilisation,pod=workload-cloud-6f545f89ff-9hvzm,0.010761290904179816
1783743568,cpu_utilisation,pod=workload-cloud-6f545f89ff-9hvzm,0.033644287370142086
1783743578,cpu_utilisation,pod=workload-cloud-6f545f89ff-9hvzm,0.09967137044648036
1783743588,cpu_utilisation,pod=workload-cloud-6f545f89ff-9hvzm,0.09620679385783666
1783743598,cpu_utilisation,pod=workload-cloud-6f545f89ff-9hvzm,0.2752323492279142
1783743608,cpu_utilisation,pod=workload-cloud-6f545f89ff-9hvzm,0.42495669503392397
1783743618,cpu_utilisation,pod=workload-cloud-6f545f89ff-9hvzm,0.49553076923077727
1783743628,cpu_utilisation,pod=workload-cloud-6f545f89ff-9hvzm,0.5633498300125038
1783743638,cpu_utilisation,pod=workload-cloud-6f545f89ff-9hvzm,0.6820347829949764
1783743648,cpu_utilisation,pod=workload-cloud-6f545f89ff-9hvzm,0.6820347829949763
1783743658,cpu_utilisation,pod=workload-cloud-6f545f89ff-9hvzm,0.7530610488261494
1783743668,cpu_utilisation,pod=workload-cloud-6f545f89ff-9hvzm,0.7531782072563166
1783743678,cpu_utilisation,pod=workload-cloud-6f545f89ff-9hvzm,0.8155595667869933
1783743688,cpu_utilisation,pod=workload-cloud-6f545f89ff-9hvzm,0.8579984921308017
1783743698,cpu_utilisation,pod=workload-cloud-6f545f89ff-9hvzm,0.8895901455453205
1783743708,cpu_utilisation,pod=workload-cloud-6f545f89ff-9hvzm,0.9122317681007367
1783743718,cpu_utilisation,pod=workload-cloud-6f545f89ff-9hvzm,0.9485957280686959
1783743728,cpu_utilisation,pod=workload-cloud-6f545f89ff-9hvzm,0.960161718406778
1783743738,cpu_utilisation,pod=workload-cloud-6f545f89ff-9hvzm,0.9944650602409746
1783743748,cpu_utilisation,pod=workload-cloud-6f545f89ff-9hvzm,0.923056784188705
1783743758,cpu_utilisation,pod=workload-cloud-6f545f89ff-9hvzm,1.0982270491604962
1783743768,cpu_utilisation,pod=workload-cloud-6f545f89ff-9hvzm,1.2626005735555323
1783743778,cpu_utilisation,pod=workload-cloud-6f545f89ff-9hvzm,1.5793087748344765
1783743788,cpu_utilisation,pod=workload-cloud-6f545f89ff-9hvzm,1.7670961996418202
1783743798,cpu_utilisation,pod=workload-cloud-6f545f89ff-9hvzm,1.906300334758774
1783743808,cpu_utilisation,pod=workload-cloud-6f545f89ff-9hvzm,1.6062995937553937
1783743818,cpu_utilisation,pod=workload-cloud-6f545f89ff-9hvzm,1.993854957545285
1783743828,cpu_utilisation,pod=workload-cloud-6f545f89ff-9hvzm,1.548639004475701
1783743838,cpu_utilisation,pod=workload-cloud-6f545f89ff-9hvzm,2.063176862437718
1783743848,cpu_utilisation,pod=workload-cloud-6f545f89ff-9hvzm,2.05333478951549
1783743858,cpu_utilisation,pod=workload-cloud-6f545f89ff-9hvzm,2.0556481169487175
1783743868,cpu_utilisation,pod=workload-cloud-6f545f89ff-9hvzm,2.0186803766105013
1783743878,cpu_utilisation,pod=workload-cloud-6f545f89ff-9hvzm,1.593850155150193
1783743888,cpu_utilisation,pod=workload-cloud-6f545f89ff-9hvzm,1.9526423097701189
1783743898,cpu_utilisation,pod=workload-cloud-6f545f89ff-9hvzm,1.8946797486266387
1783743908,cpu_utilisation,pod=workload-cloud-6f545f89ff-9hvzm,1.8934220852792554
1783743918,cpu_utilisation,pod=workload-cloud-6f545f89ff-9hvzm,1.7081798776855328
1783743928,cpu_utilisation,pod=workload-cloud-6f545f89ff-9hvzm,1.2826664425952023
1783743938,cpu_utilisation,pod=workload-cloud-6f545f89ff-9hvzm,1.3354223033284607
1783743948,cpu_utilisation,pod=workload-cloud-6f545f89ff-9hvzm,1.0636378321805295
1783743958,cpu_utilisation,pod=workload-cloud-6f545f89ff-9hvzm,0.9946284999404328
1783743968,cpu_utilisation,pod=workload-cloud-6f545f89ff-9hvzm,0.844624707864694
1783743978,cpu_utilisation,pod=workload-cloud-6f545f89ff-9hvzm,1.015733357717618
1783743988,cpu_utilisation,pod=workload-cloud-6f545f89ff-9hvzm,1.027651523638798
1783743998,cpu_utilisation,pod=workload-cloud-6f545f89ff-9hvzm,1.0467002194185604
1783744008,cpu_utilisation,pod=workload-cloud-6f545f89ff-9hvzm,1.0527356359700963
1783744018,cpu_utilisation,pod=workload-cloud-6f545f89ff-9hvzm,1.0213347318582373
1783744028,cpu_utilisation,pod=workload-cloud-6f545f89ff-9hvzm,1.0213347318582373
1783744038,cpu_utilisation,pod=workload-cloud-6f545f89ff-9hvzm,0.9954866389612582
1783744048,cpu_utilisation,pod=workload-cloud-6f545f89ff-9hvzm,0.9879620441830683
1783744058,cpu_utilisation,pod=workload-cloud-6f545f89ff-9hvzm,1.0010047215890294
1783744068,cpu_utilisation,pod=workload-cloud-6f545f89ff-9hvzm,0.9991912262687493
1783744078,cpu_utilisation,pod=workload-cloud-6f545f89ff-9hvzm,0.9918579007037738
1783744088,cpu_utilisation,pod=workload-cloud-6f545f89ff-9hvzm,0.9918579007037738
1783744098,cpu_utilisation,pod=workload-cloud-6f545f89ff-9hvzm,0.9718011706086201
1783744108,cpu_utilisation,pod=workload-cloud-6f545f89ff-9hvzm,0.9343998128156117
1783744118,cpu_utilisation,pod=workload-cloud-6f545f89ff-9hvzm,0.9343998128156117
1783744128,cpu_utilisation,pod=workload-cloud-6f545f89ff-9hvzm,0.7958793357847028
1783744138,cpu_utilisation,pod=workload-cloud-6f545f89ff-9hvzm,0.4763459513943059
1783744148,cpu_utilisation,pod=workload-cloud-6f545f89ff-9hvzm,0.3883453315881129
1783744158,cpu_utilisation,pod=workload-cloud-6f545f89ff-9hvzm,0.20270070070069207
1783744168,cpu_utilisation,pod=workload-cloud-6f545f89ff-9hvzm,0.012521437470982263
1783744178,cpu_utilisation,pod=workload-cloud-6f545f89ff-9hvzm,0.012027629397676239
1783744188,cpu_utilisation,pod=workload-cloud-6f545f89ff-9hvzm,0.009613798427589132
1783743708,cpu_utilisation,pod=workload-cloud-6f545f89ff-fgs59,0.05123762112661604
1783743718,cpu_utilisation,pod=workload-cloud-6f545f89ff-fgs59,0.07314566887269991
1783743728,cpu_utilisation,pod=workload-cloud-6f545f89ff-fgs59,0.0929550211547857
1783743738,cpu_utilisation,pod=workload-cloud-6f545f89ff-fgs59,0.11436292699533643
1783743748,cpu_utilisation,pod=workload-cloud-6f545f89ff-fgs59,0.19871445637898688
1783743758,cpu_utilisation,pod=workload-cloud-6f545f89ff-fgs59,0.48917213997706016
1783743768,cpu_utilisation,pod=workload-cloud-6f545f89ff-fgs59,0.6229728544314318
1783743778,cpu_utilisation,pod=workload-cloud-6f545f89ff-fgs59,0.9002764161153987
1783743788,cpu_utilisation,pod=workload-cloud-6f545f89ff-fgs59,1.1963764559885917
1783743798,cpu_utilisation,pod=workload-cloud-6f545f89ff-fgs59,1.252331910798711
1783743808,cpu_utilisation,pod=workload-cloud-6f545f89ff-fgs59,1.3164447132283008
1783743818,cpu_utilisation,pod=workload-cloud-6f545f89ff-fgs59,1.359921369299009
1783743828,cpu_utilisation,pod=workload-cloud-6f545f89ff-fgs59,1.359921369299009
1783743838,cpu_utilisation,pod=workload-cloud-6f545f89ff-fgs59,1.3531350512071731
1783743848,cpu_utilisation,pod=workload-cloud-6f545f89ff-fgs59,1.3824076389323003
1783743858,cpu_utilisation,pod=workload-cloud-6f545f89ff-fgs59,1.3651639790804095
1783743868,cpu_utilisation,pod=workload-cloud-6f545f89ff-fgs59,1.3277420183260054
1783743878,cpu_utilisation,pod=workload-cloud-6f545f89ff-fgs59,1.1246743202270413
1783743888,cpu_utilisation,pod=workload-cloud-6f545f89ff-fgs59,1.348247454343563
1783743898,cpu_utilisation,pod=workload-cloud-6f545f89ff-fgs59,1.3403833483078764
1783743908,cpu_utilisation,pod=workload-cloud-6f545f89ff-fgs59,1.3403833483078764
1783743918,cpu_utilisation,pod=workload-cloud-6f545f89ff-fgs59,1.0923381521055944
1783743928,cpu_utilisation,pod=workload-cloud-6f545f89ff-fgs59,0.7044398634348917
1783743938,cpu_utilisation,pod=workload-cloud-6f545f89ff-fgs59,0.44856735972657324
1783743948,cpu_utilisation,pod=workload-cloud-6f545f89ff-fgs59,0.35272712722325583
1783743958,cpu_utilisation,pod=workload-cloud-6f545f89ff-fgs59,0.12584934375532653
1783743968,cpu_utilisation,pod=workload-cloud-6f545f89ff-fgs59,0.12533599691922587
1783743978,cpu_utilisation,pod=workload-cloud-6f545f89ff-fgs59,0.10641836406443204
1783743988,cpu_utilisation,pod=workload-cloud-6f545f89ff-fgs59,0.10616741232988326
1783743998,cpu_utilisation,pod=workload-cloud-6f545f89ff-fgs59,0.1231330296127563
1783744008,cpu_utilisation,pod=workload-cloud-6f545f89ff-fgs59,0.1235726626130266
1783744018,cpu_utilisation,pod=workload-cloud-6f545f89ff-fgs59,0.1235713208685161
1783744028,cpu_utilisation,pod=workload-cloud-6f545f89ff-fgs59,0.12345204317042782
1783744038,cpu_utilisation,pod=workload-cloud-6f545f89ff-fgs59,0.12353908355795168
1783744048,cpu_utilisation,pod=workload-cloud-6f545f89ff-fgs59,0.12401135854132433
1783744058,cpu_utilisation,pod=workload-cloud-6f545f89ff-fgs59,0.09878758343908639
1783744068,cpu_utilisation,pod=workload-cloud-6f545f89ff-fgs59,0.12404267131979706
1783744078,cpu_utilisation,pod=workload-cloud-6f545f89ff-fgs59,0.10646095696656009
1783744088,cpu_utilisation,pod=workload-cloud-6f545f89ff-fgs59,0.12356483375211791
1783744098,cpu_utilisation,pod=workload-cloud-6f545f89ff-fgs59,0.12306702386019355
1783744108,cpu_utilisation,pod=workload-cloud-6f545f89ff-fgs59,0.11176800485037446
1783744118,cpu_utilisation,pod=workload-cloud-6f545f89ff-fgs59,0.07176555982661333
1783744128,cpu_utilisation,pod=workload-cloud-6f545f89ff-fgs59,0.07176555982661333
1783744138,cpu_utilisation,pod=workload-cloud-6f545f89ff-fgs59,0.03992605721252631
1783744148,cpu_utilisation,pod=workload-cloud-6f545f89ff-fgs59,0.008983206243430828
1783744158,cpu_utilisation,pod=workload-cloud-6f545f89ff-fgs59,0.008983206243430828
1783744168,cpu_utilisation,pod=workload-cloud-6f545f89ff-fgs59,0.0091398660986006
1783744178,cpu_utilisation,pod=workload-cloud-6f545f89ff-fgs59,0.009600829560912618
1783743658,cpu_utilisation,pod=workload-cloud-6f545f89ff-nddsz,0.04150324792479247
1783743668,cpu_utilisation,pod=workload-cloud-6f545f89ff-nddsz,0.05901462406240623
1783743678,cpu_utilisation,pod=workload-cloud-6f545f89ff-nddsz,0.04766061537174117
1783743688,cpu_utilisation,pod=workload-cloud-6f545f89ff-nddsz,0.04972073637906395
1783743698,cpu_utilisation,pod=workload-cloud-6f545f89ff-nddsz,0.04292034942738589
1783743708,cpu_utilisation,pod=workload-cloud-6f545f89ff-nddsz,0.05259076930412186
1783743718,cpu_utilisation,pod=workload-cloud-6f545f89ff-nddsz,0.09150911161731207
1783743728,cpu_utilisation,pod=workload-cloud-6f545f89ff-nddsz,0.09884736664289202
1783743738,cpu_utilisation,pod=workload-cloud-6f545f89ff-nddsz,0.15325030449453905
1783743748,cpu_utilisation,pod=workload-cloud-6f545f89ff-nddsz,0.163241665302559
1783743758,cpu_utilisation,pod=workload-cloud-6f545f89ff-nddsz,0.5217437422450596
1783743768,cpu_utilisation,pod=workload-cloud-6f545f89ff-nddsz,0.42106563827205123
1783743778,cpu_utilisation,pod=workload-cloud-6f545f89ff-nddsz,1.099277282445526
1783743788,cpu_utilisation,pod=workload-cloud-6f545f89ff-nddsz,1.423624558580305
1783743798,cpu_utilisation,pod=workload-cloud-6f545f89ff-nddsz,1.5867766278035762
1783743808,cpu_utilisation,pod=workload-cloud-6f545f89ff-nddsz,1.5889596045555776
1783743818,cpu_utilisation,pod=workload-cloud-6f545f89ff-nddsz,1.4061918274952683
1783743828,cpu_utilisation,pod=workload-cloud-6f545f89ff-nddsz,1.6369196331472486
1783743838,cpu_utilisation,pod=workload-cloud-6f545f89ff-nddsz,1.6424023899566558
1783743848,cpu_utilisation,pod=workload-cloud-6f545f89ff-nddsz,1.6455707513529385
1783743858,cpu_utilisation,pod=workload-cloud-6f545f89ff-nddsz,1.6620025540745471
1783743868,cpu_utilisation,pod=workload-cloud-6f545f89ff-nddsz,1.64669811018064
1783743878,cpu_utilisation,pod=workload-cloud-6f545f89ff-nddsz,1.6448677430436276
1783743888,cpu_utilisation,pod=workload-cloud-6f545f89ff-nddsz,1.6564781921228795
1783743898,cpu_utilisation,pod=workload-cloud-6f545f89ff-nddsz,1.6599793722826943
1783743908,cpu_utilisation,pod=workload-cloud-6f545f89ff-nddsz,1.5414443430075793
1783743918,cpu_utilisation,pod=workload-cloud-6f545f89ff-nddsz,1.124126517913116
1783743928,cpu_utilisation,pod=workload-cloud-6f545f89ff-nddsz,0.9186463884637367
1783743938,cpu_utilisation,pod=workload-cloud-6f545f89ff-nddsz,0.6722207466250792
1783743948,cpu_utilisation,pod=workload-cloud-6f545f89ff-nddsz,0.2312209933329887
1783743958,cpu_utilisation,pod=workload-cloud-6f545f89ff-nddsz,0.1984188286691374
1783743968,cpu_utilisation,pod=workload-cloud-6f545f89ff-nddsz,0.12495548925727212
1783743978,cpu_utilisation,pod=workload-cloud-6f545f89ff-nddsz,0.12343833428158792
1783743988,cpu_utilisation,pod=workload-cloud-6f545f89ff-nddsz,0.12269434363514507
1783743998,cpu_utilisation,pod=workload-cloud-6f545f89ff-nddsz,0.12269434363514507
1783744008,cpu_utilisation,pod=workload-cloud-6f545f89ff-nddsz,0.12195766374555261
1783744018,cpu_utilisation,pod=workload-cloud-6f545f89ff-nddsz,0.12267080819687855
1783744028,cpu_utilisation,pod=workload-cloud-6f545f89ff-nddsz,0.1231964926265445
1783744038,cpu_utilisation,pod=workload-cloud-6f545f89ff-nddsz,0.12338690419333236
1783744048,cpu_utilisation,pod=workload-cloud-6f545f89ff-nddsz,0.12306868170852825
1783744058,cpu_utilisation,pod=workload-cloud-6f545f89ff-nddsz,0.1222618277784573
1783744068,cpu_utilisation,pod=workload-cloud-6f545f89ff-nddsz,0.12212635220366211
1783744078,cpu_utilisation,pod=workload-cloud-6f545f89ff-nddsz,0.12131385098418106
1783744088,cpu_utilisation,pod=workload-cloud-6f545f89ff-nddsz,0.12136261828065287
1783744098,cpu_utilisation,pod=workload-cloud-6f545f89ff-nddsz,0.12161068482639555
1783744108,cpu_utilisation,pod=workload-cloud-6f545f89ff-nddsz,0.10845200625325746
1783744118,cpu_utilisation,pod=workload-cloud-6f545f89ff-nddsz,0.08267307574800885
1783744128,cpu_utilisation,pod=workload-cloud-6f545f89ff-nddsz,0.057858254837761455
1783744138,cpu_utilisation,pod=workload-cloud-6f545f89ff-nddsz,0.04694021917702329
1783744148,cpu_utilisation,pod=workload-cloud-6f545f89ff-nddsz,0.019927653700174346
1783744158,cpu_utilisation,pod=workload-cloud-6f545f89ff-nddsz,0.008959013802549378
1783744168,cpu_utilisation,pod=workload-cloud-6f545f89ff-nddsz,0.008946164013335324
1783744178,cpu_utilisation,pod=workload-cloud-6f545f89ff-nddsz,0.009363465609253432
1783744188,cpu_utilisation,pod=workload-cloud-6f545f89ff-nddsz,0.009243510174278402
1783743628,cpu_utilisation,pod=workload-cloud-6f545f89ff-vmt54,0.0681676812781355
1783743638,cpu_utilisation,pod=workload-cloud-6f545f89ff-vmt54,0.09787706642828652
1783743648,cpu_utilisation,pod=workload-cloud-6f545f89ff-vmt54,0.14345105722487117
1783743658,cpu_utilisation,pod=workload-cloud-6f545f89ff-vmt54,0.20242357305912456
1783743668,cpu_utilisation,pod=workload-cloud-6f545f89ff-vmt54,0.24755043174484578
1783743678,cpu_utilisation,pod=workload-cloud-6f545f89ff-vmt54,0.3214771095868559
1783743688,cpu_utilisation,pod=workload-cloud-6f545f89ff-vmt54,0.39751601657120866
1783743698,cpu_utilisation,pod=workload-cloud-6f545f89ff-vmt54,0.39751601657120866
1783743708,cpu_utilisation,pod=workload-cloud-6f545f89ff-vmt54,0.4501628661043529
1783743718,cpu_utilisation,pod=workload-cloud-6f545f89ff-vmt54,0.3282077500000001
1783743728,cpu_utilisation,pod=workload-cloud-6f545f89ff-vmt54,0.49139004237739314
1783743738,cpu_utilisation,pod=workload-cloud-6f545f89ff-vmt54,0.5613503946618927
1783743748,cpu_utilisation,pod=workload-cloud-6f545f89ff-vmt54,0.5862098419917205
1783743758,cpu_utilisation,pod=workload-cloud-6f545f89ff-vmt54,0.6994446654384053
1783743768,cpu_utilisation,pod=workload-cloud-6f545f89ff-vmt54,0.9973189893306977
1783743778,cpu_utilisation,pod=workload-cloud-6f545f89ff-vmt54,1.1135691809347523
1783743788,cpu_utilisation,pod=workload-cloud-6f545f89ff-vmt54,1.286519143680527
1783743798,cpu_utilisation,pod=workload-cloud-6f545f89ff-vmt54,1.4620695710908476
1783743808,cpu_utilisation,pod=workload-cloud-6f545f89ff-vmt54,1.4620695710908476
1783743818,cpu_utilisation,pod=workload-cloud-6f545f89ff-vmt54,1.4644121927554978
1783743828,cpu_utilisation,pod=workload-cloud-6f545f89ff-vmt54,1.535790959833643
1783743838,cpu_utilisation,pod=workload-cloud-6f545f89ff-vmt54,1.0480991249999998
1783743848,cpu_utilisation,pod=workload-cloud-6f545f89ff-vmt54,1.5639501600161134
1783743858,cpu_utilisation,pod=workload-cloud-6f545f89ff-vmt54,1.6016598885728388
1783743868,cpu_utilisation,pod=workload-cloud-6f545f89ff-vmt54,1.5905437228396226
1783743878,cpu_utilisation,pod=workload-cloud-6f545f89ff-vmt54,1.5614943086003374
1783743888,cpu_utilisation,pod=workload-cloud-6f545f89ff-vmt54,1.5811669274568603
1783743898,cpu_utilisation,pod=workload-cloud-6f545f89ff-vmt54,1.5811669274568603
1783743908,cpu_utilisation,pod=workload-cloud-6f545f89ff-vmt54,1.4305145166479005
1783743918,cpu_utilisation,pod=workload-cloud-6f545f89ff-vmt54,1.3707192565186754
1783743928,cpu_utilisation,pod=workload-cloud-6f545f89ff-vmt54,0.9234038391684598
1783743938,cpu_utilisation,pod=workload-cloud-6f545f89ff-vmt54,0.866710719530103
1783743948,cpu_utilisation,pod=workload-cloud-6f545f89ff-vmt54,0.720824306630163
1783743958,cpu_utilisation,pod=workload-cloud-6f545f89ff-vmt54,0.7151717132837228
1783743968,cpu_utilisation,pod=workload-cloud-6f545f89ff-vmt54,0.7146686936692372
1783743978,cpu_utilisation,pod=workload-cloud-6f545f89ff-vmt54,0.7146686936692372
1783743988,cpu_utilisation,pod=workload-cloud-6f545f89ff-vmt54,0.7074275295420969
1783743998,cpu_utilisation,pod=workload-cloud-6f545f89ff-vmt54,0.709473395331496
1783744008,cpu_utilisation,pod=workload-cloud-6f545f89ff-vmt54,0.709473395331496
1783744018,cpu_utilisation,pod=workload-cloud-6f545f89ff-vmt54,0.7062802554331019
1783744028,cpu_utilisation,pod=workload-cloud-6f545f89ff-vmt54,0.7038671614409605
1783744038,cpu_utilisation,pod=workload-cloud-6f545f89ff-vmt54,0.6967187531182024
1783744048,cpu_utilisation,pod=workload-cloud-6f545f89ff-vmt54,0.6956488795744001
1783744058,cpu_utilisation,pod=workload-cloud-6f545f89ff-vmt54,0.5799227545644517
1783744068,cpu_utilisation,pod=workload-cloud-6f545f89ff-vmt54,0.7015147466858509
1783744078,cpu_utilisation,pod=workload-cloud-6f545f89ff-vmt54,0.7042554864899156
1783744088,cpu_utilisation,pod=workload-cloud-6f545f89ff-vmt54,0.7005426257615
1783744098,cpu_utilisation,pod=workload-cloud-6f545f89ff-vmt54,0.6979029285039509
1783744108,cpu_utilisation,pod=workload-cloud-6f545f89ff-vmt54,0.6520909009673163
1783744118,cpu_utilisation,pod=workload-cloud-6f545f89ff-vmt54,0.5292989212361031
1783744128,cpu_utilisation,pod=workload-cloud-6f545f89ff-vmt54,0.3866827333948658
1783744138,cpu_utilisation,pod=workload-cloud-6f545f89ff-vmt54,0.27784058475461293
1783744148,cpu_utilisation,pod=workload-cloud-6f545f89ff-vmt54,0.08771048582105836
1783744158,cpu_utilisation,pod=workload-cloud-6f545f89ff-vmt54,0.06876624823590571
1783744168,cpu_utilisation,pod=workload-cloud-6f545f89ff-vmt54,0.00780509150615946
1783744178,cpu_utilisation,pod=workload-cloud-6f545f89ff-vmt54,0.009162791263907316
1783744188,cpu_utilisation,pod=workload-cloud-6f545f89ff-vmt54,0.009029965380471001
1783743768,cpu_utilisation,pod=workload-cloud-6f545f89ff-wn2r4,0.23467555717379934
1783743778,cpu_utilisation,pod=workload-cloud-6f545f89ff-wn2r4,0.40798187015958054
1783743788,cpu_utilisation,pod=workload-cloud-6f545f89ff-wn2r4,0.5347754757839527
1783743798,cpu_utilisation,pod=workload-cloud-6f545f89ff-wn2r4,0.7162392408245994
1783743808,cpu_utilisation,pod=workload-cloud-6f545f89ff-wn2r4,0.5997999999999999
1783743818,cpu_utilisation,pod=workload-cloud-6f545f89ff-wn2r4,0.9615012340139107
1783743828,cpu_utilisation,pod=workload-cloud-6f545f89ff-wn2r4,0.986181917785129
1783743838,cpu_utilisation,pod=workload-cloud-6f545f89ff-wn2r4,0.9924644824586838
1783743848,cpu_utilisation,pod=workload-cloud-6f545f89ff-wn2r4,0.986816639363445
1783743858,cpu_utilisation,pod=workload-cloud-6f545f89ff-wn2r4,0.836676766169743
1783743868,cpu_utilisation,pod=workload-cloud-6f545f89ff-wn2r4,0.9729594807009374
1783743878,cpu_utilisation,pod=workload-cloud-6f545f89ff-wn2r4,0.9564038490509188
1783743888,cpu_utilisation,pod=workload-cloud-6f545f89ff-wn2r4,0.9477107770251665
1783743898,cpu_utilisation,pod=workload-cloud-6f545f89ff-wn2r4,0.8486859604942157
1783743908,cpu_utilisation,pod=workload-cloud-6f545f89ff-wn2r4,0.5245345011839154
1783743918,cpu_utilisation,pod=workload-cloud-6f545f89ff-wn2r4,0.5245345011839154
1783743928,cpu_utilisation,pod=workload-cloud-6f545f89ff-wn2r4,0.1866420870626526
1783743938,cpu_utilisation,pod=workload-cloud-6f545f89ff-wn2r4,0.013196969696969674
1783743948,cpu_utilisation,pod=workload-cloud-6f545f89ff-wn2r4,0.012089534155846644
1783743958,cpu_utilisation,pod=workload-cloud-6f545f89ff-wn2r4,0.009081332300542169
1783743968,cpu_utilisation,pod=workload-cloud-6f545f89ff-wn2r4,0.006202249999999853
1783743978,cpu_utilisation,pod=workload-cloud-6f545f89ff-wn2r4,0.008971308450924793
1783743988,cpu_utilisation,pod=workload-cloud-6f545f89ff-wn2r4,0.008706166482253926
1783743998,cpu_utilisation,pod=workload-cloud-6f545f89ff-wn2r4,0.008706166482253926
1783744008,cpu_utilisation,pod=workload-cloud-6f545f89ff-wn2r4,0.008711770071294242
1783744018,cpu_utilisation,pod=workload-cloud-6f545f89ff-wn2r4,0.008755059227394705
1783744028,cpu_utilisation,pod=workload-cloud-6f545f89ff-wn2r4,0.008755059227394705
1783744038,cpu_utilisation,pod=workload-cloud-6f545f89ff-wn2r4,0.008715919193914559
1783744048,cpu_utilisation,pod=workload-cloud-6f545f89ff-wn2r4,0.006993823872028976
1783744058,cpu_utilisation,pod=workload-cloud-6f545f89ff-wn2r4,0.0076681655196723176
1783744068,cpu_utilisation,pod=workload-cloud-6f545f89ff-wn2r4,0.008756625825512704
1783744078,cpu_utilisation,pod=workload-cloud-6f545f89ff-wn2r4,0.008651183295593494
1783744088,cpu_utilisation,pod=workload-cloud-6f545f89ff-wn2r4,0.008651183295593494
1783744098,cpu_utilisation,pod=workload-cloud-6f545f89ff-wn2r4,0.008600691987104087
1783744108,cpu_utilisation,pod=workload-cloud-6f545f89ff-wn2r4,0.008504173354735573
1783744118,cpu_utilisation,pod=workload-cloud-6f545f89ff-wn2r4,0.00888110366437484
1783744128,cpu_utilisation,pod=workload-cloud-6f545f89ff-wn2r4,0.008952685057689825
1783744138,cpu_utilisation,pod=workload-cloud-6f545f89ff-wn2r4,0.007553397608932556
1783744148,cpu_utilisation,pod=workload-cloud-6f545f89ff-wn2r4,0.009215553390656118
1783744158,cpu_utilisation,pod=workload-cloud-6f545f89ff-wn2r4,0.007414553912645609
1783744168,cpu_utilisation,pod=workload-cloud-6f545f89ff-wn2r4,0.00884489602830181
1783744178,cpu_utilisation,pod=workload-cloud-6f545f89ff-wn2r4,0.00897861040643859
1783744188,cpu_utilisation,pod=workload-cloud-6f545f89ff-wn2r4,0.008872372372372183
1783743768,cpu_utilisation,pod=workload-cloud-6f545f89ff-wtk79,0.17063086236620797
1783743778,cpu_utilisation,pod=workload-cloud-6f545f89ff-wtk79,0.2936608945555995
1783743788,cpu_utilisation,pod=workload-cloud-6f545f89ff-wtk79,0.40972022032789185
1783743798,cpu_utilisation,pod=workload-cloud-6f545f89ff-wtk79,0.5067137673565525
1783743808,cpu_utilisation,pod=workload-cloud-6f545f89ff-wtk79,0.6232862821545233
1783743818,cpu_utilisation,pod=workload-cloud-6f545f89ff-wtk79,0.6390957329934962
1783743828,cpu_utilisation,pod=workload-cloud-6f545f89ff-wtk79,0.6495886873399004
1783743838,cpu_utilisation,pod=workload-cloud-6f545f89ff-wtk79,0.6556488834011028
1783743848,cpu_utilisation,pod=workload-cloud-6f545f89ff-wtk79,0.5624076090550724
1783743858,cpu_utilisation,pod=workload-cloud-6f545f89ff-wtk79,0.6620656466499671
1783743868,cpu_utilisation,pod=workload-cloud-6f545f89ff-wtk79,0.648247166412005
1783743878,cpu_utilisation,pod=workload-cloud-6f545f89ff-wtk79,0.649661606031263
1783743888,cpu_utilisation,pod=workload-cloud-6f545f89ff-wtk79,0.6458841749148514
1783743898,cpu_utilisation,pod=workload-cloud-6f545f89ff-wtk79,0.5756484549406652
1783743908,cpu_utilisation,pod=workload-cloud-6f545f89ff-wtk79,0.48584249889946346
1783743918,cpu_utilisation,pod=workload-cloud-6f545f89ff-wtk79,0.3507177903164657
1783743928,cpu_utilisation,pod=workload-cloud-6f545f89ff-wtk79,0.15218235561618906
1783743938,cpu_utilisation,pod=workload-cloud-6f545f89ff-wtk79,0.009145529636259102
1783743948,cpu_utilisation,pod=workload-cloud-6f545f89ff-wtk79,0.01012470803290343
1783743958,cpu_utilisation,pod=workload-cloud-6f545f89ff-wtk79,0.009093323906675917
1783743968,cpu_utilisation,pod=workload-cloud-6f545f89ff-wtk79,0.009093323906675917
1783743978,cpu_utilisation,pod=workload-cloud-6f545f89ff-wtk79,0.00894147897292564
1783743988,cpu_utilisation,pod=workload-cloud-6f545f89ff-wtk79,0.0088960285216815
1783743998,cpu_utilisation,pod=workload-cloud-6f545f89ff-wtk79,0.008900274667230174
1783744008,cpu_utilisation,pod=workload-cloud-6f545f89ff-wtk79,0.00847258735242104
1783744018,cpu_utilisation,pod=workload-cloud-6f545f89ff-wtk79,0.006716293373436726
1783744028,cpu_utilisation,pod=workload-cloud-6f545f89ff-wtk79,0.008569331415397091
1783744038,cpu_utilisation,pod=workload-cloud-6f545f89ff-wtk79,0.008472299378818866
1783744048,cpu_utilisation,pod=workload-cloud-6f545f89ff-wtk79,0.00827396267439728
1783744058,cpu_utilisation,pod=workload-cloud-6f545f89ff-wtk79,0.008575143318114582
1783744068,cpu_utilisation,pod=workload-cloud-6f545f89ff-wtk79,0.008605094378380605
1783744078,cpu_utilisation,pod=workload-cloud-6f545f89ff-wtk79,0.008525138041267062
1783744088,cpu_utilisation,pod=workload-cloud-6f545f89ff-wtk79,0.008935171230494815
1783744098,cpu_utilisation,pod=workload-cloud-6f545f89ff-wtk79,0.008935171230494815
1783744108,cpu_utilisation,pod=workload-cloud-6f545f89ff-wtk79,0.008700774393391899
1783744118,cpu_utilisation,pod=workload-cloud-6f545f89ff-wtk79,0.0088388273014945
1783744128,cpu_utilisation,pod=workload-cloud-6f545f89ff-wtk79,0.0088388273014945
1783744138,cpu_utilisation,pod=workload-cloud-6f545f89ff-wtk79,0.008761111111111186
1783744148,cpu_utilisation,pod=workload-cloud-6f545f89ff-wtk79,0.007033396141266036
1783744158,cpu_utilisation,pod=workload-cloud-6f545f89ff-wtk79,0.007394378752534654
1783744168,cpu_utilisation,pod=workload-cloud-6f545f89ff-wtk79,0.008841538358398987
1783744178,cpu_utilisation,pod=workload-cloud-6f545f89ff-wtk79,0.008933988631724288
1783744188,cpu_utilisation,pod=workload-cloud-6f545f89ff-wtk79,0.00914910580921235
1783743548,cpu_utilisation,pod=workload-edge-7b875fd8c6-pxwvc,0.021117937199981236
1783743558,cpu_utilisation,pod=workload-edge-7b875fd8c6-pxwvc,0.02088378566457869
1783743568,cpu_utilisation,pod=workload-edge-7b875fd8c6-pxwvc,0.020725510738607334
1783743578,cpu_utilisation,pod=workload-edge-7b875fd8c6-pxwvc,0.02075941797887125
1783743588,cpu_utilisation,pod=workload-edge-7b875fd8c6-pxwvc,0.020384816996084573
1783743598,cpu_utilisation,pod=workload-edge-7b875fd8c6-pxwvc,0.020685279721014242
1783743608,cpu_utilisation,pod=workload-edge-7b875fd8c6-pxwvc,0.021135599024959876
1783743618,cpu_utilisation,pod=workload-edge-7b875fd8c6-pxwvc,0.021135599024959872
1783743628,cpu_utilisation,pod=workload-edge-7b875fd8c6-pxwvc,0.021856672089433586
1783743638,cpu_utilisation,pod=workload-edge-7b875fd8c6-pxwvc,0.022101537710519977
1783743648,cpu_utilisation,pod=workload-edge-7b875fd8c6-pxwvc,0.021340918736485325
1783743658,cpu_utilisation,pod=workload-edge-7b875fd8c6-pxwvc,0.021020654475896138
1783743668,cpu_utilisation,pod=workload-edge-7b875fd8c6-pxwvc,0.0204995283018878
1783743678,cpu_utilisation,pod=workload-edge-7b875fd8c6-pxwvc,0.0204995283018878
1783743688,cpu_utilisation,pod=workload-edge-7b875fd8c6-pxwvc,0.021541851215763692
1783743698,cpu_utilisation,pod=workload-edge-7b875fd8c6-pxwvc,0.021541851215763692
1783743708,cpu_utilisation,pod=workload-edge-7b875fd8c6-pxwvc,0.021495572911437465
1783743718,cpu_utilisation,pod=workload-edge-7b875fd8c6-pxwvc,0.021453195010696376
1783743728,cpu_utilisation,pod=workload-edge-7b875fd8c6-pxwvc,0.02088676627190302
1783743738,cpu_utilisation,pod=workload-edge-7b875fd8c6-pxwvc,0.021158620418746145
1783743748,cpu_utilisation,pod=workload-edge-7b875fd8c6-pxwvc,0.0213215037593993
1783743758,cpu_utilisation,pod=workload-edge-7b875fd8c6-pxwvc,0.02113643659711055
1783743768,cpu_utilisation,pod=workload-edge-7b875fd8c6-pxwvc,0.021204895281352526
1783743778,cpu_utilisation,pod=workload-edge-7b875fd8c6-pxwvc,0.02120291835314026
1783743788,cpu_utilisation,pod=workload-edge-7b875fd8c6-pxwvc,0.02120291835314026
1783743798,cpu_utilisation,pod=workload-edge-7b875fd8c6-pxwvc,0.02086029560056435
1783743808,cpu_utilisation,pod=workload-edge-7b875fd8c6-pxwvc,0.020770398238601443
1783743818,cpu_utilisation,pod=workload-edge-7b875fd8c6-pxwvc,0.018453981856248185
1783743828,cpu_utilisation,pod=workload-edge-7b875fd8c6-pxwvc,0.021549718662821772
1783743838,cpu_utilisation,pod=workload-edge-7b875fd8c6-pxwvc,0.02282656562036015
1783743848,cpu_utilisation,pod=workload-edge-7b875fd8c6-pxwvc,0.02247479289035279
1783743858,cpu_utilisation,pod=workload-edge-7b875fd8c6-pxwvc,0.019320268985225705
1783743868,cpu_utilisation,pod=workload-edge-7b875fd8c6-pxwvc,0.022287789277306076
1783743878,cpu_utilisation,pod=workload-edge-7b875fd8c6-pxwvc,0.021798964492509402
1783743888,cpu_utilisation,pod=workload-edge-7b875fd8c6-pxwvc,0.02200892424095425
1783743898,cpu_utilisation,pod=workload-edge-7b875fd8c6-pxwvc,0.02273084016795406
1783743908,cpu_utilisation,pod=workload-edge-7b875fd8c6-pxwvc,0.022655247626378924
1783743918,cpu_utilisation,pod=workload-edge-7b875fd8c6-pxwvc,0.022655247626378924
1783743928,cpu_utilisation,pod=workload-edge-7b875fd8c6-pxwvc,0.02235383944153661
1783743938,cpu_utilisation,pod=workload-edge-7b875fd8c6-pxwvc,0.02235383944153661
1783743948,cpu_utilisation,pod=workload-edge-7b875fd8c6-pxwvc,0.02171040199278472
1783743958,cpu_utilisation,pod=workload-edge-7b875fd8c6-pxwvc,0.021280925020182397
1783743968,cpu_utilisation,pod=workload-edge-7b875fd8c6-pxwvc,0.017610105599610664
1783743978,cpu_utilisation,pod=workload-edge-7b875fd8c6-pxwvc,0.018536379268489073
1783743988,cpu_utilisation,pod=workload-edge-7b875fd8c6-pxwvc,0.020808766859345528
1783743998,cpu_utilisation,pod=workload-edge-7b875fd8c6-pxwvc,0.01717937110629468
1783744008,cpu_utilisation,pod=workload-edge-7b875fd8c6-pxwvc,0.020740468159050347
1783744018,cpu_utilisation,pod=workload-edge-7b875fd8c6-pxwvc,0.01997159856541772
1783744028,cpu_utilisation,pod=workload-edge-7b875fd8c6-pxwvc,0.020828098716009855
1783744038,cpu_utilisation,pod=workload-edge-7b875fd8c6-pxwvc,0.020828098716009855
1783744048,cpu_utilisation,pod=workload-edge-7b875fd8c6-pxwvc,0.021045824940487685
1783744058,cpu_utilisation,pod=workload-edge-7b875fd8c6-pxwvc,0.021045824940487685
1783744068,cpu_utilisation,pod=workload-edge-7b875fd8c6-pxwvc,0.021096058591929857
1783744078,cpu_utilisation,pod=workload-edge-7b875fd8c6-pxwvc,0.020870156204737922
1783744088,cpu_utilisation,pod=workload-edge-7b875fd8c6-pxwvc,0.02101911465456883
1783744098,cpu_utilisation,pod=workload-edge-7b875fd8c6-pxwvc,0.020996168582375983
1783744108,cpu_utilisation,pod=workload-edge-7b875fd8c6-pxwvc,0.02085963352595411
1783744118,cpu_utilisation,pod=workload-edge-7b875fd8c6-pxwvc,0.020846010320888873
1783744128,cpu_utilisation,pod=workload-edge-7b875fd8c6-pxwvc,0.020663195516921373
1783744138,cpu_utilisation,pod=workload-edge-7b875fd8c6-pxwvc,0.020041632176072032
1783744148,cpu_utilisation,pod=workload-edge-7b875fd8c6-pxwvc,0.020128250404267335
1783744158,cpu_utilisation,pod=workload-edge-7b875fd8c6-pxwvc,0.020174299463517682
1783744168,cpu_utilisation,pod=workload-edge-7b875fd8c6-pxwvc,0.019816035460829932
1783744178,cpu_utilisation,pod=workload-edge-7b875fd8c6-pxwvc,0.02055926716716089
1783744188,cpu_utilisation,pod=workload-edge-7b875fd8c6-pxwvc,0.020102628111781633
1783743548,mem_mib,pod=workload-cloud-6f545f89ff-9hvzm,40.6796875
1783743558,mem_mib,pod=workload-cloud-6f545f89ff-9hvzm,40.6796875
1783743568,mem_mib,pod=workload-cloud-6f545f89ff-9hvzm,40.7109375
1783743578,mem_mib,pod=workload-cloud-6f545f89ff-9hvzm,41.24609375
1783743588,mem_mib,pod=workload-cloud-6f545f89ff-9hvzm,41.24609375
1783743598,mem_mib,pod=workload-cloud-6f545f89ff-9hvzm,40.7890625
1783743608,mem_mib,pod=workload-cloud-6f545f89ff-9hvzm,40.859375
1783743618,mem_mib,pod=workload-cloud-6f545f89ff-9hvzm,40.79296875
1783743628,mem_mib,pod=workload-cloud-6f545f89ff-9hvzm,40.79296875
1783743638,mem_mib,pod=workload-cloud-6f545f89ff-9hvzm,41.15625
1783743648,mem_mib,pod=workload-cloud-6f545f89ff-9hvzm,41.15625
1783743658,mem_mib,pod=workload-cloud-6f545f89ff-9hvzm,40.953125
1783743668,mem_mib,pod=workload-cloud-6f545f89ff-9hvzm,40.953125
1783743678,mem_mib,pod=workload-cloud-6f545f89ff-9hvzm,41.2265625
1783743688,mem_mib,pod=workload-cloud-6f545f89ff-9hvzm,41.74609375
1783743698,mem_mib,pod=workload-cloud-6f545f89ff-9hvzm,41.74609375
1783743708,mem_mib,pod=workload-cloud-6f545f89ff-9hvzm,41.54296875
1783743718,mem_mib,pod=workload-cloud-6f545f89ff-9hvzm,41.54296875
1783743728,mem_mib,pod=workload-cloud-6f545f89ff-9hvzm,41.33984375
1783743738,mem_mib,pod=workload-cloud-6f545f89ff-9hvzm,41.453125
1783743748,mem_mib,pod=workload-cloud-6f545f89ff-9hvzm,41.48828125
1783743758,mem_mib,pod=workload-cloud-6f545f89ff-9hvzm,41.48828125
1783743768,mem_mib,pod=workload-cloud-6f545f89ff-9hvzm,41.93359375
1783743778,mem_mib,pod=workload-cloud-6f545f89ff-9hvzm,42.18359375
1783743788,mem_mib,pod=workload-cloud-6f545f89ff-9hvzm,43.50390625
1783743798,mem_mib,pod=workload-cloud-6f545f89ff-9hvzm,42.65625
1783743808,mem_mib,pod=workload-cloud-6f545f89ff-9hvzm,42.65625
1783743818,mem_mib,pod=workload-cloud-6f545f89ff-9hvzm,41.89453125
1783743828,mem_mib,pod=workload-cloud-6f545f89ff-9hvzm,41.89453125
1783743838,mem_mib,pod=workload-cloud-6f545f89ff-9hvzm,42.18359375
1783743848,mem_mib,pod=workload-cloud-6f545f89ff-9hvzm,42.171875
1783743858,mem_mib,pod=workload-cloud-6f545f89ff-9hvzm,42.171875
1783743868,mem_mib,pod=workload-cloud-6f545f89ff-9hvzm,41.921875
1783743878,mem_mib,pod=workload-cloud-6f545f89ff-9hvzm,41.921875
1783743888,mem_mib,pod=workload-cloud-6f545f89ff-9hvzm,42.6640625
1783743898,mem_mib,pod=workload-cloud-6f545f89ff-9hvzm,42.22265625
1783743908,mem_mib,pod=workload-cloud-6f545f89ff-9hvzm,42.22265625
1783743918,mem_mib,pod=workload-cloud-6f545f89ff-9hvzm,42.69140625
1783743928,mem_mib,pod=workload-cloud-6f545f89ff-9hvzm,42.69140625
1783743938,mem_mib,pod=workload-cloud-6f545f89ff-9hvzm,41.41015625
1783743948,mem_mib,pod=workload-cloud-6f545f89ff-9hvzm,42.1953125
1783743958,mem_mib,pod=workload-cloud-6f545f89ff-9hvzm,42.125
1783743968,mem_mib,pod=workload-cloud-6f545f89ff-9hvzm,42.125
1783743978,mem_mib,pod=workload-cloud-6f545f89ff-9hvzm,41.390625
1783743988,mem_mib,pod=workload-cloud-6f545f89ff-9hvzm,41.328125
1783743998,mem_mib,pod=workload-cloud-6f545f89ff-9hvzm,41.36328125
1783744008,mem_mib,pod=workload-cloud-6f545f89ff-9hvzm,41.36328125
1783744018,mem_mib,pod=workload-cloud-6f545f89ff-9hvzm,41.3671875
1783744028,mem_mib,pod=workload-cloud-6f545f89ff-9hvzm,41.3671875
1783744038,mem_mib,pod=workload-cloud-6f545f89ff-9hvzm,41.15625
1783744048,mem_mib,pod=workload-cloud-6f545f89ff-9hvzm,41.08984375
1783744058,mem_mib,pod=workload-cloud-6f545f89ff-9hvzm,41.08984375
1783744068,mem_mib,pod=workload-cloud-6f545f89ff-9hvzm,41.1171875
1783744078,mem_mib,pod=workload-cloud-6f545f89ff-9hvzm,41.3671875
1783744088,mem_mib,pod=workload-cloud-6f545f89ff-9hvzm,41.3671875
1783744098,mem_mib,pod=workload-cloud-6f545f89ff-9hvzm,41.88671875
1783744108,mem_mib,pod=workload-cloud-6f545f89ff-9hvzm,41.08984375
1783744118,mem_mib,pod=workload-cloud-6f545f89ff-9hvzm,41.08984375
1783744128,mem_mib,pod=workload-cloud-6f545f89ff-9hvzm,40.84765625
1783744138,mem_mib,pod=workload-cloud-6f545f89ff-9hvzm,40.68359375
1783744148,mem_mib,pod=workload-cloud-6f545f89ff-9hvzm,40.68359375
1783744158,mem_mib,pod=workload-cloud-6f545f89ff-9hvzm,40.68359375
1783744168,mem_mib,pod=workload-cloud-6f545f89ff-9hvzm,40.68359375
1783744178,mem_mib,pod=workload-cloud-6f545f89ff-9hvzm,40.68359375
1783744188,mem_mib,pod=workload-cloud-6f545f89ff-9hvzm,40.68359375
1783743688,mem_mib,pod=workload-cloud-6f545f89ff-fgs59,3.40625
1783743698,mem_mib,pod=workload-cloud-6f545f89ff-fgs59,3.40625
1783743708,mem_mib,pod=workload-cloud-6f545f89ff-fgs59,35.19140625
1783743718,mem_mib,pod=workload-cloud-6f545f89ff-fgs59,35.19140625
1783743728,mem_mib,pod=workload-cloud-6f545f89ff-fgs59,35.29296875
1783743738,mem_mib,pod=workload-cloud-6f545f89ff-fgs59,35.29296875
1783743748,mem_mib,pod=workload-cloud-6f545f89ff-fgs59,35.57421875
1783743758,mem_mib,pod=workload-cloud-6f545f89ff-fgs59,38.05078125
1783743768,mem_mib,pod=workload-cloud-6f545f89ff-fgs59,38.05078125
1783743778,mem_mib,pod=workload-cloud-6f545f89ff-fgs59,37.40625
1783743788,mem_mib,pod=workload-cloud-6f545f89ff-fgs59,37.1953125
1783743798,mem_mib,pod=workload-cloud-6f545f89ff-fgs59,37.1953125
1783743808,mem_mib,pod=workload-cloud-6f545f89ff-fgs59,37.25390625
1783743818,mem_mib,pod=workload-cloud-6f545f89ff-fgs59,37.24609375
1783743828,mem_mib,pod=workload-cloud-6f545f89ff-fgs59,37.24609375
1783743838,mem_mib,pod=workload-cloud-6f545f89ff-fgs59,37.6015625
1783743848,mem_mib,pod=workload-cloud-6f545f89ff-fgs59,37.6015625
1783743858,mem_mib,pod=workload-cloud-6f545f89ff-fgs59,37.62890625
1783743868,mem_mib,pod=workload-cloud-6f545f89ff-fgs59,37.66796875
1783743878,mem_mib,pod=workload-cloud-6f545f89ff-fgs59,37.67578125
1783743888,mem_mib,pod=workload-cloud-6f545f89ff-fgs59,37.67578125
1783743898,mem_mib,pod=workload-cloud-6f545f89ff-fgs59,37.4453125
1783743908,mem_mib,pod=workload-cloud-6f545f89ff-fgs59,37.4453125
1783743918,mem_mib,pod=workload-cloud-6f545f89ff-fgs59,37.06640625
1783743928,mem_mib,pod=workload-cloud-6f545f89ff-fgs59,37.0390625
1783743938,mem_mib,pod=workload-cloud-6f545f89ff-fgs59,37.0390625
1783743948,mem_mib,pod=workload-cloud-6f545f89ff-fgs59,36.79296875
1783743958,mem_mib,pod=workload-cloud-6f545f89ff-fgs59,36.79296875
1783743968,mem_mib,pod=workload-cloud-6f545f89ff-fgs59,36.79296875
1783743978,mem_mib,pod=workload-cloud-6f545f89ff-fgs59,36.79296875
1783743988,mem_mib,pod=workload-cloud-6f545f89ff-fgs59,36.7890625
1783743998,mem_mib,pod=workload-cloud-6f545f89ff-fgs59,36.7890625
1783744008,mem_mib,pod=workload-cloud-6f545f89ff-fgs59,36.7890625
1783744018,mem_mib,pod=workload-cloud-6f545f89ff-fgs59,36.7890625
1783744028,mem_mib,pod=workload-cloud-6f545f89ff-fgs59,36.7890625
1783744038,mem_mib,pod=workload-cloud-6f545f89ff-fgs59,37.0703125
1783744048,mem_mib,pod=workload-cloud-6f545f89ff-fgs59,36.796875
1783744058,mem_mib,pod=workload-cloud-6f545f89ff-fgs59,36.80078125
1783744068,mem_mib,pod=workload-cloud-6f545f89ff-fgs59,36.80078125
1783744078,mem_mib,pod=workload-cloud-6f545f89ff-fgs59,36.80078125
1783744088,mem_mib,pod=workload-cloud-6f545f89ff-fgs59,36.83203125
1783744098,mem_mib,pod=workload-cloud-6f545f89ff-fgs59,36.83203125
1783744108,mem_mib,pod=workload-cloud-6f545f89ff-fgs59,37.0546875
1783744118,mem_mib,pod=workload-cloud-6f545f89ff-fgs59,36.80078125
1783744128,mem_mib,pod=workload-cloud-6f545f89ff-fgs59,36.80078125
1783744138,mem_mib,pod=workload-cloud-6f545f89ff-fgs59,36.80078125
1783744148,mem_mib,pod=workload-cloud-6f545f89ff-fgs59,36.80078125
1783744158,mem_mib,pod=workload-cloud-6f545f89ff-fgs59,36.80078125
1783744168,mem_mib,pod=workload-cloud-6f545f89ff-fgs59,36.80078125
1783744178,mem_mib,pod=workload-cloud-6f545f89ff-fgs59,36.80078125
1783743638,mem_mib,pod=workload-cloud-6f545f89ff-nddsz,3.609375
1783743648,mem_mib,pod=workload-cloud-6f545f89ff-nddsz,3.609375
1783743658,mem_mib,pod=workload-cloud-6f545f89ff-nddsz,35.140625
1783743668,mem_mib,pod=workload-cloud-6f545f89ff-nddsz,35.140625
1783743678,mem_mib,pod=workload-cloud-6f545f89ff-nddsz,35.17578125
1783743688,mem_mib,pod=workload-cloud-6f545f89ff-nddsz,35.19921875
1783743698,mem_mib,pod=workload-cloud-6f545f89ff-nddsz,35.57421875
1783743708,mem_mib,pod=workload-cloud-6f545f89ff-nddsz,35.57421875
1783743718,mem_mib,pod=workload-cloud-6f545f89ff-nddsz,35.390625
1783743728,mem_mib,pod=workload-cloud-6f545f89ff-nddsz,35.3984375
1783743738,mem_mib,pod=workload-cloud-6f545f89ff-nddsz,35.81640625
1783743748,mem_mib,pod=workload-cloud-6f545f89ff-nddsz,35.81640625
1783743758,mem_mib,pod=workload-cloud-6f545f89ff-nddsz,38.1796875
1783743768,mem_mib,pod=workload-cloud-6f545f89ff-nddsz,38.1796875
1783743778,mem_mib,pod=workload-cloud-6f545f89ff-nddsz,38.8046875
1783743788,mem_mib,pod=workload-cloud-6f545f89ff-nddsz,38.0703125
1783743798,mem_mib,pod=workload-cloud-6f545f89ff-nddsz,38.13671875
1783743808,mem_mib,pod=workload-cloud-6f545f89ff-nddsz,37.8828125
1783743818,mem_mib,pod=workload-cloud-6f545f89ff-nddsz,37.8828125
1783743828,mem_mib,pod=workload-cloud-6f545f89ff-nddsz,37.9296875
1783743838,mem_mib,pod=workload-cloud-6f545f89ff-nddsz,37.9375
1783743848,mem_mib,pod=workload-cloud-6f545f89ff-nddsz,37.9375
1783743858,mem_mib,pod=workload-cloud-6f545f89ff-nddsz,37.94921875
1783743868,mem_mib,pod=workload-cloud-6f545f89ff-nddsz,37.94921875
1783743878,mem_mib,pod=workload-cloud-6f545f89ff-nddsz,39.296875
1783743888,mem_mib,pod=workload-cloud-6f545f89ff-nddsz,38.3125
1783743898,mem_mib,pod=workload-cloud-6f545f89ff-nddsz,38.3125
1783743908,mem_mib,pod=workload-cloud-6f545f89ff-nddsz,37.91015625
1783743918,mem_mib,pod=workload-cloud-6f545f89ff-nddsz,37.44140625
1783743928,mem_mib,pod=workload-cloud-6f545f89ff-nddsz,37.16015625
1783743938,mem_mib,pod=workload-cloud-6f545f89ff-nddsz,37.16015625
1783743948,mem_mib,pod=workload-cloud-6f545f89ff-nddsz,37.1640625
1783743958,mem_mib,pod=workload-cloud-6f545f89ff-nddsz,37.1640625
1783743968,mem_mib,pod=workload-cloud-6f545f89ff-nddsz,37.1640625
1783743978,mem_mib,pod=workload-cloud-6f545f89ff-nddsz,37.1640625
1783743988,mem_mib,pod=workload-cloud-6f545f89ff-nddsz,37.1640625
1783743998,mem_mib,pod=workload-cloud-6f545f89ff-nddsz,37.1640625
1783744008,mem_mib,pod=workload-cloud-6f545f89ff-nddsz,37.16796875
1783744018,mem_mib,pod=workload-cloud-6f545f89ff-nddsz,37.40625
1783744028,mem_mib,pod=workload-cloud-6f545f89ff-nddsz,37.21484375
1783744038,mem_mib,pod=workload-cloud-6f545f89ff-nddsz,37.21484375
1783744048,mem_mib,pod=workload-cloud-6f545f89ff-nddsz,37.1875
1783744058,mem_mib,pod=workload-cloud-6f545f89ff-nddsz,37.19921875
1783744068,mem_mib,pod=workload-cloud-6f545f89ff-nddsz,37.19921875
1783744078,mem_mib,pod=workload-cloud-6f545f89ff-nddsz,37.19921875
1783744088,mem_mib,pod=workload-cloud-6f545f89ff-nddsz,37.19921875
1783744098,mem_mib,pod=workload-cloud-6f545f89ff-nddsz,37.203125
1783744108,mem_mib,pod=workload-cloud-6f545f89ff-nddsz,37.1953125
1783744118,mem_mib,pod=workload-cloud-6f545f89ff-nddsz,37.1953125
1783744128,mem_mib,pod=workload-cloud-6f545f89ff-nddsz,37.1953125
1783744138,mem_mib,pod=workload-cloud-6f545f89ff-nddsz,37.1953125
1783744148,mem_mib,pod=workload-cloud-6f545f89ff-nddsz,37.1953125
1783744158,mem_mib,pod=workload-cloud-6f545f89ff-nddsz,37.1953125
1783744168,mem_mib,pod=workload-cloud-6f545f89ff-nddsz,37.1953125
1783744178,mem_mib,pod=workload-cloud-6f545f89ff-nddsz,37.1953125
1783744188,mem_mib,pod=workload-cloud-6f545f89ff-nddsz,37.1953125
1783743608,mem_mib,pod=workload-cloud-6f545f89ff-vmt54,3.63671875
1783743618,mem_mib,pod=workload-cloud-6f545f89ff-vmt54,3.63671875
1783743628,mem_mib,pod=workload-cloud-6f545f89ff-vmt54,35.46484375
1783743638,mem_mib,pod=workload-cloud-6f545f89ff-vmt54,35.46484375
1783743648,mem_mib,pod=workload-cloud-6f545f89ff-vmt54,35.328125
1783743658,mem_mib,pod=workload-cloud-6f545f89ff-vmt54,35.55078125
1783743668,mem_mib,pod=workload-cloud-6f545f89ff-vmt54,35.55078125
1783743678,mem_mib,pod=workload-cloud-6f545f89ff-vmt54,35.9765625
1783743688,mem_mib,pod=workload-cloud-6f545f89ff-vmt54,35.80859375
1783743698,mem_mib,pod=workload-cloud-6f545f89ff-vmt54,35.80859375
1783743708,mem_mib,pod=workload-cloud-6f545f89ff-vmt54,35.80859375
1783743718,mem_mib,pod=workload-cloud-6f545f89ff-vmt54,35.80859375
1783743728,mem_mib,pod=workload-cloud-6f545f89ff-vmt54,36.09375
1783743738,mem_mib,pod=workload-cloud-6f545f89ff-vmt54,36.375
1783743748,mem_mib,pod=workload-cloud-6f545f89ff-vmt54,36.375
1783743758,mem_mib,pod=workload-cloud-6f545f89ff-vmt54,36.7578125
1783743768,mem_mib,pod=workload-cloud-6f545f89ff-vmt54,37.4296875
1783743778,mem_mib,pod=workload-cloud-6f545f89ff-vmt54,37.703125
1783743788,mem_mib,pod=workload-cloud-6f545f89ff-vmt54,37.703125
1783743798,mem_mib,pod=workload-cloud-6f545f89ff-vmt54,37.73046875
1783743808,mem_mib,pod=workload-cloud-6f545f89ff-vmt54,37.73046875
1783743818,mem_mib,pod=workload-cloud-6f545f89ff-vmt54,38.0234375
1783743828,mem_mib,pod=workload-cloud-6f545f89ff-vmt54,38.890625
1783743838,mem_mib,pod=workload-cloud-6f545f89ff-vmt54,38.890625
1783743848,mem_mib,pod=workload-cloud-6f545f89ff-vmt54,38.89453125
1783743858,mem_mib,pod=workload-cloud-6f545f89ff-vmt54,37.859375
1783743868,mem_mib,pod=workload-cloud-6f545f89ff-vmt54,37.87109375
1783743878,mem_mib,pod=workload-cloud-6f545f89ff-vmt54,37.87109375
1783743888,mem_mib,pod=workload-cloud-6f545f89ff-vmt54,37.87109375
1783743898,mem_mib,pod=workload-cloud-6f545f89ff-vmt54,37.87109375
1783743908,mem_mib,pod=workload-cloud-6f545f89ff-vmt54,37.89453125
1783743918,mem_mib,pod=workload-cloud-6f545f89ff-vmt54,37.89453125
1783743928,mem_mib,pod=workload-cloud-6f545f89ff-vmt54,37.66796875
1783743938,mem_mib,pod=workload-cloud-6f545f89ff-vmt54,37.31640625
1783743948,mem_mib,pod=workload-cloud-6f545f89ff-vmt54,37.31640625
1783743958,mem_mib,pod=workload-cloud-6f545f89ff-vmt54,37.60546875
1783743968,mem_mib,pod=workload-cloud-6f545f89ff-vmt54,37.79296875
1783743978,mem_mib,pod=workload-cloud-6f545f89ff-vmt54,37.79296875
1783743988,mem_mib,pod=workload-cloud-6f545f89ff-vmt54,37.859375
1783743998,mem_mib,pod=workload-cloud-6f545f89ff-vmt54,37.36328125
1783744008,mem_mib,pod=workload-cloud-6f545f89ff-vmt54,37.36328125
1783744018,mem_mib,pod=workload-cloud-6f545f89ff-vmt54,37.42578125
1783744028,mem_mib,pod=workload-cloud-6f545f89ff-vmt54,37.42578125
1783744038,mem_mib,pod=workload-cloud-6f545f89ff-vmt54,37.6484375
1783744048,mem_mib,pod=workload-cloud-6f545f89ff-vmt54,38.078125
1783744058,mem_mib,pod=workload-cloud-6f545f89ff-vmt54,37.31640625
1783744068,mem_mib,pod=workload-cloud-6f545f89ff-vmt54,37.31640625
1783744078,mem_mib,pod=workload-cloud-6f545f89ff-vmt54,37.859375
1783744088,mem_mib,pod=workload-cloud-6f545f89ff-vmt54,37.65234375
1783744098,mem_mib,pod=workload-cloud-6f545f89ff-vmt54,37.65234375
1783744108,mem_mib,pod=workload-cloud-6f545f89ff-vmt54,37.89453125
1783744118,mem_mib,pod=workload-cloud-6f545f89ff-vmt54,37.265625
1783744128,mem_mib,pod=workload-cloud-6f545f89ff-vmt54,37.1640625
1783744138,mem_mib,pod=workload-cloud-6f545f89ff-vmt54,37.1640625
1783744148,mem_mib,pod=workload-cloud-6f545f89ff-vmt54,37.171875
1783744158,mem_mib,pod=workload-cloud-6f545f89ff-vmt54,37.171875
1783744168,mem_mib,pod=workload-cloud-6f545f89ff-vmt54,37.171875
1783744178,mem_mib,pod=workload-cloud-6f545f89ff-vmt54,37.171875
1783744188,mem_mib,pod=workload-cloud-6f545f89ff-vmt54,37.171875
1783743748,mem_mib,pod=workload-cloud-6f545f89ff-wn2r4,3.015625
1783743758,mem_mib,pod=workload-cloud-6f545f89ff-wn2r4,3.015625
1783743768,mem_mib,pod=workload-cloud-6f545f89ff-wn2r4,36.09375
1783743778,mem_mib,pod=workload-cloud-6f545f89ff-wn2r4,36.41796875
1783743788,mem_mib,pod=workload-cloud-6f545f89ff-wn2r4,36.41796875
1783743798,mem_mib,pod=workload-cloud-6f545f89ff-wn2r4,36.44140625
1783743808,mem_mib,pod=workload-cloud-6f545f89ff-wn2r4,36.44140625
1783743818,mem_mib,pod=workload-cloud-6f545f89ff-wn2r4,37.1015625
1783743828,mem_mib,pod=workload-cloud-6f545f89ff-wn2r4,36.90625
1783743838,mem_mib,pod=workload-cloud-6f545f89ff-wn2r4,36.90625
1783743848,mem_mib,pod=workload-cloud-6f545f89ff-wn2r4,36.69140625
1783743858,mem_mib,pod=workload-cloud-6f545f89ff-wn2r4,36.69140625
1783743868,mem_mib,pod=workload-cloud-6f545f89ff-wn2r4,36.703125
1783743878,mem_mib,pod=workload-cloud-6f545f89ff-wn2r4,36.72265625
1783743888,mem_mib,pod=workload-cloud-6f545f89ff-wn2r4,36.72265625
1783743898,mem_mib,pod=workload-cloud-6f545f89ff-wn2r4,36.53125
1783743908,mem_mib,pod=workload-cloud-6f545f89ff-wn2r4,36.38671875
1783743918,mem_mib,pod=workload-cloud-6f545f89ff-wn2r4,36.38671875
1783743928,mem_mib,pod=workload-cloud-6f545f89ff-wn2r4,36.390625
1783743938,mem_mib,pod=workload-cloud-6f545f89ff-wn2r4,36.390625
1783743948,mem_mib,pod=workload-cloud-6f545f89ff-wn2r4,36.390625
1783743958,mem_mib,pod=workload-cloud-6f545f89ff-wn2r4,36.390625
1783743968,mem_mib,pod=workload-cloud-6f545f89ff-wn2r4,36.390625
1783743978,mem_mib,pod=workload-cloud-6f545f89ff-wn2r4,36.390625
1783743988,mem_mib,pod=workload-cloud-6f545f89ff-wn2r4,36.390625
1783743998,mem_mib,pod=workload-cloud-6f545f89ff-wn2r4,36.390625
1783744008,mem_mib,pod=workload-cloud-6f545f89ff-wn2r4,36.390625
1783744018,mem_mib,pod=workload-cloud-6f545f89ff-wn2r4,36.390625
1783744028,mem_mib,pod=workload-cloud-6f545f89ff-wn2r4,36.390625
1783744038,mem_mib,pod=workload-cloud-6f545f89ff-wn2r4,36.390625
1783744048,mem_mib,pod=workload-cloud-6f545f89ff-wn2r4,36.390625
1783744058,mem_mib,pod=workload-cloud-6f545f89ff-wn2r4,36.390625
1783744068,mem_mib,pod=workload-cloud-6f545f89ff-wn2r4,36.390625
1783744078,mem_mib,pod=workload-cloud-6f545f89ff-wn2r4,36.390625
1783744088,mem_mib,pod=workload-cloud-6f545f89ff-wn2r4,36.390625
1783744098,mem_mib,pod=workload-cloud-6f545f89ff-wn2r4,36.390625
1783744108,mem_mib,pod=workload-cloud-6f545f89ff-wn2r4,36.390625
1783744118,mem_mib,pod=workload-cloud-6f545f89ff-wn2r4,36.390625
1783744128,mem_mib,pod=workload-cloud-6f545f89ff-wn2r4,36.390625
1783744138,mem_mib,pod=workload-cloud-6f545f89ff-wn2r4,36.390625
1783744148,mem_mib,pod=workload-cloud-6f545f89ff-wn2r4,36.390625
1783744158,mem_mib,pod=workload-cloud-6f545f89ff-wn2r4,36.390625
1783744168,mem_mib,pod=workload-cloud-6f545f89ff-wn2r4,36.390625
1783744178,mem_mib,pod=workload-cloud-6f545f89ff-wn2r4,36.390625
1783744188,mem_mib,pod=workload-cloud-6f545f89ff-wn2r4,36.390625
1783743748,mem_mib,pod=workload-cloud-6f545f89ff-wtk79,2.91015625
1783743758,mem_mib,pod=workload-cloud-6f545f89ff-wtk79,2.91015625
1783743768,mem_mib,pod=workload-cloud-6f545f89ff-wtk79,35.6328125
1783743778,mem_mib,pod=workload-cloud-6f545f89ff-wtk79,35.65234375
1783743788,mem_mib,pod=workload-cloud-6f545f89ff-wtk79,35.75390625
1783743798,mem_mib,pod=workload-cloud-6f545f89ff-wtk79,35.75390625
1783743808,mem_mib,pod=workload-cloud-6f545f89ff-wtk79,35.87109375
1783743818,mem_mib,pod=workload-cloud-6f545f89ff-wtk79,35.87109375
1783743828,mem_mib,pod=workload-cloud-6f545f89ff-wtk79,36.48046875
1783743838,mem_mib,pod=workload-cloud-6f545f89ff-wtk79,36.11328125
1783743848,mem_mib,pod=workload-cloud-6f545f89ff-wtk79,36.11328125
1783743858,mem_mib,pod=workload-cloud-6f545f89ff-wtk79,36.58203125
1783743868,mem_mib,pod=workload-cloud-6f545f89ff-wtk79,36.1171875
1783743878,mem_mib,pod=workload-cloud-6f545f89ff-wtk79,36.15625
1783743888,mem_mib,pod=workload-cloud-6f545f89ff-wtk79,36.15625
1783743898,mem_mib,pod=workload-cloud-6f545f89ff-wtk79,36.0625
1783743908,mem_mib,pod=workload-cloud-6f545f89ff-wtk79,36.0625
1783743918,mem_mib,pod=workload-cloud-6f545f89ff-wtk79,35.9921875
1783743928,mem_mib,pod=workload-cloud-6f545f89ff-wtk79,35.9921875
1783743938,mem_mib,pod=workload-cloud-6f545f89ff-wtk79,35.9921875
1783743948,mem_mib,pod=workload-cloud-6f545f89ff-wtk79,35.9921875
1783743958,mem_mib,pod=workload-cloud-6f545f89ff-wtk79,35.99609375
1783743968,mem_mib,pod=workload-cloud-6f545f89ff-wtk79,35.99609375
1783743978,mem_mib,pod=workload-cloud-6f545f89ff-wtk79,35.99609375
1783743988,mem_mib,pod=workload-cloud-6f545f89ff-wtk79,35.99609375
1783743998,mem_mib,pod=workload-cloud-6f545f89ff-wtk79,35.99609375
1783744008,mem_mib,pod=workload-cloud-6f545f89ff-wtk79,35.99609375
1783744018,mem_mib,pod=workload-cloud-6f545f89ff-wtk79,35.99609375
1783744028,mem_mib,pod=workload-cloud-6f545f89ff-wtk79,35.99609375
1783744038,mem_mib,pod=workload-cloud-6f545f89ff-wtk79,35.99609375
1783744048,mem_mib,pod=workload-cloud-6f545f89ff-wtk79,35.9921875
1783744058,mem_mib,pod=workload-cloud-6f545f89ff-wtk79,35.99609375
1783744068,mem_mib,pod=workload-cloud-6f545f89ff-wtk79,35.99609375
1783744078,mem_mib,pod=workload-cloud-6f545f89ff-wtk79,35.99609375
1783744088,mem_mib,pod=workload-cloud-6f545f89ff-wtk79,35.99609375
1783744098,mem_mib,pod=workload-cloud-6f545f89ff-wtk79,35.99609375
1783744108,mem_mib,pod=workload-cloud-6f545f89ff-wtk79,35.99609375
1783744118,mem_mib,pod=workload-cloud-6f545f89ff-wtk79,35.99609375
1783744128,mem_mib,pod=workload-cloud-6f545f89ff-wtk79,35.99609375
1783744138,mem_mib,pod=workload-cloud-6f545f89ff-wtk79,35.9921875
1783744148,mem_mib,pod=workload-cloud-6f545f89ff-wtk79,35.99609375
1783744158,mem_mib,pod=workload-cloud-6f545f89ff-wtk79,35.99609375
1783744168,mem_mib,pod=workload-cloud-6f545f89ff-wtk79,35.9921875
1783744178,mem_mib,pod=workload-cloud-6f545f89ff-wtk79,35.9921875
1783744188,mem_mib,pod=workload-cloud-6f545f89ff-wtk79,35.99609375
1783743548,mem_mib,pod=workload-edge-7b875fd8c6-pxwvc,36.05078125
1783743558,mem_mib,pod=workload-edge-7b875fd8c6-pxwvc,36.05078125
1783743568,mem_mib,pod=workload-edge-7b875fd8c6-pxwvc,36.05078125
1783743578,mem_mib,pod=workload-edge-7b875fd8c6-pxwvc,36.05078125
1783743588,mem_mib,pod=workload-edge-7b875fd8c6-pxwvc,36.05078125
1783743598,mem_mib,pod=workload-edge-7b875fd8c6-pxwvc,36.05078125
1783743608,mem_mib,pod=workload-edge-7b875fd8c6-pxwvc,36.05078125
1783743618,mem_mib,pod=workload-edge-7b875fd8c6-pxwvc,36.05078125
1783743628,mem_mib,pod=workload-edge-7b875fd8c6-pxwvc,36.05078125
1783743638,mem_mib,pod=workload-edge-7b875fd8c6-pxwvc,36.05078125
1783743648,mem_mib,pod=workload-edge-7b875fd8c6-pxwvc,36.05078125
1783743658,mem_mib,pod=workload-edge-7b875fd8c6-pxwvc,36.046875
1783743668,mem_mib,pod=workload-edge-7b875fd8c6-pxwvc,36.05078125
1783743678,mem_mib,pod=workload-edge-7b875fd8c6-pxwvc,36.05078125
1783743688,mem_mib,pod=workload-edge-7b875fd8c6-pxwvc,36.05859375
1783743698,mem_mib,pod=workload-edge-7b875fd8c6-pxwvc,36.05859375
1783743708,mem_mib,pod=workload-edge-7b875fd8c6-pxwvc,36.05859375
1783743718,mem_mib,pod=workload-edge-7b875fd8c6-pxwvc,36.05859375
1783743728,mem_mib,pod=workload-edge-7b875fd8c6-pxwvc,36.05859375
1783743738,mem_mib,pod=workload-edge-7b875fd8c6-pxwvc,36.05859375
1783743748,mem_mib,pod=workload-edge-7b875fd8c6-pxwvc,36.05859375
1783743758,mem_mib,pod=workload-edge-7b875fd8c6-pxwvc,36.05859375
1783743768,mem_mib,pod=workload-edge-7b875fd8c6-pxwvc,36.05859375
1783743778,mem_mib,pod=workload-edge-7b875fd8c6-pxwvc,36.05859375
1783743788,mem_mib,pod=workload-edge-7b875fd8c6-pxwvc,36.05859375
1783743798,mem_mib,pod=workload-edge-7b875fd8c6-pxwvc,36.05859375
1783743808,mem_mib,pod=workload-edge-7b875fd8c6-pxwvc,36.05859375
1783743818,mem_mib,pod=workload-edge-7b875fd8c6-pxwvc,36.05859375
1783743828,mem_mib,pod=workload-edge-7b875fd8c6-pxwvc,36.05859375
1783743838,mem_mib,pod=workload-edge-7b875fd8c6-pxwvc,36.05859375
1783743848,mem_mib,pod=workload-edge-7b875fd8c6-pxwvc,36.05859375
1783743858,mem_mib,pod=workload-edge-7b875fd8c6-pxwvc,36.05859375
1783743868,mem_mib,pod=workload-edge-7b875fd8c6-pxwvc,36.05859375
1783743878,mem_mib,pod=workload-edge-7b875fd8c6-pxwvc,36.05859375
1783743888,mem_mib,pod=workload-edge-7b875fd8c6-pxwvc,36.05859375
1783743898,mem_mib,pod=workload-edge-7b875fd8c6-pxwvc,36.05859375
1783743908,mem_mib,pod=workload-edge-7b875fd8c6-pxwvc,36.05859375
1783743918,mem_mib,pod=workload-edge-7b875fd8c6-pxwvc,36.05859375
1783743928,mem_mib,pod=workload-edge-7b875fd8c6-pxwvc,36.05859375
1783743938,mem_mib,pod=workload-edge-7b875fd8c6-pxwvc,36.05859375
1783743948,mem_mib,pod=workload-edge-7b875fd8c6-pxwvc,36.05859375
1783743958,mem_mib,pod=workload-edge-7b875fd8c6-pxwvc,36.05859375
1783743968,mem_mib,pod=workload-edge-7b875fd8c6-pxwvc,36.05859375
1783743978,mem_mib,pod=workload-edge-7b875fd8c6-pxwvc,36.05859375
1783743988,mem_mib,pod=workload-edge-7b875fd8c6-pxwvc,36.05859375
1783743998,mem_mib,pod=workload-edge-7b875fd8c6-pxwvc,36.05859375
1783744008,mem_mib,pod=workload-edge-7b875fd8c6-pxwvc,36.05859375
1783744018,mem_mib,pod=workload-edge-7b875fd8c6-pxwvc,36.05859375
1783744028,mem_mib,pod=workload-edge-7b875fd8c6-pxwvc,36.05859375
1783744038,mem_mib,pod=workload-edge-7b875fd8c6-pxwvc,36.05859375
1783744048,mem_mib,pod=workload-edge-7b875fd8c6-pxwvc,36.05859375
1783744058,mem_mib,pod=workload-edge-7b875fd8c6-pxwvc,36.05859375
1783744068,mem_mib,pod=workload-edge-7b875fd8c6-pxwvc,36.05859375
1783744078,mem_mib,pod=workload-edge-7b875fd8c6-pxwvc,36.05859375
1783744088,mem_mib,pod=workload-edge-7b875fd8c6-pxwvc,36.05859375
1783744098,mem_mib,pod=workload-edge-7b875fd8c6-pxwvc,36.05859375
1783744108,mem_mib,pod=workload-edge-7b875fd8c6-pxwvc,36.05859375
1783744118,mem_mib,pod=workload-edge-7b875fd8c6-pxwvc,36.05859375
1783744128,mem_mib,pod=workload-edge-7b875fd8c6-pxwvc,36.05859375
1783744138,mem_mib,pod=workload-edge-7b875fd8c6-pxwvc,36.05859375
1783744148,mem_mib,pod=workload-edge-7b875fd8c6-pxwvc,36.0625
1783744158,mem_mib,pod=workload-edge-7b875fd8c6-pxwvc,36.0625
1783744168,mem_mib,pod=workload-edge-7b875fd8c6-pxwvc,36.05859375
1783744178,mem_mib,pod=workload-edge-7b875fd8c6-pxwvc,36.05859375
1783744188,mem_mib,pod=workload-edge-7b875fd8c6-pxwvc,36.05859375
1783743548,rps,tier=cloud,0.0
1783743558,rps,tier=cloud,0.8800528031681902
1783743568,rps,tier=cloud,5.8602620139288
1783743578,rps,tier=cloud,14.760590423616943
1783743588,rps,tier=cloud,27.622209776782142
1783743598,rps,tier=cloud,44.66048000960019
1783743608,rps,tier=cloud,64.54387263235796
1783743618,rps,tier=cloud,84.46250048245895
1783743628,rps,tier=cloud,101.76307970337174
1783743638,rps,tier=cloud,125.37551787514965
1783743648,rps,tier=cloud,144.20575546762132
1783743658,rps,tier=cloud,162.87325894349001
1783743668,rps,tier=cloud,181.31609585671265
1783743678,rps,tier=cloud,201.2986566491755
1783743688,rps,tier=cloud,221.88282685653715
1783743698,rps,tier=cloud,240.36507473668118
1783743708,rps,tier=cloud,260.2738459453366
1783743718,rps,tier=cloud,275.82171764972685
1783743728,rps,tier=cloud,297.72728474626473
1783743738,rps,tier=cloud,319.5985834377357
1783743748,rps,tier=cloud,398.21274747289453
1783743758,rps,tier=cloud,548.0802524440519
1783743768,rps,tier=cloud,795.4530959656641
1783743778,rps,tier=cloud,1054.5672286292227
1783743788,rps,tier=cloud,1306.4644627545674
1783743798,rps,tier=cloud,1503.860333212591
1783743808,rps,tier=cloud,1615.2367662904076
1783743818,rps,tier=cloud,1659.488839301157
1783743828,rps,tier=cloud,1662.7701938287346
1783743838,rps,tier=cloud,1656.2790098155658
1783743848,rps,tier=cloud,1649.4200080421963
1783743858,rps,tier=cloud,1646.4593772317896
1783743868,rps,tier=cloud,1644.479712943657
1783743878,rps,tier=cloud,1639.6206499746156
1783743888,rps,tier=cloud,1639.7435891404348
1783743898,rps,tier=cloud,1588.0624469421625
1783743908,rps,tier=cloud,1450.9380739658525
1783743918,rps,tier=cloud,1231.4332088568294
1783743928,rps,tier=cloud,976.4874552661261
1783743938,rps,tier=cloud,723.3904157143946
1783743948,rps,tier=cloud,522.2622293703078
1783743958,rps,tier=cloud,405.2060973219465
1783743968,rps,tier=cloud,370.29718642992975
1783743978,rps,tier=cloud,371.79859136682006
1783743988,rps,tier=cloud,373.3503651764143
1783743998,rps,tier=cloud,375.60214891344623
1783744008,rps,tier=cloud,375.222819862498
1783744018,rps,tier=cloud,372.5672573528914
1783744028,rps,tier=cloud,371.3818952982133
1783744038,rps,tier=cloud,369.3203723586276
1783744048,rps,tier=cloud,368.9497514899296
1783744058,rps,tier=cloud,369.6580161144322
1783744068,rps,tier=cloud,369.543302296258
1783744078,rps,tier=cloud,369.4454121082422
1783744088,rps,tier=cloud,369.7617985001659
1783744098,rps,tier=cloud,366.6214164617548
1783744108,rps,tier=cloud,350.49244926656206
1783744118,rps,tier=cloud,311.89399745119954
1783744128,rps,tier=cloud,248.31313711776028
1783744138,rps,tier=cloud,174.46293166164136
1783744148,rps,tier=cloud,102.82482783600402
1783744158,rps,tier=cloud,43.7817512700508
1783744168,rps,tier=cloud,9.600249607296238
1783744178,rps,tier=cloud,0.0
1783744188,rps,tier=cloud,0.0
1783743548,lat50_ms,tier=cloud,1.6344084760134536
1783743558,lat50_ms,tier=cloud,1.6666665289192448
1783743568,lat50_ms,tier=cloud,1.6053718893389444
1783743578,lat50_ms,tier=cloud,1.9
1783743588,lat50_ms,tier=cloud,2.4473299041780896
1783743598,lat50_ms,tier=cloud,2.57122905027933
1783743608,lat50_ms,tier=cloud,2.8780718336483933
1783743618,lat50_ms,tier=cloud,3.0105263157894737
1783743628,lat50_ms,tier=cloud,3.2229505143777084
1783743638,lat50_ms,tier=cloud,3.1186766814583358
1783743648,lat50_ms,tier=cloud,3.1071484101064457
1783743658,lat50_ms,tier=cloud,3.0168599146776907
1783743668,lat50_ms,tier=cloud,3.0481626428115742
1783743678,lat50_ms,tier=cloud,3.2519110380596037
1783743688,lat50_ms,tier=cloud,3.3984992608768896
1783743698,lat50_ms,tier=cloud,3.493850149682481
1783743708,lat50_ms,tier=cloud,3.626800343547864
1783743718,lat50_ms,tier=cloud,3.5864359025510306
1783743728,lat50_ms,tier=cloud,3.651491866494322
1783743738,lat50_ms,tier=cloud,3.7315619937840077
1783743748,lat50_ms,tier=cloud,3.9663535038285036
1783743758,lat50_ms,tier=cloud,5.026040915532645
1783743768,lat50_ms,tier=cloud,7.256934195605118
1783743778,lat50_ms,tier=cloud,9.850251728982728
1783743788,lat50_ms,tier=cloud,11.512129008562995
1783743798,lat50_ms,tier=cloud,12.570608339636788
1783743808,lat50_ms,tier=cloud,13.462208881455641
1783743818,lat50_ms,tier=cloud,14.15369804914927
1783743828,lat50_ms,tier=cloud,14.708022325505897
1783743838,lat50_ms,tier=cloud,15.392450743903682
1783743848,lat50_ms,tier=cloud,16.035137808995714
1783743858,lat50_ms,tier=cloud,16.58769909636449
1783743868,lat50_ms,tier=cloud,16.76379768225376
1783743878,lat50_ms,tier=cloud,16.73997956589146
1783743888,lat50_ms,tier=cloud,16.606856033007933
1783743898,lat50_ms,tier=cloud,16.687224295070404
1783743908,lat50_ms,tier=cloud,16.486159044318082
1783743918,lat50_ms,tier=cloud,16.08137794238091
1783743928,lat50_ms,tier=cloud,15.795720594210659
1783743938,lat50_ms,tier=cloud,15.489712421007992
1783743948,lat50_ms,tier=cloud,14.81146419618129
1783743958,lat50_ms,tier=cloud,13.854581699378022
1783743968,lat50_ms,tier=cloud,12.8300904610531
1783743978,lat50_ms,tier=cloud,11.52940601846728
1783743988,lat50_ms,tier=cloud,9.505163249474295
1783743998,lat50_ms,tier=cloud,7.554030101468669
1783744008,lat50_ms,tier=cloud,5.641529117755794
1783744018,lat50_ms,tier=cloud,4.59198412021589
1783744028,lat50_ms,tier=cloud,4.369124878070077
1783744038,lat50_ms,tier=cloud,4.305517056280146
1783744048,lat50_ms,tier=cloud,4.267385529165184
1783744058,lat50_ms,tier=cloud,4.034762466265822
1783744068,lat50_ms,tier=cloud,4.155136346257101
1783744078,lat50_ms,tier=cloud,4.293360476629008
1783744088,lat50_ms,tier=cloud,4.382456050901571
1783744098,lat50_ms,tier=cloud,4.799859738195563
1783744108,lat50_ms,tier=cloud,5.092461800397178
1783744118,lat50_ms,tier=cloud,5.208479498567655
1783744128,lat50_ms,tier=cloud,5.053367402997202
1783744138,lat50_ms,tier=cloud,4.8438224597109665
1783744148,lat50_ms,tier=cloud,4.798165853427126
1783744158,lat50_ms,tier=cloud,5.134074098394318
1783744168,lat50_ms,tier=cloud,6.029235036741668
1783744178,lat50_ms,tier=cloud,5.811842600665883
1783744188,lat50_ms,tier=cloud,5.981268645726795
1783743548,lat95_ms,tier=cloud,4.291999476338883
1783743558,lat95_ms,tier=cloud,4.399999628081653
1783743568,lat95_ms,tier=cloud,4.138235216522013
1783743578,lat95_ms,tier=cloud,4.7462264150943385
1783743588,lat95_ms,tier=cloud,7.049147790672588
1783743598,lat95_ms,tier=cloud,7.739878542510121
1783743608,lat95_ms,tier=cloud,8.501503006012024
1783743618,lat95_ms,tier=cloud,8.582644628099175
1783743628,lat95_ms,tier=cloud,9.097530632064512
1783743638,lat95_ms,tier=cloud,9.392264438711498
1783743648,lat95_ms,tier=cloud,9.462494703843102
1783743658,lat95_ms,tier=cloud,9.570792342182573
1783743668,lat95_ms,tier=cloud,9.466448659700674
1783743678,lat95_ms,tier=cloud,9.897964653566273
1783743688,lat95_ms,tier=cloud,11.908760674005809
1783743698,lat95_ms,tier=cloud,13.644043191003396
1783743708,lat95_ms,tier=cloud,14.866222167049543
1783743718,lat95_ms,tier=cloud,14.829917775168427
1783743728,lat95_ms,tier=cloud,15.92691055998581
1783743738,lat95_ms,tier=cloud,16.47788576515466
1783743748,lat95_ms,tier=cloud,17.565294714684203
1783743758,lat95_ms,tier=cloud,30.652861213880662
1783743768,lat95_ms,tier=cloud,41.113123362079754
1783743778,lat95_ms,tier=cloud,43.77451447770071
1783743788,lat95_ms,tier=cloud,44.51986979610604
1783743798,lat95_ms,tier=cloud,45.062534414786626
1783743808,lat95_ms,tier=cloud,45.44163952708696
1783743818,lat95_ms,tier=cloud,45.673428353408454
1783743828,lat95_ms,tier=cloud,45.81396325830149
1783743838,lat95_ms,tier=cloud,45.999702164936345
1783743848,lat95_ms,tier=cloud,46.214327280751476
1783743858,lat95_ms,tier=cloud,46.39000732015511
1783743868,lat95_ms,tier=cloud,46.45080181024992
1783743878,lat95_ms,tier=cloud,46.459413308517334
1783743888,lat95_ms,tier=cloud,46.44761843091808
1783743898,lat95_ms,tier=cloud,46.4739594537956
1783743908,lat95_ms,tier=cloud,46.38621566724216
1783743918,lat95_ms,tier=cloud,46.24947523758869
1783743928,lat95_ms,tier=cloud,46.15060755977025
1783743938,lat95_ms,tier=cloud,46.05379549060534
1783743948,lat95_ms,tier=cloud,45.836259354213304
1783743958,lat95_ms,tier=cloud,45.41148130920222
1783743968,lat95_ms,tier=cloud,44.9608137126914
1783743978,lat95_ms,tier=cloud,44.29073318194167
1783743988,lat95_ms,tier=cloud,42.743838397082904
1783743998,lat95_ms,tier=cloud,38.53168212866344
1783744008,lat95_ms,tier=cloud,19.89382824778814
1783744018,lat95_ms,tier=cloud,18.02287690582473
1783744028,lat95_ms,tier=cloud,17.745023402471922
1783744038,lat95_ms,tier=cloud,17.709930771103352
1783744048,lat95_ms,tier=cloud,17.561975441157863
1783744058,lat95_ms,tier=cloud,17.30556548667142
1783744068,lat95_ms,tier=cloud,17.639979610748973
1783744078,lat95_ms,tier=cloud,17.915139986853443
1783744088,lat95_ms,tier=cloud,17.989366403523505
1783744098,lat95_ms,tier=cloud,18.22648822753329
1783744108,lat95_ms,tier=cloud,18.348117979007235
1783744118,lat95_ms,tier=cloud,18.368395226926236
1783744128,lat95_ms,tier=cloud,18.29142379452786
1783744138,lat95_ms,tier=cloud,18.267424660482416
1783744148,lat95_ms,tier=cloud,18.23535034374215
1783744158,lat95_ms,tier=cloud,18.389275006169832
1783744168,lat95_ms,tier=cloud,18.526032341978468
1783744178,lat95_ms,tier=cloud,18.42373304223582
1783744188,lat95_ms,tier=cloud,18.378601205086955
1783743548,lat99_ms,tier=cloud,4.858399895267778
1783743558,lat99_ms,tier=cloud,4.879999925616331
1783743568,lat99_ms,tier=cloud,4.827647043304404
1783743578,lat99_ms,tier=cloud,6.309999999999972
1783743588,lat99_ms,tier=cloud,9.409829558134518
1783743598,lat99_ms,tier=cloud,9.547975708502024
1783743608,lat99_ms,tier=cloud,9.812525050100199
1783743618,lat99_ms,tier=cloud,9.826721763085398
1783743628,lat99_ms,tier=cloud,12.02058508009916
1783743638,lat99_ms,tier=cloud,16.010926682610958
1783743648,lat99_ms,tier=cloud,16.19652258284794
1783743658,lat99_ms,tier=cloud,16.83477852390447
1783743668,lat99_ms,tier=cloud,16.361045491589262
1783743678,lat99_ms,tier=cloud,17.838347693588137
1783743688,lat99_ms,tier=cloud,18.49917198874365
1783743698,lat99_ms,tier=cloud,18.83768611588718
1783743708,lat99_ms,tier=cloud,19.071824787128506
1783743718,lat99_ms,tier=cloud,19.057095585667135
1783743728,lat99_ms,tier=cloud,19.253502365245478
1783743738,lat99_ms,tier=cloud,19.359826976418454
1783743748,lat99_ms,tier=cloud,19.84151177947026
1783743758,lat99_ms,tier=cloud,46.13057224277613
1783743768,lat99_ms,tier=cloud,48.22262467241595
1783743778,lat99_ms,tier=cloud,48.78449757692703
1783743788,lat99_ms,tier=cloud,48.933044481413745
1783743798,lat99_ms,tier=cloud,49.03507541512369
1783743808,lat99_ms,tier=cloud,49.10792162348421
1783743818,lat99_ms,tier=cloud,49.16594324112254
1783743828,lat99_ms,tier=cloud,49.2089138608845
1783743838,lat99_ms,tier=cloud,49.24845699102148
1783743848,lat99_ms,tier=cloud,49.3012783063611
1783743858,lat99_ms,tier=cloud,49.36142879595606
1783743868,lat99_ms,tier=cloud,49.37587228638405
1783743878,lat99_ms,tier=cloud,49.3910146142241
1783743888,lat99_ms,tier=cloud,49.40660003929094
1783743898,lat99_ms,tier=cloud,49.41817154134511
1783743908,lat99_ms,tier=cloud,49.40911522272913
1783743918,lat99_ms,tier=cloud,49.39584673816474
1783743928,lat99_ms,tier=cloud,49.381304542842116
1783743938,lat99_ms,tier=cloud,49.361757875754435
1783743948,lat99_ms,tier=cloud,49.332567123180894
1783743958,lat99_ms,tier=cloud,49.25538856739993
1783743968,lat99_ms,tier=cloud,49.128511818708255
1783743978,lat99_ms,tier=cloud,49.014854686885904
1783743988,lat99_ms,tier=cloud,48.70790807107391
1783743998,lat99_ms,tier=cloud,47.77575537069944
1783744008,lat99_ms,tier=cloud,43.64352422195125
1783744018,lat99_ms,tier=cloud,19.785529720264787
1783744028,lat99_ms,tier=cloud,19.656758229627513
1783744038,lat99_ms,tier=cloud,19.643311911796427
1783744048,lat99_ms,tier=cloud,19.610640737971128
1783744058,lat99_ms,tier=cloud,19.56705876401047
1783744068,lat99_ms,tier=cloud,19.631259423978385
1783744078,lat99_ms,tier=cloud,19.685525252880538
1783744088,lat99_ms,tier=cloud,19.687948353843172
1783744098,lat99_ms,tier=cloud,19.734591650132057
1783744108,lat99_ms,tier=cloud,19.750089489477187
1783744118,lat99_ms,tier=cloud,19.74830176102538
1783744128,lat99_ms,tier=cloud,19.7334099591776
1783744138,lat99_ms,tier=cloud,19.73421629575977
1783744148,lat99_ms,tier=cloud,19.732925893045586
1783744158,lat99_ms,tier=cloud,19.76708309146838
1783744168,lat99_ms,tier=cloud,19.781639581558803
1783744178,lat99_ms,tier=cloud,19.750794061477176
1783744188,lat99_ms,tier=cloud,19.7370565223035
1783743548,inflight,tier=cloud,0.0
1783743558,inflight,tier=cloud,0.0
1783743568,inflight,tier=cloud,0.0
1783743578,inflight,tier=cloud,0.0
1783743588,inflight,tier=cloud,0.0
1783743598,inflight,tier=cloud,0.0
1783743608,inflight,tier=cloud,0.0
1783743618,inflight,tier=cloud,0.0
1783743628,inflight,tier=cloud,0.0
1783743638,inflight,tier=cloud,0.0
1783743648,inflight,tier=cloud,0.0
1783743658,inflight,tier=cloud,0.0
1783743668,inflight,tier=cloud,0.0
1783743678,inflight,tier=cloud,0.0
1783743688,inflight,tier=cloud,0.0
1783743698,inflight,tier=cloud,4.0
1783743708,inflight,tier=cloud,0.0
1783743718,inflight,tier=cloud,0.0
1783743728,inflight,tier=cloud,0.0
1783743738,inflight,tier=cloud,5.0
1783743748,inflight,tier=cloud,0.0
1783743758,inflight,tier=cloud,0.0
1783743768,inflight,tier=cloud,5.0
1783743778,inflight,tier=cloud,0.0
1783743788,inflight,tier=cloud,0.0
1783743798,inflight,tier=cloud,3.0
1783743808,inflight,tier=cloud,6.0
1783743818,inflight,tier=cloud,11.0
1783743828,inflight,tier=cloud,9.0
1783743838,inflight,tier=cloud,25.0
1783743848,inflight,tier=cloud,6.0
1783743858,inflight,tier=cloud,11.0
1783743868,inflight,tier=cloud,1.0
1783743878,inflight,tier=cloud,14.0
1783743888,inflight,tier=cloud,0.0
1783743898,inflight,tier=cloud,0.0
1783743908,inflight,tier=cloud,0.0
1783743918,inflight,tier=cloud,1.0
1783743928,inflight,tier=cloud,0.0
1783743938,inflight,tier=cloud,0.0
1783743948,inflight,tier=cloud,0.0
1783743958,inflight,tier=cloud,0.0
1783743968,inflight,tier=cloud,0.0
1783743978,inflight,tier=cloud,0.0
1783743988,inflight,tier=cloud,0.0
1783743998,inflight,tier=cloud,0.0
1783744008,inflight,tier=cloud,8.0
1783744018,inflight,tier=cloud,0.0
1783744028,inflight,tier=cloud,0.0
1783744038,inflight,tier=cloud,1.0
1783744048,inflight,tier=cloud,0.0
1783744058,inflight,tier=cloud,0.0
1783744068,inflight,tier=cloud,0.0
1783744078,inflight,tier=cloud,0.0
1783744088,inflight,tier=cloud,0.0
1783744098,inflight,tier=cloud,0.0
1783744108,inflight,tier=cloud,4.0
1783744118,inflight,tier=cloud,0.0
1783744128,inflight,tier=cloud,0.0
1783744138,inflight,tier=cloud,0.0
1783744148,inflight,tier=cloud,0.0
1783744158,inflight,tier=cloud,0.0
1783744168,inflight,tier=cloud,0.0
1783744178,inflight,tier=cloud,0.0
1783744188,inflight,tier=cloud,0.0
1783743548,inflight,tier=edge,0.0
1783743558,inflight,tier=edge,0.0
1783743568,inflight,tier=edge,0.0
1783743578,inflight,tier=edge,0.0
1783743588,inflight,tier=edge,0.0
1783743598,inflight,tier=edge,0.0
1783743608,inflight,tier=edge,0.0
1783743618,inflight,tier=edge,0.0
1783743628,inflight,tier=edge,0.0
1783743638,inflight,tier=edge,0.0
1783743648,inflight,tier=edge,0.0
1783743658,inflight,tier=edge,0.0
1783743668,inflight,tier=edge,0.0
1783743678,inflight,tier=edge,0.0
1783743688,inflight,tier=edge,0.0
1783743698,inflight,tier=edge,0.0
1783743708,inflight,tier=edge,0.0
1783743718,inflight,tier=edge,0.0
1783743728,inflight,tier=edge,0.0
1783743738,inflight,tier=edge,0.0
1783743748,inflight,tier=edge,0.0
1783743758,inflight,tier=edge,0.0
1783743768,inflight,tier=edge,0.0
1783743778,inflight,tier=edge,0.0
1783743788,inflight,tier=edge,0.0
1783743798,inflight,tier=edge,0.0
1783743808,inflight,tier=edge,0.0
1783743818,inflight,tier=edge,0.0
1783743828,inflight,tier=edge,0.0
1783743838,inflight,tier=edge,0.0
1783743848,inflight,tier=edge,0.0
1783743858,inflight,tier=edge,0.0
1783743868,inflight,tier=edge,0.0
1783743878,inflight,tier=edge,0.0
1783743888,inflight,tier=edge,0.0
1783743898,inflight,tier=edge,0.0
1783743908,inflight,tier=edge,0.0
1783743918,inflight,tier=edge,0.0
1783743928,inflight,tier=edge,0.0
1783743938,inflight,tier=edge,0.0
1783743948,inflight,tier=edge,0.0
1783743958,inflight,tier=edge,0.0
1783743968,inflight,tier=edge,0.0
1783743978,inflight,tier=edge,0.0
1783743988,inflight,tier=edge,0.0
1783743998,inflight,tier=edge,0.0
1783744008,inflight,tier=edge,0.0
1783744018,inflight,tier=edge,0.0
1783744028,inflight,tier=edge,0.0
1783744038,inflight,tier=edge,0.0
1783744048,inflight,tier=edge,0.0
1783744058,inflight,tier=edge,0.0
1783744068,inflight,tier=edge,0.0
1783744078,inflight,tier=edge,0.0
1783744088,inflight,tier=edge,0.0
1783744098,inflight,tier=edge,0.0
1783744108,inflight,tier=edge,0.0
1783744118,inflight,tier=edge,0.0
1783744128,inflight,tier=edge,0.0
1783744138,inflight,tier=edge,0.0
1783744148,inflight,tier=edge,0.0
1783744158,inflight,tier=edge,0.0
1783744168,inflight,tier=edge,0.0
1783744178,inflight,tier=edge,0.0
1783744188,inflight,tier=edge,0.0
