ts,metric,labels,value
1783733527,replicas_status,deployment=workload-cloud,1.0
1783733537,replicas_status,deployment=workload-cloud,1.0
1783733547,replicas_status,deployment=workload-cloud,1.0
1783733557,replicas_status,deployment=workload-cloud,1.0
1783733567,replicas_status,deployment=workload-cloud,1.0
1783733577,replicas_status,deployment=workload-cloud,1.0
1783733587,replicas_status,deployment=workload-cloud,1.0
1783733597,replicas_status,deployment=workload-cloud,2.0
1783733607,replicas_status,deployment=workload-cloud,2.0
1783733617,replicas_status,deployment=workload-cloud,2.0
1783733627,replicas_status,deployment=workload-cloud,3.0
1783733637,replicas_status,deployment=workload-cloud,3.0
1783733647,replicas_status,deployment=workload-cloud,3.0
1783733657,replicas_status,deployment=workload-cloud,3.0
1783733667,replicas_status,deployment=workload-cloud,3.0
1783733677,replicas_status,deployment=workload-cloud,4.0
1783733687,replicas_status,deployment=workload-cloud,4.0
1783733697,replicas_status,deployment=workload-cloud,4.0
1783733707,replicas_status,deployment=workload-cloud,4.0
1783733717,replicas_status,deployment=workload-cloud,4.0
1783733727,replicas_status,deployment=workload-cloud,4.0
1783733737,replicas_status,deployment=workload-cloud,5.0
1783733747,replicas_status,deployment=workload-cloud,5.0
1783733757,replicas_status,deployment=workload-cloud,5.0
1783733767,replicas_status,deployment=workload-cloud,6.0
1783733777,replicas_status,deployment=workload-cloud,6.0
1783733787,replicas_status,deployment=workload-cloud,6.0
1783733797,replicas_status,deployment=workload-cloud,6.0
1783733807,replicas_status,deployment=workload-cloud,6.0
1783733817,replicas_status,deployment=workload-cloud,6.0
1783733827,replicas_status,deployment=workload-cloud,6.0
1783733837,replicas_status,deployment=workload-cloud,6.0
1783733847,replicas_status,deployment=workload-cloud,6.0
1783733857,replicas_status,deployment=workload-cloud,6.0
1783733867,replicas_status,deployment=workload-cloud,6.0
1783733877,replicas_status,deployment=workload-cloud,6.0
1783733887,replicas_status,deployment=workload-cloud,6.0
1783733897,replicas_status,deployment=workload-cloud,6.0
1783733907,replicas_status,deployment=workload-cloud,6.0
1783733917,replicas_status,deployment=workload-cloud,6.0
1783733927,replicas_status,deployment=workload-cloud,6.0
1783733937,replicas_status,deployment=workload-cloud,6.0
1783733947,replicas_status,deployment=workload-cloud,6.0
1783733957,replicas_status,deployment=workload-cloud,6.0
1783733967,replicas_status,deployment=workload-cloud,6.0
1783733977,replicas_status,deployment=workload-cloud,6.0
1783733987,replicas_status,deployment=workload-cloud,6.0
1783733997,replicas_status,deployment=workload-cloud,6.0
1783734007,replicas_status,deployment=workload-cloud,6.0
1783734017,replicas_status,deployment=workload-cloud,6.0
1783734027,replicas_status,deployment=workload-cloud,6.0
1783734037,replicas_status,deployment=workload-cloud,6.0
1783734047,replicas_status,deployment=workload-cloud,6.0
1783734057,replicas_status,deployment=workload-cloud,6.0
1783734067,replicas_status,deployment=workload-cloud,6.0
1783734077,replicas_status,deployment=workload-cloud,6.0
1783734087,replicas_status,deployment=workload-cloud,6.0
1783734097,replicas_status,deployment=workload-cloud,6.0
1783734107,replicas_status,deployment=workload-cloud,6.0
1783734117,replicas_status,deployment=workload-cloud,6.0
1783734127,replicas_status,deployment=workload-cloud,6.0
1783734137,replicas_status,deployment=workload-cloud,6.0
1783734147,replicas_status,deployment=workload-cloud,6.0
1783734157,replicas_status,deployment=workload-cloud,6.0
1783734167,replicas_status,deployment=workload-cloud,5.0
1783733527,replicas_status,deployment=workload-edge,1.0
1783733537,replicas_status,deployment=workload-edge,1.0
1783733547,replicas_status,deployment=workload-edge,1.0
1783733557,replicas_status,deployment=workload-edge,1.0
1783733567,replicas_status,deployment=workload-edge,1.0
1783733577,replicas_status,deployment=workload-edge,1.0
1783733587,replicas_status,deployment=workload-edge,1.0
1783733597,replicas_status,deployment=workload-edge,1.0
1783733607,replicas_status,deployment=workload-edge,1.0
1783733617,replicas_status,deployment=workload-edge,1.0
1783733627,replicas_status,deployment=workload-edge,1.0
1783733637,replicas_status,deployment=workload-edge,1.0
1783733647,replicas_status,deployment=workload-edge,1.0
1783733657,replicas_status,deployment=workload-edge,1.0
1783733667,replicas_status,deployment=workload-edge,1.0
1783733677,replicas_status,deployment=workload-edge,1.0
1783733687,replicas_status,deployment=workload-edge,1.0
1783733697,replicas_status,deployment=workload-edge,1.0
1783733707,replicas_status,deployment=workload-edge,1.0
1783733717,replicas_status,deployment=workload-edge,1.0
1783733727,replicas_status,deployment=workload-edge,1.0
1783733737,replicas_status,deployment=workload-edge,1.0
1783733747,replicas_status,deployment=workload-edge,1.0
1783733757,replicas_status,deployment=workload-edge,1.0
1783733767,replicas_status,deployment=workload-edge,1.0
1783733777,replicas_status,deployment=workload-edge,1.0
1783733787,replicas_status,deployment=workload-edge,1.0
1783733797,replicas_status,deployment=workload-edge,1.0
1783733807,replicas_status,deployment=workload-edge,1.0
1783733817,replicas_status,deployment=workload-edge,1.0
1783733827,replicas_status,deployment=workload-edge,1.0
1783733837,replicas_status,deployment=workload-edge,1.0
1783733847,replicas_status,deployment=workload-edge,1.0
1783733857,replicas_status,deployment=workload-edge,1.0
1783733867,replicas_status,deployment=workload-edge,1.0
1783733877,replicas_status,deployment=workload-edge,1.0
1783733887,replicas_status,deployment=workload-edge,1.0
1783733897,replicas_status,deployment=workload-edge,1.0
1783733907,replicas_status,deployment=workload-edge,1.0
1783733917,replicas_status,deployment=workload-edge,1.0
1783733927,replicas_status,deployment=workload-edge,1.0
1783733937,replicas_status,deployment=workload-edge,1.0
1783733947,replicas_status,deployment=workload-edge,1.0
1783733957,replicas_status,deployment=workload-edge,1.0
1783733967,replicas_status,deployment=workload-edge,1.0
1783733977,replicas_status,deployment=workload-edge,1.0
1783733987,replicas_status,deployment=workload-edge,1.0
1783733997,replicas_status,deployment=workload-edge,1.0
1783734007,replicas_status,deployment=workload-edge,1.0
1783734017,replicas_status,deployment=workload-edge,1.0
1783734027,replicas_status,deployment=workload-edge,1.0
1783734037,replicas_status,deployment=workload-edge,1.0
1783734047,replicas_status,deployment=workload-edge,1.0
1783734057,replicas_status,deployment=workload-edge,1.0
1783734067,replicas_status,deployment=workload-edge,1.0
1783734077,replicas_status,deployment=workload-edge,1.0
1783734087,replicas_status,deployment=workload-edge,1.0
1783734097,replicas_status,deployment=workload-edge,1.0
1783734107,replicas_status,deployment=workload-edge,1.0
1783734117,replicas_status,deployment=workload-edge,1.0
1783734127,replicas_status,deployment=workload-edge,1.0
1783734137,replicas_status,deployment=workload-edge,1.0
1783734147,replicas_status,deployment=workload-edge,1.0
1783734157,replicas_status,deployment=workload-edge,1.0
1783734167,replicas_status,deployment=workload-edge,1.0
1783733527,replicas_spec,deployment=workload-cloud,1.0
1783733537,replicas_spec,deployment=workload-cloud,1.0
1783733547,replicas_spec,deployment=workload-cloud,1.0
1783733557,replicas_spec,deployment=workload-cloud,1.0
1783733567,replicas_spec,deployment=workload-cloud,1.0
1783733577,replicas_spec,deployment=workload-cloud,1.0
1783733587,replicas_spec,deployment=workload-cloud,1.0
1783733597,replicas_spec,deployment=workload-cloud,2.0
1783733607,replicas_spec,deployment=workload-cloud,2.0
1783733617,replicas_spec,deployment=workload-cloud,2.0
1783733627,replicas_spec,deployment=workload-cloud,3.0
1783733637,replicas_spec,deployment=workload-cloud,3.0
1783733647,replicas_spec,deployment=workload-cloud,3.0
1783733657,replicas_spec,deployment=workload-cloud,3.0
1783733667,replicas_spec,deployment=workload-cloud,3.0
1783733677,replicas_spec,deployment=workload-cloud,4.0
1783733687,replicas_spec,deployment=workload-cloud,4.0
1783733697,replicas_spec,deployment=workload-cloud,4.0
1783733707,replicas_spec,deployment=workload-cloud,4.0
1783733717,replicas_spec,deployment=workload-cloud,4.0
1783733727,replicas_spec,deployment=workload-cloud,4.0
1783733737,replicas_spec,deployment=workload-cloud,5.0
1783733747,replicas_spec,deployment=workload-cloud,5.0
1783733757,replicas_spec,deployment=workload-cloud,5.0
1783733767,replicas_spec,deployment=workload-cloud,6.0
1783733777,replicas_spec,deployment=workload-cloud,6.0
1783733787,replicas_spec,deployment=workload-cloud,6.0
1783733797,replicas_spec,deployment=workload-cloud,6.0
1783733807,replicas_spec,deployment=workload-cloud,6.0
1783733817,replicas_spec,deployment=workload-cloud,6.0
1783733827,replicas_spec,deployment=workload-cloud,6.0
1783733837,replicas_spec,deployment=workload-cloud,6.0
1783733847,replicas_spec,deployment=workload-cloud,6.0
1783733857,replicas_spec,deployment=workload-cloud,6.0
1783733867,replicas_spec,deployment=workload-cloud,6.0
1783733877,replicas_spec,deployment=workload-cloud,6.0
1783733887,replicas_spec,deployment=workload-cloud,6.0
1783733897,replicas_spec,deployment=workload-cloud,6.0
1783733907,replicas_spec,deployment=workload-cloud,6.0
1783733917,replicas_spec,deployment=workload-cloud,6.0
1783733927,replicas_spec,deployment=workload-cloud,6.0
1783733937,replicas_spec,deployment=workload-cloud,6.0
1783733947,replicas_spec,deployment=workload-cloud,6.0
1783733957,replicas_spec,deployment=workload-cloud,6.0
1783733967,replicas_spec,deployment=workload-cloud,6.0
1783733977,replicas_spec,deployment=workload-cloud,6.0
1783733987,replicas_spec,deployment=workload-cloud,6.0
1783733997,replicas_spec,deployment=workload-cloud,6.0
1783734007,replicas_spec,deployment=workload-cloud,6.0
1783734017,replicas_spec,deployment=workload-cloud,6.0
1783734027,replicas_spec,deployment=workload-cloud,6.0
1783734037,replicas_spec,deployment=workload-cloud,6.0
1783734047,replicas_spec,deployment=workload-cloud,6.0
1783734057,replicas_spec,deployment=workload-cloud,6.0
1783734067,replicas_spec,deployment=workload-cloud,6.0
1783734077,replicas_spec,deployment=workload-cloud,6.0
1783734087,replicas_spec,deployment=workload-cloud,6.0
1783734097,replicas_spec,deployment=workload-cloud,6.0
1783734107,replicas_spec,deployment=workload-cloud,6.0
1783734117,replicas_spec,deployment=workload-cloud,6.0
1783734127,replicas_spec,deployment=workload-cloud,6.0
1783734137,replicas_spec,deployment=workload-cloud,6.0
1783734147,replicas_spec,deployment=workload-cloud,6.0
1783734157,replicas_spec,deployment=workload-cloud,6.0
1783734167,replicas_spec,deployment=workload-cloud,5.0
1783733527,replicas_spec,deployment=workload-edge,1.0
1783733537,replicas_spec,deployment=workload-edge,1.0
1783733547,replicas_spec,deployment=workload-edge,1.0
1783733557,replicas_spec,deployment=workload-edge,1.0
1783733567,replicas_spec,deployment=workload-edge,1.0
1783733577,replicas_spec,deployment=workload-edge,1.0
1783733587,replicas_spec,deployment=workload-edge,1.0
1783733597,replicas_spec,deployment=workload-edge,1.0
1783733607,replicas_spec,deployment=workload-edge,1.0
1783733617,replicas_spec,deployment=workload-edge,1.0
1783733627,replicas_spec,deployment=workload-edge,1.0
1783733637,replicas_spec,deployment=workload-edge,1.0
1783733647,replicas_spec,deployment=workload-edge,1.0
1783733657,replicas_spec,deployment=workload-edge,1.0
1783733667,replicas_spec,deployment=workload-edge,1.0
1783733677,replicas_spec,deployment=workload-edge,1.0
1783733687,replicas_spec,deployment=workload-edge,1.0
1783733697,replicas_spec,deployment=workload-edge,1.0
1783733707,replicas_spec,deployment=workload-edge,1.0
1783733717,replicas_spec,deployment=workload-edge,1.0
1783733727,replicas_spec,deployment=workload-edge,1.0
1783733737,replicas_spec,deployment=workload-edge,1.0
1783733747,replicas_spec,deployment=workload-edge,1.0
1783733757,replicas_spec,deployment=workload-edge,1.0
1783733767,replicas_spec,deployment=workload-edge,1.0
1783733777,replicas_spec,deployment=workload-edge,1.0
1783733787,replicas_spec,deployment=workload-edge,1.0
1783733797,replicas_spec,deployment=workload-edge,1.0
1783733807,replicas_spec,deployment=workload-edge,1.0
1783733817,replicas_spec,deployment=workload-edge,1.0
1783733827,replicas_spec,deployment=workload-edge,1.0
1783733837,replicas_spec,deployment=workload-edge,1.0
1783733847,replicas_spec,deployment=workload-edge,1.0
1783733857,replicas_spec,deployment=workload-edge,1.0
1783733867,replicas_spec,deployment=workload-edge,1.0
1783733877,replicas_spec,deployment=workload-edge,1.0
1783733887,replicas_spec,deployment=workload-edge,1.0
1783733897,replicas_spec,deployment=workload-edge,1.0
1783733907,replicas_spec,deployment=workload-edge,1.0
1783733917,replicas_spec,deployment=workload-edge,1.0
1783733927,replicas_spec,deployment=workload-edge,1.0
1783733937,replicas_spec,deployment=workload-edge,1.0
1783733947,replicas_spec,deployment=workload-edge,1.0
1783733957,replicas_spec,deployment=workload-edge,1.0
1783733967,replicas_spec,deployment=workload-edge,1.0
1783733977,replicas_spec,deployment=workload-edge,1.0
1783733987,replicas_spec,deployment=workload-edge,1.0
1783733997,replicas_spec,deployment=workload-edge,1.0
1783734007,replicas_spec,deployment=workload-edge,1.0
1783734017,replicas_spec,deployment=workload-edge,1.0
1783734027,replicas_spec,deployment=workload-edge,1.0
1783734037,replicas_spec,deployment=workload-edge,1.0
1783734047,replicas_spec,deployment=workload-edge,1.0
1783734057,replicas_spec,deployment=workload-edge,1.0
1783734067,replicas_spec,deployment=workload-edge,1.0
1783734077,replicas_spec,deployment=workload-edge,1.0
1783734087,replicas_spec,deployment=workload-edge,1.0
1783734097,replicas_spec,deployment=workload-edge,1.0
1783734107,replicas_spec,deployment=workload-edge,1.0
1783734117,replicas_spec,deployment=workload-edge,1.0
1783734127,replicas_spec,deployment=workload-edge,1.0
1783734137,replicas_spec,deployment=workload-edge,1.0
1783734147,replicas_spec,deployment=workload-edge,1.0
1783734157,replicas_spec,deployment=workload-edge,1.0
1783734167,replicas_spec,deployment=workload-edge,1.0
1783733687,cpu_cores,pod=workload-cloud-6f545f89ff-6hdnt,0.010133012200297052
1783733697,cpu_cores,pod=workload-cloud-6f545f89ff-6hdnt,0.014074069583278817
1783733707,cpu_cores,pod=workload-cloud-6f545f89ff-6hdnt,0.018175300557154696
1783733717,cpu_cores,pod=workload-cloud-6f545f89ff-6hdnt,0.0222875096172535
1783733727,cpu_cores,pod=workload-cloud-6f545f89ff-6hdnt,0.04923439351927537
1783733737,cpu_cores,pod=workload-cloud-6f545f89ff-6hdnt,0.05053176092712741
1783733747,cpu_cores,pod=workload-cloud-6f545f89ff-6hdnt,0.14009073957384732
1783733757,cpu_cores,pod=workload-cloud-6f545f89ff-6hdnt,0.20645352418367774
1783733767,cpu_cores,pod=workload-cloud-6f545f89ff-6hdnt,0.23356212013245584
1783733777,cpu_cores,pod=workload-cloud-6f545f89ff-6hdnt,0.27789769222588534
1783733787,cpu_cores,pod=workload-cloud-6f545f89ff-6hdnt,0.28792155421743865
1783733797,cpu_cores,pod=workload-cloud-6f545f89ff-6hdnt,0.2891062128011115
1783733807,cpu_cores,pod=workload-cloud-6f545f89ff-6hdnt,0.24980528705229668
1783733817,cpu_cores,pod=workload-cloud-6f545f89ff-6hdnt,0.293788194360548
1783733827,cpu_cores,pod=workload-cloud-6f545f89ff-6hdnt,0.24746187650147794
1783733837,cpu_cores,pod=workload-cloud-6f545f89ff-6hdnt,0.2976358712610887
1783733847,cpu_cores,pod=workload-cloud-6f545f89ff-6hdnt,0.29956099691127924
1783733857,cpu_cores,pod=workload-cloud-6f545f89ff-6hdnt,0.2972125663716813
1783733867,cpu_cores,pod=workload-cloud-6f545f89ff-6hdnt,0.2972125663716813
1783733877,cpu_cores,pod=workload-cloud-6f545f89ff-6hdnt,0.2807125978342446
1783733887,cpu_cores,pod=workload-cloud-6f545f89ff-6hdnt,0.24681430217220707
1783733897,cpu_cores,pod=workload-cloud-6f545f89ff-6hdnt,0.23152476730501761
1783733907,cpu_cores,pod=workload-cloud-6f545f89ff-6hdnt,0.14022688862062396
1783733917,cpu_cores,pod=workload-cloud-6f545f89ff-6hdnt,0.049589805837134585
1783733927,cpu_cores,pod=workload-cloud-6f545f89ff-6hdnt,0.05969680689305618
1783733937,cpu_cores,pod=workload-cloud-6f545f89ff-6hdnt,0.02511205946490962
1783733947,cpu_cores,pod=workload-cloud-6f545f89ff-6hdnt,0.02088901669263124
1783733957,cpu_cores,pod=workload-cloud-6f545f89ff-6hdnt,0.02485642581563463
1783733967,cpu_cores,pod=workload-cloud-6f545f89ff-6hdnt,0.024796333541392122
1783733977,cpu_cores,pod=workload-cloud-6f545f89ff-6hdnt,0.024689312121891065
1783733987,cpu_cores,pod=workload-cloud-6f545f89ff-6hdnt,0.024689312121891065
1783733997,cpu_cores,pod=workload-cloud-6f545f89ff-6hdnt,0.024746785773918843
1783734007,cpu_cores,pod=workload-cloud-6f545f89ff-6hdnt,0.024714995102617335
1783734017,cpu_cores,pod=workload-cloud-6f545f89ff-6hdnt,0.0202799809045335
1783734027,cpu_cores,pod=workload-cloud-6f545f89ff-6hdnt,0.02471331345738664
1783734037,cpu_cores,pod=workload-cloud-6f545f89ff-6hdnt,0.021674862262578594
1783734047,cpu_cores,pod=workload-cloud-6f545f89ff-6hdnt,0.024647739036585032
1783734057,cpu_cores,pod=workload-cloud-6f545f89ff-6hdnt,0.02455471875255122
1783734067,cpu_cores,pod=workload-cloud-6f545f89ff-6hdnt,0.024608549028031376
1783734077,cpu_cores,pod=workload-cloud-6f545f89ff-6hdnt,0.02402959270059261
1783734087,cpu_cores,pod=workload-cloud-6f545f89ff-6hdnt,0.023803691069281187
1783734097,cpu_cores,pod=workload-cloud-6f545f89ff-6hdnt,0.015870099643610514
1783734107,cpu_cores,pod=workload-cloud-6f545f89ff-6hdnt,0.012376751569114003
1783734117,cpu_cores,pod=workload-cloud-6f545f89ff-6hdnt,0.00960939978108868
1783734127,cpu_cores,pod=workload-cloud-6f545f89ff-6hdnt,0.001916964305041432
1783734137,cpu_cores,pod=workload-cloud-6f545f89ff-6hdnt,0.0019094395211260286
1783734147,cpu_cores,pod=workload-cloud-6f545f89ff-6hdnt,0.0019269288871481475
1783734157,cpu_cores,pod=workload-cloud-6f545f89ff-6hdnt,0.0019863448000399255
1783734167,cpu_cores,pod=workload-cloud-6f545f89ff-6hdnt,0.0016723873830533078
1783733527,cpu_cores,pod=workload-cloud-6f545f89ff-9hvzm,0.002098902267795447
1783733537,cpu_cores,pod=workload-cloud-6f545f89ff-9hvzm,0.0033195956265580488
1783733547,cpu_cores,pod=workload-cloud-6f545f89ff-9hvzm,0.013009441166259334
1783733557,cpu_cores,pod=workload-cloud-6f545f89ff-9hvzm,0.01529063149715077
1783733567,cpu_cores,pod=workload-cloud-6f545f89ff-9hvzm,0.04488230614637277
1783733577,cpu_cores,pod=workload-cloud-6f545f89ff-9hvzm,0.04488230614637277
1783733587,cpu_cores,pod=workload-cloud-6f545f89ff-9hvzm,0.07743404823774991
1783733597,cpu_cores,pod=workload-cloud-6f545f89ff-9hvzm,0.1054323556277273
1783733607,cpu_cores,pod=workload-cloud-6f545f89ff-9hvzm,0.10057340536476055
1783733617,cpu_cores,pod=workload-cloud-6f545f89ff-9hvzm,0.13502473761426662
1783733627,cpu_cores,pod=workload-cloud-6f545f89ff-9hvzm,0.1258298662110087
1783733637,cpu_cores,pod=workload-cloud-6f545f89ff-9hvzm,0.16314052083542951
1783733647,cpu_cores,pod=workload-cloud-6f545f89ff-9hvzm,0.16876831949509932
1783733657,cpu_cores,pod=workload-cloud-6f545f89ff-9hvzm,0.17983387788204958
1783733667,cpu_cores,pod=workload-cloud-6f545f89ff-9hvzm,0.17983387788204958
1783733677,cpu_cores,pod=workload-cloud-6f545f89ff-9hvzm,0.18991264490577284
1783733687,cpu_cores,pod=workload-cloud-6f545f89ff-9hvzm,0.18997100815851206
1783733697,cpu_cores,pod=workload-cloud-6f545f89ff-9hvzm,0.19619018073146796
1783733707,cpu_cores,pod=workload-cloud-6f545f89ff-9hvzm,0.1971700308264022
1783733717,cpu_cores,pod=workload-cloud-6f545f89ff-9hvzm,0.20754239259275384
1783733727,cpu_cores,pod=workload-cloud-6f545f89ff-9hvzm,0.2075423925927538
1783733737,cpu_cores,pod=workload-cloud-6f545f89ff-9hvzm,0.26653940615406313
1783733747,cpu_cores,pod=workload-cloud-6f545f89ff-9hvzm,0.22854791574299801
1783733757,cpu_cores,pod=workload-cloud-6f545f89ff-9hvzm,0.33649542298308804
1783733767,cpu_cores,pod=workload-cloud-6f545f89ff-9hvzm,0.3917764968312254
1783733777,cpu_cores,pod=workload-cloud-6f545f89ff-9hvzm,0.42899252635500545
1783733787,cpu_cores,pod=workload-cloud-6f545f89ff-9hvzm,0.42899252635500545
1783733797,cpu_cores,pod=workload-cloud-6f545f89ff-9hvzm,0.44255481522338974
1783733807,cpu_cores,pod=workload-cloud-6f545f89ff-9hvzm,0.44255481522338974
1783733817,cpu_cores,pod=workload-cloud-6f545f89ff-9hvzm,0.44221230624706015
1783733827,cpu_cores,pod=workload-cloud-6f545f89ff-9hvzm,0.44243566029346376
1783733837,cpu_cores,pod=workload-cloud-6f545f89ff-9hvzm,0.4483896898087897
1783733847,cpu_cores,pod=workload-cloud-6f545f89ff-9hvzm,0.4483896898087897
1783733857,cpu_cores,pod=workload-cloud-6f545f89ff-9hvzm,0.4499715456705081
1783733867,cpu_cores,pod=workload-cloud-6f545f89ff-9hvzm,0.44107578906236233
1783733877,cpu_cores,pod=workload-cloud-6f545f89ff-9hvzm,0.4323183775827304
1783733887,cpu_cores,pod=workload-cloud-6f545f89ff-9hvzm,0.40944799644155877
1783733897,cpu_cores,pod=workload-cloud-6f545f89ff-9hvzm,0.3909514477828926
1783733907,cpu_cores,pod=workload-cloud-6f545f89ff-9hvzm,0.34598797570348216
1783733917,cpu_cores,pod=workload-cloud-6f545f89ff-9hvzm,0.27696745675033835
1783733927,cpu_cores,pod=workload-cloud-6f545f89ff-9hvzm,0.2411589622348002
1783733937,cpu_cores,pod=workload-cloud-6f545f89ff-9hvzm,0.23703599765487643
1783733947,cpu_cores,pod=workload-cloud-6f545f89ff-9hvzm,0.231370513961273
1783733957,cpu_cores,pod=workload-cloud-6f545f89ff-9hvzm,0.2351144360064093
1783733967,cpu_cores,pod=workload-cloud-6f545f89ff-9hvzm,0.23578055200236264
1783733977,cpu_cores,pod=workload-cloud-6f545f89ff-9hvzm,0.19946340583474045
1783733987,cpu_cores,pod=workload-cloud-6f545f89ff-9hvzm,0.2441797460549875
1783733997,cpu_cores,pod=workload-cloud-6f545f89ff-9hvzm,0.24806207543907227
1783734007,cpu_cores,pod=workload-cloud-6f545f89ff-9hvzm,0.2494112442982916
1783734017,cpu_cores,pod=workload-cloud-6f545f89ff-9hvzm,0.2554893373952774
1783734027,cpu_cores,pod=workload-cloud-6f545f89ff-9hvzm,0.25033418051208683
1783734037,cpu_cores,pod=workload-cloud-6f545f89ff-9hvzm,0.24715659132691647
1783734047,cpu_cores,pod=workload-cloud-6f545f89ff-9hvzm,0.24315169067000753
1783734057,cpu_cores,pod=workload-cloud-6f545f89ff-9hvzm,0.24315169067000753
1783734067,cpu_cores,pod=workload-cloud-6f545f89ff-9hvzm,0.24040115909424625
1783734077,cpu_cores,pod=workload-cloud-6f545f89ff-9hvzm,0.19536867974791403
1783734087,cpu_cores,pod=workload-cloud-6f545f89ff-9hvzm,0.2388050640377481
1783734097,cpu_cores,pod=workload-cloud-6f545f89ff-9hvzm,0.2158038424889746
1783734107,cpu_cores,pod=workload-cloud-6f545f89ff-9hvzm,0.15554758605989505
1783734117,cpu_cores,pod=workload-cloud-6f545f89ff-9hvzm,0.15554758605989505
1783734127,cpu_cores,pod=workload-cloud-6f545f89ff-9hvzm,0.06003019692625868
1783734137,cpu_cores,pod=workload-cloud-6f545f89ff-9hvzm,0.051471224848950344
1783734147,cpu_cores,pod=workload-cloud-6f545f89ff-9hvzm,0.009257129336244318
1783734157,cpu_cores,pod=workload-cloud-6f545f89ff-9hvzm,0.0019671796482421053
1783734167,cpu_cores,pod=workload-cloud-6f545f89ff-9hvzm,0.0019309187329014828
1783733627,cpu_cores,pod=workload-cloud-6f545f89ff-n8kmx,0.008160346015641513
1783733637,cpu_cores,pod=workload-cloud-6f545f89ff-n8kmx,0.014034368421052629
1783733647,cpu_cores,pod=workload-cloud-6f545f89ff-n8kmx,0.009277506514266938
1783733657,cpu_cores,pod=workload-cloud-6f545f89ff-n8kmx,0.009295299595053177
1783733667,cpu_cores,pod=workload-cloud-6f545f89ff-n8kmx,0.014439276305465626
1783733677,cpu_cores,pod=workload-cloud-6f545f89ff-n8kmx,0.010444021123194525
1783733687,cpu_cores,pod=workload-cloud-6f545f89ff-n8kmx,0.023129327202579146
1783733697,cpu_cores,pod=workload-cloud-6f545f89ff-n8kmx,0.03026628159404559
1783733707,cpu_cores,pod=workload-cloud-6f545f89ff-n8kmx,0.03288490566427484
1783733717,cpu_cores,pod=workload-cloud-6f545f89ff-n8kmx,0.05344291043889457
1783733727,cpu_cores,pod=workload-cloud-6f545f89ff-n8kmx,0.048298939952013294
1783733737,cpu_cores,pod=workload-cloud-6f545f89ff-n8kmx,0.12318633158412594
1783733747,cpu_cores,pod=workload-cloud-6f545f89ff-n8kmx,0.2193281782805793
1783733757,cpu_cores,pod=workload-cloud-6f545f89ff-n8kmx,0.31644638465592484
1783733767,cpu_cores,pod=workload-cloud-6f545f89ff-n8kmx,0.3297061430010071
1783733777,cpu_cores,pod=workload-cloud-6f545f89ff-n8kmx,0.4119124300062218
1783733787,cpu_cores,pod=workload-cloud-6f545f89ff-n8kmx,0.4112260183968463
1783733797,cpu_cores,pod=workload-cloud-6f545f89ff-n8kmx,0.4230902707878133
1783733807,cpu_cores,pod=workload-cloud-6f545f89ff-n8kmx,0.42180413126617344
1783733817,cpu_cores,pod=workload-cloud-6f545f89ff-n8kmx,0.349603406761549
1783733827,cpu_cores,pod=workload-cloud-6f545f89ff-n8kmx,0.41732319031540793
1783733837,cpu_cores,pod=workload-cloud-6f545f89ff-n8kmx,0.41618777471722446
1783733847,cpu_cores,pod=workload-cloud-6f545f89ff-n8kmx,0.4137547892720307
1783733857,cpu_cores,pod=workload-cloud-6f545f89ff-n8kmx,0.4244896966761068
1783733867,cpu_cores,pod=workload-cloud-6f545f89ff-n8kmx,0.4281668691475244
1783733877,cpu_cores,pod=workload-cloud-6f545f89ff-n8kmx,0.4103459284363473
1783733887,cpu_cores,pod=workload-cloud-6f545f89ff-n8kmx,0.41187343753882855
1783733897,cpu_cores,pod=workload-cloud-6f545f89ff-n8kmx,0.2991468799917555
1783733907,cpu_cores,pod=workload-cloud-6f545f89ff-n8kmx,0.2429816809712799
1783733917,cpu_cores,pod=workload-cloud-6f545f89ff-n8kmx,0.19661430352210787
1783733927,cpu_cores,pod=workload-cloud-6f545f89ff-n8kmx,0.10285565645539642
1783733937,cpu_cores,pod=workload-cloud-6f545f89ff-n8kmx,0.06637814545887386
1783733947,cpu_cores,pod=workload-cloud-6f545f89ff-n8kmx,0.06625811403103209
1783733957,cpu_cores,pod=workload-cloud-6f545f89ff-n8kmx,0.06641167207391808
1783733967,cpu_cores,pod=workload-cloud-6f545f89ff-n8kmx,0.06624962976487528
1783733977,cpu_cores,pod=workload-cloud-6f545f89ff-n8kmx,0.06624962976487528
1783733987,cpu_cores,pod=workload-cloud-6f545f89ff-n8kmx,0.06623663544878157
1783733997,cpu_cores,pod=workload-cloud-6f545f89ff-n8kmx,0.06632849193434984
1783734007,cpu_cores,pod=workload-cloud-6f545f89ff-n8kmx,0.06614269518165417
1783734017,cpu_cores,pod=workload-cloud-6f545f89ff-n8kmx,0.06597937437229022
1783734027,cpu_cores,pod=workload-cloud-6f545f89ff-n8kmx,0.05498597846148461
1783734037,cpu_cores,pod=workload-cloud-6f545f89ff-n8kmx,0.06614270472125892
1783734047,cpu_cores,pod=workload-cloud-6f545f89ff-n8kmx,0.06612482232540523
1783734057,cpu_cores,pod=workload-cloud-6f545f89ff-n8kmx,0.06630244898976033
1783734067,cpu_cores,pod=workload-cloud-6f545f89ff-n8kmx,0.06615355500530584
1783734077,cpu_cores,pod=workload-cloud-6f545f89ff-n8kmx,0.06463645100456954
1783734087,cpu_cores,pod=workload-cloud-6f545f89ff-n8kmx,0.06382429792429774
1783734097,cpu_cores,pod=workload-cloud-6f545f89ff-n8kmx,0.043109237255653556
1783734107,cpu_cores,pod=workload-cloud-6f545f89ff-n8kmx,0.034798220653387744
1783734117,cpu_cores,pod=workload-cloud-6f545f89ff-n8kmx,0.021806977635782904
1783734127,cpu_cores,pod=workload-cloud-6f545f89ff-n8kmx,0.0029746304780018137
1783734137,cpu_cores,pod=workload-cloud-6f545f89ff-n8kmx,0.0019207118636354952
1783734147,cpu_cores,pod=workload-cloud-6f545f89ff-n8kmx,0.0019207118636354952
1783734157,cpu_cores,pod=workload-cloud-6f545f89ff-n8kmx,0.0015365159545898874
1783734167,cpu_cores,pod=workload-cloud-6f545f89ff-n8kmx,0.0008313666666666109
1783733607,cpu_cores,pod=workload-cloud-6f545f89ff-phx9t,0.01261221464790405
1783733617,cpu_cores,pod=workload-cloud-6f545f89ff-phx9t,0.01698432696477419
1783733627,cpu_cores,pod=workload-cloud-6f545f89ff-phx9t,0.021974931553620278
1783733637,cpu_cores,pod=workload-cloud-6f545f89ff-phx9t,0.031201214702677577
1783733647,cpu_cores,pod=workload-cloud-6f545f89ff-phx9t,0.033725756766886716
1783733657,cpu_cores,pod=workload-cloud-6f545f89ff-phx9t,0.040788651717140585
1783733667,cpu_cores,pod=workload-cloud-6f545f89ff-phx9t,0.05371004727373847
1783733677,cpu_cores,pod=workload-cloud-6f545f89ff-phx9t,0.05968738028904755
1783733687,cpu_cores,pod=workload-cloud-6f545f89ff-phx9t,0.059687380289047534
1783733697,cpu_cores,pod=workload-cloud-6f545f89ff-phx9t,0.0654802670331828
1783733707,cpu_cores,pod=workload-cloud-6f545f89ff-phx9t,0.06518682626810396
1783733717,cpu_cores,pod=workload-cloud-6f545f89ff-phx9t,0.06518682626810396
1783733727,cpu_cores,pod=workload-cloud-6f545f89ff-phx9t,0.0869800588223024
1783733737,cpu_cores,pod=workload-cloud-6f545f89ff-phx9t,0.09703838742698863
1783733747,cpu_cores,pod=workload-cloud-6f545f89ff-phx9t,0.14469537720837244
1783733757,cpu_cores,pod=workload-cloud-6f545f89ff-phx9t,0.23261968400542182
1783733767,cpu_cores,pod=workload-cloud-6f545f89ff-phx9t,0.29044887728216007
1783733777,cpu_cores,pod=workload-cloud-6f545f89ff-phx9t,0.29044887728216007
1783733787,cpu_cores,pod=workload-cloud-6f545f89ff-phx9t,0.31741377120566094
1783733797,cpu_cores,pod=workload-cloud-6f545f89ff-phx9t,0.31965515848625864
1783733807,cpu_cores,pod=workload-cloud-6f545f89ff-phx9t,0.3194380173313591
1783733817,cpu_cores,pod=workload-cloud-6f545f89ff-phx9t,0.32272317088907054
1783733827,cpu_cores,pod=workload-cloud-6f545f89ff-phx9t,0.32267764391524467
1783733837,cpu_cores,pod=workload-cloud-6f545f89ff-phx9t,0.32267764391524467
1783733847,cpu_cores,pod=workload-cloud-6f545f89ff-phx9t,0.3191074816034688
1783733857,cpu_cores,pod=workload-cloud-6f545f89ff-phx9t,0.31651029200574443
1783733867,cpu_cores,pod=workload-cloud-6f545f89ff-phx9t,0.31817165738841685
1783733877,cpu_cores,pod=workload-cloud-6f545f89ff-phx9t,0.31876614939505526
1783733887,cpu_cores,pod=workload-cloud-6f545f89ff-phx9t,0.2721737539637369
1783733897,cpu_cores,pod=workload-cloud-6f545f89ff-phx9t,0.230353379175652
1783733907,cpu_cores,pod=workload-cloud-6f545f89ff-phx9t,0.13371761163172202
1783733917,cpu_cores,pod=workload-cloud-6f545f89ff-phx9t,0.13371761163172202
1783733927,cpu_cores,pod=workload-cloud-6f545f89ff-phx9t,0.07594380242114379
1783733937,cpu_cores,pod=workload-cloud-6f545f89ff-phx9t,0.07594380242114379
1783733947,cpu_cores,pod=workload-cloud-6f545f89ff-phx9t,0.06595907399751956
1783733957,cpu_cores,pod=workload-cloud-6f545f89ff-phx9t,0.06595358420777546
1783733967,cpu_cores,pod=workload-cloud-6f545f89ff-phx9t,0.05224866650209197
1783733977,cpu_cores,pod=workload-cloud-6f545f89ff-phx9t,0.0654766344329801
1783733987,cpu_cores,pod=workload-cloud-6f545f89ff-phx9t,0.04484727500000005
1783733997,cpu_cores,pod=workload-cloud-6f545f89ff-phx9t,0.06558545647558388
1783734007,cpu_cores,pod=workload-cloud-6f545f89ff-phx9t,0.06567758413461529
1783734017,cpu_cores,pod=workload-cloud-6f545f89ff-phx9t,0.06613178042433948
1783734027,cpu_cores,pod=workload-cloud-6f545f89ff-phx9t,0.06598262270891572
1783734037,cpu_cores,pod=workload-cloud-6f545f89ff-phx9t,0.057761423394166365
1783734047,cpu_cores,pod=workload-cloud-6f545f89ff-phx9t,0.06595250697893622
1783734057,cpu_cores,pod=workload-cloud-6f545f89ff-phx9t,0.06593547380156074
1783734067,cpu_cores,pod=workload-cloud-6f545f89ff-phx9t,0.06586748064324015
1783734077,cpu_cores,pod=workload-cloud-6f545f89ff-phx9t,0.06594603226265806
1783734087,cpu_cores,pod=workload-cloud-6f545f89ff-phx9t,0.06527904732494405
1783734097,cpu_cores,pod=workload-cloud-6f545f89ff-phx9t,0.06494783080540568
1783734107,cpu_cores,pod=workload-cloud-6f545f89ff-phx9t,0.04503951515151502
1783734117,cpu_cores,pod=workload-cloud-6f545f89ff-phx9t,0.03596969290856163
1783734127,cpu_cores,pod=workload-cloud-6f545f89ff-phx9t,0.018535425434583794
1783734137,cpu_cores,pod=workload-cloud-6f545f89ff-phx9t,0.004924968338550694
1783734147,cpu_cores,pod=workload-cloud-6f545f89ff-phx9t,0.001941017707853396
1783734157,cpu_cores,pod=workload-cloud-6f545f89ff-phx9t,0.0019847279443101604
1783734167,cpu_cores,pod=workload-cloud-6f545f89ff-phx9t,0.0019921772227386543
1783733777,cpu_cores,pod=workload-cloud-6f545f89ff-rqx5x,0.010897276889511701
1783733787,cpu_cores,pod=workload-cloud-6f545f89ff-rqx5x,0.008826896353293626
1783733797,cpu_cores,pod=workload-cloud-6f545f89ff-rqx5x,0.008842716690321622
1783733807,cpu_cores,pod=workload-cloud-6f545f89ff-rqx5x,0.00853181603228855
1783733817,cpu_cores,pod=workload-cloud-6f545f89ff-rqx5x,0.0018035806320358054
1783733827,cpu_cores,pod=workload-cloud-6f545f89ff-rqx5x,0.0017229057408921422
1783733837,cpu_cores,pod=workload-cloud-6f545f89ff-rqx5x,0.0017482441014425717
1783733847,cpu_cores,pod=workload-cloud-6f545f89ff-rqx5x,0.0014282896074149052
1783733857,cpu_cores,pod=workload-cloud-6f545f89ff-rqx5x,0.0016914074603742106
1783733867,cpu_cores,pod=workload-cloud-6f545f89ff-rqx5x,0.0017983026874115987
1783733877,cpu_cores,pod=workload-cloud-6f545f89ff-rqx5x,0.0015427039321074967
1783733887,cpu_cores,pod=workload-cloud-6f545f89ff-rqx5x,0.001716045213452788
1783733897,cpu_cores,pod=workload-cloud-6f545f89ff-rqx5x,0.0017577459456048464
1783733907,cpu_cores,pod=workload-cloud-6f545f89ff-rqx5x,0.0017577459456048464
1783733917,cpu_cores,pod=workload-cloud-6f545f89ff-rqx5x,0.0017081913562421779
1783733927,cpu_cores,pod=workload-cloud-6f545f89ff-rqx5x,0.0017323030907278171
1783733937,cpu_cores,pod=workload-cloud-6f545f89ff-rqx5x,0.0017323030907278171
1783733947,cpu_cores,pod=workload-cloud-6f545f89ff-rqx5x,0.0016937902825979198
1783733957,cpu_cores,pod=workload-cloud-6f545f89ff-rqx5x,0.001705238803503556
1783733967,cpu_cores,pod=workload-cloud-6f545f89ff-rqx5x,0.0017546265448683499
1783733977,cpu_cores,pod=workload-cloud-6f545f89ff-rqx5x,0.0017324970156443074
1783733987,cpu_cores,pod=workload-cloud-6f545f89ff-rqx5x,0.0014943766706258421
1783733997,cpu_cores,pod=workload-cloud-6f545f89ff-rqx5x,0.0017527883815657583
1783734007,cpu_cores,pod=workload-cloud-6f545f89ff-rqx5x,0.0016996043815317068
1783734017,cpu_cores,pod=workload-cloud-6f545f89ff-rqx5x,0.0017087955556336915
1783734027,cpu_cores,pod=workload-cloud-6f545f89ff-rqx5x,0.001716537017167381
1783734037,cpu_cores,pod=workload-cloud-6f545f89ff-rqx5x,0.0017526396327467463
1783734047,cpu_cores,pod=workload-cloud-6f545f89ff-rqx5x,0.0017177036892307134
1783734057,cpu_cores,pod=workload-cloud-6f545f89ff-rqx5x,0.001725614132573916
1783734067,cpu_cores,pod=workload-cloud-6f545f89ff-rqx5x,0.001719214229867086
1783734077,cpu_cores,pod=workload-cloud-6f545f89ff-rqx5x,0.0017235340208805424
1783734087,cpu_cores,pod=workload-cloud-6f545f89ff-rqx5x,0.0017235340208805424
1783734097,cpu_cores,pod=workload-cloud-6f545f89ff-rqx5x,0.0018234836237351066
1783734107,cpu_cores,pod=workload-cloud-6f545f89ff-rqx5x,0.0018527311674401993
1783734117,cpu_cores,pod=workload-cloud-6f545f89ff-rqx5x,0.0018599568574023601
1783734127,cpu_cores,pod=workload-cloud-6f545f89ff-rqx5x,0.0019160983115694905
1783734137,cpu_cores,pod=workload-cloud-6f545f89ff-rqx5x,0.0015138503831656047
1783734147,cpu_cores,pod=workload-cloud-6f545f89ff-rqx5x,0.0018837719804977223
1783734157,cpu_cores,pod=workload-cloud-6f545f89ff-rqx5x,0.0018718784439702694
1783734167,cpu_cores,pod=workload-cloud-6f545f89ff-rqx5x,0.0018718784439702694
1783733747,cpu_cores,pod=workload-cloud-6f545f89ff-wg4dj,0.016606984186151953
1783733757,cpu_cores,pod=workload-cloud-6f545f89ff-wg4dj,0.024447614237243658
1783733767,cpu_cores,pod=workload-cloud-6f545f89ff-wg4dj,0.03224697438735607
1783733777,cpu_cores,pod=workload-cloud-6f545f89ff-wg4dj,0.03996269738574206
1783733787,cpu_cores,pod=workload-cloud-6f545f89ff-wg4dj,0.045713160353320875
1783733797,cpu_cores,pod=workload-cloud-6f545f89ff-wg4dj,0.045713160353320875
1783733807,cpu_cores,pod=workload-cloud-6f545f89ff-wg4dj,0.045627146558105104
1783733817,cpu_cores,pod=workload-cloud-6f545f89ff-wg4dj,0.04555550373134328
1783733827,cpu_cores,pod=workload-cloud-6f545f89ff-wg4dj,0.045232192598487875
1783733837,cpu_cores,pod=workload-cloud-6f545f89ff-wg4dj,0.04521708394698087
1783733847,cpu_cores,pod=workload-cloud-6f545f89ff-wg4dj,0.045483774564554595
1783733857,cpu_cores,pod=workload-cloud-6f545f89ff-wg4dj,0.045544031348930605
1783733867,cpu_cores,pod=workload-cloud-6f545f89ff-wg4dj,0.04579801287744228
1783733877,cpu_cores,pod=workload-cloud-6f545f89ff-wg4dj,0.03505681879363255
1783733887,cpu_cores,pod=workload-cloud-6f545f89ff-wg4dj,0.030126387947661988
1783733897,cpu_cores,pod=workload-cloud-6f545f89ff-wg4dj,0.021349158891970758
1783733907,cpu_cores,pod=workload-cloud-6f545f89ff-wg4dj,0.00903042475234089
1783733917,cpu_cores,pod=workload-cloud-6f545f89ff-wg4dj,0.0014284323497063857
1783733927,cpu_cores,pod=workload-cloud-6f545f89ff-wg4dj,0.001762083280382935
1783733937,cpu_cores,pod=workload-cloud-6f545f89ff-wg4dj,0.0015156383558453483
1783733947,cpu_cores,pod=workload-cloud-6f545f89ff-wg4dj,0.0017551868998628164
1783733957,cpu_cores,pod=workload-cloud-6f545f89ff-wg4dj,0.0014739048034430407
1783733967,cpu_cores,pod=workload-cloud-6f545f89ff-wg4dj,0.001739537725282559
1783733977,cpu_cores,pod=workload-cloud-6f545f89ff-wg4dj,0.0017326089808053968
1783733987,cpu_cores,pod=workload-cloud-6f545f89ff-wg4dj,0.0017758158792011709
1783733997,cpu_cores,pod=workload-cloud-6f545f89ff-wg4dj,0.001834821181036876
1783734007,cpu_cores,pod=workload-cloud-6f545f89ff-wg4dj,0.0018858218673914267
1783734017,cpu_cores,pod=workload-cloud-6f545f89ff-wg4dj,0.001819814967975226
1783734027,cpu_cores,pod=workload-cloud-6f545f89ff-wg4dj,0.0015553328762644436
1783734037,cpu_cores,pod=workload-cloud-6f545f89ff-wg4dj,0.0017973805694232578
1783734047,cpu_cores,pod=workload-cloud-6f545f89ff-wg4dj,0.0017910997055780897
1783734057,cpu_cores,pod=workload-cloud-6f545f89ff-wg4dj,0.0018462454239709346
1783734067,cpu_cores,pod=workload-cloud-6f545f89ff-wg4dj,0.0018060241453599344
1783734077,cpu_cores,pod=workload-cloud-6f545f89ff-wg4dj,0.0018234245519367983
1783734087,cpu_cores,pod=workload-cloud-6f545f89ff-wg4dj,0.00153804847942229
1783734097,cpu_cores,pod=workload-cloud-6f545f89ff-wg4dj,0.001835511725569781
1783734107,cpu_cores,pod=workload-cloud-6f545f89ff-wg4dj,0.001949029842278454
1783734117,cpu_cores,pod=workload-cloud-6f545f89ff-wg4dj,0.001949029842278454
1783734127,cpu_cores,pod=workload-cloud-6f545f89ff-wg4dj,0.0019468811118971297
1783734137,cpu_cores,pod=workload-cloud-6f545f89ff-wg4dj,0.0019360825206639425
1783734147,cpu_cores,pod=workload-cloud-6f545f89ff-wg4dj,0.0019360825206639425
1783734157,cpu_cores,pod=workload-cloud-6f545f89ff-wg4dj,0.001931756638714192
1783734167,cpu_cores,pod=workload-cloud-6f545f89ff-wg4dj,0.0019892905234809035
1783733527,cpu_cores,pod=workload-edge-7b875fd8c6-pxwvc,0.0020265888627781408
1783733537,cpu_cores,pod=workload-edge-7b875fd8c6-pxwvc,0.0020265888627781408
1783733547,cpu_cores,pod=workload-edge-7b875fd8c6-pxwvc,0.0020672871659122944
1783733557,cpu_cores,pod=workload-edge-7b875fd8c6-pxwvc,0.002081434330574859
1783733567,cpu_cores,pod=workload-edge-7b875fd8c6-pxwvc,0.0021177122098174623
1783733577,cpu_cores,pod=workload-edge-7b875fd8c6-pxwvc,0.0021177122098174623
1783733587,cpu_cores,pod=workload-edge-7b875fd8c6-pxwvc,0.002090821134107393
1783733597,cpu_cores,pod=workload-edge-7b875fd8c6-pxwvc,0.002090821134107393
1783733607,cpu_cores,pod=workload-edge-7b875fd8c6-pxwvc,0.002121712470449255
1783733617,cpu_cores,pod=workload-edge-7b875fd8c6-pxwvc,0.0021434599156118952
1783733627,cpu_cores,pod=workload-edge-7b875fd8c6-pxwvc,0.0021649703384902094
1783733637,cpu_cores,pod=workload-edge-7b875fd8c6-pxwvc,0.002101176561503819
1783733647,cpu_cores,pod=workload-edge-7b875fd8c6-pxwvc,0.002044958388614162
1783733657,cpu_cores,pod=workload-edge-7b875fd8c6-pxwvc,0.002069202972659624
1783733667,cpu_cores,pod=workload-edge-7b875fd8c6-pxwvc,0.0021116626429908266
1783733677,cpu_cores,pod=workload-edge-7b875fd8c6-pxwvc,0.0021078252318066488
1783733687,cpu_cores,pod=workload-edge-7b875fd8c6-pxwvc,0.0021661823052235214
1783733697,cpu_cores,pod=workload-edge-7b875fd8c6-pxwvc,0.0021858211266983234
1783733707,cpu_cores,pod=workload-edge-7b875fd8c6-pxwvc,0.002159617889709139
1783733717,cpu_cores,pod=workload-edge-7b875fd8c6-pxwvc,0.0021274093806488707
1783733727,cpu_cores,pod=workload-edge-7b875fd8c6-pxwvc,0.0021378593609135536
1783733737,cpu_cores,pod=workload-edge-7b875fd8c6-pxwvc,0.0018439344434534248
1783733747,cpu_cores,pod=workload-edge-7b875fd8c6-pxwvc,0.0021541919372101113
1783733757,cpu_cores,pod=workload-edge-7b875fd8c6-pxwvc,0.0021786230470989786
1783733767,cpu_cores,pod=workload-edge-7b875fd8c6-pxwvc,0.00182263747384447
1783733777,cpu_cores,pod=workload-edge-7b875fd8c6-pxwvc,0.0020408977093572976
1783733787,cpu_cores,pod=workload-edge-7b875fd8c6-pxwvc,0.0020710866286314
1783733797,cpu_cores,pod=workload-edge-7b875fd8c6-pxwvc,0.0020780398123494523
1783733807,cpu_cores,pod=workload-edge-7b875fd8c6-pxwvc,0.0020780398123494523
1783733817,cpu_cores,pod=workload-edge-7b875fd8c6-pxwvc,0.0021670675218243415
1783733827,cpu_cores,pod=workload-edge-7b875fd8c6-pxwvc,0.0021670675218243415
1783733837,cpu_cores,pod=workload-edge-7b875fd8c6-pxwvc,0.002193659416533622
1783733847,cpu_cores,pod=workload-edge-7b875fd8c6-pxwvc,0.0018344705966676352
1783733857,cpu_cores,pod=workload-edge-7b875fd8c6-pxwvc,0.00214788135593213
1783733867,cpu_cores,pod=workload-edge-7b875fd8c6-pxwvc,0.0021232825380963797
1783733877,cpu_cores,pod=workload-edge-7b875fd8c6-pxwvc,0.002095923091458752
1783733887,cpu_cores,pod=workload-edge-7b875fd8c6-pxwvc,0.0017837004149344464
1783733897,cpu_cores,pod=workload-edge-7b875fd8c6-pxwvc,0.002124799879927972
1783733907,cpu_cores,pod=workload-edge-7b875fd8c6-pxwvc,0.0021387726259717195
1783733917,cpu_cores,pod=workload-edge-7b875fd8c6-pxwvc,0.0021392496653522197
1783733927,cpu_cores,pod=workload-edge-7b875fd8c6-pxwvc,0.0021308660385458353
1783733937,cpu_cores,pod=workload-edge-7b875fd8c6-pxwvc,0.002109179197995076
1783733947,cpu_cores,pod=workload-edge-7b875fd8c6-pxwvc,0.002109179197995076
1783733957,cpu_cores,pod=workload-edge-7b875fd8c6-pxwvc,0.002114298450908169
1783733967,cpu_cores,pod=workload-edge-7b875fd8c6-pxwvc,0.002105732282216864
1783733977,cpu_cores,pod=workload-edge-7b875fd8c6-pxwvc,0.0021003047627521612
1783733987,cpu_cores,pod=workload-edge-7b875fd8c6-pxwvc,0.0021003047627521617
1783733997,cpu_cores,pod=workload-edge-7b875fd8c6-pxwvc,0.002097234591582855
1783734007,cpu_cores,pod=workload-edge-7b875fd8c6-pxwvc,0.002097234591582855
1783734017,cpu_cores,pod=workload-edge-7b875fd8c6-pxwvc,0.0020938128261312
1783734027,cpu_cores,pod=workload-edge-7b875fd8c6-pxwvc,0.0021132092663038115
1783734037,cpu_cores,pod=workload-edge-7b875fd8c6-pxwvc,0.002120302641831826
1783734047,cpu_cores,pod=workload-edge-7b875fd8c6-pxwvc,0.0021000238108320798
1783734057,cpu_cores,pod=workload-edge-7b875fd8c6-pxwvc,0.002129434458080559
1783734067,cpu_cores,pod=workload-edge-7b875fd8c6-pxwvc,0.0021409504253447043
1783734077,cpu_cores,pod=workload-edge-7b875fd8c6-pxwvc,0.0021422687018009517
1783734087,cpu_cores,pod=workload-edge-7b875fd8c6-pxwvc,0.002136481912625034
1783734097,cpu_cores,pod=workload-edge-7b875fd8c6-pxwvc,0.002173586049202453
1783734107,cpu_cores,pod=workload-edge-7b875fd8c6-pxwvc,0.0022451718494271387
1783734117,cpu_cores,pod=workload-edge-7b875fd8c6-pxwvc,0.0022074011840330135
1783734127,cpu_cores,pod=workload-edge-7b875fd8c6-pxwvc,0.0022111134015894963
1783734137,cpu_cores,pod=workload-edge-7b875fd8c6-pxwvc,0.0022111134015894963
1783734147,cpu_cores,pod=workload-edge-7b875fd8c6-pxwvc,0.0021502405820913117
1783734157,cpu_cores,pod=workload-edge-7b875fd8c6-pxwvc,0.002130763830625129
1783734167,cpu_cores,pod=workload-edge-7b875fd8c6-pxwvc,0.0021288608029001576
1783733687,cpu_utilisation,pod=workload-cloud-6f545f89ff-6hdnt,0.050665061001485254
1783733697,cpu_utilisation,pod=workload-cloud-6f545f89ff-6hdnt,0.07037034791639409
1783733707,cpu_utilisation,pod=workload-cloud-6f545f89ff-6hdnt,0.09087650278577347
1783733717,cpu_utilisation,pod=workload-cloud-6f545f89ff-6hdnt,0.11143754808626749
1783733727,cpu_utilisation,pod=workload-cloud-6f545f89ff-6hdnt,0.24617196759637683
1783733737,cpu_utilisation,pod=workload-cloud-6f545f89ff-6hdnt,0.25265880463563706
1783733747,cpu_utilisation,pod=workload-cloud-6f545f89ff-6hdnt,0.7004536978692366
1783733757,cpu_utilisation,pod=workload-cloud-6f545f89ff-6hdnt,1.0322676209183885
1783733767,cpu_utilisation,pod=workload-cloud-6f545f89ff-6hdnt,1.167810600662279
1783733777,cpu_utilisation,pod=workload-cloud-6f545f89ff-6hdnt,1.3894884611294267
1783733787,cpu_utilisation,pod=workload-cloud-6f545f89ff-6hdnt,1.439607771087193
1783733797,cpu_utilisation,pod=workload-cloud-6f545f89ff-6hdnt,1.4455310640055574
1783733807,cpu_utilisation,pod=workload-cloud-6f545f89ff-6hdnt,1.2490264352614833
1783733817,cpu_utilisation,pod=workload-cloud-6f545f89ff-6hdnt,1.4689409718027397
1783733827,cpu_utilisation,pod=workload-cloud-6f545f89ff-6hdnt,1.2373093825073895
1783733837,cpu_utilisation,pod=workload-cloud-6f545f89ff-6hdnt,1.4881793563054435
1783733847,cpu_utilisation,pod=workload-cloud-6f545f89ff-6hdnt,1.497804984556396
1783733857,cpu_utilisation,pod=workload-cloud-6f545f89ff-6hdnt,1.4860628318584064
1783733867,cpu_utilisation,pod=workload-cloud-6f545f89ff-6hdnt,1.4860628318584064
1783733877,cpu_utilisation,pod=workload-cloud-6f545f89ff-6hdnt,1.4035629891712231
1783733887,cpu_utilisation,pod=workload-cloud-6f545f89ff-6hdnt,1.2340715108610352
1783733897,cpu_utilisation,pod=workload-cloud-6f545f89ff-6hdnt,1.157623836525088
1783733907,cpu_utilisation,pod=workload-cloud-6f545f89ff-6hdnt,0.7011344431031198
1783733917,cpu_utilisation,pod=workload-cloud-6f545f89ff-6hdnt,0.2479490291856729
1783733927,cpu_utilisation,pod=workload-cloud-6f545f89ff-6hdnt,0.2984840344652809
1783733937,cpu_utilisation,pod=workload-cloud-6f545f89ff-6hdnt,0.1255602973245481
1783733947,cpu_utilisation,pod=workload-cloud-6f545f89ff-6hdnt,0.1044450834631562
1783733957,cpu_utilisation,pod=workload-cloud-6f545f89ff-6hdnt,0.12428212907817315
1783733967,cpu_utilisation,pod=workload-cloud-6f545f89ff-6hdnt,0.1239816677069606
1783733977,cpu_utilisation,pod=workload-cloud-6f545f89ff-6hdnt,0.12344656060945532
1783733987,cpu_utilisation,pod=workload-cloud-6f545f89ff-6hdnt,0.12344656060945532
1783733997,cpu_utilisation,pod=workload-cloud-6f545f89ff-6hdnt,0.12373392886959421
1783734007,cpu_utilisation,pod=workload-cloud-6f545f89ff-6hdnt,0.12357497551308667
1783734017,cpu_utilisation,pod=workload-cloud-6f545f89ff-6hdnt,0.10139990452266749
1783734027,cpu_utilisation,pod=workload-cloud-6f545f89ff-6hdnt,0.12356656728693319
1783734037,cpu_utilisation,pod=workload-cloud-6f545f89ff-6hdnt,0.10837431131289296
1783734047,cpu_utilisation,pod=workload-cloud-6f545f89ff-6hdnt,0.12323869518292516
1783734057,cpu_utilisation,pod=workload-cloud-6f545f89ff-6hdnt,0.1227735937627561
1783734067,cpu_utilisation,pod=workload-cloud-6f545f89ff-6hdnt,0.12304274514015688
1783734077,cpu_utilisation,pod=workload-cloud-6f545f89ff-6hdnt,0.12014796350296304
1783734087,cpu_utilisation,pod=workload-cloud-6f545f89ff-6hdnt,0.11901845534640593
1783734097,cpu_utilisation,pod=workload-cloud-6f545f89ff-6hdnt,0.07935049821805257
1783734107,cpu_utilisation,pod=workload-cloud-6f545f89ff-6hdnt,0.06188375784557001
1783734117,cpu_utilisation,pod=workload-cloud-6f545f89ff-6hdnt,0.048046998905443394
1783734127,cpu_utilisation,pod=workload-cloud-6f545f89ff-6hdnt,0.00958482152520716
1783734137,cpu_utilisation,pod=workload-cloud-6f545f89ff-6hdnt,0.009547197605630142
1783734147,cpu_utilisation,pod=workload-cloud-6f545f89ff-6hdnt,0.009634644435740736
1783734157,cpu_utilisation,pod=workload-cloud-6f545f89ff-6hdnt,0.009931724000199626
1783734167,cpu_utilisation,pod=workload-cloud-6f545f89ff-6hdnt,0.008361936915266538
1783733527,cpu_utilisation,pod=workload-cloud-6f545f89ff-9hvzm,0.010494511338977235
1783733537,cpu_utilisation,pod=workload-cloud-6f545f89ff-9hvzm,0.016597978132790243
1783733547,cpu_utilisation,pod=workload-cloud-6f545f89ff-9hvzm,0.06504720583129667
1783733557,cpu_utilisation,pod=workload-cloud-6f545f89ff-9hvzm,0.07645315748575385
1783733567,cpu_utilisation,pod=workload-cloud-6f545f89ff-9hvzm,0.22441153073186385
1783733577,cpu_utilisation,pod=workload-cloud-6f545f89ff-9hvzm,0.22441153073186385
1783733587,cpu_utilisation,pod=workload-cloud-6f545f89ff-9hvzm,0.38717024118874954
1783733597,cpu_utilisation,pod=workload-cloud-6f545f89ff-9hvzm,0.5271617781386365
1783733607,cpu_utilisation,pod=workload-cloud-6f545f89ff-9hvzm,0.5028670268238027
1783733617,cpu_utilisation,pod=workload-cloud-6f545f89ff-9hvzm,0.675123688071333
1783733627,cpu_utilisation,pod=workload-cloud-6f545f89ff-9hvzm,0.6291493310550434
1783733637,cpu_utilisation,pod=workload-cloud-6f545f89ff-9hvzm,0.8157026041771476
1783733647,cpu_utilisation,pod=workload-cloud-6f545f89ff-9hvzm,0.8438415974754966
1783733657,cpu_utilisation,pod=workload-cloud-6f545f89ff-9hvzm,0.8991693894102478
1783733667,cpu_utilisation,pod=workload-cloud-6f545f89ff-9hvzm,0.8991693894102478
1783733677,cpu_utilisation,pod=workload-cloud-6f545f89ff-9hvzm,0.9495632245288641
1783733687,cpu_utilisation,pod=workload-cloud-6f545f89ff-9hvzm,0.9498550407925602
1783733697,cpu_utilisation,pod=workload-cloud-6f545f89ff-9hvzm,0.9809509036573397
1783733707,cpu_utilisation,pod=workload-cloud-6f545f89ff-9hvzm,0.9858501541320109
1783733717,cpu_utilisation,pod=workload-cloud-6f545f89ff-9hvzm,1.0377119629637692
1783733727,cpu_utilisation,pod=workload-cloud-6f545f89ff-9hvzm,1.037711962963769
1783733737,cpu_utilisation,pod=workload-cloud-6f545f89ff-9hvzm,1.3326970307703156
1783733747,cpu_utilisation,pod=workload-cloud-6f545f89ff-9hvzm,1.14273957871499
1783733757,cpu_utilisation,pod=workload-cloud-6f545f89ff-9hvzm,1.68247711491544
1783733767,cpu_utilisation,pod=workload-cloud-6f545f89ff-9hvzm,1.958882484156127
1783733777,cpu_utilisation,pod=workload-cloud-6f545f89ff-9hvzm,2.144962631775027
1783733787,cpu_utilisation,pod=workload-cloud-6f545f89ff-9hvzm,2.144962631775027
1783733797,cpu_utilisation,pod=workload-cloud-6f545f89ff-9hvzm,2.2127740761169488
1783733807,cpu_utilisation,pod=workload-cloud-6f545f89ff-9hvzm,2.2127740761169488
1783733817,cpu_utilisation,pod=workload-cloud-6f545f89ff-9hvzm,2.2110615312353006
1783733827,cpu_utilisation,pod=workload-cloud-6f545f89ff-9hvzm,2.212178301467319
1783733837,cpu_utilisation,pod=workload-cloud-6f545f89ff-9hvzm,2.241948449043948
1783733847,cpu_utilisation,pod=workload-cloud-6f545f89ff-9hvzm,2.241948449043948
1783733857,cpu_utilisation,pod=workload-cloud-6f545f89ff-9hvzm,2.2498577283525405
1783733867,cpu_utilisation,pod=workload-cloud-6f545f89ff-9hvzm,2.2053789453118116
1783733877,cpu_utilisation,pod=workload-cloud-6f545f89ff-9hvzm,2.161591887913652
1783733887,cpu_utilisation,pod=workload-cloud-6f545f89ff-9hvzm,2.0472399822077936
1783733897,cpu_utilisation,pod=workload-cloud-6f545f89ff-9hvzm,1.954757238914463
1783733907,cpu_utilisation,pod=workload-cloud-6f545f89ff-9hvzm,1.7299398785174107
1783733917,cpu_utilisation,pod=workload-cloud-6f545f89ff-9hvzm,1.3848372837516916
1783733927,cpu_utilisation,pod=workload-cloud-6f545f89ff-9hvzm,1.205794811174001
1783733937,cpu_utilisation,pod=workload-cloud-6f545f89ff-9hvzm,1.185179988274382
1783733947,cpu_utilisation,pod=workload-cloud-6f545f89ff-9hvzm,1.156852569806365
1783733957,cpu_utilisation,pod=workload-cloud-6f545f89ff-9hvzm,1.1755721800320464
1783733967,cpu_utilisation,pod=workload-cloud-6f545f89ff-9hvzm,1.1789027600118132
1783733977,cpu_utilisation,pod=workload-cloud-6f545f89ff-9hvzm,0.9973170291737022
1783733987,cpu_utilisation,pod=workload-cloud-6f545f89ff-9hvzm,1.2208987302749374
1783733997,cpu_utilisation,pod=workload-cloud-6f545f89ff-9hvzm,1.2403103771953612
1783734007,cpu_utilisation,pod=workload-cloud-6f545f89ff-9hvzm,1.2470562214914578
1783734017,cpu_utilisation,pod=workload-cloud-6f545f89ff-9hvzm,1.277446686976387
1783734027,cpu_utilisation,pod=workload-cloud-6f545f89ff-9hvzm,1.251670902560434
1783734037,cpu_utilisation,pod=workload-cloud-6f545f89ff-9hvzm,1.2357829566345824
1783734047,cpu_utilisation,pod=workload-cloud-6f545f89ff-9hvzm,1.2157584533500376
1783734057,cpu_utilisation,pod=workload-cloud-6f545f89ff-9hvzm,1.2157584533500376
1783734067,cpu_utilisation,pod=workload-cloud-6f545f89ff-9hvzm,1.202005795471231
1783734077,cpu_utilisation,pod=workload-cloud-6f545f89ff-9hvzm,0.97684339873957
1783734087,cpu_utilisation,pod=workload-cloud-6f545f89ff-9hvzm,1.1940253201887403
1783734097,cpu_utilisation,pod=workload-cloud-6f545f89ff-9hvzm,1.079019212444873
1783734107,cpu_utilisation,pod=workload-cloud-6f545f89ff-9hvzm,0.7777379302994752
1783734117,cpu_utilisation,pod=workload-cloud-6f545f89ff-9hvzm,0.7777379302994752
1783734127,cpu_utilisation,pod=workload-cloud-6f545f89ff-9hvzm,0.3001509846312934
1783734137,cpu_utilisation,pod=workload-cloud-6f545f89ff-9hvzm,0.2573561242447517
1783734147,cpu_utilisation,pod=workload-cloud-6f545f89ff-9hvzm,0.046285646681221586
1783734157,cpu_utilisation,pod=workload-cloud-6f545f89ff-9hvzm,0.009835898241210526
1783734167,cpu_utilisation,pod=workload-cloud-6f545f89ff-9hvzm,0.009654593664507414
1783733627,cpu_utilisation,pod=workload-cloud-6f545f89ff-n8kmx,0.04080173007820756
1783733637,cpu_utilisation,pod=workload-cloud-6f545f89ff-n8kmx,0.07017184210526314
1783733647,cpu_utilisation,pod=workload-cloud-6f545f89ff-n8kmx,0.04638753257133468
1783733657,cpu_utilisation,pod=workload-cloud-6f545f89ff-n8kmx,0.04647649797526588
1783733667,cpu_utilisation,pod=workload-cloud-6f545f89ff-n8kmx,0.07219638152732813
1783733677,cpu_utilisation,pod=workload-cloud-6f545f89ff-n8kmx,0.05222010561597262
1783733687,cpu_utilisation,pod=workload-cloud-6f545f89ff-n8kmx,0.11564663601289572
1783733697,cpu_utilisation,pod=workload-cloud-6f545f89ff-n8kmx,0.15133140797022793
1783733707,cpu_utilisation,pod=workload-cloud-6f545f89ff-n8kmx,0.1644245283213742
1783733717,cpu_utilisation,pod=workload-cloud-6f545f89ff-n8kmx,0.2672145521944728
1783733727,cpu_utilisation,pod=workload-cloud-6f545f89ff-n8kmx,0.24149469976006646
1783733737,cpu_utilisation,pod=workload-cloud-6f545f89ff-n8kmx,0.6159316579206296
1783733747,cpu_utilisation,pod=workload-cloud-6f545f89ff-n8kmx,1.0966408914028964
1783733757,cpu_utilisation,pod=workload-cloud-6f545f89ff-n8kmx,1.582231923279624
1783733767,cpu_utilisation,pod=workload-cloud-6f545f89ff-n8kmx,1.6485307150050355
1783733777,cpu_utilisation,pod=workload-cloud-6f545f89ff-n8kmx,2.059562150031109
1783733787,cpu_utilisation,pod=workload-cloud-6f545f89ff-n8kmx,2.0561300919842314
1783733797,cpu_utilisation,pod=workload-cloud-6f545f89ff-n8kmx,2.1154513539390662
1783733807,cpu_utilisation,pod=workload-cloud-6f545f89ff-n8kmx,2.109020656330867
1783733817,cpu_utilisation,pod=workload-cloud-6f545f89ff-n8kmx,1.748017033807745
1783733827,cpu_utilisation,pod=workload-cloud-6f545f89ff-n8kmx,2.0866159515770395
1783733837,cpu_utilisation,pod=workload-cloud-6f545f89ff-n8kmx,2.0809388735861223
1783733847,cpu_utilisation,pod=workload-cloud-6f545f89ff-n8kmx,2.068773946360153
1783733857,cpu_utilisation,pod=workload-cloud-6f545f89ff-n8kmx,2.1224484833805337
1783733867,cpu_utilisation,pod=workload-cloud-6f545f89ff-n8kmx,2.140834345737622
1783733877,cpu_utilisation,pod=workload-cloud-6f545f89ff-n8kmx,2.0517296421817366
1783733887,cpu_utilisation,pod=workload-cloud-6f545f89ff-n8kmx,2.0593671876941424
1783733897,cpu_utilisation,pod=workload-cloud-6f545f89ff-n8kmx,1.4957343999587773
1783733907,cpu_utilisation,pod=workload-cloud-6f545f89ff-n8kmx,1.2149084048563994
1783733917,cpu_utilisation,pod=workload-cloud-6f545f89ff-n8kmx,0.9830715176105393
1783733927,cpu_utilisation,pod=workload-cloud-6f545f89ff-n8kmx,0.514278282276982
1783733937,cpu_utilisation,pod=workload-cloud-6f545f89ff-n8kmx,0.33189072729436925
1783733947,cpu_utilisation,pod=workload-cloud-6f545f89ff-n8kmx,0.3312905701551604
1783733957,cpu_utilisation,pod=workload-cloud-6f545f89ff-n8kmx,0.3320583603695904
1783733967,cpu_utilisation,pod=workload-cloud-6f545f89ff-n8kmx,0.33124814882437636
1783733977,cpu_utilisation,pod=workload-cloud-6f545f89ff-n8kmx,0.33124814882437636
1783733987,cpu_utilisation,pod=workload-cloud-6f545f89ff-n8kmx,0.33118317724390783
1783733997,cpu_utilisation,pod=workload-cloud-6f545f89ff-n8kmx,0.33164245967174916
1783734007,cpu_utilisation,pod=workload-cloud-6f545f89ff-n8kmx,0.3307134759082708
1783734017,cpu_utilisation,pod=workload-cloud-6f545f89ff-n8kmx,0.32989687186145106
1783734027,cpu_utilisation,pod=workload-cloud-6f545f89ff-n8kmx,0.27492989230742304
1783734037,cpu_utilisation,pod=workload-cloud-6f545f89ff-n8kmx,0.3307135236062946
1783734047,cpu_utilisation,pod=workload-cloud-6f545f89ff-n8kmx,0.33062411162702615
1783734057,cpu_utilisation,pod=workload-cloud-6f545f89ff-n8kmx,0.3315122449488016
1783734067,cpu_utilisation,pod=workload-cloud-6f545f89ff-n8kmx,0.3307677750265292
1783734077,cpu_utilisation,pod=workload-cloud-6f545f89ff-n8kmx,0.32318225502284764
1783734087,cpu_utilisation,pod=workload-cloud-6f545f89ff-n8kmx,0.3191214896214887
1783734097,cpu_utilisation,pod=workload-cloud-6f545f89ff-n8kmx,0.21554618627826777
1783734107,cpu_utilisation,pod=workload-cloud-6f545f89ff-n8kmx,0.1739911032669387
1783734117,cpu_utilisation,pod=workload-cloud-6f545f89ff-n8kmx,0.10903488817891452
1783734127,cpu_utilisation,pod=workload-cloud-6f545f89ff-n8kmx,0.014873152390009067
1783734137,cpu_utilisation,pod=workload-cloud-6f545f89ff-n8kmx,0.009603559318177475
1783734147,cpu_utilisation,pod=workload-cloud-6f545f89ff-n8kmx,0.009603559318177475
1783734157,cpu_utilisation,pod=workload-cloud-6f545f89ff-n8kmx,0.007682579772949436
1783733607,cpu_utilisation,pod=workload-cloud-6f545f89ff-phx9t,0.06306107323952025
1783733617,cpu_utilisation,pod=workload-cloud-6f545f89ff-phx9t,0.08492163482387094
1783733627,cpu_utilisation,pod=workload-cloud-6f545f89ff-phx9t,0.10987465776810139
1783733637,cpu_utilisation,pod=workload-cloud-6f545f89ff-phx9t,0.15600607351338788
1783733647,cpu_utilisation,pod=workload-cloud-6f545f89ff-phx9t,0.16862878383443358
1783733657,cpu_utilisation,pod=workload-cloud-6f545f89ff-phx9t,0.20394325858570292
1783733667,cpu_utilisation,pod=workload-cloud-6f545f89ff-phx9t,0.26855023636869235
1783733677,cpu_utilisation,pod=workload-cloud-6f545f89ff-phx9t,0.2984369014452377
1783733687,cpu_utilisation,pod=workload-cloud-6f545f89ff-phx9t,0.29843690144523766
1783733697,cpu_utilisation,pod=workload-cloud-6f545f89ff-phx9t,0.32740133516591396
1783733707,cpu_utilisation,pod=workload-cloud-6f545f89ff-phx9t,0.3259341313405198
1783733717,cpu_utilisation,pod=workload-cloud-6f545f89ff-phx9t,0.3259341313405198
1783733727,cpu_utilisation,pod=workload-cloud-6f545f89ff-phx9t,0.434900294111512
1783733737,cpu_utilisation,pod=workload-cloud-6f545f89ff-phx9t,0.48519193713494313
1783733747,cpu_utilisation,pod=workload-cloud-6f545f89ff-phx9t,0.7234768860418622
1783733757,cpu_utilisation,pod=workload-cloud-6f545f89ff-phx9t,1.163098420027109
1783733767,cpu_utilisation,pod=workload-cloud-6f545f89ff-phx9t,1.4522443864108003
1783733777,cpu_utilisation,pod=workload-cloud-6f545f89ff-phx9t,1.4522443864108003
1783733787,cpu_utilisation,pod=workload-cloud-6f545f89ff-phx9t,1.5870688560283046
1783733797,cpu_utilisation,pod=workload-cloud-6f545f89ff-phx9t,1.5982757924312931
1783733807,cpu_utilisation,pod=workload-cloud-6f545f89ff-phx9t,1.5971900866567956
1783733817,cpu_utilisation,pod=workload-cloud-6f545f89ff-phx9t,1.6136158544453527
1783733827,cpu_utilisation,pod=workload-cloud-6f545f89ff-phx9t,1.6133882195762232
1783733837,cpu_utilisation,pod=workload-cloud-6f545f89ff-phx9t,1.6133882195762232
1783733847,cpu_utilisation,pod=workload-cloud-6f545f89ff-phx9t,1.595537408017344
1783733857,cpu_utilisation,pod=workload-cloud-6f545f89ff-phx9t,1.582551460028722
1783733867,cpu_utilisation,pod=workload-cloud-6f545f89ff-phx9t,1.5908582869420842
1783733877,cpu_utilisation,pod=workload-cloud-6f545f89ff-phx9t,1.5938307469752762
1783733887,cpu_utilisation,pod=workload-cloud-6f545f89ff-phx9t,1.3608687698186843
1783733897,cpu_utilisation,pod=workload-cloud-6f545f89ff-phx9t,1.1517668958782599
1783733907,cpu_utilisation,pod=workload-cloud-6f545f89ff-phx9t,0.6685880581586101
1783733917,cpu_utilisation,pod=workload-cloud-6f545f89ff-phx9t,0.6685880581586101
1783733927,cpu_utilisation,pod=workload-cloud-6f545f89ff-phx9t,0.37971901210571896
1783733937,cpu_utilisation,pod=workload-cloud-6f545f89ff-phx9t,0.37971901210571896
1783733947,cpu_utilisation,pod=workload-cloud-6f545f89ff-phx9t,0.3297953699875978
1783733957,cpu_utilisation,pod=workload-cloud-6f545f89ff-phx9t,0.32976792103887725
1783733967,cpu_utilisation,pod=workload-cloud-6f545f89ff-phx9t,0.26124333251045984
1783733977,cpu_utilisation,pod=workload-cloud-6f545f89ff-phx9t,0.3273831721649005
1783733987,cpu_utilisation,pod=workload-cloud-6f545f89ff-phx9t,0.22423637500000024
1783733997,cpu_utilisation,pod=workload-cloud-6f545f89ff-phx9t,0.32792728237791935
1783734007,cpu_utilisation,pod=workload-cloud-6f545f89ff-phx9t,0.3283879206730764
1783734017,cpu_utilisation,pod=workload-cloud-6f545f89ff-phx9t,0.3306589021216974
1783734027,cpu_utilisation,pod=workload-cloud-6f545f89ff-phx9t,0.3299131135445786
1783734037,cpu_utilisation,pod=workload-cloud-6f545f89ff-phx9t,0.28880711697083183
1783734047,cpu_utilisation,pod=workload-cloud-6f545f89ff-phx9t,0.32976253489468105
1783734057,cpu_utilisation,pod=workload-cloud-6f545f89ff-phx9t,0.3296773690078037
1783734067,cpu_utilisation,pod=workload-cloud-6f545f89ff-phx9t,0.3293374032162007
1783734077,cpu_utilisation,pod=workload-cloud-6f545f89ff-phx9t,0.3297301613132903
1783734087,cpu_utilisation,pod=workload-cloud-6f545f89ff-phx9t,0.32639523662472025
1783734097,cpu_utilisation,pod=workload-cloud-6f545f89ff-phx9t,0.3247391540270284
1783734107,cpu_utilisation,pod=workload-cloud-6f545f89ff-phx9t,0.22519757575757507
1783734117,cpu_utilisation,pod=workload-cloud-6f545f89ff-phx9t,0.17984846454280815
1783734127,cpu_utilisation,pod=workload-cloud-6f545f89ff-phx9t,0.09267712717291897
1783734137,cpu_utilisation,pod=workload-cloud-6f545f89ff-phx9t,0.024624841692753467
1783734147,cpu_utilisation,pod=workload-cloud-6f545f89ff-phx9t,0.00970508853926698
1783734157,cpu_utilisation,pod=workload-cloud-6f545f89ff-phx9t,0.009923639721550801
1783734167,cpu_utilisation,pod=workload-cloud-6f545f89ff-phx9t,0.00996088611369327
1783733777,cpu_utilisation,pod=workload-cloud-6f545f89ff-rqx5x,0.0544863844475585
1783733787,cpu_utilisation,pod=workload-cloud-6f545f89ff-rqx5x,0.04413448176646813
1783733797,cpu_utilisation,pod=workload-cloud-6f545f89ff-rqx5x,0.044213583451608106
1783733807,cpu_utilisation,pod=workload-cloud-6f545f89ff-rqx5x,0.04265908016144274
1783733817,cpu_utilisation,pod=workload-cloud-6f545f89ff-rqx5x,0.009017903160179027
1783733827,cpu_utilisation,pod=workload-cloud-6f545f89ff-rqx5x,0.00861452870446071
1783733837,cpu_utilisation,pod=workload-cloud-6f545f89ff-rqx5x,0.008741220507212858
1783733847,cpu_utilisation,pod=workload-cloud-6f545f89ff-rqx5x,0.007141448037074526
1783733857,cpu_utilisation,pod=workload-cloud-6f545f89ff-rqx5x,0.008457037301871053
1783733867,cpu_utilisation,pod=workload-cloud-6f545f89ff-rqx5x,0.008991513437057994
1783733877,cpu_utilisation,pod=workload-cloud-6f545f89ff-rqx5x,0.0077135196605374835
1783733887,cpu_utilisation,pod=workload-cloud-6f545f89ff-rqx5x,0.008580226067263939
1783733897,cpu_utilisation,pod=workload-cloud-6f545f89ff-rqx5x,0.008788729728024232
1783733907,cpu_utilisation,pod=workload-cloud-6f545f89ff-rqx5x,0.008788729728024232
1783733917,cpu_utilisation,pod=workload-cloud-6f545f89ff-rqx5x,0.008540956781210888
1783733927,cpu_utilisation,pod=workload-cloud-6f545f89ff-rqx5x,0.008661515453639084
1783733937,cpu_utilisation,pod=workload-cloud-6f545f89ff-rqx5x,0.008661515453639084
1783733947,cpu_utilisation,pod=workload-cloud-6f545f89ff-rqx5x,0.008468951412989598
1783733957,cpu_utilisation,pod=workload-cloud-6f545f89ff-rqx5x,0.00852619401751778
1783733967,cpu_utilisation,pod=workload-cloud-6f545f89ff-rqx5x,0.00877313272434175
1783733977,cpu_utilisation,pod=workload-cloud-6f545f89ff-rqx5x,0.008662485078221536
1783733987,cpu_utilisation,pod=workload-cloud-6f545f89ff-rqx5x,0.00747188335312921
1783733997,cpu_utilisation,pod=workload-cloud-6f545f89ff-rqx5x,0.00876394190782879
1783734007,cpu_utilisation,pod=workload-cloud-6f545f89ff-rqx5x,0.008498021907658533
1783734017,cpu_utilisation,pod=workload-cloud-6f545f89ff-rqx5x,0.008543977778168458
1783734027,cpu_utilisation,pod=workload-cloud-6f545f89ff-rqx5x,0.008582685085836905
1783734037,cpu_utilisation,pod=workload-cloud-6f545f89ff-rqx5x,0.008763198163733731
1783734047,cpu_utilisation,pod=workload-cloud-6f545f89ff-rqx5x,0.008588518446153567
1783734057,cpu_utilisation,pod=workload-cloud-6f545f89ff-rqx5x,0.008628070662869579
1783734067,cpu_utilisation,pod=workload-cloud-6f545f89ff-rqx5x,0.00859607114933543
1783734077,cpu_utilisation,pod=workload-cloud-6f545f89ff-rqx5x,0.008617670104402711
1783734087,cpu_utilisation,pod=workload-cloud-6f545f89ff-rqx5x,0.008617670104402711
1783734097,cpu_utilisation,pod=workload-cloud-6f545f89ff-rqx5x,0.009117418118675533
1783734107,cpu_utilisation,pod=workload-cloud-6f545f89ff-rqx5x,0.009263655837200997
1783734117,cpu_utilisation,pod=workload-cloud-6f545f89ff-rqx5x,0.0092997842870118
1783734127,cpu_utilisation,pod=workload-cloud-6f545f89ff-rqx5x,0.009580491557847452
1783734137,cpu_utilisation,pod=workload-cloud-6f545f89ff-rqx5x,0.007569251915828023
1783734147,cpu_utilisation,pod=workload-cloud-6f545f89ff-rqx5x,0.009418859902488612
1783734157,cpu_utilisation,pod=workload-cloud-6f545f89ff-rqx5x,0.009359392219851347
1783734167,cpu_utilisation,pod=workload-cloud-6f545f89ff-rqx5x,0.009359392219851347
1783733747,cpu_utilisation,pod=workload-cloud-6f545f89ff-wg4dj,0.08303492093075976
1783733757,cpu_utilisation,pod=workload-cloud-6f545f89ff-wg4dj,0.12223807118621828
1783733767,cpu_utilisation,pod=workload-cloud-6f545f89ff-wg4dj,0.16123487193678032
1783733777,cpu_utilisation,pod=workload-cloud-6f545f89ff-wg4dj,0.1998134869287103
1783733787,cpu_utilisation,pod=workload-cloud-6f545f89ff-wg4dj,0.22856580176660438
1783733797,cpu_utilisation,pod=workload-cloud-6f545f89ff-wg4dj,0.22856580176660438
1783733807,cpu_utilisation,pod=workload-cloud-6f545f89ff-wg4dj,0.22813573279052551
1783733817,cpu_utilisation,pod=workload-cloud-6f545f89ff-wg4dj,0.2277775186567164
1783733827,cpu_utilisation,pod=workload-cloud-6f545f89ff-wg4dj,0.22616096299243937
1783733837,cpu_utilisation,pod=workload-cloud-6f545f89ff-wg4dj,0.2260854197349043
1783733847,cpu_utilisation,pod=workload-cloud-6f545f89ff-wg4dj,0.22741887282277296
1783733857,cpu_utilisation,pod=workload-cloud-6f545f89ff-wg4dj,0.227720156744653
1783733867,cpu_utilisation,pod=workload-cloud-6f545f89ff-wg4dj,0.22899006438721137
1783733877,cpu_utilisation,pod=workload-cloud-6f545f89ff-wg4dj,0.17528409396816275
1783733887,cpu_utilisation,pod=workload-cloud-6f545f89ff-wg4dj,0.15063193973830993
1783733897,cpu_utilisation,pod=workload-cloud-6f545f89ff-wg4dj,0.10674579445985379
1783733907,cpu_utilisation,pod=workload-cloud-6f545f89ff-wg4dj,0.045152123761704445
1783733917,cpu_utilisation,pod=workload-cloud-6f545f89ff-wg4dj,0.0071421617485319285
1783733927,cpu_utilisation,pod=workload-cloud-6f545f89ff-wg4dj,0.008810416401914675
1783733937,cpu_utilisation,pod=workload-cloud-6f545f89ff-wg4dj,0.007578191779226741
1783733947,cpu_utilisation,pod=workload-cloud-6f545f89ff-wg4dj,0.00877593449931408
1783733957,cpu_utilisation,pod=workload-cloud-6f545f89ff-wg4dj,0.007369524017215203
1783733967,cpu_utilisation,pod=workload-cloud-6f545f89ff-wg4dj,0.008697688626412795
1783733977,cpu_utilisation,pod=workload-cloud-6f545f89ff-wg4dj,0.008663044904026983
1783733987,cpu_utilisation,pod=workload-cloud-6f545f89ff-wg4dj,0.008879079396005855
1783733997,cpu_utilisation,pod=workload-cloud-6f545f89ff-wg4dj,0.009174105905184379
1783734007,cpu_utilisation,pod=workload-cloud-6f545f89ff-wg4dj,0.009429109336957132
1783734017,cpu_utilisation,pod=workload-cloud-6f545f89ff-wg4dj,0.009099074839876129
1783734027,cpu_utilisation,pod=workload-cloud-6f545f89ff-wg4dj,0.007776664381322218
1783734037,cpu_utilisation,pod=workload-cloud-6f545f89ff-wg4dj,0.008986902847116288
1783734047,cpu_utilisation,pod=workload-cloud-6f545f89ff-wg4dj,0.008955498527890448
1783734057,cpu_utilisation,pod=workload-cloud-6f545f89ff-wg4dj,0.009231227119854673
1783734067,cpu_utilisation,pod=workload-cloud-6f545f89ff-wg4dj,0.009030120726799672
1783734077,cpu_utilisation,pod=workload-cloud-6f545f89ff-wg4dj,0.009117122759683991
1783734087,cpu_utilisation,pod=workload-cloud-6f545f89ff-wg4dj,0.0076902423971114495
1783734097,cpu_utilisation,pod=workload-cloud-6f545f89ff-wg4dj,0.009177558627848905
1783734107,cpu_utilisation,pod=workload-cloud-6f545f89ff-wg4dj,0.00974514921139227
1783734117,cpu_utilisation,pod=workload-cloud-6f545f89ff-wg4dj,0.00974514921139227
1783734127,cpu_utilisation,pod=workload-cloud-6f545f89ff-wg4dj,0.009734405559485649
1783734137,cpu_utilisation,pod=workload-cloud-6f545f89ff-wg4dj,0.009680412603319711
1783734147,cpu_utilisation,pod=workload-cloud-6f545f89ff-wg4dj,0.009680412603319711
1783734157,cpu_utilisation,pod=workload-cloud-6f545f89ff-wg4dj,0.009658783193570959
1783734167,cpu_utilisation,pod=workload-cloud-6f545f89ff-wg4dj,0.009946452617404516
1783733527,cpu_utilisation,pod=workload-edge-7b875fd8c6-pxwvc,0.020265888627781406
1783733537,cpu_utilisation,pod=workload-edge-7b875fd8c6-pxwvc,0.020265888627781406
1783733547,cpu_utilisation,pod=workload-edge-7b875fd8c6-pxwvc,0.020672871659122943
1783733557,cpu_utilisation,pod=workload-edge-7b875fd8c6-pxwvc,0.020814343305748592
1783733567,cpu_utilisation,pod=workload-edge-7b875fd8c6-pxwvc,0.02117712209817462
1783733577,cpu_utilisation,pod=workload-edge-7b875fd8c6-pxwvc,0.02117712209817462
1783733587,cpu_utilisation,pod=workload-edge-7b875fd8c6-pxwvc,0.020908211341073926
1783733597,cpu_utilisation,pod=workload-edge-7b875fd8c6-pxwvc,0.020908211341073926
1783733607,cpu_utilisation,pod=workload-edge-7b875fd8c6-pxwvc,0.021217124704492548
1783733617,cpu_utilisation,pod=workload-edge-7b875fd8c6-pxwvc,0.02143459915611895
1783733627,cpu_utilisation,pod=workload-edge-7b875fd8c6-pxwvc,0.021649703384902092
1783733637,cpu_utilisation,pod=workload-edge-7b875fd8c6-pxwvc,0.02101176561503819
1783733647,cpu_utilisation,pod=workload-edge-7b875fd8c6-pxwvc,0.02044958388614162
1783733657,cpu_utilisation,pod=workload-edge-7b875fd8c6-pxwvc,0.02069202972659624
1783733667,cpu_utilisation,pod=workload-edge-7b875fd8c6-pxwvc,0.021116626429908265
1783733677,cpu_utilisation,pod=workload-edge-7b875fd8c6-pxwvc,0.021078252318066485
1783733687,cpu_utilisation,pod=workload-edge-7b875fd8c6-pxwvc,0.021661823052235213
1783733697,cpu_utilisation,pod=workload-edge-7b875fd8c6-pxwvc,0.021858211266983233
1783733707,cpu_utilisation,pod=workload-edge-7b875fd8c6-pxwvc,0.021596178897091388
1783733717,cpu_utilisation,pod=workload-edge-7b875fd8c6-pxwvc,0.021274093806488707
1783733727,cpu_utilisation,pod=workload-edge-7b875fd8c6-pxwvc,0.021378593609135535
1783733737,cpu_utilisation,pod=workload-edge-7b875fd8c6-pxwvc,0.018439344434534245
1783733747,cpu_utilisation,pod=workload-edge-7b875fd8c6-pxwvc,0.021541919372101113
1783733757,cpu_utilisation,pod=workload-edge-7b875fd8c6-pxwvc,0.021786230470989786
1783733767,cpu_utilisation,pod=workload-edge-7b875fd8c6-pxwvc,0.018226374738444698
1783733777,cpu_utilisation,pod=workload-edge-7b875fd8c6-pxwvc,0.020408977093572974
1783733787,cpu_utilisation,pod=workload-edge-7b875fd8c6-pxwvc,0.020710866286314
1783733797,cpu_utilisation,pod=workload-edge-7b875fd8c6-pxwvc,0.020780398123494522
1783733807,cpu_utilisation,pod=workload-edge-7b875fd8c6-pxwvc,0.020780398123494522
1783733817,cpu_utilisation,pod=workload-edge-7b875fd8c6-pxwvc,0.021670675218243413
1783733827,cpu_utilisation,pod=workload-edge-7b875fd8c6-pxwvc,0.021670675218243413
1783733837,cpu_utilisation,pod=workload-edge-7b875fd8c6-pxwvc,0.021936594165336217
1783733847,cpu_utilisation,pod=workload-edge-7b875fd8c6-pxwvc,0.01834470596667635
1783733857,cpu_utilisation,pod=workload-edge-7b875fd8c6-pxwvc,0.0214788135593213
1783733867,cpu_utilisation,pod=workload-edge-7b875fd8c6-pxwvc,0.021232825380963796
1783733877,cpu_utilisation,pod=workload-edge-7b875fd8c6-pxwvc,0.02095923091458752
1783733887,cpu_utilisation,pod=workload-edge-7b875fd8c6-pxwvc,0.017837004149344464
1783733897,cpu_utilisation,pod=workload-edge-7b875fd8c6-pxwvc,0.02124799879927972
1783733907,cpu_utilisation,pod=workload-edge-7b875fd8c6-pxwvc,0.021387726259717195
1783733917,cpu_utilisation,pod=workload-edge-7b875fd8c6-pxwvc,0.021392496653522195
1783733927,cpu_utilisation,pod=workload-edge-7b875fd8c6-pxwvc,0.021308660385458353
1783733937,cpu_utilisation,pod=workload-edge-7b875fd8c6-pxwvc,0.02109179197995076
1783733947,cpu_utilisation,pod=workload-edge-7b875fd8c6-pxwvc,0.02109179197995076
1783733957,cpu_utilisation,pod=workload-edge-7b875fd8c6-pxwvc,0.02114298450908169
1783733967,cpu_utilisation,pod=workload-edge-7b875fd8c6-pxwvc,0.02105732282216864
1783733977,cpu_utilisation,pod=workload-edge-7b875fd8c6-pxwvc,0.02100304762752161
1783733987,cpu_utilisation,pod=workload-edge-7b875fd8c6-pxwvc,0.021003047627521615
1783733997,cpu_utilisation,pod=workload-edge-7b875fd8c6-pxwvc,0.02097234591582855
1783734007,cpu_utilisation,pod=workload-edge-7b875fd8c6-pxwvc,0.02097234591582855
1783734017,cpu_utilisation,pod=workload-edge-7b875fd8c6-pxwvc,0.020938128261311997
1783734027,cpu_utilisation,pod=workload-edge-7b875fd8c6-pxwvc,0.021132092663038112
1783734037,cpu_utilisation,pod=workload-edge-7b875fd8c6-pxwvc,0.02120302641831826
1783734047,cpu_utilisation,pod=workload-edge-7b875fd8c6-pxwvc,0.021000238108320798
1783734057,cpu_utilisation,pod=workload-edge-7b875fd8c6-pxwvc,0.02129434458080559
1783734067,cpu_utilisation,pod=workload-edge-7b875fd8c6-pxwvc,0.02140950425344704
1783734077,cpu_utilisation,pod=workload-edge-7b875fd8c6-pxwvc,0.021422687018009517
1783734087,cpu_utilisation,pod=workload-edge-7b875fd8c6-pxwvc,0.02136481912625034
1783734097,cpu_utilisation,pod=workload-edge-7b875fd8c6-pxwvc,0.021735860492024528
1783734107,cpu_utilisation,pod=workload-edge-7b875fd8c6-pxwvc,0.022451718494271387
1783734117,cpu_utilisation,pod=workload-edge-7b875fd8c6-pxwvc,0.022074011840330133
1783734127,cpu_utilisation,pod=workload-edge-7b875fd8c6-pxwvc,0.02211113401589496
1783734137,cpu_utilisation,pod=workload-edge-7b875fd8c6-pxwvc,0.02211113401589496
1783734147,cpu_utilisation,pod=workload-edge-7b875fd8c6-pxwvc,0.021502405820913114
1783734157,cpu_utilisation,pod=workload-edge-7b875fd8c6-pxwvc,0.02130763830625129
1783734167,cpu_utilisation,pod=workload-edge-7b875fd8c6-pxwvc,0.021288608029001576
1783733667,mem_mib,pod=workload-cloud-6f545f89ff-6hdnt,3.1796875
1783733677,mem_mib,pod=workload-cloud-6f545f89ff-6hdnt,3.1796875
1783733687,mem_mib,pod=workload-cloud-6f545f89ff-6hdnt,35.15234375
1783733697,mem_mib,pod=workload-cloud-6f545f89ff-6hdnt,35.23828125
1783733707,mem_mib,pod=workload-cloud-6f545f89ff-6hdnt,35.23828125
1783733717,mem_mib,pod=workload-cloud-6f545f89ff-6hdnt,35.29296875
1783733727,mem_mib,pod=workload-cloud-6f545f89ff-6hdnt,35.89453125
1783733737,mem_mib,pod=workload-cloud-6f545f89ff-6hdnt,35.89453125
1783733747,mem_mib,pod=workload-cloud-6f545f89ff-6hdnt,37.57421875
1783733757,mem_mib,pod=workload-cloud-6f545f89ff-6hdnt,37.7890625
1783733767,mem_mib,pod=workload-cloud-6f545f89ff-6hdnt,37.7890625
1783733777,mem_mib,pod=workload-cloud-6f545f89ff-6hdnt,37.40625
1783733787,mem_mib,pod=workload-cloud-6f545f89ff-6hdnt,37.68359375
1783733797,mem_mib,pod=workload-cloud-6f545f89ff-6hdnt,38.98046875
1783733807,mem_mib,pod=workload-cloud-6f545f89ff-6hdnt,38.98046875
1783733817,mem_mib,pod=workload-cloud-6f545f89ff-6hdnt,37.74609375
1783733827,mem_mib,pod=workload-cloud-6f545f89ff-6hdnt,37.74609375
1783733837,mem_mib,pod=workload-cloud-6f545f89ff-6hdnt,37.5078125
1783733847,mem_mib,pod=workload-cloud-6f545f89ff-6hdnt,38.015625
1783733857,mem_mib,pod=workload-cloud-6f545f89ff-6hdnt,38.0234375
1783733867,mem_mib,pod=workload-cloud-6f545f89ff-6hdnt,38.0234375
1783733877,mem_mib,pod=workload-cloud-6f545f89ff-6hdnt,37.66796875
1783733887,mem_mib,pod=workload-cloud-6f545f89ff-6hdnt,37.1796875
1783733897,mem_mib,pod=workload-cloud-6f545f89ff-6hdnt,37.1796875
1783733907,mem_mib,pod=workload-cloud-6f545f89ff-6hdnt,36.80078125
1783733917,mem_mib,pod=workload-cloud-6f545f89ff-6hdnt,36.80078125
1783733927,mem_mib,pod=workload-cloud-6f545f89ff-6hdnt,36.80078125
1783733937,mem_mib,pod=workload-cloud-6f545f89ff-6hdnt,36.80078125
1783733947,mem_mib,pod=workload-cloud-6f545f89ff-6hdnt,36.80078125
1783733957,mem_mib,pod=workload-cloud-6f545f89ff-6hdnt,36.80078125
1783733967,mem_mib,pod=workload-cloud-6f545f89ff-6hdnt,36.80078125
1783733977,mem_mib,pod=workload-cloud-6f545f89ff-6hdnt,36.80078125
1783733987,mem_mib,pod=workload-cloud-6f545f89ff-6hdnt,36.80078125
1783733997,mem_mib,pod=workload-cloud-6f545f89ff-6hdnt,36.80078125
1783734007,mem_mib,pod=workload-cloud-6f545f89ff-6hdnt,36.8046875
1783734017,mem_mib,pod=workload-cloud-6f545f89ff-6hdnt,36.80078125
1783734027,mem_mib,pod=workload-cloud-6f545f89ff-6hdnt,36.80078125
1783734037,mem_mib,pod=workload-cloud-6f545f89ff-6hdnt,36.80078125
1783734047,mem_mib,pod=workload-cloud-6f545f89ff-6hdnt,36.80078125
1783734057,mem_mib,pod=workload-cloud-6f545f89ff-6hdnt,36.80078125
1783734067,mem_mib,pod=workload-cloud-6f545f89ff-6hdnt,36.80078125
1783734077,mem_mib,pod=workload-cloud-6f545f89ff-6hdnt,36.80078125
1783734087,mem_mib,pod=workload-cloud-6f545f89ff-6hdnt,36.80078125
1783734097,mem_mib,pod=workload-cloud-6f545f89ff-6hdnt,36.80078125
1783734107,mem_mib,pod=workload-cloud-6f545f89ff-6hdnt,36.80078125
1783734117,mem_mib,pod=workload-cloud-6f545f89ff-6hdnt,36.80078125
1783734127,mem_mib,pod=workload-cloud-6f545f89ff-6hdnt,36.80078125
1783734137,mem_mib,pod=workload-cloud-6f545f89ff-6hdnt,36.80078125
1783734147,mem_mib,pod=workload-cloud-6f545f89ff-6hdnt,36.80078125
1783734157,mem_mib,pod=workload-cloud-6f545f89ff-6hdnt,36.80078125
1783734167,mem_mib,pod=workload-cloud-6f545f89ff-6hdnt,36.80078125
1783733527,mem_mib,pod=workload-cloud-6f545f89ff-9hvzm,40.59765625
1783733537,mem_mib,pod=workload-cloud-6f545f89ff-9hvzm,40.84765625
1783733547,mem_mib,pod=workload-cloud-6f545f89ff-9hvzm,41.09765625
1783733557,mem_mib,pod=workload-cloud-6f545f89ff-9hvzm,41.09765625
1783733567,mem_mib,pod=workload-cloud-6f545f89ff-9hvzm,40.671875
1783733577,mem_mib,pod=workload-cloud-6f545f89ff-9hvzm,40.671875
1783733587,mem_mib,pod=workload-cloud-6f545f89ff-9hvzm,41.73828125
1783733597,mem_mib,pod=workload-cloud-6f545f89ff-9hvzm,41.0703125
1783733607,mem_mib,pod=workload-cloud-6f545f89ff-9hvzm,41.0703125
1783733617,mem_mib,pod=workload-cloud-6f545f89ff-9hvzm,41.0078125
1783733627,mem_mib,pod=workload-cloud-6f545f89ff-9hvzm,41.1328125
1783733637,mem_mib,pod=workload-cloud-6f545f89ff-9hvzm,41.30859375
1783733647,mem_mib,pod=workload-cloud-6f545f89ff-9hvzm,41.30859375
1783733657,mem_mib,pod=workload-cloud-6f545f89ff-9hvzm,40.9765625
1783733667,mem_mib,pod=workload-cloud-6f545f89ff-9hvzm,40.9765625
1783733677,mem_mib,pod=workload-cloud-6f545f89ff-9hvzm,41.5078125
1783733687,mem_mib,pod=workload-cloud-6f545f89ff-9hvzm,41.5078125
1783733697,mem_mib,pod=workload-cloud-6f545f89ff-9hvzm,41.515625
1783733707,mem_mib,pod=workload-cloud-6f545f89ff-9hvzm,42.3359375
1783733717,mem_mib,pod=workload-cloud-6f545f89ff-9hvzm,41.6953125
1783733727,mem_mib,pod=workload-cloud-6f545f89ff-9hvzm,41.6953125
1783733737,mem_mib,pod=workload-cloud-6f545f89ff-9hvzm,41.796875
1783733747,mem_mib,pod=workload-cloud-6f545f89ff-9hvzm,41.796875
1783733757,mem_mib,pod=workload-cloud-6f545f89ff-9hvzm,42.25
1783733767,mem_mib,pod=workload-cloud-6f545f89ff-9hvzm,43.03125
1783733777,mem_mib,pod=workload-cloud-6f545f89ff-9hvzm,42.34765625
1783733787,mem_mib,pod=workload-cloud-6f545f89ff-9hvzm,42.34765625
1783733797,mem_mib,pod=workload-cloud-6f545f89ff-9hvzm,42.0234375
1783733807,mem_mib,pod=workload-cloud-6f545f89ff-9hvzm,42.0234375
1783733817,mem_mib,pod=workload-cloud-6f545f89ff-9hvzm,42.00390625
1783733827,mem_mib,pod=workload-cloud-6f545f89ff-9hvzm,42.00390625
1783733837,mem_mib,pod=workload-cloud-6f545f89ff-9hvzm,42.75
1783733847,mem_mib,pod=workload-cloud-6f545f89ff-9hvzm,42.75
1783733857,mem_mib,pod=workload-cloud-6f545f89ff-9hvzm,42.24609375
1783733867,mem_mib,pod=workload-cloud-6f545f89ff-9hvzm,42.2734375
1783733877,mem_mib,pod=workload-cloud-6f545f89ff-9hvzm,42.2734375
1783733887,mem_mib,pod=workload-cloud-6f545f89ff-9hvzm,41.5390625
1783733897,mem_mib,pod=workload-cloud-6f545f89ff-9hvzm,41.5390625
1783733907,mem_mib,pod=workload-cloud-6f545f89ff-9hvzm,41.47265625
1783733917,mem_mib,pod=workload-cloud-6f545f89ff-9hvzm,41.453125
1783733927,mem_mib,pod=workload-cloud-6f545f89ff-9hvzm,41.453125
1783733937,mem_mib,pod=workload-cloud-6f545f89ff-9hvzm,41.66796875
1783733947,mem_mib,pod=workload-cloud-6f545f89ff-9hvzm,41.40625
1783733957,mem_mib,pod=workload-cloud-6f545f89ff-9hvzm,41.64453125
1783733967,mem_mib,pod=workload-cloud-6f545f89ff-9hvzm,41.64453125
1783733977,mem_mib,pod=workload-cloud-6f545f89ff-9hvzm,42.15625
1783733987,mem_mib,pod=workload-cloud-6f545f89ff-9hvzm,41.0703125
1783733997,mem_mib,pod=workload-cloud-6f545f89ff-9hvzm,41.0703125
1783734007,mem_mib,pod=workload-cloud-6f545f89ff-9hvzm,42.3359375
1783734017,mem_mib,pod=workload-cloud-6f545f89ff-9hvzm,42.3359375
1783734027,mem_mib,pod=workload-cloud-6f545f89ff-9hvzm,41.3828125
1783734037,mem_mib,pod=workload-cloud-6f545f89ff-9hvzm,41.10546875
1783734047,mem_mib,pod=workload-cloud-6f545f89ff-9hvzm,41.3671875
1783734057,mem_mib,pod=workload-cloud-6f545f89ff-9hvzm,41.3671875
1783734067,mem_mib,pod=workload-cloud-6f545f89ff-9hvzm,41.609375
1783734077,mem_mib,pod=workload-cloud-6f545f89ff-9hvzm,41.609375
1783734087,mem_mib,pod=workload-cloud-6f545f89ff-9hvzm,41.49609375
1783734097,mem_mib,pod=workload-cloud-6f545f89ff-9hvzm,41.109375
1783734107,mem_mib,pod=workload-cloud-6f545f89ff-9hvzm,40.70703125
1783734117,mem_mib,pod=workload-cloud-6f545f89ff-9hvzm,40.70703125
1783734127,mem_mib,pod=workload-cloud-6f545f89ff-9hvzm,40.6171875
1783734137,mem_mib,pod=workload-cloud-6f545f89ff-9hvzm,40.6171875
1783734147,mem_mib,pod=workload-cloud-6f545f89ff-9hvzm,40.61328125
1783734157,mem_mib,pod=workload-cloud-6f545f89ff-9hvzm,40.61328125
1783734167,mem_mib,pod=workload-cloud-6f545f89ff-9hvzm,40.61328125
1783733617,mem_mib,pod=workload-cloud-6f545f89ff-n8kmx,3.15234375
1783733627,mem_mib,pod=workload-cloud-6f545f89ff-n8kmx,35.125
1783733637,mem_mib,pod=workload-cloud-6f545f89ff-n8kmx,35.125
1783733647,mem_mib,pod=workload-cloud-6f545f89ff-n8kmx,35.14453125
1783733657,mem_mib,pod=workload-cloud-6f545f89ff-n8kmx,35.17578125
1783733667,mem_mib,pod=workload-cloud-6f545f89ff-n8kmx,35.51171875
1783733677,mem_mib,pod=workload-cloud-6f545f89ff-n8kmx,35.51171875
1783733687,mem_mib,pod=workload-cloud-6f545f89ff-n8kmx,35.5703125
1783733697,mem_mib,pod=workload-cloud-6f545f89ff-n8kmx,35.42578125
1783733707,mem_mib,pod=workload-cloud-6f545f89ff-n8kmx,35.42578125
1783733717,mem_mib,pod=workload-cloud-6f545f89ff-n8kmx,35.57421875
1783733727,mem_mib,pod=workload-cloud-6f545f89ff-n8kmx,35.57421875
1783733737,mem_mib,pod=workload-cloud-6f545f89ff-n8kmx,37.453125
1783733747,mem_mib,pod=workload-cloud-6f545f89ff-n8kmx,38.48046875
1783733757,mem_mib,pod=workload-cloud-6f545f89ff-n8kmx,39.2734375
1783733767,mem_mib,pod=workload-cloud-6f545f89ff-n8kmx,39.2734375
1783733777,mem_mib,pod=workload-cloud-6f545f89ff-n8kmx,39.0
1783733787,mem_mib,pod=workload-cloud-6f545f89ff-n8kmx,38.796875
1783733797,mem_mib,pod=workload-cloud-6f545f89ff-n8kmx,38.796875
1783733807,mem_mib,pod=workload-cloud-6f545f89ff-n8kmx,39.3125
1783733817,mem_mib,pod=workload-cloud-6f545f89ff-n8kmx,38.8671875
1783733827,mem_mib,pod=workload-cloud-6f545f89ff-n8kmx,38.90625
1783733837,mem_mib,pod=workload-cloud-6f545f89ff-n8kmx,38.89453125
1783733847,mem_mib,pod=workload-cloud-6f545f89ff-n8kmx,38.89453125
1783733857,mem_mib,pod=workload-cloud-6f545f89ff-n8kmx,39.8828125
1783733867,mem_mib,pod=workload-cloud-6f545f89ff-n8kmx,40.39453125
1783733877,mem_mib,pod=workload-cloud-6f545f89ff-n8kmx,38.48046875
1783733887,mem_mib,pod=workload-cloud-6f545f89ff-n8kmx,38.48046875
1783733897,mem_mib,pod=workload-cloud-6f545f89ff-n8kmx,38.10546875
1783733907,mem_mib,pod=workload-cloud-6f545f89ff-n8kmx,38.05859375
1783733917,mem_mib,pod=workload-cloud-6f545f89ff-n8kmx,38.05859375
1783733927,mem_mib,pod=workload-cloud-6f545f89ff-n8kmx,38.3359375
1783733937,mem_mib,pod=workload-cloud-6f545f89ff-n8kmx,38.0703125
1783733947,mem_mib,pod=workload-cloud-6f545f89ff-n8kmx,37.82421875
1783733957,mem_mib,pod=workload-cloud-6f545f89ff-n8kmx,37.83203125
1783733967,mem_mib,pod=workload-cloud-6f545f89ff-n8kmx,38.08203125
1783733977,mem_mib,pod=workload-cloud-6f545f89ff-n8kmx,38.08203125
1783733987,mem_mib,pod=workload-cloud-6f545f89ff-n8kmx,37.828125
1783733997,mem_mib,pod=workload-cloud-6f545f89ff-n8kmx,38.08203125
1783734007,mem_mib,pod=workload-cloud-6f545f89ff-n8kmx,38.08203125
1783734017,mem_mib,pod=workload-cloud-6f545f89ff-n8kmx,37.84375
1783734027,mem_mib,pod=workload-cloud-6f545f89ff-n8kmx,38.08984375
1783734037,mem_mib,pod=workload-cloud-6f545f89ff-n8kmx,37.84375
1783734047,mem_mib,pod=workload-cloud-6f545f89ff-n8kmx,37.84375
1783734057,mem_mib,pod=workload-cloud-6f545f89ff-n8kmx,38.05859375
1783734067,mem_mib,pod=workload-cloud-6f545f89ff-n8kmx,37.84765625
1783734077,mem_mib,pod=workload-cloud-6f545f89ff-n8kmx,38.08984375
1783734087,mem_mib,pod=workload-cloud-6f545f89ff-n8kmx,38.08984375
1783734097,mem_mib,pod=workload-cloud-6f545f89ff-n8kmx,37.765625
1783734107,mem_mib,pod=workload-cloud-6f545f89ff-n8kmx,37.765625
1783734117,mem_mib,pod=workload-cloud-6f545f89ff-n8kmx,37.765625
1783734127,mem_mib,pod=workload-cloud-6f545f89ff-n8kmx,37.765625
1783734137,mem_mib,pod=workload-cloud-6f545f89ff-n8kmx,37.765625
1783734147,mem_mib,pod=workload-cloud-6f545f89ff-n8kmx,37.765625
1783733587,mem_mib,pod=workload-cloud-6f545f89ff-phx9t,3.35546875
1783733597,mem_mib,pod=workload-cloud-6f545f89ff-phx9t,3.35546875
1783733607,mem_mib,pod=workload-cloud-6f545f89ff-phx9t,35.234375
1783733617,mem_mib,pod=workload-cloud-6f545f89ff-phx9t,35.2890625
1783733627,mem_mib,pod=workload-cloud-6f545f89ff-phx9t,35.2890625
1783733637,mem_mib,pod=workload-cloud-6f545f89ff-phx9t,35.3671875
1783733647,mem_mib,pod=workload-cloud-6f545f89ff-phx9t,35.484375
1783733657,mem_mib,pod=workload-cloud-6f545f89ff-phx9t,35.484375
1783733667,mem_mib,pod=workload-cloud-6f545f89ff-phx9t,35.828125
1783733677,mem_mib,pod=workload-cloud-6f545f89ff-phx9t,35.62109375
1783733687,mem_mib,pod=workload-cloud-6f545f89ff-phx9t,35.62109375
1783733697,mem_mib,pod=workload-cloud-6f545f89ff-phx9t,35.69921875
1783733707,mem_mib,pod=workload-cloud-6f545f89ff-phx9t,35.9609375
1783733717,mem_mib,pod=workload-cloud-6f545f89ff-phx9t,35.9609375
1783733727,mem_mib,pod=workload-cloud-6f545f89ff-phx9t,36.359375
1783733737,mem_mib,pod=workload-cloud-6f545f89ff-phx9t,36.359375
1783733747,mem_mib,pod=workload-cloud-6f545f89ff-phx9t,37.26171875
1783733757,mem_mib,pod=workload-cloud-6f545f89ff-phx9t,38.17578125
1783733767,mem_mib,pod=workload-cloud-6f545f89ff-phx9t,37.70703125
1783733777,mem_mib,pod=workload-cloud-6f545f89ff-phx9t,37.70703125
1783733787,mem_mib,pod=workload-cloud-6f545f89ff-phx9t,37.75
1783733797,mem_mib,pod=workload-cloud-6f545f89ff-phx9t,38.09375
1783733807,mem_mib,pod=workload-cloud-6f545f89ff-phx9t,38.09375
1783733817,mem_mib,pod=workload-cloud-6f545f89ff-phx9t,37.796875
1783733827,mem_mib,pod=workload-cloud-6f545f89ff-phx9t,37.81640625
1783733837,mem_mib,pod=workload-cloud-6f545f89ff-phx9t,37.81640625
1783733847,mem_mib,pod=workload-cloud-6f545f89ff-phx9t,37.8359375
1783733857,mem_mib,pod=workload-cloud-6f545f89ff-phx9t,37.8359375
1783733867,mem_mib,pod=workload-cloud-6f545f89ff-phx9t,38.08984375
1783733877,mem_mib,pod=workload-cloud-6f545f89ff-phx9t,38.08984375
1783733887,mem_mib,pod=workload-cloud-6f545f89ff-phx9t,37.4453125
1783733897,mem_mib,pod=workload-cloud-6f545f89ff-phx9t,37.11328125
1783733907,mem_mib,pod=workload-cloud-6f545f89ff-phx9t,37.11328125
1783733917,mem_mib,pod=workload-cloud-6f545f89ff-phx9t,37.11328125
1783733927,mem_mib,pod=workload-cloud-6f545f89ff-phx9t,37.3359375
1783733937,mem_mib,pod=workload-cloud-6f545f89ff-phx9t,37.3359375
1783733947,mem_mib,pod=workload-cloud-6f545f89ff-phx9t,37.33203125
1783733957,mem_mib,pod=workload-cloud-6f545f89ff-phx9t,37.3671875
1783733967,mem_mib,pod=workload-cloud-6f545f89ff-phx9t,37.3671875
1783733977,mem_mib,pod=workload-cloud-6f545f89ff-phx9t,37.37109375
1783733987,mem_mib,pod=workload-cloud-6f545f89ff-phx9t,37.37109375
1783733997,mem_mib,pod=workload-cloud-6f545f89ff-phx9t,37.37890625
1783734007,mem_mib,pod=workload-cloud-6f545f89ff-phx9t,37.62109375
1783734017,mem_mib,pod=workload-cloud-6f545f89ff-phx9t,37.09765625
1783734027,mem_mib,pod=workload-cloud-6f545f89ff-phx9t,37.3828125
1783734037,mem_mib,pod=workload-cloud-6f545f89ff-phx9t,37.375
1783734047,mem_mib,pod=workload-cloud-6f545f89ff-phx9t,37.1015625
1783734057,mem_mib,pod=workload-cloud-6f545f89ff-phx9t,37.1015625
1783734067,mem_mib,pod=workload-cloud-6f545f89ff-phx9t,37.1015625
1783734077,mem_mib,pod=workload-cloud-6f545f89ff-phx9t,37.1328125
1783734087,mem_mib,pod=workload-cloud-6f545f89ff-phx9t,37.1328125
1783734097,mem_mib,pod=workload-cloud-6f545f89ff-phx9t,37.1328125
1783734107,mem_mib,pod=workload-cloud-6f545f89ff-phx9t,37.046875
1783734117,mem_mib,pod=workload-cloud-6f545f89ff-phx9t,37.04296875
1783734127,mem_mib,pod=workload-cloud-6f545f89ff-phx9t,37.046875
1783734137,mem_mib,pod=workload-cloud-6f545f89ff-phx9t,37.046875
1783734147,mem_mib,pod=workload-cloud-6f545f89ff-phx9t,37.046875
1783734157,mem_mib,pod=workload-cloud-6f545f89ff-phx9t,37.046875
1783734167,mem_mib,pod=workload-cloud-6f545f89ff-phx9t,37.046875
1783733757,mem_mib,pod=workload-cloud-6f545f89ff-rqx5x,4.09765625
1783733767,mem_mib,pod=workload-cloud-6f545f89ff-rqx5x,4.09765625
1783733777,mem_mib,pod=workload-cloud-6f545f89ff-rqx5x,35.13671875
1783733787,mem_mib,pod=workload-cloud-6f545f89ff-rqx5x,35.16015625
1783733797,mem_mib,pod=workload-cloud-6f545f89ff-rqx5x,35.1796875
1783733807,mem_mib,pod=workload-cloud-6f545f89ff-rqx5x,35.1796875
1783733817,mem_mib,pod=workload-cloud-6f545f89ff-rqx5x,35.1796875
1783733827,mem_mib,pod=workload-cloud-6f545f89ff-rqx5x,35.1796875
1783733837,mem_mib,pod=workload-cloud-6f545f89ff-rqx5x,35.19140625
1783733847,mem_mib,pod=workload-cloud-6f545f89ff-rqx5x,35.19140625
1783733857,mem_mib,pod=workload-cloud-6f545f89ff-rqx5x,35.203125
1783733867,mem_mib,pod=workload-cloud-6f545f89ff-rqx5x,35.203125
1783733877,mem_mib,pod=workload-cloud-6f545f89ff-rqx5x,35.203125
1783733887,mem_mib,pod=workload-cloud-6f545f89ff-rqx5x,35.203125
1783733897,mem_mib,pod=workload-cloud-6f545f89ff-rqx5x,35.21484375
1783733907,mem_mib,pod=workload-cloud-6f545f89ff-rqx5x,35.21484375
1783733917,mem_mib,pod=workload-cloud-6f545f89ff-rqx5x,35.21484375
1783733927,mem_mib,pod=workload-cloud-6f545f89ff-rqx5x,35.21484375
1783733937,mem_mib,pod=workload-cloud-6f545f89ff-rqx5x,35.21484375
1783733947,mem_mib,pod=workload-cloud-6f545f89ff-rqx5x,35.2265625
1783733957,mem_mib,pod=workload-cloud-6f545f89ff-rqx5x,35.2265625
1783733967,mem_mib,pod=workload-cloud-6f545f89ff-rqx5x,35.2265625
1783733977,mem_mib,pod=workload-cloud-6f545f89ff-rqx5x,35.2265625
1783733987,mem_mib,pod=workload-cloud-6f545f89ff-rqx5x,35.2265625
1783733997,mem_mib,pod=workload-cloud-6f545f89ff-rqx5x,35.2421875
1783734007,mem_mib,pod=workload-cloud-6f545f89ff-rqx5x,35.2421875
1783734017,mem_mib,pod=workload-cloud-6f545f89ff-rqx5x,35.2421875
1783734027,mem_mib,pod=workload-cloud-6f545f89ff-rqx5x,35.2421875
1783734037,mem_mib,pod=workload-cloud-6f545f89ff-rqx5x,35.2421875
1783734047,mem_mib,pod=workload-cloud-6f545f89ff-rqx5x,35.25
1783734057,mem_mib,pod=workload-cloud-6f545f89ff-rqx5x,35.25
1783734067,mem_mib,pod=workload-cloud-6f545f89ff-rqx5x,35.25
1783734077,mem_mib,pod=workload-cloud-6f545f89ff-rqx5x,35.25
1783734087,mem_mib,pod=workload-cloud-6f545f89ff-rqx5x,35.25
1783734097,mem_mib,pod=workload-cloud-6f545f89ff-rqx5x,35.25390625
1783734107,mem_mib,pod=workload-cloud-6f545f89ff-rqx5x,35.25390625
1783734117,mem_mib,pod=workload-cloud-6f545f89ff-rqx5x,35.25390625
1783734127,mem_mib,pod=workload-cloud-6f545f89ff-rqx5x,35.25390625
1783734137,mem_mib,pod=workload-cloud-6f545f89ff-rqx5x,35.25390625
1783734147,mem_mib,pod=workload-cloud-6f545f89ff-rqx5x,35.25390625
1783734157,mem_mib,pod=workload-cloud-6f545f89ff-rqx5x,35.25390625
1783734167,mem_mib,pod=workload-cloud-6f545f89ff-rqx5x,35.25390625
1783733727,mem_mib,pod=workload-cloud-6f545f89ff-wg4dj,4.16015625
1783733737,mem_mib,pod=workload-cloud-6f545f89ff-wg4dj,4.16015625
1783733747,mem_mib,pod=workload-cloud-6f545f89ff-wg4dj,35.234375
1783733757,mem_mib,pod=workload-cloud-6f545f89ff-wg4dj,35.390625
1783733767,mem_mib,pod=workload-cloud-6f545f89ff-wg4dj,35.49609375
1783733777,mem_mib,pod=workload-cloud-6f545f89ff-wg4dj,35.58203125
1783733787,mem_mib,pod=workload-cloud-6f545f89ff-wg4dj,35.55859375
1783733797,mem_mib,pod=workload-cloud-6f545f89ff-wg4dj,35.55859375
1783733807,mem_mib,pod=workload-cloud-6f545f89ff-wg4dj,35.578125
1783733817,mem_mib,pod=workload-cloud-6f545f89ff-wg4dj,35.578125
1783733827,mem_mib,pod=workload-cloud-6f545f89ff-wg4dj,35.6484375
1783733837,mem_mib,pod=workload-cloud-6f545f89ff-wg4dj,35.6484375
1783733847,mem_mib,pod=workload-cloud-6f545f89ff-wg4dj,36.4140625
1783733857,mem_mib,pod=workload-cloud-6f545f89ff-wg4dj,35.6796875
1783733867,mem_mib,pod=workload-cloud-6f545f89ff-wg4dj,35.6796875
1783733877,mem_mib,pod=workload-cloud-6f545f89ff-wg4dj,35.65625
1783733887,mem_mib,pod=workload-cloud-6f545f89ff-wg4dj,35.65625
1783733897,mem_mib,pod=workload-cloud-6f545f89ff-wg4dj,35.65234375
1783733907,mem_mib,pod=workload-cloud-6f545f89ff-wg4dj,35.65234375
1783733917,mem_mib,pod=workload-cloud-6f545f89ff-wg4dj,35.65234375
1783733927,mem_mib,pod=workload-cloud-6f545f89ff-wg4dj,35.65234375
1783733937,mem_mib,pod=workload-cloud-6f545f89ff-wg4dj,35.65234375
1783733947,mem_mib,pod=workload-cloud-6f545f89ff-wg4dj,35.65234375
1783733957,mem_mib,pod=workload-cloud-6f545f89ff-wg4dj,35.65234375
1783733967,mem_mib,pod=workload-cloud-6f545f89ff-wg4dj,35.65234375
1783733977,mem_mib,pod=workload-cloud-6f545f89ff-wg4dj,35.65234375
1783733987,mem_mib,pod=workload-cloud-6f545f89ff-wg4dj,35.65234375
1783733997,mem_mib,pod=workload-cloud-6f545f89ff-wg4dj,35.65234375
1783734007,mem_mib,pod=workload-cloud-6f545f89ff-wg4dj,35.65234375
1783734017,mem_mib,pod=workload-cloud-6f545f89ff-wg4dj,35.65234375
1783734027,mem_mib,pod=workload-cloud-6f545f89ff-wg4dj,35.65234375
1783734037,mem_mib,pod=workload-cloud-6f545f89ff-wg4dj,35.65234375
1783734047,mem_mib,pod=workload-cloud-6f545f89ff-wg4dj,35.65234375
1783734057,mem_mib,pod=workload-cloud-6f545f89ff-wg4dj,35.65234375
1783734067,mem_mib,pod=workload-cloud-6f545f89ff-wg4dj,35.65234375
1783734077,mem_mib,pod=workload-cloud-6f545f89ff-wg4dj,35.65234375
1783734087,mem_mib,pod=workload-cloud-6f545f89ff-wg4dj,35.65234375
1783734097,mem_mib,pod=workload-cloud-6f545f89ff-wg4dj,35.65234375
1783734107,mem_mib,pod=workload-cloud-6f545f89ff-wg4dj,35.65234375
1783734117,mem_mib,pod=workload-cloud-6f545f89ff-wg4dj,35.65234375
1783734127,mem_mib,pod=workload-cloud-6f545f89ff-wg4dj,35.65234375
1783734137,mem_mib,pod=workload-cloud-6f545f89ff-wg4dj,35.90625
1783734147,mem_mib,pod=workload-cloud-6f545f89ff-wg4dj,35.90625
1783734157,mem_mib,pod=workload-cloud-6f545f89ff-wg4dj,35.65625
1783734167,mem_mib,pod=workload-cloud-6f545f89ff-wg4dj,35.65625
1783733527,mem_mib,pod=workload-edge-7b875fd8c6-pxwvc,35.9765625
1783733537,mem_mib,pod=workload-edge-7b875fd8c6-pxwvc,35.9765625
1783733547,mem_mib,pod=workload-edge-7b875fd8c6-pxwvc,35.984375
1783733557,mem_mib,pod=workload-edge-7b875fd8c6-pxwvc,35.9765625
1783733567,mem_mib,pod=workload-edge-7b875fd8c6-pxwvc,35.9765625
1783733577,mem_mib,pod=workload-edge-7b875fd8c6-pxwvc,35.9765625
1783733587,mem_mib,pod=workload-edge-7b875fd8c6-pxwvc,35.9765625
1783733597,mem_mib,pod=workload-edge-7b875fd8c6-pxwvc,35.9765625
1783733607,mem_mib,pod=workload-edge-7b875fd8c6-pxwvc,35.9765625
1783733617,mem_mib,pod=workload-edge-7b875fd8c6-pxwvc,35.9765625
1783733627,mem_mib,pod=workload-edge-7b875fd8c6-pxwvc,35.9765625
1783733637,mem_mib,pod=workload-edge-7b875fd8c6-pxwvc,35.9765625
1783733647,mem_mib,pod=workload-edge-7b875fd8c6-pxwvc,35.9765625
1783733657,mem_mib,pod=workload-edge-7b875fd8c6-pxwvc,35.9765625
1783733667,mem_mib,pod=workload-edge-7b875fd8c6-pxwvc,35.9765625
1783733677,mem_mib,pod=workload-edge-7b875fd8c6-pxwvc,35.9765625
1783733687,mem_mib,pod=workload-edge-7b875fd8c6-pxwvc,35.9765625
1783733697,mem_mib,pod=workload-edge-7b875fd8c6-pxwvc,35.98046875
1783733707,mem_mib,pod=workload-edge-7b875fd8c6-pxwvc,35.9765625
1783733717,mem_mib,pod=workload-edge-7b875fd8c6-pxwvc,35.9765625
1783733727,mem_mib,pod=workload-edge-7b875fd8c6-pxwvc,35.9765625
1783733737,mem_mib,pod=workload-edge-7b875fd8c6-pxwvc,35.9765625
1783733747,mem_mib,pod=workload-edge-7b875fd8c6-pxwvc,35.9765625
1783733757,mem_mib,pod=workload-edge-7b875fd8c6-pxwvc,35.9765625
1783733767,mem_mib,pod=workload-edge-7b875fd8c6-pxwvc,35.9765625
1783733777,mem_mib,pod=workload-edge-7b875fd8c6-pxwvc,35.9765625
1783733787,mem_mib,pod=workload-edge-7b875fd8c6-pxwvc,35.9765625
1783733797,mem_mib,pod=workload-edge-7b875fd8c6-pxwvc,35.9765625
1783733807,mem_mib,pod=workload-edge-7b875fd8c6-pxwvc,35.9765625
1783733817,mem_mib,pod=workload-edge-7b875fd8c6-pxwvc,35.9765625
1783733827,mem_mib,pod=workload-edge-7b875fd8c6-pxwvc,35.9765625
1783733837,mem_mib,pod=workload-edge-7b875fd8c6-pxwvc,35.9765625
1783733847,mem_mib,pod=workload-edge-7b875fd8c6-pxwvc,35.9765625
1783733857,mem_mib,pod=workload-edge-7b875fd8c6-pxwvc,35.9765625
1783733867,mem_mib,pod=workload-edge-7b875fd8c6-pxwvc,35.9765625
1783733877,mem_mib,pod=workload-edge-7b875fd8c6-pxwvc,35.9765625
1783733887,mem_mib,pod=workload-edge-7b875fd8c6-pxwvc,35.9765625
1783733897,mem_mib,pod=workload-edge-7b875fd8c6-pxwvc,35.9765625
1783733907,mem_mib,pod=workload-edge-7b875fd8c6-pxwvc,35.98046875
1783733917,mem_mib,pod=workload-edge-7b875fd8c6-pxwvc,35.9765625
1783733927,mem_mib,pod=workload-edge-7b875fd8c6-pxwvc,35.9765625
1783733937,mem_mib,pod=workload-edge-7b875fd8c6-pxwvc,35.9765625
1783733947,mem_mib,pod=workload-edge-7b875fd8c6-pxwvc,35.9765625
1783733957,mem_mib,pod=workload-edge-7b875fd8c6-pxwvc,35.9765625
1783733967,mem_mib,pod=workload-edge-7b875fd8c6-pxwvc,35.9765625
1783733977,mem_mib,pod=workload-edge-7b875fd8c6-pxwvc,35.9765625
1783733987,mem_mib,pod=workload-edge-7b875fd8c6-pxwvc,35.9765625
1783733997,mem_mib,pod=workload-edge-7b875fd8c6-pxwvc,35.9765625
1783734007,mem_mib,pod=workload-edge-7b875fd8c6-pxwvc,35.9765625
1783734017,mem_mib,pod=workload-edge-7b875fd8c6-pxwvc,35.9765625
1783734027,mem_mib,pod=workload-edge-7b875fd8c6-pxwvc,35.9765625
1783734037,mem_mib,pod=workload-edge-7b875fd8c6-pxwvc,35.9765625
1783734047,mem_mib,pod=workload-edge-7b875fd8c6-pxwvc,35.9765625
1783734057,mem_mib,pod=workload-edge-7b875fd8c6-pxwvc,35.9765625
1783734067,mem_mib,pod=workload-edge-7b875fd8c6-pxwvc,35.9765625
1783734077,mem_mib,pod=workload-edge-7b875fd8c6-pxwvc,35.9765625
1783734087,mem_mib,pod=workload-edge-7b875fd8c6-pxwvc,35.98046875
1783734097,mem_mib,pod=workload-edge-7b875fd8c6-pxwvc,35.98046875
1783734107,mem_mib,pod=workload-edge-7b875fd8c6-pxwvc,35.98046875
1783734117,mem_mib,pod=workload-edge-7b875fd8c6-pxwvc,35.98046875
1783734127,mem_mib,pod=workload-edge-7b875fd8c6-pxwvc,35.98046875
1783734137,mem_mib,pod=workload-edge-7b875fd8c6-pxwvc,35.98046875
1783734147,mem_mib,pod=workload-edge-7b875fd8c6-pxwvc,35.98046875
1783734157,mem_mib,pod=workload-edge-7b875fd8c6-pxwvc,35.98046875
1783734167,mem_mib,pod=workload-edge-7b875fd8c6-pxwvc,35.98046875
1783733527,rps,tier=cloud,0.0
1783733537,rps,tier=cloud,1.680100806048363
1783733547,rps,tier=cloud,7.420296811872475
1783733557,rps,tier=cloud,17.24088244686657
1783733567,rps,tier=cloud,31.041579283428554
1783733577,rps,tier=cloud,48.80195207808312
1783733587,rps,tier=cloud,68.86413184791088
1783733597,rps,tier=cloud,88.56531391883514
1783733607,rps,tier=cloud,105.38421536861475
1783733617,rps,tier=cloud,127.61246527275233
1783733627,rps,tier=cloud,148.09167478563106
1783733637,rps,tier=cloud,167.10493774660085
1783733647,rps,tier=cloud,185.86815768253683
1783733657,rps,tier=cloud,205.03571246875663
1783733667,rps,tier=cloud,225.78205292806464
1783733677,rps,tier=cloud,243.8449095575201
1783733687,rps,tier=cloud,259.69070456723676
1783733697,rps,tier=cloud,278.8318372452492
1783733707,rps,tier=cloud,296.58512674764444
1783733717,rps,tier=cloud,332.98337590701345
1783733727,rps,tier=cloud,443.51926818438
1783733737,rps,tier=cloud,622.1635533697921
1783733747,rps,tier=cloud,860.0925397658881
1783733757,rps,tier=cloud,1101.986134403767
1783733767,rps,tier=cloud,1340.6004557415974
1783733777,rps,tier=cloud,1505.320252881845
1783733787,rps,tier=cloud,1572.9466827550016
1783733797,rps,tier=cloud,1593.3070734310081
1783733807,rps,tier=cloud,1593.207239448033
1783733817,rps,tier=cloud,1591.2513570337971
1783733827,rps,tier=cloud,1594.2979943225046
1783733837,rps,tier=cloud,1599.9926305625447
1783733847,rps,tier=cloud,1602.298023879076
1783733857,rps,tier=cloud,1605.505014617056
1783733867,rps,tier=cloud,1592.5120109649486
1783733877,rps,tier=cloud,1519.0004817872855
1783733887,rps,tier=cloud,1359.8187044761683
1783733897,rps,tier=cloud,1118.973086503036
1783733907,rps,tier=cloud,873.1203804064546
1783733917,rps,tier=cloud,638.948757642759
1783733927,rps,tier=cloud,466.6116546403026
1783733937,rps,tier=cloud,377.68734904671146
1783733947,rps,tier=cloud,365.698506371714
1783733957,rps,tier=cloud,366.96317206676736
1783733967,rps,tier=cloud,366.5517433030182
1783733977,rps,tier=cloud,368.8399785654893
1783733987,rps,tier=cloud,371.2149070832579
1783733997,rps,tier=cloud,374.0563919581513
1783734007,rps,tier=cloud,373.8278956791963
1783734017,rps,tier=cloud,375.30098880591885
1783734027,rps,tier=cloud,373.71466812676425
1783734037,rps,tier=cloud,373.13681356492424
1783734047,rps,tier=cloud,371.6408836424138
1783734057,rps,tier=cloud,370.55691440141703
1783734067,rps,tier=cloud,370.0241744774322
1783734077,rps,tier=cloud,368.94874985402555
1783734087,rps,tier=cloud,346.0636253766702
1783734097,rps,tier=cloud,299.0115002615951
1783734107,rps,tier=cloud,231.29697886543084
1783734117,rps,tier=cloud,157.80369735261993
1783734127,rps,tier=cloud,85.34280734982781
1783734137,rps,tier=cloud,33.5213089055873
1783734147,rps,tier=cloud,5.640112802256046
1783734157,rps,tier=cloud,0.0
1783734167,rps,tier=cloud,0.0
1783733527,lat50_ms,tier=cloud,1.535234120371723
1783733537,lat50_ms,tier=cloud,1.5471204188481675
1783733547,lat50_ms,tier=cloud,1.5638297872340425
1783733557,lat50_ms,tier=cloud,1.681962025316456
1783733567,lat50_ms,tier=cloud,1.8159831756046267
1783733577,lat50_ms,tier=cloud,1.9752200229665646
1783733587,lat50_ms,tier=cloud,2.239090619386754
1783733597,lat50_ms,tier=cloud,2.6697574893009985
1783733607,lat50_ms,tier=cloud,2.7923449948042953
1783733617,lat50_ms,tier=cloud,2.803120152896604
1783733627,lat50_ms,tier=cloud,2.736291491536204
1783733637,lat50_ms,tier=cloud,2.7709327414478473
1783733647,lat50_ms,tier=cloud,2.958779893349965
1783733657,lat50_ms,tier=cloud,3.2687844992315913
1783733667,lat50_ms,tier=cloud,3.446964839408587
1783733677,lat50_ms,tier=cloud,3.5537609418147627
1783733687,lat50_ms,tier=cloud,3.6959778504636844
1783733697,lat50_ms,tier=cloud,3.8136478834037977
1783733707,lat50_ms,tier=cloud,3.8820632737039666
1783733717,lat50_ms,tier=cloud,4.022073703283784
1783733727,lat50_ms,tier=cloud,4.423065448416223
1783733737,lat50_ms,tier=cloud,6.470204550796937
1783733747,lat50_ms,tier=cloud,9.774775069820672
1783733757,lat50_ms,tier=cloud,12.389949272643772
1783733767,lat50_ms,tier=cloud,14.030095280489931
1783733777,lat50_ms,tier=cloud,15.465273541695842
1783733787,lat50_ms,tier=cloud,16.712615272304564
1783733797,lat50_ms,tier=cloud,17.231124220320144
1783733807,lat50_ms,tier=cloud,17.9883442071981
1783733817,lat50_ms,tier=cloud,18.71779465140952
1783733827,lat50_ms,tier=cloud,19.51632668526783
1783733837,lat50_ms,tier=cloud,20.441158729817076
1783733847,lat50_ms,tier=cloud,20.537549435126575
1783733857,lat50_ms,tier=cloud,20.56114375777003
1783733867,lat50_ms,tier=cloud,20.196107433264746
1783733877,lat50_ms,tier=cloud,19.388358392026326
1783733887,lat50_ms,tier=cloud,18.51484390139855
1783733897,lat50_ms,tier=cloud,17.692113888231823
1783733907,lat50_ms,tier=cloud,17.246523871430615
1783733917,lat50_ms,tier=cloud,16.431537577087852
1783733927,lat50_ms,tier=cloud,15.512090305462701
1783733937,lat50_ms,tier=cloud,14.387276347685507
1783733947,lat50_ms,tier=cloud,13.135217762013202
1783733957,lat50_ms,tier=cloud,11.6377496861377
1783733967,lat50_ms,tier=cloud,9.626130202648094
1783733977,lat50_ms,tier=cloud,6.502133580089
1783733987,lat50_ms,tier=cloud,4.5872596348748695
1783733997,lat50_ms,tier=cloud,4.047167497629826
1783734007,lat50_ms,tier=cloud,4.057418030229446
1783734017,lat50_ms,tier=cloud,4.047172348876048
1783734027,lat50_ms,tier=cloud,4.013858259976634
1783734037,lat50_ms,tier=cloud,3.9504990701802214
1783734047,lat50_ms,tier=cloud,3.8422447875446215
1783734057,lat50_ms,tier=cloud,3.8207263924325194
1783734067,lat50_ms,tier=cloud,3.895955330980325
1783734077,lat50_ms,tier=cloud,3.767682092033824
1783734087,lat50_ms,tier=cloud,3.688911742928181
1783734097,lat50_ms,tier=cloud,3.707107852307513
1783734107,lat50_ms,tier=cloud,3.8559604053118997
1783734117,lat50_ms,tier=cloud,3.840156005065076
1783734127,lat50_ms,tier=cloud,3.785949509915452
1783734137,lat50_ms,tier=cloud,3.747212513942696
1783734147,lat50_ms,tier=cloud,3.7355820692745967
1783734157,lat50_ms,tier=cloud,3.7880592250368235
1783734167,lat50_ms,tier=cloud,3.6443572169826712
1783733527,lat95_ms,tier=cloud,2.72138151289877
1783733537,lat95_ms,tier=cloud,3.258333333333332
1783733547,lat95_ms,tier=cloud,3.675
1783733557,lat95_ms,tier=cloud,4.45921052631579
1783733567,lat95_ms,tier=cloud,4.630150753768843
1783733577,lat95_ms,tier=cloud,4.966636588071989
1783733587,lat95_ms,tier=cloud,6.40676071885965
1783733597,lat95_ms,tier=cloud,8.648058252427184
1783733607,lat95_ms,tier=cloud,8.544413407821228
1783733617,lat95_ms,tier=cloud,8.316777986417247
1783733627,lat95_ms,tier=cloud,8.767200895432655
1783733637,lat95_ms,tier=cloud,8.99699340740159
1783733647,lat95_ms,tier=cloud,9.552257959964324
1783733657,lat95_ms,tier=cloud,14.495937628381943
1783733667,lat95_ms,tier=cloud,15.873594109594238
1783733677,lat95_ms,tier=cloud,16.536536579718977
1783733687,lat95_ms,tier=cloud,17.239484968708336
1783733697,lat95_ms,tier=cloud,17.669001071884338
1783733707,lat95_ms,tier=cloud,17.906324055279402
1783733717,lat95_ms,tier=cloud,18.148682189005775
1783733727,lat95_ms,tier=cloud,19.306058806262808
1783733737,lat95_ms,tier=cloud,37.74718093985209
1783733747,lat95_ms,tier=cloud,43.40613944714648
1783733757,lat95_ms,tier=cloud,45.22846078207614
1783733767,lat95_ms,tier=cloud,45.94372834860244
1783733777,lat95_ms,tier=cloud,46.36373050930098
1783733787,lat95_ms,tier=cloud,46.65634884507164
1783733797,lat95_ms,tier=cloud,46.73504768646796
1783733807,lat95_ms,tier=cloud,46.89925097808557
1783733817,lat95_ms,tier=cloud,47.01748325858065
1783733827,lat95_ms,tier=cloud,47.13379781208712
1783733837,lat95_ms,tier=cloud,47.24162524623515
1783733847,lat95_ms,tier=cloud,47.24948904298758
1783733857,lat95_ms,tier=cloud,47.221473215387945
1783733867,lat95_ms,tier=cloud,47.16546881160573
1783733877,lat95_ms,tier=cloud,47.02598952432635
1783733887,lat95_ms,tier=cloud,46.85714424009607
1783733897,lat95_ms,tier=cloud,46.680020036058636
1783733907,lat95_ms,tier=cloud,46.59038204759952
1783733917,lat95_ms,tier=cloud,46.35276485505249
1783733927,lat95_ms,tier=cloud,46.05524269557298
1783733937,lat95_ms,tier=cloud,45.579559985256815
1783733947,lat95_ms,tier=cloud,44.95410141219221
1783733957,lat95_ms,tier=cloud,44.130558814354494
1783733967,lat95_ms,tier=cloud,41.628772983186416
1783733977,lat95_ms,tier=cloud,31.217752382989516
1783733987,lat95_ms,tier=cloud,19.146861665987025
1783733997,lat95_ms,tier=cloud,18.069151424216994
1783734007,lat95_ms,tier=cloud,18.046533100382693
1783734017,lat95_ms,tier=cloud,17.978578062279276
1783734027,lat95_ms,tier=cloud,17.90307233758721
1783734037,lat95_ms,tier=cloud,17.697669663254775
1783734047,lat95_ms,tier=cloud,17.451742251664584
1783734057,lat95_ms,tier=cloud,17.447050864069077
1783734067,lat95_ms,tier=cloud,17.613691100060255
1783734077,lat95_ms,tier=cloud,17.2249150172641
1783734087,lat95_ms,tier=cloud,17.276537202417074
1783734097,lat95_ms,tier=cloud,17.34116565103924
1783734107,lat95_ms,tier=cloud,17.597236151281546
1783734117,lat95_ms,tier=cloud,17.60653143869739
1783734127,lat95_ms,tier=cloud,17.53709489877037
1783734137,lat95_ms,tier=cloud,17.29186404560782
1783734147,lat95_ms,tier=cloud,17.27987333783036
1783734157,lat95_ms,tier=cloud,17.316290565642436
1783734167,lat95_ms,tier=cloud,16.453698250697503
1783733527,lat99_ms,tier=cloud,4.5442763025797515
1783733537,lat99_ms,tier=cloud,4.6516666666666655
1783733547,lat99_ms,tier=cloud,4.7349999999999985
1783733557,lat99_ms,tier=cloud,4.912894736842106
1783733567,lat99_ms,tier=cloud,4.942110552763818
1783733577,lat99_ms,tier=cloud,8.890912047820654
1783733587,lat99_ms,tier=cloud,9.297745522869546
1783733597,lat99_ms,tier=cloud,9.979264909847432
1783733607,lat99_ms,tier=cloud,9.914469273743016
1783733617,lat99_ms,tier=cloud,9.839263819080772
1783733627,lat99_ms,tier=cloud,14.063901302063977
1783733637,lat99_ms,tier=cloud,15.067753566329579
1783733647,lat99_ms,tier=cloud,17.10933036670028
1783733657,lat99_ms,tier=cloud,18.965398490683853
1783733667,lat99_ms,tier=cloud,19.2520004271177
1783733677,lat99_ms,tier=cloud,19.3909939062743
1783733687,lat99_ms,tier=cloud,19.546590846457505
1783733697,lat99_ms,tier=cloud,19.62276435387978
1783733707,lat99_ms,tier=cloud,19.67149932756975
1783733717,lat99_ms,tier=cloud,19.81079910229127
1783733727,lat99_ms,tier=cloud,40.88203513725387
1783733737,lat99_ms,tier=cloud,47.557878013211685
1783733747,lat99_ms,tier=cloud,48.914921981877804
1783733757,lat99_ms,tier=cloud,49.31575484979507
1783733767,lat99_ms,tier=cloud,49.455076091481246
1783733777,lat99_ms,tier=cloud,49.510569451556115
1783733787,lat99_ms,tier=cloud,49.555259952744215
1783733797,lat99_ms,tier=cloud,49.55408006556342
1783733807,lat99_ms,tier=cloud,49.5935373056726
1783733817,lat99_ms,tier=cloud,49.60054966988796
1783733827,lat99_ms,tier=cloud,49.6104966491659
1783733837,lat99_ms,tier=cloud,49.62388893658343
1783733847,lat99_ms,tier=cloud,49.62388367479745
1783733857,lat99_ms,tier=cloud,49.59128027828732
1783733867,lat99_ms,tier=cloud,49.56274537856939
1783733877,lat99_ms,tier=cloud,49.51797580637073
1783733887,lat99_ms,tier=cloud,49.480029266955675
1783733897,lat99_ms,tier=cloud,49.437415803703146
1783733907,lat99_ms,tier=cloud,49.420545448092746
1783733917,lat99_ms,tier=cloud,49.34754920791794
1783733927,lat99_ms,tier=cloud,49.28848978608332
1783733937,lat99_ms,tier=cloud,49.191712089366405
1783733947,lat99_ms,tier=cloud,49.0689788050034
1783733957,lat99_ms,tier=cloud,48.91570087285865
1783733967,lat99_ms,tier=cloud,48.41677206017169
1783733977,lat99_ms,tier=cloud,46.243550476597925
1783733987,lat99_ms,tier=cloud,39.33631250901233
1783733997,lat99_ms,tier=cloud,19.92505153858014
1783734007,lat99_ms,tier=cloud,19.856555135608005
1783734017,lat99_ms,tier=cloud,19.82921930450485
1783734027,lat99_ms,tier=cloud,19.78460662209331
1783734037,lat99_ms,tier=cloud,19.746076085624683
1783734047,lat99_ms,tier=cloud,19.703652482321004
1783734057,lat99_ms,tier=cloud,19.69831619473683
1783734067,lat99_ms,tier=cloud,19.711528784171257
1783734077,lat99_ms,tier=cloud,19.570018850886147
1783734087,lat99_ms,tier=cloud,19.573260606293243
1783734097,lat99_ms,tier=cloud,19.58857007364949
1783734107,lat99_ms,tier=cloud,19.64029315170646
1783734117,lat99_ms,tier=cloud,19.65178539432324
1783734127,lat99_ms,tier=cloud,19.636271634357374
1783734137,lat99_ms,tier=cloud,19.60068537949515
1783734147,lat99_ms,tier=cloud,19.571916685094386
1783734157,lat99_ms,tier=cloud,19.57535250840873
1783734167,lat99_ms,tier=cloud,19.38159138515528
1783733527,inflight,tier=cloud,0.0
1783733537,inflight,tier=cloud,0.0
1783733547,inflight,tier=cloud,0.0
1783733557,inflight,tier=cloud,0.0
1783733567,inflight,tier=cloud,0.0
1783733577,inflight,tier=cloud,0.0
1783733587,inflight,tier=cloud,0.0
1783733597,inflight,tier=cloud,0.0
1783733607,inflight,tier=cloud,0.0
1783733617,inflight,tier=cloud,0.0
1783733627,inflight,tier=cloud,0.0
1783733637,inflight,tier=cloud,0.0
1783733647,inflight,tier=cloud,0.0
1783733657,inflight,tier=cloud,0.0
1783733667,inflight,tier=cloud,0.0
1783733677,inflight,tier=cloud,0.0
1783733687,inflight,tier=cloud,0.0
1783733697,inflight,tier=cloud,2.0
1783733707,inflight,tier=cloud,0.0
1783733717,inflight,tier=cloud,4.0
1783733727,inflight,tier=cloud,0.0
1783733737,inflight,tier=cloud,32.0
1783733747,inflight,tier=cloud,7.0
1783733757,inflight,tier=cloud,3.0
1783733767,inflight,tier=cloud,29.0
1783733777,inflight,tier=cloud,0.0
1783733787,inflight,tier=cloud,4.0
1783733797,inflight,tier=cloud,32.0
1783733807,inflight,tier=cloud,1.0
1783733817,inflight,tier=cloud,24.0
1783733827,inflight,tier=cloud,10.0
1783733837,inflight,tier=cloud,5.0
1783733847,inflight,tier=cloud,19.0
1783733857,inflight,tier=cloud,0.0
1783733867,inflight,tier=cloud,2.0
1783733877,inflight,tier=cloud,0.0
1783733887,inflight,tier=cloud,1.0
1783733897,inflight,tier=cloud,0.0
1783733907,inflight,tier=cloud,0.0
1783733917,inflight,tier=cloud,0.0
1783733927,inflight,tier=cloud,0.0
1783733937,inflight,tier=cloud,0.0
1783733947,inflight,tier=cloud,0.0
1783733957,inflight,tier=cloud,0.0
1783733967,inflight,tier=cloud,0.0
1783733977,inflight,tier=cloud,0.0
1783733987,inflight,tier=cloud,0.0
1783733997,inflight,tier=cloud,0.0
1783734007,inflight,tier=cloud,4.0
1783734017,inflight,tier=cloud,2.0
1783734027,inflight,tier=cloud,0.0
1783734037,inflight,tier=cloud,0.0
1783734047,inflight,tier=cloud,0.0
1783734057,inflight,tier=cloud,0.0
1783734067,inflight,tier=cloud,0.0
1783734077,inflight,tier=cloud,0.0
1783734087,inflight,tier=cloud,0.0
1783734097,inflight,tier=cloud,0.0
1783734107,inflight,tier=cloud,0.0
1783734117,inflight,tier=cloud,0.0
1783734127,inflight,tier=cloud,0.0
1783734137,inflight,tier=cloud,0.0
1783734147,inflight,tier=cloud,0.0
1783734157,inflight,tier=cloud,0.0
1783734167,inflight,tier=cloud,0.0
1783733527,inflight,tier=edge,0.0
1783733537,inflight,tier=edge,0.0
1783733547,inflight,tier=edge,0.0
1783733557,inflight,tier=edge,0.0
1783733567,inflight,tier=edge,0.0
1783733577,inflight,tier=edge,0.0
1783733587,inflight,tier=edge,0.0
1783733597,inflight,tier=edge,0.0
1783733607,inflight,tier=edge,0.0
1783733617,inflight,tier=edge,0.0
1783733627,inflight,tier=edge,0.0
1783733637,inflight,tier=edge,0.0
1783733647,inflight,tier=edge,0.0
1783733657,inflight,tier=edge,0.0
1783733667,inflight,tier=edge,0.0
1783733677,inflight,tier=edge,0.0
1783733687,inflight,tier=edge,0.0
1783733697,inflight,tier=edge,0.0
1783733707,inflight,tier=edge,0.0
1783733717,inflight,tier=edge,0.0
1783733727,inflight,tier=edge,0.0
1783733737,inflight,tier=edge,0.0
1783733747,inflight,tier=edge,0.0
1783733757,inflight,tier=edge,0.0
1783733767,inflight,tier=edge,0.0
1783733777,inflight,tier=edge,0.0
1783733787,inflight,tier=edge,0.0
1783733797,inflight,tier=edge,0.0
1783733807,inflight,tier=edge,0.0
1783733817,inflight,tier=edge,0.0
1783733827,inflight,tier=edge,0.0
1783733837,inflight,tier=edge,0.0
1783733847,inflight,tier=edge,0.0
1783733857,inflight,tier=edge,0.0
1783733867,inflight,tier=edge,0.0
1783733877,inflight,tier=edge,0.0
1783733887,inflight,tier=edge,0.0
1783733897,inflight,tier=edge,0.0
1783733907,inflight,tier=edge,0.0
1783733917,inflight,tier=edge,0.0
1783733927,inflight,tier=edge,0.0
1783733937,inflight,tier=edge,0.0
1783733947,inflight,tier=edge,0.0
1783733957,inflight,tier=edge,0.0
1783733967,inflight,tier=edge,0.0
1783733977,inflight,tier=edge,0.0
1783733987,inflight,tier=edge,0.0
1783733997,inflight,tier=edge,0.0
1783734007,inflight,tier=edge,0.0
1783734017,inflight,tier=edge,0.0
1783734027,inflight,tier=edge,0.0
1783734037,inflight,tier=edge,0.0
1783734047,inflight,tier=edge,0.0
1783734057,inflight,tier=edge,0.0
1783734067,inflight,tier=edge,0.0
1783734077,inflight,tier=edge,0.0
1783734087,inflight,tier=edge,0.0
1783734097,inflight,tier=edge,0.0
1783734107,inflight,tier=edge,0.0
1783734117,inflight,tier=edge,0.0
1783734127,inflight,tier=edge,0.0
1783734137,inflight,tier=edge,0.0
1783734147,inflight,tier=edge,0.0
1783734157,inflight,tier=edge,0.0
1783734167,inflight,tier=edge,0.0
