ts,metric,labels,value
1783696397,replicas_status,deployment=workload-cloud,1.0
1783696407,replicas_status,deployment=workload-cloud,1.0
1783696417,replicas_status,deployment=workload-cloud,1.0
1783696427,replicas_status,deployment=workload-cloud,1.0
1783696437,replicas_status,deployment=workload-cloud,1.0
1783696447,replicas_status,deployment=workload-cloud,1.0
1783696457,replicas_status,deployment=workload-cloud,1.0
1783696467,replicas_status,deployment=workload-cloud,1.0
1783696477,replicas_status,deployment=workload-cloud,1.0
1783696487,replicas_status,deployment=workload-cloud,1.0
1783696497,replicas_status,deployment=workload-cloud,1.0
1783696507,replicas_status,deployment=workload-cloud,1.0
1783696517,replicas_status,deployment=workload-cloud,1.0
1783696527,replicas_status,deployment=workload-cloud,2.0
1783696537,replicas_status,deployment=workload-cloud,2.0
1783696547,replicas_status,deployment=workload-cloud,2.0
1783696557,replicas_status,deployment=workload-cloud,2.0
1783696567,replicas_status,deployment=workload-cloud,2.0
1783696577,replicas_status,deployment=workload-cloud,2.0
1783696587,replicas_status,deployment=workload-cloud,2.0
1783696597,replicas_status,deployment=workload-cloud,3.0
1783696607,replicas_status,deployment=workload-cloud,3.0
1783696617,replicas_status,deployment=workload-cloud,3.0
1783696627,replicas_status,deployment=workload-cloud,4.0
1783696637,replicas_status,deployment=workload-cloud,4.0
1783696647,replicas_status,deployment=workload-cloud,4.0
1783696657,replicas_status,deployment=workload-cloud,5.0
1783696667,replicas_status,deployment=workload-cloud,5.0
1783696677,replicas_status,deployment=workload-cloud,5.0
1783696687,replicas_status,deployment=workload-cloud,6.0
1783696697,replicas_status,deployment=workload-cloud,6.0
1783696707,replicas_status,deployment=workload-cloud,6.0
1783696717,replicas_status,deployment=workload-cloud,6.0
1783696727,replicas_status,deployment=workload-cloud,6.0
1783696737,replicas_status,deployment=workload-cloud,6.0
1783696747,replicas_status,deployment=workload-cloud,6.0
1783696757,replicas_status,deployment=workload-cloud,6.0
1783696767,replicas_status,deployment=workload-cloud,6.0
1783696777,replicas_status,deployment=workload-cloud,6.0
1783696787,replicas_status,deployment=workload-cloud,6.0
1783696797,replicas_status,deployment=workload-cloud,6.0
1783696807,replicas_status,deployment=workload-cloud,6.0
1783696817,replicas_status,deployment=workload-cloud,6.0
1783696827,replicas_status,deployment=workload-cloud,6.0
1783696837,replicas_status,deployment=workload-cloud,6.0
1783696847,replicas_status,deployment=workload-cloud,6.0
1783696857,replicas_status,deployment=workload-cloud,6.0
1783696867,replicas_status,deployment=workload-cloud,6.0
1783696877,replicas_status,deployment=workload-cloud,6.0
1783696887,replicas_status,deployment=workload-cloud,6.0
1783696897,replicas_status,deployment=workload-cloud,6.0
1783696907,replicas_status,deployment=workload-cloud,6.0
1783696917,replicas_status,deployment=workload-cloud,6.0
1783696927,replicas_status,deployment=workload-cloud,6.0
1783696937,replicas_status,deployment=workload-cloud,6.0
1783696947,replicas_status,deployment=workload-cloud,6.0
1783696957,replicas_status,deployment=workload-cloud,5.0
1783696967,replicas_status,deployment=workload-cloud,5.0
1783696977,replicas_status,deployment=workload-cloud,5.0
1783696987,replicas_status,deployment=workload-cloud,5.0
1783696997,replicas_status,deployment=workload-cloud,5.0
1783697007,replicas_status,deployment=workload-cloud,5.0
1783697017,replicas_status,deployment=workload-cloud,4.0
1783697027,replicas_status,deployment=workload-cloud,4.0
1783696397,replicas_status,deployment=workload-edge,1.0
1783696407,replicas_status,deployment=workload-edge,1.0
1783696417,replicas_status,deployment=workload-edge,1.0
1783696427,replicas_status,deployment=workload-edge,1.0
1783696437,replicas_status,deployment=workload-edge,1.0
1783696447,replicas_status,deployment=workload-edge,1.0
1783696457,replicas_status,deployment=workload-edge,1.0
1783696467,replicas_status,deployment=workload-edge,1.0
1783696477,replicas_status,deployment=workload-edge,1.0
1783696487,replicas_status,deployment=workload-edge,1.0
1783696497,replicas_status,deployment=workload-edge,1.0
1783696507,replicas_status,deployment=workload-edge,1.0
1783696517,replicas_status,deployment=workload-edge,1.0
1783696527,replicas_status,deployment=workload-edge,1.0
1783696537,replicas_status,deployment=workload-edge,1.0
1783696547,replicas_status,deployment=workload-edge,1.0
1783696557,replicas_status,deployment=workload-edge,1.0
1783696567,replicas_status,deployment=workload-edge,1.0
1783696577,replicas_status,deployment=workload-edge,1.0
1783696587,replicas_status,deployment=workload-edge,1.0
1783696597,replicas_status,deployment=workload-edge,1.0
1783696607,replicas_status,deployment=workload-edge,1.0
1783696617,replicas_status,deployment=workload-edge,1.0
1783696627,replicas_status,deployment=workload-edge,1.0
1783696637,replicas_status,deployment=workload-edge,1.0
1783696647,replicas_status,deployment=workload-edge,1.0
1783696657,replicas_status,deployment=workload-edge,1.0
1783696667,replicas_status,deployment=workload-edge,1.0
1783696677,replicas_status,deployment=workload-edge,1.0
1783696687,replicas_status,deployment=workload-edge,1.0
1783696697,replicas_status,deployment=workload-edge,1.0
1783696707,replicas_status,deployment=workload-edge,1.0
1783696717,replicas_status,deployment=workload-edge,1.0
1783696727,replicas_status,deployment=workload-edge,1.0
1783696737,replicas_status,deployment=workload-edge,1.0
1783696747,replicas_status,deployment=workload-edge,1.0
1783696757,replicas_status,deployment=workload-edge,1.0
1783696767,replicas_status,deployment=workload-edge,1.0
1783696777,replicas_status,deployment=workload-edge,1.0
1783696787,replicas_status,deployment=workload-edge,1.0
1783696797,replicas_status,deployment=workload-edge,1.0
1783696807,replicas_status,deployment=workload-edge,1.0
1783696817,replicas_status,deployment=workload-edge,1.0
1783696827,replicas_status,deployment=workload-edge,1.0
1783696837,replicas_status,deployment=workload-edge,1.0
1783696847,replicas_status,deployment=workload-edge,1.0
1783696857,replicas_status,deployment=workload-edge,1.0
1783696867,replicas_status,deployment=workload-edge,1.0
1783696877,replicas_status,deployment=workload-edge,1.0
1783696887,replicas_status,deployment=workload-edge,1.0
1783696897,replicas_status,deployment=workload-edge,1.0
1783696907,replicas_status,deployment=workload-edge,1.0
1783696917,replicas_status,deployment=workload-edge,1.0
1783696927,replicas_status,deployment=workload-edge,1.0
1783696937,replicas_status,deployment=workload-edge,1.0
1783696947,replicas_status,deployment=workload-edge,1.0
1783696957,replicas_status,deployment=workload-edge,1.0
1783696967,replicas_status,deployment=workload-edge,1.0
1783696977,replicas_status,deployment=workload-edge,1.0
1783696987,replicas_status,deployment=workload-edge,1.0
1783696997,replicas_status,deployment=workload-edge,1.0
1783697007,replicas_status,deployment=workload-edge,1.0
1783697017,replicas_status,deployment=workload-edge,1.0
1783697027,replicas_status,deployment=workload-edge,1.0
1783696397,replicas_spec,deployment=workload-cloud,1.0
1783696407,replicas_spec,deployment=workload-cloud,1.0
1783696417,replicas_spec,deployment=workload-cloud,1.0
1783696427,replicas_spec,deployment=workload-cloud,1.0
1783696437,replicas_spec,deployment=workload-cloud,1.0
1783696447,replicas_spec,deployment=workload-cloud,1.0
1783696457,replicas_spec,deployment=workload-cloud,1.0
1783696467,replicas_spec,deployment=workload-cloud,1.0
1783696477,replicas_spec,deployment=workload-cloud,1.0
1783696487,replicas_spec,deployment=workload-cloud,1.0
1783696497,replicas_spec,deployment=workload-cloud,1.0
1783696507,replicas_spec,deployment=workload-cloud,1.0
1783696517,replicas_spec,deployment=workload-cloud,1.0
1783696527,replicas_spec,deployment=workload-cloud,2.0
1783696537,replicas_spec,deployment=workload-cloud,2.0
1783696547,replicas_spec,deployment=workload-cloud,2.0
1783696557,replicas_spec,deployment=workload-cloud,2.0
1783696567,replicas_spec,deployment=workload-cloud,2.0
1783696577,replicas_spec,deployment=workload-cloud,2.0
1783696587,replicas_spec,deployment=workload-cloud,2.0
1783696597,replicas_spec,deployment=workload-cloud,3.0
1783696607,replicas_spec,deployment=workload-cloud,3.0
1783696617,replicas_spec,deployment=workload-cloud,3.0
1783696627,replicas_spec,deployment=workload-cloud,4.0
1783696637,replicas_spec,deployment=workload-cloud,4.0
1783696647,replicas_spec,deployment=workload-cloud,4.0
1783696657,replicas_spec,deployment=workload-cloud,5.0
1783696667,replicas_spec,deployment=workload-cloud,5.0
1783696677,replicas_spec,deployment=workload-cloud,5.0
1783696687,replicas_spec,deployment=workload-cloud,6.0
1783696697,replicas_spec,deployment=workload-cloud,6.0
1783696707,replicas_spec,deployment=workload-cloud,6.0
1783696717,replicas_spec,deployment=workload-cloud,6.0
1783696727,replicas_spec,deployment=workload-cloud,6.0
1783696737,replicas_spec,deployment=workload-cloud,6.0
1783696747,replicas_spec,deployment=workload-cloud,6.0
1783696757,replicas_spec,deployment=workload-cloud,6.0
1783696767,replicas_spec,deployment=workload-cloud,6.0
1783696777,replicas_spec,deployment=workload-cloud,6.0
1783696787,replicas_spec,deployment=workload-cloud,6.0
1783696797,replicas_spec,deployment=workload-cloud,6.0
1783696807,replicas_spec,deployment=workload-cloud,6.0
1783696817,replicas_spec,deployment=workload-cloud,6.0
1783696827,replicas_spec,deployment=workload-cloud,6.0
1783696837,replicas_spec,deployment=workload-cloud,6.0
1783696847,replicas_spec,deployment=workload-cloud,6.0
1783696857,replicas_spec,deployment=workload-cloud,6.0
1783696867,replicas_spec,deployment=workload-cloud,6.0
1783696877,replicas_spec,deployment=workload-cloud,6.0
1783696887,replicas_spec,deployment=workload-cloud,6.0
1783696897,replicas_spec,deployment=workload-cloud,6.0
1783696907,replicas_spec,deployment=workload-cloud,6.0
1783696917,replicas_spec,deployment=workload-cloud,6.0
1783696927,replicas_spec,deployment=workload-cloud,6.0
1783696937,replicas_spec,deployment=workload-cloud,6.0
1783696947,replicas_spec,deployment=workload-cloud,6.0
1783696957,replicas_spec,deployment=workload-cloud,5.0
1783696967,replicas_spec,deployment=workload-cloud,5.0
1783696977,replicas_spec,deployment=workload-cloud,5.0
1783696987,replicas_spec,deployment=workload-cloud,5.0
1783696997,replicas_spec,deployment=workload-cloud,5.0
1783697007,replicas_spec,deployment=workload-cloud,5.0
1783697017,replicas_spec,deployment=workload-cloud,4.0
1783697027,replicas_spec,deployment=workload-cloud,4.0
1783696397,replicas_spec,deployment=workload-edge,1.0
1783696407,replicas_spec,deployment=workload-edge,1.0
1783696417,replicas_spec,deployment=workload-edge,1.0
1783696427,replicas_spec,deployment=workload-edge,1.0
1783696437,replicas_spec,deployment=workload-edge,1.0
1783696447,replicas_spec,deployment=workload-edge,1.0
1783696457,replicas_spec,deployment=workload-edge,1.0
1783696467,replicas_spec,deployment=workload-edge,1.0
1783696477,replicas_spec,deployment=workload-edge,1.0
1783696487,replicas_spec,deployment=workload-edge,1.0
1783696497,replicas_spec,deployment=workload-edge,1.0
1783696507,replicas_spec,deployment=workload-edge,1.0
1783696517,replicas_spec,deployment=workload-edge,1.0
1783696527,replicas_spec,deployment=workload-edge,1.0
1783696537,replicas_spec,deployment=workload-edge,1.0
1783696547,replicas_spec,deployment=workload-edge,1.0
1783696557,replicas_spec,deployment=workload-edge,1.0
1783696567,replicas_spec,deployment=workload-edge,1.0
1783696577,replicas_spec,deployment=workload-edge,1.0
1783696587,replicas_spec,deployment=workload-edge,1.0
1783696597,replicas_spec,deployment=workload-edge,1.0
1783696607,replicas_spec,deployment=workload-edge,1.0
1783696617,replicas_spec,deployment=workload-edge,1.0
1783696627,replicas_spec,deployment=workload-edge,1.0
1783696637,replicas_spec,deployment=workload-edge,1.0
1783696647,replicas_spec,deployment=workload-edge,1.0
1783696657,replicas_spec,deployment=workload-edge,1.0
1783696667,replicas_spec,deployment=workload-edge,1.0
1783696677,replicas_spec,deployment=workload-edge,1.0
1783696687,replicas_spec,deployment=workload-edge,1.0
1783696697,replicas_spec,deployment=workload-edge,1.0
1783696707,replicas_spec,deployment=workload-edge,1.0
1783696717,replicas_spec,deployment=workload-edge,1.0
1783696727,replicas_spec,deployment=workload-edge,1.0
1783696737,replicas_spec,deployment=workload-edge,1.0
1783696747,replicas_spec,deployment=workload-edge,1.0
1783696757,replicas_spec,deployment=workload-edge,1.0
1783696767,replicas_spec,deployment=workload-edge,1.0
1783696777,replicas_spec,deployment=workload-edge,1.0
1783696787,replicas_spec,deployment=workload-edge,1.0
1783696797,replicas_spec,deployment=workload-edge,1.0
1783696807,replicas_spec,deployment=workload-edge,1.0
1783696817,replicas_spec,deployment=workload-edge,1.0
1783696827,replicas_spec,deployment=workload-edge,1.0
1783696837,replicas_spec,deployment=workload-edge,1.0
1783696847,replicas_spec,deployment=workload-edge,1.0
1783696857,replicas_spec,deployment=workload-edge,1.0
1783696867,replicas_spec,deployment=workload-edge,1.0
1783696877,replicas_spec,deployment=workload-edge,1.0
1783696887,replicas_spec,deployment=workload-edge,1.0
1783696897,replicas_spec,deployment=workload-edge,1.0
1783696907,replicas_spec,deployment=workload-edge,1.0
1783696917,replicas_spec,deployment=workload-edge,1.0
1783696927,replicas_spec,deployment=workload-edge,1.0
1783696937,replicas_spec,deployment=workload-edge,1.0
1783696947,replicas_spec,deployment=workload-edge,1.0
1783696957,replicas_spec,deployment=workload-edge,1.0
1783696967,replicas_spec,deployment=workload-edge,1.0
1783696977,replicas_spec,deployment=workload-edge,1.0
1783696987,replicas_spec,deployment=workload-edge,1.0
1783696997,replicas_spec,deployment=workload-edge,1.0
1783697007,replicas_spec,deployment=workload-edge,1.0
1783697017,replicas_spec,deployment=workload-edge,1.0
1783697027,replicas_spec,deployment=workload-edge,1.0
1783696637,cpu_cores,pod=workload-cloud-6f545f89ff-2d5hb,0.01440945281781296
1783696647,cpu_cores,pod=workload-cloud-6f545f89ff-2d5hb,0.022723843079929307
1783696657,cpu_cores,pod=workload-cloud-6f545f89ff-2d5hb,0.01708146690414177
1783696667,cpu_cores,pod=workload-cloud-6f545f89ff-2d5hb,0.014061689628360772
1783696677,cpu_cores,pod=workload-cloud-6f545f89ff-2d5hb,0.013663223511658823
1783696687,cpu_cores,pod=workload-cloud-6f545f89ff-2d5hb,0.002189213483146067
1783696697,cpu_cores,pod=workload-cloud-6f545f89ff-2d5hb,0.002219294155804667
1783696707,cpu_cores,pod=workload-cloud-6f545f89ff-2d5hb,0.002219294155804667
1783696717,cpu_cores,pod=workload-cloud-6f545f89ff-2d5hb,0.0022029291126920494
1783696727,cpu_cores,pod=workload-cloud-6f545f89ff-2d5hb,0.002333469563835343
1783696737,cpu_cores,pod=workload-cloud-6f545f89ff-2d5hb,0.0018158127908614067
1783696747,cpu_cores,pod=workload-cloud-6f545f89ff-2d5hb,0.00232286936318513
1783696757,cpu_cores,pod=workload-cloud-6f545f89ff-2d5hb,0.0022777138473341
1783696767,cpu_cores,pod=workload-cloud-6f545f89ff-2d5hb,0.002236365848994279
1783696777,cpu_cores,pod=workload-cloud-6f545f89ff-2d5hb,0.002163663764986389
1783696787,cpu_cores,pod=workload-cloud-6f545f89ff-2d5hb,0.0022274112713511294
1783696797,cpu_cores,pod=workload-cloud-6f545f89ff-2d5hb,0.002247259403717163
1783696807,cpu_cores,pod=workload-cloud-6f545f89ff-2d5hb,0.002284752713114077
1783696817,cpu_cores,pod=workload-cloud-6f545f89ff-2d5hb,0.002377628312575588
1783696827,cpu_cores,pod=workload-cloud-6f545f89ff-2d5hb,0.0019668256240859797
1783696837,cpu_cores,pod=workload-cloud-6f545f89ff-2d5hb,0.0020272015432098787
1783696847,cpu_cores,pod=workload-cloud-6f545f89ff-2d5hb,0.0022064653420366745
1783696857,cpu_cores,pod=workload-cloud-6f545f89ff-2d5hb,0.0018168587242665486
1783696867,cpu_cores,pod=workload-cloud-6f545f89ff-2d5hb,0.0021830164652264263
1783696877,cpu_cores,pod=workload-cloud-6f545f89ff-2d5hb,0.002142101841820149
1783696887,cpu_cores,pod=workload-cloud-6f545f89ff-2d5hb,0.002274952602654256
1783696897,cpu_cores,pod=workload-cloud-6f545f89ff-2d5hb,0.0019355612709021667
1783696907,cpu_cores,pod=workload-cloud-6f545f89ff-2d5hb,0.0021642526748586652
1783696917,cpu_cores,pod=workload-cloud-6f545f89ff-2d5hb,0.00223242804294866
1783696927,cpu_cores,pod=workload-cloud-6f545f89ff-2d5hb,0.002284660397550037
1783696937,cpu_cores,pod=workload-cloud-6f545f89ff-2d5hb,0.0021740686171332325
1783696947,cpu_cores,pod=workload-cloud-6f545f89ff-2d5hb,0.0021919671163390655
1783696957,cpu_cores,pod=workload-cloud-6f545f89ff-2d5hb,0.0021919671163390655
1783696967,cpu_cores,pod=workload-cloud-6f545f89ff-2d5hb,0.0021252336448598103
1783696977,cpu_cores,pod=workload-cloud-6f545f89ff-2d5hb,0.002291294885745377
1783696987,cpu_cores,pod=workload-cloud-6f545f89ff-2d5hb,0.0022912948857453765
1783696997,cpu_cores,pod=workload-cloud-6f545f89ff-2d5hb,0.002441198052164632
1783697007,cpu_cores,pod=workload-cloud-6f545f89ff-2d5hb,0.0025234475571629996
1783697017,cpu_cores,pod=workload-cloud-6f545f89ff-2d5hb,0.0023893070644078604
1783697027,cpu_cores,pod=workload-cloud-6f545f89ff-2d5hb,0.0019190688935204418
1783696677,cpu_cores,pod=workload-cloud-6f545f89ff-c7p7h,0.02732729342495531
1783696687,cpu_cores,pod=workload-cloud-6f545f89ff-c7p7h,0.023752001183475722
1783696697,cpu_cores,pod=workload-cloud-6f545f89ff-c7p7h,0.019818217925258428
1783696707,cpu_cores,pod=workload-cloud-6f545f89ff-c7p7h,0.019414978005336408
1783696717,cpu_cores,pod=workload-cloud-6f545f89ff-c7p7h,0.002298387096774192
1783696727,cpu_cores,pod=workload-cloud-6f545f89ff-c7p7h,0.0023226320660930384
1783696737,cpu_cores,pod=workload-cloud-6f545f89ff-c7p7h,0.0023081469682044
1783696747,cpu_cores,pod=workload-cloud-6f545f89ff-c7p7h,0.0023160871181730994
1783696757,cpu_cores,pod=workload-cloud-6f545f89ff-c7p7h,0.0023557082992641037
1783696767,cpu_cores,pod=workload-cloud-6f545f89ff-c7p7h,0.0023162371200246687
1783696777,cpu_cores,pod=workload-cloud-6f545f89ff-c7p7h,0.0023162371200246687
1783696787,cpu_cores,pod=workload-cloud-6f545f89ff-c7p7h,0.0018945747550497434
1783696797,cpu_cores,pod=workload-cloud-6f545f89ff-c7p7h,0.0022843602857606747
1783696807,cpu_cores,pod=workload-cloud-6f545f89ff-c7p7h,0.0018928997256612212
1783696817,cpu_cores,pod=workload-cloud-6f545f89ff-c7p7h,0.002272490451906304
1783696827,cpu_cores,pod=workload-cloud-6f545f89ff-c7p7h,0.002264315485732607
1783696837,cpu_cores,pod=workload-cloud-6f545f89ff-c7p7h,0.0023232848866754775
1783696847,cpu_cores,pod=workload-cloud-6f545f89ff-c7p7h,0.0023370791712911607
1783696857,cpu_cores,pod=workload-cloud-6f545f89ff-c7p7h,0.0023370180581351154
1783696867,cpu_cores,pod=workload-cloud-6f545f89ff-c7p7h,0.002288955616360471
1783696877,cpu_cores,pod=workload-cloud-6f545f89ff-c7p7h,0.0022247563811165954
1783696887,cpu_cores,pod=workload-cloud-6f545f89ff-c7p7h,0.002234770265803341
1783696897,cpu_cores,pod=workload-cloud-6f545f89ff-c7p7h,0.0021943497572564827
1783696907,cpu_cores,pod=workload-cloud-6f545f89ff-c7p7h,0.002166518276102701
1783696917,cpu_cores,pod=workload-cloud-6f545f89ff-c7p7h,0.0022173802242609606
1783696927,cpu_cores,pod=workload-cloud-6f545f89ff-c7p7h,0.0022383073022096264
1783696937,cpu_cores,pod=workload-cloud-6f545f89ff-c7p7h,0.0022383073022096264
1783696947,cpu_cores,pod=workload-cloud-6f545f89ff-c7p7h,0.0023213129062636356
1783696957,cpu_cores,pod=workload-cloud-6f545f89ff-c7p7h,0.002338905112670528
1783696967,cpu_cores,pod=workload-cloud-6f545f89ff-c7p7h,0.002338905112670528
1783696977,cpu_cores,pod=workload-cloud-6f545f89ff-c7p7h,0.0024849175139075395
1783696987,cpu_cores,pod=workload-cloud-6f545f89ff-c7p7h,0.0025462846277995214
1783696997,cpu_cores,pod=workload-cloud-6f545f89ff-c7p7h,0.0025462846277995214
1783697007,cpu_cores,pod=workload-cloud-6f545f89ff-c7p7h,0.002668995468277947
1783697017,cpu_cores,pod=workload-cloud-6f545f89ff-c7p7h,0.002628253213846019
1783697027,cpu_cores,pod=workload-cloud-6f545f89ff-c7p7h,0.0019607973591347643
1783696397,cpu_cores,pod=workload-cloud-6f545f89ff-cbxvc,0.0009812141927495633
1783696397,cpu_cores,pod=workload-cloud-6f545f89ff-gn55b,0.0006020845405900448
1783696397,cpu_cores,pod=workload-cloud-6f545f89ff-lpf5f,0.001090364184228375
1783696697,cpu_cores,pod=workload-cloud-6f545f89ff-mlbzh,0.01649654481367769
1783696707,cpu_cores,pod=workload-cloud-6f545f89ff-mlbzh,0.017212508333333335
1783696717,cpu_cores,pod=workload-cloud-6f545f89ff-mlbzh,0.014892738396773577
1783696727,cpu_cores,pod=workload-cloud-6f545f89ff-mlbzh,0.0139434923259054
1783696737,cpu_cores,pod=workload-cloud-6f545f89ff-mlbzh,0.013443109147086296
1783696747,cpu_cores,pod=workload-cloud-6f545f89ff-mlbzh,0.0022279678880566907
1783696757,cpu_cores,pod=workload-cloud-6f545f89ff-mlbzh,0.002312882267545636
1783696767,cpu_cores,pod=workload-cloud-6f545f89ff-mlbzh,0.0022975748553769634
1783696777,cpu_cores,pod=workload-cloud-6f545f89ff-mlbzh,0.0022726989140395013
1783696787,cpu_cores,pod=workload-cloud-6f545f89ff-mlbzh,0.0023504318241298074
1783696797,cpu_cores,pod=workload-cloud-6f545f89ff-mlbzh,0.001921996271080853
1783696807,cpu_cores,pod=workload-cloud-6f545f89ff-mlbzh,0.0023540886946703736
1783696817,cpu_cores,pod=workload-cloud-6f545f89ff-mlbzh,0.002377247736761606
1783696827,cpu_cores,pod=workload-cloud-6f545f89ff-mlbzh,0.0023609551954620295
1783696837,cpu_cores,pod=workload-cloud-6f545f89ff-mlbzh,0.00207878503433653
1783696847,cpu_cores,pod=workload-cloud-6f545f89ff-mlbzh,0.0023546199315565663
1783696857,cpu_cores,pod=workload-cloud-6f545f89ff-mlbzh,0.002318700325330478
1783696867,cpu_cores,pod=workload-cloud-6f545f89ff-mlbzh,0.0018649439073918734
1783696877,cpu_cores,pod=workload-cloud-6f545f89ff-mlbzh,0.002347406822195368
1783696887,cpu_cores,pod=workload-cloud-6f545f89ff-mlbzh,0.0023698582786035264
1783696897,cpu_cores,pod=workload-cloud-6f545f89ff-mlbzh,0.0023698582786035264
1783696907,cpu_cores,pod=workload-cloud-6f545f89ff-mlbzh,0.0023275725698014707
1783696917,cpu_cores,pod=workload-cloud-6f545f89ff-mlbzh,0.0023202815972876286
1783696927,cpu_cores,pod=workload-cloud-6f545f89ff-mlbzh,0.001972458495400895
1783696937,cpu_cores,pod=workload-cloud-6f545f89ff-mlbzh,0.0022456981599596228
1783696947,cpu_cores,pod=workload-cloud-6f545f89ff-mlbzh,0.0022170003048470675
1783696957,cpu_cores,pod=workload-cloud-6f545f89ff-mlbzh,0.0018010787309893975
1783696967,cpu_cores,pod=workload-cloud-6f545f89ff-mlbzh,0.0014247223999622456
1783696977,cpu_cores,pod=workload-cloud-6f545f89ff-mlbzh,0.0009952066558491677
1783696987,cpu_cores,pod=workload-cloud-6f545f89ff-mlbzh,0.0006343041678256804
1783696537,cpu_cores,pod=workload-cloud-6f545f89ff-qs9mn,0.03116411623422832
1783696547,cpu_cores,pod=workload-cloud-6f545f89ff-qs9mn,0.03811906933243728
1783696557,cpu_cores,pod=workload-cloud-6f545f89ff-qs9mn,0.05740206249110408
1783696567,cpu_cores,pod=workload-cloud-6f545f89ff-qs9mn,0.07106508489656188
1783696577,cpu_cores,pod=workload-cloud-6f545f89ff-qs9mn,0.09727542321717501
1783696587,cpu_cores,pod=workload-cloud-6f545f89ff-qs9mn,0.07965965470107142
1783696597,cpu_cores,pod=workload-cloud-6f545f89ff-qs9mn,0.14670871434153968
1783696607,cpu_cores,pod=workload-cloud-6f545f89ff-qs9mn,0.27208327886825073
1783696617,cpu_cores,pod=workload-cloud-6f545f89ff-qs9mn,0.3232535268270121
1783696627,cpu_cores,pod=workload-cloud-6f545f89ff-qs9mn,0.423284645031559
1783696637,cpu_cores,pod=workload-cloud-6f545f89ff-qs9mn,0.5622718370456685
1783696647,cpu_cores,pod=workload-cloud-6f545f89ff-qs9mn,0.5622718370456685
1783696657,cpu_cores,pod=workload-cloud-6f545f89ff-qs9mn,0.5994584778320008
1783696667,cpu_cores,pod=workload-cloud-6f545f89ff-qs9mn,0.5970410373129184
1783696677,cpu_cores,pod=workload-cloud-6f545f89ff-qs9mn,0.5970410373129184
1783696687,cpu_cores,pod=workload-cloud-6f545f89ff-qs9mn,0.5993400897926844
1783696697,cpu_cores,pod=workload-cloud-6f545f89ff-qs9mn,0.6051939789511721
1783696707,cpu_cores,pod=workload-cloud-6f545f89ff-qs9mn,0.6051939789511722
1783696717,cpu_cores,pod=workload-cloud-6f545f89ff-qs9mn,0.6005072629483758
1783696727,cpu_cores,pod=workload-cloud-6f545f89ff-qs9mn,0.6008805433016021
1783696737,cpu_cores,pod=workload-cloud-6f545f89ff-qs9mn,0.6022264056707072
1783696747,cpu_cores,pod=workload-cloud-6f545f89ff-qs9mn,0.5959699782906762
1783696757,cpu_cores,pod=workload-cloud-6f545f89ff-qs9mn,0.5424353759860825
1783696767,cpu_cores,pod=workload-cloud-6f545f89ff-qs9mn,0.4628961651917404
1783696777,cpu_cores,pod=workload-cloud-6f545f89ff-qs9mn,0.27265215162783246
1783696787,cpu_cores,pod=workload-cloud-6f545f89ff-qs9mn,0.25613686756363846
1783696797,cpu_cores,pod=workload-cloud-6f545f89ff-qs9mn,0.17528483577251264
1783696807,cpu_cores,pod=workload-cloud-6f545f89ff-qs9mn,0.14300418565571807
1783696817,cpu_cores,pod=workload-cloud-6f545f89ff-qs9mn,0.14739580508648664
1783696827,cpu_cores,pod=workload-cloud-6f545f89ff-qs9mn,0.14632964307320037
1783696837,cpu_cores,pod=workload-cloud-6f545f89ff-qs9mn,0.1231508357643142
1783696847,cpu_cores,pod=workload-cloud-6f545f89ff-qs9mn,0.1471323686922782
1783696857,cpu_cores,pod=workload-cloud-6f545f89ff-qs9mn,0.14520487058035517
1783696867,cpu_cores,pod=workload-cloud-6f545f89ff-qs9mn,0.14487750761625562
1783696877,cpu_cores,pod=workload-cloud-6f545f89ff-qs9mn,0.12179281324624235
1783696887,cpu_cores,pod=workload-cloud-6f545f89ff-qs9mn,0.14379179531305347
1783696897,cpu_cores,pod=workload-cloud-6f545f89ff-qs9mn,0.143895609105629
1783696907,cpu_cores,pod=workload-cloud-6f545f89ff-qs9mn,0.14267013001653386
1783696917,cpu_cores,pod=workload-cloud-6f545f89ff-qs9mn,0.14318063131864145
1783696927,cpu_cores,pod=workload-cloud-6f545f89ff-qs9mn,0.1444709962506696
1783696937,cpu_cores,pod=workload-cloud-6f545f89ff-qs9mn,0.14454309793044592
1783696947,cpu_cores,pod=workload-cloud-6f545f89ff-qs9mn,0.14464255830617392
1783696957,cpu_cores,pod=workload-cloud-6f545f89ff-qs9mn,0.12375711312977695
1783696967,cpu_cores,pod=workload-cloud-6f545f89ff-qs9mn,0.09275698825888926
1783696977,cpu_cores,pod=workload-cloud-6f545f89ff-qs9mn,0.03645618035084717
1783696987,cpu_cores,pod=workload-cloud-6f545f89ff-qs9mn,0.034185322131020386
1783696997,cpu_cores,pod=workload-cloud-6f545f89ff-qs9mn,0.002215707445017773
1783697007,cpu_cores,pod=workload-cloud-6f545f89ff-qs9mn,0.0025666162685214194
1783697017,cpu_cores,pod=workload-cloud-6f545f89ff-qs9mn,0.002549266286568686
1783697027,cpu_cores,pod=workload-cloud-6f545f89ff-qs9mn,0.002483435922262729
1783696397,cpu_cores,pod=workload-cloud-6f545f89ff-r28zz,0.002657152963543808
1783696407,cpu_cores,pod=workload-cloud-6f545f89ff-r28zz,0.006689983299699868
1783696417,cpu_cores,pod=workload-cloud-6f545f89ff-r28zz,0.018270233845704163
1783696427,cpu_cores,pod=workload-cloud-6f545f89ff-r28zz,0.038341327588310055
1783696437,cpu_cores,pod=workload-cloud-6f545f89ff-r28zz,0.038341327588310055
1783696447,cpu_cores,pod=workload-cloud-6f545f89ff-r28zz,0.07792874934715405
1783696457,cpu_cores,pod=workload-cloud-6f545f89ff-r28zz,0.0841635002221139
1783696467,cpu_cores,pod=workload-cloud-6f545f89ff-r28zz,0.13012503675389536
1783696477,cpu_cores,pod=workload-cloud-6f545f89ff-r28zz,0.15976302633280107
1783696487,cpu_cores,pod=workload-cloud-6f545f89ff-r28zz,0.17857428865500086
1783696497,cpu_cores,pod=workload-cloud-6f545f89ff-r28zz,0.1973754801463718
1783696507,cpu_cores,pod=workload-cloud-6f545f89ff-r28zz,0.22428586984825927
1783696517,cpu_cores,pod=workload-cloud-6f545f89ff-r28zz,0.18612549814249335
1783696527,cpu_cores,pod=workload-cloud-6f545f89ff-r28zz,0.26503094084507123
1783696537,cpu_cores,pod=workload-cloud-6f545f89ff-r28zz,0.2830214530768227
1783696547,cpu_cores,pod=workload-cloud-6f545f89ff-r28zz,0.2830214530768227
1783696557,cpu_cores,pod=workload-cloud-6f545f89ff-r28zz,0.29655294164796375
1783696567,cpu_cores,pod=workload-cloud-6f545f89ff-r28zz,0.29630468896529844
1783696577,cpu_cores,pod=workload-cloud-6f545f89ff-r28zz,0.2951104612881969
1783696587,cpu_cores,pod=workload-cloud-6f545f89ff-r28zz,0.313486175843274
1783696597,cpu_cores,pod=workload-cloud-6f545f89ff-r28zz,0.32084527673011226
1783696607,cpu_cores,pod=workload-cloud-6f545f89ff-r28zz,0.38433409706311344
1783696617,cpu_cores,pod=workload-cloud-6f545f89ff-r28zz,0.5392434984554048
1783696627,cpu_cores,pod=workload-cloud-6f545f89ff-r28zz,0.5392434984554048
1783696637,cpu_cores,pod=workload-cloud-6f545f89ff-r28zz,0.6456329189549397
1783696647,cpu_cores,pod=workload-cloud-6f545f89ff-r28zz,0.6935440277354805
1783696657,cpu_cores,pod=workload-cloud-6f545f89ff-r28zz,0.6914132036335013
1783696667,cpu_cores,pod=workload-cloud-6f545f89ff-r28zz,0.6921215744119231
1783696677,cpu_cores,pod=workload-cloud-6f545f89ff-r28zz,0.6953218064919414
1783696687,cpu_cores,pod=workload-cloud-6f545f89ff-r28zz,0.6953218064919414
1783696697,cpu_cores,pod=workload-cloud-6f545f89ff-r28zz,0.7085895233148211
1783696707,cpu_cores,pod=workload-cloud-6f545f89ff-r28zz,0.7172342812135053
1783696717,cpu_cores,pod=workload-cloud-6f545f89ff-r28zz,0.7149394000171907
1783696727,cpu_cores,pod=workload-cloud-6f545f89ff-r28zz,0.7075632548248597
1783696737,cpu_cores,pod=workload-cloud-6f545f89ff-r28zz,0.6960419076083418
1783696747,cpu_cores,pod=workload-cloud-6f545f89ff-r28zz,0.6960419076083418
1783696757,cpu_cores,pod=workload-cloud-6f545f89ff-r28zz,0.6543628032700417
1783696767,cpu_cores,pod=workload-cloud-6f545f89ff-r28zz,0.6543628032700417
1783696777,cpu_cores,pod=workload-cloud-6f545f89ff-r28zz,0.5356088375392722
1783696787,cpu_cores,pod=workload-cloud-6f545f89ff-r28zz,0.4352252999294291
1783696797,cpu_cores,pod=workload-cloud-6f545f89ff-r28zz,0.3005207977224966
1783696807,cpu_cores,pod=workload-cloud-6f545f89ff-r28zz,0.35267067216713344
1783696817,cpu_cores,pod=workload-cloud-6f545f89ff-r28zz,0.2930613458592615
1783696827,cpu_cores,pod=workload-cloud-6f545f89ff-r28zz,0.33477000999274975
1783696837,cpu_cores,pod=workload-cloud-6f545f89ff-r28zz,0.33602738236456975
1783696847,cpu_cores,pod=workload-cloud-6f545f89ff-r28zz,0.3363394949936514
1783696857,cpu_cores,pod=workload-cloud-6f545f89ff-r28zz,0.3297673965206971
1783696867,cpu_cores,pod=workload-cloud-6f545f89ff-r28zz,0.33587571952738676
1783696877,cpu_cores,pod=workload-cloud-6f545f89ff-r28zz,0.33456307438697763
1783696887,cpu_cores,pod=workload-cloud-6f545f89ff-r28zz,0.32843275735966393
1783696897,cpu_cores,pod=workload-cloud-6f545f89ff-r28zz,0.32843275735966393
1783696907,cpu_cores,pod=workload-cloud-6f545f89ff-r28zz,0.32944379314570466
1783696917,cpu_cores,pod=workload-cloud-6f545f89ff-r28zz,0.3237533204071745
1783696927,cpu_cores,pod=workload-cloud-6f545f89ff-r28zz,0.32375332040717447
1783696937,cpu_cores,pod=workload-cloud-6f545f89ff-r28zz,0.32304100076916425
1783696947,cpu_cores,pod=workload-cloud-6f545f89ff-r28zz,0.3216685517580528
1783696957,cpu_cores,pod=workload-cloud-6f545f89ff-r28zz,0.3216685517580528
1783696967,cpu_cores,pod=workload-cloud-6f545f89ff-r28zz,0.2988150133493395
1783696977,cpu_cores,pod=workload-cloud-6f545f89ff-r28zz,0.20982018053021945
1783696987,cpu_cores,pod=workload-cloud-6f545f89ff-r28zz,0.1626591466315355
1783696997,cpu_cores,pod=workload-cloud-6f545f89ff-r28zz,0.10553642628599365
1783697007,cpu_cores,pod=workload-cloud-6f545f89ff-r28zz,0.019146526632384666
1783697017,cpu_cores,pod=workload-cloud-6f545f89ff-r28zz,0.016464523729557184
1783697027,cpu_cores,pod=workload-cloud-6f545f89ff-r28zz,0.002562798197559802
1783696607,cpu_cores,pod=workload-cloud-6f545f89ff-ts5c9,0.05348691863709911
1783696617,cpu_cores,pod=workload-cloud-6f545f89ff-ts5c9,0.08611613822173461
1783696627,cpu_cores,pod=workload-cloud-6f545f89ff-ts5c9,0.16643966400665386
1783696637,cpu_cores,pod=workload-cloud-6f545f89ff-ts5c9,0.21227328730122394
1783696647,cpu_cores,pod=workload-cloud-6f545f89ff-ts5c9,0.27790657913827116
1783696657,cpu_cores,pod=workload-cloud-6f545f89ff-ts5c9,0.3444956312339495
1783696667,cpu_cores,pod=workload-cloud-6f545f89ff-ts5c9,0.2942737684057428
1783696677,cpu_cores,pod=workload-cloud-6f545f89ff-ts5c9,0.34630487312020075
1783696687,cpu_cores,pod=workload-cloud-6f545f89ff-ts5c9,0.3477343252103345
1783696697,cpu_cores,pod=workload-cloud-6f545f89ff-ts5c9,0.34662979466042854
1783696707,cpu_cores,pod=workload-cloud-6f545f89ff-ts5c9,0.34246738425130735
1783696717,cpu_cores,pod=workload-cloud-6f545f89ff-ts5c9,0.29732081316013953
1783696727,cpu_cores,pod=workload-cloud-6f545f89ff-ts5c9,0.3414915672474465
1783696737,cpu_cores,pod=workload-cloud-6f545f89ff-ts5c9,0.3394856118216385
1783696747,cpu_cores,pod=workload-cloud-6f545f89ff-ts5c9,0.28081257320644215
1783696757,cpu_cores,pod=workload-cloud-6f545f89ff-ts5c9,0.2622268812719288
1783696767,cpu_cores,pod=workload-cloud-6f545f89ff-ts5c9,0.1681094247798711
1783696777,cpu_cores,pod=workload-cloud-6f545f89ff-ts5c9,0.11412811965956586
1783696787,cpu_cores,pod=workload-cloud-6f545f89ff-ts5c9,0.06571800340422033
1783696797,cpu_cores,pod=workload-cloud-6f545f89ff-ts5c9,0.002482977279640654
1783696807,cpu_cores,pod=workload-cloud-6f545f89ff-ts5c9,0.0024490542745029173
1783696817,cpu_cores,pod=workload-cloud-6f545f89ff-ts5c9,0.0024490542745029173
1783696827,cpu_cores,pod=workload-cloud-6f545f89ff-ts5c9,0.002466086349455747
1783696837,cpu_cores,pod=workload-cloud-6f545f89ff-ts5c9,0.002337998294373571
1783696847,cpu_cores,pod=workload-cloud-6f545f89ff-ts5c9,0.0023379982943735706
1783696857,cpu_cores,pod=workload-cloud-6f545f89ff-ts5c9,0.0023261172611727054
1783696867,cpu_cores,pod=workload-cloud-6f545f89ff-ts5c9,0.002006845004594962
1783696877,cpu_cores,pod=workload-cloud-6f545f89ff-ts5c9,0.0022682904360963783
1783696887,cpu_cores,pod=workload-cloud-6f545f89ff-ts5c9,0.0023097139850775427
1783696897,cpu_cores,pod=workload-cloud-6f545f89ff-ts5c9,0.002322873204247184
1783696907,cpu_cores,pod=workload-cloud-6f545f89ff-ts5c9,0.002303380593106822
1783696917,cpu_cores,pod=workload-cloud-6f545f89ff-ts5c9,0.002301471758154358
1783696927,cpu_cores,pod=workload-cloud-6f545f89ff-ts5c9,0.002363344865412186
1783696937,cpu_cores,pod=workload-cloud-6f545f89ff-ts5c9,0.0016531333333334587
1783696947,cpu_cores,pod=workload-cloud-6f545f89ff-ts5c9,0.002292853797120345
1783696957,cpu_cores,pod=workload-cloud-6f545f89ff-ts5c9,0.0019120200810508483
1783696967,cpu_cores,pod=workload-cloud-6f545f89ff-ts5c9,0.0023950716282699217
1783696977,cpu_cores,pod=workload-cloud-6f545f89ff-ts5c9,0.002468450531658836
1783696987,cpu_cores,pod=workload-cloud-6f545f89ff-ts5c9,0.0025570708568041288
1783696997,cpu_cores,pod=workload-cloud-6f545f89ff-ts5c9,0.0025048588370653307
1783697007,cpu_cores,pod=workload-cloud-6f545f89ff-ts5c9,0.002491114357816453
1783697017,cpu_cores,pod=workload-cloud-6f545f89ff-ts5c9,0.002489062946046152
1783697027,cpu_cores,pod=workload-cloud-6f545f89ff-ts5c9,0.0024562556303321945
1783696397,cpu_cores,pod=workload-cloud-6f545f89ff-wtjqh,0.0009834954851672669
1783696397,cpu_cores,pod=workload-edge-7b875fd8c6-pxwvc,0.0025293867724080583
1783696407,cpu_cores,pod=workload-edge-7b875fd8c6-pxwvc,0.002504160516800495
1783696417,cpu_cores,pod=workload-edge-7b875fd8c6-pxwvc,0.0025961306185831134
1783696427,cpu_cores,pod=workload-edge-7b875fd8c6-pxwvc,0.002587027523261132
1783696437,cpu_cores,pod=workload-edge-7b875fd8c6-pxwvc,0.002609287894460345
1783696447,cpu_cores,pod=workload-edge-7b875fd8c6-pxwvc,0.002671391842125411
1783696457,cpu_cores,pod=workload-edge-7b875fd8c6-pxwvc,0.0022764042966684846
1783696467,cpu_cores,pod=workload-edge-7b875fd8c6-pxwvc,0.002552597582358537
1783696477,cpu_cores,pod=workload-edge-7b875fd8c6-pxwvc,0.002626759835436882
1783696487,cpu_cores,pod=workload-edge-7b875fd8c6-pxwvc,0.0026170015270799377
1783696497,cpu_cores,pod=workload-edge-7b875fd8c6-pxwvc,0.0026064327727615055
1783696507,cpu_cores,pod=workload-edge-7b875fd8c6-pxwvc,0.0027338454698126666
1783696517,cpu_cores,pod=workload-edge-7b875fd8c6-pxwvc,0.0027189106762340524
1783696527,cpu_cores,pod=workload-edge-7b875fd8c6-pxwvc,0.002679012823242417
1783696537,cpu_cores,pod=workload-edge-7b875fd8c6-pxwvc,0.0027179487179480343
1783696547,cpu_cores,pod=workload-edge-7b875fd8c6-pxwvc,0.002748898678414071
1783696557,cpu_cores,pod=workload-edge-7b875fd8c6-pxwvc,0.002694572906575597
1783696567,cpu_cores,pod=workload-edge-7b875fd8c6-pxwvc,0.002702406902812879
1783696577,cpu_cores,pod=workload-edge-7b875fd8c6-pxwvc,0.0027203344361967766
1783696587,cpu_cores,pod=workload-edge-7b875fd8c6-pxwvc,0.002270492411019612
1783696597,cpu_cores,pod=workload-edge-7b875fd8c6-pxwvc,0.002695835316514051
1783696607,cpu_cores,pod=workload-edge-7b875fd8c6-pxwvc,0.0027316352106949446
1783696617,cpu_cores,pod=workload-edge-7b875fd8c6-pxwvc,0.0027057238896715406
1783696627,cpu_cores,pod=workload-edge-7b875fd8c6-pxwvc,0.002718782348656831
1783696637,cpu_cores,pod=workload-edge-7b875fd8c6-pxwvc,0.0027701006307284466
1783696647,cpu_cores,pod=workload-edge-7b875fd8c6-pxwvc,0.002078977777778669
1783696657,cpu_cores,pod=workload-edge-7b875fd8c6-pxwvc,0.0027051639258388127
1783696667,cpu_cores,pod=workload-edge-7b875fd8c6-pxwvc,0.0027444579690884176
1783696677,cpu_cores,pod=workload-edge-7b875fd8c6-pxwvc,0.002737972410970435
1783696687,cpu_cores,pod=workload-edge-7b875fd8c6-pxwvc,0.002744378048524434
1783696697,cpu_cores,pod=workload-edge-7b875fd8c6-pxwvc,0.002848365867262909
1783696707,cpu_cores,pod=workload-edge-7b875fd8c6-pxwvc,0.0028483658672629093
1783696717,cpu_cores,pod=workload-edge-7b875fd8c6-pxwvc,0.002852117388393927
1783696727,cpu_cores,pod=workload-edge-7b875fd8c6-pxwvc,0.002400784139422239
1783696737,cpu_cores,pod=workload-edge-7b875fd8c6-pxwvc,0.0027917617978359304
1783696747,cpu_cores,pod=workload-edge-7b875fd8c6-pxwvc,0.002771236617609027
1783696757,cpu_cores,pod=workload-edge-7b875fd8c6-pxwvc,0.002760492485114209
1783696767,cpu_cores,pod=workload-edge-7b875fd8c6-pxwvc,0.002705251333894807
1783696777,cpu_cores,pod=workload-edge-7b875fd8c6-pxwvc,0.002691175017291185
1783696787,cpu_cores,pod=workload-edge-7b875fd8c6-pxwvc,0.002676350684461002
1783696797,cpu_cores,pod=workload-edge-7b875fd8c6-pxwvc,0.0026778293135427734
1783696807,cpu_cores,pod=workload-edge-7b875fd8c6-pxwvc,0.0026778293135427734
1783696817,cpu_cores,pod=workload-edge-7b875fd8c6-pxwvc,0.0027504009664844247
1783696827,cpu_cores,pod=workload-edge-7b875fd8c6-pxwvc,0.0023117756306687927
1783696837,cpu_cores,pod=workload-edge-7b875fd8c6-pxwvc,0.0027444257112726484
1783696847,cpu_cores,pod=workload-edge-7b875fd8c6-pxwvc,0.0027361836562784098
1783696857,cpu_cores,pod=workload-edge-7b875fd8c6-pxwvc,0.0027197383462534697
1783696867,cpu_cores,pod=workload-edge-7b875fd8c6-pxwvc,0.0026993120777734237
1783696877,cpu_cores,pod=workload-edge-7b875fd8c6-pxwvc,0.002668070712874285
1783696887,cpu_cores,pod=workload-edge-7b875fd8c6-pxwvc,0.002668070712874285
1783696897,cpu_cores,pod=workload-edge-7b875fd8c6-pxwvc,0.002652025641574854
1783696907,cpu_cores,pod=workload-edge-7b875fd8c6-pxwvc,0.002677176623658849
1783696917,cpu_cores,pod=workload-edge-7b875fd8c6-pxwvc,0.002641259579793876
1783696927,cpu_cores,pod=workload-edge-7b875fd8c6-pxwvc,0.0026378939030138634
1783696937,cpu_cores,pod=workload-edge-7b875fd8c6-pxwvc,0.0026805194251383335
1783696947,cpu_cores,pod=workload-edge-7b875fd8c6-pxwvc,0.0026805194251383335
1783696957,cpu_cores,pod=workload-edge-7b875fd8c6-pxwvc,0.0026304071672122
1783696967,cpu_cores,pod=workload-edge-7b875fd8c6-pxwvc,0.0026681993983676193
1783696977,cpu_cores,pod=workload-edge-7b875fd8c6-pxwvc,0.0021378232484896087
1783696987,cpu_cores,pod=workload-edge-7b875fd8c6-pxwvc,0.0026789100269990216
1783696997,cpu_cores,pod=workload-edge-7b875fd8c6-pxwvc,0.002720816648469085
1783697007,cpu_cores,pod=workload-edge-7b875fd8c6-pxwvc,0.0026957630721283587
1783697017,cpu_cores,pod=workload-edge-7b875fd8c6-pxwvc,0.002692231253847409
1783697027,cpu_cores,pod=workload-edge-7b875fd8c6-pxwvc,0.0026421346469558855
1783696637,cpu_utilisation,pod=workload-cloud-6f545f89ff-2d5hb,0.0720472640890648
1783696647,cpu_utilisation,pod=workload-cloud-6f545f89ff-2d5hb,0.11361921539964653
1783696657,cpu_utilisation,pod=workload-cloud-6f545f89ff-2d5hb,0.08540733452070884
1783696667,cpu_utilisation,pod=workload-cloud-6f545f89ff-2d5hb,0.07030844814180386
1783696677,cpu_utilisation,pod=workload-cloud-6f545f89ff-2d5hb,0.06831611755829411
1783696687,cpu_utilisation,pod=workload-cloud-6f545f89ff-2d5hb,0.010946067415730336
1783696697,cpu_utilisation,pod=workload-cloud-6f545f89ff-2d5hb,0.011096470779023334
1783696707,cpu_utilisation,pod=workload-cloud-6f545f89ff-2d5hb,0.011096470779023334
1783696717,cpu_utilisation,pod=workload-cloud-6f545f89ff-2d5hb,0.011014645563460247
1783696727,cpu_utilisation,pod=workload-cloud-6f545f89ff-2d5hb,0.011667347819176714
1783696737,cpu_utilisation,pod=workload-cloud-6f545f89ff-2d5hb,0.009079063954307033
1783696747,cpu_utilisation,pod=workload-cloud-6f545f89ff-2d5hb,0.01161434681592565
1783696757,cpu_utilisation,pod=workload-cloud-6f545f89ff-2d5hb,0.011388569236670499
1783696767,cpu_utilisation,pod=workload-cloud-6f545f89ff-2d5hb,0.011181829244971395
1783696777,cpu_utilisation,pod=workload-cloud-6f545f89ff-2d5hb,0.010818318824931944
1783696787,cpu_utilisation,pod=workload-cloud-6f545f89ff-2d5hb,0.011137056356755647
1783696797,cpu_utilisation,pod=workload-cloud-6f545f89ff-2d5hb,0.011236297018585814
1783696807,cpu_utilisation,pod=workload-cloud-6f545f89ff-2d5hb,0.011423763565570384
1783696817,cpu_utilisation,pod=workload-cloud-6f545f89ff-2d5hb,0.011888141562877938
1783696827,cpu_utilisation,pod=workload-cloud-6f545f89ff-2d5hb,0.009834128120429898
1783696837,cpu_utilisation,pod=workload-cloud-6f545f89ff-2d5hb,0.010136007716049392
1783696847,cpu_utilisation,pod=workload-cloud-6f545f89ff-2d5hb,0.011032326710183372
1783696857,cpu_utilisation,pod=workload-cloud-6f545f89ff-2d5hb,0.009084293621332742
1783696867,cpu_utilisation,pod=workload-cloud-6f545f89ff-2d5hb,0.010915082326132131
1783696877,cpu_utilisation,pod=workload-cloud-6f545f89ff-2d5hb,0.010710509209100745
1783696887,cpu_utilisation,pod=workload-cloud-6f545f89ff-2d5hb,0.01137476301327128
1783696897,cpu_utilisation,pod=workload-cloud-6f545f89ff-2d5hb,0.009677806354510833
1783696907,cpu_utilisation,pod=workload-cloud-6f545f89ff-2d5hb,0.010821263374293325
1783696917,cpu_utilisation,pod=workload-cloud-6f545f89ff-2d5hb,0.0111621402147433
1783696927,cpu_utilisation,pod=workload-cloud-6f545f89ff-2d5hb,0.011423301987750186
1783696937,cpu_utilisation,pod=workload-cloud-6f545f89ff-2d5hb,0.010870343085666161
1783696947,cpu_utilisation,pod=workload-cloud-6f545f89ff-2d5hb,0.010959835581695327
1783696957,cpu_utilisation,pod=workload-cloud-6f545f89ff-2d5hb,0.010959835581695327
1783696967,cpu_utilisation,pod=workload-cloud-6f545f89ff-2d5hb,0.010626168224299052
1783696977,cpu_utilisation,pod=workload-cloud-6f545f89ff-2d5hb,0.011456474428726883
1783696987,cpu_utilisation,pod=workload-cloud-6f545f89ff-2d5hb,0.011456474428726882
1783696997,cpu_utilisation,pod=workload-cloud-6f545f89ff-2d5hb,0.012205990260823158
1783697007,cpu_utilisation,pod=workload-cloud-6f545f89ff-2d5hb,0.012617237785814998
1783697017,cpu_utilisation,pod=workload-cloud-6f545f89ff-2d5hb,0.011946535322039301
1783697027,cpu_utilisation,pod=workload-cloud-6f545f89ff-2d5hb,0.009595344467602209
1783696677,cpu_utilisation,pod=workload-cloud-6f545f89ff-c7p7h,0.13663646712477653
1783696687,cpu_utilisation,pod=workload-cloud-6f545f89ff-c7p7h,0.1187600059173786
1783696697,cpu_utilisation,pod=workload-cloud-6f545f89ff-c7p7h,0.09909108962629214
1783696707,cpu_utilisation,pod=workload-cloud-6f545f89ff-c7p7h,0.09707489002668203
1783696717,cpu_utilisation,pod=workload-cloud-6f545f89ff-c7p7h,0.011491935483870959
1783696727,cpu_utilisation,pod=workload-cloud-6f545f89ff-c7p7h,0.01161316033046519
1783696737,cpu_utilisation,pod=workload-cloud-6f545f89ff-c7p7h,0.011540734841021999
1783696747,cpu_utilisation,pod=workload-cloud-6f545f89ff-c7p7h,0.011580435590865497
1783696757,cpu_utilisation,pod=workload-cloud-6f545f89ff-c7p7h,0.011778541496320518
1783696767,cpu_utilisation,pod=workload-cloud-6f545f89ff-c7p7h,0.011581185600123342
1783696777,cpu_utilisation,pod=workload-cloud-6f545f89ff-c7p7h,0.011581185600123342
1783696787,cpu_utilisation,pod=workload-cloud-6f545f89ff-c7p7h,0.009472873775248717
1783696797,cpu_utilisation,pod=workload-cloud-6f545f89ff-c7p7h,0.011421801428803374
1783696807,cpu_utilisation,pod=workload-cloud-6f545f89ff-c7p7h,0.009464498628306105
1783696817,cpu_utilisation,pod=workload-cloud-6f545f89ff-c7p7h,0.011362452259531518
1783696827,cpu_utilisation,pod=workload-cloud-6f545f89ff-c7p7h,0.011321577428663035
1783696837,cpu_utilisation,pod=workload-cloud-6f545f89ff-c7p7h,0.011616424433377386
1783696847,cpu_utilisation,pod=workload-cloud-6f545f89ff-c7p7h,0.011685395856455803
1783696857,cpu_utilisation,pod=workload-cloud-6f545f89ff-c7p7h,0.011685090290675576
1783696867,cpu_utilisation,pod=workload-cloud-6f545f89ff-c7p7h,0.011444778081802354
1783696877,cpu_utilisation,pod=workload-cloud-6f545f89ff-c7p7h,0.011123781905582976
1783696887,cpu_utilisation,pod=workload-cloud-6f545f89ff-c7p7h,0.011173851329016705
1783696897,cpu_utilisation,pod=workload-cloud-6f545f89ff-c7p7h,0.010971748786282412
1783696907,cpu_utilisation,pod=workload-cloud-6f545f89ff-c7p7h,0.010832591380513505
1783696917,cpu_utilisation,pod=workload-cloud-6f545f89ff-c7p7h,0.011086901121304803
1783696927,cpu_utilisation,pod=workload-cloud-6f545f89ff-c7p7h,0.011191536511048131
1783696937,cpu_utilisation,pod=workload-cloud-6f545f89ff-c7p7h,0.011191536511048131
1783696947,cpu_utilisation,pod=workload-cloud-6f545f89ff-c7p7h,0.011606564531318177
1783696957,cpu_utilisation,pod=workload-cloud-6f545f89ff-c7p7h,0.01169452556335264
1783696967,cpu_utilisation,pod=workload-cloud-6f545f89ff-c7p7h,0.01169452556335264
1783696977,cpu_utilisation,pod=workload-cloud-6f545f89ff-c7p7h,0.012424587569537697
1783696987,cpu_utilisation,pod=workload-cloud-6f545f89ff-c7p7h,0.012731423138997605
1783696997,cpu_utilisation,pod=workload-cloud-6f545f89ff-c7p7h,0.012731423138997605
1783697007,cpu_utilisation,pod=workload-cloud-6f545f89ff-c7p7h,0.013344977341389735
1783696697,cpu_utilisation,pod=workload-cloud-6f545f89ff-mlbzh,0.08248272406838844
1783696707,cpu_utilisation,pod=workload-cloud-6f545f89ff-mlbzh,0.08606254166666667
1783696717,cpu_utilisation,pod=workload-cloud-6f545f89ff-mlbzh,0.07446369198386787
1783696727,cpu_utilisation,pod=workload-cloud-6f545f89ff-mlbzh,0.069717461629527
1783696737,cpu_utilisation,pod=workload-cloud-6f545f89ff-mlbzh,0.06721554573543148
1783696747,cpu_utilisation,pod=workload-cloud-6f545f89ff-mlbzh,0.011139839440283452
1783696757,cpu_utilisation,pod=workload-cloud-6f545f89ff-mlbzh,0.011564411337728179
1783696767,cpu_utilisation,pod=workload-cloud-6f545f89ff-mlbzh,0.011487874276884816
1783696777,cpu_utilisation,pod=workload-cloud-6f545f89ff-mlbzh,0.011363494570197506
1783696787,cpu_utilisation,pod=workload-cloud-6f545f89ff-mlbzh,0.011752159120649036
1783696797,cpu_utilisation,pod=workload-cloud-6f545f89ff-mlbzh,0.009609981355404263
1783696807,cpu_utilisation,pod=workload-cloud-6f545f89ff-mlbzh,0.011770443473351867
1783696817,cpu_utilisation,pod=workload-cloud-6f545f89ff-mlbzh,0.01188623868380803
1783696827,cpu_utilisation,pod=workload-cloud-6f545f89ff-mlbzh,0.011804775977310146
1783696837,cpu_utilisation,pod=workload-cloud-6f545f89ff-mlbzh,0.010393925171682649
1783696847,cpu_utilisation,pod=workload-cloud-6f545f89ff-mlbzh,0.01177309965778283
1783696857,cpu_utilisation,pod=workload-cloud-6f545f89ff-mlbzh,0.01159350162665239
1783696867,cpu_utilisation,pod=workload-cloud-6f545f89ff-mlbzh,0.009324719536959366
1783696877,cpu_utilisation,pod=workload-cloud-6f545f89ff-mlbzh,0.01173703411097684
1783696887,cpu_utilisation,pod=workload-cloud-6f545f89ff-mlbzh,0.011849291393017632
1783696897,cpu_utilisation,pod=workload-cloud-6f545f89ff-mlbzh,0.011849291393017632
1783696907,cpu_utilisation,pod=workload-cloud-6f545f89ff-mlbzh,0.011637862849007353
1783696917,cpu_utilisation,pod=workload-cloud-6f545f89ff-mlbzh,0.011601407986438142
1783696927,cpu_utilisation,pod=workload-cloud-6f545f89ff-mlbzh,0.009862292477004474
1783696937,cpu_utilisation,pod=workload-cloud-6f545f89ff-mlbzh,0.011228490799798114
1783696947,cpu_utilisation,pod=workload-cloud-6f545f89ff-mlbzh,0.011085001524235336
1783696537,cpu_utilisation,pod=workload-cloud-6f545f89ff-qs9mn,0.1558205811711416
1783696547,cpu_utilisation,pod=workload-cloud-6f545f89ff-qs9mn,0.1905953466621864
1783696557,cpu_utilisation,pod=workload-cloud-6f545f89ff-qs9mn,0.2870103124555204
1783696567,cpu_utilisation,pod=workload-cloud-6f545f89ff-qs9mn,0.3553254244828094
1783696577,cpu_utilisation,pod=workload-cloud-6f545f89ff-qs9mn,0.486377116085875
1783696587,cpu_utilisation,pod=workload-cloud-6f545f89ff-qs9mn,0.39829827350535707
1783696597,cpu_utilisation,pod=workload-cloud-6f545f89ff-qs9mn,0.7335435717076983
1783696607,cpu_utilisation,pod=workload-cloud-6f545f89ff-qs9mn,1.3604163943412535
1783696617,cpu_utilisation,pod=workload-cloud-6f545f89ff-qs9mn,1.6162676341350604
1783696627,cpu_utilisation,pod=workload-cloud-6f545f89ff-qs9mn,2.116423225157795
1783696637,cpu_utilisation,pod=workload-cloud-6f545f89ff-qs9mn,2.8113591852283424
1783696647,cpu_utilisation,pod=workload-cloud-6f545f89ff-qs9mn,2.8113591852283424
1783696657,cpu_utilisation,pod=workload-cloud-6f545f89ff-qs9mn,2.9972923891600036
1783696667,cpu_utilisation,pod=workload-cloud-6f545f89ff-qs9mn,2.9852051865645914
1783696677,cpu_utilisation,pod=workload-cloud-6f545f89ff-qs9mn,2.9852051865645914
1783696687,cpu_utilisation,pod=workload-cloud-6f545f89ff-qs9mn,2.9967004489634217
1783696697,cpu_utilisation,pod=workload-cloud-6f545f89ff-qs9mn,3.0259698947558604
1783696707,cpu_utilisation,pod=workload-cloud-6f545f89ff-qs9mn,3.025969894755861
1783696717,cpu_utilisation,pod=workload-cloud-6f545f89ff-qs9mn,3.0025363147418784
1783696727,cpu_utilisation,pod=workload-cloud-6f545f89ff-qs9mn,3.0044027165080105
1783696737,cpu_utilisation,pod=workload-cloud-6f545f89ff-qs9mn,3.011132028353536
1783696747,cpu_utilisation,pod=workload-cloud-6f545f89ff-qs9mn,2.979849891453381
1783696757,cpu_utilisation,pod=workload-cloud-6f545f89ff-qs9mn,2.7121768799304125
1783696767,cpu_utilisation,pod=workload-cloud-6f545f89ff-qs9mn,2.314480825958702
1783696777,cpu_utilisation,pod=workload-cloud-6f545f89ff-qs9mn,1.3632607581391623
1783696787,cpu_utilisation,pod=workload-cloud-6f545f89ff-qs9mn,1.2806843378181922
1783696797,cpu_utilisation,pod=workload-cloud-6f545f89ff-qs9mn,0.8764241788625632
1783696807,cpu_utilisation,pod=workload-cloud-6f545f89ff-qs9mn,0.7150209282785903
1783696817,cpu_utilisation,pod=workload-cloud-6f545f89ff-qs9mn,0.7369790254324332
1783696827,cpu_utilisation,pod=workload-cloud-6f545f89ff-qs9mn,0.7316482153660018
1783696837,cpu_utilisation,pod=workload-cloud-6f545f89ff-qs9mn,0.6157541788215709
1783696847,cpu_utilisation,pod=workload-cloud-6f545f89ff-qs9mn,0.735661843461391
1783696857,cpu_utilisation,pod=workload-cloud-6f545f89ff-qs9mn,0.7260243529017758
1783696867,cpu_utilisation,pod=workload-cloud-6f545f89ff-qs9mn,0.7243875380812781
1783696877,cpu_utilisation,pod=workload-cloud-6f545f89ff-qs9mn,0.6089640662312117
1783696887,cpu_utilisation,pod=workload-cloud-6f545f89ff-qs9mn,0.7189589765652673
1783696897,cpu_utilisation,pod=workload-cloud-6f545f89ff-qs9mn,0.719478045528145
1783696907,cpu_utilisation,pod=workload-cloud-6f545f89ff-qs9mn,0.7133506500826693
1783696917,cpu_utilisation,pod=workload-cloud-6f545f89ff-qs9mn,0.7159031565932072
1783696927,cpu_utilisation,pod=workload-cloud-6f545f89ff-qs9mn,0.7223549812533478
1783696937,cpu_utilisation,pod=workload-cloud-6f545f89ff-qs9mn,0.7227154896522295
1783696947,cpu_utilisation,pod=workload-cloud-6f545f89ff-qs9mn,0.7232127915308696
1783696957,cpu_utilisation,pod=workload-cloud-6f545f89ff-qs9mn,0.6187855656488848
1783696967,cpu_utilisation,pod=workload-cloud-6f545f89ff-qs9mn,0.46378494129444625
1783696977,cpu_utilisation,pod=workload-cloud-6f545f89ff-qs9mn,0.18228090175423584
1783696987,cpu_utilisation,pod=workload-cloud-6f545f89ff-qs9mn,0.17092661065510192
1783696997,cpu_utilisation,pod=workload-cloud-6f545f89ff-qs9mn,0.011078537225088864
1783697007,cpu_utilisation,pod=workload-cloud-6f545f89ff-qs9mn,0.012833081342607097
1783697017,cpu_utilisation,pod=workload-cloud-6f545f89ff-qs9mn,0.01274633143284343
1783697027,cpu_utilisation,pod=workload-cloud-6f545f89ff-qs9mn,0.012417179611313644
1783696397,cpu_utilisation,pod=workload-cloud-6f545f89ff-r28zz,0.013285764817719039
1783696407,cpu_utilisation,pod=workload-cloud-6f545f89ff-r28zz,0.03344991649849934
1783696417,cpu_utilisation,pod=workload-cloud-6f545f89ff-r28zz,0.09135116922852081
1783696427,cpu_utilisation,pod=workload-cloud-6f545f89ff-r28zz,0.19170663794155027
1783696437,cpu_utilisation,pod=workload-cloud-6f545f89ff-r28zz,0.19170663794155027
1783696447,cpu_utilisation,pod=workload-cloud-6f545f89ff-r28zz,0.38964374673577024
1783696457,cpu_utilisation,pod=workload-cloud-6f545f89ff-r28zz,0.4208175011105695
1783696467,cpu_utilisation,pod=workload-cloud-6f545f89ff-r28zz,0.6506251837694768
1783696477,cpu_utilisation,pod=workload-cloud-6f545f89ff-r28zz,0.7988151316640053
1783696487,cpu_utilisation,pod=workload-cloud-6f545f89ff-r28zz,0.8928714432750042
1783696497,cpu_utilisation,pod=workload-cloud-6f545f89ff-r28zz,0.9868774007318589
1783696507,cpu_utilisation,pod=workload-cloud-6f545f89ff-r28zz,1.1214293492412963
1783696517,cpu_utilisation,pod=workload-cloud-6f545f89ff-r28zz,0.9306274907124668
1783696527,cpu_utilisation,pod=workload-cloud-6f545f89ff-r28zz,1.325154704225356
1783696537,cpu_utilisation,pod=workload-cloud-6f545f89ff-r28zz,1.4151072653841135
1783696547,cpu_utilisation,pod=workload-cloud-6f545f89ff-r28zz,1.4151072653841135
1783696557,cpu_utilisation,pod=workload-cloud-6f545f89ff-r28zz,1.4827647082398188
1783696567,cpu_utilisation,pod=workload-cloud-6f545f89ff-r28zz,1.481523444826492
1783696577,cpu_utilisation,pod=workload-cloud-6f545f89ff-r28zz,1.4755523064409843
1783696587,cpu_utilisation,pod=workload-cloud-6f545f89ff-r28zz,1.5674308792163698
1783696597,cpu_utilisation,pod=workload-cloud-6f545f89ff-r28zz,1.6042263836505612
1783696607,cpu_utilisation,pod=workload-cloud-6f545f89ff-r28zz,1.921670485315567
1783696617,cpu_utilisation,pod=workload-cloud-6f545f89ff-r28zz,2.6962174922770235
1783696627,cpu_utilisation,pod=workload-cloud-6f545f89ff-r28zz,2.6962174922770235
1783696637,cpu_utilisation,pod=workload-cloud-6f545f89ff-r28zz,3.2281645947746984
1783696647,cpu_utilisation,pod=workload-cloud-6f545f89ff-r28zz,3.4677201386774024
1783696657,cpu_utilisation,pod=workload-cloud-6f545f89ff-r28zz,3.4570660181675064
1783696667,cpu_utilisation,pod=workload-cloud-6f545f89ff-r28zz,3.4606078720596156
1783696677,cpu_utilisation,pod=workload-cloud-6f545f89ff-r28zz,3.4766090324597068
1783696687,cpu_utilisation,pod=workload-cloud-6f545f89ff-r28zz,3.4766090324597068
1783696697,cpu_utilisation,pod=workload-cloud-6f545f89ff-r28zz,3.542947616574105
1783696707,cpu_utilisation,pod=workload-cloud-6f545f89ff-r28zz,3.5861714060675265
1783696717,cpu_utilisation,pod=workload-cloud-6f545f89ff-r28zz,3.5746970000859535
1783696727,cpu_utilisation,pod=workload-cloud-6f545f89ff-r28zz,3.537816274124298
1783696737,cpu_utilisation,pod=workload-cloud-6f545f89ff-r28zz,3.480209538041709
1783696747,cpu_utilisation,pod=workload-cloud-6f545f89ff-r28zz,3.480209538041709
1783696757,cpu_utilisation,pod=workload-cloud-6f545f89ff-r28zz,3.2718140163502083
1783696767,cpu_utilisation,pod=workload-cloud-6f545f89ff-r28zz,3.2718140163502083
1783696777,cpu_utilisation,pod=workload-cloud-6f545f89ff-r28zz,2.678044187696361
1783696787,cpu_utilisation,pod=workload-cloud-6f545f89ff-r28zz,2.1761264996471454
1783696797,cpu_utilisation,pod=workload-cloud-6f545f89ff-r28zz,1.5026039886124831
1783696807,cpu_utilisation,pod=workload-cloud-6f545f89ff-r28zz,1.763353360835667
1783696817,cpu_utilisation,pod=workload-cloud-6f545f89ff-r28zz,1.4653067292963076
1783696827,cpu_utilisation,pod=workload-cloud-6f545f89ff-r28zz,1.6738500499637488
1783696837,cpu_utilisation,pod=workload-cloud-6f545f89ff-r28zz,1.6801369118228486
1783696847,cpu_utilisation,pod=workload-cloud-6f545f89ff-r28zz,1.681697474968257
1783696857,cpu_utilisation,pod=workload-cloud-6f545f89ff-r28zz,1.6488369826034854
1783696867,cpu_utilisation,pod=workload-cloud-6f545f89ff-r28zz,1.6793785976369338
1783696877,cpu_utilisation,pod=workload-cloud-6f545f89ff-r28zz,1.6728153719348882
1783696887,cpu_utilisation,pod=workload-cloud-6f545f89ff-r28zz,1.6421637867983196
1783696897,cpu_utilisation,pod=workload-cloud-6f545f89ff-r28zz,1.6421637867983196
1783696907,cpu_utilisation,pod=workload-cloud-6f545f89ff-r28zz,1.6472189657285232
1783696917,cpu_utilisation,pod=workload-cloud-6f545f89ff-r28zz,1.6187666020358726
1783696927,cpu_utilisation,pod=workload-cloud-6f545f89ff-r28zz,1.6187666020358722
1783696937,cpu_utilisation,pod=workload-cloud-6f545f89ff-r28zz,1.6152050038458212
1783696947,cpu_utilisation,pod=workload-cloud-6f545f89ff-r28zz,1.608342758790264
1783696957,cpu_utilisation,pod=workload-cloud-6f545f89ff-r28zz,1.608342758790264
1783696967,cpu_utilisation,pod=workload-cloud-6f545f89ff-r28zz,1.4940750667466975
1783696977,cpu_utilisation,pod=workload-cloud-6f545f89ff-r28zz,1.0491009026510971
1783696987,cpu_utilisation,pod=workload-cloud-6f545f89ff-r28zz,0.8132957331576774
1783696997,cpu_utilisation,pod=workload-cloud-6f545f89ff-r28zz,0.5276821314299682
1783697007,cpu_utilisation,pod=workload-cloud-6f545f89ff-r28zz,0.09573263316192332
1783697017,cpu_utilisation,pod=workload-cloud-6f545f89ff-r28zz,0.08232261864778591
1783697027,cpu_utilisation,pod=workload-cloud-6f545f89ff-r28zz,0.01281399098779901
1783696607,cpu_utilisation,pod=workload-cloud-6f545f89ff-ts5c9,0.26743459318549556
1783696617,cpu_utilisation,pod=workload-cloud-6f545f89ff-ts5c9,0.43058069110867303
1783696627,cpu_utilisation,pod=workload-cloud-6f545f89ff-ts5c9,0.8321983200332692
1783696637,cpu_utilisation,pod=workload-cloud-6f545f89ff-ts5c9,1.0613664365061197
1783696647,cpu_utilisation,pod=workload-cloud-6f545f89ff-ts5c9,1.3895328956913557
1783696657,cpu_utilisation,pod=workload-cloud-6f545f89ff-ts5c9,1.7224781561697473
1783696667,cpu_utilisation,pod=workload-cloud-6f545f89ff-ts5c9,1.471368842028714
1783696677,cpu_utilisation,pod=workload-cloud-6f545f89ff-ts5c9,1.7315243656010038
1783696687,cpu_utilisation,pod=workload-cloud-6f545f89ff-ts5c9,1.7386716260516724
1783696697,cpu_utilisation,pod=workload-cloud-6f545f89ff-ts5c9,1.7331489733021426
1783696707,cpu_utilisation,pod=workload-cloud-6f545f89ff-ts5c9,1.7123369212565367
1783696717,cpu_utilisation,pod=workload-cloud-6f545f89ff-ts5c9,1.4866040658006976
1783696727,cpu_utilisation,pod=workload-cloud-6f545f89ff-ts5c9,1.7074578362372324
1783696737,cpu_utilisation,pod=workload-cloud-6f545f89ff-ts5c9,1.6974280591081925
1783696747,cpu_utilisation,pod=workload-cloud-6f545f89ff-ts5c9,1.4040628660322108
1783696757,cpu_utilisation,pod=workload-cloud-6f545f89ff-ts5c9,1.3111344063596437
1783696767,cpu_utilisation,pod=workload-cloud-6f545f89ff-ts5c9,0.8405471238993554
1783696777,cpu_utilisation,pod=workload-cloud-6f545f89ff-ts5c9,0.5706405982978293
1783696787,cpu_utilisation,pod=workload-cloud-6f545f89ff-ts5c9,0.32859001702110163
1783696797,cpu_utilisation,pod=workload-cloud-6f545f89ff-ts5c9,0.012414886398203269
1783696807,cpu_utilisation,pod=workload-cloud-6f545f89ff-ts5c9,0.012245271372514585
1783696817,cpu_utilisation,pod=workload-cloud-6f545f89ff-ts5c9,0.012245271372514585
1783696827,cpu_utilisation,pod=workload-cloud-6f545f89ff-ts5c9,0.012330431747278735
1783696837,cpu_utilisation,pod=workload-cloud-6f545f89ff-ts5c9,0.011689991471867854
1783696847,cpu_utilisation,pod=workload-cloud-6f545f89ff-ts5c9,0.011689991471867852
1783696857,cpu_utilisation,pod=workload-cloud-6f545f89ff-ts5c9,0.011630586305863526
1783696867,cpu_utilisation,pod=workload-cloud-6f545f89ff-ts5c9,0.01003422502297481
1783696877,cpu_utilisation,pod=workload-cloud-6f545f89ff-ts5c9,0.01134145218048189
1783696887,cpu_utilisation,pod=workload-cloud-6f545f89ff-ts5c9,0.011548569925387712
1783696897,cpu_utilisation,pod=workload-cloud-6f545f89ff-ts5c9,0.011614366021235919
1783696907,cpu_utilisation,pod=workload-cloud-6f545f89ff-ts5c9,0.01151690296553411
1783696917,cpu_utilisation,pod=workload-cloud-6f545f89ff-ts5c9,0.01150735879077179
1783696927,cpu_utilisation,pod=workload-cloud-6f545f89ff-ts5c9,0.011816724327060928
1783696937,cpu_utilisation,pod=workload-cloud-6f545f89ff-ts5c9,0.008265666666667292
1783696947,cpu_utilisation,pod=workload-cloud-6f545f89ff-ts5c9,0.011464268985601725
1783696957,cpu_utilisation,pod=workload-cloud-6f545f89ff-ts5c9,0.00956010040525424
1783696967,cpu_utilisation,pod=workload-cloud-6f545f89ff-ts5c9,0.011975358141349608
1783696977,cpu_utilisation,pod=workload-cloud-6f545f89ff-ts5c9,0.01234225265829418
1783696987,cpu_utilisation,pod=workload-cloud-6f545f89ff-ts5c9,0.012785354284020643
1783696997,cpu_utilisation,pod=workload-cloud-6f545f89ff-ts5c9,0.012524294185326653
1783697007,cpu_utilisation,pod=workload-cloud-6f545f89ff-ts5c9,0.012455571789082265
1783697017,cpu_utilisation,pod=workload-cloud-6f545f89ff-ts5c9,0.012445314730230759
1783697027,cpu_utilisation,pod=workload-cloud-6f545f89ff-ts5c9,0.012281278151660972
1783696397,cpu_utilisation,pod=workload-edge-7b875fd8c6-pxwvc,0.02529386772408058
1783696407,cpu_utilisation,pod=workload-edge-7b875fd8c6-pxwvc,0.025041605168004948
1783696417,cpu_utilisation,pod=workload-edge-7b875fd8c6-pxwvc,0.02596130618583113
1783696427,cpu_utilisation,pod=workload-edge-7b875fd8c6-pxwvc,0.025870275232611317
1783696437,cpu_utilisation,pod=workload-edge-7b875fd8c6-pxwvc,0.026092878944603447
1783696447,cpu_utilisation,pod=workload-edge-7b875fd8c6-pxwvc,0.026713918421254108
1783696457,cpu_utilisation,pod=workload-edge-7b875fd8c6-pxwvc,0.022764042966684845
1783696467,cpu_utilisation,pod=workload-edge-7b875fd8c6-pxwvc,0.02552597582358537
1783696477,cpu_utilisation,pod=workload-edge-7b875fd8c6-pxwvc,0.026267598354368822
1783696487,cpu_utilisation,pod=workload-edge-7b875fd8c6-pxwvc,0.026170015270799377
1783696497,cpu_utilisation,pod=workload-edge-7b875fd8c6-pxwvc,0.026064327727615053
1783696507,cpu_utilisation,pod=workload-edge-7b875fd8c6-pxwvc,0.027338454698126666
1783696517,cpu_utilisation,pod=workload-edge-7b875fd8c6-pxwvc,0.02718910676234052
1783696527,cpu_utilisation,pod=workload-edge-7b875fd8c6-pxwvc,0.02679012823242417
1783696537,cpu_utilisation,pod=workload-edge-7b875fd8c6-pxwvc,0.027179487179480342
1783696547,cpu_utilisation,pod=workload-edge-7b875fd8c6-pxwvc,0.02748898678414071
1783696557,cpu_utilisation,pod=workload-edge-7b875fd8c6-pxwvc,0.026945729065755968
1783696567,cpu_utilisation,pod=workload-edge-7b875fd8c6-pxwvc,0.027024069028128785
1783696577,cpu_utilisation,pod=workload-edge-7b875fd8c6-pxwvc,0.027203344361967766
1783696587,cpu_utilisation,pod=workload-edge-7b875fd8c6-pxwvc,0.022704924110196117
1783696597,cpu_utilisation,pod=workload-edge-7b875fd8c6-pxwvc,0.026958353165140506
1783696607,cpu_utilisation,pod=workload-edge-7b875fd8c6-pxwvc,0.027316352106949444
1783696617,cpu_utilisation,pod=workload-edge-7b875fd8c6-pxwvc,0.027057238896715404
1783696627,cpu_utilisation,pod=workload-edge-7b875fd8c6-pxwvc,0.02718782348656831
1783696637,cpu_utilisation,pod=workload-edge-7b875fd8c6-pxwvc,0.027701006307284465
1783696647,cpu_utilisation,pod=workload-edge-7b875fd8c6-pxwvc,0.020789777777786688
1783696657,cpu_utilisation,pod=workload-edge-7b875fd8c6-pxwvc,0.027051639258388126
1783696667,cpu_utilisation,pod=workload-edge-7b875fd8c6-pxwvc,0.027444579690884176
1783696677,cpu_utilisation,pod=workload-edge-7b875fd8c6-pxwvc,0.02737972410970435
1783696687,cpu_utilisation,pod=workload-edge-7b875fd8c6-pxwvc,0.02744378048524434
1783696697,cpu_utilisation,pod=workload-edge-7b875fd8c6-pxwvc,0.028483658672629086
1783696707,cpu_utilisation,pod=workload-edge-7b875fd8c6-pxwvc,0.028483658672629093
1783696717,cpu_utilisation,pod=workload-edge-7b875fd8c6-pxwvc,0.02852117388393927
1783696727,cpu_utilisation,pod=workload-edge-7b875fd8c6-pxwvc,0.02400784139422239
1783696737,cpu_utilisation,pod=workload-edge-7b875fd8c6-pxwvc,0.027917617978359302
1783696747,cpu_utilisation,pod=workload-edge-7b875fd8c6-pxwvc,0.02771236617609027
1783696757,cpu_utilisation,pod=workload-edge-7b875fd8c6-pxwvc,0.02760492485114209
1783696767,cpu_utilisation,pod=workload-edge-7b875fd8c6-pxwvc,0.027052513338948068
1783696777,cpu_utilisation,pod=workload-edge-7b875fd8c6-pxwvc,0.02691175017291185
1783696787,cpu_utilisation,pod=workload-edge-7b875fd8c6-pxwvc,0.026763506844610017
1783696797,cpu_utilisation,pod=workload-edge-7b875fd8c6-pxwvc,0.026778293135427733
1783696807,cpu_utilisation,pod=workload-edge-7b875fd8c6-pxwvc,0.026778293135427733
1783696817,cpu_utilisation,pod=workload-edge-7b875fd8c6-pxwvc,0.027504009664844245
1783696827,cpu_utilisation,pod=workload-edge-7b875fd8c6-pxwvc,0.023117756306687925
1783696837,cpu_utilisation,pod=workload-edge-7b875fd8c6-pxwvc,0.027444257112726484
1783696847,cpu_utilisation,pod=workload-edge-7b875fd8c6-pxwvc,0.027361836562784098
1783696857,cpu_utilisation,pod=workload-edge-7b875fd8c6-pxwvc,0.027197383462534697
1783696867,cpu_utilisation,pod=workload-edge-7b875fd8c6-pxwvc,0.026993120777734237
1783696877,cpu_utilisation,pod=workload-edge-7b875fd8c6-pxwvc,0.026680707128742848
1783696887,cpu_utilisation,pod=workload-edge-7b875fd8c6-pxwvc,0.026680707128742848
1783696897,cpu_utilisation,pod=workload-edge-7b875fd8c6-pxwvc,0.02652025641574854
1783696907,cpu_utilisation,pod=workload-edge-7b875fd8c6-pxwvc,0.026771766236588487
1783696917,cpu_utilisation,pod=workload-edge-7b875fd8c6-pxwvc,0.02641259579793876
1783696927,cpu_utilisation,pod=workload-edge-7b875fd8c6-pxwvc,0.02637893903013863
1783696937,cpu_utilisation,pod=workload-edge-7b875fd8c6-pxwvc,0.026805194251383335
1783696947,cpu_utilisation,pod=workload-edge-7b875fd8c6-pxwvc,0.026805194251383335
1783696957,cpu_utilisation,pod=workload-edge-7b875fd8c6-pxwvc,0.026304071672121995
1783696967,cpu_utilisation,pod=workload-edge-7b875fd8c6-pxwvc,0.02668199398367619
1783696977,cpu_utilisation,pod=workload-edge-7b875fd8c6-pxwvc,0.021378232484896086
1783696987,cpu_utilisation,pod=workload-edge-7b875fd8c6-pxwvc,0.026789100269990214
1783696997,cpu_utilisation,pod=workload-edge-7b875fd8c6-pxwvc,0.02720816648469085
1783697007,cpu_utilisation,pod=workload-edge-7b875fd8c6-pxwvc,0.026957630721283585
1783697017,cpu_utilisation,pod=workload-edge-7b875fd8c6-pxwvc,0.02692231253847409
1783697027,cpu_utilisation,pod=workload-edge-7b875fd8c6-pxwvc,0.026421346469558855
1783696627,mem_mib,pod=workload-cloud-6f545f89ff-2d5hb,2.8046875
1783696637,mem_mib,pod=workload-cloud-6f545f89ff-2d5hb,35.1328125
1783696647,mem_mib,pod=workload-cloud-6f545f89ff-2d5hb,35.1328125
1783696657,mem_mib,pod=workload-cloud-6f545f89ff-2d5hb,35.14453125
1783696667,mem_mib,pod=workload-cloud-6f545f89ff-2d5hb,35.171875
1783696677,mem_mib,pod=workload-cloud-6f545f89ff-2d5hb,35.17578125
1783696687,mem_mib,pod=workload-cloud-6f545f89ff-2d5hb,35.17578125
1783696697,mem_mib,pod=workload-cloud-6f545f89ff-2d5hb,35.18359375
1783696707,mem_mib,pod=workload-cloud-6f545f89ff-2d5hb,35.18359375
1783696717,mem_mib,pod=workload-cloud-6f545f89ff-2d5hb,35.1953125
1783696727,mem_mib,pod=workload-cloud-6f545f89ff-2d5hb,35.19921875
1783696737,mem_mib,pod=workload-cloud-6f545f89ff-2d5hb,35.19921875
1783696747,mem_mib,pod=workload-cloud-6f545f89ff-2d5hb,35.19921875
1783696757,mem_mib,pod=workload-cloud-6f545f89ff-2d5hb,35.203125
1783696767,mem_mib,pod=workload-cloud-6f545f89ff-2d5hb,35.2109375
1783696777,mem_mib,pod=workload-cloud-6f545f89ff-2d5hb,35.2109375
1783696787,mem_mib,pod=workload-cloud-6f545f89ff-2d5hb,35.2109375
1783696797,mem_mib,pod=workload-cloud-6f545f89ff-2d5hb,35.2109375
1783696807,mem_mib,pod=workload-cloud-6f545f89ff-2d5hb,35.2109375
1783696817,mem_mib,pod=workload-cloud-6f545f89ff-2d5hb,35.22265625
1783696827,mem_mib,pod=workload-cloud-6f545f89ff-2d5hb,35.22265625
1783696837,mem_mib,pod=workload-cloud-6f545f89ff-2d5hb,35.22265625
1783696847,mem_mib,pod=workload-cloud-6f545f89ff-2d5hb,35.22265625
1783696857,mem_mib,pod=workload-cloud-6f545f89ff-2d5hb,35.22265625
1783696867,mem_mib,pod=workload-cloud-6f545f89ff-2d5hb,35.22265625
1783696877,mem_mib,pod=workload-cloud-6f545f89ff-2d5hb,35.23828125
1783696887,mem_mib,pod=workload-cloud-6f545f89ff-2d5hb,35.23828125
1783696897,mem_mib,pod=workload-cloud-6f545f89ff-2d5hb,35.23828125
1783696907,mem_mib,pod=workload-cloud-6f545f89ff-2d5hb,35.23828125
1783696917,mem_mib,pod=workload-cloud-6f545f89ff-2d5hb,35.24609375
1783696927,mem_mib,pod=workload-cloud-6f545f89ff-2d5hb,35.24609375
1783696937,mem_mib,pod=workload-cloud-6f545f89ff-2d5hb,35.25
1783696947,mem_mib,pod=workload-cloud-6f545f89ff-2d5hb,35.24609375
1783696957,mem_mib,pod=workload-cloud-6f545f89ff-2d5hb,35.24609375
1783696967,mem_mib,pod=workload-cloud-6f545f89ff-2d5hb,35.25
1783696977,mem_mib,pod=workload-cloud-6f545f89ff-2d5hb,35.25
1783696987,mem_mib,pod=workload-cloud-6f545f89ff-2d5hb,35.25
1783696997,mem_mib,pod=workload-cloud-6f545f89ff-2d5hb,35.25
1783697007,mem_mib,pod=workload-cloud-6f545f89ff-2d5hb,35.25
1783697017,mem_mib,pod=workload-cloud-6f545f89ff-2d5hb,35.25
1783697027,mem_mib,pod=workload-cloud-6f545f89ff-2d5hb,35.25
1783696657,mem_mib,pod=workload-cloud-6f545f89ff-c7p7h,3.93359375
1783696667,mem_mib,pod=workload-cloud-6f545f89ff-c7p7h,3.93359375
1783696677,mem_mib,pod=workload-cloud-6f545f89ff-c7p7h,35.1484375
1783696687,mem_mib,pod=workload-cloud-6f545f89ff-c7p7h,35.16015625
1783696697,mem_mib,pod=workload-cloud-6f545f89ff-c7p7h,35.171875
1783696707,mem_mib,pod=workload-cloud-6f545f89ff-c7p7h,35.171875
1783696717,mem_mib,pod=workload-cloud-6f545f89ff-c7p7h,35.171875
1783696727,mem_mib,pod=workload-cloud-6f545f89ff-c7p7h,35.19140625
1783696737,mem_mib,pod=workload-cloud-6f545f89ff-c7p7h,35.19140625
1783696747,mem_mib,pod=workload-cloud-6f545f89ff-c7p7h,35.203125
1783696757,mem_mib,pod=workload-cloud-6f545f89ff-c7p7h,35.203125
1783696767,mem_mib,pod=workload-cloud-6f545f89ff-c7p7h,35.203125
1783696777,mem_mib,pod=workload-cloud-6f545f89ff-c7p7h,35.203125
1783696787,mem_mib,pod=workload-cloud-6f545f89ff-c7p7h,35.21484375
1783696797,mem_mib,pod=workload-cloud-6f545f89ff-c7p7h,35.22265625
1783696807,mem_mib,pod=workload-cloud-6f545f89ff-c7p7h,35.22265625
1783696817,mem_mib,pod=workload-cloud-6f545f89ff-c7p7h,35.22265625
1783696827,mem_mib,pod=workload-cloud-6f545f89ff-c7p7h,35.22265625
1783696837,mem_mib,pod=workload-cloud-6f545f89ff-c7p7h,35.2265625
1783696847,mem_mib,pod=workload-cloud-6f545f89ff-c7p7h,35.23046875
1783696857,mem_mib,pod=workload-cloud-6f545f89ff-c7p7h,35.23046875
1783696867,mem_mib,pod=workload-cloud-6f545f89ff-c7p7h,35.23046875
1783696877,mem_mib,pod=workload-cloud-6f545f89ff-c7p7h,35.23046875
1783696887,mem_mib,pod=workload-cloud-6f545f89ff-c7p7h,35.234375
1783696897,mem_mib,pod=workload-cloud-6f545f89ff-c7p7h,35.2421875
1783696907,mem_mib,pod=workload-cloud-6f545f89ff-c7p7h,35.2421875
1783696917,mem_mib,pod=workload-cloud-6f545f89ff-c7p7h,35.2421875
1783696927,mem_mib,pod=workload-cloud-6f545f89ff-c7p7h,35.2421875
1783696937,mem_mib,pod=workload-cloud-6f545f89ff-c7p7h,35.2421875
1783696947,mem_mib,pod=workload-cloud-6f545f89ff-c7p7h,35.25390625
1783696957,mem_mib,pod=workload-cloud-6f545f89ff-c7p7h,35.25390625
1783696967,mem_mib,pod=workload-cloud-6f545f89ff-c7p7h,35.25390625
1783696977,mem_mib,pod=workload-cloud-6f545f89ff-c7p7h,35.25390625
1783696987,mem_mib,pod=workload-cloud-6f545f89ff-c7p7h,35.2578125
1783696997,mem_mib,pod=workload-cloud-6f545f89ff-c7p7h,35.2578125
1783697007,mem_mib,pod=workload-cloud-6f545f89ff-c7p7h,35.2578125
1783697017,mem_mib,pod=workload-cloud-6f545f89ff-c7p7h,35.2578125
1783696687,mem_mib,pod=workload-cloud-6f545f89ff-mlbzh,3.3515625
1783696697,mem_mib,pod=workload-cloud-6f545f89ff-mlbzh,35.12890625
1783696707,mem_mib,pod=workload-cloud-6f545f89ff-mlbzh,35.12890625
1783696717,mem_mib,pod=workload-cloud-6f545f89ff-mlbzh,35.15234375
1783696727,mem_mib,pod=workload-cloud-6f545f89ff-mlbzh,35.171875
1783696737,mem_mib,pod=workload-cloud-6f545f89ff-mlbzh,35.171875
1783696747,mem_mib,pod=workload-cloud-6f545f89ff-mlbzh,35.171875
1783696757,mem_mib,pod=workload-cloud-6f545f89ff-mlbzh,35.1796875
1783696767,mem_mib,pod=workload-cloud-6f545f89ff-mlbzh,35.20703125
1783696777,mem_mib,pod=workload-cloud-6f545f89ff-mlbzh,35.20703125
1783696787,mem_mib,pod=workload-cloud-6f545f89ff-mlbzh,35.20703125
1783696797,mem_mib,pod=workload-cloud-6f545f89ff-mlbzh,35.20703125
1783696807,mem_mib,pod=workload-cloud-6f545f89ff-mlbzh,35.20703125
1783696817,mem_mib,pod=workload-cloud-6f545f89ff-mlbzh,35.21875
1783696827,mem_mib,pod=workload-cloud-6f545f89ff-mlbzh,35.22265625
1783696837,mem_mib,pod=workload-cloud-6f545f89ff-mlbzh,35.22265625
1783696847,mem_mib,pod=workload-cloud-6f545f89ff-mlbzh,35.21875
1783696857,mem_mib,pod=workload-cloud-6f545f89ff-mlbzh,35.21875
1783696867,mem_mib,pod=workload-cloud-6f545f89ff-mlbzh,35.21875
1783696877,mem_mib,pod=workload-cloud-6f545f89ff-mlbzh,35.2265625
1783696887,mem_mib,pod=workload-cloud-6f545f89ff-mlbzh,35.23046875
1783696897,mem_mib,pod=workload-cloud-6f545f89ff-mlbzh,35.23046875
1783696907,mem_mib,pod=workload-cloud-6f545f89ff-mlbzh,35.23828125
1783696917,mem_mib,pod=workload-cloud-6f545f89ff-mlbzh,35.23828125
1783696927,mem_mib,pod=workload-cloud-6f545f89ff-mlbzh,35.23828125
1783696937,mem_mib,pod=workload-cloud-6f545f89ff-mlbzh,35.2421875
1783696947,mem_mib,pod=workload-cloud-6f545f89ff-mlbzh,35.2421875
1783696957,mem_mib,pod=workload-cloud-6f545f89ff-mlbzh,35.2421875
1783696517,mem_mib,pod=workload-cloud-6f545f89ff-qs9mn,3.07421875
1783696527,mem_mib,pod=workload-cloud-6f545f89ff-qs9mn,3.07421875
1783696537,mem_mib,pod=workload-cloud-6f545f89ff-qs9mn,35.20703125
1783696547,mem_mib,pod=workload-cloud-6f545f89ff-qs9mn,35.36328125
1783696557,mem_mib,pod=workload-cloud-6f545f89ff-qs9mn,35.59375
1783696567,mem_mib,pod=workload-cloud-6f545f89ff-qs9mn,35.59375
1783696577,mem_mib,pod=workload-cloud-6f545f89ff-qs9mn,36.3515625
1783696587,mem_mib,pod=workload-cloud-6f545f89ff-qs9mn,36.3515625
1783696597,mem_mib,pod=workload-cloud-6f545f89ff-qs9mn,38.1640625
1783696607,mem_mib,pod=workload-cloud-6f545f89ff-qs9mn,38.66015625
1783696617,mem_mib,pod=workload-cloud-6f545f89ff-qs9mn,38.66015625
1783696627,mem_mib,pod=workload-cloud-6f545f89ff-qs9mn,39.62890625
1783696637,mem_mib,pod=workload-cloud-6f545f89ff-qs9mn,39.734375
1783696647,mem_mib,pod=workload-cloud-6f545f89ff-qs9mn,39.734375
1783696657,mem_mib,pod=workload-cloud-6f545f89ff-qs9mn,39.56640625
1783696667,mem_mib,pod=workload-cloud-6f545f89ff-qs9mn,40.69140625
1783696677,mem_mib,pod=workload-cloud-6f545f89ff-qs9mn,40.69140625
1783696687,mem_mib,pod=workload-cloud-6f545f89ff-qs9mn,40.19921875
1783696697,mem_mib,pod=workload-cloud-6f545f89ff-qs9mn,40.9375
1783696707,mem_mib,pod=workload-cloud-6f545f89ff-qs9mn,40.9375
1783696717,mem_mib,pod=workload-cloud-6f545f89ff-qs9mn,40.1875
1783696727,mem_mib,pod=workload-cloud-6f545f89ff-qs9mn,40.1875
1783696737,mem_mib,pod=workload-cloud-6f545f89ff-qs9mn,40.23046875
1783696747,mem_mib,pod=workload-cloud-6f545f89ff-qs9mn,40.23046875
1783696757,mem_mib,pod=workload-cloud-6f545f89ff-qs9mn,39.65234375
1783696767,mem_mib,pod=workload-cloud-6f545f89ff-qs9mn,39.08203125
1783696777,mem_mib,pod=workload-cloud-6f545f89ff-qs9mn,38.2890625
1783696787,mem_mib,pod=workload-cloud-6f545f89ff-qs9mn,38.2890625
1783696797,mem_mib,pod=workload-cloud-6f545f89ff-qs9mn,38.6015625
1783696807,mem_mib,pod=workload-cloud-6f545f89ff-qs9mn,38.6015625
1783696817,mem_mib,pod=workload-cloud-6f545f89ff-qs9mn,38.5703125
1783696827,mem_mib,pod=workload-cloud-6f545f89ff-qs9mn,38.59375
1783696837,mem_mib,pod=workload-cloud-6f545f89ff-qs9mn,38.59375
1783696847,mem_mib,pod=workload-cloud-6f545f89ff-qs9mn,38.5546875
1783696857,mem_mib,pod=workload-cloud-6f545f89ff-qs9mn,38.30078125
1783696867,mem_mib,pod=workload-cloud-6f545f89ff-qs9mn,38.3046875
1783696877,mem_mib,pod=workload-cloud-6f545f89ff-qs9mn,38.3046875
1783696887,mem_mib,pod=workload-cloud-6f545f89ff-qs9mn,38.875
1783696897,mem_mib,pod=workload-cloud-6f545f89ff-qs9mn,38.55859375
1783696907,mem_mib,pod=workload-cloud-6f545f89ff-qs9mn,38.59375
1783696917,mem_mib,pod=workload-cloud-6f545f89ff-qs9mn,38.3125
1783696927,mem_mib,pod=workload-cloud-6f545f89ff-qs9mn,38.3125
1783696937,mem_mib,pod=workload-cloud-6f545f89ff-qs9mn,38.80859375
1783696947,mem_mib,pod=workload-cloud-6f545f89ff-qs9mn,38.80859375
1783696957,mem_mib,pod=workload-cloud-6f545f89ff-qs9mn,38.37109375
1783696967,mem_mib,pod=workload-cloud-6f545f89ff-qs9mn,38.203125
1783696977,mem_mib,pod=workload-cloud-6f545f89ff-qs9mn,38.20703125
1783696987,mem_mib,pod=workload-cloud-6f545f89ff-qs9mn,38.21484375
1783696997,mem_mib,pod=workload-cloud-6f545f89ff-qs9mn,38.21484375
1783697007,mem_mib,pod=workload-cloud-6f545f89ff-qs9mn,38.21484375
1783697017,mem_mib,pod=workload-cloud-6f545f89ff-qs9mn,38.21484375
1783697027,mem_mib,pod=workload-cloud-6f545f89ff-qs9mn,38.21484375
1783696397,mem_mib,pod=workload-cloud-6f545f89ff-r28zz,39.67578125
1783696407,mem_mib,pod=workload-cloud-6f545f89ff-r28zz,39.92578125
1783696417,mem_mib,pod=workload-cloud-6f545f89ff-r28zz,39.93359375
1783696427,mem_mib,pod=workload-cloud-6f545f89ff-r28zz,40.49609375
1783696437,mem_mib,pod=workload-cloud-6f545f89ff-r28zz,40.49609375
1783696447,mem_mib,pod=workload-cloud-6f545f89ff-r28zz,40.3125
1783696457,mem_mib,pod=workload-cloud-6f545f89ff-r28zz,40.3125
1783696467,mem_mib,pod=workload-cloud-6f545f89ff-r28zz,40.171875
1783696477,mem_mib,pod=workload-cloud-6f545f89ff-r28zz,40.95703125
1783696487,mem_mib,pod=workload-cloud-6f545f89ff-r28zz,40.95703125
1783696497,mem_mib,pod=workload-cloud-6f545f89ff-r28zz,41.30859375
1783696507,mem_mib,pod=workload-cloud-6f545f89ff-r28zz,41.12109375
1783696517,mem_mib,pod=workload-cloud-6f545f89ff-r28zz,41.12109375
1783696527,mem_mib,pod=workload-cloud-6f545f89ff-r28zz,40.60546875
1783696537,mem_mib,pod=workload-cloud-6f545f89ff-r28zz,40.44921875
1783696547,mem_mib,pod=workload-cloud-6f545f89ff-r28zz,40.44921875
1783696557,mem_mib,pod=workload-cloud-6f545f89ff-r28zz,40.91796875
1783696567,mem_mib,pod=workload-cloud-6f545f89ff-r28zz,40.91796875
1783696577,mem_mib,pod=workload-cloud-6f545f89ff-r28zz,40.69140625
1783696587,mem_mib,pod=workload-cloud-6f545f89ff-r28zz,41.01953125
1783696597,mem_mib,pod=workload-cloud-6f545f89ff-r28zz,41.01953125
1783696607,mem_mib,pod=workload-cloud-6f545f89ff-r28zz,42.46484375
1783696617,mem_mib,pod=workload-cloud-6f545f89ff-r28zz,41.98046875
1783696627,mem_mib,pod=workload-cloud-6f545f89ff-r28zz,41.98046875
1783696637,mem_mib,pod=workload-cloud-6f545f89ff-r28zz,41.8125
1783696647,mem_mib,pod=workload-cloud-6f545f89ff-r28zz,41.83984375
1783696657,mem_mib,pod=workload-cloud-6f545f89ff-r28zz,41.8671875
1783696667,mem_mib,pod=workload-cloud-6f545f89ff-r28zz,41.8671875
1783696677,mem_mib,pod=workload-cloud-6f545f89ff-r28zz,41.93359375
1783696687,mem_mib,pod=workload-cloud-6f545f89ff-r28zz,41.93359375
1783696697,mem_mib,pod=workload-cloud-6f545f89ff-r28zz,41.94140625
1783696707,mem_mib,pod=workload-cloud-6f545f89ff-r28zz,41.94140625
1783696717,mem_mib,pod=workload-cloud-6f545f89ff-r28zz,41.88671875
1783696727,mem_mib,pod=workload-cloud-6f545f89ff-r28zz,41.88671875
1783696737,mem_mib,pod=workload-cloud-6f545f89ff-r28zz,42.00390625
1783696747,mem_mib,pod=workload-cloud-6f545f89ff-r28zz,42.00390625
1783696757,mem_mib,pod=workload-cloud-6f545f89ff-r28zz,42.109375
1783696767,mem_mib,pod=workload-cloud-6f545f89ff-r28zz,42.109375
1783696777,mem_mib,pod=workload-cloud-6f545f89ff-r28zz,40.7421875
1783696787,mem_mib,pod=workload-cloud-6f545f89ff-r28zz,41.02734375
1783696797,mem_mib,pod=workload-cloud-6f545f89ff-r28zz,41.00390625
1783696807,mem_mib,pod=workload-cloud-6f545f89ff-r28zz,40.75
1783696817,mem_mib,pod=workload-cloud-6f545f89ff-r28zz,40.75
1783696827,mem_mib,pod=workload-cloud-6f545f89ff-r28zz,40.98828125
1783696837,mem_mib,pod=workload-cloud-6f545f89ff-r28zz,40.98828125
1783696847,mem_mib,pod=workload-cloud-6f545f89ff-r28zz,41.48828125
1783696857,mem_mib,pod=workload-cloud-6f545f89ff-r28zz,40.98828125
1783696867,mem_mib,pod=workload-cloud-6f545f89ff-r28zz,40.98828125
1783696877,mem_mib,pod=workload-cloud-6f545f89ff-r28zz,41.015625
1783696887,mem_mib,pod=workload-cloud-6f545f89ff-r28zz,41.0
1783696897,mem_mib,pod=workload-cloud-6f545f89ff-r28zz,41.0
1783696907,mem_mib,pod=workload-cloud-6f545f89ff-r28zz,40.79296875
1783696917,mem_mib,pod=workload-cloud-6f545f89ff-r28zz,40.75390625
1783696927,mem_mib,pod=workload-cloud-6f545f89ff-r28zz,40.75390625
1783696937,mem_mib,pod=workload-cloud-6f545f89ff-r28zz,41.25390625
1783696947,mem_mib,pod=workload-cloud-6f545f89ff-r28zz,40.73828125
1783696957,mem_mib,pod=workload-cloud-6f545f89ff-r28zz,40.73828125
1783696967,mem_mib,pod=workload-cloud-6f545f89ff-r28zz,40.8828125
1783696977,mem_mib,pod=workload-cloud-6f545f89ff-r28zz,40.11328125
1783696987,mem_mib,pod=workload-cloud-6f545f89ff-r28zz,40.06640625
1783696997,mem_mib,pod=workload-cloud-6f545f89ff-r28zz,40.06640625
1783697007,mem_mib,pod=workload-cloud-6f545f89ff-r28zz,40.06640625
1783697017,mem_mib,pod=workload-cloud-6f545f89ff-r28zz,40.06640625
1783697027,mem_mib,pod=workload-cloud-6f545f89ff-r28zz,40.06640625
1783696597,mem_mib,pod=workload-cloud-6f545f89ff-ts5c9,3.140625
1783696607,mem_mib,pod=workload-cloud-6f545f89ff-ts5c9,36.54296875
1783696617,mem_mib,pod=workload-cloud-6f545f89ff-ts5c9,36.54296875
1783696627,mem_mib,pod=workload-cloud-6f545f89ff-ts5c9,37.4921875
1783696637,mem_mib,pod=workload-cloud-6f545f89ff-ts5c9,37.4921875
1783696647,mem_mib,pod=workload-cloud-6f545f89ff-ts5c9,37.05859375
1783696657,mem_mib,pod=workload-cloud-6f545f89ff-ts5c9,37.34765625
1783696667,mem_mib,pod=workload-cloud-6f545f89ff-ts5c9,37.34765625
1783696677,mem_mib,pod=workload-cloud-6f545f89ff-ts5c9,37.16015625
1783696687,mem_mib,pod=workload-cloud-6f545f89ff-ts5c9,37.4140625
1783696697,mem_mib,pod=workload-cloud-6f545f89ff-ts5c9,37.19140625
1783696707,mem_mib,pod=workload-cloud-6f545f89ff-ts5c9,37.28515625
1783696717,mem_mib,pod=workload-cloud-6f545f89ff-ts5c9,37.28515625
1783696727,mem_mib,pod=workload-cloud-6f545f89ff-ts5c9,37.7421875
1783696737,mem_mib,pod=workload-cloud-6f545f89ff-ts5c9,38.04296875
1783696747,mem_mib,pod=workload-cloud-6f545f89ff-ts5c9,37.046875
1783696757,mem_mib,pod=workload-cloud-6f545f89ff-ts5c9,37.046875
1783696767,mem_mib,pod=workload-cloud-6f545f89ff-ts5c9,36.68359375
1783696777,mem_mib,pod=workload-cloud-6f545f89ff-ts5c9,36.69140625
1783696787,mem_mib,pod=workload-cloud-6f545f89ff-ts5c9,36.69140625
1783696797,mem_mib,pod=workload-cloud-6f545f89ff-ts5c9,36.69140625
1783696807,mem_mib,pod=workload-cloud-6f545f89ff-ts5c9,36.69140625
1783696817,mem_mib,pod=workload-cloud-6f545f89ff-ts5c9,36.69140625
1783696827,mem_mib,pod=workload-cloud-6f545f89ff-ts5c9,36.69140625
1783696837,mem_mib,pod=workload-cloud-6f545f89ff-ts5c9,36.69140625
1783696847,mem_mib,pod=workload-cloud-6f545f89ff-ts5c9,36.69140625
1783696857,mem_mib,pod=workload-cloud-6f545f89ff-ts5c9,36.69140625
1783696867,mem_mib,pod=workload-cloud-6f545f89ff-ts5c9,36.69140625
1783696877,mem_mib,pod=workload-cloud-6f545f89ff-ts5c9,36.69140625
1783696887,mem_mib,pod=workload-cloud-6f545f89ff-ts5c9,36.69140625
1783696897,mem_mib,pod=workload-cloud-6f545f89ff-ts5c9,36.69140625
1783696907,mem_mib,pod=workload-cloud-6f545f89ff-ts5c9,36.69140625
1783696917,mem_mib,pod=workload-cloud-6f545f89ff-ts5c9,36.69140625
1783696927,mem_mib,pod=workload-cloud-6f545f89ff-ts5c9,36.69140625
1783696937,mem_mib,pod=workload-cloud-6f545f89ff-ts5c9,36.69140625
1783696947,mem_mib,pod=workload-cloud-6f545f89ff-ts5c9,36.69140625
1783696957,mem_mib,pod=workload-cloud-6f545f89ff-ts5c9,36.69140625
1783696967,mem_mib,pod=workload-cloud-6f545f89ff-ts5c9,36.69140625
1783696977,mem_mib,pod=workload-cloud-6f545f89ff-ts5c9,36.69140625
1783696987,mem_mib,pod=workload-cloud-6f545f89ff-ts5c9,36.69140625
1783696997,mem_mib,pod=workload-cloud-6f545f89ff-ts5c9,36.69140625
1783697007,mem_mib,pod=workload-cloud-6f545f89ff-ts5c9,36.69140625
1783697017,mem_mib,pod=workload-cloud-6f545f89ff-ts5c9,36.69140625
1783697027,mem_mib,pod=workload-cloud-6f545f89ff-ts5c9,36.69140625
1783696397,mem_mib,pod=workload-edge-7b875fd8c6-pxwvc,39.26171875
1783696407,mem_mib,pod=workload-edge-7b875fd8c6-pxwvc,39.26171875
1783696417,mem_mib,pod=workload-edge-7b875fd8c6-pxwvc,39.26171875
1783696427,mem_mib,pod=workload-edge-7b875fd8c6-pxwvc,39.26171875
1783696437,mem_mib,pod=workload-edge-7b875fd8c6-pxwvc,39.26171875
1783696447,mem_mib,pod=workload-edge-7b875fd8c6-pxwvc,39.51171875
1783696457,mem_mib,pod=workload-edge-7b875fd8c6-pxwvc,39.51171875
1783696467,mem_mib,pod=workload-edge-7b875fd8c6-pxwvc,39.26171875
1783696477,mem_mib,pod=workload-edge-7b875fd8c6-pxwvc,39.26171875
1783696487,mem_mib,pod=workload-edge-7b875fd8c6-pxwvc,39.26171875
1783696497,mem_mib,pod=workload-edge-7b875fd8c6-pxwvc,39.26171875
1783696507,mem_mib,pod=workload-edge-7b875fd8c6-pxwvc,39.26171875
1783696517,mem_mib,pod=workload-edge-7b875fd8c6-pxwvc,39.26171875
1783696527,mem_mib,pod=workload-edge-7b875fd8c6-pxwvc,39.26171875
1783696537,mem_mib,pod=workload-edge-7b875fd8c6-pxwvc,39.26171875
1783696547,mem_mib,pod=workload-edge-7b875fd8c6-pxwvc,39.51953125
1783696557,mem_mib,pod=workload-edge-7b875fd8c6-pxwvc,39.26171875
1783696567,mem_mib,pod=workload-edge-7b875fd8c6-pxwvc,39.26171875
1783696577,mem_mib,pod=workload-edge-7b875fd8c6-pxwvc,39.51171875
1783696587,mem_mib,pod=workload-edge-7b875fd8c6-pxwvc,39.26171875
1783696597,mem_mib,pod=workload-edge-7b875fd8c6-pxwvc,39.26171875
1783696607,mem_mib,pod=workload-edge-7b875fd8c6-pxwvc,39.26171875
1783696617,mem_mib,pod=workload-edge-7b875fd8c6-pxwvc,39.26171875
1783696627,mem_mib,pod=workload-edge-7b875fd8c6-pxwvc,39.26171875
1783696637,mem_mib,pod=workload-edge-7b875fd8c6-pxwvc,39.265625
1783696647,mem_mib,pod=workload-edge-7b875fd8c6-pxwvc,39.265625
1783696657,mem_mib,pod=workload-edge-7b875fd8c6-pxwvc,39.26171875
1783696667,mem_mib,pod=workload-edge-7b875fd8c6-pxwvc,39.26171875
1783696677,mem_mib,pod=workload-edge-7b875fd8c6-pxwvc,39.26171875
1783696687,mem_mib,pod=workload-edge-7b875fd8c6-pxwvc,39.26171875
1783696697,mem_mib,pod=workload-edge-7b875fd8c6-pxwvc,39.26171875
1783696707,mem_mib,pod=workload-edge-7b875fd8c6-pxwvc,39.26171875
1783696717,mem_mib,pod=workload-edge-7b875fd8c6-pxwvc,39.26171875
1783696727,mem_mib,pod=workload-edge-7b875fd8c6-pxwvc,39.26171875
1783696737,mem_mib,pod=workload-edge-7b875fd8c6-pxwvc,39.26171875
1783696747,mem_mib,pod=workload-edge-7b875fd8c6-pxwvc,39.26171875
1783696757,mem_mib,pod=workload-edge-7b875fd8c6-pxwvc,39.26171875
1783696767,mem_mib,pod=workload-edge-7b875fd8c6-pxwvc,39.26171875
1783696777,mem_mib,pod=workload-edge-7b875fd8c6-pxwvc,39.26171875
1783696787,mem_mib,pod=workload-edge-7b875fd8c6-pxwvc,39.26171875
1783696797,mem_mib,pod=workload-edge-7b875fd8c6-pxwvc,39.26171875
1783696807,mem_mib,pod=workload-edge-7b875fd8c6-pxwvc,39.26171875
1783696817,mem_mib,pod=workload-edge-7b875fd8c6-pxwvc,39.26171875
1783696827,mem_mib,pod=workload-edge-7b875fd8c6-pxwvc,39.26171875
1783696837,mem_mib,pod=workload-edge-7b875fd8c6-pxwvc,39.26171875
1783696847,mem_mib,pod=workload-edge-7b875fd8c6-pxwvc,39.26171875
1783696857,mem_mib,pod=workload-edge-7b875fd8c6-pxwvc,39.26171875
1783696867,mem_mib,pod=workload-edge-7b875fd8c6-pxwvc,39.26171875
1783696877,mem_mib,pod=workload-edge-7b875fd8c6-pxwvc,39.26171875
1783696887,mem_mib,pod=workload-edge-7b875fd8c6-pxwvc,39.26171875
1783696897,mem_mib,pod=workload-edge-7b875fd8c6-pxwvc,39.26171875
1783696907,mem_mib,pod=workload-edge-7b875fd8c6-pxwvc,39.26171875
1783696917,mem_mib,pod=workload-edge-7b875fd8c6-pxwvc,39.26171875
1783696927,mem_mib,pod=workload-edge-7b875fd8c6-pxwvc,39.26171875
1783696937,mem_mib,pod=workload-edge-7b875fd8c6-pxwvc,39.26171875
1783696947,mem_mib,pod=workload-edge-7b875fd8c6-pxwvc,39.26171875
1783696957,mem_mib,pod=workload-edge-7b875fd8c6-pxwvc,39.26171875
1783696967,mem_mib,pod=workload-edge-7b875fd8c6-pxwvc,39.26171875
1783696977,mem_mib,pod=workload-edge-7b875fd8c6-pxwvc,39.26171875
1783696987,mem_mib,pod=workload-edge-7b875fd8c6-pxwvc,39.26171875
1783696997,mem_mib,pod=workload-edge-7b875fd8c6-pxwvc,39.26171875
1783697007,mem_mib,pod=workload-edge-7b875fd8c6-pxwvc,39.26171875
1783697017,mem_mib,pod=workload-edge-7b875fd8c6-pxwvc,39.26171875
1783697027,mem_mib,pod=workload-edge-7b875fd8c6-pxwvc,39.26171875
1783696397,rps,tier=cloud,0.0
1783696407,rps,tier=cloud,2.2001924170335267
1783696417,rps,tier=cloud,8.440652853812693
1783696427,rps,tier=cloud,18.641354115010685
1783696437,rps,tier=cloud,32.722617809424754
1783696447,rps,tier=cloud,50.682986596205986
1783696457,rps,tier=cloud,70.06425788674078
1783696467,rps,tier=cloud,89.08712697015761
1783696477,rps,tier=cloud,107.22637642204623
1783696487,rps,tier=cloud,126.25015446721385
1783696497,rps,tier=cloud,143.1143114311431
1783696507,rps,tier=cloud,160.29276428052833
1783696517,rps,tier=cloud,178.3342667413393
1783696527,rps,tier=cloud,193.93743598697816
1783696537,rps,tier=cloud,212.26993453765442
1783696547,rps,tier=cloud,229.1153815463611
1783696557,rps,tier=cloud,246.2848946520269
1783696567,rps,tier=cloud,261.01262947907924
1783696577,rps,tier=cloud,278.3050287968625
1783696587,rps,tier=cloud,314.227159134727
1783696597,rps,tier=cloud,402.8461623360971
1783696607,rps,tier=cloud,522.3619253276537
1783696617,rps,tier=cloud,716.7664432612913
1783696627,rps,tier=cloud,893.1623289587312
1783696637,rps,tier=cloud,1039.0674963585552
1783696647,rps,tier=cloud,1130.6371698086955
1783696657,rps,tier=cloud,1187.006319858689
1783696667,rps,tier=cloud,1200.0560140815105
1783696677,rps,tier=cloud,1198.6377356343373
1783696687,rps,tier=cloud,1203.7333816499088
1783696697,rps,tier=cloud,1209.2197018441266
1783696707,rps,tier=cloud,1206.841474436904
1783696717,rps,tier=cloud,1206.066292103924
1783696727,rps,tier=cloud,1206.450902190938
1783696737,rps,tier=cloud,1199.12272790695
1783696747,rps,tier=cloud,1151.4349549937583
1783696757,rps,tier=cloud,1040.8323872533877
1783696767,rps,tier=cloud,876.303230771113
1783696777,rps,tier=cloud,704.3613072063829
1783696787,rps,tier=cloud,537.2566347654717
1783696797,rps,tier=cloud,406.64268965631516
1783696807,rps,tier=cloud,344.73981085551014
1783696817,rps,tier=cloud,336.5638967018989
1783696827,rps,tier=cloud,335.1575915252714
1783696837,rps,tier=cloud,335.85230660184317
1783696847,rps,tier=cloud,336.9670986614512
1783696857,rps,tier=cloud,339.1005624389315
1783696867,rps,tier=cloud,339.999454827812
1783696877,rps,tier=cloud,340.5416199152108
1783696887,rps,tier=cloud,339.78993949239907
1783696897,rps,tier=cloud,340.4260352310302
1783696907,rps,tier=cloud,339.3646824230345
1783696917,rps,tier=cloud,337.9894758017285
1783696927,rps,tier=cloud,337.55499152668546
1783696937,rps,tier=cloud,338.4937201254521
1783696947,rps,tier=cloud,334.5343075574352
1783696957,rps,tier=cloud,310.19064401231833
1783696967,rps,tier=cloud,267.18517065229753
1783696977,rps,tier=cloud,203.6783928812915
1783696987,rps,tier=cloud,135.1280457443838
1783696997,rps,tier=cloud,70.04424114818663
1783697007,rps,tier=cloud,27.482422216139526
1783697017,rps,tier=cloud,3.4602448183054126
1783697027,rps,tier=cloud,0.0
1783696397,rps,tier=edge,0.0
1783696407,rps,tier=edge,0.0
1783696417,rps,tier=edge,0.0
1783696427,rps,tier=edge,0.0
1783696437,rps,tier=edge,0.0
1783696447,rps,tier=edge,0.0
1783696457,rps,tier=edge,0.0
1783696467,rps,tier=edge,0.0
1783696477,rps,tier=edge,0.0
1783696487,rps,tier=edge,0.0
1783696497,rps,tier=edge,0.0
1783696507,rps,tier=edge,0.0
1783696517,rps,tier=edge,0.0
1783696527,rps,tier=edge,0.0
1783696537,rps,tier=edge,0.0
1783696547,rps,tier=edge,0.0
1783696557,rps,tier=edge,0.0
1783696567,rps,tier=edge,0.0
1783696577,rps,tier=edge,0.0
1783696587,rps,tier=edge,0.0
1783696597,rps,tier=edge,0.0
1783696607,rps,tier=edge,0.0
1783696617,rps,tier=edge,0.0
1783696627,rps,tier=edge,0.0
1783696637,rps,tier=edge,0.0
1783696647,rps,tier=edge,0.0
1783696657,rps,tier=edge,0.0
1783696667,rps,tier=edge,0.0
1783696677,rps,tier=edge,0.0
1783696687,rps,tier=edge,0.0
1783696697,rps,tier=edge,0.0
1783696707,rps,tier=edge,0.0
1783696717,rps,tier=edge,0.0
1783696727,rps,tier=edge,0.0
1783696737,rps,tier=edge,0.0
1783696747,rps,tier=edge,0.0
1783696757,rps,tier=edge,0.0
1783696767,rps,tier=edge,0.0
1783696777,rps,tier=edge,0.0
1783696787,rps,tier=edge,0.0
1783696797,rps,tier=edge,0.0
1783696807,rps,tier=edge,0.0
1783696817,rps,tier=edge,0.0
1783696827,rps,tier=edge,0.0
1783696837,rps,tier=edge,0.0
1783696847,rps,tier=edge,0.0
1783696857,rps,tier=edge,0.0
1783696867,rps,tier=edge,0.0
1783696877,rps,tier=edge,0.0
1783696887,rps,tier=edge,0.0
1783696897,rps,tier=edge,0.0
1783696907,rps,tier=edge,0.0
1783696917,rps,tier=edge,0.0
1783696927,rps,tier=edge,0.0
1783696937,rps,tier=edge,0.0
1783696947,rps,tier=edge,0.0
1783696957,rps,tier=edge,0.0
1783696967,rps,tier=edge,0.0
1783696977,rps,tier=edge,0.0
1783696987,rps,tier=edge,0.0
1783696997,rps,tier=edge,0.0
1783697007,rps,tier=edge,0.0
1783697017,rps,tier=edge,0.0
1783697027,rps,tier=edge,0.0
1783696397,lat50_ms,tier=cloud,6.990750092430229
1783696407,lat50_ms,tier=cloud,3.44444449308314
1783696417,lat50_ms,tier=cloud,3.425373111037172
1783696427,lat50_ms,tier=cloud,3.4629849274161506
1783696437,lat50_ms,tier=cloud,3.6671619613670132
1783696447,lat50_ms,tier=cloud,3.8692427543587087
1783696457,lat50_ms,tier=cloud,4.2126790233030516
1783696467,lat50_ms,tier=cloud,4.586206848433342
1783696477,lat50_ms,tier=cloud,4.972517785455226
1783696487,lat50_ms,tier=cloud,4.946136617134922
1783696497,lat50_ms,tier=cloud,5.78532502919424
1783696507,lat50_ms,tier=cloud,6.497456490203502
1783696517,lat50_ms,tier=cloud,6.911042944785276
1783696527,lat50_ms,tier=cloud,7.958608784212983
1783696537,lat50_ms,tier=cloud,8.615302580441776
1783696547,lat50_ms,tier=cloud,9.590739132953804
1783696557,lat50_ms,tier=cloud,10.243946069542561
1783696567,lat50_ms,tier=cloud,11.016599170897958
1783696577,lat50_ms,tier=cloud,11.251360184071991
1783696587,lat50_ms,tier=cloud,11.534615700370631
1783696597,lat50_ms,tier=cloud,14.24619270212212
1783696607,lat50_ms,tier=cloud,17.81891413588198
1783696617,lat50_ms,tier=cloud,22.977764500711544
1783696627,lat50_ms,tier=cloud,31.319735950547546
1783696637,lat50_ms,tier=cloud,37.118747834431446
1783696647,lat50_ms,tier=cloud,41.201469454338614
1783696657,lat50_ms,tier=cloud,44.5784952989253
1783696667,lat50_ms,tier=cloud,47.56054281001236
1783696677,lat50_ms,tier=cloud,50.52137593107541
1783696687,lat50_ms,tier=cloud,52.471253585030155
1783696697,lat50_ms,tier=cloud,53.957190560067644
1783696707,lat50_ms,tier=cloud,55.57516661374088
1783696717,lat50_ms,tier=cloud,56.121357415395735
1783696727,lat50_ms,tier=cloud,56.221515698645405
1783696737,lat50_ms,tier=cloud,55.873829762279314
1783696747,lat50_ms,tier=cloud,54.4639715217935
1783696757,lat50_ms,tier=cloud,53.047566002890264
1783696767,lat50_ms,tier=cloud,51.28232805790429
1783696777,lat50_ms,tier=cloud,49.09527321420046
1783696787,lat50_ms,tier=cloud,46.31138497902391
1783696797,lat50_ms,tier=cloud,43.39539698186552
1783696807,lat50_ms,tier=cloud,40.47666735273236
1783696817,lat50_ms,tier=cloud,35.92918918857711
1783696827,lat50_ms,tier=cloud,31.181725244684106
1783696837,lat50_ms,tier=cloud,24.971362181033346
1783696847,lat50_ms,tier=cloud,18.205053100749886
1783696857,lat50_ms,tier=cloud,14.382503548201836
1783696867,lat50_ms,tier=cloud,12.454748307133297
1783696877,lat50_ms,tier=cloud,12.91539319495656
1783696887,lat50_ms,tier=cloud,13.14162653443053
1783696897,lat50_ms,tier=cloud,12.827180095182031
1783696907,lat50_ms,tier=cloud,12.966738912872573
1783696917,lat50_ms,tier=cloud,13.00953266992377
1783696927,lat50_ms,tier=cloud,13.146061231776011
1783696937,lat50_ms,tier=cloud,12.679251963292074
1783696947,lat50_ms,tier=cloud,12.482040989582561
1783696957,lat50_ms,tier=cloud,12.887454751255758
1783696967,lat50_ms,tier=cloud,12.635243624233809
1783696977,lat50_ms,tier=cloud,12.70417039216586
1783696987,lat50_ms,tier=cloud,12.563338898986748
1783696997,lat50_ms,tier=cloud,12.395778937358022
1783697007,lat50_ms,tier=cloud,12.695922288698323
1783697017,lat50_ms,tier=cloud,12.307093118333526
1783697027,lat50_ms,tier=cloud,11.781100313917106
1783696397,lat95_ms,tier=cloud,18.498095102042928
1783696407,lat95_ms,tier=cloud,4.844444449308314
1783696417,lat95_ms,tier=cloud,4.842537311103717
1783696427,lat95_ms,tier=cloud,4.941480907379924
1783696437,lat95_ms,tier=cloud,8.22897196261682
1783696447,lat95_ms,tier=cloud,8.980482562032359
1783696457,lat95_ms,tier=cloud,9.650320415824899
1783696467,lat95_ms,tier=cloud,13.414085521746218
1783696477,lat95_ms,tier=cloud,17.6314013176615
1783696487,lat95_ms,tier=cloud,17.804810685552905
1783696497,lat95_ms,tier=cloud,18.7782
1783696507,lat95_ms,tier=cloud,19.25910809584438
1783696517,lat95_ms,tier=cloud,19.74112391253233
1783696527,lat95_ms,tier=cloud,30.78147194488673
1783696537,lat95_ms,tier=cloud,34.143959204346935
1783696547,lat95_ms,tier=cloud,38.144690366502545
1783696557,lat95_ms,tier=cloud,38.944829489545846
1783696567,lat95_ms,tier=cloud,40.83502415619083
1783696577,lat95_ms,tier=cloud,41.7071424943659
1783696587,lat95_ms,tier=cloud,43.230125320579575
1783696597,lat95_ms,tier=cloud,56.135919624790695
1783696607,lat95_ms,tier=cloud,71.94632591698057
1783696617,lat95_ms,tier=cloud,86.58385348576643
1783696627,lat95_ms,tier=cloud,93.26746983880597
1783696637,lat95_ms,tier=cloud,96.32961018239172
1783696647,lat95_ms,tier=cloud,97.50162092291968
1783696657,lat95_ms,tier=cloud,98.44412258405866
1783696667,lat95_ms,tier=cloud,98.95891448549943
1783696677,lat95_ms,tier=cloud,99.22848732767454
1783696687,lat95_ms,tier=cloud,99.38230843656243
1783696697,lat95_ms,tier=cloud,99.44319319882348
1783696707,lat95_ms,tier=cloud,99.78925834506597
1783696717,lat95_ms,tier=cloud,99.86169454689731
1783696727,lat95_ms,tier=cloud,100.86478376003531
1783696737,lat95_ms,tier=cloud,100.1816436184243
1783696747,lat95_ms,tier=cloud,99.40235152660843
1783696757,lat95_ms,tier=cloud,99.02489799810785
1783696767,lat95_ms,tier=cloud,98.51172243540786
1783696777,lat95_ms,tier=cloud,98.0142851660987
1783696787,lat95_ms,tier=cloud,97.50677796430794
1783696797,lat95_ms,tier=cloud,96.88111154859286
1783696807,lat95_ms,tier=cloud,96.45598180833784
1783696817,lat95_ms,tier=cloud,94.73040416127067
1783696827,lat95_ms,tier=cloud,91.99328258771916
1783696837,lat95_ms,tier=cloud,82.88363733746742
1783696847,lat95_ms,tier=cloud,66.99107154942
1783696857,lat95_ms,tier=cloud,49.142614890712075
1783696867,lat95_ms,tier=cloud,45.9483104833867
1783696877,lat95_ms,tier=cloud,46.01227738405891
1783696887,lat95_ms,tier=cloud,46.08268721259912
1783696897,lat95_ms,tier=cloud,45.93080559873229
1783696907,lat95_ms,tier=cloud,45.989842258951036
1783696917,lat95_ms,tier=cloud,45.82969631160001
1783696927,lat95_ms,tier=cloud,45.86816802139673
1783696937,lat95_ms,tier=cloud,45.67463503271608
1783696947,lat95_ms,tier=cloud,45.60155984025678
1783696957,lat95_ms,tier=cloud,45.60486841190062
1783696967,lat95_ms,tier=cloud,45.41195737459398
1783696977,lat95_ms,tier=cloud,45.5038721353981
1783696987,lat95_ms,tier=cloud,45.432338904711536
1783696997,lat95_ms,tier=cloud,45.300270650844254
1783697007,lat95_ms,tier=cloud,45.48380667878424
1783697017,lat95_ms,tier=cloud,45.189457379522054
1783697027,lat95_ms,tier=cloud,44.52616992961388
1783696397,lat99_ms,tier=cloud,19.699619020408587
1783696407,lat99_ms,tier=cloud,4.968888889861663
1783696417,lat99_ms,tier=cloud,4.968507462220743
1783696427,lat99_ms,tier=cloud,8.446671073031709
1783696437,lat99_ms,tier=cloud,9.757943925233644
1783696447,lat99_ms,tier=cloud,9.922490333269876
1783696457,lat99_ms,tier=cloud,16.855565291984295
1783696467,lat99_ms,tier=cloud,18.908169225682272
1783696477,lat99_ms,tier=cloud,20.955333119331648
1783696487,lat99_ms,tier=cloud,25.162545884123368
1783696497,lat99_ms,tier=cloud,33.76145251396641
1783696507,lat99_ms,tier=cloud,38.99652349247952
1783696517,lat99_ms,tier=cloud,42.84912891986067
1783696527,lat99_ms,tier=cloud,46.15629438897732
1783696537,lat99_ms,tier=cloud,46.828791840869414
1783696547,lat99_ms,tier=cloud,47.62893807330052
1783696557,lat99_ms,tier=cloud,47.78896589790918
1783696567,lat99_ms,tier=cloud,48.16700483123816
1783696577,lat99_ms,tier=cloud,48.34142849887318
1783696587,lat99_ms,tier=cloud,49.00447497788837
1783696597,lat99_ms,tier=cloud,72.87007471128746
1783696607,lat99_ms,tier=cloud,96.0640017364783
1783696617,lat99_ms,tier=cloud,117.06121105988146
1783696627,lat99_ms,tier=cloud,127.61508783434927
1783696637,lat99_ms,tier=cloud,134.07275980315467
1783696647,lat99_ms,tier=cloud,135.77502079908487
1783696657,lat99_ms,tier=cloud,137.47215151979663
1783696667,lat99_ms,tier=cloud,138.81482271205968
1783696677,lat99_ms,tier=cloud,139.1690711340541
1783696687,lat99_ms,tier=cloud,139.36009077678565
1783696697,lat99_ms,tier=cloud,139.40744990297884
1783696707,lat99_ms,tier=cloud,139.98274149853313
1783696717,lat99_ms,tier=cloud,140.2440342661354
1783696727,lat99_ms,tier=cloud,140.65423190440163
1783696737,lat99_ms,tier=cloud,140.5128097969778
1783696747,lat99_ms,tier=cloud,139.371796319528
1783696757,lat99_ms,tier=cloud,138.71184024965712
1783696767,lat99_ms,tier=cloud,137.73356071716992
1783696777,lat99_ms,tier=cloud,136.23252798173118
1783696787,lat99_ms,tier=cloud,135.25477059897494
1783696797,lat99_ms,tier=cloud,134.04848097353545
1783696807,lat99_ms,tier=cloud,133.49290294174492
1783696817,lat99_ms,tier=cloud,130.41651828905393
1783696827,lat99_ms,tier=cloud,127.33438852607132
1783696837,lat99_ms,tier=cloud,100.6049499141947
1783696847,lat99_ms,tier=cloud,89.16637486346542
1783696857,lat99_ms,tier=cloud,69.78467699303165
1783696867,lat99_ms,tier=cloud,49.47265465629495
1783696877,lat99_ms,tier=cloud,49.41080168848688
1783696887,lat99_ms,tier=cloud,49.42137422383616
1783696897,lat99_ms,tier=cloud,49.33998380321225
1783696907,lat99_ms,tier=cloud,49.3496500387082
1783696917,lat99_ms,tier=cloud,49.17671447969472
1783696927,lat99_ms,tier=cloud,49.184314512106084
1783696937,lat99_ms,tier=cloud,49.14608633749444
1783696947,lat99_ms,tier=cloud,49.139350521272355
1783696957,lat99_ms,tier=cloud,49.14068619998824
1783696967,lat99_ms,tier=cloud,49.104319297644835
1783696977,lat99_ms,tier=cloud,49.12457214646484
1783696987,lat99_ms,tier=cloud,49.11367249048276
1783696997,lat99_ms,tier=cloud,49.09207975198623
1783697007,lat99_ms,tier=cloud,49.13284071038103
1783697017,lat99_ms,tier=cloud,49.0840275507953
1783697027,lat99_ms,tier=cloud,48.93127847859777
1783696397,inflight,tier=cloud,0.0
1783696407,inflight,tier=cloud,0.0
1783696417,inflight,tier=cloud,0.0
1783696427,inflight,tier=cloud,0.0
1783696437,inflight,tier=cloud,0.0
1783696447,inflight,tier=cloud,0.0
1783696457,inflight,tier=cloud,0.0
1783696467,inflight,tier=cloud,0.0
1783696477,inflight,tier=cloud,0.0
1783696487,inflight,tier=cloud,0.0
1783696497,inflight,tier=cloud,0.0
1783696507,inflight,tier=cloud,0.0
1783696517,inflight,tier=cloud,0.0
1783696527,inflight,tier=cloud,0.0
1783696537,inflight,tier=cloud,0.0
1783696547,inflight,tier=cloud,0.0
1783696557,inflight,tier=cloud,0.0
1783696567,inflight,tier=cloud,0.0
1783696577,inflight,tier=cloud,0.0
1783696587,inflight,tier=cloud,0.0
1783696597,inflight,tier=cloud,8.0
1783696607,inflight,tier=cloud,26.0
1783696617,inflight,tier=cloud,4.0
1783696627,inflight,tier=cloud,80.0
1783696637,inflight,tier=cloud,43.0
1783696647,inflight,tier=cloud,5.0
1783696657,inflight,tier=cloud,41.0
1783696667,inflight,tier=cloud,32.0
1783696677,inflight,tier=cloud,7.0
1783696687,inflight,tier=cloud,21.0
1783696697,inflight,tier=cloud,16.0
1783696707,inflight,tier=cloud,31.0
1783696717,inflight,tier=cloud,27.0
1783696727,inflight,tier=cloud,31.0
1783696737,inflight,tier=cloud,19.0
1783696747,inflight,tier=cloud,0.0
1783696757,inflight,tier=cloud,0.0
1783696767,inflight,tier=cloud,0.0
1783696777,inflight,tier=cloud,0.0
1783696787,inflight,tier=cloud,3.0
1783696797,inflight,tier=cloud,0.0
1783696807,inflight,tier=cloud,2.0
1783696817,inflight,tier=cloud,12.0
1783696827,inflight,tier=cloud,0.0
1783696837,inflight,tier=cloud,0.0
1783696847,inflight,tier=cloud,0.0
1783696857,inflight,tier=cloud,0.0
1783696867,inflight,tier=cloud,0.0
1783696877,inflight,tier=cloud,4.0
1783696887,inflight,tier=cloud,0.0
1783696897,inflight,tier=cloud,0.0
1783696907,inflight,tier=cloud,0.0
1783696917,inflight,tier=cloud,0.0
1783696927,inflight,tier=cloud,0.0
1783696937,inflight,tier=cloud,0.0
1783696947,inflight,tier=cloud,0.0
1783696957,inflight,tier=cloud,0.0
1783696967,inflight,tier=cloud,0.0
1783696977,inflight,tier=cloud,0.0
1783696987,inflight,tier=cloud,0.0
1783696997,inflight,tier=cloud,0.0
1783697007,inflight,tier=cloud,0.0
1783697017,inflight,tier=cloud,0.0
1783697027,inflight,tier=cloud,0.0
1783696397,inflight,tier=edge,0.0
1783696407,inflight,tier=edge,0.0
1783696417,inflight,tier=edge,0.0
1783696427,inflight,tier=edge,0.0
1783696437,inflight,tier=edge,0.0
1783696447,inflight,tier=edge,0.0
1783696457,inflight,tier=edge,0.0
1783696467,inflight,tier=edge,0.0
1783696477,inflight,tier=edge,0.0
1783696487,inflight,tier=edge,0.0
1783696497,inflight,tier=edge,0.0
1783696507,inflight,tier=edge,0.0
1783696517,inflight,tier=edge,0.0
1783696527,inflight,tier=edge,0.0
1783696537,inflight,tier=edge,0.0
1783696547,inflight,tier=edge,0.0
1783696557,inflight,tier=edge,0.0
1783696567,inflight,tier=edge,0.0
1783696577,inflight,tier=edge,0.0
1783696587,inflight,tier=edge,0.0
1783696597,inflight,tier=edge,0.0
1783696607,inflight,tier=edge,0.0
1783696617,inflight,tier=edge,0.0
1783696627,inflight,tier=edge,0.0
1783696637,inflight,tier=edge,0.0
1783696647,inflight,tier=edge,0.0
1783696657,inflight,tier=edge,0.0
1783696667,inflight,tier=edge,0.0
1783696677,inflight,tier=edge,0.0
1783696687,inflight,tier=edge,0.0
1783696697,inflight,tier=edge,0.0
1783696707,inflight,tier=edge,0.0
1783696717,inflight,tier=edge,0.0
1783696727,inflight,tier=edge,0.0
1783696737,inflight,tier=edge,0.0
1783696747,inflight,tier=edge,0.0
1783696757,inflight,tier=edge,0.0
1783696767,inflight,tier=edge,0.0
1783696777,inflight,tier=edge,0.0
1783696787,inflight,tier=edge,0.0
1783696797,inflight,tier=edge,0.0
1783696807,inflight,tier=edge,0.0
1783696817,inflight,tier=edge,0.0
1783696827,inflight,tier=edge,0.0
1783696837,inflight,tier=edge,0.0
1783696847,inflight,tier=edge,0.0
1783696857,inflight,tier=edge,0.0
1783696867,inflight,tier=edge,0.0
1783696877,inflight,tier=edge,0.0
1783696887,inflight,tier=edge,0.0
1783696897,inflight,tier=edge,0.0
1783696907,inflight,tier=edge,0.0
1783696917,inflight,tier=edge,0.0
1783696927,inflight,tier=edge,0.0
1783696937,inflight,tier=edge,0.0
1783696947,inflight,tier=edge,0.0
1783696957,inflight,tier=edge,0.0
1783696967,inflight,tier=edge,0.0
1783696977,inflight,tier=edge,0.0
1783696987,inflight,tier=edge,0.0
1783696997,inflight,tier=edge,0.0
1783697007,inflight,tier=edge,0.0
1783697017,inflight,tier=edge,0.0
1783697027,inflight,tier=edge,0.0
