ts,metric,labels,value
1783730774,replicas_status,deployment=workload-cloud,1.0
1783730784,replicas_status,deployment=workload-cloud,1.0
1783730794,replicas_status,deployment=workload-cloud,1.0
1783730804,replicas_status,deployment=workload-cloud,1.0
1783730814,replicas_status,deployment=workload-cloud,1.0
1783730824,replicas_status,deployment=workload-cloud,1.0
1783730834,replicas_status,deployment=workload-cloud,2.0
1783730844,replicas_status,deployment=workload-cloud,2.0
1783730854,replicas_status,deployment=workload-cloud,2.0
1783730864,replicas_status,deployment=workload-cloud,2.0
1783730874,replicas_status,deployment=workload-cloud,4.0
1783730884,replicas_status,deployment=workload-cloud,4.0
1783730894,replicas_status,deployment=workload-cloud,3.0
1783730904,replicas_status,deployment=workload-cloud,3.0
1783730914,replicas_status,deployment=workload-cloud,3.0
1783730924,replicas_status,deployment=workload-cloud,4.0
1783730934,replicas_status,deployment=workload-cloud,4.0
1783730944,replicas_status,deployment=workload-cloud,4.0
1783730954,replicas_status,deployment=workload-cloud,6.0
1783730964,replicas_status,deployment=workload-cloud,6.0
1783730974,replicas_status,deployment=workload-cloud,6.0
1783730984,replicas_status,deployment=workload-cloud,6.0
1783730994,replicas_status,deployment=workload-cloud,6.0
1783731004,replicas_status,deployment=workload-cloud,6.0
1783731014,replicas_status,deployment=workload-cloud,6.0
1783731024,replicas_status,deployment=workload-cloud,6.0
1783731034,replicas_status,deployment=workload-cloud,6.0
1783731044,replicas_status,deployment=workload-cloud,6.0
1783731054,replicas_status,deployment=workload-cloud,6.0
1783731064,replicas_status,deployment=workload-cloud,6.0
1783731074,replicas_status,deployment=workload-cloud,6.0
1783731084,replicas_status,deployment=workload-cloud,6.0
1783731094,replicas_status,deployment=workload-cloud,6.0
1783731104,replicas_status,deployment=workload-cloud,6.0
1783731114,replicas_status,deployment=workload-cloud,6.0
1783731124,replicas_status,deployment=workload-cloud,6.0
1783731134,replicas_status,deployment=workload-cloud,6.0
1783731144,replicas_status,deployment=workload-cloud,6.0
1783731154,replicas_status,deployment=workload-cloud,6.0
1783731164,replicas_status,deployment=workload-cloud,6.0
1783731174,replicas_status,deployment=workload-cloud,6.0
1783731184,replicas_status,deployment=workload-cloud,6.0
1783731194,replicas_status,deployment=workload-cloud,6.0
1783731204,replicas_status,deployment=workload-cloud,6.0
1783731214,replicas_status,deployment=workload-cloud,6.0
1783731224,replicas_status,deployment=workload-cloud,6.0
1783731234,replicas_status,deployment=workload-cloud,6.0
1783731244,replicas_status,deployment=workload-cloud,6.0
1783731254,replicas_status,deployment=workload-cloud,6.0
1783731264,replicas_status,deployment=workload-cloud,6.0
1783731274,replicas_status,deployment=workload-cloud,6.0
1783731284,replicas_status,deployment=workload-cloud,6.0
1783731294,replicas_status,deployment=workload-cloud,6.0
1783731304,replicas_status,deployment=workload-cloud,6.0
1783731314,replicas_status,deployment=workload-cloud,6.0
1783731324,replicas_status,deployment=workload-cloud,6.0
1783731334,replicas_status,deployment=workload-cloud,6.0
1783731344,replicas_status,deployment=workload-cloud,6.0
1783731354,replicas_status,deployment=workload-cloud,6.0
1783731364,replicas_status,deployment=workload-cloud,6.0
1783731374,replicas_status,deployment=workload-cloud,6.0
1783731384,replicas_status,deployment=workload-cloud,6.0
1783731394,replicas_status,deployment=workload-cloud,6.0
1783731404,replicas_status,deployment=workload-cloud,6.0
1783731414,replicas_status,deployment=workload-cloud,5.0
1783730774,replicas_status,deployment=workload-edge,1.0
1783730784,replicas_status,deployment=workload-edge,1.0
1783730794,replicas_status,deployment=workload-edge,1.0
1783730804,replicas_status,deployment=workload-edge,1.0
1783730814,replicas_status,deployment=workload-edge,1.0
1783730824,replicas_status,deployment=workload-edge,1.0
1783730834,replicas_status,deployment=workload-edge,1.0
1783730844,replicas_status,deployment=workload-edge,1.0
1783730854,replicas_status,deployment=workload-edge,1.0
1783730864,replicas_status,deployment=workload-edge,1.0
1783730874,replicas_status,deployment=workload-edge,1.0
1783730884,replicas_status,deployment=workload-edge,1.0
1783730894,replicas_status,deployment=workload-edge,1.0
1783730904,replicas_status,deployment=workload-edge,1.0
1783730914,replicas_status,deployment=workload-edge,1.0
1783730924,replicas_status,deployment=workload-edge,1.0
1783730934,replicas_status,deployment=workload-edge,1.0
1783730944,replicas_status,deployment=workload-edge,1.0
1783730954,replicas_status,deployment=workload-edge,1.0
1783730964,replicas_status,deployment=workload-edge,1.0
1783730974,replicas_status,deployment=workload-edge,1.0
1783730984,replicas_status,deployment=workload-edge,1.0
1783730994,replicas_status,deployment=workload-edge,1.0
1783731004,replicas_status,deployment=workload-edge,1.0
1783731014,replicas_status,deployment=workload-edge,1.0
1783731024,replicas_status,deployment=workload-edge,1.0
1783731034,replicas_status,deployment=workload-edge,1.0
1783731044,replicas_status,deployment=workload-edge,1.0
1783731054,replicas_status,deployment=workload-edge,1.0
1783731064,replicas_status,deployment=workload-edge,1.0
1783731074,replicas_status,deployment=workload-edge,1.0
1783731084,replicas_status,deployment=workload-edge,1.0
1783731094,replicas_status,deployment=workload-edge,1.0
1783731104,replicas_status,deployment=workload-edge,1.0
1783731114,replicas_status,deployment=workload-edge,1.0
1783731124,replicas_status,deployment=workload-edge,1.0
1783731134,replicas_status,deployment=workload-edge,1.0
1783731144,replicas_status,deployment=workload-edge,1.0
1783731154,replicas_status,deployment=workload-edge,1.0
1783731164,replicas_status,deployment=workload-edge,1.0
1783731174,replicas_status,deployment=workload-edge,1.0
1783731184,replicas_status,deployment=workload-edge,1.0
1783731194,replicas_status,deployment=workload-edge,1.0
1783731204,replicas_status,deployment=workload-edge,1.0
1783731214,replicas_status,deployment=workload-edge,1.0
1783731224,replicas_status,deployment=workload-edge,1.0
1783731234,replicas_status,deployment=workload-edge,1.0
1783731244,replicas_status,deployment=workload-edge,1.0
1783731254,replicas_status,deployment=workload-edge,1.0
1783731264,replicas_status,deployment=workload-edge,1.0
1783731274,replicas_status,deployment=workload-edge,1.0
1783731284,replicas_status,deployment=workload-edge,1.0
1783731294,replicas_status,deployment=workload-edge,1.0
1783731304,replicas_status,deployment=workload-edge,1.0
1783731314,replicas_status,deployment=workload-edge,1.0
1783731324,replicas_status,deployment=workload-edge,1.0
1783731334,replicas_status,deployment=workload-edge,1.0
1783731344,replicas_status,deployment=workload-edge,1.0
1783731354,replicas_status,deployment=workload-edge,1.0
1783731364,replicas_status,deployment=workload-edge,1.0
1783731374,replicas_status,deployment=workload-edge,1.0
1783731384,replicas_status,deployment=workload-edge,1.0
1783731394,replicas_status,deployment=workload-edge,1.0
1783731404,replicas_status,deployment=workload-edge,1.0
1783731414,replicas_status,deployment=workload-edge,1.0
1783730774,replicas_spec,deployment=workload-cloud,1.0
1783730784,replicas_spec,deployment=workload-cloud,1.0
1783730794,replicas_spec,deployment=workload-cloud,1.0
1783730804,replicas_spec,deployment=workload-cloud,1.0
1783730814,replicas_spec,deployment=workload-cloud,1.0
1783730824,replicas_spec,deployment=workload-cloud,1.0
1783730834,replicas_spec,deployment=workload-cloud,2.0
1783730844,replicas_spec,deployment=workload-cloud,2.0
1783730854,replicas_spec,deployment=workload-cloud,2.0
1783730864,replicas_spec,deployment=workload-cloud,2.0
1783730874,replicas_spec,deployment=workload-cloud,4.0
1783730884,replicas_spec,deployment=workload-cloud,4.0
1783730894,replicas_spec,deployment=workload-cloud,3.0
1783730904,replicas_spec,deployment=workload-cloud,3.0
1783730914,replicas_spec,deployment=workload-cloud,3.0
1783730924,replicas_spec,deployment=workload-cloud,4.0
1783730934,replicas_spec,deployment=workload-cloud,4.0
1783730944,replicas_spec,deployment=workload-cloud,4.0
1783730954,replicas_spec,deployment=workload-cloud,6.0
1783730964,replicas_spec,deployment=workload-cloud,6.0
1783730974,replicas_spec,deployment=workload-cloud,6.0
1783730984,replicas_spec,deployment=workload-cloud,6.0
1783730994,replicas_spec,deployment=workload-cloud,6.0
1783731004,replicas_spec,deployment=workload-cloud,6.0
1783731014,replicas_spec,deployment=workload-cloud,6.0
1783731024,replicas_spec,deployment=workload-cloud,6.0
1783731034,replicas_spec,deployment=workload-cloud,6.0
1783731044,replicas_spec,deployment=workload-cloud,6.0
1783731054,replicas_spec,deployment=workload-cloud,6.0
1783731064,replicas_spec,deployment=workload-cloud,6.0
1783731074,replicas_spec,deployment=workload-cloud,6.0
1783731084,replicas_spec,deployment=workload-cloud,6.0
1783731094,replicas_spec,deployment=workload-cloud,6.0
1783731104,replicas_spec,deployment=workload-cloud,6.0
1783731114,replicas_spec,deployment=workload-cloud,6.0
1783731124,replicas_spec,deployment=workload-cloud,6.0
1783731134,replicas_spec,deployment=workload-cloud,6.0
1783731144,replicas_spec,deployment=workload-cloud,6.0
1783731154,replicas_spec,deployment=workload-cloud,6.0
1783731164,replicas_spec,deployment=workload-cloud,6.0
1783731174,replicas_spec,deployment=workload-cloud,6.0
1783731184,replicas_spec,deployment=workload-cloud,6.0
1783731194,replicas_spec,deployment=workload-cloud,6.0
1783731204,replicas_spec,deployment=workload-cloud,6.0
1783731214,replicas_spec,deployment=workload-cloud,6.0
1783731224,replicas_spec,deployment=workload-cloud,6.0
1783731234,replicas_spec,deployment=workload-cloud,6.0
1783731244,replicas_spec,deployment=workload-cloud,6.0
1783731254,replicas_spec,deployment=workload-cloud,6.0
1783731264,replicas_spec,deployment=workload-cloud,6.0
1783731274,replicas_spec,deployment=workload-cloud,6.0
1783731284,replicas_spec,deployment=workload-cloud,6.0
1783731294,replicas_spec,deployment=workload-cloud,6.0
1783731304,replicas_spec,deployment=workload-cloud,6.0
1783731314,replicas_spec,deployment=workload-cloud,6.0
1783731324,replicas_spec,deployment=workload-cloud,6.0
1783731334,replicas_spec,deployment=workload-cloud,6.0
1783731344,replicas_spec,deployment=workload-cloud,6.0
1783731354,replicas_spec,deployment=workload-cloud,6.0
1783731364,replicas_spec,deployment=workload-cloud,6.0
1783731374,replicas_spec,deployment=workload-cloud,6.0
1783731384,replicas_spec,deployment=workload-cloud,6.0
1783731394,replicas_spec,deployment=workload-cloud,6.0
1783731404,replicas_spec,deployment=workload-cloud,6.0
1783731414,replicas_spec,deployment=workload-cloud,5.0
1783730774,replicas_spec,deployment=workload-edge,1.0
1783730784,replicas_spec,deployment=workload-edge,1.0
1783730794,replicas_spec,deployment=workload-edge,1.0
1783730804,replicas_spec,deployment=workload-edge,1.0
1783730814,replicas_spec,deployment=workload-edge,1.0
1783730824,replicas_spec,deployment=workload-edge,1.0
1783730834,replicas_spec,deployment=workload-edge,1.0
1783730844,replicas_spec,deployment=workload-edge,1.0
1783730854,replicas_spec,deployment=workload-edge,1.0
1783730864,replicas_spec,deployment=workload-edge,1.0
1783730874,replicas_spec,deployment=workload-edge,1.0
1783730884,replicas_spec,deployment=workload-edge,1.0
1783730894,replicas_spec,deployment=workload-edge,1.0
1783730904,replicas_spec,deployment=workload-edge,1.0
1783730914,replicas_spec,deployment=workload-edge,1.0
1783730924,replicas_spec,deployment=workload-edge,1.0
1783730934,replicas_spec,deployment=workload-edge,1.0
1783730944,replicas_spec,deployment=workload-edge,1.0
1783730954,replicas_spec,deployment=workload-edge,1.0
1783730964,replicas_spec,deployment=workload-edge,1.0
1783730974,replicas_spec,deployment=workload-edge,1.0
1783730984,replicas_spec,deployment=workload-edge,1.0
1783730994,replicas_spec,deployment=workload-edge,1.0
1783731004,replicas_spec,deployment=workload-edge,1.0
1783731014,replicas_spec,deployment=workload-edge,1.0
1783731024,replicas_spec,deployment=workload-edge,1.0
1783731034,replicas_spec,deployment=workload-edge,1.0
1783731044,replicas_spec,deployment=workload-edge,1.0
1783731054,replicas_spec,deployment=workload-edge,1.0
1783731064,replicas_spec,deployment=workload-edge,1.0
1783731074,replicas_spec,deployment=workload-edge,1.0
1783731084,replicas_spec,deployment=workload-edge,1.0
1783731094,replicas_spec,deployment=workload-edge,1.0
1783731104,replicas_spec,deployment=workload-edge,1.0
1783731114,replicas_spec,deployment=workload-edge,1.0
1783731124,replicas_spec,deployment=workload-edge,1.0
1783731134,replicas_spec,deployment=workload-edge,1.0
1783731144,replicas_spec,deployment=workload-edge,1.0
1783731154,replicas_spec,deployment=workload-edge,1.0
1783731164,replicas_spec,deployment=workload-edge,1.0
1783731174,replicas_spec,deployment=workload-edge,1.0
1783731184,replicas_spec,deployment=workload-edge,1.0
1783731194,replicas_spec,deployment=workload-edge,1.0
1783731204,replicas_spec,deployment=workload-edge,1.0
1783731214,replicas_spec,deployment=workload-edge,1.0
1783731224,replicas_spec,deployment=workload-edge,1.0
1783731234,replicas_spec,deployment=workload-edge,1.0
1783731244,replicas_spec,deployment=workload-edge,1.0
1783731254,replicas_spec,deployment=workload-edge,1.0
1783731264,replicas_spec,deployment=workload-edge,1.0
1783731274,replicas_spec,deployment=workload-edge,1.0
1783731284,replicas_spec,deployment=workload-edge,1.0
1783731294,replicas_spec,deployment=workload-edge,1.0
1783731304,replicas_spec,deployment=workload-edge,1.0
1783731314,replicas_spec,deployment=workload-edge,1.0
1783731324,replicas_spec,deployment=workload-edge,1.0
1783731334,replicas_spec,deployment=workload-edge,1.0
1783731344,replicas_spec,deployment=workload-edge,1.0
1783731354,replicas_spec,deployment=workload-edge,1.0
1783731364,replicas_spec,deployment=workload-edge,1.0
1783731374,replicas_spec,deployment=workload-edge,1.0
1783731384,replicas_spec,deployment=workload-edge,1.0
1783731394,replicas_spec,deployment=workload-edge,1.0
1783731404,replicas_spec,deployment=workload-edge,1.0
1783731414,replicas_spec,deployment=workload-edge,1.0
1783730774,cpu_cores,pod=workload-cloud-6f545f89ff-5d228,0.0007142137704283956
1783730964,cpu_cores,pod=workload-cloud-6f545f89ff-5jwk4,0.011402664948399602
1783730974,cpu_cores,pod=workload-cloud-6f545f89ff-5jwk4,0.018845079427942793
1783730984,cpu_cores,pod=workload-cloud-6f545f89ff-5jwk4,0.055846117938211384
1783730994,cpu_cores,pod=workload-cloud-6f545f89ff-5jwk4,0.07185972769430894
1783731004,cpu_cores,pod=workload-cloud-6f545f89ff-5jwk4,0.12679644138022364
1783731014,cpu_cores,pod=workload-cloud-6f545f89ff-5jwk4,0.13122588333333335
1783731024,cpu_cores,pod=workload-cloud-6f545f89ff-5jwk4,0.21789228863298082
1783731034,cpu_cores,pod=workload-cloud-6f545f89ff-5jwk4,0.2319373204437268
1783731044,cpu_cores,pod=workload-cloud-6f545f89ff-5jwk4,0.23519864839729682
1783731054,cpu_cores,pod=workload-cloud-6f545f89ff-5jwk4,0.23519864839729682
1783731064,cpu_cores,pod=workload-cloud-6f545f89ff-5jwk4,0.23385593296490986
1783731074,cpu_cores,pod=workload-cloud-6f545f89ff-5jwk4,0.23610945498082625
1783731084,cpu_cores,pod=workload-cloud-6f545f89ff-5jwk4,0.23630190523826844
1783731094,cpu_cores,pod=workload-cloud-6f545f89ff-5jwk4,0.23745233810792013
1783731104,cpu_cores,pod=workload-cloud-6f545f89ff-5jwk4,0.2404879910161801
1783731114,cpu_cores,pod=workload-cloud-6f545f89ff-5jwk4,0.2404879910161801
1783731124,cpu_cores,pod=workload-cloud-6f545f89ff-5jwk4,0.23025631668899263
1783731134,cpu_cores,pod=workload-cloud-6f545f89ff-5jwk4,0.19754630085705843
1783731144,cpu_cores,pod=workload-cloud-6f545f89ff-5jwk4,0.14704332035865708
1783731154,cpu_cores,pod=workload-cloud-6f545f89ff-5jwk4,0.10877162484918616
1783731164,cpu_cores,pod=workload-cloud-6f545f89ff-5jwk4,0.039541567431611205
1783731174,cpu_cores,pod=workload-cloud-6f545f89ff-5jwk4,0.039541567431611205
1783731184,cpu_cores,pod=workload-cloud-6f545f89ff-5jwk4,0.01033626808200645
1783731194,cpu_cores,pod=workload-cloud-6f545f89ff-5jwk4,0.0018561477058587678
1783731204,cpu_cores,pod=workload-cloud-6f545f89ff-5jwk4,0.0018310214375789145
1783731214,cpu_cores,pod=workload-cloud-6f545f89ff-5jwk4,0.0018225101702575954
1783731224,cpu_cores,pod=workload-cloud-6f545f89ff-5jwk4,0.0018394983760375105
1783731234,cpu_cores,pod=workload-cloud-6f545f89ff-5jwk4,0.0018378943506969165
1783731244,cpu_cores,pod=workload-cloud-6f545f89ff-5jwk4,0.0015138981949363716
1783731254,cpu_cores,pod=workload-cloud-6f545f89ff-5jwk4,0.0018569170350977006
1783731264,cpu_cores,pod=workload-cloud-6f545f89ff-5jwk4,0.001828043644716725
1783731274,cpu_cores,pod=workload-cloud-6f545f89ff-5jwk4,0.0016057438826528041
1783731284,cpu_cores,pod=workload-cloud-6f545f89ff-5jwk4,0.0018660209321978698
1783731294,cpu_cores,pod=workload-cloud-6f545f89ff-5jwk4,0.0014270112077308023
1783731304,cpu_cores,pod=workload-cloud-6f545f89ff-5jwk4,0.0019206389667772263
1783731314,cpu_cores,pod=workload-cloud-6f545f89ff-5jwk4,0.0020827736259579057
1783731324,cpu_cores,pod=workload-cloud-6f545f89ff-5jwk4,0.002188182976761986
1783731334,cpu_cores,pod=workload-cloud-6f545f89ff-5jwk4,0.002124494788342907
1783731344,cpu_cores,pod=workload-cloud-6f545f89ff-5jwk4,0.0021350060704167346
1783731354,cpu_cores,pod=workload-cloud-6f545f89ff-5jwk4,0.002103593841283033
1783731364,cpu_cores,pod=workload-cloud-6f545f89ff-5jwk4,0.0020162111958571412
1783731374,cpu_cores,pod=workload-cloud-6f545f89ff-5jwk4,0.002032971557987017
1783731384,cpu_cores,pod=workload-cloud-6f545f89ff-5jwk4,0.0021790726594422337
1783731394,cpu_cores,pod=workload-cloud-6f545f89ff-5jwk4,0.0018665426525796582
1783731404,cpu_cores,pod=workload-cloud-6f545f89ff-5jwk4,0.002286835599505493
1783731414,cpu_cores,pod=workload-cloud-6f545f89ff-5jwk4,0.0024490153172866927
1783730774,cpu_cores,pod=workload-cloud-6f545f89ff-9hvzm,0.0022058087367216326
1783730784,cpu_cores,pod=workload-cloud-6f545f89ff-9hvzm,0.005876400311969319
1783730794,cpu_cores,pod=workload-cloud-6f545f89ff-9hvzm,0.006911662452591196
1783730804,cpu_cores,pod=workload-cloud-6f545f89ff-9hvzm,0.019918521431381866
1783730814,cpu_cores,pod=workload-cloud-6f545f89ff-9hvzm,0.037442122568274665
1783730824,cpu_cores,pod=workload-cloud-6f545f89ff-9hvzm,0.04885655202438054
1783730834,cpu_cores,pod=workload-cloud-6f545f89ff-9hvzm,0.078943205115689
1783730844,cpu_cores,pod=workload-cloud-6f545f89ff-9hvzm,0.10110381485373825
1783730854,cpu_cores,pod=workload-cloud-6f545f89ff-9hvzm,0.08127876098057094
1783730864,cpu_cores,pod=workload-cloud-6f545f89ff-9hvzm,0.12235139318885456
1783730874,cpu_cores,pod=workload-cloud-6f545f89ff-9hvzm,0.13322306572379522
1783730884,cpu_cores,pod=workload-cloud-6f545f89ff-9hvzm,0.13322306572379522
1783730894,cpu_cores,pod=workload-cloud-6f545f89ff-9hvzm,0.14171910682567762
1783730904,cpu_cores,pod=workload-cloud-6f545f89ff-9hvzm,0.1586887337037574
1783730914,cpu_cores,pod=workload-cloud-6f545f89ff-9hvzm,0.161482781502023
1783730924,cpu_cores,pod=workload-cloud-6f545f89ff-9hvzm,0.17199612749478593
1783730934,cpu_cores,pod=workload-cloud-6f545f89ff-9hvzm,0.17975106120157253
1783730944,cpu_cores,pod=workload-cloud-6f545f89ff-9hvzm,0.17975106120157253
1783730954,cpu_cores,pod=workload-cloud-6f545f89ff-9hvzm,0.18855824656535605
1783730964,cpu_cores,pod=workload-cloud-6f545f89ff-9hvzm,0.19903122448979552
1783730974,cpu_cores,pod=workload-cloud-6f545f89ff-9hvzm,0.18701441630608504
1783730984,cpu_cores,pod=workload-cloud-6f545f89ff-9hvzm,0.22576057498848354
1783730994,cpu_cores,pod=workload-cloud-6f545f89ff-9hvzm,0.2682860488018377
1783731004,cpu_cores,pod=workload-cloud-6f545f89ff-9hvzm,0.2682860488018377
1783731014,cpu_cores,pod=workload-cloud-6f545f89ff-9hvzm,0.32404129141111315
1783731024,cpu_cores,pod=workload-cloud-6f545f89ff-9hvzm,0.3474400620429873
1783731034,cpu_cores,pod=workload-cloud-6f545f89ff-9hvzm,0.36109773326635536
1783731044,cpu_cores,pod=workload-cloud-6f545f89ff-9hvzm,0.35625881259492653
1783731054,cpu_cores,pod=workload-cloud-6f545f89ff-9hvzm,0.3584884740878827
1783731064,cpu_cores,pod=workload-cloud-6f545f89ff-9hvzm,0.3570486634919528
1783731074,cpu_cores,pod=workload-cloud-6f545f89ff-9hvzm,0.35252304725168776
1783731084,cpu_cores,pod=workload-cloud-6f545f89ff-9hvzm,0.3571693378875433
1783731094,cpu_cores,pod=workload-cloud-6f545f89ff-9hvzm,0.3571693378875433
1783731104,cpu_cores,pod=workload-cloud-6f545f89ff-9hvzm,0.3506602936005657
1783731114,cpu_cores,pod=workload-cloud-6f545f89ff-9hvzm,0.3459695892575067
1783731124,cpu_cores,pod=workload-cloud-6f545f89ff-9hvzm,0.2860474236567481
1783731134,cpu_cores,pod=workload-cloud-6f545f89ff-9hvzm,0.33677180597765477
1783731144,cpu_cores,pod=workload-cloud-6f545f89ff-9hvzm,0.25962566759573463
1783731154,cpu_cores,pod=workload-cloud-6f545f89ff-9hvzm,0.2794049715394288
1783731164,cpu_cores,pod=workload-cloud-6f545f89ff-9hvzm,0.24068885485390853
1783731174,cpu_cores,pod=workload-cloud-6f545f89ff-9hvzm,0.21876766191106187
1783731184,cpu_cores,pod=workload-cloud-6f545f89ff-9hvzm,0.20278646087720853
1783731194,cpu_cores,pod=workload-cloud-6f545f89ff-9hvzm,0.16179205121943152
1783731204,cpu_cores,pod=workload-cloud-6f545f89ff-9hvzm,0.20389517562679868
1783731214,cpu_cores,pod=workload-cloud-6f545f89ff-9hvzm,0.2024079080459777
1783731224,cpu_cores,pod=workload-cloud-6f545f89ff-9hvzm,0.20238118847625364
1783731234,cpu_cores,pod=workload-cloud-6f545f89ff-9hvzm,0.20220534063030624
1783731244,cpu_cores,pod=workload-cloud-6f545f89ff-9hvzm,0.19958525164971572
1783731254,cpu_cores,pod=workload-cloud-6f545f89ff-9hvzm,0.17369114426120313
1783731264,cpu_cores,pod=workload-cloud-6f545f89ff-9hvzm,0.20489614084668323
1783731274,cpu_cores,pod=workload-cloud-6f545f89ff-9hvzm,0.20472974786867573
1783731284,cpu_cores,pod=workload-cloud-6f545f89ff-9hvzm,0.20555805809242667
1783731294,cpu_cores,pod=workload-cloud-6f545f89ff-9hvzm,0.2040753409493469
1783731304,cpu_cores,pod=workload-cloud-6f545f89ff-9hvzm,0.20037619003817395
1783731314,cpu_cores,pod=workload-cloud-6f545f89ff-9hvzm,0.20037619003817395
1783731324,cpu_cores,pod=workload-cloud-6f545f89ff-9hvzm,0.19959730213527713
1783731334,cpu_cores,pod=workload-cloud-6f545f89ff-9hvzm,0.19789479711674293
1783731344,cpu_cores,pod=workload-cloud-6f545f89ff-9hvzm,0.19789479711674293
1783731354,cpu_cores,pod=workload-cloud-6f545f89ff-9hvzm,0.16823466148671043
1783731364,cpu_cores,pod=workload-cloud-6f545f89ff-9hvzm,0.08565851167747245
1783731374,cpu_cores,pod=workload-cloud-6f545f89ff-9hvzm,0.08565851167747245
1783731384,cpu_cores,pod=workload-cloud-6f545f89ff-9hvzm,0.03285954181285958
1783731394,cpu_cores,pod=workload-cloud-6f545f89ff-9hvzm,0.0028259155645963124
1783731404,cpu_cores,pod=workload-cloud-6f545f89ff-9hvzm,0.0026094314907016036
1783731414,cpu_cores,pod=workload-cloud-6f545f89ff-9hvzm,0.00201413268282353
1783730884,cpu_cores,pod=workload-cloud-6f545f89ff-gr5gs,0.00944883584605598
1783730894,cpu_cores,pod=workload-cloud-6f545f89ff-gr5gs,0.011142366666666667
1783730904,cpu_cores,pod=workload-cloud-6f545f89ff-gr5gs,0.017718935436599113
1783730914,cpu_cores,pod=workload-cloud-6f545f89ff-gr5gs,0.022673938122835295
1783730924,cpu_cores,pod=workload-cloud-6f545f89ff-gr5gs,0.03421139658041604
1783730934,cpu_cores,pod=workload-cloud-6f545f89ff-gr5gs,0.04012665749175351
1783730944,cpu_cores,pod=workload-cloud-6f545f89ff-gr5gs,0.04104349717168847
1783730954,cpu_cores,pod=workload-cloud-6f545f89ff-gr5gs,0.05257258644770813
1783730964,cpu_cores,pod=workload-cloud-6f545f89ff-gr5gs,0.07330584859481813
1783730974,cpu_cores,pod=workload-cloud-6f545f89ff-gr5gs,0.07330584859481813
1783730984,cpu_cores,pod=workload-cloud-6f545f89ff-gr5gs,0.1325573099304358
1783730994,cpu_cores,pod=workload-cloud-6f545f89ff-gr5gs,0.175346628228371
1783731004,cpu_cores,pod=workload-cloud-6f545f89ff-gr5gs,0.22532748394408764
1783731014,cpu_cores,pod=workload-cloud-6f545f89ff-gr5gs,0.2809405043231672
1783731024,cpu_cores,pod=workload-cloud-6f545f89ff-gr5gs,0.3180853013562339
1783731034,cpu_cores,pod=workload-cloud-6f545f89ff-gr5gs,0.3180853013562339
1783731044,cpu_cores,pod=workload-cloud-6f545f89ff-gr5gs,0.3230370520841797
1783731054,cpu_cores,pod=workload-cloud-6f545f89ff-gr5gs,0.3222454040107003
1783731064,cpu_cores,pod=workload-cloud-6f545f89ff-gr5gs,0.32138050165641274
1783731074,cpu_cores,pod=workload-cloud-6f545f89ff-gr5gs,0.3212694520518863
1783731084,cpu_cores,pod=workload-cloud-6f545f89ff-gr5gs,0.31859305791693354
1783731094,cpu_cores,pod=workload-cloud-6f545f89ff-gr5gs,0.3222370299771621
1783731104,cpu_cores,pod=workload-cloud-6f545f89ff-gr5gs,0.32296770548203213
1783731114,cpu_cores,pod=workload-cloud-6f545f89ff-gr5gs,0.3197004195406386
1783731124,cpu_cores,pod=workload-cloud-6f545f89ff-gr5gs,0.3112429661421077
1783731134,cpu_cores,pod=workload-cloud-6f545f89ff-gr5gs,0.26716357249103934
1783731144,cpu_cores,pod=workload-cloud-6f545f89ff-gr5gs,0.2467960040443116
1783731154,cpu_cores,pod=workload-cloud-6f545f89ff-gr5gs,0.17273547491121022
1783731164,cpu_cores,pod=workload-cloud-6f545f89ff-gr5gs,0.17273547491121022
1783731174,cpu_cores,pod=workload-cloud-6f545f89ff-gr5gs,0.1145165397429796
1783731184,cpu_cores,pod=workload-cloud-6f545f89ff-gr5gs,0.08908015502510347
1783731194,cpu_cores,pod=workload-cloud-6f545f89ff-gr5gs,0.08929158706573267
1783731204,cpu_cores,pod=workload-cloud-6f545f89ff-gr5gs,0.08940324214792308
1783731214,cpu_cores,pod=workload-cloud-6f545f89ff-gr5gs,0.0755120910252647
1783731224,cpu_cores,pod=workload-cloud-6f545f89ff-gr5gs,0.07410809210790859
1783731234,cpu_cores,pod=workload-cloud-6f545f89ff-gr5gs,0.0884718217862626
1783731244,cpu_cores,pod=workload-cloud-6f545f89ff-gr5gs,0.08817339497740875
1783731254,cpu_cores,pod=workload-cloud-6f545f89ff-gr5gs,0.08812258680673998
1783731264,cpu_cores,pod=workload-cloud-6f545f89ff-gr5gs,0.08782072486696377
1783731274,cpu_cores,pod=workload-cloud-6f545f89ff-gr5gs,0.08838677668465028
1783731284,cpu_cores,pod=workload-cloud-6f545f89ff-gr5gs,0.08838677668465028
1783731294,cpu_cores,pod=workload-cloud-6f545f89ff-gr5gs,0.08908603391289045
1783731304,cpu_cores,pod=workload-cloud-6f545f89ff-gr5gs,0.08894441862171869
1783731314,cpu_cores,pod=workload-cloud-6f545f89ff-gr5gs,0.08781427738550233
1783731324,cpu_cores,pod=workload-cloud-6f545f89ff-gr5gs,0.0876198672922624
1783731334,cpu_cores,pod=workload-cloud-6f545f89ff-gr5gs,0.07717633303501828
1783731344,cpu_cores,pod=workload-cloud-6f545f89ff-gr5gs,0.059131193211040656
1783731354,cpu_cores,pod=workload-cloud-6f545f89ff-gr5gs,0.04457759524051001
1783731364,cpu_cores,pod=workload-cloud-6f545f89ff-gr5gs,0.030092259386273728
1783731374,cpu_cores,pod=workload-cloud-6f545f89ff-gr5gs,0.0034402324993682274
1783731384,cpu_cores,pod=workload-cloud-6f545f89ff-gr5gs,0.0034402324993682274
1783731394,cpu_cores,pod=workload-cloud-6f545f89ff-gr5gs,0.00199046725073001
1783731404,cpu_cores,pod=workload-cloud-6f545f89ff-gr5gs,0.0019265720329888331
1783731414,cpu_cores,pod=workload-cloud-6f545f89ff-gr5gs,0.0013125815534587627
1783730774,cpu_cores,pod=workload-cloud-6f545f89ff-w8f86,0.0007435843544356514
1783730964,cpu_cores,pod=workload-cloud-6f545f89ff-x9khx,0.011076461768146697
1783730974,cpu_cores,pod=workload-cloud-6f545f89ff-x9khx,0.01831415085292197
1783730984,cpu_cores,pod=workload-cloud-6f545f89ff-x9khx,0.03167205216432046
1783730994,cpu_cores,pod=workload-cloud-6f545f89ff-x9khx,0.04068459037087261
1783731004,cpu_cores,pod=workload-cloud-6f545f89ff-x9khx,0.0935986596463543
1783731014,cpu_cores,pod=workload-cloud-6f545f89ff-x9khx,0.13488040269018298
1783731024,cpu_cores,pod=workload-cloud-6f545f89ff-x9khx,0.16672065288701343
1783731034,cpu_cores,pod=workload-cloud-6f545f89ff-x9khx,0.1907903917768244
1783731044,cpu_cores,pod=workload-cloud-6f545f89ff-x9khx,0.1606752223339887
1783731054,cpu_cores,pod=workload-cloud-6f545f89ff-x9khx,0.1924119955275205
1783731064,cpu_cores,pod=workload-cloud-6f545f89ff-x9khx,0.19012400187881634
1783731074,cpu_cores,pod=workload-cloud-6f545f89ff-x9khx,0.1896865406460257
1783731084,cpu_cores,pod=workload-cloud-6f545f89ff-x9khx,0.1886099674540264
1783731094,cpu_cores,pod=workload-cloud-6f545f89ff-x9khx,0.1897749744214903
1783731104,cpu_cores,pod=workload-cloud-6f545f89ff-x9khx,0.1897749744214903
1783731114,cpu_cores,pod=workload-cloud-6f545f89ff-x9khx,0.18892467651574063
1783731124,cpu_cores,pod=workload-cloud-6f545f89ff-x9khx,0.1901429941581655
1783731134,cpu_cores,pod=workload-cloud-6f545f89ff-x9khx,0.15543157396352256
1783731144,cpu_cores,pod=workload-cloud-6f545f89ff-x9khx,0.11079882065693097
1783731154,cpu_cores,pod=workload-cloud-6f545f89ff-x9khx,0.02959086500340802
1783731164,cpu_cores,pod=workload-cloud-6f545f89ff-x9khx,0.029581831187883968
1783731174,cpu_cores,pod=workload-cloud-6f545f89ff-x9khx,0.00835368020622165
1783731184,cpu_cores,pod=workload-cloud-6f545f89ff-x9khx,0.007055604378045834
1783731194,cpu_cores,pod=workload-cloud-6f545f89ff-x9khx,0.0018636779150053647
1783731204,cpu_cores,pod=workload-cloud-6f545f89ff-x9khx,0.001553891902491494
1783731214,cpu_cores,pod=workload-cloud-6f545f89ff-x9khx,0.001872906577885375
1783731224,cpu_cores,pod=workload-cloud-6f545f89ff-x9khx,0.0018783756751350556
1783731234,cpu_cores,pod=workload-cloud-6f545f89ff-x9khx,0.0019262242611757028
1783731244,cpu_cores,pod=workload-cloud-6f545f89ff-x9khx,0.001970810835234817
1783731254,cpu_cores,pod=workload-cloud-6f545f89ff-x9khx,0.0018953269675926188
1783731264,cpu_cores,pod=workload-cloud-6f545f89ff-x9khx,0.0015496825062693116
1783731274,cpu_cores,pod=workload-cloud-6f545f89ff-x9khx,0.001876150329513731
1783731284,cpu_cores,pod=workload-cloud-6f545f89ff-x9khx,0.001811202174190002
1783731294,cpu_cores,pod=workload-cloud-6f545f89ff-x9khx,0.001855968331303303
1783731304,cpu_cores,pod=workload-cloud-6f545f89ff-x9khx,0.001855968331303303
1783731314,cpu_cores,pod=workload-cloud-6f545f89ff-x9khx,0.002026443377444645
1783731324,cpu_cores,pod=workload-cloud-6f545f89ff-x9khx,0.0017344948058580717
1783731334,cpu_cores,pod=workload-cloud-6f545f89ff-x9khx,0.00201532895562339
1783731344,cpu_cores,pod=workload-cloud-6f545f89ff-x9khx,0.0021244413951677105
1783731354,cpu_cores,pod=workload-cloud-6f545f89ff-x9khx,0.0020692501520549324
1783731364,cpu_cores,pod=workload-cloud-6f545f89ff-x9khx,0.002056801252192319
1783731374,cpu_cores,pod=workload-cloud-6f545f89ff-x9khx,0.0022111821864140555
1783731384,cpu_cores,pod=workload-cloud-6f545f89ff-x9khx,0.00211285646513101
1783731394,cpu_cores,pod=workload-cloud-6f545f89ff-x9khx,0.0020539852115636706
1783731404,cpu_cores,pod=workload-cloud-6f545f89ff-x9khx,0.0018672039113630222
1783731414,cpu_cores,pod=workload-cloud-6f545f89ff-x9khx,0.002277016232929623
1783730944,cpu_cores,pod=workload-cloud-6f545f89ff-xwhls,0.010963489567430026
1783730954,cpu_cores,pod=workload-cloud-6f545f89ff-xwhls,0.008156195012329075
1783730964,cpu_cores,pod=workload-cloud-6f545f89ff-xwhls,0.010342139867742657
1783730974,cpu_cores,pod=workload-cloud-6f545f89ff-xwhls,0.021396870540911404
1783730984,cpu_cores,pod=workload-cloud-6f545f89ff-xwhls,0.05931697379902737
1783730994,cpu_cores,pod=workload-cloud-6f545f89ff-xwhls,0.11374445710923999
1783731004,cpu_cores,pod=workload-cloud-6f545f89ff-xwhls,0.1724656183447837
1783731014,cpu_cores,pod=workload-cloud-6f545f89ff-xwhls,0.18484884166666668
1783731024,cpu_cores,pod=workload-cloud-6f545f89ff-xwhls,0.2518463073465592
1783731034,cpu_cores,pod=workload-cloud-6f545f89ff-xwhls,0.28013445965627737
1783731044,cpu_cores,pod=workload-cloud-6f545f89ff-xwhls,0.23724416848833213
1783731054,cpu_cores,pod=workload-cloud-6f545f89ff-xwhls,0.2850786910623293
1783731064,cpu_cores,pod=workload-cloud-6f545f89ff-xwhls,0.24361270739081298
1783731074,cpu_cores,pod=workload-cloud-6f545f89ff-xwhls,0.2873930569231736
1783731084,cpu_cores,pod=workload-cloud-6f545f89ff-xwhls,0.2812370905052748
1783731094,cpu_cores,pod=workload-cloud-6f545f89ff-xwhls,0.28069258204619313
1783731104,cpu_cores,pod=workload-cloud-6f545f89ff-xwhls,0.2812783477925191
1783731114,cpu_cores,pod=workload-cloud-6f545f89ff-xwhls,0.27992673210669955
1783731124,cpu_cores,pod=workload-cloud-6f545f89ff-xwhls,0.27992673210669955
1783731134,cpu_cores,pod=workload-cloud-6f545f89ff-xwhls,0.25313756406112947
1783731144,cpu_cores,pod=workload-cloud-6f545f89ff-xwhls,0.18267249669998117
1783731154,cpu_cores,pod=workload-cloud-6f545f89ff-xwhls,0.1350738568329718
1783731164,cpu_cores,pod=workload-cloud-6f545f89ff-xwhls,0.09124231064540891
1783731174,cpu_cores,pod=workload-cloud-6f545f89ff-xwhls,0.022316838852949585
1783731184,cpu_cores,pod=workload-cloud-6f545f89ff-xwhls,0.0183446895020007
1783731194,cpu_cores,pod=workload-cloud-6f545f89ff-xwhls,0.0019406283903083135
1783731204,cpu_cores,pod=workload-cloud-6f545f89ff-xwhls,0.0018609172692113725
1783731214,cpu_cores,pod=workload-cloud-6f545f89ff-xwhls,0.0019368894491076122
1783731224,cpu_cores,pod=workload-cloud-6f545f89ff-xwhls,0.0018533408127648914
1783731234,cpu_cores,pod=workload-cloud-6f545f89ff-xwhls,0.0018655067224042211
1783731244,cpu_cores,pod=workload-cloud-6f545f89ff-xwhls,0.0018908641436724371
1783731254,cpu_cores,pod=workload-cloud-6f545f89ff-xwhls,0.0018664208513793144
1783731264,cpu_cores,pod=workload-cloud-6f545f89ff-xwhls,0.0019476507243709556
1783731274,cpu_cores,pod=workload-cloud-6f545f89ff-xwhls,0.0019024504631259018
1783731284,cpu_cores,pod=workload-cloud-6f545f89ff-xwhls,0.0018679573554452704
1783731294,cpu_cores,pod=workload-cloud-6f545f89ff-xwhls,0.001836326238184391
1783731304,cpu_cores,pod=workload-cloud-6f545f89ff-xwhls,0.0018699336924989836
1783731314,cpu_cores,pod=workload-cloud-6f545f89ff-xwhls,0.001906717161650293
1783731324,cpu_cores,pod=workload-cloud-6f545f89ff-xwhls,0.0018107541625856775
1783731334,cpu_cores,pod=workload-cloud-6f545f89ff-xwhls,0.0018235485520382967
1783731344,cpu_cores,pod=workload-cloud-6f545f89ff-xwhls,0.0016809623990516735
1783731354,cpu_cores,pod=workload-cloud-6f545f89ff-xwhls,0.0020208935318960157
1783731364,cpu_cores,pod=workload-cloud-6f545f89ff-xwhls,0.002082394607563093
1783731374,cpu_cores,pod=workload-cloud-6f545f89ff-xwhls,0.002038310832141709
1783731384,cpu_cores,pod=workload-cloud-6f545f89ff-xwhls,0.0020671206892611837
1783731394,cpu_cores,pod=workload-cloud-6f545f89ff-xwhls,0.0018316840610419236
1783731404,cpu_cores,pod=workload-cloud-6f545f89ff-xwhls,0.001530791890602717
1783731414,cpu_cores,pod=workload-cloud-6f545f89ff-xwhls,0.0019255158822165652
1783730844,cpu_cores,pod=workload-cloud-6f545f89ff-z9krk,0.013546050801144491
1783730854,cpu_cores,pod=workload-cloud-6f545f89ff-z9krk,0.014622891666666664
1783730864,cpu_cores,pod=workload-cloud-6f545f89ff-z9krk,0.031988787661613526
1783730874,cpu_cores,pod=workload-cloud-6f545f89ff-z9krk,0.045089811558089526
1783730884,cpu_cores,pod=workload-cloud-6f545f89ff-z9krk,0.055076523351656664
1783730894,cpu_cores,pod=workload-cloud-6f545f89ff-z9krk,0.06391775481624465
1783730904,cpu_cores,pod=workload-cloud-6f545f89ff-z9krk,0.06852356202356202
1783730914,cpu_cores,pod=workload-cloud-6f545f89ff-z9krk,0.06860828368678962
1783730924,cpu_cores,pod=workload-cloud-6f545f89ff-z9krk,0.07338713602416716
1783730934,cpu_cores,pod=workload-cloud-6f545f89ff-z9krk,0.062382614743081266
1783730944,cpu_cores,pod=workload-cloud-6f545f89ff-z9krk,0.08150579612952674
1783730954,cpu_cores,pod=workload-cloud-6f545f89ff-z9krk,0.06969896231022313
1783730964,cpu_cores,pod=workload-cloud-6f545f89ff-z9krk,0.08881540266666667
1783730974,cpu_cores,pod=workload-cloud-6f545f89ff-z9krk,0.10375877494076222
1783730984,cpu_cores,pod=workload-cloud-6f545f89ff-z9krk,0.0918184540777463
1783730994,cpu_cores,pod=workload-cloud-6f545f89ff-z9krk,0.15440237639714025
1783731004,cpu_cores,pod=workload-cloud-6f545f89ff-z9krk,0.22110838262672913
1783731014,cpu_cores,pod=workload-cloud-6f545f89ff-z9krk,0.24381709948656896
1783731024,cpu_cores,pod=workload-cloud-6f545f89ff-z9krk,0.23202904847328246
1783731034,cpu_cores,pod=workload-cloud-6f545f89ff-z9krk,0.2959742277547257
1783731044,cpu_cores,pod=workload-cloud-6f545f89ff-z9krk,0.2928658776402039
1783731054,cpu_cores,pod=workload-cloud-6f545f89ff-z9krk,0.2948738282472974
1783731064,cpu_cores,pod=workload-cloud-6f545f89ff-z9krk,0.28590408600148925
1783731074,cpu_cores,pod=workload-cloud-6f545f89ff-z9krk,0.28367769701606727
1783731084,cpu_cores,pod=workload-cloud-6f545f89ff-z9krk,0.28367769701606727
1783731094,cpu_cores,pod=workload-cloud-6f545f89ff-z9krk,0.2885148692582325
1783731104,cpu_cores,pod=workload-cloud-6f545f89ff-z9krk,0.28874804218440014
1783731114,cpu_cores,pod=workload-cloud-6f545f89ff-z9krk,0.2872929058199953
1783731124,cpu_cores,pod=workload-cloud-6f545f89ff-z9krk,0.2846147373631134
1783731134,cpu_cores,pod=workload-cloud-6f545f89ff-z9krk,0.2364505756984215
1783731144,cpu_cores,pod=workload-cloud-6f545f89ff-z9krk,0.23698819715734337
1783731154,cpu_cores,pod=workload-cloud-6f545f89ff-z9krk,0.18125696460707869
1783731164,cpu_cores,pod=workload-cloud-6f545f89ff-z9krk,0.18125696460707869
1783731174,cpu_cores,pod=workload-cloud-6f545f89ff-z9krk,0.1337438990951467
1783731184,cpu_cores,pod=workload-cloud-6f545f89ff-z9krk,0.1068830249677801
1783731194,cpu_cores,pod=workload-cloud-6f545f89ff-z9krk,0.1068830249677801
1783731204,cpu_cores,pod=workload-cloud-6f545f89ff-z9krk,0.10813163953949975
1783731214,cpu_cores,pod=workload-cloud-6f545f89ff-z9krk,0.10960145138531135
1783731224,cpu_cores,pod=workload-cloud-6f545f89ff-z9krk,0.10960145138531135
1783731234,cpu_cores,pod=workload-cloud-6f545f89ff-z9krk,0.11023173815659527
1783731244,cpu_cores,pod=workload-cloud-6f545f89ff-z9krk,0.09239310801551874
1783731254,cpu_cores,pod=workload-cloud-6f545f89ff-z9krk,0.10934976401736847
1783731264,cpu_cores,pod=workload-cloud-6f545f89ff-z9krk,0.10922790697674435
1783731274,cpu_cores,pod=workload-cloud-6f545f89ff-z9krk,0.1088334409152626
1783731284,cpu_cores,pod=workload-cloud-6f545f89ff-z9krk,0.1088334409152626
1783731294,cpu_cores,pod=workload-cloud-6f545f89ff-z9krk,0.10730615242939837
1783731304,cpu_cores,pod=workload-cloud-6f545f89ff-z9krk,0.08680903727472244
1783731314,cpu_cores,pod=workload-cloud-6f545f89ff-z9krk,0.10726363373772412
1783731324,cpu_cores,pod=workload-cloud-6f545f89ff-z9krk,0.107710212671688
1783731334,cpu_cores,pod=workload-cloud-6f545f89ff-z9krk,0.10127032179004206
1783731344,cpu_cores,pod=workload-cloud-6f545f89ff-z9krk,0.09007514503099413
1783731354,cpu_cores,pod=workload-cloud-6f545f89ff-z9krk,0.06967123606264533
1783731364,cpu_cores,pod=workload-cloud-6f545f89ff-z9krk,0.054376500857632716
1783731374,cpu_cores,pod=workload-cloud-6f545f89ff-z9krk,0.03489992876658319
1783731384,cpu_cores,pod=workload-cloud-6f545f89ff-z9krk,0.01251247474210355
1783731394,cpu_cores,pod=workload-cloud-6f545f89ff-z9krk,0.0019317432615862246
1783731404,cpu_cores,pod=workload-cloud-6f545f89ff-z9krk,0.001916368015980566
1783731414,cpu_cores,pod=workload-cloud-6f545f89ff-z9krk,0.0019133713068065477
1783730774,cpu_cores,pod=workload-edge-7b875fd8c6-pxwvc,0.0017798872825137214
1783730784,cpu_cores,pod=workload-edge-7b875fd8c6-pxwvc,0.0022051573611887683
1783730794,cpu_cores,pod=workload-edge-7b875fd8c6-pxwvc,0.0021758679129005878
1783730804,cpu_cores,pod=workload-edge-7b875fd8c6-pxwvc,0.0021581716135615943
1783730814,cpu_cores,pod=workload-edge-7b875fd8c6-pxwvc,0.002193202458261871
1783730824,cpu_cores,pod=workload-edge-7b875fd8c6-pxwvc,0.002205829345596912
1783730834,cpu_cores,pod=workload-edge-7b875fd8c6-pxwvc,0.0021819516753437116
1783730844,cpu_cores,pod=workload-edge-7b875fd8c6-pxwvc,0.0022431243453538284
1783730854,cpu_cores,pod=workload-edge-7b875fd8c6-pxwvc,0.0022211595568206966
1783730864,cpu_cores,pod=workload-edge-7b875fd8c6-pxwvc,0.0018427513065055895
1783730874,cpu_cores,pod=workload-edge-7b875fd8c6-pxwvc,0.0022258411782221203
1783730884,cpu_cores,pod=workload-edge-7b875fd8c6-pxwvc,0.002260899338050716
1783730894,cpu_cores,pod=workload-edge-7b875fd8c6-pxwvc,0.002231777842438388
1783730904,cpu_cores,pod=workload-edge-7b875fd8c6-pxwvc,0.0022830660279108852
1783730914,cpu_cores,pod=workload-edge-7b875fd8c6-pxwvc,0.002291886826830504
1783730924,cpu_cores,pod=workload-edge-7b875fd8c6-pxwvc,0.002237509649390497
1783730934,cpu_cores,pod=workload-edge-7b875fd8c6-pxwvc,0.00219688721552069
1783730944,cpu_cores,pod=workload-edge-7b875fd8c6-pxwvc,0.002221213292117411
1783730954,cpu_cores,pod=workload-edge-7b875fd8c6-pxwvc,0.0021924983650823643
1783730964,cpu_cores,pod=workload-edge-7b875fd8c6-pxwvc,0.0018411432566662507
1783730974,cpu_cores,pod=workload-edge-7b875fd8c6-pxwvc,0.0021970683253773873
1783730984,cpu_cores,pod=workload-edge-7b875fd8c6-pxwvc,0.0022072458639299923
1783730994,cpu_cores,pod=workload-edge-7b875fd8c6-pxwvc,0.002245083504510133
1783731004,cpu_cores,pod=workload-edge-7b875fd8c6-pxwvc,0.0022524323201027654
1783731014,cpu_cores,pod=workload-edge-7b875fd8c6-pxwvc,0.002295785827680714
1783731024,cpu_cores,pod=workload-edge-7b875fd8c6-pxwvc,0.0017798842324160801
1783731034,cpu_cores,pod=workload-edge-7b875fd8c6-pxwvc,0.0022223872910228947
1783731044,cpu_cores,pod=workload-edge-7b875fd8c6-pxwvc,0.002230446257197742
1783731054,cpu_cores,pod=workload-edge-7b875fd8c6-pxwvc,0.0022098328719368713
1783731064,cpu_cores,pod=workload-edge-7b875fd8c6-pxwvc,0.0022550235800696296
1783731074,cpu_cores,pod=workload-edge-7b875fd8c6-pxwvc,0.0017802910048298603
1783731084,cpu_cores,pod=workload-edge-7b875fd8c6-pxwvc,0.002254737738661348
1783731094,cpu_cores,pod=workload-edge-7b875fd8c6-pxwvc,0.002179427687548307
1783731104,cpu_cores,pod=workload-edge-7b875fd8c6-pxwvc,0.002225454879196021
1783731114,cpu_cores,pod=workload-edge-7b875fd8c6-pxwvc,0.002222098933352457
1783731124,cpu_cores,pod=workload-edge-7b875fd8c6-pxwvc,0.0019630955894126673
1783731134,cpu_cores,pod=workload-edge-7b875fd8c6-pxwvc,0.002247503016158692
1783731144,cpu_cores,pod=workload-edge-7b875fd8c6-pxwvc,0.002265869592012824
1783731154,cpu_cores,pod=workload-edge-7b875fd8c6-pxwvc,0.002213995196777246
1783731164,cpu_cores,pod=workload-edge-7b875fd8c6-pxwvc,0.0022151808637738907
1783731174,cpu_cores,pod=workload-edge-7b875fd8c6-pxwvc,0.002227984630249649
1783731184,cpu_cores,pod=workload-edge-7b875fd8c6-pxwvc,0.0022465905216501997
1783731194,cpu_cores,pod=workload-edge-7b875fd8c6-pxwvc,0.0022526831881012964
1783731204,cpu_cores,pod=workload-edge-7b875fd8c6-pxwvc,0.0022728245966606004
1783731214,cpu_cores,pod=workload-edge-7b875fd8c6-pxwvc,0.0022596946519449156
1783731224,cpu_cores,pod=workload-edge-7b875fd8c6-pxwvc,0.002203048296855229
1783731234,cpu_cores,pod=workload-edge-7b875fd8c6-pxwvc,0.0022189067414774893
1783731244,cpu_cores,pod=workload-edge-7b875fd8c6-pxwvc,0.0017551941478314975
1783731254,cpu_cores,pod=workload-edge-7b875fd8c6-pxwvc,0.002183874749982706
1783731264,cpu_cores,pod=workload-edge-7b875fd8c6-pxwvc,0.002233101096946333
1783731274,cpu_cores,pod=workload-edge-7b875fd8c6-pxwvc,0.0018458069300326075
1783731284,cpu_cores,pod=workload-edge-7b875fd8c6-pxwvc,0.0021960666218814747
1783731294,cpu_cores,pod=workload-edge-7b875fd8c6-pxwvc,0.0021931981097010962
1783731304,cpu_cores,pod=workload-edge-7b875fd8c6-pxwvc,0.002183919428977182
1783731314,cpu_cores,pod=workload-edge-7b875fd8c6-pxwvc,0.002199848372650641
1783731324,cpu_cores,pod=workload-edge-7b875fd8c6-pxwvc,0.0021814012416064266
1783731334,cpu_cores,pod=workload-edge-7b875fd8c6-pxwvc,0.002138865157340134
1783731344,cpu_cores,pod=workload-edge-7b875fd8c6-pxwvc,0.0023344334045143638
1783731354,cpu_cores,pod=workload-edge-7b875fd8c6-pxwvc,0.0024014603905809224
1783731364,cpu_cores,pod=workload-edge-7b875fd8c6-pxwvc,0.0023351518794211307
1783731374,cpu_cores,pod=workload-edge-7b875fd8c6-pxwvc,0.0020188648002391085
1783731384,cpu_cores,pod=workload-edge-7b875fd8c6-pxwvc,0.0024031084985553374
1783731394,cpu_cores,pod=workload-edge-7b875fd8c6-pxwvc,0.002154812707444311
1783731404,cpu_cores,pod=workload-edge-7b875fd8c6-pxwvc,0.0021632376320958337
1783731414,cpu_cores,pod=workload-edge-7b875fd8c6-pxwvc,0.0021807368624488705
1783730964,cpu_utilisation,pod=workload-cloud-6f545f89ff-5jwk4,0.05701332474199801
1783730974,cpu_utilisation,pod=workload-cloud-6f545f89ff-5jwk4,0.09422539713971397
1783730984,cpu_utilisation,pod=workload-cloud-6f545f89ff-5jwk4,0.2792305896910569
1783730994,cpu_utilisation,pod=workload-cloud-6f545f89ff-5jwk4,0.3592986384715447
1783731004,cpu_utilisation,pod=workload-cloud-6f545f89ff-5jwk4,0.6339822069011182
1783731014,cpu_utilisation,pod=workload-cloud-6f545f89ff-5jwk4,0.6561294166666667
1783731024,cpu_utilisation,pod=workload-cloud-6f545f89ff-5jwk4,1.0894614431649041
1783731034,cpu_utilisation,pod=workload-cloud-6f545f89ff-5jwk4,1.159686602218634
1783731044,cpu_utilisation,pod=workload-cloud-6f545f89ff-5jwk4,1.175993241986484
1783731054,cpu_utilisation,pod=workload-cloud-6f545f89ff-5jwk4,1.175993241986484
1783731064,cpu_utilisation,pod=workload-cloud-6f545f89ff-5jwk4,1.1692796648245491
1783731074,cpu_utilisation,pod=workload-cloud-6f545f89ff-5jwk4,1.1805472749041312
1783731084,cpu_utilisation,pod=workload-cloud-6f545f89ff-5jwk4,1.1815095261913422
1783731094,cpu_utilisation,pod=workload-cloud-6f545f89ff-5jwk4,1.1872616905396005
1783731104,cpu_utilisation,pod=workload-cloud-6f545f89ff-5jwk4,1.2024399550809004
1783731114,cpu_utilisation,pod=workload-cloud-6f545f89ff-5jwk4,1.2024399550809004
1783731124,cpu_utilisation,pod=workload-cloud-6f545f89ff-5jwk4,1.151281583444963
1783731134,cpu_utilisation,pod=workload-cloud-6f545f89ff-5jwk4,0.9877315042852921
1783731144,cpu_utilisation,pod=workload-cloud-6f545f89ff-5jwk4,0.7352166017932854
1783731154,cpu_utilisation,pod=workload-cloud-6f545f89ff-5jwk4,0.5438581242459308
1783731164,cpu_utilisation,pod=workload-cloud-6f545f89ff-5jwk4,0.197707837158056
1783731174,cpu_utilisation,pod=workload-cloud-6f545f89ff-5jwk4,0.197707837158056
1783731184,cpu_utilisation,pod=workload-cloud-6f545f89ff-5jwk4,0.051681340410032243
1783731194,cpu_utilisation,pod=workload-cloud-6f545f89ff-5jwk4,0.009280738529293838
1783731204,cpu_utilisation,pod=workload-cloud-6f545f89ff-5jwk4,0.009155107187894572
1783731214,cpu_utilisation,pod=workload-cloud-6f545f89ff-5jwk4,0.009112550851287976
1783731224,cpu_utilisation,pod=workload-cloud-6f545f89ff-5jwk4,0.009197491880187552
1783731234,cpu_utilisation,pod=workload-cloud-6f545f89ff-5jwk4,0.009189471753484581
1783731244,cpu_utilisation,pod=workload-cloud-6f545f89ff-5jwk4,0.007569490974681858
1783731254,cpu_utilisation,pod=workload-cloud-6f545f89ff-5jwk4,0.009284585175488502
1783731264,cpu_utilisation,pod=workload-cloud-6f545f89ff-5jwk4,0.009140218223583624
1783731274,cpu_utilisation,pod=workload-cloud-6f545f89ff-5jwk4,0.00802871941326402
1783731284,cpu_utilisation,pod=workload-cloud-6f545f89ff-5jwk4,0.009330104660989349
1783731294,cpu_utilisation,pod=workload-cloud-6f545f89ff-5jwk4,0.007135056038654011
1783731304,cpu_utilisation,pod=workload-cloud-6f545f89ff-5jwk4,0.009603194833886131
1783731314,cpu_utilisation,pod=workload-cloud-6f545f89ff-5jwk4,0.010413868129789528
1783731324,cpu_utilisation,pod=workload-cloud-6f545f89ff-5jwk4,0.01094091488380993
1783731334,cpu_utilisation,pod=workload-cloud-6f545f89ff-5jwk4,0.010622473941714533
1783731344,cpu_utilisation,pod=workload-cloud-6f545f89ff-5jwk4,0.010675030352083672
1783731354,cpu_utilisation,pod=workload-cloud-6f545f89ff-5jwk4,0.010517969206415165
1783731364,cpu_utilisation,pod=workload-cloud-6f545f89ff-5jwk4,0.010081055979285705
1783731374,cpu_utilisation,pod=workload-cloud-6f545f89ff-5jwk4,0.010164857789935084
1783731384,cpu_utilisation,pod=workload-cloud-6f545f89ff-5jwk4,0.010895363297211167
1783731394,cpu_utilisation,pod=workload-cloud-6f545f89ff-5jwk4,0.009332713262898291
1783731404,cpu_utilisation,pod=workload-cloud-6f545f89ff-5jwk4,0.011434177997527465
1783731414,cpu_utilisation,pod=workload-cloud-6f545f89ff-5jwk4,0.012245076586433463
1783730774,cpu_utilisation,pod=workload-cloud-6f545f89ff-9hvzm,0.011029043683608162
1783730784,cpu_utilisation,pod=workload-cloud-6f545f89ff-9hvzm,0.029382001559846594
1783730794,cpu_utilisation,pod=workload-cloud-6f545f89ff-9hvzm,0.03455831226295598
1783730804,cpu_utilisation,pod=workload-cloud-6f545f89ff-9hvzm,0.09959260715690932
1783730814,cpu_utilisation,pod=workload-cloud-6f545f89ff-9hvzm,0.1872106128413733
1783730824,cpu_utilisation,pod=workload-cloud-6f545f89ff-9hvzm,0.24428276012190267
1783730834,cpu_utilisation,pod=workload-cloud-6f545f89ff-9hvzm,0.394716025578445
1783730844,cpu_utilisation,pod=workload-cloud-6f545f89ff-9hvzm,0.5055190742686912
1783730854,cpu_utilisation,pod=workload-cloud-6f545f89ff-9hvzm,0.40639380490285465
1783730864,cpu_utilisation,pod=workload-cloud-6f545f89ff-9hvzm,0.6117569659442728
1783730874,cpu_utilisation,pod=workload-cloud-6f545f89ff-9hvzm,0.666115328618976
1783730884,cpu_utilisation,pod=workload-cloud-6f545f89ff-9hvzm,0.666115328618976
1783730894,cpu_utilisation,pod=workload-cloud-6f545f89ff-9hvzm,0.708595534128388
1783730904,cpu_utilisation,pod=workload-cloud-6f545f89ff-9hvzm,0.793443668518787
1783730914,cpu_utilisation,pod=workload-cloud-6f545f89ff-9hvzm,0.807413907510115
1783730924,cpu_utilisation,pod=workload-cloud-6f545f89ff-9hvzm,0.8599806374739296
1783730934,cpu_utilisation,pod=workload-cloud-6f545f89ff-9hvzm,0.8987553060078626
1783730944,cpu_utilisation,pod=workload-cloud-6f545f89ff-9hvzm,0.8987553060078626
1783730954,cpu_utilisation,pod=workload-cloud-6f545f89ff-9hvzm,0.9427912328267802
1783730964,cpu_utilisation,pod=workload-cloud-6f545f89ff-9hvzm,0.9951561224489776
1783730974,cpu_utilisation,pod=workload-cloud-6f545f89ff-9hvzm,0.9350720815304251
1783730984,cpu_utilisation,pod=workload-cloud-6f545f89ff-9hvzm,1.1288028749424177
1783730994,cpu_utilisation,pod=workload-cloud-6f545f89ff-9hvzm,1.3414302440091885
1783731004,cpu_utilisation,pod=workload-cloud-6f545f89ff-9hvzm,1.3414302440091885
1783731014,cpu_utilisation,pod=workload-cloud-6f545f89ff-9hvzm,1.6202064570555657
1783731024,cpu_utilisation,pod=workload-cloud-6f545f89ff-9hvzm,1.7372003102149363
1783731034,cpu_utilisation,pod=workload-cloud-6f545f89ff-9hvzm,1.8054886663317766
1783731044,cpu_utilisation,pod=workload-cloud-6f545f89ff-9hvzm,1.7812940629746326
1783731054,cpu_utilisation,pod=workload-cloud-6f545f89ff-9hvzm,1.7924423704394135
1783731064,cpu_utilisation,pod=workload-cloud-6f545f89ff-9hvzm,1.785243317459764
1783731074,cpu_utilisation,pod=workload-cloud-6f545f89ff-9hvzm,1.7626152362584386
1783731084,cpu_utilisation,pod=workload-cloud-6f545f89ff-9hvzm,1.7858466894377163
1783731094,cpu_utilisation,pod=workload-cloud-6f545f89ff-9hvzm,1.7858466894377163
1783731104,cpu_utilisation,pod=workload-cloud-6f545f89ff-9hvzm,1.7533014680028285
1783731114,cpu_utilisation,pod=workload-cloud-6f545f89ff-9hvzm,1.7298479462875334
1783731124,cpu_utilisation,pod=workload-cloud-6f545f89ff-9hvzm,1.4302371182837406
1783731134,cpu_utilisation,pod=workload-cloud-6f545f89ff-9hvzm,1.6838590298882739
1783731144,cpu_utilisation,pod=workload-cloud-6f545f89ff-9hvzm,1.298128337978673
1783731154,cpu_utilisation,pod=workload-cloud-6f545f89ff-9hvzm,1.3970248576971438
1783731164,cpu_utilisation,pod=workload-cloud-6f545f89ff-9hvzm,1.2034442742695426
1783731174,cpu_utilisation,pod=workload-cloud-6f545f89ff-9hvzm,1.0938383095553093
1783731184,cpu_utilisation,pod=workload-cloud-6f545f89ff-9hvzm,1.0139323043860426
1783731194,cpu_utilisation,pod=workload-cloud-6f545f89ff-9hvzm,0.8089602560971576
1783731204,cpu_utilisation,pod=workload-cloud-6f545f89ff-9hvzm,1.0194758781339934
1783731214,cpu_utilisation,pod=workload-cloud-6f545f89ff-9hvzm,1.0120395402298883
1783731224,cpu_utilisation,pod=workload-cloud-6f545f89ff-9hvzm,1.0119059423812682
1783731234,cpu_utilisation,pod=workload-cloud-6f545f89ff-9hvzm,1.0110267031515312
1783731244,cpu_utilisation,pod=workload-cloud-6f545f89ff-9hvzm,0.9979262582485785
1783731254,cpu_utilisation,pod=workload-cloud-6f545f89ff-9hvzm,0.8684557213060157
1783731264,cpu_utilisation,pod=workload-cloud-6f545f89ff-9hvzm,1.024480704233416
1783731274,cpu_utilisation,pod=workload-cloud-6f545f89ff-9hvzm,1.0236487393433786
1783731284,cpu_utilisation,pod=workload-cloud-6f545f89ff-9hvzm,1.0277902904621332
1783731294,cpu_utilisation,pod=workload-cloud-6f545f89ff-9hvzm,1.0203767047467345
1783731304,cpu_utilisation,pod=workload-cloud-6f545f89ff-9hvzm,1.0018809501908696
1783731314,cpu_utilisation,pod=workload-cloud-6f545f89ff-9hvzm,1.0018809501908696
1783731324,cpu_utilisation,pod=workload-cloud-6f545f89ff-9hvzm,0.9979865106763856
1783731334,cpu_utilisation,pod=workload-cloud-6f545f89ff-9hvzm,0.9894739855837146
1783731344,cpu_utilisation,pod=workload-cloud-6f545f89ff-9hvzm,0.9894739855837146
1783731354,cpu_utilisation,pod=workload-cloud-6f545f89ff-9hvzm,0.8411733074335521
1783731364,cpu_utilisation,pod=workload-cloud-6f545f89ff-9hvzm,0.4282925583873622
1783731374,cpu_utilisation,pod=workload-cloud-6f545f89ff-9hvzm,0.4282925583873622
1783731384,cpu_utilisation,pod=workload-cloud-6f545f89ff-9hvzm,0.1642977090642979
1783731394,cpu_utilisation,pod=workload-cloud-6f545f89ff-9hvzm,0.014129577822981562
1783731404,cpu_utilisation,pod=workload-cloud-6f545f89ff-9hvzm,0.013047157453508018
1783731414,cpu_utilisation,pod=workload-cloud-6f545f89ff-9hvzm,0.010070663414117649
1783730884,cpu_utilisation,pod=workload-cloud-6f545f89ff-gr5gs,0.0472441792302799
1783730894,cpu_utilisation,pod=workload-cloud-6f545f89ff-gr5gs,0.055711833333333335
1783730904,cpu_utilisation,pod=workload-cloud-6f545f89ff-gr5gs,0.08859467718299556
1783730914,cpu_utilisation,pod=workload-cloud-6f545f89ff-gr5gs,0.11336969061417647
1783730924,cpu_utilisation,pod=workload-cloud-6f545f89ff-gr5gs,0.17105698290208018
1783730934,cpu_utilisation,pod=workload-cloud-6f545f89ff-gr5gs,0.20063328745876755
1783730944,cpu_utilisation,pod=workload-cloud-6f545f89ff-gr5gs,0.20521748585844232
1783730954,cpu_utilisation,pod=workload-cloud-6f545f89ff-gr5gs,0.2628629322385406
1783730964,cpu_utilisation,pod=workload-cloud-6f545f89ff-gr5gs,0.3665292429740906
1783730974,cpu_utilisation,pod=workload-cloud-6f545f89ff-gr5gs,0.3665292429740906
1783730984,cpu_utilisation,pod=workload-cloud-6f545f89ff-gr5gs,0.662786549652179
1783730994,cpu_utilisation,pod=workload-cloud-6f545f89ff-gr5gs,0.876733141141855
1783731004,cpu_utilisation,pod=workload-cloud-6f545f89ff-gr5gs,1.126637419720438
1783731014,cpu_utilisation,pod=workload-cloud-6f545f89ff-gr5gs,1.404702521615836
1783731024,cpu_utilisation,pod=workload-cloud-6f545f89ff-gr5gs,1.5904265067811696
1783731034,cpu_utilisation,pod=workload-cloud-6f545f89ff-gr5gs,1.5904265067811696
1783731044,cpu_utilisation,pod=workload-cloud-6f545f89ff-gr5gs,1.6151852604208985
1783731054,cpu_utilisation,pod=workload-cloud-6f545f89ff-gr5gs,1.6112270200535013
1783731064,cpu_utilisation,pod=workload-cloud-6f545f89ff-gr5gs,1.6069025082820636
1783731074,cpu_utilisation,pod=workload-cloud-6f545f89ff-gr5gs,1.6063472602594313
1783731084,cpu_utilisation,pod=workload-cloud-6f545f89ff-gr5gs,1.5929652895846675
1783731094,cpu_utilisation,pod=workload-cloud-6f545f89ff-gr5gs,1.6111851498858103
1783731104,cpu_utilisation,pod=workload-cloud-6f545f89ff-gr5gs,1.6148385274101607
1783731114,cpu_utilisation,pod=workload-cloud-6f545f89ff-gr5gs,1.598502097703193
1783731124,cpu_utilisation,pod=workload-cloud-6f545f89ff-gr5gs,1.5562148307105386
1783731134,cpu_utilisation,pod=workload-cloud-6f545f89ff-gr5gs,1.3358178624551966
1783731144,cpu_utilisation,pod=workload-cloud-6f545f89ff-gr5gs,1.2339800202215578
1783731154,cpu_utilisation,pod=workload-cloud-6f545f89ff-gr5gs,0.8636773745560511
1783731164,cpu_utilisation,pod=workload-cloud-6f545f89ff-gr5gs,0.8636773745560511
1783731174,cpu_utilisation,pod=workload-cloud-6f545f89ff-gr5gs,0.572582698714898
1783731184,cpu_utilisation,pod=workload-cloud-6f545f89ff-gr5gs,0.44540077512551735
1783731194,cpu_utilisation,pod=workload-cloud-6f545f89ff-gr5gs,0.44645793532866335
1783731204,cpu_utilisation,pod=workload-cloud-6f545f89ff-gr5gs,0.4470162107396154
1783731214,cpu_utilisation,pod=workload-cloud-6f545f89ff-gr5gs,0.37756045512632347
1783731224,cpu_utilisation,pod=workload-cloud-6f545f89ff-gr5gs,0.3705404605395429
1783731234,cpu_utilisation,pod=workload-cloud-6f545f89ff-gr5gs,0.44235910893131297
1783731244,cpu_utilisation,pod=workload-cloud-6f545f89ff-gr5gs,0.44086697488704374
1783731254,cpu_utilisation,pod=workload-cloud-6f545f89ff-gr5gs,0.4406129340336999
1783731264,cpu_utilisation,pod=workload-cloud-6f545f89ff-gr5gs,0.4391036243348188
1783731274,cpu_utilisation,pod=workload-cloud-6f545f89ff-gr5gs,0.4419338834232514
1783731284,cpu_utilisation,pod=workload-cloud-6f545f89ff-gr5gs,0.4419338834232514
1783731294,cpu_utilisation,pod=workload-cloud-6f545f89ff-gr5gs,0.44543016956445225
1783731304,cpu_utilisation,pod=workload-cloud-6f545f89ff-gr5gs,0.4447220931085934
1783731314,cpu_utilisation,pod=workload-cloud-6f545f89ff-gr5gs,0.43907138692751163
1783731324,cpu_utilisation,pod=workload-cloud-6f545f89ff-gr5gs,0.438099336461312
1783731334,cpu_utilisation,pod=workload-cloud-6f545f89ff-gr5gs,0.38588166517509137
1783731344,cpu_utilisation,pod=workload-cloud-6f545f89ff-gr5gs,0.2956559660552033
1783731354,cpu_utilisation,pod=workload-cloud-6f545f89ff-gr5gs,0.22288797620255005
1783731364,cpu_utilisation,pod=workload-cloud-6f545f89ff-gr5gs,0.15046129693136864
1783731374,cpu_utilisation,pod=workload-cloud-6f545f89ff-gr5gs,0.017201162496841137
1783731384,cpu_utilisation,pod=workload-cloud-6f545f89ff-gr5gs,0.017201162496841137
1783731394,cpu_utilisation,pod=workload-cloud-6f545f89ff-gr5gs,0.00995233625365005
1783731404,cpu_utilisation,pod=workload-cloud-6f545f89ff-gr5gs,0.009632860164944164
1783730964,cpu_utilisation,pod=workload-cloud-6f545f89ff-x9khx,0.05538230884073348
1783730974,cpu_utilisation,pod=workload-cloud-6f545f89ff-x9khx,0.09157075426460985
1783730984,cpu_utilisation,pod=workload-cloud-6f545f89ff-x9khx,0.1583602608216023
1783730994,cpu_utilisation,pod=workload-cloud-6f545f89ff-x9khx,0.20342295185436304
1783731004,cpu_utilisation,pod=workload-cloud-6f545f89ff-x9khx,0.4679932982317715
1783731014,cpu_utilisation,pod=workload-cloud-6f545f89ff-x9khx,0.6744020134509149
1783731024,cpu_utilisation,pod=workload-cloud-6f545f89ff-x9khx,0.8336032644350672
1783731034,cpu_utilisation,pod=workload-cloud-6f545f89ff-x9khx,0.9539519588841219
1783731044,cpu_utilisation,pod=workload-cloud-6f545f89ff-x9khx,0.8033761116699435
1783731054,cpu_utilisation,pod=workload-cloud-6f545f89ff-x9khx,0.9620599776376024
1783731064,cpu_utilisation,pod=workload-cloud-6f545f89ff-x9khx,0.9506200093940816
1783731074,cpu_utilisation,pod=workload-cloud-6f545f89ff-x9khx,0.9484327032301284
1783731084,cpu_utilisation,pod=workload-cloud-6f545f89ff-x9khx,0.9430498372701319
1783731094,cpu_utilisation,pod=workload-cloud-6f545f89ff-x9khx,0.9488748721074515
1783731104,cpu_utilisation,pod=workload-cloud-6f545f89ff-x9khx,0.9488748721074515
1783731114,cpu_utilisation,pod=workload-cloud-6f545f89ff-x9khx,0.9446233825787032
1783731124,cpu_utilisation,pod=workload-cloud-6f545f89ff-x9khx,0.9507149707908275
1783731134,cpu_utilisation,pod=workload-cloud-6f545f89ff-x9khx,0.7771578698176127
1783731144,cpu_utilisation,pod=workload-cloud-6f545f89ff-x9khx,0.5539941032846548
1783731154,cpu_utilisation,pod=workload-cloud-6f545f89ff-x9khx,0.1479543250170401
1783731164,cpu_utilisation,pod=workload-cloud-6f545f89ff-x9khx,0.14790915593941983
1783731174,cpu_utilisation,pod=workload-cloud-6f545f89ff-x9khx,0.041768401031108245
1783731184,cpu_utilisation,pod=workload-cloud-6f545f89ff-x9khx,0.03527802189022917
1783731194,cpu_utilisation,pod=workload-cloud-6f545f89ff-x9khx,0.009318389575026823
1783731204,cpu_utilisation,pod=workload-cloud-6f545f89ff-x9khx,0.00776945951245747
1783731214,cpu_utilisation,pod=workload-cloud-6f545f89ff-x9khx,0.009364532889426874
1783731224,cpu_utilisation,pod=workload-cloud-6f545f89ff-x9khx,0.009391878375675277
1783731234,cpu_utilisation,pod=workload-cloud-6f545f89ff-x9khx,0.009631121305878513
1783731244,cpu_utilisation,pod=workload-cloud-6f545f89ff-x9khx,0.009854054176174085
1783731254,cpu_utilisation,pod=workload-cloud-6f545f89ff-x9khx,0.009476634837963094
1783731264,cpu_utilisation,pod=workload-cloud-6f545f89ff-x9khx,0.0077484125313465576
1783731274,cpu_utilisation,pod=workload-cloud-6f545f89ff-x9khx,0.009380751647568655
1783731284,cpu_utilisation,pod=workload-cloud-6f545f89ff-x9khx,0.00905601087095001
1783731294,cpu_utilisation,pod=workload-cloud-6f545f89ff-x9khx,0.009279841656516515
1783731304,cpu_utilisation,pod=workload-cloud-6f545f89ff-x9khx,0.009279841656516515
1783731314,cpu_utilisation,pod=workload-cloud-6f545f89ff-x9khx,0.010132216887223225
1783731324,cpu_utilisation,pod=workload-cloud-6f545f89ff-x9khx,0.008672474029290358
1783731334,cpu_utilisation,pod=workload-cloud-6f545f89ff-x9khx,0.01007664477811695
1783731344,cpu_utilisation,pod=workload-cloud-6f545f89ff-x9khx,0.010622206975838553
1783731354,cpu_utilisation,pod=workload-cloud-6f545f89ff-x9khx,0.01034625076027466
1783731364,cpu_utilisation,pod=workload-cloud-6f545f89ff-x9khx,0.010284006260961594
1783731374,cpu_utilisation,pod=workload-cloud-6f545f89ff-x9khx,0.011055910932070277
1783731384,cpu_utilisation,pod=workload-cloud-6f545f89ff-x9khx,0.01056428232565505
1783731394,cpu_utilisation,pod=workload-cloud-6f545f89ff-x9khx,0.010269926057818353
1783731404,cpu_utilisation,pod=workload-cloud-6f545f89ff-x9khx,0.00933601955681511
1783731414,cpu_utilisation,pod=workload-cloud-6f545f89ff-x9khx,0.011385081164648113
1783730944,cpu_utilisation,pod=workload-cloud-6f545f89ff-xwhls,0.05481744783715013
1783730954,cpu_utilisation,pod=workload-cloud-6f545f89ff-xwhls,0.04078097506164537
1783730964,cpu_utilisation,pod=workload-cloud-6f545f89ff-xwhls,0.051710699338713285
1783730974,cpu_utilisation,pod=workload-cloud-6f545f89ff-xwhls,0.10698435270455701
1783730984,cpu_utilisation,pod=workload-cloud-6f545f89ff-xwhls,0.2965848689951368
1783730994,cpu_utilisation,pod=workload-cloud-6f545f89ff-xwhls,0.5687222855461999
1783731004,cpu_utilisation,pod=workload-cloud-6f545f89ff-xwhls,0.8623280917239184
1783731014,cpu_utilisation,pod=workload-cloud-6f545f89ff-xwhls,0.9242442083333333
1783731024,cpu_utilisation,pod=workload-cloud-6f545f89ff-xwhls,1.259231536732796
1783731034,cpu_utilisation,pod=workload-cloud-6f545f89ff-xwhls,1.4006722982813868
1783731044,cpu_utilisation,pod=workload-cloud-6f545f89ff-xwhls,1.1862208424416605
1783731054,cpu_utilisation,pod=workload-cloud-6f545f89ff-xwhls,1.4253934553116465
1783731064,cpu_utilisation,pod=workload-cloud-6f545f89ff-xwhls,1.2180635369540649
1783731074,cpu_utilisation,pod=workload-cloud-6f545f89ff-xwhls,1.4369652846158678
1783731084,cpu_utilisation,pod=workload-cloud-6f545f89ff-xwhls,1.406185452526374
1783731094,cpu_utilisation,pod=workload-cloud-6f545f89ff-xwhls,1.4034629102309655
1783731104,cpu_utilisation,pod=workload-cloud-6f545f89ff-xwhls,1.4063917389625953
1783731114,cpu_utilisation,pod=workload-cloud-6f545f89ff-xwhls,1.3996336605334976
1783731124,cpu_utilisation,pod=workload-cloud-6f545f89ff-xwhls,1.3996336605334976
1783731134,cpu_utilisation,pod=workload-cloud-6f545f89ff-xwhls,1.2656878203056472
1783731144,cpu_utilisation,pod=workload-cloud-6f545f89ff-xwhls,0.9133624834999058
1783731154,cpu_utilisation,pod=workload-cloud-6f545f89ff-xwhls,0.675369284164859
1783731164,cpu_utilisation,pod=workload-cloud-6f545f89ff-xwhls,0.45621155322704454
1783731174,cpu_utilisation,pod=workload-cloud-6f545f89ff-xwhls,0.11158419426474792
1783731184,cpu_utilisation,pod=workload-cloud-6f545f89ff-xwhls,0.09172344751000348
1783731194,cpu_utilisation,pod=workload-cloud-6f545f89ff-xwhls,0.009703141951541566
1783731204,cpu_utilisation,pod=workload-cloud-6f545f89ff-xwhls,0.009304586346056862
1783731214,cpu_utilisation,pod=workload-cloud-6f545f89ff-xwhls,0.009684447245538061
1783731224,cpu_utilisation,pod=workload-cloud-6f545f89ff-xwhls,0.009266704063824457
1783731234,cpu_utilisation,pod=workload-cloud-6f545f89ff-xwhls,0.009327533612021105
1783731244,cpu_utilisation,pod=workload-cloud-6f545f89ff-xwhls,0.009454320718362184
1783731254,cpu_utilisation,pod=workload-cloud-6f545f89ff-xwhls,0.00933210425689657
1783731264,cpu_utilisation,pod=workload-cloud-6f545f89ff-xwhls,0.009738253621854777
1783731274,cpu_utilisation,pod=workload-cloud-6f545f89ff-xwhls,0.009512252315629507
1783731284,cpu_utilisation,pod=workload-cloud-6f545f89ff-xwhls,0.009339786777226352
1783731294,cpu_utilisation,pod=workload-cloud-6f545f89ff-xwhls,0.009181631190921954
1783731304,cpu_utilisation,pod=workload-cloud-6f545f89ff-xwhls,0.009349668462494918
1783731314,cpu_utilisation,pod=workload-cloud-6f545f89ff-xwhls,0.009533585808251465
1783731324,cpu_utilisation,pod=workload-cloud-6f545f89ff-xwhls,0.009053770812928387
1783731334,cpu_utilisation,pod=workload-cloud-6f545f89ff-xwhls,0.009117742760191483
1783731344,cpu_utilisation,pod=workload-cloud-6f545f89ff-xwhls,0.008404811995258367
1783731354,cpu_utilisation,pod=workload-cloud-6f545f89ff-xwhls,0.010104467659480077
1783731364,cpu_utilisation,pod=workload-cloud-6f545f89ff-xwhls,0.010411973037815466
1783731374,cpu_utilisation,pod=workload-cloud-6f545f89ff-xwhls,0.010191554160708544
1783731384,cpu_utilisation,pod=workload-cloud-6f545f89ff-xwhls,0.010335603446305918
1783731394,cpu_utilisation,pod=workload-cloud-6f545f89ff-xwhls,0.009158420305209617
1783731404,cpu_utilisation,pod=workload-cloud-6f545f89ff-xwhls,0.007653959453013585
1783731414,cpu_utilisation,pod=workload-cloud-6f545f89ff-xwhls,0.009627579411082826
1783730844,cpu_utilisation,pod=workload-cloud-6f545f89ff-z9krk,0.06773025400572245
1783730854,cpu_utilisation,pod=workload-cloud-6f545f89ff-z9krk,0.07311445833333331
1783730864,cpu_utilisation,pod=workload-cloud-6f545f89ff-z9krk,0.1599439383080676
1783730874,cpu_utilisation,pod=workload-cloud-6f545f89ff-z9krk,0.22544905779044763
1783730884,cpu_utilisation,pod=workload-cloud-6f545f89ff-z9krk,0.2753826167582833
1783730894,cpu_utilisation,pod=workload-cloud-6f545f89ff-z9krk,0.3195887740812232
1783730904,cpu_utilisation,pod=workload-cloud-6f545f89ff-z9krk,0.3426178101178101
1783730914,cpu_utilisation,pod=workload-cloud-6f545f89ff-z9krk,0.3430414184339481
1783730924,cpu_utilisation,pod=workload-cloud-6f545f89ff-z9krk,0.36693568012083577
1783730934,cpu_utilisation,pod=workload-cloud-6f545f89ff-z9krk,0.31191307371540633
1783730944,cpu_utilisation,pod=workload-cloud-6f545f89ff-z9krk,0.4075289806476337
1783730954,cpu_utilisation,pod=workload-cloud-6f545f89ff-z9krk,0.3484948115511156
1783730964,cpu_utilisation,pod=workload-cloud-6f545f89ff-z9krk,0.4440770133333333
1783730974,cpu_utilisation,pod=workload-cloud-6f545f89ff-z9krk,0.518793874703811
1783730984,cpu_utilisation,pod=workload-cloud-6f545f89ff-z9krk,0.4590922703887315
1783730994,cpu_utilisation,pod=workload-cloud-6f545f89ff-z9krk,0.7720118819857011
1783731004,cpu_utilisation,pod=workload-cloud-6f545f89ff-z9krk,1.1055419131336457
1783731014,cpu_utilisation,pod=workload-cloud-6f545f89ff-z9krk,1.2190854974328447
1783731024,cpu_utilisation,pod=workload-cloud-6f545f89ff-z9krk,1.1601452423664123
1783731034,cpu_utilisation,pod=workload-cloud-6f545f89ff-z9krk,1.4798711387736285
1783731044,cpu_utilisation,pod=workload-cloud-6f545f89ff-z9krk,1.4643293882010193
1783731054,cpu_utilisation,pod=workload-cloud-6f545f89ff-z9krk,1.474369141236487
1783731064,cpu_utilisation,pod=workload-cloud-6f545f89ff-z9krk,1.4295204300074462
1783731074,cpu_utilisation,pod=workload-cloud-6f545f89ff-z9krk,1.4183884850803363
1783731084,cpu_utilisation,pod=workload-cloud-6f545f89ff-z9krk,1.4183884850803363
1783731094,cpu_utilisation,pod=workload-cloud-6f545f89ff-z9krk,1.4425743462911624
1783731104,cpu_utilisation,pod=workload-cloud-6f545f89ff-z9krk,1.4437402109220006
1783731114,cpu_utilisation,pod=workload-cloud-6f545f89ff-z9krk,1.4364645290999762
1783731124,cpu_utilisation,pod=workload-cloud-6f545f89ff-z9krk,1.423073686815567
1783731134,cpu_utilisation,pod=workload-cloud-6f545f89ff-z9krk,1.1822528784921076
1783731144,cpu_utilisation,pod=workload-cloud-6f545f89ff-z9krk,1.1849409857867168
1783731154,cpu_utilisation,pod=workload-cloud-6f545f89ff-z9krk,0.9062848230353934
1783731164,cpu_utilisation,pod=workload-cloud-6f545f89ff-z9krk,0.9062848230353934
1783731174,cpu_utilisation,pod=workload-cloud-6f545f89ff-z9krk,0.6687194954757334
1783731184,cpu_utilisation,pod=workload-cloud-6f545f89ff-z9krk,0.5344151248389004
1783731194,cpu_utilisation,pod=workload-cloud-6f545f89ff-z9krk,0.5344151248389004
1783731204,cpu_utilisation,pod=workload-cloud-6f545f89ff-z9krk,0.5406581976974987
1783731214,cpu_utilisation,pod=workload-cloud-6f545f89ff-z9krk,0.5480072569265567
1783731224,cpu_utilisation,pod=workload-cloud-6f545f89ff-z9krk,0.5480072569265567
1783731234,cpu_utilisation,pod=workload-cloud-6f545f89ff-z9krk,0.5511586907829763
1783731244,cpu_utilisation,pod=workload-cloud-6f545f89ff-z9krk,0.46196554007759366
1783731254,cpu_utilisation,pod=workload-cloud-6f545f89ff-z9krk,0.5467488200868423
1783731264,cpu_utilisation,pod=workload-cloud-6f545f89ff-z9krk,0.5461395348837217
1783731274,cpu_utilisation,pod=workload-cloud-6f545f89ff-z9krk,0.544167204576313
1783731284,cpu_utilisation,pod=workload-cloud-6f545f89ff-z9krk,0.544167204576313
1783731294,cpu_utilisation,pod=workload-cloud-6f545f89ff-z9krk,0.5365307621469918
1783731304,cpu_utilisation,pod=workload-cloud-6f545f89ff-z9krk,0.4340451863736122
1783731314,cpu_utilisation,pod=workload-cloud-6f545f89ff-z9krk,0.5363181686886206
1783731324,cpu_utilisation,pod=workload-cloud-6f545f89ff-z9krk,0.5385510633584399
1783731334,cpu_utilisation,pod=workload-cloud-6f545f89ff-z9krk,0.5063516089502103
1783731344,cpu_utilisation,pod=workload-cloud-6f545f89ff-z9krk,0.45037572515497065
1783731354,cpu_utilisation,pod=workload-cloud-6f545f89ff-z9krk,0.3483561803132266
1783731364,cpu_utilisation,pod=workload-cloud-6f545f89ff-z9krk,0.2718825042881636
1783731374,cpu_utilisation,pod=workload-cloud-6f545f89ff-z9krk,0.17449964383291594
1783731384,cpu_utilisation,pod=workload-cloud-6f545f89ff-z9krk,0.06256237371051775
1783731394,cpu_utilisation,pod=workload-cloud-6f545f89ff-z9krk,0.009658716307931123
1783731404,cpu_utilisation,pod=workload-cloud-6f545f89ff-z9krk,0.009581840079902829
1783731414,cpu_utilisation,pod=workload-cloud-6f545f89ff-z9krk,0.009566856534032738
1783730774,cpu_utilisation,pod=workload-edge-7b875fd8c6-pxwvc,0.017798872825137212
1783730784,cpu_utilisation,pod=workload-edge-7b875fd8c6-pxwvc,0.02205157361188768
1783730794,cpu_utilisation,pod=workload-edge-7b875fd8c6-pxwvc,0.021758679129005875
1783730804,cpu_utilisation,pod=workload-edge-7b875fd8c6-pxwvc,0.021581716135615943
1783730814,cpu_utilisation,pod=workload-edge-7b875fd8c6-pxwvc,0.02193202458261871
1783730824,cpu_utilisation,pod=workload-edge-7b875fd8c6-pxwvc,0.02205829345596912
1783730834,cpu_utilisation,pod=workload-edge-7b875fd8c6-pxwvc,0.021819516753437115
1783730844,cpu_utilisation,pod=workload-edge-7b875fd8c6-pxwvc,0.022431243453538283
1783730854,cpu_utilisation,pod=workload-edge-7b875fd8c6-pxwvc,0.022211595568206965
1783730864,cpu_utilisation,pod=workload-edge-7b875fd8c6-pxwvc,0.018427513065055894
1783730874,cpu_utilisation,pod=workload-edge-7b875fd8c6-pxwvc,0.022258411782221203
1783730884,cpu_utilisation,pod=workload-edge-7b875fd8c6-pxwvc,0.02260899338050716
1783730894,cpu_utilisation,pod=workload-edge-7b875fd8c6-pxwvc,0.02231777842438388
1783730904,cpu_utilisation,pod=workload-edge-7b875fd8c6-pxwvc,0.02283066027910885
1783730914,cpu_utilisation,pod=workload-edge-7b875fd8c6-pxwvc,0.02291886826830504
1783730924,cpu_utilisation,pod=workload-edge-7b875fd8c6-pxwvc,0.02237509649390497
1783730934,cpu_utilisation,pod=workload-edge-7b875fd8c6-pxwvc,0.0219688721552069
1783730944,cpu_utilisation,pod=workload-edge-7b875fd8c6-pxwvc,0.022212132921174108
1783730954,cpu_utilisation,pod=workload-edge-7b875fd8c6-pxwvc,0.02192498365082364
1783730964,cpu_utilisation,pod=workload-edge-7b875fd8c6-pxwvc,0.018411432566662507
1783730974,cpu_utilisation,pod=workload-edge-7b875fd8c6-pxwvc,0.02197068325377387
1783730984,cpu_utilisation,pod=workload-edge-7b875fd8c6-pxwvc,0.02207245863929992
1783730994,cpu_utilisation,pod=workload-edge-7b875fd8c6-pxwvc,0.022450835045101328
1783731004,cpu_utilisation,pod=workload-edge-7b875fd8c6-pxwvc,0.02252432320102765
1783731014,cpu_utilisation,pod=workload-edge-7b875fd8c6-pxwvc,0.02295785827680714
1783731024,cpu_utilisation,pod=workload-edge-7b875fd8c6-pxwvc,0.0177988423241608
1783731034,cpu_utilisation,pod=workload-edge-7b875fd8c6-pxwvc,0.022223872910228946
1783731044,cpu_utilisation,pod=workload-edge-7b875fd8c6-pxwvc,0.022304462571977417
1783731054,cpu_utilisation,pod=workload-edge-7b875fd8c6-pxwvc,0.02209832871936871
1783731064,cpu_utilisation,pod=workload-edge-7b875fd8c6-pxwvc,0.022550235800696296
1783731074,cpu_utilisation,pod=workload-edge-7b875fd8c6-pxwvc,0.017802910048298603
1783731084,cpu_utilisation,pod=workload-edge-7b875fd8c6-pxwvc,0.022547377386613478
1783731094,cpu_utilisation,pod=workload-edge-7b875fd8c6-pxwvc,0.02179427687548307
1783731104,cpu_utilisation,pod=workload-edge-7b875fd8c6-pxwvc,0.022254548791960208
1783731114,cpu_utilisation,pod=workload-edge-7b875fd8c6-pxwvc,0.02222098933352457
1783731124,cpu_utilisation,pod=workload-edge-7b875fd8c6-pxwvc,0.01963095589412667
1783731134,cpu_utilisation,pod=workload-edge-7b875fd8c6-pxwvc,0.02247503016158692
1783731144,cpu_utilisation,pod=workload-edge-7b875fd8c6-pxwvc,0.022658695920128237
1783731154,cpu_utilisation,pod=workload-edge-7b875fd8c6-pxwvc,0.022139951967772457
1783731164,cpu_utilisation,pod=workload-edge-7b875fd8c6-pxwvc,0.022151808637738905
1783731174,cpu_utilisation,pod=workload-edge-7b875fd8c6-pxwvc,0.02227984630249649
1783731184,cpu_utilisation,pod=workload-edge-7b875fd8c6-pxwvc,0.022465905216501995
1783731194,cpu_utilisation,pod=workload-edge-7b875fd8c6-pxwvc,0.02252683188101296
1783731204,cpu_utilisation,pod=workload-edge-7b875fd8c6-pxwvc,0.022728245966606
1783731214,cpu_utilisation,pod=workload-edge-7b875fd8c6-pxwvc,0.022596946519449154
1783731224,cpu_utilisation,pod=workload-edge-7b875fd8c6-pxwvc,0.02203048296855229
1783731234,cpu_utilisation,pod=workload-edge-7b875fd8c6-pxwvc,0.02218906741477489
1783731244,cpu_utilisation,pod=workload-edge-7b875fd8c6-pxwvc,0.017551941478314976
1783731254,cpu_utilisation,pod=workload-edge-7b875fd8c6-pxwvc,0.021838747499827057
1783731264,cpu_utilisation,pod=workload-edge-7b875fd8c6-pxwvc,0.022331010969463327
1783731274,cpu_utilisation,pod=workload-edge-7b875fd8c6-pxwvc,0.018458069300326074
1783731284,cpu_utilisation,pod=workload-edge-7b875fd8c6-pxwvc,0.021960666218814744
1783731294,cpu_utilisation,pod=workload-edge-7b875fd8c6-pxwvc,0.02193198109701096
1783731304,cpu_utilisation,pod=workload-edge-7b875fd8c6-pxwvc,0.02183919428977182
1783731314,cpu_utilisation,pod=workload-edge-7b875fd8c6-pxwvc,0.02199848372650641
1783731324,cpu_utilisation,pod=workload-edge-7b875fd8c6-pxwvc,0.021814012416064264
1783731334,cpu_utilisation,pod=workload-edge-7b875fd8c6-pxwvc,0.021388651573401342
1783731344,cpu_utilisation,pod=workload-edge-7b875fd8c6-pxwvc,0.023344334045143637
1783731354,cpu_utilisation,pod=workload-edge-7b875fd8c6-pxwvc,0.02401460390580922
1783731364,cpu_utilisation,pod=workload-edge-7b875fd8c6-pxwvc,0.023351518794211306
1783731374,cpu_utilisation,pod=workload-edge-7b875fd8c6-pxwvc,0.020188648002391084
1783731384,cpu_utilisation,pod=workload-edge-7b875fd8c6-pxwvc,0.024031084985553373
1783731394,cpu_utilisation,pod=workload-edge-7b875fd8c6-pxwvc,0.021548127074443108
1783731404,cpu_utilisation,pod=workload-edge-7b875fd8c6-pxwvc,0.021632376320958335
1783731414,cpu_utilisation,pod=workload-edge-7b875fd8c6-pxwvc,0.021807368624488704
1783730954,mem_mib,pod=workload-cloud-6f545f89ff-5jwk4,2.921875
1783730964,mem_mib,pod=workload-cloud-6f545f89ff-5jwk4,35.21875
1783730974,mem_mib,pod=workload-cloud-6f545f89ff-5jwk4,35.21875
1783730984,mem_mib,pod=workload-cloud-6f545f89ff-5jwk4,36.19921875
1783730994,mem_mib,pod=workload-cloud-6f545f89ff-5jwk4,36.19921875
1783731004,mem_mib,pod=workload-cloud-6f545f89ff-5jwk4,37.05859375
1783731014,mem_mib,pod=workload-cloud-6f545f89ff-5jwk4,37.05859375
1783731024,mem_mib,pod=workload-cloud-6f545f89ff-5jwk4,37.42578125
1783731034,mem_mib,pod=workload-cloud-6f545f89ff-5jwk4,36.9375
1783731044,mem_mib,pod=workload-cloud-6f545f89ff-5jwk4,36.9453125
1783731054,mem_mib,pod=workload-cloud-6f545f89ff-5jwk4,36.9453125
1783731064,mem_mib,pod=workload-cloud-6f545f89ff-5jwk4,36.96875
1783731074,mem_mib,pod=workload-cloud-6f545f89ff-5jwk4,38.21875
1783731084,mem_mib,pod=workload-cloud-6f545f89ff-5jwk4,38.21875
1783731094,mem_mib,pod=workload-cloud-6f545f89ff-5jwk4,37.9765625
1783731104,mem_mib,pod=workload-cloud-6f545f89ff-5jwk4,37.02734375
1783731114,mem_mib,pod=workload-cloud-6f545f89ff-5jwk4,37.02734375
1783731124,mem_mib,pod=workload-cloud-6f545f89ff-5jwk4,36.9609375
1783731134,mem_mib,pod=workload-cloud-6f545f89ff-5jwk4,36.71875
1783731144,mem_mib,pod=workload-cloud-6f545f89ff-5jwk4,36.5234375
1783731154,mem_mib,pod=workload-cloud-6f545f89ff-5jwk4,36.5234375
1783731164,mem_mib,pod=workload-cloud-6f545f89ff-5jwk4,36.53125
1783731174,mem_mib,pod=workload-cloud-6f545f89ff-5jwk4,36.53125
1783731184,mem_mib,pod=workload-cloud-6f545f89ff-5jwk4,36.53125
1783731194,mem_mib,pod=workload-cloud-6f545f89ff-5jwk4,36.53125
1783731204,mem_mib,pod=workload-cloud-6f545f89ff-5jwk4,36.53125
1783731214,mem_mib,pod=workload-cloud-6f545f89ff-5jwk4,36.53125
1783731224,mem_mib,pod=workload-cloud-6f545f89ff-5jwk4,36.53125
1783731234,mem_mib,pod=workload-cloud-6f545f89ff-5jwk4,36.53125
1783731244,mem_mib,pod=workload-cloud-6f545f89ff-5jwk4,36.53125
1783731254,mem_mib,pod=workload-cloud-6f545f89ff-5jwk4,36.53125
1783731264,mem_mib,pod=workload-cloud-6f545f89ff-5jwk4,36.53125
1783731274,mem_mib,pod=workload-cloud-6f545f89ff-5jwk4,36.53125
1783731284,mem_mib,pod=workload-cloud-6f545f89ff-5jwk4,36.53125
1783731294,mem_mib,pod=workload-cloud-6f545f89ff-5jwk4,36.53125
1783731304,mem_mib,pod=workload-cloud-6f545f89ff-5jwk4,36.53125
1783731314,mem_mib,pod=workload-cloud-6f545f89ff-5jwk4,36.53125
1783731324,mem_mib,pod=workload-cloud-6f545f89ff-5jwk4,36.53125
1783731334,mem_mib,pod=workload-cloud-6f545f89ff-5jwk4,36.53125
1783731344,mem_mib,pod=workload-cloud-6f545f89ff-5jwk4,36.53125
1783731354,mem_mib,pod=workload-cloud-6f545f89ff-5jwk4,36.53515625
1783731364,mem_mib,pod=workload-cloud-6f545f89ff-5jwk4,36.53515625
1783731374,mem_mib,pod=workload-cloud-6f545f89ff-5jwk4,36.53125
1783731384,mem_mib,pod=workload-cloud-6f545f89ff-5jwk4,36.53515625
1783731394,mem_mib,pod=workload-cloud-6f545f89ff-5jwk4,36.53515625
1783731404,mem_mib,pod=workload-cloud-6f545f89ff-5jwk4,36.546875
1783731414,mem_mib,pod=workload-cloud-6f545f89ff-5jwk4,36.53125
1783730874,mem_mib,pod=workload-cloud-6f545f89ff-72dpp,3.19921875
1783730884,mem_mib,pod=workload-cloud-6f545f89ff-72dpp,3.19921875
1783730894,mem_mib,pod=workload-cloud-6f545f89ff-72dpp,3.19921875
1783730774,mem_mib,pod=workload-cloud-6f545f89ff-9hvzm,40.09765625
1783730784,mem_mib,pod=workload-cloud-6f545f89ff-9hvzm,40.10546875
1783730794,mem_mib,pod=workload-cloud-6f545f89ff-9hvzm,40.10546875
1783730804,mem_mib,pod=workload-cloud-6f545f89ff-9hvzm,40.38671875
1783730814,mem_mib,pod=workload-cloud-6f545f89ff-9hvzm,40.9140625
1783730824,mem_mib,pod=workload-cloud-6f545f89ff-9hvzm,40.9140625
1783730834,mem_mib,pod=workload-cloud-6f545f89ff-9hvzm,40.484375
1783730844,mem_mib,pod=workload-cloud-6f545f89ff-9hvzm,40.73046875
1783730854,mem_mib,pod=workload-cloud-6f545f89ff-9hvzm,40.73046875
1783730864,mem_mib,pod=workload-cloud-6f545f89ff-9hvzm,40.44921875
1783730874,mem_mib,pod=workload-cloud-6f545f89ff-9hvzm,40.8359375
1783730884,mem_mib,pod=workload-cloud-6f545f89ff-9hvzm,40.8359375
1783730894,mem_mib,pod=workload-cloud-6f545f89ff-9hvzm,41.1171875
1783730904,mem_mib,pod=workload-cloud-6f545f89ff-9hvzm,40.58984375
1783730914,mem_mib,pod=workload-cloud-6f545f89ff-9hvzm,40.6953125
1783730924,mem_mib,pod=workload-cloud-6f545f89ff-9hvzm,40.6953125
1783730934,mem_mib,pod=workload-cloud-6f545f89ff-9hvzm,40.52734375
1783730944,mem_mib,pod=workload-cloud-6f545f89ff-9hvzm,40.52734375
1783730954,mem_mib,pod=workload-cloud-6f545f89ff-9hvzm,40.984375
1783730964,mem_mib,pod=workload-cloud-6f545f89ff-9hvzm,40.5703125
1783730974,mem_mib,pod=workload-cloud-6f545f89ff-9hvzm,41.12109375
1783730984,mem_mib,pod=workload-cloud-6f545f89ff-9hvzm,41.12109375
1783730994,mem_mib,pod=workload-cloud-6f545f89ff-9hvzm,41.125
1783731004,mem_mib,pod=workload-cloud-6f545f89ff-9hvzm,41.125
1783731014,mem_mib,pod=workload-cloud-6f545f89ff-9hvzm,41.58203125
1783731024,mem_mib,pod=workload-cloud-6f545f89ff-9hvzm,41.38671875
1783731034,mem_mib,pod=workload-cloud-6f545f89ff-9hvzm,41.38671875
1783731044,mem_mib,pod=workload-cloud-6f545f89ff-9hvzm,41.3515625
1783731054,mem_mib,pod=workload-cloud-6f545f89ff-9hvzm,41.12109375
1783731064,mem_mib,pod=workload-cloud-6f545f89ff-9hvzm,41.08984375
1783731074,mem_mib,pod=workload-cloud-6f545f89ff-9hvzm,41.08984375
1783731084,mem_mib,pod=workload-cloud-6f545f89ff-9hvzm,41.6484375
1783731094,mem_mib,pod=workload-cloud-6f545f89ff-9hvzm,41.6484375
1783731104,mem_mib,pod=workload-cloud-6f545f89ff-9hvzm,41.11328125
1783731114,mem_mib,pod=workload-cloud-6f545f89ff-9hvzm,41.609375
1783731124,mem_mib,pod=workload-cloud-6f545f89ff-9hvzm,42.5234375
1783731134,mem_mib,pod=workload-cloud-6f545f89ff-9hvzm,42.5234375
1783731144,mem_mib,pod=workload-cloud-6f545f89ff-9hvzm,41.15625
1783731154,mem_mib,pod=workload-cloud-6f545f89ff-9hvzm,41.0546875
1783731164,mem_mib,pod=workload-cloud-6f545f89ff-9hvzm,40.80859375
1783731174,mem_mib,pod=workload-cloud-6f545f89ff-9hvzm,40.80859375
1783731184,mem_mib,pod=workload-cloud-6f545f89ff-9hvzm,40.828125
1783731194,mem_mib,pod=workload-cloud-6f545f89ff-9hvzm,40.828125
1783731204,mem_mib,pod=workload-cloud-6f545f89ff-9hvzm,40.83984375
1783731214,mem_mib,pod=workload-cloud-6f545f89ff-9hvzm,40.5703125
1783731224,mem_mib,pod=workload-cloud-6f545f89ff-9hvzm,40.578125
1783731234,mem_mib,pod=workload-cloud-6f545f89ff-9hvzm,40.58984375
1783731244,mem_mib,pod=workload-cloud-6f545f89ff-9hvzm,40.82421875
1783731254,mem_mib,pod=workload-cloud-6f545f89ff-9hvzm,40.82421875
1783731264,mem_mib,pod=workload-cloud-6f545f89ff-9hvzm,41.52734375
1783731274,mem_mib,pod=workload-cloud-6f545f89ff-9hvzm,41.5390625
1783731284,mem_mib,pod=workload-cloud-6f545f89ff-9hvzm,41.5390625
1783731294,mem_mib,pod=workload-cloud-6f545f89ff-9hvzm,40.8125
1783731304,mem_mib,pod=workload-cloud-6f545f89ff-9hvzm,41.23828125
1783731314,mem_mib,pod=workload-cloud-6f545f89ff-9hvzm,41.23828125
1783731324,mem_mib,pod=workload-cloud-6f545f89ff-9hvzm,41.0546875
1783731334,mem_mib,pod=workload-cloud-6f545f89ff-9hvzm,41.2109375
1783731344,mem_mib,pod=workload-cloud-6f545f89ff-9hvzm,41.2109375
1783731354,mem_mib,pod=workload-cloud-6f545f89ff-9hvzm,40.90234375
1783731364,mem_mib,pod=workload-cloud-6f545f89ff-9hvzm,40.125
1783731374,mem_mib,pod=workload-cloud-6f545f89ff-9hvzm,40.125
1783731384,mem_mib,pod=workload-cloud-6f545f89ff-9hvzm,40.125
1783731394,mem_mib,pod=workload-cloud-6f545f89ff-9hvzm,40.125
1783731404,mem_mib,pod=workload-cloud-6f545f89ff-9hvzm,40.37890625
1783731414,mem_mib,pod=workload-cloud-6f545f89ff-9hvzm,40.37890625
1783730874,mem_mib,pod=workload-cloud-6f545f89ff-gr5gs,2.87890625
1783730884,mem_mib,pod=workload-cloud-6f545f89ff-gr5gs,35.16015625
1783730894,mem_mib,pod=workload-cloud-6f545f89ff-gr5gs,35.16015625
1783730904,mem_mib,pod=workload-cloud-6f545f89ff-gr5gs,35.25
1783730914,mem_mib,pod=workload-cloud-6f545f89ff-gr5gs,35.25
1783730924,mem_mib,pod=workload-cloud-6f545f89ff-gr5gs,35.421875
1783730934,mem_mib,pod=workload-cloud-6f545f89ff-gr5gs,35.46484375
1783730944,mem_mib,pod=workload-cloud-6f545f89ff-gr5gs,35.46484375
1783730954,mem_mib,pod=workload-cloud-6f545f89ff-gr5gs,35.5625
1783730964,mem_mib,pod=workload-cloud-6f545f89ff-gr5gs,36.45703125
1783730974,mem_mib,pod=workload-cloud-6f545f89ff-gr5gs,36.45703125
1783730984,mem_mib,pod=workload-cloud-6f545f89ff-gr5gs,37.76953125
1783730994,mem_mib,pod=workload-cloud-6f545f89ff-gr5gs,37.76953125
1783731004,mem_mib,pod=workload-cloud-6f545f89ff-gr5gs,37.640625
1783731014,mem_mib,pod=workload-cloud-6f545f89ff-gr5gs,37.640625
1783731024,mem_mib,pod=workload-cloud-6f545f89ff-gr5gs,37.76953125
1783731034,mem_mib,pod=workload-cloud-6f545f89ff-gr5gs,37.76953125
1783731044,mem_mib,pod=workload-cloud-6f545f89ff-gr5gs,38.015625
1783731054,mem_mib,pod=workload-cloud-6f545f89ff-gr5gs,38.04296875
1783731064,mem_mib,pod=workload-cloud-6f545f89ff-gr5gs,38.04296875
1783731074,mem_mib,pod=workload-cloud-6f545f89ff-gr5gs,37.8125
1783731084,mem_mib,pod=workload-cloud-6f545f89ff-gr5gs,37.8203125
1783731094,mem_mib,pod=workload-cloud-6f545f89ff-gr5gs,38.3671875
1783731104,mem_mib,pod=workload-cloud-6f545f89ff-gr5gs,38.3671875
1783731114,mem_mib,pod=workload-cloud-6f545f89ff-gr5gs,37.85546875
1783731124,mem_mib,pod=workload-cloud-6f545f89ff-gr5gs,37.765625
1783731134,mem_mib,pod=workload-cloud-6f545f89ff-gr5gs,37.765625
1783731144,mem_mib,pod=workload-cloud-6f545f89ff-gr5gs,37.421875
1783731154,mem_mib,pod=workload-cloud-6f545f89ff-gr5gs,37.125
1783731164,mem_mib,pod=workload-cloud-6f545f89ff-gr5gs,37.125
1783731174,mem_mib,pod=workload-cloud-6f545f89ff-gr5gs,37.08984375
1783731184,mem_mib,pod=workload-cloud-6f545f89ff-gr5gs,37.12890625
1783731194,mem_mib,pod=workload-cloud-6f545f89ff-gr5gs,37.35546875
1783731204,mem_mib,pod=workload-cloud-6f545f89ff-gr5gs,37.35546875
1783731214,mem_mib,pod=workload-cloud-6f545f89ff-gr5gs,37.13671875
1783731224,mem_mib,pod=workload-cloud-6f545f89ff-gr5gs,37.13671875
1783731234,mem_mib,pod=workload-cloud-6f545f89ff-gr5gs,37.171875
1783731244,mem_mib,pod=workload-cloud-6f545f89ff-gr5gs,37.14453125
1783731254,mem_mib,pod=workload-cloud-6f545f89ff-gr5gs,37.14453125
1783731264,mem_mib,pod=workload-cloud-6f545f89ff-gr5gs,37.17578125
1783731274,mem_mib,pod=workload-cloud-6f545f89ff-gr5gs,37.1484375
1783731284,mem_mib,pod=workload-cloud-6f545f89ff-gr5gs,37.1484375
1783731294,mem_mib,pod=workload-cloud-6f545f89ff-gr5gs,37.6484375
1783731304,mem_mib,pod=workload-cloud-6f545f89ff-gr5gs,37.6484375
1783731314,mem_mib,pod=workload-cloud-6f545f89ff-gr5gs,37.15234375
1783731324,mem_mib,pod=workload-cloud-6f545f89ff-gr5gs,37.15234375
1783731334,mem_mib,pod=workload-cloud-6f545f89ff-gr5gs,37.15234375
1783731344,mem_mib,pod=workload-cloud-6f545f89ff-gr5gs,37.1171875
1783731354,mem_mib,pod=workload-cloud-6f545f89ff-gr5gs,37.1171875
1783731364,mem_mib,pod=workload-cloud-6f545f89ff-gr5gs,37.0703125
1783731374,mem_mib,pod=workload-cloud-6f545f89ff-gr5gs,37.0703125
1783731384,mem_mib,pod=workload-cloud-6f545f89ff-gr5gs,37.0703125
1783731394,mem_mib,pod=workload-cloud-6f545f89ff-gr5gs,37.0703125
1783731404,mem_mib,pod=workload-cloud-6f545f89ff-gr5gs,37.0703125
1783731414,mem_mib,pod=workload-cloud-6f545f89ff-gr5gs,37.0703125
1783730954,mem_mib,pod=workload-cloud-6f545f89ff-x9khx,3.1875
1783730964,mem_mib,pod=workload-cloud-6f545f89ff-x9khx,35.23046875
1783730974,mem_mib,pod=workload-cloud-6f545f89ff-x9khx,35.23046875
1783730984,mem_mib,pod=workload-cloud-6f545f89ff-x9khx,35.57421875
1783730994,mem_mib,pod=workload-cloud-6f545f89ff-x9khx,35.57421875
1783731004,mem_mib,pod=workload-cloud-6f545f89ff-x9khx,36.4921875
1783731014,mem_mib,pod=workload-cloud-6f545f89ff-x9khx,36.56640625
1783731024,mem_mib,pod=workload-cloud-6f545f89ff-x9khx,36.56640625
1783731034,mem_mib,pod=workload-cloud-6f545f89ff-x9khx,36.609375
1783731044,mem_mib,pod=workload-cloud-6f545f89ff-x9khx,36.609375
1783731054,mem_mib,pod=workload-cloud-6f545f89ff-x9khx,37.1640625
1783731064,mem_mib,pod=workload-cloud-6f545f89ff-x9khx,36.73828125
1783731074,mem_mib,pod=workload-cloud-6f545f89ff-x9khx,36.73828125
1783731084,mem_mib,pod=workload-cloud-6f545f89ff-x9khx,36.71484375
1783731094,mem_mib,pod=workload-cloud-6f545f89ff-x9khx,36.73046875
1783731104,mem_mib,pod=workload-cloud-6f545f89ff-x9khx,36.73046875
1783731114,mem_mib,pod=workload-cloud-6f545f89ff-x9khx,36.7109375
1783731124,mem_mib,pod=workload-cloud-6f545f89ff-x9khx,36.7109375
1783731134,mem_mib,pod=workload-cloud-6f545f89ff-x9khx,36.4765625
1783731144,mem_mib,pod=workload-cloud-6f545f89ff-x9khx,36.4375
1783731154,mem_mib,pod=workload-cloud-6f545f89ff-x9khx,36.39453125
1783731164,mem_mib,pod=workload-cloud-6f545f89ff-x9khx,36.39453125
1783731174,mem_mib,pod=workload-cloud-6f545f89ff-x9khx,36.39453125
1783731184,mem_mib,pod=workload-cloud-6f545f89ff-x9khx,36.39453125
1783731194,mem_mib,pod=workload-cloud-6f545f89ff-x9khx,36.39453125
1783731204,mem_mib,pod=workload-cloud-6f545f89ff-x9khx,36.39453125
1783731214,mem_mib,pod=workload-cloud-6f545f89ff-x9khx,36.390625
1783731224,mem_mib,pod=workload-cloud-6f545f89ff-x9khx,36.390625
1783731234,mem_mib,pod=workload-cloud-6f545f89ff-x9khx,36.39453125
1783731244,mem_mib,pod=workload-cloud-6f545f89ff-x9khx,36.39453125
1783731254,mem_mib,pod=workload-cloud-6f545f89ff-x9khx,36.39453125
1783731264,mem_mib,pod=workload-cloud-6f545f89ff-x9khx,36.39453125
1783731274,mem_mib,pod=workload-cloud-6f545f89ff-x9khx,36.39453125
1783731284,mem_mib,pod=workload-cloud-6f545f89ff-x9khx,36.65234375
1783731294,mem_mib,pod=workload-cloud-6f545f89ff-x9khx,36.39453125
1783731304,mem_mib,pod=workload-cloud-6f545f89ff-x9khx,36.39453125
1783731314,mem_mib,pod=workload-cloud-6f545f89ff-x9khx,36.39453125
1783731324,mem_mib,pod=workload-cloud-6f545f89ff-x9khx,36.39453125
1783731334,mem_mib,pod=workload-cloud-6f545f89ff-x9khx,36.39453125
1783731344,mem_mib,pod=workload-cloud-6f545f89ff-x9khx,36.39453125
1783731354,mem_mib,pod=workload-cloud-6f545f89ff-x9khx,36.39453125
1783731364,mem_mib,pod=workload-cloud-6f545f89ff-x9khx,36.39453125
1783731374,mem_mib,pod=workload-cloud-6f545f89ff-x9khx,36.39453125
1783731384,mem_mib,pod=workload-cloud-6f545f89ff-x9khx,36.39453125
1783731394,mem_mib,pod=workload-cloud-6f545f89ff-x9khx,36.39453125
1783731404,mem_mib,pod=workload-cloud-6f545f89ff-x9khx,36.39453125
1783731414,mem_mib,pod=workload-cloud-6f545f89ff-x9khx,36.39453125
1783730924,mem_mib,pod=workload-cloud-6f545f89ff-xwhls,3.51953125
1783730934,mem_mib,pod=workload-cloud-6f545f89ff-xwhls,3.51953125
1783730944,mem_mib,pod=workload-cloud-6f545f89ff-xwhls,35.1328125
1783730954,mem_mib,pod=workload-cloud-6f545f89ff-xwhls,35.171875
1783730964,mem_mib,pod=workload-cloud-6f545f89ff-xwhls,35.171875
1783730974,mem_mib,pod=workload-cloud-6f545f89ff-xwhls,35.40234375
1783730984,mem_mib,pod=workload-cloud-6f545f89ff-xwhls,36.3125
1783730994,mem_mib,pod=workload-cloud-6f545f89ff-xwhls,37.078125
1783731004,mem_mib,pod=workload-cloud-6f545f89ff-xwhls,37.33203125
1783731014,mem_mib,pod=workload-cloud-6f545f89ff-xwhls,37.33203125
1783731024,mem_mib,pod=workload-cloud-6f545f89ff-xwhls,37.609375
1783731034,mem_mib,pod=workload-cloud-6f545f89ff-xwhls,37.58203125
1783731044,mem_mib,pod=workload-cloud-6f545f89ff-xwhls,37.58203125
1783731054,mem_mib,pod=workload-cloud-6f545f89ff-xwhls,37.46875
1783731064,mem_mib,pod=workload-cloud-6f545f89ff-xwhls,37.46875
1783731074,mem_mib,pod=workload-cloud-6f545f89ff-xwhls,37.46875
1783731084,mem_mib,pod=workload-cloud-6f545f89ff-xwhls,37.51953125
1783731094,mem_mib,pod=workload-cloud-6f545f89ff-xwhls,37.51953125
1783731104,mem_mib,pod=workload-cloud-6f545f89ff-xwhls,38.0390625
1783731114,mem_mib,pod=workload-cloud-6f545f89ff-xwhls,37.55078125
1783731124,mem_mib,pod=workload-cloud-6f545f89ff-xwhls,37.55078125
1783731134,mem_mib,pod=workload-cloud-6f545f89ff-xwhls,37.36328125
1783731144,mem_mib,pod=workload-cloud-6f545f89ff-xwhls,37.0703125
1783731154,mem_mib,pod=workload-cloud-6f545f89ff-xwhls,36.88671875
1783731164,mem_mib,pod=workload-cloud-6f545f89ff-xwhls,36.88671875
1783731174,mem_mib,pod=workload-cloud-6f545f89ff-xwhls,36.89453125
1783731184,mem_mib,pod=workload-cloud-6f545f89ff-xwhls,36.89453125
1783731194,mem_mib,pod=workload-cloud-6f545f89ff-xwhls,36.89453125
1783731204,mem_mib,pod=workload-cloud-6f545f89ff-xwhls,36.8984375
1783731214,mem_mib,pod=workload-cloud-6f545f89ff-xwhls,36.8984375
1783731224,mem_mib,pod=workload-cloud-6f545f89ff-xwhls,36.8984375
1783731234,mem_mib,pod=workload-cloud-6f545f89ff-xwhls,36.8984375
1783731244,mem_mib,pod=workload-cloud-6f545f89ff-xwhls,36.89453125
1783731254,mem_mib,pod=workload-cloud-6f545f89ff-xwhls,36.89453125
1783731264,mem_mib,pod=workload-cloud-6f545f89ff-xwhls,36.89453125
1783731274,mem_mib,pod=workload-cloud-6f545f89ff-xwhls,36.89453125
1783731284,mem_mib,pod=workload-cloud-6f545f89ff-xwhls,36.8984375
1783731294,mem_mib,pod=workload-cloud-6f545f89ff-xwhls,36.8984375
1783731304,mem_mib,pod=workload-cloud-6f545f89ff-xwhls,36.8984375
1783731314,mem_mib,pod=workload-cloud-6f545f89ff-xwhls,36.8984375
1783731324,mem_mib,pod=workload-cloud-6f545f89ff-xwhls,36.89453125
1783731334,mem_mib,pod=workload-cloud-6f545f89ff-xwhls,36.89453125
1783731344,mem_mib,pod=workload-cloud-6f545f89ff-xwhls,36.8984375
1783731354,mem_mib,pod=workload-cloud-6f545f89ff-xwhls,36.8984375
1783731364,mem_mib,pod=workload-cloud-6f545f89ff-xwhls,36.89453125
1783731374,mem_mib,pod=workload-cloud-6f545f89ff-xwhls,36.89453125
1783731384,mem_mib,pod=workload-cloud-6f545f89ff-xwhls,36.89453125
1783731394,mem_mib,pod=workload-cloud-6f545f89ff-xwhls,36.89453125
1783731404,mem_mib,pod=workload-cloud-6f545f89ff-xwhls,36.89453125
1783731414,mem_mib,pod=workload-cloud-6f545f89ff-xwhls,36.89453125
1783730834,mem_mib,pod=workload-cloud-6f545f89ff-z9krk,4.07421875
1783730844,mem_mib,pod=workload-cloud-6f545f89ff-z9krk,35.20703125
1783730854,mem_mib,pod=workload-cloud-6f545f89ff-z9krk,35.20703125
1783730864,mem_mib,pod=workload-cloud-6f545f89ff-z9krk,36.19140625
1783730874,mem_mib,pod=workload-cloud-6f545f89ff-z9krk,35.50390625
1783730884,mem_mib,pod=workload-cloud-6f545f89ff-z9krk,35.50390625
1783730894,mem_mib,pod=workload-cloud-6f545f89ff-z9krk,35.83984375
1783730904,mem_mib,pod=workload-cloud-6f545f89ff-z9krk,35.83984375
1783730914,mem_mib,pod=workload-cloud-6f545f89ff-z9krk,35.92578125
1783730924,mem_mib,pod=workload-cloud-6f545f89ff-z9krk,36.16796875
1783730934,mem_mib,pod=workload-cloud-6f545f89ff-z9krk,36.16796875
1783730944,mem_mib,pod=workload-cloud-6f545f89ff-z9krk,35.67578125
1783730954,mem_mib,pod=workload-cloud-6f545f89ff-z9krk,35.67578125
1783730964,mem_mib,pod=workload-cloud-6f545f89ff-z9krk,35.70703125
1783730974,mem_mib,pod=workload-cloud-6f545f89ff-z9krk,35.92578125
1783730984,mem_mib,pod=workload-cloud-6f545f89ff-z9krk,35.92578125
1783730994,mem_mib,pod=workload-cloud-6f545f89ff-z9krk,37.02734375
1783731004,mem_mib,pod=workload-cloud-6f545f89ff-z9krk,37.21875
1783731014,mem_mib,pod=workload-cloud-6f545f89ff-z9krk,37.14453125
1783731024,mem_mib,pod=workload-cloud-6f545f89ff-z9krk,37.14453125
1783731034,mem_mib,pod=workload-cloud-6f545f89ff-z9krk,37.6171875
1783731044,mem_mib,pod=workload-cloud-6f545f89ff-z9krk,37.3984375
1783731054,mem_mib,pod=workload-cloud-6f545f89ff-z9krk,37.66015625
1783731064,mem_mib,pod=workload-cloud-6f545f89ff-z9krk,37.66015625
1783731074,mem_mib,pod=workload-cloud-6f545f89ff-z9krk,37.7734375
1783731084,mem_mib,pod=workload-cloud-6f545f89ff-z9krk,37.7734375
1783731094,mem_mib,pod=workload-cloud-6f545f89ff-z9krk,37.765625
1783731104,mem_mib,pod=workload-cloud-6f545f89ff-z9krk,37.765625
1783731114,mem_mib,pod=workload-cloud-6f545f89ff-z9krk,38.0
1783731124,mem_mib,pod=workload-cloud-6f545f89ff-z9krk,37.4921875
1783731134,mem_mib,pod=workload-cloud-6f545f89ff-z9krk,37.4921875
1783731144,mem_mib,pod=workload-cloud-6f545f89ff-z9krk,36.9765625
1783731154,mem_mib,pod=workload-cloud-6f545f89ff-z9krk,37.76171875
1783731164,mem_mib,pod=workload-cloud-6f545f89ff-z9krk,37.76171875
1783731174,mem_mib,pod=workload-cloud-6f545f89ff-z9krk,37.49609375
1783731184,mem_mib,pod=workload-cloud-6f545f89ff-z9krk,37.015625
1783731194,mem_mib,pod=workload-cloud-6f545f89ff-z9krk,37.015625
1783731204,mem_mib,pod=workload-cloud-6f545f89ff-z9krk,37.23828125
1783731214,mem_mib,pod=workload-cloud-6f545f89ff-z9krk,37.265625
1783731224,mem_mib,pod=workload-cloud-6f545f89ff-z9krk,37.265625
1783731234,mem_mib,pod=workload-cloud-6f545f89ff-z9krk,37.5546875
1783731244,mem_mib,pod=workload-cloud-6f545f89ff-z9krk,37.8046875
1783731254,mem_mib,pod=workload-cloud-6f545f89ff-z9krk,37.7734375
1783731264,mem_mib,pod=workload-cloud-6f545f89ff-z9krk,37.7734375
1783731274,mem_mib,pod=workload-cloud-6f545f89ff-z9krk,37.27734375
1783731284,mem_mib,pod=workload-cloud-6f545f89ff-z9krk,37.27734375
1783731294,mem_mib,pod=workload-cloud-6f545f89ff-z9krk,37.8046875
1783731304,mem_mib,pod=workload-cloud-6f545f89ff-z9krk,37.8046875
1783731314,mem_mib,pod=workload-cloud-6f545f89ff-z9krk,37.25390625
1783731324,mem_mib,pod=workload-cloud-6f545f89ff-z9krk,37.00390625
1783731334,mem_mib,pod=workload-cloud-6f545f89ff-z9krk,36.984375
1783731344,mem_mib,pod=workload-cloud-6f545f89ff-z9krk,36.94921875
1783731354,mem_mib,pod=workload-cloud-6f545f89ff-z9krk,36.94921875
1783731364,mem_mib,pod=workload-cloud-6f545f89ff-z9krk,36.90234375
1783731374,mem_mib,pod=workload-cloud-6f545f89ff-z9krk,36.90234375
1783731384,mem_mib,pod=workload-cloud-6f545f89ff-z9krk,36.8984375
1783731394,mem_mib,pod=workload-cloud-6f545f89ff-z9krk,36.90234375
1783731404,mem_mib,pod=workload-cloud-6f545f89ff-z9krk,36.90234375
1783731414,mem_mib,pod=workload-cloud-6f545f89ff-z9krk,36.8984375
1783730774,mem_mib,pod=workload-edge-7b875fd8c6-pxwvc,35.94921875
1783730784,mem_mib,pod=workload-edge-7b875fd8c6-pxwvc,35.94921875
1783730794,mem_mib,pod=workload-edge-7b875fd8c6-pxwvc,35.94921875
1783730804,mem_mib,pod=workload-edge-7b875fd8c6-pxwvc,35.94921875
1783730814,mem_mib,pod=workload-edge-7b875fd8c6-pxwvc,35.94921875
1783730824,mem_mib,pod=workload-edge-7b875fd8c6-pxwvc,35.94921875
1783730834,mem_mib,pod=workload-edge-7b875fd8c6-pxwvc,35.94921875
1783730844,mem_mib,pod=workload-edge-7b875fd8c6-pxwvc,35.94921875
1783730854,mem_mib,pod=workload-edge-7b875fd8c6-pxwvc,35.94921875
1783730864,mem_mib,pod=workload-edge-7b875fd8c6-pxwvc,35.94921875
1783730874,mem_mib,pod=workload-edge-7b875fd8c6-pxwvc,35.94921875
1783730884,mem_mib,pod=workload-edge-7b875fd8c6-pxwvc,35.94921875
1783730894,mem_mib,pod=workload-edge-7b875fd8c6-pxwvc,35.94921875
1783730904,mem_mib,pod=workload-edge-7b875fd8c6-pxwvc,35.94921875
1783730914,mem_mib,pod=workload-edge-7b875fd8c6-pxwvc,35.94921875
1783730924,mem_mib,pod=workload-edge-7b875fd8c6-pxwvc,35.94921875
1783730934,mem_mib,pod=workload-edge-7b875fd8c6-pxwvc,35.94921875
1783730944,mem_mib,pod=workload-edge-7b875fd8c6-pxwvc,35.94921875
1783730954,mem_mib,pod=workload-edge-7b875fd8c6-pxwvc,35.94921875
1783730964,mem_mib,pod=workload-edge-7b875fd8c6-pxwvc,35.94921875
1783730974,mem_mib,pod=workload-edge-7b875fd8c6-pxwvc,35.94921875
1783730984,mem_mib,pod=workload-edge-7b875fd8c6-pxwvc,35.94921875
1783730994,mem_mib,pod=workload-edge-7b875fd8c6-pxwvc,35.953125
1783731004,mem_mib,pod=workload-edge-7b875fd8c6-pxwvc,35.94921875
1783731014,mem_mib,pod=workload-edge-7b875fd8c6-pxwvc,35.94921875
1783731024,mem_mib,pod=workload-edge-7b875fd8c6-pxwvc,35.94921875
1783731034,mem_mib,pod=workload-edge-7b875fd8c6-pxwvc,35.9453125
1783731044,mem_mib,pod=workload-edge-7b875fd8c6-pxwvc,35.953125
1783731054,mem_mib,pod=workload-edge-7b875fd8c6-pxwvc,35.953125
1783731064,mem_mib,pod=workload-edge-7b875fd8c6-pxwvc,35.94921875
1783731074,mem_mib,pod=workload-edge-7b875fd8c6-pxwvc,35.94921875
1783731084,mem_mib,pod=workload-edge-7b875fd8c6-pxwvc,35.953125
1783731094,mem_mib,pod=workload-edge-7b875fd8c6-pxwvc,35.953125
1783731104,mem_mib,pod=workload-edge-7b875fd8c6-pxwvc,35.953125
1783731114,mem_mib,pod=workload-edge-7b875fd8c6-pxwvc,35.953125
1783731124,mem_mib,pod=workload-edge-7b875fd8c6-pxwvc,35.953125
1783731134,mem_mib,pod=workload-edge-7b875fd8c6-pxwvc,35.953125
1783731144,mem_mib,pod=workload-edge-7b875fd8c6-pxwvc,35.953125
1783731154,mem_mib,pod=workload-edge-7b875fd8c6-pxwvc,35.953125
1783731164,mem_mib,pod=workload-edge-7b875fd8c6-pxwvc,35.953125
1783731174,mem_mib,pod=workload-edge-7b875fd8c6-pxwvc,35.953125
1783731184,mem_mib,pod=workload-edge-7b875fd8c6-pxwvc,35.953125
1783731194,mem_mib,pod=workload-edge-7b875fd8c6-pxwvc,35.953125
1783731204,mem_mib,pod=workload-edge-7b875fd8c6-pxwvc,35.953125
1783731214,mem_mib,pod=workload-edge-7b875fd8c6-pxwvc,35.953125
1783731224,mem_mib,pod=workload-edge-7b875fd8c6-pxwvc,35.953125
1783731234,mem_mib,pod=workload-edge-7b875fd8c6-pxwvc,35.953125
1783731244,mem_mib,pod=workload-edge-7b875fd8c6-pxwvc,35.953125
1783731254,mem_mib,pod=workload-edge-7b875fd8c6-pxwvc,35.953125
1783731264,mem_mib,pod=workload-edge-7b875fd8c6-pxwvc,35.953125
1783731274,mem_mib,pod=workload-edge-7b875fd8c6-pxwvc,35.953125
1783731284,mem_mib,pod=workload-edge-7b875fd8c6-pxwvc,35.953125
1783731294,mem_mib,pod=workload-edge-7b875fd8c6-pxwvc,35.953125
1783731304,mem_mib,pod=workload-edge-7b875fd8c6-pxwvc,35.953125
1783731314,mem_mib,pod=workload-edge-7b875fd8c6-pxwvc,35.953125
1783731324,mem_mib,pod=workload-edge-7b875fd8c6-pxwvc,35.953125
1783731334,mem_mib,pod=workload-edge-7b875fd8c6-pxwvc,35.953125
1783731344,mem_mib,pod=workload-edge-7b875fd8c6-pxwvc,35.953125
1783731354,mem_mib,pod=workload-edge-7b875fd8c6-pxwvc,35.953125
1783731364,mem_mib,pod=workload-edge-7b875fd8c6-pxwvc,35.953125
1783731374,mem_mib,pod=workload-edge-7b875fd8c6-pxwvc,35.953125
1783731384,mem_mib,pod=workload-edge-7b875fd8c6-pxwvc,35.953125
1783731394,mem_mib,pod=workload-edge-7b875fd8c6-pxwvc,36.2109375
1783731404,mem_mib,pod=workload-edge-7b875fd8c6-pxwvc,35.953125
1783731414,mem_mib,pod=workload-edge-7b875fd8c6-pxwvc,35.953125
1783730774,rps,tier=cloud,0.0
1783730784,rps,tier=cloud,1.0200204004080082
1783730794,rps,tier=cloud,5.760243614616877
1783730804,rps,tier=cloud,14.50076164136231
1783730814,rps,tier=cloud,27.36099524678655
1783730824,rps,tier=cloud,44.06188289775757
1783730834,rps,tier=cloud,63.6432461718734
1783730844,rps,tier=cloud,81.76403820758708
1783730854,rps,tier=cloud,105.43138183128089
1783730864,rps,tier=cloud,124.78418213914945
1783730874,rps,tier=cloud,143.63764382420453
1783730884,rps,tier=cloud,161.72148992879715
1783730894,rps,tier=cloud,183.41987766925396
1783730904,rps,tier=cloud,204.47674171623734
1783730914,rps,tier=cloud,223.2805580627859
1783730924,rps,tier=cloud,240.93518538699797
1783730934,rps,tier=cloud,258.7285004451911
1783730944,rps,tier=cloud,279.4287794261194
1783730954,rps,tier=cloud,298.6144551288382
1783730964,rps,tier=cloud,320.1258898905714
1783730974,rps,tier=cloud,422.77613963969776
1783730984,rps,tier=cloud,603.6858273846555
1783730994,rps,tier=cloud,843.1795614865601
1783731004,rps,tier=cloud,1091.0648256110337
1783731014,rps,tier=cloud,1339.5407043790133
1783731024,rps,tier=cloud,1547.8587587430718
1783731034,rps,tier=cloud,1663.5277567747466
1783731044,rps,tier=cloud,1687.5788306946292
1783731054,rps,tier=cloud,1690.7820645546817
1783731064,rps,tier=cloud,1683.7495991919495
1783731074,rps,tier=cloud,1680.2229790653714
1783731084,rps,tier=cloud,1680.5911077724045
1783731094,rps,tier=cloud,1683.0305916815641
1783731104,rps,tier=cloud,1679.8295245931943
1783731114,rps,tier=cloud,1673.6885875553057
1783731124,rps,tier=cloud,1612.9633764809603
1783731134,rps,tier=cloud,1460.4259725205063
1783731144,rps,tier=cloud,1220.0347593369213
1783731154,rps,tier=cloud,961.7903567434726
1783731164,rps,tier=cloud,707.1246054623582
1783731174,rps,tier=cloud,505.82266754778715
1783731184,rps,tier=cloud,394.0144274681396
1783731194,rps,tier=cloud,368.59739657184406
1783731204,rps,tier=cloud,368.7331389690362
1783731214,rps,tier=cloud,368.7746396887104
1783731224,rps,tier=cloud,368.1981541317376
1783731234,rps,tier=cloud,367.8568744349716
1783731244,rps,tier=cloud,367.67553154671896
1783731254,rps,tier=cloud,368.10310950640553
1783731264,rps,tier=cloud,369.19512756717126
1783731274,rps,tier=cloud,370.1548930769855
1783731284,rps,tier=cloud,370.7765467648128
1783731294,rps,tier=cloud,370.3951820080903
1783731304,rps,tier=cloud,370.57342137013916
1783731314,rps,tier=cloud,369.5221713302799
1783731324,rps,tier=cloud,368.01859777653306
1783731334,rps,tier=cloud,350.198559415465
1783731344,rps,tier=cloud,311.57869472168335
1783731354,rps,tier=cloud,247.25105936498449
1783731364,rps,tier=cloud,173.62527777776646
1783731374,rps,tier=cloud,100.74431138935259
1783731384,rps,tier=cloud,44.881640066322895
1783731394,rps,tier=cloud,10.300243606376188
1783731404,rps,tier=cloud,0.22001760140811263
1783731414,rps,tier=cloud,0.0
1783730784,lat50_ms,tier=cloud,1.7083333333333335
1783730794,lat50_ms,tier=cloud,1.76190509976368
1783730804,lat50_ms,tier=cloud,2.463009131497695
1783730814,lat50_ms,tier=cloud,2.740831111931871
1783730824,lat50_ms,tier=cloud,3.0299031281381303
1783730834,lat50_ms,tier=cloud,3.2766540736834084
1783730844,lat50_ms,tier=cloud,3.1661764705882347
1783730854,lat50_ms,tier=cloud,2.950350433687728
1783730864,lat50_ms,tier=cloud,2.799336720031252
1783730874,lat50_ms,tier=cloud,2.815573534017279
1783730884,lat50_ms,tier=cloud,3.0283089411174897
1783730894,lat50_ms,tier=cloud,3.11293601996758
1783730904,lat50_ms,tier=cloud,3.1168884871621776
1783730914,lat50_ms,tier=cloud,3.183283280415116
1783730924,lat50_ms,tier=cloud,3.3297364520615216
1783730934,lat50_ms,tier=cloud,3.4918270216580063
1783730944,lat50_ms,tier=cloud,3.623477316686119
1783730954,lat50_ms,tier=cloud,3.8020781127691268
1783730964,lat50_ms,tier=cloud,3.965276250859574
1783730974,lat50_ms,tier=cloud,4.153127075441829
1783730984,lat50_ms,tier=cloud,4.682569515597888
1783730994,lat50_ms,tier=cloud,7.132409610111321
1783731004,lat50_ms,tier=cloud,9.96684732813152
1783731014,lat50_ms,tier=cloud,10.712959399164808
1783731024,lat50_ms,tier=cloud,11.72254036251075
1783731034,lat50_ms,tier=cloud,12.391690505552074
1783731044,lat50_ms,tier=cloud,12.947772353916985
1783731054,lat50_ms,tier=cloud,13.498947660012773
1783731064,lat50_ms,tier=cloud,13.993635528290397
1783731074,lat50_ms,tier=cloud,14.348551520069107
1783731084,lat50_ms,tier=cloud,14.72214737785971
1783731094,lat50_ms,tier=cloud,14.922289418699249
1783731104,lat50_ms,tier=cloud,15.065763210199414
1783731114,lat50_ms,tier=cloud,15.031546574231488
1783731124,lat50_ms,tier=cloud,14.972371155532159
1783731134,lat50_ms,tier=cloud,14.718400963236324
1783731144,lat50_ms,tier=cloud,14.410715167769665
1783731154,lat50_ms,tier=cloud,14.119395505699405
1783731164,lat50_ms,tier=cloud,13.649648674728533
1783731174,lat50_ms,tier=cloud,12.940103854462404
1783731184,lat50_ms,tier=cloud,12.26188518323677
1783731194,lat50_ms,tier=cloud,11.388157150815005
1783731204,lat50_ms,tier=cloud,10.182984540290057
1783731214,lat50_ms,tier=cloud,8.327048686934187
1783731224,lat50_ms,tier=cloud,6.34670074360844
1783731234,lat50_ms,tier=cloud,5.079434658485664
1783731244,lat50_ms,tier=cloud,4.8247892598433895
1783731254,lat50_ms,tier=cloud,4.8359333094572
1783731264,lat50_ms,tier=cloud,4.664658241096497
1783731274,lat50_ms,tier=cloud,4.589125255708488
1783731284,lat50_ms,tier=cloud,4.561844644578301
1783731294,lat50_ms,tier=cloud,4.549393945990863
1783731304,lat50_ms,tier=cloud,4.512559975991308
1783731314,lat50_ms,tier=cloud,4.5148352755469725
1783731324,lat50_ms,tier=cloud,4.500352595316123
1783731334,lat50_ms,tier=cloud,4.411701095738402
1783731344,lat50_ms,tier=cloud,4.266503535165301
1783731354,lat50_ms,tier=cloud,4.1940047484945255
1783731364,lat50_ms,tier=cloud,4.2109734117106274
1783731374,lat50_ms,tier=cloud,4.2926840274736255
1783731384,lat50_ms,tier=cloud,4.3682717046765305
1783731394,lat50_ms,tier=cloud,4.2689392418626175
1783731404,lat50_ms,tier=cloud,4.1986589792890445
1783731414,lat50_ms,tier=cloud,4.190594781205544
1783730784,lat95_ms,tier=cloud,4.489999999999999
1783730794,lat95_ms,tier=cloud,4.56363673304692
1783730804,lat95_ms,tier=cloud,4.959820618125372
1783730814,lat95_ms,tier=cloud,4.998533145953478
1783730824,lat95_ms,tier=cloud,7.680747890058807
1783730834,lat95_ms,tier=cloud,8.866592042329582
1783730844,lat95_ms,tier=cloud,8.89536138079827
1783730854,lat95_ms,tier=cloud,8.746728531489822
1783730864,lat95_ms,tier=cloud,8.719041265901367
1783730874,lat95_ms,tier=cloud,9.037379745252126
1783730884,lat95_ms,tier=cloud,9.263737980065745
1783730894,lat95_ms,tier=cloud,9.433275464910261
1783730904,lat95_ms,tier=cloud,9.472211866540514
1783730914,lat95_ms,tier=cloud,9.940293072683737
1783730924,lat95_ms,tier=cloud,13.755611457967918
1783730934,lat95_ms,tier=cloud,15.472885579835921
1783730944,lat95_ms,tier=cloud,16.339102163390788
1783730954,lat95_ms,tier=cloud,16.959724645843327
1783730964,lat95_ms,tier=cloud,17.39602015104391
1783730974,lat95_ms,tier=cloud,18.06342849132994
1783730984,lat95_ms,tier=cloud,20.28912983045717
1783730994,lat95_ms,tier=cloud,37.96537302022332
1783731004,lat95_ms,tier=cloud,41.91545863872884
1783731014,lat95_ms,tier=cloud,42.90362691480367
1783731024,lat95_ms,tier=cloud,43.34181438503449
1783731034,lat95_ms,tier=cloud,43.96567779739245
1783731044,lat95_ms,tier=cloud,44.30655478202266
1783731054,lat95_ms,tier=cloud,44.6228925693707
1783731064,lat95_ms,tier=cloud,44.902028649589084
1783731074,lat95_ms,tier=cloud,45.0910916358142
1783731084,lat95_ms,tier=cloud,45.248363985381346
1783731094,lat95_ms,tier=cloud,45.30818651401657
1783731104,lat95_ms,tier=cloud,45.40561133103808
1783731114,lat95_ms,tier=cloud,45.42916708365183
1783731124,lat95_ms,tier=cloud,45.32823973703189
1783731134,lat95_ms,tier=cloud,45.25131050498743
1783731144,lat95_ms,tier=cloud,45.07978498483803
1783731154,lat95_ms,tier=cloud,44.94624305576833
1783731164,lat95_ms,tier=cloud,44.719393446674374
1783731174,lat95_ms,tier=cloud,44.349935377530535
1783731184,lat95_ms,tier=cloud,43.89718848329142
1783731194,lat95_ms,tier=cloud,43.28334800258341
1783731204,lat95_ms,tier=cloud,42.77950477595292
1783731214,lat95_ms,tier=cloud,40.132297487470595
1783731224,lat95_ms,tier=cloud,28.743600267277923
1783731234,lat95_ms,tier=cloud,19.201434458372272
1783731244,lat95_ms,tier=cloud,18.36100842434233
1783731254,lat95_ms,tier=cloud,18.219090814435962
1783731264,lat95_ms,tier=cloud,18.125247346370983
1783731274,lat95_ms,tier=cloud,18.09964251848692
1783731284,lat95_ms,tier=cloud,18.186053944346206
1783731294,lat95_ms,tier=cloud,18.200201639257937
1783731304,lat95_ms,tier=cloud,18.136165868582328
1783731314,lat95_ms,tier=cloud,18.12610420242338
1783731324,lat95_ms,tier=cloud,18.11617009870612
1783731334,lat95_ms,tier=cloud,17.963538401248037
1783731344,lat95_ms,tier=cloud,17.824784850551765
1783731354,lat95_ms,tier=cloud,17.66434112414139
1783731364,lat95_ms,tier=cloud,17.643445400543634
1783731374,lat95_ms,tier=cloud,17.75307750098724
1783731384,lat95_ms,tier=cloud,17.758959861181687
1783731394,lat95_ms,tier=cloud,17.588671909153337
1783731404,lat95_ms,tier=cloud,17.072170099794135
1783731414,lat95_ms,tier=cloud,17.108826973286266
1783730784,lat99_ms,tier=cloud,4.898
1783730794,lat99_ms,tier=cloud,4.912727346609384
1783730804,lat99_ms,tier=cloud,8.830641187466531
1783730814,lat99_ms,tier=cloud,8.99411820700639
1783730824,lat99_ms,tier=cloud,9.588097781250909
1783730834,lat99_ms,tier=cloud,9.833109217523464
1783730844,lat99_ms,tier=cloud,9.839482200647248
1783730854,lat99_ms,tier=cloud,9.798041348462922
1783730864,lat99_ms,tier=cloud,9.824152731966013
1783730874,lat99_ms,tier=cloud,10.39761192587015
1783730884,lat99_ms,tier=cloud,14.246384772583518
1783730894,lat99_ms,tier=cloud,15.916532105592136
1783730904,lat99_ms,tier=cloud,16.285566444085884
1783730914,lat99_ms,tier=cloud,17.88743035675387
1783730924,lat99_ms,tier=cloud,18.781084883933193
1783730934,lat99_ms,tier=cloud,19.134198474020607
1783730944,lat99_ms,tier=cloud,19.32445447649557
1783730954,lat99_ms,tier=cloud,19.45043730988294
1783730964,lat99_ms,tier=cloud,19.531288840884805
1783730974,lat99_ms,tier=cloud,19.963947021608675
1783730984,lat99_ms,tier=cloud,44.05782596609142
1783730994,lat99_ms,tier=cloud,47.593074604044645
1783731004,lat99_ms,tier=cloud,48.406174277749074
1783731014,lat99_ms,tier=cloud,48.614695990852624
1783731024,lat99_ms,tier=cloud,48.695785980084814
1783731034,lat99_ms,tier=cloud,48.82176685269782
1783731044,lat99_ms,tier=cloud,48.89120709943553
1783731054,lat99_ms,tier=cloud,48.95018095457643
1783731064,lat99_ms,tier=cloud,49.00372808670855
1783731074,lat99_ms,tier=cloud,49.03992943486118
1783731084,lat99_ms,tier=cloud,49.06941477773844
1783731094,lat99_ms,tier=cloud,49.08048068063196
1783731104,lat99_ms,tier=cloud,49.11034129755551
1783731114,lat99_ms,tier=cloud,49.11011415839946
1783731124,lat99_ms,tier=cloud,49.08550789572275
1783731134,lat99_ms,tier=cloud,49.07134821698799
1783731144,lat99_ms,tier=cloud,49.03549115796881
1783731154,lat99_ms,tier=cloud,49.00670835515736
1783731164,lat99_ms,tier=cloud,48.96388695058675
1783731174,lat99_ms,tier=cloud,48.89219088945447
1783731184,lat99_ms,tier=cloud,48.80451036083552
1783731194,lat99_ms,tier=cloud,48.68806561792739
1783731204,lat99_ms,tier=cloud,48.59508248182657
1783731214,lat99_ms,tier=cloud,48.02870856315633
1783731224,lat99_ms,tier=cloud,45.748720053455564
1783731234,lat99_ms,tier=cloud,39.4675344422408
1783731244,lat99_ms,tier=cloud,19.871025824697277
1783731254,lat99_ms,tier=cloud,19.735101387396195
1783731264,lat99_ms,tier=cloud,19.71931493150951
1783731274,lat99_ms,tier=cloud,19.70866773165335
1783731284,lat99_ms,tier=cloud,19.725973206680123
1783731294,lat99_ms,tier=cloud,19.734540399296908
1783731304,lat99_ms,tier=cloud,19.729183965035393
1783731314,lat99_ms,tier=cloud,19.72941419398866
1783731324,lat99_ms,tier=cloud,19.726408539137786
1783731334,lat99_ms,tier=cloud,19.697534054068143
1783731344,lat99_ms,tier=cloud,19.67882195115004
1783731354,lat99_ms,tier=cloud,19.647497767615842
1783731364,lat99_ms,tier=cloud,19.648053372134523
1783731374,lat99_ms,tier=cloud,19.666149175565618
1783731384,lat99_ms,tier=cloud,19.679634550701007
1783731394,lat99_ms,tier=cloud,19.655845869718117
1783731404,lat99_ms,tier=cloud,19.54992300515157
1783731414,lat99_ms,tier=cloud,19.548094443572648
1783730774,inflight,tier=cloud,0.0
1783730784,inflight,tier=cloud,0.0
1783730794,inflight,tier=cloud,0.0
1783730804,inflight,tier=cloud,0.0
1783730814,inflight,tier=cloud,0.0
1783730824,inflight,tier=cloud,0.0
1783730834,inflight,tier=cloud,0.0
1783730844,inflight,tier=cloud,0.0
1783730854,inflight,tier=cloud,0.0
1783730864,inflight,tier=cloud,0.0
1783730874,inflight,tier=cloud,0.0
1783730884,inflight,tier=cloud,0.0
1783730894,inflight,tier=cloud,0.0
1783730904,inflight,tier=cloud,1.0
1783730914,inflight,tier=cloud,0.0
1783730924,inflight,tier=cloud,0.0
1783730934,inflight,tier=cloud,0.0
1783730944,inflight,tier=cloud,0.0
1783730954,inflight,tier=cloud,0.0
1783730964,inflight,tier=cloud,0.0
1783730974,inflight,tier=cloud,7.0
1783730984,inflight,tier=cloud,0.0
1783730994,inflight,tier=cloud,4.0
1783731004,inflight,tier=cloud,7.0
1783731014,inflight,tier=cloud,0.0
1783731024,inflight,tier=cloud,5.0
1783731034,inflight,tier=cloud,0.0
1783731044,inflight,tier=cloud,9.0
1783731054,inflight,tier=cloud,4.0
1783731064,inflight,tier=cloud,8.0
1783731074,inflight,tier=cloud,1.0
1783731084,inflight,tier=cloud,0.0
1783731094,inflight,tier=cloud,0.0
1783731104,inflight,tier=cloud,5.0
1783731114,inflight,tier=cloud,0.0
1783731124,inflight,tier=cloud,9.0
1783731134,inflight,tier=cloud,0.0
1783731144,inflight,tier=cloud,0.0
1783731154,inflight,tier=cloud,0.0
1783731164,inflight,tier=cloud,0.0
1783731174,inflight,tier=cloud,0.0
1783731184,inflight,tier=cloud,1.0
1783731194,inflight,tier=cloud,4.0
1783731204,inflight,tier=cloud,0.0
1783731214,inflight,tier=cloud,0.0
1783731224,inflight,tier=cloud,0.0
1783731234,inflight,tier=cloud,0.0
1783731244,inflight,tier=cloud,0.0
1783731254,inflight,tier=cloud,0.0
1783731264,inflight,tier=cloud,0.0
1783731274,inflight,tier=cloud,0.0
1783731284,inflight,tier=cloud,4.0
1783731294,inflight,tier=cloud,0.0
1783731304,inflight,tier=cloud,0.0
1783731314,inflight,tier=cloud,0.0
1783731324,inflight,tier=cloud,0.0
1783731334,inflight,tier=cloud,0.0
1783731344,inflight,tier=cloud,0.0
1783731354,inflight,tier=cloud,0.0
1783731364,inflight,tier=cloud,0.0
1783731374,inflight,tier=cloud,0.0
1783731384,inflight,tier=cloud,0.0
1783731394,inflight,tier=cloud,0.0
1783731404,inflight,tier=cloud,0.0
1783731414,inflight,tier=cloud,0.0
1783730774,inflight,tier=edge,0.0
1783730784,inflight,tier=edge,0.0
1783730794,inflight,tier=edge,0.0
1783730804,inflight,tier=edge,0.0
1783730814,inflight,tier=edge,0.0
1783730824,inflight,tier=edge,0.0
1783730834,inflight,tier=edge,0.0
1783730844,inflight,tier=edge,0.0
1783730854,inflight,tier=edge,0.0
1783730864,inflight,tier=edge,0.0
1783730874,inflight,tier=edge,0.0
1783730884,inflight,tier=edge,0.0
1783730894,inflight,tier=edge,0.0
1783730904,inflight,tier=edge,0.0
1783730914,inflight,tier=edge,0.0
1783730924,inflight,tier=edge,0.0
1783730934,inflight,tier=edge,0.0
1783730944,inflight,tier=edge,0.0
1783730954,inflight,tier=edge,0.0
1783730964,inflight,tier=edge,0.0
1783730974,inflight,tier=edge,0.0
1783730984,inflight,tier=edge,0.0
1783730994,inflight,tier=edge,0.0
1783731004,inflight,tier=edge,0.0
1783731014,inflight,tier=edge,0.0
1783731024,inflight,tier=edge,0.0
1783731034,inflight,tier=edge,0.0
1783731044,inflight,tier=edge,0.0
1783731054,inflight,tier=edge,0.0
1783731064,inflight,tier=edge,0.0
1783731074,inflight,tier=edge,0.0
1783731084,inflight,tier=edge,0.0
1783731094,inflight,tier=edge,0.0
1783731104,inflight,tier=edge,0.0
1783731114,inflight,tier=edge,0.0
1783731124,inflight,tier=edge,0.0
1783731134,inflight,tier=edge,0.0
1783731144,inflight,tier=edge,0.0
1783731154,inflight,tier=edge,0.0
1783731164,inflight,tier=edge,0.0
1783731174,inflight,tier=edge,0.0
1783731184,inflight,tier=edge,0.0
1783731194,inflight,tier=edge,0.0
1783731204,inflight,tier=edge,0.0
1783731214,inflight,tier=edge,0.0
1783731224,inflight,tier=edge,0.0
1783731234,inflight,tier=edge,0.0
1783731244,inflight,tier=edge,0.0
1783731254,inflight,tier=edge,0.0
1783731264,inflight,tier=edge,0.0
1783731274,inflight,tier=edge,0.0
1783731284,inflight,tier=edge,0.0
1783731294,inflight,tier=edge,0.0
1783731304,inflight,tier=edge,0.0
1783731314,inflight,tier=edge,0.0
1783731324,inflight,tier=edge,0.0
1783731334,inflight,tier=edge,0.0
1783731344,inflight,tier=edge,0.0
1783731354,inflight,tier=edge,0.0
1783731364,inflight,tier=edge,0.0
1783731374,inflight,tier=edge,0.0
1783731384,inflight,tier=edge,0.0
1783731394,inflight,tier=edge,0.0
1783731404,inflight,tier=edge,0.0
1783731414,inflight,tier=edge,0.0
