ts,metric,labels,value
1783728686,replicas_status,deployment=workload-cloud,1.0
1783728696,replicas_status,deployment=workload-cloud,1.0
1783728706,replicas_status,deployment=workload-cloud,1.0
1783728716,replicas_status,deployment=workload-cloud,1.0
1783728726,replicas_status,deployment=workload-cloud,1.0
1783728736,replicas_status,deployment=workload-cloud,1.0
1783728746,replicas_status,deployment=workload-cloud,1.0
1783728756,replicas_status,deployment=workload-cloud,1.0
1783728766,replicas_status,deployment=workload-cloud,1.0
1783728776,replicas_status,deployment=workload-cloud,2.0
1783728786,replicas_status,deployment=workload-cloud,2.0
1783728796,replicas_status,deployment=workload-cloud,2.0
1783728806,replicas_status,deployment=workload-cloud,2.0
1783728816,replicas_status,deployment=workload-cloud,2.0
1783728826,replicas_status,deployment=workload-cloud,2.0
1783728836,replicas_status,deployment=workload-cloud,3.0
1783728846,replicas_status,deployment=workload-cloud,3.0
1783728856,replicas_status,deployment=workload-cloud,3.0
1783728866,replicas_status,deployment=workload-cloud,3.0
1783728876,replicas_status,deployment=workload-cloud,3.0
1783728886,replicas_status,deployment=workload-cloud,4.0
1783728896,replicas_status,deployment=workload-cloud,4.0
1783728906,replicas_status,deployment=workload-cloud,4.0
1783728916,replicas_status,deployment=workload-cloud,6.0
1783728926,replicas_status,deployment=workload-cloud,6.0
1783728936,replicas_status,deployment=workload-cloud,6.0
1783728946,replicas_status,deployment=workload-cloud,6.0
1783728956,replicas_status,deployment=workload-cloud,6.0
1783728966,replicas_status,deployment=workload-cloud,6.0
1783728976,replicas_status,deployment=workload-cloud,6.0
1783728986,replicas_status,deployment=workload-cloud,6.0
1783728996,replicas_status,deployment=workload-cloud,6.0
1783729006,replicas_status,deployment=workload-cloud,6.0
1783729016,replicas_status,deployment=workload-cloud,6.0
1783729026,replicas_status,deployment=workload-cloud,6.0
1783729036,replicas_status,deployment=workload-cloud,6.0
1783729046,replicas_status,deployment=workload-cloud,6.0
1783729056,replicas_status,deployment=workload-cloud,6.0
1783729066,replicas_status,deployment=workload-cloud,6.0
1783729076,replicas_status,deployment=workload-cloud,6.0
1783729086,replicas_status,deployment=workload-cloud,6.0
1783729096,replicas_status,deployment=workload-cloud,6.0
1783729106,replicas_status,deployment=workload-cloud,6.0
1783729116,replicas_status,deployment=workload-cloud,6.0
1783729126,replicas_status,deployment=workload-cloud,6.0
1783729136,replicas_status,deployment=workload-cloud,6.0
1783729146,replicas_status,deployment=workload-cloud,6.0
1783729156,replicas_status,deployment=workload-cloud,6.0
1783729166,replicas_status,deployment=workload-cloud,6.0
1783729176,replicas_status,deployment=workload-cloud,6.0
1783729186,replicas_status,deployment=workload-cloud,6.0
1783729196,replicas_status,deployment=workload-cloud,6.0
1783729206,replicas_status,deployment=workload-cloud,6.0
1783729216,replicas_status,deployment=workload-cloud,6.0
1783729226,replicas_status,deployment=workload-cloud,6.0
1783729236,replicas_status,deployment=workload-cloud,6.0
1783729246,replicas_status,deployment=workload-cloud,6.0
1783729256,replicas_status,deployment=workload-cloud,6.0
1783729266,replicas_status,deployment=workload-cloud,6.0
1783729276,replicas_status,deployment=workload-cloud,6.0
1783729286,replicas_status,deployment=workload-cloud,6.0
1783729296,replicas_status,deployment=workload-cloud,6.0
1783729306,replicas_status,deployment=workload-cloud,6.0
1783729316,replicas_status,deployment=workload-cloud,6.0
1783729326,replicas_status,deployment=workload-cloud,5.0
1783728686,replicas_status,deployment=workload-edge,1.0
1783728696,replicas_status,deployment=workload-edge,1.0
1783728706,replicas_status,deployment=workload-edge,1.0
1783728716,replicas_status,deployment=workload-edge,1.0
1783728726,replicas_status,deployment=workload-edge,1.0
1783728736,replicas_status,deployment=workload-edge,1.0
1783728746,replicas_status,deployment=workload-edge,1.0
1783728756,replicas_status,deployment=workload-edge,1.0
1783728766,replicas_status,deployment=workload-edge,1.0
1783728776,replicas_status,deployment=workload-edge,1.0
1783728786,replicas_status,deployment=workload-edge,1.0
1783728796,replicas_status,deployment=workload-edge,1.0
1783728806,replicas_status,deployment=workload-edge,1.0
1783728816,replicas_status,deployment=workload-edge,1.0
1783728826,replicas_status,deployment=workload-edge,1.0
1783728836,replicas_status,deployment=workload-edge,1.0
1783728846,replicas_status,deployment=workload-edge,1.0
1783728856,replicas_status,deployment=workload-edge,1.0
1783728866,replicas_status,deployment=workload-edge,1.0
1783728876,replicas_status,deployment=workload-edge,1.0
1783728886,replicas_status,deployment=workload-edge,1.0
1783728896,replicas_status,deployment=workload-edge,1.0
1783728906,replicas_status,deployment=workload-edge,1.0
1783728916,replicas_status,deployment=workload-edge,1.0
1783728926,replicas_status,deployment=workload-edge,1.0
1783728936,replicas_status,deployment=workload-edge,1.0
1783728946,replicas_status,deployment=workload-edge,1.0
1783728956,replicas_status,deployment=workload-edge,1.0
1783728966,replicas_status,deployment=workload-edge,1.0
1783728976,replicas_status,deployment=workload-edge,1.0
1783728986,replicas_status,deployment=workload-edge,1.0
1783728996,replicas_status,deployment=workload-edge,1.0
1783729006,replicas_status,deployment=workload-edge,1.0
1783729016,replicas_status,deployment=workload-edge,1.0
1783729026,replicas_status,deployment=workload-edge,1.0
1783729036,replicas_status,deployment=workload-edge,1.0
1783729046,replicas_status,deployment=workload-edge,1.0
1783729056,replicas_status,deployment=workload-edge,1.0
1783729066,replicas_status,deployment=workload-edge,1.0
1783729076,replicas_status,deployment=workload-edge,1.0
1783729086,replicas_status,deployment=workload-edge,1.0
1783729096,replicas_status,deployment=workload-edge,1.0
1783729106,replicas_status,deployment=workload-edge,1.0
1783729116,replicas_status,deployment=workload-edge,1.0
1783729126,replicas_status,deployment=workload-edge,1.0
1783729136,replicas_status,deployment=workload-edge,1.0
1783729146,replicas_status,deployment=workload-edge,1.0
1783729156,replicas_status,deployment=workload-edge,1.0
1783729166,replicas_status,deployment=workload-edge,1.0
1783729176,replicas_status,deployment=workload-edge,1.0
1783729186,replicas_status,deployment=workload-edge,1.0
1783729196,replicas_status,deployment=workload-edge,1.0
1783729206,replicas_status,deployment=workload-edge,1.0
1783729216,replicas_status,deployment=workload-edge,1.0
1783729226,replicas_status,deployment=workload-edge,1.0
1783729236,replicas_status,deployment=workload-edge,1.0
1783729246,replicas_status,deployment=workload-edge,1.0
1783729256,replicas_status,deployment=workload-edge,1.0
1783729266,replicas_status,deployment=workload-edge,1.0
1783729276,replicas_status,deployment=workload-edge,1.0
1783729286,replicas_status,deployment=workload-edge,1.0
1783729296,replicas_status,deployment=workload-edge,1.0
1783729306,replicas_status,deployment=workload-edge,1.0
1783729316,replicas_status,deployment=workload-edge,1.0
1783729326,replicas_status,deployment=workload-edge,1.0
1783728686,replicas_spec,deployment=workload-cloud,1.0
1783728696,replicas_spec,deployment=workload-cloud,1.0
1783728706,replicas_spec,deployment=workload-cloud,1.0
1783728716,replicas_spec,deployment=workload-cloud,1.0
1783728726,replicas_spec,deployment=workload-cloud,1.0
1783728736,replicas_spec,deployment=workload-cloud,1.0
1783728746,replicas_spec,deployment=workload-cloud,1.0
1783728756,replicas_spec,deployment=workload-cloud,1.0
1783728766,replicas_spec,deployment=workload-cloud,1.0
1783728776,replicas_spec,deployment=workload-cloud,2.0
1783728786,replicas_spec,deployment=workload-cloud,2.0
1783728796,replicas_spec,deployment=workload-cloud,2.0
1783728806,replicas_spec,deployment=workload-cloud,2.0
1783728816,replicas_spec,deployment=workload-cloud,2.0
1783728826,replicas_spec,deployment=workload-cloud,2.0
1783728836,replicas_spec,deployment=workload-cloud,3.0
1783728846,replicas_spec,deployment=workload-cloud,3.0
1783728856,replicas_spec,deployment=workload-cloud,3.0
1783728866,replicas_spec,deployment=workload-cloud,3.0
1783728876,replicas_spec,deployment=workload-cloud,3.0
1783728886,replicas_spec,deployment=workload-cloud,4.0
1783728896,replicas_spec,deployment=workload-cloud,4.0
1783728906,replicas_spec,deployment=workload-cloud,4.0
1783728916,replicas_spec,deployment=workload-cloud,6.0
1783728926,replicas_spec,deployment=workload-cloud,6.0
1783728936,replicas_spec,deployment=workload-cloud,6.0
1783728946,replicas_spec,deployment=workload-cloud,6.0
1783728956,replicas_spec,deployment=workload-cloud,6.0
1783728966,replicas_spec,deployment=workload-cloud,6.0
1783728976,replicas_spec,deployment=workload-cloud,6.0
1783728986,replicas_spec,deployment=workload-cloud,6.0
1783728996,replicas_spec,deployment=workload-cloud,6.0
1783729006,replicas_spec,deployment=workload-cloud,6.0
1783729016,replicas_spec,deployment=workload-cloud,6.0
1783729026,replicas_spec,deployment=workload-cloud,6.0
1783729036,replicas_spec,deployment=workload-cloud,6.0
1783729046,replicas_spec,deployment=workload-cloud,6.0
1783729056,replicas_spec,deployment=workload-cloud,6.0
1783729066,replicas_spec,deployment=workload-cloud,6.0
1783729076,replicas_spec,deployment=workload-cloud,6.0
1783729086,replicas_spec,deployment=workload-cloud,6.0
1783729096,replicas_spec,deployment=workload-cloud,6.0
1783729106,replicas_spec,deployment=workload-cloud,6.0
1783729116,replicas_spec,deployment=workload-cloud,6.0
1783729126,replicas_spec,deployment=workload-cloud,6.0
1783729136,replicas_spec,deployment=workload-cloud,6.0
1783729146,replicas_spec,deployment=workload-cloud,6.0
1783729156,replicas_spec,deployment=workload-cloud,6.0
1783729166,replicas_spec,deployment=workload-cloud,6.0
1783729176,replicas_spec,deployment=workload-cloud,6.0
1783729186,replicas_spec,deployment=workload-cloud,6.0
1783729196,replicas_spec,deployment=workload-cloud,6.0
1783729206,replicas_spec,deployment=workload-cloud,6.0
1783729216,replicas_spec,deployment=workload-cloud,6.0
1783729226,replicas_spec,deployment=workload-cloud,6.0
1783729236,replicas_spec,deployment=workload-cloud,6.0
1783729246,replicas_spec,deployment=workload-cloud,6.0
1783729256,replicas_spec,deployment=workload-cloud,6.0
1783729266,replicas_spec,deployment=workload-cloud,6.0
1783729276,replicas_spec,deployment=workload-cloud,6.0
1783729286,replicas_spec,deployment=workload-cloud,6.0
1783729296,replicas_spec,deployment=workload-cloud,6.0
1783729306,replicas_spec,deployment=workload-cloud,6.0
1783729316,replicas_spec,deployment=workload-cloud,6.0
1783729326,replicas_spec,deployment=workload-cloud,5.0
1783728686,replicas_spec,deployment=workload-edge,1.0
1783728696,replicas_spec,deployment=workload-edge,1.0
1783728706,replicas_spec,deployment=workload-edge,1.0
1783728716,replicas_spec,deployment=workload-edge,1.0
1783728726,replicas_spec,deployment=workload-edge,1.0
1783728736,replicas_spec,deployment=workload-edge,1.0
1783728746,replicas_spec,deployment=workload-edge,1.0
1783728756,replicas_spec,deployment=workload-edge,1.0
1783728766,replicas_spec,deployment=workload-edge,1.0
1783728776,replicas_spec,deployment=workload-edge,1.0
1783728786,replicas_spec,deployment=workload-edge,1.0
1783728796,replicas_spec,deployment=workload-edge,1.0
1783728806,replicas_spec,deployment=workload-edge,1.0
1783728816,replicas_spec,deployment=workload-edge,1.0
1783728826,replicas_spec,deployment=workload-edge,1.0
1783728836,replicas_spec,deployment=workload-edge,1.0
1783728846,replicas_spec,deployment=workload-edge,1.0
1783728856,replicas_spec,deployment=workload-edge,1.0
1783728866,replicas_spec,deployment=workload-edge,1.0
1783728876,replicas_spec,deployment=workload-edge,1.0
1783728886,replicas_spec,deployment=workload-edge,1.0
1783728896,replicas_spec,deployment=workload-edge,1.0
1783728906,replicas_spec,deployment=workload-edge,1.0
1783728916,replicas_spec,deployment=workload-edge,1.0
1783728926,replicas_spec,deployment=workload-edge,1.0
1783728936,replicas_spec,deployment=workload-edge,1.0
1783728946,replicas_spec,deployment=workload-edge,1.0
1783728956,replicas_spec,deployment=workload-edge,1.0
1783728966,replicas_spec,deployment=workload-edge,1.0
1783728976,replicas_spec,deployment=workload-edge,1.0
1783728986,replicas_spec,deployment=workload-edge,1.0
1783728996,replicas_spec,deployment=workload-edge,1.0
1783729006,replicas_spec,deployment=workload-edge,1.0
1783729016,replicas_spec,deployment=workload-edge,1.0
1783729026,replicas_spec,deployment=workload-edge,1.0
1783729036,replicas_spec,deployment=workload-edge,1.0
1783729046,replicas_spec,deployment=workload-edge,1.0
1783729056,replicas_spec,deployment=workload-edge,1.0
1783729066,replicas_spec,deployment=workload-edge,1.0
1783729076,replicas_spec,deployment=workload-edge,1.0
1783729086,replicas_spec,deployment=workload-edge,1.0
1783729096,replicas_spec,deployment=workload-edge,1.0
1783729106,replicas_spec,deployment=workload-edge,1.0
1783729116,replicas_spec,deployment=workload-edge,1.0
1783729126,replicas_spec,deployment=workload-edge,1.0
1783729136,replicas_spec,deployment=workload-edge,1.0
1783729146,replicas_spec,deployment=workload-edge,1.0
1783729156,replicas_spec,deployment=workload-edge,1.0
1783729166,replicas_spec,deployment=workload-edge,1.0
1783729176,replicas_spec,deployment=workload-edge,1.0
1783729186,replicas_spec,deployment=workload-edge,1.0
1783729196,replicas_spec,deployment=workload-edge,1.0
1783729206,replicas_spec,deployment=workload-edge,1.0
1783729216,replicas_spec,deployment=workload-edge,1.0
1783729226,replicas_spec,deployment=workload-edge,1.0
1783729236,replicas_spec,deployment=workload-edge,1.0
1783729246,replicas_spec,deployment=workload-edge,1.0
1783729256,replicas_spec,deployment=workload-edge,1.0
1783729266,replicas_spec,deployment=workload-edge,1.0
1783729276,replicas_spec,deployment=workload-edge,1.0
1783729286,replicas_spec,deployment=workload-edge,1.0
1783729296,replicas_spec,deployment=workload-edge,1.0
1783729306,replicas_spec,deployment=workload-edge,1.0
1783729316,replicas_spec,deployment=workload-edge,1.0
1783729326,replicas_spec,deployment=workload-edge,1.0
1783728916,cpu_cores,pod=workload-cloud-6f545f89ff-5fjsl,0.010150709271664534
1783728926,cpu_cores,pod=workload-cloud-6f545f89ff-5fjsl,0.011164400000000001
1783728936,cpu_cores,pod=workload-cloud-6f545f89ff-5fjsl,0.01077933631732169
1783728946,cpu_cores,pod=workload-cloud-6f545f89ff-5fjsl,0.008872372873900294
1783728956,cpu_cores,pod=workload-cloud-6f545f89ff-5fjsl,0.01073790953079179
1783728966,cpu_cores,pod=workload-cloud-6f545f89ff-5fjsl,0.0017636013696484111
1783728976,cpu_cores,pod=workload-cloud-6f545f89ff-5fjsl,0.00185083992417805
1783728986,cpu_cores,pod=workload-cloud-6f545f89ff-5fjsl,0.00185083992417805
1783728996,cpu_cores,pod=workload-cloud-6f545f89ff-5fjsl,0.0017644698182165634
1783729006,cpu_cores,pod=workload-cloud-6f545f89ff-5fjsl,0.0014620493221825068
1783729016,cpu_cores,pod=workload-cloud-6f545f89ff-5fjsl,0.0018065233808911478
1783729026,cpu_cores,pod=workload-cloud-6f545f89ff-5fjsl,0.001813097106083779
1783729036,cpu_cores,pod=workload-cloud-6f545f89ff-5fjsl,0.001806388499876431
1783729046,cpu_cores,pod=workload-cloud-6f545f89ff-5fjsl,0.001806388499876431
1783729056,cpu_cores,pod=workload-cloud-6f545f89ff-5fjsl,0.0018103206091820891
1783729066,cpu_cores,pod=workload-cloud-6f545f89ff-5fjsl,0.0018216059602649017
1783729076,cpu_cores,pod=workload-cloud-6f545f89ff-5fjsl,0.001529761897252806
1783729086,cpu_cores,pod=workload-cloud-6f545f89ff-5fjsl,0.0018388885250911315
1783729096,cpu_cores,pod=workload-cloud-6f545f89ff-5fjsl,0.001848612523608892
1783729106,cpu_cores,pod=workload-cloud-6f545f89ff-5fjsl,0.001848612523608892
1783729116,cpu_cores,pod=workload-cloud-6f545f89ff-5fjsl,0.0018185040996976866
1783729126,cpu_cores,pod=workload-cloud-6f545f89ff-5fjsl,0.0018371210335235036
1783729136,cpu_cores,pod=workload-cloud-6f545f89ff-5fjsl,0.0018371210335235036
1783729146,cpu_cores,pod=workload-cloud-6f545f89ff-5fjsl,0.0018250736241487205
1783729156,cpu_cores,pod=workload-cloud-6f545f89ff-5fjsl,0.0018331222362953585
1783729166,cpu_cores,pod=workload-cloud-6f545f89ff-5fjsl,0.001815741221242001
1783729176,cpu_cores,pod=workload-cloud-6f545f89ff-5fjsl,0.0017753704454890366
1783729186,cpu_cores,pod=workload-cloud-6f545f89ff-5fjsl,0.001763369771552007
1783729196,cpu_cores,pod=workload-cloud-6f545f89ff-5fjsl,0.001763369771552007
1783729206,cpu_cores,pod=workload-cloud-6f545f89ff-5fjsl,0.0017771799956802605
1783729216,cpu_cores,pod=workload-cloud-6f545f89ff-5fjsl,0.0017847437175384274
1783729226,cpu_cores,pod=workload-cloud-6f545f89ff-5fjsl,0.001797036371800628
1783729236,cpu_cores,pod=workload-cloud-6f545f89ff-5fjsl,0.0017709468930073218
1783729246,cpu_cores,pod=workload-cloud-6f545f89ff-5fjsl,0.0017467756073128022
1783729256,cpu_cores,pod=workload-cloud-6f545f89ff-5fjsl,0.00178726278813577
1783729266,cpu_cores,pod=workload-cloud-6f545f89ff-5fjsl,0.0017906153026361164
1783729276,cpu_cores,pod=workload-cloud-6f545f89ff-5fjsl,0.0017833849942677593
1783729286,cpu_cores,pod=workload-cloud-6f545f89ff-5fjsl,0.0018642772551560778
1783729296,cpu_cores,pod=workload-cloud-6f545f89ff-5fjsl,0.001548901136379429
1783729306,cpu_cores,pod=workload-cloud-6f545f89ff-5fjsl,0.0018302023929330218
1783729316,cpu_cores,pod=workload-cloud-6f545f89ff-5fjsl,0.0018681450034004504
1783729326,cpu_cores,pod=workload-cloud-6f545f89ff-5fjsl,0.0018681450034004504
1783728686,cpu_cores,pod=workload-cloud-6f545f89ff-9hvzm,0.0018470438656422292
1783728696,cpu_cores,pod=workload-cloud-6f545f89ff-9hvzm,0.002309457989666173
1783728706,cpu_cores,pod=workload-cloud-6f545f89ff-9hvzm,0.01304588079130065
1783728716,cpu_cores,pod=workload-cloud-6f545f89ff-9hvzm,0.01710261693797754
1783728726,cpu_cores,pod=workload-cloud-6f545f89ff-9hvzm,0.03765121072569309
1783728736,cpu_cores,pod=workload-cloud-6f545f89ff-9hvzm,0.05527691622351741
1783728746,cpu_cores,pod=workload-cloud-6f545f89ff-9hvzm,0.06998952098708205
1783728756,cpu_cores,pod=workload-cloud-6f545f89ff-9hvzm,0.10383320431938581
1783728766,cpu_cores,pod=workload-cloud-6f545f89ff-9hvzm,0.12326225898782601
1783728776,cpu_cores,pod=workload-cloud-6f545f89ff-9hvzm,0.1415853805605803
1783728786,cpu_cores,pod=workload-cloud-6f545f89ff-9hvzm,0.15828906753312189
1783728796,cpu_cores,pod=workload-cloud-6f545f89ff-9hvzm,0.16724225263779097
1783728806,cpu_cores,pod=workload-cloud-6f545f89ff-9hvzm,0.18249778516057577
1783728816,cpu_cores,pod=workload-cloud-6f545f89ff-9hvzm,0.16125441211596836
1783728826,cpu_cores,pod=workload-cloud-6f545f89ff-9hvzm,0.19564829553626928
1783728836,cpu_cores,pod=workload-cloud-6f545f89ff-9hvzm,0.1724245341381427
1783728846,cpu_cores,pod=workload-cloud-6f545f89ff-9hvzm,0.2097054754804508
1783728856,cpu_cores,pod=workload-cloud-6f545f89ff-9hvzm,0.17914699258774827
1783728866,cpu_cores,pod=workload-cloud-6f545f89ff-9hvzm,0.21877875443722658
1783728876,cpu_cores,pod=workload-cloud-6f545f89ff-9hvzm,0.23074789861631917
1783728886,cpu_cores,pod=workload-cloud-6f545f89ff-9hvzm,0.23074789861631917
1783728896,cpu_cores,pod=workload-cloud-6f545f89ff-9hvzm,0.26909935569209886
1783728906,cpu_cores,pod=workload-cloud-6f545f89ff-9hvzm,0.3333652289447155
1783728916,cpu_cores,pod=workload-cloud-6f545f89ff-9hvzm,0.36948091977373554
1783728926,cpu_cores,pod=workload-cloud-6f545f89ff-9hvzm,0.42589263827082113
1783728936,cpu_cores,pod=workload-cloud-6f545f89ff-9hvzm,0.46438749717386346
1783728946,cpu_cores,pod=workload-cloud-6f545f89ff-9hvzm,0.46438749717386346
1783728956,cpu_cores,pod=workload-cloud-6f545f89ff-9hvzm,0.4716928363059679
1783728966,cpu_cores,pod=workload-cloud-6f545f89ff-9hvzm,0.4780478060552864
1783728976,cpu_cores,pod=workload-cloud-6f545f89ff-9hvzm,0.48006896472848753
1783728986,cpu_cores,pod=workload-cloud-6f545f89ff-9hvzm,0.48006896472848753
1783728996,cpu_cores,pod=workload-cloud-6f545f89ff-9hvzm,0.47799227213994855
1783729006,cpu_cores,pod=workload-cloud-6f545f89ff-9hvzm,0.3927211063028047
1783729016,cpu_cores,pod=workload-cloud-6f545f89ff-9hvzm,0.475176896818914
1783729026,cpu_cores,pod=workload-cloud-6f545f89ff-9hvzm,0.47613954856779694
1783729036,cpu_cores,pod=workload-cloud-6f545f89ff-9hvzm,0.45189078953117456
1783729046,cpu_cores,pod=workload-cloud-6f545f89ff-9hvzm,0.45189078953117456
1783729056,cpu_cores,pod=workload-cloud-6f545f89ff-9hvzm,0.3705091929675927
1783729066,cpu_cores,pod=workload-cloud-6f545f89ff-9hvzm,0.3705091929675927
1783729076,cpu_cores,pod=workload-cloud-6f545f89ff-9hvzm,0.30819197870050263
1783729086,cpu_cores,pod=workload-cloud-6f545f89ff-9hvzm,0.2575657290414138
1783729096,cpu_cores,pod=workload-cloud-6f545f89ff-9hvzm,0.20208426310607036
1783729106,cpu_cores,pod=workload-cloud-6f545f89ff-9hvzm,0.2426742770833793
1783729116,cpu_cores,pod=workload-cloud-6f545f89ff-9hvzm,0.2398162575794874
1783729126,cpu_cores,pod=workload-cloud-6f545f89ff-9hvzm,0.2398162575794874
1783729136,cpu_cores,pod=workload-cloud-6f545f89ff-9hvzm,0.23695091570158944
1783729146,cpu_cores,pod=workload-cloud-6f545f89ff-9hvzm,0.201542494570707
1783729156,cpu_cores,pod=workload-cloud-6f545f89ff-9hvzm,0.2350914003961762
1783729166,cpu_cores,pod=workload-cloud-6f545f89ff-9hvzm,0.2367385769924944
1783729176,cpu_cores,pod=workload-cloud-6f545f89ff-9hvzm,0.23793918354687166
1783729186,cpu_cores,pod=workload-cloud-6f545f89ff-9hvzm,0.23822105013414205
1783729196,cpu_cores,pod=workload-cloud-6f545f89ff-9hvzm,0.24090125890299446
1783729206,cpu_cores,pod=workload-cloud-6f545f89ff-9hvzm,0.24252494026561086
1783729216,cpu_cores,pod=workload-cloud-6f545f89ff-9hvzm,0.24449822757887224
1783729226,cpu_cores,pod=workload-cloud-6f545f89ff-9hvzm,0.24475326243989895
1783729236,cpu_cores,pod=workload-cloud-6f545f89ff-9hvzm,0.24414800952705107
1783729246,cpu_cores,pod=workload-cloud-6f545f89ff-9hvzm,0.20062963862231353
1783729256,cpu_cores,pod=workload-cloud-6f545f89ff-9hvzm,0.224842373204927
1783729266,cpu_cores,pod=workload-cloud-6f545f89ff-9hvzm,0.16436602195928965
1783729276,cpu_cores,pod=workload-cloud-6f545f89ff-9hvzm,0.13291413512495648
1783729286,cpu_cores,pod=workload-cloud-6f545f89ff-9hvzm,0.08869282863939587
1783729296,cpu_cores,pod=workload-cloud-6f545f89ff-9hvzm,0.018637637512024727
1783729306,cpu_cores,pod=workload-cloud-6f545f89ff-9hvzm,0.018637637512024727
1783729316,cpu_cores,pod=workload-cloud-6f545f89ff-9hvzm,0.001978885386309009
1783729326,cpu_cores,pod=workload-cloud-6f545f89ff-9hvzm,0.002022955611034578
1783728896,cpu_cores,pod=workload-cloud-6f545f89ff-fnng7,0.0513469019206185
1783728906,cpu_cores,pod=workload-cloud-6f545f89ff-fnng7,0.10447475810398958
1783728916,cpu_cores,pod=workload-cloud-6f545f89ff-fnng7,0.13522949582885896
1783728926,cpu_cores,pod=workload-cloud-6f545f89ff-fnng7,0.18430824106332544
1783728936,cpu_cores,pod=workload-cloud-6f545f89ff-fnng7,0.23732916436226728
1783728946,cpu_cores,pod=workload-cloud-6f545f89ff-fnng7,0.2555632152276115
1783728956,cpu_cores,pod=workload-cloud-6f545f89ff-fnng7,0.26155780871670703
1783728966,cpu_cores,pod=workload-cloud-6f545f89ff-fnng7,0.26855959289920633
1783728976,cpu_cores,pod=workload-cloud-6f545f89ff-fnng7,0.2665728746312184
1783728986,cpu_cores,pod=workload-cloud-6f545f89ff-fnng7,0.26719747461899584
1783728996,cpu_cores,pod=workload-cloud-6f545f89ff-fnng7,0.22877103201241247
1783729006,cpu_cores,pod=workload-cloud-6f545f89ff-fnng7,0.26210065160127544
1783729016,cpu_cores,pod=workload-cloud-6f545f89ff-fnng7,0.2551329704036239
1783729026,cpu_cores,pod=workload-cloud-6f545f89ff-fnng7,0.2479321990203661
1783729036,cpu_cores,pod=workload-cloud-6f545f89ff-fnng7,0.21271349677079282
1783729046,cpu_cores,pod=workload-cloud-6f545f89ff-fnng7,0.2167795275590551
1783729056,cpu_cores,pod=workload-cloud-6f545f89ff-fnng7,0.15858595053236407
1783729066,cpu_cores,pod=workload-cloud-6f545f89ff-fnng7,0.10792567738442277
1783729076,cpu_cores,pod=workload-cloud-6f545f89ff-fnng7,0.041605076023391904
1783729086,cpu_cores,pod=workload-cloud-6f545f89ff-fnng7,0.0020071653909173957
1783729096,cpu_cores,pod=workload-cloud-6f545f89ff-fnng7,0.0020162246433297767
1783729106,cpu_cores,pod=workload-cloud-6f545f89ff-fnng7,0.0019816579050067756
1783729116,cpu_cores,pod=workload-cloud-6f545f89ff-fnng7,0.001954010839498939
1783729126,cpu_cores,pod=workload-cloud-6f545f89ff-fnng7,0.001954010839498939
1783729136,cpu_cores,pod=workload-cloud-6f545f89ff-fnng7,0.0018581646168400287
1783729146,cpu_cores,pod=workload-cloud-6f545f89ff-fnng7,0.0017900876147026357
1783729156,cpu_cores,pod=workload-cloud-6f545f89ff-fnng7,0.0017747059637470933
1783729166,cpu_cores,pod=workload-cloud-6f545f89ff-fnng7,0.0017747059637470933
1783729176,cpu_cores,pod=workload-cloud-6f545f89ff-fnng7,0.0018208089080036154
1783729186,cpu_cores,pod=workload-cloud-6f545f89ff-fnng7,0.0018437602144211267
1783729196,cpu_cores,pod=workload-cloud-6f545f89ff-fnng7,0.0018686868686867625
1783729206,cpu_cores,pod=workload-cloud-6f545f89ff-fnng7,0.0018686868686867625
1783729216,cpu_cores,pod=workload-cloud-6f545f89ff-fnng7,0.001889548529614782
1783729226,cpu_cores,pod=workload-cloud-6f545f89ff-fnng7,0.0019399368310229867
1783729236,cpu_cores,pod=workload-cloud-6f545f89ff-fnng7,0.001948141899391707
1783729246,cpu_cores,pod=workload-cloud-6f545f89ff-fnng7,0.0018962514652059324
1783729256,cpu_cores,pod=workload-cloud-6f545f89ff-fnng7,0.0019882184515008622
1783729266,cpu_cores,pod=workload-cloud-6f545f89ff-fnng7,0.001970155639942289
1783729276,cpu_cores,pod=workload-cloud-6f545f89ff-fnng7,0.0019283112855095778
1783729286,cpu_cores,pod=workload-cloud-6f545f89ff-fnng7,0.0020163083765751067
1783729296,cpu_cores,pod=workload-cloud-6f545f89ff-fnng7,0.001604309364961593
1783729306,cpu_cores,pod=workload-cloud-6f545f89ff-fnng7,0.001964933824532764
1783729316,cpu_cores,pod=workload-cloud-6f545f89ff-fnng7,0.0015861842800297622
1783729326,cpu_cores,pod=workload-cloud-6f545f89ff-fnng7,0.0013240155779417862
1783728916,cpu_cores,pod=workload-cloud-6f545f89ff-h6wfk,0.009629436685604325
1783728926,cpu_cores,pod=workload-cloud-6f545f89ff-h6wfk,0.011327074999999999
1783728936,cpu_cores,pod=workload-cloud-6f545f89ff-h6wfk,0.010636962857142858
1783728946,cpu_cores,pod=workload-cloud-6f545f89ff-h6wfk,0.00926199189847518
1783728956,cpu_cores,pod=workload-cloud-6f545f89ff-h6wfk,0.011222775256978615
1783728966,cpu_cores,pod=workload-cloud-6f545f89ff-h6wfk,0.0018450663409989448
1783728976,cpu_cores,pod=workload-cloud-6f545f89ff-h6wfk,0.0019329271899213353
1783728986,cpu_cores,pod=workload-cloud-6f545f89ff-h6wfk,0.001886875035070983
1783728996,cpu_cores,pod=workload-cloud-6f545f89ff-h6wfk,0.0018331199317114819
1783729006,cpu_cores,pod=workload-cloud-6f545f89ff-h6wfk,0.0018327522188009402
1783729016,cpu_cores,pod=workload-cloud-6f545f89ff-h6wfk,0.0018327522188009402
1783729026,cpu_cores,pod=workload-cloud-6f545f89ff-h6wfk,0.0015306293104634168
1783729036,cpu_cores,pod=workload-cloud-6f545f89ff-h6wfk,0.0017949885651784834
1783729046,cpu_cores,pod=workload-cloud-6f545f89ff-h6wfk,0.001501397384814442
1783729056,cpu_cores,pod=workload-cloud-6f545f89ff-h6wfk,0.0017559308602842873
1783729066,cpu_cores,pod=workload-cloud-6f545f89ff-h6wfk,0.0015588495660712029
1783729076,cpu_cores,pod=workload-cloud-6f545f89ff-h6wfk,0.001397818660748222
1783729086,cpu_cores,pod=workload-cloud-6f545f89ff-h6wfk,0.0018033912525114257
1783729096,cpu_cores,pod=workload-cloud-6f545f89ff-h6wfk,0.0018229470138383095
1783729106,cpu_cores,pod=workload-cloud-6f545f89ff-h6wfk,0.0018391797477542876
1783729116,cpu_cores,pod=workload-cloud-6f545f89ff-h6wfk,0.0018561326066393418
1783729126,cpu_cores,pod=workload-cloud-6f545f89ff-h6wfk,0.001832724225424242
1783729136,cpu_cores,pod=workload-cloud-6f545f89ff-h6wfk,0.001847309689537067
1783729146,cpu_cores,pod=workload-cloud-6f545f89ff-h6wfk,0.0018302932482887368
1783729156,cpu_cores,pod=workload-cloud-6f545f89ff-h6wfk,0.0018101105452738788
1783729166,cpu_cores,pod=workload-cloud-6f545f89ff-h6wfk,0.001830156723963598
1783729176,cpu_cores,pod=workload-cloud-6f545f89ff-h6wfk,0.0015191622588754058
1783729186,cpu_cores,pod=workload-cloud-6f545f89ff-h6wfk,0.0017620210489918528
1783729196,cpu_cores,pod=workload-cloud-6f545f89ff-h6wfk,0.001850867028927602
1783729206,cpu_cores,pod=workload-cloud-6f545f89ff-h6wfk,0.0018660769708255772
1783729216,cpu_cores,pod=workload-cloud-6f545f89ff-h6wfk,0.0018351652768009658
1783729226,cpu_cores,pod=workload-cloud-6f545f89ff-h6wfk,0.0018699844132709859
1783729236,cpu_cores,pod=workload-cloud-6f545f89ff-h6wfk,0.0018213477754164674
1783729246,cpu_cores,pod=workload-cloud-6f545f89ff-h6wfk,0.0017395673033402718
1783729256,cpu_cores,pod=workload-cloud-6f545f89ff-h6wfk,0.001727825659342084
1783729266,cpu_cores,pod=workload-cloud-6f545f89ff-h6wfk,0.0018376426698186398
1783729276,cpu_cores,pod=workload-cloud-6f545f89ff-h6wfk,0.0018100202560814708
1783729286,cpu_cores,pod=workload-cloud-6f545f89ff-h6wfk,0.0018603522155896256
1783729296,cpu_cores,pod=workload-cloud-6f545f89ff-h6wfk,0.0019163868292353112
1783729306,cpu_cores,pod=workload-cloud-6f545f89ff-h6wfk,0.0019163868292353112
1783729316,cpu_cores,pod=workload-cloud-6f545f89ff-h6wfk,0.0017681662511939995
1783729326,cpu_cores,pod=workload-cloud-6f545f89ff-h6wfk,0.0018453414984690403
1783728836,cpu_cores,pod=workload-cloud-6f545f89ff-qp2jn,0.007741444843317627
1783728846,cpu_cores,pod=workload-cloud-6f545f89ff-qp2jn,0.012889975244933063
1783728856,cpu_cores,pod=workload-cloud-6f545f89ff-qp2jn,0.010296539991047566
1783728866,cpu_cores,pod=workload-cloud-6f545f89ff-qp2jn,0.009691016666666663
1783728876,cpu_cores,pod=workload-cloud-6f545f89ff-qp2jn,0.02331674726512805
1783728886,cpu_cores,pod=workload-cloud-6f545f89ff-qp2jn,0.07374649942133893
1783728896,cpu_cores,pod=workload-cloud-6f545f89ff-qp2jn,0.0932841297019858
1783728906,cpu_cores,pod=workload-cloud-6f545f89ff-qp2jn,0.17782956326987678
1783728916,cpu_cores,pod=workload-cloud-6f545f89ff-qp2jn,0.2627202640558262
1783728926,cpu_cores,pod=workload-cloud-6f545f89ff-qp2jn,0.30839688622754485
1783728936,cpu_cores,pod=workload-cloud-6f545f89ff-qp2jn,0.30226011504205
1783728946,cpu_cores,pod=workload-cloud-6f545f89ff-qp2jn,0.3576430863330994
1783728956,cpu_cores,pod=workload-cloud-6f545f89ff-qp2jn,0.3578421495327103
1783728966,cpu_cores,pod=workload-cloud-6f545f89ff-qp2jn,0.30324449859312586
1783728976,cpu_cores,pod=workload-cloud-6f545f89ff-qp2jn,0.36279598525194606
1783728986,cpu_cores,pod=workload-cloud-6f545f89ff-qp2jn,0.36211789081990786
1783728996,cpu_cores,pod=workload-cloud-6f545f89ff-qp2jn,0.3621178908199078
1783729006,cpu_cores,pod=workload-cloud-6f545f89ff-qp2jn,0.3641070102280036
1783729016,cpu_cores,pod=workload-cloud-6f545f89ff-qp2jn,0.36044431727384624
1783729026,cpu_cores,pod=workload-cloud-6f545f89ff-qp2jn,0.36044431727384624
1783729036,cpu_cores,pod=workload-cloud-6f545f89ff-qp2jn,0.3476292673692181
1783729046,cpu_cores,pod=workload-cloud-6f545f89ff-qp2jn,0.3398824099303662
1783729056,cpu_cores,pod=workload-cloud-6f545f89ff-qp2jn,0.27794602078749703
1783729066,cpu_cores,pod=workload-cloud-6f545f89ff-qp2jn,0.19202426448883209
1783729076,cpu_cores,pod=workload-cloud-6f545f89ff-qp2jn,0.12217660543540565
1783729086,cpu_cores,pod=workload-cloud-6f545f89ff-qp2jn,0.09931646239495351
1783729096,cpu_cores,pod=workload-cloud-6f545f89ff-qp2jn,0.046174838890445644
1783729106,cpu_cores,pod=workload-cloud-6f545f89ff-qp2jn,0.046174838890445644
1783729116,cpu_cores,pod=workload-cloud-6f545f89ff-qp2jn,0.046189471300337535
1783729126,cpu_cores,pod=workload-cloud-6f545f89ff-qp2jn,0.046462910335227904
1783729136,cpu_cores,pod=workload-cloud-6f545f89ff-qp2jn,0.04629283542056251
1783729146,cpu_cores,pod=workload-cloud-6f545f89ff-qp2jn,0.04621900161030602
1783729156,cpu_cores,pod=workload-cloud-6f545f89ff-qp2jn,0.0389973420541516
1783729166,cpu_cores,pod=workload-cloud-6f545f89ff-qp2jn,0.046043310006024935
1783729176,cpu_cores,pod=workload-cloud-6f545f89ff-qp2jn,0.039233095292167154
1783729186,cpu_cores,pod=workload-cloud-6f545f89ff-qp2jn,0.0396908581199941
1783729196,cpu_cores,pod=workload-cloud-6f545f89ff-qp2jn,0.04618517004020979
1783729206,cpu_cores,pod=workload-cloud-6f545f89ff-qp2jn,0.046416007277958825
1783729216,cpu_cores,pod=workload-cloud-6f545f89ff-qp2jn,0.046416007277958825
1783729226,cpu_cores,pod=workload-cloud-6f545f89ff-qp2jn,0.04628813795298143
1783729236,cpu_cores,pod=workload-cloud-6f545f89ff-qp2jn,0.04504708826205652
1783729246,cpu_cores,pod=workload-cloud-6f545f89ff-qp2jn,0.04504708826205652
1783729256,cpu_cores,pod=workload-cloud-6f545f89ff-qp2jn,0.028839007986548894
1783729266,cpu_cores,pod=workload-cloud-6f545f89ff-qp2jn,0.012391006280262547
1783729276,cpu_cores,pod=workload-cloud-6f545f89ff-qp2jn,0.010126688367568202
1783729286,cpu_cores,pod=workload-cloud-6f545f89ff-qp2jn,0.0020653803670886302
1783729296,cpu_cores,pod=workload-cloud-6f545f89ff-qp2jn,0.0020126737627150617
1783729306,cpu_cores,pod=workload-cloud-6f545f89ff-qp2jn,0.0020578081659336557
1783729316,cpu_cores,pod=workload-cloud-6f545f89ff-qp2jn,0.002068769194425022
1783729326,cpu_cores,pod=workload-cloud-6f545f89ff-qp2jn,0.002076459247713367
1783728786,cpu_cores,pod=workload-cloud-6f545f89ff-qv98j,0.013591917515097626
1783728796,cpu_cores,pod=workload-cloud-6f545f89ff-qv98j,0.01729670795832433
1783728806,cpu_cores,pod=workload-cloud-6f545f89ff-qv98j,0.022235661536481658
1783728816,cpu_cores,pod=workload-cloud-6f545f89ff-qv98j,0.02900817304896137
1783728826,cpu_cores,pod=workload-cloud-6f545f89ff-qv98j,0.03873167469851738
1783728836,cpu_cores,pod=workload-cloud-6f545f89ff-qv98j,0.03873167469851738
1783728846,cpu_cores,pod=workload-cloud-6f545f89ff-qv98j,0.05610074671374381
1783728856,cpu_cores,pod=workload-cloud-6f545f89ff-qv98j,0.07379420364086475
1783728866,cpu_cores,pod=workload-cloud-6f545f89ff-qv98j,0.07379420364086475
1783728876,cpu_cores,pod=workload-cloud-6f545f89ff-qv98j,0.08550857245176596
1783728886,cpu_cores,pod=workload-cloud-6f545f89ff-qv98j,0.10964965329089464
1783728896,cpu_cores,pod=workload-cloud-6f545f89ff-qv98j,0.14609027417130785
1783728906,cpu_cores,pod=workload-cloud-6f545f89ff-qv98j,0.17435889741615104
1783728916,cpu_cores,pod=workload-cloud-6f545f89ff-qv98j,0.2815837492420355
1783728926,cpu_cores,pod=workload-cloud-6f545f89ff-qv98j,0.3004945114490474
1783728936,cpu_cores,pod=workload-cloud-6f545f89ff-qv98j,0.33680278840167216
1783728946,cpu_cores,pod=workload-cloud-6f545f89ff-qv98j,0.3552630085146641
1783728956,cpu_cores,pod=workload-cloud-6f545f89ff-qv98j,0.3037308199769258
1783728966,cpu_cores,pod=workload-cloud-6f545f89ff-qv98j,0.3528904153354633
1783728976,cpu_cores,pod=workload-cloud-6f545f89ff-qv98j,0.3546916550364413
1783728986,cpu_cores,pod=workload-cloud-6f545f89ff-qv98j,0.35597590686688024
1783728996,cpu_cores,pod=workload-cloud-6f545f89ff-qv98j,0.3565606433219439
1783729006,cpu_cores,pod=workload-cloud-6f545f89ff-qv98j,0.3585596352239586
1783729016,cpu_cores,pod=workload-cloud-6f545f89ff-qv98j,0.308484720299343
1783729026,cpu_cores,pod=workload-cloud-6f545f89ff-qv98j,0.35363110382427315
1783729036,cpu_cores,pod=workload-cloud-6f545f89ff-qv98j,0.32849828955148236
1783729046,cpu_cores,pod=workload-cloud-6f545f89ff-qv98j,0.32849828955148236
1783729056,cpu_cores,pod=workload-cloud-6f545f89ff-qv98j,0.28279652941780475
1783729066,cpu_cores,pod=workload-cloud-6f545f89ff-qv98j,0.2150231139585292
1783729076,cpu_cores,pod=workload-cloud-6f545f89ff-qv98j,0.1547263398170006
1783729086,cpu_cores,pod=workload-cloud-6f545f89ff-qv98j,0.11018718957364808
1783729096,cpu_cores,pod=workload-cloud-6f545f89ff-qv98j,0.09073548995962882
1783729106,cpu_cores,pod=workload-cloud-6f545f89ff-qv98j,0.08974924235864573
1783729116,cpu_cores,pod=workload-cloud-6f545f89ff-qv98j,0.08911028462307917
1783729126,cpu_cores,pod=workload-cloud-6f545f89ff-qv98j,0.08875276307235083
1783729136,cpu_cores,pod=workload-cloud-6f545f89ff-qv98j,0.08797526992696099
1783729146,cpu_cores,pod=workload-cloud-6f545f89ff-qv98j,0.07262707398245913
1783729156,cpu_cores,pod=workload-cloud-6f545f89ff-qv98j,0.08794428176512745
1783729166,cpu_cores,pod=workload-cloud-6f545f89ff-qv98j,0.08815705898330581
1783729176,cpu_cores,pod=workload-cloud-6f545f89ff-qv98j,0.0706731527437666
1783729186,cpu_cores,pod=workload-cloud-6f545f89ff-qv98j,0.08784805316166541
1783729196,cpu_cores,pod=workload-cloud-6f545f89ff-qv98j,0.07396039488678526
1783729206,cpu_cores,pod=workload-cloud-6f545f89ff-qv98j,0.08889222771649553
1783729216,cpu_cores,pod=workload-cloud-6f545f89ff-qv98j,0.08844358894753174
1783729226,cpu_cores,pod=workload-cloud-6f545f89ff-qv98j,0.07403514618376045
1783729236,cpu_cores,pod=workload-cloud-6f545f89ff-qv98j,0.08891627231410762
1783729246,cpu_cores,pod=workload-cloud-6f545f89ff-qv98j,0.0780347408918141
1783729256,cpu_cores,pod=workload-cloud-6f545f89ff-qv98j,0.0780347408918141
1783729266,cpu_cores,pod=workload-cloud-6f545f89ff-qv98j,0.048096430770452954
1783729276,cpu_cores,pod=workload-cloud-6f545f89ff-qv98j,0.024245463709677336
1783729286,cpu_cores,pod=workload-cloud-6f545f89ff-qv98j,0.0022301932896839514
1783729296,cpu_cores,pod=workload-cloud-6f545f89ff-qv98j,0.0021490360073821236
1783729306,cpu_cores,pod=workload-cloud-6f545f89ff-qv98j,0.0020573988260734954
1783729316,cpu_cores,pod=workload-cloud-6f545f89ff-qv98j,0.001984791474213228
1783729326,cpu_cores,pod=workload-cloud-6f545f89ff-qv98j,0.0019416070191641838
1783728686,cpu_cores,pod=workload-edge-7b875fd8c6-pxwvc,0.0023172048079189264
1783728696,cpu_cores,pod=workload-edge-7b875fd8c6-pxwvc,0.0023421661459202547
1783728706,cpu_cores,pod=workload-edge-7b875fd8c6-pxwvc,0.0019909518263224405
1783728716,cpu_cores,pod=workload-edge-7b875fd8c6-pxwvc,0.0023184749088870486
1783728726,cpu_cores,pod=workload-edge-7b875fd8c6-pxwvc,0.002300808948367161
1783728736,cpu_cores,pod=workload-edge-7b875fd8c6-pxwvc,0.0023275088120990276
1783728746,cpu_cores,pod=workload-edge-7b875fd8c6-pxwvc,0.0022561589007085185
1783728756,cpu_cores,pod=workload-edge-7b875fd8c6-pxwvc,0.0022399539068820736
1783728766,cpu_cores,pod=workload-edge-7b875fd8c6-pxwvc,0.0018518756704205687
1783728776,cpu_cores,pod=workload-edge-7b875fd8c6-pxwvc,0.002179628836223419
1783728786,cpu_cores,pod=workload-edge-7b875fd8c6-pxwvc,0.0018249768504548143
1783728796,cpu_cores,pod=workload-edge-7b875fd8c6-pxwvc,0.0022104219149822295
1783728806,cpu_cores,pod=workload-edge-7b875fd8c6-pxwvc,0.002227401382967254
1783728816,cpu_cores,pod=workload-edge-7b875fd8c6-pxwvc,0.002247397097696417
1783728826,cpu_cores,pod=workload-edge-7b875fd8c6-pxwvc,0.002217660188806714
1783728836,cpu_cores,pod=workload-edge-7b875fd8c6-pxwvc,0.0022262006625858523
1783728846,cpu_cores,pod=workload-edge-7b875fd8c6-pxwvc,0.0022262006625858523
1783728856,cpu_cores,pod=workload-edge-7b875fd8c6-pxwvc,0.0022279531324725056
1783728866,cpu_cores,pod=workload-edge-7b875fd8c6-pxwvc,0.0022605063586512587
1783728876,cpu_cores,pod=workload-edge-7b875fd8c6-pxwvc,0.0022468216583092764
1783728886,cpu_cores,pod=workload-edge-7b875fd8c6-pxwvc,0.0022611159038447848
1783728896,cpu_cores,pod=workload-edge-7b875fd8c6-pxwvc,0.00221865251198961
1783728906,cpu_cores,pod=workload-edge-7b875fd8c6-pxwvc,0.0021965177361572548
1783728916,cpu_cores,pod=workload-edge-7b875fd8c6-pxwvc,0.0022021640635454974
1783728926,cpu_cores,pod=workload-edge-7b875fd8c6-pxwvc,0.0022351319899552953
1783728936,cpu_cores,pod=workload-edge-7b875fd8c6-pxwvc,0.001964107911950873
1783728946,cpu_cores,pod=workload-edge-7b875fd8c6-pxwvc,0.002244484880701696
1783728956,cpu_cores,pod=workload-edge-7b875fd8c6-pxwvc,0.002248542217384556
1783728966,cpu_cores,pod=workload-edge-7b875fd8c6-pxwvc,0.0022570753780811878
1783728976,cpu_cores,pod=workload-edge-7b875fd8c6-pxwvc,0.001937913203594583
1783728986,cpu_cores,pod=workload-edge-7b875fd8c6-pxwvc,0.002234395680025394
1783728996,cpu_cores,pod=workload-edge-7b875fd8c6-pxwvc,0.002285801244919146
1783729006,cpu_cores,pod=workload-edge-7b875fd8c6-pxwvc,0.0019253571458965138
1783729016,cpu_cores,pod=workload-edge-7b875fd8c6-pxwvc,0.002321036782103653
1783729026,cpu_cores,pod=workload-edge-7b875fd8c6-pxwvc,0.002350569025234973
1783729036,cpu_cores,pod=workload-edge-7b875fd8c6-pxwvc,0.002336878820981583
1783729046,cpu_cores,pod=workload-edge-7b875fd8c6-pxwvc,0.0023043300025621335
1783729056,cpu_cores,pod=workload-edge-7b875fd8c6-pxwvc,0.0022226936659976737
1783729066,cpu_cores,pod=workload-edge-7b875fd8c6-pxwvc,0.0022358041482489262
1783729076,cpu_cores,pod=workload-edge-7b875fd8c6-pxwvc,0.0022049789106913624
1783729086,cpu_cores,pod=workload-edge-7b875fd8c6-pxwvc,0.002270962111846446
1783729096,cpu_cores,pod=workload-edge-7b875fd8c6-pxwvc,0.002311781420765041
1783729106,cpu_cores,pod=workload-edge-7b875fd8c6-pxwvc,0.002311781420765041
1783729116,cpu_cores,pod=workload-edge-7b875fd8c6-pxwvc,0.0022597685794550387
1783729126,cpu_cores,pod=workload-edge-7b875fd8c6-pxwvc,0.002260613265963281
1783729136,cpu_cores,pod=workload-edge-7b875fd8c6-pxwvc,0.002205788504806719
1783729146,cpu_cores,pod=workload-edge-7b875fd8c6-pxwvc,0.0022117117117116947
1783729156,cpu_cores,pod=workload-edge-7b875fd8c6-pxwvc,0.0022630290517622544
1783729166,cpu_cores,pod=workload-edge-7b875fd8c6-pxwvc,0.0022134333107920127
1783729176,cpu_cores,pod=workload-edge-7b875fd8c6-pxwvc,0.0021721413995128658
1783729186,cpu_cores,pod=workload-edge-7b875fd8c6-pxwvc,0.002199305289092594
1783729196,cpu_cores,pod=workload-edge-7b875fd8c6-pxwvc,0.0022018201284796477
1783729206,cpu_cores,pod=workload-edge-7b875fd8c6-pxwvc,0.0022018201284796477
1783729216,cpu_cores,pod=workload-edge-7b875fd8c6-pxwvc,0.0022469257838756943
1783729226,cpu_cores,pod=workload-edge-7b875fd8c6-pxwvc,0.0019377198019828188
1783729236,cpu_cores,pod=workload-edge-7b875fd8c6-pxwvc,0.0022637721644847616
1783729246,cpu_cores,pod=workload-edge-7b875fd8c6-pxwvc,0.002192085876657547
1783729256,cpu_cores,pod=workload-edge-7b875fd8c6-pxwvc,0.0018044676454176444
1783729266,cpu_cores,pod=workload-edge-7b875fd8c6-pxwvc,0.002171429159209167
1783729276,cpu_cores,pod=workload-edge-7b875fd8c6-pxwvc,0.0021333333333333295
1783729286,cpu_cores,pod=workload-edge-7b875fd8c6-pxwvc,0.0022015708926017502
1783729296,cpu_cores,pod=workload-edge-7b875fd8c6-pxwvc,0.00219231780578085
1783729306,cpu_cores,pod=workload-edge-7b875fd8c6-pxwvc,0.0018957667478469481
1783729316,cpu_cores,pod=workload-edge-7b875fd8c6-pxwvc,0.002215327780130819
1783729326,cpu_cores,pod=workload-edge-7b875fd8c6-pxwvc,0.0021455851723572983
1783728916,cpu_utilisation,pod=workload-cloud-6f545f89ff-5fjsl,0.05075354635832267
1783728926,cpu_utilisation,pod=workload-cloud-6f545f89ff-5fjsl,0.055822000000000004
1783728936,cpu_utilisation,pod=workload-cloud-6f545f89ff-5fjsl,0.05389668158660845
1783728946,cpu_utilisation,pod=workload-cloud-6f545f89ff-5fjsl,0.044361864369501465
1783728956,cpu_utilisation,pod=workload-cloud-6f545f89ff-5fjsl,0.05368954765395895
1783728966,cpu_utilisation,pod=workload-cloud-6f545f89ff-5fjsl,0.008818006848242054
1783728976,cpu_utilisation,pod=workload-cloud-6f545f89ff-5fjsl,0.00925419962089025
1783728986,cpu_utilisation,pod=workload-cloud-6f545f89ff-5fjsl,0.00925419962089025
1783728996,cpu_utilisation,pod=workload-cloud-6f545f89ff-5fjsl,0.008822349091082817
1783729006,cpu_utilisation,pod=workload-cloud-6f545f89ff-5fjsl,0.0073102466109125335
1783729016,cpu_utilisation,pod=workload-cloud-6f545f89ff-5fjsl,0.009032616904455738
1783729026,cpu_utilisation,pod=workload-cloud-6f545f89ff-5fjsl,0.009065485530418894
1783729036,cpu_utilisation,pod=workload-cloud-6f545f89ff-5fjsl,0.009031942499382155
1783729046,cpu_utilisation,pod=workload-cloud-6f545f89ff-5fjsl,0.009031942499382155
1783729056,cpu_utilisation,pod=workload-cloud-6f545f89ff-5fjsl,0.009051603045910446
1783729066,cpu_utilisation,pod=workload-cloud-6f545f89ff-5fjsl,0.009108029801324509
1783729076,cpu_utilisation,pod=workload-cloud-6f545f89ff-5fjsl,0.00764880948626403
1783729086,cpu_utilisation,pod=workload-cloud-6f545f89ff-5fjsl,0.009194442625455657
1783729096,cpu_utilisation,pod=workload-cloud-6f545f89ff-5fjsl,0.00924306261804446
1783729106,cpu_utilisation,pod=workload-cloud-6f545f89ff-5fjsl,0.00924306261804446
1783729116,cpu_utilisation,pod=workload-cloud-6f545f89ff-5fjsl,0.009092520498488433
1783729126,cpu_utilisation,pod=workload-cloud-6f545f89ff-5fjsl,0.009185605167617517
1783729136,cpu_utilisation,pod=workload-cloud-6f545f89ff-5fjsl,0.009185605167617517
1783729146,cpu_utilisation,pod=workload-cloud-6f545f89ff-5fjsl,0.009125368120743603
1783729156,cpu_utilisation,pod=workload-cloud-6f545f89ff-5fjsl,0.009165611181476793
1783729166,cpu_utilisation,pod=workload-cloud-6f545f89ff-5fjsl,0.009078706106210003
1783729176,cpu_utilisation,pod=workload-cloud-6f545f89ff-5fjsl,0.008876852227445182
1783729186,cpu_utilisation,pod=workload-cloud-6f545f89ff-5fjsl,0.008816848857760035
1783729196,cpu_utilisation,pod=workload-cloud-6f545f89ff-5fjsl,0.008816848857760035
1783729206,cpu_utilisation,pod=workload-cloud-6f545f89ff-5fjsl,0.008885899978401302
1783729216,cpu_utilisation,pod=workload-cloud-6f545f89ff-5fjsl,0.008923718587692137
1783729226,cpu_utilisation,pod=workload-cloud-6f545f89ff-5fjsl,0.00898518185900314
1783729236,cpu_utilisation,pod=workload-cloud-6f545f89ff-5fjsl,0.008854734465036608
1783729246,cpu_utilisation,pod=workload-cloud-6f545f89ff-5fjsl,0.008733878036564011
1783729256,cpu_utilisation,pod=workload-cloud-6f545f89ff-5fjsl,0.008936313940678849
1783729266,cpu_utilisation,pod=workload-cloud-6f545f89ff-5fjsl,0.008953076513180582
1783729276,cpu_utilisation,pod=workload-cloud-6f545f89ff-5fjsl,0.008916924971338796
1783729286,cpu_utilisation,pod=workload-cloud-6f545f89ff-5fjsl,0.009321386275780389
1783729296,cpu_utilisation,pod=workload-cloud-6f545f89ff-5fjsl,0.007744505681897144
1783729306,cpu_utilisation,pod=workload-cloud-6f545f89ff-5fjsl,0.009151011964665109
1783729316,cpu_utilisation,pod=workload-cloud-6f545f89ff-5fjsl,0.009340725017002251
1783729326,cpu_utilisation,pod=workload-cloud-6f545f89ff-5fjsl,0.009340725017002251
1783728686,cpu_utilisation,pod=workload-cloud-6f545f89ff-9hvzm,0.009235219328211145
1783728696,cpu_utilisation,pod=workload-cloud-6f545f89ff-9hvzm,0.011547289948330864
1783728706,cpu_utilisation,pod=workload-cloud-6f545f89ff-9hvzm,0.06522940395650324
1783728716,cpu_utilisation,pod=workload-cloud-6f545f89ff-9hvzm,0.08551308468988769
1783728726,cpu_utilisation,pod=workload-cloud-6f545f89ff-9hvzm,0.18825605362846545
1783728736,cpu_utilisation,pod=workload-cloud-6f545f89ff-9hvzm,0.276384581117587
1783728746,cpu_utilisation,pod=workload-cloud-6f545f89ff-9hvzm,0.3499476049354103
1783728756,cpu_utilisation,pod=workload-cloud-6f545f89ff-9hvzm,0.519166021596929
1783728766,cpu_utilisation,pod=workload-cloud-6f545f89ff-9hvzm,0.6163112949391301
1783728776,cpu_utilisation,pod=workload-cloud-6f545f89ff-9hvzm,0.7079269028029014
1783728786,cpu_utilisation,pod=workload-cloud-6f545f89ff-9hvzm,0.7914453376656094
1783728796,cpu_utilisation,pod=workload-cloud-6f545f89ff-9hvzm,0.8362112631889548
1783728806,cpu_utilisation,pod=workload-cloud-6f545f89ff-9hvzm,0.9124889258028788
1783728816,cpu_utilisation,pod=workload-cloud-6f545f89ff-9hvzm,0.8062720605798418
1783728826,cpu_utilisation,pod=workload-cloud-6f545f89ff-9hvzm,0.9782414776813464
1783728836,cpu_utilisation,pod=workload-cloud-6f545f89ff-9hvzm,0.8621226706907135
1783728846,cpu_utilisation,pod=workload-cloud-6f545f89ff-9hvzm,1.0485273774022539
1783728856,cpu_utilisation,pod=workload-cloud-6f545f89ff-9hvzm,0.8957349629387413
1783728866,cpu_utilisation,pod=workload-cloud-6f545f89ff-9hvzm,1.0938937721861328
1783728876,cpu_utilisation,pod=workload-cloud-6f545f89ff-9hvzm,1.1537394930815958
1783728886,cpu_utilisation,pod=workload-cloud-6f545f89ff-9hvzm,1.1537394930815958
1783728896,cpu_utilisation,pod=workload-cloud-6f545f89ff-9hvzm,1.3454967784604943
1783728906,cpu_utilisation,pod=workload-cloud-6f545f89ff-9hvzm,1.6668261447235773
1783728916,cpu_utilisation,pod=workload-cloud-6f545f89ff-9hvzm,1.8474045988686776
1783728926,cpu_utilisation,pod=workload-cloud-6f545f89ff-9hvzm,2.1294631913541053
1783728936,cpu_utilisation,pod=workload-cloud-6f545f89ff-9hvzm,2.3219374858693174
1783728946,cpu_utilisation,pod=workload-cloud-6f545f89ff-9hvzm,2.3219374858693174
1783728956,cpu_utilisation,pod=workload-cloud-6f545f89ff-9hvzm,2.3584641815298393
1783728966,cpu_utilisation,pod=workload-cloud-6f545f89ff-9hvzm,2.390239030276432
1783728976,cpu_utilisation,pod=workload-cloud-6f545f89ff-9hvzm,2.4003448236424374
1783728986,cpu_utilisation,pod=workload-cloud-6f545f89ff-9hvzm,2.4003448236424374
1783728996,cpu_utilisation,pod=workload-cloud-6f545f89ff-9hvzm,2.3899613606997425
1783729006,cpu_utilisation,pod=workload-cloud-6f545f89ff-9hvzm,1.9636055315140235
1783729016,cpu_utilisation,pod=workload-cloud-6f545f89ff-9hvzm,2.37588448409457
1783729026,cpu_utilisation,pod=workload-cloud-6f545f89ff-9hvzm,2.3806977428389846
1783729036,cpu_utilisation,pod=workload-cloud-6f545f89ff-9hvzm,2.2594539476558726
1783729046,cpu_utilisation,pod=workload-cloud-6f545f89ff-9hvzm,2.2594539476558726
1783729056,cpu_utilisation,pod=workload-cloud-6f545f89ff-9hvzm,1.8525459648379634
1783729066,cpu_utilisation,pod=workload-cloud-6f545f89ff-9hvzm,1.8525459648379634
1783729076,cpu_utilisation,pod=workload-cloud-6f545f89ff-9hvzm,1.540959893502513
1783729086,cpu_utilisation,pod=workload-cloud-6f545f89ff-9hvzm,1.2878286452070689
1783729096,cpu_utilisation,pod=workload-cloud-6f545f89ff-9hvzm,1.0104213155303516
1783729106,cpu_utilisation,pod=workload-cloud-6f545f89ff-9hvzm,1.2133713854168964
1783729116,cpu_utilisation,pod=workload-cloud-6f545f89ff-9hvzm,1.199081287897437
1783729126,cpu_utilisation,pod=workload-cloud-6f545f89ff-9hvzm,1.199081287897437
1783729136,cpu_utilisation,pod=workload-cloud-6f545f89ff-9hvzm,1.1847545785079472
1783729146,cpu_utilisation,pod=workload-cloud-6f545f89ff-9hvzm,1.007712472853535
1783729156,cpu_utilisation,pod=workload-cloud-6f545f89ff-9hvzm,1.175457001980881
1783729166,cpu_utilisation,pod=workload-cloud-6f545f89ff-9hvzm,1.183692884962472
1783729176,cpu_utilisation,pod=workload-cloud-6f545f89ff-9hvzm,1.1896959177343582
1783729186,cpu_utilisation,pod=workload-cloud-6f545f89ff-9hvzm,1.1911052506707103
1783729196,cpu_utilisation,pod=workload-cloud-6f545f89ff-9hvzm,1.2045062945149723
1783729206,cpu_utilisation,pod=workload-cloud-6f545f89ff-9hvzm,1.2126247013280542
1783729216,cpu_utilisation,pod=workload-cloud-6f545f89ff-9hvzm,1.222491137894361
1783729226,cpu_utilisation,pod=workload-cloud-6f545f89ff-9hvzm,1.2237663121994946
1783729236,cpu_utilisation,pod=workload-cloud-6f545f89ff-9hvzm,1.2207400476352552
1783729246,cpu_utilisation,pod=workload-cloud-6f545f89ff-9hvzm,1.0031481931115676
1783729256,cpu_utilisation,pod=workload-cloud-6f545f89ff-9hvzm,1.124211866024635
1783729266,cpu_utilisation,pod=workload-cloud-6f545f89ff-9hvzm,0.8218301097964482
1783729276,cpu_utilisation,pod=workload-cloud-6f545f89ff-9hvzm,0.6645706756247823
1783729286,cpu_utilisation,pod=workload-cloud-6f545f89ff-9hvzm,0.44346414319697935
1783729296,cpu_utilisation,pod=workload-cloud-6f545f89ff-9hvzm,0.09318818756012363
1783729306,cpu_utilisation,pod=workload-cloud-6f545f89ff-9hvzm,0.09318818756012363
1783729316,cpu_utilisation,pod=workload-cloud-6f545f89ff-9hvzm,0.009894426931545046
1783729326,cpu_utilisation,pod=workload-cloud-6f545f89ff-9hvzm,0.010114778055172888
1783728896,cpu_utilisation,pod=workload-cloud-6f545f89ff-fnng7,0.25673450960309246
1783728906,cpu_utilisation,pod=workload-cloud-6f545f89ff-fnng7,0.5223737905199479
1783728916,cpu_utilisation,pod=workload-cloud-6f545f89ff-fnng7,0.6761474791442947
1783728926,cpu_utilisation,pod=workload-cloud-6f545f89ff-fnng7,0.9215412053166272
1783728936,cpu_utilisation,pod=workload-cloud-6f545f89ff-fnng7,1.1866458218113363
1783728946,cpu_utilisation,pod=workload-cloud-6f545f89ff-fnng7,1.2778160761380575
1783728956,cpu_utilisation,pod=workload-cloud-6f545f89ff-fnng7,1.307789043583535
1783728966,cpu_utilisation,pod=workload-cloud-6f545f89ff-fnng7,1.3427979644960315
1783728976,cpu_utilisation,pod=workload-cloud-6f545f89ff-fnng7,1.332864373156092
1783728986,cpu_utilisation,pod=workload-cloud-6f545f89ff-fnng7,1.3359873730949792
1783728996,cpu_utilisation,pod=workload-cloud-6f545f89ff-fnng7,1.1438551600620623
1783729006,cpu_utilisation,pod=workload-cloud-6f545f89ff-fnng7,1.3105032580063771
1783729016,cpu_utilisation,pod=workload-cloud-6f545f89ff-fnng7,1.2756648520181195
1783729026,cpu_utilisation,pod=workload-cloud-6f545f89ff-fnng7,1.2396609951018305
1783729036,cpu_utilisation,pod=workload-cloud-6f545f89ff-fnng7,1.063567483853964
1783729046,cpu_utilisation,pod=workload-cloud-6f545f89ff-fnng7,1.0838976377952754
1783729056,cpu_utilisation,pod=workload-cloud-6f545f89ff-fnng7,0.7929297526618203
1783729066,cpu_utilisation,pod=workload-cloud-6f545f89ff-fnng7,0.5396283869221138
1783729076,cpu_utilisation,pod=workload-cloud-6f545f89ff-fnng7,0.2080253801169595
1783729086,cpu_utilisation,pod=workload-cloud-6f545f89ff-fnng7,0.010035826954586978
1783729096,cpu_utilisation,pod=workload-cloud-6f545f89ff-fnng7,0.010081123216648882
1783729106,cpu_utilisation,pod=workload-cloud-6f545f89ff-fnng7,0.009908289525033878
1783729116,cpu_utilisation,pod=workload-cloud-6f545f89ff-fnng7,0.009770054197494694
1783729126,cpu_utilisation,pod=workload-cloud-6f545f89ff-fnng7,0.009770054197494694
1783729136,cpu_utilisation,pod=workload-cloud-6f545f89ff-fnng7,0.009290823084200144
1783729146,cpu_utilisation,pod=workload-cloud-6f545f89ff-fnng7,0.008950438073513178
1783729156,cpu_utilisation,pod=workload-cloud-6f545f89ff-fnng7,0.008873529818735466
1783729166,cpu_utilisation,pod=workload-cloud-6f545f89ff-fnng7,0.008873529818735466
1783729176,cpu_utilisation,pod=workload-cloud-6f545f89ff-fnng7,0.009104044540018076
1783729186,cpu_utilisation,pod=workload-cloud-6f545f89ff-fnng7,0.009218801072105633
1783729196,cpu_utilisation,pod=workload-cloud-6f545f89ff-fnng7,0.009343434343433812
1783729206,cpu_utilisation,pod=workload-cloud-6f545f89ff-fnng7,0.009343434343433812
1783729216,cpu_utilisation,pod=workload-cloud-6f545f89ff-fnng7,0.009447742648073909
1783729226,cpu_utilisation,pod=workload-cloud-6f545f89ff-fnng7,0.009699684155114933
1783729236,cpu_utilisation,pod=workload-cloud-6f545f89ff-fnng7,0.009740709496958534
1783729246,cpu_utilisation,pod=workload-cloud-6f545f89ff-fnng7,0.009481257326029661
1783729256,cpu_utilisation,pod=workload-cloud-6f545f89ff-fnng7,0.00994109225750431
1783729266,cpu_utilisation,pod=workload-cloud-6f545f89ff-fnng7,0.009850778199711445
1783729276,cpu_utilisation,pod=workload-cloud-6f545f89ff-fnng7,0.009641556427547888
1783729286,cpu_utilisation,pod=workload-cloud-6f545f89ff-fnng7,0.010081541882875533
1783729296,cpu_utilisation,pod=workload-cloud-6f545f89ff-fnng7,0.008021546824807964
1783729306,cpu_utilisation,pod=workload-cloud-6f545f89ff-fnng7,0.00982466912266382
1783729316,cpu_utilisation,pod=workload-cloud-6f545f89ff-fnng7,0.00793092140014881
1783728916,cpu_utilisation,pod=workload-cloud-6f545f89ff-h6wfk,0.04814718342802162
1783728926,cpu_utilisation,pod=workload-cloud-6f545f89ff-h6wfk,0.056635374999999995
1783728936,cpu_utilisation,pod=workload-cloud-6f545f89ff-h6wfk,0.05318481428571429
1783728946,cpu_utilisation,pod=workload-cloud-6f545f89ff-h6wfk,0.0463099594923759
1783728956,cpu_utilisation,pod=workload-cloud-6f545f89ff-h6wfk,0.05611387628489307
1783728966,cpu_utilisation,pod=workload-cloud-6f545f89ff-h6wfk,0.009225331704994724
1783728976,cpu_utilisation,pod=workload-cloud-6f545f89ff-h6wfk,0.009664635949606676
1783728986,cpu_utilisation,pod=workload-cloud-6f545f89ff-h6wfk,0.009434375175354915
1783728996,cpu_utilisation,pod=workload-cloud-6f545f89ff-h6wfk,0.009165599658557408
1783729006,cpu_utilisation,pod=workload-cloud-6f545f89ff-h6wfk,0.009163761094004701
1783729016,cpu_utilisation,pod=workload-cloud-6f545f89ff-h6wfk,0.009163761094004701
1783729026,cpu_utilisation,pod=workload-cloud-6f545f89ff-h6wfk,0.007653146552317084
1783729036,cpu_utilisation,pod=workload-cloud-6f545f89ff-h6wfk,0.008974942825892417
1783729046,cpu_utilisation,pod=workload-cloud-6f545f89ff-h6wfk,0.00750698692407221
1783729056,cpu_utilisation,pod=workload-cloud-6f545f89ff-h6wfk,0.008779654301421436
1783729066,cpu_utilisation,pod=workload-cloud-6f545f89ff-h6wfk,0.007794247830356014
1783729076,cpu_utilisation,pod=workload-cloud-6f545f89ff-h6wfk,0.00698909330374111
1783729086,cpu_utilisation,pod=workload-cloud-6f545f89ff-h6wfk,0.009016956262557128
1783729096,cpu_utilisation,pod=workload-cloud-6f545f89ff-h6wfk,0.009114735069191547
1783729106,cpu_utilisation,pod=workload-cloud-6f545f89ff-h6wfk,0.009195898738771437
1783729116,cpu_utilisation,pod=workload-cloud-6f545f89ff-h6wfk,0.009280663033196709
1783729126,cpu_utilisation,pod=workload-cloud-6f545f89ff-h6wfk,0.00916362112712121
1783729136,cpu_utilisation,pod=workload-cloud-6f545f89ff-h6wfk,0.009236548447685336
1783729146,cpu_utilisation,pod=workload-cloud-6f545f89ff-h6wfk,0.009151466241443683
1783729156,cpu_utilisation,pod=workload-cloud-6f545f89ff-h6wfk,0.009050552726369393
1783729166,cpu_utilisation,pod=workload-cloud-6f545f89ff-h6wfk,0.00915078361981799
1783729176,cpu_utilisation,pod=workload-cloud-6f545f89ff-h6wfk,0.007595811294377029
1783729186,cpu_utilisation,pod=workload-cloud-6f545f89ff-h6wfk,0.008810105244959263
1783729196,cpu_utilisation,pod=workload-cloud-6f545f89ff-h6wfk,0.009254335144638009
1783729206,cpu_utilisation,pod=workload-cloud-6f545f89ff-h6wfk,0.009330384854127885
1783729216,cpu_utilisation,pod=workload-cloud-6f545f89ff-h6wfk,0.009175826384004828
1783729226,cpu_utilisation,pod=workload-cloud-6f545f89ff-h6wfk,0.009349922066354929
1783729236,cpu_utilisation,pod=workload-cloud-6f545f89ff-h6wfk,0.009106738877082337
1783729246,cpu_utilisation,pod=workload-cloud-6f545f89ff-h6wfk,0.008697836516701358
1783729256,cpu_utilisation,pod=workload-cloud-6f545f89ff-h6wfk,0.00863912829671042
1783729266,cpu_utilisation,pod=workload-cloud-6f545f89ff-h6wfk,0.009188213349093198
1783729276,cpu_utilisation,pod=workload-cloud-6f545f89ff-h6wfk,0.009050101280407353
1783729286,cpu_utilisation,pod=workload-cloud-6f545f89ff-h6wfk,0.009301761077948128
1783729296,cpu_utilisation,pod=workload-cloud-6f545f89ff-h6wfk,0.009581934146176556
1783729306,cpu_utilisation,pod=workload-cloud-6f545f89ff-h6wfk,0.009581934146176556
1783729316,cpu_utilisation,pod=workload-cloud-6f545f89ff-h6wfk,0.008840831255969997
1783729326,cpu_utilisation,pod=workload-cloud-6f545f89ff-h6wfk,0.0092267074923452
1783728836,cpu_utilisation,pod=workload-cloud-6f545f89ff-qp2jn,0.038707224216588135
1783728846,cpu_utilisation,pod=workload-cloud-6f545f89ff-qp2jn,0.06444987622466532
1783728856,cpu_utilisation,pod=workload-cloud-6f545f89ff-qp2jn,0.051482699955237826
1783728866,cpu_utilisation,pod=workload-cloud-6f545f89ff-qp2jn,0.048455083333333315
1783728876,cpu_utilisation,pod=workload-cloud-6f545f89ff-qp2jn,0.11658373632564024
1783728886,cpu_utilisation,pod=workload-cloud-6f545f89ff-qp2jn,0.36873249710669465
1783728896,cpu_utilisation,pod=workload-cloud-6f545f89ff-qp2jn,0.466420648509929
1783728906,cpu_utilisation,pod=workload-cloud-6f545f89ff-qp2jn,0.8891478163493839
1783728916,cpu_utilisation,pod=workload-cloud-6f545f89ff-qp2jn,1.313601320279131
1783728926,cpu_utilisation,pod=workload-cloud-6f545f89ff-qp2jn,1.5419844311377242
1783728936,cpu_utilisation,pod=workload-cloud-6f545f89ff-qp2jn,1.51130057521025
1783728946,cpu_utilisation,pod=workload-cloud-6f545f89ff-qp2jn,1.7882154316654968
1783728956,cpu_utilisation,pod=workload-cloud-6f545f89ff-qp2jn,1.7892107476635515
1783728966,cpu_utilisation,pod=workload-cloud-6f545f89ff-qp2jn,1.5162224929656292
1783728976,cpu_utilisation,pod=workload-cloud-6f545f89ff-qp2jn,1.8139799262597303
1783728986,cpu_utilisation,pod=workload-cloud-6f545f89ff-qp2jn,1.8105894540995393
1783728996,cpu_utilisation,pod=workload-cloud-6f545f89ff-qp2jn,1.8105894540995389
1783729006,cpu_utilisation,pod=workload-cloud-6f545f89ff-qp2jn,1.820535051140018
1783729016,cpu_utilisation,pod=workload-cloud-6f545f89ff-qp2jn,1.802221586369231
1783729026,cpu_utilisation,pod=workload-cloud-6f545f89ff-qp2jn,1.802221586369231
1783729036,cpu_utilisation,pod=workload-cloud-6f545f89ff-qp2jn,1.7381463368460905
1783729046,cpu_utilisation,pod=workload-cloud-6f545f89ff-qp2jn,1.699412049651831
1783729056,cpu_utilisation,pod=workload-cloud-6f545f89ff-qp2jn,1.389730103937485
1783729066,cpu_utilisation,pod=workload-cloud-6f545f89ff-qp2jn,0.9601213224441604
1783729076,cpu_utilisation,pod=workload-cloud-6f545f89ff-qp2jn,0.6108830271770282
1783729086,cpu_utilisation,pod=workload-cloud-6f545f89ff-qp2jn,0.49658231197476754
1783729096,cpu_utilisation,pod=workload-cloud-6f545f89ff-qp2jn,0.2308741944522282
1783729106,cpu_utilisation,pod=workload-cloud-6f545f89ff-qp2jn,0.2308741944522282
1783729116,cpu_utilisation,pod=workload-cloud-6f545f89ff-qp2jn,0.23094735650168766
1783729126,cpu_utilisation,pod=workload-cloud-6f545f89ff-qp2jn,0.2323145516761395
1783729136,cpu_utilisation,pod=workload-cloud-6f545f89ff-qp2jn,0.23146417710281256
1783729146,cpu_utilisation,pod=workload-cloud-6f545f89ff-qp2jn,0.23109500805153008
1783729156,cpu_utilisation,pod=workload-cloud-6f545f89ff-qp2jn,0.19498671027075798
1783729166,cpu_utilisation,pod=workload-cloud-6f545f89ff-qp2jn,0.23021655003012467
1783729176,cpu_utilisation,pod=workload-cloud-6f545f89ff-qp2jn,0.19616547646083576
1783729186,cpu_utilisation,pod=workload-cloud-6f545f89ff-qp2jn,0.1984542905999705
1783729196,cpu_utilisation,pod=workload-cloud-6f545f89ff-qp2jn,0.23092585020104894
1783729206,cpu_utilisation,pod=workload-cloud-6f545f89ff-qp2jn,0.2320800363897941
1783729216,cpu_utilisation,pod=workload-cloud-6f545f89ff-qp2jn,0.2320800363897941
1783729226,cpu_utilisation,pod=workload-cloud-6f545f89ff-qp2jn,0.23144068976490714
1783729236,cpu_utilisation,pod=workload-cloud-6f545f89ff-qp2jn,0.22523544131028259
1783729246,cpu_utilisation,pod=workload-cloud-6f545f89ff-qp2jn,0.22523544131028259
1783729256,cpu_utilisation,pod=workload-cloud-6f545f89ff-qp2jn,0.14419503993274446
1783729266,cpu_utilisation,pod=workload-cloud-6f545f89ff-qp2jn,0.061955031401312734
1783729276,cpu_utilisation,pod=workload-cloud-6f545f89ff-qp2jn,0.050633441837841006
1783729286,cpu_utilisation,pod=workload-cloud-6f545f89ff-qp2jn,0.01032690183544315
1783729296,cpu_utilisation,pod=workload-cloud-6f545f89ff-qp2jn,0.010063368813575307
1783729306,cpu_utilisation,pod=workload-cloud-6f545f89ff-qp2jn,0.010289040829668278
1783729316,cpu_utilisation,pod=workload-cloud-6f545f89ff-qp2jn,0.010343845972125109
1783729326,cpu_utilisation,pod=workload-cloud-6f545f89ff-qp2jn,0.010382296238566834
1783728786,cpu_utilisation,pod=workload-cloud-6f545f89ff-qv98j,0.06795958757548813
1783728796,cpu_utilisation,pod=workload-cloud-6f545f89ff-qv98j,0.08648353979162166
1783728806,cpu_utilisation,pod=workload-cloud-6f545f89ff-qv98j,0.11117830768240829
1783728816,cpu_utilisation,pod=workload-cloud-6f545f89ff-qv98j,0.14504086524480686
1783728826,cpu_utilisation,pod=workload-cloud-6f545f89ff-qv98j,0.19365837349258688
1783728836,cpu_utilisation,pod=workload-cloud-6f545f89ff-qv98j,0.19365837349258688
1783728846,cpu_utilisation,pod=workload-cloud-6f545f89ff-qv98j,0.280503733568719
1783728856,cpu_utilisation,pod=workload-cloud-6f545f89ff-qv98j,0.36897101820432376
1783728866,cpu_utilisation,pod=workload-cloud-6f545f89ff-qv98j,0.36897101820432376
1783728876,cpu_utilisation,pod=workload-cloud-6f545f89ff-qv98j,0.4275428622588298
1783728886,cpu_utilisation,pod=workload-cloud-6f545f89ff-qv98j,0.5482482664544732
1783728896,cpu_utilisation,pod=workload-cloud-6f545f89ff-qv98j,0.7304513708565392
1783728906,cpu_utilisation,pod=workload-cloud-6f545f89ff-qv98j,0.8717944870807551
1783728916,cpu_utilisation,pod=workload-cloud-6f545f89ff-qv98j,1.4079187462101774
1783728926,cpu_utilisation,pod=workload-cloud-6f545f89ff-qv98j,1.5024725572452369
1783728936,cpu_utilisation,pod=workload-cloud-6f545f89ff-qv98j,1.6840139420083606
1783728946,cpu_utilisation,pod=workload-cloud-6f545f89ff-qv98j,1.7763150425733203
1783728956,cpu_utilisation,pod=workload-cloud-6f545f89ff-qv98j,1.518654099884629
1783728966,cpu_utilisation,pod=workload-cloud-6f545f89ff-qv98j,1.7644520766773164
1783728976,cpu_utilisation,pod=workload-cloud-6f545f89ff-qv98j,1.7734582751822063
1783728986,cpu_utilisation,pod=workload-cloud-6f545f89ff-qv98j,1.7798795343344012
1783728996,cpu_utilisation,pod=workload-cloud-6f545f89ff-qv98j,1.7828032166097196
1783729006,cpu_utilisation,pod=workload-cloud-6f545f89ff-qv98j,1.792798176119793
1783729016,cpu_utilisation,pod=workload-cloud-6f545f89ff-qv98j,1.5424236014967148
1783729026,cpu_utilisation,pod=workload-cloud-6f545f89ff-qv98j,1.7681555191213656
1783729036,cpu_utilisation,pod=workload-cloud-6f545f89ff-qv98j,1.6424914477574117
1783729046,cpu_utilisation,pod=workload-cloud-6f545f89ff-qv98j,1.6424914477574117
1783729056,cpu_utilisation,pod=workload-cloud-6f545f89ff-qv98j,1.4139826470890238
1783729066,cpu_utilisation,pod=workload-cloud-6f545f89ff-qv98j,1.0751155697926458
1783729076,cpu_utilisation,pod=workload-cloud-6f545f89ff-qv98j,0.773631699085003
1783729086,cpu_utilisation,pod=workload-cloud-6f545f89ff-qv98j,0.5509359478682404
1783729096,cpu_utilisation,pod=workload-cloud-6f545f89ff-qv98j,0.4536774497981441
1783729106,cpu_utilisation,pod=workload-cloud-6f545f89ff-qv98j,0.44874621179322866
1783729116,cpu_utilisation,pod=workload-cloud-6f545f89ff-qv98j,0.4455514231153958
1783729126,cpu_utilisation,pod=workload-cloud-6f545f89ff-qv98j,0.44376381536175413
1783729136,cpu_utilisation,pod=workload-cloud-6f545f89ff-qv98j,0.43987634963480493
1783729146,cpu_utilisation,pod=workload-cloud-6f545f89ff-qv98j,0.3631353699122956
1783729156,cpu_utilisation,pod=workload-cloud-6f545f89ff-qv98j,0.4397214088256372
1783729166,cpu_utilisation,pod=workload-cloud-6f545f89ff-qv98j,0.440785294916529
1783729176,cpu_utilisation,pod=workload-cloud-6f545f89ff-qv98j,0.353365763718833
1783729186,cpu_utilisation,pod=workload-cloud-6f545f89ff-qv98j,0.43924026580832704
1783729196,cpu_utilisation,pod=workload-cloud-6f545f89ff-qv98j,0.36980197443392626
1783729206,cpu_utilisation,pod=workload-cloud-6f545f89ff-qv98j,0.44446113858247766
1783729216,cpu_utilisation,pod=workload-cloud-6f545f89ff-qv98j,0.4422179447376587
1783729226,cpu_utilisation,pod=workload-cloud-6f545f89ff-qv98j,0.37017573091880224
1783729236,cpu_utilisation,pod=workload-cloud-6f545f89ff-qv98j,0.44458136157053807
1783729246,cpu_utilisation,pod=workload-cloud-6f545f89ff-qv98j,0.39017370445907046
1783729256,cpu_utilisation,pod=workload-cloud-6f545f89ff-qv98j,0.39017370445907046
1783729266,cpu_utilisation,pod=workload-cloud-6f545f89ff-qv98j,0.24048215385226476
1783729276,cpu_utilisation,pod=workload-cloud-6f545f89ff-qv98j,0.12122731854838667
1783729286,cpu_utilisation,pod=workload-cloud-6f545f89ff-qv98j,0.011150966448419756
1783729296,cpu_utilisation,pod=workload-cloud-6f545f89ff-qv98j,0.010745180036910617
1783729306,cpu_utilisation,pod=workload-cloud-6f545f89ff-qv98j,0.010286994130367476
1783729316,cpu_utilisation,pod=workload-cloud-6f545f89ff-qv98j,0.009923957371066138
1783729326,cpu_utilisation,pod=workload-cloud-6f545f89ff-qv98j,0.00970803509582092
1783728686,cpu_utilisation,pod=workload-edge-7b875fd8c6-pxwvc,0.023172048079189263
1783728696,cpu_utilisation,pod=workload-edge-7b875fd8c6-pxwvc,0.023421661459202547
1783728706,cpu_utilisation,pod=workload-edge-7b875fd8c6-pxwvc,0.019909518263224405
1783728716,cpu_utilisation,pod=workload-edge-7b875fd8c6-pxwvc,0.023184749088870485
1783728726,cpu_utilisation,pod=workload-edge-7b875fd8c6-pxwvc,0.02300808948367161
1783728736,cpu_utilisation,pod=workload-edge-7b875fd8c6-pxwvc,0.023275088120990276
1783728746,cpu_utilisation,pod=workload-edge-7b875fd8c6-pxwvc,0.022561589007085183
1783728756,cpu_utilisation,pod=workload-edge-7b875fd8c6-pxwvc,0.022399539068820733
1783728766,cpu_utilisation,pod=workload-edge-7b875fd8c6-pxwvc,0.018518756704205684
1783728776,cpu_utilisation,pod=workload-edge-7b875fd8c6-pxwvc,0.021796288362234188
1783728786,cpu_utilisation,pod=workload-edge-7b875fd8c6-pxwvc,0.018249768504548142
1783728796,cpu_utilisation,pod=workload-edge-7b875fd8c6-pxwvc,0.022104219149822295
1783728806,cpu_utilisation,pod=workload-edge-7b875fd8c6-pxwvc,0.02227401382967254
1783728816,cpu_utilisation,pod=workload-edge-7b875fd8c6-pxwvc,0.02247397097696417
1783728826,cpu_utilisation,pod=workload-edge-7b875fd8c6-pxwvc,0.022176601888067138
1783728836,cpu_utilisation,pod=workload-edge-7b875fd8c6-pxwvc,0.022262006625858522
1783728846,cpu_utilisation,pod=workload-edge-7b875fd8c6-pxwvc,0.022262006625858522
1783728856,cpu_utilisation,pod=workload-edge-7b875fd8c6-pxwvc,0.022279531324725054
1783728866,cpu_utilisation,pod=workload-edge-7b875fd8c6-pxwvc,0.022605063586512587
1783728876,cpu_utilisation,pod=workload-edge-7b875fd8c6-pxwvc,0.022468216583092764
1783728886,cpu_utilisation,pod=workload-edge-7b875fd8c6-pxwvc,0.022611159038447848
1783728896,cpu_utilisation,pod=workload-edge-7b875fd8c6-pxwvc,0.022186525119896102
1783728906,cpu_utilisation,pod=workload-edge-7b875fd8c6-pxwvc,0.021965177361572545
1783728916,cpu_utilisation,pod=workload-edge-7b875fd8c6-pxwvc,0.022021640635454972
1783728926,cpu_utilisation,pod=workload-edge-7b875fd8c6-pxwvc,0.02235131989955295
1783728936,cpu_utilisation,pod=workload-edge-7b875fd8c6-pxwvc,0.019641079119508728
1783728946,cpu_utilisation,pod=workload-edge-7b875fd8c6-pxwvc,0.02244484880701696
1783728956,cpu_utilisation,pod=workload-edge-7b875fd8c6-pxwvc,0.02248542217384556
1783728966,cpu_utilisation,pod=workload-edge-7b875fd8c6-pxwvc,0.022570753780811876
1783728976,cpu_utilisation,pod=workload-edge-7b875fd8c6-pxwvc,0.019379132035945826
1783728986,cpu_utilisation,pod=workload-edge-7b875fd8c6-pxwvc,0.02234395680025394
1783728996,cpu_utilisation,pod=workload-edge-7b875fd8c6-pxwvc,0.022858012449191455
1783729006,cpu_utilisation,pod=workload-edge-7b875fd8c6-pxwvc,0.019253571458965137
1783729016,cpu_utilisation,pod=workload-edge-7b875fd8c6-pxwvc,0.02321036782103653
1783729026,cpu_utilisation,pod=workload-edge-7b875fd8c6-pxwvc,0.023505690252349727
1783729036,cpu_utilisation,pod=workload-edge-7b875fd8c6-pxwvc,0.02336878820981583
1783729046,cpu_utilisation,pod=workload-edge-7b875fd8c6-pxwvc,0.023043300025621334
1783729056,cpu_utilisation,pod=workload-edge-7b875fd8c6-pxwvc,0.022226936659976736
1783729066,cpu_utilisation,pod=workload-edge-7b875fd8c6-pxwvc,0.022358041482489262
1783729076,cpu_utilisation,pod=workload-edge-7b875fd8c6-pxwvc,0.022049789106913624
1783729086,cpu_utilisation,pod=workload-edge-7b875fd8c6-pxwvc,0.022709621118464456
1783729096,cpu_utilisation,pod=workload-edge-7b875fd8c6-pxwvc,0.023117814207650408
1783729106,cpu_utilisation,pod=workload-edge-7b875fd8c6-pxwvc,0.023117814207650408
1783729116,cpu_utilisation,pod=workload-edge-7b875fd8c6-pxwvc,0.022597685794550387
1783729126,cpu_utilisation,pod=workload-edge-7b875fd8c6-pxwvc,0.02260613265963281
1783729136,cpu_utilisation,pod=workload-edge-7b875fd8c6-pxwvc,0.022057885048067192
1783729146,cpu_utilisation,pod=workload-edge-7b875fd8c6-pxwvc,0.022117117117116947
1783729156,cpu_utilisation,pod=workload-edge-7b875fd8c6-pxwvc,0.022630290517622543
1783729166,cpu_utilisation,pod=workload-edge-7b875fd8c6-pxwvc,0.022134333107920127
1783729176,cpu_utilisation,pod=workload-edge-7b875fd8c6-pxwvc,0.021721413995128655
1783729186,cpu_utilisation,pod=workload-edge-7b875fd8c6-pxwvc,0.02199305289092594
1783729196,cpu_utilisation,pod=workload-edge-7b875fd8c6-pxwvc,0.022018201284796476
1783729206,cpu_utilisation,pod=workload-edge-7b875fd8c6-pxwvc,0.022018201284796476
1783729216,cpu_utilisation,pod=workload-edge-7b875fd8c6-pxwvc,0.022469257838756942
1783729226,cpu_utilisation,pod=workload-edge-7b875fd8c6-pxwvc,0.019377198019828186
1783729236,cpu_utilisation,pod=workload-edge-7b875fd8c6-pxwvc,0.022637721644847616
1783729246,cpu_utilisation,pod=workload-edge-7b875fd8c6-pxwvc,0.02192085876657547
1783729256,cpu_utilisation,pod=workload-edge-7b875fd8c6-pxwvc,0.018044676454176442
1783729266,cpu_utilisation,pod=workload-edge-7b875fd8c6-pxwvc,0.021714291592091668
1783729276,cpu_utilisation,pod=workload-edge-7b875fd8c6-pxwvc,0.021333333333333294
1783729286,cpu_utilisation,pod=workload-edge-7b875fd8c6-pxwvc,0.0220157089260175
1783729296,cpu_utilisation,pod=workload-edge-7b875fd8c6-pxwvc,0.0219231780578085
1783729306,cpu_utilisation,pod=workload-edge-7b875fd8c6-pxwvc,0.01895766747846948
1783729316,cpu_utilisation,pod=workload-edge-7b875fd8c6-pxwvc,0.02215327780130819
1783729326,cpu_utilisation,pod=workload-edge-7b875fd8c6-pxwvc,0.02145585172357298
1783728906,mem_mib,pod=workload-cloud-6f545f89ff-5fjsl,1.44921875
1783728916,mem_mib,pod=workload-cloud-6f545f89ff-5fjsl,35.12890625
1783728926,mem_mib,pod=workload-cloud-6f545f89ff-5fjsl,35.12890625
1783728936,mem_mib,pod=workload-cloud-6f545f89ff-5fjsl,35.140625
1783728946,mem_mib,pod=workload-cloud-6f545f89ff-5fjsl,35.17578125
1783728956,mem_mib,pod=workload-cloud-6f545f89ff-5fjsl,35.17578125
1783728966,mem_mib,pod=workload-cloud-6f545f89ff-5fjsl,35.17578125
1783728976,mem_mib,pod=workload-cloud-6f545f89ff-5fjsl,35.1875
1783728986,mem_mib,pod=workload-cloud-6f545f89ff-5fjsl,35.1875
1783728996,mem_mib,pod=workload-cloud-6f545f89ff-5fjsl,35.19921875
1783729006,mem_mib,pod=workload-cloud-6f545f89ff-5fjsl,35.19921875
1783729016,mem_mib,pod=workload-cloud-6f545f89ff-5fjsl,35.203125
1783729026,mem_mib,pod=workload-cloud-6f545f89ff-5fjsl,35.203125
1783729036,mem_mib,pod=workload-cloud-6f545f89ff-5fjsl,35.20703125
1783729046,mem_mib,pod=workload-cloud-6f545f89ff-5fjsl,35.20703125
1783729056,mem_mib,pod=workload-cloud-6f545f89ff-5fjsl,35.21484375
1783729066,mem_mib,pod=workload-cloud-6f545f89ff-5fjsl,35.21484375
1783729076,mem_mib,pod=workload-cloud-6f545f89ff-5fjsl,35.21484375
1783729086,mem_mib,pod=workload-cloud-6f545f89ff-5fjsl,35.21875
1783729096,mem_mib,pod=workload-cloud-6f545f89ff-5fjsl,35.2265625
1783729106,mem_mib,pod=workload-cloud-6f545f89ff-5fjsl,35.2265625
1783729116,mem_mib,pod=workload-cloud-6f545f89ff-5fjsl,35.2265625
1783729126,mem_mib,pod=workload-cloud-6f545f89ff-5fjsl,35.2265625
1783729136,mem_mib,pod=workload-cloud-6f545f89ff-5fjsl,35.2265625
1783729146,mem_mib,pod=workload-cloud-6f545f89ff-5fjsl,35.2421875
1783729156,mem_mib,pod=workload-cloud-6f545f89ff-5fjsl,35.2421875
1783729166,mem_mib,pod=workload-cloud-6f545f89ff-5fjsl,35.2421875
1783729176,mem_mib,pod=workload-cloud-6f545f89ff-5fjsl,35.2421875
1783729186,mem_mib,pod=workload-cloud-6f545f89ff-5fjsl,35.2421875
1783729196,mem_mib,pod=workload-cloud-6f545f89ff-5fjsl,35.2421875
1783729206,mem_mib,pod=workload-cloud-6f545f89ff-5fjsl,35.25
1783729216,mem_mib,pod=workload-cloud-6f545f89ff-5fjsl,35.25
1783729226,mem_mib,pod=workload-cloud-6f545f89ff-5fjsl,35.25
1783729236,mem_mib,pod=workload-cloud-6f545f89ff-5fjsl,35.25390625
1783729246,mem_mib,pod=workload-cloud-6f545f89ff-5fjsl,35.25390625
1783729256,mem_mib,pod=workload-cloud-6f545f89ff-5fjsl,35.25390625
1783729266,mem_mib,pod=workload-cloud-6f545f89ff-5fjsl,35.25390625
1783729276,mem_mib,pod=workload-cloud-6f545f89ff-5fjsl,35.25390625
1783729286,mem_mib,pod=workload-cloud-6f545f89ff-5fjsl,35.25390625
1783729296,mem_mib,pod=workload-cloud-6f545f89ff-5fjsl,35.25390625
1783729306,mem_mib,pod=workload-cloud-6f545f89ff-5fjsl,35.25390625
1783729316,mem_mib,pod=workload-cloud-6f545f89ff-5fjsl,35.25390625
1783729326,mem_mib,pod=workload-cloud-6f545f89ff-5fjsl,35.25390625
1783728686,mem_mib,pod=workload-cloud-6f545f89ff-9hvzm,39.86328125
1783728696,mem_mib,pod=workload-cloud-6f545f89ff-9hvzm,39.86328125
1783728706,mem_mib,pod=workload-cloud-6f545f89ff-9hvzm,40.3984375
1783728716,mem_mib,pod=workload-cloud-6f545f89ff-9hvzm,40.3984375
1783728726,mem_mib,pod=workload-cloud-6f545f89ff-9hvzm,40.4296875
1783728736,mem_mib,pod=workload-cloud-6f545f89ff-9hvzm,40.4296875
1783728746,mem_mib,pod=workload-cloud-6f545f89ff-9hvzm,40.5078125
1783728756,mem_mib,pod=workload-cloud-6f545f89ff-9hvzm,40.25390625
1783728766,mem_mib,pod=workload-cloud-6f545f89ff-9hvzm,40.25390625
1783728776,mem_mib,pod=workload-cloud-6f545f89ff-9hvzm,40.703125
1783728786,mem_mib,pod=workload-cloud-6f545f89ff-9hvzm,40.703125
1783728796,mem_mib,pod=workload-cloud-6f545f89ff-9hvzm,41.0
1783728806,mem_mib,pod=workload-cloud-6f545f89ff-9hvzm,40.80859375
1783728816,mem_mib,pod=workload-cloud-6f545f89ff-9hvzm,40.37109375
1783728826,mem_mib,pod=workload-cloud-6f545f89ff-9hvzm,40.37109375
1783728836,mem_mib,pod=workload-cloud-6f545f89ff-9hvzm,40.60546875
1783728846,mem_mib,pod=workload-cloud-6f545f89ff-9hvzm,40.4375
1783728856,mem_mib,pod=workload-cloud-6f545f89ff-9hvzm,40.4375
1783728866,mem_mib,pod=workload-cloud-6f545f89ff-9hvzm,40.91015625
1783728876,mem_mib,pod=workload-cloud-6f545f89ff-9hvzm,40.703125
1783728886,mem_mib,pod=workload-cloud-6f545f89ff-9hvzm,40.703125
1783728896,mem_mib,pod=workload-cloud-6f545f89ff-9hvzm,41.46484375
1783728906,mem_mib,pod=workload-cloud-6f545f89ff-9hvzm,41.62109375
1783728916,mem_mib,pod=workload-cloud-6f545f89ff-9hvzm,41.82421875
1783728926,mem_mib,pod=workload-cloud-6f545f89ff-9hvzm,41.82421875
1783728936,mem_mib,pod=workload-cloud-6f545f89ff-9hvzm,41.62109375
1783728946,mem_mib,pod=workload-cloud-6f545f89ff-9hvzm,41.62109375
1783728956,mem_mib,pod=workload-cloud-6f545f89ff-9hvzm,41.5859375
1783728966,mem_mib,pod=workload-cloud-6f545f89ff-9hvzm,42.84375
1783728976,mem_mib,pod=workload-cloud-6f545f89ff-9hvzm,41.66796875
1783728986,mem_mib,pod=workload-cloud-6f545f89ff-9hvzm,41.66796875
1783728996,mem_mib,pod=workload-cloud-6f545f89ff-9hvzm,41.61328125
1783729006,mem_mib,pod=workload-cloud-6f545f89ff-9hvzm,41.61328125
1783729016,mem_mib,pod=workload-cloud-6f545f89ff-9hvzm,41.625
1783729026,mem_mib,pod=workload-cloud-6f545f89ff-9hvzm,41.640625
1783729036,mem_mib,pod=workload-cloud-6f545f89ff-9hvzm,41.53515625
1783729046,mem_mib,pod=workload-cloud-6f545f89ff-9hvzm,41.53515625
1783729056,mem_mib,pod=workload-cloud-6f545f89ff-9hvzm,40.63671875
1783729066,mem_mib,pod=workload-cloud-6f545f89ff-9hvzm,40.63671875
1783729076,mem_mib,pod=workload-cloud-6f545f89ff-9hvzm,41.0703125
1783729086,mem_mib,pod=workload-cloud-6f545f89ff-9hvzm,40.640625
1783729096,mem_mib,pod=workload-cloud-6f545f89ff-9hvzm,40.640625
1783729106,mem_mib,pod=workload-cloud-6f545f89ff-9hvzm,40.59765625
1783729116,mem_mib,pod=workload-cloud-6f545f89ff-9hvzm,40.60546875
1783729126,mem_mib,pod=workload-cloud-6f545f89ff-9hvzm,40.60546875
1783729136,mem_mib,pod=workload-cloud-6f545f89ff-9hvzm,40.8515625
1783729146,mem_mib,pod=workload-cloud-6f545f89ff-9hvzm,40.8515625
1783729156,mem_mib,pod=workload-cloud-6f545f89ff-9hvzm,40.8359375
1783729166,mem_mib,pod=workload-cloud-6f545f89ff-9hvzm,40.609375
1783729176,mem_mib,pod=workload-cloud-6f545f89ff-9hvzm,41.33984375
1783729186,mem_mib,pod=workload-cloud-6f545f89ff-9hvzm,40.83203125
1783729196,mem_mib,pod=workload-cloud-6f545f89ff-9hvzm,40.83203125
1783729206,mem_mib,pod=workload-cloud-6f545f89ff-9hvzm,41.109375
1783729216,mem_mib,pod=workload-cloud-6f545f89ff-9hvzm,40.6171875
1783729226,mem_mib,pod=workload-cloud-6f545f89ff-9hvzm,40.6171875
1783729236,mem_mib,pod=workload-cloud-6f545f89ff-9hvzm,40.62109375
1783729246,mem_mib,pod=workload-cloud-6f545f89ff-9hvzm,40.62109375
1783729256,mem_mib,pod=workload-cloud-6f545f89ff-9hvzm,40.75390625
1783729266,mem_mib,pod=workload-cloud-6f545f89ff-9hvzm,40.0390625
1783729276,mem_mib,pod=workload-cloud-6f545f89ff-9hvzm,40.0390625
1783729286,mem_mib,pod=workload-cloud-6f545f89ff-9hvzm,39.984375
1783729296,mem_mib,pod=workload-cloud-6f545f89ff-9hvzm,39.98828125
1783729306,mem_mib,pod=workload-cloud-6f545f89ff-9hvzm,39.98828125
1783729316,mem_mib,pod=workload-cloud-6f545f89ff-9hvzm,39.984375
1783729326,mem_mib,pod=workload-cloud-6f545f89ff-9hvzm,39.984375
1783728876,mem_mib,pod=workload-cloud-6f545f89ff-fnng7,2.9140625
1783728886,mem_mib,pod=workload-cloud-6f545f89ff-fnng7,2.9140625
1783728896,mem_mib,pod=workload-cloud-6f545f89ff-fnng7,35.8125
1783728906,mem_mib,pod=workload-cloud-6f545f89ff-fnng7,37.23828125
1783728916,mem_mib,pod=workload-cloud-6f545f89ff-fnng7,37.23828125
1783728926,mem_mib,pod=workload-cloud-6f545f89ff-fnng7,37.05078125
1783728936,mem_mib,pod=workload-cloud-6f545f89ff-fnng7,37.3671875
1783728946,mem_mib,pod=workload-cloud-6f545f89ff-fnng7,37.3671875
1783728956,mem_mib,pod=workload-cloud-6f545f89ff-fnng7,37.62890625
1783728966,mem_mib,pod=workload-cloud-6f545f89ff-fnng7,37.171875
1783728976,mem_mib,pod=workload-cloud-6f545f89ff-fnng7,37.20703125
1783728986,mem_mib,pod=workload-cloud-6f545f89ff-fnng7,37.20703125
1783728996,mem_mib,pod=workload-cloud-6f545f89ff-fnng7,37.26953125
1783729006,mem_mib,pod=workload-cloud-6f545f89ff-fnng7,37.28515625
1783729016,mem_mib,pod=workload-cloud-6f545f89ff-fnng7,37.296875
1783729026,mem_mib,pod=workload-cloud-6f545f89ff-fnng7,37.28515625
1783729036,mem_mib,pod=workload-cloud-6f545f89ff-fnng7,37.28515625
1783729046,mem_mib,pod=workload-cloud-6f545f89ff-fnng7,36.86328125
1783729056,mem_mib,pod=workload-cloud-6f545f89ff-fnng7,36.72265625
1783729066,mem_mib,pod=workload-cloud-6f545f89ff-fnng7,36.72265625
1783729076,mem_mib,pod=workload-cloud-6f545f89ff-fnng7,36.7265625
1783729086,mem_mib,pod=workload-cloud-6f545f89ff-fnng7,36.73046875
1783729096,mem_mib,pod=workload-cloud-6f545f89ff-fnng7,36.73046875
1783729106,mem_mib,pod=workload-cloud-6f545f89ff-fnng7,36.73046875
1783729116,mem_mib,pod=workload-cloud-6f545f89ff-fnng7,36.73046875
1783729126,mem_mib,pod=workload-cloud-6f545f89ff-fnng7,36.73046875
1783729136,mem_mib,pod=workload-cloud-6f545f89ff-fnng7,36.73046875
1783729146,mem_mib,pod=workload-cloud-6f545f89ff-fnng7,36.73046875
1783729156,mem_mib,pod=workload-cloud-6f545f89ff-fnng7,36.734375
1783729166,mem_mib,pod=workload-cloud-6f545f89ff-fnng7,36.734375
1783729176,mem_mib,pod=workload-cloud-6f545f89ff-fnng7,36.73046875
1783729186,mem_mib,pod=workload-cloud-6f545f89ff-fnng7,36.7265625
1783729196,mem_mib,pod=workload-cloud-6f545f89ff-fnng7,36.73046875
1783729206,mem_mib,pod=workload-cloud-6f545f89ff-fnng7,36.73046875
1783729216,mem_mib,pod=workload-cloud-6f545f89ff-fnng7,36.73046875
1783729226,mem_mib,pod=workload-cloud-6f545f89ff-fnng7,36.73046875
1783729236,mem_mib,pod=workload-cloud-6f545f89ff-fnng7,36.73046875
1783729246,mem_mib,pod=workload-cloud-6f545f89ff-fnng7,36.73046875
1783729256,mem_mib,pod=workload-cloud-6f545f89ff-fnng7,36.984375
1783729266,mem_mib,pod=workload-cloud-6f545f89ff-fnng7,36.73046875
1783729276,mem_mib,pod=workload-cloud-6f545f89ff-fnng7,36.73046875
1783729286,mem_mib,pod=workload-cloud-6f545f89ff-fnng7,36.7265625
1783729296,mem_mib,pod=workload-cloud-6f545f89ff-fnng7,36.7265625
1783729306,mem_mib,pod=workload-cloud-6f545f89ff-fnng7,36.73046875
1783728906,mem_mib,pod=workload-cloud-6f545f89ff-h6wfk,3.265625
1783728916,mem_mib,pod=workload-cloud-6f545f89ff-h6wfk,35.12109375
1783728926,mem_mib,pod=workload-cloud-6f545f89ff-h6wfk,35.12109375
1783728936,mem_mib,pod=workload-cloud-6f545f89ff-h6wfk,35.1328125
1783728946,mem_mib,pod=workload-cloud-6f545f89ff-h6wfk,35.1640625
1783728956,mem_mib,pod=workload-cloud-6f545f89ff-h6wfk,35.1640625
1783728966,mem_mib,pod=workload-cloud-6f545f89ff-h6wfk,35.16796875
1783728976,mem_mib,pod=workload-cloud-6f545f89ff-h6wfk,35.16796875
1783728986,mem_mib,pod=workload-cloud-6f545f89ff-h6wfk,35.1875
1783728996,mem_mib,pod=workload-cloud-6f545f89ff-h6wfk,35.19140625
1783729006,mem_mib,pod=workload-cloud-6f545f89ff-h6wfk,35.19140625
1783729016,mem_mib,pod=workload-cloud-6f545f89ff-h6wfk,35.19140625
1783729026,mem_mib,pod=workload-cloud-6f545f89ff-h6wfk,35.19140625
1783729036,mem_mib,pod=workload-cloud-6f545f89ff-h6wfk,35.1953125
1783729046,mem_mib,pod=workload-cloud-6f545f89ff-h6wfk,35.1953125
1783729056,mem_mib,pod=workload-cloud-6f545f89ff-h6wfk,35.20703125
1783729066,mem_mib,pod=workload-cloud-6f545f89ff-h6wfk,35.20703125
1783729076,mem_mib,pod=workload-cloud-6f545f89ff-h6wfk,35.20703125
1783729086,mem_mib,pod=workload-cloud-6f545f89ff-h6wfk,35.20703125
1783729096,mem_mib,pod=workload-cloud-6f545f89ff-h6wfk,35.21875
1783729106,mem_mib,pod=workload-cloud-6f545f89ff-h6wfk,35.21875
1783729116,mem_mib,pod=workload-cloud-6f545f89ff-h6wfk,35.21875
1783729126,mem_mib,pod=workload-cloud-6f545f89ff-h6wfk,35.21875
1783729136,mem_mib,pod=workload-cloud-6f545f89ff-h6wfk,35.22265625
1783729146,mem_mib,pod=workload-cloud-6f545f89ff-h6wfk,35.23046875
1783729156,mem_mib,pod=workload-cloud-6f545f89ff-h6wfk,35.23046875
1783729166,mem_mib,pod=workload-cloud-6f545f89ff-h6wfk,35.23046875
1783729176,mem_mib,pod=workload-cloud-6f545f89ff-h6wfk,35.23046875
1783729186,mem_mib,pod=workload-cloud-6f545f89ff-h6wfk,35.23046875
1783729196,mem_mib,pod=workload-cloud-6f545f89ff-h6wfk,35.23828125
1783729206,mem_mib,pod=workload-cloud-6f545f89ff-h6wfk,35.23828125
1783729216,mem_mib,pod=workload-cloud-6f545f89ff-h6wfk,35.23828125
1783729226,mem_mib,pod=workload-cloud-6f545f89ff-h6wfk,35.23828125
1783729236,mem_mib,pod=workload-cloud-6f545f89ff-h6wfk,35.2421875
1783729246,mem_mib,pod=workload-cloud-6f545f89ff-h6wfk,35.2421875
1783729256,mem_mib,pod=workload-cloud-6f545f89ff-h6wfk,35.24609375
1783729266,mem_mib,pod=workload-cloud-6f545f89ff-h6wfk,35.24609375
1783729276,mem_mib,pod=workload-cloud-6f545f89ff-h6wfk,35.24609375
1783729286,mem_mib,pod=workload-cloud-6f545f89ff-h6wfk,35.24609375
1783729296,mem_mib,pod=workload-cloud-6f545f89ff-h6wfk,35.24609375
1783729306,mem_mib,pod=workload-cloud-6f545f89ff-h6wfk,35.24609375
1783729316,mem_mib,pod=workload-cloud-6f545f89ff-h6wfk,35.24609375
1783729326,mem_mib,pod=workload-cloud-6f545f89ff-h6wfk,35.24609375
1783728826,mem_mib,pod=workload-cloud-6f545f89ff-qp2jn,3.5703125
1783728836,mem_mib,pod=workload-cloud-6f545f89ff-qp2jn,35.13671875
1783728846,mem_mib,pod=workload-cloud-6f545f89ff-qp2jn,35.13671875
1783728856,mem_mib,pod=workload-cloud-6f545f89ff-qp2jn,35.1484375
1783728866,mem_mib,pod=workload-cloud-6f545f89ff-qp2jn,35.1484375
1783728876,mem_mib,pod=workload-cloud-6f545f89ff-qp2jn,35.29296875
1783728886,mem_mib,pod=workload-cloud-6f545f89ff-qp2jn,36.95703125
1783728896,mem_mib,pod=workload-cloud-6f545f89ff-qp2jn,36.95703125
1783728906,mem_mib,pod=workload-cloud-6f545f89ff-qp2jn,38.4921875
1783728916,mem_mib,pod=workload-cloud-6f545f89ff-qp2jn,38.59375
1783728926,mem_mib,pod=workload-cloud-6f545f89ff-qp2jn,38.18359375
1783728936,mem_mib,pod=workload-cloud-6f545f89ff-qp2jn,38.18359375
1783728946,mem_mib,pod=workload-cloud-6f545f89ff-qp2jn,38.4296875
1783728956,mem_mib,pod=workload-cloud-6f545f89ff-qp2jn,38.9296875
1783728966,mem_mib,pod=workload-cloud-6f545f89ff-qp2jn,38.9296875
1783728976,mem_mib,pod=workload-cloud-6f545f89ff-qp2jn,38.51171875
1783728986,mem_mib,pod=workload-cloud-6f545f89ff-qp2jn,38.2265625
1783728996,mem_mib,pod=workload-cloud-6f545f89ff-qp2jn,38.2265625
1783729006,mem_mib,pod=workload-cloud-6f545f89ff-qp2jn,38.26953125
1783729016,mem_mib,pod=workload-cloud-6f545f89ff-qp2jn,38.58984375
1783729026,mem_mib,pod=workload-cloud-6f545f89ff-qp2jn,38.58984375
1783729036,mem_mib,pod=workload-cloud-6f545f89ff-qp2jn,38.23046875
1783729046,mem_mib,pod=workload-cloud-6f545f89ff-qp2jn,38.23046875
1783729056,mem_mib,pod=workload-cloud-6f545f89ff-qp2jn,37.47265625
1783729066,mem_mib,pod=workload-cloud-6f545f89ff-qp2jn,37.6015625
1783729076,mem_mib,pod=workload-cloud-6f545f89ff-qp2jn,37.6015625
1783729086,mem_mib,pod=workload-cloud-6f545f89ff-qp2jn,37.56640625
1783729096,mem_mib,pod=workload-cloud-6f545f89ff-qp2jn,37.328125
1783729106,mem_mib,pod=workload-cloud-6f545f89ff-qp2jn,37.328125
1783729116,mem_mib,pod=workload-cloud-6f545f89ff-qp2jn,37.3359375
1783729126,mem_mib,pod=workload-cloud-6f545f89ff-qp2jn,37.3359375
1783729136,mem_mib,pod=workload-cloud-6f545f89ff-qp2jn,37.3359375
1783729146,mem_mib,pod=workload-cloud-6f545f89ff-qp2jn,37.5859375
1783729156,mem_mib,pod=workload-cloud-6f545f89ff-qp2jn,37.5859375
1783729166,mem_mib,pod=workload-cloud-6f545f89ff-qp2jn,37.33984375
1783729176,mem_mib,pod=workload-cloud-6f545f89ff-qp2jn,37.34375
1783729186,mem_mib,pod=workload-cloud-6f545f89ff-qp2jn,37.34375
1783729196,mem_mib,pod=workload-cloud-6f545f89ff-qp2jn,37.34765625
1783729206,mem_mib,pod=workload-cloud-6f545f89ff-qp2jn,37.34765625
1783729216,mem_mib,pod=workload-cloud-6f545f89ff-qp2jn,37.34765625
1783729226,mem_mib,pod=workload-cloud-6f545f89ff-qp2jn,37.34375
1783729236,mem_mib,pod=workload-cloud-6f545f89ff-qp2jn,37.375
1783729246,mem_mib,pod=workload-cloud-6f545f89ff-qp2jn,37.375
1783729256,mem_mib,pod=workload-cloud-6f545f89ff-qp2jn,37.2890625
1783729266,mem_mib,pod=workload-cloud-6f545f89ff-qp2jn,37.2890625
1783729276,mem_mib,pod=workload-cloud-6f545f89ff-qp2jn,37.2890625
1783729286,mem_mib,pod=workload-cloud-6f545f89ff-qp2jn,37.2890625
1783729296,mem_mib,pod=workload-cloud-6f545f89ff-qp2jn,37.2890625
1783729306,mem_mib,pod=workload-cloud-6f545f89ff-qp2jn,37.2890625
1783729316,mem_mib,pod=workload-cloud-6f545f89ff-qp2jn,37.2890625
1783729326,mem_mib,pod=workload-cloud-6f545f89ff-qp2jn,37.2890625
1783728766,mem_mib,pod=workload-cloud-6f545f89ff-qv98j,3.66796875
1783728776,mem_mib,pod=workload-cloud-6f545f89ff-qv98j,3.66796875
1783728786,mem_mib,pod=workload-cloud-6f545f89ff-qv98j,35.21875
1783728796,mem_mib,pod=workload-cloud-6f545f89ff-qv98j,35.296875
1783728806,mem_mib,pod=workload-cloud-6f545f89ff-qv98j,35.296875
1783728816,mem_mib,pod=workload-cloud-6f545f89ff-qv98j,35.4296875
1783728826,mem_mib,pod=workload-cloud-6f545f89ff-qv98j,35.51171875
1783728836,mem_mib,pod=workload-cloud-6f545f89ff-qv98j,35.51171875
1783728846,mem_mib,pod=workload-cloud-6f545f89ff-qv98j,36.078125
1783728856,mem_mib,pod=workload-cloud-6f545f89ff-qv98j,35.81640625
1783728866,mem_mib,pod=workload-cloud-6f545f89ff-qv98j,35.81640625
1783728876,mem_mib,pod=workload-cloud-6f545f89ff-qv98j,36.1015625
1783728886,mem_mib,pod=workload-cloud-6f545f89ff-qv98j,36.43359375
1783728896,mem_mib,pod=workload-cloud-6f545f89ff-qv98j,37.89453125
1783728906,mem_mib,pod=workload-cloud-6f545f89ff-qv98j,37.89453125
1783728916,mem_mib,pod=workload-cloud-6f545f89ff-qv98j,39.03515625
1783728926,mem_mib,pod=workload-cloud-6f545f89ff-qv98j,38.44140625
1783728936,mem_mib,pod=workload-cloud-6f545f89ff-qv98j,38.44140625
1783728946,mem_mib,pod=workload-cloud-6f545f89ff-qv98j,38.23046875
1783728956,mem_mib,pod=workload-cloud-6f545f89ff-qv98j,38.73828125
1783728966,mem_mib,pod=workload-cloud-6f545f89ff-qv98j,38.73828125
1783728976,mem_mib,pod=workload-cloud-6f545f89ff-qv98j,38.28515625
1783728986,mem_mib,pod=workload-cloud-6f545f89ff-qv98j,38.28515625
1783728996,mem_mib,pod=workload-cloud-6f545f89ff-qv98j,38.31640625
1783729006,mem_mib,pod=workload-cloud-6f545f89ff-qv98j,40.1484375
1783729016,mem_mib,pod=workload-cloud-6f545f89ff-qv98j,38.33984375
1783729026,mem_mib,pod=workload-cloud-6f545f89ff-qv98j,38.34765625
1783729036,mem_mib,pod=workload-cloud-6f545f89ff-qv98j,38.3125
1783729046,mem_mib,pod=workload-cloud-6f545f89ff-qv98j,38.3125
1783729056,mem_mib,pod=workload-cloud-6f545f89ff-qv98j,37.70703125
1783729066,mem_mib,pod=workload-cloud-6f545f89ff-qv98j,37.375
1783729076,mem_mib,pod=workload-cloud-6f545f89ff-qv98j,37.62109375
1783729086,mem_mib,pod=workload-cloud-6f545f89ff-qv98j,37.875
1783729096,mem_mib,pod=workload-cloud-6f545f89ff-qv98j,37.875
1783729106,mem_mib,pod=workload-cloud-6f545f89ff-qv98j,37.44140625
1783729116,mem_mib,pod=workload-cloud-6f545f89ff-qv98j,37.41015625
1783729126,mem_mib,pod=workload-cloud-6f545f89ff-qv98j,37.41015625
1783729136,mem_mib,pod=workload-cloud-6f545f89ff-qv98j,37.6875
1783729146,mem_mib,pod=workload-cloud-6f545f89ff-qv98j,37.6875
1783729156,mem_mib,pod=workload-cloud-6f545f89ff-qv98j,37.703125
1783729166,mem_mib,pod=workload-cloud-6f545f89ff-qv98j,37.91796875
1783729176,mem_mib,pod=workload-cloud-6f545f89ff-qv98j,37.91796875
1783729186,mem_mib,pod=workload-cloud-6f545f89ff-qv98j,37.46484375
1783729196,mem_mib,pod=workload-cloud-6f545f89ff-qv98j,37.46484375
1783729206,mem_mib,pod=workload-cloud-6f545f89ff-qv98j,37.38671875
1783729216,mem_mib,pod=workload-cloud-6f545f89ff-qv98j,37.44921875
1783729226,mem_mib,pod=workload-cloud-6f545f89ff-qv98j,37.94921875
1783729236,mem_mib,pod=workload-cloud-6f545f89ff-qv98j,37.94921875
1783729246,mem_mib,pod=workload-cloud-6f545f89ff-qv98j,37.4453125
1783729256,mem_mib,pod=workload-cloud-6f545f89ff-qv98j,37.4453125
1783729266,mem_mib,pod=workload-cloud-6f545f89ff-qv98j,37.328125
1783729276,mem_mib,pod=workload-cloud-6f545f89ff-qv98j,37.328125
1783729286,mem_mib,pod=workload-cloud-6f545f89ff-qv98j,37.328125
1783729296,mem_mib,pod=workload-cloud-6f545f89ff-qv98j,37.328125
1783729306,mem_mib,pod=workload-cloud-6f545f89ff-qv98j,37.328125
1783729316,mem_mib,pod=workload-cloud-6f545f89ff-qv98j,37.328125
1783729326,mem_mib,pod=workload-cloud-6f545f89ff-qv98j,37.328125
1783728686,mem_mib,pod=workload-edge-7b875fd8c6-pxwvc,35.93359375
1783728696,mem_mib,pod=workload-edge-7b875fd8c6-pxwvc,35.93359375
1783728706,mem_mib,pod=workload-edge-7b875fd8c6-pxwvc,35.93359375
1783728716,mem_mib,pod=workload-edge-7b875fd8c6-pxwvc,35.93359375
1783728726,mem_mib,pod=workload-edge-7b875fd8c6-pxwvc,35.9375
1783728736,mem_mib,pod=workload-edge-7b875fd8c6-pxwvc,35.9375
1783728746,mem_mib,pod=workload-edge-7b875fd8c6-pxwvc,35.93359375
1783728756,mem_mib,pod=workload-edge-7b875fd8c6-pxwvc,35.93359375
1783728766,mem_mib,pod=workload-edge-7b875fd8c6-pxwvc,35.93359375
1783728776,mem_mib,pod=workload-edge-7b875fd8c6-pxwvc,36.18359375
1783728786,mem_mib,pod=workload-edge-7b875fd8c6-pxwvc,36.18359375
1783728796,mem_mib,pod=workload-edge-7b875fd8c6-pxwvc,35.93359375
1783728806,mem_mib,pod=workload-edge-7b875fd8c6-pxwvc,35.93359375
1783728816,mem_mib,pod=workload-edge-7b875fd8c6-pxwvc,35.93359375
1783728826,mem_mib,pod=workload-edge-7b875fd8c6-pxwvc,35.93359375
1783728836,mem_mib,pod=workload-edge-7b875fd8c6-pxwvc,35.93359375
1783728846,mem_mib,pod=workload-edge-7b875fd8c6-pxwvc,35.93359375
1783728856,mem_mib,pod=workload-edge-7b875fd8c6-pxwvc,35.93359375
1783728866,mem_mib,pod=workload-edge-7b875fd8c6-pxwvc,35.93359375
1783728876,mem_mib,pod=workload-edge-7b875fd8c6-pxwvc,35.93359375
1783728886,mem_mib,pod=workload-edge-7b875fd8c6-pxwvc,35.93359375
1783728896,mem_mib,pod=workload-edge-7b875fd8c6-pxwvc,35.93359375
1783728906,mem_mib,pod=workload-edge-7b875fd8c6-pxwvc,35.93359375
1783728916,mem_mib,pod=workload-edge-7b875fd8c6-pxwvc,35.93359375
1783728926,mem_mib,pod=workload-edge-7b875fd8c6-pxwvc,35.93359375
1783728936,mem_mib,pod=workload-edge-7b875fd8c6-pxwvc,35.93359375
1783728946,mem_mib,pod=workload-edge-7b875fd8c6-pxwvc,35.93359375
1783728956,mem_mib,pod=workload-edge-7b875fd8c6-pxwvc,35.93359375
1783728966,mem_mib,pod=workload-edge-7b875fd8c6-pxwvc,35.93359375
1783728976,mem_mib,pod=workload-edge-7b875fd8c6-pxwvc,35.93359375
1783728986,mem_mib,pod=workload-edge-7b875fd8c6-pxwvc,35.93359375
1783728996,mem_mib,pod=workload-edge-7b875fd8c6-pxwvc,35.93359375
1783729006,mem_mib,pod=workload-edge-7b875fd8c6-pxwvc,35.93359375
1783729016,mem_mib,pod=workload-edge-7b875fd8c6-pxwvc,35.93359375
1783729026,mem_mib,pod=workload-edge-7b875fd8c6-pxwvc,35.93359375
1783729036,mem_mib,pod=workload-edge-7b875fd8c6-pxwvc,35.9375
1783729046,mem_mib,pod=workload-edge-7b875fd8c6-pxwvc,35.9375
1783729056,mem_mib,pod=workload-edge-7b875fd8c6-pxwvc,35.93359375
1783729066,mem_mib,pod=workload-edge-7b875fd8c6-pxwvc,35.93359375
1783729076,mem_mib,pod=workload-edge-7b875fd8c6-pxwvc,35.93359375
1783729086,mem_mib,pod=workload-edge-7b875fd8c6-pxwvc,35.9375
1783729096,mem_mib,pod=workload-edge-7b875fd8c6-pxwvc,35.93359375
1783729106,mem_mib,pod=workload-edge-7b875fd8c6-pxwvc,35.93359375
1783729116,mem_mib,pod=workload-edge-7b875fd8c6-pxwvc,35.93359375
1783729126,mem_mib,pod=workload-edge-7b875fd8c6-pxwvc,35.93359375
1783729136,mem_mib,pod=workload-edge-7b875fd8c6-pxwvc,35.93359375
1783729146,mem_mib,pod=workload-edge-7b875fd8c6-pxwvc,35.93359375
1783729156,mem_mib,pod=workload-edge-7b875fd8c6-pxwvc,35.93359375
1783729166,mem_mib,pod=workload-edge-7b875fd8c6-pxwvc,35.9296875
1783729176,mem_mib,pod=workload-edge-7b875fd8c6-pxwvc,35.9296875
1783729186,mem_mib,pod=workload-edge-7b875fd8c6-pxwvc,35.93359375
1783729196,mem_mib,pod=workload-edge-7b875fd8c6-pxwvc,35.93359375
1783729206,mem_mib,pod=workload-edge-7b875fd8c6-pxwvc,35.93359375
1783729216,mem_mib,pod=workload-edge-7b875fd8c6-pxwvc,35.93359375
1783729226,mem_mib,pod=workload-edge-7b875fd8c6-pxwvc,35.93359375
1783729236,mem_mib,pod=workload-edge-7b875fd8c6-pxwvc,35.93359375
1783729246,mem_mib,pod=workload-edge-7b875fd8c6-pxwvc,35.93359375
1783729256,mem_mib,pod=workload-edge-7b875fd8c6-pxwvc,35.93359375
1783729266,mem_mib,pod=workload-edge-7b875fd8c6-pxwvc,35.93359375
1783729276,mem_mib,pod=workload-edge-7b875fd8c6-pxwvc,35.93359375
1783729286,mem_mib,pod=workload-edge-7b875fd8c6-pxwvc,35.9375
1783729296,mem_mib,pod=workload-edge-7b875fd8c6-pxwvc,35.9375
1783729306,mem_mib,pod=workload-edge-7b875fd8c6-pxwvc,35.9375
1783729316,mem_mib,pod=workload-edge-7b875fd8c6-pxwvc,35.9375
1783729326,mem_mib,pod=workload-edge-7b875fd8c6-pxwvc,35.9375
1783728686,rps,tier=cloud,0.0
1783728696,rps,tier=cloud,2.160086403456138
1783728706,rps,tier=cloud,8.320499229953798
1783728716,rps,tier=cloud,18.480409616384655
1783728726,rps,tier=cloud,32.70160848236438
1783728736,rps,tier=cloud,50.46201848073923
1783728746,rps,tier=cloud,70.46207926838645
1783728756,rps,tier=cloud,90.68457063942097
1783728766,rps,tier=cloud,109.96546188227111
1783728776,rps,tier=cloud,128.94389933080473
1783728786,rps,tier=cloud,147.14480514519263
1783728796,rps,tier=cloud,165.8508554822651
1783728806,rps,tier=cloud,182.37859846569467
1783728816,rps,tier=cloud,200.55687965923835
1783728826,rps,tier=cloud,217.1079784038806
1783728836,rps,tier=cloud,236.49052109014238
1783728846,rps,tier=cloud,256.4498126667291
1783728856,rps,tier=cloud,273.589403568848
1783728866,rps,tier=cloud,289.8518006803802
1783728876,rps,tier=cloud,325.1825501359005
1783728886,rps,tier=cloud,417.74936773177575
1783728896,rps,tier=cloud,610.0848370822904
1783728906,rps,tier=cloud,831.2858300413196
1783728916,rps,tier=cloud,1060.0118503912558
1783728926,rps,tier=cloud,1277.1136350603233
1783728936,rps,tier=cloud,1435.3749966621403
1783728946,rps,tier=cloud,1513.2569549617415
1783728956,rps,tier=cloud,1522.60157510759
1783728966,rps,tier=cloud,1528.0650429356053
1783728976,rps,tier=cloud,1533.0826103878687
1783728986,rps,tier=cloud,1534.316732885151
1783728996,rps,tier=cloud,1531.1956498581876
1783729006,rps,tier=cloud,1528.4291355235084
1783729016,rps,tier=cloud,1523.168253027863
1783729026,rps,tier=cloud,1510.0246561827423
1783729036,rps,tier=cloud,1446.0359945289665
1783729046,rps,tier=cloud,1306.761094270512
1783729056,rps,tier=cloud,1094.7115949126414
1783729066,rps,tier=cloud,860.8544462542883
1783729076,rps,tier=cloud,638.1749136963494
1783729086,rps,tier=cloud,471.38371535705846
1783729096,rps,tier=cloud,375.63794732446604
1783729106,rps,tier=cloud,357.4411742019837
1783729116,rps,tier=cloud,356.73936517188787
1783729126,rps,tier=cloud,355.9819884144244
1783729136,rps,tier=cloud,354.08708174163485
1783729146,rps,tier=cloud,353.6223543736725
1783729156,rps,tier=cloud,354.09606875704515
1783729166,rps,tier=cloud,354.05481866338005
1783729176,rps,tier=cloud,355.4219706018007
1783729186,rps,tier=cloud,356.0025042417819
1783729196,rps,tier=cloud,357.32471212481977
1783729206,rps,tier=cloud,358.1413281028296
1783729216,rps,tier=cloud,359.3955218896397
1783729226,rps,tier=cloud,358.7288578750494
1783729236,rps,tier=cloud,354.93435987470684
1783729246,rps,tier=cloud,332.5963672384926
1783729256,rps,tier=cloud,285.61375921425685
1783729266,rps,tier=cloud,217.35268915430913
1783729276,rps,tier=cloud,146.1888305837133
1783729286,rps,tier=cloud,78.48232967792286
1783729296,rps,tier=cloud,29.02160770004686
1783729306,rps,tier=cloud,3.7801512060482416
1783729316,rps,tier=cloud,0.0
1783729326,rps,tier=cloud,0.0
1783728686,lat50_ms,tier=cloud,1.5473157415832575
1783728696,lat50_ms,tier=cloud,1.573469387755102
1783728706,lat50_ms,tier=cloud,2.1388871187830354
1783728716,lat50_ms,tier=cloud,2.7016949282603115
1783728726,lat50_ms,tier=cloud,2.654973483916711
1783728736,lat50_ms,tier=cloud,3.38719846659006
1783728746,lat50_ms,tier=cloud,3.4383197368692446
1783728756,lat50_ms,tier=cloud,3.2550887830229533
1783728766,lat50_ms,tier=cloud,3.5672620099936707
1783728776,lat50_ms,tier=cloud,3.633087132997503
1783728786,lat50_ms,tier=cloud,3.8241262970383354
1783728796,lat50_ms,tier=cloud,4.134984915054055
1783728806,lat50_ms,tier=cloud,4.507694942139107
1783728816,lat50_ms,tier=cloud,4.753807704696876
1783728826,lat50_ms,tier=cloud,5.268859172771812
1783728836,lat50_ms,tier=cloud,6.097469379385568
1783728846,lat50_ms,tier=cloud,6.07265641614796
1783728856,lat50_ms,tier=cloud,6.899409598634647
1783728866,lat50_ms,tier=cloud,7.807815014527838
1783728876,lat50_ms,tier=cloud,7.948748187684436
1783728886,lat50_ms,tier=cloud,8.768451938947916
1783728896,lat50_ms,tier=cloud,10.081208202176974
1783728906,lat50_ms,tier=cloud,12.371305589864201
1783728916,lat50_ms,tier=cloud,14.26566573301547
1783728926,lat50_ms,tier=cloud,16.420614641523613
1783728936,lat50_ms,tier=cloud,18.127658672375613
1783728946,lat50_ms,tier=cloud,19.481395673289022
1783728956,lat50_ms,tier=cloud,21.1855011314436
1783728966,lat50_ms,tier=cloud,22.240998637908756
1783728976,lat50_ms,tier=cloud,23.27652333878348
1783728986,lat50_ms,tier=cloud,24.22872675782179
1783728996,lat50_ms,tier=cloud,25.34837997189893
1783729006,lat50_ms,tier=cloud,26.490758815227224
1783729016,lat50_ms,tier=cloud,26.69835733306646
1783729026,lat50_ms,tier=cloud,26.870700457497144
1783729036,lat50_ms,tier=cloud,26.345478555745757
1783729046,lat50_ms,tier=cloud,25.416420234136698
1783729056,lat50_ms,tier=cloud,24.691133803487087
1783729066,lat50_ms,tier=cloud,23.74933868194749
1783729076,lat50_ms,tier=cloud,22.943398459433716
1783729086,lat50_ms,tier=cloud,21.522702002401658
1783729096,lat50_ms,tier=cloud,19.61283617970362
1783729106,lat50_ms,tier=cloud,17.89555078681119
1783729116,lat50_ms,tier=cloud,15.795929202835138
1783729126,lat50_ms,tier=cloud,13.634035891217248
1783729136,lat50_ms,tier=cloud,11.05202126972831
1783729146,lat50_ms,tier=cloud,9.20328708821515
1783729156,lat50_ms,tier=cloud,8.9291411152899
1783729166,lat50_ms,tier=cloud,9.313097201433674
1783729176,lat50_ms,tier=cloud,9.195644590362354
1783729186,lat50_ms,tier=cloud,9.092111192723541
1783729196,lat50_ms,tier=cloud,9.45003094059406
1783729206,lat50_ms,tier=cloud,8.958920982827054
1783729216,lat50_ms,tier=cloud,8.722369089351465
1783729226,lat50_ms,tier=cloud,8.4942141778569
1783729236,lat50_ms,tier=cloud,8.45886083529106
1783729246,lat50_ms,tier=cloud,8.449870498842948
1783729256,lat50_ms,tier=cloud,7.8523272318077355
1783729266,lat50_ms,tier=cloud,7.631235335863106
1783729276,lat50_ms,tier=cloud,7.392190278696262
1783729286,lat50_ms,tier=cloud,7.489398486497019
1783729296,lat50_ms,tier=cloud,7.339131088467872
1783729306,lat50_ms,tier=cloud,7.399111976839221
1783729316,lat50_ms,tier=cloud,7.739782377525016
1783729326,lat50_ms,tier=cloud,7.72748433317174
1783728686,lat95_ms,tier=cloud,3.2649038461538433
1783728696,lat95_ms,tier=cloud,3.9367647058823514
1783728706,lat95_ms,tier=cloud,4.7388887455500655
1783728716,lat95_ms,tier=cloud,4.815932181420533
1783728726,lat95_ms,tier=cloud,4.9662296688450205
1783728736,lat95_ms,tier=cloud,9.064210194042882
1783728746,lat95_ms,tier=cloud,9.053571550934322
1783728756,lat95_ms,tier=cloud,8.927619893428066
1783728766,lat95_ms,tier=cloud,9.903475973196903
1783728776,lat95_ms,tier=cloud,12.389834813217297
1783728786,lat95_ms,tier=cloud,13.864280110412402
1783728796,lat95_ms,tier=cloud,16.76754701520345
1783728806,lat95_ms,tier=cloud,17.736613985607367
1783728816,lat95_ms,tier=cloud,18.011028549146136
1783728826,lat95_ms,tier=cloud,18.38133926525227
1783728836,lat95_ms,tier=cloud,18.623150690598894
1783728846,lat95_ms,tier=cloud,18.74908754314355
1783728856,lat95_ms,tier=cloud,18.927703996959153
1783728866,lat95_ms,tier=cloud,19.042838826227744
1783728876,lat95_ms,tier=cloud,19.47673075443497
1783728886,lat95_ms,tier=cloud,29.67540977565282
1783728896,lat95_ms,tier=cloud,38.719537086341866
1783728906,lat95_ms,tier=cloud,45.07314889893081
1783728916,lat95_ms,tier=cloud,47.43052959951902
1783728926,lat95_ms,tier=cloud,48.45070664005034
1783728936,lat95_ms,tier=cloud,48.90623530093034
1783728946,lat95_ms,tier=cloud,49.06094397380252
1783728956,lat95_ms,tier=cloud,49.19366813932457
1783728966,lat95_ms,tier=cloud,49.24050361951257
1783728976,lat95_ms,tier=cloud,49.34755794213061
1783728986,lat95_ms,tier=cloud,49.37166744279867
1783728996,lat95_ms,tier=cloud,49.51453457916136
1783729006,lat95_ms,tier=cloud,49.709072439391534
1783729016,lat95_ms,tier=cloud,49.6761091640698
1783729026,lat95_ms,tier=cloud,49.59285686285904
1783729036,lat95_ms,tier=cloud,49.36710276244103
1783729046,lat95_ms,tier=cloud,49.17879934739499
1783729056,lat95_ms,tier=cloud,49.09270064383814
1783729066,lat95_ms,tier=cloud,48.98699244661983
1783729076,lat95_ms,tier=cloud,48.91009644910751
1783729086,lat95_ms,tier=cloud,48.707222064475744
1783729096,lat95_ms,tier=cloud,48.54520962693004
1783729106,lat95_ms,tier=cloud,48.11877052085266
1783729116,lat95_ms,tier=cloud,47.357645787419465
1783729126,lat95_ms,tier=cloud,46.19792608303992
1783729136,lat95_ms,tier=cloud,42.52704343347038
1783729146,lat95_ms,tier=cloud,35.456131124636066
1783729156,lat95_ms,tier=cloud,25.752274713514336
1783729166,lat95_ms,tier=cloud,25.011468318209662
1783729176,lat95_ms,tier=cloud,24.120804769091773
1783729186,lat95_ms,tier=cloud,23.682109063058302
1783729196,lat95_ms,tier=cloud,24.63689446366778
1783729206,lat95_ms,tier=cloud,23.007948445743665
1783729216,lat95_ms,tier=cloud,21.74212251227444
1783729226,lat95_ms,tier=cloud,20.91262601451562
1783729236,lat95_ms,tier=cloud,19.96769720178511
1783729246,lat95_ms,tier=cloud,19.863430045732123
1783729256,lat95_ms,tier=cloud,19.77362742981023
1783729266,lat95_ms,tier=cloud,19.775801536268364
1783729276,lat95_ms,tier=cloud,19.679993022731615
1783729286,lat95_ms,tier=cloud,19.66530813499991
1783729296,lat95_ms,tier=cloud,19.675463126201617
1783729306,lat95_ms,tier=cloud,19.687544039353394
1783729316,lat95_ms,tier=cloud,19.672600362495988
1783729326,lat95_ms,tier=cloud,19.75175339701519
1783728686,lat99_ms,tier=cloud,4.652980769230768
1783728696,lat99_ms,tier=cloud,4.928529411764703
1783728706,lat99_ms,tier=cloud,4.970000001262691
1783728716,lat99_ms,tier=cloud,5.47499715900045
1783728726,lat99_ms,tier=cloud,8.960141597873529
1783728736,lat99_ms,tier=cloud,9.831079134649976
1783728746,lat99_ms,tier=cloud,9.827771881797775
1783728756,lat99_ms,tier=cloud,9.806838365896981
1783728766,lat99_ms,tier=cloud,17.78551693819694
1783728776,lat99_ms,tier=cloud,18.477966962643464
1783728786,lat99_ms,tier=cloud,18.772856022082486
1783728796,lat99_ms,tier=cloud,19.433776961569123
1783728806,lat99_ms,tier=cloud,19.63113489580346
1783728816,lat99_ms,tier=cloud,19.672272685016466
1783728826,lat99_ms,tier=cloud,19.76473141081807
1783728836,lat99_ms,tier=cloud,19.817116322551183
1783728846,lat99_ms,tier=cloud,19.86682758054864
1783728856,lat99_ms,tier=cloud,19.95063106874619
1783728866,lat99_ms,tier=cloud,19.98796756388424
1783728876,lat99_ms,tier=cloud,39.34373965054458
1783728886,lat99_ms,tier=cloud,45.935081955130535
1783728896,lat99_ms,tier=cloud,47.78747300095225
1783728906,lat99_ms,tier=cloud,52.52640533280559
1783728916,lat99_ms,tier=cloud,64.39922606861253
1783728926,lat99_ms,tier=cloud,66.87432541324634
1783728936,lat99_ms,tier=cloud,67.79626475796998
1783728946,lat99_ms,tier=cloud,68.02596575174297
1783728956,lat99_ms,tier=cloud,68.25142795385052
1783728966,lat99_ms,tier=cloud,68.30503503948783
1783728976,lat99_ms,tier=cloud,68.54647204878418
1783728986,lat99_ms,tier=cloud,68.54910503904179
1783728996,lat99_ms,tier=cloud,68.89650039623831
1783729006,lat99_ms,tier=cloud,69.3723100736127
1783729016,lat99_ms,tier=cloud,69.28932233883255
1783729026,lat99_ms,tier=cloud,69.05494183211137
1783729036,lat99_ms,tier=cloud,68.37401067500836
1783729046,lat99_ms,tier=cloud,67.76245625762515
1783729056,lat99_ms,tier=cloud,67.5068659437103
1783729066,lat99_ms,tier=cloud,67.1962060504773
1783729076,lat99_ms,tier=cloud,66.99122690311171
1783729086,lat99_ms,tier=cloud,66.28949008303144
1783729096,lat99_ms,tier=cloud,65.95056527479498
1783729106,lat99_ms,tier=cloud,64.34277811723632
1783729116,lat99_ms,tier=cloud,60.609845092710614
1783729126,lat99_ms,tier=cloud,54.250252392727994
1783729136,lat99_ms,tier=cloud,48.63849927659072
1783729146,lat99_ms,tier=cloud,47.091226224927205
1783729156,lat99_ms,tier=cloud,45.150454942702865
1783729166,lat99_ms,tier=cloud,45.00229366364193
1783729176,lat99_ms,tier=cloud,44.82416095381837
1783729186,lat99_ms,tier=cloud,44.736421812611695
1783729196,lat99_ms,tier=cloud,44.927378892733586
1783729206,lat99_ms,tier=cloud,44.601589689148746
1783729216,lat99_ms,tier=cloud,44.348424502454854
1783729226,lat99_ms,tier=cloud,44.182525202903086
1783729236,lat99_ms,tier=cloud,43.830968512476446
1783729246,lat99_ms,tier=cloud,43.20703213985455
1783729256,lat99_ms,tier=cloud,42.622428022939694
1783729266,lat99_ms,tier=cloud,42.66405486422634
1783729276,lat99_ms,tier=cloud,41.93022355546774
1783729286,lat99_ms,tier=cloud,41.78580639939851
1783729296,lat99_ms,tier=cloud,41.9041303134156
1783729306,lat99_ms,tier=cloud,42.01178612139945
1783729316,lat99_ms,tier=cloud,41.809881745647715
1783729326,lat99_ms,tier=cloud,42.48134854625653
1783728686,inflight,tier=cloud,0.0
1783728696,inflight,tier=cloud,0.0
1783728706,inflight,tier=cloud,0.0
1783728716,inflight,tier=cloud,0.0
1783728726,inflight,tier=cloud,0.0
1783728736,inflight,tier=cloud,0.0
1783728746,inflight,tier=cloud,0.0
1783728756,inflight,tier=cloud,0.0
1783728766,inflight,tier=cloud,0.0
1783728776,inflight,tier=cloud,0.0
1783728786,inflight,tier=cloud,0.0
1783728796,inflight,tier=cloud,0.0
1783728806,inflight,tier=cloud,0.0
1783728816,inflight,tier=cloud,0.0
1783728826,inflight,tier=cloud,0.0
1783728836,inflight,tier=cloud,0.0
1783728846,inflight,tier=cloud,0.0
1783728856,inflight,tier=cloud,0.0
1783728866,inflight,tier=cloud,0.0
1783728876,inflight,tier=cloud,0.0
1783728886,inflight,tier=cloud,18.0
1783728896,inflight,tier=cloud,8.0
1783728906,inflight,tier=cloud,0.0
1783728916,inflight,tier=cloud,17.0
1783728926,inflight,tier=cloud,26.0
1783728936,inflight,tier=cloud,0.0
1783728946,inflight,tier=cloud,10.0
1783728956,inflight,tier=cloud,4.0
1783728966,inflight,tier=cloud,24.0
1783728976,inflight,tier=cloud,37.0
1783728986,inflight,tier=cloud,7.0
1783728996,inflight,tier=cloud,27.0
1783729006,inflight,tier=cloud,18.0
1783729016,inflight,tier=cloud,7.0
1783729026,inflight,tier=cloud,14.0
1783729036,inflight,tier=cloud,0.0
1783729046,inflight,tier=cloud,10.0
1783729056,inflight,tier=cloud,0.0
1783729066,inflight,tier=cloud,0.0
1783729076,inflight,tier=cloud,0.0
1783729086,inflight,tier=cloud,0.0
1783729096,inflight,tier=cloud,0.0
1783729106,inflight,tier=cloud,0.0
1783729116,inflight,tier=cloud,0.0
1783729126,inflight,tier=cloud,0.0
1783729136,inflight,tier=cloud,0.0
1783729146,inflight,tier=cloud,0.0
1783729156,inflight,tier=cloud,0.0
1783729166,inflight,tier=cloud,0.0
1783729176,inflight,tier=cloud,0.0
1783729186,inflight,tier=cloud,0.0
1783729196,inflight,tier=cloud,0.0
1783729206,inflight,tier=cloud,0.0
1783729216,inflight,tier=cloud,10.0
1783729226,inflight,tier=cloud,0.0
1783729236,inflight,tier=cloud,0.0
1783729246,inflight,tier=cloud,0.0
1783729256,inflight,tier=cloud,0.0
1783729266,inflight,tier=cloud,0.0
1783729276,inflight,tier=cloud,0.0
1783729286,inflight,tier=cloud,0.0
1783729296,inflight,tier=cloud,0.0
1783729306,inflight,tier=cloud,0.0
1783729316,inflight,tier=cloud,0.0
1783729326,inflight,tier=cloud,0.0
1783728686,inflight,tier=edge,0.0
1783728696,inflight,tier=edge,0.0
1783728706,inflight,tier=edge,0.0
1783728716,inflight,tier=edge,0.0
1783728726,inflight,tier=edge,0.0
1783728736,inflight,tier=edge,0.0
1783728746,inflight,tier=edge,0.0
1783728756,inflight,tier=edge,0.0
1783728766,inflight,tier=edge,0.0
1783728776,inflight,tier=edge,0.0
1783728786,inflight,tier=edge,0.0
1783728796,inflight,tier=edge,0.0
1783728806,inflight,tier=edge,0.0
1783728816,inflight,tier=edge,0.0
1783728826,inflight,tier=edge,0.0
1783728836,inflight,tier=edge,0.0
1783728846,inflight,tier=edge,0.0
1783728856,inflight,tier=edge,0.0
1783728866,inflight,tier=edge,0.0
1783728876,inflight,tier=edge,0.0
1783728886,inflight,tier=edge,0.0
1783728896,inflight,tier=edge,0.0
1783728906,inflight,tier=edge,0.0
1783728916,inflight,tier=edge,0.0
1783728926,inflight,tier=edge,0.0
1783728936,inflight,tier=edge,0.0
1783728946,inflight,tier=edge,0.0
1783728956,inflight,tier=edge,0.0
1783728966,inflight,tier=edge,0.0
1783728976,inflight,tier=edge,0.0
1783728986,inflight,tier=edge,0.0
1783728996,inflight,tier=edge,0.0
1783729006,inflight,tier=edge,0.0
1783729016,inflight,tier=edge,0.0
1783729026,inflight,tier=edge,0.0
1783729036,inflight,tier=edge,0.0
1783729046,inflight,tier=edge,0.0
1783729056,inflight,tier=edge,0.0
1783729066,inflight,tier=edge,0.0
1783729076,inflight,tier=edge,0.0
1783729086,inflight,tier=edge,0.0
1783729096,inflight,tier=edge,0.0
1783729106,inflight,tier=edge,0.0
1783729116,inflight,tier=edge,0.0
1783729126,inflight,tier=edge,0.0
1783729136,inflight,tier=edge,0.0
1783729146,inflight,tier=edge,0.0
1783729156,inflight,tier=edge,0.0
1783729166,inflight,tier=edge,0.0
1783729176,inflight,tier=edge,0.0
1783729186,inflight,tier=edge,0.0
1783729196,inflight,tier=edge,0.0
1783729206,inflight,tier=edge,0.0
1783729216,inflight,tier=edge,0.0
1783729226,inflight,tier=edge,0.0
1783729236,inflight,tier=edge,0.0
1783729246,inflight,tier=edge,0.0
1783729256,inflight,tier=edge,0.0
1783729266,inflight,tier=edge,0.0
1783729276,inflight,tier=edge,0.0
1783729286,inflight,tier=edge,0.0
1783729296,inflight,tier=edge,0.0
1783729306,inflight,tier=edge,0.0
1783729316,inflight,tier=edge,0.0
1783729326,inflight,tier=edge,0.0
