ts,metric,labels,value
1783699129,replicas_status,deployment=workload-cloud,1.0
1783699139,replicas_status,deployment=workload-cloud,1.0
1783699149,replicas_status,deployment=workload-cloud,1.0
1783699159,replicas_status,deployment=workload-cloud,1.0
1783699169,replicas_status,deployment=workload-cloud,1.0
1783699179,replicas_status,deployment=workload-cloud,1.0
1783699189,replicas_status,deployment=workload-cloud,1.0
1783699199,replicas_status,deployment=workload-cloud,2.0
1783699209,replicas_status,deployment=workload-cloud,2.0
1783699219,replicas_status,deployment=workload-cloud,2.0
1783699229,replicas_status,deployment=workload-cloud,2.0
1783699239,replicas_status,deployment=workload-cloud,3.0
1783699249,replicas_status,deployment=workload-cloud,3.0
1783699259,replicas_status,deployment=workload-cloud,3.0
1783699269,replicas_status,deployment=workload-cloud,3.0
1783699279,replicas_status,deployment=workload-cloud,3.0
1783699289,replicas_status,deployment=workload-cloud,4.0
1783699299,replicas_status,deployment=workload-cloud,4.0
1783699309,replicas_status,deployment=workload-cloud,4.0
1783699319,replicas_status,deployment=workload-cloud,6.0
1783699329,replicas_status,deployment=workload-cloud,6.0
1783699339,replicas_status,deployment=workload-cloud,6.0
1783699349,replicas_status,deployment=workload-cloud,6.0
1783699359,replicas_status,deployment=workload-cloud,6.0
1783699369,replicas_status,deployment=workload-cloud,6.0
1783699379,replicas_status,deployment=workload-cloud,6.0
1783699389,replicas_status,deployment=workload-cloud,6.0
1783699399,replicas_status,deployment=workload-cloud,6.0
1783699409,replicas_status,deployment=workload-cloud,6.0
1783699419,replicas_status,deployment=workload-cloud,6.0
1783699429,replicas_status,deployment=workload-cloud,6.0
1783699439,replicas_status,deployment=workload-cloud,6.0
1783699449,replicas_status,deployment=workload-cloud,6.0
1783699459,replicas_status,deployment=workload-cloud,6.0
1783699469,replicas_status,deployment=workload-cloud,6.0
1783699479,replicas_status,deployment=workload-cloud,6.0
1783699489,replicas_status,deployment=workload-cloud,6.0
1783699499,replicas_status,deployment=workload-cloud,6.0
1783699509,replicas_status,deployment=workload-cloud,6.0
1783699519,replicas_status,deployment=workload-cloud,6.0
1783699529,replicas_status,deployment=workload-cloud,6.0
1783699539,replicas_status,deployment=workload-cloud,6.0
1783699549,replicas_status,deployment=workload-cloud,6.0
1783699559,replicas_status,deployment=workload-cloud,6.0
1783699569,replicas_status,deployment=workload-cloud,6.0
1783699579,replicas_status,deployment=workload-cloud,6.0
1783699589,replicas_status,deployment=workload-cloud,6.0
1783699599,replicas_status,deployment=workload-cloud,6.0
1783699609,replicas_status,deployment=workload-cloud,6.0
1783699619,replicas_status,deployment=workload-cloud,6.0
1783699629,replicas_status,deployment=workload-cloud,6.0
1783699639,replicas_status,deployment=workload-cloud,6.0
1783699649,replicas_status,deployment=workload-cloud,6.0
1783699659,replicas_status,deployment=workload-cloud,6.0
1783699669,replicas_status,deployment=workload-cloud,6.0
1783699679,replicas_status,deployment=workload-cloud,6.0
1783699689,replicas_status,deployment=workload-cloud,6.0
1783699699,replicas_status,deployment=workload-cloud,6.0
1783699709,replicas_status,deployment=workload-cloud,6.0
1783699719,replicas_status,deployment=workload-cloud,6.0
1783699729,replicas_status,deployment=workload-cloud,6.0
1783699739,replicas_status,deployment=workload-cloud,6.0
1783699749,replicas_status,deployment=workload-cloud,6.0
1783699759,replicas_status,deployment=workload-cloud,6.0
1783699129,replicas_status,deployment=workload-edge,1.0
1783699139,replicas_status,deployment=workload-edge,1.0
1783699149,replicas_status,deployment=workload-edge,1.0
1783699159,replicas_status,deployment=workload-edge,1.0
1783699169,replicas_status,deployment=workload-edge,1.0
1783699179,replicas_status,deployment=workload-edge,1.0
1783699189,replicas_status,deployment=workload-edge,1.0
1783699199,replicas_status,deployment=workload-edge,1.0
1783699209,replicas_status,deployment=workload-edge,1.0
1783699219,replicas_status,deployment=workload-edge,1.0
1783699229,replicas_status,deployment=workload-edge,1.0
1783699239,replicas_status,deployment=workload-edge,1.0
1783699249,replicas_status,deployment=workload-edge,1.0
1783699259,replicas_status,deployment=workload-edge,1.0
1783699269,replicas_status,deployment=workload-edge,1.0
1783699279,replicas_status,deployment=workload-edge,1.0
1783699289,replicas_status,deployment=workload-edge,1.0
1783699299,replicas_status,deployment=workload-edge,1.0
1783699309,replicas_status,deployment=workload-edge,1.0
1783699319,replicas_status,deployment=workload-edge,1.0
1783699329,replicas_status,deployment=workload-edge,1.0
1783699339,replicas_status,deployment=workload-edge,1.0
1783699349,replicas_status,deployment=workload-edge,1.0
1783699359,replicas_status,deployment=workload-edge,1.0
1783699369,replicas_status,deployment=workload-edge,1.0
1783699379,replicas_status,deployment=workload-edge,1.0
1783699389,replicas_status,deployment=workload-edge,1.0
1783699399,replicas_status,deployment=workload-edge,1.0
1783699409,replicas_status,deployment=workload-edge,1.0
1783699419,replicas_status,deployment=workload-edge,1.0
1783699429,replicas_status,deployment=workload-edge,1.0
1783699439,replicas_status,deployment=workload-edge,1.0
1783699449,replicas_status,deployment=workload-edge,1.0
1783699459,replicas_status,deployment=workload-edge,1.0
1783699469,replicas_status,deployment=workload-edge,1.0
1783699479,replicas_status,deployment=workload-edge,1.0
1783699489,replicas_status,deployment=workload-edge,1.0
1783699499,replicas_status,deployment=workload-edge,1.0
1783699509,replicas_status,deployment=workload-edge,1.0
1783699519,replicas_status,deployment=workload-edge,1.0
1783699529,replicas_status,deployment=workload-edge,1.0
1783699539,replicas_status,deployment=workload-edge,1.0
1783699549,replicas_status,deployment=workload-edge,1.0
1783699559,replicas_status,deployment=workload-edge,1.0
1783699569,replicas_status,deployment=workload-edge,1.0
1783699579,replicas_status,deployment=workload-edge,1.0
1783699589,replicas_status,deployment=workload-edge,1.0
1783699599,replicas_status,deployment=workload-edge,1.0
1783699609,replicas_status,deployment=workload-edge,1.0
1783699619,replicas_status,deployment=workload-edge,1.0
1783699629,replicas_status,deployment=workload-edge,1.0
1783699639,replicas_status,deployment=workload-edge,1.0
1783699649,replicas_status,deployment=workload-edge,1.0
1783699659,replicas_status,deployment=workload-edge,1.0
1783699669,replicas_status,deployment=workload-edge,1.0
1783699679,replicas_status,deployment=workload-edge,1.0
1783699689,replicas_status,deployment=workload-edge,1.0
1783699699,replicas_status,deployment=workload-edge,1.0
1783699709,replicas_status,deployment=workload-edge,1.0
1783699719,replicas_status,deployment=workload-edge,1.0
1783699729,replicas_status,deployment=workload-edge,1.0
1783699739,replicas_status,deployment=workload-edge,1.0
1783699749,replicas_status,deployment=workload-edge,1.0
1783699759,replicas_status,deployment=workload-edge,1.0
1783699129,replicas_spec,deployment=workload-cloud,1.0
1783699139,replicas_spec,deployment=workload-cloud,1.0
1783699149,replicas_spec,deployment=workload-cloud,1.0
1783699159,replicas_spec,deployment=workload-cloud,1.0
1783699169,replicas_spec,deployment=workload-cloud,1.0
1783699179,replicas_spec,deployment=workload-cloud,1.0
1783699189,replicas_spec,deployment=workload-cloud,1.0
1783699199,replicas_spec,deployment=workload-cloud,2.0
1783699209,replicas_spec,deployment=workload-cloud,2.0
1783699219,replicas_spec,deployment=workload-cloud,2.0
1783699229,replicas_spec,deployment=workload-cloud,2.0
1783699239,replicas_spec,deployment=workload-cloud,3.0
1783699249,replicas_spec,deployment=workload-cloud,3.0
1783699259,replicas_spec,deployment=workload-cloud,3.0
1783699269,replicas_spec,deployment=workload-cloud,3.0
1783699279,replicas_spec,deployment=workload-cloud,3.0
1783699289,replicas_spec,deployment=workload-cloud,4.0
1783699299,replicas_spec,deployment=workload-cloud,4.0
1783699309,replicas_spec,deployment=workload-cloud,4.0
1783699319,replicas_spec,deployment=workload-cloud,6.0
1783699329,replicas_spec,deployment=workload-cloud,6.0
1783699339,replicas_spec,deployment=workload-cloud,6.0
1783699349,replicas_spec,deployment=workload-cloud,6.0
1783699359,replicas_spec,deployment=workload-cloud,6.0
1783699369,replicas_spec,deployment=workload-cloud,6.0
1783699379,replicas_spec,deployment=workload-cloud,6.0
1783699389,replicas_spec,deployment=workload-cloud,6.0
1783699399,replicas_spec,deployment=workload-cloud,6.0
1783699409,replicas_spec,deployment=workload-cloud,6.0
1783699419,replicas_spec,deployment=workload-cloud,6.0
1783699429,replicas_spec,deployment=workload-cloud,6.0
1783699439,replicas_spec,deployment=workload-cloud,6.0
1783699449,replicas_spec,deployment=workload-cloud,6.0
1783699459,replicas_spec,deployment=workload-cloud,6.0
1783699469,replicas_spec,deployment=workload-cloud,6.0
1783699479,replicas_spec,deployment=workload-cloud,6.0
1783699489,replicas_spec,deployment=workload-cloud,6.0
1783699499,replicas_spec,deployment=workload-cloud,6.0
1783699509,replicas_spec,deployment=workload-cloud,6.0
1783699519,replicas_spec,deployment=workload-cloud,6.0
1783699529,replicas_spec,deployment=workload-cloud,6.0
1783699539,replicas_spec,deployment=workload-cloud,6.0
1783699549,replicas_spec,deployment=workload-cloud,6.0
1783699559,replicas_spec,deployment=workload-cloud,6.0
1783699569,replicas_spec,deployment=workload-cloud,6.0
1783699579,replicas_spec,deployment=workload-cloud,6.0
1783699589,replicas_spec,deployment=workload-cloud,6.0
1783699599,replicas_spec,deployment=workload-cloud,6.0
1783699609,replicas_spec,deployment=workload-cloud,6.0
1783699619,replicas_spec,deployment=workload-cloud,6.0
1783699629,replicas_spec,deployment=workload-cloud,6.0
1783699639,replicas_spec,deployment=workload-cloud,6.0
1783699649,replicas_spec,deployment=workload-cloud,6.0
1783699659,replicas_spec,deployment=workload-cloud,6.0
1783699669,replicas_spec,deployment=workload-cloud,6.0
1783699679,replicas_spec,deployment=workload-cloud,6.0
1783699689,replicas_spec,deployment=workload-cloud,6.0
1783699699,replicas_spec,deployment=workload-cloud,6.0
1783699709,replicas_spec,deployment=workload-cloud,6.0
1783699719,replicas_spec,deployment=workload-cloud,6.0
1783699729,replicas_spec,deployment=workload-cloud,6.0
1783699739,replicas_spec,deployment=workload-cloud,6.0
1783699749,replicas_spec,deployment=workload-cloud,6.0
1783699759,replicas_spec,deployment=workload-cloud,6.0
1783699129,replicas_spec,deployment=workload-edge,1.0
1783699139,replicas_spec,deployment=workload-edge,1.0
1783699149,replicas_spec,deployment=workload-edge,1.0
1783699159,replicas_spec,deployment=workload-edge,1.0
1783699169,replicas_spec,deployment=workload-edge,1.0
1783699179,replicas_spec,deployment=workload-edge,1.0
1783699189,replicas_spec,deployment=workload-edge,1.0
1783699199,replicas_spec,deployment=workload-edge,1.0
1783699209,replicas_spec,deployment=workload-edge,1.0
1783699219,replicas_spec,deployment=workload-edge,1.0
1783699229,replicas_spec,deployment=workload-edge,1.0
1783699239,replicas_spec,deployment=workload-edge,1.0
1783699249,replicas_spec,deployment=workload-edge,1.0
1783699259,replicas_spec,deployment=workload-edge,1.0
1783699269,replicas_spec,deployment=workload-edge,1.0
1783699279,replicas_spec,deployment=workload-edge,1.0
1783699289,replicas_spec,deployment=workload-edge,1.0
1783699299,replicas_spec,deployment=workload-edge,1.0
1783699309,replicas_spec,deployment=workload-edge,1.0
1783699319,replicas_spec,deployment=workload-edge,1.0
1783699329,replicas_spec,deployment=workload-edge,1.0
1783699339,replicas_spec,deployment=workload-edge,1.0
1783699349,replicas_spec,deployment=workload-edge,1.0
1783699359,replicas_spec,deployment=workload-edge,1.0
1783699369,replicas_spec,deployment=workload-edge,1.0
1783699379,replicas_spec,deployment=workload-edge,1.0
1783699389,replicas_spec,deployment=workload-edge,1.0
1783699399,replicas_spec,deployment=workload-edge,1.0
1783699409,replicas_spec,deployment=workload-edge,1.0
1783699419,replicas_spec,deployment=workload-edge,1.0
1783699429,replicas_spec,deployment=workload-edge,1.0
1783699439,replicas_spec,deployment=workload-edge,1.0
1783699449,replicas_spec,deployment=workload-edge,1.0
1783699459,replicas_spec,deployment=workload-edge,1.0
1783699469,replicas_spec,deployment=workload-edge,1.0
1783699479,replicas_spec,deployment=workload-edge,1.0
1783699489,replicas_spec,deployment=workload-edge,1.0
1783699499,replicas_spec,deployment=workload-edge,1.0
1783699509,replicas_spec,deployment=workload-edge,1.0
1783699519,replicas_spec,deployment=workload-edge,1.0
1783699529,replicas_spec,deployment=workload-edge,1.0
1783699539,replicas_spec,deployment=workload-edge,1.0
1783699549,replicas_spec,deployment=workload-edge,1.0
1783699559,replicas_spec,deployment=workload-edge,1.0
1783699569,replicas_spec,deployment=workload-edge,1.0
1783699579,replicas_spec,deployment=workload-edge,1.0
1783699589,replicas_spec,deployment=workload-edge,1.0
1783699599,replicas_spec,deployment=workload-edge,1.0
1783699609,replicas_spec,deployment=workload-edge,1.0
1783699619,replicas_spec,deployment=workload-edge,1.0
1783699629,replicas_spec,deployment=workload-edge,1.0
1783699639,replicas_spec,deployment=workload-edge,1.0
1783699649,replicas_spec,deployment=workload-edge,1.0
1783699659,replicas_spec,deployment=workload-edge,1.0
1783699669,replicas_spec,deployment=workload-edge,1.0
1783699679,replicas_spec,deployment=workload-edge,1.0
1783699689,replicas_spec,deployment=workload-edge,1.0
1783699699,replicas_spec,deployment=workload-edge,1.0
1783699709,replicas_spec,deployment=workload-edge,1.0
1783699719,replicas_spec,deployment=workload-edge,1.0
1783699729,replicas_spec,deployment=workload-edge,1.0
1783699739,replicas_spec,deployment=workload-edge,1.0
1783699749,replicas_spec,deployment=workload-edge,1.0
1783699759,replicas_spec,deployment=workload-edge,1.0
1783699329,cpu_cores,pod=workload-cloud-6f545f89ff-4vs87,0.04960003772241993
1783699339,cpu_cores,pod=workload-cloud-6f545f89ff-4vs87,0.07269703977137928
1783699349,cpu_cores,pod=workload-cloud-6f545f89ff-4vs87,0.1780261796326739
1783699359,cpu_cores,pod=workload-cloud-6f545f89ff-4vs87,0.22121262975832812
1783699369,cpu_cores,pod=workload-cloud-6f545f89ff-4vs87,0.32909201812164285
1783699379,cpu_cores,pod=workload-cloud-6f545f89ff-4vs87,0.39489848333886857
1783699389,cpu_cores,pod=workload-cloud-6f545f89ff-4vs87,0.41902379913299004
1783699399,cpu_cores,pod=workload-cloud-6f545f89ff-4vs87,0.4189219483344145
1783699409,cpu_cores,pod=workload-cloud-6f545f89ff-4vs87,0.4169147234234998
1783699419,cpu_cores,pod=workload-cloud-6f545f89ff-4vs87,0.4182165270509581
1783699429,cpu_cores,pod=workload-cloud-6f545f89ff-4vs87,0.4184451207953324
1783699439,cpu_cores,pod=workload-cloud-6f545f89ff-4vs87,0.35271114768096995
1783699449,cpu_cores,pod=workload-cloud-6f545f89ff-4vs87,0.41683808242631776
1783699459,cpu_cores,pod=workload-cloud-6f545f89ff-4vs87,0.41489082611748196
1783699469,cpu_cores,pod=workload-cloud-6f545f89ff-4vs87,0.4158150915131843
1783699479,cpu_cores,pod=workload-cloud-6f545f89ff-4vs87,0.3934978786880799
1783699489,cpu_cores,pod=workload-cloud-6f545f89ff-4vs87,0.3804966396799099
1783699499,cpu_cores,pod=workload-cloud-6f545f89ff-4vs87,0.2976794266549891
1783699509,cpu_cores,pod=workload-cloud-6f545f89ff-4vs87,0.14813313892559363
1783699519,cpu_cores,pod=workload-cloud-6f545f89ff-4vs87,0.14813313892559363
1783699529,cpu_cores,pod=workload-cloud-6f545f89ff-4vs87,0.04156817563276806
1783699539,cpu_cores,pod=workload-cloud-6f545f89ff-4vs87,0.002353852557580105
1783699549,cpu_cores,pod=workload-cloud-6f545f89ff-4vs87,0.002353852557580105
1783699559,cpu_cores,pod=workload-cloud-6f545f89ff-4vs87,0.0024381306789642274
1783699569,cpu_cores,pod=workload-cloud-6f545f89ff-4vs87,0.0023655013064415044
1783699579,cpu_cores,pod=workload-cloud-6f545f89ff-4vs87,0.0023655013064415044
1783699589,cpu_cores,pod=workload-cloud-6f545f89ff-4vs87,0.0023845360824742553
1783699599,cpu_cores,pod=workload-cloud-6f545f89ff-4vs87,0.002328292291220581
1783699609,cpu_cores,pod=workload-cloud-6f545f89ff-4vs87,0.002328292291220581
1783699619,cpu_cores,pod=workload-cloud-6f545f89ff-4vs87,0.002307615099279827
1783699629,cpu_cores,pod=workload-cloud-6f545f89ff-4vs87,0.002334177215189963
1783699639,cpu_cores,pod=workload-cloud-6f545f89ff-4vs87,0.002334177215189963
1783699649,cpu_cores,pod=workload-cloud-6f545f89ff-4vs87,0.0023056577023615557
1783699659,cpu_cores,pod=workload-cloud-6f545f89ff-4vs87,0.0023453245397818305
1783699669,cpu_cores,pod=workload-cloud-6f545f89ff-4vs87,0.0023453245397818305
1783699679,cpu_cores,pod=workload-cloud-6f545f89ff-4vs87,0.0023205313446746645
1783699689,cpu_cores,pod=workload-cloud-6f545f89ff-4vs87,0.002343638702018174
1783699699,cpu_cores,pod=workload-cloud-6f545f89ff-4vs87,0.0024242170277115793
1783699709,cpu_cores,pod=workload-cloud-6f545f89ff-4vs87,0.002179979875733414
1783699719,cpu_cores,pod=workload-cloud-6f545f89ff-4vs87,0.002523099773301707
1783699729,cpu_cores,pod=workload-cloud-6f545f89ff-4vs87,0.0024816563305694265
1783699739,cpu_cores,pod=workload-cloud-6f545f89ff-4vs87,0.002489152707070323
1783699749,cpu_cores,pod=workload-cloud-6f545f89ff-4vs87,0.0024676952322006955
1783699759,cpu_cores,pod=workload-cloud-6f545f89ff-4vs87,0.0024479246243953035
1783699249,cpu_cores,pod=workload-cloud-6f545f89ff-bp8kc,0.021534357652793403
1783699259,cpu_cores,pod=workload-cloud-6f545f89ff-bp8kc,0.02409455176192205
1783699269,cpu_cores,pod=workload-cloud-6f545f89ff-bp8kc,0.029131342953667948
1783699279,cpu_cores,pod=workload-cloud-6f545f89ff-bp8kc,0.029285369444444438
1783699289,cpu_cores,pod=workload-cloud-6f545f89ff-bp8kc,0.044140638864241355
1783699299,cpu_cores,pod=workload-cloud-6f545f89ff-bp8kc,0.048223991995998
1783699309,cpu_cores,pod=workload-cloud-6f545f89ff-bp8kc,0.044143837201971424
1783699319,cpu_cores,pod=workload-cloud-6f545f89ff-bp8kc,0.06339666491596639
1783699329,cpu_cores,pod=workload-cloud-6f545f89ff-bp8kc,0.07244550977091416
1783699339,cpu_cores,pod=workload-cloud-6f545f89ff-bp8kc,0.11677470964468846
1783699349,cpu_cores,pod=workload-cloud-6f545f89ff-bp8kc,0.13153627050121747
1783699359,cpu_cores,pod=workload-cloud-6f545f89ff-bp8kc,0.24904365904365908
1783699369,cpu_cores,pod=workload-cloud-6f545f89ff-bp8kc,0.2700074286528663
1783699379,cpu_cores,pod=workload-cloud-6f545f89ff-bp8kc,0.3275394486521412
1783699389,cpu_cores,pod=workload-cloud-6f545f89ff-bp8kc,0.3558724106368629
1783699399,cpu_cores,pod=workload-cloud-6f545f89ff-bp8kc,0.3557125708977117
1783699409,cpu_cores,pod=workload-cloud-6f545f89ff-bp8kc,0.3557125708977117
1783699419,cpu_cores,pod=workload-cloud-6f545f89ff-bp8kc,0.3597959900073223
1783699429,cpu_cores,pod=workload-cloud-6f545f89ff-bp8kc,0.35409115748709113
1783699439,cpu_cores,pod=workload-cloud-6f545f89ff-bp8kc,0.3027850096517955
1783699449,cpu_cores,pod=workload-cloud-6f545f89ff-bp8kc,0.3539838583145133
1783699459,cpu_cores,pod=workload-cloud-6f545f89ff-bp8kc,0.34986124733612334
1783699469,cpu_cores,pod=workload-cloud-6f545f89ff-bp8kc,0.34280600669367617
1783699479,cpu_cores,pod=workload-cloud-6f545f89ff-bp8kc,0.3416098683341407
1783699489,cpu_cores,pod=workload-cloud-6f545f89ff-bp8kc,0.3173987484588363
1783699499,cpu_cores,pod=workload-cloud-6f545f89ff-bp8kc,0.2246911434366346
1783699509,cpu_cores,pod=workload-cloud-6f545f89ff-bp8kc,0.19080923684347242
1783699519,cpu_cores,pod=workload-cloud-6f545f89ff-bp8kc,0.12983694018635414
1783699529,cpu_cores,pod=workload-cloud-6f545f89ff-bp8kc,0.07374000393933428
1783699539,cpu_cores,pod=workload-cloud-6f545f89ff-bp8kc,0.07248760664966142
1783699549,cpu_cores,pod=workload-cloud-6f545f89ff-bp8kc,0.06356801772643524
1783699559,cpu_cores,pod=workload-cloud-6f545f89ff-bp8kc,0.06679389932453404
1783699569,cpu_cores,pod=workload-cloud-6f545f89ff-bp8kc,0.057108144332781045
1783699579,cpu_cores,pod=workload-cloud-6f545f89ff-bp8kc,0.06762050283784439
1783699589,cpu_cores,pod=workload-cloud-6f545f89ff-bp8kc,0.06621678532901845
1783699599,cpu_cores,pod=workload-cloud-6f545f89ff-bp8kc,0.06409138767975572
1783699609,cpu_cores,pod=workload-cloud-6f545f89ff-bp8kc,0.06375263601855746
1783699619,cpu_cores,pod=workload-cloud-6f545f89ff-bp8kc,0.06208303635067706
1783699629,cpu_cores,pod=workload-cloud-6f545f89ff-bp8kc,0.05346242849754981
1783699639,cpu_cores,pod=workload-cloud-6f545f89ff-bp8kc,0.060754535615357666
1783699649,cpu_cores,pod=workload-cloud-6f545f89ff-bp8kc,0.06014218501349191
1783699659,cpu_cores,pod=workload-cloud-6f545f89ff-bp8kc,0.06048575853884227
1783699669,cpu_cores,pod=workload-cloud-6f545f89ff-bp8kc,0.060867499803916335
1783699679,cpu_cores,pod=workload-cloud-6f545f89ff-bp8kc,0.051346901625452565
1783699689,cpu_cores,pod=workload-cloud-6f545f89ff-bp8kc,0.06175562420253844
1783699699,cpu_cores,pod=workload-cloud-6f545f89ff-bp8kc,0.03860027499999995
1783699709,cpu_cores,pod=workload-cloud-6f545f89ff-bp8kc,0.037605393929496286
1783699719,cpu_cores,pod=workload-cloud-6f545f89ff-bp8kc,0.01895825315623959
1783699729,cpu_cores,pod=workload-cloud-6f545f89ff-bp8kc,0.015376260043827403
1783699739,cpu_cores,pod=workload-cloud-6f545f89ff-bp8kc,0.0029252030097593924
1783699749,cpu_cores,pod=workload-cloud-6f545f89ff-bp8kc,0.002469160068656209
1783699759,cpu_cores,pod=workload-cloud-6f545f89ff-bp8kc,0.0023974004371288484
1783699329,cpu_cores,pod=workload-cloud-6f545f89ff-q647k,0.04596166490318119
1783699339,cpu_cores,pod=workload-cloud-6f545f89ff-q647k,0.0986071601462933
1783699349,cpu_cores,pod=workload-cloud-6f545f89ff-q647k,0.15541863899258315
1783699359,cpu_cores,pod=workload-cloud-6f545f89ff-q647k,0.19307496215842296
1783699369,cpu_cores,pod=workload-cloud-6f545f89ff-q647k,0.2637986931551419
1783699379,cpu_cores,pod=workload-cloud-6f545f89ff-q647k,0.319376088218224
1783699389,cpu_cores,pod=workload-cloud-6f545f89ff-q647k,0.33302046135483404
1783699399,cpu_cores,pod=workload-cloud-6f545f89ff-q647k,0.33422641343339426
1783699409,cpu_cores,pod=workload-cloud-6f545f89ff-q647k,0.2744755527499002
1783699419,cpu_cores,pod=workload-cloud-6f545f89ff-q647k,0.3351624238243072
1783699429,cpu_cores,pod=workload-cloud-6f545f89ff-q647k,0.33791533247390526
1783699439,cpu_cores,pod=workload-cloud-6f545f89ff-q647k,0.34081297779952296
1783699449,cpu_cores,pod=workload-cloud-6f545f89ff-q647k,0.35349946185638015
1783699459,cpu_cores,pod=workload-cloud-6f545f89ff-q647k,0.29811196357873015
1783699469,cpu_cores,pod=workload-cloud-6f545f89ff-q647k,0.3620306065106571
1783699479,cpu_cores,pod=workload-cloud-6f545f89ff-q647k,0.34353314835001486
1783699489,cpu_cores,pod=workload-cloud-6f545f89ff-q647k,0.27711760905358374
1783699499,cpu_cores,pod=workload-cloud-6f545f89ff-q647k,0.2771176090535837
1783699509,cpu_cores,pod=workload-cloud-6f545f89ff-q647k,0.1614638528302842
1783699519,cpu_cores,pod=workload-cloud-6f545f89ff-q647k,0.1286417886472703
1783699529,cpu_cores,pod=workload-cloud-6f545f89ff-q647k,0.03160016470588236
1783699539,cpu_cores,pod=workload-cloud-6f545f89ff-q647k,0.002971816867919252
1783699549,cpu_cores,pod=workload-cloud-6f545f89ff-q647k,0.001828760442836088
1783699559,cpu_cores,pod=workload-cloud-6f545f89ff-q647k,0.0024148296593185636
1783699569,cpu_cores,pod=workload-cloud-6f545f89ff-q647k,0.0024265877030033673
1783699579,cpu_cores,pod=workload-cloud-6f545f89ff-q647k,0.002465817467308026
1783699589,cpu_cores,pod=workload-cloud-6f545f89ff-q647k,0.0025014941258341256
1783699599,cpu_cores,pod=workload-cloud-6f545f89ff-q647k,0.0023535149255303625
1783699609,cpu_cores,pod=workload-cloud-6f545f89ff-q647k,0.0023535149255303625
1783699619,cpu_cores,pod=workload-cloud-6f545f89ff-q647k,0.002274637560097292
1783699629,cpu_cores,pod=workload-cloud-6f545f89ff-q647k,0.0022519408699350736
1783699639,cpu_cores,pod=workload-cloud-6f545f89ff-q647k,0.002237308793954479
1783699649,cpu_cores,pod=workload-cloud-6f545f89ff-q647k,0.002261755413065707
1783699659,cpu_cores,pod=workload-cloud-6f545f89ff-q647k,0.001870201023817844
1783699669,cpu_cores,pod=workload-cloud-6f545f89ff-q647k,0.0023662531273373508
1783699679,cpu_cores,pod=workload-cloud-6f545f89ff-q647k,0.0023871401339263247
1783699689,cpu_cores,pod=workload-cloud-6f545f89ff-q647k,0.002414446485989945
1783699699,cpu_cores,pod=workload-cloud-6f545f89ff-q647k,0.002018225988166781
1783699709,cpu_cores,pod=workload-cloud-6f545f89ff-q647k,0.002448572491397843
1783699719,cpu_cores,pod=workload-cloud-6f545f89ff-q647k,0.002482480957562562
1783699729,cpu_cores,pod=workload-cloud-6f545f89ff-q647k,0.002442179180216576
1783699739,cpu_cores,pod=workload-cloud-6f545f89ff-q647k,0.002424186755085482
1783699749,cpu_cores,pod=workload-cloud-6f545f89ff-q647k,0.0023252563134694725
1783699759,cpu_cores,pod=workload-cloud-6f545f89ff-q647k,0.002333960489181597
1783699209,cpu_cores,pod=workload-cloud-6f545f89ff-qxmq8,0.018054474876379865
1783699219,cpu_cores,pod=workload-cloud-6f545f89ff-qxmq8,0.01616285
1783699229,cpu_cores,pod=workload-cloud-6f545f89ff-qxmq8,0.014970038932806325
1783699239,cpu_cores,pod=workload-cloud-6f545f89ff-qxmq8,0.01439296215673555
1783699249,cpu_cores,pod=workload-cloud-6f545f89ff-qxmq8,0.007242920429791712
1783699259,cpu_cores,pod=workload-cloud-6f545f89ff-qxmq8,0.005927545722071289
1783699269,cpu_cores,pod=workload-cloud-6f545f89ff-qxmq8,0.027523958155526836
1783699279,cpu_cores,pod=workload-cloud-6f545f89ff-qxmq8,0.03569480676553225
1783699289,cpu_cores,pod=workload-cloud-6f545f89ff-qxmq8,0.0445084202840521
1783699299,cpu_cores,pod=workload-cloud-6f545f89ff-qxmq8,0.06488096251697785
1783699309,cpu_cores,pod=workload-cloud-6f545f89ff-qxmq8,0.08350670602579735
1783699319,cpu_cores,pod=workload-cloud-6f545f89ff-qxmq8,0.08350670602579735
1783699329,cpu_cores,pod=workload-cloud-6f545f89ff-qxmq8,0.11749314497728221
1783699339,cpu_cores,pod=workload-cloud-6f545f89ff-qxmq8,0.13153325340926117
1783699349,cpu_cores,pod=workload-cloud-6f545f89ff-qxmq8,0.1730066184581444
1783699359,cpu_cores,pod=workload-cloud-6f545f89ff-qxmq8,0.2447603835842442
1783699369,cpu_cores,pod=workload-cloud-6f545f89ff-qxmq8,0.282235796162472
1783699379,cpu_cores,pod=workload-cloud-6f545f89ff-qxmq8,0.29289560497581796
1783699389,cpu_cores,pod=workload-cloud-6f545f89ff-qxmq8,0.31347869182149013
1783699399,cpu_cores,pod=workload-cloud-6f545f89ff-qxmq8,0.3123041468964422
1783699409,cpu_cores,pod=workload-cloud-6f545f89ff-qxmq8,0.31672358006869433
1783699419,cpu_cores,pod=workload-cloud-6f545f89ff-qxmq8,0.3153535648513549
1783699429,cpu_cores,pod=workload-cloud-6f545f89ff-qxmq8,0.3147890158004949
1783699439,cpu_cores,pod=workload-cloud-6f545f89ff-qxmq8,0.3111340952918488
1783699449,cpu_cores,pod=workload-cloud-6f545f89ff-qxmq8,0.31224000088195086
1783699459,cpu_cores,pod=workload-cloud-6f545f89ff-qxmq8,0.3126885398271214
1783699469,cpu_cores,pod=workload-cloud-6f545f89ff-qxmq8,0.31046625718248455
1783699479,cpu_cores,pod=workload-cloud-6f545f89ff-qxmq8,0.2972365811776436
1783699489,cpu_cores,pod=workload-cloud-6f545f89ff-qxmq8,0.2899474204714026
1783699499,cpu_cores,pod=workload-cloud-6f545f89ff-qxmq8,0.2505171786205103
1783699509,cpu_cores,pod=workload-cloud-6f545f89ff-qxmq8,0.19458508914100492
1783699519,cpu_cores,pod=workload-cloud-6f545f89ff-qxmq8,0.19458508914100492
1783699529,cpu_cores,pod=workload-cloud-6f545f89ff-qxmq8,0.13891938080495364
1783699539,cpu_cores,pod=workload-cloud-6f545f89ff-qxmq8,0.12242669160807597
1783699549,cpu_cores,pod=workload-cloud-6f545f89ff-qxmq8,0.12675029001160057
1783699559,cpu_cores,pod=workload-cloud-6f545f89ff-qxmq8,0.1291146634875909
1783699569,cpu_cores,pod=workload-cloud-6f545f89ff-qxmq8,0.13295727349169656
1783699579,cpu_cores,pod=workload-cloud-6f545f89ff-qxmq8,0.1298196990314576
1783699589,cpu_cores,pod=workload-cloud-6f545f89ff-qxmq8,0.12737414460942534
1783699599,cpu_cores,pod=workload-cloud-6f545f89ff-qxmq8,0.12456768018239353
1783699609,cpu_cores,pod=workload-cloud-6f545f89ff-qxmq8,0.12004890774791763
1783699619,cpu_cores,pod=workload-cloud-6f545f89ff-qxmq8,0.12044756342627469
1783699629,cpu_cores,pod=workload-cloud-6f545f89ff-qxmq8,0.11976281913752407
1783699639,cpu_cores,pod=workload-cloud-6f545f89ff-qxmq8,0.09751401794319692
1783699649,cpu_cores,pod=workload-cloud-6f545f89ff-qxmq8,0.11840680934601022
1783699659,cpu_cores,pod=workload-cloud-6f545f89ff-qxmq8,0.10288923736161656
1783699669,cpu_cores,pod=workload-cloud-6f545f89ff-qxmq8,0.11867542830321509
1783699679,cpu_cores,pod=workload-cloud-6f545f89ff-qxmq8,0.11913653979703837
1783699689,cpu_cores,pod=workload-cloud-6f545f89ff-qxmq8,0.11369227566560738
1783699699,cpu_cores,pod=workload-cloud-6f545f89ff-qxmq8,0.07892041770957284
1783699709,cpu_cores,pod=workload-cloud-6f545f89ff-qxmq8,0.041168120450596514
1783699719,cpu_cores,pod=workload-cloud-6f545f89ff-qxmq8,0.03425186148739592
1783699729,cpu_cores,pod=workload-cloud-6f545f89ff-qxmq8,0.006512799207440065
1783699739,cpu_cores,pod=workload-cloud-6f545f89ff-qxmq8,0.005047904191616857
1783699749,cpu_cores,pod=workload-cloud-6f545f89ff-qxmq8,0.0024087417898630897
1783699759,cpu_cores,pod=workload-cloud-6f545f89ff-qxmq8,0.0024135060350174583
1783699129,cpu_cores,pod=workload-cloud-6f545f89ff-r28zz,0.0026504055378907968
1783699139,cpu_cores,pod=workload-cloud-6f545f89ff-r28zz,0.006246017626729511
1783699149,cpu_cores,pod=workload-cloud-6f545f89ff-r28zz,0.008273798988619565
1783699159,cpu_cores,pod=workload-cloud-6f545f89ff-r28zz,0.027051457166881086
1783699169,cpu_cores,pod=workload-cloud-6f545f89ff-r28zz,0.05764659312704339
1783699179,cpu_cores,pod=workload-cloud-6f545f89ff-r28zz,0.05764659312704339
1783699189,cpu_cores,pod=workload-cloud-6f545f89ff-r28zz,0.09951775168167695
1783699199,cpu_cores,pod=workload-cloud-6f545f89ff-r28zz,0.1412108584898457
1783699209,cpu_cores,pod=workload-cloud-6f545f89ff-r28zz,0.16038396079064762
1783699219,cpu_cores,pod=workload-cloud-6f545f89ff-r28zz,0.17846174496644132
1783699229,cpu_cores,pod=workload-cloud-6f545f89ff-r28zz,0.2070651390019784
1783699239,cpu_cores,pod=workload-cloud-6f545f89ff-r28zz,0.17642007361062725
1783699249,cpu_cores,pod=workload-cloud-6f545f89ff-r28zz,0.24896761116941526
1783699259,cpu_cores,pod=workload-cloud-6f545f89ff-r28zz,0.277009163039632
1783699269,cpu_cores,pod=workload-cloud-6f545f89ff-r28zz,0.28910090324860316
1783699279,cpu_cores,pod=workload-cloud-6f545f89ff-r28zz,0.2891009032486032
1783699289,cpu_cores,pod=workload-cloud-6f545f89ff-r28zz,0.2792800203920844
1783699299,cpu_cores,pod=workload-cloud-6f545f89ff-r28zz,0.28305698538969404
1783699309,cpu_cores,pod=workload-cloud-6f545f89ff-r28zz,0.2799763496633268
1783699319,cpu_cores,pod=workload-cloud-6f545f89ff-r28zz,0.2989451851213707
1783699329,cpu_cores,pod=workload-cloud-6f545f89ff-r28zz,0.31283322857048684
1783699339,cpu_cores,pod=workload-cloud-6f545f89ff-r28zz,0.33948375265294445
1783699349,cpu_cores,pod=workload-cloud-6f545f89ff-r28zz,0.3867738532303679
1783699359,cpu_cores,pod=workload-cloud-6f545f89ff-r28zz,0.41482104566094524
1783699369,cpu_cores,pod=workload-cloud-6f545f89ff-r28zz,0.43752292178628915
1783699379,cpu_cores,pod=workload-cloud-6f545f89ff-r28zz,0.4745408465044134
1783699389,cpu_cores,pod=workload-cloud-6f545f89ff-r28zz,0.4759160608919232
1783699399,cpu_cores,pod=workload-cloud-6f545f89ff-r28zz,0.48196091501660526
1783699409,cpu_cores,pod=workload-cloud-6f545f89ff-r28zz,0.4792372998310577
1783699419,cpu_cores,pod=workload-cloud-6f545f89ff-r28zz,0.4801805797616924
1783699429,cpu_cores,pod=workload-cloud-6f545f89ff-r28zz,0.47992504216235815
1783699439,cpu_cores,pod=workload-cloud-6f545f89ff-r28zz,0.4830245901639343
1783699449,cpu_cores,pod=workload-cloud-6f545f89ff-r28zz,0.4901358655616951
1783699459,cpu_cores,pod=workload-cloud-6f545f89ff-r28zz,0.49013586556169514
1783699469,cpu_cores,pod=workload-cloud-6f545f89ff-r28zz,0.4931236598263235
1783699479,cpu_cores,pod=workload-cloud-6f545f89ff-r28zz,0.4162458045689568
1783699489,cpu_cores,pod=workload-cloud-6f545f89ff-r28zz,0.46515930374796965
1783699499,cpu_cores,pod=workload-cloud-6f545f89ff-r28zz,0.4208840432861817
1783699509,cpu_cores,pod=workload-cloud-6f545f89ff-r28zz,0.37032376469637385
1783699519,cpu_cores,pod=workload-cloud-6f545f89ff-r28zz,0.37032376469637385
1783699529,cpu_cores,pod=workload-cloud-6f545f89ff-r28zz,0.32727205034297
1783699539,cpu_cores,pod=workload-cloud-6f545f89ff-r28zz,0.3082565843284776
1783699549,cpu_cores,pod=workload-cloud-6f545f89ff-r28zz,0.31675568551007444
1783699559,cpu_cores,pod=workload-cloud-6f545f89ff-r28zz,0.32675808705553766
1783699569,cpu_cores,pod=workload-cloud-6f545f89ff-r28zz,0.33379446538944685
1783699579,cpu_cores,pod=workload-cloud-6f545f89ff-r28zz,0.2685904981961633
1783699589,cpu_cores,pod=workload-cloud-6f545f89ff-r28zz,0.3276636602620296
1783699599,cpu_cores,pod=workload-cloud-6f545f89ff-r28zz,0.30949531824642873
1783699609,cpu_cores,pod=workload-cloud-6f545f89ff-r28zz,0.25224047975922037
1783699619,cpu_cores,pod=workload-cloud-6f545f89ff-r28zz,0.3057783618227735
1783699629,cpu_cores,pod=workload-cloud-6f545f89ff-r28zz,0.3021644898427648
1783699639,cpu_cores,pod=workload-cloud-6f545f89ff-r28zz,0.3034993261688374
1783699649,cpu_cores,pod=workload-cloud-6f545f89ff-r28zz,0.3032157102807069
1783699659,cpu_cores,pod=workload-cloud-6f545f89ff-r28zz,0.29704064436818434
1783699669,cpu_cores,pod=workload-cloud-6f545f89ff-r28zz,0.300260340861957
1783699679,cpu_cores,pod=workload-cloud-6f545f89ff-r28zz,0.30476241128314785
1783699689,cpu_cores,pod=workload-cloud-6f545f89ff-r28zz,0.3037796851243312
1783699699,cpu_cores,pod=workload-cloud-6f545f89ff-r28zz,0.3042768554335499
1783699709,cpu_cores,pod=workload-cloud-6f545f89ff-r28zz,0.23773018036657723
1783699719,cpu_cores,pod=workload-cloud-6f545f89ff-r28zz,0.20236847639866098
1783699729,cpu_cores,pod=workload-cloud-6f545f89ff-r28zz,0.11260815652993866
1783699739,cpu_cores,pod=workload-cloud-6f545f89ff-r28zz,0.03509264476472156
1783699749,cpu_cores,pod=workload-cloud-6f545f89ff-r28zz,0.02630811638591426
1783699759,cpu_cores,pod=workload-cloud-6f545f89ff-r28zz,0.002551332980227549
1783699289,cpu_cores,pod=workload-cloud-6f545f89ff-sfz7x,0.011302770809348557
1783699299,cpu_cores,pod=workload-cloud-6f545f89ff-sfz7x,0.02068668449561197
1783699309,cpu_cores,pod=workload-cloud-6f545f89ff-sfz7x,0.021831553259854575
1783699319,cpu_cores,pod=workload-cloud-6f545f89ff-sfz7x,0.02835618919512506
1783699329,cpu_cores,pod=workload-cloud-6f545f89ff-sfz7x,0.027454788888888894
1783699339,cpu_cores,pod=workload-cloud-6f545f89ff-sfz7x,0.09653961986314008
1783699349,cpu_cores,pod=workload-cloud-6f545f89ff-sfz7x,0.1833273137858384
1783699359,cpu_cores,pod=workload-cloud-6f545f89ff-sfz7x,0.20436705039096442
1783699369,cpu_cores,pod=workload-cloud-6f545f89ff-sfz7x,0.30825325042396834
1783699379,cpu_cores,pod=workload-cloud-6f545f89ff-sfz7x,0.37239725490196074
1783699389,cpu_cores,pod=workload-cloud-6f545f89ff-sfz7x,0.3749880222252129
1783699399,cpu_cores,pod=workload-cloud-6f545f89ff-sfz7x,0.38648462004071976
1783699409,cpu_cores,pod=workload-cloud-6f545f89ff-sfz7x,0.3787073617451682
1783699419,cpu_cores,pod=workload-cloud-6f545f89ff-sfz7x,0.3813629740093736
1783699429,cpu_cores,pod=workload-cloud-6f545f89ff-sfz7x,0.37731843637495
1783699439,cpu_cores,pod=workload-cloud-6f545f89ff-sfz7x,0.37731843637495
1783699449,cpu_cores,pod=workload-cloud-6f545f89ff-sfz7x,0.37544692202462376
1783699459,cpu_cores,pod=workload-cloud-6f545f89ff-sfz7x,0.37361521153775223
1783699469,cpu_cores,pod=workload-cloud-6f545f89ff-sfz7x,0.3695707087978479
1783699479,cpu_cores,pod=workload-cloud-6f545f89ff-sfz7x,0.36359297950407815
1783699489,cpu_cores,pod=workload-cloud-6f545f89ff-sfz7x,0.3098273132359166
1783699499,cpu_cores,pod=workload-cloud-6f545f89ff-sfz7x,0.25022756146775277
1783699509,cpu_cores,pod=workload-cloud-6f545f89ff-sfz7x,0.22246693851072696
1783699519,cpu_cores,pod=workload-cloud-6f545f89ff-sfz7x,0.10401080142515669
1783699529,cpu_cores,pod=workload-cloud-6f545f89ff-sfz7x,0.08775168735219484
1783699539,cpu_cores,pod=workload-cloud-6f545f89ff-sfz7x,0.04577115695148841
1783699549,cpu_cores,pod=workload-cloud-6f545f89ff-sfz7x,0.03604070662141364
1783699559,cpu_cores,pod=workload-cloud-6f545f89ff-sfz7x,0.036681510228244465
1783699569,cpu_cores,pod=workload-cloud-6f545f89ff-sfz7x,0.03702536840956236
1783699579,cpu_cores,pod=workload-cloud-6f545f89ff-sfz7x,0.037255328423612594
1783699589,cpu_cores,pod=workload-cloud-6f545f89ff-sfz7x,0.030346953943411747
1783699599,cpu_cores,pod=workload-cloud-6f545f89ff-sfz7x,0.035821105152532964
1783699609,cpu_cores,pod=workload-cloud-6f545f89ff-sfz7x,0.030635845082798072
1783699619,cpu_cores,pod=workload-cloud-6f545f89ff-sfz7x,0.03494778506316977
1783699629,cpu_cores,pod=workload-cloud-6f545f89ff-sfz7x,0.03458138350064146
1783699639,cpu_cores,pod=workload-cloud-6f545f89ff-sfz7x,0.03457498999505636
1783699649,cpu_cores,pod=workload-cloud-6f545f89ff-sfz7x,0.034352161913523575
1783699659,cpu_cores,pod=workload-cloud-6f545f89ff-sfz7x,0.03439178204555607
1783699669,cpu_cores,pod=workload-cloud-6f545f89ff-sfz7x,0.0341639289600223
1783699679,cpu_cores,pod=workload-cloud-6f545f89ff-sfz7x,0.03431515137302726
1783699689,cpu_cores,pod=workload-cloud-6f545f89ff-sfz7x,0.030812077094071313
1783699699,cpu_cores,pod=workload-cloud-6f545f89ff-sfz7x,0.022491944793838325
1783699709,cpu_cores,pod=workload-cloud-6f545f89ff-sfz7x,0.01784990881314956
1783699719,cpu_cores,pod=workload-cloud-6f545f89ff-sfz7x,0.008631812998859841
1783699729,cpu_cores,pod=workload-cloud-6f545f89ff-sfz7x,0.0023762264417309027
1783699739,cpu_cores,pod=workload-cloud-6f545f89ff-sfz7x,0.002423572711270685
1783699749,cpu_cores,pod=workload-cloud-6f545f89ff-sfz7x,0.0023579694964616805
1783699759,cpu_cores,pod=workload-cloud-6f545f89ff-sfz7x,0.002385073572689674
1783699129,cpu_cores,pod=workload-edge-7b875fd8c6-pxwvc,0.002647989050322261
1783699139,cpu_cores,pod=workload-edge-7b875fd8c6-pxwvc,0.0023529562741083213
1783699149,cpu_cores,pod=workload-edge-7b875fd8c6-pxwvc,0.002731223084593768
1783699159,cpu_cores,pod=workload-edge-7b875fd8c6-pxwvc,0.002717737249113537
1783699169,cpu_cores,pod=workload-edge-7b875fd8c6-pxwvc,0.002717737249113537
1783699179,cpu_cores,pod=workload-edge-7b875fd8c6-pxwvc,0.0027026456680611134
1783699189,cpu_cores,pod=workload-edge-7b875fd8c6-pxwvc,0.002657160098651071
1783699199,cpu_cores,pod=workload-edge-7b875fd8c6-pxwvc,0.002589772196565696
1783699209,cpu_cores,pod=workload-edge-7b875fd8c6-pxwvc,0.002589772196565696
1783699219,cpu_cores,pod=workload-edge-7b875fd8c6-pxwvc,0.002691367965128423
1783699229,cpu_cores,pod=workload-edge-7b875fd8c6-pxwvc,0.0026529594758859126
1783699239,cpu_cores,pod=workload-edge-7b875fd8c6-pxwvc,0.002809111838118626
1783699249,cpu_cores,pod=workload-edge-7b875fd8c6-pxwvc,0.0027530225769850894
1783699259,cpu_cores,pod=workload-edge-7b875fd8c6-pxwvc,0.0027115629618324434
1783699269,cpu_cores,pod=workload-edge-7b875fd8c6-pxwvc,0.002772869544677874
1783699279,cpu_cores,pod=workload-edge-7b875fd8c6-pxwvc,0.0027700059588508896
1783699289,cpu_cores,pod=workload-edge-7b875fd8c6-pxwvc,0.0027001884760403036
1783699299,cpu_cores,pod=workload-edge-7b875fd8c6-pxwvc,0.00275893376789698
1783699309,cpu_cores,pod=workload-edge-7b875fd8c6-pxwvc,0.0026923834335067435
1783699319,cpu_cores,pod=workload-edge-7b875fd8c6-pxwvc,0.0026923834335067435
1783699329,cpu_cores,pod=workload-edge-7b875fd8c6-pxwvc,0.0027615802386301044
1783699339,cpu_cores,pod=workload-edge-7b875fd8c6-pxwvc,0.0027562735257228867
1783699349,cpu_cores,pod=workload-edge-7b875fd8c6-pxwvc,0.0028057815967656927
1783699359,cpu_cores,pod=workload-edge-7b875fd8c6-pxwvc,0.0028479022955973598
1783699369,cpu_cores,pod=workload-edge-7b875fd8c6-pxwvc,0.0028340781273701937
1783699379,cpu_cores,pod=workload-edge-7b875fd8c6-pxwvc,0.002775997762773501
1783699389,cpu_cores,pod=workload-edge-7b875fd8c6-pxwvc,0.0027062108543434837
1783699399,cpu_cores,pod=workload-edge-7b875fd8c6-pxwvc,0.002785545410078564
1783699409,cpu_cores,pod=workload-edge-7b875fd8c6-pxwvc,0.00280023654642497
1783699419,cpu_cores,pod=workload-edge-7b875fd8c6-pxwvc,0.0028211256149072183
1783699429,cpu_cores,pod=workload-edge-7b875fd8c6-pxwvc,0.002875026410308295
1783699439,cpu_cores,pod=workload-edge-7b875fd8c6-pxwvc,0.0028397822472837494
1783699449,cpu_cores,pod=workload-edge-7b875fd8c6-pxwvc,0.002825633802814463
1783699459,cpu_cores,pod=workload-edge-7b875fd8c6-pxwvc,0.0027467299029806237
1783699469,cpu_cores,pod=workload-edge-7b875fd8c6-pxwvc,0.0027467299029806237
1783699479,cpu_cores,pod=workload-edge-7b875fd8c6-pxwvc,0.0027735653400277963
1783699489,cpu_cores,pod=workload-edge-7b875fd8c6-pxwvc,0.002812096260580463
1783699499,cpu_cores,pod=workload-edge-7b875fd8c6-pxwvc,0.002816576626335522
1783699509,cpu_cores,pod=workload-edge-7b875fd8c6-pxwvc,0.0028877970920474965
1783699519,cpu_cores,pod=workload-edge-7b875fd8c6-pxwvc,0.002948206767104052
1783699529,cpu_cores,pod=workload-edge-7b875fd8c6-pxwvc,0.0028818723404233117
1783699539,cpu_cores,pod=workload-edge-7b875fd8c6-pxwvc,0.002861457208015351
1783699549,cpu_cores,pod=workload-edge-7b875fd8c6-pxwvc,0.0029290528252654074
1783699559,cpu_cores,pod=workload-edge-7b875fd8c6-pxwvc,0.002873407986220399
1783699569,cpu_cores,pod=workload-edge-7b875fd8c6-pxwvc,0.0029190042911632834
1783699579,cpu_cores,pod=workload-edge-7b875fd8c6-pxwvc,0.0030034429473786645
1783699589,cpu_cores,pod=workload-edge-7b875fd8c6-pxwvc,0.0028808486562954282
1783699599,cpu_cores,pod=workload-edge-7b875fd8c6-pxwvc,0.0023713945785017176
1783699609,cpu_cores,pod=workload-edge-7b875fd8c6-pxwvc,0.002775142519092455
1783699619,cpu_cores,pod=workload-edge-7b875fd8c6-pxwvc,0.002769523625471925
1783699629,cpu_cores,pod=workload-edge-7b875fd8c6-pxwvc,0.002803076718164081
1783699639,cpu_cores,pod=workload-edge-7b875fd8c6-pxwvc,0.002803076718164081
1783699649,cpu_cores,pod=workload-edge-7b875fd8c6-pxwvc,0.002755457578649942
1783699659,cpu_cores,pod=workload-edge-7b875fd8c6-pxwvc,0.0027695532227449407
1783699669,cpu_cores,pod=workload-edge-7b875fd8c6-pxwvc,0.002774627408216007
1783699679,cpu_cores,pod=workload-edge-7b875fd8c6-pxwvc,0.0027087201698159833
1783699689,cpu_cores,pod=workload-edge-7b875fd8c6-pxwvc,0.002755834043070717
1783699699,cpu_cores,pod=workload-edge-7b875fd8c6-pxwvc,0.002773940702033865
1783699709,cpu_cores,pod=workload-edge-7b875fd8c6-pxwvc,0.0023688447125555768
1783699719,cpu_cores,pod=workload-edge-7b875fd8c6-pxwvc,0.002740761082776838
1783699729,cpu_cores,pod=workload-edge-7b875fd8c6-pxwvc,0.0027143836123876652
1783699739,cpu_cores,pod=workload-edge-7b875fd8c6-pxwvc,0.002686423316880383
1783699749,cpu_cores,pod=workload-edge-7b875fd8c6-pxwvc,0.0026316827344399765
1783699759,cpu_cores,pod=workload-edge-7b875fd8c6-pxwvc,0.002122645605689508
1783699329,cpu_utilisation,pod=workload-cloud-6f545f89ff-4vs87,0.24800018861209963
1783699339,cpu_utilisation,pod=workload-cloud-6f545f89ff-4vs87,0.3634851988568964
1783699349,cpu_utilisation,pod=workload-cloud-6f545f89ff-4vs87,0.8901308981633694
1783699359,cpu_utilisation,pod=workload-cloud-6f545f89ff-4vs87,1.1060631487916406
1783699369,cpu_utilisation,pod=workload-cloud-6f545f89ff-4vs87,1.6454600906082142
1783699379,cpu_utilisation,pod=workload-cloud-6f545f89ff-4vs87,1.9744924166943427
1783699389,cpu_utilisation,pod=workload-cloud-6f545f89ff-4vs87,2.09511899566495
1783699399,cpu_utilisation,pod=workload-cloud-6f545f89ff-4vs87,2.0946097416720724
1783699409,cpu_utilisation,pod=workload-cloud-6f545f89ff-4vs87,2.0845736171174987
1783699419,cpu_utilisation,pod=workload-cloud-6f545f89ff-4vs87,2.09108263525479
1783699429,cpu_utilisation,pod=workload-cloud-6f545f89ff-4vs87,2.092225603976662
1783699439,cpu_utilisation,pod=workload-cloud-6f545f89ff-4vs87,1.7635557384048497
1783699449,cpu_utilisation,pod=workload-cloud-6f545f89ff-4vs87,2.084190412131589
1783699459,cpu_utilisation,pod=workload-cloud-6f545f89ff-4vs87,2.0744541305874096
1783699469,cpu_utilisation,pod=workload-cloud-6f545f89ff-4vs87,2.079075457565921
1783699479,cpu_utilisation,pod=workload-cloud-6f545f89ff-4vs87,1.9674893934403994
1783699489,cpu_utilisation,pod=workload-cloud-6f545f89ff-4vs87,1.9024831983995494
1783699499,cpu_utilisation,pod=workload-cloud-6f545f89ff-4vs87,1.4883971332749453
1783699509,cpu_utilisation,pod=workload-cloud-6f545f89ff-4vs87,0.740665694627968
1783699519,cpu_utilisation,pod=workload-cloud-6f545f89ff-4vs87,0.740665694627968
1783699529,cpu_utilisation,pod=workload-cloud-6f545f89ff-4vs87,0.20784087816384028
1783699539,cpu_utilisation,pod=workload-cloud-6f545f89ff-4vs87,0.011769262787900523
1783699549,cpu_utilisation,pod=workload-cloud-6f545f89ff-4vs87,0.011769262787900523
1783699559,cpu_utilisation,pod=workload-cloud-6f545f89ff-4vs87,0.012190653394821137
1783699569,cpu_utilisation,pod=workload-cloud-6f545f89ff-4vs87,0.011827506532207521
1783699579,cpu_utilisation,pod=workload-cloud-6f545f89ff-4vs87,0.011827506532207521
1783699589,cpu_utilisation,pod=workload-cloud-6f545f89ff-4vs87,0.011922680412371276
1783699599,cpu_utilisation,pod=workload-cloud-6f545f89ff-4vs87,0.011641461456102904
1783699609,cpu_utilisation,pod=workload-cloud-6f545f89ff-4vs87,0.011641461456102904
1783699619,cpu_utilisation,pod=workload-cloud-6f545f89ff-4vs87,0.011538075496399134
1783699629,cpu_utilisation,pod=workload-cloud-6f545f89ff-4vs87,0.011670886075949814
1783699639,cpu_utilisation,pod=workload-cloud-6f545f89ff-4vs87,0.011670886075949814
1783699649,cpu_utilisation,pod=workload-cloud-6f545f89ff-4vs87,0.011528288511807778
1783699659,cpu_utilisation,pod=workload-cloud-6f545f89ff-4vs87,0.011726622698909152
1783699669,cpu_utilisation,pod=workload-cloud-6f545f89ff-4vs87,0.011726622698909152
1783699679,cpu_utilisation,pod=workload-cloud-6f545f89ff-4vs87,0.011602656723373322
1783699689,cpu_utilisation,pod=workload-cloud-6f545f89ff-4vs87,0.011718193510090869
1783699699,cpu_utilisation,pod=workload-cloud-6f545f89ff-4vs87,0.012121085138557896
1783699709,cpu_utilisation,pod=workload-cloud-6f545f89ff-4vs87,0.01089989937866707
1783699719,cpu_utilisation,pod=workload-cloud-6f545f89ff-4vs87,0.012615498866508534
1783699729,cpu_utilisation,pod=workload-cloud-6f545f89ff-4vs87,0.012408281652847132
1783699739,cpu_utilisation,pod=workload-cloud-6f545f89ff-4vs87,0.012445763535351614
1783699749,cpu_utilisation,pod=workload-cloud-6f545f89ff-4vs87,0.012338476161003477
1783699759,cpu_utilisation,pod=workload-cloud-6f545f89ff-4vs87,0.012239623121976517
1783699249,cpu_utilisation,pod=workload-cloud-6f545f89ff-bp8kc,0.107671788263967
1783699259,cpu_utilisation,pod=workload-cloud-6f545f89ff-bp8kc,0.12047275880961024
1783699269,cpu_utilisation,pod=workload-cloud-6f545f89ff-bp8kc,0.14565671476833972
1783699279,cpu_utilisation,pod=workload-cloud-6f545f89ff-bp8kc,0.14642684722222218
1783699289,cpu_utilisation,pod=workload-cloud-6f545f89ff-bp8kc,0.22070319432120677
1783699299,cpu_utilisation,pod=workload-cloud-6f545f89ff-bp8kc,0.24111995997999
1783699309,cpu_utilisation,pod=workload-cloud-6f545f89ff-bp8kc,0.2207191860098571
1783699319,cpu_utilisation,pod=workload-cloud-6f545f89ff-bp8kc,0.3169833245798319
1783699329,cpu_utilisation,pod=workload-cloud-6f545f89ff-bp8kc,0.36222754885457076
1783699339,cpu_utilisation,pod=workload-cloud-6f545f89ff-bp8kc,0.5838735482234423
1783699349,cpu_utilisation,pod=workload-cloud-6f545f89ff-bp8kc,0.6576813525060873
1783699359,cpu_utilisation,pod=workload-cloud-6f545f89ff-bp8kc,1.2452182952182953
1783699369,cpu_utilisation,pod=workload-cloud-6f545f89ff-bp8kc,1.3500371432643314
1783699379,cpu_utilisation,pod=workload-cloud-6f545f89ff-bp8kc,1.6376972432607058
1783699389,cpu_utilisation,pod=workload-cloud-6f545f89ff-bp8kc,1.7793620531843146
1783699399,cpu_utilisation,pod=workload-cloud-6f545f89ff-bp8kc,1.7785628544885583
1783699409,cpu_utilisation,pod=workload-cloud-6f545f89ff-bp8kc,1.7785628544885583
1783699419,cpu_utilisation,pod=workload-cloud-6f545f89ff-bp8kc,1.7989799500366115
1783699429,cpu_utilisation,pod=workload-cloud-6f545f89ff-bp8kc,1.7704557874354556
1783699439,cpu_utilisation,pod=workload-cloud-6f545f89ff-bp8kc,1.5139250482589774
1783699449,cpu_utilisation,pod=workload-cloud-6f545f89ff-bp8kc,1.7699192915725663
1783699459,cpu_utilisation,pod=workload-cloud-6f545f89ff-bp8kc,1.7493062366806167
1783699469,cpu_utilisation,pod=workload-cloud-6f545f89ff-bp8kc,1.7140300334683807
1783699479,cpu_utilisation,pod=workload-cloud-6f545f89ff-bp8kc,1.7080493416707034
1783699489,cpu_utilisation,pod=workload-cloud-6f545f89ff-bp8kc,1.5869937422941816
1783699499,cpu_utilisation,pod=workload-cloud-6f545f89ff-bp8kc,1.123455717183173
1783699509,cpu_utilisation,pod=workload-cloud-6f545f89ff-bp8kc,0.9540461842173621
1783699519,cpu_utilisation,pod=workload-cloud-6f545f89ff-bp8kc,0.6491847009317706
1783699529,cpu_utilisation,pod=workload-cloud-6f545f89ff-bp8kc,0.3687000196966714
1783699539,cpu_utilisation,pod=workload-cloud-6f545f89ff-bp8kc,0.3624380332483071
1783699549,cpu_utilisation,pod=workload-cloud-6f545f89ff-bp8kc,0.31784008863217617
1783699559,cpu_utilisation,pod=workload-cloud-6f545f89ff-bp8kc,0.33396949662267017
1783699569,cpu_utilisation,pod=workload-cloud-6f545f89ff-bp8kc,0.2855407216639052
1783699579,cpu_utilisation,pod=workload-cloud-6f545f89ff-bp8kc,0.33810251418922194
1783699589,cpu_utilisation,pod=workload-cloud-6f545f89ff-bp8kc,0.33108392664509223
1783699599,cpu_utilisation,pod=workload-cloud-6f545f89ff-bp8kc,0.3204569383987786
1783699609,cpu_utilisation,pod=workload-cloud-6f545f89ff-bp8kc,0.3187631800927873
1783699619,cpu_utilisation,pod=workload-cloud-6f545f89ff-bp8kc,0.3104151817533853
1783699629,cpu_utilisation,pod=workload-cloud-6f545f89ff-bp8kc,0.26731214248774904
1783699639,cpu_utilisation,pod=workload-cloud-6f545f89ff-bp8kc,0.3037726780767883
1783699649,cpu_utilisation,pod=workload-cloud-6f545f89ff-bp8kc,0.30071092506745956
1783699659,cpu_utilisation,pod=workload-cloud-6f545f89ff-bp8kc,0.30242879269421136
1783699669,cpu_utilisation,pod=workload-cloud-6f545f89ff-bp8kc,0.3043374990195817
1783699679,cpu_utilisation,pod=workload-cloud-6f545f89ff-bp8kc,0.2567345081272628
1783699689,cpu_utilisation,pod=workload-cloud-6f545f89ff-bp8kc,0.3087781210126922
1783699699,cpu_utilisation,pod=workload-cloud-6f545f89ff-bp8kc,0.19300137499999973
1783699709,cpu_utilisation,pod=workload-cloud-6f545f89ff-bp8kc,0.18802696964748142
1783699719,cpu_utilisation,pod=workload-cloud-6f545f89ff-bp8kc,0.09479126578119794
1783699729,cpu_utilisation,pod=workload-cloud-6f545f89ff-bp8kc,0.07688130021913701
1783699739,cpu_utilisation,pod=workload-cloud-6f545f89ff-bp8kc,0.014626015048796962
1783699749,cpu_utilisation,pod=workload-cloud-6f545f89ff-bp8kc,0.012345800343281045
1783699759,cpu_utilisation,pod=workload-cloud-6f545f89ff-bp8kc,0.011987002185644241
1783699329,cpu_utilisation,pod=workload-cloud-6f545f89ff-q647k,0.22980832451590594
1783699339,cpu_utilisation,pod=workload-cloud-6f545f89ff-q647k,0.49303580073146647
1783699349,cpu_utilisation,pod=workload-cloud-6f545f89ff-q647k,0.7770931949629157
1783699359,cpu_utilisation,pod=workload-cloud-6f545f89ff-q647k,0.9653748107921147
1783699369,cpu_utilisation,pod=workload-cloud-6f545f89ff-q647k,1.3189934657757092
1783699379,cpu_utilisation,pod=workload-cloud-6f545f89ff-q647k,1.59688044109112
1783699389,cpu_utilisation,pod=workload-cloud-6f545f89ff-q647k,1.6651023067741701
1783699399,cpu_utilisation,pod=workload-cloud-6f545f89ff-q647k,1.6711320671669712
1783699409,cpu_utilisation,pod=workload-cloud-6f545f89ff-q647k,1.372377763749501
1783699419,cpu_utilisation,pod=workload-cloud-6f545f89ff-q647k,1.675812119121536
1783699429,cpu_utilisation,pod=workload-cloud-6f545f89ff-q647k,1.6895766623695263
1783699439,cpu_utilisation,pod=workload-cloud-6f545f89ff-q647k,1.7040648889976147
1783699449,cpu_utilisation,pod=workload-cloud-6f545f89ff-q647k,1.7674973092819006
1783699459,cpu_utilisation,pod=workload-cloud-6f545f89ff-q647k,1.4905598178936508
1783699469,cpu_utilisation,pod=workload-cloud-6f545f89ff-q647k,1.8101530325532855
1783699479,cpu_utilisation,pod=workload-cloud-6f545f89ff-q647k,1.7176657417500742
1783699489,cpu_utilisation,pod=workload-cloud-6f545f89ff-q647k,1.3855880452679186
1783699499,cpu_utilisation,pod=workload-cloud-6f545f89ff-q647k,1.3855880452679183
1783699509,cpu_utilisation,pod=workload-cloud-6f545f89ff-q647k,0.807319264151421
1783699519,cpu_utilisation,pod=workload-cloud-6f545f89ff-q647k,0.6432089432363515
1783699529,cpu_utilisation,pod=workload-cloud-6f545f89ff-q647k,0.15800082352941178
1783699539,cpu_utilisation,pod=workload-cloud-6f545f89ff-q647k,0.014859084339596259
1783699549,cpu_utilisation,pod=workload-cloud-6f545f89ff-q647k,0.009143802214180438
1783699559,cpu_utilisation,pod=workload-cloud-6f545f89ff-q647k,0.012074148296592818
1783699569,cpu_utilisation,pod=workload-cloud-6f545f89ff-q647k,0.012132938515016836
1783699579,cpu_utilisation,pod=workload-cloud-6f545f89ff-q647k,0.01232908733654013
1783699589,cpu_utilisation,pod=workload-cloud-6f545f89ff-q647k,0.012507470629170627
1783699599,cpu_utilisation,pod=workload-cloud-6f545f89ff-q647k,0.011767574627651812
1783699609,cpu_utilisation,pod=workload-cloud-6f545f89ff-q647k,0.011767574627651812
1783699619,cpu_utilisation,pod=workload-cloud-6f545f89ff-q647k,0.011373187800486458
1783699629,cpu_utilisation,pod=workload-cloud-6f545f89ff-q647k,0.011259704349675367
1783699639,cpu_utilisation,pod=workload-cloud-6f545f89ff-q647k,0.011186543969772395
1783699649,cpu_utilisation,pod=workload-cloud-6f545f89ff-q647k,0.011308777065328533
1783699659,cpu_utilisation,pod=workload-cloud-6f545f89ff-q647k,0.009351005119089218
1783699669,cpu_utilisation,pod=workload-cloud-6f545f89ff-q647k,0.011831265636686752
1783699679,cpu_utilisation,pod=workload-cloud-6f545f89ff-q647k,0.011935700669631623
1783699689,cpu_utilisation,pod=workload-cloud-6f545f89ff-q647k,0.012072232429949726
1783699699,cpu_utilisation,pod=workload-cloud-6f545f89ff-q647k,0.010091129940833903
1783699709,cpu_utilisation,pod=workload-cloud-6f545f89ff-q647k,0.012242862456989214
1783699719,cpu_utilisation,pod=workload-cloud-6f545f89ff-q647k,0.012412404787812808
1783699729,cpu_utilisation,pod=workload-cloud-6f545f89ff-q647k,0.01221089590108288
1783699739,cpu_utilisation,pod=workload-cloud-6f545f89ff-q647k,0.01212093377542741
1783699749,cpu_utilisation,pod=workload-cloud-6f545f89ff-q647k,0.011626281567347362
1783699759,cpu_utilisation,pod=workload-cloud-6f545f89ff-q647k,0.011669802445907984
1783699209,cpu_utilisation,pod=workload-cloud-6f545f89ff-qxmq8,0.09027237438189932
1783699219,cpu_utilisation,pod=workload-cloud-6f545f89ff-qxmq8,0.08081424999999999
1783699229,cpu_utilisation,pod=workload-cloud-6f545f89ff-qxmq8,0.07485019466403162
1783699239,cpu_utilisation,pod=workload-cloud-6f545f89ff-qxmq8,0.07196481078367775
1783699249,cpu_utilisation,pod=workload-cloud-6f545f89ff-qxmq8,0.03621460214895856
1783699259,cpu_utilisation,pod=workload-cloud-6f545f89ff-qxmq8,0.029637728610356445
1783699269,cpu_utilisation,pod=workload-cloud-6f545f89ff-qxmq8,0.13761979077763417
1783699279,cpu_utilisation,pod=workload-cloud-6f545f89ff-qxmq8,0.17847403382766125
1783699289,cpu_utilisation,pod=workload-cloud-6f545f89ff-qxmq8,0.22254210142026049
1783699299,cpu_utilisation,pod=workload-cloud-6f545f89ff-qxmq8,0.32440481258488923
1783699309,cpu_utilisation,pod=workload-cloud-6f545f89ff-qxmq8,0.41753353012898675
1783699319,cpu_utilisation,pod=workload-cloud-6f545f89ff-qxmq8,0.41753353012898675
1783699329,cpu_utilisation,pod=workload-cloud-6f545f89ff-qxmq8,0.587465724886411
1783699339,cpu_utilisation,pod=workload-cloud-6f545f89ff-qxmq8,0.6576662670463058
1783699349,cpu_utilisation,pod=workload-cloud-6f545f89ff-qxmq8,0.865033092290722
1783699359,cpu_utilisation,pod=workload-cloud-6f545f89ff-qxmq8,1.223801917921221
1783699369,cpu_utilisation,pod=workload-cloud-6f545f89ff-qxmq8,1.41117898081236
1783699379,cpu_utilisation,pod=workload-cloud-6f545f89ff-qxmq8,1.4644780248790896
1783699389,cpu_utilisation,pod=workload-cloud-6f545f89ff-qxmq8,1.5673934591074505
1783699399,cpu_utilisation,pod=workload-cloud-6f545f89ff-qxmq8,1.5615207344822108
1783699409,cpu_utilisation,pod=workload-cloud-6f545f89ff-qxmq8,1.5836179003434716
1783699419,cpu_utilisation,pod=workload-cloud-6f545f89ff-qxmq8,1.5767678242567744
1783699429,cpu_utilisation,pod=workload-cloud-6f545f89ff-qxmq8,1.5739450790024745
1783699439,cpu_utilisation,pod=workload-cloud-6f545f89ff-qxmq8,1.555670476459244
1783699449,cpu_utilisation,pod=workload-cloud-6f545f89ff-qxmq8,1.5612000044097543
1783699459,cpu_utilisation,pod=workload-cloud-6f545f89ff-qxmq8,1.563442699135607
1783699469,cpu_utilisation,pod=workload-cloud-6f545f89ff-qxmq8,1.5523312859124228
1783699479,cpu_utilisation,pod=workload-cloud-6f545f89ff-qxmq8,1.486182905888218
1783699489,cpu_utilisation,pod=workload-cloud-6f545f89ff-qxmq8,1.449737102357013
1783699499,cpu_utilisation,pod=workload-cloud-6f545f89ff-qxmq8,1.2525858931025515
1783699509,cpu_utilisation,pod=workload-cloud-6f545f89ff-qxmq8,0.9729254457050246
1783699519,cpu_utilisation,pod=workload-cloud-6f545f89ff-qxmq8,0.9729254457050246
1783699529,cpu_utilisation,pod=workload-cloud-6f545f89ff-qxmq8,0.6945969040247681
1783699539,cpu_utilisation,pod=workload-cloud-6f545f89ff-qxmq8,0.6121334580403798
1783699549,cpu_utilisation,pod=workload-cloud-6f545f89ff-qxmq8,0.6337514500580028
1783699559,cpu_utilisation,pod=workload-cloud-6f545f89ff-qxmq8,0.6455733174379544
1783699569,cpu_utilisation,pod=workload-cloud-6f545f89ff-qxmq8,0.6647863674584827
1783699579,cpu_utilisation,pod=workload-cloud-6f545f89ff-qxmq8,0.6490984951572879
1783699589,cpu_utilisation,pod=workload-cloud-6f545f89ff-qxmq8,0.6368707230471267
1783699599,cpu_utilisation,pod=workload-cloud-6f545f89ff-qxmq8,0.6228384009119676
1783699609,cpu_utilisation,pod=workload-cloud-6f545f89ff-qxmq8,0.600244538739588
1783699619,cpu_utilisation,pod=workload-cloud-6f545f89ff-qxmq8,0.6022378171313734
1783699629,cpu_utilisation,pod=workload-cloud-6f545f89ff-qxmq8,0.5988140956876203
1783699639,cpu_utilisation,pod=workload-cloud-6f545f89ff-qxmq8,0.4875700897159846
1783699649,cpu_utilisation,pod=workload-cloud-6f545f89ff-qxmq8,0.5920340467300511
1783699659,cpu_utilisation,pod=workload-cloud-6f545f89ff-qxmq8,0.5144461868080827
1783699669,cpu_utilisation,pod=workload-cloud-6f545f89ff-qxmq8,0.5933771415160755
1783699679,cpu_utilisation,pod=workload-cloud-6f545f89ff-qxmq8,0.5956826989851918
1783699689,cpu_utilisation,pod=workload-cloud-6f545f89ff-qxmq8,0.5684613783280369
1783699699,cpu_utilisation,pod=workload-cloud-6f545f89ff-qxmq8,0.39460208854786416
1783699709,cpu_utilisation,pod=workload-cloud-6f545f89ff-qxmq8,0.20584060225298256
1783699719,cpu_utilisation,pod=workload-cloud-6f545f89ff-qxmq8,0.17125930743697956
1783699729,cpu_utilisation,pod=workload-cloud-6f545f89ff-qxmq8,0.032563996037200324
1783699739,cpu_utilisation,pod=workload-cloud-6f545f89ff-qxmq8,0.025239520958084283
1783699749,cpu_utilisation,pod=workload-cloud-6f545f89ff-qxmq8,0.012043708949315448
1783699759,cpu_utilisation,pod=workload-cloud-6f545f89ff-qxmq8,0.01206753017508729
1783699129,cpu_utilisation,pod=workload-cloud-6f545f89ff-r28zz,0.013252027689453983
1783699139,cpu_utilisation,pod=workload-cloud-6f545f89ff-r28zz,0.03123008813364755
1783699149,cpu_utilisation,pod=workload-cloud-6f545f89ff-r28zz,0.04136899494309782
1783699159,cpu_utilisation,pod=workload-cloud-6f545f89ff-r28zz,0.1352572858344054
1783699169,cpu_utilisation,pod=workload-cloud-6f545f89ff-r28zz,0.28823296563521694
1783699179,cpu_utilisation,pod=workload-cloud-6f545f89ff-r28zz,0.28823296563521694
1783699189,cpu_utilisation,pod=workload-cloud-6f545f89ff-r28zz,0.49758875840838473
1783699199,cpu_utilisation,pod=workload-cloud-6f545f89ff-r28zz,0.7060542924492283
1783699209,cpu_utilisation,pod=workload-cloud-6f545f89ff-r28zz,0.801919803953238
1783699219,cpu_utilisation,pod=workload-cloud-6f545f89ff-r28zz,0.8923087248322066
1783699229,cpu_utilisation,pod=workload-cloud-6f545f89ff-r28zz,1.035325695009892
1783699239,cpu_utilisation,pod=workload-cloud-6f545f89ff-r28zz,0.8821003680531362
1783699249,cpu_utilisation,pod=workload-cloud-6f545f89ff-r28zz,1.2448380558470762
1783699259,cpu_utilisation,pod=workload-cloud-6f545f89ff-r28zz,1.38504581519816
1783699269,cpu_utilisation,pod=workload-cloud-6f545f89ff-r28zz,1.4455045162430158
1783699279,cpu_utilisation,pod=workload-cloud-6f545f89ff-r28zz,1.445504516243016
1783699289,cpu_utilisation,pod=workload-cloud-6f545f89ff-r28zz,1.3964001019604217
1783699299,cpu_utilisation,pod=workload-cloud-6f545f89ff-r28zz,1.4152849269484702
1783699309,cpu_utilisation,pod=workload-cloud-6f545f89ff-r28zz,1.399881748316634
1783699319,cpu_utilisation,pod=workload-cloud-6f545f89ff-r28zz,1.4947259256068535
1783699329,cpu_utilisation,pod=workload-cloud-6f545f89ff-r28zz,1.564166142852434
1783699339,cpu_utilisation,pod=workload-cloud-6f545f89ff-r28zz,1.6974187632647222
1783699349,cpu_utilisation,pod=workload-cloud-6f545f89ff-r28zz,1.9338692661518393
1783699359,cpu_utilisation,pod=workload-cloud-6f545f89ff-r28zz,2.074105228304726
1783699369,cpu_utilisation,pod=workload-cloud-6f545f89ff-r28zz,2.1876146089314457
1783699379,cpu_utilisation,pod=workload-cloud-6f545f89ff-r28zz,2.372704232522067
1783699389,cpu_utilisation,pod=workload-cloud-6f545f89ff-r28zz,2.3795803044596155
1783699399,cpu_utilisation,pod=workload-cloud-6f545f89ff-r28zz,2.4098045750830264
1783699409,cpu_utilisation,pod=workload-cloud-6f545f89ff-r28zz,2.3961864991552884
1783699419,cpu_utilisation,pod=workload-cloud-6f545f89ff-r28zz,2.400902898808462
1783699429,cpu_utilisation,pod=workload-cloud-6f545f89ff-r28zz,2.3996252108117906
1783699439,cpu_utilisation,pod=workload-cloud-6f545f89ff-r28zz,2.415122950819671
1783699449,cpu_utilisation,pod=workload-cloud-6f545f89ff-r28zz,2.450679327808475
1783699459,cpu_utilisation,pod=workload-cloud-6f545f89ff-r28zz,2.4506793278084755
1783699469,cpu_utilisation,pod=workload-cloud-6f545f89ff-r28zz,2.4656182991316173
1783699479,cpu_utilisation,pod=workload-cloud-6f545f89ff-r28zz,2.081229022844784
1783699489,cpu_utilisation,pod=workload-cloud-6f545f89ff-r28zz,2.325796518739848
1783699499,cpu_utilisation,pod=workload-cloud-6f545f89ff-r28zz,2.104420216430908
1783699509,cpu_utilisation,pod=workload-cloud-6f545f89ff-r28zz,1.8516188234818691
1783699519,cpu_utilisation,pod=workload-cloud-6f545f89ff-r28zz,1.8516188234818691
1783699529,cpu_utilisation,pod=workload-cloud-6f545f89ff-r28zz,1.6363602517148501
1783699539,cpu_utilisation,pod=workload-cloud-6f545f89ff-r28zz,1.5412829216423878
1783699549,cpu_utilisation,pod=workload-cloud-6f545f89ff-r28zz,1.5837784275503721
1783699559,cpu_utilisation,pod=workload-cloud-6f545f89ff-r28zz,1.6337904352776882
1783699569,cpu_utilisation,pod=workload-cloud-6f545f89ff-r28zz,1.668972326947234
1783699579,cpu_utilisation,pod=workload-cloud-6f545f89ff-r28zz,1.3429524909808166
1783699589,cpu_utilisation,pod=workload-cloud-6f545f89ff-r28zz,1.6383183013101479
1783699599,cpu_utilisation,pod=workload-cloud-6f545f89ff-r28zz,1.5474765912321435
1783699609,cpu_utilisation,pod=workload-cloud-6f545f89ff-r28zz,1.2612023987961019
1783699619,cpu_utilisation,pod=workload-cloud-6f545f89ff-r28zz,1.5288918091138675
1783699629,cpu_utilisation,pod=workload-cloud-6f545f89ff-r28zz,1.5108224492138238
1783699639,cpu_utilisation,pod=workload-cloud-6f545f89ff-r28zz,1.5174966308441868
1783699649,cpu_utilisation,pod=workload-cloud-6f545f89ff-r28zz,1.5160785514035342
1783699659,cpu_utilisation,pod=workload-cloud-6f545f89ff-r28zz,1.4852032218409217
1783699669,cpu_utilisation,pod=workload-cloud-6f545f89ff-r28zz,1.501301704309785
1783699679,cpu_utilisation,pod=workload-cloud-6f545f89ff-r28zz,1.5238120564157391
1783699689,cpu_utilisation,pod=workload-cloud-6f545f89ff-r28zz,1.5188984256216558
1783699699,cpu_utilisation,pod=workload-cloud-6f545f89ff-r28zz,1.5213842771677493
1783699709,cpu_utilisation,pod=workload-cloud-6f545f89ff-r28zz,1.1886509018328861
1783699719,cpu_utilisation,pod=workload-cloud-6f545f89ff-r28zz,1.011842381993305
1783699729,cpu_utilisation,pod=workload-cloud-6f545f89ff-r28zz,0.5630407826496933
1783699739,cpu_utilisation,pod=workload-cloud-6f545f89ff-r28zz,0.1754632238236078
1783699749,cpu_utilisation,pod=workload-cloud-6f545f89ff-r28zz,0.13154058192957127
1783699759,cpu_utilisation,pod=workload-cloud-6f545f89ff-r28zz,0.012756664901137745
1783699289,cpu_utilisation,pod=workload-cloud-6f545f89ff-sfz7x,0.056513854046742786
1783699299,cpu_utilisation,pod=workload-cloud-6f545f89ff-sfz7x,0.10343342247805984
1783699309,cpu_utilisation,pod=workload-cloud-6f545f89ff-sfz7x,0.10915776629927287
1783699319,cpu_utilisation,pod=workload-cloud-6f545f89ff-sfz7x,0.1417809459756253
1783699329,cpu_utilisation,pod=workload-cloud-6f545f89ff-sfz7x,0.13727394444444446
1783699339,cpu_utilisation,pod=workload-cloud-6f545f89ff-sfz7x,0.4826980993157004
1783699349,cpu_utilisation,pod=workload-cloud-6f545f89ff-sfz7x,0.916636568929192
1783699359,cpu_utilisation,pod=workload-cloud-6f545f89ff-sfz7x,1.021835251954822
1783699369,cpu_utilisation,pod=workload-cloud-6f545f89ff-sfz7x,1.5412662521198417
1783699379,cpu_utilisation,pod=workload-cloud-6f545f89ff-sfz7x,1.8619862745098037
1783699389,cpu_utilisation,pod=workload-cloud-6f545f89ff-sfz7x,1.8749401111260644
1783699399,cpu_utilisation,pod=workload-cloud-6f545f89ff-sfz7x,1.9324231002035988
1783699409,cpu_utilisation,pod=workload-cloud-6f545f89ff-sfz7x,1.893536808725841
1783699419,cpu_utilisation,pod=workload-cloud-6f545f89ff-sfz7x,1.906814870046868
1783699429,cpu_utilisation,pod=workload-cloud-6f545f89ff-sfz7x,1.88659218187475
1783699439,cpu_utilisation,pod=workload-cloud-6f545f89ff-sfz7x,1.88659218187475
1783699449,cpu_utilisation,pod=workload-cloud-6f545f89ff-sfz7x,1.8772346101231188
1783699459,cpu_utilisation,pod=workload-cloud-6f545f89ff-sfz7x,1.8680760576887612
1783699469,cpu_utilisation,pod=workload-cloud-6f545f89ff-sfz7x,1.8478535439892396
1783699479,cpu_utilisation,pod=workload-cloud-6f545f89ff-sfz7x,1.8179648975203906
1783699489,cpu_utilisation,pod=workload-cloud-6f545f89ff-sfz7x,1.549136566179583
1783699499,cpu_utilisation,pod=workload-cloud-6f545f89ff-sfz7x,1.2511378073387638
1783699509,cpu_utilisation,pod=workload-cloud-6f545f89ff-sfz7x,1.1123346925536348
1783699519,cpu_utilisation,pod=workload-cloud-6f545f89ff-sfz7x,0.5200540071257834
1783699529,cpu_utilisation,pod=workload-cloud-6f545f89ff-sfz7x,0.43875843676097415
1783699539,cpu_utilisation,pod=workload-cloud-6f545f89ff-sfz7x,0.22885578475744203
1783699549,cpu_utilisation,pod=workload-cloud-6f545f89ff-sfz7x,0.1802035331070682
1783699559,cpu_utilisation,pod=workload-cloud-6f545f89ff-sfz7x,0.1834075511412223
1783699569,cpu_utilisation,pod=workload-cloud-6f545f89ff-sfz7x,0.1851268420478118
1783699579,cpu_utilisation,pod=workload-cloud-6f545f89ff-sfz7x,0.18627664211806297
1783699589,cpu_utilisation,pod=workload-cloud-6f545f89ff-sfz7x,0.15173476971705874
1783699599,cpu_utilisation,pod=workload-cloud-6f545f89ff-sfz7x,0.1791055257626648
1783699609,cpu_utilisation,pod=workload-cloud-6f545f89ff-sfz7x,0.15317922541399034
1783699619,cpu_utilisation,pod=workload-cloud-6f545f89ff-sfz7x,0.17473892531584884
1783699629,cpu_utilisation,pod=workload-cloud-6f545f89ff-sfz7x,0.17290691750320727
1783699639,cpu_utilisation,pod=workload-cloud-6f545f89ff-sfz7x,0.17287494997528177
1783699649,cpu_utilisation,pod=workload-cloud-6f545f89ff-sfz7x,0.17176080956761786
1783699659,cpu_utilisation,pod=workload-cloud-6f545f89ff-sfz7x,0.17195891022778034
1783699669,cpu_utilisation,pod=workload-cloud-6f545f89ff-sfz7x,0.1708196448001115
1783699679,cpu_utilisation,pod=workload-cloud-6f545f89ff-sfz7x,0.17157575686513626
1783699689,cpu_utilisation,pod=workload-cloud-6f545f89ff-sfz7x,0.15406038547035655
1783699699,cpu_utilisation,pod=workload-cloud-6f545f89ff-sfz7x,0.11245972396919161
1783699709,cpu_utilisation,pod=workload-cloud-6f545f89ff-sfz7x,0.0892495440657478
1783699719,cpu_utilisation,pod=workload-cloud-6f545f89ff-sfz7x,0.0431590649942992
1783699729,cpu_utilisation,pod=workload-cloud-6f545f89ff-sfz7x,0.011881132208654513
1783699739,cpu_utilisation,pod=workload-cloud-6f545f89ff-sfz7x,0.012117863556353423
1783699749,cpu_utilisation,pod=workload-cloud-6f545f89ff-sfz7x,0.011789847482308402
1783699759,cpu_utilisation,pod=workload-cloud-6f545f89ff-sfz7x,0.01192536786344837
1783699129,cpu_utilisation,pod=workload-edge-7b875fd8c6-pxwvc,0.02647989050322261
1783699139,cpu_utilisation,pod=workload-edge-7b875fd8c6-pxwvc,0.023529562741083213
1783699149,cpu_utilisation,pod=workload-edge-7b875fd8c6-pxwvc,0.027312230845937677
1783699159,cpu_utilisation,pod=workload-edge-7b875fd8c6-pxwvc,0.02717737249113537
1783699169,cpu_utilisation,pod=workload-edge-7b875fd8c6-pxwvc,0.02717737249113537
1783699179,cpu_utilisation,pod=workload-edge-7b875fd8c6-pxwvc,0.027026456680611134
1783699189,cpu_utilisation,pod=workload-edge-7b875fd8c6-pxwvc,0.026571600986510707
1783699199,cpu_utilisation,pod=workload-edge-7b875fd8c6-pxwvc,0.02589772196565696
1783699209,cpu_utilisation,pod=workload-edge-7b875fd8c6-pxwvc,0.02589772196565696
1783699219,cpu_utilisation,pod=workload-edge-7b875fd8c6-pxwvc,0.026913679651284227
1783699229,cpu_utilisation,pod=workload-edge-7b875fd8c6-pxwvc,0.026529594758859125
1783699239,cpu_utilisation,pod=workload-edge-7b875fd8c6-pxwvc,0.02809111838118626
1783699249,cpu_utilisation,pod=workload-edge-7b875fd8c6-pxwvc,0.027530225769850893
1783699259,cpu_utilisation,pod=workload-edge-7b875fd8c6-pxwvc,0.027115629618324432
1783699269,cpu_utilisation,pod=workload-edge-7b875fd8c6-pxwvc,0.027728695446778737
1783699279,cpu_utilisation,pod=workload-edge-7b875fd8c6-pxwvc,0.027700059588508893
1783699289,cpu_utilisation,pod=workload-edge-7b875fd8c6-pxwvc,0.027001884760403036
1783699299,cpu_utilisation,pod=workload-edge-7b875fd8c6-pxwvc,0.027589337678969796
1783699309,cpu_utilisation,pod=workload-edge-7b875fd8c6-pxwvc,0.026923834335067433
1783699319,cpu_utilisation,pod=workload-edge-7b875fd8c6-pxwvc,0.026923834335067433
1783699329,cpu_utilisation,pod=workload-edge-7b875fd8c6-pxwvc,0.02761580238630104
1783699339,cpu_utilisation,pod=workload-edge-7b875fd8c6-pxwvc,0.027562735257228865
1783699349,cpu_utilisation,pod=workload-edge-7b875fd8c6-pxwvc,0.028057815967656927
1783699359,cpu_utilisation,pod=workload-edge-7b875fd8c6-pxwvc,0.028479022955973595
1783699369,cpu_utilisation,pod=workload-edge-7b875fd8c6-pxwvc,0.028340781273701935
1783699379,cpu_utilisation,pod=workload-edge-7b875fd8c6-pxwvc,0.02775997762773501
1783699389,cpu_utilisation,pod=workload-edge-7b875fd8c6-pxwvc,0.027062108543434837
1783699399,cpu_utilisation,pod=workload-edge-7b875fd8c6-pxwvc,0.02785545410078564
1783699409,cpu_utilisation,pod=workload-edge-7b875fd8c6-pxwvc,0.0280023654642497
1783699419,cpu_utilisation,pod=workload-edge-7b875fd8c6-pxwvc,0.028211256149072182
1783699429,cpu_utilisation,pod=workload-edge-7b875fd8c6-pxwvc,0.028750264103082946
1783699439,cpu_utilisation,pod=workload-edge-7b875fd8c6-pxwvc,0.02839782247283749
1783699449,cpu_utilisation,pod=workload-edge-7b875fd8c6-pxwvc,0.028256338028144628
1783699459,cpu_utilisation,pod=workload-edge-7b875fd8c6-pxwvc,0.027467299029806234
1783699469,cpu_utilisation,pod=workload-edge-7b875fd8c6-pxwvc,0.027467299029806234
1783699479,cpu_utilisation,pod=workload-edge-7b875fd8c6-pxwvc,0.027735653400277963
1783699489,cpu_utilisation,pod=workload-edge-7b875fd8c6-pxwvc,0.028120962605804628
1783699499,cpu_utilisation,pod=workload-edge-7b875fd8c6-pxwvc,0.028165766263355218
1783699509,cpu_utilisation,pod=workload-edge-7b875fd8c6-pxwvc,0.028877970920474963
1783699519,cpu_utilisation,pod=workload-edge-7b875fd8c6-pxwvc,0.029482067671040516
1783699529,cpu_utilisation,pod=workload-edge-7b875fd8c6-pxwvc,0.028818723404233117
1783699539,cpu_utilisation,pod=workload-edge-7b875fd8c6-pxwvc,0.02861457208015351
1783699549,cpu_utilisation,pod=workload-edge-7b875fd8c6-pxwvc,0.02929052825265407
1783699559,cpu_utilisation,pod=workload-edge-7b875fd8c6-pxwvc,0.028734079862203988
1783699569,cpu_utilisation,pod=workload-edge-7b875fd8c6-pxwvc,0.02919004291163283
1783699579,cpu_utilisation,pod=workload-edge-7b875fd8c6-pxwvc,0.030034429473786643
1783699589,cpu_utilisation,pod=workload-edge-7b875fd8c6-pxwvc,0.02880848656295428
1783699599,cpu_utilisation,pod=workload-edge-7b875fd8c6-pxwvc,0.023713945785017176
1783699609,cpu_utilisation,pod=workload-edge-7b875fd8c6-pxwvc,0.02775142519092455
1783699619,cpu_utilisation,pod=workload-edge-7b875fd8c6-pxwvc,0.027695236254719247
1783699629,cpu_utilisation,pod=workload-edge-7b875fd8c6-pxwvc,0.028030767181640808
1783699639,cpu_utilisation,pod=workload-edge-7b875fd8c6-pxwvc,0.028030767181640808
1783699649,cpu_utilisation,pod=workload-edge-7b875fd8c6-pxwvc,0.02755457578649942
1783699659,cpu_utilisation,pod=workload-edge-7b875fd8c6-pxwvc,0.027695532227449405
1783699669,cpu_utilisation,pod=workload-edge-7b875fd8c6-pxwvc,0.02774627408216007
1783699679,cpu_utilisation,pod=workload-edge-7b875fd8c6-pxwvc,0.02708720169815983
1783699689,cpu_utilisation,pod=workload-edge-7b875fd8c6-pxwvc,0.02755834043070717
1783699699,cpu_utilisation,pod=workload-edge-7b875fd8c6-pxwvc,0.027739407020338648
1783699709,cpu_utilisation,pod=workload-edge-7b875fd8c6-pxwvc,0.023688447125555765
1783699719,cpu_utilisation,pod=workload-edge-7b875fd8c6-pxwvc,0.027407610827768377
1783699729,cpu_utilisation,pod=workload-edge-7b875fd8c6-pxwvc,0.02714383612387665
1783699739,cpu_utilisation,pod=workload-edge-7b875fd8c6-pxwvc,0.026864233168803826
1783699749,cpu_utilisation,pod=workload-edge-7b875fd8c6-pxwvc,0.026316827344399763
1783699759,cpu_utilisation,pod=workload-edge-7b875fd8c6-pxwvc,0.021226456056895077
1783699309,mem_mib,pod=workload-cloud-6f545f89ff-4vs87,3.03515625
1783699319,mem_mib,pod=workload-cloud-6f545f89ff-4vs87,3.03515625
1783699329,mem_mib,pod=workload-cloud-6f545f89ff-4vs87,35.546875
1783699339,mem_mib,pod=workload-cloud-6f545f89ff-4vs87,35.546875
1783699349,mem_mib,pod=workload-cloud-6f545f89ff-4vs87,37.41015625
1783699359,mem_mib,pod=workload-cloud-6f545f89ff-4vs87,37.41015625
1783699369,mem_mib,pod=workload-cloud-6f545f89ff-4vs87,37.83984375
1783699379,mem_mib,pod=workload-cloud-6f545f89ff-4vs87,38.125
1783699389,mem_mib,pod=workload-cloud-6f545f89ff-4vs87,38.125
1783699399,mem_mib,pod=workload-cloud-6f545f89ff-4vs87,37.67578125
1783699409,mem_mib,pod=workload-cloud-6f545f89ff-4vs87,37.67578125
1783699419,mem_mib,pod=workload-cloud-6f545f89ff-4vs87,37.69921875
1783699429,mem_mib,pod=workload-cloud-6f545f89ff-4vs87,38.703125
1783699439,mem_mib,pod=workload-cloud-6f545f89ff-4vs87,38.703125
1783699449,mem_mib,pod=workload-cloud-6f545f89ff-4vs87,38.01171875
1783699459,mem_mib,pod=workload-cloud-6f545f89ff-4vs87,38.01171875
1783699469,mem_mib,pod=workload-cloud-6f545f89ff-4vs87,38.2578125
1783699479,mem_mib,pod=workload-cloud-6f545f89ff-4vs87,37.6953125
1783699489,mem_mib,pod=workload-cloud-6f545f89ff-4vs87,37.6953125
1783699499,mem_mib,pod=workload-cloud-6f545f89ff-4vs87,37.14453125
1783699509,mem_mib,pod=workload-cloud-6f545f89ff-4vs87,37.0078125
1783699519,mem_mib,pod=workload-cloud-6f545f89ff-4vs87,37.0078125
1783699529,mem_mib,pod=workload-cloud-6f545f89ff-4vs87,37.0078125
1783699539,mem_mib,pod=workload-cloud-6f545f89ff-4vs87,37.0078125
1783699549,mem_mib,pod=workload-cloud-6f545f89ff-4vs87,37.0078125
1783699559,mem_mib,pod=workload-cloud-6f545f89ff-4vs87,37.0078125
1783699569,mem_mib,pod=workload-cloud-6f545f89ff-4vs87,37.0078125
1783699579,mem_mib,pod=workload-cloud-6f545f89ff-4vs87,37.0078125
1783699589,mem_mib,pod=workload-cloud-6f545f89ff-4vs87,37.0078125
1783699599,mem_mib,pod=workload-cloud-6f545f89ff-4vs87,37.0078125
1783699609,mem_mib,pod=workload-cloud-6f545f89ff-4vs87,37.0078125
1783699619,mem_mib,pod=workload-cloud-6f545f89ff-4vs87,37.0078125
1783699629,mem_mib,pod=workload-cloud-6f545f89ff-4vs87,37.01171875
1783699639,mem_mib,pod=workload-cloud-6f545f89ff-4vs87,37.01171875
1783699649,mem_mib,pod=workload-cloud-6f545f89ff-4vs87,37.0078125
1783699659,mem_mib,pod=workload-cloud-6f545f89ff-4vs87,37.0078125
1783699669,mem_mib,pod=workload-cloud-6f545f89ff-4vs87,37.0078125
1783699679,mem_mib,pod=workload-cloud-6f545f89ff-4vs87,37.0078125
1783699689,mem_mib,pod=workload-cloud-6f545f89ff-4vs87,37.0078125
1783699699,mem_mib,pod=workload-cloud-6f545f89ff-4vs87,37.0078125
1783699709,mem_mib,pod=workload-cloud-6f545f89ff-4vs87,37.0078125
1783699719,mem_mib,pod=workload-cloud-6f545f89ff-4vs87,37.0078125
1783699729,mem_mib,pod=workload-cloud-6f545f89ff-4vs87,37.0078125
1783699739,mem_mib,pod=workload-cloud-6f545f89ff-4vs87,37.0078125
1783699749,mem_mib,pod=workload-cloud-6f545f89ff-4vs87,37.0078125
1783699759,mem_mib,pod=workload-cloud-6f545f89ff-4vs87,37.0078125
1783699229,mem_mib,pod=workload-cloud-6f545f89ff-bp8kc,3.25
1783699239,mem_mib,pod=workload-cloud-6f545f89ff-bp8kc,3.25
1783699249,mem_mib,pod=workload-cloud-6f545f89ff-bp8kc,35.1328125
1783699259,mem_mib,pod=workload-cloud-6f545f89ff-bp8kc,35.21875
1783699269,mem_mib,pod=workload-cloud-6f545f89ff-bp8kc,35.27734375
1783699279,mem_mib,pod=workload-cloud-6f545f89ff-bp8kc,35.27734375
1783699289,mem_mib,pod=workload-cloud-6f545f89ff-bp8kc,35.6875
1783699299,mem_mib,pod=workload-cloud-6f545f89ff-bp8kc,35.57421875
1783699309,mem_mib,pod=workload-cloud-6f545f89ff-bp8kc,35.57421875
1783699319,mem_mib,pod=workload-cloud-6f545f89ff-bp8kc,35.5859375
1783699329,mem_mib,pod=workload-cloud-6f545f89ff-bp8kc,35.609375
1783699339,mem_mib,pod=workload-cloud-6f545f89ff-bp8kc,37.0859375
1783699349,mem_mib,pod=workload-cloud-6f545f89ff-bp8kc,37.0859375
1783699359,mem_mib,pod=workload-cloud-6f545f89ff-bp8kc,38.62890625
1783699369,mem_mib,pod=workload-cloud-6f545f89ff-bp8kc,37.62109375
1783699379,mem_mib,pod=workload-cloud-6f545f89ff-bp8kc,37.171875
1783699389,mem_mib,pod=workload-cloud-6f545f89ff-bp8kc,37.171875
1783699399,mem_mib,pod=workload-cloud-6f545f89ff-bp8kc,37.2265625
1783699409,mem_mib,pod=workload-cloud-6f545f89ff-bp8kc,37.2265625
1783699419,mem_mib,pod=workload-cloud-6f545f89ff-bp8kc,37.18359375
1783699429,mem_mib,pod=workload-cloud-6f545f89ff-bp8kc,37.453125
1783699439,mem_mib,pod=workload-cloud-6f545f89ff-bp8kc,37.21875
1783699449,mem_mib,pod=workload-cloud-6f545f89ff-bp8kc,37.21875
1783699459,mem_mib,pod=workload-cloud-6f545f89ff-bp8kc,37.2421875
1783699469,mem_mib,pod=workload-cloud-6f545f89ff-bp8kc,37.2578125
1783699479,mem_mib,pod=workload-cloud-6f545f89ff-bp8kc,37.2578125
1783699489,mem_mib,pod=workload-cloud-6f545f89ff-bp8kc,36.90625
1783699499,mem_mib,pod=workload-cloud-6f545f89ff-bp8kc,36.78515625
1783699509,mem_mib,pod=workload-cloud-6f545f89ff-bp8kc,36.76171875
1783699519,mem_mib,pod=workload-cloud-6f545f89ff-bp8kc,36.76171875
1783699529,mem_mib,pod=workload-cloud-6f545f89ff-bp8kc,37.2265625
1783699539,mem_mib,pod=workload-cloud-6f545f89ff-bp8kc,36.9921875
1783699549,mem_mib,pod=workload-cloud-6f545f89ff-bp8kc,36.9921875
1783699559,mem_mib,pod=workload-cloud-6f545f89ff-bp8kc,36.76953125
1783699569,mem_mib,pod=workload-cloud-6f545f89ff-bp8kc,36.7421875
1783699579,mem_mib,pod=workload-cloud-6f545f89ff-bp8kc,36.7421875
1783699589,mem_mib,pod=workload-cloud-6f545f89ff-bp8kc,36.984375
1783699599,mem_mib,pod=workload-cloud-6f545f89ff-bp8kc,36.7421875
1783699609,mem_mib,pod=workload-cloud-6f545f89ff-bp8kc,37.0
1783699619,mem_mib,pod=workload-cloud-6f545f89ff-bp8kc,37.00390625
1783699629,mem_mib,pod=workload-cloud-6f545f89ff-bp8kc,37.00390625
1783699639,mem_mib,pod=workload-cloud-6f545f89ff-bp8kc,37.2578125
1783699649,mem_mib,pod=workload-cloud-6f545f89ff-bp8kc,37.2578125
1783699659,mem_mib,pod=workload-cloud-6f545f89ff-bp8kc,36.7578125
1783699669,mem_mib,pod=workload-cloud-6f545f89ff-bp8kc,36.7578125
1783699679,mem_mib,pod=workload-cloud-6f545f89ff-bp8kc,37.0
1783699689,mem_mib,pod=workload-cloud-6f545f89ff-bp8kc,36.75390625
1783699699,mem_mib,pod=workload-cloud-6f545f89ff-bp8kc,36.75390625
1783699709,mem_mib,pod=workload-cloud-6f545f89ff-bp8kc,36.703125
1783699719,mem_mib,pod=workload-cloud-6f545f89ff-bp8kc,36.703125
1783699729,mem_mib,pod=workload-cloud-6f545f89ff-bp8kc,36.70703125
1783699739,mem_mib,pod=workload-cloud-6f545f89ff-bp8kc,36.70703125
1783699749,mem_mib,pod=workload-cloud-6f545f89ff-bp8kc,36.70703125
1783699759,mem_mib,pod=workload-cloud-6f545f89ff-bp8kc,36.703125
1783699309,mem_mib,pod=workload-cloud-6f545f89ff-q647k,2.8828125
1783699319,mem_mib,pod=workload-cloud-6f545f89ff-q647k,2.8828125
1783699329,mem_mib,pod=workload-cloud-6f545f89ff-q647k,35.8125
1783699339,mem_mib,pod=workload-cloud-6f545f89ff-q647k,36.62109375
1783699349,mem_mib,pod=workload-cloud-6f545f89ff-q647k,37.1328125
1783699359,mem_mib,pod=workload-cloud-6f545f89ff-q647k,37.1328125
1783699369,mem_mib,pod=workload-cloud-6f545f89ff-q647k,37.234375
1783699379,mem_mib,pod=workload-cloud-6f545f89ff-q647k,37.28125
1783699389,mem_mib,pod=workload-cloud-6f545f89ff-q647k,37.28125
1783699399,mem_mib,pod=workload-cloud-6f545f89ff-q647k,37.04296875
1783699409,mem_mib,pod=workload-cloud-6f545f89ff-q647k,37.04296875
1783699419,mem_mib,pod=workload-cloud-6f545f89ff-q647k,37.0859375
1783699429,mem_mib,pod=workload-cloud-6f545f89ff-q647k,37.3984375
1783699439,mem_mib,pod=workload-cloud-6f545f89ff-q647k,37.3984375
1783699449,mem_mib,pod=workload-cloud-6f545f89ff-q647k,36.9765625
1783699459,mem_mib,pod=workload-cloud-6f545f89ff-q647k,36.9765625
1783699469,mem_mib,pod=workload-cloud-6f545f89ff-q647k,37.14453125
1783699479,mem_mib,pod=workload-cloud-6f545f89ff-q647k,37.30078125
1783699489,mem_mib,pod=workload-cloud-6f545f89ff-q647k,36.828125
1783699499,mem_mib,pod=workload-cloud-6f545f89ff-q647k,36.828125
1783699509,mem_mib,pod=workload-cloud-6f545f89ff-q647k,36.671875
1783699519,mem_mib,pod=workload-cloud-6f545f89ff-q647k,36.62890625
1783699529,mem_mib,pod=workload-cloud-6f545f89ff-q647k,36.625
1783699539,mem_mib,pod=workload-cloud-6f545f89ff-q647k,36.625
1783699549,mem_mib,pod=workload-cloud-6f545f89ff-q647k,36.625
1783699559,mem_mib,pod=workload-cloud-6f545f89ff-q647k,36.625
1783699569,mem_mib,pod=workload-cloud-6f545f89ff-q647k,36.62890625
1783699579,mem_mib,pod=workload-cloud-6f545f89ff-q647k,36.62890625
1783699589,mem_mib,pod=workload-cloud-6f545f89ff-q647k,36.625
1783699599,mem_mib,pod=workload-cloud-6f545f89ff-q647k,36.62890625
1783699609,mem_mib,pod=workload-cloud-6f545f89ff-q647k,36.62890625
1783699619,mem_mib,pod=workload-cloud-6f545f89ff-q647k,36.62890625
1783699629,mem_mib,pod=workload-cloud-6f545f89ff-q647k,36.62890625
1783699639,mem_mib,pod=workload-cloud-6f545f89ff-q647k,36.625
1783699649,mem_mib,pod=workload-cloud-6f545f89ff-q647k,36.625
1783699659,mem_mib,pod=workload-cloud-6f545f89ff-q647k,36.62890625
1783699669,mem_mib,pod=workload-cloud-6f545f89ff-q647k,36.62890625
1783699679,mem_mib,pod=workload-cloud-6f545f89ff-q647k,36.625
1783699689,mem_mib,pod=workload-cloud-6f545f89ff-q647k,36.87890625
1783699699,mem_mib,pod=workload-cloud-6f545f89ff-q647k,36.87890625
1783699709,mem_mib,pod=workload-cloud-6f545f89ff-q647k,36.625
1783699719,mem_mib,pod=workload-cloud-6f545f89ff-q647k,36.62890625
1783699729,mem_mib,pod=workload-cloud-6f545f89ff-q647k,36.62890625
1783699739,mem_mib,pod=workload-cloud-6f545f89ff-q647k,36.62890625
1783699749,mem_mib,pod=workload-cloud-6f545f89ff-q647k,36.625
1783699759,mem_mib,pod=workload-cloud-6f545f89ff-q647k,36.62890625
1783699189,mem_mib,pod=workload-cloud-6f545f89ff-qxmq8,3.453125
1783699199,mem_mib,pod=workload-cloud-6f545f89ff-qxmq8,3.453125
1783699209,mem_mib,pod=workload-cloud-6f545f89ff-qxmq8,35.13671875
1783699219,mem_mib,pod=workload-cloud-6f545f89ff-qxmq8,35.13671875
1783699229,mem_mib,pod=workload-cloud-6f545f89ff-qxmq8,35.16796875
1783699239,mem_mib,pod=workload-cloud-6f545f89ff-qxmq8,35.171875
1783699249,mem_mib,pod=workload-cloud-6f545f89ff-qxmq8,35.234375
1783699259,mem_mib,pod=workload-cloud-6f545f89ff-qxmq8,35.234375
1783699269,mem_mib,pod=workload-cloud-6f545f89ff-qxmq8,35.40625
1783699279,mem_mib,pod=workload-cloud-6f545f89ff-qxmq8,35.578125
1783699289,mem_mib,pod=workload-cloud-6f545f89ff-qxmq8,35.578125
1783699299,mem_mib,pod=workload-cloud-6f545f89ff-qxmq8,35.8359375
1783699309,mem_mib,pod=workload-cloud-6f545f89ff-qxmq8,35.6796875
1783699319,mem_mib,pod=workload-cloud-6f545f89ff-qxmq8,35.6796875
1783699329,mem_mib,pod=workload-cloud-6f545f89ff-qxmq8,35.9140625
1783699339,mem_mib,pod=workload-cloud-6f545f89ff-qxmq8,35.9140625
1783699349,mem_mib,pod=workload-cloud-6f545f89ff-qxmq8,36.6328125
1783699359,mem_mib,pod=workload-cloud-6f545f89ff-qxmq8,36.79296875
1783699369,mem_mib,pod=workload-cloud-6f545f89ff-qxmq8,36.79296875
1783699379,mem_mib,pod=workload-cloud-6f545f89ff-qxmq8,37.82421875
1783699389,mem_mib,pod=workload-cloud-6f545f89ff-qxmq8,36.83203125
1783699399,mem_mib,pod=workload-cloud-6f545f89ff-qxmq8,36.87890625
1783699409,mem_mib,pod=workload-cloud-6f545f89ff-qxmq8,36.87890625
1783699419,mem_mib,pod=workload-cloud-6f545f89ff-qxmq8,37.140625
1783699429,mem_mib,pod=workload-cloud-6f545f89ff-qxmq8,38.17578125
1783699439,mem_mib,pod=workload-cloud-6f545f89ff-qxmq8,38.17578125
1783699449,mem_mib,pod=workload-cloud-6f545f89ff-qxmq8,36.92578125
1783699459,mem_mib,pod=workload-cloud-6f545f89ff-qxmq8,36.92578125
1783699469,mem_mib,pod=workload-cloud-6f545f89ff-qxmq8,36.9375
1783699479,mem_mib,pod=workload-cloud-6f545f89ff-qxmq8,37.01171875
1783699489,mem_mib,pod=workload-cloud-6f545f89ff-qxmq8,37.01171875
1783699499,mem_mib,pod=workload-cloud-6f545f89ff-qxmq8,36.71875
1783699509,mem_mib,pod=workload-cloud-6f545f89ff-qxmq8,36.58984375
1783699519,mem_mib,pod=workload-cloud-6f545f89ff-qxmq8,36.58984375
1783699529,mem_mib,pod=workload-cloud-6f545f89ff-qxmq8,37.0390625
1783699539,mem_mib,pod=workload-cloud-6f545f89ff-qxmq8,37.0390625
1783699549,mem_mib,pod=workload-cloud-6f545f89ff-qxmq8,37.3203125
1783699559,mem_mib,pod=workload-cloud-6f545f89ff-qxmq8,37.3203125
1783699569,mem_mib,pod=workload-cloud-6f545f89ff-qxmq8,36.61328125
1783699579,mem_mib,pod=workload-cloud-6f545f89ff-qxmq8,36.8046875
1783699589,mem_mib,pod=workload-cloud-6f545f89ff-qxmq8,36.8046875
1783699599,mem_mib,pod=workload-cloud-6f545f89ff-qxmq8,36.62109375
1783699609,mem_mib,pod=workload-cloud-6f545f89ff-qxmq8,36.62109375
1783699619,mem_mib,pod=workload-cloud-6f545f89ff-qxmq8,37.08984375
1783699629,mem_mib,pod=workload-cloud-6f545f89ff-qxmq8,37.12109375
1783699639,mem_mib,pod=workload-cloud-6f545f89ff-qxmq8,36.6328125
1783699649,mem_mib,pod=workload-cloud-6f545f89ff-qxmq8,36.59375
1783699659,mem_mib,pod=workload-cloud-6f545f89ff-qxmq8,36.59375
1783699669,mem_mib,pod=workload-cloud-6f545f89ff-qxmq8,36.59375
1783699679,mem_mib,pod=workload-cloud-6f545f89ff-qxmq8,36.59375
1783699689,mem_mib,pod=workload-cloud-6f545f89ff-qxmq8,36.6015625
1783699699,mem_mib,pod=workload-cloud-6f545f89ff-qxmq8,36.515625
1783699709,mem_mib,pod=workload-cloud-6f545f89ff-qxmq8,36.515625
1783699719,mem_mib,pod=workload-cloud-6f545f89ff-qxmq8,36.515625
1783699729,mem_mib,pod=workload-cloud-6f545f89ff-qxmq8,36.515625
1783699739,mem_mib,pod=workload-cloud-6f545f89ff-qxmq8,36.515625
1783699749,mem_mib,pod=workload-cloud-6f545f89ff-qxmq8,36.515625
1783699759,mem_mib,pod=workload-cloud-6f545f89ff-qxmq8,36.515625
1783699129,mem_mib,pod=workload-cloud-6f545f89ff-r28zz,40.19140625
1783699139,mem_mib,pod=workload-cloud-6f545f89ff-r28zz,40.22265625
1783699149,mem_mib,pod=workload-cloud-6f545f89ff-r28zz,40.22265625
1783699159,mem_mib,pod=workload-cloud-6f545f89ff-r28zz,40.265625
1783699169,mem_mib,pod=workload-cloud-6f545f89ff-r28zz,40.79296875
1783699179,mem_mib,pod=workload-cloud-6f545f89ff-r28zz,40.79296875
1783699189,mem_mib,pod=workload-cloud-6f545f89ff-r28zz,41.01171875
1783699199,mem_mib,pod=workload-cloud-6f545f89ff-r28zz,40.921875
1783699209,mem_mib,pod=workload-cloud-6f545f89ff-r28zz,40.53515625
1783699219,mem_mib,pod=workload-cloud-6f545f89ff-r28zz,40.53515625
1783699229,mem_mib,pod=workload-cloud-6f545f89ff-r28zz,40.7734375
1783699239,mem_mib,pod=workload-cloud-6f545f89ff-r28zz,40.7734375
1783699249,mem_mib,pod=workload-cloud-6f545f89ff-r28zz,41.109375
1783699259,mem_mib,pod=workload-cloud-6f545f89ff-r28zz,41.6328125
1783699269,mem_mib,pod=workload-cloud-6f545f89ff-r28zz,41.57421875
1783699279,mem_mib,pod=workload-cloud-6f545f89ff-r28zz,41.57421875
1783699289,mem_mib,pod=workload-cloud-6f545f89ff-r28zz,41.1171875
1783699299,mem_mib,pod=workload-cloud-6f545f89ff-r28zz,40.89453125
1783699309,mem_mib,pod=workload-cloud-6f545f89ff-r28zz,40.89453125
1783699319,mem_mib,pod=workload-cloud-6f545f89ff-r28zz,41.2109375
1783699329,mem_mib,pod=workload-cloud-6f545f89ff-r28zz,41.2109375
1783699339,mem_mib,pod=workload-cloud-6f545f89ff-r28zz,42.328125
1783699349,mem_mib,pod=workload-cloud-6f545f89ff-r28zz,41.25
1783699359,mem_mib,pod=workload-cloud-6f545f89ff-r28zz,41.25
1783699369,mem_mib,pod=workload-cloud-6f545f89ff-r28zz,41.49609375
1783699379,mem_mib,pod=workload-cloud-6f545f89ff-r28zz,41.24609375
1783699389,mem_mib,pod=workload-cloud-6f545f89ff-r28zz,41.296875
1783699399,mem_mib,pod=workload-cloud-6f545f89ff-r28zz,41.296875
1783699409,mem_mib,pod=workload-cloud-6f545f89ff-r28zz,41.51171875
1783699419,mem_mib,pod=workload-cloud-6f545f89ff-r28zz,41.50390625
1783699429,mem_mib,pod=workload-cloud-6f545f89ff-r28zz,41.50390625
1783699439,mem_mib,pod=workload-cloud-6f545f89ff-r28zz,41.2578125
1783699449,mem_mib,pod=workload-cloud-6f545f89ff-r28zz,41.515625
1783699459,mem_mib,pod=workload-cloud-6f545f89ff-r28zz,41.515625
1783699469,mem_mib,pod=workload-cloud-6f545f89ff-r28zz,42.76171875
1783699479,mem_mib,pod=workload-cloud-6f545f89ff-r28zz,41.28515625
1783699489,mem_mib,pod=workload-cloud-6f545f89ff-r28zz,41.52734375
1783699499,mem_mib,pod=workload-cloud-6f545f89ff-r28zz,41.00390625
1783699509,mem_mib,pod=workload-cloud-6f545f89ff-r28zz,41.79296875
1783699519,mem_mib,pod=workload-cloud-6f545f89ff-r28zz,41.79296875
1783699529,mem_mib,pod=workload-cloud-6f545f89ff-r28zz,41.80078125
1783699539,mem_mib,pod=workload-cloud-6f545f89ff-r28zz,40.7890625
1783699549,mem_mib,pod=workload-cloud-6f545f89ff-r28zz,41.29296875
1783699559,mem_mib,pod=workload-cloud-6f545f89ff-r28zz,41.29296875
1783699569,mem_mib,pod=workload-cloud-6f545f89ff-r28zz,41.046875
1783699579,mem_mib,pod=workload-cloud-6f545f89ff-r28zz,41.046875
1783699589,mem_mib,pod=workload-cloud-6f545f89ff-r28zz,41.55859375
1783699599,mem_mib,pod=workload-cloud-6f545f89ff-r28zz,41.28125
1783699609,mem_mib,pod=workload-cloud-6f545f89ff-r28zz,41.28125
1783699619,mem_mib,pod=workload-cloud-6f545f89ff-r28zz,41.05078125
1783699629,mem_mib,pod=workload-cloud-6f545f89ff-r28zz,40.81640625
1783699639,mem_mib,pod=workload-cloud-6f545f89ff-r28zz,40.8203125
1783699649,mem_mib,pod=workload-cloud-6f545f89ff-r28zz,41.03515625
1783699659,mem_mib,pod=workload-cloud-6f545f89ff-r28zz,41.03515625
1783699669,mem_mib,pod=workload-cloud-6f545f89ff-r28zz,41.77734375
1783699679,mem_mib,pod=workload-cloud-6f545f89ff-r28zz,40.796875
1783699689,mem_mib,pod=workload-cloud-6f545f89ff-r28zz,40.796875
1783699699,mem_mib,pod=workload-cloud-6f545f89ff-r28zz,41.39453125
1783699709,mem_mib,pod=workload-cloud-6f545f89ff-r28zz,40.35546875
1783699719,mem_mib,pod=workload-cloud-6f545f89ff-r28zz,40.35546875
1783699729,mem_mib,pod=workload-cloud-6f545f89ff-r28zz,40.20703125
1783699739,mem_mib,pod=workload-cloud-6f545f89ff-r28zz,40.2109375
1783699749,mem_mib,pod=workload-cloud-6f545f89ff-r28zz,40.2109375
1783699759,mem_mib,pod=workload-cloud-6f545f89ff-r28zz,40.2109375
1783699279,mem_mib,pod=workload-cloud-6f545f89ff-sfz7x,2.59765625
1783699289,mem_mib,pod=workload-cloud-6f545f89ff-sfz7x,35.12890625
1783699299,mem_mib,pod=workload-cloud-6f545f89ff-sfz7x,35.12890625
1783699309,mem_mib,pod=workload-cloud-6f545f89ff-sfz7x,35.22265625
1783699319,mem_mib,pod=workload-cloud-6f545f89ff-sfz7x,35.5234375
1783699329,mem_mib,pod=workload-cloud-6f545f89ff-sfz7x,35.5234375
1783699339,mem_mib,pod=workload-cloud-6f545f89ff-sfz7x,36.59765625
1783699349,mem_mib,pod=workload-cloud-6f545f89ff-sfz7x,37.3125
1783699359,mem_mib,pod=workload-cloud-6f545f89ff-sfz7x,37.3125
1783699369,mem_mib,pod=workload-cloud-6f545f89ff-sfz7x,37.859375
1783699379,mem_mib,pod=workload-cloud-6f545f89ff-sfz7x,37.859375
1783699389,mem_mib,pod=workload-cloud-6f545f89ff-sfz7x,37.50390625
1783699399,mem_mib,pod=workload-cloud-6f545f89ff-sfz7x,37.50390625
1783699409,mem_mib,pod=workload-cloud-6f545f89ff-sfz7x,37.30078125
1783699419,mem_mib,pod=workload-cloud-6f545f89ff-sfz7x,37.578125
1783699429,mem_mib,pod=workload-cloud-6f545f89ff-sfz7x,37.58203125
1783699439,mem_mib,pod=workload-cloud-6f545f89ff-sfz7x,37.58203125
1783699449,mem_mib,pod=workload-cloud-6f545f89ff-sfz7x,37.36328125
1783699459,mem_mib,pod=workload-cloud-6f545f89ff-sfz7x,38.171875
1783699469,mem_mib,pod=workload-cloud-6f545f89ff-sfz7x,38.171875
1783699479,mem_mib,pod=workload-cloud-6f545f89ff-sfz7x,37.921875
1783699489,mem_mib,pod=workload-cloud-6f545f89ff-sfz7x,37.37109375
1783699499,mem_mib,pod=workload-cloud-6f545f89ff-sfz7x,36.8828125
1783699509,mem_mib,pod=workload-cloud-6f545f89ff-sfz7x,36.8828125
1783699519,mem_mib,pod=workload-cloud-6f545f89ff-sfz7x,36.796875
1783699529,mem_mib,pod=workload-cloud-6f545f89ff-sfz7x,36.796875
1783699539,mem_mib,pod=workload-cloud-6f545f89ff-sfz7x,36.796875
1783699549,mem_mib,pod=workload-cloud-6f545f89ff-sfz7x,36.796875
1783699559,mem_mib,pod=workload-cloud-6f545f89ff-sfz7x,36.796875
1783699569,mem_mib,pod=workload-cloud-6f545f89ff-sfz7x,36.796875
1783699579,mem_mib,pod=workload-cloud-6f545f89ff-sfz7x,36.796875
1783699589,mem_mib,pod=workload-cloud-6f545f89ff-sfz7x,36.796875
1783699599,mem_mib,pod=workload-cloud-6f545f89ff-sfz7x,36.796875
1783699609,mem_mib,pod=workload-cloud-6f545f89ff-sfz7x,36.796875
1783699619,mem_mib,pod=workload-cloud-6f545f89ff-sfz7x,36.796875
1783699629,mem_mib,pod=workload-cloud-6f545f89ff-sfz7x,36.83203125
1783699639,mem_mib,pod=workload-cloud-6f545f89ff-sfz7x,36.83203125
1783699649,mem_mib,pod=workload-cloud-6f545f89ff-sfz7x,37.0859375
1783699659,mem_mib,pod=workload-cloud-6f545f89ff-sfz7x,37.0859375
1783699669,mem_mib,pod=workload-cloud-6f545f89ff-sfz7x,36.8125
1783699679,mem_mib,pod=workload-cloud-6f545f89ff-sfz7x,36.8125
1783699689,mem_mib,pod=workload-cloud-6f545f89ff-sfz7x,36.8125
1783699699,mem_mib,pod=workload-cloud-6f545f89ff-sfz7x,36.8125
1783699709,mem_mib,pod=workload-cloud-6f545f89ff-sfz7x,36.8125
1783699719,mem_mib,pod=workload-cloud-6f545f89ff-sfz7x,36.80859375
1783699729,mem_mib,pod=workload-cloud-6f545f89ff-sfz7x,36.80859375
1783699739,mem_mib,pod=workload-cloud-6f545f89ff-sfz7x,36.8125
1783699749,mem_mib,pod=workload-cloud-6f545f89ff-sfz7x,36.8125
1783699759,mem_mib,pod=workload-cloud-6f545f89ff-sfz7x,37.0625
1783699129,mem_mib,pod=workload-edge-7b875fd8c6-pxwvc,39.26171875
1783699139,mem_mib,pod=workload-edge-7b875fd8c6-pxwvc,39.26171875
1783699149,mem_mib,pod=workload-edge-7b875fd8c6-pxwvc,39.26171875
1783699159,mem_mib,pod=workload-edge-7b875fd8c6-pxwvc,39.26171875
1783699169,mem_mib,pod=workload-edge-7b875fd8c6-pxwvc,39.26171875
1783699179,mem_mib,pod=workload-edge-7b875fd8c6-pxwvc,39.26171875
1783699189,mem_mib,pod=workload-edge-7b875fd8c6-pxwvc,39.26171875
1783699199,mem_mib,pod=workload-edge-7b875fd8c6-pxwvc,39.26171875
1783699209,mem_mib,pod=workload-edge-7b875fd8c6-pxwvc,39.26171875
1783699219,mem_mib,pod=workload-edge-7b875fd8c6-pxwvc,39.26171875
1783699229,mem_mib,pod=workload-edge-7b875fd8c6-pxwvc,39.26171875
1783699239,mem_mib,pod=workload-edge-7b875fd8c6-pxwvc,39.26171875
1783699249,mem_mib,pod=workload-edge-7b875fd8c6-pxwvc,39.26171875
1783699259,mem_mib,pod=workload-edge-7b875fd8c6-pxwvc,39.26171875
1783699269,mem_mib,pod=workload-edge-7b875fd8c6-pxwvc,39.26171875
1783699279,mem_mib,pod=workload-edge-7b875fd8c6-pxwvc,39.26171875
1783699289,mem_mib,pod=workload-edge-7b875fd8c6-pxwvc,39.26171875
1783699299,mem_mib,pod=workload-edge-7b875fd8c6-pxwvc,39.26171875
1783699309,mem_mib,pod=workload-edge-7b875fd8c6-pxwvc,39.26171875
1783699319,mem_mib,pod=workload-edge-7b875fd8c6-pxwvc,39.26171875
1783699329,mem_mib,pod=workload-edge-7b875fd8c6-pxwvc,39.26171875
1783699339,mem_mib,pod=workload-edge-7b875fd8c6-pxwvc,39.26171875
1783699349,mem_mib,pod=workload-edge-7b875fd8c6-pxwvc,39.26171875
1783699359,mem_mib,pod=workload-edge-7b875fd8c6-pxwvc,39.26171875
1783699369,mem_mib,pod=workload-edge-7b875fd8c6-pxwvc,39.26171875
1783699379,mem_mib,pod=workload-edge-7b875fd8c6-pxwvc,39.26171875
1783699389,mem_mib,pod=workload-edge-7b875fd8c6-pxwvc,39.26171875
1783699399,mem_mib,pod=workload-edge-7b875fd8c6-pxwvc,39.26171875
1783699409,mem_mib,pod=workload-edge-7b875fd8c6-pxwvc,39.26171875
1783699419,mem_mib,pod=workload-edge-7b875fd8c6-pxwvc,39.26171875
1783699429,mem_mib,pod=workload-edge-7b875fd8c6-pxwvc,39.26171875
1783699439,mem_mib,pod=workload-edge-7b875fd8c6-pxwvc,39.26171875
1783699449,mem_mib,pod=workload-edge-7b875fd8c6-pxwvc,39.26171875
1783699459,mem_mib,pod=workload-edge-7b875fd8c6-pxwvc,39.26171875
1783699469,mem_mib,pod=workload-edge-7b875fd8c6-pxwvc,39.26171875
1783699479,mem_mib,pod=workload-edge-7b875fd8c6-pxwvc,39.26171875
1783699489,mem_mib,pod=workload-edge-7b875fd8c6-pxwvc,39.26171875
1783699499,mem_mib,pod=workload-edge-7b875fd8c6-pxwvc,39.26171875
1783699509,mem_mib,pod=workload-edge-7b875fd8c6-pxwvc,39.26171875
1783699519,mem_mib,pod=workload-edge-7b875fd8c6-pxwvc,39.26171875
1783699529,mem_mib,pod=workload-edge-7b875fd8c6-pxwvc,39.26171875
1783699539,mem_mib,pod=workload-edge-7b875fd8c6-pxwvc,39.26171875
1783699549,mem_mib,pod=workload-edge-7b875fd8c6-pxwvc,39.26171875
1783699559,mem_mib,pod=workload-edge-7b875fd8c6-pxwvc,39.26171875
1783699569,mem_mib,pod=workload-edge-7b875fd8c6-pxwvc,39.26171875
1783699579,mem_mib,pod=workload-edge-7b875fd8c6-pxwvc,39.26171875
1783699589,mem_mib,pod=workload-edge-7b875fd8c6-pxwvc,39.26171875
1783699599,mem_mib,pod=workload-edge-7b875fd8c6-pxwvc,39.26171875
1783699609,mem_mib,pod=workload-edge-7b875fd8c6-pxwvc,39.26171875
1783699619,mem_mib,pod=workload-edge-7b875fd8c6-pxwvc,39.26171875
1783699629,mem_mib,pod=workload-edge-7b875fd8c6-pxwvc,39.26171875
1783699639,mem_mib,pod=workload-edge-7b875fd8c6-pxwvc,39.26171875
1783699649,mem_mib,pod=workload-edge-7b875fd8c6-pxwvc,39.26171875
1783699659,mem_mib,pod=workload-edge-7b875fd8c6-pxwvc,39.26171875
1783699669,mem_mib,pod=workload-edge-7b875fd8c6-pxwvc,39.26171875
1783699679,mem_mib,pod=workload-edge-7b875fd8c6-pxwvc,39.26171875
1783699689,mem_mib,pod=workload-edge-7b875fd8c6-pxwvc,39.26171875
1783699699,mem_mib,pod=workload-edge-7b875fd8c6-pxwvc,39.26171875
1783699709,mem_mib,pod=workload-edge-7b875fd8c6-pxwvc,39.26171875
1783699719,mem_mib,pod=workload-edge-7b875fd8c6-pxwvc,39.26171875
1783699729,mem_mib,pod=workload-edge-7b875fd8c6-pxwvc,39.26171875
1783699739,mem_mib,pod=workload-edge-7b875fd8c6-pxwvc,39.26171875
1783699749,mem_mib,pod=workload-edge-7b875fd8c6-pxwvc,39.26171875
1783699759,mem_mib,pod=workload-edge-7b875fd8c6-pxwvc,39.26171875
1783699129,rps,tier=cloud,0.0
1783699139,rps,tier=cloud,1.1001100110011002
1783699149,rps,tier=cloud,6.240476838851356
1783699159,rps,tier=cloud,15.320986487736556
1783699169,rps,tier=cloud,28.323137550383432
1783699179,rps,tier=cloud,45.16398199157781
1783699189,rps,tier=cloud,64.98525365067259
1783699199,rps,tier=cloud,83.92839283928393
1783699209,rps,tier=cloud,103.04919771363424
1783699219,rps,tier=cloud,120.60846820662829
1783699229,rps,tier=cloud,138.4510760860869
1783699239,rps,tier=cloud,154.85076768807326
1783699249,rps,tier=cloud,168.87354555404738
1783699259,rps,tier=cloud,185.6680509451475
1783699269,rps,tier=cloud,206.98543500326255
1783699279,rps,tier=cloud,227.77104870949927
1783699289,rps,tier=cloud,246.3221912672435
1783699299,rps,tier=cloud,265.1878768691504
1783699309,rps,tier=cloud,289.45847561726384
1783699319,rps,tier=cloud,308.94456812593717
1783699329,rps,tier=cloud,401.56497408139876
1783699339,rps,tier=cloud,580.4800735625665
1783699349,rps,tier=cloud,799.4650396968052
1783699359,rps,tier=cloud,1034.6200359375534
1783699369,rps,tier=cloud,1259.0665210756124
1783699379,rps,tier=cloud,1454.0047244211719
1783699389,rps,tier=cloud,1543.779499486433
1783699399,rps,tier=cloud,1557.57345428362
1783699409,rps,tier=cloud,1552.1653045410153
1783699419,rps,tier=cloud,1556.2050196117661
1783699429,rps,tier=cloud,1553.3301753615965
1783699439,rps,tier=cloud,1554.7271517515264
1783699449,rps,tier=cloud,1561.7159842640726
1783699459,rps,tier=cloud,1562.2284856156418
1783699469,rps,tier=cloud,1560.2080155564236
1783699479,rps,tier=cloud,1507.3470489424922
1783699489,rps,tier=cloud,1373.6316153325447
1783699499,rps,tier=cloud,1149.8850309723427
1783699509,rps,tier=cloud,907.9286882165806
1783699519,rps,tier=cloud,666.4300042714681
1783699529,rps,tier=cloud,480.8673456043095
1783699539,rps,tier=cloud,371.24675642826077
1783699549,rps,tier=cloud,347.1865751921724
1783699559,rps,tier=cloud,346.97581740239764
1783699569,rps,tier=cloud,347.1655335286748
1783699579,rps,tier=cloud,346.6027739217448
1783699589,rps,tier=cloud,346.2349971595323
1783699599,rps,tier=cloud,345.6417677323085
1783699609,rps,tier=cloud,348.2255253579742
1783699619,rps,tier=cloud,349.1107467714885
1783699629,rps,tier=cloud,348.3818195750919
1783699639,rps,tier=cloud,351.0802111348807
1783699649,rps,tier=cloud,352.49430735536953
1783699659,rps,tier=cloud,349.7398660724251
1783699669,rps,tier=cloud,350.0654578239307
1783699679,rps,tier=cloud,350.3209032098965
1783699689,rps,tier=cloud,332.2645508129608
1783699699,rps,tier=cloud,293.5608108882075
1783699709,rps,tier=cloud,233.00366601047833
1783699719,rps,tier=cloud,162.41386213604423
1783699729,rps,tier=cloud,92.68465905741536
1783699739,rps,tier=cloud,39.32314585166813
1783699749,rps,tier=cloud,8.120544839394984
1783699759,rps,tier=cloud,0.0
1783699129,rps,tier=edge,0.0
1783699139,rps,tier=edge,0.0
1783699149,rps,tier=edge,0.0
1783699159,rps,tier=edge,0.0
1783699169,rps,tier=edge,0.0
1783699179,rps,tier=edge,0.0
1783699189,rps,tier=edge,0.0
1783699199,rps,tier=edge,0.0
1783699209,rps,tier=edge,0.0
1783699219,rps,tier=edge,0.0
1783699229,rps,tier=edge,0.0
1783699239,rps,tier=edge,0.0
1783699249,rps,tier=edge,0.0
1783699259,rps,tier=edge,0.0
1783699269,rps,tier=edge,0.0
1783699279,rps,tier=edge,0.0
1783699289,rps,tier=edge,0.0
1783699299,rps,tier=edge,0.0
1783699309,rps,tier=edge,0.0
1783699319,rps,tier=edge,0.0
1783699329,rps,tier=edge,0.0
1783699339,rps,tier=edge,0.0
1783699349,rps,tier=edge,0.0
1783699359,rps,tier=edge,0.0
1783699369,rps,tier=edge,0.0
1783699379,rps,tier=edge,0.0
1783699389,rps,tier=edge,0.0
1783699399,rps,tier=edge,0.0
1783699409,rps,tier=edge,0.0
1783699419,rps,tier=edge,0.0
1783699429,rps,tier=edge,0.0
1783699439,rps,tier=edge,0.0
1783699449,rps,tier=edge,0.0
1783699459,rps,tier=edge,0.0
1783699469,rps,tier=edge,0.0
1783699479,rps,tier=edge,0.0
1783699489,rps,tier=edge,0.0
1783699499,rps,tier=edge,0.0
1783699509,rps,tier=edge,0.0
1783699519,rps,tier=edge,0.0
1783699529,rps,tier=edge,0.0
1783699539,rps,tier=edge,0.0
1783699549,rps,tier=edge,0.0
1783699559,rps,tier=edge,0.0
1783699569,rps,tier=edge,0.0
1783699579,rps,tier=edge,0.0
1783699589,rps,tier=edge,0.0
1783699599,rps,tier=edge,0.0
1783699609,rps,tier=edge,0.0
1783699619,rps,tier=edge,0.0
1783699629,rps,tier=edge,0.0
1783699639,rps,tier=edge,0.0
1783699649,rps,tier=edge,0.0
1783699659,rps,tier=edge,0.0
1783699669,rps,tier=edge,0.0
1783699679,rps,tier=edge,0.0
1783699689,rps,tier=edge,0.0
1783699699,rps,tier=edge,0.0
1783699709,rps,tier=edge,0.0
1783699719,rps,tier=edge,0.0
1783699729,rps,tier=edge,0.0
1783699739,rps,tier=edge,0.0
1783699749,rps,tier=edge,0.0
1783699759,rps,tier=edge,0.0
1783699139,lat50_ms,tier=cloud,3.472222283021286
1783699149,lat50_ms,tier=cloud,3.4081633031722935
1783699159,lat50_ms,tier=cloud,3.5663716402979877
1783699169,lat50_ms,tier=cloud,3.77888081954759
1783699179,lat50_ms,tier=cloud,3.8489581952215532
1783699189,lat50_ms,tier=cloud,3.8241031734082904
1783699199,lat50_ms,tier=cloud,4.089964274114973
1783699209,lat50_ms,tier=cloud,4.329733993686164
1783699219,lat50_ms,tier=cloud,4.7140308634209145
1783699229,lat50_ms,tier=cloud,5.0138632162661745
1783699239,lat50_ms,tier=cloud,5.843199409711377
1783699249,lat50_ms,tier=cloud,6.646549811649502
1783699259,lat50_ms,tier=cloud,7.281143482373601
1783699269,lat50_ms,tier=cloud,7.613204425438951
1783699279,lat50_ms,tier=cloud,7.185032138340686
1783699289,lat50_ms,tier=cloud,7.425229404155457
1783699299,lat50_ms,tier=cloud,7.9464686010734775
1783699309,lat50_ms,tier=cloud,7.905995191893129
1783699319,lat50_ms,tier=cloud,8.165402138376802
1783699329,lat50_ms,tier=cloud,6.897325278694412
1783699339,lat50_ms,tier=cloud,7.585858045908369
1783699349,lat50_ms,tier=cloud,9.581594333378886
1783699359,lat50_ms,tier=cloud,12.024363598208902
1783699369,lat50_ms,tier=cloud,14.407026168739199
1783699379,lat50_ms,tier=cloud,16.113002352125143
1783699389,lat50_ms,tier=cloud,17.699109559294516
1783699399,lat50_ms,tier=cloud,19.435465375335014
1783699409,lat50_ms,tier=cloud,20.7451376072393
1783699419,lat50_ms,tier=cloud,21.61815375565571
1783699429,lat50_ms,tier=cloud,22.389210451507427
1783699439,lat50_ms,tier=cloud,23.428972798566026
1783699449,lat50_ms,tier=cloud,24.26637397064568
1783699459,lat50_ms,tier=cloud,24.65057487020123
1783699469,lat50_ms,tier=cloud,24.761595273841845
1783699479,lat50_ms,tier=cloud,23.759852202044517
1783699489,lat50_ms,tier=cloud,22.669845817819194
1783699499,lat50_ms,tier=cloud,22.033498767842616
1783699509,lat50_ms,tier=cloud,20.955724709707606
1783699519,lat50_ms,tier=cloud,19.84974504111769
1783699529,lat50_ms,tier=cloud,18.81041447028692
1783699539,lat50_ms,tier=cloud,17.524192021823936
1783699549,lat50_ms,tier=cloud,16.103897341425235
1783699559,lat50_ms,tier=cloud,14.727680018954114
1783699569,lat50_ms,tier=cloud,12.340602118378223
1783699579,lat50_ms,tier=cloud,9.607633080243891
1783699589,lat50_ms,tier=cloud,8.657572727577993
1783699599,lat50_ms,tier=cloud,8.837723399230365
1783699609,lat50_ms,tier=cloud,8.387639787446941
1783699619,lat50_ms,tier=cloud,8.23704702104611
1783699629,lat50_ms,tier=cloud,8.267707903655399
1783699639,lat50_ms,tier=cloud,8.248762164584939
1783699649,lat50_ms,tier=cloud,8.243111206615083
1783699659,lat50_ms,tier=cloud,8.39116747994326
1783699669,lat50_ms,tier=cloud,8.160327581294702
1783699679,lat50_ms,tier=cloud,7.991090041163765
1783699689,lat50_ms,tier=cloud,8.16003712512851
1783699699,lat50_ms,tier=cloud,8.096573569253355
1783699709,lat50_ms,tier=cloud,7.715910105227958
1783699719,lat50_ms,tier=cloud,8.117355291605433
1783699729,lat50_ms,tier=cloud,8.155120003896466
1783699739,lat50_ms,tier=cloud,7.984693147495381
1783699749,lat50_ms,tier=cloud,8.079826941535389
1783699759,lat50_ms,tier=cloud,7.996785328661651
1783699139,lat95_ms,tier=cloud,4.847222228302128
1783699149,lat95_ms,tier=cloud,4.84081633031723
1783699159,lat95_ms,tier=cloud,6.754236185322124
1783699169,lat95_ms,tier=cloud,8.650980310746858
1783699179,lat95_ms,tier=cloud,8.821428267809493
1783699189,lat95_ms,tier=cloud,8.764063091714156
1783699199,lat95_ms,tier=cloud,13.701754385964904
1783699209,lat95_ms,tier=cloud,15.096055241459394
1783699219,lat95_ms,tier=cloud,17.996452190768153
1783699229,lat95_ms,tier=cloud,18.500646273158125
1783699239,lat95_ms,tier=cloud,19.528245956649208
1783699249,lat95_ms,tier=cloud,19.998014086340472
1783699259,lat95_ms,tier=cloud,28.050991621352072
1783699269,lat95_ms,tier=cloud,28.706379661257447
1783699279,lat95_ms,tier=cloud,26.045806097207173
1783699289,lat95_ms,tier=cloud,26.181486808253677
1783699299,lat95_ms,tier=cloud,29.686577957100543
1783699309,lat95_ms,tier=cloud,31.44996280838686
1783699319,lat95_ms,tier=cloud,35.3259981946399
1783699329,lat95_ms,tier=cloud,37.662987550421526
1783699339,lat95_ms,tier=cloud,41.41024956753499
1783699349,lat95_ms,tier=cloud,44.92319743990751
1783699359,lat95_ms,tier=cloud,46.241174919907685
1783699369,lat95_ms,tier=cloud,47.06842719309104
1783699379,lat95_ms,tier=cloud,47.57735741672379
1783699389,lat95_ms,tier=cloud,47.972936701757426
1783699399,lat95_ms,tier=cloud,48.16960922181049
1783699409,lat95_ms,tier=cloud,48.302454768695185
1783699419,lat95_ms,tier=cloud,48.37635457886685
1783699429,lat95_ms,tier=cloud,48.47793479873765
1783699439,lat95_ms,tier=cloud,48.581687769816014
1783699449,lat95_ms,tier=cloud,48.66173788859972
1783699459,lat95_ms,tier=cloud,48.680168966813014
1783699469,lat95_ms,tier=cloud,48.63743994823345
1783699479,lat95_ms,tier=cloud,48.542899657293404
1783699489,lat95_ms,tier=cloud,48.377454296184155
1783699499,lat95_ms,tier=cloud,48.21330858668318
1783699509,lat95_ms,tier=cloud,48.103181473676756
1783699519,lat95_ms,tier=cloud,47.96162508875426
1783699529,lat95_ms,tier=cloud,47.803670734065804
1783699539,lat95_ms,tier=cloud,47.50254012557288
1783699549,lat95_ms,tier=cloud,47.15450020936383
1783699559,lat95_ms,tier=cloud,46.82818437425907
1783699569,lat95_ms,tier=cloud,45.986709035724886
1783699579,lat95_ms,tier=cloud,44.6934760154586
1783699589,lat95_ms,tier=cloud,43.8438910816395
1783699599,lat95_ms,tier=cloud,44.09163493120545
1783699609,lat95_ms,tier=cloud,43.97343551128851
1783699619,lat95_ms,tier=cloud,43.717256604019276
1783699629,lat95_ms,tier=cloud,43.64244380798611
1783699639,lat95_ms,tier=cloud,43.4928924808655
1783699649,lat95_ms,tier=cloud,43.38230131303515
1783699659,lat95_ms,tier=cloud,43.48710000378033
1783699669,lat95_ms,tier=cloud,43.230177378495064
1783699679,lat95_ms,tier=cloud,43.10035981479667
1783699689,lat95_ms,tier=cloud,43.13486527707554
1783699699,lat95_ms,tier=cloud,42.54722483955793
1783699709,lat95_ms,tier=cloud,41.9770772070361
1783699719,lat95_ms,tier=cloud,42.103782367818965
1783699729,lat95_ms,tier=cloud,42.03661268116514
1783699739,lat95_ms,tier=cloud,41.650903895566834
1783699749,lat95_ms,tier=cloud,42.39851521217397
1783699759,lat95_ms,tier=cloud,42.277301261222036
1783699139,lat99_ms,tier=cloud,4.969444445660426
1783699149,lat99_ms,tier=cloud,4.968163266063446
1783699159,lat99_ms,tier=cloud,9.350847237064428
1783699169,lat99_ms,tier=cloud,9.761568601661244
1783699179,lat99_ms,tier=cloud,9.798917727040816
1783699189,lat99_ms,tier=cloud,9.796562655100228
1783699199,lat99_ms,tier=cloud,18.974269005847955
1783699209,lat99_ms,tier=cloud,19.156432353967112
1783699219,lat99_ms,tier=cloud,25.17998918098235
1783699229,lat99_ms,tier=cloud,25.18918918918957
1783699239,lat99_ms,tier=cloud,41.96592220325836
1783699249,lat99_ms,tier=cloud,44.0672940600149
1783699259,lat99_ms,tier=cloud,45.65739597303806
1783699269,lat99_ms,tier=cloud,45.781143041886025
1783699279,lat99_ms,tier=cloud,45.248896318181075
1783699289,lat99_ms,tier=cloud,45.27203824766031
1783699299,lat99_ms,tier=cloud,45.965287623541734
1783699309,lat99_ms,tier=cloud,46.31340718440099
1783699319,lat99_ms,tier=cloud,47.292522043299556
1783699329,lat99_ms,tier=cloud,47.68834713294324
1783699339,lat99_ms,tier=cloud,48.56585009879383
1783699349,lat99_ms,tier=cloud,49.67172244070367
1783699359,lat99_ms,tier=cloud,52.54033801540639
1783699369,lat99_ms,tier=cloud,57.26004980843079
1783699379,lat99_ms,tier=cloud,60.918644118619184
1783699389,lat99_ms,tier=cloud,63.384102368892236
1783699399,lat99_ms,tier=cloud,63.75390042676879
1783699409,lat99_ms,tier=cloud,64.18480467051191
1783699419,lat99_ms,tier=cloud,64.55498922962545
1783699429,lat99_ms,tier=cloud,64.99139299671184
1783699439,lat99_ms,tier=cloud,65.44943224351651
1783699449,lat99_ms,tier=cloud,65.70555758886564
1783699459,lat99_ms,tier=cloud,65.69871303946432
1783699469,lat99_ms,tier=cloud,65.31574993146295
1783699479,lat99_ms,tier=cloud,64.94564769947878
1783699489,lat99_ms,tier=cloud,63.86895385983153
1783699499,lat99_ms,tier=cloud,62.44930302314419
1783699509,lat99_ms,tier=cloud,61.974331265363844
1783699519,lat99_ms,tier=cloud,61.085322344673315
1783699529,lat99_ms,tier=cloud,59.964479278217915
1783699539,lat99_ms,tier=cloud,57.124216988868056
1783699549,lat99_ms,tier=cloud,53.12090023752307
1783699559,lat99_ms,tier=cloud,49.98575512154395
1783699569,lat99_ms,tier=cloud,49.69060897568118
1783699579,lat99_ms,tier=cloud,49.356969080187135
1783699589,lat99_ms,tier=cloud,48.8950228088774
1783699599,lat99_ms,tier=cloud,48.891616884112466
1783699609,lat99_ms,tier=cloud,48.86120453490667
1783699619,lat99_ms,tier=cloud,48.791180851893984
1783699629,lat99_ms,tier=cloud,48.77676770484695
1783699639,lat99_ms,tier=cloud,48.747966857666135
1783699649,lat99_ms,tier=cloud,48.70979359650159
1783699659,lat99_ms,tier=cloud,48.74127564915885
1783699669,lat99_ms,tier=cloud,48.691516949722526
1783699679,lat99_ms,tier=cloud,48.63158275428859
1783699689,lat99_ms,tier=cloud,48.66225419462572
1783699699,lat99_ms,tier=cloud,48.54976982182993
1783699709,lat99_ms,tier=cloud,48.44286189897094
1783699719,lat99_ms,tier=cloud,48.47322504464107
1783699729,lat99_ms,tier=cloud,48.46756098631619
1783699739,lat99_ms,tier=cloud,48.40335151031362
1783699749,lat99_ms,tier=cloud,48.55923905744022
1783699759,lat99_ms,tier=cloud,48.55535622389895
1783699129,inflight,tier=cloud,0.0
1783699139,inflight,tier=cloud,0.0
1783699149,inflight,tier=cloud,0.0
1783699159,inflight,tier=cloud,0.0
1783699169,inflight,tier=cloud,0.0
1783699179,inflight,tier=cloud,0.0
1783699189,inflight,tier=cloud,0.0
1783699199,inflight,tier=cloud,0.0
1783699209,inflight,tier=cloud,0.0
1783699219,inflight,tier=cloud,0.0
1783699229,inflight,tier=cloud,0.0
1783699239,inflight,tier=cloud,0.0
1783699249,inflight,tier=cloud,0.0
1783699259,inflight,tier=cloud,3.0
1783699269,inflight,tier=cloud,0.0
1783699279,inflight,tier=cloud,0.0
1783699289,inflight,tier=cloud,0.0
1783699299,inflight,tier=cloud,0.0
1783699309,inflight,tier=cloud,0.0
1783699319,inflight,tier=cloud,1.0
1783699329,inflight,tier=cloud,0.0
1783699339,inflight,tier=cloud,2.0
1783699349,inflight,tier=cloud,11.0
1783699359,inflight,tier=cloud,25.0
1783699369,inflight,tier=cloud,13.0
1783699379,inflight,tier=cloud,1.0
1783699389,inflight,tier=cloud,9.0
1783699399,inflight,tier=cloud,0.0
1783699409,inflight,tier=cloud,5.0
1783699419,inflight,tier=cloud,21.0
1783699429,inflight,tier=cloud,3.0
1783699439,inflight,tier=cloud,13.0
1783699449,inflight,tier=cloud,24.0
1783699459,inflight,tier=cloud,19.0
1783699469,inflight,tier=cloud,0.0
1783699479,inflight,tier=cloud,7.0
1783699489,inflight,tier=cloud,0.0
1783699499,inflight,tier=cloud,0.0
1783699509,inflight,tier=cloud,0.0
1783699519,inflight,tier=cloud,0.0
1783699529,inflight,tier=cloud,0.0
1783699539,inflight,tier=cloud,0.0
1783699549,inflight,tier=cloud,0.0
1783699559,inflight,tier=cloud,0.0
1783699569,inflight,tier=cloud,0.0
1783699579,inflight,tier=cloud,0.0
1783699589,inflight,tier=cloud,0.0
1783699599,inflight,tier=cloud,0.0
1783699609,inflight,tier=cloud,0.0
1783699619,inflight,tier=cloud,0.0
1783699629,inflight,tier=cloud,0.0
1783699639,inflight,tier=cloud,12.0
1783699649,inflight,tier=cloud,0.0
1783699659,inflight,tier=cloud,0.0
1783699669,inflight,tier=cloud,0.0
1783699679,inflight,tier=cloud,0.0
1783699689,inflight,tier=cloud,0.0
1783699699,inflight,tier=cloud,0.0
1783699709,inflight,tier=cloud,0.0
1783699719,inflight,tier=cloud,0.0
1783699729,inflight,tier=cloud,0.0
1783699739,inflight,tier=cloud,0.0
1783699749,inflight,tier=cloud,0.0
1783699759,inflight,tier=cloud,0.0
1783699129,inflight,tier=edge,0.0
1783699139,inflight,tier=edge,0.0
1783699149,inflight,tier=edge,0.0
1783699159,inflight,tier=edge,0.0
1783699169,inflight,tier=edge,0.0
1783699179,inflight,tier=edge,0.0
1783699189,inflight,tier=edge,0.0
1783699199,inflight,tier=edge,0.0
1783699209,inflight,tier=edge,0.0
1783699219,inflight,tier=edge,0.0
1783699229,inflight,tier=edge,0.0
1783699239,inflight,tier=edge,0.0
1783699249,inflight,tier=edge,0.0
1783699259,inflight,tier=edge,0.0
1783699269,inflight,tier=edge,0.0
1783699279,inflight,tier=edge,0.0
1783699289,inflight,tier=edge,0.0
1783699299,inflight,tier=edge,0.0
1783699309,inflight,tier=edge,0.0
1783699319,inflight,tier=edge,0.0
1783699329,inflight,tier=edge,0.0
1783699339,inflight,tier=edge,0.0
1783699349,inflight,tier=edge,0.0
1783699359,inflight,tier=edge,0.0
1783699369,inflight,tier=edge,0.0
1783699379,inflight,tier=edge,0.0
1783699389,inflight,tier=edge,0.0
1783699399,inflight,tier=edge,0.0
1783699409,inflight,tier=edge,0.0
1783699419,inflight,tier=edge,0.0
1783699429,inflight,tier=edge,0.0
1783699439,inflight,tier=edge,0.0
1783699449,inflight,tier=edge,0.0
1783699459,inflight,tier=edge,0.0
1783699469,inflight,tier=edge,0.0
1783699479,inflight,tier=edge,0.0
1783699489,inflight,tier=edge,0.0
1783699499,inflight,tier=edge,0.0
1783699509,inflight,tier=edge,0.0
1783699519,inflight,tier=edge,0.0
1783699529,inflight,tier=edge,0.0
1783699539,inflight,tier=edge,0.0
1783699549,inflight,tier=edge,0.0
1783699559,inflight,tier=edge,0.0
1783699569,inflight,tier=edge,0.0
1783699579,inflight,tier=edge,0.0
1783699589,inflight,tier=edge,0.0
1783699599,inflight,tier=edge,0.0
1783699609,inflight,tier=edge,0.0
1783699619,inflight,tier=edge,0.0
1783699629,inflight,tier=edge,0.0
1783699639,inflight,tier=edge,0.0
1783699649,inflight,tier=edge,0.0
1783699659,inflight,tier=edge,0.0
1783699669,inflight,tier=edge,0.0
1783699679,inflight,tier=edge,0.0
1783699689,inflight,tier=edge,0.0
1783699699,inflight,tier=edge,0.0
1783699709,inflight,tier=edge,0.0
1783699719,inflight,tier=edge,0.0
1783699729,inflight,tier=edge,0.0
1783699739,inflight,tier=edge,0.0
1783699749,inflight,tier=edge,0.0
1783699759,inflight,tier=edge,0.0
