ts,metric,labels,value
1783744982,replicas_status,deployment=workload-cloud,1.0
1783744992,replicas_status,deployment=workload-cloud,1.0
1783745002,replicas_status,deployment=workload-cloud,1.0
1783745012,replicas_status,deployment=workload-cloud,1.0
1783745022,replicas_status,deployment=workload-cloud,1.0
1783745032,replicas_status,deployment=workload-cloud,1.0
1783745042,replicas_status,deployment=workload-cloud,1.0
1783745052,replicas_status,deployment=workload-cloud,1.0
1783745062,replicas_status,deployment=workload-cloud,1.0
1783745072,replicas_status,deployment=workload-cloud,2.0
1783745082,replicas_status,deployment=workload-cloud,2.0
1783745092,replicas_status,deployment=workload-cloud,2.0
1783745102,replicas_status,deployment=workload-cloud,2.0
1783745112,replicas_status,deployment=workload-cloud,2.0
1783745122,replicas_status,deployment=workload-cloud,3.0
1783745132,replicas_status,deployment=workload-cloud,3.0
1783745142,replicas_status,deployment=workload-cloud,3.0
1783745152,replicas_status,deployment=workload-cloud,3.0
1783745162,replicas_status,deployment=workload-cloud,3.0
1783745172,replicas_status,deployment=workload-cloud,4.0
1783745182,replicas_status,deployment=workload-cloud,4.0
1783745192,replicas_status,deployment=workload-cloud,4.0
1783745202,replicas_status,deployment=workload-cloud,4.0
1783745212,replicas_status,deployment=workload-cloud,6.0
1783745222,replicas_status,deployment=workload-cloud,6.0
1783745232,replicas_status,deployment=workload-cloud,6.0
1783745242,replicas_status,deployment=workload-cloud,6.0
1783745252,replicas_status,deployment=workload-cloud,6.0
1783745262,replicas_status,deployment=workload-cloud,6.0
1783745272,replicas_status,deployment=workload-cloud,6.0
1783745282,replicas_status,deployment=workload-cloud,6.0
1783745292,replicas_status,deployment=workload-cloud,6.0
1783745302,replicas_status,deployment=workload-cloud,6.0
1783745312,replicas_status,deployment=workload-cloud,6.0
1783745322,replicas_status,deployment=workload-cloud,6.0
1783745332,replicas_status,deployment=workload-cloud,6.0
1783745342,replicas_status,deployment=workload-cloud,6.0
1783745352,replicas_status,deployment=workload-cloud,6.0
1783745362,replicas_status,deployment=workload-cloud,6.0
1783745372,replicas_status,deployment=workload-cloud,6.0
1783745382,replicas_status,deployment=workload-cloud,6.0
1783745392,replicas_status,deployment=workload-cloud,6.0
1783745402,replicas_status,deployment=workload-cloud,6.0
1783745412,replicas_status,deployment=workload-cloud,6.0
1783745422,replicas_status,deployment=workload-cloud,6.0
1783745432,replicas_status,deployment=workload-cloud,6.0
1783745442,replicas_status,deployment=workload-cloud,6.0
1783745452,replicas_status,deployment=workload-cloud,6.0
1783745462,replicas_status,deployment=workload-cloud,6.0
1783745472,replicas_status,deployment=workload-cloud,6.0
1783745482,replicas_status,deployment=workload-cloud,6.0
1783745492,replicas_status,deployment=workload-cloud,6.0
1783745502,replicas_status,deployment=workload-cloud,6.0
1783745512,replicas_status,deployment=workload-cloud,6.0
1783745522,replicas_status,deployment=workload-cloud,6.0
1783745532,replicas_status,deployment=workload-cloud,6.0
1783745542,replicas_status,deployment=workload-cloud,6.0
1783745552,replicas_status,deployment=workload-cloud,6.0
1783745562,replicas_status,deployment=workload-cloud,6.0
1783745572,replicas_status,deployment=workload-cloud,6.0
1783745582,replicas_status,deployment=workload-cloud,6.0
1783745592,replicas_status,deployment=workload-cloud,6.0
1783745602,replicas_status,deployment=workload-cloud,6.0
1783745612,replicas_status,deployment=workload-cloud,5.0
1783745622,replicas_status,deployment=workload-cloud,5.0
1783744982,replicas_status,deployment=workload-edge,1.0
1783744992,replicas_status,deployment=workload-edge,1.0
1783745002,replicas_status,deployment=workload-edge,1.0
1783745012,replicas_status,deployment=workload-edge,1.0
1783745022,replicas_status,deployment=workload-edge,1.0
1783745032,replicas_status,deployment=workload-edge,1.0
1783745042,replicas_status,deployment=workload-edge,1.0
1783745052,replicas_status,deployment=workload-edge,1.0
1783745062,replicas_status,deployment=workload-edge,1.0
1783745072,replicas_status,deployment=workload-edge,1.0
1783745082,replicas_status,deployment=workload-edge,1.0
1783745092,replicas_status,deployment=workload-edge,1.0
1783745102,replicas_status,deployment=workload-edge,1.0
1783745112,replicas_status,deployment=workload-edge,1.0
1783745122,replicas_status,deployment=workload-edge,1.0
1783745132,replicas_status,deployment=workload-edge,1.0
1783745142,replicas_status,deployment=workload-edge,1.0
1783745152,replicas_status,deployment=workload-edge,1.0
1783745162,replicas_status,deployment=workload-edge,1.0
1783745172,replicas_status,deployment=workload-edge,1.0
1783745182,replicas_status,deployment=workload-edge,1.0
1783745192,replicas_status,deployment=workload-edge,1.0
1783745202,replicas_status,deployment=workload-edge,1.0
1783745212,replicas_status,deployment=workload-edge,1.0
1783745222,replicas_status,deployment=workload-edge,1.0
1783745232,replicas_status,deployment=workload-edge,1.0
1783745242,replicas_status,deployment=workload-edge,1.0
1783745252,replicas_status,deployment=workload-edge,1.0
1783745262,replicas_status,deployment=workload-edge,1.0
1783745272,replicas_status,deployment=workload-edge,1.0
1783745282,replicas_status,deployment=workload-edge,1.0
1783745292,replicas_status,deployment=workload-edge,1.0
1783745302,replicas_status,deployment=workload-edge,1.0
1783745312,replicas_status,deployment=workload-edge,1.0
1783745322,replicas_status,deployment=workload-edge,1.0
1783745332,replicas_status,deployment=workload-edge,1.0
1783745342,replicas_status,deployment=workload-edge,1.0
1783745352,replicas_status,deployment=workload-edge,1.0
1783745362,replicas_status,deployment=workload-edge,1.0
1783745372,replicas_status,deployment=workload-edge,1.0
1783745382,replicas_status,deployment=workload-edge,1.0
1783745392,replicas_status,deployment=workload-edge,1.0
1783745402,replicas_status,deployment=workload-edge,1.0
1783745412,replicas_status,deployment=workload-edge,1.0
1783745422,replicas_status,deployment=workload-edge,1.0
1783745432,replicas_status,deployment=workload-edge,1.0
1783745442,replicas_status,deployment=workload-edge,1.0
1783745452,replicas_status,deployment=workload-edge,1.0
1783745462,replicas_status,deployment=workload-edge,1.0
1783745472,replicas_status,deployment=workload-edge,1.0
1783745482,replicas_status,deployment=workload-edge,1.0
1783745492,replicas_status,deployment=workload-edge,1.0
1783745502,replicas_status,deployment=workload-edge,1.0
1783745512,replicas_status,deployment=workload-edge,1.0
1783745522,replicas_status,deployment=workload-edge,1.0
1783745532,replicas_status,deployment=workload-edge,1.0
1783745542,replicas_status,deployment=workload-edge,1.0
1783745552,replicas_status,deployment=workload-edge,1.0
1783745562,replicas_status,deployment=workload-edge,1.0
1783745572,replicas_status,deployment=workload-edge,1.0
1783745582,replicas_status,deployment=workload-edge,1.0
1783745592,replicas_status,deployment=workload-edge,1.0
1783745602,replicas_status,deployment=workload-edge,1.0
1783745612,replicas_status,deployment=workload-edge,1.0
1783745622,replicas_status,deployment=workload-edge,1.0
1783744982,replicas_spec,deployment=workload-cloud,1.0
1783744992,replicas_spec,deployment=workload-cloud,1.0
1783745002,replicas_spec,deployment=workload-cloud,1.0
1783745012,replicas_spec,deployment=workload-cloud,1.0
1783745022,replicas_spec,deployment=workload-cloud,1.0
1783745032,replicas_spec,deployment=workload-cloud,1.0
1783745042,replicas_spec,deployment=workload-cloud,1.0
1783745052,replicas_spec,deployment=workload-cloud,1.0
1783745062,replicas_spec,deployment=workload-cloud,1.0
1783745072,replicas_spec,deployment=workload-cloud,2.0
1783745082,replicas_spec,deployment=workload-cloud,2.0
1783745092,replicas_spec,deployment=workload-cloud,2.0
1783745102,replicas_spec,deployment=workload-cloud,2.0
1783745112,replicas_spec,deployment=workload-cloud,2.0
1783745122,replicas_spec,deployment=workload-cloud,3.0
1783745132,replicas_spec,deployment=workload-cloud,3.0
1783745142,replicas_spec,deployment=workload-cloud,3.0
1783745152,replicas_spec,deployment=workload-cloud,3.0
1783745162,replicas_spec,deployment=workload-cloud,3.0
1783745172,replicas_spec,deployment=workload-cloud,4.0
1783745182,replicas_spec,deployment=workload-cloud,4.0
1783745192,replicas_spec,deployment=workload-cloud,4.0
1783745202,replicas_spec,deployment=workload-cloud,4.0
1783745212,replicas_spec,deployment=workload-cloud,6.0
1783745222,replicas_spec,deployment=workload-cloud,6.0
1783745232,replicas_spec,deployment=workload-cloud,6.0
1783745242,replicas_spec,deployment=workload-cloud,6.0
1783745252,replicas_spec,deployment=workload-cloud,6.0
1783745262,replicas_spec,deployment=workload-cloud,6.0
1783745272,replicas_spec,deployment=workload-cloud,6.0
1783745282,replicas_spec,deployment=workload-cloud,6.0
1783745292,replicas_spec,deployment=workload-cloud,6.0
1783745302,replicas_spec,deployment=workload-cloud,6.0
1783745312,replicas_spec,deployment=workload-cloud,6.0
1783745322,replicas_spec,deployment=workload-cloud,6.0
1783745332,replicas_spec,deployment=workload-cloud,6.0
1783745342,replicas_spec,deployment=workload-cloud,6.0
1783745352,replicas_spec,deployment=workload-cloud,6.0
1783745362,replicas_spec,deployment=workload-cloud,6.0
1783745372,replicas_spec,deployment=workload-cloud,6.0
1783745382,replicas_spec,deployment=workload-cloud,6.0
1783745392,replicas_spec,deployment=workload-cloud,6.0
1783745402,replicas_spec,deployment=workload-cloud,6.0
1783745412,replicas_spec,deployment=workload-cloud,6.0
1783745422,replicas_spec,deployment=workload-cloud,6.0
1783745432,replicas_spec,deployment=workload-cloud,6.0
1783745442,replicas_spec,deployment=workload-cloud,6.0
1783745452,replicas_spec,deployment=workload-cloud,6.0
1783745462,replicas_spec,deployment=workload-cloud,6.0
1783745472,replicas_spec,deployment=workload-cloud,6.0
1783745482,replicas_spec,deployment=workload-cloud,6.0
1783745492,replicas_spec,deployment=workload-cloud,6.0
1783745502,replicas_spec,deployment=workload-cloud,6.0
1783745512,replicas_spec,deployment=workload-cloud,6.0
1783745522,replicas_spec,deployment=workload-cloud,6.0
1783745532,replicas_spec,deployment=workload-cloud,6.0
1783745542,replicas_spec,deployment=workload-cloud,6.0
1783745552,replicas_spec,deployment=workload-cloud,6.0
1783745562,replicas_spec,deployment=workload-cloud,6.0
1783745572,replicas_spec,deployment=workload-cloud,6.0
1783745582,replicas_spec,deployment=workload-cloud,6.0
1783745592,replicas_spec,deployment=workload-cloud,6.0
1783745602,replicas_spec,deployment=workload-cloud,6.0
1783745612,replicas_spec,deployment=workload-cloud,5.0
1783745622,replicas_spec,deployment=workload-cloud,5.0
1783744982,replicas_spec,deployment=workload-edge,1.0
1783744992,replicas_spec,deployment=workload-edge,1.0
1783745002,replicas_spec,deployment=workload-edge,1.0
1783745012,replicas_spec,deployment=workload-edge,1.0
1783745022,replicas_spec,deployment=workload-edge,1.0
1783745032,replicas_spec,deployment=workload-edge,1.0
1783745042,replicas_spec,deployment=workload-edge,1.0
1783745052,replicas_spec,deployment=workload-edge,1.0
1783745062,replicas_spec,deployment=workload-edge,1.0
1783745072,replicas_spec,deployment=workload-edge,1.0
1783745082,replicas_spec,deployment=workload-edge,1.0
1783745092,replicas_spec,deployment=workload-edge,1.0
1783745102,replicas_spec,deployment=workload-edge,1.0
1783745112,replicas_spec,deployment=workload-edge,1.0
1783745122,replicas_spec,deployment=workload-edge,1.0
1783745132,replicas_spec,deployment=workload-edge,1.0
1783745142,replicas_spec,deployment=workload-edge,1.0
1783745152,replicas_spec,deployment=workload-edge,1.0
1783745162,replicas_spec,deployment=workload-edge,1.0
1783745172,replicas_spec,deployment=workload-edge,1.0
1783745182,replicas_spec,deployment=workload-edge,1.0
1783745192,replicas_spec,deployment=workload-edge,1.0
1783745202,replicas_spec,deployment=workload-edge,1.0
1783745212,replicas_spec,deployment=workload-edge,1.0
1783745222,replicas_spec,deployment=workload-edge,1.0
1783745232,replicas_spec,deployment=workload-edge,1.0
1783745242,replicas_spec,deployment=workload-edge,1.0
1783745252,replicas_spec,deployment=workload-edge,1.0
1783745262,replicas_spec,deployment=workload-edge,1.0
1783745272,replicas_spec,deployment=workload-edge,1.0
1783745282,replicas_spec,deployment=workload-edge,1.0
1783745292,replicas_spec,deployment=workload-edge,1.0
1783745302,replicas_spec,deployment=workload-edge,1.0
1783745312,replicas_spec,deployment=workload-edge,1.0
1783745322,replicas_spec,deployment=workload-edge,1.0
1783745332,replicas_spec,deployment=workload-edge,1.0
1783745342,replicas_spec,deployment=workload-edge,1.0
1783745352,replicas_spec,deployment=workload-edge,1.0
1783745362,replicas_spec,deployment=workload-edge,1.0
1783745372,replicas_spec,deployment=workload-edge,1.0
1783745382,replicas_spec,deployment=workload-edge,1.0
1783745392,replicas_spec,deployment=workload-edge,1.0
1783745402,replicas_spec,deployment=workload-edge,1.0
1783745412,replicas_spec,deployment=workload-edge,1.0
1783745422,replicas_spec,deployment=workload-edge,1.0
1783745432,replicas_spec,deployment=workload-edge,1.0
1783745442,replicas_spec,deployment=workload-edge,1.0
1783745452,replicas_spec,deployment=workload-edge,1.0
1783745462,replicas_spec,deployment=workload-edge,1.0
1783745472,replicas_spec,deployment=workload-edge,1.0
1783745482,replicas_spec,deployment=workload-edge,1.0
1783745492,replicas_spec,deployment=workload-edge,1.0
1783745502,replicas_spec,deployment=workload-edge,1.0
1783745512,replicas_spec,deployment=workload-edge,1.0
1783745522,replicas_spec,deployment=workload-edge,1.0
1783745532,replicas_spec,deployment=workload-edge,1.0
1783745542,replicas_spec,deployment=workload-edge,1.0
1783745552,replicas_spec,deployment=workload-edge,1.0
1783745562,replicas_spec,deployment=workload-edge,1.0
1783745572,replicas_spec,deployment=workload-edge,1.0
1783745582,replicas_spec,deployment=workload-edge,1.0
1783745592,replicas_spec,deployment=workload-edge,1.0
1783745602,replicas_spec,deployment=workload-edge,1.0
1783745612,replicas_spec,deployment=workload-edge,1.0
1783745622,replicas_spec,deployment=workload-edge,1.0
1783745232,cpu_cores,pod=workload-cloud-6f545f89ff-4k4bm,0.012308131672301433
1783745242,cpu_cores,pod=workload-cloud-6f545f89ff-4k4bm,0.009784628757659954
1783745252,cpu_cores,pod=workload-cloud-6f545f89ff-4k4bm,0.008502556826133524
1783745262,cpu_cores,pod=workload-cloud-6f545f89ff-4k4bm,0.010306757706771391
1783745272,cpu_cores,pod=workload-cloud-6f545f89ff-4k4bm,0.001732448534969544
1783745282,cpu_cores,pod=workload-cloud-6f545f89ff-4k4bm,0.001723558196434813
1783745292,cpu_cores,pod=workload-cloud-6f545f89ff-4k4bm,0.0016453923398204921
1783745302,cpu_cores,pod=workload-cloud-6f545f89ff-4k4bm,0.0016606865237025878
1783745312,cpu_cores,pod=workload-cloud-6f545f89ff-4k4bm,0.0016920217396419071
1783745322,cpu_cores,pod=workload-cloud-6f545f89ff-4k4bm,0.0017165059966600881
1783745332,cpu_cores,pod=workload-cloud-6f545f89ff-4k4bm,0.001724257254436701
1783745342,cpu_cores,pod=workload-cloud-6f545f89ff-4k4bm,0.001750642388800283
1783745352,cpu_cores,pod=workload-cloud-6f545f89ff-4k4bm,0.0014107095263892
1783745362,cpu_cores,pod=workload-cloud-6f545f89ff-4k4bm,0.001723056614112431
1783745372,cpu_cores,pod=workload-cloud-6f545f89ff-4k4bm,0.0017962745673217942
1783745382,cpu_cores,pod=workload-cloud-6f545f89ff-4k4bm,0.0018311723031680278
1783745392,cpu_cores,pod=workload-cloud-6f545f89ff-4k4bm,0.0018311723031680278
1783745402,cpu_cores,pod=workload-cloud-6f545f89ff-4k4bm,0.0019176898994160353
1783745412,cpu_cores,pod=workload-cloud-6f545f89ff-4k4bm,0.0017976247138550823
1783745422,cpu_cores,pod=workload-cloud-6f545f89ff-4k4bm,0.0017976247138550819
1783745432,cpu_cores,pod=workload-cloud-6f545f89ff-4k4bm,0.0017656589843360263
1783745442,cpu_cores,pod=workload-cloud-6f545f89ff-4k4bm,0.0016988683184090546
1783745452,cpu_cores,pod=workload-cloud-6f545f89ff-4k4bm,0.0016856846041969685
1783745462,cpu_cores,pod=workload-cloud-6f545f89ff-4k4bm,0.0016939527490788212
1783745472,cpu_cores,pod=workload-cloud-6f545f89ff-4k4bm,0.0013314723533163267
1783745482,cpu_cores,pod=workload-cloud-6f545f89ff-4k4bm,0.0017501258706050177
1783745492,cpu_cores,pod=workload-cloud-6f545f89ff-4k4bm,0.001809694715904176
1783745502,cpu_cores,pod=workload-cloud-6f545f89ff-4k4bm,0.0015960753354809871
1783745512,cpu_cores,pod=workload-cloud-6f545f89ff-4k4bm,0.001858643543365741
1783745522,cpu_cores,pod=workload-cloud-6f545f89ff-4k4bm,0.0018525453370337975
1783745532,cpu_cores,pod=workload-cloud-6f545f89ff-4k4bm,0.001828588207657975
1783745542,cpu_cores,pod=workload-cloud-6f545f89ff-4k4bm,0.0018555797326701917
1783745552,cpu_cores,pod=workload-cloud-6f545f89ff-4k4bm,0.0018801429038434597
1783745562,cpu_cores,pod=workload-cloud-6f545f89ff-4k4bm,0.0018801429038434597
1783745572,cpu_cores,pod=workload-cloud-6f545f89ff-4k4bm,0.0019386382998319164
1783745582,cpu_cores,pod=workload-cloud-6f545f89ff-4k4bm,0.0016563684290598296
1783745592,cpu_cores,pod=workload-cloud-6f545f89ff-4k4bm,0.001969540787452502
1783745602,cpu_cores,pod=workload-cloud-6f545f89ff-4k4bm,0.0019643908064259567
1783745612,cpu_cores,pod=workload-cloud-6f545f89ff-4k4bm,0.001730289505322129
1783745622,cpu_cores,pod=workload-cloud-6f545f89ff-4k4bm,0.001739572539495799
1783744982,cpu_cores,pod=workload-cloud-6f545f89ff-9hvzm,0.0019962931909415565
1783744992,cpu_cores,pod=workload-cloud-6f545f89ff-9hvzm,0.0019962931909415565
1783745002,cpu_cores,pod=workload-cloud-6f545f89ff-9hvzm,0.00926413943354284
1783745012,cpu_cores,pod=workload-cloud-6f545f89ff-9hvzm,0.021281825069102422
1783745022,cpu_cores,pod=workload-cloud-6f545f89ff-9hvzm,0.03862670241076769
1783745032,cpu_cores,pod=workload-cloud-6f545f89ff-9hvzm,0.052658834357493405
1783745042,cpu_cores,pod=workload-cloud-6f545f89ff-9hvzm,0.08384860122013525
1783745052,cpu_cores,pod=workload-cloud-6f545f89ff-9hvzm,0.0989918621687942
1783745062,cpu_cores,pod=workload-cloud-6f545f89ff-9hvzm,0.11012396459402862
1783745072,cpu_cores,pod=workload-cloud-6f545f89ff-9hvzm,0.14050912227819065
1783745082,cpu_cores,pod=workload-cloud-6f545f89ff-9hvzm,0.15629504713452558
1783745092,cpu_cores,pod=workload-cloud-6f545f89ff-9hvzm,0.16247291477100978
1783745102,cpu_cores,pod=workload-cloud-6f545f89ff-9hvzm,0.17539857991942664
1783745112,cpu_cores,pod=workload-cloud-6f545f89ff-9hvzm,0.17777597815632
1783745122,cpu_cores,pod=workload-cloud-6f545f89ff-9hvzm,0.17947032463450824
1783745132,cpu_cores,pod=workload-cloud-6f545f89ff-9hvzm,0.18145983712473857
1783745142,cpu_cores,pod=workload-cloud-6f545f89ff-9hvzm,0.1906521656607053
1783745152,cpu_cores,pod=workload-cloud-6f545f89ff-9hvzm,0.20407107595067156
1783745162,cpu_cores,pod=workload-cloud-6f545f89ff-9hvzm,0.21574770949720212
1783745172,cpu_cores,pod=workload-cloud-6f545f89ff-9hvzm,0.23102468702725562
1783745182,cpu_cores,pod=workload-cloud-6f545f89ff-9hvzm,0.2465729818780491
1783745192,cpu_cores,pod=workload-cloud-6f545f89ff-9hvzm,0.3300743045751865
1783745202,cpu_cores,pod=workload-cloud-6f545f89ff-9hvzm,0.3608513171951948
1783745212,cpu_cores,pod=workload-cloud-6f545f89ff-9hvzm,0.4503979176331042
1783745222,cpu_cores,pod=workload-cloud-6f545f89ff-9hvzm,0.46856158310494417
1783745232,cpu_cores,pod=workload-cloud-6f545f89ff-9hvzm,0.49856120862030623
1783745242,cpu_cores,pod=workload-cloud-6f545f89ff-9hvzm,0.5078951441921753
1783745252,cpu_cores,pod=workload-cloud-6f545f89ff-9hvzm,0.5089608833906867
1783745262,cpu_cores,pod=workload-cloud-6f545f89ff-9hvzm,0.4465813651201157
1783745272,cpu_cores,pod=workload-cloud-6f545f89ff-9hvzm,0.5005559891283289
1783745282,cpu_cores,pod=workload-cloud-6f545f89ff-9hvzm,0.5099076812977099
1783745292,cpu_cores,pod=workload-cloud-6f545f89ff-9hvzm,0.5047726931169257
1783745302,cpu_cores,pod=workload-cloud-6f545f89ff-9hvzm,0.503364766362317
1783745312,cpu_cores,pod=workload-cloud-6f545f89ff-9hvzm,0.4433169093548757
1783745322,cpu_cores,pod=workload-cloud-6f545f89ff-9hvzm,0.5018111376623361
1783745332,cpu_cores,pod=workload-cloud-6f545f89ff-9hvzm,0.4945943283582058
1783745342,cpu_cores,pod=workload-cloud-6f545f89ff-9hvzm,0.3957108432237417
1783745352,cpu_cores,pod=workload-cloud-6f545f89ff-9hvzm,0.43526434840520045
1783745362,cpu_cores,pod=workload-cloud-6f545f89ff-9hvzm,0.35690489987766205
1783745372,cpu_cores,pod=workload-cloud-6f545f89ff-9hvzm,0.35690489987766205
1783745382,cpu_cores,pod=workload-cloud-6f545f89ff-9hvzm,0.29334117994318365
1783745392,cpu_cores,pod=workload-cloud-6f545f89ff-9hvzm,0.2566114285714311
1783745402,cpu_cores,pod=workload-cloud-6f545f89ff-9hvzm,0.25578730811514894
1783745412,cpu_cores,pod=workload-cloud-6f545f89ff-9hvzm,0.25510910929745617
1783745422,cpu_cores,pod=workload-cloud-6f545f89ff-9hvzm,0.21217789202540172
1783745432,cpu_cores,pod=workload-cloud-6f545f89ff-9hvzm,0.25304878544050824
1783745442,cpu_cores,pod=workload-cloud-6f545f89ff-9hvzm,0.2500982465767069
1783745452,cpu_cores,pod=workload-cloud-6f545f89ff-9hvzm,0.24769339675854288
1783745462,cpu_cores,pod=workload-cloud-6f545f89ff-9hvzm,0.2057203899849232
1783745472,cpu_cores,pod=workload-cloud-6f545f89ff-9hvzm,0.24144635973840767
1783745482,cpu_cores,pod=workload-cloud-6f545f89ff-9hvzm,0.24324348262795603
1783745492,cpu_cores,pod=workload-cloud-6f545f89ff-9hvzm,0.2479069600309603
1783745502,cpu_cores,pod=workload-cloud-6f545f89ff-9hvzm,0.25087601014247396
1783745512,cpu_cores,pod=workload-cloud-6f545f89ff-9hvzm,0.2574969462455503
1783745522,cpu_cores,pod=workload-cloud-6f545f89ff-9hvzm,0.2574969462455503
1783745532,cpu_cores,pod=workload-cloud-6f545f89ff-9hvzm,0.2567012864947396
1783745542,cpu_cores,pod=workload-cloud-6f545f89ff-9hvzm,0.23959685399896435
1783745552,cpu_cores,pod=workload-cloud-6f545f89ff-9hvzm,0.2352300649078159
1783745562,cpu_cores,pod=workload-cloud-6f545f89ff-9hvzm,0.18241982104375543
1783745572,cpu_cores,pod=workload-cloud-6f545f89ff-9hvzm,0.09720059999999649
1783745582,cpu_cores,pod=workload-cloud-6f545f89ff-9hvzm,0.08669194930224358
1783745592,cpu_cores,pod=workload-cloud-6f545f89ff-9hvzm,0.02672084157600131
1783745602,cpu_cores,pod=workload-cloud-6f545f89ff-9hvzm,0.0021299616243846075
1783745612,cpu_cores,pod=workload-cloud-6f545f89ff-9hvzm,0.0021234672304437457
1783745622,cpu_cores,pod=workload-cloud-6f545f89ff-9hvzm,0.002056503557010257
1783745092,cpu_cores,pod=workload-cloud-6f545f89ff-9jd62,0.013812028483011241
1783745102,cpu_cores,pod=workload-cloud-6f545f89ff-9jd62,0.022953434554973822
1783745112,cpu_cores,pod=workload-cloud-6f545f89ff-9jd62,0.02960582720358521
1783745122,cpu_cores,pod=workload-cloud-6f545f89ff-9jd62,0.046347313384636775
1783745132,cpu_cores,pod=workload-cloud-6f545f89ff-9jd62,0.04659304166666666
1783745142,cpu_cores,pod=workload-cloud-6f545f89ff-9jd62,0.07250835066355081
1783745152,cpu_cores,pod=workload-cloud-6f545f89ff-9jd62,0.08098238426874232
1783745162,cpu_cores,pod=workload-cloud-6f545f89ff-9jd62,0.08464823368185971
1783745172,cpu_cores,pod=workload-cloud-6f545f89ff-9jd62,0.08719151636001088
1783745182,cpu_cores,pod=workload-cloud-6f545f89ff-9jd62,0.08820280938334034
1783745192,cpu_cores,pod=workload-cloud-6f545f89ff-9jd62,0.1522267098736377
1783745202,cpu_cores,pod=workload-cloud-6f545f89ff-9jd62,0.19047455089820362
1783745212,cpu_cores,pod=workload-cloud-6f545f89ff-9jd62,0.24284850637227048
1783745222,cpu_cores,pod=workload-cloud-6f545f89ff-9jd62,0.32506418370844276
1783745232,cpu_cores,pod=workload-cloud-6f545f89ff-9jd62,0.30356639445393774
1783745242,cpu_cores,pod=workload-cloud-6f545f89ff-9jd62,0.3164057900300907
1783745252,cpu_cores,pod=workload-cloud-6f545f89ff-9jd62,0.35822638444622146
1783745262,cpu_cores,pod=workload-cloud-6f545f89ff-9jd62,0.35826270014874445
1783745272,cpu_cores,pod=workload-cloud-6f545f89ff-9jd62,0.35693890606674494
1783745282,cpu_cores,pod=workload-cloud-6f545f89ff-9jd62,0.35861565730539813
1783745292,cpu_cores,pod=workload-cloud-6f545f89ff-9jd62,0.30332109113858813
1783745302,cpu_cores,pod=workload-cloud-6f545f89ff-9jd62,0.36151794902717477
1783745312,cpu_cores,pod=workload-cloud-6f545f89ff-9jd62,0.29378294591928994
1783745322,cpu_cores,pod=workload-cloud-6f545f89ff-9jd62,0.36192285721841694
1783745332,cpu_cores,pod=workload-cloud-6f545f89ff-9jd62,0.36192285721841694
1783745342,cpu_cores,pod=workload-cloud-6f545f89ff-9jd62,0.3351331228228455
1783745352,cpu_cores,pod=workload-cloud-6f545f89ff-9jd62,0.28615423989080374
1783745362,cpu_cores,pod=workload-cloud-6f545f89ff-9jd62,0.24064987973084062
1783745372,cpu_cores,pod=workload-cloud-6f545f89ff-9jd62,0.1841240320351401
1783745382,cpu_cores,pod=workload-cloud-6f545f89ff-9jd62,0.10299610770946659
1783745392,cpu_cores,pod=workload-cloud-6f545f89ff-9jd62,0.10018462751846266
1783745402,cpu_cores,pod=workload-cloud-6f545f89ff-9jd62,0.08890951710336137
1783745412,cpu_cores,pod=workload-cloud-6f545f89ff-9jd62,0.06615280000000008
1783745422,cpu_cores,pod=workload-cloud-6f545f89ff-9jd62,0.08689706513958498
1783745432,cpu_cores,pod=workload-cloud-6f545f89ff-9jd62,0.08641646890420757
1783745442,cpu_cores,pod=workload-cloud-6f545f89ff-9jd62,0.08545367249448331
1783745452,cpu_cores,pod=workload-cloud-6f545f89ff-9jd62,0.08558304214009681
1783745462,cpu_cores,pod=workload-cloud-6f545f89ff-9jd62,0.08488925552104892
1783745472,cpu_cores,pod=workload-cloud-6f545f89ff-9jd62,0.08488925552104892
1783745482,cpu_cores,pod=workload-cloud-6f545f89ff-9jd62,0.08502577554292971
1783745492,cpu_cores,pod=workload-cloud-6f545f89ff-9jd62,0.08503550579768086
1783745502,cpu_cores,pod=workload-cloud-6f545f89ff-9jd62,0.08687091579286398
1783745512,cpu_cores,pod=workload-cloud-6f545f89ff-9jd62,0.08842833350956963
1783745522,cpu_cores,pod=workload-cloud-6f545f89ff-9jd62,0.0897214363751364
1783745532,cpu_cores,pod=workload-cloud-6f545f89ff-9jd62,0.08919862929371679
1783745542,cpu_cores,pod=workload-cloud-6f545f89ff-9jd62,0.08833926160129087
1783745552,cpu_cores,pod=workload-cloud-6f545f89ff-9jd62,0.06686970821217283
1783745562,cpu_cores,pod=workload-cloud-6f545f89ff-9jd62,0.05615256770490832
1783745572,cpu_cores,pod=workload-cloud-6f545f89ff-9jd62,0.039235279615400506
1783745582,cpu_cores,pod=workload-cloud-6f545f89ff-9jd62,0.014270327832958426
1783745592,cpu_cores,pod=workload-cloud-6f545f89ff-9jd62,0.0021054104174120787
1783745602,cpu_cores,pod=workload-cloud-6f545f89ff-9jd62,0.002152522589603717
1783745612,cpu_cores,pod=workload-cloud-6f545f89ff-9jd62,0.0021966460203091797
1783745622,cpu_cores,pod=workload-cloud-6f545f89ff-9jd62,0.0021966460203091797
1783745192,cpu_cores,pod=workload-cloud-6f545f89ff-c5dz8,0.032135420059836
1783745202,cpu_cores,pod=workload-cloud-6f545f89ff-c5dz8,0.05945286175608326
1783745212,cpu_cores,pod=workload-cloud-6f545f89ff-c5dz8,0.0901431854623094
1783745222,cpu_cores,pod=workload-cloud-6f545f89ff-c5dz8,0.11071261124937921
1783745232,cpu_cores,pod=workload-cloud-6f545f89ff-c5dz8,0.1434231940253271
1783745242,cpu_cores,pod=workload-cloud-6f545f89ff-c5dz8,0.15126185449965407
1783745252,cpu_cores,pod=workload-cloud-6f545f89ff-c5dz8,0.15829581853757516
1783745262,cpu_cores,pod=workload-cloud-6f545f89ff-c5dz8,0.15786206398497865
1783745272,cpu_cores,pod=workload-cloud-6f545f89ff-c5dz8,0.13805083633828355
1783745282,cpu_cores,pod=workload-cloud-6f545f89ff-c5dz8,0.16090451248992751
1783745292,cpu_cores,pod=workload-cloud-6f545f89ff-c5dz8,0.1625082031468727
1783745302,cpu_cores,pod=workload-cloud-6f545f89ff-c5dz8,0.1636775688397844
1783745312,cpu_cores,pod=workload-cloud-6f545f89ff-c5dz8,0.16549705948597307
1783745322,cpu_cores,pod=workload-cloud-6f545f89ff-c5dz8,0.16123587594616534
1783745332,cpu_cores,pod=workload-cloud-6f545f89ff-c5dz8,0.15984682007518036
1783745342,cpu_cores,pod=workload-cloud-6f545f89ff-c5dz8,0.12265972846610325
1783745352,cpu_cores,pod=workload-cloud-6f545f89ff-c5dz8,0.07084164316841843
1783745362,cpu_cores,pod=workload-cloud-6f545f89ff-c5dz8,0.07084164316841843
1783745372,cpu_cores,pod=workload-cloud-6f545f89ff-c5dz8,0.03061363144452616
1783745382,cpu_cores,pod=workload-cloud-6f545f89ff-c5dz8,0.0019554652898426286
1783745392,cpu_cores,pod=workload-cloud-6f545f89ff-c5dz8,0.0019410687656907595
1783745402,cpu_cores,pod=workload-cloud-6f545f89ff-c5dz8,0.0020330830658211742
1783745412,cpu_cores,pod=workload-cloud-6f545f89ff-c5dz8,0.0019274839114738667
1783745422,cpu_cores,pod=workload-cloud-6f545f89ff-c5dz8,0.0019274839114738667
1783745432,cpu_cores,pod=workload-cloud-6f545f89ff-c5dz8,0.0018331149831870616
1783745442,cpu_cores,pod=workload-cloud-6f545f89ff-c5dz8,0.001795832582717855
1783745452,cpu_cores,pod=workload-cloud-6f545f89ff-c5dz8,0.0017464352138872317
1783745462,cpu_cores,pod=workload-cloud-6f545f89ff-c5dz8,0.001750078853692602
1783745472,cpu_cores,pod=workload-cloud-6f545f89ff-c5dz8,0.0017944010804129583
1783745482,cpu_cores,pod=workload-cloud-6f545f89ff-c5dz8,0.001857946960129918
1783745492,cpu_cores,pod=workload-cloud-6f545f89ff-c5dz8,0.0018974692918613972
1783745502,cpu_cores,pod=workload-cloud-6f545f89ff-c5dz8,0.0019154134883157977
1783745512,cpu_cores,pod=workload-cloud-6f545f89ff-c5dz8,0.0019092387888646652
1783745522,cpu_cores,pod=workload-cloud-6f545f89ff-c5dz8,0.0019087524015132269
1783745532,cpu_cores,pod=workload-cloud-6f545f89ff-c5dz8,0.0015977099874109062
1783745542,cpu_cores,pod=workload-cloud-6f545f89ff-c5dz8,0.001908577562068372
1783745552,cpu_cores,pod=workload-cloud-6f545f89ff-c5dz8,0.001904829064650802
1783745562,cpu_cores,pod=workload-cloud-6f545f89ff-c5dz8,0.0019150485917305124
1783745572,cpu_cores,pod=workload-cloud-6f545f89ff-c5dz8,0.0019309356074650318
1783745582,cpu_cores,pod=workload-cloud-6f545f89ff-c5dz8,0.0016224566706286069
1783745592,cpu_cores,pod=workload-cloud-6f545f89ff-c5dz8,0.0020579746737103225
1783745602,cpu_cores,pod=workload-cloud-6f545f89ff-c5dz8,0.0021002769275615526
1783745612,cpu_cores,pod=workload-cloud-6f545f89ff-c5dz8,0.0015981597835665017
1783745622,cpu_cores,pod=workload-cloud-6f545f89ff-c5dz8,0.0013686194487203271
1783745232,cpu_cores,pod=workload-cloud-6f545f89ff-m9h57,0.010880513015555277
1783745242,cpu_cores,pod=workload-cloud-6f545f89ff-m9h57,0.015244790091329912
1783745252,cpu_cores,pod=workload-cloud-6f545f89ff-m9h57,0.010295412443550455
1783745262,cpu_cores,pod=workload-cloud-6f545f89ff-m9h57,0.008981730998157807
1783745272,cpu_cores,pod=workload-cloud-6f545f89ff-m9h57,0.0017897293938195589
1783745282,cpu_cores,pod=workload-cloud-6f545f89ff-m9h57,0.0017280172073565387
1783745292,cpu_cores,pod=workload-cloud-6f545f89ff-m9h57,0.0016747930362795208
1783745302,cpu_cores,pod=workload-cloud-6f545f89ff-m9h57,0.00169238711185569
1783745312,cpu_cores,pod=workload-cloud-6f545f89ff-m9h57,0.0017085743618092436
1783745322,cpu_cores,pod=workload-cloud-6f545f89ff-m9h57,0.0017619357209486405
1783745332,cpu_cores,pod=workload-cloud-6f545f89ff-m9h57,0.0017180511843630946
1783745342,cpu_cores,pod=workload-cloud-6f545f89ff-m9h57,0.0016546797273902661
1783745352,cpu_cores,pod=workload-cloud-6f545f89ff-m9h57,0.0016546797273902661
1783745362,cpu_cores,pod=workload-cloud-6f545f89ff-m9h57,0.0016674743792099227
1783745372,cpu_cores,pod=workload-cloud-6f545f89ff-m9h57,0.0016955152195608782
1783745382,cpu_cores,pod=workload-cloud-6f545f89ff-m9h57,0.0017501789133672473
1783745392,cpu_cores,pod=workload-cloud-6f545f89ff-m9h57,0.0018055654060368383
1783745402,cpu_cores,pod=workload-cloud-6f545f89ff-m9h57,0.001785263490059957
1783745412,cpu_cores,pod=workload-cloud-6f545f89ff-m9h57,0.0018205431414124937
1783745422,cpu_cores,pod=workload-cloud-6f545f89ff-m9h57,0.001757780754125898
1783745432,cpu_cores,pod=workload-cloud-6f545f89ff-m9h57,0.0017577807541258987
1783745442,cpu_cores,pod=workload-cloud-6f545f89ff-m9h57,0.0017903688834207507
1783745452,cpu_cores,pod=workload-cloud-6f545f89ff-m9h57,0.0017015050752537638
1783745462,cpu_cores,pod=workload-cloud-6f545f89ff-m9h57,0.0016870437269511562
1783745472,cpu_cores,pod=workload-cloud-6f545f89ff-m9h57,0.0017515442148678792
1783745482,cpu_cores,pod=workload-cloud-6f545f89ff-m9h57,0.0017592088044107873
1783745492,cpu_cores,pod=workload-cloud-6f545f89ff-m9h57,0.0017592088044107873
1783745502,cpu_cores,pod=workload-cloud-6f545f89ff-m9h57,0.0018114307044648603
1783745512,cpu_cores,pod=workload-cloud-6f545f89ff-m9h57,0.0018054064877853417
1783745522,cpu_cores,pod=workload-cloud-6f545f89ff-m9h57,0.001863337212568722
1783745532,cpu_cores,pod=workload-cloud-6f545f89ff-m9h57,0.0018614249248110806
1783745542,cpu_cores,pod=workload-cloud-6f545f89ff-m9h57,0.0018996997816593882
1783745552,cpu_cores,pod=workload-cloud-6f545f89ff-m9h57,0.0018819626765060674
1783745562,cpu_cores,pod=workload-cloud-6f545f89ff-m9h57,0.0019506762849413896
1783745572,cpu_cores,pod=workload-cloud-6f545f89ff-m9h57,0.0018418670438472414
1783745582,cpu_cores,pod=workload-cloud-6f545f89ff-m9h57,0.0016032160516323778
1783745592,cpu_cores,pod=workload-cloud-6f545f89ff-m9h57,0.0019453095418402115
1783745602,cpu_cores,pod=workload-cloud-6f545f89ff-m9h57,0.0019741061942529594
1783745612,cpu_cores,pod=workload-cloud-6f545f89ff-m9h57,0.001969074926339885
1783745622,cpu_cores,pod=workload-cloud-6f545f89ff-m9h57,0.0019126195351983034
1783745142,cpu_cores,pod=workload-cloud-6f545f89ff-mhlc8,0.01000199733452594
1783745152,cpu_cores,pod=workload-cloud-6f545f89ff-mhlc8,0.00786852818910062
1783745162,cpu_cores,pod=workload-cloud-6f545f89ff-mhlc8,0.010018708227131124
1783745172,cpu_cores,pod=workload-cloud-6f545f89ff-mhlc8,0.013748914037459706
1783745182,cpu_cores,pod=workload-cloud-6f545f89ff-mhlc8,0.03670990595917706
1783745192,cpu_cores,pod=workload-cloud-6f545f89ff-mhlc8,0.10207946251717553
1783745202,cpu_cores,pod=workload-cloud-6f545f89ff-mhlc8,0.1283234232282806
1783745212,cpu_cores,pod=workload-cloud-6f545f89ff-mhlc8,0.218938693086744
1783745222,cpu_cores,pod=workload-cloud-6f545f89ff-mhlc8,0.249358853140731
1783745232,cpu_cores,pod=workload-cloud-6f545f89ff-mhlc8,0.32376357765328356
1783745242,cpu_cores,pod=workload-cloud-6f545f89ff-mhlc8,0.3661460386637612
1783745252,cpu_cores,pod=workload-cloud-6f545f89ff-mhlc8,0.37015906513044
1783745262,cpu_cores,pod=workload-cloud-6f545f89ff-mhlc8,0.37008619975914503
1783745272,cpu_cores,pod=workload-cloud-6f545f89ff-mhlc8,0.37554535438854203
1783745282,cpu_cores,pod=workload-cloud-6f545f89ff-mhlc8,0.37554535438854203
1783745292,cpu_cores,pod=workload-cloud-6f545f89ff-mhlc8,0.3758928980022881
1783745302,cpu_cores,pod=workload-cloud-6f545f89ff-mhlc8,0.2981818929829593
1783745312,cpu_cores,pod=workload-cloud-6f545f89ff-mhlc8,0.3293342219354221
1783745322,cpu_cores,pod=workload-cloud-6f545f89ff-mhlc8,0.373712442264654
1783745332,cpu_cores,pod=workload-cloud-6f545f89ff-mhlc8,0.3336973181004019
1783745342,cpu_cores,pod=workload-cloud-6f545f89ff-mhlc8,0.3336973181004019
1783745352,cpu_cores,pod=workload-cloud-6f545f89ff-mhlc8,0.25926096142487165
1783745362,cpu_cores,pod=workload-cloud-6f545f89ff-mhlc8,0.15563349549464736
1783745372,cpu_cores,pod=workload-cloud-6f545f89ff-mhlc8,0.12734403078203008
1783745382,cpu_cores,pod=workload-cloud-6f545f89ff-mhlc8,0.05418848819278003
1783745392,cpu_cores,pod=workload-cloud-6f545f89ff-mhlc8,0.026378689886000565
1783745402,cpu_cores,pod=workload-cloud-6f545f89ff-mhlc8,0.02606575009682076
1783745412,cpu_cores,pod=workload-cloud-6f545f89ff-mhlc8,0.025380132342571856
1783745422,cpu_cores,pod=workload-cloud-6f545f89ff-mhlc8,0.025204129086809468
1783745432,cpu_cores,pod=workload-cloud-6f545f89ff-mhlc8,0.024977259559675436
1783745442,cpu_cores,pod=workload-cloud-6f545f89ff-mhlc8,0.0247807031574906
1783745452,cpu_cores,pod=workload-cloud-6f545f89ff-mhlc8,0.024840960013788417
1783745462,cpu_cores,pod=workload-cloud-6f545f89ff-mhlc8,0.016452424999999948
1783745472,cpu_cores,pod=workload-cloud-6f545f89ff-mhlc8,0.024711978758596542
1783745482,cpu_cores,pod=workload-cloud-6f545f89ff-mhlc8,0.024964253173140168
1783745492,cpu_cores,pod=workload-cloud-6f545f89ff-mhlc8,0.02526343664647897
1783745502,cpu_cores,pod=workload-cloud-6f545f89ff-mhlc8,0.025350103217539846
1783745512,cpu_cores,pod=workload-cloud-6f545f89ff-mhlc8,0.025760322036664392
1783745522,cpu_cores,pod=workload-cloud-6f545f89ff-mhlc8,0.025682086632169927
1783745532,cpu_cores,pod=workload-cloud-6f545f89ff-mhlc8,0.025717259570827718
1783745542,cpu_cores,pod=workload-cloud-6f545f89ff-mhlc8,0.021134865787366796
1783745552,cpu_cores,pod=workload-cloud-6f545f89ff-mhlc8,0.013713552319397799
1783745562,cpu_cores,pod=workload-cloud-6f545f89ff-mhlc8,0.005768436445248031
1783745572,cpu_cores,pod=workload-cloud-6f545f89ff-mhlc8,0.005160957247702527
1783745582,cpu_cores,pod=workload-cloud-6f545f89ff-mhlc8,0.002051554905384292
1783745592,cpu_cores,pod=workload-cloud-6f545f89ff-mhlc8,0.002106085008052682
1783745602,cpu_cores,pod=workload-cloud-6f545f89ff-mhlc8,0.002215300310044103
1783745612,cpu_cores,pod=workload-cloud-6f545f89ff-mhlc8,0.00200769564469154
1783745622,cpu_cores,pod=workload-cloud-6f545f89ff-mhlc8,0.002274433443344284
1783744982,cpu_cores,pod=workload-edge-7b875fd8c6-pxwvc,0.0020822944980785673
1783744992,cpu_cores,pod=workload-edge-7b875fd8c6-pxwvc,0.00168212164710529
1783745002,cpu_cores,pod=workload-edge-7b875fd8c6-pxwvc,0.0020025163563160185
1783745012,cpu_cores,pod=workload-edge-7b875fd8c6-pxwvc,0.002010275689223053
1783745022,cpu_cores,pod=workload-edge-7b875fd8c6-pxwvc,0.00166558080048167
1783745032,cpu_cores,pod=workload-edge-7b875fd8c6-pxwvc,0.002039222903885539
1783745042,cpu_cores,pod=workload-edge-7b875fd8c6-pxwvc,0.0020431624430691203
1783745052,cpu_cores,pod=workload-edge-7b875fd8c6-pxwvc,0.0020549553694672595
1783745062,cpu_cores,pod=workload-edge-7b875fd8c6-pxwvc,0.0017842775909156345
1783745072,cpu_cores,pod=workload-edge-7b875fd8c6-pxwvc,0.0020403042182108814
1783745082,cpu_cores,pod=workload-edge-7b875fd8c6-pxwvc,0.0017213083212053273
1783745092,cpu_cores,pod=workload-edge-7b875fd8c6-pxwvc,0.002079409757761831
1783745102,cpu_cores,pod=workload-edge-7b875fd8c6-pxwvc,0.002014226757087473
1783745112,cpu_cores,pod=workload-edge-7b875fd8c6-pxwvc,0.0019977505848478767
1783745122,cpu_cores,pod=workload-edge-7b875fd8c6-pxwvc,0.0019977505848478767
1783745132,cpu_cores,pod=workload-edge-7b875fd8c6-pxwvc,0.001979145106861599
1783745142,cpu_cores,pod=workload-edge-7b875fd8c6-pxwvc,0.001979145106861599
1783745152,cpu_cores,pod=workload-edge-7b875fd8c6-pxwvc,0.002068607027749325
1783745162,cpu_cores,pod=workload-edge-7b875fd8c6-pxwvc,0.0020948681779349334
1783745172,cpu_cores,pod=workload-edge-7b875fd8c6-pxwvc,0.0021267613955274316
1783745182,cpu_cores,pod=workload-edge-7b875fd8c6-pxwvc,0.0021010920201429283
1783745192,cpu_cores,pod=workload-edge-7b875fd8c6-pxwvc,0.002125115078028525
1783745202,cpu_cores,pod=workload-edge-7b875fd8c6-pxwvc,0.002098090308763171
1783745212,cpu_cores,pod=workload-edge-7b875fd8c6-pxwvc,0.002089806059436538
1783745222,cpu_cores,pod=workload-edge-7b875fd8c6-pxwvc,0.001746742356119449
1783745232,cpu_cores,pod=workload-edge-7b875fd8c6-pxwvc,0.0021162231637074087
1783745242,cpu_cores,pod=workload-edge-7b875fd8c6-pxwvc,0.0021220251560943944
1783745252,cpu_cores,pod=workload-edge-7b875fd8c6-pxwvc,0.00212531520666591
1783745262,cpu_cores,pod=workload-edge-7b875fd8c6-pxwvc,0.0016465283264153114
1783745272,cpu_cores,pod=workload-edge-7b875fd8c6-pxwvc,0.0021122049862969954
1783745282,cpu_cores,pod=workload-edge-7b875fd8c6-pxwvc,0.002060373108749992
1783745292,cpu_cores,pod=workload-edge-7b875fd8c6-pxwvc,0.002064390673442087
1783745302,cpu_cores,pod=workload-edge-7b875fd8c6-pxwvc,0.002078457287035908
1783745312,cpu_cores,pod=workload-edge-7b875fd8c6-pxwvc,0.002097301007327792
1783745322,cpu_cores,pod=workload-edge-7b875fd8c6-pxwvc,0.0020931935010098063
1783745332,cpu_cores,pod=workload-edge-7b875fd8c6-pxwvc,0.0020931935010098063
1783745342,cpu_cores,pod=workload-edge-7b875fd8c6-pxwvc,0.0020834432789012597
1783745352,cpu_cores,pod=workload-edge-7b875fd8c6-pxwvc,0.0017392351292750928
1783745362,cpu_cores,pod=workload-edge-7b875fd8c6-pxwvc,0.002089101620029473
1783745372,cpu_cores,pod=workload-edge-7b875fd8c6-pxwvc,0.002115744823820859
1783745382,cpu_cores,pod=workload-edge-7b875fd8c6-pxwvc,0.0021492427631158886
1783745392,cpu_cores,pod=workload-edge-7b875fd8c6-pxwvc,0.0021847602485525574
1783745402,cpu_cores,pod=workload-edge-7b875fd8c6-pxwvc,0.002204500532157491
1783745412,cpu_cores,pod=workload-edge-7b875fd8c6-pxwvc,0.002216177003989866
1783745422,cpu_cores,pod=workload-edge-7b875fd8c6-pxwvc,0.002216177003989866
1783745432,cpu_cores,pod=workload-edge-7b875fd8c6-pxwvc,0.0021574544708591976
1783745442,cpu_cores,pod=workload-edge-7b875fd8c6-pxwvc,0.0021510940597695176
1783745452,cpu_cores,pod=workload-edge-7b875fd8c6-pxwvc,0.0017956305360855962
1783745462,cpu_cores,pod=workload-edge-7b875fd8c6-pxwvc,0.0021503667193358096
1783745472,cpu_cores,pod=workload-edge-7b875fd8c6-pxwvc,0.0018531450958665513
1783745482,cpu_cores,pod=workload-edge-7b875fd8c6-pxwvc,0.002129102137767171
1783745492,cpu_cores,pod=workload-edge-7b875fd8c6-pxwvc,0.0021301937080576527
1783745502,cpu_cores,pod=workload-edge-7b875fd8c6-pxwvc,0.0021812101755923187
1783745512,cpu_cores,pod=workload-edge-7b875fd8c6-pxwvc,0.002166663416346518
1783745522,cpu_cores,pod=workload-edge-7b875fd8c6-pxwvc,0.0021788413098237204
1783745532,cpu_cores,pod=workload-edge-7b875fd8c6-pxwvc,0.0022044827914052766
1783745542,cpu_cores,pod=workload-edge-7b875fd8c6-pxwvc,0.002107423199922376
1783745552,cpu_cores,pod=workload-edge-7b875fd8c6-pxwvc,0.0021608964917572706
1783745562,cpu_cores,pod=workload-edge-7b875fd8c6-pxwvc,0.0021725765250898816
1783745572,cpu_cores,pod=workload-edge-7b875fd8c6-pxwvc,0.002184848886532318
1783745582,cpu_cores,pod=workload-edge-7b875fd8c6-pxwvc,0.002243755951073136
1783745592,cpu_cores,pod=workload-edge-7b875fd8c6-pxwvc,0.002268016441405117
1783745602,cpu_cores,pod=workload-edge-7b875fd8c6-pxwvc,0.0022534452209863626
1783745612,cpu_cores,pod=workload-edge-7b875fd8c6-pxwvc,0.0022346089013007492
1783745622,cpu_cores,pod=workload-edge-7b875fd8c6-pxwvc,0.0018836821950923104
1783745232,cpu_utilisation,pod=workload-cloud-6f545f89ff-4k4bm,0.06154065836150716
1783745242,cpu_utilisation,pod=workload-cloud-6f545f89ff-4k4bm,0.04892314378829977
1783745252,cpu_utilisation,pod=workload-cloud-6f545f89ff-4k4bm,0.04251278413066762
1783745262,cpu_utilisation,pod=workload-cloud-6f545f89ff-4k4bm,0.051533788533856956
1783745272,cpu_utilisation,pod=workload-cloud-6f545f89ff-4k4bm,0.00866224267484772
1783745282,cpu_utilisation,pod=workload-cloud-6f545f89ff-4k4bm,0.008617790982174064
1783745292,cpu_utilisation,pod=workload-cloud-6f545f89ff-4k4bm,0.00822696169910246
1783745302,cpu_utilisation,pod=workload-cloud-6f545f89ff-4k4bm,0.008303432618512938
1783745312,cpu_utilisation,pod=workload-cloud-6f545f89ff-4k4bm,0.008460108698209534
1783745322,cpu_utilisation,pod=workload-cloud-6f545f89ff-4k4bm,0.00858252998330044
1783745332,cpu_utilisation,pod=workload-cloud-6f545f89ff-4k4bm,0.008621286272183504
1783745342,cpu_utilisation,pod=workload-cloud-6f545f89ff-4k4bm,0.008753211944001414
1783745352,cpu_utilisation,pod=workload-cloud-6f545f89ff-4k4bm,0.007053547631946
1783745362,cpu_utilisation,pod=workload-cloud-6f545f89ff-4k4bm,0.008615283070562155
1783745372,cpu_utilisation,pod=workload-cloud-6f545f89ff-4k4bm,0.008981372836608971
1783745382,cpu_utilisation,pod=workload-cloud-6f545f89ff-4k4bm,0.00915586151584014
1783745392,cpu_utilisation,pod=workload-cloud-6f545f89ff-4k4bm,0.00915586151584014
1783745402,cpu_utilisation,pod=workload-cloud-6f545f89ff-4k4bm,0.009588449497080176
1783745412,cpu_utilisation,pod=workload-cloud-6f545f89ff-4k4bm,0.00898812356927541
1783745422,cpu_utilisation,pod=workload-cloud-6f545f89ff-4k4bm,0.008988123569275409
1783745432,cpu_utilisation,pod=workload-cloud-6f545f89ff-4k4bm,0.008828294921680132
1783745442,cpu_utilisation,pod=workload-cloud-6f545f89ff-4k4bm,0.008494341592045273
1783745452,cpu_utilisation,pod=workload-cloud-6f545f89ff-4k4bm,0.008428423020984841
1783745462,cpu_utilisation,pod=workload-cloud-6f545f89ff-4k4bm,0.008469763745394106
1783745472,cpu_utilisation,pod=workload-cloud-6f545f89ff-4k4bm,0.006657361766581633
1783745482,cpu_utilisation,pod=workload-cloud-6f545f89ff-4k4bm,0.008750629353025088
1783745492,cpu_utilisation,pod=workload-cloud-6f545f89ff-4k4bm,0.009048473579520879
1783745502,cpu_utilisation,pod=workload-cloud-6f545f89ff-4k4bm,0.007980376677404935
1783745512,cpu_utilisation,pod=workload-cloud-6f545f89ff-4k4bm,0.009293217716828703
1783745522,cpu_utilisation,pod=workload-cloud-6f545f89ff-4k4bm,0.009262726685168986
1783745532,cpu_utilisation,pod=workload-cloud-6f545f89ff-4k4bm,0.009142941038289875
1783745542,cpu_utilisation,pod=workload-cloud-6f545f89ff-4k4bm,0.009277898663350957
1783745552,cpu_utilisation,pod=workload-cloud-6f545f89ff-4k4bm,0.009400714519217299
1783745562,cpu_utilisation,pod=workload-cloud-6f545f89ff-4k4bm,0.009400714519217299
1783745572,cpu_utilisation,pod=workload-cloud-6f545f89ff-4k4bm,0.009693191499159582
1783745582,cpu_utilisation,pod=workload-cloud-6f545f89ff-4k4bm,0.008281842145299147
1783745592,cpu_utilisation,pod=workload-cloud-6f545f89ff-4k4bm,0.00984770393726251
1783745602,cpu_utilisation,pod=workload-cloud-6f545f89ff-4k4bm,0.009821954032129782
1783745612,cpu_utilisation,pod=workload-cloud-6f545f89ff-4k4bm,0.008651447526610645
1783745622,cpu_utilisation,pod=workload-cloud-6f545f89ff-4k4bm,0.008697862697478994
1783744982,cpu_utilisation,pod=workload-cloud-6f545f89ff-9hvzm,0.009981465954707782
1783744992,cpu_utilisation,pod=workload-cloud-6f545f89ff-9hvzm,0.009981465954707782
1783745002,cpu_utilisation,pod=workload-cloud-6f545f89ff-9hvzm,0.0463206971677142
1783745012,cpu_utilisation,pod=workload-cloud-6f545f89ff-9hvzm,0.10640912534551211
1783745022,cpu_utilisation,pod=workload-cloud-6f545f89ff-9hvzm,0.19313351205383844
1783745032,cpu_utilisation,pod=workload-cloud-6f545f89ff-9hvzm,0.263294171787467
1783745042,cpu_utilisation,pod=workload-cloud-6f545f89ff-9hvzm,0.4192430061006762
1783745052,cpu_utilisation,pod=workload-cloud-6f545f89ff-9hvzm,0.494959310843971
1783745062,cpu_utilisation,pod=workload-cloud-6f545f89ff-9hvzm,0.5506198229701431
1783745072,cpu_utilisation,pod=workload-cloud-6f545f89ff-9hvzm,0.7025456113909532
1783745082,cpu_utilisation,pod=workload-cloud-6f545f89ff-9hvzm,0.7814752356726279
1783745092,cpu_utilisation,pod=workload-cloud-6f545f89ff-9hvzm,0.8123645738550489
1783745102,cpu_utilisation,pod=workload-cloud-6f545f89ff-9hvzm,0.8769928995971332
1783745112,cpu_utilisation,pod=workload-cloud-6f545f89ff-9hvzm,0.8888798907816
1783745122,cpu_utilisation,pod=workload-cloud-6f545f89ff-9hvzm,0.8973516231725411
1783745132,cpu_utilisation,pod=workload-cloud-6f545f89ff-9hvzm,0.9072991856236928
1783745142,cpu_utilisation,pod=workload-cloud-6f545f89ff-9hvzm,0.9532608283035265
1783745152,cpu_utilisation,pod=workload-cloud-6f545f89ff-9hvzm,1.0203553797533578
1783745162,cpu_utilisation,pod=workload-cloud-6f545f89ff-9hvzm,1.0787385474860105
1783745172,cpu_utilisation,pod=workload-cloud-6f545f89ff-9hvzm,1.155123435136278
1783745182,cpu_utilisation,pod=workload-cloud-6f545f89ff-9hvzm,1.2328649093902455
1783745192,cpu_utilisation,pod=workload-cloud-6f545f89ff-9hvzm,1.6503715228759324
1783745202,cpu_utilisation,pod=workload-cloud-6f545f89ff-9hvzm,1.804256585975974
1783745212,cpu_utilisation,pod=workload-cloud-6f545f89ff-9hvzm,2.2519895881655208
1783745222,cpu_utilisation,pod=workload-cloud-6f545f89ff-9hvzm,2.3428079155247206
1783745232,cpu_utilisation,pod=workload-cloud-6f545f89ff-9hvzm,2.492806043101531
1783745242,cpu_utilisation,pod=workload-cloud-6f545f89ff-9hvzm,2.5394757209608763
1783745252,cpu_utilisation,pod=workload-cloud-6f545f89ff-9hvzm,2.544804416953433
1783745262,cpu_utilisation,pod=workload-cloud-6f545f89ff-9hvzm,2.2329068256005784
1783745272,cpu_utilisation,pod=workload-cloud-6f545f89ff-9hvzm,2.5027799456416444
1783745282,cpu_utilisation,pod=workload-cloud-6f545f89ff-9hvzm,2.5495384064885496
1783745292,cpu_utilisation,pod=workload-cloud-6f545f89ff-9hvzm,2.5238634655846286
1783745302,cpu_utilisation,pod=workload-cloud-6f545f89ff-9hvzm,2.5168238318115845
1783745312,cpu_utilisation,pod=workload-cloud-6f545f89ff-9hvzm,2.2165845467743783
1783745322,cpu_utilisation,pod=workload-cloud-6f545f89ff-9hvzm,2.50905568831168
1783745332,cpu_utilisation,pod=workload-cloud-6f545f89ff-9hvzm,2.472971641791029
1783745342,cpu_utilisation,pod=workload-cloud-6f545f89ff-9hvzm,1.9785542161187086
1783745352,cpu_utilisation,pod=workload-cloud-6f545f89ff-9hvzm,2.176321742026002
1783745362,cpu_utilisation,pod=workload-cloud-6f545f89ff-9hvzm,1.7845244993883103
1783745372,cpu_utilisation,pod=workload-cloud-6f545f89ff-9hvzm,1.7845244993883103
1783745382,cpu_utilisation,pod=workload-cloud-6f545f89ff-9hvzm,1.4667058997159181
1783745392,cpu_utilisation,pod=workload-cloud-6f545f89ff-9hvzm,1.2830571428571553
1783745402,cpu_utilisation,pod=workload-cloud-6f545f89ff-9hvzm,1.2789365405757447
1783745412,cpu_utilisation,pod=workload-cloud-6f545f89ff-9hvzm,1.2755455464872807
1783745422,cpu_utilisation,pod=workload-cloud-6f545f89ff-9hvzm,1.0608894601270085
1783745432,cpu_utilisation,pod=workload-cloud-6f545f89ff-9hvzm,1.265243927202541
1783745442,cpu_utilisation,pod=workload-cloud-6f545f89ff-9hvzm,1.2504912328835343
1783745452,cpu_utilisation,pod=workload-cloud-6f545f89ff-9hvzm,1.2384669837927142
1783745462,cpu_utilisation,pod=workload-cloud-6f545f89ff-9hvzm,1.028601949924616
1783745472,cpu_utilisation,pod=workload-cloud-6f545f89ff-9hvzm,1.2072317986920382
1783745482,cpu_utilisation,pod=workload-cloud-6f545f89ff-9hvzm,1.21621741313978
1783745492,cpu_utilisation,pod=workload-cloud-6f545f89ff-9hvzm,1.2395348001548014
1783745502,cpu_utilisation,pod=workload-cloud-6f545f89ff-9hvzm,1.2543800507123697
1783745512,cpu_utilisation,pod=workload-cloud-6f545f89ff-9hvzm,1.2874847312277515
1783745522,cpu_utilisation,pod=workload-cloud-6f545f89ff-9hvzm,1.2874847312277515
1783745532,cpu_utilisation,pod=workload-cloud-6f545f89ff-9hvzm,1.283506432473698
1783745542,cpu_utilisation,pod=workload-cloud-6f545f89ff-9hvzm,1.1979842699948218
1783745552,cpu_utilisation,pod=workload-cloud-6f545f89ff-9hvzm,1.1761503245390794
1783745562,cpu_utilisation,pod=workload-cloud-6f545f89ff-9hvzm,0.9120991052187771
1783745572,cpu_utilisation,pod=workload-cloud-6f545f89ff-9hvzm,0.4860029999999824
1783745582,cpu_utilisation,pod=workload-cloud-6f545f89ff-9hvzm,0.4334597465112179
1783745592,cpu_utilisation,pod=workload-cloud-6f545f89ff-9hvzm,0.13360420788000654
1783745602,cpu_utilisation,pod=workload-cloud-6f545f89ff-9hvzm,0.010649808121923036
1783745612,cpu_utilisation,pod=workload-cloud-6f545f89ff-9hvzm,0.010617336152218727
1783745622,cpu_utilisation,pod=workload-cloud-6f545f89ff-9hvzm,0.010282517785051284
1783745092,cpu_utilisation,pod=workload-cloud-6f545f89ff-9jd62,0.0690601424150562
1783745102,cpu_utilisation,pod=workload-cloud-6f545f89ff-9jd62,0.1147671727748691
1783745112,cpu_utilisation,pod=workload-cloud-6f545f89ff-9jd62,0.14802913601792603
1783745122,cpu_utilisation,pod=workload-cloud-6f545f89ff-9jd62,0.23173656692318387
1783745132,cpu_utilisation,pod=workload-cloud-6f545f89ff-9jd62,0.23296520833333328
1783745142,cpu_utilisation,pod=workload-cloud-6f545f89ff-9jd62,0.362541753317754
1783745152,cpu_utilisation,pod=workload-cloud-6f545f89ff-9jd62,0.4049119213437116
1783745162,cpu_utilisation,pod=workload-cloud-6f545f89ff-9jd62,0.42324116840929854
1783745172,cpu_utilisation,pod=workload-cloud-6f545f89ff-9jd62,0.4359575818000544
1783745182,cpu_utilisation,pod=workload-cloud-6f545f89ff-9jd62,0.44101404691670165
1783745192,cpu_utilisation,pod=workload-cloud-6f545f89ff-9jd62,0.7611335493681884
1783745202,cpu_utilisation,pod=workload-cloud-6f545f89ff-9jd62,0.952372754491018
1783745212,cpu_utilisation,pod=workload-cloud-6f545f89ff-9jd62,1.2142425318613523
1783745222,cpu_utilisation,pod=workload-cloud-6f545f89ff-9jd62,1.6253209185422137
1783745232,cpu_utilisation,pod=workload-cloud-6f545f89ff-9jd62,1.5178319722696887
1783745242,cpu_utilisation,pod=workload-cloud-6f545f89ff-9jd62,1.5820289501504532
1783745252,cpu_utilisation,pod=workload-cloud-6f545f89ff-9jd62,1.7911319222311073
1783745262,cpu_utilisation,pod=workload-cloud-6f545f89ff-9jd62,1.7913135007437222
1783745272,cpu_utilisation,pod=workload-cloud-6f545f89ff-9jd62,1.7846945303337247
1783745282,cpu_utilisation,pod=workload-cloud-6f545f89ff-9jd62,1.7930782865269905
1783745292,cpu_utilisation,pod=workload-cloud-6f545f89ff-9jd62,1.5166054556929405
1783745302,cpu_utilisation,pod=workload-cloud-6f545f89ff-9jd62,1.8075897451358738
1783745312,cpu_utilisation,pod=workload-cloud-6f545f89ff-9jd62,1.4689147295964495
1783745322,cpu_utilisation,pod=workload-cloud-6f545f89ff-9jd62,1.8096142860920845
1783745332,cpu_utilisation,pod=workload-cloud-6f545f89ff-9jd62,1.8096142860920845
1783745342,cpu_utilisation,pod=workload-cloud-6f545f89ff-9jd62,1.6756656141142274
1783745352,cpu_utilisation,pod=workload-cloud-6f545f89ff-9jd62,1.4307711994540186
1783745362,cpu_utilisation,pod=workload-cloud-6f545f89ff-9jd62,1.203249398654203
1783745372,cpu_utilisation,pod=workload-cloud-6f545f89ff-9jd62,0.9206201601757005
1783745382,cpu_utilisation,pod=workload-cloud-6f545f89ff-9jd62,0.5149805385473329
1783745392,cpu_utilisation,pod=workload-cloud-6f545f89ff-9jd62,0.5009231375923132
1783745402,cpu_utilisation,pod=workload-cloud-6f545f89ff-9jd62,0.44454758551680684
1783745412,cpu_utilisation,pod=workload-cloud-6f545f89ff-9jd62,0.3307640000000004
1783745422,cpu_utilisation,pod=workload-cloud-6f545f89ff-9jd62,0.43448532569792486
1783745432,cpu_utilisation,pod=workload-cloud-6f545f89ff-9jd62,0.43208234452103783
1783745442,cpu_utilisation,pod=workload-cloud-6f545f89ff-9jd62,0.4272683624724165
1783745452,cpu_utilisation,pod=workload-cloud-6f545f89ff-9jd62,0.427915210700484
1783745462,cpu_utilisation,pod=workload-cloud-6f545f89ff-9jd62,0.4244462776052446
1783745472,cpu_utilisation,pod=workload-cloud-6f545f89ff-9jd62,0.4244462776052446
1783745482,cpu_utilisation,pod=workload-cloud-6f545f89ff-9jd62,0.4251288777146485
1783745492,cpu_utilisation,pod=workload-cloud-6f545f89ff-9jd62,0.4251775289884043
1783745502,cpu_utilisation,pod=workload-cloud-6f545f89ff-9jd62,0.43435457896431984
1783745512,cpu_utilisation,pod=workload-cloud-6f545f89ff-9jd62,0.44214166754784817
1783745522,cpu_utilisation,pod=workload-cloud-6f545f89ff-9jd62,0.44860718187568194
1783745532,cpu_utilisation,pod=workload-cloud-6f545f89ff-9jd62,0.4459931464685839
1783745542,cpu_utilisation,pod=workload-cloud-6f545f89ff-9jd62,0.4416963080064543
1783745552,cpu_utilisation,pod=workload-cloud-6f545f89ff-9jd62,0.33434854106086415
1783745562,cpu_utilisation,pod=workload-cloud-6f545f89ff-9jd62,0.2807628385245416
1783745572,cpu_utilisation,pod=workload-cloud-6f545f89ff-9jd62,0.19617639807700252
1783745582,cpu_utilisation,pod=workload-cloud-6f545f89ff-9jd62,0.07135163916479212
1783745592,cpu_utilisation,pod=workload-cloud-6f545f89ff-9jd62,0.010527052087060392
1783745602,cpu_utilisation,pod=workload-cloud-6f545f89ff-9jd62,0.010762612948018585
1783745612,cpu_utilisation,pod=workload-cloud-6f545f89ff-9jd62,0.010983230101545899
1783745622,cpu_utilisation,pod=workload-cloud-6f545f89ff-9jd62,0.010983230101545899
1783745192,cpu_utilisation,pod=workload-cloud-6f545f89ff-c5dz8,0.16067710029918
1783745202,cpu_utilisation,pod=workload-cloud-6f545f89ff-c5dz8,0.29726430878041626
1783745212,cpu_utilisation,pod=workload-cloud-6f545f89ff-c5dz8,0.45071592731154697
1783745222,cpu_utilisation,pod=workload-cloud-6f545f89ff-c5dz8,0.5535630562468961
1783745232,cpu_utilisation,pod=workload-cloud-6f545f89ff-c5dz8,0.7171159701266355
1783745242,cpu_utilisation,pod=workload-cloud-6f545f89ff-c5dz8,0.7563092724982703
1783745252,cpu_utilisation,pod=workload-cloud-6f545f89ff-c5dz8,0.7914790926878758
1783745262,cpu_utilisation,pod=workload-cloud-6f545f89ff-c5dz8,0.7893103199248932
1783745272,cpu_utilisation,pod=workload-cloud-6f545f89ff-c5dz8,0.6902541816914177
1783745282,cpu_utilisation,pod=workload-cloud-6f545f89ff-c5dz8,0.8045225624496375
1783745292,cpu_utilisation,pod=workload-cloud-6f545f89ff-c5dz8,0.8125410157343634
1783745302,cpu_utilisation,pod=workload-cloud-6f545f89ff-c5dz8,0.818387844198922
1783745312,cpu_utilisation,pod=workload-cloud-6f545f89ff-c5dz8,0.8274852974298653
1783745322,cpu_utilisation,pod=workload-cloud-6f545f89ff-c5dz8,0.8061793797308267
1783745332,cpu_utilisation,pod=workload-cloud-6f545f89ff-c5dz8,0.7992341003759018
1783745342,cpu_utilisation,pod=workload-cloud-6f545f89ff-c5dz8,0.6132986423305162
1783745352,cpu_utilisation,pod=workload-cloud-6f545f89ff-c5dz8,0.3542082158420921
1783745362,cpu_utilisation,pod=workload-cloud-6f545f89ff-c5dz8,0.3542082158420921
1783745372,cpu_utilisation,pod=workload-cloud-6f545f89ff-c5dz8,0.15306815722263079
1783745382,cpu_utilisation,pod=workload-cloud-6f545f89ff-c5dz8,0.009777326449213142
1783745392,cpu_utilisation,pod=workload-cloud-6f545f89ff-c5dz8,0.009705343828453797
1783745402,cpu_utilisation,pod=workload-cloud-6f545f89ff-c5dz8,0.01016541532910587
1783745412,cpu_utilisation,pod=workload-cloud-6f545f89ff-c5dz8,0.009637419557369332
1783745422,cpu_utilisation,pod=workload-cloud-6f545f89ff-c5dz8,0.009637419557369332
1783745432,cpu_utilisation,pod=workload-cloud-6f545f89ff-c5dz8,0.009165574915935308
1783745442,cpu_utilisation,pod=workload-cloud-6f545f89ff-c5dz8,0.008979162913589274
1783745452,cpu_utilisation,pod=workload-cloud-6f545f89ff-c5dz8,0.008732176069436158
1783745462,cpu_utilisation,pod=workload-cloud-6f545f89ff-c5dz8,0.00875039426846301
1783745472,cpu_utilisation,pod=workload-cloud-6f545f89ff-c5dz8,0.008972005402064791
1783745482,cpu_utilisation,pod=workload-cloud-6f545f89ff-c5dz8,0.00928973480064959
1783745492,cpu_utilisation,pod=workload-cloud-6f545f89ff-c5dz8,0.009487346459306985
1783745502,cpu_utilisation,pod=workload-cloud-6f545f89ff-c5dz8,0.009577067441578989
1783745512,cpu_utilisation,pod=workload-cloud-6f545f89ff-c5dz8,0.009546193944323326
1783745522,cpu_utilisation,pod=workload-cloud-6f545f89ff-c5dz8,0.009543762007566134
1783745532,cpu_utilisation,pod=workload-cloud-6f545f89ff-c5dz8,0.00798854993705453
1783745542,cpu_utilisation,pod=workload-cloud-6f545f89ff-c5dz8,0.00954288781034186
1783745552,cpu_utilisation,pod=workload-cloud-6f545f89ff-c5dz8,0.00952414532325401
1783745562,cpu_utilisation,pod=workload-cloud-6f545f89ff-c5dz8,0.009575242958652561
1783745572,cpu_utilisation,pod=workload-cloud-6f545f89ff-c5dz8,0.009654678037325158
1783745582,cpu_utilisation,pod=workload-cloud-6f545f89ff-c5dz8,0.008112283353143034
1783745592,cpu_utilisation,pod=workload-cloud-6f545f89ff-c5dz8,0.010289873368551613
1783745602,cpu_utilisation,pod=workload-cloud-6f545f89ff-c5dz8,0.010501384637807762
1783745232,cpu_utilisation,pod=workload-cloud-6f545f89ff-m9h57,0.05440256507777638
1783745242,cpu_utilisation,pod=workload-cloud-6f545f89ff-m9h57,0.07622395045664955
1783745252,cpu_utilisation,pod=workload-cloud-6f545f89ff-m9h57,0.05147706221775227
1783745262,cpu_utilisation,pod=workload-cloud-6f545f89ff-m9h57,0.04490865499078903
1783745272,cpu_utilisation,pod=workload-cloud-6f545f89ff-m9h57,0.008948646969097794
1783745282,cpu_utilisation,pod=workload-cloud-6f545f89ff-m9h57,0.008640086036782693
1783745292,cpu_utilisation,pod=workload-cloud-6f545f89ff-m9h57,0.008373965181397604
1783745302,cpu_utilisation,pod=workload-cloud-6f545f89ff-m9h57,0.008461935559278448
1783745312,cpu_utilisation,pod=workload-cloud-6f545f89ff-m9h57,0.008542871809046218
1783745322,cpu_utilisation,pod=workload-cloud-6f545f89ff-m9h57,0.008809678604743201
1783745332,cpu_utilisation,pod=workload-cloud-6f545f89ff-m9h57,0.008590255921815473
1783745342,cpu_utilisation,pod=workload-cloud-6f545f89ff-m9h57,0.00827339863695133
1783745352,cpu_utilisation,pod=workload-cloud-6f545f89ff-m9h57,0.00827339863695133
1783745362,cpu_utilisation,pod=workload-cloud-6f545f89ff-m9h57,0.008337371896049613
1783745372,cpu_utilisation,pod=workload-cloud-6f545f89ff-m9h57,0.00847757609780439
1783745382,cpu_utilisation,pod=workload-cloud-6f545f89ff-m9h57,0.008750894566836236
1783745392,cpu_utilisation,pod=workload-cloud-6f545f89ff-m9h57,0.00902782703018419
1783745402,cpu_utilisation,pod=workload-cloud-6f545f89ff-m9h57,0.008926317450299785
1783745412,cpu_utilisation,pod=workload-cloud-6f545f89ff-m9h57,0.009102715707062468
1783745422,cpu_utilisation,pod=workload-cloud-6f545f89ff-m9h57,0.00878890377062949
1783745432,cpu_utilisation,pod=workload-cloud-6f545f89ff-m9h57,0.008788903770629493
1783745442,cpu_utilisation,pod=workload-cloud-6f545f89ff-m9h57,0.008951844417103753
1783745452,cpu_utilisation,pod=workload-cloud-6f545f89ff-m9h57,0.008507525376268818
1783745462,cpu_utilisation,pod=workload-cloud-6f545f89ff-m9h57,0.00843521863475578
1783745472,cpu_utilisation,pod=workload-cloud-6f545f89ff-m9h57,0.008757721074339395
1783745482,cpu_utilisation,pod=workload-cloud-6f545f89ff-m9h57,0.008796044022053936
1783745492,cpu_utilisation,pod=workload-cloud-6f545f89ff-m9h57,0.008796044022053936
1783745502,cpu_utilisation,pod=workload-cloud-6f545f89ff-m9h57,0.0090571535223243
1783745512,cpu_utilisation,pod=workload-cloud-6f545f89ff-m9h57,0.009027032438926708
1783745522,cpu_utilisation,pod=workload-cloud-6f545f89ff-m9h57,0.00931668606284361
1783745532,cpu_utilisation,pod=workload-cloud-6f545f89ff-m9h57,0.009307124624055403
1783745542,cpu_utilisation,pod=workload-cloud-6f545f89ff-m9h57,0.00949849890829694
1783745552,cpu_utilisation,pod=workload-cloud-6f545f89ff-m9h57,0.009409813382530337
1783745562,cpu_utilisation,pod=workload-cloud-6f545f89ff-m9h57,0.009753381424706947
1783745572,cpu_utilisation,pod=workload-cloud-6f545f89ff-m9h57,0.009209335219236206
1783745582,cpu_utilisation,pod=workload-cloud-6f545f89ff-m9h57,0.008016080258161888
1783745592,cpu_utilisation,pod=workload-cloud-6f545f89ff-m9h57,0.009726547709201058
1783745602,cpu_utilisation,pod=workload-cloud-6f545f89ff-m9h57,0.009870530971264797
1783745612,cpu_utilisation,pod=workload-cloud-6f545f89ff-m9h57,0.009845374631699424
1783745622,cpu_utilisation,pod=workload-cloud-6f545f89ff-m9h57,0.009563097675991516
1783745142,cpu_utilisation,pod=workload-cloud-6f545f89ff-mhlc8,0.0500099866726297
1783745152,cpu_utilisation,pod=workload-cloud-6f545f89ff-mhlc8,0.0393426409455031
1783745162,cpu_utilisation,pod=workload-cloud-6f545f89ff-mhlc8,0.05009354113565562
1783745172,cpu_utilisation,pod=workload-cloud-6f545f89ff-mhlc8,0.06874457018729853
1783745182,cpu_utilisation,pod=workload-cloud-6f545f89ff-mhlc8,0.1835495297958853
1783745192,cpu_utilisation,pod=workload-cloud-6f545f89ff-mhlc8,0.5103973125858776
1783745202,cpu_utilisation,pod=workload-cloud-6f545f89ff-mhlc8,0.641617116141403
1783745212,cpu_utilisation,pod=workload-cloud-6f545f89ff-mhlc8,1.09469346543372
1783745222,cpu_utilisation,pod=workload-cloud-6f545f89ff-mhlc8,1.246794265703655
1783745232,cpu_utilisation,pod=workload-cloud-6f545f89ff-mhlc8,1.6188178882664177
1783745242,cpu_utilisation,pod=workload-cloud-6f545f89ff-mhlc8,1.830730193318806
1783745252,cpu_utilisation,pod=workload-cloud-6f545f89ff-mhlc8,1.8507953256521998
1783745262,cpu_utilisation,pod=workload-cloud-6f545f89ff-mhlc8,1.850430998795725
1783745272,cpu_utilisation,pod=workload-cloud-6f545f89ff-mhlc8,1.87772677194271
1783745282,cpu_utilisation,pod=workload-cloud-6f545f89ff-mhlc8,1.87772677194271
1783745292,cpu_utilisation,pod=workload-cloud-6f545f89ff-mhlc8,1.8794644900114403
1783745302,cpu_utilisation,pod=workload-cloud-6f545f89ff-mhlc8,1.4909094649147963
1783745312,cpu_utilisation,pod=workload-cloud-6f545f89ff-mhlc8,1.6466711096771105
1783745322,cpu_utilisation,pod=workload-cloud-6f545f89ff-mhlc8,1.8685622113232698
1783745332,cpu_utilisation,pod=workload-cloud-6f545f89ff-mhlc8,1.6684865905020092
1783745342,cpu_utilisation,pod=workload-cloud-6f545f89ff-mhlc8,1.6684865905020092
1783745352,cpu_utilisation,pod=workload-cloud-6f545f89ff-mhlc8,1.2963048071243581
1783745362,cpu_utilisation,pod=workload-cloud-6f545f89ff-mhlc8,0.7781674774732368
1783745372,cpu_utilisation,pod=workload-cloud-6f545f89ff-mhlc8,0.6367201539101504
1783745382,cpu_utilisation,pod=workload-cloud-6f545f89ff-mhlc8,0.27094244096390013
1783745392,cpu_utilisation,pod=workload-cloud-6f545f89ff-mhlc8,0.1318934494300028
1783745402,cpu_utilisation,pod=workload-cloud-6f545f89ff-mhlc8,0.13032875048410378
1783745412,cpu_utilisation,pod=workload-cloud-6f545f89ff-mhlc8,0.12690066171285927
1783745422,cpu_utilisation,pod=workload-cloud-6f545f89ff-mhlc8,0.12602064543404734
1783745432,cpu_utilisation,pod=workload-cloud-6f545f89ff-mhlc8,0.12488629779837718
1783745442,cpu_utilisation,pod=workload-cloud-6f545f89ff-mhlc8,0.123903515787453
1783745452,cpu_utilisation,pod=workload-cloud-6f545f89ff-mhlc8,0.12420480006894208
1783745462,cpu_utilisation,pod=workload-cloud-6f545f89ff-mhlc8,0.08226212499999973
1783745472,cpu_utilisation,pod=workload-cloud-6f545f89ff-mhlc8,0.12355989379298271
1783745482,cpu_utilisation,pod=workload-cloud-6f545f89ff-mhlc8,0.12482126586570083
1783745492,cpu_utilisation,pod=workload-cloud-6f545f89ff-mhlc8,0.12631718323239485
1783745502,cpu_utilisation,pod=workload-cloud-6f545f89ff-mhlc8,0.12675051608769922
1783745512,cpu_utilisation,pod=workload-cloud-6f545f89ff-mhlc8,0.12880161018332195
1783745522,cpu_utilisation,pod=workload-cloud-6f545f89ff-mhlc8,0.12841043316084963
1783745532,cpu_utilisation,pod=workload-cloud-6f545f89ff-mhlc8,0.12858629785413858
1783745542,cpu_utilisation,pod=workload-cloud-6f545f89ff-mhlc8,0.10567432893683397
1783745552,cpu_utilisation,pod=workload-cloud-6f545f89ff-mhlc8,0.06856776159698899
1783745562,cpu_utilisation,pod=workload-cloud-6f545f89ff-mhlc8,0.028842182226240156
1783745572,cpu_utilisation,pod=workload-cloud-6f545f89ff-mhlc8,0.025804786238512633
1783745582,cpu_utilisation,pod=workload-cloud-6f545f89ff-mhlc8,0.010257774526921459
1783745592,cpu_utilisation,pod=workload-cloud-6f545f89ff-mhlc8,0.010530425040263408
1783745602,cpu_utilisation,pod=workload-cloud-6f545f89ff-mhlc8,0.011076501550220516
1783745612,cpu_utilisation,pod=workload-cloud-6f545f89ff-mhlc8,0.0100384782234577
1783745622,cpu_utilisation,pod=workload-cloud-6f545f89ff-mhlc8,0.011372167216721421
1783744982,cpu_utilisation,pod=workload-edge-7b875fd8c6-pxwvc,0.02082294498078567
1783744992,cpu_utilisation,pod=workload-edge-7b875fd8c6-pxwvc,0.0168212164710529
1783745002,cpu_utilisation,pod=workload-edge-7b875fd8c6-pxwvc,0.020025163563160184
1783745012,cpu_utilisation,pod=workload-edge-7b875fd8c6-pxwvc,0.02010275689223053
1783745022,cpu_utilisation,pod=workload-edge-7b875fd8c6-pxwvc,0.016655808004816697
1783745032,cpu_utilisation,pod=workload-edge-7b875fd8c6-pxwvc,0.02039222903885539
1783745042,cpu_utilisation,pod=workload-edge-7b875fd8c6-pxwvc,0.0204316244306912
1783745052,cpu_utilisation,pod=workload-edge-7b875fd8c6-pxwvc,0.020549553694672595
1783745062,cpu_utilisation,pod=workload-edge-7b875fd8c6-pxwvc,0.017842775909156342
1783745072,cpu_utilisation,pod=workload-edge-7b875fd8c6-pxwvc,0.020403042182108814
1783745082,cpu_utilisation,pod=workload-edge-7b875fd8c6-pxwvc,0.01721308321205327
1783745092,cpu_utilisation,pod=workload-edge-7b875fd8c6-pxwvc,0.02079409757761831
1783745102,cpu_utilisation,pod=workload-edge-7b875fd8c6-pxwvc,0.020142267570874728
1783745112,cpu_utilisation,pod=workload-edge-7b875fd8c6-pxwvc,0.019977505848478766
1783745122,cpu_utilisation,pod=workload-edge-7b875fd8c6-pxwvc,0.019977505848478766
1783745132,cpu_utilisation,pod=workload-edge-7b875fd8c6-pxwvc,0.019791451068615986
1783745142,cpu_utilisation,pod=workload-edge-7b875fd8c6-pxwvc,0.019791451068615986
1783745152,cpu_utilisation,pod=workload-edge-7b875fd8c6-pxwvc,0.020686070277493248
1783745162,cpu_utilisation,pod=workload-edge-7b875fd8c6-pxwvc,0.020948681779349332
1783745172,cpu_utilisation,pod=workload-edge-7b875fd8c6-pxwvc,0.021267613955274316
1783745182,cpu_utilisation,pod=workload-edge-7b875fd8c6-pxwvc,0.021010920201429282
1783745192,cpu_utilisation,pod=workload-edge-7b875fd8c6-pxwvc,0.02125115078028525
1783745202,cpu_utilisation,pod=workload-edge-7b875fd8c6-pxwvc,0.020980903087631706
1783745212,cpu_utilisation,pod=workload-edge-7b875fd8c6-pxwvc,0.02089806059436538
1783745222,cpu_utilisation,pod=workload-edge-7b875fd8c6-pxwvc,0.01746742356119449
1783745232,cpu_utilisation,pod=workload-edge-7b875fd8c6-pxwvc,0.021162231637074085
1783745242,cpu_utilisation,pod=workload-edge-7b875fd8c6-pxwvc,0.021220251560943943
1783745252,cpu_utilisation,pod=workload-edge-7b875fd8c6-pxwvc,0.0212531520666591
1783745262,cpu_utilisation,pod=workload-edge-7b875fd8c6-pxwvc,0.016465283264153113
1783745272,cpu_utilisation,pod=workload-edge-7b875fd8c6-pxwvc,0.021122049862969953
1783745282,cpu_utilisation,pod=workload-edge-7b875fd8c6-pxwvc,0.020603731087499917
1783745292,cpu_utilisation,pod=workload-edge-7b875fd8c6-pxwvc,0.020643906734420868
1783745302,cpu_utilisation,pod=workload-edge-7b875fd8c6-pxwvc,0.02078457287035908
1783745312,cpu_utilisation,pod=workload-edge-7b875fd8c6-pxwvc,0.020973010073277915
1783745322,cpu_utilisation,pod=workload-edge-7b875fd8c6-pxwvc,0.02093193501009806
1783745332,cpu_utilisation,pod=workload-edge-7b875fd8c6-pxwvc,0.02093193501009806
1783745342,cpu_utilisation,pod=workload-edge-7b875fd8c6-pxwvc,0.020834432789012595
1783745352,cpu_utilisation,pod=workload-edge-7b875fd8c6-pxwvc,0.017392351292750928
1783745362,cpu_utilisation,pod=workload-edge-7b875fd8c6-pxwvc,0.020891016200294727
1783745372,cpu_utilisation,pod=workload-edge-7b875fd8c6-pxwvc,0.021157448238208587
1783745382,cpu_utilisation,pod=workload-edge-7b875fd8c6-pxwvc,0.021492427631158884
1783745392,cpu_utilisation,pod=workload-edge-7b875fd8c6-pxwvc,0.021847602485525572
1783745402,cpu_utilisation,pod=workload-edge-7b875fd8c6-pxwvc,0.02204500532157491
1783745412,cpu_utilisation,pod=workload-edge-7b875fd8c6-pxwvc,0.022161770039898658
1783745422,cpu_utilisation,pod=workload-edge-7b875fd8c6-pxwvc,0.022161770039898658
1783745432,cpu_utilisation,pod=workload-edge-7b875fd8c6-pxwvc,0.021574544708591974
1783745442,cpu_utilisation,pod=workload-edge-7b875fd8c6-pxwvc,0.021510940597695174
1783745452,cpu_utilisation,pod=workload-edge-7b875fd8c6-pxwvc,0.017956305360855962
1783745462,cpu_utilisation,pod=workload-edge-7b875fd8c6-pxwvc,0.021503667193358094
1783745472,cpu_utilisation,pod=workload-edge-7b875fd8c6-pxwvc,0.018531450958665513
1783745482,cpu_utilisation,pod=workload-edge-7b875fd8c6-pxwvc,0.021291021377671707
1783745492,cpu_utilisation,pod=workload-edge-7b875fd8c6-pxwvc,0.021301937080576525
1783745502,cpu_utilisation,pod=workload-edge-7b875fd8c6-pxwvc,0.021812101755923186
1783745512,cpu_utilisation,pod=workload-edge-7b875fd8c6-pxwvc,0.02166663416346518
1783745522,cpu_utilisation,pod=workload-edge-7b875fd8c6-pxwvc,0.021788413098237203
1783745532,cpu_utilisation,pod=workload-edge-7b875fd8c6-pxwvc,0.022044827914052764
1783745542,cpu_utilisation,pod=workload-edge-7b875fd8c6-pxwvc,0.02107423199922376
1783745552,cpu_utilisation,pod=workload-edge-7b875fd8c6-pxwvc,0.021608964917572703
1783745562,cpu_utilisation,pod=workload-edge-7b875fd8c6-pxwvc,0.021725765250898813
1783745572,cpu_utilisation,pod=workload-edge-7b875fd8c6-pxwvc,0.02184848886532318
1783745582,cpu_utilisation,pod=workload-edge-7b875fd8c6-pxwvc,0.02243755951073136
1783745592,cpu_utilisation,pod=workload-edge-7b875fd8c6-pxwvc,0.02268016441405117
1783745602,cpu_utilisation,pod=workload-edge-7b875fd8c6-pxwvc,0.022534452209863626
1783745612,cpu_utilisation,pod=workload-edge-7b875fd8c6-pxwvc,0.02234608901300749
1783745622,cpu_utilisation,pod=workload-edge-7b875fd8c6-pxwvc,0.018836821950923104
1783745212,mem_mib,pod=workload-cloud-6f545f89ff-4k4bm,3.3671875
1783745222,mem_mib,pod=workload-cloud-6f545f89ff-4k4bm,3.3671875
1783745232,mem_mib,pod=workload-cloud-6f545f89ff-4k4bm,35.08984375
1783745242,mem_mib,pod=workload-cloud-6f545f89ff-4k4bm,35.1484375
1783745252,mem_mib,pod=workload-cloud-6f545f89ff-4k4bm,35.16015625
1783745262,mem_mib,pod=workload-cloud-6f545f89ff-4k4bm,35.16015625
1783745272,mem_mib,pod=workload-cloud-6f545f89ff-4k4bm,35.1640625
1783745282,mem_mib,pod=workload-cloud-6f545f89ff-4k4bm,35.16796875
1783745292,mem_mib,pod=workload-cloud-6f545f89ff-4k4bm,35.1875
1783745302,mem_mib,pod=workload-cloud-6f545f89ff-4k4bm,35.1875
1783745312,mem_mib,pod=workload-cloud-6f545f89ff-4k4bm,35.19140625
1783745322,mem_mib,pod=workload-cloud-6f545f89ff-4k4bm,35.19140625
1783745332,mem_mib,pod=workload-cloud-6f545f89ff-4k4bm,35.19140625
1783745342,mem_mib,pod=workload-cloud-6f545f89ff-4k4bm,35.1953125
1783745352,mem_mib,pod=workload-cloud-6f545f89ff-4k4bm,35.20703125
1783745362,mem_mib,pod=workload-cloud-6f545f89ff-4k4bm,35.20703125
1783745372,mem_mib,pod=workload-cloud-6f545f89ff-4k4bm,35.20703125
1783745382,mem_mib,pod=workload-cloud-6f545f89ff-4k4bm,35.20703125
1783745392,mem_mib,pod=workload-cloud-6f545f89ff-4k4bm,35.20703125
1783745402,mem_mib,pod=workload-cloud-6f545f89ff-4k4bm,35.21875
1783745412,mem_mib,pod=workload-cloud-6f545f89ff-4k4bm,35.21875
1783745422,mem_mib,pod=workload-cloud-6f545f89ff-4k4bm,35.21875
1783745432,mem_mib,pod=workload-cloud-6f545f89ff-4k4bm,35.21875
1783745442,mem_mib,pod=workload-cloud-6f545f89ff-4k4bm,35.21875
1783745452,mem_mib,pod=workload-cloud-6f545f89ff-4k4bm,35.71875
1783745462,mem_mib,pod=workload-cloud-6f545f89ff-4k4bm,35.23046875
1783745472,mem_mib,pod=workload-cloud-6f545f89ff-4k4bm,35.23046875
1783745482,mem_mib,pod=workload-cloud-6f545f89ff-4k4bm,35.23046875
1783745492,mem_mib,pod=workload-cloud-6f545f89ff-4k4bm,35.234375
1783745502,mem_mib,pod=workload-cloud-6f545f89ff-4k4bm,35.234375
1783745512,mem_mib,pod=workload-cloud-6f545f89ff-4k4bm,35.2421875
1783745522,mem_mib,pod=workload-cloud-6f545f89ff-4k4bm,35.2421875
1783745532,mem_mib,pod=workload-cloud-6f545f89ff-4k4bm,35.2421875
1783745542,mem_mib,pod=workload-cloud-6f545f89ff-4k4bm,35.24609375
1783745552,mem_mib,pod=workload-cloud-6f545f89ff-4k4bm,35.24609375
1783745562,mem_mib,pod=workload-cloud-6f545f89ff-4k4bm,35.24609375
1783745572,mem_mib,pod=workload-cloud-6f545f89ff-4k4bm,35.24609375
1783745582,mem_mib,pod=workload-cloud-6f545f89ff-4k4bm,35.24609375
1783745592,mem_mib,pod=workload-cloud-6f545f89ff-4k4bm,35.24609375
1783745602,mem_mib,pod=workload-cloud-6f545f89ff-4k4bm,35.24609375
1783745612,mem_mib,pod=workload-cloud-6f545f89ff-4k4bm,35.24609375
1783745622,mem_mib,pod=workload-cloud-6f545f89ff-4k4bm,35.24609375
1783744982,mem_mib,pod=workload-cloud-6f545f89ff-9hvzm,40.69921875
1783744992,mem_mib,pod=workload-cloud-6f545f89ff-9hvzm,40.69921875
1783745002,mem_mib,pod=workload-cloud-6f545f89ff-9hvzm,40.95703125
1783745012,mem_mib,pod=workload-cloud-6f545f89ff-9hvzm,40.98828125
1783745022,mem_mib,pod=workload-cloud-6f545f89ff-9hvzm,40.76953125
1783745032,mem_mib,pod=workload-cloud-6f545f89ff-9hvzm,40.76953125
1783745042,mem_mib,pod=workload-cloud-6f545f89ff-9hvzm,41.26953125
1783745052,mem_mib,pod=workload-cloud-6f545f89ff-9hvzm,41.43359375
1783745062,mem_mib,pod=workload-cloud-6f545f89ff-9hvzm,41.43359375
1783745072,mem_mib,pod=workload-cloud-6f545f89ff-9hvzm,40.96875
1783745082,mem_mib,pod=workload-cloud-6f545f89ff-9hvzm,40.96875
1783745092,mem_mib,pod=workload-cloud-6f545f89ff-9hvzm,41.0703125
1783745102,mem_mib,pod=workload-cloud-6f545f89ff-9hvzm,41.2890625
1783745112,mem_mib,pod=workload-cloud-6f545f89ff-9hvzm,41.2890625
1783745122,mem_mib,pod=workload-cloud-6f545f89ff-9hvzm,41.3671875
1783745132,mem_mib,pod=workload-cloud-6f545f89ff-9hvzm,41.3671875
1783745142,mem_mib,pod=workload-cloud-6f545f89ff-9hvzm,41.21484375
1783745152,mem_mib,pod=workload-cloud-6f545f89ff-9hvzm,41.28515625
1783745162,mem_mib,pod=workload-cloud-6f545f89ff-9hvzm,41.28515625
1783745172,mem_mib,pod=workload-cloud-6f545f89ff-9hvzm,41.3984375
1783745182,mem_mib,pod=workload-cloud-6f545f89ff-9hvzm,43.26953125
1783745192,mem_mib,pod=workload-cloud-6f545f89ff-9hvzm,42.63671875
1783745202,mem_mib,pod=workload-cloud-6f545f89ff-9hvzm,42.63671875
1783745212,mem_mib,pod=workload-cloud-6f545f89ff-9hvzm,42.53125
1783745222,mem_mib,pod=workload-cloud-6f545f89ff-9hvzm,42.53515625
1783745232,mem_mib,pod=workload-cloud-6f545f89ff-9hvzm,42.75390625
1783745242,mem_mib,pod=workload-cloud-6f545f89ff-9hvzm,42.5234375
1783745252,mem_mib,pod=workload-cloud-6f545f89ff-9hvzm,42.51171875
1783745262,mem_mib,pod=workload-cloud-6f545f89ff-9hvzm,42.51171875
1783745272,mem_mib,pod=workload-cloud-6f545f89ff-9hvzm,42.51171875
1783745282,mem_mib,pod=workload-cloud-6f545f89ff-9hvzm,43.25390625
1783745292,mem_mib,pod=workload-cloud-6f545f89ff-9hvzm,43.05859375
1783745302,mem_mib,pod=workload-cloud-6f545f89ff-9hvzm,42.75
1783745312,mem_mib,pod=workload-cloud-6f545f89ff-9hvzm,42.75
1783745322,mem_mib,pod=workload-cloud-6f545f89ff-9hvzm,42.7734375
1783745332,mem_mib,pod=workload-cloud-6f545f89ff-9hvzm,42.69921875
1783745342,mem_mib,pod=workload-cloud-6f545f89ff-9hvzm,42.69921875
1783745352,mem_mib,pod=workload-cloud-6f545f89ff-9hvzm,42.01953125
1783745362,mem_mib,pod=workload-cloud-6f545f89ff-9hvzm,42.64453125
1783745372,mem_mib,pod=workload-cloud-6f545f89ff-9hvzm,42.64453125
1783745382,mem_mib,pod=workload-cloud-6f545f89ff-9hvzm,41.41796875
1783745392,mem_mib,pod=workload-cloud-6f545f89ff-9hvzm,41.41796875
1783745402,mem_mib,pod=workload-cloud-6f545f89ff-9hvzm,42.40625
1783745412,mem_mib,pod=workload-cloud-6f545f89ff-9hvzm,41.6328125
1783745422,mem_mib,pod=workload-cloud-6f545f89ff-9hvzm,41.4140625
1783745432,mem_mib,pod=workload-cloud-6f545f89ff-9hvzm,41.4140625
1783745442,mem_mib,pod=workload-cloud-6f545f89ff-9hvzm,41.62109375
1783745452,mem_mib,pod=workload-cloud-6f545f89ff-9hvzm,41.375
1783745462,mem_mib,pod=workload-cloud-6f545f89ff-9hvzm,41.375
1783745472,mem_mib,pod=workload-cloud-6f545f89ff-9hvzm,41.375
1783745482,mem_mib,pod=workload-cloud-6f545f89ff-9hvzm,41.62109375
1783745492,mem_mib,pod=workload-cloud-6f545f89ff-9hvzm,41.87890625
1783745502,mem_mib,pod=workload-cloud-6f545f89ff-9hvzm,41.40234375
1783745512,mem_mib,pod=workload-cloud-6f545f89ff-9hvzm,42.875
1783745522,mem_mib,pod=workload-cloud-6f545f89ff-9hvzm,42.875
1783745532,mem_mib,pod=workload-cloud-6f545f89ff-9hvzm,41.6484375
1783745542,mem_mib,pod=workload-cloud-6f545f89ff-9hvzm,41.39453125
1783745552,mem_mib,pod=workload-cloud-6f545f89ff-9hvzm,41.39453125
1783745562,mem_mib,pod=workload-cloud-6f545f89ff-9hvzm,40.84765625
1783745572,mem_mib,pod=workload-cloud-6f545f89ff-9hvzm,40.84765625
1783745582,mem_mib,pod=workload-cloud-6f545f89ff-9hvzm,40.7109375
1783745592,mem_mib,pod=workload-cloud-6f545f89ff-9hvzm,40.70703125
1783745602,mem_mib,pod=workload-cloud-6f545f89ff-9hvzm,40.70703125
1783745612,mem_mib,pod=workload-cloud-6f545f89ff-9hvzm,40.7109375
1783745622,mem_mib,pod=workload-cloud-6f545f89ff-9hvzm,40.7109375
1783745072,mem_mib,pod=workload-cloud-6f545f89ff-9jd62,3.37890625
1783745082,mem_mib,pod=workload-cloud-6f545f89ff-9jd62,3.37890625
1783745092,mem_mib,pod=workload-cloud-6f545f89ff-9jd62,35.2265625
1783745102,mem_mib,pod=workload-cloud-6f545f89ff-9jd62,35.64453125
1783745112,mem_mib,pod=workload-cloud-6f545f89ff-9jd62,35.64453125
1783745122,mem_mib,pod=workload-cloud-6f545f89ff-9jd62,35.58203125
1783745132,mem_mib,pod=workload-cloud-6f545f89ff-9jd62,35.58203125
1783745142,mem_mib,pod=workload-cloud-6f545f89ff-9jd62,35.68359375
1783745152,mem_mib,pod=workload-cloud-6f545f89ff-9jd62,35.68359375
1783745162,mem_mib,pod=workload-cloud-6f545f89ff-9jd62,35.98828125
1783745172,mem_mib,pod=workload-cloud-6f545f89ff-9jd62,35.8125
1783745182,mem_mib,pod=workload-cloud-6f545f89ff-9jd62,35.8125
1783745192,mem_mib,pod=workload-cloud-6f545f89ff-9jd62,37.78125
1783745202,mem_mib,pod=workload-cloud-6f545f89ff-9jd62,37.78125
1783745212,mem_mib,pod=workload-cloud-6f545f89ff-9jd62,38.0390625
1783745222,mem_mib,pod=workload-cloud-6f545f89ff-9jd62,38.3984375
1783745232,mem_mib,pod=workload-cloud-6f545f89ff-9jd62,38.4453125
1783745242,mem_mib,pod=workload-cloud-6f545f89ff-9jd62,38.4453125
1783745252,mem_mib,pod=workload-cloud-6f545f89ff-9jd62,38.34375
1783745262,mem_mib,pod=workload-cloud-6f545f89ff-9jd62,38.34765625
1783745272,mem_mib,pod=workload-cloud-6f545f89ff-9jd62,38.34765625
1783745282,mem_mib,pod=workload-cloud-6f545f89ff-9jd62,38.43359375
1783745292,mem_mib,pod=workload-cloud-6f545f89ff-9jd62,38.43359375
1783745302,mem_mib,pod=workload-cloud-6f545f89ff-9jd62,38.765625
1783745312,mem_mib,pod=workload-cloud-6f545f89ff-9jd62,38.765625
1783745322,mem_mib,pod=workload-cloud-6f545f89ff-9jd62,38.71875
1783745332,mem_mib,pod=workload-cloud-6f545f89ff-9jd62,38.71875
1783745342,mem_mib,pod=workload-cloud-6f545f89ff-9jd62,38.53125
1783745352,mem_mib,pod=workload-cloud-6f545f89ff-9jd62,37.8671875
1783745362,mem_mib,pod=workload-cloud-6f545f89ff-9jd62,37.8671875
1783745372,mem_mib,pod=workload-cloud-6f545f89ff-9jd62,38.0625
1783745382,mem_mib,pod=workload-cloud-6f545f89ff-9jd62,38.08984375
1783745392,mem_mib,pod=workload-cloud-6f545f89ff-9jd62,37.578125
1783745402,mem_mib,pod=workload-cloud-6f545f89ff-9jd62,37.640625
1783745412,mem_mib,pod=workload-cloud-6f545f89ff-9jd62,37.640625
1783745422,mem_mib,pod=workload-cloud-6f545f89ff-9jd62,38.10546875
1783745432,mem_mib,pod=workload-cloud-6f545f89ff-9jd62,37.58984375
1783745442,mem_mib,pod=workload-cloud-6f545f89ff-9jd62,37.58984375
1783745452,mem_mib,pod=workload-cloud-6f545f89ff-9jd62,38.32421875
1783745462,mem_mib,pod=workload-cloud-6f545f89ff-9jd62,37.59765625
1783745472,mem_mib,pod=workload-cloud-6f545f89ff-9jd62,37.59765625
1783745482,mem_mib,pod=workload-cloud-6f545f89ff-9jd62,37.59765625
1783745492,mem_mib,pod=workload-cloud-6f545f89ff-9jd62,37.59765625
1783745502,mem_mib,pod=workload-cloud-6f545f89ff-9jd62,37.58203125
1783745512,mem_mib,pod=workload-cloud-6f545f89ff-9jd62,37.58203125
1783745522,mem_mib,pod=workload-cloud-6f545f89ff-9jd62,37.828125
1783745532,mem_mib,pod=workload-cloud-6f545f89ff-9jd62,38.35546875
1783745542,mem_mib,pod=workload-cloud-6f545f89ff-9jd62,38.35546875
1783745552,mem_mib,pod=workload-cloud-6f545f89ff-9jd62,37.5
1783745562,mem_mib,pod=workload-cloud-6f545f89ff-9jd62,37.5
1783745572,mem_mib,pod=workload-cloud-6f545f89ff-9jd62,37.50390625
1783745582,mem_mib,pod=workload-cloud-6f545f89ff-9jd62,37.5
1783745592,mem_mib,pod=workload-cloud-6f545f89ff-9jd62,37.5
1783745602,mem_mib,pod=workload-cloud-6f545f89ff-9jd62,37.5
1783745612,mem_mib,pod=workload-cloud-6f545f89ff-9jd62,37.50390625
1783745622,mem_mib,pod=workload-cloud-6f545f89ff-9jd62,37.50390625
1783745172,mem_mib,pod=workload-cloud-6f545f89ff-c5dz8,3.40625
1783745182,mem_mib,pod=workload-cloud-6f545f89ff-c5dz8,3.40625
1783745192,mem_mib,pod=workload-cloud-6f545f89ff-c5dz8,35.43359375
1783745202,mem_mib,pod=workload-cloud-6f545f89ff-c5dz8,36.19921875
1783745212,mem_mib,pod=workload-cloud-6f545f89ff-c5dz8,36.23046875
1783745222,mem_mib,pod=workload-cloud-6f545f89ff-c5dz8,36.23046875
1783745232,mem_mib,pod=workload-cloud-6f545f89ff-c5dz8,36.4140625
1783745242,mem_mib,pod=workload-cloud-6f545f89ff-c5dz8,36.36328125
1783745252,mem_mib,pod=workload-cloud-6f545f89ff-c5dz8,36.40234375
1783745262,mem_mib,pod=workload-cloud-6f545f89ff-c5dz8,36.40234375
1783745272,mem_mib,pod=workload-cloud-6f545f89ff-c5dz8,36.8828125
1783745282,mem_mib,pod=workload-cloud-6f545f89ff-c5dz8,36.32421875
1783745292,mem_mib,pod=workload-cloud-6f545f89ff-c5dz8,36.30078125
1783745302,mem_mib,pod=workload-cloud-6f545f89ff-c5dz8,36.30078125
1783745312,mem_mib,pod=workload-cloud-6f545f89ff-c5dz8,36.3359375
1783745322,mem_mib,pod=workload-cloud-6f545f89ff-c5dz8,36.40625
1783745332,mem_mib,pod=workload-cloud-6f545f89ff-c5dz8,36.40625
1783745342,mem_mib,pod=workload-cloud-6f545f89ff-c5dz8,36.2109375
1783745352,mem_mib,pod=workload-cloud-6f545f89ff-c5dz8,36.16015625
1783745362,mem_mib,pod=workload-cloud-6f545f89ff-c5dz8,36.16015625
1783745372,mem_mib,pod=workload-cloud-6f545f89ff-c5dz8,36.16796875
1783745382,mem_mib,pod=workload-cloud-6f545f89ff-c5dz8,36.16015625
1783745392,mem_mib,pod=workload-cloud-6f545f89ff-c5dz8,36.16015625
1783745402,mem_mib,pod=workload-cloud-6f545f89ff-c5dz8,36.16015625
1783745412,mem_mib,pod=workload-cloud-6f545f89ff-c5dz8,36.16015625
1783745422,mem_mib,pod=workload-cloud-6f545f89ff-c5dz8,36.16015625
1783745432,mem_mib,pod=workload-cloud-6f545f89ff-c5dz8,36.16015625
1783745442,mem_mib,pod=workload-cloud-6f545f89ff-c5dz8,36.16015625
1783745452,mem_mib,pod=workload-cloud-6f545f89ff-c5dz8,36.16015625
1783745462,mem_mib,pod=workload-cloud-6f545f89ff-c5dz8,36.16015625
1783745472,mem_mib,pod=workload-cloud-6f545f89ff-c5dz8,36.16015625
1783745482,mem_mib,pod=workload-cloud-6f545f89ff-c5dz8,36.16015625
1783745492,mem_mib,pod=workload-cloud-6f545f89ff-c5dz8,36.16015625
1783745502,mem_mib,pod=workload-cloud-6f545f89ff-c5dz8,36.16015625
1783745512,mem_mib,pod=workload-cloud-6f545f89ff-c5dz8,36.16015625
1783745522,mem_mib,pod=workload-cloud-6f545f89ff-c5dz8,36.16015625
1783745532,mem_mib,pod=workload-cloud-6f545f89ff-c5dz8,36.16015625
1783745542,mem_mib,pod=workload-cloud-6f545f89ff-c5dz8,36.16015625
1783745552,mem_mib,pod=workload-cloud-6f545f89ff-c5dz8,36.16015625
1783745562,mem_mib,pod=workload-cloud-6f545f89ff-c5dz8,36.16015625
1783745572,mem_mib,pod=workload-cloud-6f545f89ff-c5dz8,36.16015625
1783745582,mem_mib,pod=workload-cloud-6f545f89ff-c5dz8,36.16015625
1783745592,mem_mib,pod=workload-cloud-6f545f89ff-c5dz8,36.16015625
1783745602,mem_mib,pod=workload-cloud-6f545f89ff-c5dz8,36.16015625
1783745612,mem_mib,pod=workload-cloud-6f545f89ff-c5dz8,36.16015625
1783745212,mem_mib,pod=workload-cloud-6f545f89ff-m9h57,2.9375
1783745222,mem_mib,pod=workload-cloud-6f545f89ff-m9h57,2.9375
1783745232,mem_mib,pod=workload-cloud-6f545f89ff-m9h57,35.13671875
1783745242,mem_mib,pod=workload-cloud-6f545f89ff-m9h57,35.13671875
1783745252,mem_mib,pod=workload-cloud-6f545f89ff-m9h57,35.171875
1783745262,mem_mib,pod=workload-cloud-6f545f89ff-m9h57,35.17578125
1783745272,mem_mib,pod=workload-cloud-6f545f89ff-m9h57,35.17578125
1783745282,mem_mib,pod=workload-cloud-6f545f89ff-m9h57,35.1796875
1783745292,mem_mib,pod=workload-cloud-6f545f89ff-m9h57,35.1796875
1783745302,mem_mib,pod=workload-cloud-6f545f89ff-m9h57,35.19921875
1783745312,mem_mib,pod=workload-cloud-6f545f89ff-m9h57,35.19921875
1783745322,mem_mib,pod=workload-cloud-6f545f89ff-m9h57,35.19921875
1783745332,mem_mib,pod=workload-cloud-6f545f89ff-m9h57,35.19921875
1783745342,mem_mib,pod=workload-cloud-6f545f89ff-m9h57,35.20703125
1783745352,mem_mib,pod=workload-cloud-6f545f89ff-m9h57,35.20703125
1783745362,mem_mib,pod=workload-cloud-6f545f89ff-m9h57,35.21484375
1783745372,mem_mib,pod=workload-cloud-6f545f89ff-m9h57,35.21484375
1783745382,mem_mib,pod=workload-cloud-6f545f89ff-m9h57,35.21484375
1783745392,mem_mib,pod=workload-cloud-6f545f89ff-m9h57,35.21875
1783745402,mem_mib,pod=workload-cloud-6f545f89ff-m9h57,35.21875
1783745412,mem_mib,pod=workload-cloud-6f545f89ff-m9h57,35.2265625
1783745422,mem_mib,pod=workload-cloud-6f545f89ff-m9h57,35.2265625
1783745432,mem_mib,pod=workload-cloud-6f545f89ff-m9h57,35.2265625
1783745442,mem_mib,pod=workload-cloud-6f545f89ff-m9h57,35.234375
1783745452,mem_mib,pod=workload-cloud-6f545f89ff-m9h57,35.2421875
1783745462,mem_mib,pod=workload-cloud-6f545f89ff-m9h57,35.2421875
1783745472,mem_mib,pod=workload-cloud-6f545f89ff-m9h57,35.2421875
1783745482,mem_mib,pod=workload-cloud-6f545f89ff-m9h57,35.2421875
1783745492,mem_mib,pod=workload-cloud-6f545f89ff-m9h57,35.2421875
1783745502,mem_mib,pod=workload-cloud-6f545f89ff-m9h57,35.25
1783745512,mem_mib,pod=workload-cloud-6f545f89ff-m9h57,35.25
1783745522,mem_mib,pod=workload-cloud-6f545f89ff-m9h57,35.25
1783745532,mem_mib,pod=workload-cloud-6f545f89ff-m9h57,35.25
1783745542,mem_mib,pod=workload-cloud-6f545f89ff-m9h57,35.2578125
1783745552,mem_mib,pod=workload-cloud-6f545f89ff-m9h57,35.2578125
1783745562,mem_mib,pod=workload-cloud-6f545f89ff-m9h57,35.2578125
1783745572,mem_mib,pod=workload-cloud-6f545f89ff-m9h57,35.2578125
1783745582,mem_mib,pod=workload-cloud-6f545f89ff-m9h57,35.2578125
1783745592,mem_mib,pod=workload-cloud-6f545f89ff-m9h57,35.2578125
1783745602,mem_mib,pod=workload-cloud-6f545f89ff-m9h57,35.2578125
1783745612,mem_mib,pod=workload-cloud-6f545f89ff-m9h57,35.2578125
1783745622,mem_mib,pod=workload-cloud-6f545f89ff-m9h57,35.2578125
1783745122,mem_mib,pod=workload-cloud-6f545f89ff-mhlc8,3.04296875
1783745132,mem_mib,pod=workload-cloud-6f545f89ff-mhlc8,3.04296875
1783745142,mem_mib,pod=workload-cloud-6f545f89ff-mhlc8,35.12890625
1783745152,mem_mib,pod=workload-cloud-6f545f89ff-mhlc8,35.1484375
1783745162,mem_mib,pod=workload-cloud-6f545f89ff-mhlc8,35.1484375
1783745172,mem_mib,pod=workload-cloud-6f545f89ff-mhlc8,35.546875
1783745182,mem_mib,pod=workload-cloud-6f545f89ff-mhlc8,36.05078125
1783745192,mem_mib,pod=workload-cloud-6f545f89ff-mhlc8,38.703125
1783745202,mem_mib,pod=workload-cloud-6f545f89ff-mhlc8,38.703125
1783745212,mem_mib,pod=workload-cloud-6f545f89ff-mhlc8,38.453125
1783745222,mem_mib,pod=workload-cloud-6f545f89ff-mhlc8,38.453125
1783745232,mem_mib,pod=workload-cloud-6f545f89ff-mhlc8,38.37109375
1783745242,mem_mib,pod=workload-cloud-6f545f89ff-mhlc8,38.4140625
1783745252,mem_mib,pod=workload-cloud-6f545f89ff-mhlc8,38.4140625
1783745262,mem_mib,pod=workload-cloud-6f545f89ff-mhlc8,38.98046875
1783745272,mem_mib,pod=workload-cloud-6f545f89ff-mhlc8,38.4765625
1783745282,mem_mib,pod=workload-cloud-6f545f89ff-mhlc8,38.4765625
1783745292,mem_mib,pod=workload-cloud-6f545f89ff-mhlc8,38.58203125
1783745302,mem_mib,pod=workload-cloud-6f545f89ff-mhlc8,38.55078125
1783745312,mem_mib,pod=workload-cloud-6f545f89ff-mhlc8,38.55078125
1783745322,mem_mib,pod=workload-cloud-6f545f89ff-mhlc8,38.84375
1783745332,mem_mib,pod=workload-cloud-6f545f89ff-mhlc8,38.34765625
1783745342,mem_mib,pod=workload-cloud-6f545f89ff-mhlc8,38.34765625
1783745352,mem_mib,pod=workload-cloud-6f545f89ff-mhlc8,38.16796875
1783745362,mem_mib,pod=workload-cloud-6f545f89ff-mhlc8,38.16796875
1783745372,mem_mib,pod=workload-cloud-6f545f89ff-mhlc8,37.4921875
1783745382,mem_mib,pod=workload-cloud-6f545f89ff-mhlc8,37.50390625
1783745392,mem_mib,pod=workload-cloud-6f545f89ff-mhlc8,37.50390625
1783745402,mem_mib,pod=workload-cloud-6f545f89ff-mhlc8,37.7421875
1783745412,mem_mib,pod=workload-cloud-6f545f89ff-mhlc8,37.7421875
1783745422,mem_mib,pod=workload-cloud-6f545f89ff-mhlc8,37.49609375
1783745432,mem_mib,pod=workload-cloud-6f545f89ff-mhlc8,37.49609375
1783745442,mem_mib,pod=workload-cloud-6f545f89ff-mhlc8,37.49609375
1783745452,mem_mib,pod=workload-cloud-6f545f89ff-mhlc8,37.5
1783745462,mem_mib,pod=workload-cloud-6f545f89ff-mhlc8,37.5
1783745472,mem_mib,pod=workload-cloud-6f545f89ff-mhlc8,37.5
1783745482,mem_mib,pod=workload-cloud-6f545f89ff-mhlc8,37.49609375
1783745492,mem_mib,pod=workload-cloud-6f545f89ff-mhlc8,37.49609375
1783745502,mem_mib,pod=workload-cloud-6f545f89ff-mhlc8,37.49609375
1783745512,mem_mib,pod=workload-cloud-6f545f89ff-mhlc8,37.49609375
1783745522,mem_mib,pod=workload-cloud-6f545f89ff-mhlc8,37.5078125
1783745532,mem_mib,pod=workload-cloud-6f545f89ff-mhlc8,37.5078125
1783745542,mem_mib,pod=workload-cloud-6f545f89ff-mhlc8,37.51171875
1783745552,mem_mib,pod=workload-cloud-6f545f89ff-mhlc8,37.51171875
1783745562,mem_mib,pod=workload-cloud-6f545f89ff-mhlc8,37.51171875
1783745572,mem_mib,pod=workload-cloud-6f545f89ff-mhlc8,37.51171875
1783745582,mem_mib,pod=workload-cloud-6f545f89ff-mhlc8,37.51171875
1783745592,mem_mib,pod=workload-cloud-6f545f89ff-mhlc8,37.515625
1783745602,mem_mib,pod=workload-cloud-6f545f89ff-mhlc8,37.515625
1783745612,mem_mib,pod=workload-cloud-6f545f89ff-mhlc8,37.765625
1783745622,mem_mib,pod=workload-cloud-6f545f89ff-mhlc8,37.515625
1783744982,mem_mib,pod=workload-edge-7b875fd8c6-pxwvc,36.05859375
1783744992,mem_mib,pod=workload-edge-7b875fd8c6-pxwvc,36.05859375
1783745002,mem_mib,pod=workload-edge-7b875fd8c6-pxwvc,36.05859375
1783745012,mem_mib,pod=workload-edge-7b875fd8c6-pxwvc,36.05859375
1783745022,mem_mib,pod=workload-edge-7b875fd8c6-pxwvc,36.05859375
1783745032,mem_mib,pod=workload-edge-7b875fd8c6-pxwvc,36.05859375
1783745042,mem_mib,pod=workload-edge-7b875fd8c6-pxwvc,36.05859375
1783745052,mem_mib,pod=workload-edge-7b875fd8c6-pxwvc,36.05859375
1783745062,mem_mib,pod=workload-edge-7b875fd8c6-pxwvc,36.05859375
1783745072,mem_mib,pod=workload-edge-7b875fd8c6-pxwvc,36.05859375
1783745082,mem_mib,pod=workload-edge-7b875fd8c6-pxwvc,36.05859375
1783745092,mem_mib,pod=workload-edge-7b875fd8c6-pxwvc,36.30859375
1783745102,mem_mib,pod=workload-edge-7b875fd8c6-pxwvc,36.05859375
1783745112,mem_mib,pod=workload-edge-7b875fd8c6-pxwvc,36.05859375
1783745122,mem_mib,pod=workload-edge-7b875fd8c6-pxwvc,36.05859375
1783745132,mem_mib,pod=workload-edge-7b875fd8c6-pxwvc,36.05859375
1783745142,mem_mib,pod=workload-edge-7b875fd8c6-pxwvc,36.05859375
1783745152,mem_mib,pod=workload-edge-7b875fd8c6-pxwvc,36.05859375
1783745162,mem_mib,pod=workload-edge-7b875fd8c6-pxwvc,36.05859375
1783745172,mem_mib,pod=workload-edge-7b875fd8c6-pxwvc,36.05859375
1783745182,mem_mib,pod=workload-edge-7b875fd8c6-pxwvc,36.05859375
1783745192,mem_mib,pod=workload-edge-7b875fd8c6-pxwvc,36.05859375
1783745202,mem_mib,pod=workload-edge-7b875fd8c6-pxwvc,36.0546875
1783745212,mem_mib,pod=workload-edge-7b875fd8c6-pxwvc,36.0546875
1783745222,mem_mib,pod=workload-edge-7b875fd8c6-pxwvc,36.05859375
1783745232,mem_mib,pod=workload-edge-7b875fd8c6-pxwvc,36.05859375
1783745242,mem_mib,pod=workload-edge-7b875fd8c6-pxwvc,36.05859375
1783745252,mem_mib,pod=workload-edge-7b875fd8c6-pxwvc,36.05859375
1783745262,mem_mib,pod=workload-edge-7b875fd8c6-pxwvc,36.05859375
1783745272,mem_mib,pod=workload-edge-7b875fd8c6-pxwvc,36.05859375
1783745282,mem_mib,pod=workload-edge-7b875fd8c6-pxwvc,36.05859375
1783745292,mem_mib,pod=workload-edge-7b875fd8c6-pxwvc,36.05859375
1783745302,mem_mib,pod=workload-edge-7b875fd8c6-pxwvc,36.05859375
1783745312,mem_mib,pod=workload-edge-7b875fd8c6-pxwvc,36.05859375
1783745322,mem_mib,pod=workload-edge-7b875fd8c6-pxwvc,36.05859375
1783745332,mem_mib,pod=workload-edge-7b875fd8c6-pxwvc,36.05859375
1783745342,mem_mib,pod=workload-edge-7b875fd8c6-pxwvc,36.05859375
1783745352,mem_mib,pod=workload-edge-7b875fd8c6-pxwvc,36.05859375
1783745362,mem_mib,pod=workload-edge-7b875fd8c6-pxwvc,36.05859375
1783745372,mem_mib,pod=workload-edge-7b875fd8c6-pxwvc,36.05859375
1783745382,mem_mib,pod=workload-edge-7b875fd8c6-pxwvc,36.05859375
1783745392,mem_mib,pod=workload-edge-7b875fd8c6-pxwvc,36.05859375
1783745402,mem_mib,pod=workload-edge-7b875fd8c6-pxwvc,36.05859375
1783745412,mem_mib,pod=workload-edge-7b875fd8c6-pxwvc,36.05859375
1783745422,mem_mib,pod=workload-edge-7b875fd8c6-pxwvc,36.05859375
1783745432,mem_mib,pod=workload-edge-7b875fd8c6-pxwvc,36.0625
1783745442,mem_mib,pod=workload-edge-7b875fd8c6-pxwvc,36.0625
1783745452,mem_mib,pod=workload-edge-7b875fd8c6-pxwvc,36.0625
1783745462,mem_mib,pod=workload-edge-7b875fd8c6-pxwvc,36.0625
1783745472,mem_mib,pod=workload-edge-7b875fd8c6-pxwvc,36.0625
1783745482,mem_mib,pod=workload-edge-7b875fd8c6-pxwvc,36.0625
1783745492,mem_mib,pod=workload-edge-7b875fd8c6-pxwvc,36.0625
1783745502,mem_mib,pod=workload-edge-7b875fd8c6-pxwvc,36.0625
1783745512,mem_mib,pod=workload-edge-7b875fd8c6-pxwvc,36.0625
1783745522,mem_mib,pod=workload-edge-7b875fd8c6-pxwvc,36.0625
1783745532,mem_mib,pod=workload-edge-7b875fd8c6-pxwvc,36.0625
1783745542,mem_mib,pod=workload-edge-7b875fd8c6-pxwvc,36.0625
1783745552,mem_mib,pod=workload-edge-7b875fd8c6-pxwvc,36.0625
1783745562,mem_mib,pod=workload-edge-7b875fd8c6-pxwvc,36.0625
1783745572,mem_mib,pod=workload-edge-7b875fd8c6-pxwvc,36.0625
1783745582,mem_mib,pod=workload-edge-7b875fd8c6-pxwvc,36.0625
1783745592,mem_mib,pod=workload-edge-7b875fd8c6-pxwvc,36.0625
1783745602,mem_mib,pod=workload-edge-7b875fd8c6-pxwvc,36.0625
1783745612,mem_mib,pod=workload-edge-7b875fd8c6-pxwvc,36.0625
1783745622,mem_mib,pod=workload-edge-7b875fd8c6-pxwvc,36.0625
1783744982,rps,tier=cloud,0.0
1783744992,rps,tier=cloud,1.6001244097367662
1783745002,rps,tier=cloud,7.260483232802273
1783745012,rps,tier=cloud,17.001020061203675
1783745022,rps,tier=cloud,30.681484074771916
1783745032,rps,tier=cloud,48.381691335306826
1783745042,rps,tier=cloud,68.5414976599064
1783745052,rps,tier=cloud,88.44353774150966
1783745062,rps,tier=cloud,107.56215124302487
1783745072,rps,tier=cloud,126.9852046639909
1783745082,rps,tier=cloud,144.7859014983768
1783745092,rps,tier=cloud,164.80370964472675
1783745102,rps,tier=cloud,183.28283747950925
1783745112,rps,tier=cloud,201.56927340602954
1783745122,rps,tier=cloud,218.35969460366175
1783745132,rps,tier=cloud,235.360229603328
1783745142,rps,tier=cloud,255.75794490348784
1783745152,rps,tier=cloud,276.92752462993576
1783745162,rps,tier=cloud,292.88960394192486
1783745172,rps,tier=cloud,328.09126179727156
1783745182,rps,tier=cloud,434.64680484511564
1783745192,rps,tier=cloud,616.4477659345248
1783745202,rps,tier=cloud,832.8519225473206
1783745212,rps,tier=cloud,1054.6792037843684
1783745222,rps,tier=cloud,1261.0058931362241
1783745232,rps,tier=cloud,1408.8188696191698
1783745242,rps,tier=cloud,1482.043393639517
1783745252,rps,tier=cloud,1495.6863033803263
1783745262,rps,tier=cloud,1496.1750948743984
1783745272,rps,tier=cloud,1492.7213255671081
1783745282,rps,tier=cloud,1505.0925210237729
1783745292,rps,tier=cloud,1507.2160771757026
1783745302,rps,tier=cloud,1503.7186779782994
1783745312,rps,tier=cloud,1503.4420257735426
1783745322,rps,tier=cloud,1497.1687863669754
1783745332,rps,tier=cloud,1427.0957306598978
1783745342,rps,tier=cloud,1286.8811688388294
1783745352,rps,tier=cloud,1078.3144124532907
1783745362,rps,tier=cloud,849.7626775960185
1783745372,rps,tier=cloud,627.9011471145129
1783745382,rps,tier=cloud,458.1764564708706
1783745392,rps,tier=cloud,369.70926110317794
1783745402,rps,tier=cloud,351.71795775947703
1783745412,rps,tier=cloud,351.77995635136324
1783745422,rps,tier=cloud,352.13608239359337
1783745432,rps,tier=cloud,352.9374613068249
1783745442,rps,tier=cloud,353.37585713761166
1783745452,rps,tier=cloud,352.96944432271624
1783745462,rps,tier=cloud,352.2791447151808
1783745472,rps,tier=cloud,351.24024605069
1783745482,rps,tier=cloud,350.79346745279645
1783745492,rps,tier=cloud,350.3208129421164
1783745502,rps,tier=cloud,350.7018049693271
1783745512,rps,tier=cloud,352.01274613688787
1783745522,rps,tier=cloud,353.0548903522657
1783745532,rps,tier=cloud,350.78085324345034
1783745542,rps,tier=cloud,329.31343864941863
1783745552,rps,tier=cloud,286.13471400621506
1783745562,rps,tier=cloud,222.0116306455979
1783745572,rps,tier=cloud,151.4045445536617
1783745582,rps,tier=cloud,83.42318295452856
1783745592,rps,tier=cloud,34.221596477515924
1783745602,rps,tier=cloud,6.980279211168447
1783745612,rps,tier=cloud,0.0
1783745622,rps,tier=cloud,0.0
1783744992,lat50_ms,tier=cloud,1.6250000000000002
1783745002,lat50_ms,tier=cloud,1.6009934318100236
1783745012,lat50_ms,tier=cloud,1.6955813909542012
1783745022,lat50_ms,tier=cloud,1.8550723546299688
1783745032,lat50_ms,tier=cloud,2.136360856367805
1783745042,lat50_ms,tier=cloud,2.4906620698887965
1783745052,lat50_ms,tier=cloud,2.75127262879804
1783745062,lat50_ms,tier=cloud,3.1137339055793993
1783745072,lat50_ms,tier=cloud,3.308799741184083
1783745082,lat50_ms,tier=cloud,3.7082718824731855
1783745092,lat50_ms,tier=cloud,4.0255061408645725
1783745102,lat50_ms,tier=cloud,4.255376429270358
1783745112,lat50_ms,tier=cloud,4.568655420239395
1783745122,lat50_ms,tier=cloud,4.810425394576645
1783745132,lat50_ms,tier=cloud,5.281625635531156
1783745142,lat50_ms,tier=cloud,5.892488240804718
1783745152,lat50_ms,tier=cloud,6.631361733015928
1783745162,lat50_ms,tier=cloud,7.049187904654501
1783745172,lat50_ms,tier=cloud,6.317139870773878
1783745182,lat50_ms,tier=cloud,7.598001309956534
1783745192,lat50_ms,tier=cloud,9.544852245108835
1783745202,lat50_ms,tier=cloud,11.905801449795174
1783745212,lat50_ms,tier=cloud,14.244557418380799
1783745222,lat50_ms,tier=cloud,16.696427539293737
1783745232,lat50_ms,tier=cloud,18.96351628342277
1783745242,lat50_ms,tier=cloud,21.21710764027829
1783745252,lat50_ms,tier=cloud,23.13958700371776
1783745262,lat50_ms,tier=cloud,24.889250895275158
1783745272,lat50_ms,tier=cloud,26.12054569072634
1783745282,lat50_ms,tier=cloud,26.853913169726866
1783745292,lat50_ms,tier=cloud,28.090539761861052
1783745302,lat50_ms,tier=cloud,28.871598440130416
1783745312,lat50_ms,tier=cloud,29.37598561211133
1783745322,lat50_ms,tier=cloud,29.14264259973657
1783745332,lat50_ms,tier=cloud,28.470044551513563
1783745342,lat50_ms,tier=cloud,27.535778708732064
1783745352,lat50_ms,tier=cloud,26.760476622804326
1783745362,lat50_ms,tier=cloud,25.86376774624929
1783745372,lat50_ms,tier=cloud,24.449404696722613
1783745382,lat50_ms,tier=cloud,22.736151659496006
1783745392,lat50_ms,tier=cloud,21.15332059970633
1783745402,lat50_ms,tier=cloud,18.8462872386438
1783745412,lat50_ms,tier=cloud,16.659347213402004
1783745422,lat50_ms,tier=cloud,14.473954890507418
1783745432,lat50_ms,tier=cloud,12.555579832154082
1783745442,lat50_ms,tier=cloud,11.261927119426026
1783745452,lat50_ms,tier=cloud,10.88142562405737
1783745462,lat50_ms,tier=cloud,11.036376613782444
1783745472,lat50_ms,tier=cloud,11.134812576623473
1783745482,lat50_ms,tier=cloud,11.114727791909813
1783745492,lat50_ms,tier=cloud,11.02585734980655
1783745502,lat50_ms,tier=cloud,11.031201177048331
1783745512,lat50_ms,tier=cloud,11.03796852339422
1783745522,lat50_ms,tier=cloud,11.01205839228282
1783745532,lat50_ms,tier=cloud,10.967381958692151
1783745542,lat50_ms,tier=cloud,10.80530124704497
1783745552,lat50_ms,tier=cloud,10.646672780013716
1783745562,lat50_ms,tier=cloud,10.411198483549427
1783745572,lat50_ms,tier=cloud,10.192851681774945
1783745582,lat50_ms,tier=cloud,9.765527498089527
1783745592,lat50_ms,tier=cloud,9.225065799553317
1783745602,lat50_ms,tier=cloud,9.05349337164103
1783745612,lat50_ms,tier=cloud,8.423309675263367
1783745622,lat50_ms,tier=cloud,8.018566099299258
1783744992,lat95_ms,tier=cloud,4.249999999999998
1783745002,lat95_ms,tier=cloud,4.107377448653485
1783745012,lat95_ms,tier=cloud,4.476891519622802
1783745022,lat95_ms,tier=cloud,4.711128974353784
1783745032,lat95_ms,tier=cloud,4.96376499765711
1783745042,lat95_ms,tier=cloud,5.286286140570194
1783745052,lat95_ms,tier=cloud,8.141289171703892
1783745062,lat95_ms,tier=cloud,10.565151515151527
1783745072,lat95_ms,tier=cloud,12.132734530938134
1783745082,lat95_ms,tier=cloud,16.17985964328253
1783745092,lat95_ms,tier=cloud,17.403261616877366
1783745102,lat95_ms,tier=cloud,17.799976237887932
1783745112,lat95_ms,tier=cloud,18.012031691207
1783745122,lat95_ms,tier=cloud,18.17710072414216
1783745132,lat95_ms,tier=cloud,18.399407603753755
1783745142,lat95_ms,tier=cloud,18.582100703148587
1783745152,lat95_ms,tier=cloud,18.777511333329375
1783745162,lat95_ms,tier=cloud,18.8982874455
1783745172,lat95_ms,tier=cloud,18.8140833914368
1783745182,lat95_ms,tier=cloud,19.708925056026533
1783745192,lat95_ms,tier=cloud,40.407545377839256
1783745202,lat95_ms,tier=cloud,45.728506078812586
1783745212,lat95_ms,tier=cloud,48.725200397514726
1783745222,lat95_ms,tier=cloud,49.53905122762052
1783745232,lat95_ms,tier=cloud,53.066005729852236
1783745242,lat95_ms,tier=cloud,56.623557870439534
1783745252,lat95_ms,tier=cloud,58.58143178942478
1783745262,lat95_ms,tier=cloud,59.42792921678967
1783745272,lat95_ms,tier=cloud,60.0710427338797
1783745282,lat95_ms,tier=cloud,59.94045623815228
1783745292,lat95_ms,tier=cloud,60.90858473952204
1783745302,lat95_ms,tier=cloud,62.27038901744951
1783745312,lat95_ms,tier=cloud,62.77509915170336
1783745322,lat95_ms,tier=cloud,62.69867847030057
1783745332,lat95_ms,tier=cloud,62.185448514518264
1783745342,lat95_ms,tier=cloud,61.19194673416486
1783745352,lat95_ms,tier=cloud,60.15224648250456
1783745362,lat95_ms,tier=cloud,59.017713198493766
1783745372,lat95_ms,tier=cloud,58.10112889046772
1783745382,lat95_ms,tier=cloud,56.87757749102037
1783745392,lat95_ms,tier=cloud,56.911247890838126
1783745402,lat95_ms,tier=cloud,54.256156318705365
1783745412,lat95_ms,tier=cloud,49.337140025584524
1783745422,lat95_ms,tier=cloud,47.61856411265734
1783745432,lat95_ms,tier=cloud,43.74259057734501
1783745442,lat95_ms,tier=cloud,39.891576253707605
1783745452,lat95_ms,tier=cloud,36.96416673922655
1783745462,lat95_ms,tier=cloud,35.69735988846214
1783745472,lat95_ms,tier=cloud,35.61047684230336
1783745482,lat95_ms,tier=cloud,35.04371076716938
1783745492,lat95_ms,tier=cloud,34.47099257857117
1783745502,lat95_ms,tier=cloud,34.19217435716145
1783745512,lat95_ms,tier=cloud,33.61381846704946
1783745522,lat95_ms,tier=cloud,33.25707070218351
1783745532,lat95_ms,tier=cloud,33.26551469326329
1783745542,lat95_ms,tier=cloud,32.77592245057656
1783745552,lat95_ms,tier=cloud,32.531775084338776
1783745562,lat95_ms,tier=cloud,31.12449831809229
1783745572,lat95_ms,tier=cloud,28.938341913343205
1783745582,lat95_ms,tier=cloud,27.41313333213669
1783745592,lat95_ms,tier=cloud,26.484114416776265
1783745602,lat95_ms,tier=cloud,26.04220513023129
1783745612,lat95_ms,tier=cloud,23.060653563838517
1783745622,lat95_ms,tier=cloud,23.27446346272672
1783744992,lat99_ms,tier=cloud,4.8500000000000005
1783745002,lat99_ms,tier=cloud,4.821475489730697
1783745012,lat99_ms,tier=cloud,4.905462359494357
1783745022,lat99_ms,tier=cloud,5.488235017287047
1783745032,lat99_ms,tier=cloud,8.86962122113277
1783745042,lat99_ms,tier=cloud,9.05725722811404
1783745052,lat99_ms,tier=cloud,9.69991928540099
1783745062,lat99_ms,tier=cloud,18.113030303030303
1783745072,lat99_ms,tier=cloud,18.42654690618762
1783745082,lat99_ms,tier=cloud,19.2679464576344
1783745092,lat99_ms,tier=cloud,19.516542925535646
1783745102,lat99_ms,tier=cloud,19.60135225724422
1783745112,lat99_ms,tier=cloud,19.638854315863583
1783745122,lat99_ms,tier=cloud,19.669982699867173
1783745132,lat99_ms,tier=cloud,19.71649064118057
1783745142,lat99_ms,tier=cloud,19.76228276429147
1783745152,lat99_ms,tier=cloud,19.86369961914255
1783745162,lat99_ms,tier=cloud,19.92037208762573
1783745172,lat99_ms,tier=cloud,19.91086777207341
1783745182,lat99_ms,tier=cloud,42.293116801577156
1783745192,lat99_ms,tier=cloud,48.75491139489656
1783745202,lat99_ms,tier=cloud,59.66537113881266
1783745212,lat99_ms,tier=cloud,68.33023084982563
1783745222,lat99_ms,tier=cloud,69.45422082007872
1783745232,lat99_ms,tier=cloud,70.73150085280214
1783745242,lat99_ms,tier=cloud,71.45180284775847
1783745252,lat99_ms,tier=cloud,71.84553570910273
1783745262,lat99_ms,tier=cloud,71.99734057192728
1783745272,lat99_ms,tier=cloud,72.11275705202536
1783745282,lat99_ms,tier=cloud,72.08030927195158
1783745292,lat99_ms,tier=cloud,72.27521535919988
1783745302,lat99_ms,tier=cloud,72.5478923009569
1783745312,lat99_ms,tier=cloud,72.6375410161816
1783745322,lat99_ms,tier=cloud,72.62901603316944
1783745332,lat99_ms,tier=cloud,72.53191285145446
1783745342,lat99_ms,tier=cloud,72.33062167263562
1783745352,lat99_ms,tier=cloud,72.1134437346837
1783745362,lat99_ms,tier=cloud,71.87723602420202
1783745372,lat99_ms,tier=cloud,71.70554240632985
1783745382,lat99_ms,tier=cloud,71.47661966209925
1783745392,lat99_ms,tier=cloud,71.49554708910277
1783745402,lat99_ms,tier=cloud,70.96730775601503
1783745412,lat99_ms,tier=cloud,69.14753151852118
1783745422,lat99_ms,tier=cloud,65.47765893449309
1783745432,lat99_ms,tier=cloud,49.04312023601265
1783745442,lat99_ms,tier=cloud,48.05228658415429
1783745452,lat99_ms,tier=cloud,47.39283334784532
1783745462,lat99_ms,tier=cloud,47.139471977692445
1783745472,lat99_ms,tier=cloud,47.12209536846068
1783745482,lat99_ms,tier=cloud,47.008742153433865
1783745492,lat99_ms,tier=cloud,46.89419851571423
1783745502,lat99_ms,tier=cloud,46.83843487143231
1783745512,lat99_ms,tier=cloud,46.72276369340989
1783745522,lat99_ms,tier=cloud,46.65141414043671
1783745532,lat99_ms,tier=cloud,46.65310293865268
1783745542,lat99_ms,tier=cloud,46.5551844901153
1783745552,lat99_ms,tier=cloud,46.506355016867786
1783745562,lat99_ms,tier=cloud,46.22489966361846
1783745572,lat99_ms,tier=cloud,45.78766838266866
1783745582,lat99_ms,tier=cloud,45.48262666642734
1783745592,lat99_ms,tier=cloud,45.29682288335524
1783745602,lat99_ms,tier=cloud,45.208441026046266
1783745612,lat99_ms,tier=cloud,44.61213071276771
1783745622,lat99_ms,tier=cloud,44.65489269254534
1783744982,inflight,tier=cloud,0.0
1783744992,inflight,tier=cloud,0.0
1783745002,inflight,tier=cloud,0.0
1783745012,inflight,tier=cloud,0.0
1783745022,inflight,tier=cloud,0.0
1783745032,inflight,tier=cloud,0.0
1783745042,inflight,tier=cloud,0.0
1783745052,inflight,tier=cloud,0.0
1783745062,inflight,tier=cloud,1.0
1783745072,inflight,tier=cloud,0.0
1783745082,inflight,tier=cloud,0.0
1783745092,inflight,tier=cloud,0.0
1783745102,inflight,tier=cloud,0.0
1783745112,inflight,tier=cloud,0.0
1783745122,inflight,tier=cloud,0.0
1783745132,inflight,tier=cloud,0.0
1783745142,inflight,tier=cloud,0.0
1783745152,inflight,tier=cloud,0.0
1783745162,inflight,tier=cloud,0.0
1783745172,inflight,tier=cloud,0.0
1783745182,inflight,tier=cloud,0.0
1783745192,inflight,tier=cloud,21.0
1783745202,inflight,tier=cloud,27.0
1783745212,inflight,tier=cloud,40.0
1783745222,inflight,tier=cloud,41.0
1783745232,inflight,tier=cloud,23.0
1783745242,inflight,tier=cloud,0.0
1783745252,inflight,tier=cloud,2.0
1783745262,inflight,tier=cloud,22.0
1783745272,inflight,tier=cloud,1.0
1783745282,inflight,tier=cloud,44.0
1783745292,inflight,tier=cloud,33.0
1783745302,inflight,tier=cloud,0.0
1783745312,inflight,tier=cloud,9.0
1783745322,inflight,tier=cloud,0.0
1783745332,inflight,tier=cloud,19.0
1783745342,inflight,tier=cloud,0.0
1783745352,inflight,tier=cloud,0.0
1783745362,inflight,tier=cloud,0.0
1783745372,inflight,tier=cloud,1.0
1783745382,inflight,tier=cloud,1.0
1783745392,inflight,tier=cloud,4.0
1783745402,inflight,tier=cloud,0.0
1783745412,inflight,tier=cloud,0.0
1783745422,inflight,tier=cloud,0.0
1783745432,inflight,tier=cloud,0.0
1783745442,inflight,tier=cloud,2.0
1783745452,inflight,tier=cloud,0.0
1783745462,inflight,tier=cloud,0.0
1783745472,inflight,tier=cloud,0.0
1783745482,inflight,tier=cloud,4.0
1783745492,inflight,tier=cloud,0.0
1783745502,inflight,tier=cloud,0.0
1783745512,inflight,tier=cloud,0.0
1783745522,inflight,tier=cloud,0.0
1783745532,inflight,tier=cloud,0.0
1783745542,inflight,tier=cloud,0.0
1783745552,inflight,tier=cloud,0.0
1783745562,inflight,tier=cloud,0.0
1783745572,inflight,tier=cloud,0.0
1783745582,inflight,tier=cloud,0.0
1783745592,inflight,tier=cloud,0.0
1783745602,inflight,tier=cloud,0.0
1783745612,inflight,tier=cloud,0.0
1783745622,inflight,tier=cloud,0.0
1783744982,inflight,tier=edge,0.0
1783744992,inflight,tier=edge,0.0
1783745002,inflight,tier=edge,0.0
1783745012,inflight,tier=edge,0.0
1783745022,inflight,tier=edge,0.0
1783745032,inflight,tier=edge,0.0
1783745042,inflight,tier=edge,0.0
1783745052,inflight,tier=edge,0.0
1783745062,inflight,tier=edge,0.0
1783745072,inflight,tier=edge,0.0
1783745082,inflight,tier=edge,0.0
1783745092,inflight,tier=edge,0.0
1783745102,inflight,tier=edge,0.0
1783745112,inflight,tier=edge,0.0
1783745122,inflight,tier=edge,0.0
1783745132,inflight,tier=edge,0.0
1783745142,inflight,tier=edge,0.0
1783745152,inflight,tier=edge,0.0
1783745162,inflight,tier=edge,0.0
1783745172,inflight,tier=edge,0.0
1783745182,inflight,tier=edge,0.0
1783745192,inflight,tier=edge,0.0
1783745202,inflight,tier=edge,0.0
1783745212,inflight,tier=edge,0.0
1783745222,inflight,tier=edge,0.0
1783745232,inflight,tier=edge,0.0
1783745242,inflight,tier=edge,0.0
1783745252,inflight,tier=edge,0.0
1783745262,inflight,tier=edge,0.0
1783745272,inflight,tier=edge,0.0
1783745282,inflight,tier=edge,0.0
1783745292,inflight,tier=edge,0.0
1783745302,inflight,tier=edge,0.0
1783745312,inflight,tier=edge,0.0
1783745322,inflight,tier=edge,0.0
1783745332,inflight,tier=edge,0.0
1783745342,inflight,tier=edge,0.0
1783745352,inflight,tier=edge,0.0
1783745362,inflight,tier=edge,0.0
1783745372,inflight,tier=edge,0.0
1783745382,inflight,tier=edge,0.0
1783745392,inflight,tier=edge,0.0
1783745402,inflight,tier=edge,0.0
1783745412,inflight,tier=edge,0.0
1783745422,inflight,tier=edge,0.0
1783745432,inflight,tier=edge,0.0
1783745442,inflight,tier=edge,0.0
1783745452,inflight,tier=edge,0.0
1783745462,inflight,tier=edge,0.0
1783745472,inflight,tier=edge,0.0
1783745482,inflight,tier=edge,0.0
1783745492,inflight,tier=edge,0.0
1783745502,inflight,tier=edge,0.0
1783745512,inflight,tier=edge,0.0
1783745522,inflight,tier=edge,0.0
1783745532,inflight,tier=edge,0.0
1783745542,inflight,tier=edge,0.0
1783745552,inflight,tier=edge,0.0
1783745562,inflight,tier=edge,0.0
1783745572,inflight,tier=edge,0.0
1783745582,inflight,tier=edge,0.0
1783745592,inflight,tier=edge,0.0
1783745602,inflight,tier=edge,0.0
1783745612,inflight,tier=edge,0.0
1783745622,inflight,tier=edge,0.0
