ts,metric,labels,value
1783701858,replicas_status,deployment=workload-cloud,1.0
1783701868,replicas_status,deployment=workload-cloud,1.0
1783701878,replicas_status,deployment=workload-cloud,1.0
1783701888,replicas_status,deployment=workload-cloud,1.0
1783701898,replicas_status,deployment=workload-cloud,1.0
1783701908,replicas_status,deployment=workload-cloud,1.0
1783701918,replicas_status,deployment=workload-cloud,1.0
1783701928,replicas_status,deployment=workload-cloud,1.0
1783701938,replicas_status,deployment=workload-cloud,2.0
1783701948,replicas_status,deployment=workload-cloud,2.0
1783701958,replicas_status,deployment=workload-cloud,2.0
1783701968,replicas_status,deployment=workload-cloud,3.0
1783701978,replicas_status,deployment=workload-cloud,3.0
1783701988,replicas_status,deployment=workload-cloud,3.0
1783701998,replicas_status,deployment=workload-cloud,4.0
1783702008,replicas_status,deployment=workload-cloud,4.0
1783702018,replicas_status,deployment=workload-cloud,4.0
1783702028,replicas_status,deployment=workload-cloud,5.0
1783702038,replicas_status,deployment=workload-cloud,5.0
1783702048,replicas_status,deployment=workload-cloud,5.0
1783702058,replicas_status,deployment=workload-cloud,5.0
1783702068,replicas_status,deployment=workload-cloud,5.0
1783702078,replicas_status,deployment=workload-cloud,6.0
1783702088,replicas_status,deployment=workload-cloud,6.0
1783702098,replicas_status,deployment=workload-cloud,6.0
1783702108,replicas_status,deployment=workload-cloud,6.0
1783702118,replicas_status,deployment=workload-cloud,6.0
1783702128,replicas_status,deployment=workload-cloud,6.0
1783702138,replicas_status,deployment=workload-cloud,6.0
1783702148,replicas_status,deployment=workload-cloud,6.0
1783702158,replicas_status,deployment=workload-cloud,6.0
1783702168,replicas_status,deployment=workload-cloud,6.0
1783702178,replicas_status,deployment=workload-cloud,6.0
1783702188,replicas_status,deployment=workload-cloud,6.0
1783702198,replicas_status,deployment=workload-cloud,6.0
1783702208,replicas_status,deployment=workload-cloud,6.0
1783702218,replicas_status,deployment=workload-cloud,6.0
1783702228,replicas_status,deployment=workload-cloud,6.0
1783702238,replicas_status,deployment=workload-cloud,6.0
1783702248,replicas_status,deployment=workload-cloud,6.0
1783702258,replicas_status,deployment=workload-cloud,6.0
1783702268,replicas_status,deployment=workload-cloud,6.0
1783702278,replicas_status,deployment=workload-cloud,6.0
1783702288,replicas_status,deployment=workload-cloud,6.0
1783702298,replicas_status,deployment=workload-cloud,6.0
1783702308,replicas_status,deployment=workload-cloud,6.0
1783702318,replicas_status,deployment=workload-cloud,6.0
1783702328,replicas_status,deployment=workload-cloud,6.0
1783702338,replicas_status,deployment=workload-cloud,6.0
1783702348,replicas_status,deployment=workload-cloud,6.0
1783702358,replicas_status,deployment=workload-cloud,6.0
1783702368,replicas_status,deployment=workload-cloud,6.0
1783702378,replicas_status,deployment=workload-cloud,6.0
1783702388,replicas_status,deployment=workload-cloud,6.0
1783702398,replicas_status,deployment=workload-cloud,6.0
1783702408,replicas_status,deployment=workload-cloud,6.0
1783702418,replicas_status,deployment=workload-cloud,6.0
1783702428,replicas_status,deployment=workload-cloud,6.0
1783702438,replicas_status,deployment=workload-cloud,6.0
1783702448,replicas_status,deployment=workload-cloud,6.0
1783702458,replicas_status,deployment=workload-cloud,6.0
1783702468,replicas_status,deployment=workload-cloud,6.0
1783702478,replicas_status,deployment=workload-cloud,6.0
1783702488,replicas_status,deployment=workload-cloud,6.0
1783702498,replicas_status,deployment=workload-cloud,6.0
1783701858,replicas_status,deployment=workload-edge,1.0
1783701868,replicas_status,deployment=workload-edge,1.0
1783701878,replicas_status,deployment=workload-edge,1.0
1783701888,replicas_status,deployment=workload-edge,1.0
1783701898,replicas_status,deployment=workload-edge,1.0
1783701908,replicas_status,deployment=workload-edge,1.0
1783701918,replicas_status,deployment=workload-edge,1.0
1783701928,replicas_status,deployment=workload-edge,1.0
1783701938,replicas_status,deployment=workload-edge,1.0
1783701948,replicas_status,deployment=workload-edge,1.0
1783701958,replicas_status,deployment=workload-edge,1.0
1783701968,replicas_status,deployment=workload-edge,1.0
1783701978,replicas_status,deployment=workload-edge,1.0
1783701988,replicas_status,deployment=workload-edge,1.0
1783701998,replicas_status,deployment=workload-edge,1.0
1783702008,replicas_status,deployment=workload-edge,1.0
1783702018,replicas_status,deployment=workload-edge,1.0
1783702028,replicas_status,deployment=workload-edge,1.0
1783702038,replicas_status,deployment=workload-edge,1.0
1783702048,replicas_status,deployment=workload-edge,1.0
1783702058,replicas_status,deployment=workload-edge,1.0
1783702068,replicas_status,deployment=workload-edge,1.0
1783702078,replicas_status,deployment=workload-edge,1.0
1783702088,replicas_status,deployment=workload-edge,1.0
1783702098,replicas_status,deployment=workload-edge,1.0
1783702108,replicas_status,deployment=workload-edge,1.0
1783702118,replicas_status,deployment=workload-edge,1.0
1783702128,replicas_status,deployment=workload-edge,1.0
1783702138,replicas_status,deployment=workload-edge,1.0
1783702148,replicas_status,deployment=workload-edge,1.0
1783702158,replicas_status,deployment=workload-edge,1.0
1783702168,replicas_status,deployment=workload-edge,1.0
1783702178,replicas_status,deployment=workload-edge,1.0
1783702188,replicas_status,deployment=workload-edge,1.0
1783702198,replicas_status,deployment=workload-edge,1.0
1783702208,replicas_status,deployment=workload-edge,1.0
1783702218,replicas_status,deployment=workload-edge,1.0
1783702228,replicas_status,deployment=workload-edge,1.0
1783702238,replicas_status,deployment=workload-edge,1.0
1783702248,replicas_status,deployment=workload-edge,1.0
1783702258,replicas_status,deployment=workload-edge,1.0
1783702268,replicas_status,deployment=workload-edge,1.0
1783702278,replicas_status,deployment=workload-edge,1.0
1783702288,replicas_status,deployment=workload-edge,1.0
1783702298,replicas_status,deployment=workload-edge,1.0
1783702308,replicas_status,deployment=workload-edge,1.0
1783702318,replicas_status,deployment=workload-edge,1.0
1783702328,replicas_status,deployment=workload-edge,1.0
1783702338,replicas_status,deployment=workload-edge,1.0
1783702348,replicas_status,deployment=workload-edge,1.0
1783702358,replicas_status,deployment=workload-edge,1.0
1783702368,replicas_status,deployment=workload-edge,1.0
1783702378,replicas_status,deployment=workload-edge,1.0
1783702388,replicas_status,deployment=workload-edge,1.0
1783702398,replicas_status,deployment=workload-edge,1.0
1783702408,replicas_status,deployment=workload-edge,1.0
1783702418,replicas_status,deployment=workload-edge,1.0
1783702428,replicas_status,deployment=workload-edge,1.0
1783702438,replicas_status,deployment=workload-edge,1.0
1783702448,replicas_status,deployment=workload-edge,1.0
1783702458,replicas_status,deployment=workload-edge,1.0
1783702468,replicas_status,deployment=workload-edge,1.0
1783702478,replicas_status,deployment=workload-edge,1.0
1783702488,replicas_status,deployment=workload-edge,1.0
1783702498,replicas_status,deployment=workload-edge,1.0
1783701858,replicas_spec,deployment=workload-cloud,1.0
1783701868,replicas_spec,deployment=workload-cloud,1.0
1783701878,replicas_spec,deployment=workload-cloud,1.0
1783701888,replicas_spec,deployment=workload-cloud,1.0
1783701898,replicas_spec,deployment=workload-cloud,1.0
1783701908,replicas_spec,deployment=workload-cloud,1.0
1783701918,replicas_spec,deployment=workload-cloud,1.0
1783701928,replicas_spec,deployment=workload-cloud,1.0
1783701938,replicas_spec,deployment=workload-cloud,2.0
1783701948,replicas_spec,deployment=workload-cloud,2.0
1783701958,replicas_spec,deployment=workload-cloud,2.0
1783701968,replicas_spec,deployment=workload-cloud,3.0
1783701978,replicas_spec,deployment=workload-cloud,3.0
1783701988,replicas_spec,deployment=workload-cloud,3.0
1783701998,replicas_spec,deployment=workload-cloud,4.0
1783702008,replicas_spec,deployment=workload-cloud,4.0
1783702018,replicas_spec,deployment=workload-cloud,4.0
1783702028,replicas_spec,deployment=workload-cloud,5.0
1783702038,replicas_spec,deployment=workload-cloud,5.0
1783702048,replicas_spec,deployment=workload-cloud,5.0
1783702058,replicas_spec,deployment=workload-cloud,5.0
1783702068,replicas_spec,deployment=workload-cloud,5.0
1783702078,replicas_spec,deployment=workload-cloud,6.0
1783702088,replicas_spec,deployment=workload-cloud,6.0
1783702098,replicas_spec,deployment=workload-cloud,6.0
1783702108,replicas_spec,deployment=workload-cloud,6.0
1783702118,replicas_spec,deployment=workload-cloud,6.0
1783702128,replicas_spec,deployment=workload-cloud,6.0
1783702138,replicas_spec,deployment=workload-cloud,6.0
1783702148,replicas_spec,deployment=workload-cloud,6.0
1783702158,replicas_spec,deployment=workload-cloud,6.0
1783702168,replicas_spec,deployment=workload-cloud,6.0
1783702178,replicas_spec,deployment=workload-cloud,6.0
1783702188,replicas_spec,deployment=workload-cloud,6.0
1783702198,replicas_spec,deployment=workload-cloud,6.0
1783702208,replicas_spec,deployment=workload-cloud,6.0
1783702218,replicas_spec,deployment=workload-cloud,6.0
1783702228,replicas_spec,deployment=workload-cloud,6.0
1783702238,replicas_spec,deployment=workload-cloud,6.0
1783702248,replicas_spec,deployment=workload-cloud,6.0
1783702258,replicas_spec,deployment=workload-cloud,6.0
1783702268,replicas_spec,deployment=workload-cloud,6.0
1783702278,replicas_spec,deployment=workload-cloud,6.0
1783702288,replicas_spec,deployment=workload-cloud,6.0
1783702298,replicas_spec,deployment=workload-cloud,6.0
1783702308,replicas_spec,deployment=workload-cloud,6.0
1783702318,replicas_spec,deployment=workload-cloud,6.0
1783702328,replicas_spec,deployment=workload-cloud,6.0
1783702338,replicas_spec,deployment=workload-cloud,6.0
1783702348,replicas_spec,deployment=workload-cloud,6.0
1783702358,replicas_spec,deployment=workload-cloud,6.0
1783702368,replicas_spec,deployment=workload-cloud,6.0
1783702378,replicas_spec,deployment=workload-cloud,6.0
1783702388,replicas_spec,deployment=workload-cloud,6.0
1783702398,replicas_spec,deployment=workload-cloud,6.0
1783702408,replicas_spec,deployment=workload-cloud,6.0
1783702418,replicas_spec,deployment=workload-cloud,6.0
1783702428,replicas_spec,deployment=workload-cloud,6.0
1783702438,replicas_spec,deployment=workload-cloud,6.0
1783702448,replicas_spec,deployment=workload-cloud,6.0
1783702458,replicas_spec,deployment=workload-cloud,6.0
1783702468,replicas_spec,deployment=workload-cloud,6.0
1783702478,replicas_spec,deployment=workload-cloud,6.0
1783702488,replicas_spec,deployment=workload-cloud,6.0
1783702498,replicas_spec,deployment=workload-cloud,6.0
1783701858,replicas_spec,deployment=workload-edge,1.0
1783701868,replicas_spec,deployment=workload-edge,1.0
1783701878,replicas_spec,deployment=workload-edge,1.0
1783701888,replicas_spec,deployment=workload-edge,1.0
1783701898,replicas_spec,deployment=workload-edge,1.0
1783701908,replicas_spec,deployment=workload-edge,1.0
1783701918,replicas_spec,deployment=workload-edge,1.0
1783701928,replicas_spec,deployment=workload-edge,1.0
1783701938,replicas_spec,deployment=workload-edge,1.0
1783701948,replicas_spec,deployment=workload-edge,1.0
1783701958,replicas_spec,deployment=workload-edge,1.0
1783701968,replicas_spec,deployment=workload-edge,1.0
1783701978,replicas_spec,deployment=workload-edge,1.0
1783701988,replicas_spec,deployment=workload-edge,1.0
1783701998,replicas_spec,deployment=workload-edge,1.0
1783702008,replicas_spec,deployment=workload-edge,1.0
1783702018,replicas_spec,deployment=workload-edge,1.0
1783702028,replicas_spec,deployment=workload-edge,1.0
1783702038,replicas_spec,deployment=workload-edge,1.0
1783702048,replicas_spec,deployment=workload-edge,1.0
1783702058,replicas_spec,deployment=workload-edge,1.0
1783702068,replicas_spec,deployment=workload-edge,1.0
1783702078,replicas_spec,deployment=workload-edge,1.0
1783702088,replicas_spec,deployment=workload-edge,1.0
1783702098,replicas_spec,deployment=workload-edge,1.0
1783702108,replicas_spec,deployment=workload-edge,1.0
1783702118,replicas_spec,deployment=workload-edge,1.0
1783702128,replicas_spec,deployment=workload-edge,1.0
1783702138,replicas_spec,deployment=workload-edge,1.0
1783702148,replicas_spec,deployment=workload-edge,1.0
1783702158,replicas_spec,deployment=workload-edge,1.0
1783702168,replicas_spec,deployment=workload-edge,1.0
1783702178,replicas_spec,deployment=workload-edge,1.0
1783702188,replicas_spec,deployment=workload-edge,1.0
1783702198,replicas_spec,deployment=workload-edge,1.0
1783702208,replicas_spec,deployment=workload-edge,1.0
1783702218,replicas_spec,deployment=workload-edge,1.0
1783702228,replicas_spec,deployment=workload-edge,1.0
1783702238,replicas_spec,deployment=workload-edge,1.0
1783702248,replicas_spec,deployment=workload-edge,1.0
1783702258,replicas_spec,deployment=workload-edge,1.0
1783702268,replicas_spec,deployment=workload-edge,1.0
1783702278,replicas_spec,deployment=workload-edge,1.0
1783702288,replicas_spec,deployment=workload-edge,1.0
1783702298,replicas_spec,deployment=workload-edge,1.0
1783702308,replicas_spec,deployment=workload-edge,1.0
1783702318,replicas_spec,deployment=workload-edge,1.0
1783702328,replicas_spec,deployment=workload-edge,1.0
1783702338,replicas_spec,deployment=workload-edge,1.0
1783702348,replicas_spec,deployment=workload-edge,1.0
1783702358,replicas_spec,deployment=workload-edge,1.0
1783702368,replicas_spec,deployment=workload-edge,1.0
1783702378,replicas_spec,deployment=workload-edge,1.0
1783702388,replicas_spec,deployment=workload-edge,1.0
1783702398,replicas_spec,deployment=workload-edge,1.0
1783702408,replicas_spec,deployment=workload-edge,1.0
1783702418,replicas_spec,deployment=workload-edge,1.0
1783702428,replicas_spec,deployment=workload-edge,1.0
1783702438,replicas_spec,deployment=workload-edge,1.0
1783702448,replicas_spec,deployment=workload-edge,1.0
1783702458,replicas_spec,deployment=workload-edge,1.0
1783702468,replicas_spec,deployment=workload-edge,1.0
1783702478,replicas_spec,deployment=workload-edge,1.0
1783702488,replicas_spec,deployment=workload-edge,1.0
1783702498,replicas_spec,deployment=workload-edge,1.0
1783702038,cpu_cores,pod=workload-cloud-6f545f89ff-6wmx8,0.023467052511990407
1783702048,cpu_cores,pod=workload-cloud-6f545f89ff-6wmx8,0.036677106500730236
1783702058,cpu_cores,pod=workload-cloud-6f545f89ff-6wmx8,0.039535016666666666
1783702068,cpu_cores,pod=workload-cloud-6f545f89ff-6wmx8,0.12630175624717319
1783702078,cpu_cores,pod=workload-cloud-6f545f89ff-6wmx8,0.22089005263436148
1783702088,cpu_cores,pod=workload-cloud-6f545f89ff-6wmx8,0.22239984444444447
1783702098,cpu_cores,pod=workload-cloud-6f545f89ff-6wmx8,0.41558415745644606
1783702108,cpu_cores,pod=workload-cloud-6f545f89ff-6wmx8,0.49719022289170806
1783702118,cpu_cores,pod=workload-cloud-6f545f89ff-6wmx8,0.5089998082922323
1783702128,cpu_cores,pod=workload-cloud-6f545f89ff-6wmx8,0.5265347369360127
1783702138,cpu_cores,pod=workload-cloud-6f545f89ff-6wmx8,0.5291531146198298
1783702148,cpu_cores,pod=workload-cloud-6f545f89ff-6wmx8,0.5291531146198298
1783702158,cpu_cores,pod=workload-cloud-6f545f89ff-6wmx8,0.5235395187550216
1783702168,cpu_cores,pod=workload-cloud-6f545f89ff-6wmx8,0.507753049276305
1783702178,cpu_cores,pod=workload-cloud-6f545f89ff-6wmx8,0.4963752245337862
1783702188,cpu_cores,pod=workload-cloud-6f545f89ff-6wmx8,0.5080833807044273
1783702198,cpu_cores,pod=workload-cloud-6f545f89ff-6wmx8,0.5470705447304794
1783702208,cpu_cores,pod=workload-cloud-6f545f89ff-6wmx8,0.524704368716078
1783702218,cpu_cores,pod=workload-cloud-6f545f89ff-6wmx8,0.5295468243963928
1783702228,cpu_cores,pod=workload-cloud-6f545f89ff-6wmx8,0.5276690485538541
1783702238,cpu_cores,pod=workload-cloud-6f545f89ff-6wmx8,0.40348466487133444
1783702248,cpu_cores,pod=workload-cloud-6f545f89ff-6wmx8,0.26426071101337745
1783702258,cpu_cores,pod=workload-cloud-6f545f89ff-6wmx8,0.16516390611507978
1783702268,cpu_cores,pod=workload-cloud-6f545f89ff-6wmx8,0.05920411898133849
1783702278,cpu_cores,pod=workload-cloud-6f545f89ff-6wmx8,0.036121205663683265
1783702288,cpu_cores,pod=workload-cloud-6f545f89ff-6wmx8,0.03945477047276326
1783702298,cpu_cores,pod=workload-cloud-6f545f89ff-6wmx8,0.0418986188430641
1783702308,cpu_cores,pod=workload-cloud-6f545f89ff-6wmx8,0.042696035454501395
1783702318,cpu_cores,pod=workload-cloud-6f545f89ff-6wmx8,0.03645177556293735
1783702328,cpu_cores,pod=workload-cloud-6f545f89ff-6wmx8,0.04125340993473254
1783702338,cpu_cores,pod=workload-cloud-6f545f89ff-6wmx8,0.037053015379952925
1783702348,cpu_cores,pod=workload-cloud-6f545f89ff-6wmx8,0.03413096597963745
1783702358,cpu_cores,pod=workload-cloud-6f545f89ff-6wmx8,0.0280741028022915
1783702368,cpu_cores,pod=workload-cloud-6f545f89ff-6wmx8,0.03509320980680169
1783702378,cpu_cores,pod=workload-cloud-6f545f89ff-6wmx8,0.03544467838470827
1783702388,cpu_cores,pod=workload-cloud-6f545f89ff-6wmx8,0.03585468905201475
1783702398,cpu_cores,pod=workload-cloud-6f545f89ff-6wmx8,0.030723795519825455
1783702408,cpu_cores,pod=workload-cloud-6f545f89ff-6wmx8,0.030557736611816162
1783702418,cpu_cores,pod=workload-cloud-6f545f89ff-6wmx8,0.03062678207739307
1783702428,cpu_cores,pod=workload-cloud-6f545f89ff-6wmx8,0.022029688411716555
1783702438,cpu_cores,pod=workload-cloud-6f545f89ff-6wmx8,0.017657974294149715
1783702448,cpu_cores,pod=workload-cloud-6f545f89ff-6wmx8,0.012185148723718273
1783702458,cpu_cores,pod=workload-cloud-6f545f89ff-6wmx8,0.004121320858557858
1783702468,cpu_cores,pod=workload-cloud-6f545f89ff-6wmx8,0.003979991819483295
1783702478,cpu_cores,pod=workload-cloud-6f545f89ff-6wmx8,0.0038851169844021636
1783702488,cpu_cores,pod=workload-cloud-6f545f89ff-6wmx8,0.0039187896388990775
1783702498,cpu_cores,pod=workload-cloud-6f545f89ff-6wmx8,0.002635525000000172
1783702008,cpu_cores,pod=workload-cloud-6f545f89ff-hmwbm,0.012178044110576922
1783702018,cpu_cores,pod=workload-cloud-6f545f89ff-hmwbm,0.011785470067368591
1783702028,cpu_cores,pod=workload-cloud-6f545f89ff-hmwbm,0.016158599277905524
1783702038,cpu_cores,pod=workload-cloud-6f545f89ff-hmwbm,0.01382050441412923
1783702048,cpu_cores,pod=workload-cloud-6f545f89ff-hmwbm,0.014249344444444444
1783702058,cpu_cores,pod=workload-cloud-6f545f89ff-hmwbm,0.059609339781604924
1783702068,cpu_cores,pod=workload-cloud-6f545f89ff-hmwbm,0.14991120955466417
1783702078,cpu_cores,pod=workload-cloud-6f545f89ff-hmwbm,0.23140332003112057
1783702088,cpu_cores,pod=workload-cloud-6f545f89ff-hmwbm,0.2799279857448107
1783702098,cpu_cores,pod=workload-cloud-6f545f89ff-hmwbm,0.37503022868008024
1783702108,cpu_cores,pod=workload-cloud-6f545f89ff-hmwbm,0.44539774162395057
1783702118,cpu_cores,pod=workload-cloud-6f545f89ff-hmwbm,0.46762771855010654
1783702128,cpu_cores,pod=workload-cloud-6f545f89ff-hmwbm,0.4837818140183608
1783702138,cpu_cores,pod=workload-cloud-6f545f89ff-hmwbm,0.4884727902946275
1783702148,cpu_cores,pod=workload-cloud-6f545f89ff-hmwbm,0.4709486965240641
1783702158,cpu_cores,pod=workload-cloud-6f545f89ff-hmwbm,0.46879883359253494
1783702168,cpu_cores,pod=workload-cloud-6f545f89ff-hmwbm,0.446808640130417
1783702178,cpu_cores,pod=workload-cloud-6f545f89ff-hmwbm,0.446808640130417
1783702188,cpu_cores,pod=workload-cloud-6f545f89ff-hmwbm,0.4577160042964554
1783702198,cpu_cores,pod=workload-cloud-6f545f89ff-hmwbm,0.4656166352675209
1783702208,cpu_cores,pod=workload-cloud-6f545f89ff-hmwbm,0.47091391399847937
1783702218,cpu_cores,pod=workload-cloud-6f545f89ff-hmwbm,0.4901851372625133
1783702228,cpu_cores,pod=workload-cloud-6f545f89ff-hmwbm,0.4056671130274659
1783702238,cpu_cores,pod=workload-cloud-6f545f89ff-hmwbm,0.39545971502309746
1783702248,cpu_cores,pod=workload-cloud-6f545f89ff-hmwbm,0.21607252957585868
1783702258,cpu_cores,pod=workload-cloud-6f545f89ff-hmwbm,0.12035729784842217
1783702268,cpu_cores,pod=workload-cloud-6f545f89ff-hmwbm,0.08462849024643448
1783702278,cpu_cores,pod=workload-cloud-6f545f89ff-hmwbm,0.002462698029578231
1783702288,cpu_cores,pod=workload-cloud-6f545f89ff-hmwbm,0.002462698029578231
1783702298,cpu_cores,pod=workload-cloud-6f545f89ff-hmwbm,0.0026558236909638515
1783702308,cpu_cores,pod=workload-cloud-6f545f89ff-hmwbm,0.0018851500000000244
1783702318,cpu_cores,pod=workload-cloud-6f545f89ff-hmwbm,0.002620159909861212
1783702328,cpu_cores,pod=workload-cloud-6f545f89ff-hmwbm,0.0026177603712138927
1783702338,cpu_cores,pod=workload-cloud-6f545f89ff-hmwbm,0.002344384692946853
1783702348,cpu_cores,pod=workload-cloud-6f545f89ff-hmwbm,0.002344384692946853
1783702358,cpu_cores,pod=workload-cloud-6f545f89ff-hmwbm,0.0022840264319238736
1783702368,cpu_cores,pod=workload-cloud-6f545f89ff-hmwbm,0.0022840264319238736
1783702378,cpu_cores,pod=workload-cloud-6f545f89ff-hmwbm,0.0023643571113164895
1783702388,cpu_cores,pod=workload-cloud-6f545f89ff-hmwbm,0.0024163485410715413
1783702398,cpu_cores,pod=workload-cloud-6f545f89ff-hmwbm,0.0024389832849841136
1783702408,cpu_cores,pod=workload-cloud-6f545f89ff-hmwbm,0.002413113507673176
1783702418,cpu_cores,pod=workload-cloud-6f545f89ff-hmwbm,0.002362443100330427
1783702428,cpu_cores,pod=workload-cloud-6f545f89ff-hmwbm,0.003412828540825447
1783702438,cpu_cores,pod=workload-cloud-6f545f89ff-hmwbm,0.0040427373068430555
1783702448,cpu_cores,pod=workload-cloud-6f545f89ff-hmwbm,0.0040427373068430555
1783702458,cpu_cores,pod=workload-cloud-6f545f89ff-hmwbm,0.004417333070710952
1783702468,cpu_cores,pod=workload-cloud-6f545f89ff-hmwbm,0.003917512246326083
1783702478,cpu_cores,pod=workload-cloud-6f545f89ff-hmwbm,0.00395310483870988
1783702488,cpu_cores,pod=workload-cloud-6f545f89ff-hmwbm,0.003951338791768133
1783702498,cpu_cores,pod=workload-cloud-6f545f89ff-hmwbm,0.003335380909602701
1783701958,cpu_cores,pod=workload-cloud-6f545f89ff-k6gxs,0.020491006391973748
1783701968,cpu_cores,pod=workload-cloud-6f545f89ff-k6gxs,0.02637417845325537
1783701978,cpu_cores,pod=workload-cloud-6f545f89ff-k6gxs,0.0322759711438559
1783701988,cpu_cores,pod=workload-cloud-6f545f89ff-k6gxs,0.03920796366703889
1783701998,cpu_cores,pod=workload-cloud-6f545f89ff-k6gxs,0.044039426686383804
1783702008,cpu_cores,pod=workload-cloud-6f545f89ff-k6gxs,0.051735759358380214
1783702018,cpu_cores,pod=workload-cloud-6f545f89ff-k6gxs,0.055047300071306635
1783702028,cpu_cores,pod=workload-cloud-6f545f89ff-k6gxs,0.07322757611964897
1783702038,cpu_cores,pod=workload-cloud-6f545f89ff-k6gxs,0.07940290620941862
1783702048,cpu_cores,pod=workload-cloud-6f545f89ff-k6gxs,0.07905874358534219
1783702058,cpu_cores,pod=workload-cloud-6f545f89ff-k6gxs,0.12049044150110375
1783702068,cpu_cores,pod=workload-cloud-6f545f89ff-k6gxs,0.20472140925168184
1783702078,cpu_cores,pod=workload-cloud-6f545f89ff-k6gxs,0.20472140925168184
1783702088,cpu_cores,pod=workload-cloud-6f545f89ff-k6gxs,0.32185979594623587
1783702098,cpu_cores,pod=workload-cloud-6f545f89ff-k6gxs,0.44341933487657864
1783702108,cpu_cores,pod=workload-cloud-6f545f89ff-k6gxs,0.4621436383183807
1783702118,cpu_cores,pod=workload-cloud-6f545f89ff-k6gxs,0.4935901675702316
1783702128,cpu_cores,pod=workload-cloud-6f545f89ff-k6gxs,0.4122363448946958
1783702138,cpu_cores,pod=workload-cloud-6f545f89ff-k6gxs,0.4981805546807751
1783702148,cpu_cores,pod=workload-cloud-6f545f89ff-k6gxs,0.4964771788313988
1783702158,cpu_cores,pod=workload-cloud-6f545f89ff-k6gxs,0.4850551427936711
1783702168,cpu_cores,pod=workload-cloud-6f545f89ff-k6gxs,0.4789516118695123
1783702178,cpu_cores,pod=workload-cloud-6f545f89ff-k6gxs,0.4789516118695123
1783702188,cpu_cores,pod=workload-cloud-6f545f89ff-k6gxs,0.4828374012223131
1783702198,cpu_cores,pod=workload-cloud-6f545f89ff-k6gxs,0.4862226674773382
1783702208,cpu_cores,pod=workload-cloud-6f545f89ff-k6gxs,0.5022046843177189
1783702218,cpu_cores,pod=workload-cloud-6f545f89ff-k6gxs,0.4173655729803122
1783702228,cpu_cores,pod=workload-cloud-6f545f89ff-k6gxs,0.4879971048224576
1783702238,cpu_cores,pod=workload-cloud-6f545f89ff-k6gxs,0.3677182584694494
1783702248,cpu_cores,pod=workload-cloud-6f545f89ff-k6gxs,0.30870861198307625
1783702258,cpu_cores,pod=workload-cloud-6f545f89ff-k6gxs,0.2561606043763768
1783702268,cpu_cores,pod=workload-cloud-6f545f89ff-k6gxs,0.11057601467553316
1783702278,cpu_cores,pod=workload-cloud-6f545f89ff-k6gxs,0.11057601467553316
1783702288,cpu_cores,pod=workload-cloud-6f545f89ff-k6gxs,0.10313257828114597
1783702298,cpu_cores,pod=workload-cloud-6f545f89ff-k6gxs,0.11400502150412643
1783702308,cpu_cores,pod=workload-cloud-6f545f89ff-k6gxs,0.10999633918948959
1783702318,cpu_cores,pod=workload-cloud-6f545f89ff-k6gxs,0.11248247705596526
1783702328,cpu_cores,pod=workload-cloud-6f545f89ff-k6gxs,0.10625785678107141
1783702338,cpu_cores,pod=workload-cloud-6f545f89ff-k6gxs,0.10112155331683347
1783702348,cpu_cores,pod=workload-cloud-6f545f89ff-k6gxs,0.0922033166077897
1783702358,cpu_cores,pod=workload-cloud-6f545f89ff-k6gxs,0.08997946968587173
1783702368,cpu_cores,pod=workload-cloud-6f545f89ff-k6gxs,0.09004231157227287
1783702378,cpu_cores,pod=workload-cloud-6f545f89ff-k6gxs,0.09438212389707913
1783702388,cpu_cores,pod=workload-cloud-6f545f89ff-k6gxs,0.09560379868601476
1783702398,cpu_cores,pod=workload-cloud-6f545f89ff-k6gxs,0.08133394032132528
1783702408,cpu_cores,pod=workload-cloud-6f545f89ff-k6gxs,0.10114980330448457
1783702418,cpu_cores,pod=workload-cloud-6f545f89ff-k6gxs,0.0703129333333335
1783702428,cpu_cores,pod=workload-cloud-6f545f89ff-k6gxs,0.09770262032932232
1783702438,cpu_cores,pod=workload-cloud-6f545f89ff-k6gxs,0.07632452507598793
1783702448,cpu_cores,pod=workload-cloud-6f545f89ff-k6gxs,0.07203146008900664
1783702458,cpu_cores,pod=workload-cloud-6f545f89ff-k6gxs,0.04094200534933792
1783702468,cpu_cores,pod=workload-cloud-6f545f89ff-k6gxs,0.002754100000000292
1783702478,cpu_cores,pod=workload-cloud-6f545f89ff-k6gxs,0.004001569311246826
1783702488,cpu_cores,pod=workload-cloud-6f545f89ff-k6gxs,0.0042702258371550995
1783702498,cpu_cores,pod=workload-cloud-6f545f89ff-k6gxs,0.003938100908529554
1783702088,cpu_cores,pod=workload-cloud-6f545f89ff-lzxtk,0.01774841676054389
1783702098,cpu_cores,pod=workload-cloud-6f545f89ff-lzxtk,0.02579180780366813
1783702108,cpu_cores,pod=workload-cloud-6f545f89ff-lzxtk,0.019287304581466925
1783702118,cpu_cores,pod=workload-cloud-6f545f89ff-lzxtk,0.02365670661902876
1783702128,cpu_cores,pod=workload-cloud-6f545f89ff-lzxtk,0.017741339402073484
1783702138,cpu_cores,pod=workload-cloud-6f545f89ff-lzxtk,0.0027474517167381963
1783702148,cpu_cores,pod=workload-cloud-6f545f89ff-lzxtk,0.0026768025164868496
1783702158,cpu_cores,pod=workload-cloud-6f545f89ff-lzxtk,0.0027335248830441658
1783702168,cpu_cores,pod=workload-cloud-6f545f89ff-lzxtk,0.002707507002801118
1783702178,cpu_cores,pod=workload-cloud-6f545f89ff-lzxtk,0.002667425610426315
1783702188,cpu_cores,pod=workload-cloud-6f545f89ff-lzxtk,0.0026486209974096076
1783702198,cpu_cores,pod=workload-cloud-6f545f89ff-lzxtk,0.002578148906606821
1783702208,cpu_cores,pod=workload-cloud-6f545f89ff-lzxtk,0.0031224427120245713
1783702218,cpu_cores,pod=workload-cloud-6f545f89ff-lzxtk,0.003933156195788229
1783702228,cpu_cores,pod=workload-cloud-6f545f89ff-lzxtk,0.003893153247126955
1783702238,cpu_cores,pod=workload-cloud-6f545f89ff-lzxtk,0.004316117770278136
1783702248,cpu_cores,pod=workload-cloud-6f545f89ff-lzxtk,0.0038332493702770767
1783702258,cpu_cores,pod=workload-cloud-6f545f89ff-lzxtk,0.0020304249999999967
1783702268,cpu_cores,pod=workload-cloud-6f545f89ff-lzxtk,0.0028592763189135245
1783702278,cpu_cores,pod=workload-cloud-6f545f89ff-lzxtk,0.0025407724345114825
1783702288,cpu_cores,pod=workload-cloud-6f545f89ff-lzxtk,0.002501849046515774
1783702298,cpu_cores,pod=workload-cloud-6f545f89ff-lzxtk,0.002501849046515774
1783702308,cpu_cores,pod=workload-cloud-6f545f89ff-lzxtk,0.0026323669146446067
1783702318,cpu_cores,pod=workload-cloud-6f545f89ff-lzxtk,0.0022269604733983813
1783702328,cpu_cores,pod=workload-cloud-6f545f89ff-lzxtk,0.0025321217420268107
1783702338,cpu_cores,pod=workload-cloud-6f545f89ff-lzxtk,0.0023679311096577275
1783702348,cpu_cores,pod=workload-cloud-6f545f89ff-lzxtk,0.002186278496758602
1783702358,cpu_cores,pod=workload-cloud-6f545f89ff-lzxtk,0.002186278496758602
1783702368,cpu_cores,pod=workload-cloud-6f545f89ff-lzxtk,0.002303873838197954
1783702378,cpu_cores,pod=workload-cloud-6f545f89ff-lzxtk,0.0022979003306157065
1783702388,cpu_cores,pod=workload-cloud-6f545f89ff-lzxtk,0.002309496110768949
1783702398,cpu_cores,pod=workload-cloud-6f545f89ff-lzxtk,0.002366001091107475
1783702408,cpu_cores,pod=workload-cloud-6f545f89ff-lzxtk,0.0025119876083150045
1783702418,cpu_cores,pod=workload-cloud-6f545f89ff-lzxtk,0.0025119876083150045
1783702428,cpu_cores,pod=workload-cloud-6f545f89ff-lzxtk,0.003534454547337461
1783702438,cpu_cores,pod=workload-cloud-6f545f89ff-lzxtk,0.0038220187676465704
1783702448,cpu_cores,pod=workload-cloud-6f545f89ff-lzxtk,0.0038220187676465704
1783702458,cpu_cores,pod=workload-cloud-6f545f89ff-lzxtk,0.004317499468424406
1783702468,cpu_cores,pod=workload-cloud-6f545f89ff-lzxtk,0.0031534369309533677
1783702478,cpu_cores,pod=workload-cloud-6f545f89ff-lzxtk,0.0032371386467413854
1783702488,cpu_cores,pod=workload-cloud-6f545f89ff-lzxtk,0.003878174314153922
1783702498,cpu_cores,pod=workload-cloud-6f545f89ff-lzxtk,0.003407537655897214
1783701858,cpu_cores,pod=workload-cloud-6f545f89ff-r28zz,0.0029234012831224074
1783701868,cpu_cores,pod=workload-cloud-6f545f89ff-r28zz,0.0063050263441013195
1783701878,cpu_cores,pod=workload-cloud-6f545f89ff-r28zz,0.0072612778450991825
1783701888,cpu_cores,pod=workload-cloud-6f545f89ff-r28zz,0.032016233512836265
1783701898,cpu_cores,pod=workload-cloud-6f545f89ff-r28zz,0.045336220360634005
1783701908,cpu_cores,pod=workload-cloud-6f545f89ff-r28zz,0.06882200827498482
1783701918,cpu_cores,pod=workload-cloud-6f545f89ff-r28zz,0.11102349070639436
1783701928,cpu_cores,pod=workload-cloud-6f545f89ff-r28zz,0.12485289110343106
1783701938,cpu_cores,pod=workload-cloud-6f545f89ff-r28zz,0.16029735908553297
1783701948,cpu_cores,pod=workload-cloud-6f545f89ff-r28zz,0.17571905389119843
1783701958,cpu_cores,pod=workload-cloud-6f545f89ff-r28zz,0.19358430697823026
1783701968,cpu_cores,pod=workload-cloud-6f545f89ff-r28zz,0.16652379576163676
1783701978,cpu_cores,pod=workload-cloud-6f545f89ff-r28zz,0.2560692622857012
1783701988,cpu_cores,pod=workload-cloud-6f545f89ff-r28zz,0.2776588875042525
1783701998,cpu_cores,pod=workload-cloud-6f545f89ff-r28zz,0.2992963146546337
1783702008,cpu_cores,pod=workload-cloud-6f545f89ff-r28zz,0.3035145155987069
1783702018,cpu_cores,pod=workload-cloud-6f545f89ff-r28zz,0.30755942308534606
1783702028,cpu_cores,pod=workload-cloud-6f545f89ff-r28zz,0.2672678571635695
1783702038,cpu_cores,pod=workload-cloud-6f545f89ff-r28zz,0.3198360534124665
1783702048,cpu_cores,pod=workload-cloud-6f545f89ff-r28zz,0.3279176764880799
1783702058,cpu_cores,pod=workload-cloud-6f545f89ff-r28zz,0.36445670216934506
1783702068,cpu_cores,pod=workload-cloud-6f545f89ff-r28zz,0.38105909649876424
1783702078,cpu_cores,pod=workload-cloud-6f545f89ff-r28zz,0.45655503651420976
1783702088,cpu_cores,pod=workload-cloud-6f545f89ff-r28zz,0.45655503651420976
1783702098,cpu_cores,pod=workload-cloud-6f545f89ff-r28zz,0.5101227854762338
1783702108,cpu_cores,pod=workload-cloud-6f545f89ff-r28zz,0.548467464277319
1783702118,cpu_cores,pod=workload-cloud-6f545f89ff-r28zz,0.5683271485198708
1783702128,cpu_cores,pod=workload-cloud-6f545f89ff-r28zz,0.5683271485198708
1783702138,cpu_cores,pod=workload-cloud-6f545f89ff-r28zz,0.576060994628314
1783702148,cpu_cores,pod=workload-cloud-6f545f89ff-r28zz,0.576060994628314
1783702158,cpu_cores,pod=workload-cloud-6f545f89ff-r28zz,0.5689099917423552
1783702168,cpu_cores,pod=workload-cloud-6f545f89ff-r28zz,0.5695205298795337
1783702178,cpu_cores,pod=workload-cloud-6f545f89ff-r28zz,0.5683457410618238
1783702188,cpu_cores,pod=workload-cloud-6f545f89ff-r28zz,0.5683457410618238
1783702198,cpu_cores,pod=workload-cloud-6f545f89ff-r28zz,0.5992628353191402
1783702208,cpu_cores,pod=workload-cloud-6f545f89ff-r28zz,0.5992628353191402
1783702218,cpu_cores,pod=workload-cloud-6f545f89ff-r28zz,0.6080337591995405
1783702228,cpu_cores,pod=workload-cloud-6f545f89ff-r28zz,0.6232261532447263
1783702238,cpu_cores,pod=workload-cloud-6f545f89ff-r28zz,0.5579980882630171
1783702248,cpu_cores,pod=workload-cloud-6f545f89ff-r28zz,0.505808110079849
1783702258,cpu_cores,pod=workload-cloud-6f545f89ff-r28zz,0.41730934224167615
1783702268,cpu_cores,pod=workload-cloud-6f545f89ff-r28zz,0.41730934224167615
1783702278,cpu_cores,pod=workload-cloud-6f545f89ff-r28zz,0.33504938409854
1783702288,cpu_cores,pod=workload-cloud-6f545f89ff-r28zz,0.33504938409854
1783702298,cpu_cores,pod=workload-cloud-6f545f89ff-r28zz,0.36699621962196255
1783702308,cpu_cores,pod=workload-cloud-6f545f89ff-r28zz,0.36215365821068995
1783702318,cpu_cores,pod=workload-cloud-6f545f89ff-r28zz,0.38872110856176734
1783702328,cpu_cores,pod=workload-cloud-6f545f89ff-r28zz,0.36329957582184486
1783702338,cpu_cores,pod=workload-cloud-6f545f89ff-r28zz,0.32367618472874277
1783702348,cpu_cores,pod=workload-cloud-6f545f89ff-r28zz,0.3176051978359984
1783702358,cpu_cores,pod=workload-cloud-6f545f89ff-r28zz,0.3101299525686132
1783702368,cpu_cores,pod=workload-cloud-6f545f89ff-r28zz,0.27414799451040084
1783702378,cpu_cores,pod=workload-cloud-6f545f89ff-r28zz,0.3315794518981597
1783702388,cpu_cores,pod=workload-cloud-6f545f89ff-r28zz,0.34271032834524284
1783702398,cpu_cores,pod=workload-cloud-6f545f89ff-r28zz,0.3344116552657338
1783702408,cpu_cores,pod=workload-cloud-6f545f89ff-r28zz,0.2906683321750009
1783702418,cpu_cores,pod=workload-cloud-6f545f89ff-r28zz,0.38547892573639136
1783702428,cpu_cores,pod=workload-cloud-6f545f89ff-r28zz,0.39950135454985897
1783702438,cpu_cores,pod=workload-cloud-6f545f89ff-r28zz,0.4147418978588652
1783702448,cpu_cores,pod=workload-cloud-6f545f89ff-r28zz,0.3219074963190506
1783702458,cpu_cores,pod=workload-cloud-6f545f89ff-r28zz,0.1551972738903694
1783702468,cpu_cores,pod=workload-cloud-6f545f89ff-r28zz,0.12095131363826787
1783702478,cpu_cores,pod=workload-cloud-6f545f89ff-r28zz,0.006527860458342176
1783702488,cpu_cores,pod=workload-cloud-6f545f89ff-r28zz,0.006527860458342176
1783702498,cpu_cores,pod=workload-cloud-6f545f89ff-r28zz,0.004337731785663713
1783701988,cpu_cores,pod=workload-cloud-6f545f89ff-rsp7g,0.019800122832803673
1783701998,cpu_cores,pod=workload-cloud-6f545f89ff-rsp7g,0.013547864537700342
1783702008,cpu_cores,pod=workload-cloud-6f545f89ff-rsp7g,0.01714891796576359
1783702018,cpu_cores,pod=workload-cloud-6f545f89ff-rsp7g,0.016213890203362176
1783702028,cpu_cores,pod=workload-cloud-6f545f89ff-rsp7g,0.00903331566775872
1783702038,cpu_cores,pod=workload-cloud-6f545f89ff-rsp7g,0.02736661445208744
1783702048,cpu_cores,pod=workload-cloud-6f545f89ff-rsp7g,0.039050382061881495
1783702058,cpu_cores,pod=workload-cloud-6f545f89ff-rsp7g,0.08876122566127617
1783702068,cpu_cores,pod=workload-cloud-6f545f89ff-rsp7g,0.09161526889808198
1783702078,cpu_cores,pod=workload-cloud-6f545f89ff-rsp7g,0.19124351253912283
1783702088,cpu_cores,pod=workload-cloud-6f545f89ff-rsp7g,0.30050956170963267
1783702098,cpu_cores,pod=workload-cloud-6f545f89ff-rsp7g,0.353959017346803
1783702108,cpu_cores,pod=workload-cloud-6f545f89ff-rsp7g,0.445672157461253
1783702118,cpu_cores,pod=workload-cloud-6f545f89ff-rsp7g,0.4679969601998257
1783702128,cpu_cores,pod=workload-cloud-6f545f89ff-rsp7g,0.4679969601998257
1783702138,cpu_cores,pod=workload-cloud-6f545f89ff-rsp7g,0.47304242875372177
1783702148,cpu_cores,pod=workload-cloud-6f545f89ff-rsp7g,0.47563536749101293
1783702158,cpu_cores,pod=workload-cloud-6f545f89ff-rsp7g,0.46731763167228235
1783702168,cpu_cores,pod=workload-cloud-6f545f89ff-rsp7g,0.46731763167228235
1783702178,cpu_cores,pod=workload-cloud-6f545f89ff-rsp7g,0.45908985735883795
1783702188,cpu_cores,pod=workload-cloud-6f545f89ff-rsp7g,0.45908985735883795
1783702198,cpu_cores,pod=workload-cloud-6f545f89ff-rsp7g,0.4809722486366902
1783702208,cpu_cores,pod=workload-cloud-6f545f89ff-rsp7g,0.49514566577301183
1783702218,cpu_cores,pod=workload-cloud-6f545f89ff-rsp7g,0.4828994708994707
1783702228,cpu_cores,pod=workload-cloud-6f545f89ff-rsp7g,0.4828994708994707
1783702238,cpu_cores,pod=workload-cloud-6f545f89ff-rsp7g,0.3109051127114198
1783702248,cpu_cores,pod=workload-cloud-6f545f89ff-rsp7g,0.22602841052669573
1783702258,cpu_cores,pod=workload-cloud-6f545f89ff-rsp7g,0.13442473691048476
1783702268,cpu_cores,pod=workload-cloud-6f545f89ff-rsp7g,0.11924970315839464
1783702278,cpu_cores,pod=workload-cloud-6f545f89ff-rsp7g,0.05585933410401843
1783702288,cpu_cores,pod=workload-cloud-6f545f89ff-rsp7g,0.06996682643543306
1783702298,cpu_cores,pod=workload-cloud-6f545f89ff-rsp7g,0.07737976060935796
1783702308,cpu_cores,pod=workload-cloud-6f545f89ff-rsp7g,0.07966578599735816
1783702318,cpu_cores,pod=workload-cloud-6f545f89ff-rsp7g,0.07485558989074075
1783702328,cpu_cores,pod=workload-cloud-6f545f89ff-rsp7g,0.07191172150733265
1783702338,cpu_cores,pod=workload-cloud-6f545f89ff-rsp7g,0.07191172150733265
1783702348,cpu_cores,pod=workload-cloud-6f545f89ff-rsp7g,0.06266895290352079
1783702358,cpu_cores,pod=workload-cloud-6f545f89ff-rsp7g,0.05176924071184355
1783702368,cpu_cores,pod=workload-cloud-6f545f89ff-rsp7g,0.0636441517666006
1783702378,cpu_cores,pod=workload-cloud-6f545f89ff-rsp7g,0.06496209053404073
1783702388,cpu_cores,pod=workload-cloud-6f545f89ff-rsp7g,0.05732151622099344
1783702398,cpu_cores,pod=workload-cloud-6f545f89ff-rsp7g,0.06587237548602107
1783702408,cpu_cores,pod=workload-cloud-6f545f89ff-rsp7g,0.06641169645770648
1783702418,cpu_cores,pod=workload-cloud-6f545f89ff-rsp7g,0.06549975404704414
1783702428,cpu_cores,pod=workload-cloud-6f545f89ff-rsp7g,0.04647105912699292
1783702438,cpu_cores,pod=workload-cloud-6f545f89ff-rsp7g,0.019333034857520272
1783702448,cpu_cores,pod=workload-cloud-6f545f89ff-rsp7g,0.0201538790431196
1783702458,cpu_cores,pod=workload-cloud-6f545f89ff-rsp7g,0.004080561474102039
1783702468,cpu_cores,pod=workload-cloud-6f545f89ff-rsp7g,0.003933384512518234
1783702478,cpu_cores,pod=workload-cloud-6f545f89ff-rsp7g,0.003357351276728029
1783702488,cpu_cores,pod=workload-cloud-6f545f89ff-rsp7g,0.003929288788686216
1783702498,cpu_cores,pod=workload-cloud-6f545f89ff-rsp7g,0.003893453013821882
1783701858,cpu_cores,pod=workload-edge-7b875fd8c6-pxwvc,0.0028754200003714187
1783701868,cpu_cores,pod=workload-edge-7b875fd8c6-pxwvc,0.0028871490781059326
1783701878,cpu_cores,pod=workload-edge-7b875fd8c6-pxwvc,0.002904347826083396
1783701888,cpu_cores,pod=workload-edge-7b875fd8c6-pxwvc,0.0027845169155739217
1783701898,cpu_cores,pod=workload-edge-7b875fd8c6-pxwvc,0.002681562045562312
1783701908,cpu_cores,pod=workload-edge-7b875fd8c6-pxwvc,0.0027123717535006667
1783701918,cpu_cores,pod=workload-edge-7b875fd8c6-pxwvc,0.0026871415706899897
1783701928,cpu_cores,pod=workload-edge-7b875fd8c6-pxwvc,0.0026871415706899897
1783701938,cpu_cores,pod=workload-edge-7b875fd8c6-pxwvc,0.0027294618834094258
1783701948,cpu_cores,pod=workload-edge-7b875fd8c6-pxwvc,0.0027045753634257303
1783701958,cpu_cores,pod=workload-edge-7b875fd8c6-pxwvc,0.002840297194249216
1783701968,cpu_cores,pod=workload-edge-7b875fd8c6-pxwvc,0.0028808223926560955
1783701978,cpu_cores,pod=workload-edge-7b875fd8c6-pxwvc,0.0028996651785716055
1783701988,cpu_cores,pod=workload-edge-7b875fd8c6-pxwvc,0.0028996651785716055
1783701998,cpu_cores,pod=workload-edge-7b875fd8c6-pxwvc,0.002778040887205492
1783702008,cpu_cores,pod=workload-edge-7b875fd8c6-pxwvc,0.002803587249354578
1783702018,cpu_cores,pod=workload-edge-7b875fd8c6-pxwvc,0.0027922013374279734
1783702028,cpu_cores,pod=workload-edge-7b875fd8c6-pxwvc,0.0029036924485861264
1783702038,cpu_cores,pod=workload-edge-7b875fd8c6-pxwvc,0.002940303021968275
1783702048,cpu_cores,pod=workload-edge-7b875fd8c6-pxwvc,0.0029007171375039207
1783702058,cpu_cores,pod=workload-edge-7b875fd8c6-pxwvc,0.0029882357738475022
1783702068,cpu_cores,pod=workload-edge-7b875fd8c6-pxwvc,0.0025160293734715618
1783702078,cpu_cores,pod=workload-edge-7b875fd8c6-pxwvc,0.0029753777023794354
1783702088,cpu_cores,pod=workload-edge-7b875fd8c6-pxwvc,0.003170858889152298
1783702098,cpu_cores,pod=workload-edge-7b875fd8c6-pxwvc,0.003170858889152298
1783702108,cpu_cores,pod=workload-edge-7b875fd8c6-pxwvc,0.0031022942154810334
1783702118,cpu_cores,pod=workload-edge-7b875fd8c6-pxwvc,0.003231947437359071
1783702128,cpu_cores,pod=workload-edge-7b875fd8c6-pxwvc,0.003231947437359071
1783702138,cpu_cores,pod=workload-edge-7b875fd8c6-pxwvc,0.0032014059672420413
1783702148,cpu_cores,pod=workload-edge-7b875fd8c6-pxwvc,0.0032724268809975047
1783702158,cpu_cores,pod=workload-edge-7b875fd8c6-pxwvc,0.0032724268809975047
1783702168,cpu_cores,pod=workload-edge-7b875fd8c6-pxwvc,0.0031943773243957706
1783702178,cpu_cores,pod=workload-edge-7b875fd8c6-pxwvc,0.003172712860201324
1783702188,cpu_cores,pod=workload-edge-7b875fd8c6-pxwvc,0.003120210194428308
1783702198,cpu_cores,pod=workload-edge-7b875fd8c6-pxwvc,0.0034229560717157956
1783702208,cpu_cores,pod=workload-edge-7b875fd8c6-pxwvc,0.0038258668160011957
1783702218,cpu_cores,pod=workload-edge-7b875fd8c6-pxwvc,0.0038258668160011957
1783702228,cpu_cores,pod=workload-edge-7b875fd8c6-pxwvc,0.004667913638305875
1783702238,cpu_cores,pod=workload-edge-7b875fd8c6-pxwvc,0.004667913638305875
1783702248,cpu_cores,pod=workload-edge-7b875fd8c6-pxwvc,0.004246817439024617
1783702258,cpu_cores,pod=workload-edge-7b875fd8c6-pxwvc,0.003880299625464598
1783702268,cpu_cores,pod=workload-edge-7b875fd8c6-pxwvc,0.0023751840624033557
1783702278,cpu_cores,pod=workload-edge-7b875fd8c6-pxwvc,0.0028807374873331764
1783702288,cpu_cores,pod=workload-edge-7b875fd8c6-pxwvc,0.003169767069981577
1783702298,cpu_cores,pod=workload-edge-7b875fd8c6-pxwvc,0.003246094225540741
1783702308,cpu_cores,pod=workload-edge-7b875fd8c6-pxwvc,0.003202189848751992
1783702318,cpu_cores,pod=workload-edge-7b875fd8c6-pxwvc,0.0033557875715250047
1783702328,cpu_cores,pod=workload-edge-7b875fd8c6-pxwvc,0.002931171687714821
1783702338,cpu_cores,pod=workload-edge-7b875fd8c6-pxwvc,0.002864479315266738
1783702348,cpu_cores,pod=workload-edge-7b875fd8c6-pxwvc,0.002671021119091442
1783702358,cpu_cores,pod=workload-edge-7b875fd8c6-pxwvc,0.0026486072728007385
1783702368,cpu_cores,pod=workload-edge-7b875fd8c6-pxwvc,0.002654145389408316
1783702378,cpu_cores,pod=workload-edge-7b875fd8c6-pxwvc,0.0027335944635721557
1783702388,cpu_cores,pod=workload-edge-7b875fd8c6-pxwvc,0.00276318649702602
1783702398,cpu_cores,pod=workload-edge-7b875fd8c6-pxwvc,0.002828439403490068
1783702408,cpu_cores,pod=workload-edge-7b875fd8c6-pxwvc,0.002927089841308559
1783702418,cpu_cores,pod=workload-edge-7b875fd8c6-pxwvc,0.002392819986220016
1783702428,cpu_cores,pod=workload-edge-7b875fd8c6-pxwvc,0.0037955094705949457
1783702438,cpu_cores,pod=workload-edge-7b875fd8c6-pxwvc,0.004312408199752522
1783702448,cpu_cores,pod=workload-edge-7b875fd8c6-pxwvc,0.004281172884303924
1783702458,cpu_cores,pod=workload-edge-7b875fd8c6-pxwvc,0.004525890475442269
1783702468,cpu_cores,pod=workload-edge-7b875fd8c6-pxwvc,0.0042238570508673304
1783702478,cpu_cores,pod=workload-edge-7b875fd8c6-pxwvc,0.004231341778280641
1783702488,cpu_cores,pod=workload-edge-7b875fd8c6-pxwvc,0.004235499372535352
1783702498,cpu_cores,pod=workload-edge-7b875fd8c6-pxwvc,0.004187940259441643
1783702038,cpu_utilisation,pod=workload-cloud-6f545f89ff-6wmx8,0.11733526255995202
1783702048,cpu_utilisation,pod=workload-cloud-6f545f89ff-6wmx8,0.18338553250365117
1783702058,cpu_utilisation,pod=workload-cloud-6f545f89ff-6wmx8,0.1976750833333333
1783702068,cpu_utilisation,pod=workload-cloud-6f545f89ff-6wmx8,0.6315087812358658
1783702078,cpu_utilisation,pod=workload-cloud-6f545f89ff-6wmx8,1.1044502631718074
1783702088,cpu_utilisation,pod=workload-cloud-6f545f89ff-6wmx8,1.1119992222222224
1783702098,cpu_utilisation,pod=workload-cloud-6f545f89ff-6wmx8,2.0779207872822303
1783702108,cpu_utilisation,pod=workload-cloud-6f545f89ff-6wmx8,2.48595111445854
1783702118,cpu_utilisation,pod=workload-cloud-6f545f89ff-6wmx8,2.5449990414611614
1783702128,cpu_utilisation,pod=workload-cloud-6f545f89ff-6wmx8,2.6326736846800634
1783702138,cpu_utilisation,pod=workload-cloud-6f545f89ff-6wmx8,2.645765573099149
1783702148,cpu_utilisation,pod=workload-cloud-6f545f89ff-6wmx8,2.645765573099149
1783702158,cpu_utilisation,pod=workload-cloud-6f545f89ff-6wmx8,2.617697593775108
1783702168,cpu_utilisation,pod=workload-cloud-6f545f89ff-6wmx8,2.538765246381525
1783702178,cpu_utilisation,pod=workload-cloud-6f545f89ff-6wmx8,2.4818761226689308
1783702188,cpu_utilisation,pod=workload-cloud-6f545f89ff-6wmx8,2.5404169035221362
1783702198,cpu_utilisation,pod=workload-cloud-6f545f89ff-6wmx8,2.735352723652397
1783702208,cpu_utilisation,pod=workload-cloud-6f545f89ff-6wmx8,2.6235218435803898
1783702218,cpu_utilisation,pod=workload-cloud-6f545f89ff-6wmx8,2.647734121981964
1783702228,cpu_utilisation,pod=workload-cloud-6f545f89ff-6wmx8,2.63834524276927
1783702238,cpu_utilisation,pod=workload-cloud-6f545f89ff-6wmx8,2.017423324356672
1783702248,cpu_utilisation,pod=workload-cloud-6f545f89ff-6wmx8,1.3213035550668872
1783702258,cpu_utilisation,pod=workload-cloud-6f545f89ff-6wmx8,0.8258195305753988
1783702268,cpu_utilisation,pod=workload-cloud-6f545f89ff-6wmx8,0.2960205949066924
1783702278,cpu_utilisation,pod=workload-cloud-6f545f89ff-6wmx8,0.18060602831841632
1783702288,cpu_utilisation,pod=workload-cloud-6f545f89ff-6wmx8,0.19727385236381628
1783702298,cpu_utilisation,pod=workload-cloud-6f545f89ff-6wmx8,0.2094930942153205
1783702308,cpu_utilisation,pod=workload-cloud-6f545f89ff-6wmx8,0.21348017727250695
1783702318,cpu_utilisation,pod=workload-cloud-6f545f89ff-6wmx8,0.18225887781468672
1783702328,cpu_utilisation,pod=workload-cloud-6f545f89ff-6wmx8,0.2062670496736627
1783702338,cpu_utilisation,pod=workload-cloud-6f545f89ff-6wmx8,0.18526507689976462
1783702348,cpu_utilisation,pod=workload-cloud-6f545f89ff-6wmx8,0.17065482989818723
1783702358,cpu_utilisation,pod=workload-cloud-6f545f89ff-6wmx8,0.1403705140114575
1783702368,cpu_utilisation,pod=workload-cloud-6f545f89ff-6wmx8,0.17546604903400842
1783702378,cpu_utilisation,pod=workload-cloud-6f545f89ff-6wmx8,0.17722339192354136
1783702388,cpu_utilisation,pod=workload-cloud-6f545f89ff-6wmx8,0.17927344526007374
1783702398,cpu_utilisation,pod=workload-cloud-6f545f89ff-6wmx8,0.15361897759912727
1783702408,cpu_utilisation,pod=workload-cloud-6f545f89ff-6wmx8,0.1527886830590808
1783702418,cpu_utilisation,pod=workload-cloud-6f545f89ff-6wmx8,0.15313391038696533
1783702428,cpu_utilisation,pod=workload-cloud-6f545f89ff-6wmx8,0.11014844205858278
1783702438,cpu_utilisation,pod=workload-cloud-6f545f89ff-6wmx8,0.08828987147074857
1783702448,cpu_utilisation,pod=workload-cloud-6f545f89ff-6wmx8,0.06092574361859136
1783702458,cpu_utilisation,pod=workload-cloud-6f545f89ff-6wmx8,0.02060660429278929
1783702468,cpu_utilisation,pod=workload-cloud-6f545f89ff-6wmx8,0.019899959097416473
1783702478,cpu_utilisation,pod=workload-cloud-6f545f89ff-6wmx8,0.019425584922010818
1783702488,cpu_utilisation,pod=workload-cloud-6f545f89ff-6wmx8,0.019593948194495385
1783702498,cpu_utilisation,pod=workload-cloud-6f545f89ff-6wmx8,0.013177625000000859
1783702008,cpu_utilisation,pod=workload-cloud-6f545f89ff-hmwbm,0.06089022055288461
1783702018,cpu_utilisation,pod=workload-cloud-6f545f89ff-hmwbm,0.05892735033684295
1783702028,cpu_utilisation,pod=workload-cloud-6f545f89ff-hmwbm,0.08079299638952761
1783702038,cpu_utilisation,pod=workload-cloud-6f545f89ff-hmwbm,0.06910252207064614
1783702048,cpu_utilisation,pod=workload-cloud-6f545f89ff-hmwbm,0.07124672222222221
1783702058,cpu_utilisation,pod=workload-cloud-6f545f89ff-hmwbm,0.2980466989080246
1783702068,cpu_utilisation,pod=workload-cloud-6f545f89ff-hmwbm,0.7495560477733207
1783702078,cpu_utilisation,pod=workload-cloud-6f545f89ff-hmwbm,1.1570166001556028
1783702088,cpu_utilisation,pod=workload-cloud-6f545f89ff-hmwbm,1.3996399287240535
1783702098,cpu_utilisation,pod=workload-cloud-6f545f89ff-hmwbm,1.8751511434004011
1783702108,cpu_utilisation,pod=workload-cloud-6f545f89ff-hmwbm,2.2269887081197526
1783702118,cpu_utilisation,pod=workload-cloud-6f545f89ff-hmwbm,2.3381385927505325
1783702128,cpu_utilisation,pod=workload-cloud-6f545f89ff-hmwbm,2.4189090700918037
1783702138,cpu_utilisation,pod=workload-cloud-6f545f89ff-hmwbm,2.4423639514731375
1783702148,cpu_utilisation,pod=workload-cloud-6f545f89ff-hmwbm,2.3547434826203206
1783702158,cpu_utilisation,pod=workload-cloud-6f545f89ff-hmwbm,2.3439941679626743
1783702168,cpu_utilisation,pod=workload-cloud-6f545f89ff-hmwbm,2.234043200652085
1783702178,cpu_utilisation,pod=workload-cloud-6f545f89ff-hmwbm,2.234043200652085
1783702188,cpu_utilisation,pod=workload-cloud-6f545f89ff-hmwbm,2.288580021482277
1783702198,cpu_utilisation,pod=workload-cloud-6f545f89ff-hmwbm,2.3280831763376044
1783702208,cpu_utilisation,pod=workload-cloud-6f545f89ff-hmwbm,2.3545695699923965
1783702218,cpu_utilisation,pod=workload-cloud-6f545f89ff-hmwbm,2.450925686312566
1783702228,cpu_utilisation,pod=workload-cloud-6f545f89ff-hmwbm,2.028335565137329
1783702238,cpu_utilisation,pod=workload-cloud-6f545f89ff-hmwbm,1.9772985751154872
1783702248,cpu_utilisation,pod=workload-cloud-6f545f89ff-hmwbm,1.0803626478792934
1783702258,cpu_utilisation,pod=workload-cloud-6f545f89ff-hmwbm,0.6017864892421108
1783702268,cpu_utilisation,pod=workload-cloud-6f545f89ff-hmwbm,0.4231424512321724
1783702278,cpu_utilisation,pod=workload-cloud-6f545f89ff-hmwbm,0.012313490147891154
1783702288,cpu_utilisation,pod=workload-cloud-6f545f89ff-hmwbm,0.012313490147891154
1783702298,cpu_utilisation,pod=workload-cloud-6f545f89ff-hmwbm,0.013279118454819256
1783702308,cpu_utilisation,pod=workload-cloud-6f545f89ff-hmwbm,0.009425750000000122
1783702318,cpu_utilisation,pod=workload-cloud-6f545f89ff-hmwbm,0.013100799549306059
1783702328,cpu_utilisation,pod=workload-cloud-6f545f89ff-hmwbm,0.013088801856069462
1783702338,cpu_utilisation,pod=workload-cloud-6f545f89ff-hmwbm,0.011721923464734264
1783702348,cpu_utilisation,pod=workload-cloud-6f545f89ff-hmwbm,0.011721923464734264
1783702358,cpu_utilisation,pod=workload-cloud-6f545f89ff-hmwbm,0.011420132159619368
1783702368,cpu_utilisation,pod=workload-cloud-6f545f89ff-hmwbm,0.011420132159619368
1783702378,cpu_utilisation,pod=workload-cloud-6f545f89ff-hmwbm,0.011821785556582446
1783702388,cpu_utilisation,pod=workload-cloud-6f545f89ff-hmwbm,0.012081742705357706
1783702398,cpu_utilisation,pod=workload-cloud-6f545f89ff-hmwbm,0.012194916424920568
1783702408,cpu_utilisation,pod=workload-cloud-6f545f89ff-hmwbm,0.012065567538365879
1783702418,cpu_utilisation,pod=workload-cloud-6f545f89ff-hmwbm,0.011812215501652134
1783702428,cpu_utilisation,pod=workload-cloud-6f545f89ff-hmwbm,0.017064142704127233
1783702438,cpu_utilisation,pod=workload-cloud-6f545f89ff-hmwbm,0.020213686534215278
1783702448,cpu_utilisation,pod=workload-cloud-6f545f89ff-hmwbm,0.020213686534215278
1783702458,cpu_utilisation,pod=workload-cloud-6f545f89ff-hmwbm,0.022086665353554757
1783702468,cpu_utilisation,pod=workload-cloud-6f545f89ff-hmwbm,0.019587561231630416
1783702478,cpu_utilisation,pod=workload-cloud-6f545f89ff-hmwbm,0.0197655241935494
1783702488,cpu_utilisation,pod=workload-cloud-6f545f89ff-hmwbm,0.019756693958840665
1783702498,cpu_utilisation,pod=workload-cloud-6f545f89ff-hmwbm,0.016676904548013505
1783701958,cpu_utilisation,pod=workload-cloud-6f545f89ff-k6gxs,0.10245503195986873
1783701968,cpu_utilisation,pod=workload-cloud-6f545f89ff-k6gxs,0.13187089226627682
1783701978,cpu_utilisation,pod=workload-cloud-6f545f89ff-k6gxs,0.16137985571927949
1783701988,cpu_utilisation,pod=workload-cloud-6f545f89ff-k6gxs,0.19603981833519443
1783701998,cpu_utilisation,pod=workload-cloud-6f545f89ff-k6gxs,0.22019713343191902
1783702008,cpu_utilisation,pod=workload-cloud-6f545f89ff-k6gxs,0.25867879679190103
1783702018,cpu_utilisation,pod=workload-cloud-6f545f89ff-k6gxs,0.27523650035653313
1783702028,cpu_utilisation,pod=workload-cloud-6f545f89ff-k6gxs,0.36613788059824487
1783702038,cpu_utilisation,pod=workload-cloud-6f545f89ff-k6gxs,0.39701453104709306
1783702048,cpu_utilisation,pod=workload-cloud-6f545f89ff-k6gxs,0.3952937179267109
1783702058,cpu_utilisation,pod=workload-cloud-6f545f89ff-k6gxs,0.6024522075055186
1783702068,cpu_utilisation,pod=workload-cloud-6f545f89ff-k6gxs,1.023607046258409
1783702078,cpu_utilisation,pod=workload-cloud-6f545f89ff-k6gxs,1.023607046258409
1783702088,cpu_utilisation,pod=workload-cloud-6f545f89ff-k6gxs,1.6092989797311792
1783702098,cpu_utilisation,pod=workload-cloud-6f545f89ff-k6gxs,2.2170966743828933
1783702108,cpu_utilisation,pod=workload-cloud-6f545f89ff-k6gxs,2.3107181915919033
1783702118,cpu_utilisation,pod=workload-cloud-6f545f89ff-k6gxs,2.467950837851158
1783702128,cpu_utilisation,pod=workload-cloud-6f545f89ff-k6gxs,2.061181724473479
1783702138,cpu_utilisation,pod=workload-cloud-6f545f89ff-k6gxs,2.4909027734038753
1783702148,cpu_utilisation,pod=workload-cloud-6f545f89ff-k6gxs,2.482385894156994
1783702158,cpu_utilisation,pod=workload-cloud-6f545f89ff-k6gxs,2.4252757139683556
1783702168,cpu_utilisation,pod=workload-cloud-6f545f89ff-k6gxs,2.3947580593475615
1783702178,cpu_utilisation,pod=workload-cloud-6f545f89ff-k6gxs,2.3947580593475615
1783702188,cpu_utilisation,pod=workload-cloud-6f545f89ff-k6gxs,2.4141870061115656
1783702198,cpu_utilisation,pod=workload-cloud-6f545f89ff-k6gxs,2.431113337386691
1783702208,cpu_utilisation,pod=workload-cloud-6f545f89ff-k6gxs,2.5110234215885945
1783702218,cpu_utilisation,pod=workload-cloud-6f545f89ff-k6gxs,2.0868278649015606
1783702228,cpu_utilisation,pod=workload-cloud-6f545f89ff-k6gxs,2.439985524112288
1783702238,cpu_utilisation,pod=workload-cloud-6f545f89ff-k6gxs,1.838591292347247
1783702248,cpu_utilisation,pod=workload-cloud-6f545f89ff-k6gxs,1.5435430599153812
1783702258,cpu_utilisation,pod=workload-cloud-6f545f89ff-k6gxs,1.2808030218818838
1783702268,cpu_utilisation,pod=workload-cloud-6f545f89ff-k6gxs,0.5528800733776658
1783702278,cpu_utilisation,pod=workload-cloud-6f545f89ff-k6gxs,0.5528800733776658
1783702288,cpu_utilisation,pod=workload-cloud-6f545f89ff-k6gxs,0.5156628914057299
1783702298,cpu_utilisation,pod=workload-cloud-6f545f89ff-k6gxs,0.5700251075206322
1783702308,cpu_utilisation,pod=workload-cloud-6f545f89ff-k6gxs,0.549981695947448
1783702318,cpu_utilisation,pod=workload-cloud-6f545f89ff-k6gxs,0.5624123852798263
1783702328,cpu_utilisation,pod=workload-cloud-6f545f89ff-k6gxs,0.531289283905357
1783702338,cpu_utilisation,pod=workload-cloud-6f545f89ff-k6gxs,0.5056077665841673
1783702348,cpu_utilisation,pod=workload-cloud-6f545f89ff-k6gxs,0.4610165830389485
1783702358,cpu_utilisation,pod=workload-cloud-6f545f89ff-k6gxs,0.44989734842935863
1783702368,cpu_utilisation,pod=workload-cloud-6f545f89ff-k6gxs,0.4502115578613643
1783702378,cpu_utilisation,pod=workload-cloud-6f545f89ff-k6gxs,0.47191061948539564
1783702388,cpu_utilisation,pod=workload-cloud-6f545f89ff-k6gxs,0.4780189934300738
1783702398,cpu_utilisation,pod=workload-cloud-6f545f89ff-k6gxs,0.40666970160662635
1783702408,cpu_utilisation,pod=workload-cloud-6f545f89ff-k6gxs,0.5057490165224229
1783702418,cpu_utilisation,pod=workload-cloud-6f545f89ff-k6gxs,0.35156466666666747
1783702428,cpu_utilisation,pod=workload-cloud-6f545f89ff-k6gxs,0.4885131016466116
1783702438,cpu_utilisation,pod=workload-cloud-6f545f89ff-k6gxs,0.38162262537993963
1783702448,cpu_utilisation,pod=workload-cloud-6f545f89ff-k6gxs,0.3601573004450332
1783702458,cpu_utilisation,pod=workload-cloud-6f545f89ff-k6gxs,0.20471002674668962
1783702468,cpu_utilisation,pod=workload-cloud-6f545f89ff-k6gxs,0.01377050000000146
1783702478,cpu_utilisation,pod=workload-cloud-6f545f89ff-k6gxs,0.020007846556234127
1783702488,cpu_utilisation,pod=workload-cloud-6f545f89ff-k6gxs,0.021351129185775496
1783702498,cpu_utilisation,pod=workload-cloud-6f545f89ff-k6gxs,0.019690504542647768
1783702088,cpu_utilisation,pod=workload-cloud-6f545f89ff-lzxtk,0.08874208380271945
1783702098,cpu_utilisation,pod=workload-cloud-6f545f89ff-lzxtk,0.12895903901834063
1783702108,cpu_utilisation,pod=workload-cloud-6f545f89ff-lzxtk,0.09643652290733462
1783702118,cpu_utilisation,pod=workload-cloud-6f545f89ff-lzxtk,0.11828353309514379
1783702128,cpu_utilisation,pod=workload-cloud-6f545f89ff-lzxtk,0.08870669701036742
1783702138,cpu_utilisation,pod=workload-cloud-6f545f89ff-lzxtk,0.013737258583690981
1783702148,cpu_utilisation,pod=workload-cloud-6f545f89ff-lzxtk,0.013384012582434247
1783702158,cpu_utilisation,pod=workload-cloud-6f545f89ff-lzxtk,0.013667624415220828
1783702168,cpu_utilisation,pod=workload-cloud-6f545f89ff-lzxtk,0.013537535014005588
1783702178,cpu_utilisation,pod=workload-cloud-6f545f89ff-lzxtk,0.013337128052131575
1783702188,cpu_utilisation,pod=workload-cloud-6f545f89ff-lzxtk,0.013243104987048037
1783702198,cpu_utilisation,pod=workload-cloud-6f545f89ff-lzxtk,0.012890744533034104
1783702208,cpu_utilisation,pod=workload-cloud-6f545f89ff-lzxtk,0.015612213560122856
1783702218,cpu_utilisation,pod=workload-cloud-6f545f89ff-lzxtk,0.01966578097894114
1783702228,cpu_utilisation,pod=workload-cloud-6f545f89ff-lzxtk,0.019465766235634775
1783702238,cpu_utilisation,pod=workload-cloud-6f545f89ff-lzxtk,0.021580588851390678
1783702248,cpu_utilisation,pod=workload-cloud-6f545f89ff-lzxtk,0.019166246851385384
1783702258,cpu_utilisation,pod=workload-cloud-6f545f89ff-lzxtk,0.010152124999999982
1783702268,cpu_utilisation,pod=workload-cloud-6f545f89ff-lzxtk,0.014296381594567621
1783702278,cpu_utilisation,pod=workload-cloud-6f545f89ff-lzxtk,0.012703862172557413
1783702288,cpu_utilisation,pod=workload-cloud-6f545f89ff-lzxtk,0.012509245232578868
1783702298,cpu_utilisation,pod=workload-cloud-6f545f89ff-lzxtk,0.012509245232578868
1783702308,cpu_utilisation,pod=workload-cloud-6f545f89ff-lzxtk,0.013161834573223032
1783702318,cpu_utilisation,pod=workload-cloud-6f545f89ff-lzxtk,0.011134802366991907
1783702328,cpu_utilisation,pod=workload-cloud-6f545f89ff-lzxtk,0.012660608710134053
1783702338,cpu_utilisation,pod=workload-cloud-6f545f89ff-lzxtk,0.011839655548288638
1783702348,cpu_utilisation,pod=workload-cloud-6f545f89ff-lzxtk,0.010931392483793009
1783702358,cpu_utilisation,pod=workload-cloud-6f545f89ff-lzxtk,0.010931392483793009
1783702368,cpu_utilisation,pod=workload-cloud-6f545f89ff-lzxtk,0.011519369190989769
1783702378,cpu_utilisation,pod=workload-cloud-6f545f89ff-lzxtk,0.011489501653078531
1783702388,cpu_utilisation,pod=workload-cloud-6f545f89ff-lzxtk,0.011547480553844745
1783702398,cpu_utilisation,pod=workload-cloud-6f545f89ff-lzxtk,0.011830005455537373
1783702408,cpu_utilisation,pod=workload-cloud-6f545f89ff-lzxtk,0.012559938041575023
1783702418,cpu_utilisation,pod=workload-cloud-6f545f89ff-lzxtk,0.012559938041575023
1783702428,cpu_utilisation,pod=workload-cloud-6f545f89ff-lzxtk,0.017672272736687304
1783702438,cpu_utilisation,pod=workload-cloud-6f545f89ff-lzxtk,0.01911009383823285
1783702448,cpu_utilisation,pod=workload-cloud-6f545f89ff-lzxtk,0.01911009383823285
1783702458,cpu_utilisation,pod=workload-cloud-6f545f89ff-lzxtk,0.02158749734212203
1783702468,cpu_utilisation,pod=workload-cloud-6f545f89ff-lzxtk,0.015767184654766838
1783702478,cpu_utilisation,pod=workload-cloud-6f545f89ff-lzxtk,0.016185693233706926
1783702488,cpu_utilisation,pod=workload-cloud-6f545f89ff-lzxtk,0.01939087157076961
1783702498,cpu_utilisation,pod=workload-cloud-6f545f89ff-lzxtk,0.01703768827948607
1783701858,cpu_utilisation,pod=workload-cloud-6f545f89ff-r28zz,0.014617006415612036
1783701868,cpu_utilisation,pod=workload-cloud-6f545f89ff-r28zz,0.0315251317205066
1783701878,cpu_utilisation,pod=workload-cloud-6f545f89ff-r28zz,0.03630638922549591
1783701888,cpu_utilisation,pod=workload-cloud-6f545f89ff-r28zz,0.1600811675641813
1783701898,cpu_utilisation,pod=workload-cloud-6f545f89ff-r28zz,0.22668110180317003
1783701908,cpu_utilisation,pod=workload-cloud-6f545f89ff-r28zz,0.34411004137492407
1783701918,cpu_utilisation,pod=workload-cloud-6f545f89ff-r28zz,0.5551174535319717
1783701928,cpu_utilisation,pod=workload-cloud-6f545f89ff-r28zz,0.6242644555171553
1783701938,cpu_utilisation,pod=workload-cloud-6f545f89ff-r28zz,0.8014867954276648
1783701948,cpu_utilisation,pod=workload-cloud-6f545f89ff-r28zz,0.8785952694559921
1783701958,cpu_utilisation,pod=workload-cloud-6f545f89ff-r28zz,0.9679215348911513
1783701968,cpu_utilisation,pod=workload-cloud-6f545f89ff-r28zz,0.8326189788081837
1783701978,cpu_utilisation,pod=workload-cloud-6f545f89ff-r28zz,1.2803463114285059
1783701988,cpu_utilisation,pod=workload-cloud-6f545f89ff-r28zz,1.3882944375212625
1783701998,cpu_utilisation,pod=workload-cloud-6f545f89ff-r28zz,1.4964815732731684
1783702008,cpu_utilisation,pod=workload-cloud-6f545f89ff-r28zz,1.5175725779935345
1783702018,cpu_utilisation,pod=workload-cloud-6f545f89ff-r28zz,1.5377971154267303
1783702028,cpu_utilisation,pod=workload-cloud-6f545f89ff-r28zz,1.3363392858178473
1783702038,cpu_utilisation,pod=workload-cloud-6f545f89ff-r28zz,1.5991802670623325
1783702048,cpu_utilisation,pod=workload-cloud-6f545f89ff-r28zz,1.6395883824403994
1783702058,cpu_utilisation,pod=workload-cloud-6f545f89ff-r28zz,1.8222835108467252
1783702068,cpu_utilisation,pod=workload-cloud-6f545f89ff-r28zz,1.905295482493821
1783702078,cpu_utilisation,pod=workload-cloud-6f545f89ff-r28zz,2.2827751825710485
1783702088,cpu_utilisation,pod=workload-cloud-6f545f89ff-r28zz,2.2827751825710485
1783702098,cpu_utilisation,pod=workload-cloud-6f545f89ff-r28zz,2.550613927381169
1783702108,cpu_utilisation,pod=workload-cloud-6f545f89ff-r28zz,2.7423373213865947
1783702118,cpu_utilisation,pod=workload-cloud-6f545f89ff-r28zz,2.8416357425993537
1783702128,cpu_utilisation,pod=workload-cloud-6f545f89ff-r28zz,2.8416357425993537
1783702138,cpu_utilisation,pod=workload-cloud-6f545f89ff-r28zz,2.8803049731415697
1783702148,cpu_utilisation,pod=workload-cloud-6f545f89ff-r28zz,2.8803049731415697
1783702158,cpu_utilisation,pod=workload-cloud-6f545f89ff-r28zz,2.844549958711776
1783702168,cpu_utilisation,pod=workload-cloud-6f545f89ff-r28zz,2.8476026493976683
1783702178,cpu_utilisation,pod=workload-cloud-6f545f89ff-r28zz,2.841728705309119
1783702188,cpu_utilisation,pod=workload-cloud-6f545f89ff-r28zz,2.841728705309119
1783702198,cpu_utilisation,pod=workload-cloud-6f545f89ff-r28zz,2.9963141765957007
1783702208,cpu_utilisation,pod=workload-cloud-6f545f89ff-r28zz,2.9963141765957007
1783702218,cpu_utilisation,pod=workload-cloud-6f545f89ff-r28zz,3.0401687959977024
1783702228,cpu_utilisation,pod=workload-cloud-6f545f89ff-r28zz,3.1161307662236313
1783702238,cpu_utilisation,pod=workload-cloud-6f545f89ff-r28zz,2.7899904413150853
1783702248,cpu_utilisation,pod=workload-cloud-6f545f89ff-r28zz,2.529040550399245
1783702258,cpu_utilisation,pod=workload-cloud-6f545f89ff-r28zz,2.0865467112083804
1783702268,cpu_utilisation,pod=workload-cloud-6f545f89ff-r28zz,2.0865467112083804
1783702278,cpu_utilisation,pod=workload-cloud-6f545f89ff-r28zz,1.6752469204927
1783702288,cpu_utilisation,pod=workload-cloud-6f545f89ff-r28zz,1.6752469204927
1783702298,cpu_utilisation,pod=workload-cloud-6f545f89ff-r28zz,1.8349810981098127
1783702308,cpu_utilisation,pod=workload-cloud-6f545f89ff-r28zz,1.8107682910534497
1783702318,cpu_utilisation,pod=workload-cloud-6f545f89ff-r28zz,1.9436055428088366
1783702328,cpu_utilisation,pod=workload-cloud-6f545f89ff-r28zz,1.8164978791092241
1783702338,cpu_utilisation,pod=workload-cloud-6f545f89ff-r28zz,1.6183809236437137
1783702348,cpu_utilisation,pod=workload-cloud-6f545f89ff-r28zz,1.588025989179992
1783702358,cpu_utilisation,pod=workload-cloud-6f545f89ff-r28zz,1.550649762843066
1783702368,cpu_utilisation,pod=workload-cloud-6f545f89ff-r28zz,1.3707399725520042
1783702378,cpu_utilisation,pod=workload-cloud-6f545f89ff-r28zz,1.6578972594907984
1783702388,cpu_utilisation,pod=workload-cloud-6f545f89ff-r28zz,1.7135516417262142
1783702398,cpu_utilisation,pod=workload-cloud-6f545f89ff-r28zz,1.6720582763286689
1783702408,cpu_utilisation,pod=workload-cloud-6f545f89ff-r28zz,1.4533416608750043
1783702418,cpu_utilisation,pod=workload-cloud-6f545f89ff-r28zz,1.9273946286819568
1783702428,cpu_utilisation,pod=workload-cloud-6f545f89ff-r28zz,1.9975067727492948
1783702438,cpu_utilisation,pod=workload-cloud-6f545f89ff-r28zz,2.073709489294326
1783702448,cpu_utilisation,pod=workload-cloud-6f545f89ff-r28zz,1.6095374815952528
1783702458,cpu_utilisation,pod=workload-cloud-6f545f89ff-r28zz,0.7759863694518471
1783702468,cpu_utilisation,pod=workload-cloud-6f545f89ff-r28zz,0.6047565681913394
1783702478,cpu_utilisation,pod=workload-cloud-6f545f89ff-r28zz,0.03263930229171088
1783702488,cpu_utilisation,pod=workload-cloud-6f545f89ff-r28zz,0.03263930229171088
1783702498,cpu_utilisation,pod=workload-cloud-6f545f89ff-r28zz,0.021688658928318564
1783701988,cpu_utilisation,pod=workload-cloud-6f545f89ff-rsp7g,0.09900061416401836
1783701998,cpu_utilisation,pod=workload-cloud-6f545f89ff-rsp7g,0.0677393226885017
1783702008,cpu_utilisation,pod=workload-cloud-6f545f89ff-rsp7g,0.08574458982881794
1783702018,cpu_utilisation,pod=workload-cloud-6f545f89ff-rsp7g,0.08106945101681087
1783702028,cpu_utilisation,pod=workload-cloud-6f545f89ff-rsp7g,0.045166578338793596
1783702038,cpu_utilisation,pod=workload-cloud-6f545f89ff-rsp7g,0.1368330722604372
1783702048,cpu_utilisation,pod=workload-cloud-6f545f89ff-rsp7g,0.19525191030940747
1783702058,cpu_utilisation,pod=workload-cloud-6f545f89ff-rsp7g,0.44380612830638083
1783702068,cpu_utilisation,pod=workload-cloud-6f545f89ff-rsp7g,0.4580763444904099
1783702078,cpu_utilisation,pod=workload-cloud-6f545f89ff-rsp7g,0.9562175626956141
1783702088,cpu_utilisation,pod=workload-cloud-6f545f89ff-rsp7g,1.5025478085481632
1783702098,cpu_utilisation,pod=workload-cloud-6f545f89ff-rsp7g,1.769795086734015
1783702108,cpu_utilisation,pod=workload-cloud-6f545f89ff-rsp7g,2.228360787306265
1783702118,cpu_utilisation,pod=workload-cloud-6f545f89ff-rsp7g,2.339984800999128
1783702128,cpu_utilisation,pod=workload-cloud-6f545f89ff-rsp7g,2.339984800999128
1783702138,cpu_utilisation,pod=workload-cloud-6f545f89ff-rsp7g,2.3652121437686087
1783702148,cpu_utilisation,pod=workload-cloud-6f545f89ff-rsp7g,2.3781768374550647
1783702158,cpu_utilisation,pod=workload-cloud-6f545f89ff-rsp7g,2.3365881583614114
1783702168,cpu_utilisation,pod=workload-cloud-6f545f89ff-rsp7g,2.3365881583614114
1783702178,cpu_utilisation,pod=workload-cloud-6f545f89ff-rsp7g,2.29544928679419
1783702188,cpu_utilisation,pod=workload-cloud-6f545f89ff-rsp7g,2.29544928679419
1783702198,cpu_utilisation,pod=workload-cloud-6f545f89ff-rsp7g,2.4048612431834506
1783702208,cpu_utilisation,pod=workload-cloud-6f545f89ff-rsp7g,2.475728328865059
1783702218,cpu_utilisation,pod=workload-cloud-6f545f89ff-rsp7g,2.4144973544973536
1783702228,cpu_utilisation,pod=workload-cloud-6f545f89ff-rsp7g,2.4144973544973536
1783702238,cpu_utilisation,pod=workload-cloud-6f545f89ff-rsp7g,1.554525563557099
1783702248,cpu_utilisation,pod=workload-cloud-6f545f89ff-rsp7g,1.1301420526334787
1783702258,cpu_utilisation,pod=workload-cloud-6f545f89ff-rsp7g,0.6721236845524238
1783702268,cpu_utilisation,pod=workload-cloud-6f545f89ff-rsp7g,0.5962485157919731
1783702278,cpu_utilisation,pod=workload-cloud-6f545f89ff-rsp7g,0.2792966705200921
1783702288,cpu_utilisation,pod=workload-cloud-6f545f89ff-rsp7g,0.3498341321771653
1783702298,cpu_utilisation,pod=workload-cloud-6f545f89ff-rsp7g,0.38689880304678975
1783702308,cpu_utilisation,pod=workload-cloud-6f545f89ff-rsp7g,0.39832892998679076
1783702318,cpu_utilisation,pod=workload-cloud-6f545f89ff-rsp7g,0.3742779494537037
1783702328,cpu_utilisation,pod=workload-cloud-6f545f89ff-rsp7g,0.3595586075366632
1783702338,cpu_utilisation,pod=workload-cloud-6f545f89ff-rsp7g,0.3595586075366632
1783702348,cpu_utilisation,pod=workload-cloud-6f545f89ff-rsp7g,0.3133447645176039
1783702358,cpu_utilisation,pod=workload-cloud-6f545f89ff-rsp7g,0.2588462035592177
1783702368,cpu_utilisation,pod=workload-cloud-6f545f89ff-rsp7g,0.318220758833003
1783702378,cpu_utilisation,pod=workload-cloud-6f545f89ff-rsp7g,0.32481045267020364
1783702388,cpu_utilisation,pod=workload-cloud-6f545f89ff-rsp7g,0.2866075811049672
1783702398,cpu_utilisation,pod=workload-cloud-6f545f89ff-rsp7g,0.3293618774301053
1783702408,cpu_utilisation,pod=workload-cloud-6f545f89ff-rsp7g,0.33205848228853235
1783702418,cpu_utilisation,pod=workload-cloud-6f545f89ff-rsp7g,0.32749877023522067
1783702428,cpu_utilisation,pod=workload-cloud-6f545f89ff-rsp7g,0.23235529563496457
1783702438,cpu_utilisation,pod=workload-cloud-6f545f89ff-rsp7g,0.09666517428760135
1783702448,cpu_utilisation,pod=workload-cloud-6f545f89ff-rsp7g,0.100769395215598
1783702458,cpu_utilisation,pod=workload-cloud-6f545f89ff-rsp7g,0.020402807370510194
1783702468,cpu_utilisation,pod=workload-cloud-6f545f89ff-rsp7g,0.01966692256259117
1783702478,cpu_utilisation,pod=workload-cloud-6f545f89ff-rsp7g,0.016786756383640144
1783702488,cpu_utilisation,pod=workload-cloud-6f545f89ff-rsp7g,0.019646443943431076
1783702498,cpu_utilisation,pod=workload-cloud-6f545f89ff-rsp7g,0.019467265069109407
1783701858,cpu_utilisation,pod=workload-edge-7b875fd8c6-pxwvc,0.028754200003714186
1783701868,cpu_utilisation,pod=workload-edge-7b875fd8c6-pxwvc,0.028871490781059325
1783701878,cpu_utilisation,pod=workload-edge-7b875fd8c6-pxwvc,0.02904347826083396
1783701888,cpu_utilisation,pod=workload-edge-7b875fd8c6-pxwvc,0.027845169155739216
1783701898,cpu_utilisation,pod=workload-edge-7b875fd8c6-pxwvc,0.026815620455623117
1783701908,cpu_utilisation,pod=workload-edge-7b875fd8c6-pxwvc,0.027123717535006666
1783701918,cpu_utilisation,pod=workload-edge-7b875fd8c6-pxwvc,0.026871415706899895
1783701928,cpu_utilisation,pod=workload-edge-7b875fd8c6-pxwvc,0.026871415706899895
1783701938,cpu_utilisation,pod=workload-edge-7b875fd8c6-pxwvc,0.027294618834094255
1783701948,cpu_utilisation,pod=workload-edge-7b875fd8c6-pxwvc,0.0270457536342573
1783701958,cpu_utilisation,pod=workload-edge-7b875fd8c6-pxwvc,0.02840297194249216
1783701968,cpu_utilisation,pod=workload-edge-7b875fd8c6-pxwvc,0.028808223926560954
1783701978,cpu_utilisation,pod=workload-edge-7b875fd8c6-pxwvc,0.028996651785716053
1783701988,cpu_utilisation,pod=workload-edge-7b875fd8c6-pxwvc,0.028996651785716053
1783701998,cpu_utilisation,pod=workload-edge-7b875fd8c6-pxwvc,0.02778040887205492
1783702008,cpu_utilisation,pod=workload-edge-7b875fd8c6-pxwvc,0.028035872493545777
1783702018,cpu_utilisation,pod=workload-edge-7b875fd8c6-pxwvc,0.02792201337427973
1783702028,cpu_utilisation,pod=workload-edge-7b875fd8c6-pxwvc,0.029036924485861263
1783702038,cpu_utilisation,pod=workload-edge-7b875fd8c6-pxwvc,0.029403030219682748
1783702048,cpu_utilisation,pod=workload-edge-7b875fd8c6-pxwvc,0.029007171375039206
1783702058,cpu_utilisation,pod=workload-edge-7b875fd8c6-pxwvc,0.029882357738475022
1783702068,cpu_utilisation,pod=workload-edge-7b875fd8c6-pxwvc,0.025160293734715615
1783702078,cpu_utilisation,pod=workload-edge-7b875fd8c6-pxwvc,0.029753777023794354
1783702088,cpu_utilisation,pod=workload-edge-7b875fd8c6-pxwvc,0.031708588891522976
1783702098,cpu_utilisation,pod=workload-edge-7b875fd8c6-pxwvc,0.031708588891522976
1783702108,cpu_utilisation,pod=workload-edge-7b875fd8c6-pxwvc,0.031022942154810332
1783702118,cpu_utilisation,pod=workload-edge-7b875fd8c6-pxwvc,0.03231947437359071
1783702128,cpu_utilisation,pod=workload-edge-7b875fd8c6-pxwvc,0.03231947437359071
1783702138,cpu_utilisation,pod=workload-edge-7b875fd8c6-pxwvc,0.03201405967242041
1783702148,cpu_utilisation,pod=workload-edge-7b875fd8c6-pxwvc,0.032724268809975046
1783702158,cpu_utilisation,pod=workload-edge-7b875fd8c6-pxwvc,0.032724268809975046
1783702168,cpu_utilisation,pod=workload-edge-7b875fd8c6-pxwvc,0.0319437732439577
1783702178,cpu_utilisation,pod=workload-edge-7b875fd8c6-pxwvc,0.03172712860201324
1783702188,cpu_utilisation,pod=workload-edge-7b875fd8c6-pxwvc,0.031202101944283078
1783702198,cpu_utilisation,pod=workload-edge-7b875fd8c6-pxwvc,0.03422956071715796
1783702208,cpu_utilisation,pod=workload-edge-7b875fd8c6-pxwvc,0.03825866816001196
1783702218,cpu_utilisation,pod=workload-edge-7b875fd8c6-pxwvc,0.03825866816001196
1783702228,cpu_utilisation,pod=workload-edge-7b875fd8c6-pxwvc,0.04667913638305875
1783702238,cpu_utilisation,pod=workload-edge-7b875fd8c6-pxwvc,0.04667913638305875
1783702248,cpu_utilisation,pod=workload-edge-7b875fd8c6-pxwvc,0.042468174390246166
1783702258,cpu_utilisation,pod=workload-edge-7b875fd8c6-pxwvc,0.03880299625464598
1783702268,cpu_utilisation,pod=workload-edge-7b875fd8c6-pxwvc,0.023751840624033557
1783702278,cpu_utilisation,pod=workload-edge-7b875fd8c6-pxwvc,0.02880737487333176
1783702288,cpu_utilisation,pod=workload-edge-7b875fd8c6-pxwvc,0.031697670699815765
1783702298,cpu_utilisation,pod=workload-edge-7b875fd8c6-pxwvc,0.03246094225540741
1783702308,cpu_utilisation,pod=workload-edge-7b875fd8c6-pxwvc,0.03202189848751992
1783702318,cpu_utilisation,pod=workload-edge-7b875fd8c6-pxwvc,0.03355787571525005
1783702328,cpu_utilisation,pod=workload-edge-7b875fd8c6-pxwvc,0.02931171687714821
1783702338,cpu_utilisation,pod=workload-edge-7b875fd8c6-pxwvc,0.02864479315266738
1783702348,cpu_utilisation,pod=workload-edge-7b875fd8c6-pxwvc,0.026710211190914417
1783702358,cpu_utilisation,pod=workload-edge-7b875fd8c6-pxwvc,0.026486072728007383
1783702368,cpu_utilisation,pod=workload-edge-7b875fd8c6-pxwvc,0.026541453894083158
1783702378,cpu_utilisation,pod=workload-edge-7b875fd8c6-pxwvc,0.027335944635721556
1783702388,cpu_utilisation,pod=workload-edge-7b875fd8c6-pxwvc,0.0276318649702602
1783702398,cpu_utilisation,pod=workload-edge-7b875fd8c6-pxwvc,0.02828439403490068
1783702408,cpu_utilisation,pod=workload-edge-7b875fd8c6-pxwvc,0.02927089841308559
1783702418,cpu_utilisation,pod=workload-edge-7b875fd8c6-pxwvc,0.023928199862200156
1783702428,cpu_utilisation,pod=workload-edge-7b875fd8c6-pxwvc,0.03795509470594945
1783702438,cpu_utilisation,pod=workload-edge-7b875fd8c6-pxwvc,0.04312408199752522
1783702448,cpu_utilisation,pod=workload-edge-7b875fd8c6-pxwvc,0.042811728843039236
1783702458,cpu_utilisation,pod=workload-edge-7b875fd8c6-pxwvc,0.04525890475442269
1783702468,cpu_utilisation,pod=workload-edge-7b875fd8c6-pxwvc,0.0422385705086733
1783702478,cpu_utilisation,pod=workload-edge-7b875fd8c6-pxwvc,0.04231341778280641
1783702488,cpu_utilisation,pod=workload-edge-7b875fd8c6-pxwvc,0.042354993725353514
1783702498,cpu_utilisation,pod=workload-edge-7b875fd8c6-pxwvc,0.04187940259441643
1783702028,mem_mib,pod=workload-cloud-6f545f89ff-6wmx8,3.515625
1783702038,mem_mib,pod=workload-cloud-6f545f89ff-6wmx8,35.13671875
1783702048,mem_mib,pod=workload-cloud-6f545f89ff-6wmx8,35.6796875
1783702058,mem_mib,pod=workload-cloud-6f545f89ff-6wmx8,35.6796875
1783702068,mem_mib,pod=workload-cloud-6f545f89ff-6wmx8,36.640625
1783702078,mem_mib,pod=workload-cloud-6f545f89ff-6wmx8,38.3515625
1783702088,mem_mib,pod=workload-cloud-6f545f89ff-6wmx8,38.3515625
1783702098,mem_mib,pod=workload-cloud-6f545f89ff-6wmx8,37.84375
1783702108,mem_mib,pod=workload-cloud-6f545f89ff-6wmx8,37.8515625
1783702118,mem_mib,pod=workload-cloud-6f545f89ff-6wmx8,39.125
1783702128,mem_mib,pod=workload-cloud-6f545f89ff-6wmx8,39.125
1783702138,mem_mib,pod=workload-cloud-6f545f89ff-6wmx8,37.90625
1783702148,mem_mib,pod=workload-cloud-6f545f89ff-6wmx8,37.90625
1783702158,mem_mib,pod=workload-cloud-6f545f89ff-6wmx8,37.9140625
1783702168,mem_mib,pod=workload-cloud-6f545f89ff-6wmx8,38.9296875
1783702178,mem_mib,pod=workload-cloud-6f545f89ff-6wmx8,38.9296875
1783702188,mem_mib,pod=workload-cloud-6f545f89ff-6wmx8,38.2109375
1783702198,mem_mib,pod=workload-cloud-6f545f89ff-6wmx8,37.9921875
1783702208,mem_mib,pod=workload-cloud-6f545f89ff-6wmx8,37.890625
1783702218,mem_mib,pod=workload-cloud-6f545f89ff-6wmx8,37.8125
1783702228,mem_mib,pod=workload-cloud-6f545f89ff-6wmx8,37.8125
1783702238,mem_mib,pod=workload-cloud-6f545f89ff-6wmx8,37.125
1783702248,mem_mib,pod=workload-cloud-6f545f89ff-6wmx8,37.3828125
1783702258,mem_mib,pod=workload-cloud-6f545f89ff-6wmx8,37.13671875
1783702268,mem_mib,pod=workload-cloud-6f545f89ff-6wmx8,37.13671875
1783702278,mem_mib,pod=workload-cloud-6f545f89ff-6wmx8,37.1328125
1783702288,mem_mib,pod=workload-cloud-6f545f89ff-6wmx8,37.1328125
1783702298,mem_mib,pod=workload-cloud-6f545f89ff-6wmx8,37.13671875
1783702308,mem_mib,pod=workload-cloud-6f545f89ff-6wmx8,37.13671875
1783702318,mem_mib,pod=workload-cloud-6f545f89ff-6wmx8,37.1328125
1783702328,mem_mib,pod=workload-cloud-6f545f89ff-6wmx8,37.1328125
1783702338,mem_mib,pod=workload-cloud-6f545f89ff-6wmx8,37.1328125
1783702348,mem_mib,pod=workload-cloud-6f545f89ff-6wmx8,37.1328125
1783702358,mem_mib,pod=workload-cloud-6f545f89ff-6wmx8,37.171875
1783702368,mem_mib,pod=workload-cloud-6f545f89ff-6wmx8,37.38671875
1783702378,mem_mib,pod=workload-cloud-6f545f89ff-6wmx8,37.38671875
1783702388,mem_mib,pod=workload-cloud-6f545f89ff-6wmx8,37.1640625
1783702398,mem_mib,pod=workload-cloud-6f545f89ff-6wmx8,37.140625
1783702408,mem_mib,pod=workload-cloud-6f545f89ff-6wmx8,37.140625
1783702418,mem_mib,pod=workload-cloud-6f545f89ff-6wmx8,37.1640625
1783702428,mem_mib,pod=workload-cloud-6f545f89ff-6wmx8,37.1328125
1783702438,mem_mib,pod=workload-cloud-6f545f89ff-6wmx8,37.13671875
1783702448,mem_mib,pod=workload-cloud-6f545f89ff-6wmx8,37.13671875
1783702458,mem_mib,pod=workload-cloud-6f545f89ff-6wmx8,37.140625
1783702468,mem_mib,pod=workload-cloud-6f545f89ff-6wmx8,37.140625
1783702478,mem_mib,pod=workload-cloud-6f545f89ff-6wmx8,37.140625
1783702488,mem_mib,pod=workload-cloud-6f545f89ff-6wmx8,37.140625
1783702498,mem_mib,pod=workload-cloud-6f545f89ff-6wmx8,37.140625
1783701998,mem_mib,pod=workload-cloud-6f545f89ff-hmwbm,3.3203125
1783702008,mem_mib,pod=workload-cloud-6f545f89ff-hmwbm,35.1328125
1783702018,mem_mib,pod=workload-cloud-6f545f89ff-hmwbm,35.14453125
1783702028,mem_mib,pod=workload-cloud-6f545f89ff-hmwbm,35.14453125
1783702038,mem_mib,pod=workload-cloud-6f545f89ff-hmwbm,35.1640625
1783702048,mem_mib,pod=workload-cloud-6f545f89ff-hmwbm,35.1640625
1783702058,mem_mib,pod=workload-cloud-6f545f89ff-hmwbm,35.953125
1783702068,mem_mib,pod=workload-cloud-6f545f89ff-hmwbm,36.9375
1783702078,mem_mib,pod=workload-cloud-6f545f89ff-hmwbm,37.44921875
1783702088,mem_mib,pod=workload-cloud-6f545f89ff-hmwbm,37.44921875
1783702098,mem_mib,pod=workload-cloud-6f545f89ff-hmwbm,37.25
1783702108,mem_mib,pod=workload-cloud-6f545f89ff-hmwbm,38.8125
1783702118,mem_mib,pod=workload-cloud-6f545f89ff-hmwbm,38.8125
1783702128,mem_mib,pod=workload-cloud-6f545f89ff-hmwbm,37.33984375
1783702138,mem_mib,pod=workload-cloud-6f545f89ff-hmwbm,37.33984375
1783702148,mem_mib,pod=workload-cloud-6f545f89ff-hmwbm,37.6171875
1783702158,mem_mib,pod=workload-cloud-6f545f89ff-hmwbm,37.6171875
1783702168,mem_mib,pod=workload-cloud-6f545f89ff-hmwbm,37.41015625
1783702178,mem_mib,pod=workload-cloud-6f545f89ff-hmwbm,37.41015625
1783702188,mem_mib,pod=workload-cloud-6f545f89ff-hmwbm,38.234375
1783702198,mem_mib,pod=workload-cloud-6f545f89ff-hmwbm,37.48828125
1783702208,mem_mib,pod=workload-cloud-6f545f89ff-hmwbm,37.48828125
1783702218,mem_mib,pod=workload-cloud-6f545f89ff-hmwbm,37.65234375
1783702228,mem_mib,pod=workload-cloud-6f545f89ff-hmwbm,37.65234375
1783702238,mem_mib,pod=workload-cloud-6f545f89ff-hmwbm,36.89453125
1783702248,mem_mib,pod=workload-cloud-6f545f89ff-hmwbm,36.8515625
1783702258,mem_mib,pod=workload-cloud-6f545f89ff-hmwbm,36.8515625
1783702268,mem_mib,pod=workload-cloud-6f545f89ff-hmwbm,36.8515625
1783702278,mem_mib,pod=workload-cloud-6f545f89ff-hmwbm,36.8515625
1783702288,mem_mib,pod=workload-cloud-6f545f89ff-hmwbm,36.8515625
1783702298,mem_mib,pod=workload-cloud-6f545f89ff-hmwbm,36.8515625
1783702308,mem_mib,pod=workload-cloud-6f545f89ff-hmwbm,36.8515625
1783702318,mem_mib,pod=workload-cloud-6f545f89ff-hmwbm,36.8515625
1783702328,mem_mib,pod=workload-cloud-6f545f89ff-hmwbm,36.8515625
1783702338,mem_mib,pod=workload-cloud-6f545f89ff-hmwbm,36.84765625
1783702348,mem_mib,pod=workload-cloud-6f545f89ff-hmwbm,36.84765625
1783702358,mem_mib,pod=workload-cloud-6f545f89ff-hmwbm,36.8515625
1783702368,mem_mib,pod=workload-cloud-6f545f89ff-hmwbm,36.8515625
1783702378,mem_mib,pod=workload-cloud-6f545f89ff-hmwbm,36.8515625
1783702388,mem_mib,pod=workload-cloud-6f545f89ff-hmwbm,36.8515625
1783702398,mem_mib,pod=workload-cloud-6f545f89ff-hmwbm,36.8515625
1783702408,mem_mib,pod=workload-cloud-6f545f89ff-hmwbm,36.8515625
1783702418,mem_mib,pod=workload-cloud-6f545f89ff-hmwbm,36.8515625
1783702428,mem_mib,pod=workload-cloud-6f545f89ff-hmwbm,36.8515625
1783702438,mem_mib,pod=workload-cloud-6f545f89ff-hmwbm,36.8515625
1783702448,mem_mib,pod=workload-cloud-6f545f89ff-hmwbm,36.8515625
1783702458,mem_mib,pod=workload-cloud-6f545f89ff-hmwbm,36.8515625
1783702468,mem_mib,pod=workload-cloud-6f545f89ff-hmwbm,36.8515625
1783702478,mem_mib,pod=workload-cloud-6f545f89ff-hmwbm,36.8515625
1783702488,mem_mib,pod=workload-cloud-6f545f89ff-hmwbm,36.8515625
1783702498,mem_mib,pod=workload-cloud-6f545f89ff-hmwbm,36.8515625
1783701938,mem_mib,pod=workload-cloud-6f545f89ff-k6gxs,2.9921875
1783701948,mem_mib,pod=workload-cloud-6f545f89ff-k6gxs,2.9921875
1783701958,mem_mib,pod=workload-cloud-6f545f89ff-k6gxs,35.19921875
1783701968,mem_mib,pod=workload-cloud-6f545f89ff-k6gxs,35.5078125
1783701978,mem_mib,pod=workload-cloud-6f545f89ff-k6gxs,35.30078125
1783701988,mem_mib,pod=workload-cloud-6f545f89ff-k6gxs,35.30078125
1783701998,mem_mib,pod=workload-cloud-6f545f89ff-k6gxs,35.5
1783702008,mem_mib,pod=workload-cloud-6f545f89ff-k6gxs,35.5625
1783702018,mem_mib,pod=workload-cloud-6f545f89ff-k6gxs,35.5625
1783702028,mem_mib,pod=workload-cloud-6f545f89ff-k6gxs,35.59765625
1783702038,mem_mib,pod=workload-cloud-6f545f89ff-k6gxs,35.91015625
1783702048,mem_mib,pod=workload-cloud-6f545f89ff-k6gxs,35.91015625
1783702058,mem_mib,pod=workload-cloud-6f545f89ff-k6gxs,36.11328125
1783702068,mem_mib,pod=workload-cloud-6f545f89ff-k6gxs,37.1015625
1783702078,mem_mib,pod=workload-cloud-6f545f89ff-k6gxs,37.1015625
1783702088,mem_mib,pod=workload-cloud-6f545f89ff-k6gxs,37.58203125
1783702098,mem_mib,pod=workload-cloud-6f545f89ff-k6gxs,37.625
1783702108,mem_mib,pod=workload-cloud-6f545f89ff-k6gxs,37.91796875
1783702118,mem_mib,pod=workload-cloud-6f545f89ff-k6gxs,37.91796875
1783702128,mem_mib,pod=workload-cloud-6f545f89ff-k6gxs,37.96875
1783702138,mem_mib,pod=workload-cloud-6f545f89ff-k6gxs,37.7421875
1783702148,mem_mib,pod=workload-cloud-6f545f89ff-k6gxs,37.765625
1783702158,mem_mib,pod=workload-cloud-6f545f89ff-k6gxs,37.765625
1783702168,mem_mib,pod=workload-cloud-6f545f89ff-k6gxs,38.31640625
1783702178,mem_mib,pod=workload-cloud-6f545f89ff-k6gxs,38.31640625
1783702188,mem_mib,pod=workload-cloud-6f545f89ff-k6gxs,37.9140625
1783702198,mem_mib,pod=workload-cloud-6f545f89ff-k6gxs,37.9140625
1783702208,mem_mib,pod=workload-cloud-6f545f89ff-k6gxs,38.16015625
1783702218,mem_mib,pod=workload-cloud-6f545f89ff-k6gxs,38.16015625
1783702228,mem_mib,pod=workload-cloud-6f545f89ff-k6gxs,37.41015625
1783702238,mem_mib,pod=workload-cloud-6f545f89ff-k6gxs,37.48046875
1783702248,mem_mib,pod=workload-cloud-6f545f89ff-k6gxs,37.48046875
1783702258,mem_mib,pod=workload-cloud-6f545f89ff-k6gxs,37.19921875
1783702268,mem_mib,pod=workload-cloud-6f545f89ff-k6gxs,37.44921875
1783702278,mem_mib,pod=workload-cloud-6f545f89ff-k6gxs,37.44921875
1783702288,mem_mib,pod=workload-cloud-6f545f89ff-k6gxs,37.44921875
1783702298,mem_mib,pod=workload-cloud-6f545f89ff-k6gxs,37.19921875
1783702308,mem_mib,pod=workload-cloud-6f545f89ff-k6gxs,37.69921875
1783702318,mem_mib,pod=workload-cloud-6f545f89ff-k6gxs,37.69921875
1783702328,mem_mib,pod=workload-cloud-6f545f89ff-k6gxs,37.20703125
1783702338,mem_mib,pod=workload-cloud-6f545f89ff-k6gxs,37.19921875
1783702348,mem_mib,pod=workload-cloud-6f545f89ff-k6gxs,37.19921875
1783702358,mem_mib,pod=workload-cloud-6f545f89ff-k6gxs,37.203125
1783702368,mem_mib,pod=workload-cloud-6f545f89ff-k6gxs,37.203125
1783702378,mem_mib,pod=workload-cloud-6f545f89ff-k6gxs,37.2109375
1783702388,mem_mib,pod=workload-cloud-6f545f89ff-k6gxs,37.21484375
1783702398,mem_mib,pod=workload-cloud-6f545f89ff-k6gxs,37.21875
1783702408,mem_mib,pod=workload-cloud-6f545f89ff-k6gxs,37.46875
1783702418,mem_mib,pod=workload-cloud-6f545f89ff-k6gxs,37.46875
1783702428,mem_mib,pod=workload-cloud-6f545f89ff-k6gxs,37.1328125
1783702438,mem_mib,pod=workload-cloud-6f545f89ff-k6gxs,37.1328125
1783702448,mem_mib,pod=workload-cloud-6f545f89ff-k6gxs,37.1328125
1783702458,mem_mib,pod=workload-cloud-6f545f89ff-k6gxs,37.1328125
1783702468,mem_mib,pod=workload-cloud-6f545f89ff-k6gxs,37.1328125
1783702478,mem_mib,pod=workload-cloud-6f545f89ff-k6gxs,37.1328125
1783702488,mem_mib,pod=workload-cloud-6f545f89ff-k6gxs,37.1328125
1783702498,mem_mib,pod=workload-cloud-6f545f89ff-k6gxs,37.12890625
1783702078,mem_mib,pod=workload-cloud-6f545f89ff-lzxtk,3.47265625
1783702088,mem_mib,pod=workload-cloud-6f545f89ff-lzxtk,35.140625
1783702098,mem_mib,pod=workload-cloud-6f545f89ff-lzxtk,35.140625
1783702108,mem_mib,pod=workload-cloud-6f545f89ff-lzxtk,35.15625
1783702118,mem_mib,pod=workload-cloud-6f545f89ff-lzxtk,35.15625
1783702128,mem_mib,pod=workload-cloud-6f545f89ff-lzxtk,35.1640625
1783702138,mem_mib,pod=workload-cloud-6f545f89ff-lzxtk,35.17578125
1783702148,mem_mib,pod=workload-cloud-6f545f89ff-lzxtk,35.17578125
1783702158,mem_mib,pod=workload-cloud-6f545f89ff-lzxtk,35.19921875
1783702168,mem_mib,pod=workload-cloud-6f545f89ff-lzxtk,35.19921875
1783702178,mem_mib,pod=workload-cloud-6f545f89ff-lzxtk,35.19921875
1783702188,mem_mib,pod=workload-cloud-6f545f89ff-lzxtk,35.19921875
1783702198,mem_mib,pod=workload-cloud-6f545f89ff-lzxtk,35.2109375
1783702208,mem_mib,pod=workload-cloud-6f545f89ff-lzxtk,35.2109375
1783702218,mem_mib,pod=workload-cloud-6f545f89ff-lzxtk,35.21484375
1783702228,mem_mib,pod=workload-cloud-6f545f89ff-lzxtk,35.21484375
1783702238,mem_mib,pod=workload-cloud-6f545f89ff-lzxtk,35.21484375
1783702248,mem_mib,pod=workload-cloud-6f545f89ff-lzxtk,35.21875
1783702258,mem_mib,pod=workload-cloud-6f545f89ff-lzxtk,35.21875
1783702268,mem_mib,pod=workload-cloud-6f545f89ff-lzxtk,35.22265625
1783702278,mem_mib,pod=workload-cloud-6f545f89ff-lzxtk,35.22265625
1783702288,mem_mib,pod=workload-cloud-6f545f89ff-lzxtk,35.22265625
1783702298,mem_mib,pod=workload-cloud-6f545f89ff-lzxtk,35.22265625
1783702308,mem_mib,pod=workload-cloud-6f545f89ff-lzxtk,35.23046875
1783702318,mem_mib,pod=workload-cloud-6f545f89ff-lzxtk,35.23046875
1783702328,mem_mib,pod=workload-cloud-6f545f89ff-lzxtk,35.23046875
1783702338,mem_mib,pod=workload-cloud-6f545f89ff-lzxtk,35.23046875
1783702348,mem_mib,pod=workload-cloud-6f545f89ff-lzxtk,35.234375
1783702358,mem_mib,pod=workload-cloud-6f545f89ff-lzxtk,35.234375
1783702368,mem_mib,pod=workload-cloud-6f545f89ff-lzxtk,35.2421875
1783702378,mem_mib,pod=workload-cloud-6f545f89ff-lzxtk,35.2421875
1783702388,mem_mib,pod=workload-cloud-6f545f89ff-lzxtk,35.2421875
1783702398,mem_mib,pod=workload-cloud-6f545f89ff-lzxtk,35.4921875
1783702408,mem_mib,pod=workload-cloud-6f545f89ff-lzxtk,35.25
1783702418,mem_mib,pod=workload-cloud-6f545f89ff-lzxtk,35.25
1783702428,mem_mib,pod=workload-cloud-6f545f89ff-lzxtk,35.25
1783702438,mem_mib,pod=workload-cloud-6f545f89ff-lzxtk,35.25
1783702448,mem_mib,pod=workload-cloud-6f545f89ff-lzxtk,35.25
1783702458,mem_mib,pod=workload-cloud-6f545f89ff-lzxtk,35.25
1783702468,mem_mib,pod=workload-cloud-6f545f89ff-lzxtk,35.25
1783702478,mem_mib,pod=workload-cloud-6f545f89ff-lzxtk,35.25
1783702488,mem_mib,pod=workload-cloud-6f545f89ff-lzxtk,35.25
1783702498,mem_mib,pod=workload-cloud-6f545f89ff-lzxtk,35.25
1783701858,mem_mib,pod=workload-cloud-6f545f89ff-r28zz,40.58203125
1783701868,mem_mib,pod=workload-cloud-6f545f89ff-r28zz,40.58203125
1783701878,mem_mib,pod=workload-cloud-6f545f89ff-r28zz,40.58203125
1783701888,mem_mib,pod=workload-cloud-6f545f89ff-r28zz,41.08203125
1783701898,mem_mib,pod=workload-cloud-6f545f89ff-r28zz,41.08203125
1783701908,mem_mib,pod=workload-cloud-6f545f89ff-r28zz,41.125
1783701918,mem_mib,pod=workload-cloud-6f545f89ff-r28zz,40.765625
1783701928,mem_mib,pod=workload-cloud-6f545f89ff-r28zz,41.3046875
1783701938,mem_mib,pod=workload-cloud-6f545f89ff-r28zz,41.35546875
1783701948,mem_mib,pod=workload-cloud-6f545f89ff-r28zz,41.35546875
1783701958,mem_mib,pod=workload-cloud-6f545f89ff-r28zz,41.16796875
1783701968,mem_mib,pod=workload-cloud-6f545f89ff-r28zz,41.16796875
1783701978,mem_mib,pod=workload-cloud-6f545f89ff-r28zz,41.51953125
1783701988,mem_mib,pod=workload-cloud-6f545f89ff-r28zz,41.06640625
1783701998,mem_mib,pod=workload-cloud-6f545f89ff-r28zz,41.07421875
1783702008,mem_mib,pod=workload-cloud-6f545f89ff-r28zz,41.30078125
1783702018,mem_mib,pod=workload-cloud-6f545f89ff-r28zz,42.08984375
1783702028,mem_mib,pod=workload-cloud-6f545f89ff-r28zz,42.08984375
1783702038,mem_mib,pod=workload-cloud-6f545f89ff-r28zz,41.6015625
1783702048,mem_mib,pod=workload-cloud-6f545f89ff-r28zz,41.640625
1783702058,mem_mib,pod=workload-cloud-6f545f89ff-r28zz,41.671875
1783702068,mem_mib,pod=workload-cloud-6f545f89ff-r28zz,41.671875
1783702078,mem_mib,pod=workload-cloud-6f545f89ff-r28zz,41.73828125
1783702088,mem_mib,pod=workload-cloud-6f545f89ff-r28zz,41.73828125
1783702098,mem_mib,pod=workload-cloud-6f545f89ff-r28zz,41.6875
1783702108,mem_mib,pod=workload-cloud-6f545f89ff-r28zz,41.6875
1783702118,mem_mib,pod=workload-cloud-6f545f89ff-r28zz,42.44140625
1783702128,mem_mib,pod=workload-cloud-6f545f89ff-r28zz,42.44140625
1783702138,mem_mib,pod=workload-cloud-6f545f89ff-r28zz,41.7578125
1783702148,mem_mib,pod=workload-cloud-6f545f89ff-r28zz,41.7578125
1783702158,mem_mib,pod=workload-cloud-6f545f89ff-r28zz,41.69140625
1783702168,mem_mib,pod=workload-cloud-6f545f89ff-r28zz,41.6875
1783702178,mem_mib,pod=workload-cloud-6f545f89ff-r28zz,41.69921875
1783702188,mem_mib,pod=workload-cloud-6f545f89ff-r28zz,41.69921875
1783702198,mem_mib,pod=workload-cloud-6f545f89ff-r28zz,41.703125
1783702208,mem_mib,pod=workload-cloud-6f545f89ff-r28zz,41.703125
1783702218,mem_mib,pod=workload-cloud-6f545f89ff-r28zz,41.55859375
1783702228,mem_mib,pod=workload-cloud-6f545f89ff-r28zz,41.55859375
1783702238,mem_mib,pod=workload-cloud-6f545f89ff-r28zz,41.515625
1783702248,mem_mib,pod=workload-cloud-6f545f89ff-r28zz,41.44921875
1783702258,mem_mib,pod=workload-cloud-6f545f89ff-r28zz,41.19140625
1783702268,mem_mib,pod=workload-cloud-6f545f89ff-r28zz,41.19140625
1783702278,mem_mib,pod=workload-cloud-6f545f89ff-r28zz,41.1875
1783702288,mem_mib,pod=workload-cloud-6f545f89ff-r28zz,41.1875
1783702298,mem_mib,pod=workload-cloud-6f545f89ff-r28zz,41.43359375
1783702308,mem_mib,pod=workload-cloud-6f545f89ff-r28zz,41.2109375
1783702318,mem_mib,pod=workload-cloud-6f545f89ff-r28zz,41.2109375
1783702328,mem_mib,pod=workload-cloud-6f545f89ff-r28zz,41.44921875
1783702338,mem_mib,pod=workload-cloud-6f545f89ff-r28zz,41.44921875
1783702348,mem_mib,pod=workload-cloud-6f545f89ff-r28zz,41.6875
1783702358,mem_mib,pod=workload-cloud-6f545f89ff-r28zz,42.71484375
1783702368,mem_mib,pod=workload-cloud-6f545f89ff-r28zz,41.1875
1783702378,mem_mib,pod=workload-cloud-6f545f89ff-r28zz,41.94140625
1783702388,mem_mib,pod=workload-cloud-6f545f89ff-r28zz,41.94140625
1783702398,mem_mib,pod=workload-cloud-6f545f89ff-r28zz,42.1875
1783702408,mem_mib,pod=workload-cloud-6f545f89ff-r28zz,42.1875
1783702418,mem_mib,pod=workload-cloud-6f545f89ff-r28zz,41.19140625
1783702428,mem_mib,pod=workload-cloud-6f545f89ff-r28zz,41.19140625
1783702438,mem_mib,pod=workload-cloud-6f545f89ff-r28zz,41.43359375
1783702448,mem_mib,pod=workload-cloud-6f545f89ff-r28zz,40.63671875
1783702458,mem_mib,pod=workload-cloud-6f545f89ff-r28zz,40.58203125
1783702468,mem_mib,pod=workload-cloud-6f545f89ff-r28zz,40.58203125
1783702478,mem_mib,pod=workload-cloud-6f545f89ff-r28zz,40.58203125
1783702488,mem_mib,pod=workload-cloud-6f545f89ff-r28zz,40.58203125
1783702498,mem_mib,pod=workload-cloud-6f545f89ff-r28zz,40.58203125
1783701968,mem_mib,pod=workload-cloud-6f545f89ff-rsp7g,4.40625
1783701978,mem_mib,pod=workload-cloud-6f545f89ff-rsp7g,4.40625
1783701988,mem_mib,pod=workload-cloud-6f545f89ff-rsp7g,35.1328125
1783701998,mem_mib,pod=workload-cloud-6f545f89ff-rsp7g,35.15625
1783702008,mem_mib,pod=workload-cloud-6f545f89ff-rsp7g,35.15625
1783702018,mem_mib,pod=workload-cloud-6f545f89ff-rsp7g,35.16796875
1783702028,mem_mib,pod=workload-cloud-6f545f89ff-rsp7g,35.2421875
1783702038,mem_mib,pod=workload-cloud-6f545f89ff-rsp7g,35.328125
1783702048,mem_mib,pod=workload-cloud-6f545f89ff-rsp7g,35.328125
1783702058,mem_mib,pod=workload-cloud-6f545f89ff-rsp7g,36.08203125
1783702068,mem_mib,pod=workload-cloud-6f545f89ff-rsp7g,36.08203125
1783702078,mem_mib,pod=workload-cloud-6f545f89ff-rsp7g,39.2109375
1783702088,mem_mib,pod=workload-cloud-6f545f89ff-rsp7g,37.47265625
1783702098,mem_mib,pod=workload-cloud-6f545f89ff-rsp7g,38.48828125
1783702108,mem_mib,pod=workload-cloud-6f545f89ff-rsp7g,38.48828125
1783702118,mem_mib,pod=workload-cloud-6f545f89ff-rsp7g,37.54296875
1783702128,mem_mib,pod=workload-cloud-6f545f89ff-rsp7g,37.54296875
1783702138,mem_mib,pod=workload-cloud-6f545f89ff-rsp7g,37.8515625
1783702148,mem_mib,pod=workload-cloud-6f545f89ff-rsp7g,37.60546875
1783702158,mem_mib,pod=workload-cloud-6f545f89ff-rsp7g,37.66015625
1783702168,mem_mib,pod=workload-cloud-6f545f89ff-rsp7g,37.66015625
1783702178,mem_mib,pod=workload-cloud-6f545f89ff-rsp7g,37.671875
1783702188,mem_mib,pod=workload-cloud-6f545f89ff-rsp7g,37.671875
1783702198,mem_mib,pod=workload-cloud-6f545f89ff-rsp7g,37.9375
1783702208,mem_mib,pod=workload-cloud-6f545f89ff-rsp7g,37.9375
1783702218,mem_mib,pod=workload-cloud-6f545f89ff-rsp7g,38.13671875
1783702228,mem_mib,pod=workload-cloud-6f545f89ff-rsp7g,38.13671875
1783702238,mem_mib,pod=workload-cloud-6f545f89ff-rsp7g,38.00390625
1783702248,mem_mib,pod=workload-cloud-6f545f89ff-rsp7g,37.015625
1783702258,mem_mib,pod=workload-cloud-6f545f89ff-rsp7g,37.015625
1783702268,mem_mib,pod=workload-cloud-6f545f89ff-rsp7g,36.96875
1783702278,mem_mib,pod=workload-cloud-6f545f89ff-rsp7g,36.96875
1783702288,mem_mib,pod=workload-cloud-6f545f89ff-rsp7g,37.0
1783702298,mem_mib,pod=workload-cloud-6f545f89ff-rsp7g,37.0
1783702308,mem_mib,pod=workload-cloud-6f545f89ff-rsp7g,37.0
1783702318,mem_mib,pod=workload-cloud-6f545f89ff-rsp7g,37.2421875
1783702328,mem_mib,pod=workload-cloud-6f545f89ff-rsp7g,37.0
1783702338,mem_mib,pod=workload-cloud-6f545f89ff-rsp7g,37.0
1783702348,mem_mib,pod=workload-cloud-6f545f89ff-rsp7g,37.0
1783702358,mem_mib,pod=workload-cloud-6f545f89ff-rsp7g,37.0
1783702368,mem_mib,pod=workload-cloud-6f545f89ff-rsp7g,37.515625
1783702378,mem_mib,pod=workload-cloud-6f545f89ff-rsp7g,37.5
1783702388,mem_mib,pod=workload-cloud-6f545f89ff-rsp7g,37.5
1783702398,mem_mib,pod=workload-cloud-6f545f89ff-rsp7g,37.2421875
1783702408,mem_mib,pod=workload-cloud-6f545f89ff-rsp7g,37.0
1783702418,mem_mib,pod=workload-cloud-6f545f89ff-rsp7g,37.0
1783702428,mem_mib,pod=workload-cloud-6f545f89ff-rsp7g,36.96484375
1783702438,mem_mib,pod=workload-cloud-6f545f89ff-rsp7g,37.22265625
1783702448,mem_mib,pod=workload-cloud-6f545f89ff-rsp7g,36.97265625
1783702458,mem_mib,pod=workload-cloud-6f545f89ff-rsp7g,36.97265625
1783702468,mem_mib,pod=workload-cloud-6f545f89ff-rsp7g,36.96484375
1783702478,mem_mib,pod=workload-cloud-6f545f89ff-rsp7g,36.96484375
1783702488,mem_mib,pod=workload-cloud-6f545f89ff-rsp7g,36.96484375
1783702498,mem_mib,pod=workload-cloud-6f545f89ff-rsp7g,36.96484375
1783701858,mem_mib,pod=workload-edge-7b875fd8c6-pxwvc,39.26171875
1783701868,mem_mib,pod=workload-edge-7b875fd8c6-pxwvc,39.26171875
1783701878,mem_mib,pod=workload-edge-7b875fd8c6-pxwvc,39.26171875
1783701888,mem_mib,pod=workload-edge-7b875fd8c6-pxwvc,39.26171875
1783701898,mem_mib,pod=workload-edge-7b875fd8c6-pxwvc,39.26171875
1783701908,mem_mib,pod=workload-edge-7b875fd8c6-pxwvc,39.26171875
1783701918,mem_mib,pod=workload-edge-7b875fd8c6-pxwvc,39.26171875
1783701928,mem_mib,pod=workload-edge-7b875fd8c6-pxwvc,39.26171875
1783701938,mem_mib,pod=workload-edge-7b875fd8c6-pxwvc,39.26171875
1783701948,mem_mib,pod=workload-edge-7b875fd8c6-pxwvc,39.26171875
1783701958,mem_mib,pod=workload-edge-7b875fd8c6-pxwvc,39.51171875
1783701968,mem_mib,pod=workload-edge-7b875fd8c6-pxwvc,39.26171875
1783701978,mem_mib,pod=workload-edge-7b875fd8c6-pxwvc,39.26171875
1783701988,mem_mib,pod=workload-edge-7b875fd8c6-pxwvc,39.26171875
1783701998,mem_mib,pod=workload-edge-7b875fd8c6-pxwvc,39.26171875
1783702008,mem_mib,pod=workload-edge-7b875fd8c6-pxwvc,39.26171875
1783702018,mem_mib,pod=workload-edge-7b875fd8c6-pxwvc,39.26171875
1783702028,mem_mib,pod=workload-edge-7b875fd8c6-pxwvc,39.26171875
1783702038,mem_mib,pod=workload-edge-7b875fd8c6-pxwvc,39.26171875
1783702048,mem_mib,pod=workload-edge-7b875fd8c6-pxwvc,39.26171875
1783702058,mem_mib,pod=workload-edge-7b875fd8c6-pxwvc,39.26171875
1783702068,mem_mib,pod=workload-edge-7b875fd8c6-pxwvc,39.26171875
1783702078,mem_mib,pod=workload-edge-7b875fd8c6-pxwvc,39.26171875
1783702088,mem_mib,pod=workload-edge-7b875fd8c6-pxwvc,39.26171875
1783702098,mem_mib,pod=workload-edge-7b875fd8c6-pxwvc,39.26171875
1783702108,mem_mib,pod=workload-edge-7b875fd8c6-pxwvc,39.26171875
1783702118,mem_mib,pod=workload-edge-7b875fd8c6-pxwvc,39.26171875
1783702128,mem_mib,pod=workload-edge-7b875fd8c6-pxwvc,39.26171875
1783702138,mem_mib,pod=workload-edge-7b875fd8c6-pxwvc,39.26171875
1783702148,mem_mib,pod=workload-edge-7b875fd8c6-pxwvc,39.26171875
1783702158,mem_mib,pod=workload-edge-7b875fd8c6-pxwvc,39.26171875
1783702168,mem_mib,pod=workload-edge-7b875fd8c6-pxwvc,39.26171875
1783702178,mem_mib,pod=workload-edge-7b875fd8c6-pxwvc,39.26171875
1783702188,mem_mib,pod=workload-edge-7b875fd8c6-pxwvc,39.26171875
1783702198,mem_mib,pod=workload-edge-7b875fd8c6-pxwvc,39.26171875
1783702208,mem_mib,pod=workload-edge-7b875fd8c6-pxwvc,39.26171875
1783702218,mem_mib,pod=workload-edge-7b875fd8c6-pxwvc,39.26171875
1783702228,mem_mib,pod=workload-edge-7b875fd8c6-pxwvc,39.26171875
1783702238,mem_mib,pod=workload-edge-7b875fd8c6-pxwvc,39.26171875
1783702248,mem_mib,pod=workload-edge-7b875fd8c6-pxwvc,39.26171875
1783702258,mem_mib,pod=workload-edge-7b875fd8c6-pxwvc,39.26171875
1783702268,mem_mib,pod=workload-edge-7b875fd8c6-pxwvc,39.26171875
1783702278,mem_mib,pod=workload-edge-7b875fd8c6-pxwvc,39.26171875
1783702288,mem_mib,pod=workload-edge-7b875fd8c6-pxwvc,39.26171875
1783702298,mem_mib,pod=workload-edge-7b875fd8c6-pxwvc,39.26171875
1783702308,mem_mib,pod=workload-edge-7b875fd8c6-pxwvc,39.26171875
1783702318,mem_mib,pod=workload-edge-7b875fd8c6-pxwvc,39.26171875
1783702328,mem_mib,pod=workload-edge-7b875fd8c6-pxwvc,39.26171875
1783702338,mem_mib,pod=workload-edge-7b875fd8c6-pxwvc,39.26171875
1783702348,mem_mib,pod=workload-edge-7b875fd8c6-pxwvc,39.26171875
1783702358,mem_mib,pod=workload-edge-7b875fd8c6-pxwvc,39.26171875
1783702368,mem_mib,pod=workload-edge-7b875fd8c6-pxwvc,39.26171875
1783702378,mem_mib,pod=workload-edge-7b875fd8c6-pxwvc,39.26171875
1783702388,mem_mib,pod=workload-edge-7b875fd8c6-pxwvc,39.26171875
1783702398,mem_mib,pod=workload-edge-7b875fd8c6-pxwvc,39.26171875
1783702408,mem_mib,pod=workload-edge-7b875fd8c6-pxwvc,39.26171875
1783702418,mem_mib,pod=workload-edge-7b875fd8c6-pxwvc,39.26171875
1783702428,mem_mib,pod=workload-edge-7b875fd8c6-pxwvc,39.26171875
1783702438,mem_mib,pod=workload-edge-7b875fd8c6-pxwvc,39.26171875
1783702448,mem_mib,pod=workload-edge-7b875fd8c6-pxwvc,39.26171875
1783702458,mem_mib,pod=workload-edge-7b875fd8c6-pxwvc,39.26171875
1783702468,mem_mib,pod=workload-edge-7b875fd8c6-pxwvc,39.26171875
1783702478,mem_mib,pod=workload-edge-7b875fd8c6-pxwvc,39.26171875
1783702488,mem_mib,pod=workload-edge-7b875fd8c6-pxwvc,39.26171875
1783702498,mem_mib,pod=workload-edge-7b875fd8c6-pxwvc,39.26171875
1783701858,rps,tier=cloud,0.0
1783701868,rps,tier=cloud,1.3201432159698192
1783701878,rps,tier=cloud,6.680378424033673
1783701888,rps,tier=cloud,16.04117330009732
1783701898,rps,tier=cloud,29.462629037525723
1783701908,rps,tier=cloud,46.92369871025145
1783701918,rps,tier=cloud,65.86463673299237
1783701928,rps,tier=cloud,84.38925622369814
1783701938,rps,tier=cloud,102.6881670906055
1783701948,rps,tier=cloud,119.84963922317789
1783701958,rps,tier=cloud,134.21210190464603
1783701968,rps,tier=cloud,155.91975380469765
1783701978,rps,tier=cloud,171.56907401509744
1783701988,rps,tier=cloud,186.28164633475225
1783701998,rps,tier=cloud,201.59637002981327
1783702008,rps,tier=cloud,220.19690459836292
1783702018,rps,tier=cloud,234.64346434643465
1783702028,rps,tier=cloud,251.47988214197906
1783702038,rps,tier=cloud,272.1570353345868
1783702048,rps,tier=cloud,290.9679419454736
1783702058,rps,tier=cloud,374.65619740844494
1783702068,rps,tier=cloud,527.1995585516347
1783702078,rps,tier=cloud,713.8450521224648
1783702088,rps,tier=cloud,913.7308072848286
1783702098,rps,tier=cloud,1102.0609603751907
1783702108,rps,tier=cloud,1276.634997174903
1783702118,rps,tier=cloud,1350.6783883328044
1783702128,rps,tier=cloud,1364.1648719271982
1783702138,rps,tier=cloud,1360.209430330967
1783702148,rps,tier=cloud,1364.768590251912
1783702158,rps,tier=cloud,1367.9913579969145
1783702168,rps,tier=cloud,1371.9208854857964
1783702178,rps,tier=cloud,1382.0795973771258
1783702188,rps,tier=cloud,1381.247980570333
1783702198,rps,tier=cloud,1357.651008853765
1783702208,rps,tier=cloud,1306.9524926073852
1783702218,rps,tier=cloud,1176.4346302303825
1783702228,rps,tier=cloud,973.3801205224031
1783702238,rps,tier=cloud,770.5150065483907
1783702248,rps,tier=cloud,589.1662268006951
1783702258,rps,tier=cloud,427.43102406619073
1783702268,rps,tier=cloud,349.50154562622794
1783702278,rps,tier=cloud,341.45655643561804
1783702288,rps,tier=cloud,338.60230580670884
1783702298,rps,tier=cloud,333.2459459369402
1783702308,rps,tier=cloud,331.68227490962505
1783702318,rps,tier=cloud,333.0497950987194
1783702328,rps,tier=cloud,333.14445044582504
1783702338,rps,tier=cloud,339.1794212415742
1783702348,rps,tier=cloud,344.21291357073943
1783702358,rps,tier=cloud,344.36293354277825
1783702368,rps,tier=cloud,342.7845799555526
1783702378,rps,tier=cloud,341.7747423420183
1783702388,rps,tier=cloud,341.8303907506689
1783702398,rps,tier=cloud,342.02472117363345
1783702408,rps,tier=cloud,339.89646237211304
1783702418,rps,tier=cloud,315.4732012817573
1783702428,rps,tier=cloud,274.3124728654651
1783702438,rps,tier=cloud,211.3817967155644
1783702448,rps,tier=cloud,142.18189073170475
1783702458,rps,tier=cloud,76.86490558474836
1783702468,rps,tier=cloud,33.444332794539164
1783702478,rps,tier=cloud,6.480438431874421
1783702488,rps,tier=cloud,0.0
1783702498,rps,tier=cloud,0.0
1783701858,rps,tier=edge,0.0
1783701868,rps,tier=edge,0.0
1783701878,rps,tier=edge,0.0
1783701888,rps,tier=edge,0.0
1783701898,rps,tier=edge,0.0
1783701908,rps,tier=edge,0.0
1783701918,rps,tier=edge,0.0
1783701928,rps,tier=edge,0.0
1783701938,rps,tier=edge,0.0
1783701948,rps,tier=edge,0.0
1783701958,rps,tier=edge,0.0
1783701968,rps,tier=edge,0.0
1783701978,rps,tier=edge,0.0
1783701988,rps,tier=edge,0.0
1783701998,rps,tier=edge,0.0
1783702008,rps,tier=edge,0.0
1783702018,rps,tier=edge,0.0
1783702028,rps,tier=edge,0.0
1783702038,rps,tier=edge,0.0
1783702048,rps,tier=edge,0.0
1783702058,rps,tier=edge,0.0
1783702068,rps,tier=edge,0.0
1783702078,rps,tier=edge,0.0
1783702088,rps,tier=edge,0.0
1783702098,rps,tier=edge,0.0
1783702108,rps,tier=edge,0.0
1783702118,rps,tier=edge,0.0
1783702128,rps,tier=edge,0.0
1783702138,rps,tier=edge,0.0
1783702148,rps,tier=edge,0.0
1783702158,rps,tier=edge,0.0
1783702168,rps,tier=edge,0.0
1783702178,rps,tier=edge,0.0
1783702188,rps,tier=edge,0.0
1783702198,rps,tier=edge,0.0
1783702208,rps,tier=edge,0.0
1783702218,rps,tier=edge,0.0
1783702228,rps,tier=edge,0.0
1783702238,rps,tier=edge,0.0
1783702248,rps,tier=edge,0.0
1783702258,rps,tier=edge,0.0
1783702268,rps,tier=edge,0.0
1783702278,rps,tier=edge,0.0
1783702288,rps,tier=edge,0.0
1783702298,rps,tier=edge,0.0
1783702308,rps,tier=edge,0.0
1783702318,rps,tier=edge,0.0
1783702328,rps,tier=edge,0.0
1783702338,rps,tier=edge,0.0
1783702348,rps,tier=edge,0.0
1783702358,rps,tier=edge,0.0
1783702368,rps,tier=edge,0.0
1783702378,rps,tier=edge,0.0
1783702388,rps,tier=edge,0.0
1783702398,rps,tier=edge,0.0
1783702408,rps,tier=edge,0.0
1783702418,rps,tier=edge,0.0
1783702428,rps,tier=edge,0.0
1783702438,rps,tier=edge,0.0
1783702448,rps,tier=edge,0.0
1783702458,rps,tier=edge,0.0
1783702468,rps,tier=edge,0.0
1783702478,rps,tier=edge,0.0
1783702488,rps,tier=edge,0.0
1783702498,rps,tier=edge,0.0
1783701858,lat50_ms,tier=cloud,5.890289747021396
1783701868,lat50_ms,tier=cloud,3.521739196316526
1783701878,lat50_ms,tier=cloud,3.5136778737902006
1783701888,lat50_ms,tier=cloud,3.4962121057759386
1783701898,lat50_ms,tier=cloud,3.4875776397515525
1783701908,lat50_ms,tier=cloud,3.500665602770195
1783701918,lat50_ms,tier=cloud,3.9023399548926436
1783701928,lat50_ms,tier=cloud,4.348404333561994
1783701938,lat50_ms,tier=cloud,4.692330817670576
1783701948,lat50_ms,tier=cloud,5.64493512251712
1783701958,lat50_ms,tier=cloud,6.379410810237083
1783701968,lat50_ms,tier=cloud,6.632928093725206
1783701978,lat50_ms,tier=cloud,7.70911687503591
1783701988,lat50_ms,tier=cloud,9.01359748400739
1783701998,lat50_ms,tier=cloud,10.07067365378276
1783702008,lat50_ms,tier=cloud,10.50308602737271
1783702018,lat50_ms,tier=cloud,11.3589494642565
1783702028,lat50_ms,tier=cloud,11.685652506451934
1783702038,lat50_ms,tier=cloud,11.802748795980316
1783702048,lat50_ms,tier=cloud,11.693200312710704
1783702058,lat50_ms,tier=cloud,10.731461366476971
1783702068,lat50_ms,tier=cloud,12.27206596350756
1783702078,lat50_ms,tier=cloud,16.282061936520417
1783702088,lat50_ms,tier=cloud,20.560732423678495
1783702098,lat50_ms,tier=cloud,24.142985677420707
1783702108,lat50_ms,tier=cloud,26.802645003981606
1783702118,lat50_ms,tier=cloud,28.58737838380206
1783702128,lat50_ms,tier=cloud,30.10879837353288
1783702138,lat50_ms,tier=cloud,31.31132090608988
1783702148,lat50_ms,tier=cloud,32.18916627221101
1783702158,lat50_ms,tier=cloud,32.79515269605686
1783702168,lat50_ms,tier=cloud,33.90924885132121
1783702178,lat50_ms,tier=cloud,34.78906343403824
1783702188,lat50_ms,tier=cloud,35.13015684217309
1783702198,lat50_ms,tier=cloud,35.274887399605184
1783702208,lat50_ms,tier=cloud,34.877800361394655
1783702218,lat50_ms,tier=cloud,34.84736261371902
1783702228,lat50_ms,tier=cloud,34.66135384052733
1783702238,lat50_ms,tier=cloud,33.928434665139534
1783702248,lat50_ms,tier=cloud,32.886237399406184
1783702258,lat50_ms,tier=cloud,31.719199018840946
1783702268,lat50_ms,tier=cloud,30.757321372049756
1783702278,lat50_ms,tier=cloud,28.851364452940356
1783702288,lat50_ms,tier=cloud,26.7609218074428
1783702298,lat50_ms,tier=cloud,23.21357309821103
1783702308,lat50_ms,tier=cloud,18.371569078058222
1783702318,lat50_ms,tier=cloud,14.524453124414576
1783702328,lat50_ms,tier=cloud,11.87771965242089
1783702338,lat50_ms,tier=cloud,10.57665589673736
1783702348,lat50_ms,tier=cloud,10.589917611141521
1783702358,lat50_ms,tier=cloud,10.85588712860395
1783702368,lat50_ms,tier=cloud,11.10385924189188
1783702378,lat50_ms,tier=cloud,10.923980027207804
1783702388,lat50_ms,tier=cloud,10.805477652526418
1783702398,lat50_ms,tier=cloud,10.398329928143095
1783702408,lat50_ms,tier=cloud,10.075669081905582
1783702418,lat50_ms,tier=cloud,10.47227538844279
1783702428,lat50_ms,tier=cloud,10.859347736792916
1783702438,lat50_ms,tier=cloud,10.908655390359636
1783702448,lat50_ms,tier=cloud,11.09877861379537
1783702458,lat50_ms,tier=cloud,11.247044144316996
1783702468,lat50_ms,tier=cloud,11.041208076204827
1783702478,lat50_ms,tier=cloud,11.199728345066383
1783702488,lat50_ms,tier=cloud,11.661996071248646
1783702498,lat50_ms,tier=cloud,12.687627407808256
1783701858,lat95_ms,tier=cloud,15.791667468504446
1783701868,lat95_ms,tier=cloud,4.891304473001399
1783701878,lat95_ms,tier=cloud,4.884194584992216
1783701888,lat95_ms,tier=cloud,4.863257567795984
1783701898,lat95_ms,tier=cloud,4.859937888198758
1783701908,lat95_ms,tier=cloud,4.906415621320895
1783701918,lat95_ms,tier=cloud,15.897406611475093
1783701928,lat95_ms,tier=cloud,17.799690711060244
1783701938,lat95_ms,tier=cloud,18.217301881781204
1783701948,lat95_ms,tier=cloud,18.863088097529083
1783701958,lat95_ms,tier=cloud,19.20808888766401
1783701968,lat95_ms,tier=cloud,19.620827996838425
1783701978,lat95_ms,tier=cloud,30.616773993109234
1783701988,lat95_ms,tier=cloud,37.477081395919974
1783701998,lat95_ms,tier=cloud,39.4127939483904
1783702008,lat95_ms,tier=cloud,40.25556747666997
1783702018,lat95_ms,tier=cloud,41.78937833195939
1783702028,lat95_ms,tier=cloud,42.92461212287634
1783702038,lat95_ms,tier=cloud,43.935781558016984
1783702048,lat95_ms,tier=cloud,44.127447166470475
1783702058,lat95_ms,tier=cloud,44.77258765282779
1783702068,lat95_ms,tier=cloud,46.76777294513372
1783702078,lat95_ms,tier=cloud,55.171774540107016
1783702088,lat95_ms,tier=cloud,65.10291177288859
1783702098,lat95_ms,tier=cloud,69.6498975106701
1783702108,lat95_ms,tier=cloud,70.84118311647066
1783702118,lat95_ms,tier=cloud,72.58719302644121
1783702128,lat95_ms,tier=cloud,73.93615380823191
1783702138,lat95_ms,tier=cloud,74.53036567320802
1783702148,lat95_ms,tier=cloud,74.77609625865684
1783702158,lat95_ms,tier=cloud,74.7782078355386
1783702168,lat95_ms,tier=cloud,74.81638125943388
1783702178,lat95_ms,tier=cloud,75.19806639579112
1783702188,lat95_ms,tier=cloud,77.84548350986752
1783702198,lat95_ms,tier=cloud,82.50088081816452
1783702208,lat95_ms,tier=cloud,82.88683010781833
1783702218,lat95_ms,tier=cloud,86.36803146387635
1783702228,lat95_ms,tier=cloud,87.6054603652156
1783702238,lat95_ms,tier=cloud,87.73256950856505
1783702248,lat95_ms,tier=cloud,87.65236682007784
1783702258,lat95_ms,tier=cloud,88.44102083833535
1783702268,lat95_ms,tier=cloud,89.90574339811054
1783702278,lat95_ms,tier=cloud,92.04650029990974
1783702288,lat95_ms,tier=cloud,95.19982790211489
1783702298,lat95_ms,tier=cloud,95.53058031027686
1783702308,lat95_ms,tier=cloud,86.2572151497255
1783702318,lat95_ms,tier=cloud,77.40335667380165
1783702328,lat95_ms,tier=cloud,49.639960644682496
1783702338,lat95_ms,tier=cloud,47.10840139345154
1783702348,lat95_ms,tier=cloud,46.391629616189185
1783702358,lat95_ms,tier=cloud,46.52278493670842
1783702368,lat95_ms,tier=cloud,46.5640345631722
1783702378,lat95_ms,tier=cloud,46.49385549798235
1783702388,lat95_ms,tier=cloud,46.412407570812135
1783702398,lat95_ms,tier=cloud,45.774294192237846
1783702408,lat95_ms,tier=cloud,45.35862736248811
1783702418,lat95_ms,tier=cloud,47.09541934751709
1783702428,lat95_ms,tier=cloud,47.82019959606938
1783702438,lat95_ms,tier=cloud,48.0999356049074
1783702448,lat95_ms,tier=cloud,48.51124063929829
1783702458,lat95_ms,tier=cloud,49.04720861432418
1783702468,lat95_ms,tier=cloud,49.702520911490986
1783702478,lat95_ms,tier=cloud,54.945001290889124
1783702488,lat95_ms,tier=cloud,63.669353863007096
1783702498,lat95_ms,tier=cloud,72.86008608600564
1783701858,lat99_ms,tier=cloud,19.691666180513057
1783701868,lat99_ms,tier=cloud,6.50001045540094
1783701878,lat99_ms,tier=cloud,5.825006364157041
1783701888,lat99_ms,tier=cloud,4.9847727199755445
1783701898,lat99_ms,tier=cloud,4.9819254658385095
1783701908,lat99_ms,tier=cloud,7.87190796399025
1783701918,lat99_ms,tier=cloud,19.387273184149603
1783701928,lat99_ms,tier=cloud,19.675283141421314
1783701938,lat99_ms,tier=cloud,19.80979139383794
1783701948,lat99_ms,tier=cloud,27.60799628844153
1783701958,lat99_ms,tier=cloud,37.06285877936211
1783701968,lat99_ms,tier=cloud,42.00663816403792
1783701978,lat99_ms,tier=cloud,46.170785607781994
1783701988,lat99_ms,tier=cloud,47.549197809183745
1783701998,lat99_ms,tier=cloud,47.92299687274092
1783702008,lat99_ms,tier=cloud,48.08448867001279
1783702018,lat99_ms,tier=cloud,48.383562870906765
1783702028,lat99_ms,tier=cloud,48.62568500572873
1783702038,lat99_ms,tier=cloud,48.888659963713444
1783702048,lat99_ms,tier=cloud,48.98822467245081
1783702058,lat99_ms,tier=cloud,49.566423925188246
1783702068,lat99_ms,tier=cloud,64.03118895252312
1783702078,lat99_ms,tier=cloud,81.01028173028016
1783702088,lat99_ms,tier=cloud,88.17829180969999
1783702098,lat99_ms,tier=cloud,96.90458009088273
1783702108,lat99_ms,tier=cloud,98.04604693656087
1783702118,lat99_ms,tier=cloud,98.83365437430172
1783702128,lat99_ms,tier=cloud,99.14596253815084
1783702138,lat99_ms,tier=cloud,99.94111163000669
1783702148,lat99_ms,tier=cloud,99.89657223233151
1783702158,lat99_ms,tier=cloud,99.89636608066682
1783702168,lat99_ms,tier=cloud,99.79704012654803
1783702178,lat99_ms,tier=cloud,100.16416685866609
1783702188,lat99_ms,tier=cloud,105.8554045935289
1783702198,lat99_ms,tier=cloud,121.68515743826728
1783702208,lat99_ms,tier=cloud,128.44080863306567
1783702218,lat99_ms,tier=cloud,140.58378395930364
1783702228,lat99_ms,tier=cloud,144.75857901863097
1783702238,lat99_ms,tier=cloud,147.20534104618105
1783702248,lat99_ms,tier=cloud,149.43197549615985
1783702258,lat99_ms,tier=cloud,156.55647957654136
1783702268,lat99_ms,tier=cloud,165.2531635367502
1783702278,lat99_ms,tier=cloud,173.7363304991556
1783702288,lat99_ms,tier=cloud,184.52466548527377
1783702298,lat99_ms,tier=cloud,191.22718153706404
1783702308,lat99_ms,tier=cloud,178.40301184422816
1783702318,lat99_ms,tier=cloud,159.40974672643372
1783702328,lat99_ms,tier=cloud,108.6252578211983
1783702338,lat99_ms,tier=cloud,73.8298156274358
1783702348,lat99_ms,tier=cloud,62.79939866779145
1783702358,lat99_ms,tier=cloud,62.05830337734625
1783702368,lat99_ms,tier=cloud,60.981085544797295
1783702378,lat99_ms,tier=cloud,60.487224666470325
1783702388,lat99_ms,tier=cloud,58.82186454984337
1783702398,lat99_ms,tier=cloud,49.798634347190394
1783702408,lat99_ms,tier=cloud,49.43398157521056
1783702418,lat99_ms,tier=cloud,86.95691200775093
1783702428,lat99_ms,tier=cloud,91.37556558993752
1783702438,lat99_ms,tier=cloud,94.90316529569822
1783702448,lat99_ms,tier=cloud,98.8043560074036
1783702458,lat99_ms,tier=cloud,106.4974624526963
1783702468,lat99_ms,tier=cloud,115.66357405470772
1783702478,lat99_ms,tier=cloud,124.87751102465516
1783702488,lat99_ms,tier=cloud,134.1346413550855
1783702498,lat99_ms,tier=cloud,143.56513180998803
1783701858,inflight,tier=cloud,0.0
1783701868,inflight,tier=cloud,0.0
1783701878,inflight,tier=cloud,0.0
1783701888,inflight,tier=cloud,0.0
1783701898,inflight,tier=cloud,0.0
1783701908,inflight,tier=cloud,1.0
1783701918,inflight,tier=cloud,0.0
1783701928,inflight,tier=cloud,0.0
1783701938,inflight,tier=cloud,0.0
1783701948,inflight,tier=cloud,1.0
1783701958,inflight,tier=cloud,0.0
1783701968,inflight,tier=cloud,0.0
1783701978,inflight,tier=cloud,0.0
1783701988,inflight,tier=cloud,1.0
1783701998,inflight,tier=cloud,0.0
1783702008,inflight,tier=cloud,0.0
1783702018,inflight,tier=cloud,0.0
1783702028,inflight,tier=cloud,0.0
1783702038,inflight,tier=cloud,0.0
1783702048,inflight,tier=cloud,0.0
1783702058,inflight,tier=cloud,0.0
1783702068,inflight,tier=cloud,13.0
1783702078,inflight,tier=cloud,18.0
1783702088,inflight,tier=cloud,23.0
1783702098,inflight,tier=cloud,3.0
1783702108,inflight,tier=cloud,10.0
1783702118,inflight,tier=cloud,1.0
1783702128,inflight,tier=cloud,18.0
1783702138,inflight,tier=cloud,0.0
1783702148,inflight,tier=cloud,2.0
1783702158,inflight,tier=cloud,17.0
1783702168,inflight,tier=cloud,5.0
1783702178,inflight,tier=cloud,14.0
1783702188,inflight,tier=cloud,16.0
1783702198,inflight,tier=cloud,24.0
1783702208,inflight,tier=cloud,2.0
1783702218,inflight,tier=cloud,5.0
1783702228,inflight,tier=cloud,0.0
1783702238,inflight,tier=cloud,3.0
1783702248,inflight,tier=cloud,0.0
1783702258,inflight,tier=cloud,1.0
1783702268,inflight,tier=cloud,0.0
1783702278,inflight,tier=cloud,0.0
1783702288,inflight,tier=cloud,0.0
1783702298,inflight,tier=cloud,0.0
1783702308,inflight,tier=cloud,1.0
1783702318,inflight,tier=cloud,0.0
1783702328,inflight,tier=cloud,0.0
1783702338,inflight,tier=cloud,4.0
1783702348,inflight,tier=cloud,0.0
1783702358,inflight,tier=cloud,0.0
1783702368,inflight,tier=cloud,0.0
1783702378,inflight,tier=cloud,0.0
1783702388,inflight,tier=cloud,0.0
1783702398,inflight,tier=cloud,0.0
1783702408,inflight,tier=cloud,0.0
1783702418,inflight,tier=cloud,0.0
1783702428,inflight,tier=cloud,0.0
1783702438,inflight,tier=cloud,0.0
1783702448,inflight,tier=cloud,0.0
1783702458,inflight,tier=cloud,0.0
1783702468,inflight,tier=cloud,0.0
1783702478,inflight,tier=cloud,0.0
1783702488,inflight,tier=cloud,0.0
1783702498,inflight,tier=cloud,0.0
1783701858,inflight,tier=edge,0.0
1783701868,inflight,tier=edge,0.0
1783701878,inflight,tier=edge,0.0
1783701888,inflight,tier=edge,0.0
1783701898,inflight,tier=edge,0.0
1783701908,inflight,tier=edge,0.0
1783701918,inflight,tier=edge,0.0
1783701928,inflight,tier=edge,0.0
1783701938,inflight,tier=edge,0.0
1783701948,inflight,tier=edge,0.0
1783701958,inflight,tier=edge,0.0
1783701968,inflight,tier=edge,0.0
1783701978,inflight,tier=edge,0.0
1783701988,inflight,tier=edge,0.0
1783701998,inflight,tier=edge,0.0
1783702008,inflight,tier=edge,0.0
1783702018,inflight,tier=edge,0.0
1783702028,inflight,tier=edge,0.0
1783702038,inflight,tier=edge,0.0
1783702048,inflight,tier=edge,0.0
1783702058,inflight,tier=edge,0.0
1783702068,inflight,tier=edge,0.0
1783702078,inflight,tier=edge,0.0
1783702088,inflight,tier=edge,0.0
1783702098,inflight,tier=edge,0.0
1783702108,inflight,tier=edge,0.0
1783702118,inflight,tier=edge,0.0
1783702128,inflight,tier=edge,0.0
1783702138,inflight,tier=edge,0.0
1783702148,inflight,tier=edge,0.0
1783702158,inflight,tier=edge,0.0
1783702168,inflight,tier=edge,0.0
1783702178,inflight,tier=edge,0.0
1783702188,inflight,tier=edge,0.0
1783702198,inflight,tier=edge,0.0
1783702208,inflight,tier=edge,0.0
1783702218,inflight,tier=edge,0.0
1783702228,inflight,tier=edge,0.0
1783702238,inflight,tier=edge,0.0
1783702248,inflight,tier=edge,0.0
1783702258,inflight,tier=edge,0.0
1783702268,inflight,tier=edge,0.0
1783702278,inflight,tier=edge,0.0
1783702288,inflight,tier=edge,0.0
1783702298,inflight,tier=edge,0.0
1783702308,inflight,tier=edge,0.0
1783702318,inflight,tier=edge,0.0
1783702328,inflight,tier=edge,0.0
1783702338,inflight,tier=edge,0.0
1783702348,inflight,tier=edge,0.0
1783702358,inflight,tier=edge,0.0
1783702368,inflight,tier=edge,0.0
1783702378,inflight,tier=edge,0.0
1783702388,inflight,tier=edge,0.0
1783702398,inflight,tier=edge,0.0
1783702408,inflight,tier=edge,0.0
1783702418,inflight,tier=edge,0.0
1783702428,inflight,tier=edge,0.0
1783702438,inflight,tier=edge,0.0
1783702448,inflight,tier=edge,0.0
1783702458,inflight,tier=edge,0.0
1783702468,inflight,tier=edge,0.0
1783702478,inflight,tier=edge,0.0
1783702488,inflight,tier=edge,0.0
1783702498,inflight,tier=edge,0.0
