ts,metric,labels,value
1783670148,replicas_status,deployment=workload-cloud,1.0
1783670158,replicas_status,deployment=workload-cloud,1.0
1783670168,replicas_status,deployment=workload-cloud,1.0
1783670178,replicas_status,deployment=workload-cloud,1.0
1783670188,replicas_status,deployment=workload-cloud,1.0
1783670198,replicas_status,deployment=workload-cloud,1.0
1783670208,replicas_status,deployment=workload-cloud,1.0
1783670218,replicas_status,deployment=workload-cloud,2.0
1783670228,replicas_status,deployment=workload-cloud,2.0
1783670238,replicas_status,deployment=workload-cloud,2.0
1783670248,replicas_status,deployment=workload-cloud,3.0
1783670258,replicas_status,deployment=workload-cloud,3.0
1783670268,replicas_status,deployment=workload-cloud,3.0
1783670278,replicas_status,deployment=workload-cloud,3.0
1783670288,replicas_status,deployment=workload-cloud,3.0
1783670298,replicas_status,deployment=workload-cloud,4.0
1783670308,replicas_status,deployment=workload-cloud,4.0
1783670318,replicas_status,deployment=workload-cloud,4.0
1783670328,replicas_status,deployment=workload-cloud,4.0
1783670338,replicas_status,deployment=workload-cloud,4.0
1783670348,replicas_status,deployment=workload-cloud,4.0
1783670358,replicas_status,deployment=workload-cloud,6.0
1783670368,replicas_status,deployment=workload-cloud,6.0
1783670378,replicas_status,deployment=workload-cloud,6.0
1783670388,replicas_status,deployment=workload-cloud,6.0
1783670398,replicas_status,deployment=workload-cloud,6.0
1783670408,replicas_status,deployment=workload-cloud,6.0
1783670418,replicas_status,deployment=workload-cloud,6.0
1783670428,replicas_status,deployment=workload-cloud,6.0
1783670438,replicas_status,deployment=workload-cloud,6.0
1783670448,replicas_status,deployment=workload-cloud,6.0
1783670458,replicas_status,deployment=workload-cloud,6.0
1783670468,replicas_status,deployment=workload-cloud,6.0
1783670478,replicas_status,deployment=workload-cloud,6.0
1783670488,replicas_status,deployment=workload-cloud,6.0
1783670498,replicas_status,deployment=workload-cloud,6.0
1783670508,replicas_status,deployment=workload-cloud,6.0
1783670518,replicas_status,deployment=workload-cloud,6.0
1783670528,replicas_status,deployment=workload-cloud,6.0
1783670538,replicas_status,deployment=workload-cloud,6.0
1783670548,replicas_status,deployment=workload-cloud,6.0
1783670558,replicas_status,deployment=workload-cloud,6.0
1783670568,replicas_status,deployment=workload-cloud,6.0
1783670578,replicas_status,deployment=workload-cloud,6.0
1783670588,replicas_status,deployment=workload-cloud,6.0
1783670598,replicas_status,deployment=workload-cloud,6.0
1783670608,replicas_status,deployment=workload-cloud,6.0
1783670618,replicas_status,deployment=workload-cloud,6.0
1783670628,replicas_status,deployment=workload-cloud,6.0
1783670638,replicas_status,deployment=workload-cloud,6.0
1783670648,replicas_status,deployment=workload-cloud,6.0
1783670658,replicas_status,deployment=workload-cloud,6.0
1783670668,replicas_status,deployment=workload-cloud,6.0
1783670678,replicas_status,deployment=workload-cloud,6.0
1783670688,replicas_status,deployment=workload-cloud,6.0
1783670698,replicas_status,deployment=workload-cloud,6.0
1783670708,replicas_status,deployment=workload-cloud,6.0
1783670718,replicas_status,deployment=workload-cloud,6.0
1783670728,replicas_status,deployment=workload-cloud,6.0
1783670738,replicas_status,deployment=workload-cloud,6.0
1783670748,replicas_status,deployment=workload-cloud,6.0
1783670758,replicas_status,deployment=workload-cloud,6.0
1783670768,replicas_status,deployment=workload-cloud,6.0
1783670778,replicas_status,deployment=workload-cloud,6.0
1783670148,replicas_status,deployment=workload-edge,1.0
1783670158,replicas_status,deployment=workload-edge,1.0
1783670168,replicas_status,deployment=workload-edge,1.0
1783670178,replicas_status,deployment=workload-edge,1.0
1783670188,replicas_status,deployment=workload-edge,1.0
1783670198,replicas_status,deployment=workload-edge,1.0
1783670208,replicas_status,deployment=workload-edge,1.0
1783670218,replicas_status,deployment=workload-edge,1.0
1783670228,replicas_status,deployment=workload-edge,1.0
1783670238,replicas_status,deployment=workload-edge,1.0
1783670248,replicas_status,deployment=workload-edge,1.0
1783670258,replicas_status,deployment=workload-edge,1.0
1783670268,replicas_status,deployment=workload-edge,1.0
1783670278,replicas_status,deployment=workload-edge,1.0
1783670288,replicas_status,deployment=workload-edge,1.0
1783670298,replicas_status,deployment=workload-edge,1.0
1783670308,replicas_status,deployment=workload-edge,1.0
1783670318,replicas_status,deployment=workload-edge,1.0
1783670328,replicas_status,deployment=workload-edge,1.0
1783670338,replicas_status,deployment=workload-edge,1.0
1783670348,replicas_status,deployment=workload-edge,1.0
1783670358,replicas_status,deployment=workload-edge,1.0
1783670368,replicas_status,deployment=workload-edge,1.0
1783670378,replicas_status,deployment=workload-edge,1.0
1783670388,replicas_status,deployment=workload-edge,1.0
1783670398,replicas_status,deployment=workload-edge,1.0
1783670408,replicas_status,deployment=workload-edge,1.0
1783670418,replicas_status,deployment=workload-edge,1.0
1783670428,replicas_status,deployment=workload-edge,1.0
1783670438,replicas_status,deployment=workload-edge,1.0
1783670448,replicas_status,deployment=workload-edge,1.0
1783670458,replicas_status,deployment=workload-edge,1.0
1783670468,replicas_status,deployment=workload-edge,1.0
1783670478,replicas_status,deployment=workload-edge,1.0
1783670488,replicas_status,deployment=workload-edge,1.0
1783670498,replicas_status,deployment=workload-edge,1.0
1783670508,replicas_status,deployment=workload-edge,1.0
1783670518,replicas_status,deployment=workload-edge,1.0
1783670528,replicas_status,deployment=workload-edge,1.0
1783670538,replicas_status,deployment=workload-edge,1.0
1783670548,replicas_status,deployment=workload-edge,1.0
1783670558,replicas_status,deployment=workload-edge,1.0
1783670568,replicas_status,deployment=workload-edge,1.0
1783670578,replicas_status,deployment=workload-edge,1.0
1783670588,replicas_status,deployment=workload-edge,1.0
1783670598,replicas_status,deployment=workload-edge,1.0
1783670608,replicas_status,deployment=workload-edge,1.0
1783670618,replicas_status,deployment=workload-edge,1.0
1783670628,replicas_status,deployment=workload-edge,1.0
1783670638,replicas_status,deployment=workload-edge,1.0
1783670648,replicas_status,deployment=workload-edge,1.0
1783670658,replicas_status,deployment=workload-edge,1.0
1783670668,replicas_status,deployment=workload-edge,1.0
1783670678,replicas_status,deployment=workload-edge,1.0
1783670688,replicas_status,deployment=workload-edge,1.0
1783670698,replicas_status,deployment=workload-edge,1.0
1783670708,replicas_status,deployment=workload-edge,1.0
1783670718,replicas_status,deployment=workload-edge,1.0
1783670728,replicas_status,deployment=workload-edge,1.0
1783670738,replicas_status,deployment=workload-edge,1.0
1783670748,replicas_status,deployment=workload-edge,1.0
1783670758,replicas_status,deployment=workload-edge,1.0
1783670768,replicas_status,deployment=workload-edge,1.0
1783670778,replicas_status,deployment=workload-edge,1.0
1783670148,replicas_spec,deployment=workload-cloud,1.0
1783670158,replicas_spec,deployment=workload-cloud,1.0
1783670168,replicas_spec,deployment=workload-cloud,1.0
1783670178,replicas_spec,deployment=workload-cloud,1.0
1783670188,replicas_spec,deployment=workload-cloud,1.0
1783670198,replicas_spec,deployment=workload-cloud,1.0
1783670208,replicas_spec,deployment=workload-cloud,1.0
1783670218,replicas_spec,deployment=workload-cloud,2.0
1783670228,replicas_spec,deployment=workload-cloud,2.0
1783670238,replicas_spec,deployment=workload-cloud,2.0
1783670248,replicas_spec,deployment=workload-cloud,3.0
1783670258,replicas_spec,deployment=workload-cloud,3.0
1783670268,replicas_spec,deployment=workload-cloud,3.0
1783670278,replicas_spec,deployment=workload-cloud,3.0
1783670288,replicas_spec,deployment=workload-cloud,3.0
1783670298,replicas_spec,deployment=workload-cloud,4.0
1783670308,replicas_spec,deployment=workload-cloud,4.0
1783670318,replicas_spec,deployment=workload-cloud,4.0
1783670328,replicas_spec,deployment=workload-cloud,4.0
1783670338,replicas_spec,deployment=workload-cloud,4.0
1783670348,replicas_spec,deployment=workload-cloud,4.0
1783670358,replicas_spec,deployment=workload-cloud,6.0
1783670368,replicas_spec,deployment=workload-cloud,6.0
1783670378,replicas_spec,deployment=workload-cloud,6.0
1783670388,replicas_spec,deployment=workload-cloud,6.0
1783670398,replicas_spec,deployment=workload-cloud,6.0
1783670408,replicas_spec,deployment=workload-cloud,6.0
1783670418,replicas_spec,deployment=workload-cloud,6.0
1783670428,replicas_spec,deployment=workload-cloud,6.0
1783670438,replicas_spec,deployment=workload-cloud,6.0
1783670448,replicas_spec,deployment=workload-cloud,6.0
1783670458,replicas_spec,deployment=workload-cloud,6.0
1783670468,replicas_spec,deployment=workload-cloud,6.0
1783670478,replicas_spec,deployment=workload-cloud,6.0
1783670488,replicas_spec,deployment=workload-cloud,6.0
1783670498,replicas_spec,deployment=workload-cloud,6.0
1783670508,replicas_spec,deployment=workload-cloud,6.0
1783670518,replicas_spec,deployment=workload-cloud,6.0
1783670528,replicas_spec,deployment=workload-cloud,6.0
1783670538,replicas_spec,deployment=workload-cloud,6.0
1783670548,replicas_spec,deployment=workload-cloud,6.0
1783670558,replicas_spec,deployment=workload-cloud,6.0
1783670568,replicas_spec,deployment=workload-cloud,6.0
1783670578,replicas_spec,deployment=workload-cloud,6.0
1783670588,replicas_spec,deployment=workload-cloud,6.0
1783670598,replicas_spec,deployment=workload-cloud,6.0
1783670608,replicas_spec,deployment=workload-cloud,6.0
1783670618,replicas_spec,deployment=workload-cloud,6.0
1783670628,replicas_spec,deployment=workload-cloud,6.0
1783670638,replicas_spec,deployment=workload-cloud,6.0
1783670648,replicas_spec,deployment=workload-cloud,6.0
1783670658,replicas_spec,deployment=workload-cloud,6.0
1783670668,replicas_spec,deployment=workload-cloud,6.0
1783670678,replicas_spec,deployment=workload-cloud,6.0
1783670688,replicas_spec,deployment=workload-cloud,6.0
1783670698,replicas_spec,deployment=workload-cloud,6.0
1783670708,replicas_spec,deployment=workload-cloud,6.0
1783670718,replicas_spec,deployment=workload-cloud,6.0
1783670728,replicas_spec,deployment=workload-cloud,6.0
1783670738,replicas_spec,deployment=workload-cloud,6.0
1783670748,replicas_spec,deployment=workload-cloud,6.0
1783670758,replicas_spec,deployment=workload-cloud,6.0
1783670768,replicas_spec,deployment=workload-cloud,6.0
1783670778,replicas_spec,deployment=workload-cloud,6.0
1783670148,replicas_spec,deployment=workload-edge,1.0
1783670158,replicas_spec,deployment=workload-edge,1.0
1783670168,replicas_spec,deployment=workload-edge,1.0
1783670178,replicas_spec,deployment=workload-edge,1.0
1783670188,replicas_spec,deployment=workload-edge,1.0
1783670198,replicas_spec,deployment=workload-edge,1.0
1783670208,replicas_spec,deployment=workload-edge,1.0
1783670218,replicas_spec,deployment=workload-edge,1.0
1783670228,replicas_spec,deployment=workload-edge,1.0
1783670238,replicas_spec,deployment=workload-edge,1.0
1783670248,replicas_spec,deployment=workload-edge,1.0
1783670258,replicas_spec,deployment=workload-edge,1.0
1783670268,replicas_spec,deployment=workload-edge,1.0
1783670278,replicas_spec,deployment=workload-edge,1.0
1783670288,replicas_spec,deployment=workload-edge,1.0
1783670298,replicas_spec,deployment=workload-edge,1.0
1783670308,replicas_spec,deployment=workload-edge,1.0
1783670318,replicas_spec,deployment=workload-edge,1.0
1783670328,replicas_spec,deployment=workload-edge,1.0
1783670338,replicas_spec,deployment=workload-edge,1.0
1783670348,replicas_spec,deployment=workload-edge,1.0
1783670358,replicas_spec,deployment=workload-edge,1.0
1783670368,replicas_spec,deployment=workload-edge,1.0
1783670378,replicas_spec,deployment=workload-edge,1.0
1783670388,replicas_spec,deployment=workload-edge,1.0
1783670398,replicas_spec,deployment=workload-edge,1.0
1783670408,replicas_spec,deployment=workload-edge,1.0
1783670418,replicas_spec,deployment=workload-edge,1.0
1783670428,replicas_spec,deployment=workload-edge,1.0
1783670438,replicas_spec,deployment=workload-edge,1.0
1783670448,replicas_spec,deployment=workload-edge,1.0
1783670458,replicas_spec,deployment=workload-edge,1.0
1783670468,replicas_spec,deployment=workload-edge,1.0
1783670478,replicas_spec,deployment=workload-edge,1.0
1783670488,replicas_spec,deployment=workload-edge,1.0
1783670498,replicas_spec,deployment=workload-edge,1.0
1783670508,replicas_spec,deployment=workload-edge,1.0
1783670518,replicas_spec,deployment=workload-edge,1.0
1783670528,replicas_spec,deployment=workload-edge,1.0
1783670538,replicas_spec,deployment=workload-edge,1.0
1783670548,replicas_spec,deployment=workload-edge,1.0
1783670558,replicas_spec,deployment=workload-edge,1.0
1783670568,replicas_spec,deployment=workload-edge,1.0
1783670578,replicas_spec,deployment=workload-edge,1.0
1783670588,replicas_spec,deployment=workload-edge,1.0
1783670598,replicas_spec,deployment=workload-edge,1.0
1783670608,replicas_spec,deployment=workload-edge,1.0
1783670618,replicas_spec,deployment=workload-edge,1.0
1783670628,replicas_spec,deployment=workload-edge,1.0
1783670638,replicas_spec,deployment=workload-edge,1.0
1783670648,replicas_spec,deployment=workload-edge,1.0
1783670658,replicas_spec,deployment=workload-edge,1.0
1783670668,replicas_spec,deployment=workload-edge,1.0
1783670678,replicas_spec,deployment=workload-edge,1.0
1783670688,replicas_spec,deployment=workload-edge,1.0
1783670698,replicas_spec,deployment=workload-edge,1.0
1783670708,replicas_spec,deployment=workload-edge,1.0
1783670718,replicas_spec,deployment=workload-edge,1.0
1783670728,replicas_spec,deployment=workload-edge,1.0
1783670738,replicas_spec,deployment=workload-edge,1.0
1783670748,replicas_spec,deployment=workload-edge,1.0
1783670758,replicas_spec,deployment=workload-edge,1.0
1783670768,replicas_spec,deployment=workload-edge,1.0
1783670778,replicas_spec,deployment=workload-edge,1.0
1783670228,cpu_cores,pod=workload-cloud-6f545f89ff-756xl,0.01840020487645688
1783670238,cpu_cores,pod=workload-cloud-6f545f89ff-756xl,0.028354260820512817
1783670248,cpu_cores,pod=workload-cloud-6f545f89ff-756xl,0.03772597540085958
1783670258,cpu_cores,pod=workload-cloud-6f545f89ff-756xl,0.04752555594470617
1783670268,cpu_cores,pod=workload-cloud-6f545f89ff-756xl,0.057441011015205906
1783670278,cpu_cores,pod=workload-cloud-6f545f89ff-756xl,0.05859119764212436
1783670288,cpu_cores,pod=workload-cloud-6f545f89ff-756xl,0.0763295637230445
1783670298,cpu_cores,pod=workload-cloud-6f545f89ff-756xl,0.0918807014288365
1783670308,cpu_cores,pod=workload-cloud-6f545f89ff-756xl,0.11428914870140892
1783670318,cpu_cores,pod=workload-cloud-6f545f89ff-756xl,0.11428914870140892
1783670328,cpu_cores,pod=workload-cloud-6f545f89ff-756xl,0.13762951703000642
1783670338,cpu_cores,pod=workload-cloud-6f545f89ff-756xl,0.14630022352354383
1783670348,cpu_cores,pod=workload-cloud-6f545f89ff-756xl,0.19742568868100252
1783670358,cpu_cores,pod=workload-cloud-6f545f89ff-756xl,0.21399433217681493
1783670368,cpu_cores,pod=workload-cloud-6f545f89ff-756xl,0.3272585148229876
1783670378,cpu_cores,pod=workload-cloud-6f545f89ff-756xl,0.27131185361113774
1783670388,cpu_cores,pod=workload-cloud-6f545f89ff-756xl,0.4570728060487639
1783670398,cpu_cores,pod=workload-cloud-6f545f89ff-756xl,0.5101057844342938
1783670408,cpu_cores,pod=workload-cloud-6f545f89ff-756xl,0.536149762554773
1783670418,cpu_cores,pod=workload-cloud-6f545f89ff-756xl,0.5324730357142856
1783670428,cpu_cores,pod=workload-cloud-6f545f89ff-756xl,0.5304275580104514
1783670438,cpu_cores,pod=workload-cloud-6f545f89ff-756xl,0.5340202257586973
1783670448,cpu_cores,pod=workload-cloud-6f545f89ff-756xl,0.5352842723435494
1783670458,cpu_cores,pod=workload-cloud-6f545f89ff-756xl,0.5366575380359614
1783670468,cpu_cores,pod=workload-cloud-6f545f89ff-756xl,0.5427932859125609
1783670478,cpu_cores,pod=workload-cloud-6f545f89ff-756xl,0.5417713599359402
1783670488,cpu_cores,pod=workload-cloud-6f545f89ff-756xl,0.5336669762948649
1783670498,cpu_cores,pod=workload-cloud-6f545f89ff-756xl,0.5288007207504606
1783670508,cpu_cores,pod=workload-cloud-6f545f89ff-756xl,0.5006638122617081
1783670518,cpu_cores,pod=workload-cloud-6f545f89ff-756xl,0.3922189740721461
1783670528,cpu_cores,pod=workload-cloud-6f545f89ff-756xl,0.36955605799746927
1783670538,cpu_cores,pod=workload-cloud-6f545f89ff-756xl,0.25255149117083764
1783670548,cpu_cores,pod=workload-cloud-6f545f89ff-756xl,0.19145405979837452
1783670558,cpu_cores,pod=workload-cloud-6f545f89ff-756xl,0.18345851658148113
1783670568,cpu_cores,pod=workload-cloud-6f545f89ff-756xl,0.16631106874720505
1783670578,cpu_cores,pod=workload-cloud-6f545f89ff-756xl,0.14176771277683628
1783670588,cpu_cores,pod=workload-cloud-6f545f89ff-756xl,0.1668515895736024
1783670598,cpu_cores,pod=workload-cloud-6f545f89ff-756xl,0.1674457756997206
1783670608,cpu_cores,pod=workload-cloud-6f545f89ff-756xl,0.16669759690560448
1783670618,cpu_cores,pod=workload-cloud-6f545f89ff-756xl,0.16505519310243547
1783670628,cpu_cores,pod=workload-cloud-6f545f89ff-756xl,0.16351503648920024
1783670638,cpu_cores,pod=workload-cloud-6f545f89ff-756xl,0.1655499089286036
1783670648,cpu_cores,pod=workload-cloud-6f545f89ff-756xl,0.16561915260990812
1783670658,cpu_cores,pod=workload-cloud-6f545f89ff-756xl,0.16580700138185148
1783670668,cpu_cores,pod=workload-cloud-6f545f89ff-756xl,0.1673297490263955
1783670678,cpu_cores,pod=workload-cloud-6f545f89ff-756xl,0.16708646752932643
1783670688,cpu_cores,pod=workload-cloud-6f545f89ff-756xl,0.16546937471071815
1783670698,cpu_cores,pod=workload-cloud-6f545f89ff-756xl,0.10957754999999984
1783670708,cpu_cores,pod=workload-cloud-6f545f89ff-756xl,0.1584554182613453
1783670718,cpu_cores,pod=workload-cloud-6f545f89ff-756xl,0.13207553541857173
1783670728,cpu_cores,pod=workload-cloud-6f545f89ff-756xl,0.10656802015411963
1783670738,cpu_cores,pod=workload-cloud-6f545f89ff-756xl,0.07064943197444416
1783670748,cpu_cores,pod=workload-cloud-6f545f89ff-756xl,0.011329897800103789
1783670758,cpu_cores,pod=workload-cloud-6f545f89ff-756xl,0.011329897800103789
1783670768,cpu_cores,pod=workload-cloud-6f545f89ff-756xl,0.0025610628291539437
1783670778,cpu_cores,pod=workload-cloud-6f545f89ff-756xl,0.0025610628291539437
1783670368,cpu_cores,pod=workload-cloud-6f545f89ff-bwdvc,0.04664435730331359
1783670378,cpu_cores,pod=workload-cloud-6f545f89ff-bwdvc,0.07260842117166656
1783670388,cpu_cores,pod=workload-cloud-6f545f89ff-bwdvc,0.08804599179556312
1783670398,cpu_cores,pod=workload-cloud-6f545f89ff-bwdvc,0.10834528512408716
1783670408,cpu_cores,pod=workload-cloud-6f545f89ff-bwdvc,0.13090739416950337
1783670418,cpu_cores,pod=workload-cloud-6f545f89ff-bwdvc,0.12457799834574025
1783670428,cpu_cores,pod=workload-cloud-6f545f89ff-bwdvc,0.09957331949181851
1783670438,cpu_cores,pod=workload-cloud-6f545f89ff-bwdvc,0.12399498950082123
1783670448,cpu_cores,pod=workload-cloud-6f545f89ff-bwdvc,0.1250456812328823
1783670458,cpu_cores,pod=workload-cloud-6f545f89ff-bwdvc,0.12476718784652914
1783670468,cpu_cores,pod=workload-cloud-6f545f89ff-bwdvc,0.12436769200166371
1783670478,cpu_cores,pod=workload-cloud-6f545f89ff-bwdvc,0.1249371743371973
1783670488,cpu_cores,pod=workload-cloud-6f545f89ff-bwdvc,0.12416527655388648
1783670498,cpu_cores,pod=workload-cloud-6f545f89ff-bwdvc,0.10042691308691308
1783670508,cpu_cores,pod=workload-cloud-6f545f89ff-bwdvc,0.054696280367829496
1783670518,cpu_cores,pod=workload-cloud-6f545f89ff-bwdvc,0.06503203911837686
1783670528,cpu_cores,pod=workload-cloud-6f545f89ff-bwdvc,0.011504543239537892
1783670538,cpu_cores,pod=workload-cloud-6f545f89ff-bwdvc,0.009629784002074775
1783670548,cpu_cores,pod=workload-cloud-6f545f89ff-bwdvc,0.0022188385097678207
1783670558,cpu_cores,pod=workload-cloud-6f545f89ff-bwdvc,0.002201895911648615
1783670568,cpu_cores,pod=workload-cloud-6f545f89ff-bwdvc,0.0022547155924718247
1783670578,cpu_cores,pod=workload-cloud-6f545f89ff-bwdvc,0.0022547155924718247
1783670588,cpu_cores,pod=workload-cloud-6f545f89ff-bwdvc,0.002270772138118058
1783670598,cpu_cores,pod=workload-cloud-6f545f89ff-bwdvc,0.0022845444685466753
1783670608,cpu_cores,pod=workload-cloud-6f545f89ff-bwdvc,0.0022647212381129867
1783670618,cpu_cores,pod=workload-cloud-6f545f89ff-bwdvc,0.0022824479603581875
1783670628,cpu_cores,pod=workload-cloud-6f545f89ff-bwdvc,0.0022782496539574216
1783670638,cpu_cores,pod=workload-cloud-6f545f89ff-bwdvc,0.002226406281278456
1783670648,cpu_cores,pod=workload-cloud-6f545f89ff-bwdvc,0.0022380253777057675
1783670658,cpu_cores,pod=workload-cloud-6f545f89ff-bwdvc,0.0022627994272667895
1783670668,cpu_cores,pod=workload-cloud-6f545f89ff-bwdvc,0.0019233324649177489
1783670678,cpu_cores,pod=workload-cloud-6f545f89ff-bwdvc,0.0021973301426426984
1783670688,cpu_cores,pod=workload-cloud-6f545f89ff-bwdvc,0.002230073922926907
1783670698,cpu_cores,pod=workload-cloud-6f545f89ff-bwdvc,0.002222929795467135
1783670708,cpu_cores,pod=workload-cloud-6f545f89ff-bwdvc,0.0021956101738801245
1783670718,cpu_cores,pod=workload-cloud-6f545f89ff-bwdvc,0.0022742143225141435
1783670728,cpu_cores,pod=workload-cloud-6f545f89ff-bwdvc,0.002274440542730705
1783670738,cpu_cores,pod=workload-cloud-6f545f89ff-bwdvc,0.002257872393042605
1783670748,cpu_cores,pod=workload-cloud-6f545f89ff-bwdvc,0.0019117200851249856
1783670758,cpu_cores,pod=workload-cloud-6f545f89ff-bwdvc,0.0022503915043554576
1783670768,cpu_cores,pod=workload-cloud-6f545f89ff-bwdvc,0.0021913233071529222
1783670778,cpu_cores,pod=workload-cloud-6f545f89ff-bwdvc,0.002209816424410549
1783670318,cpu_cores,pod=workload-cloud-6f545f89ff-fbjjk,0.016259229228445908
1783670328,cpu_cores,pod=workload-cloud-6f545f89ff-fbjjk,0.014052201278564219
1783670338,cpu_cores,pod=workload-cloud-6f545f89ff-fbjjk,0.017559634671653168
1783670348,cpu_cores,pod=workload-cloud-6f545f89ff-fbjjk,0.0289469653484925
1783670358,cpu_cores,pod=workload-cloud-6f545f89ff-fbjjk,0.08964003360456049
1783670368,cpu_cores,pod=workload-cloud-6f545f89ff-fbjjk,0.17629971101989728
1783670378,cpu_cores,pod=workload-cloud-6f545f89ff-fbjjk,0.26378062268554997
1783670388,cpu_cores,pod=workload-cloud-6f545f89ff-fbjjk,0.2860877916666667
1783670398,cpu_cores,pod=workload-cloud-6f545f89ff-fbjjk,0.3993648176103033
1783670408,cpu_cores,pod=workload-cloud-6f545f89ff-fbjjk,0.3643774321785691
1783670418,cpu_cores,pod=workload-cloud-6f545f89ff-fbjjk,0.44555560915249265
1783670428,cpu_cores,pod=workload-cloud-6f545f89ff-fbjjk,0.44576051712235637
1783670438,cpu_cores,pod=workload-cloud-6f545f89ff-fbjjk,0.4554118731078059
1783670448,cpu_cores,pod=workload-cloud-6f545f89ff-fbjjk,0.4457899825783972
1783670458,cpu_cores,pod=workload-cloud-6f545f89ff-fbjjk,0.43416691354699716
1783670468,cpu_cores,pod=workload-cloud-6f545f89ff-fbjjk,0.4341669135469971
1783670478,cpu_cores,pod=workload-cloud-6f545f89ff-fbjjk,0.4326878702837543
1783670488,cpu_cores,pod=workload-cloud-6f545f89ff-fbjjk,0.436977073061862
1783670498,cpu_cores,pod=workload-cloud-6f545f89ff-fbjjk,0.436977073061862
1783670508,cpu_cores,pod=workload-cloud-6f545f89ff-fbjjk,0.40276084277109836
1783670518,cpu_cores,pod=workload-cloud-6f545f89ff-fbjjk,0.2786765614196819
1783670528,cpu_cores,pod=workload-cloud-6f545f89ff-fbjjk,0.2786765614196819
1783670538,cpu_cores,pod=workload-cloud-6f545f89ff-fbjjk,0.11525023570651545
1783670548,cpu_cores,pod=workload-cloud-6f545f89ff-fbjjk,0.026860610942019227
1783670558,cpu_cores,pod=workload-cloud-6f545f89ff-fbjjk,0.021015535885852105
1783670568,cpu_cores,pod=workload-cloud-6f545f89ff-fbjjk,0.0021299640377698604
1783670578,cpu_cores,pod=workload-cloud-6f545f89ff-fbjjk,0.002164218708120829
1783670588,cpu_cores,pod=workload-cloud-6f545f89ff-fbjjk,0.00218527139000076
1783670598,cpu_cores,pod=workload-cloud-6f545f89ff-fbjjk,0.00217788922186201
1783670608,cpu_cores,pod=workload-cloud-6f545f89ff-fbjjk,0.00217788922186201
1783670618,cpu_cores,pod=workload-cloud-6f545f89ff-fbjjk,0.002128205128205161
1783670628,cpu_cores,pod=workload-cloud-6f545f89ff-fbjjk,0.002163795969940825
1783670638,cpu_cores,pod=workload-cloud-6f545f89ff-fbjjk,0.002163795969940825
1783670648,cpu_cores,pod=workload-cloud-6f545f89ff-fbjjk,0.002217139036279632
1783670658,cpu_cores,pod=workload-cloud-6f545f89ff-fbjjk,0.0022185669314321306
1783670668,cpu_cores,pod=workload-cloud-6f545f89ff-fbjjk,0.0022185669314321306
1783670678,cpu_cores,pod=workload-cloud-6f545f89ff-fbjjk,0.0021936603521098973
1783670688,cpu_cores,pod=workload-cloud-6f545f89ff-fbjjk,0.0021527904849042664
1783670698,cpu_cores,pod=workload-cloud-6f545f89ff-fbjjk,0.0021675450061132058
1783670708,cpu_cores,pod=workload-cloud-6f545f89ff-fbjjk,0.0022126303715189425
1783670718,cpu_cores,pod=workload-cloud-6f545f89ff-fbjjk,0.0018263781375269003
1783670728,cpu_cores,pod=workload-cloud-6f545f89ff-fbjjk,0.0021459497364669875
1783670738,cpu_cores,pod=workload-cloud-6f545f89ff-fbjjk,0.0022548899899030566
1783670748,cpu_cores,pod=workload-cloud-6f545f89ff-fbjjk,0.0022548899899030566
1783670758,cpu_cores,pod=workload-cloud-6f545f89ff-fbjjk,0.0022173084744313
1783670768,cpu_cores,pod=workload-cloud-6f545f89ff-fbjjk,0.0022923453535449727
1783670778,cpu_cores,pod=workload-cloud-6f545f89ff-fbjjk,0.002212835241292918
1783670148,cpu_cores,pod=workload-cloud-6f545f89ff-fgpnb,0.0010678292060489656
1783670158,cpu_cores,pod=workload-cloud-6f545f89ff-fgpnb,0.0006646313484560923
1783670148,cpu_cores,pod=workload-cloud-6f545f89ff-r28zz,0.002501738903623664
1783670158,cpu_cores,pod=workload-cloud-6f545f89ff-r28zz,0.004784470094441049
1783670168,cpu_cores,pod=workload-cloud-6f545f89ff-r28zz,0.01566939748591226
1783670178,cpu_cores,pod=workload-cloud-6f545f89ff-r28zz,0.027847212089627916
1783670188,cpu_cores,pod=workload-cloud-6f545f89ff-r28zz,0.038719396102927836
1783670198,cpu_cores,pod=workload-cloud-6f545f89ff-r28zz,0.0728603342461386
1783670208,cpu_cores,pod=workload-cloud-6f545f89ff-r28zz,0.08486687545049777
1783670218,cpu_cores,pod=workload-cloud-6f545f89ff-r28zz,0.12155858102491343
1783670228,cpu_cores,pod=workload-cloud-6f545f89ff-r28zz,0.1522441239316243
1783670238,cpu_cores,pod=workload-cloud-6f545f89ff-r28zz,0.17133490670637197
1783670248,cpu_cores,pod=workload-cloud-6f545f89ff-r28zz,0.17589418259211967
1783670258,cpu_cores,pod=workload-cloud-6f545f89ff-r28zz,0.1978358059676597
1783670268,cpu_cores,pod=workload-cloud-6f545f89ff-r28zz,0.19783580596765973
1783670278,cpu_cores,pod=workload-cloud-6f545f89ff-r28zz,0.2139052828235072
1783670288,cpu_cores,pod=workload-cloud-6f545f89ff-r28zz,0.18502914383578978
1783670298,cpu_cores,pod=workload-cloud-6f545f89ff-r28zz,0.23887795314770172
1783670308,cpu_cores,pod=workload-cloud-6f545f89ff-r28zz,0.20431928215653677
1783670318,cpu_cores,pod=workload-cloud-6f545f89ff-r28zz,0.2622126444142737
1783670328,cpu_cores,pod=workload-cloud-6f545f89ff-r28zz,0.2702489807248557
1783670338,cpu_cores,pod=workload-cloud-6f545f89ff-r28zz,0.2756439243548174
1783670348,cpu_cores,pod=workload-cloud-6f545f89ff-r28zz,0.30076690097909087
1783670358,cpu_cores,pod=workload-cloud-6f545f89ff-r28zz,0.3203830229464612
1783670368,cpu_cores,pod=workload-cloud-6f545f89ff-r28zz,0.37945981704090115
1783670378,cpu_cores,pod=workload-cloud-6f545f89ff-r28zz,0.46102376966856706
1783670388,cpu_cores,pod=workload-cloud-6f545f89ff-r28zz,0.5162780730996791
1783670398,cpu_cores,pod=workload-cloud-6f545f89ff-r28zz,0.516420204735808
1783670408,cpu_cores,pod=workload-cloud-6f545f89ff-r28zz,0.5218908375884084
1783670418,cpu_cores,pod=workload-cloud-6f545f89ff-r28zz,0.5262064412582937
1783670428,cpu_cores,pod=workload-cloud-6f545f89ff-r28zz,0.5283735723741743
1783670438,cpu_cores,pod=workload-cloud-6f545f89ff-r28zz,0.5343128198176776
1783670448,cpu_cores,pod=workload-cloud-6f545f89ff-r28zz,0.5340588271655793
1783670458,cpu_cores,pod=workload-cloud-6f545f89ff-r28zz,0.5330914135079384
1783670468,cpu_cores,pod=workload-cloud-6f545f89ff-r28zz,0.5330914135079384
1783670478,cpu_cores,pod=workload-cloud-6f545f89ff-r28zz,0.53095737098345
1783670488,cpu_cores,pod=workload-cloud-6f545f89ff-r28zz,0.5293641538033257
1783670498,cpu_cores,pod=workload-cloud-6f545f89ff-r28zz,0.5180727276357031
1783670508,cpu_cores,pod=workload-cloud-6f545f89ff-r28zz,0.4922002048452175
1783670518,cpu_cores,pod=workload-cloud-6f545f89ff-r28zz,0.46973394934975776
1783670528,cpu_cores,pod=workload-cloud-6f545f89ff-r28zz,0.40529473379150466
1783670538,cpu_cores,pod=workload-cloud-6f545f89ff-r28zz,0.33728199067983916
1783670548,cpu_cores,pod=workload-cloud-6f545f89ff-r28zz,0.33728199067983916
1783670558,cpu_cores,pod=workload-cloud-6f545f89ff-r28zz,0.3095797104163947
1783670568,cpu_cores,pod=workload-cloud-6f545f89ff-r28zz,0.31120965625819935
1783670578,cpu_cores,pod=workload-cloud-6f545f89ff-r28zz,0.3105119987082956
1783670588,cpu_cores,pod=workload-cloud-6f545f89ff-r28zz,0.3082808917600866
1783670598,cpu_cores,pod=workload-cloud-6f545f89ff-r28zz,0.2454407235261775
1783670608,cpu_cores,pod=workload-cloud-6f545f89ff-r28zz,0.30502746274627324
1783670618,cpu_cores,pod=workload-cloud-6f545f89ff-r28zz,0.2637788742985003
1783670628,cpu_cores,pod=workload-cloud-6f545f89ff-r28zz,0.30277694817764556
1783670638,cpu_cores,pod=workload-cloud-6f545f89ff-r28zz,0.3043904981243156
1783670648,cpu_cores,pod=workload-cloud-6f545f89ff-r28zz,0.308387662926911
1783670658,cpu_cores,pod=workload-cloud-6f545f89ff-r28zz,0.31004908902856476
1783670668,cpu_cores,pod=workload-cloud-6f545f89ff-r28zz,0.25785454565916277
1783670678,cpu_cores,pod=workload-cloud-6f545f89ff-r28zz,0.30661226040332434
1783670688,cpu_cores,pod=workload-cloud-6f545f89ff-r28zz,0.2079531499999973
1783670698,cpu_cores,pod=workload-cloud-6f545f89ff-r28zz,0.31527012496062085
1783670708,cpu_cores,pod=workload-cloud-6f545f89ff-r28zz,0.32424389224060873
1783670718,cpu_cores,pod=workload-cloud-6f545f89ff-r28zz,0.2968427014236418
1783670728,cpu_cores,pod=workload-cloud-6f545f89ff-r28zz,0.2944824368970565
1783670738,cpu_cores,pod=workload-cloud-6f545f89ff-r28zz,0.14990334093653204
1783670748,cpu_cores,pod=workload-cloud-6f545f89ff-r28zz,0.10313264632536388
1783670758,cpu_cores,pod=workload-cloud-6f545f89ff-r28zz,0.0322589138782222
1783670768,cpu_cores,pod=workload-cloud-6f545f89ff-r28zz,0.0225214542223508
1783670778,cpu_cores,pod=workload-cloud-6f545f89ff-r28zz,0.0022618781040975914
1783670258,cpu_cores,pod=workload-cloud-6f545f89ff-wbblc,0.011680482329436628
1783670268,cpu_cores,pod=workload-cloud-6f545f89ff-wbblc,0.01781167137463399
1783670278,cpu_cores,pod=workload-cloud-6f545f89ff-wbblc,0.014058741609059542
1783670288,cpu_cores,pod=workload-cloud-6f545f89ff-wbblc,0.012721511989808301
1783670298,cpu_cores,pod=workload-cloud-6f545f89ff-wbblc,0.012556158056566636
1783670308,cpu_cores,pod=workload-cloud-6f545f89ff-wbblc,0.002248544642648401
1783670318,cpu_cores,pod=workload-cloud-6f545f89ff-wbblc,0.002189596429771101
1783670328,cpu_cores,pod=workload-cloud-6f545f89ff-wbblc,0.0021782052255810416
1783670338,cpu_cores,pod=workload-cloud-6f545f89ff-wbblc,0.012618864795688458
1783670348,cpu_cores,pod=workload-cloud-6f545f89ff-wbblc,0.017091811734364925
1783670358,cpu_cores,pod=workload-cloud-6f545f89ff-wbblc,0.0810678594340295
1783670368,cpu_cores,pod=workload-cloud-6f545f89ff-wbblc,0.1546018813638165
1783670378,cpu_cores,pod=workload-cloud-6f545f89ff-wbblc,0.19019703763520832
1783670388,cpu_cores,pod=workload-cloud-6f545f89ff-wbblc,0.27153135599538186
1783670398,cpu_cores,pod=workload-cloud-6f545f89ff-wbblc,0.3265795512315173
1783670408,cpu_cores,pod=workload-cloud-6f545f89ff-wbblc,0.32744224614489376
1783670418,cpu_cores,pod=workload-cloud-6f545f89ff-wbblc,0.3276160231914613
1783670428,cpu_cores,pod=workload-cloud-6f545f89ff-wbblc,0.33241112611396156
1783670438,cpu_cores,pod=workload-cloud-6f545f89ff-wbblc,0.33241112611396156
1783670448,cpu_cores,pod=workload-cloud-6f545f89ff-wbblc,0.3454978419916839
1783670458,cpu_cores,pod=workload-cloud-6f545f89ff-wbblc,0.3407699551396086
1783670468,cpu_cores,pod=workload-cloud-6f545f89ff-wbblc,0.3414898508636597
1783670478,cpu_cores,pod=workload-cloud-6f545f89ff-wbblc,0.3353227301412006
1783670488,cpu_cores,pod=workload-cloud-6f545f89ff-wbblc,0.3254788804233479
1783670498,cpu_cores,pod=workload-cloud-6f545f89ff-wbblc,0.3140805092307997
1783670508,cpu_cores,pod=workload-cloud-6f545f89ff-wbblc,0.2692690230036216
1783670518,cpu_cores,pod=workload-cloud-6f545f89ff-wbblc,0.23899310800604232
1783670528,cpu_cores,pod=workload-cloud-6f545f89ff-wbblc,0.1607221203190371
1783670538,cpu_cores,pod=workload-cloud-6f545f89ff-wbblc,0.06261721950926646
1783670548,cpu_cores,pod=workload-cloud-6f545f89ff-wbblc,0.04495654470471122
1783670558,cpu_cores,pod=workload-cloud-6f545f89ff-wbblc,0.005800742680518495
1783670568,cpu_cores,pod=workload-cloud-6f545f89ff-wbblc,0.0019243468969793534
1783670578,cpu_cores,pod=workload-cloud-6f545f89ff-wbblc,0.0022474707629478365
1783670588,cpu_cores,pod=workload-cloud-6f545f89ff-wbblc,0.0018454412014577753
1783670598,cpu_cores,pod=workload-cloud-6f545f89ff-wbblc,0.002192276088742722
1783670608,cpu_cores,pod=workload-cloud-6f545f89ff-wbblc,0.0022361646631889037
1783670618,cpu_cores,pod=workload-cloud-6f545f89ff-wbblc,0.002207691337788327
1783670628,cpu_cores,pod=workload-cloud-6f545f89ff-wbblc,0.002245376588490478
1783670638,cpu_cores,pod=workload-cloud-6f545f89ff-wbblc,0.0022150714629837766
1783670648,cpu_cores,pod=workload-cloud-6f545f89ff-wbblc,0.0022775021704081254
1783670658,cpu_cores,pod=workload-cloud-6f545f89ff-wbblc,0.002222136797455075
1783670668,cpu_cores,pod=workload-cloud-6f545f89ff-wbblc,0.0022415908815327343
1783670678,cpu_cores,pod=workload-cloud-6f545f89ff-wbblc,0.0022897214143578616
1783670688,cpu_cores,pod=workload-cloud-6f545f89ff-wbblc,0.0022838407079645443
1783670698,cpu_cores,pod=workload-cloud-6f545f89ff-wbblc,0.002245660944923149
1783670708,cpu_cores,pod=workload-cloud-6f545f89ff-wbblc,0.002298718386043554
1783670718,cpu_cores,pod=workload-cloud-6f545f89ff-wbblc,0.0019035048421941656
1783670728,cpu_cores,pod=workload-cloud-6f545f89ff-wbblc,0.002235291716833633
1783670738,cpu_cores,pod=workload-cloud-6f545f89ff-wbblc,0.002362688094771452
1783670748,cpu_cores,pod=workload-cloud-6f545f89ff-wbblc,0.0023739598002815655
1783670758,cpu_cores,pod=workload-cloud-6f545f89ff-wbblc,0.0023823880409522356
1783670768,cpu_cores,pod=workload-cloud-6f545f89ff-wbblc,0.0024443315467269915
1783670778,cpu_cores,pod=workload-cloud-6f545f89ff-wbblc,0.0019457761787227618
1783670378,cpu_cores,pod=workload-cloud-6f545f89ff-xcdxt,0.04605382126459827
1783670388,cpu_cores,pod=workload-cloud-6f545f89ff-xcdxt,0.05445194135245149
1783670398,cpu_cores,pod=workload-cloud-6f545f89ff-xcdxt,0.06867516164993573
1783670408,cpu_cores,pod=workload-cloud-6f545f89ff-xcdxt,0.07656324224662474
1783670418,cpu_cores,pod=workload-cloud-6f545f89ff-xcdxt,0.06454550103386174
1783670428,cpu_cores,pod=workload-cloud-6f545f89ff-xcdxt,0.06454550103386174
1783670438,cpu_cores,pod=workload-cloud-6f545f89ff-xcdxt,0.06417218529375335
1783670448,cpu_cores,pod=workload-cloud-6f545f89ff-xcdxt,0.06506872830277086
1783670458,cpu_cores,pod=workload-cloud-6f545f89ff-xcdxt,0.06506872830277086
1783670468,cpu_cores,pod=workload-cloud-6f545f89ff-xcdxt,0.06546478570815081
1783670478,cpu_cores,pod=workload-cloud-6f545f89ff-xcdxt,0.06615850447604002
1783670488,cpu_cores,pod=workload-cloud-6f545f89ff-xcdxt,0.0653496771589992
1783670498,cpu_cores,pod=workload-cloud-6f545f89ff-xcdxt,0.05422696718070383
1783670508,cpu_cores,pod=workload-cloud-6f545f89ff-xcdxt,0.049012891962667025
1783670518,cpu_cores,pod=workload-cloud-6f545f89ff-xcdxt,0.03214580963622707
1783670528,cpu_cores,pod=workload-cloud-6f545f89ff-xcdxt,0.007008766936126624
1783670538,cpu_cores,pod=workload-cloud-6f545f89ff-xcdxt,0.007008766936126624
1783670548,cpu_cores,pod=workload-cloud-6f545f89ff-xcdxt,0.0022471482889733787
1783670558,cpu_cores,pod=workload-cloud-6f545f89ff-xcdxt,0.0022894228048665486
1783670568,cpu_cores,pod=workload-cloud-6f545f89ff-xcdxt,0.00226152853355657
1783670578,cpu_cores,pod=workload-cloud-6f545f89ff-xcdxt,0.002231660137120435
1783670588,cpu_cores,pod=workload-cloud-6f545f89ff-xcdxt,0.002246091129573254
1783670598,cpu_cores,pod=workload-cloud-6f545f89ff-xcdxt,0.0023206736873553186
1783670608,cpu_cores,pod=workload-cloud-6f545f89ff-xcdxt,0.002293801808590828
1783670618,cpu_cores,pod=workload-cloud-6f545f89ff-xcdxt,0.0022633218150404895
1783670628,cpu_cores,pod=workload-cloud-6f545f89ff-xcdxt,0.0019049790333162879
1783670638,cpu_cores,pod=workload-cloud-6f545f89ff-xcdxt,0.0022661809692481236
1783670648,cpu_cores,pod=workload-cloud-6f545f89ff-xcdxt,0.0022125660720184867
1783670658,cpu_cores,pod=workload-cloud-6f545f89ff-xcdxt,0.0022647573786893356
1783670668,cpu_cores,pod=workload-cloud-6f545f89ff-xcdxt,0.0022602707335816
1783670678,cpu_cores,pod=workload-cloud-6f545f89ff-xcdxt,0.0022580697902555165
1783670688,cpu_cores,pod=workload-cloud-6f545f89ff-xcdxt,0.0018897660626326735
1783670698,cpu_cores,pod=workload-cloud-6f545f89ff-xcdxt,0.002222883304850533
1783670708,cpu_cores,pod=workload-cloud-6f545f89ff-xcdxt,0.0017759491334847087
1783670718,cpu_cores,pod=workload-cloud-6f545f89ff-xcdxt,0.0022157900284599822
1783670728,cpu_cores,pod=workload-cloud-6f545f89ff-xcdxt,0.0022912376891055116
1783670738,cpu_cores,pod=workload-cloud-6f545f89ff-xcdxt,0.0019417059158097695
1783670748,cpu_cores,pod=workload-cloud-6f545f89ff-xcdxt,0.0022932148302704358
1783670758,cpu_cores,pod=workload-cloud-6f545f89ff-xcdxt,0.002334330196147426
1783670768,cpu_cores,pod=workload-cloud-6f545f89ff-xcdxt,0.0023343301961474263
1783670778,cpu_cores,pod=workload-cloud-6f545f89ff-xcdxt,0.0023057137323261438
1783670148,cpu_cores,pod=workload-edge-7b875fd8c6-pxwvc,0.002700800828230291
1783670158,cpu_cores,pod=workload-edge-7b875fd8c6-pxwvc,0.002697144164410941
1783670168,cpu_cores,pod=workload-edge-7b875fd8c6-pxwvc,0.0027303279355507786
1783670178,cpu_cores,pod=workload-edge-7b875fd8c6-pxwvc,0.0026208536487873466
1783670188,cpu_cores,pod=workload-edge-7b875fd8c6-pxwvc,0.002599332456762132
1783670198,cpu_cores,pod=workload-edge-7b875fd8c6-pxwvc,0.0020777953409657477
1783670208,cpu_cores,pod=workload-edge-7b875fd8c6-pxwvc,0.0026275216756779496
1783670218,cpu_cores,pod=workload-edge-7b875fd8c6-pxwvc,0.002704969217238165
1783670228,cpu_cores,pod=workload-edge-7b875fd8c6-pxwvc,0.0027094125730006595
1783670238,cpu_cores,pod=workload-edge-7b875fd8c6-pxwvc,0.002714147530520709
1783670248,cpu_cores,pod=workload-edge-7b875fd8c6-pxwvc,0.0022722827008857926
1783670258,cpu_cores,pod=workload-edge-7b875fd8c6-pxwvc,0.0026602358207100624
1783670268,cpu_cores,pod=workload-edge-7b875fd8c6-pxwvc,0.0027358431860606907
1783670278,cpu_cores,pod=workload-edge-7b875fd8c6-pxwvc,0.002749743651604587
1783670288,cpu_cores,pod=workload-edge-7b875fd8c6-pxwvc,0.0027120254430530034
1783670298,cpu_cores,pod=workload-edge-7b875fd8c6-pxwvc,0.0027498772303207867
1783670308,cpu_cores,pod=workload-edge-7b875fd8c6-pxwvc,0.0027097217856047054
1783670318,cpu_cores,pod=workload-edge-7b875fd8c6-pxwvc,0.002239945885415966
1783670328,cpu_cores,pod=workload-edge-7b875fd8c6-pxwvc,0.0026202434213712955
1783670338,cpu_cores,pod=workload-edge-7b875fd8c6-pxwvc,0.0026653211009154826
1783670348,cpu_cores,pod=workload-edge-7b875fd8c6-pxwvc,0.002723522316041513
1783670358,cpu_cores,pod=workload-edge-7b875fd8c6-pxwvc,0.002736271404798783
1783670368,cpu_cores,pod=workload-edge-7b875fd8c6-pxwvc,0.0027667488697084995
1783670378,cpu_cores,pod=workload-edge-7b875fd8c6-pxwvc,0.0027913989219884353
1783670388,cpu_cores,pod=workload-edge-7b875fd8c6-pxwvc,0.0023331891201499124
1783670398,cpu_cores,pod=workload-edge-7b875fd8c6-pxwvc,0.0028202479842172248
1783670408,cpu_cores,pod=workload-edge-7b875fd8c6-pxwvc,0.0028118737777363526
1783670418,cpu_cores,pod=workload-edge-7b875fd8c6-pxwvc,0.0028537696360833526
1783670428,cpu_cores,pod=workload-edge-7b875fd8c6-pxwvc,0.0024056802403909982
1783670438,cpu_cores,pod=workload-edge-7b875fd8c6-pxwvc,0.002875785031650008
1783670448,cpu_cores,pod=workload-edge-7b875fd8c6-pxwvc,0.002882709100831197
1783670458,cpu_cores,pod=workload-edge-7b875fd8c6-pxwvc,0.002909718168929735
1783670468,cpu_cores,pod=workload-edge-7b875fd8c6-pxwvc,0.002830505268335215
1783670478,cpu_cores,pod=workload-edge-7b875fd8c6-pxwvc,0.002819181772261611
1783670488,cpu_cores,pod=workload-edge-7b875fd8c6-pxwvc,0.0028441603825614496
1783670498,cpu_cores,pod=workload-edge-7b875fd8c6-pxwvc,0.0028011406303910164
1783670508,cpu_cores,pod=workload-edge-7b875fd8c6-pxwvc,0.0028365540963117782
1783670518,cpu_cores,pod=workload-edge-7b875fd8c6-pxwvc,0.002737523759009519
1783670528,cpu_cores,pod=workload-edge-7b875fd8c6-pxwvc,0.0022694795863970876
1783670538,cpu_cores,pod=workload-edge-7b875fd8c6-pxwvc,0.002642234711262683
1783670548,cpu_cores,pod=workload-edge-7b875fd8c6-pxwvc,0.0026014701605015333
1783670558,cpu_cores,pod=workload-edge-7b875fd8c6-pxwvc,0.0027162086502103156
1783670568,cpu_cores,pod=workload-edge-7b875fd8c6-pxwvc,0.002672230436253264
1783670578,cpu_cores,pod=workload-edge-7b875fd8c6-pxwvc,0.0026593410652288266
1783670588,cpu_cores,pod=workload-edge-7b875fd8c6-pxwvc,0.0026731392329424285
1783670598,cpu_cores,pod=workload-edge-7b875fd8c6-pxwvc,0.0022344320364369795
1783670608,cpu_cores,pod=workload-edge-7b875fd8c6-pxwvc,0.002186998524703177
1783670618,cpu_cores,pod=workload-edge-7b875fd8c6-pxwvc,0.0026502978961060793
1783670628,cpu_cores,pod=workload-edge-7b875fd8c6-pxwvc,0.0027136125069785375
1783670638,cpu_cores,pod=workload-edge-7b875fd8c6-pxwvc,0.002713748057495207
1783670648,cpu_cores,pod=workload-edge-7b875fd8c6-pxwvc,0.0026735003221004753
1783670658,cpu_cores,pod=workload-edge-7b875fd8c6-pxwvc,0.0026623640925569556
1783670668,cpu_cores,pod=workload-edge-7b875fd8c6-pxwvc,0.002693857268452664
1783670678,cpu_cores,pod=workload-edge-7b875fd8c6-pxwvc,0.0026196811560969314
1783670688,cpu_cores,pod=workload-edge-7b875fd8c6-pxwvc,0.002634448752931466
1783670698,cpu_cores,pod=workload-edge-7b875fd8c6-pxwvc,0.002695804882307174
1783670708,cpu_cores,pod=workload-edge-7b875fd8c6-pxwvc,0.00269349409254235
1783670718,cpu_cores,pod=workload-edge-7b875fd8c6-pxwvc,0.00269349409254235
1783670728,cpu_cores,pod=workload-edge-7b875fd8c6-pxwvc,0.0027247318236015197
1783670738,cpu_cores,pod=workload-edge-7b875fd8c6-pxwvc,0.0027191293066183217
1783670748,cpu_cores,pod=workload-edge-7b875fd8c6-pxwvc,0.002683056078574556
1783670758,cpu_cores,pod=workload-edge-7b875fd8c6-pxwvc,0.0026774107944806903
1783670768,cpu_cores,pod=workload-edge-7b875fd8c6-pxwvc,0.002234552374562016
1783670778,cpu_cores,pod=workload-edge-7b875fd8c6-pxwvc,0.0026123798677281955
1783670228,cpu_utilisation,pod=workload-cloud-6f545f89ff-756xl,0.09200102438228439
1783670238,cpu_utilisation,pod=workload-cloud-6f545f89ff-756xl,0.14177130410256408
1783670248,cpu_utilisation,pod=workload-cloud-6f545f89ff-756xl,0.18862987700429787
1783670258,cpu_utilisation,pod=workload-cloud-6f545f89ff-756xl,0.23762777972353086
1783670268,cpu_utilisation,pod=workload-cloud-6f545f89ff-756xl,0.2872050550760295
1783670278,cpu_utilisation,pod=workload-cloud-6f545f89ff-756xl,0.2929559882106218
1783670288,cpu_utilisation,pod=workload-cloud-6f545f89ff-756xl,0.3816478186152225
1783670298,cpu_utilisation,pod=workload-cloud-6f545f89ff-756xl,0.4594035071441825
1783670308,cpu_utilisation,pod=workload-cloud-6f545f89ff-756xl,0.5714457435070446
1783670318,cpu_utilisation,pod=workload-cloud-6f545f89ff-756xl,0.5714457435070446
1783670328,cpu_utilisation,pod=workload-cloud-6f545f89ff-756xl,0.688147585150032
1783670338,cpu_utilisation,pod=workload-cloud-6f545f89ff-756xl,0.7315011176177191
1783670348,cpu_utilisation,pod=workload-cloud-6f545f89ff-756xl,0.9871284434050126
1783670358,cpu_utilisation,pod=workload-cloud-6f545f89ff-756xl,1.0699716608840746
1783670368,cpu_utilisation,pod=workload-cloud-6f545f89ff-756xl,1.6362925741149381
1783670378,cpu_utilisation,pod=workload-cloud-6f545f89ff-756xl,1.3565592680556886
1783670388,cpu_utilisation,pod=workload-cloud-6f545f89ff-756xl,2.2853640302438194
1783670398,cpu_utilisation,pod=workload-cloud-6f545f89ff-756xl,2.550528922171469
1783670408,cpu_utilisation,pod=workload-cloud-6f545f89ff-756xl,2.6807488127738646
1783670418,cpu_utilisation,pod=workload-cloud-6f545f89ff-756xl,2.6623651785714277
1783670428,cpu_utilisation,pod=workload-cloud-6f545f89ff-756xl,2.6521377900522567
1783670438,cpu_utilisation,pod=workload-cloud-6f545f89ff-756xl,2.6701011287934864
1783670448,cpu_utilisation,pod=workload-cloud-6f545f89ff-756xl,2.676421361717747
1783670458,cpu_utilisation,pod=workload-cloud-6f545f89ff-756xl,2.6832876901798066
1783670468,cpu_utilisation,pod=workload-cloud-6f545f89ff-756xl,2.7139664295628045
1783670478,cpu_utilisation,pod=workload-cloud-6f545f89ff-756xl,2.7088567996797006
1783670488,cpu_utilisation,pod=workload-cloud-6f545f89ff-756xl,2.6683348814743244
1783670498,cpu_utilisation,pod=workload-cloud-6f545f89ff-756xl,2.644003603752303
1783670508,cpu_utilisation,pod=workload-cloud-6f545f89ff-756xl,2.5033190613085403
1783670518,cpu_utilisation,pod=workload-cloud-6f545f89ff-756xl,1.9610948703607305
1783670528,cpu_utilisation,pod=workload-cloud-6f545f89ff-756xl,1.8477802899873463
1783670538,cpu_utilisation,pod=workload-cloud-6f545f89ff-756xl,1.262757455854188
1783670548,cpu_utilisation,pod=workload-cloud-6f545f89ff-756xl,0.9572702989918725
1783670558,cpu_utilisation,pod=workload-cloud-6f545f89ff-756xl,0.9172925829074056
1783670568,cpu_utilisation,pod=workload-cloud-6f545f89ff-756xl,0.8315553437360252
1783670578,cpu_utilisation,pod=workload-cloud-6f545f89ff-756xl,0.7088385638841813
1783670588,cpu_utilisation,pod=workload-cloud-6f545f89ff-756xl,0.834257947868012
1783670598,cpu_utilisation,pod=workload-cloud-6f545f89ff-756xl,0.837228878498603
1783670608,cpu_utilisation,pod=workload-cloud-6f545f89ff-756xl,0.8334879845280224
1783670618,cpu_utilisation,pod=workload-cloud-6f545f89ff-756xl,0.8252759655121773
1783670628,cpu_utilisation,pod=workload-cloud-6f545f89ff-756xl,0.8175751824460011
1783670638,cpu_utilisation,pod=workload-cloud-6f545f89ff-756xl,0.827749544643018
1783670648,cpu_utilisation,pod=workload-cloud-6f545f89ff-756xl,0.8280957630495406
1783670658,cpu_utilisation,pod=workload-cloud-6f545f89ff-756xl,0.8290350069092574
1783670668,cpu_utilisation,pod=workload-cloud-6f545f89ff-756xl,0.8366487451319774
1783670678,cpu_utilisation,pod=workload-cloud-6f545f89ff-756xl,0.8354323376466322
1783670688,cpu_utilisation,pod=workload-cloud-6f545f89ff-756xl,0.8273468735535907
1783670698,cpu_utilisation,pod=workload-cloud-6f545f89ff-756xl,0.5478877499999992
1783670708,cpu_utilisation,pod=workload-cloud-6f545f89ff-756xl,0.7922770913067264
1783670718,cpu_utilisation,pod=workload-cloud-6f545f89ff-756xl,0.6603776770928586
1783670728,cpu_utilisation,pod=workload-cloud-6f545f89ff-756xl,0.5328401007705982
1783670738,cpu_utilisation,pod=workload-cloud-6f545f89ff-756xl,0.3532471598722208
1783670748,cpu_utilisation,pod=workload-cloud-6f545f89ff-756xl,0.05664948900051894
1783670758,cpu_utilisation,pod=workload-cloud-6f545f89ff-756xl,0.05664948900051894
1783670768,cpu_utilisation,pod=workload-cloud-6f545f89ff-756xl,0.012805314145769717
1783670778,cpu_utilisation,pod=workload-cloud-6f545f89ff-756xl,0.012805314145769717
1783670368,cpu_utilisation,pod=workload-cloud-6f545f89ff-bwdvc,0.2332217865165679
1783670378,cpu_utilisation,pod=workload-cloud-6f545f89ff-bwdvc,0.3630421058583328
1783670388,cpu_utilisation,pod=workload-cloud-6f545f89ff-bwdvc,0.4402299589778156
1783670398,cpu_utilisation,pod=workload-cloud-6f545f89ff-bwdvc,0.5417264256204357
1783670408,cpu_utilisation,pod=workload-cloud-6f545f89ff-bwdvc,0.6545369708475168
1783670418,cpu_utilisation,pod=workload-cloud-6f545f89ff-bwdvc,0.6228899917287012
1783670428,cpu_utilisation,pod=workload-cloud-6f545f89ff-bwdvc,0.4978665974590925
1783670438,cpu_utilisation,pod=workload-cloud-6f545f89ff-bwdvc,0.6199749475041061
1783670448,cpu_utilisation,pod=workload-cloud-6f545f89ff-bwdvc,0.6252284061644114
1783670458,cpu_utilisation,pod=workload-cloud-6f545f89ff-bwdvc,0.6238359392326457
1783670468,cpu_utilisation,pod=workload-cloud-6f545f89ff-bwdvc,0.6218384600083185
1783670478,cpu_utilisation,pod=workload-cloud-6f545f89ff-bwdvc,0.6246858716859864
1783670488,cpu_utilisation,pod=workload-cloud-6f545f89ff-bwdvc,0.6208263827694324
1783670498,cpu_utilisation,pod=workload-cloud-6f545f89ff-bwdvc,0.5021345654345654
1783670508,cpu_utilisation,pod=workload-cloud-6f545f89ff-bwdvc,0.2734814018391475
1783670518,cpu_utilisation,pod=workload-cloud-6f545f89ff-bwdvc,0.3251601955918843
1783670528,cpu_utilisation,pod=workload-cloud-6f545f89ff-bwdvc,0.05752271619768946
1783670538,cpu_utilisation,pod=workload-cloud-6f545f89ff-bwdvc,0.04814892001037387
1783670548,cpu_utilisation,pod=workload-cloud-6f545f89ff-bwdvc,0.011094192548839104
1783670558,cpu_utilisation,pod=workload-cloud-6f545f89ff-bwdvc,0.011009479558243074
1783670568,cpu_utilisation,pod=workload-cloud-6f545f89ff-bwdvc,0.011273577962359123
1783670578,cpu_utilisation,pod=workload-cloud-6f545f89ff-bwdvc,0.011273577962359123
1783670588,cpu_utilisation,pod=workload-cloud-6f545f89ff-bwdvc,0.01135386069059029
1783670598,cpu_utilisation,pod=workload-cloud-6f545f89ff-bwdvc,0.011422722342733376
1783670608,cpu_utilisation,pod=workload-cloud-6f545f89ff-bwdvc,0.011323606190564934
1783670618,cpu_utilisation,pod=workload-cloud-6f545f89ff-bwdvc,0.011412239801790937
1783670628,cpu_utilisation,pod=workload-cloud-6f545f89ff-bwdvc,0.011391248269787107
1783670638,cpu_utilisation,pod=workload-cloud-6f545f89ff-bwdvc,0.01113203140639228
1783670648,cpu_utilisation,pod=workload-cloud-6f545f89ff-bwdvc,0.011190126888528837
1783670658,cpu_utilisation,pod=workload-cloud-6f545f89ff-bwdvc,0.011313997136333947
1783670668,cpu_utilisation,pod=workload-cloud-6f545f89ff-bwdvc,0.009616662324588745
1783670678,cpu_utilisation,pod=workload-cloud-6f545f89ff-bwdvc,0.01098665071321349
1783670688,cpu_utilisation,pod=workload-cloud-6f545f89ff-bwdvc,0.011150369614634534
1783670698,cpu_utilisation,pod=workload-cloud-6f545f89ff-bwdvc,0.011114648977335675
1783670708,cpu_utilisation,pod=workload-cloud-6f545f89ff-bwdvc,0.010978050869400622
1783670718,cpu_utilisation,pod=workload-cloud-6f545f89ff-bwdvc,0.011371071612570716
1783670728,cpu_utilisation,pod=workload-cloud-6f545f89ff-bwdvc,0.011372202713653525
1783670738,cpu_utilisation,pod=workload-cloud-6f545f89ff-bwdvc,0.011289361965213025
1783670748,cpu_utilisation,pod=workload-cloud-6f545f89ff-bwdvc,0.009558600425624928
1783670758,cpu_utilisation,pod=workload-cloud-6f545f89ff-bwdvc,0.011251957521777288
1783670768,cpu_utilisation,pod=workload-cloud-6f545f89ff-bwdvc,0.01095661653576461
1783670778,cpu_utilisation,pod=workload-cloud-6f545f89ff-bwdvc,0.011049082122052745
1783670318,cpu_utilisation,pod=workload-cloud-6f545f89ff-fbjjk,0.08129614614222953
1783670328,cpu_utilisation,pod=workload-cloud-6f545f89ff-fbjjk,0.0702610063928211
1783670338,cpu_utilisation,pod=workload-cloud-6f545f89ff-fbjjk,0.08779817335826584
1783670348,cpu_utilisation,pod=workload-cloud-6f545f89ff-fbjjk,0.1447348267424625
1783670358,cpu_utilisation,pod=workload-cloud-6f545f89ff-fbjjk,0.44820016802280244
1783670368,cpu_utilisation,pod=workload-cloud-6f545f89ff-fbjjk,0.8814985550994864
1783670378,cpu_utilisation,pod=workload-cloud-6f545f89ff-fbjjk,1.3189031134277498
1783670388,cpu_utilisation,pod=workload-cloud-6f545f89ff-fbjjk,1.4304389583333335
1783670398,cpu_utilisation,pod=workload-cloud-6f545f89ff-fbjjk,1.9968240880515165
1783670408,cpu_utilisation,pod=workload-cloud-6f545f89ff-fbjjk,1.8218871608928455
1783670418,cpu_utilisation,pod=workload-cloud-6f545f89ff-fbjjk,2.227778045762463
1783670428,cpu_utilisation,pod=workload-cloud-6f545f89ff-fbjjk,2.2288025856117817
1783670438,cpu_utilisation,pod=workload-cloud-6f545f89ff-fbjjk,2.277059365539029
1783670448,cpu_utilisation,pod=workload-cloud-6f545f89ff-fbjjk,2.2289499128919856
1783670458,cpu_utilisation,pod=workload-cloud-6f545f89ff-fbjjk,2.170834567734986
1783670468,cpu_utilisation,pod=workload-cloud-6f545f89ff-fbjjk,2.1708345677349854
1783670478,cpu_utilisation,pod=workload-cloud-6f545f89ff-fbjjk,2.1634393514187713
1783670488,cpu_utilisation,pod=workload-cloud-6f545f89ff-fbjjk,2.18488536530931
1783670498,cpu_utilisation,pod=workload-cloud-6f545f89ff-fbjjk,2.18488536530931
1783670508,cpu_utilisation,pod=workload-cloud-6f545f89ff-fbjjk,2.0138042138554915
1783670518,cpu_utilisation,pod=workload-cloud-6f545f89ff-fbjjk,1.3933828070984093
1783670528,cpu_utilisation,pod=workload-cloud-6f545f89ff-fbjjk,1.3933828070984093
1783670538,cpu_utilisation,pod=workload-cloud-6f545f89ff-fbjjk,0.5762511785325772
1783670548,cpu_utilisation,pod=workload-cloud-6f545f89ff-fbjjk,0.13430305471009613
1783670558,cpu_utilisation,pod=workload-cloud-6f545f89ff-fbjjk,0.10507767942926052
1783670568,cpu_utilisation,pod=workload-cloud-6f545f89ff-fbjjk,0.010649820188849302
1783670578,cpu_utilisation,pod=workload-cloud-6f545f89ff-fbjjk,0.010821093540604145
1783670588,cpu_utilisation,pod=workload-cloud-6f545f89ff-fbjjk,0.0109263569500038
1783670598,cpu_utilisation,pod=workload-cloud-6f545f89ff-fbjjk,0.010889446109310048
1783670608,cpu_utilisation,pod=workload-cloud-6f545f89ff-fbjjk,0.010889446109310048
1783670618,cpu_utilisation,pod=workload-cloud-6f545f89ff-fbjjk,0.010641025641025805
1783670628,cpu_utilisation,pod=workload-cloud-6f545f89ff-fbjjk,0.010818979849704126
1783670638,cpu_utilisation,pod=workload-cloud-6f545f89ff-fbjjk,0.010818979849704126
1783670648,cpu_utilisation,pod=workload-cloud-6f545f89ff-fbjjk,0.01108569518139816
1783670658,cpu_utilisation,pod=workload-cloud-6f545f89ff-fbjjk,0.011092834657160652
1783670668,cpu_utilisation,pod=workload-cloud-6f545f89ff-fbjjk,0.011092834657160652
1783670678,cpu_utilisation,pod=workload-cloud-6f545f89ff-fbjjk,0.010968301760549486
1783670688,cpu_utilisation,pod=workload-cloud-6f545f89ff-fbjjk,0.010763952424521332
1783670698,cpu_utilisation,pod=workload-cloud-6f545f89ff-fbjjk,0.010837725030566028
1783670708,cpu_utilisation,pod=workload-cloud-6f545f89ff-fbjjk,0.011063151857594712
1783670718,cpu_utilisation,pod=workload-cloud-6f545f89ff-fbjjk,0.009131890687634502
1783670728,cpu_utilisation,pod=workload-cloud-6f545f89ff-fbjjk,0.010729748682334938
1783670738,cpu_utilisation,pod=workload-cloud-6f545f89ff-fbjjk,0.011274449949515283
1783670748,cpu_utilisation,pod=workload-cloud-6f545f89ff-fbjjk,0.011274449949515283
1783670758,cpu_utilisation,pod=workload-cloud-6f545f89ff-fbjjk,0.0110865423721565
1783670768,cpu_utilisation,pod=workload-cloud-6f545f89ff-fbjjk,0.011461726767724863
1783670778,cpu_utilisation,pod=workload-cloud-6f545f89ff-fbjjk,0.01106417620646459
1783670148,cpu_utilisation,pod=workload-cloud-6f545f89ff-r28zz,0.01250869451811832
1783670158,cpu_utilisation,pod=workload-cloud-6f545f89ff-r28zz,0.023922350472205242
1783670168,cpu_utilisation,pod=workload-cloud-6f545f89ff-r28zz,0.0783469874295613
1783670178,cpu_utilisation,pod=workload-cloud-6f545f89ff-r28zz,0.13923606044813958
1783670188,cpu_utilisation,pod=workload-cloud-6f545f89ff-r28zz,0.19359698051463917
1783670198,cpu_utilisation,pod=workload-cloud-6f545f89ff-r28zz,0.36430167123069296
1783670208,cpu_utilisation,pod=workload-cloud-6f545f89ff-r28zz,0.42433437725248885
1783670218,cpu_utilisation,pod=workload-cloud-6f545f89ff-r28zz,0.6077929051245671
1783670228,cpu_utilisation,pod=workload-cloud-6f545f89ff-r28zz,0.7612206196581214
1783670238,cpu_utilisation,pod=workload-cloud-6f545f89ff-r28zz,0.8566745335318598
1783670248,cpu_utilisation,pod=workload-cloud-6f545f89ff-r28zz,0.8794709129605983
1783670258,cpu_utilisation,pod=workload-cloud-6f545f89ff-r28zz,0.9891790298382985
1783670268,cpu_utilisation,pod=workload-cloud-6f545f89ff-r28zz,0.9891790298382986
1783670278,cpu_utilisation,pod=workload-cloud-6f545f89ff-r28zz,1.069526414117536
1783670288,cpu_utilisation,pod=workload-cloud-6f545f89ff-r28zz,0.9251457191789488
1783670298,cpu_utilisation,pod=workload-cloud-6f545f89ff-r28zz,1.1943897657385085
1783670308,cpu_utilisation,pod=workload-cloud-6f545f89ff-r28zz,1.0215964107826838
1783670318,cpu_utilisation,pod=workload-cloud-6f545f89ff-r28zz,1.3110632220713685
1783670328,cpu_utilisation,pod=workload-cloud-6f545f89ff-r28zz,1.3512449036242784
1783670338,cpu_utilisation,pod=workload-cloud-6f545f89ff-r28zz,1.3782196217740867
1783670348,cpu_utilisation,pod=workload-cloud-6f545f89ff-r28zz,1.5038345048954542
1783670358,cpu_utilisation,pod=workload-cloud-6f545f89ff-r28zz,1.6019151147323059
1783670368,cpu_utilisation,pod=workload-cloud-6f545f89ff-r28zz,1.8972990852045057
1783670378,cpu_utilisation,pod=workload-cloud-6f545f89ff-r28zz,2.3051188483428353
1783670388,cpu_utilisation,pod=workload-cloud-6f545f89ff-r28zz,2.5813903654983954
1783670398,cpu_utilisation,pod=workload-cloud-6f545f89ff-r28zz,2.58210102367904
1783670408,cpu_utilisation,pod=workload-cloud-6f545f89ff-r28zz,2.609454187942042
1783670418,cpu_utilisation,pod=workload-cloud-6f545f89ff-r28zz,2.6310322062914686
1783670428,cpu_utilisation,pod=workload-cloud-6f545f89ff-r28zz,2.641867861870871
1783670438,cpu_utilisation,pod=workload-cloud-6f545f89ff-r28zz,2.671564099088388
1783670448,cpu_utilisation,pod=workload-cloud-6f545f89ff-r28zz,2.670294135827896
1783670458,cpu_utilisation,pod=workload-cloud-6f545f89ff-r28zz,2.665457067539692
1783670468,cpu_utilisation,pod=workload-cloud-6f545f89ff-r28zz,2.665457067539692
1783670478,cpu_utilisation,pod=workload-cloud-6f545f89ff-r28zz,2.6547868549172495
1783670488,cpu_utilisation,pod=workload-cloud-6f545f89ff-r28zz,2.646820769016628
1783670498,cpu_utilisation,pod=workload-cloud-6f545f89ff-r28zz,2.5903636381785153
1783670508,cpu_utilisation,pod=workload-cloud-6f545f89ff-r28zz,2.4610010242260874
1783670518,cpu_utilisation,pod=workload-cloud-6f545f89ff-r28zz,2.3486697467487887
1783670528,cpu_utilisation,pod=workload-cloud-6f545f89ff-r28zz,2.0264736689575233
1783670538,cpu_utilisation,pod=workload-cloud-6f545f89ff-r28zz,1.6864099533991956
1783670548,cpu_utilisation,pod=workload-cloud-6f545f89ff-r28zz,1.6864099533991956
1783670558,cpu_utilisation,pod=workload-cloud-6f545f89ff-r28zz,1.5478985520819735
1783670568,cpu_utilisation,pod=workload-cloud-6f545f89ff-r28zz,1.5560482812909966
1783670578,cpu_utilisation,pod=workload-cloud-6f545f89ff-r28zz,1.552559993541478
1783670588,cpu_utilisation,pod=workload-cloud-6f545f89ff-r28zz,1.541404458800433
1783670598,cpu_utilisation,pod=workload-cloud-6f545f89ff-r28zz,1.2272036176308874
1783670608,cpu_utilisation,pod=workload-cloud-6f545f89ff-r28zz,1.5251373137313662
1783670618,cpu_utilisation,pod=workload-cloud-6f545f89ff-r28zz,1.3188943714925012
1783670628,cpu_utilisation,pod=workload-cloud-6f545f89ff-r28zz,1.5138847408882277
1783670638,cpu_utilisation,pod=workload-cloud-6f545f89ff-r28zz,1.521952490621578
1783670648,cpu_utilisation,pod=workload-cloud-6f545f89ff-r28zz,1.5419383146345549
1783670658,cpu_utilisation,pod=workload-cloud-6f545f89ff-r28zz,1.5502454451428238
1783670668,cpu_utilisation,pod=workload-cloud-6f545f89ff-r28zz,1.2892727282958139
1783670678,cpu_utilisation,pod=workload-cloud-6f545f89ff-r28zz,1.5330613020166217
1783670688,cpu_utilisation,pod=workload-cloud-6f545f89ff-r28zz,1.0397657499999864
1783670698,cpu_utilisation,pod=workload-cloud-6f545f89ff-r28zz,1.576350624803104
1783670708,cpu_utilisation,pod=workload-cloud-6f545f89ff-r28zz,1.6212194612030435
1783670718,cpu_utilisation,pod=workload-cloud-6f545f89ff-r28zz,1.4842135071182088
1783670728,cpu_utilisation,pod=workload-cloud-6f545f89ff-r28zz,1.4724121844852824
1783670738,cpu_utilisation,pod=workload-cloud-6f545f89ff-r28zz,0.7495167046826602
1783670748,cpu_utilisation,pod=workload-cloud-6f545f89ff-r28zz,0.5156632316268194
1783670758,cpu_utilisation,pod=workload-cloud-6f545f89ff-r28zz,0.161294569391111
1783670768,cpu_utilisation,pod=workload-cloud-6f545f89ff-r28zz,0.112607271111754
1783670778,cpu_utilisation,pod=workload-cloud-6f545f89ff-r28zz,0.011309390520487956
1783670258,cpu_utilisation,pod=workload-cloud-6f545f89ff-wbblc,0.058402411647183135
1783670268,cpu_utilisation,pod=workload-cloud-6f545f89ff-wbblc,0.08905835687316996
1783670278,cpu_utilisation,pod=workload-cloud-6f545f89ff-wbblc,0.0702937080452977
1783670288,cpu_utilisation,pod=workload-cloud-6f545f89ff-wbblc,0.0636075599490415
1783670298,cpu_utilisation,pod=workload-cloud-6f545f89ff-wbblc,0.06278079028283318
1783670308,cpu_utilisation,pod=workload-cloud-6f545f89ff-wbblc,0.011242723213242004
1783670318,cpu_utilisation,pod=workload-cloud-6f545f89ff-wbblc,0.010947982148855505
1783670328,cpu_utilisation,pod=workload-cloud-6f545f89ff-wbblc,0.010891026127905207
1783670338,cpu_utilisation,pod=workload-cloud-6f545f89ff-wbblc,0.0630943239784423
1783670348,cpu_utilisation,pod=workload-cloud-6f545f89ff-wbblc,0.08545905867182461
1783670358,cpu_utilisation,pod=workload-cloud-6f545f89ff-wbblc,0.4053392971701475
1783670368,cpu_utilisation,pod=workload-cloud-6f545f89ff-wbblc,0.7730094068190825
1783670378,cpu_utilisation,pod=workload-cloud-6f545f89ff-wbblc,0.9509851881760415
1783670388,cpu_utilisation,pod=workload-cloud-6f545f89ff-wbblc,1.3576567799769093
1783670398,cpu_utilisation,pod=workload-cloud-6f545f89ff-wbblc,1.6328977561575864
1783670408,cpu_utilisation,pod=workload-cloud-6f545f89ff-wbblc,1.6372112307244686
1783670418,cpu_utilisation,pod=workload-cloud-6f545f89ff-wbblc,1.6380801159573066
1783670428,cpu_utilisation,pod=workload-cloud-6f545f89ff-wbblc,1.6620556305698078
1783670438,cpu_utilisation,pod=workload-cloud-6f545f89ff-wbblc,1.6620556305698078
1783670448,cpu_utilisation,pod=workload-cloud-6f545f89ff-wbblc,1.7274892099584194
1783670458,cpu_utilisation,pod=workload-cloud-6f545f89ff-wbblc,1.703849775698043
1783670468,cpu_utilisation,pod=workload-cloud-6f545f89ff-wbblc,1.7074492543182984
1783670478,cpu_utilisation,pod=workload-cloud-6f545f89ff-wbblc,1.676613650706003
1783670488,cpu_utilisation,pod=workload-cloud-6f545f89ff-wbblc,1.6273944021167392
1783670498,cpu_utilisation,pod=workload-cloud-6f545f89ff-wbblc,1.5704025461539985
1783670508,cpu_utilisation,pod=workload-cloud-6f545f89ff-wbblc,1.3463451150181078
1783670518,cpu_utilisation,pod=workload-cloud-6f545f89ff-wbblc,1.1949655400302115
1783670528,cpu_utilisation,pod=workload-cloud-6f545f89ff-wbblc,0.8036106015951855
1783670538,cpu_utilisation,pod=workload-cloud-6f545f89ff-wbblc,0.3130860975463323
1783670548,cpu_utilisation,pod=workload-cloud-6f545f89ff-wbblc,0.2247827235235561
1783670558,cpu_utilisation,pod=workload-cloud-6f545f89ff-wbblc,0.029003713402592474
1783670568,cpu_utilisation,pod=workload-cloud-6f545f89ff-wbblc,0.009621734484896767
1783670578,cpu_utilisation,pod=workload-cloud-6f545f89ff-wbblc,0.011237353814739183
1783670588,cpu_utilisation,pod=workload-cloud-6f545f89ff-wbblc,0.009227206007288876
1783670598,cpu_utilisation,pod=workload-cloud-6f545f89ff-wbblc,0.010961380443713609
1783670608,cpu_utilisation,pod=workload-cloud-6f545f89ff-wbblc,0.011180823315944518
1783670618,cpu_utilisation,pod=workload-cloud-6f545f89ff-wbblc,0.011038456688941635
1783670628,cpu_utilisation,pod=workload-cloud-6f545f89ff-wbblc,0.01122688294245239
1783670638,cpu_utilisation,pod=workload-cloud-6f545f89ff-wbblc,0.011075357314918882
1783670648,cpu_utilisation,pod=workload-cloud-6f545f89ff-wbblc,0.011387510852040626
1783670658,cpu_utilisation,pod=workload-cloud-6f545f89ff-wbblc,0.011110683987275374
1783670668,cpu_utilisation,pod=workload-cloud-6f545f89ff-wbblc,0.011207954407663671
1783670678,cpu_utilisation,pod=workload-cloud-6f545f89ff-wbblc,0.011448607071789307
1783670688,cpu_utilisation,pod=workload-cloud-6f545f89ff-wbblc,0.01141920353982272
1783670698,cpu_utilisation,pod=workload-cloud-6f545f89ff-wbblc,0.011228304724615744
1783670708,cpu_utilisation,pod=workload-cloud-6f545f89ff-wbblc,0.011493591930217768
1783670718,cpu_utilisation,pod=workload-cloud-6f545f89ff-wbblc,0.009517524210970827
1783670728,cpu_utilisation,pod=workload-cloud-6f545f89ff-wbblc,0.011176458584168165
1783670738,cpu_utilisation,pod=workload-cloud-6f545f89ff-wbblc,0.011813440473857259
1783670748,cpu_utilisation,pod=workload-cloud-6f545f89ff-wbblc,0.011869799001407827
1783670758,cpu_utilisation,pod=workload-cloud-6f545f89ff-wbblc,0.011911940204761178
1783670768,cpu_utilisation,pod=workload-cloud-6f545f89ff-wbblc,0.012221657733634957
1783670778,cpu_utilisation,pod=workload-cloud-6f545f89ff-wbblc,0.009728880893613808
1783670378,cpu_utilisation,pod=workload-cloud-6f545f89ff-xcdxt,0.23026910632299133
1783670388,cpu_utilisation,pod=workload-cloud-6f545f89ff-xcdxt,0.2722597067622574
1783670398,cpu_utilisation,pod=workload-cloud-6f545f89ff-xcdxt,0.3433758082496786
1783670408,cpu_utilisation,pod=workload-cloud-6f545f89ff-xcdxt,0.38281621123312365
1783670418,cpu_utilisation,pod=workload-cloud-6f545f89ff-xcdxt,0.32272750516930865
1783670428,cpu_utilisation,pod=workload-cloud-6f545f89ff-xcdxt,0.32272750516930865
1783670438,cpu_utilisation,pod=workload-cloud-6f545f89ff-xcdxt,0.32086092646876674
1783670448,cpu_utilisation,pod=workload-cloud-6f545f89ff-xcdxt,0.32534364151385425
1783670458,cpu_utilisation,pod=workload-cloud-6f545f89ff-xcdxt,0.32534364151385425
1783670468,cpu_utilisation,pod=workload-cloud-6f545f89ff-xcdxt,0.32732392854075404
1783670478,cpu_utilisation,pod=workload-cloud-6f545f89ff-xcdxt,0.33079252238020007
1783670488,cpu_utilisation,pod=workload-cloud-6f545f89ff-xcdxt,0.326748385794996
1783670498,cpu_utilisation,pod=workload-cloud-6f545f89ff-xcdxt,0.2711348359035191
1783670508,cpu_utilisation,pod=workload-cloud-6f545f89ff-xcdxt,0.2450644598133351
1783670518,cpu_utilisation,pod=workload-cloud-6f545f89ff-xcdxt,0.16072904818113534
1783670528,cpu_utilisation,pod=workload-cloud-6f545f89ff-xcdxt,0.035043834680633115
1783670538,cpu_utilisation,pod=workload-cloud-6f545f89ff-xcdxt,0.035043834680633115
1783670548,cpu_utilisation,pod=workload-cloud-6f545f89ff-xcdxt,0.011235741444866892
1783670558,cpu_utilisation,pod=workload-cloud-6f545f89ff-xcdxt,0.011447114024332742
1783670568,cpu_utilisation,pod=workload-cloud-6f545f89ff-xcdxt,0.01130764266778285
1783670578,cpu_utilisation,pod=workload-cloud-6f545f89ff-xcdxt,0.011158300685602175
1783670588,cpu_utilisation,pod=workload-cloud-6f545f89ff-xcdxt,0.01123045564786627
1783670598,cpu_utilisation,pod=workload-cloud-6f545f89ff-xcdxt,0.011603368436776592
1783670608,cpu_utilisation,pod=workload-cloud-6f545f89ff-xcdxt,0.011469009042954139
1783670618,cpu_utilisation,pod=workload-cloud-6f545f89ff-xcdxt,0.011316609075202447
1783670628,cpu_utilisation,pod=workload-cloud-6f545f89ff-xcdxt,0.009524895166581438
1783670638,cpu_utilisation,pod=workload-cloud-6f545f89ff-xcdxt,0.011330904846240617
1783670648,cpu_utilisation,pod=workload-cloud-6f545f89ff-xcdxt,0.011062830360092432
1783670658,cpu_utilisation,pod=workload-cloud-6f545f89ff-xcdxt,0.011323786893446677
1783670668,cpu_utilisation,pod=workload-cloud-6f545f89ff-xcdxt,0.011301353667908
1783670678,cpu_utilisation,pod=workload-cloud-6f545f89ff-xcdxt,0.011290348951277581
1783670688,cpu_utilisation,pod=workload-cloud-6f545f89ff-xcdxt,0.009448830313163367
1783670698,cpu_utilisation,pod=workload-cloud-6f545f89ff-xcdxt,0.011114416524252664
1783670708,cpu_utilisation,pod=workload-cloud-6f545f89ff-xcdxt,0.008879745667423543
1783670718,cpu_utilisation,pod=workload-cloud-6f545f89ff-xcdxt,0.01107895014229991
1783670728,cpu_utilisation,pod=workload-cloud-6f545f89ff-xcdxt,0.011456188445527557
1783670738,cpu_utilisation,pod=workload-cloud-6f545f89ff-xcdxt,0.009708529579048848
1783670748,cpu_utilisation,pod=workload-cloud-6f545f89ff-xcdxt,0.011466074151352179
1783670758,cpu_utilisation,pod=workload-cloud-6f545f89ff-xcdxt,0.011671650980737129
1783670768,cpu_utilisation,pod=workload-cloud-6f545f89ff-xcdxt,0.01167165098073713
1783670778,cpu_utilisation,pod=workload-cloud-6f545f89ff-xcdxt,0.011528568661630718
1783670148,cpu_utilisation,pod=workload-edge-7b875fd8c6-pxwvc,0.027008008282302907
1783670158,cpu_utilisation,pod=workload-edge-7b875fd8c6-pxwvc,0.026971441644109407
1783670168,cpu_utilisation,pod=workload-edge-7b875fd8c6-pxwvc,0.027303279355507786
1783670178,cpu_utilisation,pod=workload-edge-7b875fd8c6-pxwvc,0.026208536487873465
1783670188,cpu_utilisation,pod=workload-edge-7b875fd8c6-pxwvc,0.025993324567621316
1783670198,cpu_utilisation,pod=workload-edge-7b875fd8c6-pxwvc,0.020777953409657476
1783670208,cpu_utilisation,pod=workload-edge-7b875fd8c6-pxwvc,0.026275216756779494
1783670218,cpu_utilisation,pod=workload-edge-7b875fd8c6-pxwvc,0.02704969217238165
1783670228,cpu_utilisation,pod=workload-edge-7b875fd8c6-pxwvc,0.027094125730006594
1783670238,cpu_utilisation,pod=workload-edge-7b875fd8c6-pxwvc,0.02714147530520709
1783670248,cpu_utilisation,pod=workload-edge-7b875fd8c6-pxwvc,0.022722827008857926
1783670258,cpu_utilisation,pod=workload-edge-7b875fd8c6-pxwvc,0.02660235820710062
1783670268,cpu_utilisation,pod=workload-edge-7b875fd8c6-pxwvc,0.027358431860606904
1783670278,cpu_utilisation,pod=workload-edge-7b875fd8c6-pxwvc,0.02749743651604587
1783670288,cpu_utilisation,pod=workload-edge-7b875fd8c6-pxwvc,0.02712025443053003
1783670298,cpu_utilisation,pod=workload-edge-7b875fd8c6-pxwvc,0.027498772303207866
1783670308,cpu_utilisation,pod=workload-edge-7b875fd8c6-pxwvc,0.027097217856047053
1783670318,cpu_utilisation,pod=workload-edge-7b875fd8c6-pxwvc,0.022399458854159657
1783670328,cpu_utilisation,pod=workload-edge-7b875fd8c6-pxwvc,0.026202434213712954
1783670338,cpu_utilisation,pod=workload-edge-7b875fd8c6-pxwvc,0.026653211009154826
1783670348,cpu_utilisation,pod=workload-edge-7b875fd8c6-pxwvc,0.027235223160415132
1783670358,cpu_utilisation,pod=workload-edge-7b875fd8c6-pxwvc,0.027362714047987825
1783670368,cpu_utilisation,pod=workload-edge-7b875fd8c6-pxwvc,0.027667488697084994
1783670378,cpu_utilisation,pod=workload-edge-7b875fd8c6-pxwvc,0.02791398921988435
1783670388,cpu_utilisation,pod=workload-edge-7b875fd8c6-pxwvc,0.023331891201499123
1783670398,cpu_utilisation,pod=workload-edge-7b875fd8c6-pxwvc,0.028202479842172248
1783670408,cpu_utilisation,pod=workload-edge-7b875fd8c6-pxwvc,0.028118737777363526
1783670418,cpu_utilisation,pod=workload-edge-7b875fd8c6-pxwvc,0.028537696360833524
1783670428,cpu_utilisation,pod=workload-edge-7b875fd8c6-pxwvc,0.02405680240390998
1783670438,cpu_utilisation,pod=workload-edge-7b875fd8c6-pxwvc,0.02875785031650008
1783670448,cpu_utilisation,pod=workload-edge-7b875fd8c6-pxwvc,0.02882709100831197
1783670458,cpu_utilisation,pod=workload-edge-7b875fd8c6-pxwvc,0.02909718168929735
1783670468,cpu_utilisation,pod=workload-edge-7b875fd8c6-pxwvc,0.028305052683352146
1783670478,cpu_utilisation,pod=workload-edge-7b875fd8c6-pxwvc,0.02819181772261611
1783670488,cpu_utilisation,pod=workload-edge-7b875fd8c6-pxwvc,0.028441603825614496
1783670498,cpu_utilisation,pod=workload-edge-7b875fd8c6-pxwvc,0.028011406303910164
1783670508,cpu_utilisation,pod=workload-edge-7b875fd8c6-pxwvc,0.02836554096311778
1783670518,cpu_utilisation,pod=workload-edge-7b875fd8c6-pxwvc,0.027375237590095188
1783670528,cpu_utilisation,pod=workload-edge-7b875fd8c6-pxwvc,0.022694795863970874
1783670538,cpu_utilisation,pod=workload-edge-7b875fd8c6-pxwvc,0.02642234711262683
1783670548,cpu_utilisation,pod=workload-edge-7b875fd8c6-pxwvc,0.02601470160501533
1783670558,cpu_utilisation,pod=workload-edge-7b875fd8c6-pxwvc,0.027162086502103156
1783670568,cpu_utilisation,pod=workload-edge-7b875fd8c6-pxwvc,0.026722304362532638
1783670578,cpu_utilisation,pod=workload-edge-7b875fd8c6-pxwvc,0.026593410652288266
1783670588,cpu_utilisation,pod=workload-edge-7b875fd8c6-pxwvc,0.026731392329424283
1783670598,cpu_utilisation,pod=workload-edge-7b875fd8c6-pxwvc,0.022344320364369792
1783670608,cpu_utilisation,pod=workload-edge-7b875fd8c6-pxwvc,0.021869985247031768
1783670618,cpu_utilisation,pod=workload-edge-7b875fd8c6-pxwvc,0.026502978961060793
1783670628,cpu_utilisation,pod=workload-edge-7b875fd8c6-pxwvc,0.027136125069785372
1783670638,cpu_utilisation,pod=workload-edge-7b875fd8c6-pxwvc,0.02713748057495207
1783670648,cpu_utilisation,pod=workload-edge-7b875fd8c6-pxwvc,0.026735003221004753
1783670658,cpu_utilisation,pod=workload-edge-7b875fd8c6-pxwvc,0.026623640925569556
1783670668,cpu_utilisation,pod=workload-edge-7b875fd8c6-pxwvc,0.02693857268452664
1783670678,cpu_utilisation,pod=workload-edge-7b875fd8c6-pxwvc,0.026196811560969313
1783670688,cpu_utilisation,pod=workload-edge-7b875fd8c6-pxwvc,0.026344487529314658
1783670698,cpu_utilisation,pod=workload-edge-7b875fd8c6-pxwvc,0.026958048823071738
1783670708,cpu_utilisation,pod=workload-edge-7b875fd8c6-pxwvc,0.0269349409254235
1783670718,cpu_utilisation,pod=workload-edge-7b875fd8c6-pxwvc,0.0269349409254235
1783670728,cpu_utilisation,pod=workload-edge-7b875fd8c6-pxwvc,0.027247318236015197
1783670738,cpu_utilisation,pod=workload-edge-7b875fd8c6-pxwvc,0.027191293066183217
1783670748,cpu_utilisation,pod=workload-edge-7b875fd8c6-pxwvc,0.026830560785745555
1783670758,cpu_utilisation,pod=workload-edge-7b875fd8c6-pxwvc,0.0267741079448069
1783670768,cpu_utilisation,pod=workload-edge-7b875fd8c6-pxwvc,0.02234552374562016
1783670778,cpu_utilisation,pod=workload-edge-7b875fd8c6-pxwvc,0.026123798677281953
1783670218,mem_mib,pod=workload-cloud-6f545f89ff-756xl,3.6171875
1783670228,mem_mib,pod=workload-cloud-6f545f89ff-756xl,35.47265625
1783670238,mem_mib,pod=workload-cloud-6f545f89ff-756xl,35.47265625
1783670248,mem_mib,pod=workload-cloud-6f545f89ff-756xl,35.40625
1783670258,mem_mib,pod=workload-cloud-6f545f89ff-756xl,35.40625
1783670268,mem_mib,pod=workload-cloud-6f545f89ff-756xl,35.58203125
1783670278,mem_mib,pod=workload-cloud-6f545f89ff-756xl,35.58203125
1783670288,mem_mib,pod=workload-cloud-6f545f89ff-756xl,36.1171875
1783670298,mem_mib,pod=workload-cloud-6f545f89ff-756xl,35.96875
1783670308,mem_mib,pod=workload-cloud-6f545f89ff-756xl,35.9765625
1783670318,mem_mib,pod=workload-cloud-6f545f89ff-756xl,35.9765625
1783670328,mem_mib,pod=workload-cloud-6f545f89ff-756xl,36.10546875
1783670338,mem_mib,pod=workload-cloud-6f545f89ff-756xl,36.1640625
1783670348,mem_mib,pod=workload-cloud-6f545f89ff-756xl,37.4140625
1783670358,mem_mib,pod=workload-cloud-6f545f89ff-756xl,37.4140625
1783670368,mem_mib,pod=workload-cloud-6f545f89ff-756xl,39.25390625
1783670378,mem_mib,pod=workload-cloud-6f545f89ff-756xl,39.25390625
1783670388,mem_mib,pod=workload-cloud-6f545f89ff-756xl,39.109375
1783670398,mem_mib,pod=workload-cloud-6f545f89ff-756xl,38.91796875
1783670408,mem_mib,pod=workload-cloud-6f545f89ff-756xl,38.9375
1783670418,mem_mib,pod=workload-cloud-6f545f89ff-756xl,38.98046875
1783670428,mem_mib,pod=workload-cloud-6f545f89ff-756xl,38.98046875
1783670438,mem_mib,pod=workload-cloud-6f545f89ff-756xl,39.0
1783670448,mem_mib,pod=workload-cloud-6f545f89ff-756xl,39.0
1783670458,mem_mib,pod=workload-cloud-6f545f89ff-756xl,41.41796875
1783670468,mem_mib,pod=workload-cloud-6f545f89ff-756xl,41.41796875
1783670478,mem_mib,pod=workload-cloud-6f545f89ff-756xl,39.23046875
1783670488,mem_mib,pod=workload-cloud-6f545f89ff-756xl,39.2734375
1783670498,mem_mib,pod=workload-cloud-6f545f89ff-756xl,39.2734375
1783670508,mem_mib,pod=workload-cloud-6f545f89ff-756xl,40.39453125
1783670518,mem_mib,pod=workload-cloud-6f545f89ff-756xl,40.39453125
1783670528,mem_mib,pod=workload-cloud-6f545f89ff-756xl,38.21484375
1783670538,mem_mib,pod=workload-cloud-6f545f89ff-756xl,38.1484375
1783670548,mem_mib,pod=workload-cloud-6f545f89ff-756xl,38.1484375
1783670558,mem_mib,pod=workload-cloud-6f545f89ff-756xl,38.36328125
1783670568,mem_mib,pod=workload-cloud-6f545f89ff-756xl,38.421875
1783670578,mem_mib,pod=workload-cloud-6f545f89ff-756xl,38.421875
1783670588,mem_mib,pod=workload-cloud-6f545f89ff-756xl,38.62109375
1783670598,mem_mib,pod=workload-cloud-6f545f89ff-756xl,38.62109375
1783670608,mem_mib,pod=workload-cloud-6f545f89ff-756xl,39.4453125
1783670618,mem_mib,pod=workload-cloud-6f545f89ff-756xl,38.6875
1783670628,mem_mib,pod=workload-cloud-6f545f89ff-756xl,38.4375
1783670638,mem_mib,pod=workload-cloud-6f545f89ff-756xl,38.82421875
1783670648,mem_mib,pod=workload-cloud-6f545f89ff-756xl,38.82421875
1783670658,mem_mib,pod=workload-cloud-6f545f89ff-756xl,38.61328125
1783670668,mem_mib,pod=workload-cloud-6f545f89ff-756xl,38.61328125
1783670678,mem_mib,pod=workload-cloud-6f545f89ff-756xl,38.453125
1783670688,mem_mib,pod=workload-cloud-6f545f89ff-756xl,38.43359375
1783670698,mem_mib,pod=workload-cloud-6f545f89ff-756xl,38.43359375
1783670708,mem_mib,pod=workload-cloud-6f545f89ff-756xl,38.37109375
1783670718,mem_mib,pod=workload-cloud-6f545f89ff-756xl,38.37109375
1783670728,mem_mib,pod=workload-cloud-6f545f89ff-756xl,37.98828125
1783670738,mem_mib,pod=workload-cloud-6f545f89ff-756xl,37.98828125
1783670748,mem_mib,pod=workload-cloud-6f545f89ff-756xl,37.98828125
1783670758,mem_mib,pod=workload-cloud-6f545f89ff-756xl,37.98828125
1783670768,mem_mib,pod=workload-cloud-6f545f89ff-756xl,37.98828125
1783670778,mem_mib,pod=workload-cloud-6f545f89ff-756xl,37.98828125
1783670358,mem_mib,pod=workload-cloud-6f545f89ff-bwdvc,2.5859375
1783670368,mem_mib,pod=workload-cloud-6f545f89ff-bwdvc,35.76171875
1783670378,mem_mib,pod=workload-cloud-6f545f89ff-bwdvc,35.76171875
1783670388,mem_mib,pod=workload-cloud-6f545f89ff-bwdvc,36.65234375
1783670398,mem_mib,pod=workload-cloud-6f545f89ff-bwdvc,35.9375
1783670408,mem_mib,pod=workload-cloud-6f545f89ff-bwdvc,35.9375
1783670418,mem_mib,pod=workload-cloud-6f545f89ff-bwdvc,36.46875
1783670428,mem_mib,pod=workload-cloud-6f545f89ff-bwdvc,35.953125
1783670438,mem_mib,pod=workload-cloud-6f545f89ff-bwdvc,36.25
1783670448,mem_mib,pod=workload-cloud-6f545f89ff-bwdvc,36.0078125
1783670458,mem_mib,pod=workload-cloud-6f545f89ff-bwdvc,36.0078125
1783670468,mem_mib,pod=workload-cloud-6f545f89ff-bwdvc,36.05078125
1783670478,mem_mib,pod=workload-cloud-6f545f89ff-bwdvc,36.05078125
1783670488,mem_mib,pod=workload-cloud-6f545f89ff-bwdvc,36.08984375
1783670498,mem_mib,pod=workload-cloud-6f545f89ff-bwdvc,36.046875
1783670508,mem_mib,pod=workload-cloud-6f545f89ff-bwdvc,36.01953125
1783670518,mem_mib,pod=workload-cloud-6f545f89ff-bwdvc,36.01953125
1783670528,mem_mib,pod=workload-cloud-6f545f89ff-bwdvc,36.01953125
1783670538,mem_mib,pod=workload-cloud-6f545f89ff-bwdvc,36.01953125
1783670548,mem_mib,pod=workload-cloud-6f545f89ff-bwdvc,36.01953125
1783670558,mem_mib,pod=workload-cloud-6f545f89ff-bwdvc,36.01953125
1783670568,mem_mib,pod=workload-cloud-6f545f89ff-bwdvc,36.01953125
1783670578,mem_mib,pod=workload-cloud-6f545f89ff-bwdvc,36.01953125
1783670588,mem_mib,pod=workload-cloud-6f545f89ff-bwdvc,36.01953125
1783670598,mem_mib,pod=workload-cloud-6f545f89ff-bwdvc,36.01953125
1783670608,mem_mib,pod=workload-cloud-6f545f89ff-bwdvc,36.01953125
1783670618,mem_mib,pod=workload-cloud-6f545f89ff-bwdvc,36.01953125
1783670628,mem_mib,pod=workload-cloud-6f545f89ff-bwdvc,36.01953125
1783670638,mem_mib,pod=workload-cloud-6f545f89ff-bwdvc,36.01953125
1783670648,mem_mib,pod=workload-cloud-6f545f89ff-bwdvc,36.015625
1783670658,mem_mib,pod=workload-cloud-6f545f89ff-bwdvc,36.01953125
1783670668,mem_mib,pod=workload-cloud-6f545f89ff-bwdvc,36.01953125
1783670678,mem_mib,pod=workload-cloud-6f545f89ff-bwdvc,36.015625
1783670688,mem_mib,pod=workload-cloud-6f545f89ff-bwdvc,36.01953125
1783670698,mem_mib,pod=workload-cloud-6f545f89ff-bwdvc,36.01953125
1783670708,mem_mib,pod=workload-cloud-6f545f89ff-bwdvc,36.01953125
1783670718,mem_mib,pod=workload-cloud-6f545f89ff-bwdvc,36.01953125
1783670728,mem_mib,pod=workload-cloud-6f545f89ff-bwdvc,36.015625
1783670738,mem_mib,pod=workload-cloud-6f545f89ff-bwdvc,36.01953125
1783670748,mem_mib,pod=workload-cloud-6f545f89ff-bwdvc,36.01953125
1783670758,mem_mib,pod=workload-cloud-6f545f89ff-bwdvc,36.01953125
1783670768,mem_mib,pod=workload-cloud-6f545f89ff-bwdvc,36.015625
1783670778,mem_mib,pod=workload-cloud-6f545f89ff-bwdvc,36.01953125
1783670298,mem_mib,pod=workload-cloud-6f545f89ff-fbjjk,3.703125
1783670308,mem_mib,pod=workload-cloud-6f545f89ff-fbjjk,3.703125
1783670318,mem_mib,pod=workload-cloud-6f545f89ff-fbjjk,35.14453125
1783670328,mem_mib,pod=workload-cloud-6f545f89ff-fbjjk,35.16015625
1783670338,mem_mib,pod=workload-cloud-6f545f89ff-fbjjk,35.16015625
1783670348,mem_mib,pod=workload-cloud-6f545f89ff-fbjjk,35.66796875
1783670358,mem_mib,pod=workload-cloud-6f545f89ff-fbjjk,38.0625
1783670368,mem_mib,pod=workload-cloud-6f545f89ff-fbjjk,38.2265625
1783670378,mem_mib,pod=workload-cloud-6f545f89ff-fbjjk,38.0234375
1783670388,mem_mib,pod=workload-cloud-6f545f89ff-fbjjk,38.0234375
1783670398,mem_mib,pod=workload-cloud-6f545f89ff-fbjjk,38.16015625
1783670408,mem_mib,pod=workload-cloud-6f545f89ff-fbjjk,38.16015625
1783670418,mem_mib,pod=workload-cloud-6f545f89ff-fbjjk,38.18359375
1783670428,mem_mib,pod=workload-cloud-6f545f89ff-fbjjk,38.20703125
1783670438,mem_mib,pod=workload-cloud-6f545f89ff-fbjjk,38.20703125
1783670448,mem_mib,pod=workload-cloud-6f545f89ff-fbjjk,38.25390625
1783670458,mem_mib,pod=workload-cloud-6f545f89ff-fbjjk,38.2734375
1783670468,mem_mib,pod=workload-cloud-6f545f89ff-fbjjk,38.2734375
1783670478,mem_mib,pod=workload-cloud-6f545f89ff-fbjjk,38.578125
1783670488,mem_mib,pod=workload-cloud-6f545f89ff-fbjjk,38.8125
1783670498,mem_mib,pod=workload-cloud-6f545f89ff-fbjjk,38.8125
1783670508,mem_mib,pod=workload-cloud-6f545f89ff-fbjjk,39.0234375
1783670518,mem_mib,pod=workload-cloud-6f545f89ff-fbjjk,37.546875
1783670528,mem_mib,pod=workload-cloud-6f545f89ff-fbjjk,37.546875
1783670538,mem_mib,pod=workload-cloud-6f545f89ff-fbjjk,37.50390625
1783670548,mem_mib,pod=workload-cloud-6f545f89ff-fbjjk,37.50390625
1783670558,mem_mib,pod=workload-cloud-6f545f89ff-fbjjk,37.50390625
1783670568,mem_mib,pod=workload-cloud-6f545f89ff-fbjjk,37.50390625
1783670578,mem_mib,pod=workload-cloud-6f545f89ff-fbjjk,37.50390625
1783670588,mem_mib,pod=workload-cloud-6f545f89ff-fbjjk,37.50390625
1783670598,mem_mib,pod=workload-cloud-6f545f89ff-fbjjk,37.50390625
1783670608,mem_mib,pod=workload-cloud-6f545f89ff-fbjjk,37.50390625
1783670618,mem_mib,pod=workload-cloud-6f545f89ff-fbjjk,37.50390625
1783670628,mem_mib,pod=workload-cloud-6f545f89ff-fbjjk,37.50390625
1783670638,mem_mib,pod=workload-cloud-6f545f89ff-fbjjk,37.50390625
1783670648,mem_mib,pod=workload-cloud-6f545f89ff-fbjjk,37.50390625
1783670658,mem_mib,pod=workload-cloud-6f545f89ff-fbjjk,37.50390625
1783670668,mem_mib,pod=workload-cloud-6f545f89ff-fbjjk,37.50390625
1783670678,mem_mib,pod=workload-cloud-6f545f89ff-fbjjk,37.50390625
1783670688,mem_mib,pod=workload-cloud-6f545f89ff-fbjjk,37.50390625
1783670698,mem_mib,pod=workload-cloud-6f545f89ff-fbjjk,37.50390625
1783670708,mem_mib,pod=workload-cloud-6f545f89ff-fbjjk,37.50390625
1783670718,mem_mib,pod=workload-cloud-6f545f89ff-fbjjk,37.50390625
1783670728,mem_mib,pod=workload-cloud-6f545f89ff-fbjjk,37.50390625
1783670738,mem_mib,pod=workload-cloud-6f545f89ff-fbjjk,37.50390625
1783670748,mem_mib,pod=workload-cloud-6f545f89ff-fbjjk,37.50390625
1783670758,mem_mib,pod=workload-cloud-6f545f89ff-fbjjk,37.50390625
1783670768,mem_mib,pod=workload-cloud-6f545f89ff-fbjjk,37.50390625
1783670778,mem_mib,pod=workload-cloud-6f545f89ff-fbjjk,37.50390625
1783670148,mem_mib,pod=workload-cloud-6f545f89ff-r28zz,39.64453125
1783670158,mem_mib,pod=workload-cloud-6f545f89ff-r28zz,40.140625
1783670168,mem_mib,pod=workload-cloud-6f545f89ff-r28zz,40.1484375
1783670178,mem_mib,pod=workload-cloud-6f545f89ff-r28zz,39.72265625
1783670188,mem_mib,pod=workload-cloud-6f545f89ff-r28zz,39.72265625
1783670198,mem_mib,pod=workload-cloud-6f545f89ff-r28zz,40.2109375
1783670208,mem_mib,pod=workload-cloud-6f545f89ff-r28zz,40.2109375
1783670218,mem_mib,pod=workload-cloud-6f545f89ff-r28zz,40.28125
1783670228,mem_mib,pod=workload-cloud-6f545f89ff-r28zz,40.62109375
1783670238,mem_mib,pod=workload-cloud-6f545f89ff-r28zz,40.62109375
1783670248,mem_mib,pod=workload-cloud-6f545f89ff-r28zz,40.88671875
1783670258,mem_mib,pod=workload-cloud-6f545f89ff-r28zz,40.71484375
1783670268,mem_mib,pod=workload-cloud-6f545f89ff-r28zz,40.71484375
1783670278,mem_mib,pod=workload-cloud-6f545f89ff-r28zz,40.51171875
1783670288,mem_mib,pod=workload-cloud-6f545f89ff-r28zz,40.51171875
1783670298,mem_mib,pod=workload-cloud-6f545f89ff-r28zz,40.0078125
1783670308,mem_mib,pod=workload-cloud-6f545f89ff-r28zz,40.0078125
1783670318,mem_mib,pod=workload-cloud-6f545f89ff-r28zz,40.34765625
1783670328,mem_mib,pod=workload-cloud-6f545f89ff-r28zz,40.4296875
1783670338,mem_mib,pod=workload-cloud-6f545f89ff-r28zz,40.4296875
1783670348,mem_mib,pod=workload-cloud-6f545f89ff-r28zz,40.609375
1783670358,mem_mib,pod=workload-cloud-6f545f89ff-r28zz,40.609375
1783670368,mem_mib,pod=workload-cloud-6f545f89ff-r28zz,41.54296875
1783670378,mem_mib,pod=workload-cloud-6f545f89ff-r28zz,41.78515625
1783670388,mem_mib,pod=workload-cloud-6f545f89ff-r28zz,41.78515625
1783670398,mem_mib,pod=workload-cloud-6f545f89ff-r28zz,41.30859375
1783670408,mem_mib,pod=workload-cloud-6f545f89ff-r28zz,41.30859375
1783670418,mem_mib,pod=workload-cloud-6f545f89ff-r28zz,41.53125
1783670428,mem_mib,pod=workload-cloud-6f545f89ff-r28zz,41.27734375
1783670438,mem_mib,pod=workload-cloud-6f545f89ff-r28zz,41.27734375
1783670448,mem_mib,pod=workload-cloud-6f545f89ff-r28zz,41.0234375
1783670458,mem_mib,pod=workload-cloud-6f545f89ff-r28zz,41.03515625
1783670468,mem_mib,pod=workload-cloud-6f545f89ff-r28zz,41.03515625
1783670478,mem_mib,pod=workload-cloud-6f545f89ff-r28zz,41.046875
1783670488,mem_mib,pod=workload-cloud-6f545f89ff-r28zz,41.046875
1783670498,mem_mib,pod=workload-cloud-6f545f89ff-r28zz,41.765625
1783670508,mem_mib,pod=workload-cloud-6f545f89ff-r28zz,40.83203125
1783670518,mem_mib,pod=workload-cloud-6f545f89ff-r28zz,40.83203125
1783670528,mem_mib,pod=workload-cloud-6f545f89ff-r28zz,41.17578125
1783670538,mem_mib,pod=workload-cloud-6f545f89ff-r28zz,40.390625
1783670548,mem_mib,pod=workload-cloud-6f545f89ff-r28zz,40.390625
1783670558,mem_mib,pod=workload-cloud-6f545f89ff-r28zz,40.62890625
1783670568,mem_mib,pod=workload-cloud-6f545f89ff-r28zz,40.62890625
1783670578,mem_mib,pod=workload-cloud-6f545f89ff-r28zz,40.62890625
1783670588,mem_mib,pod=workload-cloud-6f545f89ff-r28zz,40.3828125
1783670598,mem_mib,pod=workload-cloud-6f545f89ff-r28zz,40.3828125
1783670608,mem_mib,pod=workload-cloud-6f545f89ff-r28zz,40.8671875
1783670618,mem_mib,pod=workload-cloud-6f545f89ff-r28zz,40.8671875
1783670628,mem_mib,pod=workload-cloud-6f545f89ff-r28zz,41.1328125
1783670638,mem_mib,pod=workload-cloud-6f545f89ff-r28zz,41.1328125
1783670648,mem_mib,pod=workload-cloud-6f545f89ff-r28zz,40.67578125
1783670658,mem_mib,pod=workload-cloud-6f545f89ff-r28zz,40.67578125
1783670668,mem_mib,pod=workload-cloud-6f545f89ff-r28zz,41.66796875
1783670678,mem_mib,pod=workload-cloud-6f545f89ff-r28zz,40.875
1783670688,mem_mib,pod=workload-cloud-6f545f89ff-r28zz,40.875
1783670698,mem_mib,pod=workload-cloud-6f545f89ff-r28zz,41.30078125
1783670708,mem_mib,pod=workload-cloud-6f545f89ff-r28zz,41.30078125
1783670718,mem_mib,pod=workload-cloud-6f545f89ff-r28zz,40.40234375
1783670728,mem_mib,pod=workload-cloud-6f545f89ff-r28zz,40.40234375
1783670738,mem_mib,pod=workload-cloud-6f545f89ff-r28zz,39.7578125
1783670748,mem_mib,pod=workload-cloud-6f545f89ff-r28zz,39.7578125
1783670758,mem_mib,pod=workload-cloud-6f545f89ff-r28zz,39.7578125
1783670768,mem_mib,pod=workload-cloud-6f545f89ff-r28zz,39.7578125
1783670778,mem_mib,pod=workload-cloud-6f545f89ff-r28zz,39.7578125
1783670248,mem_mib,pod=workload-cloud-6f545f89ff-wbblc,3.765625
1783670258,mem_mib,pod=workload-cloud-6f545f89ff-wbblc,35.1484375
1783670268,mem_mib,pod=workload-cloud-6f545f89ff-wbblc,35.1484375
1783670278,mem_mib,pod=workload-cloud-6f545f89ff-wbblc,35.16015625
1783670288,mem_mib,pod=workload-cloud-6f545f89ff-wbblc,35.17578125
1783670298,mem_mib,pod=workload-cloud-6f545f89ff-wbblc,35.17578125
1783670308,mem_mib,pod=workload-cloud-6f545f89ff-wbblc,35.17578125
1783670318,mem_mib,pod=workload-cloud-6f545f89ff-wbblc,35.18359375
1783670328,mem_mib,pod=workload-cloud-6f545f89ff-wbblc,35.1953125
1783670338,mem_mib,pod=workload-cloud-6f545f89ff-wbblc,35.640625
1783670348,mem_mib,pod=workload-cloud-6f545f89ff-wbblc,35.640625
1783670358,mem_mib,pod=workload-cloud-6f545f89ff-wbblc,36.74609375
1783670368,mem_mib,pod=workload-cloud-6f545f89ff-wbblc,37.19140625
1783670378,mem_mib,pod=workload-cloud-6f545f89ff-wbblc,37.19140625
1783670388,mem_mib,pod=workload-cloud-6f545f89ff-wbblc,37.0
1783670398,mem_mib,pod=workload-cloud-6f545f89ff-wbblc,37.0
1783670408,mem_mib,pod=workload-cloud-6f545f89ff-wbblc,37.29296875
1783670418,mem_mib,pod=workload-cloud-6f545f89ff-wbblc,37.29296875
1783670428,mem_mib,pod=workload-cloud-6f545f89ff-wbblc,37.09765625
1783670438,mem_mib,pod=workload-cloud-6f545f89ff-wbblc,37.09765625
1783670448,mem_mib,pod=workload-cloud-6f545f89ff-wbblc,37.1328125
1783670458,mem_mib,pod=workload-cloud-6f545f89ff-wbblc,37.18359375
1783670468,mem_mib,pod=workload-cloud-6f545f89ff-wbblc,37.18359375
1783670478,mem_mib,pod=workload-cloud-6f545f89ff-wbblc,37.44140625
1783670488,mem_mib,pod=workload-cloud-6f545f89ff-wbblc,37.44140625
1783670498,mem_mib,pod=workload-cloud-6f545f89ff-wbblc,37.38671875
1783670508,mem_mib,pod=workload-cloud-6f545f89ff-wbblc,36.859375
1783670518,mem_mib,pod=workload-cloud-6f545f89ff-wbblc,36.859375
1783670528,mem_mib,pod=workload-cloud-6f545f89ff-wbblc,36.6328125
1783670538,mem_mib,pod=workload-cloud-6f545f89ff-wbblc,36.6328125
1783670548,mem_mib,pod=workload-cloud-6f545f89ff-wbblc,36.6328125
1783670558,mem_mib,pod=workload-cloud-6f545f89ff-wbblc,36.6328125
1783670568,mem_mib,pod=workload-cloud-6f545f89ff-wbblc,36.63671875
1783670578,mem_mib,pod=workload-cloud-6f545f89ff-wbblc,36.63671875
1783670588,mem_mib,pod=workload-cloud-6f545f89ff-wbblc,36.6328125
1783670598,mem_mib,pod=workload-cloud-6f545f89ff-wbblc,36.6328125
1783670608,mem_mib,pod=workload-cloud-6f545f89ff-wbblc,36.63671875
1783670618,mem_mib,pod=workload-cloud-6f545f89ff-wbblc,36.63671875
1783670628,mem_mib,pod=workload-cloud-6f545f89ff-wbblc,36.6328125
1783670638,mem_mib,pod=workload-cloud-6f545f89ff-wbblc,36.6328125
1783670648,mem_mib,pod=workload-cloud-6f545f89ff-wbblc,36.6328125
1783670658,mem_mib,pod=workload-cloud-6f545f89ff-wbblc,36.6328125
1783670668,mem_mib,pod=workload-cloud-6f545f89ff-wbblc,36.6328125
1783670678,mem_mib,pod=workload-cloud-6f545f89ff-wbblc,36.6328125
1783670688,mem_mib,pod=workload-cloud-6f545f89ff-wbblc,36.6328125
1783670698,mem_mib,pod=workload-cloud-6f545f89ff-wbblc,36.6328125
1783670708,mem_mib,pod=workload-cloud-6f545f89ff-wbblc,36.6328125
1783670718,mem_mib,pod=workload-cloud-6f545f89ff-wbblc,36.6328125
1783670728,mem_mib,pod=workload-cloud-6f545f89ff-wbblc,36.6328125
1783670738,mem_mib,pod=workload-cloud-6f545f89ff-wbblc,36.6328125
1783670748,mem_mib,pod=workload-cloud-6f545f89ff-wbblc,36.6328125
1783670758,mem_mib,pod=workload-cloud-6f545f89ff-wbblc,36.63671875
1783670768,mem_mib,pod=workload-cloud-6f545f89ff-wbblc,36.6328125
1783670778,mem_mib,pod=workload-cloud-6f545f89ff-wbblc,36.6328125
1783670358,mem_mib,pod=workload-cloud-6f545f89ff-xcdxt,2.70703125
1783670368,mem_mib,pod=workload-cloud-6f545f89ff-xcdxt,2.70703125
1783670378,mem_mib,pod=workload-cloud-6f545f89ff-xcdxt,36.19140625
1783670388,mem_mib,pod=workload-cloud-6f545f89ff-xcdxt,36.27734375
1783670398,mem_mib,pod=workload-cloud-6f545f89ff-xcdxt,36.27734375
1783670408,mem_mib,pod=workload-cloud-6f545f89ff-xcdxt,36.07421875
1783670418,mem_mib,pod=workload-cloud-6f545f89ff-xcdxt,36.09375
1783670428,mem_mib,pod=workload-cloud-6f545f89ff-xcdxt,36.09375
1783670438,mem_mib,pod=workload-cloud-6f545f89ff-xcdxt,36.1171875
1783670448,mem_mib,pod=workload-cloud-6f545f89ff-xcdxt,36.3203125
1783670458,mem_mib,pod=workload-cloud-6f545f89ff-xcdxt,36.3203125
1783670468,mem_mib,pod=workload-cloud-6f545f89ff-xcdxt,36.33203125
1783670478,mem_mib,pod=workload-cloud-6f545f89ff-xcdxt,36.33203125
1783670488,mem_mib,pod=workload-cloud-6f545f89ff-xcdxt,36.390625
1783670498,mem_mib,pod=workload-cloud-6f545f89ff-xcdxt,36.39453125
1783670508,mem_mib,pod=workload-cloud-6f545f89ff-xcdxt,36.39453125
1783670518,mem_mib,pod=workload-cloud-6f545f89ff-xcdxt,36.3671875
1783670528,mem_mib,pod=workload-cloud-6f545f89ff-xcdxt,36.37109375
1783670538,mem_mib,pod=workload-cloud-6f545f89ff-xcdxt,36.37109375
1783670548,mem_mib,pod=workload-cloud-6f545f89ff-xcdxt,36.37109375
1783670558,mem_mib,pod=workload-cloud-6f545f89ff-xcdxt,36.37109375
1783670568,mem_mib,pod=workload-cloud-6f545f89ff-xcdxt,36.37109375
1783670578,mem_mib,pod=workload-cloud-6f545f89ff-xcdxt,36.37109375
1783670588,mem_mib,pod=workload-cloud-6f545f89ff-xcdxt,36.37109375
1783670598,mem_mib,pod=workload-cloud-6f545f89ff-xcdxt,36.37109375
1783670608,mem_mib,pod=workload-cloud-6f545f89ff-xcdxt,36.37109375
1783670618,mem_mib,pod=workload-cloud-6f545f89ff-xcdxt,36.37109375
1783670628,mem_mib,pod=workload-cloud-6f545f89ff-xcdxt,36.37109375
1783670638,mem_mib,pod=workload-cloud-6f545f89ff-xcdxt,36.37109375
1783670648,mem_mib,pod=workload-cloud-6f545f89ff-xcdxt,36.37109375
1783670658,mem_mib,pod=workload-cloud-6f545f89ff-xcdxt,36.37109375
1783670668,mem_mib,pod=workload-cloud-6f545f89ff-xcdxt,36.37109375
1783670678,mem_mib,pod=workload-cloud-6f545f89ff-xcdxt,36.37109375
1783670688,mem_mib,pod=workload-cloud-6f545f89ff-xcdxt,36.37109375
1783670698,mem_mib,pod=workload-cloud-6f545f89ff-xcdxt,36.62109375
1783670708,mem_mib,pod=workload-cloud-6f545f89ff-xcdxt,36.62109375
1783670718,mem_mib,pod=workload-cloud-6f545f89ff-xcdxt,36.37109375
1783670728,mem_mib,pod=workload-cloud-6f545f89ff-xcdxt,36.37109375
1783670738,mem_mib,pod=workload-cloud-6f545f89ff-xcdxt,36.37109375
1783670748,mem_mib,pod=workload-cloud-6f545f89ff-xcdxt,36.37109375
1783670758,mem_mib,pod=workload-cloud-6f545f89ff-xcdxt,36.37109375
1783670768,mem_mib,pod=workload-cloud-6f545f89ff-xcdxt,36.37109375
1783670778,mem_mib,pod=workload-cloud-6f545f89ff-xcdxt,36.37109375
1783670148,mem_mib,pod=workload-edge-7b875fd8c6-pxwvc,39.26171875
1783670158,mem_mib,pod=workload-edge-7b875fd8c6-pxwvc,39.26171875
1783670168,mem_mib,pod=workload-edge-7b875fd8c6-pxwvc,39.26171875
1783670178,mem_mib,pod=workload-edge-7b875fd8c6-pxwvc,39.26171875
1783670188,mem_mib,pod=workload-edge-7b875fd8c6-pxwvc,39.26171875
1783670198,mem_mib,pod=workload-edge-7b875fd8c6-pxwvc,39.26171875
1783670208,mem_mib,pod=workload-edge-7b875fd8c6-pxwvc,39.26171875
1783670218,mem_mib,pod=workload-edge-7b875fd8c6-pxwvc,39.26171875
1783670228,mem_mib,pod=workload-edge-7b875fd8c6-pxwvc,39.26171875
1783670238,mem_mib,pod=workload-edge-7b875fd8c6-pxwvc,39.26171875
1783670248,mem_mib,pod=workload-edge-7b875fd8c6-pxwvc,39.26171875
1783670258,mem_mib,pod=workload-edge-7b875fd8c6-pxwvc,39.26171875
1783670268,mem_mib,pod=workload-edge-7b875fd8c6-pxwvc,39.26171875
1783670278,mem_mib,pod=workload-edge-7b875fd8c6-pxwvc,39.26171875
1783670288,mem_mib,pod=workload-edge-7b875fd8c6-pxwvc,39.26171875
1783670298,mem_mib,pod=workload-edge-7b875fd8c6-pxwvc,39.26171875
1783670308,mem_mib,pod=workload-edge-7b875fd8c6-pxwvc,39.26171875
1783670318,mem_mib,pod=workload-edge-7b875fd8c6-pxwvc,39.26171875
1783670328,mem_mib,pod=workload-edge-7b875fd8c6-pxwvc,39.26171875
1783670338,mem_mib,pod=workload-edge-7b875fd8c6-pxwvc,39.26171875
1783670348,mem_mib,pod=workload-edge-7b875fd8c6-pxwvc,39.26171875
1783670358,mem_mib,pod=workload-edge-7b875fd8c6-pxwvc,39.265625
1783670368,mem_mib,pod=workload-edge-7b875fd8c6-pxwvc,39.265625
1783670378,mem_mib,pod=workload-edge-7b875fd8c6-pxwvc,39.26171875
1783670388,mem_mib,pod=workload-edge-7b875fd8c6-pxwvc,39.26171875
1783670398,mem_mib,pod=workload-edge-7b875fd8c6-pxwvc,39.26171875
1783670408,mem_mib,pod=workload-edge-7b875fd8c6-pxwvc,39.26171875
1783670418,mem_mib,pod=workload-edge-7b875fd8c6-pxwvc,39.26171875
1783670428,mem_mib,pod=workload-edge-7b875fd8c6-pxwvc,39.26171875
1783670438,mem_mib,pod=workload-edge-7b875fd8c6-pxwvc,39.26171875
1783670448,mem_mib,pod=workload-edge-7b875fd8c6-pxwvc,39.26171875
1783670458,mem_mib,pod=workload-edge-7b875fd8c6-pxwvc,39.26171875
1783670468,mem_mib,pod=workload-edge-7b875fd8c6-pxwvc,39.26171875
1783670478,mem_mib,pod=workload-edge-7b875fd8c6-pxwvc,39.26171875
1783670488,mem_mib,pod=workload-edge-7b875fd8c6-pxwvc,39.26171875
1783670498,mem_mib,pod=workload-edge-7b875fd8c6-pxwvc,39.26171875
1783670508,mem_mib,pod=workload-edge-7b875fd8c6-pxwvc,39.26171875
1783670518,mem_mib,pod=workload-edge-7b875fd8c6-pxwvc,39.26171875
1783670528,mem_mib,pod=workload-edge-7b875fd8c6-pxwvc,39.26171875
1783670538,mem_mib,pod=workload-edge-7b875fd8c6-pxwvc,39.26171875
1783670548,mem_mib,pod=workload-edge-7b875fd8c6-pxwvc,39.26171875
1783670558,mem_mib,pod=workload-edge-7b875fd8c6-pxwvc,39.26171875
1783670568,mem_mib,pod=workload-edge-7b875fd8c6-pxwvc,39.26171875
1783670578,mem_mib,pod=workload-edge-7b875fd8c6-pxwvc,39.26171875
1783670588,mem_mib,pod=workload-edge-7b875fd8c6-pxwvc,39.26171875
1783670598,mem_mib,pod=workload-edge-7b875fd8c6-pxwvc,39.26171875
1783670608,mem_mib,pod=workload-edge-7b875fd8c6-pxwvc,39.26171875
1783670618,mem_mib,pod=workload-edge-7b875fd8c6-pxwvc,39.26171875
1783670628,mem_mib,pod=workload-edge-7b875fd8c6-pxwvc,39.26171875
1783670638,mem_mib,pod=workload-edge-7b875fd8c6-pxwvc,39.26171875
1783670648,mem_mib,pod=workload-edge-7b875fd8c6-pxwvc,39.26171875
1783670658,mem_mib,pod=workload-edge-7b875fd8c6-pxwvc,39.26171875
1783670668,mem_mib,pod=workload-edge-7b875fd8c6-pxwvc,39.26171875
1783670678,mem_mib,pod=workload-edge-7b875fd8c6-pxwvc,39.26171875
1783670688,mem_mib,pod=workload-edge-7b875fd8c6-pxwvc,39.26171875
1783670698,mem_mib,pod=workload-edge-7b875fd8c6-pxwvc,39.26171875
1783670708,mem_mib,pod=workload-edge-7b875fd8c6-pxwvc,39.26171875
1783670718,mem_mib,pod=workload-edge-7b875fd8c6-pxwvc,39.26171875
1783670728,mem_mib,pod=workload-edge-7b875fd8c6-pxwvc,39.26171875
1783670738,mem_mib,pod=workload-edge-7b875fd8c6-pxwvc,39.26171875
1783670748,mem_mib,pod=workload-edge-7b875fd8c6-pxwvc,39.26171875
1783670758,mem_mib,pod=workload-edge-7b875fd8c6-pxwvc,39.26171875
1783670768,mem_mib,pod=workload-edge-7b875fd8c6-pxwvc,39.26171875
1783670778,mem_mib,pod=workload-edge-7b875fd8c6-pxwvc,39.51953125
1783670148,rps,tier=cloud,0.0
1783670158,rps,tier=cloud,2.160145610016704
1783670168,rps,tier=cloud,8.400336013440537
1783670178,rps,tier=cloud,18.601285290654523
1783670188,rps,tier=cloud,32.64195851751106
1783670198,rps,tier=cloud,50.56202248089923
1783670208,rps,tier=cloud,70.24494475508999
1783670218,rps,tier=cloud,89.64809513994044
1783670228,rps,tier=cloud,105.16420656826273
1783670238,rps,tier=cloud,126.95794741974858
1783670248,rps,tier=cloud,144.92338357717148
1783670258,rps,tier=cloud,161.50260532060148
1783670268,rps,tier=cloud,177.23514431669022
1783670278,rps,tier=cloud,196.53008553038987
1783670288,rps,tier=cloud,216.66912159215332
1783670298,rps,tier=cloud,234.01535268970412
1783670308,rps,tier=cloud,251.82146264870505
1783670318,rps,tier=cloud,270.533109091168
1783670328,rps,tier=cloud,288.6613901237401
1783670338,rps,tier=cloud,306.5656352956093
1783670348,rps,tier=cloud,391.8593208275447
1783670358,rps,tier=cloud,552.8008581580332
1783670368,rps,tier=cloud,747.7202501007769
1783670378,rps,tier=cloud,957.6335557158028
1783670388,rps,tier=cloud,1152.83636233619
1783670398,rps,tier=cloud,1315.529664988546
1783670408,rps,tier=cloud,1402.8244456271734
1783670418,rps,tier=cloud,1429.7770653585385
1783670428,rps,tier=cloud,1431.9140842711004
1783670438,rps,tier=cloud,1434.32490990794
1783670448,rps,tier=cloud,1435.535014630513
1783670458,rps,tier=cloud,1424.889422648931
1783670468,rps,tier=cloud,1422.329392832046
1783670478,rps,tier=cloud,1419.1321138286823
1783670488,rps,tier=cloud,1415.19552553042
1783670498,rps,tier=cloud,1370.7579947481324
1783670508,rps,tier=cloud,1261.4554993779473
1783670518,rps,tier=cloud,1073.1822828753004
1783670528,rps,tier=cloud,857.3046195284518
1783670538,rps,tier=cloud,643.9847356560151
1783670548,rps,tier=cloud,474.0568864886353
1783670558,rps,tier=cloud,372.61559682241995
1783670568,rps,tier=cloud,346.32545954690414
1783670578,rps,tier=cloud,346.9087894286119
1783670588,rps,tier=cloud,346.4934763963359
1783670598,rps,tier=cloud,346.1431032178774
1783670608,rps,tier=cloud,344.3852258785739
1783670618,rps,tier=cloud,344.17488595189195
1783670628,rps,tier=cloud,342.9051270757997
1783670638,rps,tier=cloud,345.1310468219142
1783670648,rps,tier=cloud,344.5183390517367
1783670658,rps,tier=cloud,344.0852924268294
1783670668,rps,tier=cloud,343.54392112490217
1783670678,rps,tier=cloud,347.1126658174858
1783670688,rps,tier=cloud,345.7465365449152
1783670698,rps,tier=cloud,347.78670406919355
1783670708,rps,tier=cloud,334.2189035321834
1783670718,rps,tier=cloud,294.6999443226241
1783670728,rps,tier=cloud,227.13894042195824
1783670738,rps,tier=cloud,157.39842912359768
1783670748,rps,tier=cloud,86.69374465980711
1783670758,rps,tier=cloud,32.38225656048364
1783670768,rps,tier=cloud,3.6800896220109838
1783670778,rps,tier=cloud,0.0
1783670148,rps,tier=edge,0.0
1783670158,rps,tier=edge,0.0
1783670168,rps,tier=edge,0.0
1783670178,rps,tier=edge,0.0
1783670188,rps,tier=edge,0.0
1783670198,rps,tier=edge,0.0
1783670208,rps,tier=edge,0.0
1783670218,rps,tier=edge,0.0
1783670228,rps,tier=edge,0.0
1783670238,rps,tier=edge,0.0
1783670248,rps,tier=edge,0.0
1783670258,rps,tier=edge,0.0
1783670268,rps,tier=edge,0.0
1783670278,rps,tier=edge,0.0
1783670288,rps,tier=edge,0.0
1783670298,rps,tier=edge,0.0
1783670308,rps,tier=edge,0.0
1783670318,rps,tier=edge,0.0
1783670328,rps,tier=edge,0.0
1783670338,rps,tier=edge,0.0
1783670348,rps,tier=edge,0.0
1783670358,rps,tier=edge,0.0
1783670368,rps,tier=edge,0.0
1783670378,rps,tier=edge,0.0
1783670388,rps,tier=edge,0.0
1783670398,rps,tier=edge,0.0
1783670408,rps,tier=edge,0.0
1783670418,rps,tier=edge,0.0
1783670428,rps,tier=edge,0.0
1783670438,rps,tier=edge,0.0
1783670448,rps,tier=edge,0.0
1783670458,rps,tier=edge,0.0
1783670468,rps,tier=edge,0.0
1783670478,rps,tier=edge,0.0
1783670488,rps,tier=edge,0.0
1783670498,rps,tier=edge,0.0
1783670508,rps,tier=edge,0.0
1783670518,rps,tier=edge,0.0
1783670528,rps,tier=edge,0.0
1783670538,rps,tier=edge,0.0
1783670548,rps,tier=edge,0.0
1783670558,rps,tier=edge,0.0
1783670568,rps,tier=edge,0.0
1783670578,rps,tier=edge,0.0
1783670588,rps,tier=edge,0.0
1783670598,rps,tier=edge,0.0
1783670608,rps,tier=edge,0.0
1783670618,rps,tier=edge,0.0
1783670628,rps,tier=edge,0.0
1783670638,rps,tier=edge,0.0
1783670648,rps,tier=edge,0.0
1783670658,rps,tier=edge,0.0
1783670668,rps,tier=edge,0.0
1783670678,rps,tier=edge,0.0
1783670688,rps,tier=edge,0.0
1783670698,rps,tier=edge,0.0
1783670708,rps,tier=edge,0.0
1783670718,rps,tier=edge,0.0
1783670728,rps,tier=edge,0.0
1783670738,rps,tier=edge,0.0
1783670748,rps,tier=edge,0.0
1783670758,rps,tier=edge,0.0
1783670768,rps,tier=edge,0.0
1783670778,rps,tier=edge,0.0
1783670148,lat50_ms,tier=cloud,4.928701297887609
1783670158,lat50_ms,tier=cloud,3.346939298058835
1783670168,lat50_ms,tier=cloud,3.292682754364462
1783670178,lat50_ms,tier=cloud,3.332016161932002
1783670188,lat50_ms,tier=cloud,3.588089330024814
1783670198,lat50_ms,tier=cloud,3.706979222163026
1783670208,lat50_ms,tier=cloud,3.9593360995850633
1783670218,lat50_ms,tier=cloud,4.163394501213968
1783670228,lat50_ms,tier=cloud,4.385500575373994
1783670238,lat50_ms,tier=cloud,4.394974382757268
1783670248,lat50_ms,tier=cloud,4.572861843473435
1783670258,lat50_ms,tier=cloud,4.773177355300437
1783670268,lat50_ms,tier=cloud,4.986800661147739
1783670278,lat50_ms,tier=cloud,5.2074914561591665
1783670288,lat50_ms,tier=cloud,5.6359884741230895
1783670298,lat50_ms,tier=cloud,6.016244792034251
1783670308,lat50_ms,tier=cloud,6.62597612089795
1783670318,lat50_ms,tier=cloud,6.921972747782399
1783670328,lat50_ms,tier=cloud,7.425082276982596
1783670338,lat50_ms,tier=cloud,7.9810141902971266
1783670348,lat50_ms,tier=cloud,8.759152641211456
1783670358,lat50_ms,tier=cloud,11.400727253589212
1783670368,lat50_ms,tier=cloud,14.628140024031119
1783670378,lat50_ms,tier=cloud,17.728018628565167
1783670388,lat50_ms,tier=cloud,21.161481238569127
1783670398,lat50_ms,tier=cloud,24.334546395610204
1783670408,lat50_ms,tier=cloud,26.017570982588744
1783670418,lat50_ms,tier=cloud,27.481419544684133
1783670428,lat50_ms,tier=cloud,28.64538458389076
1783670438,lat50_ms,tier=cloud,29.665620722798693
1783670448,lat50_ms,tier=cloud,30.247309191859717
1783670458,lat50_ms,tier=cloud,31.056577086334315
1783670468,lat50_ms,tier=cloud,31.956970274295323
1783670478,lat50_ms,tier=cloud,32.03165951480224
1783670488,lat50_ms,tier=cloud,31.866971780597332
1783670498,lat50_ms,tier=cloud,31.31244590197028
1783670508,lat50_ms,tier=cloud,30.185963848284956
1783670518,lat50_ms,tier=cloud,29.57175030727243
1783670528,lat50_ms,tier=cloud,28.89296664713396
1783670538,lat50_ms,tier=cloud,28.056292795205017
1783670548,lat50_ms,tier=cloud,26.754328141166948
1783670558,lat50_ms,tier=cloud,25.2853414398215
1783670568,lat50_ms,tier=cloud,22.86310001801436
1783670578,lat50_ms,tier=cloud,19.640584019458846
1783670588,lat50_ms,tier=cloud,17.001200769625175
1783670598,lat50_ms,tier=cloud,14.389861045259345
1783670608,lat50_ms,tier=cloud,12.028720353478677
1783670618,lat50_ms,tier=cloud,11.334235355733234
1783670628,lat50_ms,tier=cloud,11.221112378754755
1783670638,lat50_ms,tier=cloud,10.503033367037412
1783670648,lat50_ms,tier=cloud,10.476808740708334
1783670658,lat50_ms,tier=cloud,10.817893212183167
1783670668,lat50_ms,tier=cloud,11.143588813315029
1783670678,lat50_ms,tier=cloud,10.609410986874105
1783670688,lat50_ms,tier=cloud,10.497289745714209
1783670698,lat50_ms,tier=cloud,9.587130293341032
1783670708,lat50_ms,tier=cloud,8.815065990091467
1783670718,lat50_ms,tier=cloud,8.359666688587224
1783670728,lat50_ms,tier=cloud,8.014324737192752
1783670738,lat50_ms,tier=cloud,7.594513869501079
1783670748,lat50_ms,tier=cloud,7.736338457545081
1783670758,lat50_ms,tier=cloud,7.478952950055495
1783670768,lat50_ms,tier=cloud,6.842602522361222
1783670778,lat50_ms,tier=cloud,6.336681937268397
1783670148,lat95_ms,tier=cloud,15.853705769875035
1783670158,lat95_ms,tier=cloud,4.834693929805884
1783670168,lat95_ms,tier=cloud,4.829268275436447
1783670178,lat95_ms,tier=cloud,4.986166672172691
1783670188,lat95_ms,tier=cloud,8.348178137651818
1783670198,lat95_ms,tier=cloud,8.65111111111111
1783670208,lat95_ms,tier=cloud,9.352360043907796
1783670218,lat95_ms,tier=cloud,9.553595416616533
1783670228,lat95_ms,tier=cloud,9.991811175337185
1783670238,lat95_ms,tier=cloud,13.122342260825116
1783670248,lat95_ms,tier=cloud,15.656566712332967
1783670258,lat95_ms,tier=cloud,17.491202915478393
1783670268,lat95_ms,tier=cloud,18.436132989359507
1783670278,lat95_ms,tier=cloud,18.4819573999209
1783670288,lat95_ms,tier=cloud,18.522747178054814
1783670298,lat95_ms,tier=cloud,18.884010162059727
1783670308,lat95_ms,tier=cloud,19.313144872300377
1783670318,lat95_ms,tier=cloud,19.534941649980603
1783670328,lat95_ms,tier=cloud,19.943024631467758
1783670338,lat95_ms,tier=cloud,32.73887495621891
1783670348,lat95_ms,tier=cloud,41.24265494220808
1783670358,lat95_ms,tier=cloud,45.43519561589064
1783670368,lat95_ms,tier=cloud,50.76856978142959
1783670378,lat95_ms,tier=cloud,60.63816457397184
1783670388,lat95_ms,tier=cloud,64.13986001661453
1783670398,lat95_ms,tier=cloud,66.08743771927605
1783670408,lat95_ms,tier=cloud,66.99289101161375
1783670418,lat95_ms,tier=cloud,67.86556222983708
1783670428,lat95_ms,tier=cloud,68.2634663666146
1783670438,lat95_ms,tier=cloud,68.66791248519426
1783670448,lat95_ms,tier=cloud,69.26735213633678
1783670458,lat95_ms,tier=cloud,69.73106916968048
1783670468,lat95_ms,tier=cloud,70.0664539091347
1783670478,lat95_ms,tier=cloud,70.1926467219197
1783670488,lat95_ms,tier=cloud,70.24239685657672
1783670498,lat95_ms,tier=cloud,69.90951410948153
1783670508,lat95_ms,tier=cloud,69.51439550328871
1783670518,lat95_ms,tier=cloud,69.3030156156138
1783670528,lat95_ms,tier=cloud,68.92386679378914
1783670538,lat95_ms,tier=cloud,68.64932140878238
1783670548,lat95_ms,tier=cloud,68.13400174020097
1783670558,lat95_ms,tier=cloud,66.79028136160485
1783670568,lat95_ms,tier=cloud,64.69255006334089
1783670578,lat95_ms,tier=cloud,61.66949306596719
1783670588,lat95_ms,tier=cloud,54.28085960113684
1783670598,lat95_ms,tier=cloud,46.90928442274225
1783670608,lat95_ms,tier=cloud,45.03148474351655
1783670618,lat95_ms,tier=cloud,44.49983773276171
1783670628,lat95_ms,tier=cloud,44.4632623172358
1783670638,lat95_ms,tier=cloud,44.07368366393187
1783670648,lat95_ms,tier=cloud,44.21966017978085
1783670658,lat95_ms,tier=cloud,44.52737570432235
1783670668,lat95_ms,tier=cloud,44.800281206789876
1783670678,lat95_ms,tier=cloud,44.520552008697855
1783670688,lat95_ms,tier=cloud,44.360282677023605
1783670698,lat95_ms,tier=cloud,43.691495036365424
1783670708,lat95_ms,tier=cloud,43.32497179556869
1783670718,lat95_ms,tier=cloud,42.84567524302003
1783670728,lat95_ms,tier=cloud,42.46489729914899
1783670738,lat95_ms,tier=cloud,41.81253803360599
1783670748,lat95_ms,tier=cloud,42.09104892449937
1783670758,lat95_ms,tier=cloud,41.04082800893392
1783670768,lat95_ms,tier=cloud,38.501550811212596
1783670778,lat95_ms,tier=cloud,31.553054186376425
1783670148,lat99_ms,tier=cloud,19.170741153975005
1783670158,lat99_ms,tier=cloud,4.966938785961177
1783670168,lat99_ms,tier=cloud,4.965853655087289
1783670178,lat99_ms,tier=cloud,8.918608894267669
1783670188,lat99_ms,tier=cloud,9.669635627530363
1783670198,lat99_ms,tier=cloud,9.774666666666665
1783670208,lat99_ms,tier=cloud,14.253968253968257
1783670218,lat99_ms,tier=cloud,15.583785718527276
1783670228,lat99_ms,tier=cloud,18.05676567656767
1783670238,lat99_ms,tier=cloud,18.736356527596296
1783670248,lat99_ms,tier=cloud,19.293674966082836
1783670258,lat99_ms,tier=cloud,19.892735525820015
1783670268,lat99_ms,tier=cloud,31.177940508610945
1783670278,lat99_ms,tier=cloud,30.253616891812495
1783670288,lat99_ms,tier=cloud,29.9666304155072
1783670298,lat99_ms,tier=cloud,35.01277625866703
1783670308,lat99_ms,tier=cloud,39.85361458104662
1783670318,lat99_ms,tier=cloud,41.50928436613914
1783670328,lat99_ms,tier=cloud,43.762627723397735
1783670338,lat99_ms,tier=cloud,46.5477749912438
1783670348,lat99_ms,tier=cloud,48.89668295358991
1783670358,lat99_ms,tier=cloud,54.23879777769114
1783670368,lat99_ms,tier=cloud,70.99732648084928
1783670378,lat99_ms,tier=cloud,72.77473697953369
1783670388,lat99_ms,tier=cloud,73.52222802093239
1783670398,lat99_ms,tier=cloud,73.86641826252972
1783670408,lat99_ms,tier=cloud,74.01763280005854
1783670418,lat99_ms,tier=cloud,74.23889268201705
1783670428,lat99_ms,tier=cloud,74.31297371007845
1783670438,lat99_ms,tier=cloud,74.39927828912873
1783670448,lat99_ms,tier=cloud,74.74328050350977
1783670458,lat99_ms,tier=cloud,74.93790402978341
1783670468,lat99_ms,tier=cloud,74.98186904892893
1783670478,lat99_ms,tier=cloud,76.60470153198386
1783670488,lat99_ms,tier=cloud,76.85414827478674
1783670498,lat99_ms,tier=cloud,75.75158729969642
1783670508,lat99_ms,tier=cloud,75.29655729413443
1783670518,lat99_ms,tier=cloud,75.83356782424397
1783670528,lat99_ms,tier=cloud,75.27562248096433
1783670538,lat99_ms,tier=cloud,75.84376802641019
1783670548,lat99_ms,tier=cloud,76.03866280318316
1783670558,lat99_ms,tier=cloud,74.51100700330647
1783670568,lat99_ms,tier=cloud,73.87456003386883
1783670578,lat99_ms,tier=cloud,73.30965847811457
1783670588,lat99_ms,tier=cloud,71.377105149285
1783670598,lat99_ms,tier=cloud,56.92545222700025
1783670608,lat99_ms,tier=cloud,49.1702723444781
1783670618,lat99_ms,tier=cloud,48.9202211552206
1783670628,lat99_ms,tier=cloud,48.89265246344715
1783670638,lat99_ms,tier=cloud,48.81473673278637
1783670648,lat99_ms,tier=cloud,48.858576599549075
1783670658,lat99_ms,tier=cloud,48.91937207216613
1783670668,lat99_ms,tier=cloud,48.97329275299569
1783670678,lat99_ms,tier=cloud,48.9180153832475
1783670688,lat99_ms,tier=cloud,48.88635501626197
1783670698,lat99_ms,tier=cloud,48.75425468343508
1783670708,lat99_ms,tier=cloud,48.68221512050243
1783670718,lat99_ms,tier=cloud,48.588631393039435
1783670728,lat99_ms,tier=cloud,48.515603183317616
1783670738,lat99_ms,tier=cloud,48.389999015655896
1783670748,lat99_ms,tier=cloud,48.44853834109925
1783670758,lat99_ms,tier=cloud,48.208165601786796
1783670768,lat99_ms,tier=cloud,47.70031016224254
1783670778,lat99_ms,tier=cloud,46.31061083727532
1783670148,inflight,tier=cloud,0.0
1783670158,inflight,tier=cloud,0.0
1783670168,inflight,tier=cloud,0.0
1783670178,inflight,tier=cloud,0.0
1783670188,inflight,tier=cloud,0.0
1783670198,inflight,tier=cloud,0.0
1783670208,inflight,tier=cloud,0.0
1783670218,inflight,tier=cloud,0.0
1783670228,inflight,tier=cloud,0.0
1783670238,inflight,tier=cloud,0.0
1783670248,inflight,tier=cloud,0.0
1783670258,inflight,tier=cloud,0.0
1783670268,inflight,tier=cloud,0.0
1783670278,inflight,tier=cloud,0.0
1783670288,inflight,tier=cloud,0.0
1783670298,inflight,tier=cloud,5.0
1783670308,inflight,tier=cloud,0.0
1783670318,inflight,tier=cloud,0.0
1783670328,inflight,tier=cloud,0.0
1783670338,inflight,tier=cloud,1.0
1783670348,inflight,tier=cloud,0.0
1783670358,inflight,tier=cloud,24.0
1783670368,inflight,tier=cloud,14.0
1783670378,inflight,tier=cloud,18.0
1783670388,inflight,tier=cloud,8.0
1783670398,inflight,tier=cloud,1.0
1783670408,inflight,tier=cloud,27.0
1783670418,inflight,tier=cloud,26.0
1783670428,inflight,tier=cloud,11.0
1783670438,inflight,tier=cloud,29.0
1783670448,inflight,tier=cloud,20.0
1783670458,inflight,tier=cloud,2.0
1783670468,inflight,tier=cloud,19.0
1783670478,inflight,tier=cloud,12.0
1783670488,inflight,tier=cloud,5.0
1783670498,inflight,tier=cloud,0.0
1783670508,inflight,tier=cloud,0.0
1783670518,inflight,tier=cloud,6.0
1783670528,inflight,tier=cloud,0.0
1783670538,inflight,tier=cloud,0.0
1783670548,inflight,tier=cloud,0.0
1783670558,inflight,tier=cloud,0.0
1783670568,inflight,tier=cloud,4.0
1783670578,inflight,tier=cloud,0.0
1783670588,inflight,tier=cloud,0.0
1783670598,inflight,tier=cloud,2.0
1783670608,inflight,tier=cloud,0.0
1783670618,inflight,tier=cloud,0.0
1783670628,inflight,tier=cloud,0.0
1783670638,inflight,tier=cloud,0.0
1783670648,inflight,tier=cloud,0.0
1783670658,inflight,tier=cloud,0.0
1783670668,inflight,tier=cloud,0.0
1783670678,inflight,tier=cloud,0.0
1783670688,inflight,tier=cloud,0.0
1783670698,inflight,tier=cloud,0.0
1783670708,inflight,tier=cloud,0.0
1783670718,inflight,tier=cloud,0.0
1783670728,inflight,tier=cloud,0.0
1783670738,inflight,tier=cloud,0.0
1783670748,inflight,tier=cloud,0.0
1783670758,inflight,tier=cloud,0.0
1783670768,inflight,tier=cloud,0.0
1783670778,inflight,tier=cloud,0.0
1783670148,inflight,tier=edge,0.0
1783670158,inflight,tier=edge,0.0
1783670168,inflight,tier=edge,0.0
1783670178,inflight,tier=edge,0.0
1783670188,inflight,tier=edge,0.0
1783670198,inflight,tier=edge,0.0
1783670208,inflight,tier=edge,0.0
1783670218,inflight,tier=edge,0.0
1783670228,inflight,tier=edge,0.0
1783670238,inflight,tier=edge,0.0
1783670248,inflight,tier=edge,0.0
1783670258,inflight,tier=edge,0.0
1783670268,inflight,tier=edge,0.0
1783670278,inflight,tier=edge,0.0
1783670288,inflight,tier=edge,0.0
1783670298,inflight,tier=edge,0.0
1783670308,inflight,tier=edge,0.0
1783670318,inflight,tier=edge,0.0
1783670328,inflight,tier=edge,0.0
1783670338,inflight,tier=edge,0.0
1783670348,inflight,tier=edge,0.0
1783670358,inflight,tier=edge,0.0
1783670368,inflight,tier=edge,0.0
1783670378,inflight,tier=edge,0.0
1783670388,inflight,tier=edge,0.0
1783670398,inflight,tier=edge,0.0
1783670408,inflight,tier=edge,0.0
1783670418,inflight,tier=edge,0.0
1783670428,inflight,tier=edge,0.0
1783670438,inflight,tier=edge,0.0
1783670448,inflight,tier=edge,0.0
1783670458,inflight,tier=edge,0.0
1783670468,inflight,tier=edge,0.0
1783670478,inflight,tier=edge,0.0
1783670488,inflight,tier=edge,0.0
1783670498,inflight,tier=edge,0.0
1783670508,inflight,tier=edge,0.0
1783670518,inflight,tier=edge,0.0
1783670528,inflight,tier=edge,0.0
1783670538,inflight,tier=edge,0.0
1783670548,inflight,tier=edge,0.0
1783670558,inflight,tier=edge,0.0
1783670568,inflight,tier=edge,0.0
1783670578,inflight,tier=edge,0.0
1783670588,inflight,tier=edge,0.0
1783670598,inflight,tier=edge,0.0
1783670608,inflight,tier=edge,0.0
1783670618,inflight,tier=edge,0.0
1783670628,inflight,tier=edge,0.0
1783670638,inflight,tier=edge,0.0
1783670648,inflight,tier=edge,0.0
1783670658,inflight,tier=edge,0.0
1783670668,inflight,tier=edge,0.0
1783670678,inflight,tier=edge,0.0
1783670688,inflight,tier=edge,0.0
1783670698,inflight,tier=edge,0.0
1783670708,inflight,tier=edge,0.0
1783670718,inflight,tier=edge,0.0
1783670728,inflight,tier=edge,0.0
1783670738,inflight,tier=edge,0.0
1783670748,inflight,tier=edge,0.0
1783670758,inflight,tier=edge,0.0
1783670768,inflight,tier=edge,0.0
1783670778,inflight,tier=edge,0.0
