ts,metric,labels,value
1783744256,replicas_status,deployment=workload-cloud,1.0
1783744266,replicas_status,deployment=workload-cloud,1.0
1783744276,replicas_status,deployment=workload-cloud,1.0
1783744286,replicas_status,deployment=workload-cloud,1.0
1783744296,replicas_status,deployment=workload-cloud,1.0
1783744306,replicas_status,deployment=workload-cloud,1.0
1783744316,replicas_status,deployment=workload-cloud,1.0
1783744326,replicas_status,deployment=workload-cloud,1.0
1783744336,replicas_status,deployment=workload-cloud,1.0
1783744346,replicas_status,deployment=workload-cloud,1.0
1783744356,replicas_status,deployment=workload-cloud,2.0
1783744366,replicas_status,deployment=workload-cloud,2.0
1783744376,replicas_status,deployment=workload-cloud,2.0
1783744386,replicas_status,deployment=workload-cloud,2.0
1783744396,replicas_status,deployment=workload-cloud,2.0
1783744406,replicas_status,deployment=workload-cloud,3.0
1783744416,replicas_status,deployment=workload-cloud,3.0
1783744426,replicas_status,deployment=workload-cloud,3.0
1783744436,replicas_status,deployment=workload-cloud,3.0
1783744446,replicas_status,deployment=workload-cloud,3.0
1783744456,replicas_status,deployment=workload-cloud,4.0
1783744466,replicas_status,deployment=workload-cloud,4.0
1783744476,replicas_status,deployment=workload-cloud,4.0
1783744486,replicas_status,deployment=workload-cloud,4.0
1783744496,replicas_status,deployment=workload-cloud,6.0
1783744506,replicas_status,deployment=workload-cloud,6.0
1783744516,replicas_status,deployment=workload-cloud,6.0
1783744526,replicas_status,deployment=workload-cloud,6.0
1783744536,replicas_status,deployment=workload-cloud,6.0
1783744546,replicas_status,deployment=workload-cloud,6.0
1783744556,replicas_status,deployment=workload-cloud,6.0
1783744566,replicas_status,deployment=workload-cloud,6.0
1783744576,replicas_status,deployment=workload-cloud,6.0
1783744586,replicas_status,deployment=workload-cloud,6.0
1783744596,replicas_status,deployment=workload-cloud,6.0
1783744606,replicas_status,deployment=workload-cloud,6.0
1783744616,replicas_status,deployment=workload-cloud,6.0
1783744626,replicas_status,deployment=workload-cloud,6.0
1783744636,replicas_status,deployment=workload-cloud,6.0
1783744646,replicas_status,deployment=workload-cloud,6.0
1783744656,replicas_status,deployment=workload-cloud,6.0
1783744666,replicas_status,deployment=workload-cloud,6.0
1783744676,replicas_status,deployment=workload-cloud,6.0
1783744686,replicas_status,deployment=workload-cloud,6.0
1783744696,replicas_status,deployment=workload-cloud,6.0
1783744706,replicas_status,deployment=workload-cloud,6.0
1783744716,replicas_status,deployment=workload-cloud,6.0
1783744726,replicas_status,deployment=workload-cloud,6.0
1783744736,replicas_status,deployment=workload-cloud,6.0
1783744746,replicas_status,deployment=workload-cloud,6.0
1783744756,replicas_status,deployment=workload-cloud,6.0
1783744766,replicas_status,deployment=workload-cloud,6.0
1783744776,replicas_status,deployment=workload-cloud,6.0
1783744786,replicas_status,deployment=workload-cloud,6.0
1783744796,replicas_status,deployment=workload-cloud,6.0
1783744806,replicas_status,deployment=workload-cloud,6.0
1783744816,replicas_status,deployment=workload-cloud,6.0
1783744826,replicas_status,deployment=workload-cloud,6.0
1783744836,replicas_status,deployment=workload-cloud,6.0
1783744846,replicas_status,deployment=workload-cloud,6.0
1783744856,replicas_status,deployment=workload-cloud,6.0
1783744866,replicas_status,deployment=workload-cloud,6.0
1783744876,replicas_status,deployment=workload-cloud,6.0
1783744886,replicas_status,deployment=workload-cloud,5.0
1783744896,replicas_status,deployment=workload-cloud,5.0
1783744256,replicas_status,deployment=workload-edge,1.0
1783744266,replicas_status,deployment=workload-edge,1.0
1783744276,replicas_status,deployment=workload-edge,1.0
1783744286,replicas_status,deployment=workload-edge,1.0
1783744296,replicas_status,deployment=workload-edge,1.0
1783744306,replicas_status,deployment=workload-edge,1.0
1783744316,replicas_status,deployment=workload-edge,1.0
1783744326,replicas_status,deployment=workload-edge,1.0
1783744336,replicas_status,deployment=workload-edge,1.0
1783744346,replicas_status,deployment=workload-edge,1.0
1783744356,replicas_status,deployment=workload-edge,1.0
1783744366,replicas_status,deployment=workload-edge,1.0
1783744376,replicas_status,deployment=workload-edge,1.0
1783744386,replicas_status,deployment=workload-edge,1.0
1783744396,replicas_status,deployment=workload-edge,1.0
1783744406,replicas_status,deployment=workload-edge,1.0
1783744416,replicas_status,deployment=workload-edge,1.0
1783744426,replicas_status,deployment=workload-edge,1.0
1783744436,replicas_status,deployment=workload-edge,1.0
1783744446,replicas_status,deployment=workload-edge,1.0
1783744456,replicas_status,deployment=workload-edge,1.0
1783744466,replicas_status,deployment=workload-edge,1.0
1783744476,replicas_status,deployment=workload-edge,1.0
1783744486,replicas_status,deployment=workload-edge,1.0
1783744496,replicas_status,deployment=workload-edge,1.0
1783744506,replicas_status,deployment=workload-edge,1.0
1783744516,replicas_status,deployment=workload-edge,1.0
1783744526,replicas_status,deployment=workload-edge,1.0
1783744536,replicas_status,deployment=workload-edge,1.0
1783744546,replicas_status,deployment=workload-edge,1.0
1783744556,replicas_status,deployment=workload-edge,1.0
1783744566,replicas_status,deployment=workload-edge,1.0
1783744576,replicas_status,deployment=workload-edge,1.0
1783744586,replicas_status,deployment=workload-edge,1.0
1783744596,replicas_status,deployment=workload-edge,1.0
1783744606,replicas_status,deployment=workload-edge,1.0
1783744616,replicas_status,deployment=workload-edge,1.0
1783744626,replicas_status,deployment=workload-edge,1.0
1783744636,replicas_status,deployment=workload-edge,1.0
1783744646,replicas_status,deployment=workload-edge,1.0
1783744656,replicas_status,deployment=workload-edge,1.0
1783744666,replicas_status,deployment=workload-edge,1.0
1783744676,replicas_status,deployment=workload-edge,1.0
1783744686,replicas_status,deployment=workload-edge,1.0
1783744696,replicas_status,deployment=workload-edge,1.0
1783744706,replicas_status,deployment=workload-edge,1.0
1783744716,replicas_status,deployment=workload-edge,1.0
1783744726,replicas_status,deployment=workload-edge,1.0
1783744736,replicas_status,deployment=workload-edge,1.0
1783744746,replicas_status,deployment=workload-edge,1.0
1783744756,replicas_status,deployment=workload-edge,1.0
1783744766,replicas_status,deployment=workload-edge,1.0
1783744776,replicas_status,deployment=workload-edge,1.0
1783744786,replicas_status,deployment=workload-edge,1.0
1783744796,replicas_status,deployment=workload-edge,1.0
1783744806,replicas_status,deployment=workload-edge,1.0
1783744816,replicas_status,deployment=workload-edge,1.0
1783744826,replicas_status,deployment=workload-edge,1.0
1783744836,replicas_status,deployment=workload-edge,1.0
1783744846,replicas_status,deployment=workload-edge,1.0
1783744856,replicas_status,deployment=workload-edge,1.0
1783744866,replicas_status,deployment=workload-edge,1.0
1783744876,replicas_status,deployment=workload-edge,1.0
1783744886,replicas_status,deployment=workload-edge,1.0
1783744896,replicas_status,deployment=workload-edge,1.0
1783744256,replicas_spec,deployment=workload-cloud,1.0
1783744266,replicas_spec,deployment=workload-cloud,1.0
1783744276,replicas_spec,deployment=workload-cloud,1.0
1783744286,replicas_spec,deployment=workload-cloud,1.0
1783744296,replicas_spec,deployment=workload-cloud,1.0
1783744306,replicas_spec,deployment=workload-cloud,1.0
1783744316,replicas_spec,deployment=workload-cloud,1.0
1783744326,replicas_spec,deployment=workload-cloud,1.0
1783744336,replicas_spec,deployment=workload-cloud,1.0
1783744346,replicas_spec,deployment=workload-cloud,1.0
1783744356,replicas_spec,deployment=workload-cloud,2.0
1783744366,replicas_spec,deployment=workload-cloud,2.0
1783744376,replicas_spec,deployment=workload-cloud,2.0
1783744386,replicas_spec,deployment=workload-cloud,2.0
1783744396,replicas_spec,deployment=workload-cloud,2.0
1783744406,replicas_spec,deployment=workload-cloud,3.0
1783744416,replicas_spec,deployment=workload-cloud,3.0
1783744426,replicas_spec,deployment=workload-cloud,3.0
1783744436,replicas_spec,deployment=workload-cloud,3.0
1783744446,replicas_spec,deployment=workload-cloud,3.0
1783744456,replicas_spec,deployment=workload-cloud,4.0
1783744466,replicas_spec,deployment=workload-cloud,4.0
1783744476,replicas_spec,deployment=workload-cloud,4.0
1783744486,replicas_spec,deployment=workload-cloud,4.0
1783744496,replicas_spec,deployment=workload-cloud,6.0
1783744506,replicas_spec,deployment=workload-cloud,6.0
1783744516,replicas_spec,deployment=workload-cloud,6.0
1783744526,replicas_spec,deployment=workload-cloud,6.0
1783744536,replicas_spec,deployment=workload-cloud,6.0
1783744546,replicas_spec,deployment=workload-cloud,6.0
1783744556,replicas_spec,deployment=workload-cloud,6.0
1783744566,replicas_spec,deployment=workload-cloud,6.0
1783744576,replicas_spec,deployment=workload-cloud,6.0
1783744586,replicas_spec,deployment=workload-cloud,6.0
1783744596,replicas_spec,deployment=workload-cloud,6.0
1783744606,replicas_spec,deployment=workload-cloud,6.0
1783744616,replicas_spec,deployment=workload-cloud,6.0
1783744626,replicas_spec,deployment=workload-cloud,6.0
1783744636,replicas_spec,deployment=workload-cloud,6.0
1783744646,replicas_spec,deployment=workload-cloud,6.0
1783744656,replicas_spec,deployment=workload-cloud,6.0
1783744666,replicas_spec,deployment=workload-cloud,6.0
1783744676,replicas_spec,deployment=workload-cloud,6.0
1783744686,replicas_spec,deployment=workload-cloud,6.0
1783744696,replicas_spec,deployment=workload-cloud,6.0
1783744706,replicas_spec,deployment=workload-cloud,6.0
1783744716,replicas_spec,deployment=workload-cloud,6.0
1783744726,replicas_spec,deployment=workload-cloud,6.0
1783744736,replicas_spec,deployment=workload-cloud,6.0
1783744746,replicas_spec,deployment=workload-cloud,6.0
1783744756,replicas_spec,deployment=workload-cloud,6.0
1783744766,replicas_spec,deployment=workload-cloud,6.0
1783744776,replicas_spec,deployment=workload-cloud,6.0
1783744786,replicas_spec,deployment=workload-cloud,6.0
1783744796,replicas_spec,deployment=workload-cloud,6.0
1783744806,replicas_spec,deployment=workload-cloud,6.0
1783744816,replicas_spec,deployment=workload-cloud,6.0
1783744826,replicas_spec,deployment=workload-cloud,6.0
1783744836,replicas_spec,deployment=workload-cloud,6.0
1783744846,replicas_spec,deployment=workload-cloud,6.0
1783744856,replicas_spec,deployment=workload-cloud,6.0
1783744866,replicas_spec,deployment=workload-cloud,6.0
1783744876,replicas_spec,deployment=workload-cloud,6.0
1783744886,replicas_spec,deployment=workload-cloud,5.0
1783744896,replicas_spec,deployment=workload-cloud,5.0
1783744256,replicas_spec,deployment=workload-edge,1.0
1783744266,replicas_spec,deployment=workload-edge,1.0
1783744276,replicas_spec,deployment=workload-edge,1.0
1783744286,replicas_spec,deployment=workload-edge,1.0
1783744296,replicas_spec,deployment=workload-edge,1.0
1783744306,replicas_spec,deployment=workload-edge,1.0
1783744316,replicas_spec,deployment=workload-edge,1.0
1783744326,replicas_spec,deployment=workload-edge,1.0
1783744336,replicas_spec,deployment=workload-edge,1.0
1783744346,replicas_spec,deployment=workload-edge,1.0
1783744356,replicas_spec,deployment=workload-edge,1.0
1783744366,replicas_spec,deployment=workload-edge,1.0
1783744376,replicas_spec,deployment=workload-edge,1.0
1783744386,replicas_spec,deployment=workload-edge,1.0
1783744396,replicas_spec,deployment=workload-edge,1.0
1783744406,replicas_spec,deployment=workload-edge,1.0
1783744416,replicas_spec,deployment=workload-edge,1.0
1783744426,replicas_spec,deployment=workload-edge,1.0
1783744436,replicas_spec,deployment=workload-edge,1.0
1783744446,replicas_spec,deployment=workload-edge,1.0
1783744456,replicas_spec,deployment=workload-edge,1.0
1783744466,replicas_spec,deployment=workload-edge,1.0
1783744476,replicas_spec,deployment=workload-edge,1.0
1783744486,replicas_spec,deployment=workload-edge,1.0
1783744496,replicas_spec,deployment=workload-edge,1.0
1783744506,replicas_spec,deployment=workload-edge,1.0
1783744516,replicas_spec,deployment=workload-edge,1.0
1783744526,replicas_spec,deployment=workload-edge,1.0
1783744536,replicas_spec,deployment=workload-edge,1.0
1783744546,replicas_spec,deployment=workload-edge,1.0
1783744556,replicas_spec,deployment=workload-edge,1.0
1783744566,replicas_spec,deployment=workload-edge,1.0
1783744576,replicas_spec,deployment=workload-edge,1.0
1783744586,replicas_spec,deployment=workload-edge,1.0
1783744596,replicas_spec,deployment=workload-edge,1.0
1783744606,replicas_spec,deployment=workload-edge,1.0
1783744616,replicas_spec,deployment=workload-edge,1.0
1783744626,replicas_spec,deployment=workload-edge,1.0
1783744636,replicas_spec,deployment=workload-edge,1.0
1783744646,replicas_spec,deployment=workload-edge,1.0
1783744656,replicas_spec,deployment=workload-edge,1.0
1783744666,replicas_spec,deployment=workload-edge,1.0
1783744676,replicas_spec,deployment=workload-edge,1.0
1783744686,replicas_spec,deployment=workload-edge,1.0
1783744696,replicas_spec,deployment=workload-edge,1.0
1783744706,replicas_spec,deployment=workload-edge,1.0
1783744716,replicas_spec,deployment=workload-edge,1.0
1783744726,replicas_spec,deployment=workload-edge,1.0
1783744736,replicas_spec,deployment=workload-edge,1.0
1783744746,replicas_spec,deployment=workload-edge,1.0
1783744756,replicas_spec,deployment=workload-edge,1.0
1783744766,replicas_spec,deployment=workload-edge,1.0
1783744776,replicas_spec,deployment=workload-edge,1.0
1783744786,replicas_spec,deployment=workload-edge,1.0
1783744796,replicas_spec,deployment=workload-edge,1.0
1783744806,replicas_spec,deployment=workload-edge,1.0
1783744816,replicas_spec,deployment=workload-edge,1.0
1783744826,replicas_spec,deployment=workload-edge,1.0
1783744836,replicas_spec,deployment=workload-edge,1.0
1783744846,replicas_spec,deployment=workload-edge,1.0
1783744856,replicas_spec,deployment=workload-edge,1.0
1783744866,replicas_spec,deployment=workload-edge,1.0
1783744876,replicas_spec,deployment=workload-edge,1.0
1783744886,replicas_spec,deployment=workload-edge,1.0
1783744896,replicas_spec,deployment=workload-edge,1.0
1783744256,cpu_cores,pod=workload-cloud-6f545f89ff-9hvzm,0.002045481819268196
1783744266,cpu_cores,pod=workload-cloud-6f545f89ff-9hvzm,0.002887798159124343
1783744276,cpu_cores,pod=workload-cloud-6f545f89ff-9hvzm,0.00988441135827021
1783744286,cpu_cores,pod=workload-cloud-6f545f89ff-9hvzm,0.010121225000000324
1783744296,cpu_cores,pod=workload-cloud-6f545f89ff-9hvzm,0.03440106048519463
1783744306,cpu_cores,pod=workload-cloud-6f545f89ff-9hvzm,0.03988056244626419
1783744316,cpu_cores,pod=workload-cloud-6f545f89ff-9hvzm,0.07044519863413186
1783744326,cpu_cores,pod=workload-cloud-6f545f89ff-9hvzm,0.09885224815450164
1783744336,cpu_cores,pod=workload-cloud-6f545f89ff-9hvzm,0.1173937724882406
1783744346,cpu_cores,pod=workload-cloud-6f545f89ff-9hvzm,0.13231034160037172
1783744356,cpu_cores,pod=workload-cloud-6f545f89ff-9hvzm,0.1577493142921936
1783744366,cpu_cores,pod=workload-cloud-6f545f89ff-9hvzm,0.1577493142921936
1783744376,cpu_cores,pod=workload-cloud-6f545f89ff-9hvzm,0.1787039447988505
1783744386,cpu_cores,pod=workload-cloud-6f545f89ff-9hvzm,0.1589644760424294
1783744396,cpu_cores,pod=workload-cloud-6f545f89ff-9hvzm,0.2031174136513208
1783744406,cpu_cores,pod=workload-cloud-6f545f89ff-9hvzm,0.20939484630477004
1783744416,cpu_cores,pod=workload-cloud-6f545f89ff-9hvzm,0.22647077458389203
1783744426,cpu_cores,pod=workload-cloud-6f545f89ff-9hvzm,0.2292147040889889
1783744436,cpu_cores,pod=workload-cloud-6f545f89ff-9hvzm,0.23150691526610703
1783744446,cpu_cores,pod=workload-cloud-6f545f89ff-9hvzm,0.23548066386087707
1783744456,cpu_cores,pod=workload-cloud-6f545f89ff-9hvzm,0.2400233364869119
1783744466,cpu_cores,pod=workload-cloud-6f545f89ff-9hvzm,0.27982243735309326
1783744476,cpu_cores,pod=workload-cloud-6f545f89ff-9hvzm,0.34298863139483604
1783744486,cpu_cores,pod=workload-cloud-6f545f89ff-9hvzm,0.33625356981443194
1783744496,cpu_cores,pod=workload-cloud-6f545f89ff-9hvzm,0.4398581298004574
1783744506,cpu_cores,pod=workload-cloud-6f545f89ff-9hvzm,0.4968656188221425
1783744516,cpu_cores,pod=workload-cloud-6f545f89ff-9hvzm,0.49995488263950255
1783744526,cpu_cores,pod=workload-cloud-6f545f89ff-9hvzm,0.5044080345651774
1783744536,cpu_cores,pod=workload-cloud-6f545f89ff-9hvzm,0.4434883223141342
1783744546,cpu_cores,pod=workload-cloud-6f545f89ff-9hvzm,0.5037165757665141
1783744556,cpu_cores,pod=workload-cloud-6f545f89ff-9hvzm,0.5040844824061314
1783744566,cpu_cores,pod=workload-cloud-6f545f89ff-9hvzm,0.4965651024599075
1783744576,cpu_cores,pod=workload-cloud-6f545f89ff-9hvzm,0.4947523569944226
1783744586,cpu_cores,pod=workload-cloud-6f545f89ff-9hvzm,0.41283855659370805
1783744596,cpu_cores,pod=workload-cloud-6f545f89ff-9hvzm,0.4992360218116674
1783744606,cpu_cores,pod=workload-cloud-6f545f89ff-9hvzm,0.4387938697253448
1783744616,cpu_cores,pod=workload-cloud-6f545f89ff-9hvzm,0.4747882773438339
1783744626,cpu_cores,pod=workload-cloud-6f545f89ff-9hvzm,0.42577364969734705
1783744636,cpu_cores,pod=workload-cloud-6f545f89ff-9hvzm,0.3543985349769576
1783744646,cpu_cores,pod=workload-cloud-6f545f89ff-9hvzm,0.3242347181488587
1783744656,cpu_cores,pod=workload-cloud-6f545f89ff-9hvzm,0.26222581926514554
1783744666,cpu_cores,pod=workload-cloud-6f545f89ff-9hvzm,0.2597739119700868
1783744676,cpu_cores,pod=workload-cloud-6f545f89ff-9hvzm,0.24902044507532115
1783744686,cpu_cores,pod=workload-cloud-6f545f89ff-9hvzm,0.24544940469941198
1783744696,cpu_cores,pod=workload-cloud-6f545f89ff-9hvzm,0.2079321698178551
1783744706,cpu_cores,pod=workload-cloud-6f545f89ff-9hvzm,0.24781337170222836
1783744716,cpu_cores,pod=workload-cloud-6f545f89ff-9hvzm,0.24711868010493093
1783744726,cpu_cores,pod=workload-cloud-6f545f89ff-9hvzm,0.24731641447998515
1783744736,cpu_cores,pod=workload-cloud-6f545f89ff-9hvzm,0.24731641447998515
1783744746,cpu_cores,pod=workload-cloud-6f545f89ff-9hvzm,0.25157499507444714
1783744756,cpu_cores,pod=workload-cloud-6f545f89ff-9hvzm,0.2524261923765539
1783744766,cpu_cores,pod=workload-cloud-6f545f89ff-9hvzm,0.25122252778732357
1783744776,cpu_cores,pod=workload-cloud-6f545f89ff-9hvzm,0.25046441780503187
1783744786,cpu_cores,pod=workload-cloud-6f545f89ff-9hvzm,0.24673883840379457
1783744796,cpu_cores,pod=workload-cloud-6f545f89ff-9hvzm,0.24673883840379457
1783744806,cpu_cores,pod=workload-cloud-6f545f89ff-9hvzm,0.24898892269572198
1783744816,cpu_cores,pod=workload-cloud-6f545f89ff-9hvzm,0.250799400268844
1783744826,cpu_cores,pod=workload-cloud-6f545f89ff-9hvzm,0.2411636339129355
1783744836,cpu_cores,pod=workload-cloud-6f545f89ff-9hvzm,0.18825759700794945
1783744846,cpu_cores,pod=workload-cloud-6f545f89ff-9hvzm,0.12436172575881686
1783744856,cpu_cores,pod=workload-cloud-6f545f89ff-9hvzm,0.09420566341633951
1783744866,cpu_cores,pod=workload-cloud-6f545f89ff-9hvzm,0.021578434642443092
1783744876,cpu_cores,pod=workload-cloud-6f545f89ff-9hvzm,0.017035763239873974
1783744886,cpu_cores,pod=workload-cloud-6f545f89ff-9hvzm,0.0020908313409920363
1783744896,cpu_cores,pod=workload-cloud-6f545f89ff-9hvzm,0.002120051524256692
1783744506,cpu_cores,pod=workload-cloud-6f545f89ff-cwfjs,0.009832822230860358
1783744516,cpu_cores,pod=workload-cloud-6f545f89ff-cwfjs,0.008392654705374487
1783744526,cpu_cores,pod=workload-cloud-6f545f89ff-cwfjs,0.008469544514270752
1783744536,cpu_cores,pod=workload-cloud-6f545f89ff-cwfjs,0.010267478220353343
1783744546,cpu_cores,pod=workload-cloud-6f545f89ff-cwfjs,0.0017350918279304818
1783744556,cpu_cores,pod=workload-cloud-6f545f89ff-cwfjs,0.001782851267208713
1783744566,cpu_cores,pod=workload-cloud-6f545f89ff-cwfjs,0.0017372289599411985
1783744576,cpu_cores,pod=workload-cloud-6f545f89ff-cwfjs,0.0017277861871088723
1783744586,cpu_cores,pod=workload-cloud-6f545f89ff-cwfjs,0.0014903869093247089
1783744596,cpu_cores,pod=workload-cloud-6f545f89ff-cwfjs,0.0014980995175106766
1783744606,cpu_cores,pod=workload-cloud-6f545f89ff-cwfjs,0.0016925659678877348
1783744616,cpu_cores,pod=workload-cloud-6f545f89ff-cwfjs,0.0014768526713538467
1783744626,cpu_cores,pod=workload-cloud-6f545f89ff-cwfjs,0.0017232065873426451
1783744636,cpu_cores,pod=workload-cloud-6f545f89ff-cwfjs,0.0017172985393074023
1783744646,cpu_cores,pod=workload-cloud-6f545f89ff-cwfjs,0.0017011297918547632
1783744656,cpu_cores,pod=workload-cloud-6f545f89ff-cwfjs,0.0016913973244800317
1783744666,cpu_cores,pod=workload-cloud-6f545f89ff-cwfjs,0.0017029722899380498
1783744676,cpu_cores,pod=workload-cloud-6f545f89ff-cwfjs,0.0017039901020723784
1783744686,cpu_cores,pod=workload-cloud-6f545f89ff-cwfjs,0.0014430089086000762
1783744696,cpu_cores,pod=workload-cloud-6f545f89ff-cwfjs,0.0017273183481442767
1783744706,cpu_cores,pod=workload-cloud-6f545f89ff-cwfjs,0.0017389336323784296
1783744716,cpu_cores,pod=workload-cloud-6f545f89ff-cwfjs,0.0014543859258875338
1783744726,cpu_cores,pod=workload-cloud-6f545f89ff-cwfjs,0.0017208931065830042
1783744736,cpu_cores,pod=workload-cloud-6f545f89ff-cwfjs,0.001740387194849325
1783744746,cpu_cores,pod=workload-cloud-6f545f89ff-cwfjs,0.001740387194849325
1783744756,cpu_cores,pod=workload-cloud-6f545f89ff-cwfjs,0.001724924098134982
1783744766,cpu_cores,pod=workload-cloud-6f545f89ff-cwfjs,0.0017494967877133476
1783744776,cpu_cores,pod=workload-cloud-6f545f89ff-cwfjs,0.001718231081865686
1783744786,cpu_cores,pod=workload-cloud-6f545f89ff-cwfjs,0.0016652344639198724
1783744796,cpu_cores,pod=workload-cloud-6f545f89ff-cwfjs,0.0016897261266483124
1783744806,cpu_cores,pod=workload-cloud-6f545f89ff-cwfjs,0.001799795245137072
1783744816,cpu_cores,pod=workload-cloud-6f545f89ff-cwfjs,0.0018638031224058054
1783744826,cpu_cores,pod=workload-cloud-6f545f89ff-cwfjs,0.0018859101804850527
1783744836,cpu_cores,pod=workload-cloud-6f545f89ff-cwfjs,0.001967024499123132
1783744846,cpu_cores,pod=workload-cloud-6f545f89ff-cwfjs,0.001932730314562533
1783744856,cpu_cores,pod=workload-cloud-6f545f89ff-cwfjs,0.0019257423739784745
1783744866,cpu_cores,pod=workload-cloud-6f545f89ff-cwfjs,0.0015581557176380498
1783744876,cpu_cores,pod=workload-cloud-6f545f89ff-cwfjs,0.0019455329663184368
1783744886,cpu_cores,pod=workload-cloud-6f545f89ff-cwfjs,0.0019967663977671166
1783744896,cpu_cores,pod=workload-cloud-6f545f89ff-cwfjs,0.002014786832164062
1783744356,cpu_cores,pod=workload-cloud-6f545f89ff-j9z8z,0.009260982901274573
1783744366,cpu_cores,pod=workload-cloud-6f545f89ff-j9z8z,0.010984308333333333
1783744376,cpu_cores,pod=workload-cloud-6f545f89ff-j9z8z,0.013515950845070424
1783744386,cpu_cores,pod=workload-cloud-6f545f89ff-j9z8z,0.013433962499999999
1783744396,cpu_cores,pod=workload-cloud-6f545f89ff-j9z8z,0.02178851655145067
1783744406,cpu_cores,pod=workload-cloud-6f545f89ff-j9z8z,0.026195420948260318
1783744416,cpu_cores,pod=workload-cloud-6f545f89ff-j9z8z,0.03248312267221913
1783744426,cpu_cores,pod=workload-cloud-6f545f89ff-j9z8z,0.036991572659653395
1783744436,cpu_cores,pod=workload-cloud-6f545f89ff-j9z8z,0.04335911426756742
1783744446,cpu_cores,pod=workload-cloud-6f545f89ff-j9z8z,0.04359444500150406
1783744456,cpu_cores,pod=workload-cloud-6f545f89ff-j9z8z,0.07033861373607829
1783744466,cpu_cores,pod=workload-cloud-6f545f89ff-j9z8z,0.11464364593948849
1783744476,cpu_cores,pod=workload-cloud-6f545f89ff-j9z8z,0.1345078382134237
1783744486,cpu_cores,pod=workload-cloud-6f545f89ff-j9z8z,0.22603700684305444
1783744496,cpu_cores,pod=workload-cloud-6f545f89ff-j9z8z,0.23941560087343056
1783744506,cpu_cores,pod=workload-cloud-6f545f89ff-j9z8z,0.2868087744220799
1783744516,cpu_cores,pod=workload-cloud-6f545f89ff-j9z8z,0.2973580923894982
1783744526,cpu_cores,pod=workload-cloud-6f545f89ff-j9z8z,0.29618437574316286
1783744536,cpu_cores,pod=workload-cloud-6f545f89ff-j9z8z,0.2954960909352933
1783744546,cpu_cores,pod=workload-cloud-6f545f89ff-j9z8z,0.2992474049941947
1783744556,cpu_cores,pod=workload-cloud-6f545f89ff-j9z8z,0.29640298907090523
1783744566,cpu_cores,pod=workload-cloud-6f545f89ff-j9z8z,0.29857181171044717
1783744576,cpu_cores,pod=workload-cloud-6f545f89ff-j9z8z,0.24880154943060287
1783744586,cpu_cores,pod=workload-cloud-6f545f89ff-j9z8z,0.30057844676746376
1783744596,cpu_cores,pod=workload-cloud-6f545f89ff-j9z8z,0.2961105961511316
1783744606,cpu_cores,pod=workload-cloud-6f545f89ff-j9z8z,0.24550776196354884
1783744616,cpu_cores,pod=workload-cloud-6f545f89ff-j9z8z,0.27284889863242506
1783744626,cpu_cores,pod=workload-cloud-6f545f89ff-j9z8z,0.20485827712990332
1783744636,cpu_cores,pod=workload-cloud-6f545f89ff-j9z8z,0.20485827712990332
1783744646,cpu_cores,pod=workload-cloud-6f545f89ff-j9z8z,0.13715995802728223
1783744656,cpu_cores,pod=workload-cloud-6f545f89ff-j9z8z,0.06258393995056362
1783744666,cpu_cores,pod=workload-cloud-6f545f89ff-j9z8z,0.06258393995056362
1783744676,cpu_cores,pod=workload-cloud-6f545f89ff-j9z8z,0.04448796219297002
1783744686,cpu_cores,pod=workload-cloud-6f545f89ff-j9z8z,0.04442615338224956
1783744696,cpu_cores,pod=workload-cloud-6f545f89ff-j9z8z,0.04442615338224956
1783744706,cpu_cores,pod=workload-cloud-6f545f89ff-j9z8z,0.04430850485436897
1783744716,cpu_cores,pod=workload-cloud-6f545f89ff-j9z8z,0.0441785826137533
1783744726,cpu_cores,pod=workload-cloud-6f545f89ff-j9z8z,0.044178582613753306
1783744736,cpu_cores,pod=workload-cloud-6f545f89ff-j9z8z,0.04411889609980457
1783744746,cpu_cores,pod=workload-cloud-6f545f89ff-j9z8z,0.037520358478232256
1783744756,cpu_cores,pod=workload-cloud-6f545f89ff-j9z8z,0.04426709378816767
1783744766,cpu_cores,pod=workload-cloud-6f545f89ff-j9z8z,0.04414675932434874
1783744776,cpu_cores,pod=workload-cloud-6f545f89ff-j9z8z,0.04409927601528776
1783744786,cpu_cores,pod=workload-cloud-6f545f89ff-j9z8z,0.04417170837867257
1783744796,cpu_cores,pod=workload-cloud-6f545f89ff-j9z8z,0.04416390113715484
1783744806,cpu_cores,pod=workload-cloud-6f545f89ff-j9z8z,0.04529119608109946
1783744816,cpu_cores,pod=workload-cloud-6f545f89ff-j9z8z,0.03989761445255763
1783744826,cpu_cores,pod=workload-cloud-6f545f89ff-j9z8z,0.03113235464826483
1783744836,cpu_cores,pod=workload-cloud-6f545f89ff-j9z8z,0.02797427334285307
1783744846,cpu_cores,pod=workload-cloud-6f545f89ff-j9z8z,0.00975124585942576
1783744856,cpu_cores,pod=workload-cloud-6f545f89ff-j9z8z,0.00900874618222207
1783744866,cpu_cores,pod=workload-cloud-6f545f89ff-j9z8z,0.0016823774108925937
1783744876,cpu_cores,pod=workload-cloud-6f545f89ff-j9z8z,0.0020180462554020688
1783744886,cpu_cores,pod=workload-cloud-6f545f89ff-j9z8z,0.001699632190403879
1783744896,cpu_cores,pod=workload-cloud-6f545f89ff-j9z8z,0.0019851578567945303
1783744506,cpu_cores,pod=workload-cloud-6f545f89ff-mqpz2,0.009449891854687422
1783744516,cpu_cores,pod=workload-cloud-6f545f89ff-mqpz2,0.00890636265094882
1783744526,cpu_cores,pod=workload-cloud-6f545f89ff-mqpz2,0.01137948470917726
1783744536,cpu_cores,pod=workload-cloud-6f545f89ff-mqpz2,0.00984631835887074
1783744546,cpu_cores,pod=workload-cloud-6f545f89ff-mqpz2,0.0011690749999999999
1783744556,cpu_cores,pod=workload-cloud-6f545f89ff-mqpz2,0.001713410730291519
1783744566,cpu_cores,pod=workload-cloud-6f545f89ff-mqpz2,0.0017150996343433765
1783744576,cpu_cores,pod=workload-cloud-6f545f89ff-mqpz2,0.001759640974795177
1783744586,cpu_cores,pod=workload-cloud-6f545f89ff-mqpz2,0.001759640974795177
1783744596,cpu_cores,pod=workload-cloud-6f545f89ff-mqpz2,0.0017422620921204483
1783744606,cpu_cores,pod=workload-cloud-6f545f89ff-mqpz2,0.001692135946415281
1783744616,cpu_cores,pod=workload-cloud-6f545f89ff-mqpz2,0.001656346665949378
1783744626,cpu_cores,pod=workload-cloud-6f545f89ff-mqpz2,0.0016932224217789972
1783744636,cpu_cores,pod=workload-cloud-6f545f89ff-mqpz2,0.0017127426124379486
1783744646,cpu_cores,pod=workload-cloud-6f545f89ff-mqpz2,0.0017127426124379486
1783744656,cpu_cores,pod=workload-cloud-6f545f89ff-mqpz2,0.0017266050398885662
1783744666,cpu_cores,pod=workload-cloud-6f545f89ff-mqpz2,0.0017187179487179471
1783744676,cpu_cores,pod=workload-cloud-6f545f89ff-mqpz2,0.0017187179487179471
1783744686,cpu_cores,pod=workload-cloud-6f545f89ff-mqpz2,0.001695940680041862
1783744696,cpu_cores,pod=workload-cloud-6f545f89ff-mqpz2,0.0014215058194621214
1783744706,cpu_cores,pod=workload-cloud-6f545f89ff-mqpz2,0.00172538050998221
1783744716,cpu_cores,pod=workload-cloud-6f545f89ff-mqpz2,0.0017121258321898683
1783744726,cpu_cores,pod=workload-cloud-6f545f89ff-mqpz2,0.0016406765387044712
1783744736,cpu_cores,pod=workload-cloud-6f545f89ff-mqpz2,0.0016350659133709993
1783744746,cpu_cores,pod=workload-cloud-6f545f89ff-mqpz2,0.001628588928872215
1783744756,cpu_cores,pod=workload-cloud-6f545f89ff-mqpz2,0.0016441215802715375
1783744766,cpu_cores,pod=workload-cloud-6f545f89ff-mqpz2,0.0014052594873204633
1783744776,cpu_cores,pod=workload-cloud-6f545f89ff-mqpz2,0.0016670781809718484
1783744786,cpu_cores,pod=workload-cloud-6f545f89ff-mqpz2,0.0014501521588975931
1783744796,cpu_cores,pod=workload-cloud-6f545f89ff-mqpz2,0.001728784470162582
1783744806,cpu_cores,pod=workload-cloud-6f545f89ff-mqpz2,0.001728784470162582
1783744816,cpu_cores,pod=workload-cloud-6f545f89ff-mqpz2,0.0018625219444276281
1783744826,cpu_cores,pod=workload-cloud-6f545f89ff-mqpz2,0.0019436228432969888
1783744836,cpu_cores,pod=workload-cloud-6f545f89ff-mqpz2,0.0019377138451158959
1783744846,cpu_cores,pod=workload-cloud-6f545f89ff-mqpz2,0.0019512013132368291
1783744856,cpu_cores,pod=workload-cloud-6f545f89ff-mqpz2,0.0019039644473349065
1783744866,cpu_cores,pod=workload-cloud-6f545f89ff-mqpz2,0.0019141149976390273
1783744876,cpu_cores,pod=workload-cloud-6f545f89ff-mqpz2,0.0019091390789503996
1783744886,cpu_cores,pod=workload-cloud-6f545f89ff-mqpz2,0.0019641243688546402
1783744896,cpu_cores,pod=workload-cloud-6f545f89ff-mqpz2,0.0019531687175726
1783744466,cpu_cores,pod=workload-cloud-6f545f89ff-s4lzp,0.031821837598899214
1783744476,cpu_cores,pod=workload-cloud-6f545f89ff-s4lzp,0.07055181969427131
1783744486,cpu_cores,pod=workload-cloud-6f545f89ff-s4lzp,0.07095861666666667
1783744496,cpu_cores,pod=workload-cloud-6f545f89ff-s4lzp,0.1406352096931537
1783744506,cpu_cores,pod=workload-cloud-6f545f89ff-s4lzp,0.17761059228285078
1783744516,cpu_cores,pod=workload-cloud-6f545f89ff-s4lzp,0.1910121279611257
1783744526,cpu_cores,pod=workload-cloud-6f545f89ff-s4lzp,0.20328317663378548
1783744536,cpu_cores,pod=workload-cloud-6f545f89ff-s4lzp,0.20344395023141196
1783744546,cpu_cores,pod=workload-cloud-6f545f89ff-s4lzp,0.2034031417907387
1783744556,cpu_cores,pod=workload-cloud-6f545f89ff-s4lzp,0.20527706051642813
1783744566,cpu_cores,pod=workload-cloud-6f545f89ff-s4lzp,0.20094855870635098
1783744576,cpu_cores,pod=workload-cloud-6f545f89ff-s4lzp,0.1998604530220733
1783744586,cpu_cores,pod=workload-cloud-6f545f89ff-s4lzp,0.19839157287949494
1783744596,cpu_cores,pod=workload-cloud-6f545f89ff-s4lzp,0.1948715545459424
1783744606,cpu_cores,pod=workload-cloud-6f545f89ff-s4lzp,0.19281392415255383
1783744616,cpu_cores,pod=workload-cloud-6f545f89ff-s4lzp,0.13803480427618356
1783744626,cpu_cores,pod=workload-cloud-6f545f89ff-s4lzp,0.13803480427618356
1783744636,cpu_cores,pod=workload-cloud-6f545f89ff-s4lzp,0.041106494630636405
1783744646,cpu_cores,pod=workload-cloud-6f545f89ff-s4lzp,0.041106494630636405
1783744656,cpu_cores,pod=workload-cloud-6f545f89ff-s4lzp,0.0017744263985563788
1783744666,cpu_cores,pod=workload-cloud-6f545f89ff-s4lzp,0.0017593384775978769
1783744676,cpu_cores,pod=workload-cloud-6f545f89ff-s4lzp,0.0014515447915965992
1783744686,cpu_cores,pod=workload-cloud-6f545f89ff-s4lzp,0.001730182025724187
1783744696,cpu_cores,pod=workload-cloud-6f545f89ff-s4lzp,0.0017011765852232017
1783744706,cpu_cores,pod=workload-cloud-6f545f89ff-s4lzp,0.0017638090291946355
1783744716,cpu_cores,pod=workload-cloud-6f545f89ff-s4lzp,0.0017781832280430142
1783744726,cpu_cores,pod=workload-cloud-6f545f89ff-s4lzp,0.0017227010435849784
1783744736,cpu_cores,pod=workload-cloud-6f545f89ff-s4lzp,0.0017024994302210605
1783744746,cpu_cores,pod=workload-cloud-6f545f89ff-s4lzp,0.0017164072042031519
1783744756,cpu_cores,pod=workload-cloud-6f545f89ff-s4lzp,0.001634252802314191
1783744766,cpu_cores,pod=workload-cloud-6f545f89ff-s4lzp,0.0017412124989837183
1783744776,cpu_cores,pod=workload-cloud-6f545f89ff-s4lzp,0.001739377180140606
1783744786,cpu_cores,pod=workload-cloud-6f545f89ff-s4lzp,0.001759505773332357
1783744796,cpu_cores,pod=workload-cloud-6f545f89ff-s4lzp,0.001782876712328757
1783744806,cpu_cores,pod=workload-cloud-6f545f89ff-s4lzp,0.001831059766391026
1783744816,cpu_cores,pod=workload-cloud-6f545f89ff-s4lzp,0.001831059766391026
1783744826,cpu_cores,pod=workload-cloud-6f545f89ff-s4lzp,0.001882694593321812
1783744836,cpu_cores,pod=workload-cloud-6f545f89ff-s4lzp,0.0019519113246512245
1783744846,cpu_cores,pod=workload-cloud-6f545f89ff-s4lzp,0.0016091247830005693
1783744856,cpu_cores,pod=workload-cloud-6f545f89ff-s4lzp,0.0019339413071436256
1783744866,cpu_cores,pod=workload-cloud-6f545f89ff-s4lzp,0.0019426860564585556
1783744876,cpu_cores,pod=workload-cloud-6f545f89ff-s4lzp,0.0016566309309951903
1783744886,cpu_cores,pod=workload-cloud-6f545f89ff-s4lzp,0.0013131463037535226
1783744896,cpu_cores,pod=workload-cloud-6f545f89ff-s4lzp,0.0009867470260223868
1783744416,cpu_cores,pod=workload-cloud-6f545f89ff-wffrv,0.01655116701173223
1783744426,cpu_cores,pod=workload-cloud-6f545f89ff-wffrv,0.023522276595366733
1783744436,cpu_cores,pod=workload-cloud-6f545f89ff-wffrv,0.03201290339647405
1783744446,cpu_cores,pod=workload-cloud-6f545f89ff-wffrv,0.032296011111111106
1783744456,cpu_cores,pod=workload-cloud-6f545f89ff-wffrv,0.07974802989856807
1783744466,cpu_cores,pod=workload-cloud-6f545f89ff-wffrv,0.12103373530469683
1783744476,cpu_cores,pod=workload-cloud-6f545f89ff-wffrv,0.12289704304535473
1783744486,cpu_cores,pod=workload-cloud-6f545f89ff-wffrv,0.2523845882816224
1783744496,cpu_cores,pod=workload-cloud-6f545f89ff-wffrv,0.33954148294793535
1783744506,cpu_cores,pod=workload-cloud-6f545f89ff-wffrv,0.3451696947935367
1783744516,cpu_cores,pod=workload-cloud-6f545f89ff-wffrv,0.3755159417398244
1783744526,cpu_cores,pod=workload-cloud-6f545f89ff-wffrv,0.38499058271462094
1783744536,cpu_cores,pod=workload-cloud-6f545f89ff-wffrv,0.39124975696855474
1783744546,cpu_cores,pod=workload-cloud-6f545f89ff-wffrv,0.3918963710423995
1783744556,cpu_cores,pod=workload-cloud-6f545f89ff-wffrv,0.39396740448329326
1783744566,cpu_cores,pod=workload-cloud-6f545f89ff-wffrv,0.39585388398049337
1783744576,cpu_cores,pod=workload-cloud-6f545f89ff-wffrv,0.3264323756518436
1783744586,cpu_cores,pod=workload-cloud-6f545f89ff-wffrv,0.3904500201857085
1783744596,cpu_cores,pod=workload-cloud-6f545f89ff-wffrv,0.3891329805321772
1783744606,cpu_cores,pod=workload-cloud-6f545f89ff-wffrv,0.384419720663722
1783744616,cpu_cores,pod=workload-cloud-6f545f89ff-wffrv,0.35775278267177946
1783744626,cpu_cores,pod=workload-cloud-6f545f89ff-wffrv,0.2616010027678207
1783744636,cpu_cores,pod=workload-cloud-6f545f89ff-wffrv,0.2616010027678207
1783744646,cpu_cores,pod=workload-cloud-6f545f89ff-wffrv,0.1541473045108186
1783744656,cpu_cores,pod=workload-cloud-6f545f89ff-wffrv,0.09279985441840145
1783744666,cpu_cores,pod=workload-cloud-6f545f89ff-wffrv,0.08409264169374625
1783744676,cpu_cores,pod=workload-cloud-6f545f89ff-wffrv,0.06531258431663128
1783744686,cpu_cores,pod=workload-cloud-6f545f89ff-wffrv,0.06508377210746598
1783744696,cpu_cores,pod=workload-cloud-6f545f89ff-wffrv,0.06508377210746598
1783744706,cpu_cores,pod=workload-cloud-6f545f89ff-wffrv,0.06519501084123601
1783744716,cpu_cores,pod=workload-cloud-6f545f89ff-wffrv,0.06510200131346994
1783744726,cpu_cores,pod=workload-cloud-6f545f89ff-wffrv,0.06521410237052719
1783744736,cpu_cores,pod=workload-cloud-6f545f89ff-wffrv,0.06515026541445493
1783744746,cpu_cores,pod=workload-cloud-6f545f89ff-wffrv,0.04391770000000009
1783744756,cpu_cores,pod=workload-cloud-6f545f89ff-wffrv,0.0647716112418418
1783744766,cpu_cores,pod=workload-cloud-6f545f89ff-wffrv,0.06473570688933436
1783744776,cpu_cores,pod=workload-cloud-6f545f89ff-wffrv,0.06455731264119427
1783744786,cpu_cores,pod=workload-cloud-6f545f89ff-wffrv,0.06460007323175813
1783744796,cpu_cores,pod=workload-cloud-6f545f89ff-wffrv,0.06626478583666467
1783744806,cpu_cores,pod=workload-cloud-6f545f89ff-wffrv,0.06612303234973883
1783744816,cpu_cores,pod=workload-cloud-6f545f89ff-wffrv,0.06657447830367658
1783744826,cpu_cores,pod=workload-cloud-6f545f89ff-wffrv,0.04057248649796
1783744836,cpu_cores,pod=workload-cloud-6f545f89ff-wffrv,0.04057248649795999
1783744846,cpu_cores,pod=workload-cloud-6f545f89ff-wffrv,0.018662611237694058
1783744856,cpu_cores,pod=workload-cloud-6f545f89ff-wffrv,0.004402486596991717
1783744866,cpu_cores,pod=workload-cloud-6f545f89ff-wffrv,0.0020982287412703153
1783744876,cpu_cores,pod=workload-cloud-6f545f89ff-wffrv,0.002098228741270315
1783744886,cpu_cores,pod=workload-cloud-6f545f89ff-wffrv,0.0020629370629370006
1783744896,cpu_cores,pod=workload-cloud-6f545f89ff-wffrv,0.0020820287813949467
1783744256,cpu_cores,pod=workload-edge-7b875fd8c6-pxwvc,0.002038002634948365
1783744266,cpu_cores,pod=workload-edge-7b875fd8c6-pxwvc,0.0020305508665985966
1783744276,cpu_cores,pod=workload-edge-7b875fd8c6-pxwvc,0.0019951619688682257
1783744286,cpu_cores,pod=workload-edge-7b875fd8c6-pxwvc,0.0016132930050933485
1783744296,cpu_cores,pod=workload-edge-7b875fd8c6-pxwvc,0.001988156384071544
1783744306,cpu_cores,pod=workload-edge-7b875fd8c6-pxwvc,0.002041491785585713
1783744316,cpu_cores,pod=workload-edge-7b875fd8c6-pxwvc,0.0020670340008063157
1783744326,cpu_cores,pod=workload-edge-7b875fd8c6-pxwvc,0.002048810320114725
1783744336,cpu_cores,pod=workload-edge-7b875fd8c6-pxwvc,0.0021153582369346723
1783744346,cpu_cores,pod=workload-edge-7b875fd8c6-pxwvc,0.0021153582369346727
1783744356,cpu_cores,pod=workload-edge-7b875fd8c6-pxwvc,0.0020789674866214564
1783744366,cpu_cores,pod=workload-edge-7b875fd8c6-pxwvc,0.0020968457649992596
1783744376,cpu_cores,pod=workload-edge-7b875fd8c6-pxwvc,0.0020968457649992596
1783744386,cpu_cores,pod=workload-edge-7b875fd8c6-pxwvc,0.002050567789698281
1783744396,cpu_cores,pod=workload-edge-7b875fd8c6-pxwvc,0.0020475107680870443
1783744406,cpu_cores,pod=workload-edge-7b875fd8c6-pxwvc,0.0020475107680870443
1783744416,cpu_cores,pod=workload-edge-7b875fd8c6-pxwvc,0.002055564462563685
1783744426,cpu_cores,pod=workload-edge-7b875fd8c6-pxwvc,0.0020679614161214113
1783744436,cpu_cores,pod=workload-edge-7b875fd8c6-pxwvc,0.0020633902887048257
1783744446,cpu_cores,pod=workload-edge-7b875fd8c6-pxwvc,0.0020569082195411124
1783744456,cpu_cores,pod=workload-edge-7b875fd8c6-pxwvc,0.0020765424019959008
1783744466,cpu_cores,pod=workload-edge-7b875fd8c6-pxwvc,0.0020765424019959008
1783744476,cpu_cores,pod=workload-edge-7b875fd8c6-pxwvc,0.0020856401227060443
1783744486,cpu_cores,pod=workload-edge-7b875fd8c6-pxwvc,0.0021022910079324586
1783744496,cpu_cores,pod=workload-edge-7b875fd8c6-pxwvc,0.00213984674329516
1783744506,cpu_cores,pod=workload-edge-7b875fd8c6-pxwvc,0.0022383653501465432
1783744516,cpu_cores,pod=workload-edge-7b875fd8c6-pxwvc,0.0019009602355574274
1783744526,cpu_cores,pod=workload-edge-7b875fd8c6-pxwvc,0.002222522148394272
1783744536,cpu_cores,pod=workload-edge-7b875fd8c6-pxwvc,0.0019179528651614003
1783744546,cpu_cores,pod=workload-edge-7b875fd8c6-pxwvc,0.0022098742221135135
1783744556,cpu_cores,pod=workload-edge-7b875fd8c6-pxwvc,0.0021114676150531413
1783744566,cpu_cores,pod=workload-edge-7b875fd8c6-pxwvc,0.002156052651601651
1783744576,cpu_cores,pod=workload-edge-7b875fd8c6-pxwvc,0.0021252687071348277
1783744586,cpu_cores,pod=workload-edge-7b875fd8c6-pxwvc,0.00211686356874072
1783744596,cpu_cores,pod=workload-edge-7b875fd8c6-pxwvc,0.0021147620315032987
1783744606,cpu_cores,pod=workload-edge-7b875fd8c6-pxwvc,0.002146657047776428
1783744616,cpu_cores,pod=workload-edge-7b875fd8c6-pxwvc,0.0020868540217543366
1783744626,cpu_cores,pod=workload-edge-7b875fd8c6-pxwvc,0.0020765414068789896
1783744636,cpu_cores,pod=workload-edge-7b875fd8c6-pxwvc,0.0017476578541568313
1783744646,cpu_cores,pod=workload-edge-7b875fd8c6-pxwvc,0.0020069460907496083
1783744656,cpu_cores,pod=workload-edge-7b875fd8c6-pxwvc,0.0017012659017274349
1783744666,cpu_cores,pod=workload-edge-7b875fd8c6-pxwvc,0.002092125285315858
1783744676,cpu_cores,pod=workload-edge-7b875fd8c6-pxwvc,0.002091049288772521
1783744686,cpu_cores,pod=workload-edge-7b875fd8c6-pxwvc,0.0020742682583355554
1783744696,cpu_cores,pod=workload-edge-7b875fd8c6-pxwvc,0.0020742682583355554
1783744706,cpu_cores,pod=workload-edge-7b875fd8c6-pxwvc,0.0020194134854821613
1783744716,cpu_cores,pod=workload-edge-7b875fd8c6-pxwvc,0.0020103533856867203
1783744726,cpu_cores,pod=workload-edge-7b875fd8c6-pxwvc,0.0020015436565365
1783744736,cpu_cores,pod=workload-edge-7b875fd8c6-pxwvc,0.0020255102040817445
1783744746,cpu_cores,pod=workload-edge-7b875fd8c6-pxwvc,0.002112455238270169
1783744756,cpu_cores,pod=workload-edge-7b875fd8c6-pxwvc,0.002112455238270169
1783744766,cpu_cores,pod=workload-edge-7b875fd8c6-pxwvc,0.0020842122442317644
1783744776,cpu_cores,pod=workload-edge-7b875fd8c6-pxwvc,0.002089193329928699
1783744786,cpu_cores,pod=workload-edge-7b875fd8c6-pxwvc,0.002089193329928699
1783744796,cpu_cores,pod=workload-edge-7b875fd8c6-pxwvc,0.0020949115917637574
1783744806,cpu_cores,pod=workload-edge-7b875fd8c6-pxwvc,0.002185821268097982
1783744816,cpu_cores,pod=workload-edge-7b875fd8c6-pxwvc,0.0022375522231417953
1783744826,cpu_cores,pod=workload-edge-7b875fd8c6-pxwvc,0.002257707320959076
1783744836,cpu_cores,pod=workload-edge-7b875fd8c6-pxwvc,0.002299981770952053
1783744846,cpu_cores,pod=workload-edge-7b875fd8c6-pxwvc,0.002299981770952053
1783744856,cpu_cores,pod=workload-edge-7b875fd8c6-pxwvc,0.0019630179740523493
1783744866,cpu_cores,pod=workload-edge-7b875fd8c6-pxwvc,0.0018065617855966675
1783744876,cpu_cores,pod=workload-edge-7b875fd8c6-pxwvc,0.0023013432737058813
1783744886,cpu_cores,pod=workload-edge-7b875fd8c6-pxwvc,0.0018322401558113618
1783744896,cpu_cores,pod=workload-edge-7b875fd8c6-pxwvc,0.0022168187474076724
1783744256,cpu_utilisation,pod=workload-cloud-6f545f89ff-9hvzm,0.010227409096340978
1783744266,cpu_utilisation,pod=workload-cloud-6f545f89ff-9hvzm,0.014438990795621715
1783744276,cpu_utilisation,pod=workload-cloud-6f545f89ff-9hvzm,0.049422056791351046
1783744286,cpu_utilisation,pod=workload-cloud-6f545f89ff-9hvzm,0.05060612500000162
1783744296,cpu_utilisation,pod=workload-cloud-6f545f89ff-9hvzm,0.17200530242597314
1783744306,cpu_utilisation,pod=workload-cloud-6f545f89ff-9hvzm,0.19940281223132092
1783744316,cpu_utilisation,pod=workload-cloud-6f545f89ff-9hvzm,0.3522259931706593
1783744326,cpu_utilisation,pod=workload-cloud-6f545f89ff-9hvzm,0.49426124077250816
1783744336,cpu_utilisation,pod=workload-cloud-6f545f89ff-9hvzm,0.5869688624412029
1783744346,cpu_utilisation,pod=workload-cloud-6f545f89ff-9hvzm,0.6615517080018586
1783744356,cpu_utilisation,pod=workload-cloud-6f545f89ff-9hvzm,0.7887465714609679
1783744366,cpu_utilisation,pod=workload-cloud-6f545f89ff-9hvzm,0.7887465714609679
1783744376,cpu_utilisation,pod=workload-cloud-6f545f89ff-9hvzm,0.8935197239942524
1783744386,cpu_utilisation,pod=workload-cloud-6f545f89ff-9hvzm,0.7948223802121469
1783744396,cpu_utilisation,pod=workload-cloud-6f545f89ff-9hvzm,1.015587068256604
1783744406,cpu_utilisation,pod=workload-cloud-6f545f89ff-9hvzm,1.0469742315238502
1783744416,cpu_utilisation,pod=workload-cloud-6f545f89ff-9hvzm,1.13235387291946
1783744426,cpu_utilisation,pod=workload-cloud-6f545f89ff-9hvzm,1.1460735204449444
1783744436,cpu_utilisation,pod=workload-cloud-6f545f89ff-9hvzm,1.1575345763305351
1783744446,cpu_utilisation,pod=workload-cloud-6f545f89ff-9hvzm,1.1774033193043854
1783744456,cpu_utilisation,pod=workload-cloud-6f545f89ff-9hvzm,1.2001166824345595
1783744466,cpu_utilisation,pod=workload-cloud-6f545f89ff-9hvzm,1.3991121867654661
1783744476,cpu_utilisation,pod=workload-cloud-6f545f89ff-9hvzm,1.7149431569741802
1783744486,cpu_utilisation,pod=workload-cloud-6f545f89ff-9hvzm,1.6812678490721595
1783744496,cpu_utilisation,pod=workload-cloud-6f545f89ff-9hvzm,2.199290649002287
1783744506,cpu_utilisation,pod=workload-cloud-6f545f89ff-9hvzm,2.484328094110712
1783744516,cpu_utilisation,pod=workload-cloud-6f545f89ff-9hvzm,2.4997744131975126
1783744526,cpu_utilisation,pod=workload-cloud-6f545f89ff-9hvzm,2.5220401728258866
1783744536,cpu_utilisation,pod=workload-cloud-6f545f89ff-9hvzm,2.217441611570671
1783744546,cpu_utilisation,pod=workload-cloud-6f545f89ff-9hvzm,2.51858287883257
1783744556,cpu_utilisation,pod=workload-cloud-6f545f89ff-9hvzm,2.5204224120306566
1783744566,cpu_utilisation,pod=workload-cloud-6f545f89ff-9hvzm,2.482825512299537
1783744576,cpu_utilisation,pod=workload-cloud-6f545f89ff-9hvzm,2.4737617849721127
1783744586,cpu_utilisation,pod=workload-cloud-6f545f89ff-9hvzm,2.06419278296854
1783744596,cpu_utilisation,pod=workload-cloud-6f545f89ff-9hvzm,2.496180109058337
1783744606,cpu_utilisation,pod=workload-cloud-6f545f89ff-9hvzm,2.193969348626724
1783744616,cpu_utilisation,pod=workload-cloud-6f545f89ff-9hvzm,2.3739413867191694
1783744626,cpu_utilisation,pod=workload-cloud-6f545f89ff-9hvzm,2.128868248486735
1783744636,cpu_utilisation,pod=workload-cloud-6f545f89ff-9hvzm,1.771992674884788
1783744646,cpu_utilisation,pod=workload-cloud-6f545f89ff-9hvzm,1.6211735907442932
1783744656,cpu_utilisation,pod=workload-cloud-6f545f89ff-9hvzm,1.3111290963257276
1783744666,cpu_utilisation,pod=workload-cloud-6f545f89ff-9hvzm,1.298869559850434
1783744676,cpu_utilisation,pod=workload-cloud-6f545f89ff-9hvzm,1.2451022253766058
1783744686,cpu_utilisation,pod=workload-cloud-6f545f89ff-9hvzm,1.2272470234970598
1783744696,cpu_utilisation,pod=workload-cloud-6f545f89ff-9hvzm,1.0396608490892754
1783744706,cpu_utilisation,pod=workload-cloud-6f545f89ff-9hvzm,1.2390668585111417
1783744716,cpu_utilisation,pod=workload-cloud-6f545f89ff-9hvzm,1.2355934005246545
1783744726,cpu_utilisation,pod=workload-cloud-6f545f89ff-9hvzm,1.2365820723999257
1783744736,cpu_utilisation,pod=workload-cloud-6f545f89ff-9hvzm,1.2365820723999257
1783744746,cpu_utilisation,pod=workload-cloud-6f545f89ff-9hvzm,1.2578749753722356
1783744756,cpu_utilisation,pod=workload-cloud-6f545f89ff-9hvzm,1.2621309618827694
1783744766,cpu_utilisation,pod=workload-cloud-6f545f89ff-9hvzm,1.2561126389366177
1783744776,cpu_utilisation,pod=workload-cloud-6f545f89ff-9hvzm,1.2523220890251592
1783744786,cpu_utilisation,pod=workload-cloud-6f545f89ff-9hvzm,1.2336941920189728
1783744796,cpu_utilisation,pod=workload-cloud-6f545f89ff-9hvzm,1.2336941920189728
1783744806,cpu_utilisation,pod=workload-cloud-6f545f89ff-9hvzm,1.2449446134786097
1783744816,cpu_utilisation,pod=workload-cloud-6f545f89ff-9hvzm,1.2539970013442199
1783744826,cpu_utilisation,pod=workload-cloud-6f545f89ff-9hvzm,1.2058181695646775
1783744836,cpu_utilisation,pod=workload-cloud-6f545f89ff-9hvzm,0.9412879850397472
1783744846,cpu_utilisation,pod=workload-cloud-6f545f89ff-9hvzm,0.6218086287940843
1783744856,cpu_utilisation,pod=workload-cloud-6f545f89ff-9hvzm,0.47102831708169757
1783744866,cpu_utilisation,pod=workload-cloud-6f545f89ff-9hvzm,0.10789217321221546
1783744876,cpu_utilisation,pod=workload-cloud-6f545f89ff-9hvzm,0.08517881619936986
1783744886,cpu_utilisation,pod=workload-cloud-6f545f89ff-9hvzm,0.010454156704960181
1783744896,cpu_utilisation,pod=workload-cloud-6f545f89ff-9hvzm,0.010600257621283459
1783744506,cpu_utilisation,pod=workload-cloud-6f545f89ff-cwfjs,0.04916411115430179
1783744516,cpu_utilisation,pod=workload-cloud-6f545f89ff-cwfjs,0.04196327352687244
1783744526,cpu_utilisation,pod=workload-cloud-6f545f89ff-cwfjs,0.04234772257135375
1783744536,cpu_utilisation,pod=workload-cloud-6f545f89ff-cwfjs,0.051337391101766716
1783744546,cpu_utilisation,pod=workload-cloud-6f545f89ff-cwfjs,0.008675459139652408
1783744556,cpu_utilisation,pod=workload-cloud-6f545f89ff-cwfjs,0.008914256336043565
1783744566,cpu_utilisation,pod=workload-cloud-6f545f89ff-cwfjs,0.008686144799705992
1783744576,cpu_utilisation,pod=workload-cloud-6f545f89ff-cwfjs,0.00863893093554436
1783744586,cpu_utilisation,pod=workload-cloud-6f545f89ff-cwfjs,0.007451934546623544
1783744596,cpu_utilisation,pod=workload-cloud-6f545f89ff-cwfjs,0.007490497587553382
1783744606,cpu_utilisation,pod=workload-cloud-6f545f89ff-cwfjs,0.008462829839438673
1783744616,cpu_utilisation,pod=workload-cloud-6f545f89ff-cwfjs,0.007384263356769233
1783744626,cpu_utilisation,pod=workload-cloud-6f545f89ff-cwfjs,0.008616032936713225
1783744636,cpu_utilisation,pod=workload-cloud-6f545f89ff-cwfjs,0.008586492696537011
1783744646,cpu_utilisation,pod=workload-cloud-6f545f89ff-cwfjs,0.008505648959273816
1783744656,cpu_utilisation,pod=workload-cloud-6f545f89ff-cwfjs,0.008456986622400157
1783744666,cpu_utilisation,pod=workload-cloud-6f545f89ff-cwfjs,0.008514861449690249
1783744676,cpu_utilisation,pod=workload-cloud-6f545f89ff-cwfjs,0.008519950510361892
1783744686,cpu_utilisation,pod=workload-cloud-6f545f89ff-cwfjs,0.007215044543000381
1783744696,cpu_utilisation,pod=workload-cloud-6f545f89ff-cwfjs,0.008636591740721383
1783744706,cpu_utilisation,pod=workload-cloud-6f545f89ff-cwfjs,0.008694668161892148
1783744716,cpu_utilisation,pod=workload-cloud-6f545f89ff-cwfjs,0.0072719296294376685
1783744726,cpu_utilisation,pod=workload-cloud-6f545f89ff-cwfjs,0.00860446553291502
1783744736,cpu_utilisation,pod=workload-cloud-6f545f89ff-cwfjs,0.008701935974246624
1783744746,cpu_utilisation,pod=workload-cloud-6f545f89ff-cwfjs,0.008701935974246624
1783744756,cpu_utilisation,pod=workload-cloud-6f545f89ff-cwfjs,0.00862462049067491
1783744766,cpu_utilisation,pod=workload-cloud-6f545f89ff-cwfjs,0.008747483938566737
1783744776,cpu_utilisation,pod=workload-cloud-6f545f89ff-cwfjs,0.00859115540932843
1783744786,cpu_utilisation,pod=workload-cloud-6f545f89ff-cwfjs,0.00832617231959936
1783744796,cpu_utilisation,pod=workload-cloud-6f545f89ff-cwfjs,0.008448630633241562
1783744806,cpu_utilisation,pod=workload-cloud-6f545f89ff-cwfjs,0.00899897622568536
1783744816,cpu_utilisation,pod=workload-cloud-6f545f89ff-cwfjs,0.009319015612029026
1783744826,cpu_utilisation,pod=workload-cloud-6f545f89ff-cwfjs,0.009429550902425263
1783744836,cpu_utilisation,pod=workload-cloud-6f545f89ff-cwfjs,0.00983512249561566
1783744846,cpu_utilisation,pod=workload-cloud-6f545f89ff-cwfjs,0.009663651572812664
1783744856,cpu_utilisation,pod=workload-cloud-6f545f89ff-cwfjs,0.009628711869892372
1783744866,cpu_utilisation,pod=workload-cloud-6f545f89ff-cwfjs,0.007790778588190248
1783744876,cpu_utilisation,pod=workload-cloud-6f545f89ff-cwfjs,0.009727664831592183
1783744886,cpu_utilisation,pod=workload-cloud-6f545f89ff-cwfjs,0.009983831988835583
1783744896,cpu_utilisation,pod=workload-cloud-6f545f89ff-cwfjs,0.010073934160820308
1783744356,cpu_utilisation,pod=workload-cloud-6f545f89ff-j9z8z,0.04630491450637286
1783744366,cpu_utilisation,pod=workload-cloud-6f545f89ff-j9z8z,0.054921541666666664
1783744376,cpu_utilisation,pod=workload-cloud-6f545f89ff-j9z8z,0.06757975422535212
1783744386,cpu_utilisation,pod=workload-cloud-6f545f89ff-j9z8z,0.0671698125
1783744396,cpu_utilisation,pod=workload-cloud-6f545f89ff-j9z8z,0.10894258275725335
1783744406,cpu_utilisation,pod=workload-cloud-6f545f89ff-j9z8z,0.1309771047413016
1783744416,cpu_utilisation,pod=workload-cloud-6f545f89ff-j9z8z,0.16241561336109564
1783744426,cpu_utilisation,pod=workload-cloud-6f545f89ff-j9z8z,0.18495786329826697
1783744436,cpu_utilisation,pod=workload-cloud-6f545f89ff-j9z8z,0.21679557133783708
1783744446,cpu_utilisation,pod=workload-cloud-6f545f89ff-j9z8z,0.2179722250075203
1783744456,cpu_utilisation,pod=workload-cloud-6f545f89ff-j9z8z,0.3516930686803914
1783744466,cpu_utilisation,pod=workload-cloud-6f545f89ff-j9z8z,0.5732182296974424
1783744476,cpu_utilisation,pod=workload-cloud-6f545f89ff-j9z8z,0.6725391910671186
1783744486,cpu_utilisation,pod=workload-cloud-6f545f89ff-j9z8z,1.1301850342152722
1783744496,cpu_utilisation,pod=workload-cloud-6f545f89ff-j9z8z,1.1970780043671527
1783744506,cpu_utilisation,pod=workload-cloud-6f545f89ff-j9z8z,1.4340438721103994
1783744516,cpu_utilisation,pod=workload-cloud-6f545f89ff-j9z8z,1.4867904619474908
1783744526,cpu_utilisation,pod=workload-cloud-6f545f89ff-j9z8z,1.4809218787158143
1783744536,cpu_utilisation,pod=workload-cloud-6f545f89ff-j9z8z,1.4774804546764664
1783744546,cpu_utilisation,pod=workload-cloud-6f545f89ff-j9z8z,1.4962370249709736
1783744556,cpu_utilisation,pod=workload-cloud-6f545f89ff-j9z8z,1.4820149453545262
1783744566,cpu_utilisation,pod=workload-cloud-6f545f89ff-j9z8z,1.4928590585522357
1783744576,cpu_utilisation,pod=workload-cloud-6f545f89ff-j9z8z,1.2440077471530142
1783744586,cpu_utilisation,pod=workload-cloud-6f545f89ff-j9z8z,1.5028922338373187
1783744596,cpu_utilisation,pod=workload-cloud-6f545f89ff-j9z8z,1.4805529807556579
1783744606,cpu_utilisation,pod=workload-cloud-6f545f89ff-j9z8z,1.2275388098177442
1783744616,cpu_utilisation,pod=workload-cloud-6f545f89ff-j9z8z,1.3642444931621251
1783744626,cpu_utilisation,pod=workload-cloud-6f545f89ff-j9z8z,1.0242913856495166
1783744636,cpu_utilisation,pod=workload-cloud-6f545f89ff-j9z8z,1.0242913856495166
1783744646,cpu_utilisation,pod=workload-cloud-6f545f89ff-j9z8z,0.6857997901364111
1783744656,cpu_utilisation,pod=workload-cloud-6f545f89ff-j9z8z,0.3129196997528181
1783744666,cpu_utilisation,pod=workload-cloud-6f545f89ff-j9z8z,0.3129196997528181
1783744676,cpu_utilisation,pod=workload-cloud-6f545f89ff-j9z8z,0.2224398109648501
1783744686,cpu_utilisation,pod=workload-cloud-6f545f89ff-j9z8z,0.2221307669112478
1783744696,cpu_utilisation,pod=workload-cloud-6f545f89ff-j9z8z,0.2221307669112478
1783744706,cpu_utilisation,pod=workload-cloud-6f545f89ff-j9z8z,0.22154252427184484
1783744716,cpu_utilisation,pod=workload-cloud-6f545f89ff-j9z8z,0.2208929130687665
1783744726,cpu_utilisation,pod=workload-cloud-6f545f89ff-j9z8z,0.22089291306876652
1783744736,cpu_utilisation,pod=workload-cloud-6f545f89ff-j9z8z,0.22059448049902286
1783744746,cpu_utilisation,pod=workload-cloud-6f545f89ff-j9z8z,0.18760179239116126
1783744756,cpu_utilisation,pod=workload-cloud-6f545f89ff-j9z8z,0.22133546894083833
1783744766,cpu_utilisation,pod=workload-cloud-6f545f89ff-j9z8z,0.2207337966217437
1783744776,cpu_utilisation,pod=workload-cloud-6f545f89ff-j9z8z,0.22049638007643876
1783744786,cpu_utilisation,pod=workload-cloud-6f545f89ff-j9z8z,0.22085854189336285
1783744796,cpu_utilisation,pod=workload-cloud-6f545f89ff-j9z8z,0.2208195056857742
1783744806,cpu_utilisation,pod=workload-cloud-6f545f89ff-j9z8z,0.22645598040549728
1783744816,cpu_utilisation,pod=workload-cloud-6f545f89ff-j9z8z,0.19948807226278814
1783744826,cpu_utilisation,pod=workload-cloud-6f545f89ff-j9z8z,0.15566177324132416
1783744836,cpu_utilisation,pod=workload-cloud-6f545f89ff-j9z8z,0.13987136671426534
1783744846,cpu_utilisation,pod=workload-cloud-6f545f89ff-j9z8z,0.0487562292971288
1783744856,cpu_utilisation,pod=workload-cloud-6f545f89ff-j9z8z,0.04504373091111035
1783744866,cpu_utilisation,pod=workload-cloud-6f545f89ff-j9z8z,0.008411887054462969
1783744876,cpu_utilisation,pod=workload-cloud-6f545f89ff-j9z8z,0.010090231277010343
1783744886,cpu_utilisation,pod=workload-cloud-6f545f89ff-j9z8z,0.008498160952019395
1783744896,cpu_utilisation,pod=workload-cloud-6f545f89ff-j9z8z,0.00992578928397265
1783744506,cpu_utilisation,pod=workload-cloud-6f545f89ff-mqpz2,0.04724945927343711
1783744516,cpu_utilisation,pod=workload-cloud-6f545f89ff-mqpz2,0.0445318132547441
1783744526,cpu_utilisation,pod=workload-cloud-6f545f89ff-mqpz2,0.056897423545886304
1783744536,cpu_utilisation,pod=workload-cloud-6f545f89ff-mqpz2,0.0492315917943537
1783744546,cpu_utilisation,pod=workload-cloud-6f545f89ff-mqpz2,0.005845374999999999
1783744556,cpu_utilisation,pod=workload-cloud-6f545f89ff-mqpz2,0.008567053651457594
1783744566,cpu_utilisation,pod=workload-cloud-6f545f89ff-mqpz2,0.008575498171716883
1783744576,cpu_utilisation,pod=workload-cloud-6f545f89ff-mqpz2,0.008798204873975883
1783744586,cpu_utilisation,pod=workload-cloud-6f545f89ff-mqpz2,0.008798204873975883
1783744596,cpu_utilisation,pod=workload-cloud-6f545f89ff-mqpz2,0.00871131046060224
1783744606,cpu_utilisation,pod=workload-cloud-6f545f89ff-mqpz2,0.008460679732076405
1783744616,cpu_utilisation,pod=workload-cloud-6f545f89ff-mqpz2,0.008281733329746889
1783744626,cpu_utilisation,pod=workload-cloud-6f545f89ff-mqpz2,0.008466112108894986
1783744636,cpu_utilisation,pod=workload-cloud-6f545f89ff-mqpz2,0.008563713062189742
1783744646,cpu_utilisation,pod=workload-cloud-6f545f89ff-mqpz2,0.008563713062189742
1783744656,cpu_utilisation,pod=workload-cloud-6f545f89ff-mqpz2,0.008633025199442831
1783744666,cpu_utilisation,pod=workload-cloud-6f545f89ff-mqpz2,0.008593589743589735
1783744676,cpu_utilisation,pod=workload-cloud-6f545f89ff-mqpz2,0.008593589743589735
1783744686,cpu_utilisation,pod=workload-cloud-6f545f89ff-mqpz2,0.00847970340020931
1783744696,cpu_utilisation,pod=workload-cloud-6f545f89ff-mqpz2,0.007107529097310607
1783744706,cpu_utilisation,pod=workload-cloud-6f545f89ff-mqpz2,0.00862690254991105
1783744716,cpu_utilisation,pod=workload-cloud-6f545f89ff-mqpz2,0.00856062916094934
1783744726,cpu_utilisation,pod=workload-cloud-6f545f89ff-mqpz2,0.008203382693522356
1783744736,cpu_utilisation,pod=workload-cloud-6f545f89ff-mqpz2,0.008175329566854996
1783744746,cpu_utilisation,pod=workload-cloud-6f545f89ff-mqpz2,0.008142944644361074
1783744756,cpu_utilisation,pod=workload-cloud-6f545f89ff-mqpz2,0.008220607901357688
1783744766,cpu_utilisation,pod=workload-cloud-6f545f89ff-mqpz2,0.007026297436602317
1783744776,cpu_utilisation,pod=workload-cloud-6f545f89ff-mqpz2,0.008335390904859241
1783744786,cpu_utilisation,pod=workload-cloud-6f545f89ff-mqpz2,0.007250760794487965
1783744796,cpu_utilisation,pod=workload-cloud-6f545f89ff-mqpz2,0.00864392235081291
1783744806,cpu_utilisation,pod=workload-cloud-6f545f89ff-mqpz2,0.00864392235081291
1783744816,cpu_utilisation,pod=workload-cloud-6f545f89ff-mqpz2,0.00931260972213814
1783744826,cpu_utilisation,pod=workload-cloud-6f545f89ff-mqpz2,0.009718114216484943
1783744836,cpu_utilisation,pod=workload-cloud-6f545f89ff-mqpz2,0.009688569225579478
1783744846,cpu_utilisation,pod=workload-cloud-6f545f89ff-mqpz2,0.009756006566184146
1783744856,cpu_utilisation,pod=workload-cloud-6f545f89ff-mqpz2,0.009519822236674531
1783744866,cpu_utilisation,pod=workload-cloud-6f545f89ff-mqpz2,0.009570574988195137
1783744876,cpu_utilisation,pod=workload-cloud-6f545f89ff-mqpz2,0.009545695394751998
1783744886,cpu_utilisation,pod=workload-cloud-6f545f89ff-mqpz2,0.0098206218442732
1783744896,cpu_utilisation,pod=workload-cloud-6f545f89ff-mqpz2,0.009765843587863001
1783744466,cpu_utilisation,pod=workload-cloud-6f545f89ff-s4lzp,0.15910918799449605
1783744476,cpu_utilisation,pod=workload-cloud-6f545f89ff-s4lzp,0.3527590984713565
1783744486,cpu_utilisation,pod=workload-cloud-6f545f89ff-s4lzp,0.3547930833333333
1783744496,cpu_utilisation,pod=workload-cloud-6f545f89ff-s4lzp,0.7031760484657685
1783744506,cpu_utilisation,pod=workload-cloud-6f545f89ff-s4lzp,0.8880529614142538
1783744516,cpu_utilisation,pod=workload-cloud-6f545f89ff-s4lzp,0.9550606398056285
1783744526,cpu_utilisation,pod=workload-cloud-6f545f89ff-s4lzp,1.0164158831689274
1783744536,cpu_utilisation,pod=workload-cloud-6f545f89ff-s4lzp,1.0172197511570598
1783744546,cpu_utilisation,pod=workload-cloud-6f545f89ff-s4lzp,1.0170157089536935
1783744556,cpu_utilisation,pod=workload-cloud-6f545f89ff-s4lzp,1.0263853025821406
1783744566,cpu_utilisation,pod=workload-cloud-6f545f89ff-s4lzp,1.0047427935317548
1783744576,cpu_utilisation,pod=workload-cloud-6f545f89ff-s4lzp,0.9993022651103665
1783744586,cpu_utilisation,pod=workload-cloud-6f545f89ff-s4lzp,0.9919578643974747
1783744596,cpu_utilisation,pod=workload-cloud-6f545f89ff-s4lzp,0.974357772729712
1783744606,cpu_utilisation,pod=workload-cloud-6f545f89ff-s4lzp,0.9640696207627691
1783744616,cpu_utilisation,pod=workload-cloud-6f545f89ff-s4lzp,0.6901740213809178
1783744626,cpu_utilisation,pod=workload-cloud-6f545f89ff-s4lzp,0.6901740213809178
1783744636,cpu_utilisation,pod=workload-cloud-6f545f89ff-s4lzp,0.20553247315318202
1783744646,cpu_utilisation,pod=workload-cloud-6f545f89ff-s4lzp,0.20553247315318202
1783744656,cpu_utilisation,pod=workload-cloud-6f545f89ff-s4lzp,0.008872131992781893
1783744666,cpu_utilisation,pod=workload-cloud-6f545f89ff-s4lzp,0.008796692387989384
1783744676,cpu_utilisation,pod=workload-cloud-6f545f89ff-s4lzp,0.007257723957982996
1783744686,cpu_utilisation,pod=workload-cloud-6f545f89ff-s4lzp,0.008650910128620935
1783744696,cpu_utilisation,pod=workload-cloud-6f545f89ff-s4lzp,0.008505882926116008
1783744706,cpu_utilisation,pod=workload-cloud-6f545f89ff-s4lzp,0.008819045145973177
1783744716,cpu_utilisation,pod=workload-cloud-6f545f89ff-s4lzp,0.008890916140215071
1783744726,cpu_utilisation,pod=workload-cloud-6f545f89ff-s4lzp,0.008613505217924892
1783744736,cpu_utilisation,pod=workload-cloud-6f545f89ff-s4lzp,0.008512497151105303
1783744746,cpu_utilisation,pod=workload-cloud-6f545f89ff-s4lzp,0.008582036021015758
1783744756,cpu_utilisation,pod=workload-cloud-6f545f89ff-s4lzp,0.008171264011570955
1783744766,cpu_utilisation,pod=workload-cloud-6f545f89ff-s4lzp,0.008706062494918591
1783744776,cpu_utilisation,pod=workload-cloud-6f545f89ff-s4lzp,0.00869688590070303
1783744786,cpu_utilisation,pod=workload-cloud-6f545f89ff-s4lzp,0.008797528866661785
1783744796,cpu_utilisation,pod=workload-cloud-6f545f89ff-s4lzp,0.008914383561643785
1783744806,cpu_utilisation,pod=workload-cloud-6f545f89ff-s4lzp,0.009155298831955129
1783744816,cpu_utilisation,pod=workload-cloud-6f545f89ff-s4lzp,0.009155298831955129
1783744826,cpu_utilisation,pod=workload-cloud-6f545f89ff-s4lzp,0.00941347296660906
1783744836,cpu_utilisation,pod=workload-cloud-6f545f89ff-s4lzp,0.009759556623256121
1783744846,cpu_utilisation,pod=workload-cloud-6f545f89ff-s4lzp,0.008045623915002846
1783744856,cpu_utilisation,pod=workload-cloud-6f545f89ff-s4lzp,0.009669706535718128
1783744866,cpu_utilisation,pod=workload-cloud-6f545f89ff-s4lzp,0.009713430282292778
1783744876,cpu_utilisation,pod=workload-cloud-6f545f89ff-s4lzp,0.008283154654975951
1783744416,cpu_utilisation,pod=workload-cloud-6f545f89ff-wffrv,0.08275583505866113
1783744426,cpu_utilisation,pod=workload-cloud-6f545f89ff-wffrv,0.11761138297683366
1783744436,cpu_utilisation,pod=workload-cloud-6f545f89ff-wffrv,0.16006451698237023
1783744446,cpu_utilisation,pod=workload-cloud-6f545f89ff-wffrv,0.16148005555555553
1783744456,cpu_utilisation,pod=workload-cloud-6f545f89ff-wffrv,0.3987401494928403
1783744466,cpu_utilisation,pod=workload-cloud-6f545f89ff-wffrv,0.605168676523484
1783744476,cpu_utilisation,pod=workload-cloud-6f545f89ff-wffrv,0.6144852152267736
1783744486,cpu_utilisation,pod=workload-cloud-6f545f89ff-wffrv,1.261922941408112
1783744496,cpu_utilisation,pod=workload-cloud-6f545f89ff-wffrv,1.6977074147396767
1783744506,cpu_utilisation,pod=workload-cloud-6f545f89ff-wffrv,1.7258484739676834
1783744516,cpu_utilisation,pod=workload-cloud-6f545f89ff-wffrv,1.877579708699122
1783744526,cpu_utilisation,pod=workload-cloud-6f545f89ff-wffrv,1.9249529135731047
1783744536,cpu_utilisation,pod=workload-cloud-6f545f89ff-wffrv,1.9562487848427736
1783744546,cpu_utilisation,pod=workload-cloud-6f545f89ff-wffrv,1.9594818552119975
1783744556,cpu_utilisation,pod=workload-cloud-6f545f89ff-wffrv,1.9698370224164663
1783744566,cpu_utilisation,pod=workload-cloud-6f545f89ff-wffrv,1.9792694199024667
1783744576,cpu_utilisation,pod=workload-cloud-6f545f89ff-wffrv,1.6321618782592178
1783744586,cpu_utilisation,pod=workload-cloud-6f545f89ff-wffrv,1.9522501009285425
1783744596,cpu_utilisation,pod=workload-cloud-6f545f89ff-wffrv,1.9456649026608859
1783744606,cpu_utilisation,pod=workload-cloud-6f545f89ff-wffrv,1.9220986033186098
1783744616,cpu_utilisation,pod=workload-cloud-6f545f89ff-wffrv,1.7887639133588973
1783744626,cpu_utilisation,pod=workload-cloud-6f545f89ff-wffrv,1.3080050138391035
1783744636,cpu_utilisation,pod=workload-cloud-6f545f89ff-wffrv,1.3080050138391035
1783744646,cpu_utilisation,pod=workload-cloud-6f545f89ff-wffrv,0.770736522554093
1783744656,cpu_utilisation,pod=workload-cloud-6f545f89ff-wffrv,0.46399927209200725
1783744666,cpu_utilisation,pod=workload-cloud-6f545f89ff-wffrv,0.42046320846873125
1783744676,cpu_utilisation,pod=workload-cloud-6f545f89ff-wffrv,0.3265629215831564
1783744686,cpu_utilisation,pod=workload-cloud-6f545f89ff-wffrv,0.3254188605373299
1783744696,cpu_utilisation,pod=workload-cloud-6f545f89ff-wffrv,0.3254188605373299
1783744706,cpu_utilisation,pod=workload-cloud-6f545f89ff-wffrv,0.32597505420618
1783744716,cpu_utilisation,pod=workload-cloud-6f545f89ff-wffrv,0.3255100065673497
1783744726,cpu_utilisation,pod=workload-cloud-6f545f89ff-wffrv,0.3260705118526359
1783744736,cpu_utilisation,pod=workload-cloud-6f545f89ff-wffrv,0.3257513270722746
1783744746,cpu_utilisation,pod=workload-cloud-6f545f89ff-wffrv,0.21958850000000044
1783744756,cpu_utilisation,pod=workload-cloud-6f545f89ff-wffrv,0.323858056209209
1783744766,cpu_utilisation,pod=workload-cloud-6f545f89ff-wffrv,0.3236785344466718
1783744776,cpu_utilisation,pod=workload-cloud-6f545f89ff-wffrv,0.3227865632059713
1783744786,cpu_utilisation,pod=workload-cloud-6f545f89ff-wffrv,0.32300036615879063
1783744796,cpu_utilisation,pod=workload-cloud-6f545f89ff-wffrv,0.3313239291833234
1783744806,cpu_utilisation,pod=workload-cloud-6f545f89ff-wffrv,0.33061516174869415
1783744816,cpu_utilisation,pod=workload-cloud-6f545f89ff-wffrv,0.3328723915183829
1783744826,cpu_utilisation,pod=workload-cloud-6f545f89ff-wffrv,0.2028624324898
1783744836,cpu_utilisation,pod=workload-cloud-6f545f89ff-wffrv,0.20286243248979993
1783744846,cpu_utilisation,pod=workload-cloud-6f545f89ff-wffrv,0.09331305618847029
1783744856,cpu_utilisation,pod=workload-cloud-6f545f89ff-wffrv,0.022012432984958585
1783744866,cpu_utilisation,pod=workload-cloud-6f545f89ff-wffrv,0.010491143706351576
1783744876,cpu_utilisation,pod=workload-cloud-6f545f89ff-wffrv,0.010491143706351574
1783744886,cpu_utilisation,pod=workload-cloud-6f545f89ff-wffrv,0.010314685314685003
1783744896,cpu_utilisation,pod=workload-cloud-6f545f89ff-wffrv,0.010410143906974733
1783744256,cpu_utilisation,pod=workload-edge-7b875fd8c6-pxwvc,0.020380026349483646
1783744266,cpu_utilisation,pod=workload-edge-7b875fd8c6-pxwvc,0.020305508665985964
1783744276,cpu_utilisation,pod=workload-edge-7b875fd8c6-pxwvc,0.019951619688682257
1783744286,cpu_utilisation,pod=workload-edge-7b875fd8c6-pxwvc,0.016132930050933483
1783744296,cpu_utilisation,pod=workload-edge-7b875fd8c6-pxwvc,0.01988156384071544
1783744306,cpu_utilisation,pod=workload-edge-7b875fd8c6-pxwvc,0.02041491785585713
1783744316,cpu_utilisation,pod=workload-edge-7b875fd8c6-pxwvc,0.020670340008063157
1783744326,cpu_utilisation,pod=workload-edge-7b875fd8c6-pxwvc,0.02048810320114725
1783744336,cpu_utilisation,pod=workload-edge-7b875fd8c6-pxwvc,0.02115358236934672
1783744346,cpu_utilisation,pod=workload-edge-7b875fd8c6-pxwvc,0.021153582369346727
1783744356,cpu_utilisation,pod=workload-edge-7b875fd8c6-pxwvc,0.020789674866214563
1783744366,cpu_utilisation,pod=workload-edge-7b875fd8c6-pxwvc,0.020968457649992594
1783744376,cpu_utilisation,pod=workload-edge-7b875fd8c6-pxwvc,0.020968457649992594
1783744386,cpu_utilisation,pod=workload-edge-7b875fd8c6-pxwvc,0.020505677896982807
1783744396,cpu_utilisation,pod=workload-edge-7b875fd8c6-pxwvc,0.020475107680870443
1783744406,cpu_utilisation,pod=workload-edge-7b875fd8c6-pxwvc,0.020475107680870443
1783744416,cpu_utilisation,pod=workload-edge-7b875fd8c6-pxwvc,0.02055564462563685
1783744426,cpu_utilisation,pod=workload-edge-7b875fd8c6-pxwvc,0.02067961416121411
1783744436,cpu_utilisation,pod=workload-edge-7b875fd8c6-pxwvc,0.020633902887048257
1783744446,cpu_utilisation,pod=workload-edge-7b875fd8c6-pxwvc,0.020569082195411124
1783744456,cpu_utilisation,pod=workload-edge-7b875fd8c6-pxwvc,0.020765424019959008
1783744466,cpu_utilisation,pod=workload-edge-7b875fd8c6-pxwvc,0.020765424019959008
1783744476,cpu_utilisation,pod=workload-edge-7b875fd8c6-pxwvc,0.02085640122706044
1783744486,cpu_utilisation,pod=workload-edge-7b875fd8c6-pxwvc,0.021022910079324584
1783744496,cpu_utilisation,pod=workload-edge-7b875fd8c6-pxwvc,0.0213984674329516
1783744506,cpu_utilisation,pod=workload-edge-7b875fd8c6-pxwvc,0.02238365350146543
1783744516,cpu_utilisation,pod=workload-edge-7b875fd8c6-pxwvc,0.019009602355574272
1783744526,cpu_utilisation,pod=workload-edge-7b875fd8c6-pxwvc,0.02222522148394272
1783744536,cpu_utilisation,pod=workload-edge-7b875fd8c6-pxwvc,0.019179528651614004
1783744546,cpu_utilisation,pod=workload-edge-7b875fd8c6-pxwvc,0.022098742221135132
1783744556,cpu_utilisation,pod=workload-edge-7b875fd8c6-pxwvc,0.021114676150531413
1783744566,cpu_utilisation,pod=workload-edge-7b875fd8c6-pxwvc,0.021560526516016507
1783744576,cpu_utilisation,pod=workload-edge-7b875fd8c6-pxwvc,0.021252687071348277
1783744586,cpu_utilisation,pod=workload-edge-7b875fd8c6-pxwvc,0.0211686356874072
1783744596,cpu_utilisation,pod=workload-edge-7b875fd8c6-pxwvc,0.021147620315032985
1783744606,cpu_utilisation,pod=workload-edge-7b875fd8c6-pxwvc,0.021466570477764277
1783744616,cpu_utilisation,pod=workload-edge-7b875fd8c6-pxwvc,0.020868540217543363
1783744626,cpu_utilisation,pod=workload-edge-7b875fd8c6-pxwvc,0.020765414068789893
1783744636,cpu_utilisation,pod=workload-edge-7b875fd8c6-pxwvc,0.01747657854156831
1783744646,cpu_utilisation,pod=workload-edge-7b875fd8c6-pxwvc,0.020069460907496083
1783744656,cpu_utilisation,pod=workload-edge-7b875fd8c6-pxwvc,0.017012659017274348
1783744666,cpu_utilisation,pod=workload-edge-7b875fd8c6-pxwvc,0.02092125285315858
1783744676,cpu_utilisation,pod=workload-edge-7b875fd8c6-pxwvc,0.02091049288772521
1783744686,cpu_utilisation,pod=workload-edge-7b875fd8c6-pxwvc,0.020742682583355553
1783744696,cpu_utilisation,pod=workload-edge-7b875fd8c6-pxwvc,0.020742682583355553
1783744706,cpu_utilisation,pod=workload-edge-7b875fd8c6-pxwvc,0.020194134854821612
1783744716,cpu_utilisation,pod=workload-edge-7b875fd8c6-pxwvc,0.020103533856867202
1783744726,cpu_utilisation,pod=workload-edge-7b875fd8c6-pxwvc,0.020015436565364995
1783744736,cpu_utilisation,pod=workload-edge-7b875fd8c6-pxwvc,0.020255102040817444
1783744746,cpu_utilisation,pod=workload-edge-7b875fd8c6-pxwvc,0.021124552382701688
1783744756,cpu_utilisation,pod=workload-edge-7b875fd8c6-pxwvc,0.021124552382701688
1783744766,cpu_utilisation,pod=workload-edge-7b875fd8c6-pxwvc,0.020842122442317642
1783744776,cpu_utilisation,pod=workload-edge-7b875fd8c6-pxwvc,0.02089193329928699
1783744786,cpu_utilisation,pod=workload-edge-7b875fd8c6-pxwvc,0.02089193329928699
1783744796,cpu_utilisation,pod=workload-edge-7b875fd8c6-pxwvc,0.020949115917637574
1783744806,cpu_utilisation,pod=workload-edge-7b875fd8c6-pxwvc,0.021858212680979816
1783744816,cpu_utilisation,pod=workload-edge-7b875fd8c6-pxwvc,0.022375522231417953
1783744826,cpu_utilisation,pod=workload-edge-7b875fd8c6-pxwvc,0.022577073209590758
1783744836,cpu_utilisation,pod=workload-edge-7b875fd8c6-pxwvc,0.022999817709520528
1783744846,cpu_utilisation,pod=workload-edge-7b875fd8c6-pxwvc,0.022999817709520528
1783744856,cpu_utilisation,pod=workload-edge-7b875fd8c6-pxwvc,0.01963017974052349
1783744866,cpu_utilisation,pod=workload-edge-7b875fd8c6-pxwvc,0.018065617855966675
1783744876,cpu_utilisation,pod=workload-edge-7b875fd8c6-pxwvc,0.02301343273705881
1783744886,cpu_utilisation,pod=workload-edge-7b875fd8c6-pxwvc,0.018322401558113616
1783744896,cpu_utilisation,pod=workload-edge-7b875fd8c6-pxwvc,0.02216818747407672
1783744256,mem_mib,pod=workload-cloud-6f545f89ff-9hvzm,40.6875
1783744266,mem_mib,pod=workload-cloud-6f545f89ff-9hvzm,40.68359375
1783744276,mem_mib,pod=workload-cloud-6f545f89ff-9hvzm,41.18359375
1783744286,mem_mib,pod=workload-cloud-6f545f89ff-9hvzm,41.18359375
1783744296,mem_mib,pod=workload-cloud-6f545f89ff-9hvzm,41.0078125
1783744306,mem_mib,pod=workload-cloud-6f545f89ff-9hvzm,41.0078125
1783744316,mem_mib,pod=workload-cloud-6f545f89ff-9hvzm,41.0078125
1783744326,mem_mib,pod=workload-cloud-6f545f89ff-9hvzm,41.78125
1783744336,mem_mib,pod=workload-cloud-6f545f89ff-9hvzm,41.78125
1783744346,mem_mib,pod=workload-cloud-6f545f89ff-9hvzm,42.01171875
1783744356,mem_mib,pod=workload-cloud-6f545f89ff-9hvzm,42.0625
1783744366,mem_mib,pod=workload-cloud-6f545f89ff-9hvzm,42.0625
1783744376,mem_mib,pod=workload-cloud-6f545f89ff-9hvzm,41.3515625
1783744386,mem_mib,pod=workload-cloud-6f545f89ff-9hvzm,41.3515625
1783744396,mem_mib,pod=workload-cloud-6f545f89ff-9hvzm,41.61328125
1783744406,mem_mib,pod=workload-cloud-6f545f89ff-9hvzm,41.61328125
1783744416,mem_mib,pod=workload-cloud-6f545f89ff-9hvzm,41.953125
1783744426,mem_mib,pod=workload-cloud-6f545f89ff-9hvzm,41.95703125
1783744436,mem_mib,pod=workload-cloud-6f545f89ff-9hvzm,41.95703125
1783744446,mem_mib,pod=workload-cloud-6f545f89ff-9hvzm,41.7734375
1783744456,mem_mib,pod=workload-cloud-6f545f89ff-9hvzm,41.7734375
1783744466,mem_mib,pod=workload-cloud-6f545f89ff-9hvzm,42.4296875
1783744476,mem_mib,pod=workload-cloud-6f545f89ff-9hvzm,43.79296875
1783744486,mem_mib,pod=workload-cloud-6f545f89ff-9hvzm,43.79296875
1783744496,mem_mib,pod=workload-cloud-6f545f89ff-9hvzm,42.5625
1783744506,mem_mib,pod=workload-cloud-6f545f89ff-9hvzm,44.05078125
1783744516,mem_mib,pod=workload-cloud-6f545f89ff-9hvzm,42.5390625
1783744526,mem_mib,pod=workload-cloud-6f545f89ff-9hvzm,43.29296875
1783744536,mem_mib,pod=workload-cloud-6f545f89ff-9hvzm,43.29296875
1783744546,mem_mib,pod=workload-cloud-6f545f89ff-9hvzm,43.7578125
1783744556,mem_mib,pod=workload-cloud-6f545f89ff-9hvzm,43.7578125
1783744566,mem_mib,pod=workload-cloud-6f545f89ff-9hvzm,42.5546875
1783744576,mem_mib,pod=workload-cloud-6f545f89ff-9hvzm,42.55078125
1783744586,mem_mib,pod=workload-cloud-6f545f89ff-9hvzm,42.53515625
1783744596,mem_mib,pod=workload-cloud-6f545f89ff-9hvzm,42.5234375
1783744606,mem_mib,pod=workload-cloud-6f545f89ff-9hvzm,42.5234375
1783744616,mem_mib,pod=workload-cloud-6f545f89ff-9hvzm,43.46875
1783744626,mem_mib,pod=workload-cloud-6f545f89ff-9hvzm,41.59375
1783744636,mem_mib,pod=workload-cloud-6f545f89ff-9hvzm,41.40234375
1783744646,mem_mib,pod=workload-cloud-6f545f89ff-9hvzm,41.40234375
1783744656,mem_mib,pod=workload-cloud-6f545f89ff-9hvzm,41.875
1783744666,mem_mib,pod=workload-cloud-6f545f89ff-9hvzm,41.6328125
1783744676,mem_mib,pod=workload-cloud-6f545f89ff-9hvzm,41.6328125
1783744686,mem_mib,pod=workload-cloud-6f545f89ff-9hvzm,42.11328125
1783744696,mem_mib,pod=workload-cloud-6f545f89ff-9hvzm,42.11328125
1783744706,mem_mib,pod=workload-cloud-6f545f89ff-9hvzm,41.87890625
1783744716,mem_mib,pod=workload-cloud-6f545f89ff-9hvzm,41.87890625
1783744726,mem_mib,pod=workload-cloud-6f545f89ff-9hvzm,41.37109375
1783744736,mem_mib,pod=workload-cloud-6f545f89ff-9hvzm,41.37109375
1783744746,mem_mib,pod=workload-cloud-6f545f89ff-9hvzm,42.12109375
1783744756,mem_mib,pod=workload-cloud-6f545f89ff-9hvzm,41.578125
1783744766,mem_mib,pod=workload-cloud-6f545f89ff-9hvzm,41.37890625
1783744776,mem_mib,pod=workload-cloud-6f545f89ff-9hvzm,41.640625
1783744786,mem_mib,pod=workload-cloud-6f545f89ff-9hvzm,41.35546875
1783744796,mem_mib,pod=workload-cloud-6f545f89ff-9hvzm,41.35546875
1783744806,mem_mib,pod=workload-cloud-6f545f89ff-9hvzm,41.86328125
1783744816,mem_mib,pod=workload-cloud-6f545f89ff-9hvzm,41.86328125
1783744826,mem_mib,pod=workload-cloud-6f545f89ff-9hvzm,41.84375
1783744836,mem_mib,pod=workload-cloud-6f545f89ff-9hvzm,40.84375
1783744846,mem_mib,pod=workload-cloud-6f545f89ff-9hvzm,40.84375
1783744856,mem_mib,pod=workload-cloud-6f545f89ff-9hvzm,40.69921875
1783744866,mem_mib,pod=workload-cloud-6f545f89ff-9hvzm,40.69921875
1783744876,mem_mib,pod=workload-cloud-6f545f89ff-9hvzm,40.69921875
1783744886,mem_mib,pod=workload-cloud-6f545f89ff-9hvzm,40.69921875
1783744896,mem_mib,pod=workload-cloud-6f545f89ff-9hvzm,40.69921875
1783744486,mem_mib,pod=workload-cloud-6f545f89ff-cwfjs,3.03515625
1783744496,mem_mib,pod=workload-cloud-6f545f89ff-cwfjs,3.03515625
1783744506,mem_mib,pod=workload-cloud-6f545f89ff-cwfjs,35.12890625
1783744516,mem_mib,pod=workload-cloud-6f545f89ff-cwfjs,35.14453125
1783744526,mem_mib,pod=workload-cloud-6f545f89ff-cwfjs,35.15234375
1783744536,mem_mib,pod=workload-cloud-6f545f89ff-cwfjs,35.15234375
1783744546,mem_mib,pod=workload-cloud-6f545f89ff-cwfjs,35.16015625
1783744556,mem_mib,pod=workload-cloud-6f545f89ff-cwfjs,35.1796875
1783744566,mem_mib,pod=workload-cloud-6f545f89ff-cwfjs,35.1796875
1783744576,mem_mib,pod=workload-cloud-6f545f89ff-cwfjs,35.19140625
1783744586,mem_mib,pod=workload-cloud-6f545f89ff-cwfjs,35.19140625
1783744596,mem_mib,pod=workload-cloud-6f545f89ff-cwfjs,35.19140625
1783744606,mem_mib,pod=workload-cloud-6f545f89ff-cwfjs,35.19140625
1783744616,mem_mib,pod=workload-cloud-6f545f89ff-cwfjs,35.19140625
1783744626,mem_mib,pod=workload-cloud-6f545f89ff-cwfjs,35.20703125
1783744636,mem_mib,pod=workload-cloud-6f545f89ff-cwfjs,35.4609375
1783744646,mem_mib,pod=workload-cloud-6f545f89ff-cwfjs,35.20703125
1783744656,mem_mib,pod=workload-cloud-6f545f89ff-cwfjs,35.2109375
1783744666,mem_mib,pod=workload-cloud-6f545f89ff-cwfjs,35.21484375
1783744676,mem_mib,pod=workload-cloud-6f545f89ff-cwfjs,35.21484375
1783744686,mem_mib,pod=workload-cloud-6f545f89ff-cwfjs,35.21484375
1783744696,mem_mib,pod=workload-cloud-6f545f89ff-cwfjs,35.2109375
1783744706,mem_mib,pod=workload-cloud-6f545f89ff-cwfjs,35.21875
1783744716,mem_mib,pod=workload-cloud-6f545f89ff-cwfjs,35.21875
1783744726,mem_mib,pod=workload-cloud-6f545f89ff-cwfjs,35.2265625
1783744736,mem_mib,pod=workload-cloud-6f545f89ff-cwfjs,35.2265625
1783744746,mem_mib,pod=workload-cloud-6f545f89ff-cwfjs,35.2265625
1783744756,mem_mib,pod=workload-cloud-6f545f89ff-cwfjs,35.23046875
1783744766,mem_mib,pod=workload-cloud-6f545f89ff-cwfjs,35.23046875
1783744776,mem_mib,pod=workload-cloud-6f545f89ff-cwfjs,35.234375
1783744786,mem_mib,pod=workload-cloud-6f545f89ff-cwfjs,35.234375
1783744796,mem_mib,pod=workload-cloud-6f545f89ff-cwfjs,35.23828125
1783744806,mem_mib,pod=workload-cloud-6f545f89ff-cwfjs,35.24609375
1783744816,mem_mib,pod=workload-cloud-6f545f89ff-cwfjs,35.24609375
1783744826,mem_mib,pod=workload-cloud-6f545f89ff-cwfjs,35.25
1783744836,mem_mib,pod=workload-cloud-6f545f89ff-cwfjs,35.25
1783744846,mem_mib,pod=workload-cloud-6f545f89ff-cwfjs,35.25
1783744856,mem_mib,pod=workload-cloud-6f545f89ff-cwfjs,35.25
1783744866,mem_mib,pod=workload-cloud-6f545f89ff-cwfjs,35.25
1783744876,mem_mib,pod=workload-cloud-6f545f89ff-cwfjs,35.25
1783744886,mem_mib,pod=workload-cloud-6f545f89ff-cwfjs,35.25
1783744896,mem_mib,pod=workload-cloud-6f545f89ff-cwfjs,35.25
1783744346,mem_mib,pod=workload-cloud-6f545f89ff-j9z8z,3.32421875
1783744356,mem_mib,pod=workload-cloud-6f545f89ff-j9z8z,35.1171875
1783744366,mem_mib,pod=workload-cloud-6f545f89ff-j9z8z,35.1171875
1783744376,mem_mib,pod=workload-cloud-6f545f89ff-j9z8z,35.47265625
1783744386,mem_mib,pod=workload-cloud-6f545f89ff-j9z8z,35.47265625
1783744396,mem_mib,pod=workload-cloud-6f545f89ff-j9z8z,35.29296875
1783744406,mem_mib,pod=workload-cloud-6f545f89ff-j9z8z,35.38671875
1783744416,mem_mib,pod=workload-cloud-6f545f89ff-j9z8z,35.38671875
1783744426,mem_mib,pod=workload-cloud-6f545f89ff-j9z8z,35.50390625
1783744436,mem_mib,pod=workload-cloud-6f545f89ff-j9z8z,35.50390625
1783744446,mem_mib,pod=workload-cloud-6f545f89ff-j9z8z,35.515625
1783744456,mem_mib,pod=workload-cloud-6f545f89ff-j9z8z,37.07421875
1783744466,mem_mib,pod=workload-cloud-6f545f89ff-j9z8z,37.09765625
1783744476,mem_mib,pod=workload-cloud-6f545f89ff-j9z8z,37.09765625
1783744486,mem_mib,pod=workload-cloud-6f545f89ff-j9z8z,37.4609375
1783744496,mem_mib,pod=workload-cloud-6f545f89ff-j9z8z,38.7578125
1783744506,mem_mib,pod=workload-cloud-6f545f89ff-j9z8z,37.5546875
1783744516,mem_mib,pod=workload-cloud-6f545f89ff-j9z8z,37.5546875
1783744526,mem_mib,pod=workload-cloud-6f545f89ff-j9z8z,37.609375
1783744536,mem_mib,pod=workload-cloud-6f545f89ff-j9z8z,37.62890625
1783744546,mem_mib,pod=workload-cloud-6f545f89ff-j9z8z,37.89453125
1783744556,mem_mib,pod=workload-cloud-6f545f89ff-j9z8z,37.89453125
1783744566,mem_mib,pod=workload-cloud-6f545f89ff-j9z8z,37.6875
1783744576,mem_mib,pod=workload-cloud-6f545f89ff-j9z8z,37.6875
1783744586,mem_mib,pod=workload-cloud-6f545f89ff-j9z8z,37.7890625
1783744596,mem_mib,pod=workload-cloud-6f545f89ff-j9z8z,37.78125
1783744606,mem_mib,pod=workload-cloud-6f545f89ff-j9z8z,37.78125
1783744616,mem_mib,pod=workload-cloud-6f545f89ff-j9z8z,37.8046875
1783744626,mem_mib,pod=workload-cloud-6f545f89ff-j9z8z,37.703125
1783744636,mem_mib,pod=workload-cloud-6f545f89ff-j9z8z,37.703125
1783744646,mem_mib,pod=workload-cloud-6f545f89ff-j9z8z,37.55859375
1783744656,mem_mib,pod=workload-cloud-6f545f89ff-j9z8z,37.0703125
1783744666,mem_mib,pod=workload-cloud-6f545f89ff-j9z8z,37.0703125
1783744676,mem_mib,pod=workload-cloud-6f545f89ff-j9z8z,37.07421875
1783744686,mem_mib,pod=workload-cloud-6f545f89ff-j9z8z,37.078125
1783744696,mem_mib,pod=workload-cloud-6f545f89ff-j9z8z,37.078125
1783744706,mem_mib,pod=workload-cloud-6f545f89ff-j9z8z,37.08203125
1783744716,mem_mib,pod=workload-cloud-6f545f89ff-j9z8z,37.5859375
1783744726,mem_mib,pod=workload-cloud-6f545f89ff-j9z8z,37.5859375
1783744736,mem_mib,pod=workload-cloud-6f545f89ff-j9z8z,37.3359375
1783744746,mem_mib,pod=workload-cloud-6f545f89ff-j9z8z,37.3359375
1783744756,mem_mib,pod=workload-cloud-6f545f89ff-j9z8z,37.08984375
1783744766,mem_mib,pod=workload-cloud-6f545f89ff-j9z8z,37.34375
1783744776,mem_mib,pod=workload-cloud-6f545f89ff-j9z8z,37.34375
1783744786,mem_mib,pod=workload-cloud-6f545f89ff-j9z8z,37.33984375
1783744796,mem_mib,pod=workload-cloud-6f545f89ff-j9z8z,37.33984375
1783744806,mem_mib,pod=workload-cloud-6f545f89ff-j9z8z,37.34765625
1783744816,mem_mib,pod=workload-cloud-6f545f89ff-j9z8z,37.09375
1783744826,mem_mib,pod=workload-cloud-6f545f89ff-j9z8z,37.09375
1783744836,mem_mib,pod=workload-cloud-6f545f89ff-j9z8z,37.04296875
1783744846,mem_mib,pod=workload-cloud-6f545f89ff-j9z8z,37.04296875
1783744856,mem_mib,pod=workload-cloud-6f545f89ff-j9z8z,37.04296875
1783744866,mem_mib,pod=workload-cloud-6f545f89ff-j9z8z,37.04296875
1783744876,mem_mib,pod=workload-cloud-6f545f89ff-j9z8z,37.04296875
1783744886,mem_mib,pod=workload-cloud-6f545f89ff-j9z8z,37.04296875
1783744896,mem_mib,pod=workload-cloud-6f545f89ff-j9z8z,37.04296875
1783744486,mem_mib,pod=workload-cloud-6f545f89ff-mqpz2,2.83203125
1783744496,mem_mib,pod=workload-cloud-6f545f89ff-mqpz2,2.83203125
1783744506,mem_mib,pod=workload-cloud-6f545f89ff-mqpz2,35.1484375
1783744516,mem_mib,pod=workload-cloud-6f545f89ff-mqpz2,35.16015625
1783744526,mem_mib,pod=workload-cloud-6f545f89ff-mqpz2,35.16015625
1783744536,mem_mib,pod=workload-cloud-6f545f89ff-mqpz2,35.17578125
1783744546,mem_mib,pod=workload-cloud-6f545f89ff-mqpz2,35.17578125
1783744556,mem_mib,pod=workload-cloud-6f545f89ff-mqpz2,35.1796875
1783744566,mem_mib,pod=workload-cloud-6f545f89ff-mqpz2,35.1796875
1783744576,mem_mib,pod=workload-cloud-6f545f89ff-mqpz2,35.203125
1783744586,mem_mib,pod=workload-cloud-6f545f89ff-mqpz2,35.203125
1783744596,mem_mib,pod=workload-cloud-6f545f89ff-mqpz2,35.203125
1783744606,mem_mib,pod=workload-cloud-6f545f89ff-mqpz2,35.19921875
1783744616,mem_mib,pod=workload-cloud-6f545f89ff-mqpz2,35.19921875
1783744626,mem_mib,pod=workload-cloud-6f545f89ff-mqpz2,35.21875
1783744636,mem_mib,pod=workload-cloud-6f545f89ff-mqpz2,35.21484375
1783744646,mem_mib,pod=workload-cloud-6f545f89ff-mqpz2,35.21484375
1783744656,mem_mib,pod=workload-cloud-6f545f89ff-mqpz2,35.21484375
1783744666,mem_mib,pod=workload-cloud-6f545f89ff-mqpz2,35.22265625
1783744676,mem_mib,pod=workload-cloud-6f545f89ff-mqpz2,35.22265625
1783744686,mem_mib,pod=workload-cloud-6f545f89ff-mqpz2,35.23046875
1783744696,mem_mib,pod=workload-cloud-6f545f89ff-mqpz2,35.2265625
1783744706,mem_mib,pod=workload-cloud-6f545f89ff-mqpz2,35.2265625
1783744716,mem_mib,pod=workload-cloud-6f545f89ff-mqpz2,35.2265625
1783744726,mem_mib,pod=workload-cloud-6f545f89ff-mqpz2,35.24609375
1783744736,mem_mib,pod=workload-cloud-6f545f89ff-mqpz2,35.2421875
1783744746,mem_mib,pod=workload-cloud-6f545f89ff-mqpz2,35.2421875
1783744756,mem_mib,pod=workload-cloud-6f545f89ff-mqpz2,35.24609375
1783744766,mem_mib,pod=workload-cloud-6f545f89ff-mqpz2,35.24609375
1783744776,mem_mib,pod=workload-cloud-6f545f89ff-mqpz2,35.25390625
1783744786,mem_mib,pod=workload-cloud-6f545f89ff-mqpz2,35.25390625
1783744796,mem_mib,pod=workload-cloud-6f545f89ff-mqpz2,35.25390625
1783744806,mem_mib,pod=workload-cloud-6f545f89ff-mqpz2,35.25390625
1783744816,mem_mib,pod=workload-cloud-6f545f89ff-mqpz2,35.2578125
1783744826,mem_mib,pod=workload-cloud-6f545f89ff-mqpz2,35.2578125
1783744836,mem_mib,pod=workload-cloud-6f545f89ff-mqpz2,35.2578125
1783744846,mem_mib,pod=workload-cloud-6f545f89ff-mqpz2,35.25390625
1783744856,mem_mib,pod=workload-cloud-6f545f89ff-mqpz2,35.25390625
1783744866,mem_mib,pod=workload-cloud-6f545f89ff-mqpz2,35.25390625
1783744876,mem_mib,pod=workload-cloud-6f545f89ff-mqpz2,35.25390625
1783744886,mem_mib,pod=workload-cloud-6f545f89ff-mqpz2,35.2578125
1783744896,mem_mib,pod=workload-cloud-6f545f89ff-mqpz2,35.2578125
1783744446,mem_mib,pod=workload-cloud-6f545f89ff-s4lzp,3.3359375
1783744456,mem_mib,pod=workload-cloud-6f545f89ff-s4lzp,3.3359375
1783744466,mem_mib,pod=workload-cloud-6f545f89ff-s4lzp,35.32421875
1783744476,mem_mib,pod=workload-cloud-6f545f89ff-s4lzp,36.60546875
1783744486,mem_mib,pod=workload-cloud-6f545f89ff-s4lzp,36.60546875
1783744496,mem_mib,pod=workload-cloud-6f545f89ff-s4lzp,36.546875
1783744506,mem_mib,pod=workload-cloud-6f545f89ff-s4lzp,36.6796875
1783744516,mem_mib,pod=workload-cloud-6f545f89ff-s4lzp,36.6796875
1783744526,mem_mib,pod=workload-cloud-6f545f89ff-s4lzp,36.68359375
1783744536,mem_mib,pod=workload-cloud-6f545f89ff-s4lzp,36.68359375
1783744546,mem_mib,pod=workload-cloud-6f545f89ff-s4lzp,36.77734375
1783744556,mem_mib,pod=workload-cloud-6f545f89ff-s4lzp,36.80078125
1783744566,mem_mib,pod=workload-cloud-6f545f89ff-s4lzp,36.80078125
1783744576,mem_mib,pod=workload-cloud-6f545f89ff-s4lzp,37.07421875
1783744586,mem_mib,pod=workload-cloud-6f545f89ff-s4lzp,37.07421875
1783744596,mem_mib,pod=workload-cloud-6f545f89ff-s4lzp,36.83984375
1783744606,mem_mib,pod=workload-cloud-6f545f89ff-s4lzp,36.83984375
1783744616,mem_mib,pod=workload-cloud-6f545f89ff-s4lzp,36.55078125
1783744626,mem_mib,pod=workload-cloud-6f545f89ff-s4lzp,36.55078125
1783744636,mem_mib,pod=workload-cloud-6f545f89ff-s4lzp,36.4609375
1783744646,mem_mib,pod=workload-cloud-6f545f89ff-s4lzp,36.4609375
1783744656,mem_mib,pod=workload-cloud-6f545f89ff-s4lzp,36.46875
1783744666,mem_mib,pod=workload-cloud-6f545f89ff-s4lzp,36.46875
1783744676,mem_mib,pod=workload-cloud-6f545f89ff-s4lzp,36.46875
1783744686,mem_mib,pod=workload-cloud-6f545f89ff-s4lzp,36.46875
1783744696,mem_mib,pod=workload-cloud-6f545f89ff-s4lzp,36.46484375
1783744706,mem_mib,pod=workload-cloud-6f545f89ff-s4lzp,36.46875
1783744716,mem_mib,pod=workload-cloud-6f545f89ff-s4lzp,36.46875
1783744726,mem_mib,pod=workload-cloud-6f545f89ff-s4lzp,36.46484375
1783744736,mem_mib,pod=workload-cloud-6f545f89ff-s4lzp,36.46484375
1783744746,mem_mib,pod=workload-cloud-6f545f89ff-s4lzp,36.46484375
1783744756,mem_mib,pod=workload-cloud-6f545f89ff-s4lzp,36.46484375
1783744766,mem_mib,pod=workload-cloud-6f545f89ff-s4lzp,36.46875
1783744776,mem_mib,pod=workload-cloud-6f545f89ff-s4lzp,36.46875
1783744786,mem_mib,pod=workload-cloud-6f545f89ff-s4lzp,36.46875
1783744796,mem_mib,pod=workload-cloud-6f545f89ff-s4lzp,36.46875
1783744806,mem_mib,pod=workload-cloud-6f545f89ff-s4lzp,36.46875
1783744816,mem_mib,pod=workload-cloud-6f545f89ff-s4lzp,36.46875
1783744826,mem_mib,pod=workload-cloud-6f545f89ff-s4lzp,36.46875
1783744836,mem_mib,pod=workload-cloud-6f545f89ff-s4lzp,36.46875
1783744846,mem_mib,pod=workload-cloud-6f545f89ff-s4lzp,36.46875
1783744856,mem_mib,pod=workload-cloud-6f545f89ff-s4lzp,36.46875
1783744866,mem_mib,pod=workload-cloud-6f545f89ff-s4lzp,36.46484375
1783744396,mem_mib,pod=workload-cloud-6f545f89ff-wffrv,3.5078125
1783744406,mem_mib,pod=workload-cloud-6f545f89ff-wffrv,3.5078125
1783744416,mem_mib,pod=workload-cloud-6f545f89ff-wffrv,35.20703125
1783744426,mem_mib,pod=workload-cloud-6f545f89ff-wffrv,35.55078125
1783744436,mem_mib,pod=workload-cloud-6f545f89ff-wffrv,35.6796875
1783744446,mem_mib,pod=workload-cloud-6f545f89ff-wffrv,35.6796875
1783744456,mem_mib,pod=workload-cloud-6f545f89ff-wffrv,37.11328125
1783744466,mem_mib,pod=workload-cloud-6f545f89ff-wffrv,37.421875
1783744476,mem_mib,pod=workload-cloud-6f545f89ff-wffrv,37.421875
1783744486,mem_mib,pod=workload-cloud-6f545f89ff-wffrv,38.85546875
1783744496,mem_mib,pod=workload-cloud-6f545f89ff-wffrv,38.73046875
1783744506,mem_mib,pod=workload-cloud-6f545f89ff-wffrv,38.73046875
1783744516,mem_mib,pod=workload-cloud-6f545f89ff-wffrv,38.72265625
1783744526,mem_mib,pod=workload-cloud-6f545f89ff-wffrv,38.72265625
1783744536,mem_mib,pod=workload-cloud-6f545f89ff-wffrv,38.7890625
1783744546,mem_mib,pod=workload-cloud-6f545f89ff-wffrv,38.98828125
1783744556,mem_mib,pod=workload-cloud-6f545f89ff-wffrv,38.98828125
1783744566,mem_mib,pod=workload-cloud-6f545f89ff-wffrv,38.90625
1783744576,mem_mib,pod=workload-cloud-6f545f89ff-wffrv,38.90625
1783744586,mem_mib,pod=workload-cloud-6f545f89ff-wffrv,39.1953125
1783744596,mem_mib,pod=workload-cloud-6f545f89ff-wffrv,39.2109375
1783744606,mem_mib,pod=workload-cloud-6f545f89ff-wffrv,39.2109375
1783744616,mem_mib,pod=workload-cloud-6f545f89ff-wffrv,38.46484375
1783744626,mem_mib,pod=workload-cloud-6f545f89ff-wffrv,38.34375
1783744636,mem_mib,pod=workload-cloud-6f545f89ff-wffrv,38.34375
1783744646,mem_mib,pod=workload-cloud-6f545f89ff-wffrv,37.875
1783744656,mem_mib,pod=workload-cloud-6f545f89ff-wffrv,37.875
1783744666,mem_mib,pod=workload-cloud-6f545f89ff-wffrv,38.34765625
1783744676,mem_mib,pod=workload-cloud-6f545f89ff-wffrv,37.83203125
1783744686,mem_mib,pod=workload-cloud-6f545f89ff-wffrv,37.8359375
1783744696,mem_mib,pod=workload-cloud-6f545f89ff-wffrv,37.8359375
1783744706,mem_mib,pod=workload-cloud-6f545f89ff-wffrv,38.1171875
1783744716,mem_mib,pod=workload-cloud-6f545f89ff-wffrv,38.12109375
1783744726,mem_mib,pod=workload-cloud-6f545f89ff-wffrv,38.12109375
1783744736,mem_mib,pod=workload-cloud-6f545f89ff-wffrv,38.11328125
1783744746,mem_mib,pod=workload-cloud-6f545f89ff-wffrv,38.11328125
1783744756,mem_mib,pod=workload-cloud-6f545f89ff-wffrv,38.1171875
1783744766,mem_mib,pod=workload-cloud-6f545f89ff-wffrv,37.87109375
1783744776,mem_mib,pod=workload-cloud-6f545f89ff-wffrv,37.87109375
1783744786,mem_mib,pod=workload-cloud-6f545f89ff-wffrv,37.8671875
1783744796,mem_mib,pod=workload-cloud-6f545f89ff-wffrv,38.125
1783744806,mem_mib,pod=workload-cloud-6f545f89ff-wffrv,37.87890625
1783744816,mem_mib,pod=workload-cloud-6f545f89ff-wffrv,37.87890625
1783744826,mem_mib,pod=workload-cloud-6f545f89ff-wffrv,37.796875
1783744836,mem_mib,pod=workload-cloud-6f545f89ff-wffrv,37.796875
1783744846,mem_mib,pod=workload-cloud-6f545f89ff-wffrv,37.79296875
1783744856,mem_mib,pod=workload-cloud-6f545f89ff-wffrv,37.796875
1783744866,mem_mib,pod=workload-cloud-6f545f89ff-wffrv,37.796875
1783744876,mem_mib,pod=workload-cloud-6f545f89ff-wffrv,37.796875
1783744886,mem_mib,pod=workload-cloud-6f545f89ff-wffrv,37.79296875
1783744896,mem_mib,pod=workload-cloud-6f545f89ff-wffrv,37.796875
1783744256,mem_mib,pod=workload-edge-7b875fd8c6-pxwvc,36.05859375
1783744266,mem_mib,pod=workload-edge-7b875fd8c6-pxwvc,36.05859375
1783744276,mem_mib,pod=workload-edge-7b875fd8c6-pxwvc,36.05859375
1783744286,mem_mib,pod=workload-edge-7b875fd8c6-pxwvc,36.05859375
1783744296,mem_mib,pod=workload-edge-7b875fd8c6-pxwvc,36.05859375
1783744306,mem_mib,pod=workload-edge-7b875fd8c6-pxwvc,36.05859375
1783744316,mem_mib,pod=workload-edge-7b875fd8c6-pxwvc,36.05859375
1783744326,mem_mib,pod=workload-edge-7b875fd8c6-pxwvc,36.05859375
1783744336,mem_mib,pod=workload-edge-7b875fd8c6-pxwvc,36.05859375
1783744346,mem_mib,pod=workload-edge-7b875fd8c6-pxwvc,36.05859375
1783744356,mem_mib,pod=workload-edge-7b875fd8c6-pxwvc,36.05859375
1783744366,mem_mib,pod=workload-edge-7b875fd8c6-pxwvc,36.05859375
1783744376,mem_mib,pod=workload-edge-7b875fd8c6-pxwvc,36.05859375
1783744386,mem_mib,pod=workload-edge-7b875fd8c6-pxwvc,36.05859375
1783744396,mem_mib,pod=workload-edge-7b875fd8c6-pxwvc,36.05859375
1783744406,mem_mib,pod=workload-edge-7b875fd8c6-pxwvc,36.05859375
1783744416,mem_mib,pod=workload-edge-7b875fd8c6-pxwvc,36.05859375
1783744426,mem_mib,pod=workload-edge-7b875fd8c6-pxwvc,36.05859375
1783744436,mem_mib,pod=workload-edge-7b875fd8c6-pxwvc,36.05859375
1783744446,mem_mib,pod=workload-edge-7b875fd8c6-pxwvc,36.05859375
1783744456,mem_mib,pod=workload-edge-7b875fd8c6-pxwvc,36.05859375
1783744466,mem_mib,pod=workload-edge-7b875fd8c6-pxwvc,36.05859375
1783744476,mem_mib,pod=workload-edge-7b875fd8c6-pxwvc,36.0546875
1783744486,mem_mib,pod=workload-edge-7b875fd8c6-pxwvc,36.0546875
1783744496,mem_mib,pod=workload-edge-7b875fd8c6-pxwvc,36.05859375
1783744506,mem_mib,pod=workload-edge-7b875fd8c6-pxwvc,36.05859375
1783744516,mem_mib,pod=workload-edge-7b875fd8c6-pxwvc,36.05859375
1783744526,mem_mib,pod=workload-edge-7b875fd8c6-pxwvc,36.05859375
1783744536,mem_mib,pod=workload-edge-7b875fd8c6-pxwvc,36.05859375
1783744546,mem_mib,pod=workload-edge-7b875fd8c6-pxwvc,36.05859375
1783744556,mem_mib,pod=workload-edge-7b875fd8c6-pxwvc,36.05859375
1783744566,mem_mib,pod=workload-edge-7b875fd8c6-pxwvc,36.05859375
1783744576,mem_mib,pod=workload-edge-7b875fd8c6-pxwvc,36.05859375
1783744586,mem_mib,pod=workload-edge-7b875fd8c6-pxwvc,36.05859375
1783744596,mem_mib,pod=workload-edge-7b875fd8c6-pxwvc,36.05859375
1783744606,mem_mib,pod=workload-edge-7b875fd8c6-pxwvc,36.05859375
1783744616,mem_mib,pod=workload-edge-7b875fd8c6-pxwvc,36.05859375
1783744626,mem_mib,pod=workload-edge-7b875fd8c6-pxwvc,36.05859375
1783744636,mem_mib,pod=workload-edge-7b875fd8c6-pxwvc,36.05859375
1783744646,mem_mib,pod=workload-edge-7b875fd8c6-pxwvc,36.05859375
1783744656,mem_mib,pod=workload-edge-7b875fd8c6-pxwvc,36.05859375
1783744666,mem_mib,pod=workload-edge-7b875fd8c6-pxwvc,36.05859375
1783744676,mem_mib,pod=workload-edge-7b875fd8c6-pxwvc,36.0625
1783744686,mem_mib,pod=workload-edge-7b875fd8c6-pxwvc,36.05859375
1783744696,mem_mib,pod=workload-edge-7b875fd8c6-pxwvc,36.05859375
1783744706,mem_mib,pod=workload-edge-7b875fd8c6-pxwvc,36.05859375
1783744716,mem_mib,pod=workload-edge-7b875fd8c6-pxwvc,36.05859375
1783744726,mem_mib,pod=workload-edge-7b875fd8c6-pxwvc,36.05859375
1783744736,mem_mib,pod=workload-edge-7b875fd8c6-pxwvc,36.05859375
1783744746,mem_mib,pod=workload-edge-7b875fd8c6-pxwvc,36.05859375
1783744756,mem_mib,pod=workload-edge-7b875fd8c6-pxwvc,36.05859375
1783744766,mem_mib,pod=workload-edge-7b875fd8c6-pxwvc,36.05859375
1783744776,mem_mib,pod=workload-edge-7b875fd8c6-pxwvc,36.05859375
1783744786,mem_mib,pod=workload-edge-7b875fd8c6-pxwvc,36.05859375
1783744796,mem_mib,pod=workload-edge-7b875fd8c6-pxwvc,36.05859375
1783744806,mem_mib,pod=workload-edge-7b875fd8c6-pxwvc,36.05859375
1783744816,mem_mib,pod=workload-edge-7b875fd8c6-pxwvc,36.05859375
1783744826,mem_mib,pod=workload-edge-7b875fd8c6-pxwvc,36.05859375
1783744836,mem_mib,pod=workload-edge-7b875fd8c6-pxwvc,36.05859375
1783744846,mem_mib,pod=workload-edge-7b875fd8c6-pxwvc,36.05859375
1783744856,mem_mib,pod=workload-edge-7b875fd8c6-pxwvc,36.05859375
1783744866,mem_mib,pod=workload-edge-7b875fd8c6-pxwvc,36.05859375
1783744876,mem_mib,pod=workload-edge-7b875fd8c6-pxwvc,36.05859375
1783744886,mem_mib,pod=workload-edge-7b875fd8c6-pxwvc,36.05859375
1783744896,mem_mib,pod=workload-edge-7b875fd8c6-pxwvc,36.05859375
1783744256,rps,tier=cloud,0.0
1783744266,rps,tier=cloud,1.8000832040002002
1783744276,rps,tier=cloud,7.7203996214331845
1783744286,rps,tier=cloud,17.600507616376575
1783744296,rps,tier=cloud,31.481259250370016
1783744306,rps,tier=cloud,49.36296177770667
1783744316,rps,tier=cloud,69.50139002780057
1783744326,rps,tier=cloud,89.60358414336574
1783744336,rps,tier=cloud,108.90659724316805
1783744346,rps,tier=cloud,127.84511380455217
1783744356,rps,tier=cloud,145.94875692541552
1783744366,rps,tier=cloud,162.98984065931162
1783744376,rps,tier=cloud,178.82780467059342
1783744386,rps,tier=cloud,198.74858529103292
1783744396,rps,tier=cloud,216.65222321063976
1783744406,rps,tier=cloud,233.9183166810457
1783744416,rps,tier=cloud,250.3103093397614
1783744426,rps,tier=cloud,275.175491910192
1783744436,rps,tier=cloud,292.03383709702763
1783744446,rps,tier=cloud,316.2535893875213
1783744456,rps,tier=cloud,400.20584878632906
1783744466,rps,tier=cloud,578.877810023746
1783744476,rps,tier=cloud,795.3574196329853
1783744486,rps,tier=cloud,1024.1498050744235
1783744496,rps,tier=cloud,1239.2425135456779
1783744506,rps,tier=cloud,1393.0104014289714
1783744516,rps,tier=cloud,1477.695523284533
1783744526,rps,tier=cloud,1495.8824220977156
1783744536,rps,tier=cloud,1495.360510810127
1783744546,rps,tier=cloud,1499.59998399936
1783744556,rps,tier=cloud,1497.5139886119775
1783744566,rps,tier=cloud,1500.2287153969453
1783744576,rps,tier=cloud,1497.091748381818
1783744586,rps,tier=cloud,1501.0918336360003
1783744596,rps,tier=cloud,1490.8532918774624
1783744606,rps,tier=cloud,1434.4354905064056
1783744616,rps,tier=cloud,1298.9577689387334
1783744626,rps,tier=cloud,1094.2673979718086
1783744636,rps,tier=cloud,863.1065402090634
1783744646,rps,tier=cloud,644.285348388606
1783744656,rps,tier=cloud,472.46468533461825
1783744666,rps,tier=cloud,378.41698879067826
1783744676,rps,tier=cloud,355.2822988918686
1783744686,rps,tier=cloud,353.6389210586368
1783744696,rps,tier=cloud,353.6315632108874
1783744706,rps,tier=cloud,353.72650663348077
1783744716,rps,tier=cloud,353.39928869600766
1783744726,rps,tier=cloud,354.52069601875223
1783744736,rps,tier=cloud,356.46846983831244
1783744746,rps,tier=cloud,357.1606648092954
1783744756,rps,tier=cloud,357.7016614355578
1783744766,rps,tier=cloud,357.6094522963471
1783744776,rps,tier=cloud,356.8512827914865
1783744786,rps,tier=cloud,354.79218127008386
1783744796,rps,tier=cloud,352.5868589524437
1783744806,rps,tier=cloud,350.7806537560397
1783744816,rps,tier=cloud,333.7020371033935
1783744826,rps,tier=cloud,291.09933213439103
1783744836,rps,tier=cloud,225.89328478633476
1783744846,rps,tier=cloud,156.32640866568318
1783744856,rps,tier=cloud,87.12032563750432
1783744866,rps,tier=cloud,33.321174854602965
1783744876,rps,tier=cloud,5.080203208128324
1783744886,rps,tier=cloud,0.0
1783744896,rps,tier=cloud,0.0
1783744266,lat50_ms,tier=cloud,1.6428572077949823
1783744276,lat50_ms,tier=cloud,1.5956790534827148
1783744286,lat50_ms,tier=cloud,1.735785710925923
1783744296,lat50_ms,tier=cloud,1.9357907253269917
1783744306,lat50_ms,tier=cloud,2.3549160671462825
1783744316,lat50_ms,tier=cloud,2.565626681011297
1783744326,lat50_ms,tier=cloud,2.6097464342313783
1783744336,lat50_ms,tier=cloud,2.972878108418867
1783744346,lat50_ms,tier=cloud,3.245956667683858
1783744356,lat50_ms,tier=cloud,3.6735608909459057
1783744366,lat50_ms,tier=cloud,4.092809583853569
1783744376,lat50_ms,tier=cloud,4.561648501745804
1783744386,lat50_ms,tier=cloud,4.881178235374244
1783744396,lat50_ms,tier=cloud,5.55710394110803
1783744406,lat50_ms,tier=cloud,6.013083154725909
1783744416,lat50_ms,tier=cloud,6.920825517372754
1783744426,lat50_ms,tier=cloud,7.236106529411506
1783744436,lat50_ms,tier=cloud,7.832199028272485
1783744446,lat50_ms,tier=cloud,8.17646945936113
1783744456,lat50_ms,tier=cloud,9.191060824404811
1783744466,lat50_ms,tier=cloud,10.259242183750949
1783744476,lat50_ms,tier=cloud,12.931976720784213
1783744486,lat50_ms,tier=cloud,15.314919285678352
1783744496,lat50_ms,tier=cloud,17.756302088518304
1783744506,lat50_ms,tier=cloud,19.38877484040233
1783744516,lat50_ms,tier=cloud,21.486683539836022
1783744526,lat50_ms,tier=cloud,22.841744563077533
1783744536,lat50_ms,tier=cloud,24.257605792972065
1783744546,lat50_ms,tier=cloud,25.294011687723856
1783744556,lat50_ms,tier=cloud,26.087653115666313
1783744566,lat50_ms,tier=cloud,26.71894003105877
1783744576,lat50_ms,tier=cloud,27.341848026572467
1783744586,lat50_ms,tier=cloud,27.185423149230722
1783744596,lat50_ms,tier=cloud,27.210494861159454
1783744606,lat50_ms,tier=cloud,26.15505835162679
1783744616,lat50_ms,tier=cloud,25.3592260306724
1783744626,lat50_ms,tier=cloud,24.164530871429207
1783744636,lat50_ms,tier=cloud,23.126173681817814
1783744646,lat50_ms,tier=cloud,21.541540422041912
1783744656,lat50_ms,tier=cloud,19.8089392363753
1783744666,lat50_ms,tier=cloud,18.69715927224046
1783744676,lat50_ms,tier=cloud,17.305098754119737
1783744686,lat50_ms,tier=cloud,15.731029396567887
1783744696,lat50_ms,tier=cloud,13.902136126046502
1783744706,lat50_ms,tier=cloud,11.889193657805576
1783744716,lat50_ms,tier=cloud,10.662130387590324
1783744726,lat50_ms,tier=cloud,9.43635730503099
1783744736,lat50_ms,tier=cloud,9.39711607551481
1783744746,lat50_ms,tier=cloud,9.604774954331635
1783744756,lat50_ms,tier=cloud,9.871660164637293
1783744766,lat50_ms,tier=cloud,9.746273138516838
1783744776,lat50_ms,tier=cloud,10.027324011337306
1783744786,lat50_ms,tier=cloud,10.07025794650939
1783744796,lat50_ms,tier=cloud,10.15175866386137
1783744806,lat50_ms,tier=cloud,10.107280474187274
1783744816,lat50_ms,tier=cloud,8.842989476180728
1783744826,lat50_ms,tier=cloud,7.934468161335122
1783744836,lat50_ms,tier=cloud,7.713564075372838
1783744846,lat50_ms,tier=cloud,8.047682364532342
1783744856,lat50_ms,tier=cloud,8.012353344223708
1783744866,lat50_ms,tier=cloud,7.745757152289111
1783744876,lat50_ms,tier=cloud,7.300997775000687
1783744886,lat50_ms,tier=cloud,6.840191555923488
1783744896,lat50_ms,tier=cloud,5.747077254975796
1783744266,lat95_ms,tier=cloud,4.32500023864645
1783744276,lat95_ms,tier=cloud,4.066129369281967
1783744286,lat95_ms,tier=cloud,5.319145517192155
1783744296,lat95_ms,tier=cloud,6.665254237288134
1783744306,lat95_ms,tier=cloud,5.290076335877859
1783744316,lat95_ms,tier=cloud,6.747262773722633
1783744326,lat95_ms,tier=cloud,7.1172985781990485
1783744336,lat95_ms,tier=cloud,9.434339537949219
1783744346,lat95_ms,tier=cloud,13.234154929577462
1783744356,lat95_ms,tier=cloud,16.538604305864872
1783744366,lat95_ms,tier=cloud,17.64331500528809
1783744376,lat95_ms,tier=cloud,18.2000381389157
1783744386,lat95_ms,tier=cloud,18.38456766147602
1783744396,lat95_ms,tier=cloud,18.48333260067626
1783744406,lat95_ms,tier=cloud,18.601797465489437
1783744416,lat95_ms,tier=cloud,18.818479553975376
1783744426,lat95_ms,tier=cloud,18.875289667469765
1783744436,lat95_ms,tier=cloud,19.05848396009498
1783744446,lat95_ms,tier=cloud,19.366756059225782
1783744456,lat95_ms,tier=cloud,35.30582042867815
1783744466,lat95_ms,tier=cloud,42.336454747456834
1783744476,lat95_ms,tier=cloud,48.69619515683324
1783744486,lat95_ms,tier=cloud,51.15033333256455
1783744496,lat95_ms,tier=cloud,56.87679672353621
1783744506,lat95_ms,tier=cloud,59.32413260946884
1783744516,lat95_ms,tier=cloud,61.007323081052746
1783744526,lat95_ms,tier=cloud,61.83561691231783
1783744536,lat95_ms,tier=cloud,62.53504361717181
1783744546,lat95_ms,tier=cloud,63.119427508560726
1783744556,lat95_ms,tier=cloud,63.8848865104312
1783744566,lat95_ms,tier=cloud,64.40315717142542
1783744576,lat95_ms,tier=cloud,65.27182473026504
1783744586,lat95_ms,tier=cloud,64.8398747310137
1783744596,lat95_ms,tier=cloud,65.09575028476321
1783744606,lat95_ms,tier=cloud,64.34065955764396
1783744616,lat95_ms,tier=cloud,63.698497902553065
1783744626,lat95_ms,tier=cloud,63.09180527834609
1783744636,lat95_ms,tier=cloud,62.620519242001656
1783744646,lat95_ms,tier=cloud,61.91040626517637
1783744656,lat95_ms,tier=cloud,60.86223264643398
1783744666,lat95_ms,tier=cloud,58.47086508050825
1783744676,lat95_ms,tier=cloud,55.899906890803415
1783744686,lat95_ms,tier=cloud,49.49294886872186
1783744696,lat95_ms,tier=cloud,48.08864109795005
1783744706,lat95_ms,tier=cloud,42.77243205448765
1783744716,lat95_ms,tier=cloud,38.11807314905623
1783744726,lat95_ms,tier=cloud,30.304812423927125
1783744736,lat95_ms,tier=cloud,27.249852977938374
1783744746,lat95_ms,tier=cloud,28.097668905659955
1783744756,lat95_ms,tier=cloud,27.865805807248698
1783744766,lat95_ms,tier=cloud,29.165101200539258
1783744776,lat95_ms,tier=cloud,28.731230584658533
1783744786,lat95_ms,tier=cloud,29.033773444200904
1783744796,lat95_ms,tier=cloud,31.13398825720734
1783744806,lat95_ms,tier=cloud,30.87762010483687
1783744816,lat95_ms,tier=cloud,29.45075696569233
1783744826,lat95_ms,tier=cloud,28.240311505620834
1783744836,lat95_ms,tier=cloud,29.437004175267926
1783744846,lat95_ms,tier=cloud,30.999332983721978
1783744856,lat95_ms,tier=cloud,31.85955598468733
1783744866,lat95_ms,tier=cloud,32.72435976183055
1783744876,lat95_ms,tier=cloud,31.464685566515627
1783744886,lat95_ms,tier=cloud,31.412564762560358
1783744896,lat95_ms,tier=cloud,28.902896863020466
1783744266,lat99_ms,tier=cloud,4.865000047729291
1783744276,lat99_ms,tier=cloud,4.813225873856394
1783744286,lat99_ms,tier=cloud,9.06382910343843
1783744296,lat99_ms,tier=cloud,9.333050847457624
1783744306,lat99_ms,tier=cloud,9.058015267175572
1783744316,lat99_ms,tier=cloud,9.349452554744524
1783744326,lat99_ms,tier=cloud,9.423459715639808
1783744336,lat99_ms,tier=cloud,17.474367775632647
1783744346,lat99_ms,tier=cloud,18.844014084507048
1783744356,lat99_ms,tier=cloud,19.43838158871566
1783744366,lat99_ms,tier=cloud,19.644852637649443
1783744376,lat99_ms,tier=cloud,19.748268103116445
1783744386,lat99_ms,tier=cloud,19.774751488180765
1783744396,lat99_ms,tier=cloud,19.797562151646858
1783744406,lat99_ms,tier=cloud,19.83655232375302
1783744416,lat99_ms,tier=cloud,19.904517753981057
1783744426,lat99_ms,tier=cloud,19.917575261689834
1783744436,lat99_ms,tier=cloud,25.327730251674506
1783744446,lat99_ms,tier=cloud,37.628404721500694
1783744456,lat99_ms,tier=cloud,47.06116408573565
1783744466,lat99_ms,tier=cloud,48.79138281989287
1783744476,lat99_ms,tier=cloud,68.51382483395457
1783744486,lat99_ms,tier=cloud,70.25806315562829
1783744496,lat99_ms,tier=cloud,71.47342749292551
1783744506,lat99_ms,tier=cloud,71.94122600735076
1783744516,lat99_ms,tier=cloud,72.26185354630007
1783744526,lat99_ms,tier=cloud,72.42165998869183
1783744536,lat99_ms,tier=cloud,72.55539492053447
1783744546,lat99_ms,tier=cloud,72.67293229538268
1783744556,lat99_ms,tier=cloud,72.82656986530817
1783744566,lat99_ms,tier=cloud,72.93199029387758
1783744576,lat99_ms,tier=cloud,73.1040805156309
1783744586,lat99_ms,tier=cloud,73.01560343975292
1783744596,lat99_ms,tier=cloud,73.06473244440014
1783744606,lat99_ms,tier=cloud,72.89459394017523
1783744616,lat99_ms,tier=cloud,72.76781085614365
1783744626,lat99_ms,tier=cloud,72.65008400955762
1783744636,lat99_ms,tier=cloud,72.55693477301138
1783744646,lat99_ms,tier=cloud,72.41831938492805
1783744656,lat99_ms,tier=cloud,72.20536156358965
1783744666,lat99_ms,tier=cloud,71.72096471025218
1783744676,lat99_ms,tier=cloud,71.19398201907606
1783744686,lat99_ms,tier=cloud,69.37410967705478
1783744696,lat99_ms,tier=cloud,67.3964693059969
1783744706,lat99_ms,tier=cloud,49.052916254114386
1783744716,lat99_ms,tier=cloud,47.64059376034066
1783744726,lat99_ms,tier=cloud,46.060962484785435
1783744736,lat99_ms,tier=cloud,45.44997059558769
1783744746,lat99_ms,tier=cloud,45.61953378113201
1783744756,lat99_ms,tier=cloud,45.573161161449754
1783744766,lat99_ms,tier=cloud,45.833020240107835
1783744776,lat99_ms,tier=cloud,45.74624611693169
1783744786,lat99_ms,tier=cloud,45.80675468884017
1783744796,lat99_ms,tier=cloud,46.2267976514415
1783744806,lat99_ms,tier=cloud,46.1755240209674
1783744816,lat99_ms,tier=cloud,45.89015139313848
1783744826,lat99_ms,tier=cloud,45.648062301124185
1783744836,lat99_ms,tier=cloud,45.88740083505362
1783744846,lat99_ms,tier=cloud,46.19986659674437
1783744856,lat99_ms,tier=cloud,46.371911196937454
1783744866,lat99_ms,tier=cloud,46.54487195236609
1783744876,lat99_ms,tier=cloud,46.29293711330314
1783744886,lat99_ms,tier=cloud,46.28251295251205
1783744896,lat99_ms,tier=cloud,45.780579372604116
1783744256,inflight,tier=cloud,0.0
1783744266,inflight,tier=cloud,0.0
1783744276,inflight,tier=cloud,0.0
1783744286,inflight,tier=cloud,0.0
1783744296,inflight,tier=cloud,0.0
1783744306,inflight,tier=cloud,0.0
1783744316,inflight,tier=cloud,0.0
1783744326,inflight,tier=cloud,0.0
1783744336,inflight,tier=cloud,0.0
1783744346,inflight,tier=cloud,0.0
1783744356,inflight,tier=cloud,0.0
1783744366,inflight,tier=cloud,0.0
1783744376,inflight,tier=cloud,0.0
1783744386,inflight,tier=cloud,0.0
1783744396,inflight,tier=cloud,0.0
1783744406,inflight,tier=cloud,0.0
1783744416,inflight,tier=cloud,0.0
1783744426,inflight,tier=cloud,0.0
1783744436,inflight,tier=cloud,0.0
1783744446,inflight,tier=cloud,0.0
1783744456,inflight,tier=cloud,13.0
1783744466,inflight,tier=cloud,40.0
1783744476,inflight,tier=cloud,17.0
1783744486,inflight,tier=cloud,33.0
1783744496,inflight,tier=cloud,12.0
1783744506,inflight,tier=cloud,0.0
1783744516,inflight,tier=cloud,2.0
1783744526,inflight,tier=cloud,16.0
1783744536,inflight,tier=cloud,28.0
1783744546,inflight,tier=cloud,7.0
1783744556,inflight,tier=cloud,8.0
1783744566,inflight,tier=cloud,0.0
1783744576,inflight,tier=cloud,2.0
1783744586,inflight,tier=cloud,29.0
1783744596,inflight,tier=cloud,8.0
1783744606,inflight,tier=cloud,11.0
1783744616,inflight,tier=cloud,0.0
1783744626,inflight,tier=cloud,9.0
1783744636,inflight,tier=cloud,11.0
1783744646,inflight,tier=cloud,0.0
1783744656,inflight,tier=cloud,0.0
1783744666,inflight,tier=cloud,1.0
1783744676,inflight,tier=cloud,0.0
1783744686,inflight,tier=cloud,0.0
1783744696,inflight,tier=cloud,0.0
1783744706,inflight,tier=cloud,0.0
1783744716,inflight,tier=cloud,0.0
1783744726,inflight,tier=cloud,4.0
1783744736,inflight,tier=cloud,0.0
1783744746,inflight,tier=cloud,0.0
1783744756,inflight,tier=cloud,0.0
1783744766,inflight,tier=cloud,0.0
1783744776,inflight,tier=cloud,0.0
1783744786,inflight,tier=cloud,0.0
1783744796,inflight,tier=cloud,0.0
1783744806,inflight,tier=cloud,0.0
1783744816,inflight,tier=cloud,0.0
1783744826,inflight,tier=cloud,0.0
1783744836,inflight,tier=cloud,0.0
1783744846,inflight,tier=cloud,0.0
1783744856,inflight,tier=cloud,0.0
1783744866,inflight,tier=cloud,0.0
1783744876,inflight,tier=cloud,0.0
1783744886,inflight,tier=cloud,0.0
1783744896,inflight,tier=cloud,0.0
1783744256,inflight,tier=edge,0.0
1783744266,inflight,tier=edge,0.0
1783744276,inflight,tier=edge,0.0
1783744286,inflight,tier=edge,0.0
1783744296,inflight,tier=edge,0.0
1783744306,inflight,tier=edge,0.0
1783744316,inflight,tier=edge,0.0
1783744326,inflight,tier=edge,0.0
1783744336,inflight,tier=edge,0.0
1783744346,inflight,tier=edge,0.0
1783744356,inflight,tier=edge,0.0
1783744366,inflight,tier=edge,0.0
1783744376,inflight,tier=edge,0.0
1783744386,inflight,tier=edge,0.0
1783744396,inflight,tier=edge,0.0
1783744406,inflight,tier=edge,0.0
1783744416,inflight,tier=edge,0.0
1783744426,inflight,tier=edge,0.0
1783744436,inflight,tier=edge,0.0
1783744446,inflight,tier=edge,0.0
1783744456,inflight,tier=edge,0.0
1783744466,inflight,tier=edge,0.0
1783744476,inflight,tier=edge,0.0
1783744486,inflight,tier=edge,0.0
1783744496,inflight,tier=edge,0.0
1783744506,inflight,tier=edge,0.0
1783744516,inflight,tier=edge,0.0
1783744526,inflight,tier=edge,0.0
1783744536,inflight,tier=edge,0.0
1783744546,inflight,tier=edge,0.0
1783744556,inflight,tier=edge,0.0
1783744566,inflight,tier=edge,0.0
1783744576,inflight,tier=edge,0.0
1783744586,inflight,tier=edge,0.0
1783744596,inflight,tier=edge,0.0
1783744606,inflight,tier=edge,0.0
1783744616,inflight,tier=edge,0.0
1783744626,inflight,tier=edge,0.0
1783744636,inflight,tier=edge,0.0
1783744646,inflight,tier=edge,0.0
1783744656,inflight,tier=edge,0.0
1783744666,inflight,tier=edge,0.0
1783744676,inflight,tier=edge,0.0
1783744686,inflight,tier=edge,0.0
1783744696,inflight,tier=edge,0.0
1783744706,inflight,tier=edge,0.0
1783744716,inflight,tier=edge,0.0
1783744726,inflight,tier=edge,0.0
1783744736,inflight,tier=edge,0.0
1783744746,inflight,tier=edge,0.0
1783744756,inflight,tier=edge,0.0
1783744766,inflight,tier=edge,0.0
1783744776,inflight,tier=edge,0.0
1783744786,inflight,tier=edge,0.0
1783744796,inflight,tier=edge,0.0
1783744806,inflight,tier=edge,0.0
1783744816,inflight,tier=edge,0.0
1783744826,inflight,tier=edge,0.0
1783744836,inflight,tier=edge,0.0
1783744846,inflight,tier=edge,0.0
1783744856,inflight,tier=edge,0.0
1783744866,inflight,tier=edge,0.0
1783744876,inflight,tier=edge,0.0
1783744886,inflight,tier=edge,0.0
1783744896,inflight,tier=edge,0.0
