ts,metric,labels,value
1783664640,replicas_status,deployment=workload-cloud,1.0
1783664650,replicas_status,deployment=workload-cloud,1.0
1783664660,replicas_status,deployment=workload-cloud,1.0
1783664670,replicas_status,deployment=workload-cloud,1.0
1783664680,replicas_status,deployment=workload-cloud,1.0
1783664690,replicas_status,deployment=workload-cloud,1.0
1783664700,replicas_status,deployment=workload-cloud,1.0
1783664710,replicas_status,deployment=workload-cloud,1.0
1783664720,replicas_status,deployment=workload-cloud,1.0
1783664730,replicas_status,deployment=workload-cloud,1.0
1783664740,replicas_status,deployment=workload-cloud,1.0
1783664750,replicas_status,deployment=workload-cloud,1.0
1783664760,replicas_status,deployment=workload-cloud,1.0
1783664770,replicas_status,deployment=workload-cloud,2.0
1783664780,replicas_status,deployment=workload-cloud,2.0
1783664790,replicas_status,deployment=workload-cloud,2.0
1783664800,replicas_status,deployment=workload-cloud,2.0
1783664810,replicas_status,deployment=workload-cloud,2.0
1783664820,replicas_status,deployment=workload-cloud,2.0
1783664830,replicas_status,deployment=workload-cloud,2.0
1783664840,replicas_status,deployment=workload-cloud,3.0
1783664850,replicas_status,deployment=workload-cloud,3.0
1783664860,replicas_status,deployment=workload-cloud,3.0
1783664870,replicas_status,deployment=workload-cloud,4.0
1783664880,replicas_status,deployment=workload-cloud,4.0
1783664890,replicas_status,deployment=workload-cloud,4.0
1783664900,replicas_status,deployment=workload-cloud,5.0
1783664910,replicas_status,deployment=workload-cloud,5.0
1783664920,replicas_status,deployment=workload-cloud,5.0
1783664930,replicas_status,deployment=workload-cloud,6.0
1783664940,replicas_status,deployment=workload-cloud,6.0
1783664950,replicas_status,deployment=workload-cloud,6.0
1783664960,replicas_status,deployment=workload-cloud,6.0
1783664970,replicas_status,deployment=workload-cloud,6.0
1783664980,replicas_status,deployment=workload-cloud,6.0
1783664990,replicas_status,deployment=workload-cloud,6.0
1783665000,replicas_status,deployment=workload-cloud,6.0
1783665010,replicas_status,deployment=workload-cloud,6.0
1783665020,replicas_status,deployment=workload-cloud,6.0
1783665030,replicas_status,deployment=workload-cloud,6.0
1783665040,replicas_status,deployment=workload-cloud,6.0
1783665050,replicas_status,deployment=workload-cloud,6.0
1783665060,replicas_status,deployment=workload-cloud,6.0
1783665070,replicas_status,deployment=workload-cloud,6.0
1783665080,replicas_status,deployment=workload-cloud,6.0
1783665090,replicas_status,deployment=workload-cloud,6.0
1783665100,replicas_status,deployment=workload-cloud,6.0
1783665110,replicas_status,deployment=workload-cloud,6.0
1783665120,replicas_status,deployment=workload-cloud,6.0
1783665130,replicas_status,deployment=workload-cloud,6.0
1783665140,replicas_status,deployment=workload-cloud,6.0
1783665150,replicas_status,deployment=workload-cloud,6.0
1783665160,replicas_status,deployment=workload-cloud,6.0
1783665170,replicas_status,deployment=workload-cloud,6.0
1783665180,replicas_status,deployment=workload-cloud,6.0
1783665190,replicas_status,deployment=workload-cloud,6.0
1783665200,replicas_status,deployment=workload-cloud,6.0
1783665210,replicas_status,deployment=workload-cloud,5.0
1783665220,replicas_status,deployment=workload-cloud,5.0
1783665230,replicas_status,deployment=workload-cloud,5.0
1783665240,replicas_status,deployment=workload-cloud,5.0
1783665250,replicas_status,deployment=workload-cloud,5.0
1783665260,replicas_status,deployment=workload-cloud,5.0
1783665270,replicas_status,deployment=workload-cloud,4.0
1783664640,replicas_status,deployment=workload-edge,1.0
1783664650,replicas_status,deployment=workload-edge,1.0
1783664660,replicas_status,deployment=workload-edge,1.0
1783664670,replicas_status,deployment=workload-edge,1.0
1783664680,replicas_status,deployment=workload-edge,1.0
1783664690,replicas_status,deployment=workload-edge,1.0
1783664700,replicas_status,deployment=workload-edge,1.0
1783664710,replicas_status,deployment=workload-edge,1.0
1783664720,replicas_status,deployment=workload-edge,1.0
1783664730,replicas_status,deployment=workload-edge,1.0
1783664740,replicas_status,deployment=workload-edge,1.0
1783664750,replicas_status,deployment=workload-edge,1.0
1783664760,replicas_status,deployment=workload-edge,1.0
1783664770,replicas_status,deployment=workload-edge,1.0
1783664780,replicas_status,deployment=workload-edge,1.0
1783664790,replicas_status,deployment=workload-edge,1.0
1783664800,replicas_status,deployment=workload-edge,1.0
1783664810,replicas_status,deployment=workload-edge,1.0
1783664820,replicas_status,deployment=workload-edge,1.0
1783664830,replicas_status,deployment=workload-edge,1.0
1783664840,replicas_status,deployment=workload-edge,1.0
1783664850,replicas_status,deployment=workload-edge,1.0
1783664860,replicas_status,deployment=workload-edge,1.0
1783664870,replicas_status,deployment=workload-edge,1.0
1783664880,replicas_status,deployment=workload-edge,1.0
1783664890,replicas_status,deployment=workload-edge,1.0
1783664900,replicas_status,deployment=workload-edge,1.0
1783664910,replicas_status,deployment=workload-edge,1.0
1783664920,replicas_status,deployment=workload-edge,1.0
1783664930,replicas_status,deployment=workload-edge,1.0
1783664940,replicas_status,deployment=workload-edge,1.0
1783664950,replicas_status,deployment=workload-edge,1.0
1783664960,replicas_status,deployment=workload-edge,1.0
1783664970,replicas_status,deployment=workload-edge,1.0
1783664980,replicas_status,deployment=workload-edge,1.0
1783664990,replicas_status,deployment=workload-edge,1.0
1783665000,replicas_status,deployment=workload-edge,1.0
1783665010,replicas_status,deployment=workload-edge,1.0
1783665020,replicas_status,deployment=workload-edge,1.0
1783665030,replicas_status,deployment=workload-edge,1.0
1783665040,replicas_status,deployment=workload-edge,1.0
1783665050,replicas_status,deployment=workload-edge,1.0
1783665060,replicas_status,deployment=workload-edge,1.0
1783665070,replicas_status,deployment=workload-edge,1.0
1783665080,replicas_status,deployment=workload-edge,1.0
1783665090,replicas_status,deployment=workload-edge,1.0
1783665100,replicas_status,deployment=workload-edge,1.0
1783665110,replicas_status,deployment=workload-edge,1.0
1783665120,replicas_status,deployment=workload-edge,1.0
1783665130,replicas_status,deployment=workload-edge,1.0
1783665140,replicas_status,deployment=workload-edge,1.0
1783665150,replicas_status,deployment=workload-edge,1.0
1783665160,replicas_status,deployment=workload-edge,1.0
1783665170,replicas_status,deployment=workload-edge,1.0
1783665180,replicas_status,deployment=workload-edge,1.0
1783665190,replicas_status,deployment=workload-edge,1.0
1783665200,replicas_status,deployment=workload-edge,1.0
1783665210,replicas_status,deployment=workload-edge,1.0
1783665220,replicas_status,deployment=workload-edge,1.0
1783665230,replicas_status,deployment=workload-edge,1.0
1783665240,replicas_status,deployment=workload-edge,1.0
1783665250,replicas_status,deployment=workload-edge,1.0
1783665260,replicas_status,deployment=workload-edge,1.0
1783665270,replicas_status,deployment=workload-edge,1.0
1783664640,replicas_spec,deployment=workload-cloud,1.0
1783664650,replicas_spec,deployment=workload-cloud,1.0
1783664660,replicas_spec,deployment=workload-cloud,1.0
1783664670,replicas_spec,deployment=workload-cloud,1.0
1783664680,replicas_spec,deployment=workload-cloud,1.0
1783664690,replicas_spec,deployment=workload-cloud,1.0
1783664700,replicas_spec,deployment=workload-cloud,1.0
1783664710,replicas_spec,deployment=workload-cloud,1.0
1783664720,replicas_spec,deployment=workload-cloud,1.0
1783664730,replicas_spec,deployment=workload-cloud,1.0
1783664740,replicas_spec,deployment=workload-cloud,1.0
1783664750,replicas_spec,deployment=workload-cloud,1.0
1783664760,replicas_spec,deployment=workload-cloud,1.0
1783664770,replicas_spec,deployment=workload-cloud,2.0
1783664780,replicas_spec,deployment=workload-cloud,2.0
1783664790,replicas_spec,deployment=workload-cloud,2.0
1783664800,replicas_spec,deployment=workload-cloud,2.0
1783664810,replicas_spec,deployment=workload-cloud,2.0
1783664820,replicas_spec,deployment=workload-cloud,2.0
1783664830,replicas_spec,deployment=workload-cloud,2.0
1783664840,replicas_spec,deployment=workload-cloud,3.0
1783664850,replicas_spec,deployment=workload-cloud,3.0
1783664860,replicas_spec,deployment=workload-cloud,3.0
1783664870,replicas_spec,deployment=workload-cloud,4.0
1783664880,replicas_spec,deployment=workload-cloud,4.0
1783664890,replicas_spec,deployment=workload-cloud,4.0
1783664900,replicas_spec,deployment=workload-cloud,5.0
1783664910,replicas_spec,deployment=workload-cloud,5.0
1783664920,replicas_spec,deployment=workload-cloud,5.0
1783664930,replicas_spec,deployment=workload-cloud,6.0
1783664940,replicas_spec,deployment=workload-cloud,6.0
1783664950,replicas_spec,deployment=workload-cloud,6.0
1783664960,replicas_spec,deployment=workload-cloud,6.0
1783664970,replicas_spec,deployment=workload-cloud,6.0
1783664980,replicas_spec,deployment=workload-cloud,6.0
1783664990,replicas_spec,deployment=workload-cloud,6.0
1783665000,replicas_spec,deployment=workload-cloud,6.0
1783665010,replicas_spec,deployment=workload-cloud,6.0
1783665020,replicas_spec,deployment=workload-cloud,6.0
1783665030,replicas_spec,deployment=workload-cloud,6.0
1783665040,replicas_spec,deployment=workload-cloud,6.0
1783665050,replicas_spec,deployment=workload-cloud,6.0
1783665060,replicas_spec,deployment=workload-cloud,6.0
1783665070,replicas_spec,deployment=workload-cloud,6.0
1783665080,replicas_spec,deployment=workload-cloud,6.0
1783665090,replicas_spec,deployment=workload-cloud,6.0
1783665100,replicas_spec,deployment=workload-cloud,6.0
1783665110,replicas_spec,deployment=workload-cloud,6.0
1783665120,replicas_spec,deployment=workload-cloud,6.0
1783665130,replicas_spec,deployment=workload-cloud,6.0
1783665140,replicas_spec,deployment=workload-cloud,6.0
1783665150,replicas_spec,deployment=workload-cloud,6.0
1783665160,replicas_spec,deployment=workload-cloud,6.0
1783665170,replicas_spec,deployment=workload-cloud,6.0
1783665180,replicas_spec,deployment=workload-cloud,6.0
1783665190,replicas_spec,deployment=workload-cloud,6.0
1783665200,replicas_spec,deployment=workload-cloud,6.0
1783665210,replicas_spec,deployment=workload-cloud,5.0
1783665220,replicas_spec,deployment=workload-cloud,5.0
1783665230,replicas_spec,deployment=workload-cloud,5.0
1783665240,replicas_spec,deployment=workload-cloud,5.0
1783665250,replicas_spec,deployment=workload-cloud,5.0
1783665260,replicas_spec,deployment=workload-cloud,5.0
1783665270,replicas_spec,deployment=workload-cloud,4.0
1783664640,replicas_spec,deployment=workload-edge,1.0
1783664650,replicas_spec,deployment=workload-edge,1.0
1783664660,replicas_spec,deployment=workload-edge,1.0
1783664670,replicas_spec,deployment=workload-edge,1.0
1783664680,replicas_spec,deployment=workload-edge,1.0
1783664690,replicas_spec,deployment=workload-edge,1.0
1783664700,replicas_spec,deployment=workload-edge,1.0
1783664710,replicas_spec,deployment=workload-edge,1.0
1783664720,replicas_spec,deployment=workload-edge,1.0
1783664730,replicas_spec,deployment=workload-edge,1.0
1783664740,replicas_spec,deployment=workload-edge,1.0
1783664750,replicas_spec,deployment=workload-edge,1.0
1783664760,replicas_spec,deployment=workload-edge,1.0
1783664770,replicas_spec,deployment=workload-edge,1.0
1783664780,replicas_spec,deployment=workload-edge,1.0
1783664790,replicas_spec,deployment=workload-edge,1.0
1783664800,replicas_spec,deployment=workload-edge,1.0
1783664810,replicas_spec,deployment=workload-edge,1.0
1783664820,replicas_spec,deployment=workload-edge,1.0
1783664830,replicas_spec,deployment=workload-edge,1.0
1783664840,replicas_spec,deployment=workload-edge,1.0
1783664850,replicas_spec,deployment=workload-edge,1.0
1783664860,replicas_spec,deployment=workload-edge,1.0
1783664870,replicas_spec,deployment=workload-edge,1.0
1783664880,replicas_spec,deployment=workload-edge,1.0
1783664890,replicas_spec,deployment=workload-edge,1.0
1783664900,replicas_spec,deployment=workload-edge,1.0
1783664910,replicas_spec,deployment=workload-edge,1.0
1783664920,replicas_spec,deployment=workload-edge,1.0
1783664930,replicas_spec,deployment=workload-edge,1.0
1783664940,replicas_spec,deployment=workload-edge,1.0
1783664950,replicas_spec,deployment=workload-edge,1.0
1783664960,replicas_spec,deployment=workload-edge,1.0
1783664970,replicas_spec,deployment=workload-edge,1.0
1783664980,replicas_spec,deployment=workload-edge,1.0
1783664990,replicas_spec,deployment=workload-edge,1.0
1783665000,replicas_spec,deployment=workload-edge,1.0
1783665010,replicas_spec,deployment=workload-edge,1.0
1783665020,replicas_spec,deployment=workload-edge,1.0
1783665030,replicas_spec,deployment=workload-edge,1.0
1783665040,replicas_spec,deployment=workload-edge,1.0
1783665050,replicas_spec,deployment=workload-edge,1.0
1783665060,replicas_spec,deployment=workload-edge,1.0
1783665070,replicas_spec,deployment=workload-edge,1.0
1783665080,replicas_spec,deployment=workload-edge,1.0
1783665090,replicas_spec,deployment=workload-edge,1.0
1783665100,replicas_spec,deployment=workload-edge,1.0
1783665110,replicas_spec,deployment=workload-edge,1.0
1783665120,replicas_spec,deployment=workload-edge,1.0
1783665130,replicas_spec,deployment=workload-edge,1.0
1783665140,replicas_spec,deployment=workload-edge,1.0
1783665150,replicas_spec,deployment=workload-edge,1.0
1783665160,replicas_spec,deployment=workload-edge,1.0
1783665170,replicas_spec,deployment=workload-edge,1.0
1783665180,replicas_spec,deployment=workload-edge,1.0
1783665190,replicas_spec,deployment=workload-edge,1.0
1783665200,replicas_spec,deployment=workload-edge,1.0
1783665210,replicas_spec,deployment=workload-edge,1.0
1783665220,replicas_spec,deployment=workload-edge,1.0
1783665230,replicas_spec,deployment=workload-edge,1.0
1783665240,replicas_spec,deployment=workload-edge,1.0
1783665250,replicas_spec,deployment=workload-edge,1.0
1783665260,replicas_spec,deployment=workload-edge,1.0
1783665270,replicas_spec,deployment=workload-edge,1.0
1783664920,cpu_cores,pod=workload-cloud-6f545f89ff-24nvr,0.017288232595507463
1783664930,cpu_cores,pod=workload-cloud-6f545f89ff-24nvr,0.014860474637681158
1783664940,cpu_cores,pod=workload-cloud-6f545f89ff-24nvr,0.015234633333333332
1783664950,cpu_cores,pod=workload-cloud-6f545f89ff-24nvr,0.015231584709299785
1783664960,cpu_cores,pod=workload-cloud-6f545f89ff-24nvr,0.002219834543987086
1783664970,cpu_cores,pod=workload-cloud-6f545f89ff-24nvr,0.0022668973426899666
1783664980,cpu_cores,pod=workload-cloud-6f545f89ff-24nvr,0.0022248897599216073
1783664990,cpu_cores,pod=workload-cloud-6f545f89ff-24nvr,0.001989418425993958
1783665000,cpu_cores,pod=workload-cloud-6f545f89ff-24nvr,0.0022207923741435816
1783665010,cpu_cores,pod=workload-cloud-6f545f89ff-24nvr,0.0018069722181483234
1783665020,cpu_cores,pod=workload-cloud-6f545f89ff-24nvr,0.002190849477753808
1783665030,cpu_cores,pod=workload-cloud-6f545f89ff-24nvr,0.002295509781266187
1783665040,cpu_cores,pod=workload-cloud-6f545f89ff-24nvr,0.002293523595791077
1783665050,cpu_cores,pod=workload-cloud-6f545f89ff-24nvr,0.0022935235957910766
1783665060,cpu_cores,pod=workload-cloud-6f545f89ff-24nvr,0.0023236771356522096
1783665070,cpu_cores,pod=workload-cloud-6f545f89ff-24nvr,0.0023236771356522096
1783665080,cpu_cores,pod=workload-cloud-6f545f89ff-24nvr,0.0022263901677409006
1783665090,cpu_cores,pod=workload-cloud-6f545f89ff-24nvr,0.0022715392317015338
1783665100,cpu_cores,pod=workload-cloud-6f545f89ff-24nvr,0.0022413123063925694
1783665110,cpu_cores,pod=workload-cloud-6f545f89ff-24nvr,0.0021937684473895104
1783665120,cpu_cores,pod=workload-cloud-6f545f89ff-24nvr,0.00180265089233774
1783665130,cpu_cores,pod=workload-cloud-6f545f89ff-24nvr,0.0021623737845923737
1783665140,cpu_cores,pod=workload-cloud-6f545f89ff-24nvr,0.0022383322159764806
1783665150,cpu_cores,pod=workload-cloud-6f545f89ff-24nvr,0.002218083218300138
1783665160,cpu_cores,pod=workload-cloud-6f545f89ff-24nvr,0.0019110275503170702
1783665170,cpu_cores,pod=workload-cloud-6f545f89ff-24nvr,0.002335205697980089
1783665180,cpu_cores,pod=workload-cloud-6f545f89ff-24nvr,0.002239979115741512
1783665190,cpu_cores,pod=workload-cloud-6f545f89ff-24nvr,0.0022567544345368793
1783665200,cpu_cores,pod=workload-cloud-6f545f89ff-24nvr,0.0022597466688600077
1783665210,cpu_cores,pod=workload-cloud-6f545f89ff-24nvr,0.0019114463120390858
1783665220,cpu_cores,pod=workload-cloud-6f545f89ff-24nvr,0.002363525572172192
1783665230,cpu_cores,pod=workload-cloud-6f545f89ff-24nvr,0.001971384785113242
1783665240,cpu_cores,pod=workload-cloud-6f545f89ff-24nvr,0.0024038272186309374
1783665250,cpu_cores,pod=workload-cloud-6f545f89ff-24nvr,0.0024972413241644005
1783665260,cpu_cores,pod=workload-cloud-6f545f89ff-24nvr,0.0024207131289286556
1783665270,cpu_cores,pod=workload-cloud-6f545f89ff-24nvr,0.0024516031228681867
1783664640,cpu_cores,pod=workload-cloud-6f545f89ff-5lwdv,0.0009586004890418735
1783664850,cpu_cores,pod=workload-cloud-6f545f89ff-n62ds,0.039282712933267204
1783664860,cpu_cores,pod=workload-cloud-6f545f89ff-n62ds,0.09853784823568576
1783664870,cpu_cores,pod=workload-cloud-6f545f89ff-n62ds,0.1383876665335109
1783664880,cpu_cores,pod=workload-cloud-6f545f89ff-n62ds,0.2030916734490441
1783664890,cpu_cores,pod=workload-cloud-6f545f89ff-n62ds,0.2593087186924457
1783664900,cpu_cores,pod=workload-cloud-6f545f89ff-n62ds,0.27310755000000003
1783664910,cpu_cores,pod=workload-cloud-6f545f89ff-n62ds,0.3230395307199397
1783664920,cpu_cores,pod=workload-cloud-6f545f89ff-n62ds,0.26147003387536244
1783664930,cpu_cores,pod=workload-cloud-6f545f89ff-n62ds,0.319240039162268
1783664940,cpu_cores,pod=workload-cloud-6f545f89ff-n62ds,0.32006306482915453
1783664950,cpu_cores,pod=workload-cloud-6f545f89ff-n62ds,0.321151272678643
1783664960,cpu_cores,pod=workload-cloud-6f545f89ff-n62ds,0.321151272678643
1783664970,cpu_cores,pod=workload-cloud-6f545f89ff-n62ds,0.3234757567329532
1783664980,cpu_cores,pod=workload-cloud-6f545f89ff-n62ds,0.31699511862092505
1783664990,cpu_cores,pod=workload-cloud-6f545f89ff-n62ds,0.3146301424986982
1783665000,cpu_cores,pod=workload-cloud-6f545f89ff-n62ds,0.2136592000321434
1783665010,cpu_cores,pod=workload-cloud-6f545f89ff-n62ds,0.12125139161565994
1783665020,cpu_cores,pod=workload-cloud-6f545f89ff-n62ds,0.09598398660698038
1783665030,cpu_cores,pod=workload-cloud-6f545f89ff-n62ds,0.016670336623639582
1783665040,cpu_cores,pod=workload-cloud-6f545f89ff-n62ds,0.001751852911229402
1783665050,cpu_cores,pod=workload-cloud-6f545f89ff-n62ds,0.0022566155302284167
1783665060,cpu_cores,pod=workload-cloud-6f545f89ff-n62ds,0.002231700626217929
1783665070,cpu_cores,pod=workload-cloud-6f545f89ff-n62ds,0.0022534103597261607
1783665080,cpu_cores,pod=workload-cloud-6f545f89ff-n62ds,0.002284533707302387
1783665090,cpu_cores,pod=workload-cloud-6f545f89ff-n62ds,0.002316791656901776
1783665100,cpu_cores,pod=workload-cloud-6f545f89ff-n62ds,0.002283549694063065
1783665110,cpu_cores,pod=workload-cloud-6f545f89ff-n62ds,0.0020259889082912346
1783665120,cpu_cores,pod=workload-cloud-6f545f89ff-n62ds,0.002325501891184073
1783665130,cpu_cores,pod=workload-cloud-6f545f89ff-n62ds,0.0019677621835902568
1783665140,cpu_cores,pod=workload-cloud-6f545f89ff-n62ds,0.002275492654219992
1783665150,cpu_cores,pod=workload-cloud-6f545f89ff-n62ds,0.0022033126748205395
1783665160,cpu_cores,pod=workload-cloud-6f545f89ff-n62ds,0.00226961918501785
1783665170,cpu_cores,pod=workload-cloud-6f545f89ff-n62ds,0.002273719061010518
1783665180,cpu_cores,pod=workload-cloud-6f545f89ff-n62ds,0.0022823998493030286
1783665190,cpu_cores,pod=workload-cloud-6f545f89ff-n62ds,0.002300978775799814
1783665200,cpu_cores,pod=workload-cloud-6f545f89ff-n62ds,0.00228173657738315
1783665210,cpu_cores,pod=workload-cloud-6f545f89ff-n62ds,0.002284072344269615
1783665220,cpu_cores,pod=workload-cloud-6f545f89ff-n62ds,0.0018688748791863673
1783665230,cpu_cores,pod=workload-cloud-6f545f89ff-n62ds,0.002363162032735223
1783665240,cpu_cores,pod=workload-cloud-6f545f89ff-n62ds,0.0019326136033878053
1783665250,cpu_cores,pod=workload-cloud-6f545f89ff-n62ds,0.002456420921285183
1783665260,cpu_cores,pod=workload-cloud-6f545f89ff-n62ds,0.002425186123263454
1783665270,cpu_cores,pod=workload-cloud-6f545f89ff-n62ds,0.0024465100286533274
1783664640,cpu_cores,pod=workload-cloud-6f545f89ff-r28zz,0.0024591678368190476
1783664650,cpu_cores,pod=workload-cloud-6f545f89ff-r28zz,0.002440362218796036
1783664660,cpu_cores,pod=workload-cloud-6f545f89ff-r28zz,0.012175223841861559
1783664670,cpu_cores,pod=workload-cloud-6f545f89ff-r28zz,0.012922482146313618
1783664680,cpu_cores,pod=workload-cloud-6f545f89ff-r28zz,0.04901086296313608
1783664690,cpu_cores,pod=workload-cloud-6f545f89ff-r28zz,0.06840431119571355
1783664700,cpu_cores,pod=workload-cloud-6f545f89ff-r28zz,0.08543613325613511
1783664710,cpu_cores,pod=workload-cloud-6f545f89ff-r28zz,0.1274316450365607
1783664720,cpu_cores,pod=workload-cloud-6f545f89ff-r28zz,0.16976633005240951
1783664730,cpu_cores,pod=workload-cloud-6f545f89ff-r28zz,0.16976633005240951
1783664740,cpu_cores,pod=workload-cloud-6f545f89ff-r28zz,0.20477248343325974
1783664750,cpu_cores,pod=workload-cloud-6f545f89ff-r28zz,0.22431728188449274
1783664760,cpu_cores,pod=workload-cloud-6f545f89ff-r28zz,0.2358253018264368
1783664770,cpu_cores,pod=workload-cloud-6f545f89ff-r28zz,0.26234788946249626
1783664780,cpu_cores,pod=workload-cloud-6f545f89ff-r28zz,0.23956305917785883
1783664790,cpu_cores,pod=workload-cloud-6f545f89ff-r28zz,0.2910036047145871
1783664800,cpu_cores,pod=workload-cloud-6f545f89ff-r28zz,0.2740059525398112
1783664810,cpu_cores,pod=workload-cloud-6f545f89ff-r28zz,0.26195797525726117
1783664820,cpu_cores,pod=workload-cloud-6f545f89ff-r28zz,0.34094902907095886
1783664830,cpu_cores,pod=workload-cloud-6f545f89ff-r28zz,0.36152924779410256
1783664840,cpu_cores,pod=workload-cloud-6f545f89ff-r28zz,0.41643457393429034
1783664850,cpu_cores,pod=workload-cloud-6f545f89ff-r28zz,0.4164345739342902
1783664860,cpu_cores,pod=workload-cloud-6f545f89ff-r28zz,0.5378997839190264
1783664870,cpu_cores,pod=workload-cloud-6f545f89ff-r28zz,0.5674377923976609
1783664880,cpu_cores,pod=workload-cloud-6f545f89ff-r28zz,0.6244260366727622
1783664890,cpu_cores,pod=workload-cloud-6f545f89ff-r28zz,0.6722803200355597
1783664900,cpu_cores,pod=workload-cloud-6f545f89ff-r28zz,0.568633438461094
1783664910,cpu_cores,pod=workload-cloud-6f545f89ff-r28zz,0.6857913689693899
1783664920,cpu_cores,pod=workload-cloud-6f545f89ff-r28zz,0.6867185348105816
1783664930,cpu_cores,pod=workload-cloud-6f545f89ff-r28zz,0.6848215043839407
1783664940,cpu_cores,pod=workload-cloud-6f545f89ff-r28zz,0.6776536641760689
1783664950,cpu_cores,pod=workload-cloud-6f545f89ff-r28zz,0.6806448789096059
1783664960,cpu_cores,pod=workload-cloud-6f545f89ff-r28zz,0.56766827950929
1783664970,cpu_cores,pod=workload-cloud-6f545f89ff-r28zz,0.6753868545931014
1783664980,cpu_cores,pod=workload-cloud-6f545f89ff-r28zz,0.7042418629781716
1783664990,cpu_cores,pod=workload-cloud-6f545f89ff-r28zz,0.7042418629781716
1783665000,cpu_cores,pod=workload-cloud-6f545f89ff-r28zz,0.6784956765111325
1783665010,cpu_cores,pod=workload-cloud-6f545f89ff-r28zz,0.5855416283207556
1783665020,cpu_cores,pod=workload-cloud-6f545f89ff-r28zz,0.386918694022484
1783665030,cpu_cores,pod=workload-cloud-6f545f89ff-r28zz,0.4647299844126404
1783665040,cpu_cores,pod=workload-cloud-6f545f89ff-r28zz,0.39809403954183925
1783665050,cpu_cores,pod=workload-cloud-6f545f89ff-r28zz,0.39183244074643675
1783665060,cpu_cores,pod=workload-cloud-6f545f89ff-r28zz,0.3756199118757878
1783665070,cpu_cores,pod=workload-cloud-6f545f89ff-r28zz,0.3210226001240451
1783665080,cpu_cores,pod=workload-cloud-6f545f89ff-r28zz,0.37814610735009707
1783665090,cpu_cores,pod=workload-cloud-6f545f89ff-r28zz,0.31129827881742994
1783665100,cpu_cores,pod=workload-cloud-6f545f89ff-r28zz,0.3791083722996848
1783665110,cpu_cores,pod=workload-cloud-6f545f89ff-r28zz,0.37847180565546945
1783665120,cpu_cores,pod=workload-cloud-6f545f89ff-r28zz,0.3747087449001503
1783665130,cpu_cores,pod=workload-cloud-6f545f89ff-r28zz,0.37544472071928775
1783665140,cpu_cores,pod=workload-cloud-6f545f89ff-r28zz,0.3762064919582546
1783665150,cpu_cores,pod=workload-cloud-6f545f89ff-r28zz,0.3762064919582546
1783665160,cpu_cores,pod=workload-cloud-6f545f89ff-r28zz,0.37607908696351067
1783665170,cpu_cores,pod=workload-cloud-6f545f89ff-r28zz,0.37545144279584586
1783665180,cpu_cores,pod=workload-cloud-6f545f89ff-r28zz,0.37581951921873025
1783665190,cpu_cores,pod=workload-cloud-6f545f89ff-r28zz,0.37172054099075824
1783665200,cpu_cores,pod=workload-cloud-6f545f89ff-r28zz,0.37165310522097195
1783665210,cpu_cores,pod=workload-cloud-6f545f89ff-r28zz,0.317876196878577
1783665220,cpu_cores,pod=workload-cloud-6f545f89ff-r28zz,0.2908115437739051
1783665230,cpu_cores,pod=workload-cloud-6f545f89ff-r28zz,0.21938248457246498
1783665240,cpu_cores,pod=workload-cloud-6f545f89ff-r28zz,0.08591743709301469
1783665250,cpu_cores,pod=workload-cloud-6f545f89ff-r28zz,0.006022737519419487
1783665260,cpu_cores,pod=workload-cloud-6f545f89ff-r28zz,0.005687390445761031
1783665270,cpu_cores,pod=workload-cloud-6f545f89ff-r28zz,0.002448815377737766
1783664880,cpu_cores,pod=workload-cloud-6f545f89ff-vxw4v,0.014943038637835401
1783664890,cpu_cores,pod=workload-cloud-6f545f89ff-vxw4v,0.024703167590168086
1783664900,cpu_cores,pod=workload-cloud-6f545f89ff-vxw4v,0.017710110421412302
1783664910,cpu_cores,pod=workload-cloud-6f545f89ff-vxw4v,0.014539804387688274
1783664920,cpu_cores,pod=workload-cloud-6f545f89ff-vxw4v,0.014183217612455463
1783664930,cpu_cores,pod=workload-cloud-6f545f89ff-vxw4v,0.002272872125377538
1783664940,cpu_cores,pod=workload-cloud-6f545f89ff-vxw4v,0.002289963889378193
1783664950,cpu_cores,pod=workload-cloud-6f545f89ff-vxw4v,0.00229723839683999
1783664960,cpu_cores,pod=workload-cloud-6f545f89ff-vxw4v,0.0022839934424671547
1783664970,cpu_cores,pod=workload-cloud-6f545f89ff-vxw4v,0.002252678826816871
1783664980,cpu_cores,pod=workload-cloud-6f545f89ff-vxw4v,0.0019653511031000634
1783664990,cpu_cores,pod=workload-cloud-6f545f89ff-vxw4v,0.002294303197040128
1783665000,cpu_cores,pod=workload-cloud-6f545f89ff-vxw4v,0.002216645129111973
1783665010,cpu_cores,pod=workload-cloud-6f545f89ff-vxw4v,0.0018456675818796736
1783665020,cpu_cores,pod=workload-cloud-6f545f89ff-vxw4v,0.0022475960529078297
1783665030,cpu_cores,pod=workload-cloud-6f545f89ff-vxw4v,0.002209579633939602
1783665040,cpu_cores,pod=workload-cloud-6f545f89ff-vxw4v,0.002307821334848363
1783665050,cpu_cores,pod=workload-cloud-6f545f89ff-vxw4v,0.0023116139741657282
1783665060,cpu_cores,pod=workload-cloud-6f545f89ff-vxw4v,0.0023500843022619287
1783665070,cpu_cores,pod=workload-cloud-6f545f89ff-vxw4v,0.002333368707771763
1783665080,cpu_cores,pod=workload-cloud-6f545f89ff-vxw4v,0.002340738846989641
1783665090,cpu_cores,pod=workload-cloud-6f545f89ff-vxw4v,0.002291282618845868
1783665100,cpu_cores,pod=workload-cloud-6f545f89ff-vxw4v,0.0022805634866325314
1783665110,cpu_cores,pod=workload-cloud-6f545f89ff-vxw4v,0.0022034043975457805
1783665120,cpu_cores,pod=workload-cloud-6f545f89ff-vxw4v,0.0021936524893725975
1783665130,cpu_cores,pod=workload-cloud-6f545f89ff-vxw4v,0.001733152288771977
1783665140,cpu_cores,pod=workload-cloud-6f545f89ff-vxw4v,0.0018320912023921938
1783665150,cpu_cores,pod=workload-cloud-6f545f89ff-vxw4v,0.0021983147212721126
1783665160,cpu_cores,pod=workload-cloud-6f545f89ff-vxw4v,0.0022005357503874913
1783665170,cpu_cores,pod=workload-cloud-6f545f89ff-vxw4v,0.002195013533437492
1783665180,cpu_cores,pod=workload-cloud-6f545f89ff-vxw4v,0.0022300657700266026
1783665190,cpu_cores,pod=workload-cloud-6f545f89ff-vxw4v,0.00220650546919977
1783665200,cpu_cores,pod=workload-cloud-6f545f89ff-vxw4v,0.002165331435542901
1783665210,cpu_cores,pod=workload-cloud-6f545f89ff-vxw4v,0.0022186362273525495
1783665220,cpu_cores,pod=workload-cloud-6f545f89ff-vxw4v,0.001786335780200593
1783665230,cpu_cores,pod=workload-cloud-6f545f89ff-vxw4v,0.002270910159799046
1783665240,cpu_cores,pod=workload-cloud-6f545f89ff-vxw4v,0.0024119959868760038
1783665250,cpu_cores,pod=workload-cloud-6f545f89ff-vxw4v,0.002409351893048584
1783665260,cpu_cores,pod=workload-cloud-6f545f89ff-vxw4v,0.0024198668603768667
1783665270,cpu_cores,pod=workload-cloud-6f545f89ff-vxw4v,0.00245862506094588
1783664780,cpu_cores,pod=workload-cloud-6f545f89ff-w98jf,0.014091421417319436
1783664790,cpu_cores,pod=workload-cloud-6f545f89ff-w98jf,0.0124142896681857
1783664800,cpu_cores,pod=workload-cloud-6f545f89ff-w98jf,0.016282679490648436
1783664810,cpu_cores,pod=workload-cloud-6f545f89ff-w98jf,0.014873744908128051
1783664820,cpu_cores,pod=workload-cloud-6f545f89ff-w98jf,0.013888090409718256
1783664830,cpu_cores,pod=workload-cloud-6f545f89ff-w98jf,0.0019072087646496664
1783664840,cpu_cores,pod=workload-cloud-6f545f89ff-w98jf,0.042458672623765945
1783664850,cpu_cores,pod=workload-cloud-6f545f89ff-w98jf,0.1562605630778603
1783664860,cpu_cores,pod=workload-cloud-6f545f89ff-w98jf,0.27483902543202404
1783664870,cpu_cores,pod=workload-cloud-6f545f89ff-w98jf,0.33614124392317585
1783664880,cpu_cores,pod=workload-cloud-6f545f89ff-w98jf,0.495806745934786
1783664890,cpu_cores,pod=workload-cloud-6f545f89ff-w98jf,0.5455597046744911
1783664900,cpu_cores,pod=workload-cloud-6f545f89ff-w98jf,0.5927507366425583
1783664910,cpu_cores,pod=workload-cloud-6f545f89ff-w98jf,0.5999093061943439
1783664920,cpu_cores,pod=workload-cloud-6f545f89ff-w98jf,0.5988193685216717
1783664930,cpu_cores,pod=workload-cloud-6f545f89ff-w98jf,0.5989742282104557
1783664940,cpu_cores,pod=workload-cloud-6f545f89ff-w98jf,0.6042464746730287
1783664950,cpu_cores,pod=workload-cloud-6f545f89ff-w98jf,0.6042464746730287
1783664960,cpu_cores,pod=workload-cloud-6f545f89ff-w98jf,0.6118461108393318
1783664970,cpu_cores,pod=workload-cloud-6f545f89ff-w98jf,0.6172856806516928
1783664980,cpu_cores,pod=workload-cloud-6f545f89ff-w98jf,0.6172856806516928
1783664990,cpu_cores,pod=workload-cloud-6f545f89ff-w98jf,0.5961603088101725
1783665000,cpu_cores,pod=workload-cloud-6f545f89ff-w98jf,0.586617794821487
1783665010,cpu_cores,pod=workload-cloud-6f545f89ff-w98jf,0.489476279160949
1783665020,cpu_cores,pod=workload-cloud-6f545f89ff-w98jf,0.3232809074010849
1783665030,cpu_cores,pod=workload-cloud-6f545f89ff-w98jf,0.17555335040546294
1783665040,cpu_cores,pod=workload-cloud-6f545f89ff-w98jf,0.12406288744200544
1783665050,cpu_cores,pod=workload-cloud-6f545f89ff-w98jf,0.03328408052583474
1783665060,cpu_cores,pod=workload-cloud-6f545f89ff-w98jf,0.03357518833966054
1783665070,cpu_cores,pod=workload-cloud-6f545f89ff-w98jf,0.03334258177570089
1783665080,cpu_cores,pod=workload-cloud-6f545f89ff-w98jf,0.03367812804284317
1783665090,cpu_cores,pod=workload-cloud-6f545f89ff-w98jf,0.033349861628415085
1783665100,cpu_cores,pod=workload-cloud-6f545f89ff-w98jf,0.03274699005409182
1783665110,cpu_cores,pod=workload-cloud-6f545f89ff-w98jf,0.03274699005409182
1783665120,cpu_cores,pod=workload-cloud-6f545f89ff-w98jf,0.03287257387965969
1783665130,cpu_cores,pod=workload-cloud-6f545f89ff-w98jf,0.02867263160060355
1783665140,cpu_cores,pod=workload-cloud-6f545f89ff-w98jf,0.03291643295756571
1783665150,cpu_cores,pod=workload-cloud-6f545f89ff-w98jf,0.0331066643247852
1783665160,cpu_cores,pod=workload-cloud-6f545f89ff-w98jf,0.03295368038063273
1783665170,cpu_cores,pod=workload-cloud-6f545f89ff-w98jf,0.032870677820285306
1783665180,cpu_cores,pod=workload-cloud-6f545f89ff-w98jf,0.03292025276318182
1783665190,cpu_cores,pod=workload-cloud-6f545f89ff-w98jf,0.03327410471467444
1783665200,cpu_cores,pod=workload-cloud-6f545f89ff-w98jf,0.023450324759068546
1783665210,cpu_cores,pod=workload-cloud-6f545f89ff-w98jf,0.023450324759068546
1783665220,cpu_cores,pod=workload-cloud-6f545f89ff-w98jf,0.014212306631619754
1783665230,cpu_cores,pod=workload-cloud-6f545f89ff-w98jf,0.0029493338047152187
1783665240,cpu_cores,pod=workload-cloud-6f545f89ff-w98jf,0.0028938321180738366
1783665250,cpu_cores,pod=workload-cloud-6f545f89ff-w98jf,0.0026281686831904428
1783665260,cpu_cores,pod=workload-cloud-6f545f89ff-w98jf,0.001961694580852731
1783665270,cpu_cores,pod=workload-cloud-6f545f89ff-w98jf,0.0015335616074400149
1783664950,cpu_cores,pod=workload-cloud-6f545f89ff-xnnp6,0.019290421734168138
1783664960,cpu_cores,pod=workload-cloud-6f545f89ff-xnnp6,0.014911821326585334
1783664970,cpu_cores,pod=workload-cloud-6f545f89ff-xnnp6,0.014479794030437993
1783664980,cpu_cores,pod=workload-cloud-6f545f89ff-xnnp6,0.01754851883107401
1783664990,cpu_cores,pod=workload-cloud-6f545f89ff-xnnp6,0.0022901017039878664
1783665000,cpu_cores,pod=workload-cloud-6f545f89ff-xnnp6,0.0022701022085626463
1783665010,cpu_cores,pod=workload-cloud-6f545f89ff-xnnp6,0.0022416728974216727
1783665020,cpu_cores,pod=workload-cloud-6f545f89ff-xnnp6,0.0022812866168868463
1783665030,cpu_cores,pod=workload-cloud-6f545f89ff-xnnp6,0.001868983447094613
1783665040,cpu_cores,pod=workload-cloud-6f545f89ff-xnnp6,0.0019078401129943496
1783665050,cpu_cores,pod=workload-cloud-6f545f89ff-xnnp6,0.0022462412079757377
1783665060,cpu_cores,pod=workload-cloud-6f545f89ff-xnnp6,0.002185775175442371
1783665070,cpu_cores,pod=workload-cloud-6f545f89ff-xnnp6,0.002185775175442371
1783665080,cpu_cores,pod=workload-cloud-6f545f89ff-xnnp6,0.0022061196647826927
1783665090,cpu_cores,pod=workload-cloud-6f545f89ff-xnnp6,0.002169379419653741
1783665100,cpu_cores,pod=workload-cloud-6f545f89ff-xnnp6,0.002151692585363809
1783665110,cpu_cores,pod=workload-cloud-6f545f89ff-xnnp6,0.0021852541534522446
1783665120,cpu_cores,pod=workload-cloud-6f545f89ff-xnnp6,0.002142363229611554
1783665130,cpu_cores,pod=workload-cloud-6f545f89ff-xnnp6,0.002127734540507997
1783665140,cpu_cores,pod=workload-cloud-6f545f89ff-xnnp6,0.0021512927871541404
1783665150,cpu_cores,pod=workload-cloud-6f545f89ff-xnnp6,0.0021393201192043787
1783665160,cpu_cores,pod=workload-cloud-6f545f89ff-xnnp6,0.0021261733703917367
1783665170,cpu_cores,pod=workload-cloud-6f545f89ff-xnnp6,0.0021587760510781836
1783665180,cpu_cores,pod=workload-cloud-6f545f89ff-xnnp6,0.002176121468867311
1783665190,cpu_cores,pod=workload-cloud-6f545f89ff-xnnp6,0.0021822960514157803
1783665200,cpu_cores,pod=workload-cloud-6f545f89ff-xnnp6,0.0022102682279803833
1783665210,cpu_cores,pod=workload-cloud-6f545f89ff-xnnp6,0.0016463858645533128
1783665220,cpu_cores,pod=workload-cloud-6f545f89ff-xnnp6,0.0012800746253602297
1783664640,cpu_cores,pod=workload-edge-7b875fd8c6-pxwvc,0.0026450658480167903
1783664650,cpu_cores,pod=workload-edge-7b875fd8c6-pxwvc,0.002574864537371711
1783664660,cpu_cores,pod=workload-edge-7b875fd8c6-pxwvc,0.002574864537371711
1783664670,cpu_cores,pod=workload-edge-7b875fd8c6-pxwvc,0.0026677136530010377
1783664680,cpu_cores,pod=workload-edge-7b875fd8c6-pxwvc,0.002646000553558337
1783664690,cpu_cores,pod=workload-edge-7b875fd8c6-pxwvc,0.0026585844376991546
1783664700,cpu_cores,pod=workload-edge-7b875fd8c6-pxwvc,0.0026917050262698175
1783664710,cpu_cores,pod=workload-edge-7b875fd8c6-pxwvc,0.0027118212313023294
1783664720,cpu_cores,pod=workload-edge-7b875fd8c6-pxwvc,0.0027005949061183966
1783664730,cpu_cores,pod=workload-edge-7b875fd8c6-pxwvc,0.0027331396555314662
1783664740,cpu_cores,pod=workload-edge-7b875fd8c6-pxwvc,0.00268860182371025
1783664750,cpu_cores,pod=workload-edge-7b875fd8c6-pxwvc,0.0026199582195141355
1783664760,cpu_cores,pod=workload-edge-7b875fd8c6-pxwvc,0.002616748929896575
1783664770,cpu_cores,pod=workload-edge-7b875fd8c6-pxwvc,0.002610113849196067
1783664780,cpu_cores,pod=workload-edge-7b875fd8c6-pxwvc,0.0026274021934839767
1783664790,cpu_cores,pod=workload-edge-7b875fd8c6-pxwvc,0.002700440528632771
1783664800,cpu_cores,pod=workload-edge-7b875fd8c6-pxwvc,0.0027070416508183344
1783664810,cpu_cores,pod=workload-edge-7b875fd8c6-pxwvc,0.002683216610678445
1783664820,cpu_cores,pod=workload-edge-7b875fd8c6-pxwvc,0.002317768278300726
1783664830,cpu_cores,pod=workload-edge-7b875fd8c6-pxwvc,0.0026188452001400468
1783664840,cpu_cores,pod=workload-edge-7b875fd8c6-pxwvc,0.0026509703419665353
1783664850,cpu_cores,pod=workload-edge-7b875fd8c6-pxwvc,0.0026951456677323706
1783664860,cpu_cores,pod=workload-edge-7b875fd8c6-pxwvc,0.0027218101941540785
1783664870,cpu_cores,pod=workload-edge-7b875fd8c6-pxwvc,0.0027461130026923334
1783664880,cpu_cores,pod=workload-edge-7b875fd8c6-pxwvc,0.002354784271717002
1783664890,cpu_cores,pod=workload-edge-7b875fd8c6-pxwvc,0.0027596129468465402
1783664900,cpu_cores,pod=workload-edge-7b875fd8c6-pxwvc,0.0028071072533478467
1783664910,cpu_cores,pod=workload-edge-7b875fd8c6-pxwvc,0.002791043323843375
1783664920,cpu_cores,pod=workload-edge-7b875fd8c6-pxwvc,0.002791043323843375
1783664930,cpu_cores,pod=workload-edge-7b875fd8c6-pxwvc,0.002814797580269742
1783664940,cpu_cores,pod=workload-edge-7b875fd8c6-pxwvc,0.0028289022713598564
1783664950,cpu_cores,pod=workload-edge-7b875fd8c6-pxwvc,0.0027404486793346497
1783664960,cpu_cores,pod=workload-edge-7b875fd8c6-pxwvc,0.0027736335151447443
1783664970,cpu_cores,pod=workload-edge-7b875fd8c6-pxwvc,0.0027686038801272767
1783664980,cpu_cores,pod=workload-edge-7b875fd8c6-pxwvc,0.0027686038801272767
1783664990,cpu_cores,pod=workload-edge-7b875fd8c6-pxwvc,0.0027072199889671697
1783665000,cpu_cores,pod=workload-edge-7b875fd8c6-pxwvc,0.002748234825194908
1783665010,cpu_cores,pod=workload-edge-7b875fd8c6-pxwvc,0.0026006875073492203
1783665020,cpu_cores,pod=workload-edge-7b875fd8c6-pxwvc,0.00213928219875368
1783665030,cpu_cores,pod=workload-edge-7b875fd8c6-pxwvc,0.0026230578083604587
1783665040,cpu_cores,pod=workload-edge-7b875fd8c6-pxwvc,0.0026327336148343995
1783665050,cpu_cores,pod=workload-edge-7b875fd8c6-pxwvc,0.0026927136813549666
1783665060,cpu_cores,pod=workload-edge-7b875fd8c6-pxwvc,0.002692713681354966
1783665070,cpu_cores,pod=workload-edge-7b875fd8c6-pxwvc,0.0027006278468548715
1783665080,cpu_cores,pod=workload-edge-7b875fd8c6-pxwvc,0.0026820873134917986
1783665090,cpu_cores,pod=workload-edge-7b875fd8c6-pxwvc,0.0027557681107449384
1783665100,cpu_cores,pod=workload-edge-7b875fd8c6-pxwvc,0.0027164080629734576
1783665110,cpu_cores,pod=workload-edge-7b875fd8c6-pxwvc,0.002650503721180466
1783665120,cpu_cores,pod=workload-edge-7b875fd8c6-pxwvc,0.0022345955122652313
1783665130,cpu_cores,pod=workload-edge-7b875fd8c6-pxwvc,0.0026876693257084235
1783665140,cpu_cores,pod=workload-edge-7b875fd8c6-pxwvc,0.002233303942216838
1783665150,cpu_cores,pod=workload-edge-7b875fd8c6-pxwvc,0.002606973459537251
1783665160,cpu_cores,pod=workload-edge-7b875fd8c6-pxwvc,0.0026771539107128496
1783665170,cpu_cores,pod=workload-edge-7b875fd8c6-pxwvc,0.0026424966352582217
1783665180,cpu_cores,pod=workload-edge-7b875fd8c6-pxwvc,0.002591787592674764
1783665190,cpu_cores,pod=workload-edge-7b875fd8c6-pxwvc,0.002141966743278099
1783665200,cpu_cores,pod=workload-edge-7b875fd8c6-pxwvc,0.0026476893518042077
1783665210,cpu_cores,pod=workload-edge-7b875fd8c6-pxwvc,0.002671491953677669
1783665220,cpu_cores,pod=workload-edge-7b875fd8c6-pxwvc,0.0027533526385306196
1783665230,cpu_cores,pod=workload-edge-7b875fd8c6-pxwvc,0.0026788758116864913
1783665240,cpu_cores,pod=workload-edge-7b875fd8c6-pxwvc,0.0027077414355845563
1783665250,cpu_cores,pod=workload-edge-7b875fd8c6-pxwvc,0.002678208912247759
1783665260,cpu_cores,pod=workload-edge-7b875fd8c6-pxwvc,0.002622890852420049
1783665270,cpu_cores,pod=workload-edge-7b875fd8c6-pxwvc,0.0026192618645229874
1783664920,cpu_utilisation,pod=workload-cloud-6f545f89ff-24nvr,0.08644116297753732
1783664930,cpu_utilisation,pod=workload-cloud-6f545f89ff-24nvr,0.07430237318840578
1783664940,cpu_utilisation,pod=workload-cloud-6f545f89ff-24nvr,0.07617316666666665
1783664950,cpu_utilisation,pod=workload-cloud-6f545f89ff-24nvr,0.07615792354649892
1783664960,cpu_utilisation,pod=workload-cloud-6f545f89ff-24nvr,0.011099172719935428
1783664970,cpu_utilisation,pod=workload-cloud-6f545f89ff-24nvr,0.011334486713449832
1783664980,cpu_utilisation,pod=workload-cloud-6f545f89ff-24nvr,0.011124448799608036
1783664990,cpu_utilisation,pod=workload-cloud-6f545f89ff-24nvr,0.00994709212996979
1783665000,cpu_utilisation,pod=workload-cloud-6f545f89ff-24nvr,0.011103961870717908
1783665010,cpu_utilisation,pod=workload-cloud-6f545f89ff-24nvr,0.009034861090741617
1783665020,cpu_utilisation,pod=workload-cloud-6f545f89ff-24nvr,0.010954247388769038
1783665030,cpu_utilisation,pod=workload-cloud-6f545f89ff-24nvr,0.011477548906330935
1783665040,cpu_utilisation,pod=workload-cloud-6f545f89ff-24nvr,0.011467617978955385
1783665050,cpu_utilisation,pod=workload-cloud-6f545f89ff-24nvr,0.011467617978955383
1783665060,cpu_utilisation,pod=workload-cloud-6f545f89ff-24nvr,0.011618385678261048
1783665070,cpu_utilisation,pod=workload-cloud-6f545f89ff-24nvr,0.011618385678261048
1783665080,cpu_utilisation,pod=workload-cloud-6f545f89ff-24nvr,0.011131950838704502
1783665090,cpu_utilisation,pod=workload-cloud-6f545f89ff-24nvr,0.011357696158507668
1783665100,cpu_utilisation,pod=workload-cloud-6f545f89ff-24nvr,0.011206561531962846
1783665110,cpu_utilisation,pod=workload-cloud-6f545f89ff-24nvr,0.010968842236947551
1783665120,cpu_utilisation,pod=workload-cloud-6f545f89ff-24nvr,0.0090132544616887
1783665130,cpu_utilisation,pod=workload-cloud-6f545f89ff-24nvr,0.010811868922961867
1783665140,cpu_utilisation,pod=workload-cloud-6f545f89ff-24nvr,0.011191661079882403
1783665150,cpu_utilisation,pod=workload-cloud-6f545f89ff-24nvr,0.01109041609150069
1783665160,cpu_utilisation,pod=workload-cloud-6f545f89ff-24nvr,0.00955513775158535
1783665170,cpu_utilisation,pod=workload-cloud-6f545f89ff-24nvr,0.011676028489900445
1783665180,cpu_utilisation,pod=workload-cloud-6f545f89ff-24nvr,0.011199895578707559
1783665190,cpu_utilisation,pod=workload-cloud-6f545f89ff-24nvr,0.011283772172684396
1783665200,cpu_utilisation,pod=workload-cloud-6f545f89ff-24nvr,0.011298733344300038
1783665210,cpu_utilisation,pod=workload-cloud-6f545f89ff-24nvr,0.009557231560195428
1783665220,cpu_utilisation,pod=workload-cloud-6f545f89ff-24nvr,0.01181762786086096
1783665230,cpu_utilisation,pod=workload-cloud-6f545f89ff-24nvr,0.009856923925566209
1783665240,cpu_utilisation,pod=workload-cloud-6f545f89ff-24nvr,0.012019136093154687
1783665250,cpu_utilisation,pod=workload-cloud-6f545f89ff-24nvr,0.012486206620822001
1783665260,cpu_utilisation,pod=workload-cloud-6f545f89ff-24nvr,0.012103565644643278
1783665270,cpu_utilisation,pod=workload-cloud-6f545f89ff-24nvr,0.012258015614340933
1783664850,cpu_utilisation,pod=workload-cloud-6f545f89ff-n62ds,0.196413564666336
1783664860,cpu_utilisation,pod=workload-cloud-6f545f89ff-n62ds,0.49268924117842877
1783664870,cpu_utilisation,pod=workload-cloud-6f545f89ff-n62ds,0.6919383326675544
1783664880,cpu_utilisation,pod=workload-cloud-6f545f89ff-n62ds,1.0154583672452204
1783664890,cpu_utilisation,pod=workload-cloud-6f545f89ff-n62ds,1.2965435934622285
1783664900,cpu_utilisation,pod=workload-cloud-6f545f89ff-n62ds,1.36553775
1783664910,cpu_utilisation,pod=workload-cloud-6f545f89ff-n62ds,1.6151976535996984
1783664920,cpu_utilisation,pod=workload-cloud-6f545f89ff-n62ds,1.3073501693768121
1783664930,cpu_utilisation,pod=workload-cloud-6f545f89ff-n62ds,1.5962001958113399
1783664940,cpu_utilisation,pod=workload-cloud-6f545f89ff-n62ds,1.6003153241457726
1783664950,cpu_utilisation,pod=workload-cloud-6f545f89ff-n62ds,1.605756363393215
1783664960,cpu_utilisation,pod=workload-cloud-6f545f89ff-n62ds,1.605756363393215
1783664970,cpu_utilisation,pod=workload-cloud-6f545f89ff-n62ds,1.617378783664766
1783664980,cpu_utilisation,pod=workload-cloud-6f545f89ff-n62ds,1.5849755931046252
1783664990,cpu_utilisation,pod=workload-cloud-6f545f89ff-n62ds,1.573150712493491
1783665000,cpu_utilisation,pod=workload-cloud-6f545f89ff-n62ds,1.068296000160717
1783665010,cpu_utilisation,pod=workload-cloud-6f545f89ff-n62ds,0.6062569580782997
1783665020,cpu_utilisation,pod=workload-cloud-6f545f89ff-n62ds,0.4799199330349019
1783665030,cpu_utilisation,pod=workload-cloud-6f545f89ff-n62ds,0.0833516831181979
1783665040,cpu_utilisation,pod=workload-cloud-6f545f89ff-n62ds,0.00875926455614701
1783665050,cpu_utilisation,pod=workload-cloud-6f545f89ff-n62ds,0.011283077651142084
1783665060,cpu_utilisation,pod=workload-cloud-6f545f89ff-n62ds,0.011158503131089645
1783665070,cpu_utilisation,pod=workload-cloud-6f545f89ff-n62ds,0.011267051798630802
1783665080,cpu_utilisation,pod=workload-cloud-6f545f89ff-n62ds,0.011422668536511934
1783665090,cpu_utilisation,pod=workload-cloud-6f545f89ff-n62ds,0.011583958284508878
1783665100,cpu_utilisation,pod=workload-cloud-6f545f89ff-n62ds,0.011417748470315325
1783665110,cpu_utilisation,pod=workload-cloud-6f545f89ff-n62ds,0.010129944541456172
1783665120,cpu_utilisation,pod=workload-cloud-6f545f89ff-n62ds,0.011627509455920363
1783665130,cpu_utilisation,pod=workload-cloud-6f545f89ff-n62ds,0.009838810917951283
1783665140,cpu_utilisation,pod=workload-cloud-6f545f89ff-n62ds,0.01137746327109996
1783665150,cpu_utilisation,pod=workload-cloud-6f545f89ff-n62ds,0.011016563374102697
1783665160,cpu_utilisation,pod=workload-cloud-6f545f89ff-n62ds,0.011348095925089249
1783665170,cpu_utilisation,pod=workload-cloud-6f545f89ff-n62ds,0.011368595305052588
1783665180,cpu_utilisation,pod=workload-cloud-6f545f89ff-n62ds,0.011411999246515142
1783665190,cpu_utilisation,pod=workload-cloud-6f545f89ff-n62ds,0.01150489387899907
1783665200,cpu_utilisation,pod=workload-cloud-6f545f89ff-n62ds,0.011408682886915749
1783665210,cpu_utilisation,pod=workload-cloud-6f545f89ff-n62ds,0.011420361721348074
1783665220,cpu_utilisation,pod=workload-cloud-6f545f89ff-n62ds,0.009344374395931837
1783665230,cpu_utilisation,pod=workload-cloud-6f545f89ff-n62ds,0.011815810163676116
1783665240,cpu_utilisation,pod=workload-cloud-6f545f89ff-n62ds,0.009663068016939027
1783665250,cpu_utilisation,pod=workload-cloud-6f545f89ff-n62ds,0.012282104606425915
1783665260,cpu_utilisation,pod=workload-cloud-6f545f89ff-n62ds,0.012125930616317268
1783665270,cpu_utilisation,pod=workload-cloud-6f545f89ff-n62ds,0.012232550143266636
1783664640,cpu_utilisation,pod=workload-cloud-6f545f89ff-r28zz,0.012295839184095237
1783664650,cpu_utilisation,pod=workload-cloud-6f545f89ff-r28zz,0.01220181109398018
1783664660,cpu_utilisation,pod=workload-cloud-6f545f89ff-r28zz,0.06087611920930779
1783664670,cpu_utilisation,pod=workload-cloud-6f545f89ff-r28zz,0.06461241073156809
1783664680,cpu_utilisation,pod=workload-cloud-6f545f89ff-r28zz,0.24505431481568038
1783664690,cpu_utilisation,pod=workload-cloud-6f545f89ff-r28zz,0.34202155597856776
1783664700,cpu_utilisation,pod=workload-cloud-6f545f89ff-r28zz,0.4271806662806755
1783664710,cpu_utilisation,pod=workload-cloud-6f545f89ff-r28zz,0.6371582251828035
1783664720,cpu_utilisation,pod=workload-cloud-6f545f89ff-r28zz,0.8488316502620475
1783664730,cpu_utilisation,pod=workload-cloud-6f545f89ff-r28zz,0.8488316502620475
1783664740,cpu_utilisation,pod=workload-cloud-6f545f89ff-r28zz,1.0238624171662987
1783664750,cpu_utilisation,pod=workload-cloud-6f545f89ff-r28zz,1.1215864094224637
1783664760,cpu_utilisation,pod=workload-cloud-6f545f89ff-r28zz,1.1791265091321839
1783664770,cpu_utilisation,pod=workload-cloud-6f545f89ff-r28zz,1.3117394473124813
1783664780,cpu_utilisation,pod=workload-cloud-6f545f89ff-r28zz,1.197815295889294
1783664790,cpu_utilisation,pod=workload-cloud-6f545f89ff-r28zz,1.4550180235729353
1783664800,cpu_utilisation,pod=workload-cloud-6f545f89ff-r28zz,1.3700297626990559
1783664810,cpu_utilisation,pod=workload-cloud-6f545f89ff-r28zz,1.3097898762863058
1783664820,cpu_utilisation,pod=workload-cloud-6f545f89ff-r28zz,1.7047451453547942
1783664830,cpu_utilisation,pod=workload-cloud-6f545f89ff-r28zz,1.8076462389705128
1783664840,cpu_utilisation,pod=workload-cloud-6f545f89ff-r28zz,2.0821728696714517
1783664850,cpu_utilisation,pod=workload-cloud-6f545f89ff-r28zz,2.0821728696714508
1783664860,cpu_utilisation,pod=workload-cloud-6f545f89ff-r28zz,2.6894989195951315
1783664870,cpu_utilisation,pod=workload-cloud-6f545f89ff-r28zz,2.8371889619883044
1783664880,cpu_utilisation,pod=workload-cloud-6f545f89ff-r28zz,3.1221301833638107
1783664890,cpu_utilisation,pod=workload-cloud-6f545f89ff-r28zz,3.3614016001777984
1783664900,cpu_utilisation,pod=workload-cloud-6f545f89ff-r28zz,2.84316719230547
1783664910,cpu_utilisation,pod=workload-cloud-6f545f89ff-r28zz,3.428956844846949
1783664920,cpu_utilisation,pod=workload-cloud-6f545f89ff-r28zz,3.433592674052908
1783664930,cpu_utilisation,pod=workload-cloud-6f545f89ff-r28zz,3.4241075219197037
1783664940,cpu_utilisation,pod=workload-cloud-6f545f89ff-r28zz,3.388268320880344
1783664950,cpu_utilisation,pod=workload-cloud-6f545f89ff-r28zz,3.403224394548029
1783664960,cpu_utilisation,pod=workload-cloud-6f545f89ff-r28zz,2.8383413975464498
1783664970,cpu_utilisation,pod=workload-cloud-6f545f89ff-r28zz,3.376934272965507
1783664980,cpu_utilisation,pod=workload-cloud-6f545f89ff-r28zz,3.5212093148908576
1783664990,cpu_utilisation,pod=workload-cloud-6f545f89ff-r28zz,3.5212093148908576
1783665000,cpu_utilisation,pod=workload-cloud-6f545f89ff-r28zz,3.3924783825556624
1783665010,cpu_utilisation,pod=workload-cloud-6f545f89ff-r28zz,2.927708141603778
1783665020,cpu_utilisation,pod=workload-cloud-6f545f89ff-r28zz,1.93459347011242
1783665030,cpu_utilisation,pod=workload-cloud-6f545f89ff-r28zz,2.323649922063202
1783665040,cpu_utilisation,pod=workload-cloud-6f545f89ff-r28zz,1.990470197709196
1783665050,cpu_utilisation,pod=workload-cloud-6f545f89ff-r28zz,1.9591622037321836
1783665060,cpu_utilisation,pod=workload-cloud-6f545f89ff-r28zz,1.878099559378939
1783665070,cpu_utilisation,pod=workload-cloud-6f545f89ff-r28zz,1.6051130006202254
1783665080,cpu_utilisation,pod=workload-cloud-6f545f89ff-r28zz,1.8907305367504852
1783665090,cpu_utilisation,pod=workload-cloud-6f545f89ff-r28zz,1.5564913940871496
1783665100,cpu_utilisation,pod=workload-cloud-6f545f89ff-r28zz,1.8955418614984239
1783665110,cpu_utilisation,pod=workload-cloud-6f545f89ff-r28zz,1.8923590282773473
1783665120,cpu_utilisation,pod=workload-cloud-6f545f89ff-r28zz,1.8735437245007516
1783665130,cpu_utilisation,pod=workload-cloud-6f545f89ff-r28zz,1.8772236035964387
1783665140,cpu_utilisation,pod=workload-cloud-6f545f89ff-r28zz,1.881032459791273
1783665150,cpu_utilisation,pod=workload-cloud-6f545f89ff-r28zz,1.881032459791273
1783665160,cpu_utilisation,pod=workload-cloud-6f545f89ff-r28zz,1.8803954348175533
1783665170,cpu_utilisation,pod=workload-cloud-6f545f89ff-r28zz,1.8772572139792292
1783665180,cpu_utilisation,pod=workload-cloud-6f545f89ff-r28zz,1.8790975960936511
1783665190,cpu_utilisation,pod=workload-cloud-6f545f89ff-r28zz,1.8586027049537912
1783665200,cpu_utilisation,pod=workload-cloud-6f545f89ff-r28zz,1.8582655261048597
1783665210,cpu_utilisation,pod=workload-cloud-6f545f89ff-r28zz,1.5893809843928848
1783665220,cpu_utilisation,pod=workload-cloud-6f545f89ff-r28zz,1.4540577188695254
1783665230,cpu_utilisation,pod=workload-cloud-6f545f89ff-r28zz,1.0969124228623248
1783665240,cpu_utilisation,pod=workload-cloud-6f545f89ff-r28zz,0.42958718546507346
1783665250,cpu_utilisation,pod=workload-cloud-6f545f89ff-r28zz,0.030113687597097434
1783665260,cpu_utilisation,pod=workload-cloud-6f545f89ff-r28zz,0.028436952228805153
1783665270,cpu_utilisation,pod=workload-cloud-6f545f89ff-r28zz,0.012244076888688829
1783664880,cpu_utilisation,pod=workload-cloud-6f545f89ff-vxw4v,0.074715193189177
1783664890,cpu_utilisation,pod=workload-cloud-6f545f89ff-vxw4v,0.12351583795084042
1783664900,cpu_utilisation,pod=workload-cloud-6f545f89ff-vxw4v,0.0885505521070615
1783664910,cpu_utilisation,pod=workload-cloud-6f545f89ff-vxw4v,0.07269902193844137
1783664920,cpu_utilisation,pod=workload-cloud-6f545f89ff-vxw4v,0.07091608806227731
1783664930,cpu_utilisation,pod=workload-cloud-6f545f89ff-vxw4v,0.01136436062688769
1783664940,cpu_utilisation,pod=workload-cloud-6f545f89ff-vxw4v,0.011449819446890963
1783664950,cpu_utilisation,pod=workload-cloud-6f545f89ff-vxw4v,0.01148619198419995
1783664960,cpu_utilisation,pod=workload-cloud-6f545f89ff-vxw4v,0.011419967212335774
1783664970,cpu_utilisation,pod=workload-cloud-6f545f89ff-vxw4v,0.011263394134084356
1783664980,cpu_utilisation,pod=workload-cloud-6f545f89ff-vxw4v,0.009826755515500316
1783664990,cpu_utilisation,pod=workload-cloud-6f545f89ff-vxw4v,0.011471515985200638
1783665000,cpu_utilisation,pod=workload-cloud-6f545f89ff-vxw4v,0.011083225645559865
1783665010,cpu_utilisation,pod=workload-cloud-6f545f89ff-vxw4v,0.009228337909398367
1783665020,cpu_utilisation,pod=workload-cloud-6f545f89ff-vxw4v,0.011237980264539147
1783665030,cpu_utilisation,pod=workload-cloud-6f545f89ff-vxw4v,0.01104789816969801
1783665040,cpu_utilisation,pod=workload-cloud-6f545f89ff-vxw4v,0.011539106674241814
1783665050,cpu_utilisation,pod=workload-cloud-6f545f89ff-vxw4v,0.01155806987082864
1783665060,cpu_utilisation,pod=workload-cloud-6f545f89ff-vxw4v,0.011750421511309643
1783665070,cpu_utilisation,pod=workload-cloud-6f545f89ff-vxw4v,0.011666843538858813
1783665080,cpu_utilisation,pod=workload-cloud-6f545f89ff-vxw4v,0.011703694234948204
1783665090,cpu_utilisation,pod=workload-cloud-6f545f89ff-vxw4v,0.01145641309422934
1783665100,cpu_utilisation,pod=workload-cloud-6f545f89ff-vxw4v,0.011402817433162656
1783665110,cpu_utilisation,pod=workload-cloud-6f545f89ff-vxw4v,0.011017021987728902
1783665120,cpu_utilisation,pod=workload-cloud-6f545f89ff-vxw4v,0.010968262446862987
1783665130,cpu_utilisation,pod=workload-cloud-6f545f89ff-vxw4v,0.008665761443859884
1783665140,cpu_utilisation,pod=workload-cloud-6f545f89ff-vxw4v,0.009160456011960968
1783665150,cpu_utilisation,pod=workload-cloud-6f545f89ff-vxw4v,0.010991573606360562
1783665160,cpu_utilisation,pod=workload-cloud-6f545f89ff-vxw4v,0.011002678751937455
1783665170,cpu_utilisation,pod=workload-cloud-6f545f89ff-vxw4v,0.01097506766718746
1783665180,cpu_utilisation,pod=workload-cloud-6f545f89ff-vxw4v,0.011150328850133012
1783665190,cpu_utilisation,pod=workload-cloud-6f545f89ff-vxw4v,0.011032527345998848
1783665200,cpu_utilisation,pod=workload-cloud-6f545f89ff-vxw4v,0.010826657177714505
1783665210,cpu_utilisation,pod=workload-cloud-6f545f89ff-vxw4v,0.011093181136762748
1783665220,cpu_utilisation,pod=workload-cloud-6f545f89ff-vxw4v,0.008931678901002963
1783665230,cpu_utilisation,pod=workload-cloud-6f545f89ff-vxw4v,0.011354550798995229
1783665240,cpu_utilisation,pod=workload-cloud-6f545f89ff-vxw4v,0.012059979934380018
1783665250,cpu_utilisation,pod=workload-cloud-6f545f89ff-vxw4v,0.01204675946524292
1783665260,cpu_utilisation,pod=workload-cloud-6f545f89ff-vxw4v,0.012099334301884333
1783665270,cpu_utilisation,pod=workload-cloud-6f545f89ff-vxw4v,0.0122931253047294
1783664780,cpu_utilisation,pod=workload-cloud-6f545f89ff-w98jf,0.07045710708659718
1783664790,cpu_utilisation,pod=workload-cloud-6f545f89ff-w98jf,0.062071448340928495
1783664800,cpu_utilisation,pod=workload-cloud-6f545f89ff-w98jf,0.08141339745324218
1783664810,cpu_utilisation,pod=workload-cloud-6f545f89ff-w98jf,0.07436872454064025
1783664820,cpu_utilisation,pod=workload-cloud-6f545f89ff-w98jf,0.06944045204859128
1783664830,cpu_utilisation,pod=workload-cloud-6f545f89ff-w98jf,0.009536043823248332
1783664840,cpu_utilisation,pod=workload-cloud-6f545f89ff-w98jf,0.2122933631188297
1783664850,cpu_utilisation,pod=workload-cloud-6f545f89ff-w98jf,0.7813028153893015
1783664860,cpu_utilisation,pod=workload-cloud-6f545f89ff-w98jf,1.37419512716012
1783664870,cpu_utilisation,pod=workload-cloud-6f545f89ff-w98jf,1.680706219615879
1783664880,cpu_utilisation,pod=workload-cloud-6f545f89ff-w98jf,2.47903372967393
1783664890,cpu_utilisation,pod=workload-cloud-6f545f89ff-w98jf,2.7277985233724555
1783664900,cpu_utilisation,pod=workload-cloud-6f545f89ff-w98jf,2.9637536832127913
1783664910,cpu_utilisation,pod=workload-cloud-6f545f89ff-w98jf,2.9995465309717195
1783664920,cpu_utilisation,pod=workload-cloud-6f545f89ff-w98jf,2.9940968426083585
1783664930,cpu_utilisation,pod=workload-cloud-6f545f89ff-w98jf,2.994871141052278
1783664940,cpu_utilisation,pod=workload-cloud-6f545f89ff-w98jf,3.0212323733651436
1783664950,cpu_utilisation,pod=workload-cloud-6f545f89ff-w98jf,3.0212323733651436
1783664960,cpu_utilisation,pod=workload-cloud-6f545f89ff-w98jf,3.059230554196659
1783664970,cpu_utilisation,pod=workload-cloud-6f545f89ff-w98jf,3.0864284032584637
1783664980,cpu_utilisation,pod=workload-cloud-6f545f89ff-w98jf,3.0864284032584637
1783664990,cpu_utilisation,pod=workload-cloud-6f545f89ff-w98jf,2.980801544050862
1783665000,cpu_utilisation,pod=workload-cloud-6f545f89ff-w98jf,2.933088974107435
1783665010,cpu_utilisation,pod=workload-cloud-6f545f89ff-w98jf,2.447381395804745
1783665020,cpu_utilisation,pod=workload-cloud-6f545f89ff-w98jf,1.6164045370054243
1783665030,cpu_utilisation,pod=workload-cloud-6f545f89ff-w98jf,0.8777667520273147
1783665040,cpu_utilisation,pod=workload-cloud-6f545f89ff-w98jf,0.6203144372100272
1783665050,cpu_utilisation,pod=workload-cloud-6f545f89ff-w98jf,0.16642040262917368
1783665060,cpu_utilisation,pod=workload-cloud-6f545f89ff-w98jf,0.1678759416983027
1783665070,cpu_utilisation,pod=workload-cloud-6f545f89ff-w98jf,0.16671290887850443
1783665080,cpu_utilisation,pod=workload-cloud-6f545f89ff-w98jf,0.16839064021421582
1783665090,cpu_utilisation,pod=workload-cloud-6f545f89ff-w98jf,0.16674930814207542
1783665100,cpu_utilisation,pod=workload-cloud-6f545f89ff-w98jf,0.1637349502704591
1783665110,cpu_utilisation,pod=workload-cloud-6f545f89ff-w98jf,0.1637349502704591
1783665120,cpu_utilisation,pod=workload-cloud-6f545f89ff-w98jf,0.16436286939829842
1783665130,cpu_utilisation,pod=workload-cloud-6f545f89ff-w98jf,0.14336315800301774
1783665140,cpu_utilisation,pod=workload-cloud-6f545f89ff-w98jf,0.16458216478782853
1783665150,cpu_utilisation,pod=workload-cloud-6f545f89ff-w98jf,0.16553332162392598
1783665160,cpu_utilisation,pod=workload-cloud-6f545f89ff-w98jf,0.16476840190316366
1783665170,cpu_utilisation,pod=workload-cloud-6f545f89ff-w98jf,0.16435338910142652
1783665180,cpu_utilisation,pod=workload-cloud-6f545f89ff-w98jf,0.1646012638159091
1783665190,cpu_utilisation,pod=workload-cloud-6f545f89ff-w98jf,0.1663705235733722
1783665200,cpu_utilisation,pod=workload-cloud-6f545f89ff-w98jf,0.11725162379534272
1783665210,cpu_utilisation,pod=workload-cloud-6f545f89ff-w98jf,0.11725162379534272
1783665220,cpu_utilisation,pod=workload-cloud-6f545f89ff-w98jf,0.07106153315809877
1783665230,cpu_utilisation,pod=workload-cloud-6f545f89ff-w98jf,0.014746669023576093
1783665240,cpu_utilisation,pod=workload-cloud-6f545f89ff-w98jf,0.014469160590369182
1783665250,cpu_utilisation,pod=workload-cloud-6f545f89ff-w98jf,0.013140843415952213
1783665260,cpu_utilisation,pod=workload-cloud-6f545f89ff-w98jf,0.009808472904263654
1783664950,cpu_utilisation,pod=workload-cloud-6f545f89ff-xnnp6,0.09645210867084068
1783664960,cpu_utilisation,pod=workload-cloud-6f545f89ff-xnnp6,0.07455910663292667
1783664970,cpu_utilisation,pod=workload-cloud-6f545f89ff-xnnp6,0.07239897015218996
1783664980,cpu_utilisation,pod=workload-cloud-6f545f89ff-xnnp6,0.08774259415537004
1783664990,cpu_utilisation,pod=workload-cloud-6f545f89ff-xnnp6,0.011450508519939331
1783665000,cpu_utilisation,pod=workload-cloud-6f545f89ff-xnnp6,0.011350511042813231
1783665010,cpu_utilisation,pod=workload-cloud-6f545f89ff-xnnp6,0.011208364487108363
1783665020,cpu_utilisation,pod=workload-cloud-6f545f89ff-xnnp6,0.011406433084434231
1783665030,cpu_utilisation,pod=workload-cloud-6f545f89ff-xnnp6,0.009344917235473064
1783665040,cpu_utilisation,pod=workload-cloud-6f545f89ff-xnnp6,0.009539200564971748
1783665050,cpu_utilisation,pod=workload-cloud-6f545f89ff-xnnp6,0.011231206039878688
1783665060,cpu_utilisation,pod=workload-cloud-6f545f89ff-xnnp6,0.010928875877211855
1783665070,cpu_utilisation,pod=workload-cloud-6f545f89ff-xnnp6,0.010928875877211855
1783665080,cpu_utilisation,pod=workload-cloud-6f545f89ff-xnnp6,0.011030598323913463
1783665090,cpu_utilisation,pod=workload-cloud-6f545f89ff-xnnp6,0.010846897098268703
1783665100,cpu_utilisation,pod=workload-cloud-6f545f89ff-xnnp6,0.010758462926819043
1783665110,cpu_utilisation,pod=workload-cloud-6f545f89ff-xnnp6,0.010926270767261222
1783665120,cpu_utilisation,pod=workload-cloud-6f545f89ff-xnnp6,0.01071181614805777
1783665130,cpu_utilisation,pod=workload-cloud-6f545f89ff-xnnp6,0.010638672702539985
1783665140,cpu_utilisation,pod=workload-cloud-6f545f89ff-xnnp6,0.010756463935770701
1783665150,cpu_utilisation,pod=workload-cloud-6f545f89ff-xnnp6,0.010696600596021892
1783665160,cpu_utilisation,pod=workload-cloud-6f545f89ff-xnnp6,0.010630866851958683
1783665170,cpu_utilisation,pod=workload-cloud-6f545f89ff-xnnp6,0.010793880255390917
1783665180,cpu_utilisation,pod=workload-cloud-6f545f89ff-xnnp6,0.010880607344336555
1783665190,cpu_utilisation,pod=workload-cloud-6f545f89ff-xnnp6,0.010911480257078901
1783665200,cpu_utilisation,pod=workload-cloud-6f545f89ff-xnnp6,0.011051341139901916
1783664640,cpu_utilisation,pod=workload-edge-7b875fd8c6-pxwvc,0.0264506584801679
1783664650,cpu_utilisation,pod=workload-edge-7b875fd8c6-pxwvc,0.02574864537371711
1783664660,cpu_utilisation,pod=workload-edge-7b875fd8c6-pxwvc,0.02574864537371711
1783664670,cpu_utilisation,pod=workload-edge-7b875fd8c6-pxwvc,0.026677136530010376
1783664680,cpu_utilisation,pod=workload-edge-7b875fd8c6-pxwvc,0.02646000553558337
1783664690,cpu_utilisation,pod=workload-edge-7b875fd8c6-pxwvc,0.026585844376991543
1783664700,cpu_utilisation,pod=workload-edge-7b875fd8c6-pxwvc,0.026917050262698174
1783664710,cpu_utilisation,pod=workload-edge-7b875fd8c6-pxwvc,0.027118212313023294
1783664720,cpu_utilisation,pod=workload-edge-7b875fd8c6-pxwvc,0.027005949061183965
1783664730,cpu_utilisation,pod=workload-edge-7b875fd8c6-pxwvc,0.02733139655531466
1783664740,cpu_utilisation,pod=workload-edge-7b875fd8c6-pxwvc,0.0268860182371025
1783664750,cpu_utilisation,pod=workload-edge-7b875fd8c6-pxwvc,0.026199582195141354
1783664760,cpu_utilisation,pod=workload-edge-7b875fd8c6-pxwvc,0.02616748929896575
1783664770,cpu_utilisation,pod=workload-edge-7b875fd8c6-pxwvc,0.02610113849196067
1783664780,cpu_utilisation,pod=workload-edge-7b875fd8c6-pxwvc,0.026274021934839766
1783664790,cpu_utilisation,pod=workload-edge-7b875fd8c6-pxwvc,0.027004405286327707
1783664800,cpu_utilisation,pod=workload-edge-7b875fd8c6-pxwvc,0.027070416508183343
1783664810,cpu_utilisation,pod=workload-edge-7b875fd8c6-pxwvc,0.026832166106784447
1783664820,cpu_utilisation,pod=workload-edge-7b875fd8c6-pxwvc,0.02317768278300726
1783664830,cpu_utilisation,pod=workload-edge-7b875fd8c6-pxwvc,0.026188452001400468
1783664840,cpu_utilisation,pod=workload-edge-7b875fd8c6-pxwvc,0.02650970341966535
1783664850,cpu_utilisation,pod=workload-edge-7b875fd8c6-pxwvc,0.026951456677323706
1783664860,cpu_utilisation,pod=workload-edge-7b875fd8c6-pxwvc,0.027218101941540784
1783664870,cpu_utilisation,pod=workload-edge-7b875fd8c6-pxwvc,0.027461130026923332
1783664880,cpu_utilisation,pod=workload-edge-7b875fd8c6-pxwvc,0.02354784271717002
1783664890,cpu_utilisation,pod=workload-edge-7b875fd8c6-pxwvc,0.027596129468465402
1783664900,cpu_utilisation,pod=workload-edge-7b875fd8c6-pxwvc,0.028071072533478465
1783664910,cpu_utilisation,pod=workload-edge-7b875fd8c6-pxwvc,0.027910433238433747
1783664920,cpu_utilisation,pod=workload-edge-7b875fd8c6-pxwvc,0.027910433238433747
1783664930,cpu_utilisation,pod=workload-edge-7b875fd8c6-pxwvc,0.028147975802697418
1783664940,cpu_utilisation,pod=workload-edge-7b875fd8c6-pxwvc,0.028289022713598563
1783664950,cpu_utilisation,pod=workload-edge-7b875fd8c6-pxwvc,0.027404486793346495
1783664960,cpu_utilisation,pod=workload-edge-7b875fd8c6-pxwvc,0.027736335151447442
1783664970,cpu_utilisation,pod=workload-edge-7b875fd8c6-pxwvc,0.027686038801272767
1783664980,cpu_utilisation,pod=workload-edge-7b875fd8c6-pxwvc,0.027686038801272767
1783664990,cpu_utilisation,pod=workload-edge-7b875fd8c6-pxwvc,0.027072199889671696
1783665000,cpu_utilisation,pod=workload-edge-7b875fd8c6-pxwvc,0.02748234825194908
1783665010,cpu_utilisation,pod=workload-edge-7b875fd8c6-pxwvc,0.0260068750734922
1783665020,cpu_utilisation,pod=workload-edge-7b875fd8c6-pxwvc,0.021392821987536798
1783665030,cpu_utilisation,pod=workload-edge-7b875fd8c6-pxwvc,0.026230578083604586
1783665040,cpu_utilisation,pod=workload-edge-7b875fd8c6-pxwvc,0.026327336148343993
1783665050,cpu_utilisation,pod=workload-edge-7b875fd8c6-pxwvc,0.026927136813549666
1783665060,cpu_utilisation,pod=workload-edge-7b875fd8c6-pxwvc,0.02692713681354966
1783665070,cpu_utilisation,pod=workload-edge-7b875fd8c6-pxwvc,0.027006278468548715
1783665080,cpu_utilisation,pod=workload-edge-7b875fd8c6-pxwvc,0.026820873134917985
1783665090,cpu_utilisation,pod=workload-edge-7b875fd8c6-pxwvc,0.027557681107449383
1783665100,cpu_utilisation,pod=workload-edge-7b875fd8c6-pxwvc,0.027164080629734574
1783665110,cpu_utilisation,pod=workload-edge-7b875fd8c6-pxwvc,0.026505037211804656
1783665120,cpu_utilisation,pod=workload-edge-7b875fd8c6-pxwvc,0.022345955122652313
1783665130,cpu_utilisation,pod=workload-edge-7b875fd8c6-pxwvc,0.026876693257084232
1783665140,cpu_utilisation,pod=workload-edge-7b875fd8c6-pxwvc,0.022333039422168376
1783665150,cpu_utilisation,pod=workload-edge-7b875fd8c6-pxwvc,0.02606973459537251
1783665160,cpu_utilisation,pod=workload-edge-7b875fd8c6-pxwvc,0.026771539107128494
1783665170,cpu_utilisation,pod=workload-edge-7b875fd8c6-pxwvc,0.026424966352582215
1783665180,cpu_utilisation,pod=workload-edge-7b875fd8c6-pxwvc,0.02591787592674764
1783665190,cpu_utilisation,pod=workload-edge-7b875fd8c6-pxwvc,0.02141966743278099
1783665200,cpu_utilisation,pod=workload-edge-7b875fd8c6-pxwvc,0.026476893518042076
1783665210,cpu_utilisation,pod=workload-edge-7b875fd8c6-pxwvc,0.02671491953677669
1783665220,cpu_utilisation,pod=workload-edge-7b875fd8c6-pxwvc,0.027533526385306196
1783665230,cpu_utilisation,pod=workload-edge-7b875fd8c6-pxwvc,0.026788758116864913
1783665240,cpu_utilisation,pod=workload-edge-7b875fd8c6-pxwvc,0.027077414355845562
1783665250,cpu_utilisation,pod=workload-edge-7b875fd8c6-pxwvc,0.02678208912247759
1783665260,cpu_utilisation,pod=workload-edge-7b875fd8c6-pxwvc,0.02622890852420049
1783665270,cpu_utilisation,pod=workload-edge-7b875fd8c6-pxwvc,0.026192618645229874
1783664900,mem_mib,pod=workload-cloud-6f545f89ff-24nvr,2.9375
1783664910,mem_mib,pod=workload-cloud-6f545f89ff-24nvr,2.9375
1783664920,mem_mib,pod=workload-cloud-6f545f89ff-24nvr,35.1328125
1783664930,mem_mib,pod=workload-cloud-6f545f89ff-24nvr,35.1484375
1783664940,mem_mib,pod=workload-cloud-6f545f89ff-24nvr,35.1484375
1783664950,mem_mib,pod=workload-cloud-6f545f89ff-24nvr,35.171875
1783664960,mem_mib,pod=workload-cloud-6f545f89ff-24nvr,35.171875
1783664970,mem_mib,pod=workload-cloud-6f545f89ff-24nvr,35.18359375
1783664980,mem_mib,pod=workload-cloud-6f545f89ff-24nvr,35.1953125
1783664990,mem_mib,pod=workload-cloud-6f545f89ff-24nvr,35.1953125
1783665000,mem_mib,pod=workload-cloud-6f545f89ff-24nvr,35.19921875
1783665010,mem_mib,pod=workload-cloud-6f545f89ff-24nvr,35.19921875
1783665020,mem_mib,pod=workload-cloud-6f545f89ff-24nvr,35.19921875
1783665030,mem_mib,pod=workload-cloud-6f545f89ff-24nvr,35.203125
1783665040,mem_mib,pod=workload-cloud-6f545f89ff-24nvr,35.2109375
1783665050,mem_mib,pod=workload-cloud-6f545f89ff-24nvr,35.2109375
1783665060,mem_mib,pod=workload-cloud-6f545f89ff-24nvr,35.2109375
1783665070,mem_mib,pod=workload-cloud-6f545f89ff-24nvr,35.2109375
1783665080,mem_mib,pod=workload-cloud-6f545f89ff-24nvr,35.21484375
1783665090,mem_mib,pod=workload-cloud-6f545f89ff-24nvr,35.21484375
1783665100,mem_mib,pod=workload-cloud-6f545f89ff-24nvr,35.21875
1783665110,mem_mib,pod=workload-cloud-6f545f89ff-24nvr,35.21875
1783665120,mem_mib,pod=workload-cloud-6f545f89ff-24nvr,35.21875
1783665130,mem_mib,pod=workload-cloud-6f545f89ff-24nvr,35.21875
1783665140,mem_mib,pod=workload-cloud-6f545f89ff-24nvr,35.23828125
1783665150,mem_mib,pod=workload-cloud-6f545f89ff-24nvr,35.23828125
1783665160,mem_mib,pod=workload-cloud-6f545f89ff-24nvr,35.23828125
1783665170,mem_mib,pod=workload-cloud-6f545f89ff-24nvr,35.23828125
1783665180,mem_mib,pod=workload-cloud-6f545f89ff-24nvr,35.23828125
1783665190,mem_mib,pod=workload-cloud-6f545f89ff-24nvr,35.25
1783665200,mem_mib,pod=workload-cloud-6f545f89ff-24nvr,35.25
1783665210,mem_mib,pod=workload-cloud-6f545f89ff-24nvr,35.25
1783665220,mem_mib,pod=workload-cloud-6f545f89ff-24nvr,35.25
1783665230,mem_mib,pod=workload-cloud-6f545f89ff-24nvr,35.25
1783665240,mem_mib,pod=workload-cloud-6f545f89ff-24nvr,35.2578125
1783665250,mem_mib,pod=workload-cloud-6f545f89ff-24nvr,35.2578125
1783665260,mem_mib,pod=workload-cloud-6f545f89ff-24nvr,35.2578125
1783665270,mem_mib,pod=workload-cloud-6f545f89ff-24nvr,35.2578125
1783664840,mem_mib,pod=workload-cloud-6f545f89ff-n62ds,3.15625
1783664850,mem_mib,pod=workload-cloud-6f545f89ff-n62ds,36.13671875
1783664860,mem_mib,pod=workload-cloud-6f545f89ff-n62ds,36.9375
1783664870,mem_mib,pod=workload-cloud-6f545f89ff-n62ds,36.9375
1783664880,mem_mib,pod=workload-cloud-6f545f89ff-n62ds,36.9765625
1783664890,mem_mib,pod=workload-cloud-6f545f89ff-n62ds,37.296875
1783664900,mem_mib,pod=workload-cloud-6f545f89ff-n62ds,37.296875
1783664910,mem_mib,pod=workload-cloud-6f545f89ff-n62ds,37.0625
1783664920,mem_mib,pod=workload-cloud-6f545f89ff-n62ds,37.0625
1783664930,mem_mib,pod=workload-cloud-6f545f89ff-n62ds,37.30078125
1783664940,mem_mib,pod=workload-cloud-6f545f89ff-n62ds,37.34765625
1783664950,mem_mib,pod=workload-cloud-6f545f89ff-n62ds,37.94140625
1783664960,mem_mib,pod=workload-cloud-6f545f89ff-n62ds,37.94140625
1783664970,mem_mib,pod=workload-cloud-6f545f89ff-n62ds,37.34765625
1783664980,mem_mib,pod=workload-cloud-6f545f89ff-n62ds,37.34765625
1783664990,mem_mib,pod=workload-cloud-6f545f89ff-n62ds,37.34765625
1783665000,mem_mib,pod=workload-cloud-6f545f89ff-n62ds,36.56640625
1783665010,mem_mib,pod=workload-cloud-6f545f89ff-n62ds,36.5703125
1783665020,mem_mib,pod=workload-cloud-6f545f89ff-n62ds,36.5703125
1783665030,mem_mib,pod=workload-cloud-6f545f89ff-n62ds,36.5703125
1783665040,mem_mib,pod=workload-cloud-6f545f89ff-n62ds,36.56640625
1783665050,mem_mib,pod=workload-cloud-6f545f89ff-n62ds,36.5703125
1783665060,mem_mib,pod=workload-cloud-6f545f89ff-n62ds,36.5703125
1783665070,mem_mib,pod=workload-cloud-6f545f89ff-n62ds,36.5703125
1783665080,mem_mib,pod=workload-cloud-6f545f89ff-n62ds,36.56640625
1783665090,mem_mib,pod=workload-cloud-6f545f89ff-n62ds,36.5703125
1783665100,mem_mib,pod=workload-cloud-6f545f89ff-n62ds,36.5703125
1783665110,mem_mib,pod=workload-cloud-6f545f89ff-n62ds,36.5703125
1783665120,mem_mib,pod=workload-cloud-6f545f89ff-n62ds,36.5703125
1783665130,mem_mib,pod=workload-cloud-6f545f89ff-n62ds,36.5703125
1783665140,mem_mib,pod=workload-cloud-6f545f89ff-n62ds,36.56640625
1783665150,mem_mib,pod=workload-cloud-6f545f89ff-n62ds,36.56640625
1783665160,mem_mib,pod=workload-cloud-6f545f89ff-n62ds,36.56640625
1783665170,mem_mib,pod=workload-cloud-6f545f89ff-n62ds,36.5703125
1783665180,mem_mib,pod=workload-cloud-6f545f89ff-n62ds,36.5703125
1783665190,mem_mib,pod=workload-cloud-6f545f89ff-n62ds,36.56640625
1783665200,mem_mib,pod=workload-cloud-6f545f89ff-n62ds,36.56640625
1783665210,mem_mib,pod=workload-cloud-6f545f89ff-n62ds,36.56640625
1783665220,mem_mib,pod=workload-cloud-6f545f89ff-n62ds,36.56640625
1783665230,mem_mib,pod=workload-cloud-6f545f89ff-n62ds,36.56640625
1783665240,mem_mib,pod=workload-cloud-6f545f89ff-n62ds,36.56640625
1783665250,mem_mib,pod=workload-cloud-6f545f89ff-n62ds,36.56640625
1783665260,mem_mib,pod=workload-cloud-6f545f89ff-n62ds,36.5703125
1783665270,mem_mib,pod=workload-cloud-6f545f89ff-n62ds,36.5703125
1783664640,mem_mib,pod=workload-cloud-6f545f89ff-r28zz,37.4921875
1783664650,mem_mib,pod=workload-cloud-6f545f89ff-r28zz,37.7421875
1783664660,mem_mib,pod=workload-cloud-6f545f89ff-r28zz,37.98828125
1783664670,mem_mib,pod=workload-cloud-6f545f89ff-r28zz,37.98828125
1783664680,mem_mib,pod=workload-cloud-6f545f89ff-r28zz,38.0234375
1783664690,mem_mib,pod=workload-cloud-6f545f89ff-r28zz,37.84375
1783664700,mem_mib,pod=workload-cloud-6f545f89ff-r28zz,37.84375
1783664710,mem_mib,pod=workload-cloud-6f545f89ff-r28zz,37.6484375
1783664720,mem_mib,pod=workload-cloud-6f545f89ff-r28zz,37.81640625
1783664730,mem_mib,pod=workload-cloud-6f545f89ff-r28zz,37.81640625
1783664740,mem_mib,pod=workload-cloud-6f545f89ff-r28zz,38.125
1783664750,mem_mib,pod=workload-cloud-6f545f89ff-r28zz,38.125
1783664760,mem_mib,pod=workload-cloud-6f545f89ff-r28zz,37.95703125
1783664770,mem_mib,pod=workload-cloud-6f545f89ff-r28zz,38.81640625
1783664780,mem_mib,pod=workload-cloud-6f545f89ff-r28zz,38.31640625
1783664790,mem_mib,pod=workload-cloud-6f545f89ff-r28zz,38.31640625
1783664800,mem_mib,pod=workload-cloud-6f545f89ff-r28zz,38.484375
1783664810,mem_mib,pod=workload-cloud-6f545f89ff-r28zz,38.484375
1783664820,mem_mib,pod=workload-cloud-6f545f89ff-r28zz,38.98828125
1783664830,mem_mib,pod=workload-cloud-6f545f89ff-r28zz,39.046875
1783664840,mem_mib,pod=workload-cloud-6f545f89ff-r28zz,39.96484375
1783664850,mem_mib,pod=workload-cloud-6f545f89ff-r28zz,39.96484375
1783664860,mem_mib,pod=workload-cloud-6f545f89ff-r28zz,40.66796875
1783664870,mem_mib,pod=workload-cloud-6f545f89ff-r28zz,41.8359375
1783664880,mem_mib,pod=workload-cloud-6f545f89ff-r28zz,41.8359375
1783664890,mem_mib,pod=workload-cloud-6f545f89ff-r28zz,41.2578125
1783664900,mem_mib,pod=workload-cloud-6f545f89ff-r28zz,41.03125
1783664910,mem_mib,pod=workload-cloud-6f545f89ff-r28zz,41.03125
1783664920,mem_mib,pod=workload-cloud-6f545f89ff-r28zz,40.91015625
1783664930,mem_mib,pod=workload-cloud-6f545f89ff-r28zz,40.91015625
1783664940,mem_mib,pod=workload-cloud-6f545f89ff-r28zz,41.00390625
1783664950,mem_mib,pod=workload-cloud-6f545f89ff-r28zz,40.86328125
1783664960,mem_mib,pod=workload-cloud-6f545f89ff-r28zz,40.94140625
1783664970,mem_mib,pod=workload-cloud-6f545f89ff-r28zz,40.94140625
1783664980,mem_mib,pod=workload-cloud-6f545f89ff-r28zz,40.91015625
1783664990,mem_mib,pod=workload-cloud-6f545f89ff-r28zz,40.91015625
1783665000,mem_mib,pod=workload-cloud-6f545f89ff-r28zz,42.42578125
1783665010,mem_mib,pod=workload-cloud-6f545f89ff-r28zz,40.27734375
1783665020,mem_mib,pod=workload-cloud-6f545f89ff-r28zz,40.03125
1783665030,mem_mib,pod=workload-cloud-6f545f89ff-r28zz,40.03125
1783665040,mem_mib,pod=workload-cloud-6f545f89ff-r28zz,40.83984375
1783665050,mem_mib,pod=workload-cloud-6f545f89ff-r28zz,40.82421875
1783665060,mem_mib,pod=workload-cloud-6f545f89ff-r28zz,40.3125
1783665070,mem_mib,pod=workload-cloud-6f545f89ff-r28zz,40.3125
1783665080,mem_mib,pod=workload-cloud-6f545f89ff-r28zz,40.09765625
1783665090,mem_mib,pod=workload-cloud-6f545f89ff-r28zz,40.09765625
1783665100,mem_mib,pod=workload-cloud-6f545f89ff-r28zz,41.05078125
1783665110,mem_mib,pod=workload-cloud-6f545f89ff-r28zz,40.546875
1783665120,mem_mib,pod=workload-cloud-6f545f89ff-r28zz,40.546875
1783665130,mem_mib,pod=workload-cloud-6f545f89ff-r28zz,40.3125
1783665140,mem_mib,pod=workload-cloud-6f545f89ff-r28zz,40.12890625
1783665150,mem_mib,pod=workload-cloud-6f545f89ff-r28zz,40.12890625
1783665160,mem_mib,pod=workload-cloud-6f545f89ff-r28zz,40.84375
1783665170,mem_mib,pod=workload-cloud-6f545f89ff-r28zz,40.84375
1783665180,mem_mib,pod=workload-cloud-6f545f89ff-r28zz,40.11328125
1783665190,mem_mib,pod=workload-cloud-6f545f89ff-r28zz,40.34375
1783665200,mem_mib,pod=workload-cloud-6f545f89ff-r28zz,40.34375
1783665210,mem_mib,pod=workload-cloud-6f545f89ff-r28zz,40.06640625
1783665220,mem_mib,pod=workload-cloud-6f545f89ff-r28zz,40.06640625
1783665230,mem_mib,pod=workload-cloud-6f545f89ff-r28zz,39.26953125
1783665240,mem_mib,pod=workload-cloud-6f545f89ff-r28zz,39.22265625
1783665250,mem_mib,pod=workload-cloud-6f545f89ff-r28zz,39.22265625
1783665260,mem_mib,pod=workload-cloud-6f545f89ff-r28zz,39.22265625
1783665270,mem_mib,pod=workload-cloud-6f545f89ff-r28zz,39.22265625
1783664870,mem_mib,pod=workload-cloud-6f545f89ff-vxw4v,3.390625
1783664880,mem_mib,pod=workload-cloud-6f545f89ff-vxw4v,35.13671875
1783664890,mem_mib,pod=workload-cloud-6f545f89ff-vxw4v,35.13671875
1783664900,mem_mib,pod=workload-cloud-6f545f89ff-vxw4v,35.15625
1783664910,mem_mib,pod=workload-cloud-6f545f89ff-vxw4v,35.1796875
1783664920,mem_mib,pod=workload-cloud-6f545f89ff-vxw4v,35.1796875
1783664930,mem_mib,pod=workload-cloud-6f545f89ff-vxw4v,35.1796875
1783664940,mem_mib,pod=workload-cloud-6f545f89ff-vxw4v,35.1875
1783664950,mem_mib,pod=workload-cloud-6f545f89ff-vxw4v,35.203125
1783664960,mem_mib,pod=workload-cloud-6f545f89ff-vxw4v,35.203125
1783664970,mem_mib,pod=workload-cloud-6f545f89ff-vxw4v,35.203125
1783664980,mem_mib,pod=workload-cloud-6f545f89ff-vxw4v,35.203125
1783664990,mem_mib,pod=workload-cloud-6f545f89ff-vxw4v,35.203125
1783665000,mem_mib,pod=workload-cloud-6f545f89ff-vxw4v,35.20703125
1783665010,mem_mib,pod=workload-cloud-6f545f89ff-vxw4v,35.20703125
1783665020,mem_mib,pod=workload-cloud-6f545f89ff-vxw4v,35.21484375
1783665030,mem_mib,pod=workload-cloud-6f545f89ff-vxw4v,35.21484375
1783665040,mem_mib,pod=workload-cloud-6f545f89ff-vxw4v,35.21484375
1783665050,mem_mib,pod=workload-cloud-6f545f89ff-vxw4v,35.22265625
1783665060,mem_mib,pod=workload-cloud-6f545f89ff-vxw4v,35.22265625
1783665070,mem_mib,pod=workload-cloud-6f545f89ff-vxw4v,35.22265625
1783665080,mem_mib,pod=workload-cloud-6f545f89ff-vxw4v,35.22265625
1783665090,mem_mib,pod=workload-cloud-6f545f89ff-vxw4v,35.22265625
1783665100,mem_mib,pod=workload-cloud-6f545f89ff-vxw4v,35.22265625
1783665110,mem_mib,pod=workload-cloud-6f545f89ff-vxw4v,35.23828125
1783665120,mem_mib,pod=workload-cloud-6f545f89ff-vxw4v,35.23828125
1783665130,mem_mib,pod=workload-cloud-6f545f89ff-vxw4v,35.23828125
1783665140,mem_mib,pod=workload-cloud-6f545f89ff-vxw4v,35.23828125
1783665150,mem_mib,pod=workload-cloud-6f545f89ff-vxw4v,35.2421875
1783665160,mem_mib,pod=workload-cloud-6f545f89ff-vxw4v,35.24609375
1783665170,mem_mib,pod=workload-cloud-6f545f89ff-vxw4v,35.24609375
1783665180,mem_mib,pod=workload-cloud-6f545f89ff-vxw4v,35.24609375
1783665190,mem_mib,pod=workload-cloud-6f545f89ff-vxw4v,35.24609375
1783665200,mem_mib,pod=workload-cloud-6f545f89ff-vxw4v,35.25
1783665210,mem_mib,pod=workload-cloud-6f545f89ff-vxw4v,35.25
1783665220,mem_mib,pod=workload-cloud-6f545f89ff-vxw4v,35.25
1783665230,mem_mib,pod=workload-cloud-6f545f89ff-vxw4v,35.25
1783665240,mem_mib,pod=workload-cloud-6f545f89ff-vxw4v,35.25
1783665250,mem_mib,pod=workload-cloud-6f545f89ff-vxw4v,35.25
1783665260,mem_mib,pod=workload-cloud-6f545f89ff-vxw4v,35.25
1783665270,mem_mib,pod=workload-cloud-6f545f89ff-vxw4v,35.25
1783664770,mem_mib,pod=workload-cloud-6f545f89ff-w98jf,3.71484375
1783664780,mem_mib,pod=workload-cloud-6f545f89ff-w98jf,37.9609375
1783664790,mem_mib,pod=workload-cloud-6f545f89ff-w98jf,37.984375
1783664800,mem_mib,pod=workload-cloud-6f545f89ff-w98jf,37.984375
1783664810,mem_mib,pod=workload-cloud-6f545f89ff-w98jf,38.0
1783664820,mem_mib,pod=workload-cloud-6f545f89ff-w98jf,38.00390625
1783664830,mem_mib,pod=workload-cloud-6f545f89ff-w98jf,38.00390625
1783664840,mem_mib,pod=workload-cloud-6f545f89ff-w98jf,39.3984375
1783664850,mem_mib,pod=workload-cloud-6f545f89ff-w98jf,41.07421875
1783664860,mem_mib,pod=workload-cloud-6f545f89ff-w98jf,42.28515625
1783664870,mem_mib,pod=workload-cloud-6f545f89ff-w98jf,42.28515625
1783664880,mem_mib,pod=workload-cloud-6f545f89ff-w98jf,42.49609375
1783664890,mem_mib,pod=workload-cloud-6f545f89ff-w98jf,42.49609375
1783664900,mem_mib,pod=workload-cloud-6f545f89ff-w98jf,42.53125
1783664910,mem_mib,pod=workload-cloud-6f545f89ff-w98jf,43.32421875
1783664920,mem_mib,pod=workload-cloud-6f545f89ff-w98jf,43.32421875
1783664930,mem_mib,pod=workload-cloud-6f545f89ff-w98jf,42.6484375
1783664940,mem_mib,pod=workload-cloud-6f545f89ff-w98jf,42.65234375
1783664950,mem_mib,pod=workload-cloud-6f545f89ff-w98jf,42.65234375
1783664960,mem_mib,pod=workload-cloud-6f545f89ff-w98jf,42.7265625
1783664970,mem_mib,pod=workload-cloud-6f545f89ff-w98jf,42.94921875
1783664980,mem_mib,pod=workload-cloud-6f545f89ff-w98jf,42.94921875
1783664990,mem_mib,pod=workload-cloud-6f545f89ff-w98jf,42.58984375
1783665000,mem_mib,pod=workload-cloud-6f545f89ff-w98jf,42.58984375
1783665010,mem_mib,pod=workload-cloud-6f545f89ff-w98jf,41.78515625
1783665020,mem_mib,pod=workload-cloud-6f545f89ff-w98jf,41.0703125
1783665030,mem_mib,pod=workload-cloud-6f545f89ff-w98jf,41.0703125
1783665040,mem_mib,pod=workload-cloud-6f545f89ff-w98jf,41.09765625
1783665050,mem_mib,pod=workload-cloud-6f545f89ff-w98jf,41.09765625
1783665060,mem_mib,pod=workload-cloud-6f545f89ff-w98jf,41.07421875
1783665070,mem_mib,pod=workload-cloud-6f545f89ff-w98jf,41.0859375
1783665080,mem_mib,pod=workload-cloud-6f545f89ff-w98jf,41.0859375
1783665090,mem_mib,pod=workload-cloud-6f545f89ff-w98jf,41.08203125
1783665100,mem_mib,pod=workload-cloud-6f545f89ff-w98jf,41.08203125
1783665110,mem_mib,pod=workload-cloud-6f545f89ff-w98jf,41.08203125
1783665120,mem_mib,pod=workload-cloud-6f545f89ff-w98jf,41.11328125
1783665130,mem_mib,pod=workload-cloud-6f545f89ff-w98jf,41.0859375
1783665140,mem_mib,pod=workload-cloud-6f545f89ff-w98jf,41.08984375
1783665150,mem_mib,pod=workload-cloud-6f545f89ff-w98jf,41.08984375
1783665160,mem_mib,pod=workload-cloud-6f545f89ff-w98jf,41.0859375
1783665170,mem_mib,pod=workload-cloud-6f545f89ff-w98jf,41.0859375
1783665180,mem_mib,pod=workload-cloud-6f545f89ff-w98jf,41.0859375
1783665190,mem_mib,pod=workload-cloud-6f545f89ff-w98jf,41.1171875
1783665200,mem_mib,pod=workload-cloud-6f545f89ff-w98jf,41.0859375
1783665210,mem_mib,pod=workload-cloud-6f545f89ff-w98jf,41.0859375
1783665220,mem_mib,pod=workload-cloud-6f545f89ff-w98jf,41.0859375
1783665230,mem_mib,pod=workload-cloud-6f545f89ff-w98jf,41.0859375
1783665240,mem_mib,pod=workload-cloud-6f545f89ff-w98jf,41.0859375
1783665250,mem_mib,pod=workload-cloud-6f545f89ff-w98jf,41.0859375
1783664930,mem_mib,pod=workload-cloud-6f545f89ff-xnnp6,3.0625
1783664940,mem_mib,pod=workload-cloud-6f545f89ff-xnnp6,3.0625
1783664950,mem_mib,pod=workload-cloud-6f545f89ff-xnnp6,35.13671875
1783664960,mem_mib,pod=workload-cloud-6f545f89ff-xnnp6,35.15234375
1783664970,mem_mib,pod=workload-cloud-6f545f89ff-xnnp6,35.1640625
1783664980,mem_mib,pod=workload-cloud-6f545f89ff-xnnp6,35.1640625
1783664990,mem_mib,pod=workload-cloud-6f545f89ff-xnnp6,35.1640625
1783665000,mem_mib,pod=workload-cloud-6f545f89ff-xnnp6,35.171875
1783665010,mem_mib,pod=workload-cloud-6f545f89ff-xnnp6,35.171875
1783665020,mem_mib,pod=workload-cloud-6f545f89ff-xnnp6,35.19140625
1783665030,mem_mib,pod=workload-cloud-6f545f89ff-xnnp6,35.19140625
1783665040,mem_mib,pod=workload-cloud-6f545f89ff-xnnp6,35.19140625
1783665050,mem_mib,pod=workload-cloud-6f545f89ff-xnnp6,35.19140625
1783665060,mem_mib,pod=workload-cloud-6f545f89ff-xnnp6,35.19921875
1783665070,mem_mib,pod=workload-cloud-6f545f89ff-xnnp6,35.19921875
1783665080,mem_mib,pod=workload-cloud-6f545f89ff-xnnp6,35.203125
1783665090,mem_mib,pod=workload-cloud-6f545f89ff-xnnp6,35.203125
1783665100,mem_mib,pod=workload-cloud-6f545f89ff-xnnp6,35.203125
1783665110,mem_mib,pod=workload-cloud-6f545f89ff-xnnp6,35.203125
1783665120,mem_mib,pod=workload-cloud-6f545f89ff-xnnp6,35.22265625
1783665130,mem_mib,pod=workload-cloud-6f545f89ff-xnnp6,35.22265625
1783665140,mem_mib,pod=workload-cloud-6f545f89ff-xnnp6,35.22265625
1783665150,mem_mib,pod=workload-cloud-6f545f89ff-xnnp6,35.22265625
1783665160,mem_mib,pod=workload-cloud-6f545f89ff-xnnp6,35.22265625
1783665170,mem_mib,pod=workload-cloud-6f545f89ff-xnnp6,35.234375
1783665180,mem_mib,pod=workload-cloud-6f545f89ff-xnnp6,35.234375
1783665190,mem_mib,pod=workload-cloud-6f545f89ff-xnnp6,35.234375
1783664640,mem_mib,pod=workload-edge-7b875fd8c6-pxwvc,39.26171875
1783664650,mem_mib,pod=workload-edge-7b875fd8c6-pxwvc,39.26171875
1783664660,mem_mib,pod=workload-edge-7b875fd8c6-pxwvc,39.26171875
1783664670,mem_mib,pod=workload-edge-7b875fd8c6-pxwvc,39.26171875
1783664680,mem_mib,pod=workload-edge-7b875fd8c6-pxwvc,39.26171875
1783664690,mem_mib,pod=workload-edge-7b875fd8c6-pxwvc,39.265625
1783664700,mem_mib,pod=workload-edge-7b875fd8c6-pxwvc,39.265625
1783664710,mem_mib,pod=workload-edge-7b875fd8c6-pxwvc,39.26171875
1783664720,mem_mib,pod=workload-edge-7b875fd8c6-pxwvc,39.26171875
1783664730,mem_mib,pod=workload-edge-7b875fd8c6-pxwvc,39.26171875
1783664740,mem_mib,pod=workload-edge-7b875fd8c6-pxwvc,39.26171875
1783664750,mem_mib,pod=workload-edge-7b875fd8c6-pxwvc,39.26171875
1783664760,mem_mib,pod=workload-edge-7b875fd8c6-pxwvc,39.26171875
1783664770,mem_mib,pod=workload-edge-7b875fd8c6-pxwvc,39.26171875
1783664780,mem_mib,pod=workload-edge-7b875fd8c6-pxwvc,39.26171875
1783664790,mem_mib,pod=workload-edge-7b875fd8c6-pxwvc,39.51171875
1783664800,mem_mib,pod=workload-edge-7b875fd8c6-pxwvc,39.26171875
1783664810,mem_mib,pod=workload-edge-7b875fd8c6-pxwvc,39.26171875
1783664820,mem_mib,pod=workload-edge-7b875fd8c6-pxwvc,39.26171875
1783664830,mem_mib,pod=workload-edge-7b875fd8c6-pxwvc,39.26171875
1783664840,mem_mib,pod=workload-edge-7b875fd8c6-pxwvc,39.26171875
1783664850,mem_mib,pod=workload-edge-7b875fd8c6-pxwvc,39.26171875
1783664860,mem_mib,pod=workload-edge-7b875fd8c6-pxwvc,39.26171875
1783664870,mem_mib,pod=workload-edge-7b875fd8c6-pxwvc,39.26171875
1783664880,mem_mib,pod=workload-edge-7b875fd8c6-pxwvc,39.26171875
1783664890,mem_mib,pod=workload-edge-7b875fd8c6-pxwvc,39.26171875
1783664900,mem_mib,pod=workload-edge-7b875fd8c6-pxwvc,39.26171875
1783664910,mem_mib,pod=workload-edge-7b875fd8c6-pxwvc,39.26171875
1783664920,mem_mib,pod=workload-edge-7b875fd8c6-pxwvc,39.26171875
1783664930,mem_mib,pod=workload-edge-7b875fd8c6-pxwvc,39.265625
1783664940,mem_mib,pod=workload-edge-7b875fd8c6-pxwvc,39.26171875
1783664950,mem_mib,pod=workload-edge-7b875fd8c6-pxwvc,39.26171875
1783664960,mem_mib,pod=workload-edge-7b875fd8c6-pxwvc,39.26171875
1783664970,mem_mib,pod=workload-edge-7b875fd8c6-pxwvc,39.26171875
1783664980,mem_mib,pod=workload-edge-7b875fd8c6-pxwvc,39.26171875
1783664990,mem_mib,pod=workload-edge-7b875fd8c6-pxwvc,39.26171875
1783665000,mem_mib,pod=workload-edge-7b875fd8c6-pxwvc,39.26171875
1783665010,mem_mib,pod=workload-edge-7b875fd8c6-pxwvc,39.26171875
1783665020,mem_mib,pod=workload-edge-7b875fd8c6-pxwvc,39.26171875
1783665030,mem_mib,pod=workload-edge-7b875fd8c6-pxwvc,39.26171875
1783665040,mem_mib,pod=workload-edge-7b875fd8c6-pxwvc,39.26171875
1783665050,mem_mib,pod=workload-edge-7b875fd8c6-pxwvc,39.26171875
1783665060,mem_mib,pod=workload-edge-7b875fd8c6-pxwvc,39.26171875
1783665070,mem_mib,pod=workload-edge-7b875fd8c6-pxwvc,39.26171875
1783665080,mem_mib,pod=workload-edge-7b875fd8c6-pxwvc,39.26171875
1783665090,mem_mib,pod=workload-edge-7b875fd8c6-pxwvc,39.51953125
1783665100,mem_mib,pod=workload-edge-7b875fd8c6-pxwvc,39.26171875
1783665110,mem_mib,pod=workload-edge-7b875fd8c6-pxwvc,39.26171875
1783665120,mem_mib,pod=workload-edge-7b875fd8c6-pxwvc,39.26171875
1783665130,mem_mib,pod=workload-edge-7b875fd8c6-pxwvc,39.26171875
1783665140,mem_mib,pod=workload-edge-7b875fd8c6-pxwvc,39.26171875
1783665150,mem_mib,pod=workload-edge-7b875fd8c6-pxwvc,39.26171875
1783665160,mem_mib,pod=workload-edge-7b875fd8c6-pxwvc,39.26171875
1783665170,mem_mib,pod=workload-edge-7b875fd8c6-pxwvc,39.26171875
1783665180,mem_mib,pod=workload-edge-7b875fd8c6-pxwvc,39.26171875
1783665190,mem_mib,pod=workload-edge-7b875fd8c6-pxwvc,39.26171875
1783665200,mem_mib,pod=workload-edge-7b875fd8c6-pxwvc,39.26171875
1783665210,mem_mib,pod=workload-edge-7b875fd8c6-pxwvc,39.26171875
1783665220,mem_mib,pod=workload-edge-7b875fd8c6-pxwvc,39.26171875
1783665230,mem_mib,pod=workload-edge-7b875fd8c6-pxwvc,39.26171875
1783665240,mem_mib,pod=workload-edge-7b875fd8c6-pxwvc,39.265625
1783665250,mem_mib,pod=workload-edge-7b875fd8c6-pxwvc,39.26171875
1783665260,mem_mib,pod=workload-edge-7b875fd8c6-pxwvc,39.26171875
1783665270,mem_mib,pod=workload-edge-7b875fd8c6-pxwvc,39.26171875
1783664640,rps,tier=cloud,0.0
1783664650,rps,tier=cloud,1.6800896049282779
1783664660,rps,tier=cloud,7.400444026641599
1783664670,rps,tier=cloud,17.161029661779708
1783664680,rps,tier=cloud,30.80123204928197
1783664690,rps,tier=cloud,48.32386590927274
1783664700,rps,tier=cloud,68.28540765551244
1783664710,rps,tier=cloud,87.86527191631498
1783664720,rps,tier=cloud,107.0285622849828
1783664730,rps,tier=cloud,125.41003280262422
1783664740,rps,tier=cloud,143.42432814494924
1783664750,rps,tier=cloud,159.53119120101843
1783664760,rps,tier=cloud,175.15050903054185
1783664770,rps,tier=cloud,190.42761710468417
1783664780,rps,tier=cloud,207.69661572925833
1783664790,rps,tier=cloud,222.13777102168171
1783664800,rps,tier=cloud,237.20474409488196
1783664810,rps,tier=cloud,250.87758085710766
1783664820,rps,tier=cloud,266.39598375902557
1783664830,rps,tier=cloud,279.90559811196226
1783664840,rps,tier=cloud,378.8881703995378
1783664850,rps,tier=cloud,489.29424832223077
1783664860,rps,tier=cloud,666.7210116439109
1783664870,rps,tier=cloud,827.0019127932
1783664880,rps,tier=cloud,986.3831981688907
1783664890,rps,tier=cloud,1122.9441191683802
1783664900,rps,tier=cloud,1181.377525159657
1783664910,rps,tier=cloud,1202.3287128303807
1783664920,rps,tier=cloud,1205.4836824565605
1783664930,rps,tier=cloud,1200.3233895129797
1783664940,rps,tier=cloud,1200.5983106742658
1783664950,rps,tier=cloud,1203.2727171838637
1783664960,rps,tier=cloud,1204.4043260245028
1783664970,rps,tier=cloud,1206.9815948297646
1783664980,rps,tier=cloud,1218.2625401893981
1783664990,rps,tier=cloud,1172.6968027234368
1783665000,rps,tier=cloud,1063.2914302580436
1783665010,rps,tier=cloud,895.3547097663021
1783665020,rps,tier=cloud,713.9957487776493
1783665030,rps,tier=cloud,527.1132201206735
1783665040,rps,tier=cloud,395.4751013897033
1783665050,rps,tier=cloud,323.56017288145165
1783665060,rps,tier=cloud,314.2418003436875
1783665070,rps,tier=cloud,315.3064977376191
1783665080,rps,tier=cloud,315.08520094163947
1783665090,rps,tier=cloud,316.76217158356326
1783665100,rps,tier=cloud,317.1863437268746
1783665110,rps,tier=cloud,317.70541643331467
1783665120,rps,tier=cloud,316.3049203782696
1783665130,rps,tier=cloud,317.0295067167794
1783665140,rps,tier=cloud,315.5622800045017
1783665150,rps,tier=cloud,316.46233920847
1783665160,rps,tier=cloud,316.6496863278599
1783665170,rps,tier=cloud,316.5455156604548
1783665180,rps,tier=cloud,315.90527242179377
1783665190,rps,tier=cloud,313.8925557022281
1783665200,rps,tier=cloud,298.523685195729
1783665210,rps,tier=cloud,262.13582775763416
1783665220,rps,tier=cloud,204.04804231930072
1783665230,rps,tier=cloud,141.0512184944554
1783665240,rps,tier=cloud,79.90479428765727
1783665250,rps,tier=cloud,32.761039236145336
1783665260,rps,tier=cloud,5.480438435074806
1783665270,rps,tier=cloud,0.0
1783664640,rps,tier=edge,0.0
1783664650,rps,tier=edge,0.0
1783664660,rps,tier=edge,0.0
1783664670,rps,tier=edge,0.0
1783664680,rps,tier=edge,0.0
1783664690,rps,tier=edge,0.0
1783664700,rps,tier=edge,0.0
1783664710,rps,tier=edge,0.0
1783664720,rps,tier=edge,0.0
1783664730,rps,tier=edge,0.0
1783664740,rps,tier=edge,0.0
1783664750,rps,tier=edge,0.0
1783664760,rps,tier=edge,0.0
1783664770,rps,tier=edge,0.0
1783664780,rps,tier=edge,0.0
1783664790,rps,tier=edge,0.0
1783664800,rps,tier=edge,0.0
1783664810,rps,tier=edge,0.0
1783664820,rps,tier=edge,0.0
1783664830,rps,tier=edge,0.0
1783664840,rps,tier=edge,0.0
1783664850,rps,tier=edge,0.0
1783664860,rps,tier=edge,0.0
1783664870,rps,tier=edge,0.0
1783664880,rps,tier=edge,0.0
1783664890,rps,tier=edge,0.0
1783664900,rps,tier=edge,0.0
1783664910,rps,tier=edge,0.0
1783664920,rps,tier=edge,0.0
1783664930,rps,tier=edge,0.0
1783664940,rps,tier=edge,0.0
1783664950,rps,tier=edge,0.0
1783664960,rps,tier=edge,0.0
1783664970,rps,tier=edge,0.0
1783664980,rps,tier=edge,0.0
1783664990,rps,tier=edge,0.0
1783665000,rps,tier=edge,0.0
1783665010,rps,tier=edge,0.0
1783665020,rps,tier=edge,0.0
1783665030,rps,tier=edge,0.0
1783665040,rps,tier=edge,0.0
1783665050,rps,tier=edge,0.0
1783665060,rps,tier=edge,0.0
1783665070,rps,tier=edge,0.0
1783665080,rps,tier=edge,0.0
1783665090,rps,tier=edge,0.0
1783665100,rps,tier=edge,0.0
1783665110,rps,tier=edge,0.0
1783665120,rps,tier=edge,0.0
1783665130,rps,tier=edge,0.0
1783665140,rps,tier=edge,0.0
1783665150,rps,tier=edge,0.0
1783665160,rps,tier=edge,0.0
1783665170,rps,tier=edge,0.0
1783665180,rps,tier=edge,0.0
1783665190,rps,tier=edge,0.0
1783665200,rps,tier=edge,0.0
1783665210,rps,tier=edge,0.0
1783665220,rps,tier=edge,0.0
1783665230,rps,tier=edge,0.0
1783665240,rps,tier=edge,0.0
1783665250,rps,tier=edge,0.0
1783665260,rps,tier=edge,0.0
1783665270,rps,tier=edge,0.0
1783664640,lat50_ms,tier=cloud,5.794332682928237
1783664650,lat50_ms,tier=cloud,3.4854621910380987
1783664660,lat50_ms,tier=cloud,3.441011235955056
1783664670,lat50_ms,tier=cloud,3.374365465191001
1783664680,lat50_ms,tier=cloud,3.4389341228719466
1783664690,lat50_ms,tier=cloud,3.6302301232997087
1783664700,lat50_ms,tier=cloud,3.659743255162005
1783664710,lat50_ms,tier=cloud,3.7603017991874634
1783664720,lat50_ms,tier=cloud,3.973467862481315
1783664730,lat50_ms,tier=cloud,4.241531990259021
1783664740,lat50_ms,tier=cloud,4.519312009656005
1783664750,lat50_ms,tier=cloud,4.895216628241439
1783664760,lat50_ms,tier=cloud,5.848358358655631
1783664770,lat50_ms,tier=cloud,7.05922865013774
1783664780,lat50_ms,tier=cloud,8.152206100088835
1783664790,lat50_ms,tier=cloud,9.64675433687745
1783664800,lat50_ms,tier=cloud,11.22559114103033
1783664810,lat50_ms,tier=cloud,13.006932740913633
1783664820,lat50_ms,tier=cloud,14.399477806788513
1783664830,lat50_ms,tier=cloud,15.931255946717414
1783664840,lat50_ms,tier=cloud,18.53793740970174
1783664850,lat50_ms,tier=cloud,24.92257067099137
1783664860,lat50_ms,tier=cloud,30.813398743397983
1783664870,lat50_ms,tier=cloud,35.830842557406676
1783664880,lat50_ms,tier=cloud,39.68843316653979
1783664890,lat50_ms,tier=cloud,43.717951209625284
1783664900,lat50_ms,tier=cloud,46.89683176330081
1783664910,lat50_ms,tier=cloud,49.999353224415344
1783664920,lat50_ms,tier=cloud,51.94038056462441
1783664930,lat50_ms,tier=cloud,53.838511407995526
1783664940,lat50_ms,tier=cloud,55.23539346737961
1783664950,lat50_ms,tier=cloud,57.12596681166208
1783664960,lat50_ms,tier=cloud,57.864116746863935
1783664970,lat50_ms,tier=cloud,57.223122476335234
1783664980,lat50_ms,tier=cloud,56.07767940552592
1783664990,lat50_ms,tier=cloud,55.60056991554503
1783665000,lat50_ms,tier=cloud,53.802112539033054
1783665010,lat50_ms,tier=cloud,52.15143631902607
1783665020,lat50_ms,tier=cloud,50.08648852888602
1783665030,lat50_ms,tier=cloud,47.519657043503344
1783665040,lat50_ms,tier=cloud,44.54973297772914
1783665050,lat50_ms,tier=cloud,41.82823482156166
1783665060,lat50_ms,tier=cloud,38.94707070521866
1783665070,lat50_ms,tier=cloud,35.869834742091655
1783665080,lat50_ms,tier=cloud,32.73910931645308
1783665090,lat50_ms,tier=cloud,29.80247558574127
1783665100,lat50_ms,tier=cloud,27.63791812281578
1783665110,lat50_ms,tier=cloud,26.665979643762736
1783665120,lat50_ms,tier=cloud,26.371244049639618
1783665130,lat50_ms,tier=cloud,26.481954647077615
1783665140,lat50_ms,tier=cloud,26.260490744961242
1783665150,lat50_ms,tier=cloud,26.399693736355307
1783665160,lat50_ms,tier=cloud,26.18516989957353
1783665170,lat50_ms,tier=cloud,25.972843782386672
1783665180,lat50_ms,tier=cloud,26.365900223662315
1783665190,lat50_ms,tier=cloud,26.368344036791147
1783665200,lat50_ms,tier=cloud,26.063700987071343
1783665210,lat50_ms,tier=cloud,24.668296792705885
1783665220,lat50_ms,tier=cloud,24.3331437885746
1783665230,lat50_ms,tier=cloud,24.3883302187438
1783665240,lat50_ms,tier=cloud,24.240476951933754
1783665250,lat50_ms,tier=cloud,24.008893976752375
1783665260,lat50_ms,tier=cloud,22.780023310032107
1783665270,lat50_ms,tier=cloud,21.512900477490096
1783664640,lat95_ms,tier=cloud,18.362915219414013
1783664650,lat95_ms,tier=cloud,4.8485462191038105
1783664660,lat95_ms,tier=cloud,4.844101123595506
1783664670,lat95_ms,tier=cloud,4.84428936670188
1783664680,lat95_ms,tier=cloud,4.97779422649889
1783664690,lat95_ms,tier=cloud,8.255319126299943
1783664700,lat95_ms,tier=cloud,8.775096760292984
1783664710,lat95_ms,tier=cloud,9.145905420991927
1783664720,lat95_ms,tier=cloud,9.782996632996634
1783664730,lat95_ms,tier=cloud,15.12242268041235
1783664740,lat95_ms,tier=cloud,17.3107213765718
1783664750,lat95_ms,tier=cloud,18.790859961159068
1783664760,lat95_ms,tier=cloud,19.929044321312805
1783664770,lat95_ms,tier=cloud,34.66245006657788
1783664780,lat95_ms,tier=cloud,35.42376681614346
1783664790,lat95_ms,tier=cloud,40.42330776925642
1783664800,lat95_ms,tier=cloud,42.92992430346436
1783664810,lat95_ms,tier=cloud,44.57311396327309
1783664820,lat95_ms,tier=cloud,45.23098573111664
1783664830,lat95_ms,tier=cloud,45.92702561421851
1783664840,lat95_ms,tier=cloud,48.37361159160267
1783664850,lat95_ms,tier=cloud,68.85719992441115
1783664860,lat95_ms,tier=cloud,83.43776145544936
1783664870,lat95_ms,tier=cloud,91.5977930286609
1783664880,lat95_ms,tier=cloud,93.54618739385101
1783664890,lat95_ms,tier=cloud,95.19148945437898
1783664900,lat95_ms,tier=cloud,96.17702303962133
1783664910,lat95_ms,tier=cloud,96.85340232427085
1783664920,lat95_ms,tier=cloud,97.2380870520898
1783664930,lat95_ms,tier=cloud,97.7577540196987
1783664940,lat95_ms,tier=cloud,98.19449968019738
1783664950,lat95_ms,tier=cloud,98.35984494587616
1783664960,lat95_ms,tier=cloud,98.72481656868536
1783664970,lat95_ms,tier=cloud,98.56644308371412
1783664980,lat95_ms,tier=cloud,98.12447262995947
1783664990,lat95_ms,tier=cloud,98.02663436853607
1783665000,lat95_ms,tier=cloud,97.64350111713225
1783665010,lat95_ms,tier=cloud,97.2905337488866
1783665020,lat95_ms,tier=cloud,96.86384561415106
1783665030,lat95_ms,tier=cloud,96.43766815130306
1783665040,lat95_ms,tier=cloud,95.50024574285379
1783665050,lat95_ms,tier=cloud,94.09564278135691
1783665060,lat95_ms,tier=cloud,92.49399819353987
1783665070,lat95_ms,tier=cloud,86.82943695096523
1783665080,lat95_ms,tier=cloud,76.84129331130208
1783665090,lat95_ms,tier=cloud,69.48153862523938
1783665100,lat95_ms,tier=cloud,49.37911882176735
1783665110,lat95_ms,tier=cloud,47.98876215027355
1783665120,lat95_ms,tier=cloud,47.88205041403529
1783665130,lat95_ms,tier=cloud,47.89211570926678
1783665140,lat95_ms,tier=cloud,47.89995850869509
1783665150,lat95_ms,tier=cloud,47.89109190389178
1783665160,lat95_ms,tier=cloud,47.768331269775764
1783665170,lat95_ms,tier=cloud,47.723196254289356
1783665180,lat95_ms,tier=cloud,47.762062709049
1783665190,lat95_ms,tier=cloud,47.737851879096574
1783665200,lat95_ms,tier=cloud,47.71131891665095
1783665210,lat95_ms,tier=cloud,47.546627019359256
1783665220,lat95_ms,tier=cloud,47.48720343392977
1783665230,lat95_ms,tier=cloud,47.499211869546045
1783665240,lat95_ms,tier=cloud,47.49325236914739
1783665250,lat95_ms,tier=cloud,47.415154984149346
1783665260,lat95_ms,tier=cloud,47.29574214984289
1783665270,lat95_ms,tier=cloud,47.17426877115327
1783664640,lat99_ms,tier=cloud,19.6725830438828
1783664650,lat99_ms,tier=cloud,4.969709243820763
1783664660,lat99_ms,tier=cloud,4.968820224719101
1783664670,lat99_ms,tier=cloud,4.974949269058404
1783664680,lat99_ms,tier=cloud,8.85074626865672
1783664690,lat99_ms,tier=cloud,9.724012174693808
1783664700,lat99_ms,tier=cloud,12.712501572076869
1783664710,lat99_ms,tier=cloud,14.70888888888889
1783664720,lat99_ms,tier=cloud,17.476016260162595
1783664730,lat99_ms,tier=cloud,19.14819587628866
1783664740,lat99_ms,tier=cloud,19.848643282594306
1783664750,lat99_ms,tier=cloud,35.834576100833665
1783664760,lat99_ms,tier=cloud,43.7511599937439
1783664770,lat99_ms,tier=cloud,46.93249001331558
1783664780,lat99_ms,tier=cloud,47.08475336322871
1783664790,lat99_ms,tier=cloud,48.0846615538513
1783664800,lat99_ms,tier=cloud,48.58598486069286
1783664810,lat99_ms,tier=cloud,48.914622792654626
1783664820,lat99_ms,tier=cloud,49.04619714622333
1783664830,lat99_ms,tier=cloud,49.18540512284371
1783664840,lat99_ms,tier=cloud,66.08574250228475
1783664850,lat99_ms,tier=cloud,89.85638201295006
1783664860,lat99_ms,tier=cloud,99.52878438656103
1783664870,lat99_ms,tier=cloud,119.12757372831327
1783664880,lat99_ms,tier=cloud,124.67099617222127
1783664890,lat99_ms,tier=cloud,128.05879674162628
1783664900,lat99_ms,tier=cloud,130.7486395940696
1783664910,lat99_ms,tier=cloud,132.5193863051979
1783664920,lat99_ms,tier=cloud,133.51098015702604
1783664930,lat99_ms,tier=cloud,134.88099181523305
1783664940,lat99_ms,tier=cloud,136.03157938779032
1783664950,lat99_ms,tier=cloud,136.23866328383002
1783664960,lat99_ms,tier=cloud,137.0680123223988
1783664970,lat99_ms,tier=cloud,136.58504438565038
1783664980,lat99_ms,tier=cloud,135.12932519848346
1783664990,lat99_ms,tier=cloud,134.92534503096638
1783665000,lat99_ms,tier=cloud,134.0288483797731
1783665010,lat99_ms,tier=cloud,133.04446875912086
1783665020,lat99_ms,tier=cloud,131.80634845210633
1783665030,lat99_ms,tier=cloud,130.48343896640543
1783665040,lat99_ms,tier=cloud,127.16981778748121
1783665050,lat99_ms,tier=cloud,120.50577464308556
1783665060,lat99_ms,tier=cloud,116.02860457440714
1783665070,lat99_ms,tier=cloud,99.88840796404658
1783665080,lat99_ms,tier=cloud,98.03803010094613
1783665090,lat99_ms,tier=cloud,94.74974593495932
1783665100,lat99_ms,tier=cloud,68.76625000000003
1783665110,lat99_ms,tier=cloud,49.884120595296736
1783665120,lat99_ms,tier=cloud,49.794122090870474
1783665130,lat99_ms,tier=cloud,49.79524113701693
1783665140,lat99_ms,tier=cloud,49.82346675436032
1783665150,lat99_ms,tier=cloud,49.801438407672805
1783665160,lat99_ms,tier=cloud,49.68683450268263
1783665170,lat99_ms,tier=cloud,49.656560918458496
1783665180,lat99_ms,tier=cloud,49.663943818861135
1783665190,lat99_ms,tier=cloud,49.63736368730151
1783665200,lat99_ms,tier=cloud,49.63555162150247
1783665210,lat99_ms,tier=cloud,49.58025637283957
1783665220,lat99_ms,tier=cloud,49.54534206907246
1783665230,lat99_ms,tier=cloud,49.55351246072847
1783665240,lat99_ms,tier=cloud,49.560165739566386
1783665250,lat99_ms,tier=cloud,49.4957115181402
1783665260,lat99_ms,tier=cloud,49.47491715782606
1783665270,lat99_ms,tier=cloud,49.45527928614554
1783664640,inflight,tier=cloud,0.0
1783664650,inflight,tier=cloud,0.0
1783664660,inflight,tier=cloud,0.0
1783664670,inflight,tier=cloud,0.0
1783664680,inflight,tier=cloud,0.0
1783664690,inflight,tier=cloud,0.0
1783664700,inflight,tier=cloud,0.0
1783664710,inflight,tier=cloud,1.0
1783664720,inflight,tier=cloud,0.0
1783664730,inflight,tier=cloud,0.0
1783664740,inflight,tier=cloud,0.0
1783664750,inflight,tier=cloud,0.0
1783664760,inflight,tier=cloud,1.0
1783664770,inflight,tier=cloud,2.0
1783664780,inflight,tier=cloud,0.0
1783664790,inflight,tier=cloud,6.0
1783664800,inflight,tier=cloud,0.0
1783664810,inflight,tier=cloud,0.0
1783664820,inflight,tier=cloud,0.0
1783664830,inflight,tier=cloud,8.0
1783664840,inflight,tier=cloud,22.0
1783664850,inflight,tier=cloud,17.0
1783664860,inflight,tier=cloud,1.0
1783664870,inflight,tier=cloud,92.0
1783664880,inflight,tier=cloud,34.0
1783664890,inflight,tier=cloud,70.0
1783664900,inflight,tier=cloud,23.0
1783664910,inflight,tier=cloud,34.0
1783664920,inflight,tier=cloud,23.0
1783664930,inflight,tier=cloud,2.0
1783664940,inflight,tier=cloud,0.0
1783664950,inflight,tier=cloud,77.0
1783664960,inflight,tier=cloud,56.0
1783664970,inflight,tier=cloud,17.0
1783664980,inflight,tier=cloud,27.0
1783664990,inflight,tier=cloud,18.0
1783665000,inflight,tier=cloud,7.0
1783665010,inflight,tier=cloud,0.0
1783665020,inflight,tier=cloud,0.0
1783665030,inflight,tier=cloud,0.0
1783665040,inflight,tier=cloud,6.0
1783665050,inflight,tier=cloud,0.0
1783665060,inflight,tier=cloud,0.0
1783665070,inflight,tier=cloud,7.0
1783665080,inflight,tier=cloud,0.0
1783665090,inflight,tier=cloud,0.0
1783665100,inflight,tier=cloud,0.0
1783665110,inflight,tier=cloud,5.0
1783665120,inflight,tier=cloud,0.0
1783665130,inflight,tier=cloud,2.0
1783665140,inflight,tier=cloud,0.0
1783665150,inflight,tier=cloud,0.0
1783665160,inflight,tier=cloud,0.0
1783665170,inflight,tier=cloud,0.0
1783665180,inflight,tier=cloud,10.0
1783665190,inflight,tier=cloud,9.0
1783665200,inflight,tier=cloud,0.0
1783665210,inflight,tier=cloud,0.0
1783665220,inflight,tier=cloud,0.0
1783665230,inflight,tier=cloud,0.0
1783665240,inflight,tier=cloud,0.0
1783665250,inflight,tier=cloud,0.0
1783665260,inflight,tier=cloud,0.0
1783665270,inflight,tier=cloud,0.0
1783664640,inflight,tier=edge,0.0
1783664650,inflight,tier=edge,0.0
1783664660,inflight,tier=edge,0.0
1783664670,inflight,tier=edge,0.0
1783664680,inflight,tier=edge,0.0
1783664690,inflight,tier=edge,0.0
1783664700,inflight,tier=edge,0.0
1783664710,inflight,tier=edge,0.0
1783664720,inflight,tier=edge,0.0
1783664730,inflight,tier=edge,0.0
1783664740,inflight,tier=edge,0.0
1783664750,inflight,tier=edge,0.0
1783664760,inflight,tier=edge,0.0
1783664770,inflight,tier=edge,0.0
1783664780,inflight,tier=edge,0.0
1783664790,inflight,tier=edge,0.0
1783664800,inflight,tier=edge,0.0
1783664810,inflight,tier=edge,0.0
1783664820,inflight,tier=edge,0.0
1783664830,inflight,tier=edge,0.0
1783664840,inflight,tier=edge,0.0
1783664850,inflight,tier=edge,0.0
1783664860,inflight,tier=edge,0.0
1783664870,inflight,tier=edge,0.0
1783664880,inflight,tier=edge,0.0
1783664890,inflight,tier=edge,0.0
1783664900,inflight,tier=edge,0.0
1783664910,inflight,tier=edge,0.0
1783664920,inflight,tier=edge,0.0
1783664930,inflight,tier=edge,0.0
1783664940,inflight,tier=edge,0.0
1783664950,inflight,tier=edge,0.0
1783664960,inflight,tier=edge,0.0
1783664970,inflight,tier=edge,0.0
1783664980,inflight,tier=edge,0.0
1783664990,inflight,tier=edge,0.0
1783665000,inflight,tier=edge,0.0
1783665010,inflight,tier=edge,0.0
1783665020,inflight,tier=edge,0.0
1783665030,inflight,tier=edge,0.0
1783665040,inflight,tier=edge,0.0
1783665050,inflight,tier=edge,0.0
1783665060,inflight,tier=edge,0.0
1783665070,inflight,tier=edge,0.0
1783665080,inflight,tier=edge,0.0
1783665090,inflight,tier=edge,0.0
1783665100,inflight,tier=edge,0.0
1783665110,inflight,tier=edge,0.0
1783665120,inflight,tier=edge,0.0
1783665130,inflight,tier=edge,0.0
1783665140,inflight,tier=edge,0.0
1783665150,inflight,tier=edge,0.0
1783665160,inflight,tier=edge,0.0
1783665170,inflight,tier=edge,0.0
1783665180,inflight,tier=edge,0.0
1783665190,inflight,tier=edge,0.0
1783665200,inflight,tier=edge,0.0
1783665210,inflight,tier=edge,0.0
1783665220,inflight,tier=edge,0.0
1783665230,inflight,tier=edge,0.0
1783665240,inflight,tier=edge,0.0
1783665250,inflight,tier=edge,0.0
1783665260,inflight,tier=edge,0.0
1783665270,inflight,tier=edge,0.0
